ts,t,experiment_id,session_id,device_id,statusword,statusword_flags,mode_display,error_code,position,velocity,current,current_A,torque,torque_Nm,dc_bus_voltage,drive_temp,rated_current,rated_torque,max_motor_speed,target_position,target_velocity,target_torque,acceleration_cmd,deceleration_cmd,regime_label,risk_label,is_artificial_anomaly,load_type,direction,operator_comment,software_version
1781172856.7277942,0.0,B4_REVERSAL,B4_REVERSAL_R02_20260611_171416,delta-asda-b3-e,1591,RTSO|SO|OE|VE|QS|TR,3,0,442678,544,27,0.11529,24,0.057384,305,47,4270,2391,6000,,600,,,,reversal,transition,0,no_load,both,B4: reversal,servo-app/lab-0.1
1781172856.8285606,0.10076642036437988,B4_REVERSAL,B4_REVERSAL_R02_20260611_171416,delta-asda-b3-e,1591,RTSO|SO|OE|VE|QS|TR,3,0,2139535,599,19,0.08113,18,0.043038,305,47,4270,2391,6000,,600,,,,reversal,transition,0,no_load,both,B4: reversal,servo-app/lab-0.1
1781172856.9288979,0.20110368728637695,B4_REVERSAL,B4_REVERSAL_R02_20260611_171416,delta-asda-b3-e,1591,RTSO|SO|OE|VE|QS|TR,3,0,3833569,599,22,0.09394,25,0.059775,305,47,4270,2391,6000,,600,,,,reversal,transition,0,no_load,both,B4: reversal,servo-app/lab-0.1
1781172857.0290818,0.3012876510620117,B4_REVERSAL,B4_REVERSAL_R02_20260611_171416,delta-asda-b3-e,1591,RTSO|SO|OE|VE|QS|TR,3,0,5511481,599,20,0.0854,19,0.045429,305,47,4270,2391,6000,,600,,,,reversal,transition,0,no_load,both,B4: reversal,servo-app/lab-0.1
1781172857.1294656,0.4016714096069336,B4_REVERSAL,B4_REVERSAL_R02_20260611_171416,delta-asda-b3-e,1591,RTSO|SO|OE|VE|QS|TR,3,0,7171939,598,23,0.09821,25,0.059775,305,47,4270,2391,6000,,600,,,,reversal,transition,0,no_load,both,B4: reversal,servo-app/lab-0.1
1781172857.2296057,0.5018115043640137,B4_REVERSAL,B4_REVERSAL_R02_20260611_171416,delta-asda-b3-e,1591,RTSO|SO|OE|VE|QS|TR,3,0,8883460,599,18,0.07686,23,0.054993,305,48,4270,2391,6000,,600,,,,reversal,transition,0,no_load,both,B4: reversal,servo-app/lab-0.1
1781172857.3296955,0.6019012928009033,B4_REVERSAL,B4_REVERSAL_R02_20260611_171416,delta-asda-b3-e,1591,RTSO|SO|OE|VE|QS|TR,3,0,10561059,600,16,0.06832,19,0.045429,305,47,4270,2391,6000,,600,,,,reversal,transition,0,no_load,both,B4: reversal,servo-app/lab-0.1
1781172857.4299216,0.7021274566650391,B4_REVERSAL,B4_REVERSAL_R02_20260611_171416,delta-asda-b3-e,1591,RTSO|SO|OE|VE|QS|TR,3,0,12239171,599,15,0.06405,17,0.040647,305,47,4270,2391,6000,,600,,,,reversal,transition,0,no_load,both,B4: reversal,servo-app/lab-0.1
1781172857.5299456,0.8021514415740967,B4_REVERSAL,B4_REVERSAL_R02_20260611_171416,delta-asda-b3-e,1591,RTSO|SO|OE|VE|QS|TR,3,0,13899546,599,23,0.09821,22,0.052602,305,47,4270,2391,6000,,600,,,,reversal,transition,0,no_load,both,B4: reversal,servo-app/lab-0.1
1781172857.6304836,0.9026894569396973,B4_REVERSAL,B4_REVERSAL_R02_20260611_171416,delta-asda-b3-e,1591,RTSO|SO|OE|VE|QS|TR,3,0,15611176,599,20,0.0854,18,0.043038,305,47,4270,2391,6000,,600,,,,reversal,transition,0,no_load,both,B4: reversal,servo-app/lab-0.1
1781172857.7308445,1.0030503273010254,B4_REVERSAL,B4_REVERSAL_R02_20260611_171416,delta-asda-b3-e,1591,RTSO|SO|OE|VE|QS|TR,3,0,17288491,599,26,0.11102,27,0.064557,305,48,4270,2391,6000,,600,,,,reversal,transition,0,no_load,both,B4: reversal,servo-app/lab-0.1
1781172857.831452,1.1036577224731445,B4_REVERSAL,B4_REVERSAL_R02_20260611_171416,delta-asda-b3-e,1591,RTSO|SO|OE|VE|QS|TR,3,0,18983669,600,17,0.07259,18,0.043038,305,47,4270,2391,6000,,600,,,,reversal,transition,0,no_load,both,B4: reversal,servo-app/lab-0.1
1781172857.9318087,1.204014539718628,B4_REVERSAL,B4_REVERSAL_R02_20260611_171416,delta-asda-b3-e,1591,RTSO|SO|OE|VE|QS|TR,3,0,20627193,599,26,0.11102,24,0.057384,305,47,4270,2391,6000,,600,,,,reversal,transition,0,no_load,both,B4: reversal,servo-app/lab-0.1
1781172858.0321264,1.3043322563171387,B4_REVERSAL,B4_REVERSAL_R02_20260611_171416,delta-asda-b3-e,1591,RTSO|SO|OE|VE|QS|TR,3,0,22338694,599,22,0.09394,16,0.038256,305,47,4270,2391,6000,,600,,,,reversal,transition,0,no_load,both,B4: reversal,servo-app/lab-0.1
1781172858.1323428,1.4045486450195312,B4_REVERSAL,B4_REVERSAL_R02_20260611_171416,delta-asda-b3-e,1591,RTSO|SO|OE|VE|QS|TR,3,0,24015833,599,21,0.08967,18,0.043038,305,47,4270,2391,6000,,600,,,,reversal,transition,0,no_load,both,B4: reversal,servo-app/lab-0.1
1781172858.233101,1.5053067207336426,B4_REVERSAL,B4_REVERSAL_R02_20260611_171416,delta-asda-b3-e,1591,RTSO|SO|OE|VE|QS|TR,3,0,25710591,600,18,0.07686,19,0.045429,305,47,4270,2391,6000,,600,,,,reversal,transition,0,no_load,both,B4: reversal,servo-app/lab-0.1
1781172858.3335245,1.6057302951812744,B4_REVERSAL,B4_REVERSAL_R02_20260611_171416,delta-asda-b3-e,1591,RTSO|SO|OE|VE|QS|TR,3,0,27404963,600,23,0.09821,18,0.043038,305,47,4270,2391,6000,,600,,,,reversal,transition,0,no_load,both,B4: reversal,servo-app/lab-0.1
1781172858.4335527,1.7057585716247559,B4_REVERSAL,B4_REVERSAL_R02_20260611_171416,delta-asda-b3-e,1591,RTSO|SO|OE|VE|QS|TR,3,0,29066119,599,18,0.07686,17,0.040647,305,47,4270,2391,6000,,600,,,,reversal,transition,0,no_load,both,B4: reversal,servo-app/lab-0.1
1781172858.5339544,1.8061602115631104,B4_REVERSAL,B4_REVERSAL_R02_20260611_171416,delta-asda-b3-e,1591,RTSO|SO|OE|VE|QS|TR,3,0,30760209,600,18,0.07686,19,0.045429,305,47,4270,2391,6000,,600,,,,reversal,transition,0,no_load,both,B4: reversal,servo-app/lab-0.1
1781172858.6343613,1.906567096710205,B4_REVERSAL,B4_REVERSAL_R02_20260611_171416,delta-asda-b3-e,1591,RTSO|SO|OE|VE|QS|TR,3,0,32421360,599,16,0.06832,17,0.040647,305,47,4270,2391,6000,,600,,,,reversal,transition,0,no_load,both,B4: reversal,servo-app/lab-0.1
1781172858.7348905,2.007096290588379,B4_REVERSAL,B4_REVERSAL_R02_20260611_171416,delta-asda-b3-e,1591,RTSO|SO|OE|VE|QS|TR,3,0,34115529,600,20,0.0854,24,0.057384,305,47,4270,2391,6000,,600,,,,reversal,transition,0,no_load,both,B4: reversal,servo-app/lab-0.1
1781172858.8351967,2.1074025630950928,B4_REVERSAL,B4_REVERSAL_R02_20260611_171416,delta-asda-b3-e,1591,RTSO|SO|OE|VE|QS|TR,3,0,35810644,600,16,0.06832,20,0.04782,305,47,4270,2391,6000,,600,,,,reversal,transition,0,no_load,both,B4: reversal,servo-app/lab-0.1
1781172858.9356728,2.207878589630127,B4_REVERSAL,B4_REVERSAL_R02_20260611_171416,delta-asda-b3-e,1591,RTSO|SO|OE|VE|QS|TR,3,0,37504543,600,21,0.08967,23,0.054993,305,47,4270,2391,6000,,600,,,,reversal,transition,0,no_load,both,B4: reversal,servo-app/lab-0.1
1781172859.0360508,2.3082566261291504,B4_REVERSAL,B4_REVERSAL_R02_20260611_171416,delta-asda-b3-e,1591,RTSO|SO|OE|VE|QS|TR,3,0,39182543,600,17,0.07259,19,0.045429,305,47,4270,2391,6000,,600,,,,reversal,transition,0,no_load,both,B4: reversal,servo-app/lab-0.1
1781172859.1362646,2.408470392227173,B4_REVERSAL,B4_REVERSAL_R02_20260611_171416,delta-asda-b3-e,1591,RTSO|SO|OE|VE|QS|TR,3,0,40842869,599,20,0.0854,18,0.043038,305,47,4270,2391,6000,,600,,,,reversal,transition,0,no_load,both,B4: reversal,servo-app/lab-0.1
1781172859.2363138,2.5085196495056152,B4_REVERSAL,B4_REVERSAL_R02_20260611_171416,delta-asda-b3-e,1591,RTSO|SO|OE|VE|QS|TR,3,0,42537753,600,17,0.07259,17,0.040647,305,47,4270,2391,6000,,600,,,,reversal,transition,0,no_load,both,B4: reversal,servo-app/lab-0.1
1781172859.336441,2.608646869659424,B4_REVERSAL,B4_REVERSAL_R02_20260611_171416,delta-asda-b3-e,1591,RTSO|SO|OE|VE|QS|TR,3,0,44198472,600,20,0.0854,17,0.040647,305,47,4270,2391,6000,,600,,,,reversal,transition,0,no_load,both,B4: reversal,servo-app/lab-0.1
1781172859.4364958,2.7087016105651855,B4_REVERSAL,B4_REVERSAL_R02_20260611_171416,delta-asda-b3-e,1591,RTSO|SO|OE|VE|QS|TR,3,0,45893227,600,18,0.07686,19,0.045429,305,47,4270,2391,6000,,600,,,,reversal,transition,0,no_load,both,B4: reversal,servo-app/lab-0.1
1781172859.5368884,2.809094190597534,B4_REVERSAL,B4_REVERSAL_R02_20260611_171416,delta-asda-b3-e,1591,RTSO|SO|OE|VE|QS|TR,3,0,47587345,600,16,0.06832,17,0.040647,305,47,4270,2391,6000,,600,,,,reversal,transition,0,no_load,both,B4: reversal,servo-app/lab-0.1
1781172859.6373148,2.9095206260681152,B4_REVERSAL,B4_REVERSAL_R02_20260611_171416,delta-asda-b3-e,1591,RTSO|SO|OE|VE|QS|TR,3,0,49248445,600,18,0.07686,19,0.045429,305,47,4270,2391,6000,,600,,,,reversal,transition,0,no_load,both,B4: reversal,servo-app/lab-0.1
1781172859.737482,3.009687900543213,B4_REVERSAL,B4_REVERSAL_R02_20260611_171416,delta-asda-b3-e,1591,RTSO|SO|OE|VE|QS|TR,3,0,50942727,600,17,0.07259,21,0.050211,305,47,4270,2391,6000,,600,,,,reversal,transition,0,no_load,both,B4: reversal,servo-app/lab-0.1
1781172859.8378625,3.1100683212280273,B4_REVERSAL,B4_REVERSAL_R02_20260611_171416,delta-asda-b3-e,1591,RTSO|SO|OE|VE|QS|TR,3,0,52620957,600,18,0.07686,18,0.043038,306,47,4270,2391,6000,,600,,,,reversal,transition,0,no_load,both,B4: reversal,servo-app/lab-0.1
1781172859.9378996,3.2101054191589355,B4_REVERSAL,B4_REVERSAL_R02_20260611_171416,delta-asda-b3-e,1591,RTSO|SO|OE|VE|QS|TR,3,0,54314819,600,18,0.07686,21,0.050211,306,47,4270,2391,6000,,600,,,,reversal,transition,0,no_load,both,B4: reversal,servo-app/lab-0.1
1781172860.0384135,3.310619354248047,B4_REVERSAL,B4_REVERSAL_R02_20260611_171416,delta-asda-b3-e,1591,RTSO|SO|OE|VE|QS|TR,3,0,55976013,600,18,0.07686,18,0.043038,305,47,4270,2391,6000,,600,,,,reversal,transition,0,no_load,both,B4: reversal,servo-app/lab-0.1
1781172860.1391408,3.411346673965454,B4_REVERSAL,B4_REVERSAL_R02_20260611_171416,delta-asda-b3-e,1591,RTSO|SO|OE|VE|QS|TR,3,0,57686796,600,25,0.10675,21,0.050211,305,47,4270,2391,6000,,600,,,,reversal,transition,0,no_load,both,B4: reversal,servo-app/lab-0.1
1781172860.2391794,3.511385202407837,B4_REVERSAL,B4_REVERSAL_R02_20260611_171416,delta-asda-b3-e,1591,RTSO|SO|OE|VE|QS|TR,3,0,59364887,601,18,0.07686,17,0.040647,305,47,4270,2391,6000,,600,,,,reversal,transition,0,no_load,both,B4: reversal,servo-app/lab-0.1
1781172860.3394568,3.6116626262664795,B4_REVERSAL,B4_REVERSAL_R02_20260611_171416,delta-asda-b3-e,1591,RTSO|SO|OE|VE|QS|TR,3,0,61025540,601,22,0.09394,18,0.043038,305,47,4270,2391,6000,,600,,,,reversal,transition,0,no_load,both,B4: reversal,servo-app/lab-0.1
1781172860.4401155,3.7123212814331055,B4_REVERSAL,B4_REVERSAL_R02_20260611_171416,delta-asda-b3-e,1591,RTSO|SO|OE|VE|QS|TR,3,0,62720248,600,23,0.09821,18,0.043038,305,47,4270,2391,6000,,600,,,,reversal,transition,0,no_load,both,B4: reversal,servo-app/lab-0.1
1781172860.5406227,3.812828540802002,B4_REVERSAL,B4_REVERSAL_R02_20260611_171416,delta-asda-b3-e,1591,RTSO|SO|OE|VE|QS|TR,3,0,64431207,600,18,0.07686,15,0.035865,305,47,4270,2391,6000,,600,,,,reversal,transition,0,no_load,both,B4: reversal,servo-app/lab-0.1
1781172860.640752,3.9129579067230225,B4_REVERSAL,B4_REVERSAL_R02_20260611_171416,delta-asda-b3-e,1591,RTSO|SO|OE|VE|QS|TR,3,0,66075440,600,18,0.07686,18,0.043038,305,47,4270,2391,6000,,600,,,,reversal,transition,0,no_load,both,B4: reversal,servo-app/lab-0.1
1781172860.740807,4.013012886047363,B4_REVERSAL,B4_REVERSAL_R02_20260611_171416,delta-asda-b3-e,1591,RTSO|SO|OE|VE|QS|TR,3,0,67786690,601,16,0.06832,15,0.035865,305,47,4270,2391,6000,,600,,,,reversal,transition,0,no_load,both,B4: reversal,servo-app/lab-0.1
1781172860.8413053,4.113511085510254,B4_REVERSAL,B4_REVERSAL_R02_20260611_171416,delta-asda-b3-e,1591,RTSO|SO|OE|VE|QS|TR,3,0,69431153,600,16,0.06832,16,0.038256,306,47,4270,2391,6000,,600,,,,reversal,transition,0,no_load,both,B4: reversal,servo-app/lab-0.1
1781172860.94154,4.213745832443237,B4_REVERSAL,B4_REVERSAL_R02_20260611_171416,delta-asda-b3-e,1591,RTSO|SO|OE|VE|QS|TR,3,0,71141907,600,19,0.08113,23,0.054993,305,47,4270,2391,6000,,600,,,,reversal,transition,0,no_load,both,B4: reversal,servo-app/lab-0.1
1781172861.0420923,4.314298152923584,B4_REVERSAL,B4_REVERSAL_R02_20260611_171416,delta-asda-b3-e,1591,RTSO|SO|OE|VE|QS|TR,3,0,72819837,600,18,0.07686,20,0.04782,306,48,4270,2391,6000,,600,,,,reversal,transition,0,no_load,both,B4: reversal,servo-app/lab-0.1
1781172861.1422417,4.414447546005249,B4_REVERSAL,B4_REVERSAL_R02_20260611_171416,delta-asda-b3-e,1591,RTSO|SO|OE|VE|QS|TR,3,0,74480231,600,24,0.10248,18,0.043038,305,47,4270,2391,6000,,600,,,,reversal,transition,0,no_load,both,B4: reversal,servo-app/lab-0.1
1781172861.24276,4.514965772628784,B4_REVERSAL,B4_REVERSAL_R02_20260611_171416,delta-asda-b3-e,1591,RTSO|SO|OE|VE|QS|TR,3,0,76191925,601,19,0.08113,17,0.040647,306,47,4270,2391,6000,,600,,,,reversal,transition,0,no_load,both,B4: reversal,servo-app/lab-0.1
1781172861.343166,4.615371942520142,B4_REVERSAL,B4_REVERSAL_R02_20260611_171416,delta-asda-b3-e,1591,RTSO|SO|OE|VE|QS|TR,3,0,77886230,601,18,0.07686,25,0.059775,305,47,4270,2391,6000,,600,,,,reversal,transition,0,no_load,both,B4: reversal,servo-app/lab-0.1
1781172861.443307,4.715512752532959,B4_REVERSAL,B4_REVERSAL_R02_20260611_171416,delta-asda-b3-e,1591,RTSO|SO|OE|VE|QS|TR,3,0,79530428,600,20,0.0854,19,0.045429,305,47,4270,2391,6000,,600,,,,reversal,transition,0,no_load,both,B4: reversal,servo-app/lab-0.1
1781172861.543681,4.815886735916138,B4_REVERSAL,B4_REVERSAL_R02_20260611_171416,delta-asda-b3-e,1591,RTSO|SO|OE|VE|QS|TR,3,0,81241435,600,17,0.07259,16,0.038256,305,47,4270,2391,6000,,600,,,,reversal,transition,0,no_load,both,B4: reversal,servo-app/lab-0.1
1781172861.6440933,4.916299104690552,B4_REVERSAL,B4_REVERSAL_R02_20260611_171416,delta-asda-b3-e,1591,RTSO|SO|OE|VE|QS|TR,3,0,82919175,600,23,0.09821,24,0.057384,305,48,4270,2391,6000,,600,,,,reversal,transition,0,no_load,both,B4: reversal,servo-app/lab-0.1
1781172861.7442148,5.016420602798462,B4_REVERSAL,B4_REVERSAL_R02_20260611_171416,delta-asda-b3-e,567,RTSO|SO|OE|VE|QS,3,0,83631164,-476,-18,-0.07686,-25,-0.059775,305,47,4270,2391,6000,,600,,,,reversal,transition,0,no_load,both,B4: reversal,servo-app/lab-0.1
1781172861.8442736,5.116479396820068,B4_REVERSAL,B4_REVERSAL_R02_20260611_171416,delta-asda-b3-e,1591,RTSO|SO|OE|VE|QS|TR,3,0,81952454,-599,-18,-0.07686,-22,-0.052602,305,47,4270,2391,6000,,600,,,,reversal,transition,0,no_load,both,B4: reversal,servo-app/lab-0.1
1781172861.944639,5.216844797134399,B4_REVERSAL,B4_REVERSAL_R02_20260611_171416,delta-asda-b3-e,1591,RTSO|SO|OE|VE|QS|TR,3,0,80241387,-599,-23,-0.09821,-24,-0.057384,305,47,4270,2391,6000,,600,,,,reversal,transition,0,no_load,both,B4: reversal,servo-app/lab-0.1
1781172862.045052,5.317257881164551,B4_REVERSAL,B4_REVERSAL_R02_20260611_171416,delta-asda-b3-e,1591,RTSO|SO|OE|VE|QS|TR,3,0,78563649,-600,-20,-0.0854,-18,-0.043038,305,47,4270,2391,6000,,600,,,,reversal,transition,0,no_load,both,B4: reversal,servo-app/lab-0.1
1781172862.1454358,5.417641639709473,B4_REVERSAL,B4_REVERSAL_R02_20260611_171416,delta-asda-b3-e,1591,RTSO|SO|OE|VE|QS|TR,3,0,76902324,-599,-21,-0.08967,-20,-0.04782,305,48,4270,2391,6000,,600,,,,reversal,transition,0,no_load,both,B4: reversal,servo-app/lab-0.1
1781172862.2456572,5.517863035202026,B4_REVERSAL,B4_REVERSAL_R02_20260611_171416,delta-asda-b3-e,1591,RTSO|SO|OE|VE|QS|TR,3,0,75191342,-600,-20,-0.0854,-19,-0.045429,305,47,4270,2391,6000,,600,,,,reversal,transition,0,no_load,both,B4: reversal,servo-app/lab-0.1
1781172862.3461444,5.618350267410278,B4_REVERSAL,B4_REVERSAL_R02_20260611_171416,delta-asda-b3-e,1591,RTSO|SO|OE|VE|QS|TR,3,0,73513443,-599,-19,-0.08113,-21,-0.050211,305,47,4270,2391,6000,,600,,,,reversal,transition,0,no_load,both,B4: reversal,servo-app/lab-0.1
1781172862.446406,5.718611717224121,B4_REVERSAL,B4_REVERSAL_R02_20260611_171416,delta-asda-b3-e,1591,RTSO|SO|OE|VE|QS|TR,3,0,71853024,-599,-19,-0.08113,-22,-0.052602,305,47,4270,2391,6000,,600,,,,reversal,transition,0,no_load,both,B4: reversal,servo-app/lab-0.1
1781172862.5466921,5.81889796257019,B4_REVERSAL,B4_REVERSAL_R02_20260611_171416,delta-asda-b3-e,1591,RTSO|SO|OE|VE|QS|TR,3,0,70141178,-600,-21,-0.08967,-23,-0.054993,305,47,4270,2391,6000,,600,,,,reversal,transition,0,no_load,both,B4: reversal,servo-app/lab-0.1
1781172862.6469147,5.91912055015564,B4_REVERSAL,B4_REVERSAL_R02_20260611_171416,delta-asda-b3-e,1591,RTSO|SO|OE|VE|QS|TR,3,0,68480626,-599,-26,-0.11102,-21,-0.050211,305,47,4270,2391,6000,,600,,,,reversal,transition,0,no_load,both,B4: reversal,servo-app/lab-0.1
1781172862.747659,6.019864797592163,B4_REVERSAL,B4_REVERSAL_R02_20260611_171416,delta-asda-b3-e,1591,RTSO|SO|OE|VE|QS|TR,3,0,66768944,-600,-16,-0.06832,-18,-0.043038,305,48,4270,2391,6000,,600,,,,reversal,transition,0,no_load,both,B4: reversal,servo-app/lab-0.1
1781172862.8482978,6.120503664016724,B4_REVERSAL,B4_REVERSAL_R02_20260611_171416,delta-asda-b3-e,1591,RTSO|SO|OE|VE|QS|TR,3,0,65091499,-599,-23,-0.09821,-19,-0.045429,306,47,4270,2391,6000,,600,,,,reversal,transition,0,no_load,both,B4: reversal,servo-app/lab-0.1
1781172862.9486382,6.220844030380249,B4_REVERSAL,B4_REVERSAL_R02_20260611_171416,delta-asda-b3-e,1591,RTSO|SO|OE|VE|QS|TR,3,0,63396766,-600,-24,-0.10248,-25,-0.059775,305,47,4270,2391,6000,,600,,,,reversal,transition,0,no_load,both,B4: reversal,servo-app/lab-0.1
1781172863.048789,6.320994853973389,B4_REVERSAL,B4_REVERSAL_R02_20260611_171416,delta-asda-b3-e,1591,RTSO|SO|OE|VE|QS|TR,3,0,61735871,-600,-23,-0.09821,-25,-0.059775,305,47,4270,2391,6000,,600,,,,reversal,transition,0,no_load,both,B4: reversal,servo-app/lab-0.1
1781172863.1494634,6.421669244766235,B4_REVERSAL,B4_REVERSAL_R02_20260611_171416,delta-asda-b3-e,1591,RTSO|SO|OE|VE|QS|TR,3,0,60024237,-600,-21,-0.08967,-22,-0.052602,306,47,4270,2391,6000,,600,,,,reversal,transition,0,no_load,both,B4: reversal,servo-app/lab-0.1
1781172863.249599,6.5218048095703125,B4_REVERSAL,B4_REVERSAL_R02_20260611_171416,delta-asda-b3-e,1591,RTSO|SO|OE|VE|QS|TR,3,0,58363602,-600,-19,-0.08113,-19,-0.045429,305,47,4270,2391,6000,,600,,,,reversal,transition,0,no_load,both,B4: reversal,servo-app/lab-0.1
1781172863.349974,6.622179746627808,B4_REVERSAL,B4_REVERSAL_R02_20260611_171416,delta-asda-b3-e,1591,RTSO|SO|OE|VE|QS|TR,3,0,56685777,-600,-17,-0.07259,-25,-0.059775,305,47,4270,2391,6000,,600,,,,reversal,transition,0,no_load,both,B4: reversal,servo-app/lab-0.1
1781172863.450384,6.722589731216431,B4_REVERSAL,B4_REVERSAL_R02_20260611_171416,delta-asda-b3-e,1591,RTSO|SO|OE|VE|QS|TR,3,0,54991646,-600,-18,-0.07686,-18,-0.043038,305,48,4270,2391,6000,,600,,,,reversal,transition,0,no_load,both,B4: reversal,servo-app/lab-0.1
1781172863.5508342,6.823040008544922,B4_REVERSAL,B4_REVERSAL_R02_20260611_171416,delta-asda-b3-e,1591,RTSO|SO|OE|VE|QS|TR,3,0,53313430,-600,-17,-0.07259,-24,-0.057384,305,47,4270,2391,6000,,600,,,,reversal,transition,0,no_load,both,B4: reversal,servo-app/lab-0.1
1781172863.6509883,6.923194169998169,B4_REVERSAL,B4_REVERSAL_R02_20260611_171416,delta-asda-b3-e,1591,RTSO|SO|OE|VE|QS|TR,3,0,51636074,-600,-20,-0.0854,-21,-0.050211,305,47,4270,2391,6000,,600,,,,reversal,transition,0,no_load,both,B4: reversal,servo-app/lab-0.1
1781172863.7514699,7.0236756801605225,B4_REVERSAL,B4_REVERSAL_R02_20260611_171416,delta-asda-b3-e,1591,RTSO|SO|OE|VE|QS|TR,3,0,49958059,-600,-19,-0.08113,-20,-0.04782,305,47,4270,2391,6000,,600,,,,reversal,transition,0,no_load,both,B4: reversal,servo-app/lab-0.1
1781172863.8516688,7.123874664306641,B4_REVERSAL,B4_REVERSAL_R02_20260611_171416,delta-asda-b3-e,1591,RTSO|SO|OE|VE|QS|TR,3,0,48247031,-600,-22,-0.09394,-17,-0.040647,305,47,4270,2391,6000,,600,,,,reversal,transition,0,no_load,both,B4: reversal,servo-app/lab-0.1
1781172863.951728,7.223933935165405,B4_REVERSAL,B4_REVERSAL_R02_20260611_171416,delta-asda-b3-e,1591,RTSO|SO|OE|VE|QS|TR,3,0,46585804,-600,-17,-0.07259,-19,-0.045429,305,47,4270,2391,6000,,600,,,,reversal,transition,0,no_load,both,B4: reversal,servo-app/lab-0.1
1781172864.0518308,7.324036598205566,B4_REVERSAL,B4_REVERSAL_R02_20260611_171416,delta-asda-b3-e,1591,RTSO|SO|OE|VE|QS|TR,3,0,44891344,-600,-24,-0.10248,-21,-0.050211,305,47,4270,2391,6000,,600,,,,reversal,transition,0,no_load,both,B4: reversal,servo-app/lab-0.1
1781172864.152041,7.424246788024902,B4_REVERSAL,B4_REVERSAL_R02_20260611_171416,delta-asda-b3-e,1591,RTSO|SO|OE|VE|QS|TR,3,0,43246955,-600,-21,-0.08967,-19,-0.045429,305,47,4270,2391,6000,,600,,,,reversal,transition,0,no_load,both,B4: reversal,servo-app/lab-0.1
1781172864.2522008,7.524406671524048,B4_REVERSAL,B4_REVERSAL_R02_20260611_171416,delta-asda-b3-e,1591,RTSO|SO|OE|VE|QS|TR,3,0,41535927,-600,-18,-0.07686,-25,-0.059775,305,47,4270,2391,6000,,600,,,,reversal,transition,0,no_load,both,B4: reversal,servo-app/lab-0.1
1781172864.352511,7.624716758728027,B4_REVERSAL,B4_REVERSAL_R02_20260611_171416,delta-asda-b3-e,1591,RTSO|SO|OE|VE|QS|TR,3,0,39874931,-600,-17,-0.07259,-20,-0.04782,305,47,4270,2391,6000,,600,,,,reversal,transition,0,no_load,both,B4: reversal,servo-app/lab-0.1
1781172864.4528453,7.725051164627075,B4_REVERSAL,B4_REVERSAL_R02_20260611_171416,delta-asda-b3-e,1591,RTSO|SO|OE|VE|QS|TR,3,0,38180746,-600,-20,-0.0854,-22,-0.052602,305,47,4270,2391,6000,,600,,,,reversal,transition,0,no_load,both,B4: reversal,servo-app/lab-0.1
1781172864.5536997,7.8259055614471436,B4_REVERSAL,B4_REVERSAL_R02_20260611_171416,delta-asda-b3-e,1591,RTSO|SO|OE|VE|QS|TR,3,0,36469004,-600,-19,-0.08113,-16,-0.038256,305,47,4270,2391,6000,,600,,,,reversal,transition,0,no_load,both,B4: reversal,servo-app/lab-0.1
1781172864.6541815,7.926387310028076,B4_REVERSAL,B4_REVERSAL_R02_20260611_171416,delta-asda-b3-e,1591,RTSO|SO|OE|VE|QS|TR,3,0,34808418,-600,-18,-0.07686,-20,-0.04782,305,47,4270,2391,6000,,600,,,,reversal,transition,0,no_load,both,B4: reversal,servo-app/lab-0.1
1781172864.7542696,8.026475429534912,B4_REVERSAL,B4_REVERSAL_R02_20260611_171416,delta-asda-b3-e,1591,RTSO|SO|OE|VE|QS|TR,3,0,33130355,-600,-22,-0.09394,-21,-0.050211,305,47,4270,2391,6000,,600,,,,reversal,transition,0,no_load,both,B4: reversal,servo-app/lab-0.1
1781172864.8543043,8.12651014328003,B4_REVERSAL,B4_REVERSAL_R02_20260611_171416,delta-asda-b3-e,1591,RTSO|SO|OE|VE|QS|TR,3,0,31436236,-600,-26,-0.11102,-21,-0.050211,305,47,4270,2391,6000,,600,,,,reversal,transition,0,no_load,both,B4: reversal,servo-app/lab-0.1
1781172864.9544222,8.226628065109253,B4_REVERSAL,B4_REVERSAL_R02_20260611_171416,delta-asda-b3-e,1591,RTSO|SO|OE|VE|QS|TR,3,0,29758141,-600,-17,-0.07259,-18,-0.043038,305,47,4270,2391,6000,,600,,,,reversal,transition,0,no_load,both,B4: reversal,servo-app/lab-0.1
1781172865.0550737,8.327279567718506,B4_REVERSAL,B4_REVERSAL_R02_20260611_171416,delta-asda-b3-e,1591,RTSO|SO|OE|VE|QS|TR,3,0,28080456,-600,-21,-0.08967,-21,-0.050211,305,48,4270,2391,6000,,600,,,,reversal,transition,0,no_load,both,B4: reversal,servo-app/lab-0.1
1781172865.155495,8.427700757980347,B4_REVERSAL,B4_REVERSAL_R02_20260611_171416,delta-asda-b3-e,1591,RTSO|SO|OE|VE|QS|TR,3,0,26402539,-600,-16,-0.06832,-16,-0.038256,305,47,4270,2391,6000,,600,,,,reversal,transition,0,no_load,both,B4: reversal,servo-app/lab-0.1
1781172865.2555847,8.527790546417236,B4_REVERSAL,B4_REVERSAL_R02_20260611_171416,delta-asda-b3-e,1591,RTSO|SO|OE|VE|QS|TR,3,0,24725084,-600,-24,-0.10248,-24,-0.057384,305,47,4270,2391,6000,,600,,,,reversal,transition,0,no_load,both,B4: reversal,servo-app/lab-0.1
1781172865.355813,8.628018856048584,B4_REVERSAL,B4_REVERSAL_R02_20260611_171416,delta-asda-b3-e,1591,RTSO|SO|OE|VE|QS|TR,3,0,23013847,-599,-20,-0.0854,-17,-0.040647,305,47,4270,2391,6000,,600,,,,reversal,transition,0,no_load,both,B4: reversal,servo-app/lab-0.1
1781172865.4561393,8.728345155715942,B4_REVERSAL,B4_REVERSAL_R02_20260611_171416,delta-asda-b3-e,1591,RTSO|SO|OE|VE|QS|TR,3,0,21336304,-600,-16,-0.06832,-18,-0.043038,306,47,4270,2391,6000,,600,,,,reversal,transition,0,no_load,both,B4: reversal,servo-app/lab-0.1
1781172865.5566173,8.82882308959961,B4_REVERSAL,B4_REVERSAL_R02_20260611_171416,delta-asda-b3-e,1591,RTSO|SO|OE|VE|QS|TR,3,0,19641452,-600,-19,-0.08113,-21,-0.050211,305,47,4270,2391,6000,,600,,,,reversal,transition,0,no_load,both,B4: reversal,servo-app/lab-0.1
1781172865.6570594,8.929265260696411,B4_REVERSAL,B4_REVERSAL_R02_20260611_171416,delta-asda-b3-e,1591,RTSO|SO|OE|VE|QS|TR,3,0,17997621,-600,-19,-0.08113,-20,-0.04782,305,48,4270,2391,6000,,600,,,,reversal,transition,0,no_load,both,B4: reversal,servo-app/lab-0.1
1781172865.7572722,9.029478073120117,B4_REVERSAL,B4_REVERSAL_R02_20260611_171416,delta-asda-b3-e,1591,RTSO|SO|OE|VE|QS|TR,3,0,16286023,-600,-19,-0.08113,-20,-0.04782,305,47,4270,2391,6000,,600,,,,reversal,transition,0,no_load,both,B4: reversal,servo-app/lab-0.1
1781172865.8575048,9.129710674285889,B4_REVERSAL,B4_REVERSAL_R02_20260611_171416,delta-asda-b3-e,1591,RTSO|SO|OE|VE|QS|TR,3,0,14608695,-600,-22,-0.09394,-21,-0.050211,306,47,4270,2391,6000,,600,,,,reversal,transition,0,no_load,both,B4: reversal,servo-app/lab-0.1
1781172865.9575818,9.229787588119507,B4_REVERSAL,B4_REVERSAL_R02_20260611_171416,delta-asda-b3-e,1591,RTSO|SO|OE|VE|QS|TR,3,0,12930479,-600,-19,-0.08113,-18,-0.043038,305,47,4270,2391,6000,,600,,,,reversal,transition,0,no_load,both,B4: reversal,servo-app/lab-0.1
1781172866.0583804,9.330586194992065,B4_REVERSAL,B4_REVERSAL_R02_20260611_171416,delta-asda-b3-e,1591,RTSO|SO|OE|VE|QS|TR,3,0,11236177,-600,-19,-0.08113,-18,-0.043038,305,48,4270,2391,6000,,600,,,,reversal,transition,0,no_load,both,B4: reversal,servo-app/lab-0.1
1781172866.1584458,9.430651664733887,B4_REVERSAL,B4_REVERSAL_R02_20260611_171416,delta-asda-b3-e,1591,RTSO|SO|OE|VE|QS|TR,3,0,9558143,-600,-20,-0.0854,-22,-0.052602,306,48,4270,2391,6000,,600,,,,reversal,transition,0,no_load,both,B4: reversal,servo-app/lab-0.1
1781172866.25868,9.530885934829712,B4_REVERSAL,B4_REVERSAL_R02_20260611_171416,delta-asda-b3-e,1591,RTSO|SO|OE|VE|QS|TR,3,0,7864025,-599,-20,-0.0854,-23,-0.054993,305,47,4270,2391,6000,,600,,,,reversal,transition,0,no_load,both,B4: reversal,servo-app/lab-0.1
1781172866.3589628,9.631168603897095,B4_REVERSAL,B4_REVERSAL_R02_20260611_171416,delta-asda-b3-e,1591,RTSO|SO|OE|VE|QS|TR,3,0,6219767,-600,-22,-0.09394,-20,-0.04782,305,47,4270,2391,6000,,600,,,,reversal,transition,0,no_load,both,B4: reversal,servo-app/lab-0.1
1781172866.4590187,9.731224536895752,B4_REVERSAL,B4_REVERSAL_R02_20260611_171416,delta-asda-b3-e,1591,RTSO|SO|OE|VE|QS|TR,3,0,4491929,-600,-23,-0.09821,-20,-0.04782,305,47,4270,2391,6000,,600,,,,reversal,transition,0,no_load,both,B4: reversal,servo-app/lab-0.1
1781172866.5596604,9.831866264343262,B4_REVERSAL,B4_REVERSAL_R02_20260611_171416,delta-asda-b3-e,1591,RTSO|SO|OE|VE|QS|TR,3,0,2830636,-600,-25,-0.10675,-20,-0.04782,306,47,4270,2391,6000,,600,,,,reversal,transition,0,no_load,both,B4: reversal,servo-app/lab-0.1
1781172866.6598053,9.932011127471924,B4_REVERSAL,B4_REVERSAL_R02_20260611_171416,delta-asda-b3-e,1591,RTSO|SO|OE|VE|QS|TR,3,0,1136491,-600,-18,-0.07686,-21,-0.050211,305,47,4270,2391,6000,,600,,,,reversal,transition,0,no_load,both,B4: reversal,servo-app/lab-0.1
1781172866.7600353,10.032241106033325,B4_REVERSAL,B4_REVERSAL_R02_20260611_171416,delta-asda-b3-e,1591,RTSO|SO|OE|VE|QS|TR,3,0,911856,566,16,0.06832,15,0.035865,305,47,4270,2391,6000,,600,,,,reversal,transition,0,no_load,both,B4: reversal,servo-app/lab-0.1
1781172866.8602722,10.13247799873352,B4_REVERSAL,B4_REVERSAL_R02_20260611_171416,delta-asda-b3-e,1591,RTSO|SO|OE|VE|QS|TR,3,0,2589730,599,20,0.0854,20,0.04782,306,48,4270,2391,6000,,600,,,,reversal,transition,0,no_load,both,B4: reversal,servo-app/lab-0.1
1781172866.9606082,10.232814073562622,B4_REVERSAL,B4_REVERSAL_R02_20260611_171416,delta-asda-b3-e,1591,RTSO|SO|OE|VE|QS|TR,3,0,4283759,600,19,0.08113,19,0.045429,306,48,4270,2391,6000,,600,,,,reversal,transition,0,no_load,both,B4: reversal,servo-app/lab-0.1
1781172867.0610588,10.333264589309692,B4_REVERSAL,B4_REVERSAL_R02_20260611_171416,delta-asda-b3-e,1591,RTSO|SO|OE|VE|QS|TR,3,0,5961330,599,20,0.0854,22,0.052602,305,47,4270,2391,6000,,600,,,,reversal,transition,0,no_load,both,B4: reversal,servo-app/lab-0.1
1781172867.1614275,10.43363332748413,B4_REVERSAL,B4_REVERSAL_R02_20260611_171416,delta-asda-b3-e,1591,RTSO|SO|OE|VE|QS|TR,3,0,7622359,601,16,0.06832,20,0.04782,305,47,4270,2391,6000,,600,,,,reversal,transition,0,no_load,both,B4: reversal,servo-app/lab-0.1
1781172867.2618458,10.534051656723022,B4_REVERSAL,B4_REVERSAL_R02_20260611_171416,delta-asda-b3-e,1591,RTSO|SO|OE|VE|QS|TR,3,0,9350427,600,20,0.0854,19,0.045429,305,47,4270,2391,6000,,600,,,,reversal,transition,0,no_load,both,B4: reversal,servo-app/lab-0.1
1781172867.3623052,10.63451099395752,B4_REVERSAL,B4_REVERSAL_R02_20260611_171416,delta-asda-b3-e,1591,RTSO|SO|OE|VE|QS|TR,3,0,11011179,600,18,0.07686,18,0.043038,305,47,4270,2391,6000,,600,,,,reversal,transition,0,no_load,both,B4: reversal,servo-app/lab-0.1
1781172867.4626794,10.734885215759277,B4_REVERSAL,B4_REVERSAL_R02_20260611_171416,delta-asda-b3-e,1591,RTSO|SO|OE|VE|QS|TR,3,0,12722361,599,21,0.08967,20,0.04782,305,47,4270,2391,6000,,600,,,,reversal,transition,0,no_load,both,B4: reversal,servo-app/lab-0.1
1781172867.5627792,10.83498501777649,B4_REVERSAL,B4_REVERSAL_R02_20260611_171416,delta-asda-b3-e,1591,RTSO|SO|OE|VE|QS|TR,3,0,14383071,600,19,0.08113,20,0.04782,305,47,4270,2391,6000,,600,,,,reversal,transition,0,no_load,both,B4: reversal,servo-app/lab-0.1
1781172867.6630418,10.935247659683228,B4_REVERSAL,B4_REVERSAL_R02_20260611_171416,delta-asda-b3-e,1591,RTSO|SO|OE|VE|QS|TR,3,0,16077895,600,18,0.07686,19,0.045429,305,47,4270,2391,6000,,600,,,,reversal,transition,0,no_load,both,B4: reversal,servo-app/lab-0.1
1781172867.763568,11.035773754119873,B4_REVERSAL,B4_REVERSAL_R02_20260611_171416,delta-asda-b3-e,1591,RTSO|SO|OE|VE|QS|TR,3,0,17738939,600,16,0.06832,19,0.045429,305,47,4270,2391,6000,,600,,,,reversal,transition,0,no_load,both,B4: reversal,servo-app/lab-0.1
1781172867.863603,11.135808944702148,B4_REVERSAL,B4_REVERSAL_R02_20260611_171416,delta-asda-b3-e,1591,RTSO|SO|OE|VE|QS|TR,3,0,19416466,599,22,0.09394,24,0.057384,305,48,4270,2391,6000,,600,,,,reversal,transition,0,no_load,both,B4: reversal,servo-app/lab-0.1
1781172867.964225,11.236430883407593,B4_REVERSAL,B4_REVERSAL_R02_20260611_171416,delta-asda-b3-e,1591,RTSO|SO|OE|VE|QS|TR,3,0,21127547,600,20,0.0854,18,0.043038,305,48,4270,2391,6000,,600,,,,reversal,transition,0,no_load,both,B4: reversal,servo-app/lab-0.1
1781172868.064448,11.3366539478302,B4_REVERSAL,B4_REVERSAL_R02_20260611_171416,delta-asda-b3-e,1591,RTSO|SO|OE|VE|QS|TR,3,0,22771540,599,19,0.08113,23,0.054993,305,48,4270,2391,6000,,600,,,,reversal,transition,0,no_load,both,B4: reversal,servo-app/lab-0.1
1781172868.1649175,11.43712329864502,B4_REVERSAL,B4_REVERSAL_R02_20260611_171416,delta-asda-b3-e,1591,RTSO|SO|OE|VE|QS|TR,3,0,24499738,601,13,0.05551,15,0.035865,305,48,4270,2391,6000,,600,,,,reversal,transition,0,no_load,both,B4: reversal,servo-app/lab-0.1
1781172868.2652247,11.53743052482605,B4_REVERSAL,B4_REVERSAL_R02_20260611_171416,delta-asda-b3-e,1591,RTSO|SO|OE|VE|QS|TR,3,0,26177333,600,20,0.0854,20,0.04782,305,47,4270,2391,6000,,600,,,,reversal,transition,0,no_load,both,B4: reversal,servo-app/lab-0.1
1781172868.3654225,11.637628316879272,B4_REVERSAL,B4_REVERSAL_R02_20260611_171416,delta-asda-b3-e,1591,RTSO|SO|OE|VE|QS|TR,3,0,27854890,600,15,0.06405,19,0.045429,305,47,4270,2391,6000,,600,,,,reversal,transition,0,no_load,both,B4: reversal,servo-app/lab-0.1
1781172868.4657888,11.73799467086792,B4_REVERSAL,B4_REVERSAL_R02_20260611_171416,delta-asda-b3-e,1591,RTSO|SO|OE|VE|QS|TR,3,0,29549270,600,25,0.10675,19,0.045429,305,47,4270,2391,6000,,600,,,,reversal,transition,0,no_load,both,B4: reversal,servo-app/lab-0.1
1781172868.5659132,11.83811902999878,B4_REVERSAL,B4_REVERSAL_R02_20260611_171416,delta-asda-b3-e,1591,RTSO|SO|OE|VE|QS|TR,3,0,31226806,600,18,0.07686,22,0.052602,305,47,4270,2391,6000,,600,,,,reversal,transition,0,no_load,both,B4: reversal,servo-app/lab-0.1
1781172868.666402,11.938607931137085,B4_REVERSAL,B4_REVERSAL_R02_20260611_171416,delta-asda-b3-e,1591,RTSO|SO|OE|VE|QS|TR,3,0,32904816,600,16,0.06832,16,0.038256,305,47,4270,2391,6000,,600,,,,reversal,transition,0,no_load,both,B4: reversal,servo-app/lab-0.1
1781172868.7665138,12.038719654083252,B4_REVERSAL,B4_REVERSAL_R02_20260611_171416,delta-asda-b3-e,1591,RTSO|SO|OE|VE|QS|TR,3,0,34582630,600,13,0.05551,15,0.035865,305,47,4270,2391,6000,,600,,,,reversal,transition,0,no_load,both,B4: reversal,servo-app/lab-0.1
1781172868.867271,12.139476776123047,B4_REVERSAL,B4_REVERSAL_R02_20260611_171416,delta-asda-b3-e,1591,RTSO|SO|OE|VE|QS|TR,3,0,36276928,600,17,0.07259,18,0.043038,305,47,4270,2391,6000,,600,,,,reversal,transition,0,no_load,both,B4: reversal,servo-app/lab-0.1
1781172868.9676373,12.239843130111694,B4_REVERSAL,B4_REVERSAL_R02_20260611_171416,delta-asda-b3-e,1591,RTSO|SO|OE|VE|QS|TR,3,0,37937741,600,16,0.06832,19,0.045429,305,47,4270,2391,6000,,600,,,,reversal,transition,0,no_load,both,B4: reversal,servo-app/lab-0.1
1781172869.0684175,12.340623378753662,B4_REVERSAL,B4_REVERSAL_R02_20260611_171416,delta-asda-b3-e,1591,RTSO|SO|OE|VE|QS|TR,3,0,39648942,600,19,0.08113,17,0.040647,305,48,4270,2391,6000,,600,,,,reversal,transition,0,no_load,both,B4: reversal,servo-app/lab-0.1
1781172869.16909,12.441295862197876,B4_REVERSAL,B4_REVERSAL_R02_20260611_171416,delta-asda-b3-e,1591,RTSO|SO|OE|VE|QS|TR,3,0,41326834,601,15,0.06405,15,0.035865,305,47,4270,2391,6000,,600,,,,reversal,transition,0,no_load,both,B4: reversal,servo-app/lab-0.1
1781172869.2695086,12.541714429855347,B4_REVERSAL,B4_REVERSAL_R02_20260611_171416,delta-asda-b3-e,1591,RTSO|SO|OE|VE|QS|TR,3,0,43021211,600,21,0.08967,22,0.052602,305,47,4270,2391,6000,,600,,,,reversal,transition,0,no_load,both,B4: reversal,servo-app/lab-0.1
1781172869.3697226,12.641928434371948,B4_REVERSAL,B4_REVERSAL_R02_20260611_171416,delta-asda-b3-e,1591,RTSO|SO|OE|VE|QS|TR,3,0,44715661,601,16,0.06832,14,0.033474,305,47,4270,2391,6000,,600,,,,reversal,transition,0,no_load,both,B4: reversal,servo-app/lab-0.1
1781172869.4697535,12.7419593334198,B4_REVERSAL,B4_REVERSAL_R02_20260611_171416,delta-asda-b3-e,1591,RTSO|SO|OE|VE|QS|TR,3,0,46376358,600,20,0.0854,26,0.062166,305,47,4270,2391,6000,,600,,,,reversal,transition,0,no_load,both,B4: reversal,servo-app/lab-0.1
1781172869.570561,12.842766761779785,B4_REVERSAL,B4_REVERSAL_R02_20260611_171416,delta-asda-b3-e,1591,RTSO|SO|OE|VE|QS|TR,3,0,48070834,601,20,0.0854,17,0.040647,305,47,4270,2391,6000,,600,,,,reversal,transition,0,no_load,both,B4: reversal,servo-app/lab-0.1
1781172869.670933,12.943138837814331,B4_REVERSAL,B4_REVERSAL_R02_20260611_171416,delta-asda-b3-e,1591,RTSO|SO|OE|VE|QS|TR,3,0,49732001,601,15,0.06405,17,0.040647,305,47,4270,2391,6000,,600,,,,reversal,transition,0,no_load,both,B4: reversal,servo-app/lab-0.1
1781172869.7710125,13.04321837425232,B4_REVERSAL,B4_REVERSAL_R02_20260611_171416,delta-asda-b3-e,1591,RTSO|SO|OE|VE|QS|TR,3,0,51409745,600,14,0.05978,14,0.033474,305,47,4270,2391,6000,,600,,,,reversal,transition,0,no_load,both,B4: reversal,servo-app/lab-0.1
1781172869.8712735,13.143479347229004,B4_REVERSAL,B4_REVERSAL_R02_20260611_171416,delta-asda-b3-e,1591,RTSO|SO|OE|VE|QS|TR,3,0,53104079,600,20,0.0854,23,0.054993,305,47,4270,2391,6000,,600,,,,reversal,transition,0,no_load,both,B4: reversal,servo-app/lab-0.1
1781172869.9716191,13.24382495880127,B4_REVERSAL,B4_REVERSAL_R02_20260611_171416,delta-asda-b3-e,1591,RTSO|SO|OE|VE|QS|TR,3,0,54798511,601,15,0.06405,20,0.04782,306,48,4270,2391,6000,,600,,,,reversal,transition,0,no_load,both,B4: reversal,servo-app/lab-0.1
1781172870.0718176,13.34402346611023,B4_REVERSAL,B4_REVERSAL_R02_20260611_171416,delta-asda-b3-e,1591,RTSO|SO|OE|VE|QS|TR,3,0,56492947,601,18,0.07686,18,0.043038,305,47,4270,2391,6000,,600,,,,reversal,transition,0,no_load,both,B4: reversal,servo-app/lab-0.1
1781172870.1722023,13.444408178329468,B4_REVERSAL,B4_REVERSAL_R02_20260611_171416,delta-asda-b3-e,1591,RTSO|SO|OE|VE|QS|TR,3,0,58170843,601,16,0.06832,14,0.033474,305,47,4270,2391,6000,,600,,,,reversal,transition,0,no_load,both,B4: reversal,servo-app/lab-0.1
1781172870.27224,13.544445753097534,B4_REVERSAL,B4_REVERSAL_R02_20260611_171416,delta-asda-b3-e,1591,RTSO|SO|OE|VE|QS|TR,3,0,59848238,600,19,0.08113,23,0.054993,305,48,4270,2391,6000,,600,,,,reversal,transition,0,no_load,both,B4: reversal,servo-app/lab-0.1
1781172870.3727574,13.644963264465332,B4_REVERSAL,B4_REVERSAL_R02_20260611_171416,delta-asda-b3-e,1591,RTSO|SO|OE|VE|QS|TR,3,0,61525877,601,15,0.06405,15,0.035865,305,48,4270,2391,6000,,600,,,,reversal,transition,0,no_load,both,B4: reversal,servo-app/lab-0.1
1781172870.4730232,13.745229005813599,B4_REVERSAL,B4_REVERSAL_R02_20260611_171416,delta-asda-b3-e,1591,RTSO|SO|OE|VE|QS|TR,3,0,63203319,600,22,0.09394,23,0.054993,305,47,4270,2391,6000,,600,,,,reversal,transition,0,no_load,both,B4: reversal,servo-app/lab-0.1
1781172870.573729,13.845934867858887,B4_REVERSAL,B4_REVERSAL_R02_20260611_171416,delta-asda-b3-e,1591,RTSO|SO|OE|VE|QS|TR,3,0,64897999,601,20,0.0854,18,0.043038,305,47,4270,2391,6000,,600,,,,reversal,transition,0,no_load,both,B4: reversal,servo-app/lab-0.1
1781172870.6738112,13.946017026901245,B4_REVERSAL,B4_REVERSAL_R02_20260611_171416,delta-asda-b3-e,1591,RTSO|SO|OE|VE|QS|TR,3,0,66592687,601,19,0.08113,18,0.043038,305,48,4270,2391,6000,,600,,,,reversal,transition,0,no_load,both,B4: reversal,servo-app/lab-0.1
1781172870.7740717,14.046277523040771,B4_REVERSAL,B4_REVERSAL_R02_20260611_171416,delta-asda-b3-e,1591,RTSO|SO|OE|VE|QS|TR,3,0,68253562,601,16,0.06832,16,0.038256,305,47,4270,2391,6000,,600,,,,reversal,transition,0,no_load,both,B4: reversal,servo-app/lab-0.1
1781172870.8745747,14.146780490875244,B4_REVERSAL,B4_REVERSAL_R02_20260611_171416,delta-asda-b3-e,1591,RTSO|SO|OE|VE|QS|TR,3,0,69914256,600,21,0.08967,19,0.045429,305,47,4270,2391,6000,,600,,,,reversal,transition,0,no_load,both,B4: reversal,servo-app/lab-0.1
1781172870.9752686,14.247474431991577,B4_REVERSAL,B4_REVERSAL_R02_20260611_171416,delta-asda-b3-e,1591,RTSO|SO|OE|VE|QS|TR,3,0,71642380,601,16,0.06832,14,0.033474,305,47,4270,2391,6000,,600,,,,reversal,transition,0,no_load,both,B4: reversal,servo-app/lab-0.1
1781172871.075769,14.34797477722168,B4_REVERSAL,B4_REVERSAL_R02_20260611_171416,delta-asda-b3-e,1591,RTSO|SO|OE|VE|QS|TR,3,0,73336883,601,15,0.06405,15,0.035865,305,47,4270,2391,6000,,600,,,,reversal,transition,0,no_load,both,B4: reversal,servo-app/lab-0.1
1781172871.1762216,14.448427438735962,B4_REVERSAL,B4_REVERSAL_R02_20260611_171416,delta-asda-b3-e,1591,RTSO|SO|OE|VE|QS|TR,3,0,74981108,602,15,0.06405,15,0.035865,305,48,4270,2391,6000,,600,,,,reversal,transition,0,no_load,both,B4: reversal,servo-app/lab-0.1
1781172871.27633,14.548535823822021,B4_REVERSAL,B4_REVERSAL_R02_20260611_171416,delta-asda-b3-e,1591,RTSO|SO|OE|VE|QS|TR,3,0,76675366,601,19,0.08113,22,0.052602,305,47,4270,2391,6000,,600,,,,reversal,transition,0,no_load,both,B4: reversal,servo-app/lab-0.1
1781172871.3770447,14.649250507354736,B4_REVERSAL,B4_REVERSAL_R02_20260611_171416,delta-asda-b3-e,1591,RTSO|SO|OE|VE|QS|TR,3,0,78369884,601,17,0.07259,16,0.038256,305,47,4270,2391,6000,,600,,,,reversal,transition,0,no_load,both,B4: reversal,servo-app/lab-0.1
1781172871.4775703,14.749776124954224,B4_REVERSAL,B4_REVERSAL_R02_20260611_171416,delta-asda-b3-e,1591,RTSO|SO|OE|VE|QS|TR,3,0,80030420,601,16,0.06832,21,0.050211,305,47,4270,2391,6000,,600,,,,reversal,transition,0,no_load,both,B4: reversal,servo-app/lab-0.1
1781172871.577968,14.850173711776733,B4_REVERSAL,B4_REVERSAL_R02_20260611_171416,delta-asda-b3-e,1591,RTSO|SO|OE|VE|QS|TR,3,0,81758937,602,19,0.08113,16,0.038256,305,47,4270,2391,6000,,600,,,,reversal,transition,0,no_load,both,B4: reversal,servo-app/lab-0.1
1781172871.678453,14.950658798217773,B4_REVERSAL,B4_REVERSAL_R02_20260611_171416,delta-asda-b3-e,1591,RTSO|SO|OE|VE|QS|TR,3,0,83419881,601,16,0.06832,24,0.057384,305,47,4270,2391,6000,,600,,,,reversal,transition,0,no_load,both,B4: reversal,servo-app/lab-0.1
1781172871.778986,15.051191806793213,B4_REVERSAL,B4_REVERSAL_R02_20260611_171416,delta-asda-b3-e,1591,RTSO|SO|OE|VE|QS|TR,3,0,83174091,-591,-17,-0.07259,-17,-0.040647,305,48,4270,2391,6000,,600,,,,reversal,transition,0,no_load,both,B4: reversal,servo-app/lab-0.1
1781172871.8791773,15.1513831615448,B4_REVERSAL,B4_REVERSAL_R02_20260611_171416,delta-asda-b3-e,1591,RTSO|SO|OE|VE|QS|TR,3,0,81479687,-600,-19,-0.08113,-18,-0.043038,305,48,4270,2391,6000,,600,,,,reversal,transition,0,no_load,both,B4: reversal,servo-app/lab-0.1
1781172871.979296,15.25150179862976,B4_REVERSAL,B4_REVERSAL_R02_20260611_171416,delta-asda-b3-e,1591,RTSO|SO|OE|VE|QS|TR,3,0,79801730,-600,-17,-0.07259,-17,-0.040647,305,48,4270,2391,6000,,600,,,,reversal,transition,0,no_load,both,B4: reversal,servo-app/lab-0.1
1781172872.0796263,15.351832151412964,B4_REVERSAL,B4_REVERSAL_R02_20260611_171416,delta-asda-b3-e,1591,RTSO|SO|OE|VE|QS|TR,3,0,78124315,-599,-26,-0.11102,-23,-0.054993,305,48,4270,2391,6000,,600,,,,reversal,transition,0,no_load,both,B4: reversal,servo-app/lab-0.1
1781172872.1802251,15.452430963516235,B4_REVERSAL,B4_REVERSAL_R02_20260611_171416,delta-asda-b3-e,1591,RTSO|SO|OE|VE|QS|TR,3,0,76446309,-599,-17,-0.07259,-18,-0.043038,305,47,4270,2391,6000,,600,,,,reversal,transition,0,no_load,both,B4: reversal,servo-app/lab-0.1
1781172872.2805831,15.552788972854614,B4_REVERSAL,B4_REVERSAL_R02_20260611_171416,delta-asda-b3-e,1591,RTSO|SO|OE|VE|QS|TR,3,0,74769089,-599,-20,-0.0854,-19,-0.045429,305,48,4270,2391,6000,,600,,,,reversal,transition,0,no_load,both,B4: reversal,servo-app/lab-0.1
1781172872.3810778,15.653283596038818,B4_REVERSAL,B4_REVERSAL_R02_20260611_171416,delta-asda-b3-e,1591,RTSO|SO|OE|VE|QS|TR,3,0,73074358,-599,-18,-0.07686,-17,-0.040647,305,47,4270,2391,6000,,600,,,,reversal,transition,0,no_load,both,B4: reversal,servo-app/lab-0.1
1781172872.4813204,15.753526210784912,B4_REVERSAL,B4_REVERSAL_R02_20260611_171416,delta-asda-b3-e,1591,RTSO|SO|OE|VE|QS|TR,3,0,71379935,-600,-24,-0.10248,-27,-0.064557,305,48,4270,2391,6000,,600,,,,reversal,transition,0,no_load,both,B4: reversal,servo-app/lab-0.1
1781172872.5813534,15.853559255599976,B4_REVERSAL,B4_REVERSAL_R02_20260611_171416,delta-asda-b3-e,1591,RTSO|SO|OE|VE|QS|TR,3,0,69702075,-599,-18,-0.07686,-17,-0.040647,305,48,4270,2391,6000,,600,,,,reversal,transition,0,no_load,both,B4: reversal,servo-app/lab-0.1
1781172872.6817112,15.953917026519775,B4_REVERSAL,B4_REVERSAL_R02_20260611_171416,delta-asda-b3-e,1591,RTSO|SO|OE|VE|QS|TR,3,0,68041322,-599,-22,-0.09394,-18,-0.043038,305,48,4270,2391,6000,,600,,,,reversal,transition,0,no_load,both,B4: reversal,servo-app/lab-0.1
1781172872.782032,16.054237842559814,B4_REVERSAL,B4_REVERSAL_R02_20260611_171416,delta-asda-b3-e,1591,RTSO|SO|OE|VE|QS|TR,3,0,66346798,-599,-21,-0.08967,-17,-0.040647,305,48,4270,2391,6000,,600,,,,reversal,transition,0,no_load,both,B4: reversal,servo-app/lab-0.1
1781172872.882635,16.15484094619751,B4_REVERSAL,B4_REVERSAL_R02_20260611_171416,delta-asda-b3-e,1591,RTSO|SO|OE|VE|QS|TR,3,0,64685833,-600,-18,-0.07686,-20,-0.04782,305,48,4270,2391,6000,,600,,,,reversal,transition,0,no_load,both,B4: reversal,servo-app/lab-0.1
1781172872.9831617,16.255367517471313,B4_REVERSAL,B4_REVERSAL_R02_20260611_171416,delta-asda-b3-e,1591,RTSO|SO|OE|VE|QS|TR,3,0,62974107,-600,-18,-0.07686,-15,-0.035865,305,48,4270,2391,6000,,600,,,,reversal,transition,0,no_load,both,B4: reversal,servo-app/lab-0.1
1781172873.0833204,16.355526208877563,B4_REVERSAL,B4_REVERSAL_R02_20260611_171416,delta-asda-b3-e,1591,RTSO|SO|OE|VE|QS|TR,3,0,61296703,-600,-23,-0.09821,-21,-0.050211,305,48,4270,2391,6000,,600,,,,reversal,transition,0,no_load,both,B4: reversal,servo-app/lab-0.1
1781172873.1835492,16.45575499534607,B4_REVERSAL,B4_REVERSAL_R02_20260611_171416,delta-asda-b3-e,1591,RTSO|SO|OE|VE|QS|TR,3,0,59618752,-599,-20,-0.0854,-22,-0.052602,305,48,4270,2391,6000,,600,,,,reversal,transition,0,no_load,both,B4: reversal,servo-app/lab-0.1
1781172873.283701,16.555906772613525,B4_REVERSAL,B4_REVERSAL_R02_20260611_171416,delta-asda-b3-e,1591,RTSO|SO|OE|VE|QS|TR,3,0,57908008,-600,-22,-0.09394,-21,-0.050211,305,47,4270,2391,6000,,600,,,,reversal,transition,0,no_load,both,B4: reversal,servo-app/lab-0.1
1781172873.3842158,16.656421661376953,B4_REVERSAL,B4_REVERSAL_R02_20260611_171416,delta-asda-b3-e,1591,RTSO|SO|OE|VE|QS|TR,3,0,56229952,-600,-21,-0.08967,-17,-0.040647,305,48,4270,2391,6000,,600,,,,reversal,transition,0,no_load,both,B4: reversal,servo-app/lab-0.1
1781172873.484458,16.75666379928589,B4_REVERSAL,B4_REVERSAL_R02_20260611_171416,delta-asda-b3-e,1591,RTSO|SO|OE|VE|QS|TR,3,0,54552324,-600,-19,-0.08113,-24,-0.057384,305,47,4270,2391,6000,,600,,,,reversal,transition,0,no_load,both,B4: reversal,servo-app/lab-0.1
1781172873.5848653,16.85707116127014,B4_REVERSAL,B4_REVERSAL_R02_20260611_171416,delta-asda-b3-e,1591,RTSO|SO|OE|VE|QS|TR,3,0,52874439,-600,-19,-0.08113,-17,-0.040647,305,48,4270,2391,6000,,600,,,,reversal,transition,0,no_load,both,B4: reversal,servo-app/lab-0.1
1781172873.6852665,16.957472324371338,B4_REVERSAL,B4_REVERSAL_R02_20260611_171416,delta-asda-b3-e,1591,RTSO|SO|OE|VE|QS|TR,3,0,51196935,-600,-23,-0.09821,-24,-0.057384,306,48,4270,2391,6000,,600,,,,reversal,transition,0,no_load,both,B4: reversal,servo-app/lab-0.1
1781172873.7855046,17.05771040916443,B4_REVERSAL,B4_REVERSAL_R02_20260611_171416,delta-asda-b3-e,1591,RTSO|SO|OE|VE|QS|TR,3,0,49502384,-600,-17,-0.07259,-22,-0.052602,305,48,4270,2391,6000,,600,,,,reversal,transition,0,no_load,both,B4: reversal,servo-app/lab-0.1
1781172873.8856199,17.157825708389282,B4_REVERSAL,B4_REVERSAL_R02_20260611_171416,delta-asda-b3-e,1591,RTSO|SO|OE|VE|QS|TR,3,0,47807583,-601,-17,-0.07259,-19,-0.045429,305,47,4270,2391,6000,,600,,,,reversal,transition,0,no_load,both,B4: reversal,servo-app/lab-0.1
1781172873.9856896,17.257895469665527,B4_REVERSAL,B4_REVERSAL_R02_20260611_171416,delta-asda-b3-e,1591,RTSO|SO|OE|VE|QS|TR,3,0,46146469,-600,-18,-0.07686,-20,-0.04782,305,47,4270,2391,6000,,600,,,,reversal,transition,0,no_load,both,B4: reversal,servo-app/lab-0.1
1781172874.0858054,17.35801124572754,B4_REVERSAL,B4_REVERSAL_R02_20260611_171416,delta-asda-b3-e,1591,RTSO|SO|OE|VE|QS|TR,3,0,44468986,-600,-17,-0.07259,-18,-0.043038,305,47,4270,2391,6000,,600,,,,reversal,transition,0,no_load,both,B4: reversal,servo-app/lab-0.1
1781172874.1860173,17.45822310447693,B4_REVERSAL,B4_REVERSAL_R02_20260611_171416,delta-asda-b3-e,1591,RTSO|SO|OE|VE|QS|TR,3,0,42791128,-600,-22,-0.09394,-20,-0.04782,305,48,4270,2391,6000,,600,,,,reversal,transition,0,no_load,both,B4: reversal,servo-app/lab-0.1
1781172874.2860548,17.558260679244995,B4_REVERSAL,B4_REVERSAL_R02_20260611_171416,delta-asda-b3-e,1591,RTSO|SO|OE|VE|QS|TR,3,0,41097021,-600,-18,-0.07686,-22,-0.052602,305,48,4270,2391,6000,,600,,,,reversal,transition,0,no_load,both,B4: reversal,servo-app/lab-0.1
1781172874.3865275,17.658733367919922,B4_REVERSAL,B4_REVERSAL_R02_20260611_171416,delta-asda-b3-e,1591,RTSO|SO|OE|VE|QS|TR,3,0,39435788,-600,-23,-0.09821,-19,-0.045429,305,48,4270,2391,6000,,600,,,,reversal,transition,0,no_load,both,B4: reversal,servo-app/lab-0.1
1781172874.486663,17.758868932724,B4_REVERSAL,B4_REVERSAL_R02_20260611_171416,delta-asda-b3-e,1591,RTSO|SO|OE|VE|QS|TR,3,0,37724544,-600,-21,-0.08967,-19,-0.045429,305,47,4270,2391,6000,,600,,,,reversal,transition,0,no_load,both,B4: reversal,servo-app/lab-0.1
1781172874.587125,17.859330892562866,B4_REVERSAL,B4_REVERSAL_R02_20260611_171416,delta-asda-b3-e,1591,RTSO|SO|OE|VE|QS|TR,3,0,36063490,-600,-18,-0.07686,-22,-0.052602,305,47,4270,2391,6000,,600,,,,reversal,transition,0,no_load,both,B4: reversal,servo-app/lab-0.1
1781172874.6876595,17.95986533164978,B4_REVERSAL,B4_REVERSAL_R02_20260611_171416,delta-asda-b3-e,1591,RTSO|SO|OE|VE|QS|TR,3,0,34386033,-600,-21,-0.08967,-25,-0.059775,305,47,4270,2391,6000,,600,,,,reversal,transition,0,no_load,both,B4: reversal,servo-app/lab-0.1
1781172874.7877803,18.059986114501953,B4_REVERSAL,B4_REVERSAL_R02_20260611_171416,delta-asda-b3-e,1591,RTSO|SO|OE|VE|QS|TR,3,0,32674621,-600,-16,-0.06832,-17,-0.040647,305,48,4270,2391,6000,,600,,,,reversal,transition,0,no_load,both,B4: reversal,servo-app/lab-0.1
1781172874.887844,18.16004991531372,B4_REVERSAL,B4_REVERSAL_R02_20260611_171416,delta-asda-b3-e,1591,RTSO|SO|OE|VE|QS|TR,3,0,31013493,-601,-19,-0.08113,-24,-0.057384,305,48,4270,2391,6000,,600,,,,reversal,transition,0,no_load,both,B4: reversal,servo-app/lab-0.1
1781172874.987877,18.260082721710205,B4_REVERSAL,B4_REVERSAL_R02_20260611_171416,delta-asda-b3-e,1591,RTSO|SO|OE|VE|QS|TR,3,0,29335565,-600,-19,-0.08113,-19,-0.045429,306,48,4270,2391,6000,,600,,,,reversal,transition,0,no_load,both,B4: reversal,servo-app/lab-0.1
1781172875.0881531,18.360358953475952,B4_REVERSAL,B4_REVERSAL_R02_20260611_171416,delta-asda-b3-e,1591,RTSO|SO|OE|VE|QS|TR,3,0,27641192,-601,-17,-0.07259,-18,-0.043038,306,47,4270,2391,6000,,600,,,,reversal,transition,0,no_load,both,B4: reversal,servo-app/lab-0.1
1781172875.1884835,18.460689306259155,B4_REVERSAL,B4_REVERSAL_R02_20260611_171416,delta-asda-b3-e,1591,RTSO|SO|OE|VE|QS|TR,3,0,25963417,-600,-19,-0.08113,-18,-0.043038,305,48,4270,2391,6000,,600,,,,reversal,transition,0,no_load,both,B4: reversal,servo-app/lab-0.1
1781172875.2886555,18.560861349105835,B4_REVERSAL,B4_REVERSAL_R02_20260611_171416,delta-asda-b3-e,1591,RTSO|SO|OE|VE|QS|TR,3,0,24302950,-600,-18,-0.07686,-21,-0.050211,305,48,4270,2391,6000,,600,,,,reversal,transition,0,no_load,both,B4: reversal,servo-app/lab-0.1
1781172875.3887377,18.660943508148193,B4_REVERSAL,B4_REVERSAL_R02_20260611_171416,delta-asda-b3-e,1591,RTSO|SO|OE|VE|QS|TR,3,0,22624860,-600,-19,-0.08113,-21,-0.050211,305,48,4270,2391,6000,,600,,,,reversal,transition,0,no_load,both,B4: reversal,servo-app/lab-0.1
1781172875.4893193,18.76152515411377,B4_REVERSAL,B4_REVERSAL_R02_20260611_171416,delta-asda-b3-e,1591,RTSO|SO|OE|VE|QS|TR,3,0,20913620,-601,-19,-0.08113,-19,-0.045429,305,48,4270,2391,6000,,600,,,,reversal,transition,0,no_load,both,B4: reversal,servo-app/lab-0.1
1781172875.5896337,18.861839532852173,B4_REVERSAL,B4_REVERSAL_R02_20260611_171416,delta-asda-b3-e,1591,RTSO|SO|OE|VE|QS|TR,3,0,19269387,-600,-16,-0.06832,-24,-0.057384,305,48,4270,2391,6000,,600,,,,reversal,transition,0,no_load,both,B4: reversal,servo-app/lab-0.1
1781172875.6900833,18.962289094924927,B4_REVERSAL,B4_REVERSAL_R02_20260611_171416,delta-asda-b3-e,1591,RTSO|SO|OE|VE|QS|TR,3,0,17541476,-600,-21,-0.08967,-22,-0.052602,305,48,4270,2391,6000,,600,,,,reversal,transition,0,no_load,both,B4: reversal,servo-app/lab-0.1
1781172875.7905316,19.062737464904785,B4_REVERSAL,B4_REVERSAL_R02_20260611_171416,delta-asda-b3-e,1591,RTSO|SO|OE|VE|QS|TR,3,0,15897385,-600,-17,-0.07259,-17,-0.040647,306,48,4270,2391,6000,,600,,,,reversal,transition,0,no_load,both,B4: reversal,servo-app/lab-0.1
1781172875.8910246,19.163230419158936,B4_REVERSAL,B4_REVERSAL_R02_20260611_171416,delta-asda-b3-e,1591,RTSO|SO|OE|VE|QS|TR,3,0,14168840,-602,-20,-0.0854,-17,-0.040647,306,48,4270,2391,6000,,600,,,,reversal,transition,0,no_load,both,B4: reversal,servo-app/lab-0.1
1781172875.9914722,19.263678073883057,B4_REVERSAL,B4_REVERSAL_R02_20260611_171416,delta-asda-b3-e,1591,RTSO|SO|OE|VE|QS|TR,3,0,12524638,-600,-21,-0.08967,-20,-0.04782,305,48,4270,2391,6000,,600,,,,reversal,transition,0,no_load,both,B4: reversal,servo-app/lab-0.1
1781172876.0918252,19.364031076431274,B4_REVERSAL,B4_REVERSAL_R02_20260611_171416,delta-asda-b3-e,1591,RTSO|SO|OE|VE|QS|TR,3,0,10796528,-601,-17,-0.07259,-20,-0.04782,306,48,4270,2391,6000,,600,,,,reversal,transition,0,no_load,both,B4: reversal,servo-app/lab-0.1
1781172876.1923027,19.464508533477783,B4_REVERSAL,B4_REVERSAL_R02_20260611_171416,delta-asda-b3-e,1591,RTSO|SO|OE|VE|QS|TR,3,0,9118908,-600,-19,-0.08113,-19,-0.045429,305,48,4270,2391,6000,,600,,,,reversal,transition,0,no_load,both,B4: reversal,servo-app/lab-0.1
1781172876.2927008,19.56490659713745,B4_REVERSAL,B4_REVERSAL_R02_20260611_171416,delta-asda-b3-e,1591,RTSO|SO|OE|VE|QS|TR,3,0,7441422,-601,-17,-0.07259,-17,-0.040647,305,47,4270,2391,6000,,600,,,,reversal,transition,0,no_load,both,B4: reversal,servo-app/lab-0.1
1781172876.393128,19.66533374786377,B4_REVERSAL,B4_REVERSAL_R02_20260611_171416,delta-asda-b3-e,1591,RTSO|SO|OE|VE|QS|TR,3,0,5746595,-601,-23,-0.09821,-19,-0.045429,305,47,4270,2391,6000,,600,,,,reversal,transition,0,no_load,both,B4: reversal,servo-app/lab-0.1
1781172876.4934957,19.76570153236389,B4_REVERSAL,B4_REVERSAL_R02_20260611_171416,delta-asda-b3-e,1591,RTSO|SO|OE|VE|QS|TR,3,0,4069000,-601,-15,-0.06405,-18,-0.043038,305,48,4270,2391,6000,,600,,,,reversal,transition,0,no_load,both,B4: reversal,servo-app/lab-0.1
1781172876.5935209,19.865726709365845,B4_REVERSAL,B4_REVERSAL_R02_20260611_171416,delta-asda-b3-e,1591,RTSO|SO|OE|VE|QS|TR,3,0,2391146,-601,-18,-0.07686,-20,-0.04782,305,48,4270,2391,6000,,600,,,,reversal,transition,0,no_load,both,B4: reversal,servo-app/lab-0.1
1781172876.6939356,19.96614146232605,B4_REVERSAL,B4_REVERSAL_R02_20260611_171416,delta-asda-b3-e,1591,RTSO|SO|OE|VE|QS|TR,3,0,713701,-601,-15,-0.06405,-17,-0.040647,306,48,4270,2391,6000,,600,,,,reversal,transition,0,no_load,both,B4: reversal,servo-app/lab-0.1
1781172876.7945948,20.066800594329834,B4_REVERSAL,B4_REVERSAL_R02_20260611_171416,delta-asda-b3-e,1591,RTSO|SO|OE|VE|QS|TR,3,0,1295268,598,20,0.0854,19,0.045429,305,48,4270,2391,6000,,600,,,,reversal,transition,0,no_load,both,B4: reversal,servo-app/lab-0.1
1781172876.8951259,20.16733169555664,B4_REVERSAL,B4_REVERSAL_R02_20260611_171416,delta-asda-b3-e,1591,RTSO|SO|OE|VE|QS|TR,3,0,3006269,601,18,0.07686,18,0.043038,306,48,4270,2391,6000,,600,,,,reversal,transition,0,no_load,both,B4: reversal,servo-app/lab-0.1
1781172876.9953868,20.267592668533325,B4_REVERSAL,B4_REVERSAL_R02_20260611_171416,delta-asda-b3-e,1591,RTSO|SO|OE|VE|QS|TR,3,0,4700503,601,18,0.07686,18,0.043038,305,48,4270,2391,6000,,600,,,,reversal,transition,0,no_load,both,B4: reversal,servo-app/lab-0.1
1781172877.0956979,20.36790370941162,B4_REVERSAL,B4_REVERSAL_R02_20260611_171416,delta-asda-b3-e,1591,RTSO|SO|OE|VE|QS|TR,3,0,6361512,601,17,0.07259,17,0.040647,305,48,4270,2391,6000,,600,,,,reversal,transition,0,no_load,both,B4: reversal,servo-app/lab-0.1
1781172877.196148,20.468353748321533,B4_REVERSAL,B4_REVERSAL_R02_20260611_171416,delta-asda-b3-e,1591,RTSO|SO|OE|VE|QS|TR,3,0,8072850,601,20,0.0854,20,0.04782,305,48,4270,2391,6000,,600,,,,reversal,transition,0,no_load,both,B4: reversal,servo-app/lab-0.1
1781172877.2961817,20.568387508392334,B4_REVERSAL,B4_REVERSAL_R02_20260611_171416,delta-asda-b3-e,1591,RTSO|SO|OE|VE|QS|TR,3,0,9733445,601,16,0.06832,14,0.033474,305,48,4270,2391,6000,,600,,,,reversal,transition,0,no_load,both,B4: reversal,servo-app/lab-0.1
1781172877.3964565,20.668662309646606,B4_REVERSAL,B4_REVERSAL_R02_20260611_171416,delta-asda-b3-e,1591,RTSO|SO|OE|VE|QS|TR,3,0,11411240,601,20,0.0854,20,0.04782,305,48,4270,2391,6000,,600,,,,reversal,transition,0,no_load,both,B4: reversal,servo-app/lab-0.1
1781172877.4969625,20.769168376922607,B4_REVERSAL,B4_REVERSAL_R02_20260611_171416,delta-asda-b3-e,1591,RTSO|SO|OE|VE|QS|TR,3,0,13122215,601,19,0.08113,16,0.038256,305,48,4270,2391,6000,,600,,,,reversal,transition,0,no_load,both,B4: reversal,servo-app/lab-0.1
1781172877.5972981,20.86950397491455,B4_REVERSAL,B4_REVERSAL_R02_20260611_171416,delta-asda-b3-e,1591,RTSO|SO|OE|VE|QS|TR,3,0,14783593,601,17,0.07259,17,0.040647,305,48,4270,2391,6000,,600,,,,reversal,transition,0,no_load,both,B4: reversal,servo-app/lab-0.1
1781172877.697575,20.969780921936035,B4_REVERSAL,B4_REVERSAL_R02_20260611_171416,delta-asda-b3-e,1591,RTSO|SO|OE|VE|QS|TR,3,0,16444376,601,15,0.06405,14,0.033474,305,47,4270,2391,6000,,600,,,,reversal,transition,0,no_load,both,B4: reversal,servo-app/lab-0.1
1781172877.797978,21.070183753967285,B4_REVERSAL,B4_REVERSAL_R02_20260611_171416,delta-asda-b3-e,1591,RTSO|SO|OE|VE|QS|TR,3,0,18155731,601,23,0.09821,20,0.04782,305,48,4270,2391,6000,,600,,,,reversal,transition,0,no_load,both,B4: reversal,servo-app/lab-0.1
1781172877.8980613,21.17026710510254,B4_REVERSAL,B4_REVERSAL_R02_20260611_171416,delta-asda-b3-e,1591,RTSO|SO|OE|VE|QS|TR,3,0,19833129,600,18,0.07686,19,0.045429,305,48,4270,2391,6000,,600,,,,reversal,transition,0,no_load,both,B4: reversal,servo-app/lab-0.1
1781172877.9989593,21.271165132522583,B4_REVERSAL,B4_REVERSAL_R02_20260611_171416,delta-asda-b3-e,1591,RTSO|SO|OE|VE|QS|TR,3,0,21527642,601,19,0.08113,16,0.038256,305,48,4270,2391,6000,,600,,,,reversal,transition,0,no_load,both,B4: reversal,servo-app/lab-0.1
1781172878.0993145,21.371520280838013,B4_REVERSAL,B4_REVERSAL_R02_20260611_171416,delta-asda-b3-e,1591,RTSO|SO|OE|VE|QS|TR,3,0,23222155,601,17,0.07259,19,0.045429,305,48,4270,2391,6000,,600,,,,reversal,transition,0,no_load,both,B4: reversal,servo-app/lab-0.1
1781172878.1997874,21.47199320793152,B4_REVERSAL,B4_REVERSAL_R02_20260611_171416,delta-asda-b3-e,1591,RTSO|SO|OE|VE|QS|TR,3,0,24899799,600,17,0.07259,21,0.050211,305,48,4270,2391,6000,,600,,,,reversal,transition,0,no_load,both,B4: reversal,servo-app/lab-0.1
1781172878.3002102,21.572416067123413,B4_REVERSAL,B4_REVERSAL_R02_20260611_171416,delta-asda-b3-e,1591,RTSO|SO|OE|VE|QS|TR,3,0,26577194,600,17,0.07259,18,0.043038,305,48,4270,2391,6000,,600,,,,reversal,transition,0,no_load,both,B4: reversal,servo-app/lab-0.1
1781172878.4009347,21.67314052581787,B4_REVERSAL,B4_REVERSAL_R02_20260611_171416,delta-asda-b3-e,1591,RTSO|SO|OE|VE|QS|TR,3,0,28288420,600,18,0.07686,20,0.04782,305,48,4270,2391,6000,,600,,,,reversal,transition,0,no_load,both,B4: reversal,servo-app/lab-0.1
1781172878.5012004,21.773406267166138,B4_REVERSAL,B4_REVERSAL_R02_20260611_171416,delta-asda-b3-e,1591,RTSO|SO|OE|VE|QS|TR,3,0,29965928,600,16,0.06832,17,0.040647,305,48,4270,2391,6000,,600,,,,reversal,transition,0,no_load,both,B4: reversal,servo-app/lab-0.1
1781172878.601621,21.87382674217224,B4_REVERSAL,B4_REVERSAL_R02_20260611_171416,delta-asda-b3-e,1591,RTSO|SO|OE|VE|QS|TR,3,0,31644040,601,19,0.08113,19,0.045429,305,48,4270,2391,6000,,600,,,,reversal,transition,0,no_load,both,B4: reversal,servo-app/lab-0.1
1781172878.7016716,21.973877429962158,B4_REVERSAL,B4_REVERSAL_R02_20260611_171416,delta-asda-b3-e,1591,RTSO|SO|OE|VE|QS|TR,3,0,33304734,600,14,0.05978,16,0.038256,305,48,4270,2391,6000,,600,,,,reversal,transition,0,no_load,both,B4: reversal,servo-app/lab-0.1
1781172878.8017988,22.074004650115967,B4_REVERSAL,B4_REVERSAL_R02_20260611_171416,delta-asda-b3-e,1591,RTSO|SO|OE|VE|QS|TR,3,0,35016179,600,18,0.07686,19,0.045429,305,48,4270,2391,6000,,600,,,,reversal,transition,0,no_load,both,B4: reversal,servo-app/lab-0.1
1781172878.9020836,22.17428946495056,B4_REVERSAL,B4_REVERSAL_R02_20260611_171416,delta-asda-b3-e,1591,RTSO|SO|OE|VE|QS|TR,3,0,36676711,600,16,0.06832,17,0.040647,305,48,4270,2391,6000,,600,,,,reversal,transition,0,no_load,both,B4: reversal,servo-app/lab-0.1
1781172879.002202,22.274407863616943,B4_REVERSAL,B4_REVERSAL_R02_20260611_171416,delta-asda-b3-e,1591,RTSO|SO|OE|VE|QS|TR,3,0,38354579,601,18,0.07686,17,0.040647,305,48,4270,2391,6000,,600,,,,reversal,transition,0,no_load,both,B4: reversal,servo-app/lab-0.1
1781172879.102495,22.374700784683228,B4_REVERSAL,B4_REVERSAL_R02_20260611_171416,delta-asda-b3-e,1591,RTSO|SO|OE|VE|QS|TR,3,0,40015540,601,16,0.06832,15,0.035865,305,48,4270,2391,6000,,600,,,,reversal,transition,0,no_load,both,B4: reversal,servo-app/lab-0.1
1781172879.2025187,22.474724531173706,B4_REVERSAL,B4_REVERSAL_R02_20260611_171416,delta-asda-b3-e,1591,RTSO|SO|OE|VE|QS|TR,3,0,41726703,600,20,0.0854,19,0.045429,305,48,4270,2391,6000,,600,,,,reversal,transition,0,no_load,both,B4: reversal,servo-app/lab-0.1
1781172879.3028185,22.575024366378784,B4_REVERSAL,B4_REVERSAL_R02_20260611_171416,delta-asda-b3-e,1591,RTSO|SO|OE|VE|QS|TR,3,0,43404126,600,16,0.06832,15,0.035865,305,48,4270,2391,6000,,600,,,,reversal,transition,0,no_load,both,B4: reversal,servo-app/lab-0.1
1781172879.4029555,22.675161361694336,B4_REVERSAL,B4_REVERSAL_R02_20260611_171416,delta-asda-b3-e,1591,RTSO|SO|OE|VE|QS|TR,3,0,45098596,600,20,0.0854,18,0.043038,305,48,4270,2391,6000,,600,,,,reversal,transition,0,no_load,both,B4: reversal,servo-app/lab-0.1
1781172879.5031245,22.775330305099487,B4_REVERSAL,B4_REVERSAL_R02_20260611_171416,delta-asda-b3-e,1591,RTSO|SO|OE|VE|QS|TR,3,0,46742621,600,14,0.05978,16,0.038256,305,48,4270,2391,6000,,600,,,,reversal,transition,0,no_load,both,B4: reversal,servo-app/lab-0.1
1781172879.6032257,22.875431537628174,B4_REVERSAL,B4_REVERSAL_R02_20260611_171416,delta-asda-b3-e,1591,RTSO|SO|OE|VE|QS|TR,3,0,48454270,601,18,0.07686,20,0.04782,305,48,4270,2391,6000,,600,,,,reversal,transition,0,no_load,both,B4: reversal,servo-app/lab-0.1
1781172879.7036493,22.975855112075806,B4_REVERSAL,B4_REVERSAL_R02_20260611_171416,delta-asda-b3-e,1591,RTSO|SO|OE|VE|QS|TR,3,0,50114911,600,15,0.06405,16,0.038256,305,48,4270,2391,6000,,600,,,,reversal,transition,0,no_load,both,B4: reversal,servo-app/lab-0.1
1781172879.8042922,23.07649803161621,B4_REVERSAL,B4_REVERSAL_R02_20260611_171416,delta-asda-b3-e,1591,RTSO|SO|OE|VE|QS|TR,3,0,51809548,600,19,0.08113,19,0.045429,305,48,4270,2391,6000,,600,,,,reversal,transition,0,no_load,both,B4: reversal,servo-app/lab-0.1
1781172879.9046419,23.17684769630432,B4_REVERSAL,B4_REVERSAL_R02_20260611_171416,delta-asda-b3-e,1591,RTSO|SO|OE|VE|QS|TR,3,0,53470144,600,17,0.07259,16,0.038256,305,48,4270,2391,6000,,600,,,,reversal,transition,0,no_load,both,B4: reversal,servo-app/lab-0.1
1781172880.005079,23.277284860610962,B4_REVERSAL,B4_REVERSAL_R02_20260611_171416,delta-asda-b3-e,1591,RTSO|SO|OE|VE|QS|TR,3,0,55181698,601,21,0.08967,16,0.038256,305,48,4270,2391,6000,,600,,,,reversal,transition,0,no_load,both,B4: reversal,servo-app/lab-0.1
1781172880.1053562,23.377562046051025,B4_REVERSAL,B4_REVERSAL_R02_20260611_171416,delta-asda-b3-e,1591,RTSO|SO|OE|VE|QS|TR,3,0,56859322,601,19,0.08113,18,0.043038,305,48,4270,2391,6000,,600,,,,reversal,transition,0,no_load,both,B4: reversal,servo-app/lab-0.1
1781172880.2057016,23.477907419204712,B4_REVERSAL,B4_REVERSAL_R02_20260611_171416,delta-asda-b3-e,1591,RTSO|SO|OE|VE|QS|TR,3,0,58570485,600,22,0.09394,20,0.04782,305,48,4270,2391,6000,,600,,,,reversal,transition,0,no_load,both,B4: reversal,servo-app/lab-0.1
1781172880.305724,23.577929735183716,B4_REVERSAL,B4_REVERSAL_R02_20260611_171416,delta-asda-b3-e,1591,RTSO|SO|OE|VE|QS|TR,3,0,60231104,600,17,0.07259,18,0.043038,305,48,4270,2391,6000,,600,,,,reversal,transition,0,no_load,both,B4: reversal,servo-app/lab-0.1
1781172880.406234,23.67843985557556,B4_REVERSAL,B4_REVERSAL_R02_20260611_171416,delta-asda-b3-e,1591,RTSO|SO|OE|VE|QS|TR,3,0,61925530,600,21,0.08967,21,0.050211,305,48,4270,2391,6000,,600,,,,reversal,transition,0,no_load,both,B4: reversal,servo-app/lab-0.1
1781172880.5067034,23.77890920639038,B4_REVERSAL,B4_REVERSAL_R02_20260611_171416,delta-asda-b3-e,1591,RTSO|SO|OE|VE|QS|TR,3,0,63603216,600,17,0.07259,18,0.043038,305,48,4270,2391,6000,,600,,,,reversal,transition,0,no_load,both,B4: reversal,servo-app/lab-0.1
1781172880.6068373,23.879043102264404,B4_REVERSAL,B4_REVERSAL_R02_20260611_171416,delta-asda-b3-e,1591,RTSO|SO|OE|VE|QS|TR,3,0,65281255,600,19,0.08113,20,0.04782,305,48,4270,2391,6000,,600,,,,reversal,transition,0,no_load,both,B4: reversal,servo-app/lab-0.1
1781172880.7071104,23.979316234588623,B4_REVERSAL,B4_REVERSAL_R02_20260611_171416,delta-asda-b3-e,1591,RTSO|SO|OE|VE|QS|TR,3,0,66958591,600,16,0.06832,16,0.038256,306,48,4270,2391,6000,,600,,,,reversal,transition,0,no_load,both,B4: reversal,servo-app/lab-0.1
1781172880.8075168,24.07972264289856,B4_REVERSAL,B4_REVERSAL_R02_20260611_171416,delta-asda-b3-e,1591,RTSO|SO|OE|VE|QS|TR,3,0,68619822,600,20,0.0854,21,0.050211,305,48,4270,2391,6000,,600,,,,reversal,transition,0,no_load,both,B4: reversal,servo-app/lab-0.1
1781172880.907784,24.1799898147583,B4_REVERSAL,B4_REVERSAL_R02_20260611_171416,delta-asda-b3-e,1591,RTSO|SO|OE|VE|QS|TR,3,0,70330499,599,18,0.07686,18,0.043038,305,48,4270,2391,6000,,600,,,,reversal,transition,0,no_load,both,B4: reversal,servo-app/lab-0.1
1781172881.0078144,24.280020236968994,B4_REVERSAL,B4_REVERSAL_R02_20260611_171416,delta-asda-b3-e,1591,RTSO|SO|OE|VE|QS|TR,3,0,72025373,600,19,0.08113,21,0.050211,305,48,4270,2391,6000,,600,,,,reversal,transition,0,no_load,both,B4: reversal,servo-app/lab-0.1
1781172881.108164,24.380369901657104,B4_REVERSAL,B4_REVERSAL_R02_20260611_171416,delta-asda-b3-e,1591,RTSO|SO|OE|VE|QS|TR,3,0,73702819,599,18,0.07686,19,0.045429,305,48,4270,2391,6000,,600,,,,reversal,transition,0,no_load,both,B4: reversal,servo-app/lab-0.1
1781172881.208706,24.48091173171997,B4_REVERSAL,B4_REVERSAL_R02_20260611_171416,delta-asda-b3-e,1591,RTSO|SO|OE|VE|QS|TR,3,0,75380470,599,20,0.0854,21,0.050211,305,48,4270,2391,6000,,600,,,,reversal,transition,0,no_load,both,B4: reversal,servo-app/lab-0.1
1781172881.3088663,24.581072092056274,B4_REVERSAL,B4_REVERSAL_R02_20260611_171416,delta-asda-b3-e,1591,RTSO|SO|OE|VE|QS|TR,3,0,77074512,599,18,0.07686,18,0.043038,305,48,4270,2391,6000,,600,,,,reversal,transition,0,no_load,both,B4: reversal,servo-app/lab-0.1
1781172881.4092155,24.681421279907227,B4_REVERSAL,B4_REVERSAL_R02_20260611_171416,delta-asda-b3-e,1591,RTSO|SO|OE|VE|QS|TR,3,0,78718829,599,19,0.08113,19,0.045429,305,48,4270,2391,6000,,600,,,,reversal,transition,0,no_load,both,B4: reversal,servo-app/lab-0.1
1781172881.509463,24.78166890144348,B4_REVERSAL,B4_REVERSAL_R02_20260611_171416,delta-asda-b3-e,1591,RTSO|SO|OE|VE|QS|TR,3,0,80430010,600,18,0.07686,18,0.043038,305,48,4270,2391,6000,,600,,,,reversal,transition,0,no_load,both,B4: reversal,servo-app/lab-0.1
1781172881.6094894,24.88169527053833,B4_REVERSAL,B4_REVERSAL_R02_20260611_171416,delta-asda-b3-e,1591,RTSO|SO|OE|VE|QS|TR,3,0,82107982,600,20,0.0854,19,0.045429,306,48,4270,2391,6000,,600,,,,reversal,transition,0,no_load,both,B4: reversal,servo-app/lab-0.1
1781172881.7097938,24.98199963569641,B4_REVERSAL,B4_REVERSAL_R02_20260611_171416,delta-asda-b3-e,567,RTSO|SO|OE|VE|QS,3,0,83765836,584,4,0.01708,4,0.009564,305,48,4270,2391,6000,,600,,,,reversal,transition,0,no_load,both,B4: reversal,servo-app/lab-0.1
1781172881.8101482,25.082354068756104,B4_REVERSAL,B4_REVERSAL_R02_20260611_171416,delta-asda-b3-e,1591,RTSO|SO|OE|VE|QS|TR,3,0,82716936,-600,-20,-0.0854,-19,-0.045429,306,48,4270,2391,6000,,600,,,,reversal,transition,0,no_load,both,B4: reversal,servo-app/lab-0.1
1781172881.910454,25.18265986442566,B4_REVERSAL,B4_REVERSAL_R02_20260611_171416,delta-asda-b3-e,1591,RTSO|SO|OE|VE|QS|TR,3,0,81022501,-601,-14,-0.05978,-16,-0.038256,306,48,4270,2391,6000,,600,,,,reversal,transition,0,no_load,both,B4: reversal,servo-app/lab-0.1
1781172882.0112424,25.283448219299316,B4_REVERSAL,B4_REVERSAL_R02_20260611_171416,delta-asda-b3-e,1591,RTSO|SO|OE|VE|QS|TR,3,0,79344885,-601,-19,-0.08113,-20,-0.04782,306,48,4270,2391,6000,,600,,,,reversal,transition,0,no_load,both,B4: reversal,servo-app/lab-0.1
1781172882.1114252,25.383630990982056,B4_REVERSAL,B4_REVERSAL_R02_20260611_171416,delta-asda-b3-e,1591,RTSO|SO|OE|VE|QS|TR,3,0,77650467,-600,-15,-0.06405,-16,-0.038256,306,48,4270,2391,6000,,600,,,,reversal,transition,0,no_load,both,B4: reversal,servo-app/lab-0.1
1781172882.2116492,25.48385500907898,B4_REVERSAL,B4_REVERSAL_R02_20260611_171416,delta-asda-b3-e,1591,RTSO|SO|OE|VE|QS|TR,3,0,75972919,-600,-18,-0.07686,-20,-0.04782,306,48,4270,2391,6000,,600,,,,reversal,transition,0,no_load,both,B4: reversal,servo-app/lab-0.1
1781172882.3117325,25.583938360214233,B4_REVERSAL,B4_REVERSAL_R02_20260611_171416,delta-asda-b3-e,1591,RTSO|SO|OE|VE|QS|TR,3,0,74294931,-601,-15,-0.06405,-14,-0.033474,306,48,4270,2391,6000,,600,,,,reversal,transition,0,no_load,both,B4: reversal,servo-app/lab-0.1
1781172882.4125266,25.68473243713379,B4_REVERSAL,B4_REVERSAL_R02_20260611_171416,delta-asda-b3-e,1591,RTSO|SO|OE|VE|QS|TR,3,0,72600503,-601,-18,-0.07686,-19,-0.045429,306,48,4270,2391,6000,,600,,,,reversal,transition,0,no_load,both,B4: reversal,servo-app/lab-0.1
1781172882.5125532,25.784759044647217,B4_REVERSAL,B4_REVERSAL_R02_20260611_171416,delta-asda-b3-e,1591,RTSO|SO|OE|VE|QS|TR,3,0,70939484,-601,-16,-0.06832,-12,-0.028692,306,48,4270,2391,6000,,600,,,,reversal,transition,0,no_load,both,B4: reversal,servo-app/lab-0.1
1781172882.6126103,25.88481616973877,B4_REVERSAL,B4_REVERSAL_R02_20260611_171416,delta-asda-b3-e,1591,RTSO|SO|OE|VE|QS|TR,3,0,69245210,-600,-20,-0.0854,-19,-0.045429,306,48,4270,2391,6000,,600,,,,reversal,transition,0,no_load,both,B4: reversal,servo-app/lab-0.1
1781172882.712759,25.984964847564697,B4_REVERSAL,B4_REVERSAL_R02_20260611_171416,delta-asda-b3-e,1591,RTSO|SO|OE|VE|QS|TR,3,0,67584372,-601,-13,-0.05551,-16,-0.038256,305,48,4270,2391,6000,,600,,,,reversal,transition,0,no_load,both,B4: reversal,servo-app/lab-0.1
1781172882.8134565,26.085662364959717,B4_REVERSAL,B4_REVERSAL_R02_20260611_171416,delta-asda-b3-e,1591,RTSO|SO|OE|VE|QS|TR,3,0,65872752,-601,-20,-0.0854,-18,-0.043038,306,48,4270,2391,6000,,600,,,,reversal,transition,0,no_load,both,B4: reversal,servo-app/lab-0.1
1781172882.913694,26.18589973449707,B4_REVERSAL,B4_REVERSAL_R02_20260611_171416,delta-asda-b3-e,1591,RTSO|SO|OE|VE|QS|TR,3,0,64211786,-601,-15,-0.06405,-15,-0.035865,306,48,4270,2391,6000,,600,,,,reversal,transition,0,no_load,both,B4: reversal,servo-app/lab-0.1
1781172883.014415,26.28662085533142,B4_REVERSAL,B4_REVERSAL_R02_20260611_171416,delta-asda-b3-e,1591,RTSO|SO|OE|VE|QS|TR,3,0,62500325,-601,-19,-0.08113,-20,-0.04782,305,48,4270,2391,6000,,600,,,,reversal,transition,0,no_load,both,B4: reversal,servo-app/lab-0.1
1781172883.114541,26.386746883392334,B4_REVERSAL,B4_REVERSAL_R02_20260611_171416,delta-asda-b3-e,1591,RTSO|SO|OE|VE|QS|TR,3,0,60822761,-601,-16,-0.06832,-17,-0.040647,305,48,4270,2391,6000,,600,,,,reversal,transition,0,no_load,both,B4: reversal,servo-app/lab-0.1
1781172883.2146254,26.486831188201904,B4_REVERSAL,B4_REVERSAL_R02_20260611_171416,delta-asda-b3-e,1591,RTSO|SO|OE|VE|QS|TR,3,0,59162012,-601,-18,-0.07686,-17,-0.040647,306,48,4270,2391,6000,,600,,,,reversal,transition,0,no_load,both,B4: reversal,servo-app/lab-0.1
1781172883.315221,26.587426900863647,B4_REVERSAL,B4_REVERSAL_R02_20260611_171416,delta-asda-b3-e,1591,RTSO|SO|OE|VE|QS|TR,3,0,57467115,-602,-15,-0.06405,-14,-0.033474,306,48,4270,2391,6000,,600,,,,reversal,transition,0,no_load,both,B4: reversal,servo-app/lab-0.1
1781172883.4154427,26.68764853477478,B4_REVERSAL,B4_REVERSAL_R02_20260611_171416,delta-asda-b3-e,1591,RTSO|SO|OE|VE|QS|TR,3,0,55772784,-601,-18,-0.07686,-20,-0.04782,306,49,4270,2391,6000,,600,,,,reversal,transition,0,no_load,both,B4: reversal,servo-app/lab-0.1
1781172883.5158708,26.788076639175415,B4_REVERSAL,B4_REVERSAL_R02_20260611_171416,delta-asda-b3-e,1591,RTSO|SO|OE|VE|QS|TR,3,0,54094780,-601,-19,-0.08113,-18,-0.043038,305,48,4270,2391,6000,,600,,,,reversal,transition,0,no_load,both,B4: reversal,servo-app/lab-0.1
1781172883.6159997,26.888205528259277,B4_REVERSAL,B4_REVERSAL_R02_20260611_171416,delta-asda-b3-e,1591,RTSO|SO|OE|VE|QS|TR,3,0,52417500,-600,-20,-0.0854,-20,-0.04782,306,48,4270,2391,6000,,600,,,,reversal,transition,0,no_load,both,B4: reversal,servo-app/lab-0.1
1781172883.7160926,26.988298416137695,B4_REVERSAL,B4_REVERSAL_R02_20260611_171416,delta-asda-b3-e,1591,RTSO|SO|OE|VE|QS|TR,3,0,50756482,-601,-15,-0.06405,-15,-0.035865,306,48,4270,2391,6000,,600,,,,reversal,transition,0,no_load,both,B4: reversal,servo-app/lab-0.1
1781172883.8162754,27.088481187820435,B4_REVERSAL,B4_REVERSAL_R02_20260611_171416,delta-asda-b3-e,1591,RTSO|SO|OE|VE|QS|TR,3,0,49061750,-601,-21,-0.08967,-20,-0.04782,306,48,4270,2391,6000,,600,,,,reversal,transition,0,no_load,both,B4: reversal,servo-app/lab-0.1
1781172883.9167488,27.1889545917511,B4_REVERSAL,B4_REVERSAL_R02_20260611_171416,delta-asda-b3-e,1591,RTSO|SO|OE|VE|QS|TR,3,0,47367054,-601,-16,-0.06832,-15,-0.035865,306,48,4270,2391,6000,,600,,,,reversal,transition,0,no_load,both,B4: reversal,servo-app/lab-0.1
1781172884.017148,27.289353847503662,B4_REVERSAL,B4_REVERSAL_R02_20260611_171416,delta-asda-b3-e,1591,RTSO|SO|OE|VE|QS|TR,3,0,45706167,-600,-18,-0.07686,-20,-0.04782,306,48,4270,2391,6000,,600,,,,reversal,transition,0,no_load,both,B4: reversal,servo-app/lab-0.1
1781172884.1171987,27.38940453529358,B4_REVERSAL,B4_REVERSAL_R02_20260611_171416,delta-asda-b3-e,1591,RTSO|SO|OE|VE|QS|TR,3,0,44011838,-600,-16,-0.06832,-17,-0.040647,305,48,4270,2391,6000,,600,,,,reversal,transition,0,no_load,both,B4: reversal,servo-app/lab-0.1
1781172884.2175074,27.489713191986084,B4_REVERSAL,B4_REVERSAL_R02_20260611_171416,delta-asda-b3-e,1591,RTSO|SO|OE|VE|QS|TR,3,0,42317491,-600,-20,-0.0854,-19,-0.045429,306,48,4270,2391,6000,,600,,,,reversal,transition,0,no_load,both,B4: reversal,servo-app/lab-0.1
1781172884.3179972,27.590203046798706,B4_REVERSAL,B4_REVERSAL_R02_20260611_171416,delta-asda-b3-e,1591,RTSO|SO|OE|VE|QS|TR,3,0,40622708,-601,-18,-0.07686,-17,-0.040647,305,49,4270,2391,6000,,600,,,,reversal,transition,0,no_load,both,B4: reversal,servo-app/lab-0.1
1781172884.4182813,27.690487146377563,B4_REVERSAL,B4_REVERSAL_R02_20260611_171416,delta-asda-b3-e,1591,RTSO|SO|OE|VE|QS|TR,3,0,38961997,-600,-18,-0.07686,-20,-0.04782,305,49,4270,2391,6000,,600,,,,reversal,transition,0,no_load,both,B4: reversal,servo-app/lab-0.1
1781172884.518704,27.79090976715088,B4_REVERSAL,B4_REVERSAL_R02_20260611_171416,delta-asda-b3-e,1591,RTSO|SO|OE|VE|QS|TR,3,0,37284068,-601,-17,-0.07259,-22,-0.052602,305,48,4270,2391,6000,,600,,,,reversal,transition,0,no_load,both,B4: reversal,servo-app/lab-0.1
1781172884.6191318,27.891337633132935,B4_REVERSAL,B4_REVERSAL_R02_20260611_171416,delta-asda-b3-e,1591,RTSO|SO|OE|VE|QS|TR,3,0,35573367,-600,-18,-0.07686,-21,-0.050211,305,48,4270,2391,6000,,600,,,,reversal,transition,0,no_load,both,B4: reversal,servo-app/lab-0.1
1781172884.7194538,27.99165964126587,B4_REVERSAL,B4_REVERSAL_R02_20260611_171416,delta-asda-b3-e,1591,RTSO|SO|OE|VE|QS|TR,3,0,33895282,-601,-16,-0.06832,-15,-0.035865,305,48,4270,2391,6000,,600,,,,reversal,transition,0,no_load,both,B4: reversal,servo-app/lab-0.1
1781172884.8196921,28.09189796447754,B4_REVERSAL,B4_REVERSAL_R02_20260611_171416,delta-asda-b3-e,1591,RTSO|SO|OE|VE|QS|TR,3,0,32234341,-600,-22,-0.09394,-19,-0.045429,305,48,4270,2391,6000,,600,,,,reversal,transition,0,no_load,both,B4: reversal,servo-app/lab-0.1
1781172884.9198775,28.19208335876465,B4_REVERSAL,B4_REVERSAL_R02_20260611_171416,delta-asda-b3-e,1591,RTSO|SO|OE|VE|QS|TR,3,0,30556384,-601,-16,-0.06832,-14,-0.033474,306,48,4270,2391,6000,,600,,,,reversal,transition,0,no_load,both,B4: reversal,servo-app/lab-0.1
1781172885.0199196,28.292125463485718,B4_REVERSAL,B4_REVERSAL_R02_20260611_171416,delta-asda-b3-e,1591,RTSO|SO|OE|VE|QS|TR,3,0,28862058,-600,-18,-0.07686,-22,-0.052602,305,49,4270,2391,6000,,600,,,,reversal,transition,0,no_load,both,B4: reversal,servo-app/lab-0.1
1781172885.1200504,28.392256259918213,B4_REVERSAL,B4_REVERSAL_R02_20260611_171416,delta-asda-b3-e,1591,RTSO|SO|OE|VE|QS|TR,3,0,27167645,-600,-17,-0.07259,-16,-0.038256,305,48,4270,2391,6000,,600,,,,reversal,transition,0,no_load,both,B4: reversal,servo-app/lab-0.1
1781172885.220311,28.49251675605774,B4_REVERSAL,B4_REVERSAL_R02_20260611_171416,delta-asda-b3-e,1591,RTSO|SO|OE|VE|QS|TR,3,0,25523491,-600,-18,-0.07686,-18,-0.043038,305,49,4270,2391,6000,,600,,,,reversal,transition,0,no_load,both,B4: reversal,servo-app/lab-0.1
1781172885.3206356,28.592841386795044,B4_REVERSAL,B4_REVERSAL_R02_20260611_171416,delta-asda-b3-e,1591,RTSO|SO|OE|VE|QS|TR,3,0,23845490,-601,-18,-0.07686,-18,-0.043038,305,48,4270,2391,6000,,600,,,,reversal,transition,0,no_load,both,B4: reversal,servo-app/lab-0.1
1781172885.4211667,28.69337248802185,B4_REVERSAL,B4_REVERSAL_R02_20260611_171416,delta-asda-b3-e,1591,RTSO|SO|OE|VE|QS|TR,3,0,22134524,-600,-20,-0.0854,-21,-0.050211,305,48,4270,2391,6000,,600,,,,reversal,transition,0,no_load,both,B4: reversal,servo-app/lab-0.1
1781172885.5214167,28.793622493743896,B4_REVERSAL,B4_REVERSAL_R02_20260611_171416,delta-asda-b3-e,1591,RTSO|SO|OE|VE|QS|TR,3,0,20439827,-601,-17,-0.07259,-16,-0.038256,305,48,4270,2391,6000,,600,,,,reversal,transition,0,no_load,both,B4: reversal,servo-app/lab-0.1
1781172885.6219141,28.89411997795105,B4_REVERSAL,B4_REVERSAL_R02_20260611_171416,delta-asda-b3-e,1591,RTSO|SO|OE|VE|QS|TR,3,0,18762600,-600,-23,-0.09821,-20,-0.04782,305,48,4270,2391,6000,,600,,,,reversal,transition,0,no_load,both,B4: reversal,servo-app/lab-0.1
1781172885.7222745,28.99448037147522,B4_REVERSAL,B4_REVERSAL_R02_20260611_171416,delta-asda-b3-e,1591,RTSO|SO|OE|VE|QS|TR,3,0,17084481,-601,-19,-0.08113,-16,-0.038256,305,49,4270,2391,6000,,600,,,,reversal,transition,0,no_load,both,B4: reversal,servo-app/lab-0.1
1781172885.8227763,29.094982147216797,B4_REVERSAL,B4_REVERSAL_R02_20260611_171416,delta-asda-b3-e,1591,RTSO|SO|OE|VE|QS|TR,3,0,15390064,-600,-21,-0.08967,-17,-0.040647,305,48,4270,2391,6000,,600,,,,reversal,transition,0,no_load,both,B4: reversal,servo-app/lab-0.1
1781172885.923167,29.195372819900513,B4_REVERSAL,B4_REVERSAL_R02_20260611_171416,delta-asda-b3-e,1591,RTSO|SO|OE|VE|QS|TR,3,0,13728786,-601,-16,-0.06832,-15,-0.035865,305,49,4270,2391,6000,,600,,,,reversal,transition,0,no_load,both,B4: reversal,servo-app/lab-0.1
1781172886.023663,29.29586887359619,B4_REVERSAL,B4_REVERSAL_R02_20260611_171416,delta-asda-b3-e,1591,RTSO|SO|OE|VE|QS|TR,3,0,12000811,-600,-23,-0.09821,-21,-0.050211,305,49,4270,2391,6000,,600,,,,reversal,transition,0,no_load,both,B4: reversal,servo-app/lab-0.1
1781172886.1238558,29.396061658859253,B4_REVERSAL,B4_REVERSAL_R02_20260611_171416,delta-asda-b3-e,1591,RTSO|SO|OE|VE|QS|TR,3,0,10356761,-601,-16,-0.06832,-14,-0.033474,305,48,4270,2391,6000,,600,,,,reversal,transition,0,no_load,both,B4: reversal,servo-app/lab-0.1
1781172886.224238,29.49644374847412,B4_REVERSAL,B4_REVERSAL_R02_20260611_171416,delta-asda-b3-e,1591,RTSO|SO|OE|VE|QS|TR,3,0,8662139,-601,-20,-0.0854,-18,-0.043038,305,48,4270,2391,6000,,600,,,,reversal,transition,0,no_load,both,B4: reversal,servo-app/lab-0.1
1781172886.3246644,29.596870183944702,B4_REVERSAL,B4_REVERSAL_R02_20260611_171416,delta-asda-b3-e,1591,RTSO|SO|OE|VE|QS|TR,3,0,6967323,-601,-16,-0.06832,-17,-0.040647,305,48,4270,2391,6000,,600,,,,reversal,transition,0,no_load,both,B4: reversal,servo-app/lab-0.1
1781172886.4247215,29.696927309036255,B4_REVERSAL,B4_REVERSAL_R02_20260611_171416,delta-asda-b3-e,1591,RTSO|SO|OE|VE|QS|TR,3,0,5306730,-601,-17,-0.07259,-19,-0.045429,305,48,4270,2391,6000,,600,,,,reversal,transition,0,no_load,both,B4: reversal,servo-app/lab-0.1
1781172886.5254755,29.79768133163452,B4_REVERSAL,B4_REVERSAL_R02_20260611_171416,delta-asda-b3-e,1591,RTSO|SO|OE|VE|QS|TR,3,0,3628869,-601,-17,-0.07259,-17,-0.040647,305,48,4270,2391,6000,,600,,,,reversal,transition,0,no_load,both,B4: reversal,servo-app/lab-0.1
1781172886.6258743,29.898080110549927,B4_REVERSAL,B4_REVERSAL_R02_20260611_171416,delta-asda-b3-e,1591,RTSO|SO|OE|VE|QS|TR,3,0,1934774,-600,-18,-0.07686,-21,-0.050211,305,49,4270,2391,6000,,600,,,,reversal,transition,0,no_load,both,B4: reversal,servo-app/lab-0.1
1781172886.7259965,29.998202323913574,B4_REVERSAL,B4_REVERSAL_R02_20260611_171416,delta-asda-b3-e,567,RTSO|SO|OE|VE|QS,3,0,362708,-325,0,0.0,-2,-0.004782,305,48,4270,2391,6000,,600,,,,reversal,transition,0,no_load,both,B4: reversal,servo-app/lab-0.1
1781172886.8261347,30.09834051132202,B4_REVERSAL,B4_REVERSAL_R02_20260611_171416,delta-asda-b3-e,1591,RTSO|SO|OE|VE|QS|TR,3,0,1795298,600,21,0.08967,21,0.050211,305,48,4270,2391,6000,,600,,,,reversal,transition,0,no_load,both,B4: reversal,servo-app/lab-0.1
1781172886.9261642,30.1983699798584,B4_REVERSAL,B4_REVERSAL_R02_20260611_171416,delta-asda-b3-e,1591,RTSO|SO|OE|VE|QS|TR,3,0,3439058,600,19,0.08113,18,0.043038,305,48,4270,2391,6000,,600,,,,reversal,transition,0,no_load,both,B4: reversal,servo-app/lab-0.1
1781172887.0263171,30.29852294921875,B4_REVERSAL,B4_REVERSAL_R02_20260611_171416,delta-asda-b3-e,1591,RTSO|SO|OE|VE|QS|TR,3,0,5150636,600,18,0.07686,18,0.043038,305,49,4270,2391,6000,,600,,,,reversal,transition,0,no_load,both,B4: reversal,servo-app/lab-0.1
1781172887.1266322,30.39883804321289,B4_REVERSAL,B4_REVERSAL_R02_20260611_171416,delta-asda-b3-e,1591,RTSO|SO|OE|VE|QS|TR,3,0,6827837,600,24,0.10248,21,0.050211,305,48,4270,2391,6000,,600,,,,reversal,transition,0,no_load,both,B4: reversal,servo-app/lab-0.1
1781172887.2269764,30.49918222427368,B4_REVERSAL,B4_REVERSAL_R02_20260611_171416,delta-asda-b3-e,1591,RTSO|SO|OE|VE|QS|TR,3,0,8505782,600,19,0.08113,20,0.04782,305,49,4270,2391,6000,,600,,,,reversal,transition,0,no_load,both,B4: reversal,servo-app/lab-0.1
1781172887.3271573,30.599363088607788,B4_REVERSAL,B4_REVERSAL_R02_20260611_171416,delta-asda-b3-e,1591,RTSO|SO|OE|VE|QS|TR,3,0,10199667,600,23,0.09821,25,0.059775,305,49,4270,2391,6000,,600,,,,reversal,transition,0,no_load,both,B4: reversal,servo-app/lab-0.1
1781172887.4275572,30.69976305961609,B4_REVERSAL,B4_REVERSAL_R02_20260611_171416,delta-asda-b3-e,1591,RTSO|SO|OE|VE|QS|TR,3,0,11877971,601,18,0.07686,18,0.043038,305,49,4270,2391,6000,,600,,,,reversal,transition,0,no_load,both,B4: reversal,servo-app/lab-0.1
1781172887.5276024,30.799808263778687,B4_REVERSAL,B4_REVERSAL_R02_20260611_171416,delta-asda-b3-e,1591,RTSO|SO|OE|VE|QS|TR,3,0,13538706,600,21,0.08967,21,0.050211,305,49,4270,2391,6000,,600,,,,reversal,transition,0,no_load,both,B4: reversal,servo-app/lab-0.1
1781172887.6280038,30.900209665298462,B4_REVERSAL,B4_REVERSAL_R02_20260611_171416,delta-asda-b3-e,1591,RTSO|SO|OE|VE|QS|TR,3,0,15250063,600,18,0.07686,18,0.043038,306,49,4270,2391,6000,,600,,,,reversal,transition,0,no_load,both,B4: reversal,servo-app/lab-0.1
1781172887.7280347,31.000240564346313,B4_REVERSAL,B4_REVERSAL_R02_20260611_171416,delta-asda-b3-e,1591,RTSO|SO|OE|VE|QS|TR,3,0,16927463,600,23,0.09821,24,0.057384,305,49,4270,2391,6000,,600,,,,reversal,transition,0,no_load,both,B4: reversal,servo-app/lab-0.1
1781172887.8282876,31.10049343109131,B4_REVERSAL,B4_REVERSAL_R02_20260611_171416,delta-asda-b3-e,1591,RTSO|SO|OE|VE|QS|TR,3,0,18605345,600,18,0.07686,19,0.045429,306,48,4270,2391,6000,,600,,,,reversal,transition,0,no_load,both,B4: reversal,servo-app/lab-0.1
1781172887.928329,31.20053482055664,B4_REVERSAL,B4_REVERSAL_R02_20260611_171416,delta-asda-b3-e,1591,RTSO|SO|OE|VE|QS|TR,3,0,20266115,600,18,0.07686,19,0.045429,306,49,4270,2391,6000,,600,,,,reversal,transition,0,no_load,both,B4: reversal,servo-app/lab-0.1
1781172888.028752,31.300957918167114,B4_REVERSAL,B4_REVERSAL_R02_20260611_171416,delta-asda-b3-e,1591,RTSO|SO|OE|VE|QS|TR,3,0,21927416,600,19,0.08113,16,0.038256,306,48,4270,2391,6000,,600,,,,reversal,transition,0,no_load,both,B4: reversal,servo-app/lab-0.1
1781172888.129219,31.401424884796143,B4_REVERSAL,B4_REVERSAL_R02_20260611_171416,delta-asda-b3-e,1591,RTSO|SO|OE|VE|QS|TR,3,0,23654804,600,22,0.09394,22,0.052602,306,49,4270,2391,6000,,600,,,,reversal,transition,0,no_load,both,B4: reversal,servo-app/lab-0.1
1781172888.229366,31.501571893692017,B4_REVERSAL,B4_REVERSAL_R02_20260611_171416,delta-asda-b3-e,1591,RTSO|SO|OE|VE|QS|TR,3,0,25315938,600,19,0.08113,20,0.04782,306,49,4270,2391,6000,,600,,,,reversal,transition,0,no_load,both,B4: reversal,servo-app/lab-0.1
1781172888.3295977,31.60180354118347,B4_REVERSAL,B4_REVERSAL_R02_20260611_171416,delta-asda-b3-e,1591,RTSO|SO|OE|VE|QS|TR,3,0,27009823,600,22,0.09394,25,0.059775,306,49,4270,2391,6000,,600,,,,reversal,transition,0,no_load,both,B4: reversal,servo-app/lab-0.1
1781172888.4299664,31.70217227935791,B4_REVERSAL,B4_REVERSAL_R02_20260611_171416,delta-asda-b3-e,1591,RTSO|SO|OE|VE|QS|TR,3,0,28688075,600,18,0.07686,22,0.052602,306,49,4270,2391,6000,,600,,,,reversal,transition,0,no_load,both,B4: reversal,servo-app/lab-0.1
1781172888.530373,31.802578926086426,B4_REVERSAL,B4_REVERSAL_R02_20260611_171416,delta-asda-b3-e,1591,RTSO|SO|OE|VE|QS|TR,3,0,30365515,600,21,0.08967,21,0.050211,306,48,4270,2391,6000,,600,,,,reversal,transition,0,no_load,both,B4: reversal,servo-app/lab-0.1
1781172888.6304862,31.902692079544067,B4_REVERSAL,B4_REVERSAL_R02_20260611_171416,delta-asda-b3-e,1591,RTSO|SO|OE|VE|QS|TR,3,0,32060108,600,20,0.0854,19,0.045429,306,49,4270,2391,6000,,600,,,,reversal,transition,0,no_load,both,B4: reversal,servo-app/lab-0.1
1781172888.7310653,32.00327110290527,B4_REVERSAL,B4_REVERSAL_R02_20260611_171416,delta-asda-b3-e,1591,RTSO|SO|OE|VE|QS|TR,3,0,33720774,600,23,0.09821,23,0.054993,306,49,4270,2391,6000,,600,,,,reversal,transition,0,no_load,both,B4: reversal,servo-app/lab-0.1
1781172888.831163,32.10336875915527,B4_REVERSAL,B4_REVERSAL_R02_20260611_171416,delta-asda-b3-e,1591,RTSO|SO|OE|VE|QS|TR,3,0,35432179,600,19,0.08113,20,0.04782,306,49,4270,2391,6000,,600,,,,reversal,transition,0,no_load,both,B4: reversal,servo-app/lab-0.1
1781172888.9316692,32.20387506484985,B4_REVERSAL,B4_REVERSAL_R02_20260611_171416,delta-asda-b3-e,1591,RTSO|SO|OE|VE|QS|TR,3,0,37109734,600,21,0.08967,24,0.057384,306,49,4270,2391,6000,,600,,,,reversal,transition,0,no_load,both,B4: reversal,servo-app/lab-0.1
1781172889.0318277,32.304033517837524,B4_REVERSAL,B4_REVERSAL_R02_20260611_171416,delta-asda-b3-e,1591,RTSO|SO|OE|VE|QS|TR,3,0,38770969,600,19,0.08113,19,0.045429,306,49,4270,2391,6000,,600,,,,reversal,transition,0,no_load,both,B4: reversal,servo-app/lab-0.1
1781172889.132278,32.404483795166016,B4_REVERSAL,B4_REVERSAL_R02_20260611_171416,delta-asda-b3-e,1591,RTSO|SO|OE|VE|QS|TR,3,0,40481620,599,20,0.0854,23,0.054993,306,49,4270,2391,6000,,600,,,,reversal,transition,0,no_load,both,B4: reversal,servo-app/lab-0.1
1781172889.23276,32.50496578216553,B4_REVERSAL,B4_REVERSAL_R02_20260611_171416,delta-asda-b3-e,1591,RTSO|SO|OE|VE|QS|TR,3,0,42159523,600,18,0.07686,17,0.040647,306,49,4270,2391,6000,,600,,,,reversal,transition,0,no_load,both,B4: reversal,servo-app/lab-0.1
1781172889.3330424,32.60524821281433,B4_REVERSAL,B4_REVERSAL_R02_20260611_171416,delta-asda-b3-e,1591,RTSO|SO|OE|VE|QS|TR,3,0,43836764,600,22,0.09394,22,0.052602,306,49,4270,2391,6000,,600,,,,reversal,transition,0,no_load,both,B4: reversal,servo-app/lab-0.1
1781172889.4332235,32.70542931556702,B4_REVERSAL,B4_REVERSAL_R02_20260611_171416,delta-asda-b3-e,1591,RTSO|SO|OE|VE|QS|TR,3,0,45498259,600,17,0.07259,19,0.045429,306,49,4270,2391,6000,,600,,,,reversal,transition,0,no_load,both,B4: reversal,servo-app/lab-0.1
1781172889.5334344,32.80564022064209,B4_REVERSAL,B4_REVERSAL_R02_20260611_171416,delta-asda-b3-e,1591,RTSO|SO|OE|VE|QS|TR,3,0,47209104,599,20,0.0854,22,0.052602,306,49,4270,2391,6000,,600,,,,reversal,transition,0,no_load,both,B4: reversal,servo-app/lab-0.1
1781172889.6339023,32.906108140945435,B4_REVERSAL,B4_REVERSAL_R02_20260611_171416,delta-asda-b3-e,1591,RTSO|SO|OE|VE|QS|TR,3,0,48870294,600,20,0.0854,19,0.045429,306,49,4270,2391,6000,,600,,,,reversal,transition,0,no_load,both,B4: reversal,servo-app/lab-0.1
1781172889.7342138,33.00641965866089,B4_REVERSAL,B4_REVERSAL_R02_20260611_171416,delta-asda-b3-e,1591,RTSO|SO|OE|VE|QS|TR,3,0,50581126,599,25,0.10675,24,0.057384,306,49,4270,2391,6000,,600,,,,reversal,transition,0,no_load,both,B4: reversal,servo-app/lab-0.1
1781172889.8342474,33.10645318031311,B4_REVERSAL,B4_REVERSAL_R02_20260611_171416,delta-asda-b3-e,1591,RTSO|SO|OE|VE|QS|TR,3,0,52259092,599,17,0.07259,18,0.043038,307,49,4270,2391,6000,,600,,,,reversal,transition,0,no_load,both,B4: reversal,servo-app/lab-0.1
1781172889.934308,33.20651388168335,B4_REVERSAL,B4_REVERSAL_R02_20260611_171416,delta-asda-b3-e,1591,RTSO|SO|OE|VE|QS|TR,3,0,53936651,599,27,0.11529,26,0.062166,306,49,4270,2391,6000,,600,,,,reversal,transition,0,no_load,both,B4: reversal,servo-app/lab-0.1
1781172890.0343714,33.30657720565796,B4_REVERSAL,B4_REVERSAL_R02_20260611_171416,delta-asda-b3-e,1591,RTSO|SO|OE|VE|QS|TR,3,0,55597821,599,20,0.0854,18,0.043038,306,49,4270,2391,6000,,600,,,,reversal,transition,0,no_load,both,B4: reversal,servo-app/lab-0.1
1781172890.1346653,33.40687108039856,B4_REVERSAL,B4_REVERSAL_R02_20260611_171416,delta-asda-b3-e,1591,RTSO|SO|OE|VE|QS|TR,3,0,57258305,599,23,0.09821,20,0.04782,306,49,4270,2391,6000,,600,,,,reversal,transition,0,no_load,both,B4: reversal,servo-app/lab-0.1
1781172890.2350512,33.50725698471069,B4_REVERSAL,B4_REVERSAL_R02_20260611_171416,delta-asda-b3-e,1591,RTSO|SO|OE|VE|QS|TR,3,0,58986329,599,19,0.08113,21,0.050211,306,49,4270,2391,6000,,600,,,,reversal,transition,0,no_load,both,B4: reversal,servo-app/lab-0.1
1781172890.3352892,33.607495069503784,B4_REVERSAL,B4_REVERSAL_R02_20260611_171416,delta-asda-b3-e,1591,RTSO|SO|OE|VE|QS|TR,3,0,60663580,599,23,0.09821,23,0.054993,306,49,4270,2391,6000,,600,,,,reversal,transition,0,no_load,both,B4: reversal,servo-app/lab-0.1
1781172890.4355583,33.70776414871216,B4_REVERSAL,B4_REVERSAL_R02_20260611_171416,delta-asda-b3-e,1591,RTSO|SO|OE|VE|QS|TR,3,0,62341872,600,18,0.07686,16,0.038256,305,49,4270,2391,6000,,600,,,,reversal,transition,0,no_load,both,B4: reversal,servo-app/lab-0.1
1781172890.5359738,33.8081796169281,B4_REVERSAL,B4_REVERSAL_R02_20260611_171416,delta-asda-b3-e,1591,RTSO|SO|OE|VE|QS|TR,3,0,64002416,599,23,0.09821,21,0.050211,306,49,4270,2391,6000,,600,,,,reversal,transition,0,no_load,both,B4: reversal,servo-app/lab-0.1
1781172890.6365712,33.9087769985199,B4_REVERSAL,B4_REVERSAL_R02_20260611_171416,delta-asda-b3-e,1591,RTSO|SO|OE|VE|QS|TR,3,0,65713746,599,18,0.07686,17,0.040647,305,49,4270,2391,6000,,600,,,,reversal,transition,0,no_load,both,B4: reversal,servo-app/lab-0.1
1781172890.7366245,34.008830308914185,B4_REVERSAL,B4_REVERSAL_R02_20260611_171416,delta-asda-b3-e,1591,RTSO|SO|OE|VE|QS|TR,3,0,67391036,599,25,0.10675,24,0.057384,305,49,4270,2391,6000,,600,,,,reversal,transition,0,no_load,both,B4: reversal,servo-app/lab-0.1
1781172890.8370938,34.109299659729004,B4_REVERSAL,B4_REVERSAL_R02_20260611_171416,delta-asda-b3-e,1591,RTSO|SO|OE|VE|QS|TR,3,0,69085830,599,17,0.07259,19,0.045429,306,49,4270,2391,6000,,600,,,,reversal,transition,0,no_load,both,B4: reversal,servo-app/lab-0.1
1781172890.9374,34.20960593223572,B4_REVERSAL,B4_REVERSAL_R02_20260611_171416,delta-asda-b3-e,1591,RTSO|SO|OE|VE|QS|TR,3,0,70746640,599,23,0.09821,20,0.04782,306,49,4270,2391,6000,,600,,,,reversal,transition,0,no_load,both,B4: reversal,servo-app/lab-0.1
1781172891.037777,34.309982776641846,B4_REVERSAL,B4_REVERSAL_R02_20260611_171416,delta-asda-b3-e,1591,RTSO|SO|OE|VE|QS|TR,3,0,72424489,599,18,0.07686,21,0.050211,305,49,4270,2391,6000,,600,,,,reversal,transition,0,no_load,both,B4: reversal,servo-app/lab-0.1
1781172891.1378837,34.41008949279785,B4_REVERSAL,B4_REVERSAL_R02_20260611_171416,delta-asda-b3-e,1591,RTSO|SO|OE|VE|QS|TR,3,0,74118430,599,24,0.10248,23,0.054993,305,49,4270,2391,6000,,600,,,,reversal,transition,0,no_load,both,B4: reversal,servo-app/lab-0.1
1781172891.2382643,34.510470151901245,B4_REVERSAL,B4_REVERSAL_R02_20260611_171416,delta-asda-b3-e,1591,RTSO|SO|OE|VE|QS|TR,3,0,75813015,598,20,0.0854,18,0.043038,305,49,4270,2391,6000,,600,,,,reversal,transition,0,no_load,both,B4: reversal,servo-app/lab-0.1
1781172891.3385634,34.610769271850586,B4_REVERSAL,B4_REVERSAL_R02_20260611_171416,delta-asda-b3-e,1591,RTSO|SO|OE|VE|QS|TR,3,0,77473608,599,21,0.08967,22,0.052602,305,49,4270,2391,6000,,600,,,,reversal,transition,0,no_load,both,B4: reversal,servo-app/lab-0.1
1781172891.438873,34.71107888221741,B4_REVERSAL,B4_REVERSAL_R02_20260611_171416,delta-asda-b3-e,1591,RTSO|SO|OE|VE|QS|TR,3,0,79168610,599,16,0.06832,18,0.043038,305,49,4270,2391,6000,,600,,,,reversal,transition,0,no_load,both,B4: reversal,servo-app/lab-0.1
1781172891.5390277,34.81123352050781,B4_REVERSAL,B4_REVERSAL_R02_20260611_171416,delta-asda-b3-e,1591,RTSO|SO|OE|VE|QS|TR,3,0,80829145,599,23,0.09821,22,0.052602,306,49,4270,2391,6000,,600,,,,reversal,transition,0,no_load,both,B4: reversal,servo-app/lab-0.1
1781172891.639218,34.91142392158508,B4_REVERSAL,B4_REVERSAL_R02_20260611_171416,delta-asda-b3-e,1591,RTSO|SO|OE|VE|QS|TR,3,0,82540549,599,19,0.08113,16,0.038256,306,49,4270,2391,6000,,600,,,,reversal,transition,0,no_load,both,B4: reversal,servo-app/lab-0.1
1781172891.7393863,35.0115921497345,B4_REVERSAL,B4_REVERSAL_R02_20260611_171416,delta-asda-b3-e,567,RTSO|SO|OE|VE|QS,3,0,83888564,89,-27,-0.11529,-24,-0.057384,305,49,4270,2391,6000,,600,,,,reversal,transition,0,no_load,both,B4: reversal,servo-app/lab-0.1
1781172891.8395376,35.111743450164795,B4_REVERSAL,B4_REVERSAL_R02_20260611_171416,delta-asda-b3-e,1591,RTSO|SO|OE|VE|QS|TR,3,0,82294078,-600,-17,-0.07259,-18,-0.043038,306,49,4270,2391,6000,,600,,,,reversal,transition,0,no_load,both,B4: reversal,servo-app/lab-0.1
1781172891.9397073,35.211913108825684,B4_REVERSAL,B4_REVERSAL_R02_20260611_171416,delta-asda-b3-e,1591,RTSO|SO|OE|VE|QS|TR,3,0,80599587,-600,-22,-0.09394,-21,-0.050211,305,49,4270,2391,6000,,600,,,,reversal,transition,0,no_load,both,B4: reversal,servo-app/lab-0.1
1781172892.0402982,35.312504053115845,B4_REVERSAL,B4_REVERSAL_R02_20260611_171416,delta-asda-b3-e,1591,RTSO|SO|OE|VE|QS|TR,3,0,78922308,-600,-19,-0.08113,-20,-0.04782,306,49,4270,2391,6000,,600,,,,reversal,transition,0,no_load,both,B4: reversal,servo-app/lab-0.1
1781172892.1409867,35.41319251060486,B4_REVERSAL,B4_REVERSAL_R02_20260611_171416,delta-asda-b3-e,1591,RTSO|SO|OE|VE|QS|TR,3,0,77227362,-600,-19,-0.08113,-19,-0.045429,306,49,4270,2391,6000,,600,,,,reversal,transition,0,no_load,both,B4: reversal,servo-app/lab-0.1
1781172892.2411933,35.51339912414551,B4_REVERSAL,B4_REVERSAL_R02_20260611_171416,delta-asda-b3-e,1591,RTSO|SO|OE|VE|QS|TR,3,0,75549820,-600,-19,-0.08113,-20,-0.04782,306,49,4270,2391,6000,,600,,,,reversal,transition,0,no_load,both,B4: reversal,servo-app/lab-0.1
1781172892.3416636,35.613869428634644,B4_REVERSAL,B4_REVERSAL_R02_20260611_171416,delta-asda-b3-e,1591,RTSO|SO|OE|VE|QS|TR,3,0,73871836,-600,-21,-0.08967,-21,-0.050211,305,49,4270,2391,6000,,600,,,,reversal,transition,0,no_load,both,B4: reversal,servo-app/lab-0.1
1781172892.4420598,35.71426558494568,B4_REVERSAL,B4_REVERSAL_R02_20260611_171416,delta-asda-b3-e,1591,RTSO|SO|OE|VE|QS|TR,3,0,72160955,-599,-17,-0.07259,-21,-0.050211,305,49,4270,2391,6000,,600,,,,reversal,transition,0,no_load,both,B4: reversal,servo-app/lab-0.1
1781172892.5425072,35.81471300125122,B4_REVERSAL,B4_REVERSAL_R02_20260611_171416,delta-asda-b3-e,1591,RTSO|SO|OE|VE|QS|TR,3,0,70483168,-599,-19,-0.08113,-19,-0.045429,306,49,4270,2391,6000,,600,,,,reversal,transition,0,no_load,both,B4: reversal,servo-app/lab-0.1
1781172892.6427405,35.91494631767273,B4_REVERSAL,B4_REVERSAL_R02_20260611_171416,delta-asda-b3-e,1591,RTSO|SO|OE|VE|QS|TR,3,0,68822374,-600,-18,-0.07686,-20,-0.04782,306,49,4270,2391,6000,,600,,,,reversal,transition,0,no_load,both,B4: reversal,servo-app/lab-0.1
1781172892.7431393,36.015345096588135,B4_REVERSAL,B4_REVERSAL_R02_20260611_171416,delta-asda-b3-e,1591,RTSO|SO|OE|VE|QS|TR,3,0,67110886,-600,-20,-0.0854,-20,-0.04782,306,49,4270,2391,6000,,600,,,,reversal,transition,0,no_load,both,B4: reversal,servo-app/lab-0.1
1781172892.8431628,36.115368604660034,B4_REVERSAL,B4_REVERSAL_R02_20260611_171416,delta-asda-b3-e,1591,RTSO|SO|OE|VE|QS|TR,3,0,65450043,-600,-17,-0.07259,-17,-0.040647,306,49,4270,2391,6000,,600,,,,reversal,transition,0,no_load,both,B4: reversal,servo-app/lab-0.1
1781172892.9432604,36.215466260910034,B4_REVERSAL,B4_REVERSAL_R02_20260611_171416,delta-asda-b3-e,1591,RTSO|SO|OE|VE|QS|TR,3,0,63788798,-600,-22,-0.09394,-22,-0.052602,306,49,4270,2391,6000,,600,,,,reversal,transition,0,no_load,both,B4: reversal,servo-app/lab-0.1
1781172893.0433774,36.31558322906494,B4_REVERSAL,B4_REVERSAL_R02_20260611_171416,delta-asda-b3-e,1591,RTSO|SO|OE|VE|QS|TR,3,0,62078042,-599,-17,-0.07259,-19,-0.045429,306,49,4270,2391,6000,,600,,,,reversal,transition,0,no_load,both,B4: reversal,servo-app/lab-0.1
1781172893.1439066,36.416112422943115,B4_REVERSAL,B4_REVERSAL_R02_20260611_171416,delta-asda-b3-e,1591,RTSO|SO|OE|VE|QS|TR,3,0,60416519,-600,-18,-0.07686,-21,-0.050211,306,49,4270,2391,6000,,600,,,,reversal,transition,0,no_load,both,B4: reversal,servo-app/lab-0.1
1781172893.2443402,36.51654601097107,B4_REVERSAL,B4_REVERSAL_R02_20260611_171416,delta-asda-b3-e,1591,RTSO|SO|OE|VE|QS|TR,3,0,58739060,-600,-21,-0.08967,-19,-0.045429,306,49,4270,2391,6000,,600,,,,reversal,transition,0,no_load,both,B4: reversal,servo-app/lab-0.1
1781172893.344652,36.6168577671051,B4_REVERSAL,B4_REVERSAL_R02_20260611_171416,delta-asda-b3-e,1591,RTSO|SO|OE|VE|QS|TR,3,0,57061062,-600,-18,-0.07686,-21,-0.050211,306,49,4270,2391,6000,,600,,,,reversal,transition,0,no_load,both,B4: reversal,servo-app/lab-0.1
1781172893.445199,36.71740484237671,B4_REVERSAL,B4_REVERSAL_R02_20260611_171416,delta-asda-b3-e,1591,RTSO|SO|OE|VE|QS|TR,3,0,55350305,-599,-17,-0.07259,-18,-0.043038,306,49,4270,2391,6000,,600,,,,reversal,transition,0,no_load,both,B4: reversal,servo-app/lab-0.1
1781172893.5452359,36.81744170188904,B4_REVERSAL,B4_REVERSAL_R02_20260611_171416,delta-asda-b3-e,1591,RTSO|SO|OE|VE|QS|TR,3,0,53655790,-599,-21,-0.08967,-18,-0.043038,306,49,4270,2391,6000,,600,,,,reversal,transition,0,no_load,both,B4: reversal,servo-app/lab-0.1
1781172893.6453545,36.917560338974,B4_REVERSAL,B4_REVERSAL_R02_20260611_171416,delta-asda-b3-e,1591,RTSO|SO|OE|VE|QS|TR,3,0,51994893,-600,-19,-0.08113,-18,-0.043038,306,49,4270,2391,6000,,600,,,,reversal,transition,0,no_load,both,B4: reversal,servo-app/lab-0.1
1781172893.7455776,37.017783403396606,B4_REVERSAL,B4_REVERSAL_R02_20260611_171416,delta-asda-b3-e,1591,RTSO|SO|OE|VE|QS|TR,3,0,50300196,-599,-22,-0.09394,-22,-0.052602,306,49,4270,2391,6000,,600,,,,reversal,transition,0,no_load,both,B4: reversal,servo-app/lab-0.1
1781172893.8459518,37.118157625198364,B4_REVERSAL,B4_REVERSAL_R02_20260611_171416,delta-asda-b3-e,1591,RTSO|SO|OE|VE|QS|TR,3,0,48639333,-599,-18,-0.07686,-19,-0.045429,306,49,4270,2391,6000,,600,,,,reversal,transition,0,no_load,both,B4: reversal,servo-app/lab-0.1
1781172893.9463384,37.218544244766235,B4_REVERSAL,B4_REVERSAL_R02_20260611_171416,delta-asda-b3-e,1591,RTSO|SO|OE|VE|QS|TR,3,0,46944680,-599,-23,-0.09821,-22,-0.052602,306,49,4270,2391,6000,,600,,,,reversal,transition,0,no_load,both,B4: reversal,servo-app/lab-0.1
1781172894.047044,37.319249868392944,B4_REVERSAL,B4_REVERSAL_R02_20260611_171416,delta-asda-b3-e,1591,RTSO|SO|OE|VE|QS|TR,3,0,45250602,-599,-19,-0.08113,-18,-0.043038,306,49,4270,2391,6000,,600,,,,reversal,transition,0,no_load,both,B4: reversal,servo-app/lab-0.1
1781172894.1474617,37.4196674823761,B4_REVERSAL,B4_REVERSAL_R02_20260611_171416,delta-asda-b3-e,1591,RTSO|SO|OE|VE|QS|TR,3,0,43555677,-599,-19,-0.08113,-20,-0.04782,306,49,4270,2391,6000,,600,,,,reversal,transition,0,no_load,both,B4: reversal,servo-app/lab-0.1
1781172894.2474806,37.519686460494995,B4_REVERSAL,B4_REVERSAL_R02_20260611_171416,delta-asda-b3-e,1591,RTSO|SO|OE|VE|QS|TR,3,0,41894985,-599,-18,-0.07686,-18,-0.043038,306,49,4270,2391,6000,,600,,,,reversal,transition,0,no_load,both,B4: reversal,servo-app/lab-0.1
1781172894.3478901,37.62009596824646,B4_REVERSAL,B4_REVERSAL_R02_20260611_171416,delta-asda-b3-e,1591,RTSO|SO|OE|VE|QS|TR,3,0,40200240,-599,-20,-0.0854,-20,-0.04782,306,49,4270,2391,6000,,600,,,,reversal,transition,0,no_load,both,B4: reversal,servo-app/lab-0.1
1781172894.4479384,37.720144271850586,B4_REVERSAL,B4_REVERSAL_R02_20260611_171416,delta-asda-b3-e,1591,RTSO|SO|OE|VE|QS|TR,3,0,38539632,-599,-19,-0.08113,-20,-0.04782,306,49,4270,2391,6000,,600,,,,reversal,transition,0,no_load,both,B4: reversal,servo-app/lab-0.1
1781172894.5481393,37.82034516334534,B4_REVERSAL,B4_REVERSAL_R02_20260611_171416,delta-asda-b3-e,1591,RTSO|SO|OE|VE|QS|TR,3,0,36828425,-599,-20,-0.0854,-19,-0.045429,306,49,4270,2391,6000,,600,,,,reversal,transition,0,no_load,both,B4: reversal,servo-app/lab-0.1
1781172894.648174,37.920379877090454,B4_REVERSAL,B4_REVERSAL_R02_20260611_171416,delta-asda-b3-e,1591,RTSO|SO|OE|VE|QS|TR,3,0,35167465,-599,-17,-0.07259,-18,-0.043038,306,49,4270,2391,6000,,600,,,,reversal,transition,0,no_load,both,B4: reversal,servo-app/lab-0.1
1781172894.7484329,38.02063870429993,B4_REVERSAL,B4_REVERSAL_R02_20260611_171416,delta-asda-b3-e,1591,RTSO|SO|OE|VE|QS|TR,3,0,33506244,-599,-20,-0.0854,-21,-0.050211,306,49,4270,2391,6000,,600,,,,reversal,transition,0,no_load,both,B4: reversal,servo-app/lab-0.1
1781172894.8487756,38.12098145484924,B4_REVERSAL,B4_REVERSAL_R02_20260611_171416,delta-asda-b3-e,1591,RTSO|SO|OE|VE|QS|TR,3,0,31795217,-599,-16,-0.06832,-18,-0.043038,307,49,4270,2391,6000,,600,,,,reversal,transition,0,no_load,both,B4: reversal,servo-app/lab-0.1
1781172894.9488695,38.22107529640198,B4_REVERSAL,B4_REVERSAL_R02_20260611_171416,delta-asda-b3-e,1591,RTSO|SO|OE|VE|QS|TR,3,0,30150742,-599,-22,-0.09394,-24,-0.057384,306,49,4270,2391,6000,,600,,,,reversal,transition,0,no_load,both,B4: reversal,servo-app/lab-0.1
1781172895.0488992,38.321105003356934,B4_REVERSAL,B4_REVERSAL_R02_20260611_171416,delta-asda-b3-e,1591,RTSO|SO|OE|VE|QS|TR,3,0,28439903,-599,-17,-0.07259,-16,-0.038256,306,49,4270,2391,6000,,600,,,,reversal,transition,0,no_load,both,B4: reversal,servo-app/lab-0.1
1781172895.1494412,38.42164707183838,B4_REVERSAL,B4_REVERSAL_R02_20260611_171416,delta-asda-b3-e,1591,RTSO|SO|OE|VE|QS|TR,3,0,26744894,-599,-24,-0.10248,-23,-0.054993,306,49,4270,2391,6000,,600,,,,reversal,transition,0,no_load,both,B4: reversal,servo-app/lab-0.1
1781172895.2495124,38.5217182636261,B4_REVERSAL,B4_REVERSAL_R02_20260611_171416,delta-asda-b3-e,1591,RTSO|SO|OE|VE|QS|TR,3,0,25067530,-599,-18,-0.07686,-19,-0.045429,306,49,4270,2391,6000,,600,,,,reversal,transition,0,no_load,both,B4: reversal,servo-app/lab-0.1
1781172895.3499315,38.62213730812073,B4_REVERSAL,B4_REVERSAL_R02_20260611_171416,delta-asda-b3-e,1591,RTSO|SO|OE|VE|QS|TR,3,0,23423020,-599,-20,-0.0854,-21,-0.050211,307,49,4270,2391,6000,,600,,,,reversal,transition,0,no_load,both,B4: reversal,servo-app/lab-0.1
1781172895.4500089,38.722214698791504,B4_REVERSAL,B4_REVERSAL_R02_20260611_171416,delta-asda-b3-e,1591,RTSO|SO|OE|VE|QS|TR,3,0,21712245,-599,-19,-0.08113,-18,-0.043038,307,49,4270,2391,6000,,600,,,,reversal,transition,0,no_load,both,B4: reversal,servo-app/lab-0.1
1781172895.5502102,38.82241606712341,B4_REVERSAL,B4_REVERSAL_R02_20260611_171416,delta-asda-b3-e,1591,RTSO|SO|OE|VE|QS|TR,3,0,20017551,-599,-26,-0.11102,-23,-0.054993,306,49,4270,2391,6000,,600,,,,reversal,transition,0,no_load,both,B4: reversal,servo-app/lab-0.1
1781172895.6503198,38.92252564430237,B4_REVERSAL,B4_REVERSAL_R02_20260611_171416,delta-asda-b3-e,1591,RTSO|SO|OE|VE|QS|TR,3,0,18339936,-599,-16,-0.06832,-17,-0.040647,306,49,4270,2391,6000,,600,,,,reversal,transition,0,no_load,both,B4: reversal,servo-app/lab-0.1
1781172895.7505322,39.022737979888916,B4_REVERSAL,B4_REVERSAL_R02_20260611_171416,delta-asda-b3-e,1591,RTSO|SO|OE|VE|QS|TR,3,0,16678773,-599,-20,-0.0854,-22,-0.052602,306,49,4270,2391,6000,,600,,,,reversal,transition,0,no_load,both,B4: reversal,servo-app/lab-0.1
1781172895.8510017,39.123207569122314,B4_REVERSAL,B4_REVERSAL_R02_20260611_171416,delta-asda-b3-e,1591,RTSO|SO|OE|VE|QS|TR,3,0,14967648,-599,-22,-0.09394,-25,-0.059775,307,49,4270,2391,6000,,600,,,,reversal,transition,0,no_load,both,B4: reversal,servo-app/lab-0.1
1781172895.9513187,39.22352457046509,B4_REVERSAL,B4_REVERSAL_R02_20260611_171416,delta-asda-b3-e,1591,RTSO|SO|OE|VE|QS|TR,3,0,13289843,-598,-23,-0.09821,-24,-0.057384,307,49,4270,2391,6000,,600,,,,reversal,transition,0,no_load,both,B4: reversal,servo-app/lab-0.1
1781172896.0516098,39.32381558418274,B4_REVERSAL,B4_REVERSAL_R02_20260611_171416,delta-asda-b3-e,1591,RTSO|SO|OE|VE|QS|TR,3,0,11629030,-599,-17,-0.07259,-17,-0.040647,307,49,4270,2391,6000,,600,,,,reversal,transition,0,no_load,both,B4: reversal,servo-app/lab-0.1
1781172896.1518106,39.42401647567749,B4_REVERSAL,B4_REVERSAL_R02_20260611_171416,delta-asda-b3-e,1591,RTSO|SO|OE|VE|QS|TR,3,0,9900673,-599,-25,-0.10675,-28,-0.066948,306,49,4270,2391,6000,,600,,,,reversal,transition,0,no_load,both,B4: reversal,servo-app/lab-0.1
1781172896.2520685,39.52427434921265,B4_REVERSAL,B4_REVERSAL_R02_20260611_171416,delta-asda-b3-e,1591,RTSO|SO|OE|VE|QS|TR,3,0,8273392,-599,-18,-0.07686,-18,-0.043038,306,49,4270,2391,6000,,600,,,,reversal,transition,0,no_load,both,B4: reversal,servo-app/lab-0.1
1781172896.352492,39.62469792366028,B4_REVERSAL,B4_REVERSAL_R02_20260611_171416,delta-asda-b3-e,1591,RTSO|SO|OE|VE|QS|TR,3,0,6562027,-599,-25,-0.10675,-25,-0.059775,306,49,4270,2391,6000,,600,,,,reversal,transition,0,no_load,both,B4: reversal,servo-app/lab-0.1
1781172896.452655,39.72486090660095,B4_REVERSAL,B4_REVERSAL_R02_20260611_171416,delta-asda-b3-e,1591,RTSO|SO|OE|VE|QS|TR,3,0,4901550,-598,-19,-0.08113,-18,-0.043038,306,49,4270,2391,6000,,600,,,,reversal,transition,0,no_load,both,B4: reversal,servo-app/lab-0.1
1781172896.553164,39.8253698348999,B4_REVERSAL,B4_REVERSAL_R02_20260611_171416,delta-asda-b3-e,1591,RTSO|SO|OE|VE|QS|TR,3,0,3223580,-599,-26,-0.11102,-23,-0.054993,306,49,4270,2391,6000,,600,,,,reversal,transition,0,no_load,both,B4: reversal,servo-app/lab-0.1
1781172896.6531968,39.92540264129639,B4_REVERSAL,B4_REVERSAL_R02_20260611_171416,delta-asda-b3-e,1591,RTSO|SO|OE|VE|QS|TR,3,0,1529236,-599,-19,-0.08113,-18,-0.043038,307,49,4270,2391,6000,,600,,,,reversal,transition,0,no_load,both,B4: reversal,servo-app/lab-0.1
1781172896.7533824,40.025588274002075,B4_REVERSAL,B4_REVERSAL_R02_20260611_171416,delta-asda-b3-e,567,RTSO|SO|OE|VE|QS,3,0,469723,251,16,0.06832,29,0.069339,306,49,4270,2391,6000,,600,,,,reversal,transition,0,no_load,both,B4: reversal,servo-app/lab-0.1
1781172896.8535957,40.12580156326294,B4_REVERSAL,B4_REVERSAL_R02_20260611_171416,delta-asda-b3-e,1591,RTSO|SO|OE|VE|QS|TR,3,0,2143745,599,15,0.06405,16,0.038256,307,49,4270,2391,6000,,600,,,,reversal,transition,0,no_load,both,B4: reversal,servo-app/lab-0.1
1781172896.953792,40.22599792480469,B4_REVERSAL,B4_REVERSAL_R02_20260611_171416,delta-asda-b3-e,1591,RTSO|SO|OE|VE|QS|TR,3,0,3854201,599,19,0.08113,20,0.04782,306,49,4270,2391,6000,,600,,,,reversal,transition,0,no_load,both,B4: reversal,servo-app/lab-0.1
1781172897.0541053,40.326311111450195,B4_REVERSAL,B4_REVERSAL_R02_20260611_171416,delta-asda-b3-e,1591,RTSO|SO|OE|VE|QS|TR,3,0,5515278,599,16,0.06832,17,0.040647,306,49,4270,2391,6000,,600,,,,reversal,transition,0,no_load,both,B4: reversal,servo-app/lab-0.1
1781172897.154803,40.427008867263794,B4_REVERSAL,B4_REVERSAL_R02_20260611_171416,delta-asda-b3-e,1591,RTSO|SO|OE|VE|QS|TR,3,0,7209358,599,19,0.08113,20,0.04782,306,49,4270,2391,6000,,600,,,,reversal,transition,0,no_load,both,B4: reversal,servo-app/lab-0.1
1781172897.2554655,40.527671337127686,B4_REVERSAL,B4_REVERSAL_R02_20260611_171416,delta-asda-b3-e,1591,RTSO|SO|OE|VE|QS|TR,3,0,8904029,599,19,0.08113,18,0.043038,306,49,4270,2391,6000,,600,,,,reversal,transition,0,no_load,both,B4: reversal,servo-app/lab-0.1
1781172897.355549,40.62775492668152,B4_REVERSAL,B4_REVERSAL_R02_20260611_171416,delta-asda-b3-e,1591,RTSO|SO|OE|VE|QS|TR,3,0,10581667,600,18,0.07686,20,0.04782,306,49,4270,2391,6000,,600,,,,reversal,transition,0,no_load,both,B4: reversal,servo-app/lab-0.1
1781172897.4558659,40.72807168960571,B4_REVERSAL,B4_REVERSAL_R02_20260611_171416,delta-asda-b3-e,1591,RTSO|SO|OE|VE|QS|TR,3,0,12242922,599,18,0.07686,15,0.035865,306,49,4270,2391,6000,,600,,,,reversal,transition,0,no_load,both,B4: reversal,servo-app/lab-0.1
1781172897.5565715,40.82877731323242,B4_REVERSAL,B4_REVERSAL_R02_20260611_171416,delta-asda-b3-e,1591,RTSO|SO|OE|VE|QS|TR,3,0,13953756,599,21,0.08967,19,0.045429,306,49,4270,2391,6000,,600,,,,reversal,transition,0,no_load,both,B4: reversal,servo-app/lab-0.1
1781172897.6567404,40.92894625663757,B4_REVERSAL,B4_REVERSAL_R02_20260611_171416,delta-asda-b3-e,1591,RTSO|SO|OE|VE|QS|TR,3,0,15631660,599,26,0.11102,19,0.045429,306,49,4270,2391,6000,,600,,,,reversal,transition,0,no_load,both,B4: reversal,servo-app/lab-0.1
1781172897.7571602,41.02936601638794,B4_REVERSAL,B4_REVERSAL_R02_20260611_171416,delta-asda-b3-e,1591,RTSO|SO|OE|VE|QS|TR,3,0,17342772,600,21,0.08967,20,0.04782,306,49,4270,2391,6000,,600,,,,reversal,transition,0,no_load,both,B4: reversal,servo-app/lab-0.1
1781172897.8572173,41.12942314147949,B4_REVERSAL,B4_REVERSAL_R02_20260611_171416,delta-asda-b3-e,1591,RTSO|SO|OE|VE|QS|TR,3,0,19004166,600,20,0.0854,14,0.033474,306,49,4270,2391,6000,,600,,,,reversal,transition,0,no_load,both,B4: reversal,servo-app/lab-0.1
1781172897.9573836,41.22958946228027,B4_REVERSAL,B4_REVERSAL_R02_20260611_171416,delta-asda-b3-e,1591,RTSO|SO|OE|VE|QS|TR,3,0,20698184,599,17,0.07259,19,0.045429,306,49,4270,2391,6000,,600,,,,reversal,transition,0,no_load,both,B4: reversal,servo-app/lab-0.1
1781172898.0578234,41.330029249191284,B4_REVERSAL,B4_REVERSAL_R02_20260611_171416,delta-asda-b3-e,1591,RTSO|SO|OE|VE|QS|TR,3,0,22376039,599,17,0.07259,17,0.040647,305,49,4270,2391,6000,,600,,,,reversal,transition,0,no_load,both,B4: reversal,servo-app/lab-0.1
1781172898.1579263,41.430132150650024,B4_REVERSAL,B4_REVERSAL_R02_20260611_171416,delta-asda-b3-e,1591,RTSO|SO|OE|VE|QS|TR,3,0,24036410,599,17,0.07259,18,0.043038,306,49,4270,2391,6000,,600,,,,reversal,transition,0,no_load,both,B4: reversal,servo-app/lab-0.1
1781172898.258418,41.53062391281128,B4_REVERSAL,B4_REVERSAL_R02_20260611_171416,delta-asda-b3-e,1591,RTSO|SO|OE|VE|QS|TR,3,0,25731143,600,22,0.09394,20,0.04782,306,49,4270,2391,6000,,600,,,,reversal,transition,0,no_load,both,B4: reversal,servo-app/lab-0.1
1781172898.3584874,41.630693197250366,B4_REVERSAL,B4_REVERSAL_R02_20260611_171416,delta-asda-b3-e,1591,RTSO|SO|OE|VE|QS|TR,3,0,27391941,600,20,0.0854,19,0.045429,306,49,4270,2391,6000,,600,,,,reversal,transition,0,no_load,both,B4: reversal,servo-app/lab-0.1
1781172898.4592419,41.73144769668579,B4_REVERSAL,B4_REVERSAL_R02_20260611_171416,delta-asda-b3-e,1591,RTSO|SO|OE|VE|QS|TR,3,0,29120260,600,15,0.06405,15,0.035865,306,49,4270,2391,6000,,600,,,,reversal,transition,0,no_load,both,B4: reversal,servo-app/lab-0.1
1781172898.559779,41.831984758377075,B4_REVERSAL,B4_REVERSAL_R02_20260611_171416,delta-asda-b3-e,1591,RTSO|SO|OE|VE|QS|TR,3,0,30797664,600,19,0.08113,18,0.043038,306,49,4270,2391,6000,,600,,,,reversal,transition,0,no_load,both,B4: reversal,servo-app/lab-0.1
1781172898.659986,41.93219184875488,B4_REVERSAL,B4_REVERSAL_R02_20260611_171416,delta-asda-b3-e,1591,RTSO|SO|OE|VE|QS|TR,3,0,32458659,600,24,0.10248,22,0.052602,306,49,4270,2391,6000,,600,,,,reversal,transition,0,no_load,both,B4: reversal,servo-app/lab-0.1
1781172898.7600796,42.03228545188904,B4_REVERSAL,B4_REVERSAL_R02_20260611_171416,delta-asda-b3-e,1591,RTSO|SO|OE|VE|QS|TR,3,0,34153034,600,21,0.08967,22,0.052602,305,49,4270,2391,6000,,600,,,,reversal,transition,0,no_load,both,B4: reversal,servo-app/lab-0.1
1781172898.8604107,42.13261651992798,B4_REVERSAL,B4_REVERSAL_R02_20260611_171416,delta-asda-b3-e,1591,RTSO|SO|OE|VE|QS|TR,3,0,35831141,600,17,0.07259,15,0.035865,306,49,4270,2391,6000,,600,,,,reversal,transition,0,no_load,both,B4: reversal,servo-app/lab-0.1
1781172898.9609962,42.23320198059082,B4_REVERSAL,B4_REVERSAL_R02_20260611_171416,delta-asda-b3-e,1591,RTSO|SO|OE|VE|QS|TR,3,0,37508372,600,17,0.07259,15,0.035865,305,49,4270,2391,6000,,600,,,,reversal,transition,0,no_load,both,B4: reversal,servo-app/lab-0.1
1781172899.0616472,42.333853006362915,B4_REVERSAL,B4_REVERSAL_R02_20260611_171416,delta-asda-b3-e,1591,RTSO|SO|OE|VE|QS|TR,3,0,39219855,600,18,0.07686,19,0.045429,305,49,4270,2391,6000,,600,,,,reversal,transition,0,no_load,both,B4: reversal,servo-app/lab-0.1
1781172899.1616724,42.43387818336487,B4_REVERSAL,B4_REVERSAL_R02_20260611_171416,delta-asda-b3-e,1591,RTSO|SO|OE|VE|QS|TR,3,0,40897105,600,19,0.08113,21,0.050211,305,49,4270,2391,6000,,600,,,,reversal,transition,0,no_load,both,B4: reversal,servo-app/lab-0.1
1781172899.261745,42.53395080566406,B4_REVERSAL,B4_REVERSAL_R02_20260611_171416,delta-asda-b3-e,1591,RTSO|SO|OE|VE|QS|TR,3,0,42575114,600,18,0.07686,18,0.043038,305,49,4270,2391,6000,,600,,,,reversal,transition,0,no_load,both,B4: reversal,servo-app/lab-0.1
1781172899.36202,42.634225845336914,B4_REVERSAL,B4_REVERSAL_R02_20260611_171416,delta-asda-b3-e,1591,RTSO|SO|OE|VE|QS|TR,3,0,44235895,601,18,0.07686,17,0.040647,305,49,4270,2391,6000,,600,,,,reversal,transition,0,no_load,both,B4: reversal,servo-app/lab-0.1
1781172899.4622672,42.73447299003601,B4_REVERSAL,B4_REVERSAL_R02_20260611_171416,delta-asda-b3-e,1591,RTSO|SO|OE|VE|QS|TR,3,0,45930493,600,17,0.07259,18,0.043038,305,49,4270,2391,6000,,600,,,,reversal,transition,0,no_load,both,B4: reversal,servo-app/lab-0.1
1781172899.5627494,42.8349552154541,B4_REVERSAL,B4_REVERSAL_R02_20260611_171416,delta-asda-b3-e,1591,RTSO|SO|OE|VE|QS|TR,3,0,47607933,600,19,0.08113,18,0.043038,305,49,4270,2391,6000,,600,,,,reversal,transition,0,no_load,both,B4: reversal,servo-app/lab-0.1
1781172899.6629524,42.935158252716064,B4_REVERSAL,B4_REVERSAL_R02_20260611_171416,delta-asda-b3-e,1591,RTSO|SO|OE|VE|QS|TR,3,0,49285743,600,20,0.0854,26,0.062166,305,49,4270,2391,6000,,600,,,,reversal,transition,0,no_load,both,B4: reversal,servo-app/lab-0.1
1781172899.7632675,43.035473346710205,B4_REVERSAL,B4_REVERSAL_R02_20260611_171416,delta-asda-b3-e,1591,RTSO|SO|OE|VE|QS|TR,3,0,50997037,601,22,0.09394,19,0.045429,305,49,4270,2391,6000,,600,,,,reversal,transition,0,no_load,both,B4: reversal,servo-app/lab-0.1
1781172899.8634098,43.1356155872345,B4_REVERSAL,B4_REVERSAL_R02_20260611_171416,delta-asda-b3-e,1591,RTSO|SO|OE|VE|QS|TR,3,0,52675019,600,21,0.08967,18,0.043038,305,49,4270,2391,6000,,600,,,,reversal,transition,0,no_load,both,B4: reversal,servo-app/lab-0.1
1781172899.9634483,43.23565411567688,B4_REVERSAL,B4_REVERSAL_R02_20260611_171416,delta-asda-b3-e,1591,RTSO|SO|OE|VE|QS|TR,3,0,54318637,600,18,0.07686,17,0.040647,305,49,4270,2391,6000,,600,,,,reversal,transition,0,no_load,both,B4: reversal,servo-app/lab-0.1
1781172900.063568,43.335773944854736,B4_REVERSAL,B4_REVERSAL_R02_20260611_171416,delta-asda-b3-e,1591,RTSO|SO|OE|VE|QS|TR,3,0,56013328,600,21,0.08967,18,0.043038,305,49,4270,2391,6000,,600,,,,reversal,transition,0,no_load,both,B4: reversal,servo-app/lab-0.1
1781172900.163651,43.43585681915283,B4_REVERSAL,B4_REVERSAL_R02_20260611_171416,delta-asda-b3-e,1591,RTSO|SO|OE|VE|QS|TR,3,0,57690560,600,17,0.07259,17,0.040647,305,49,4270,2391,6000,,600,,,,reversal,transition,0,no_load,both,B4: reversal,servo-app/lab-0.1
1781172900.2640235,43.536229372024536,B4_REVERSAL,B4_REVERSAL_R02_20260611_171416,delta-asda-b3-e,1591,RTSO|SO|OE|VE|QS|TR,3,0,59368562,600,18,0.07686,19,0.045429,305,49,4270,2391,6000,,600,,,,reversal,transition,0,no_load,both,B4: reversal,servo-app/lab-0.1
1781172900.3641114,43.63631725311279,B4_REVERSAL,B4_REVERSAL_R02_20260611_171416,delta-asda-b3-e,1591,RTSO|SO|OE|VE|QS|TR,3,0,61079795,601,15,0.06405,16,0.038256,305,49,4270,2391,6000,,600,,,,reversal,transition,0,no_load,both,B4: reversal,servo-app/lab-0.1
1781172900.464206,43.736411809921265,B4_REVERSAL,B4_REVERSAL_R02_20260611_171416,delta-asda-b3-e,1591,RTSO|SO|OE|VE|QS|TR,3,0,62723935,600,18,0.07686,17,0.040647,305,49,4270,2391,6000,,600,,,,reversal,transition,0,no_load,both,B4: reversal,servo-app/lab-0.1
1781172900.5642812,43.83648705482483,B4_REVERSAL,B4_REVERSAL_R02_20260611_171416,delta-asda-b3-e,1591,RTSO|SO|OE|VE|QS|TR,3,0,64418135,600,18,0.07686,18,0.043038,305,49,4270,2391,6000,,600,,,,reversal,transition,0,no_load,both,B4: reversal,servo-app/lab-0.1
1781172900.6646874,43.93689322471619,B4_REVERSAL,B4_REVERSAL_R02_20260611_171416,delta-asda-b3-e,1591,RTSO|SO|OE|VE|QS|TR,3,0,66112707,600,19,0.08113,17,0.040647,305,49,4270,2391,6000,,600,,,,reversal,transition,0,no_load,both,B4: reversal,servo-app/lab-0.1
1781172900.765093,44.037298917770386,B4_REVERSAL,B4_REVERSAL_R02_20260611_171416,delta-asda-b3-e,1591,RTSO|SO|OE|VE|QS|TR,3,0,67790446,601,19,0.08113,18,0.043038,305,49,4270,2391,6000,,600,,,,reversal,transition,0,no_load,both,B4: reversal,servo-app/lab-0.1
1781172900.8654528,44.13765859603882,B4_REVERSAL,B4_REVERSAL_R02_20260611_171416,delta-asda-b3-e,1591,RTSO|SO|OE|VE|QS|TR,3,0,69468408,600,16,0.06832,16,0.038256,305,49,4270,2391,6000,,600,,,,reversal,transition,0,no_load,both,B4: reversal,servo-app/lab-0.1
1781172900.9659238,44.23812961578369,B4_REVERSAL,B4_REVERSAL_R02_20260611_171416,delta-asda-b3-e,1591,RTSO|SO|OE|VE|QS|TR,3,0,71128826,600,14,0.05978,17,0.040647,305,49,4270,2391,6000,,600,,,,reversal,transition,0,no_load,both,B4: reversal,servo-app/lab-0.1
1781172901.0664551,44.33866095542908,B4_REVERSAL,B4_REVERSAL_R02_20260611_171416,delta-asda-b3-e,1591,RTSO|SO|OE|VE|QS|TR,3,0,72823480,600,20,0.0854,18,0.043038,305,49,4270,2391,6000,,600,,,,reversal,transition,0,no_load,both,B4: reversal,servo-app/lab-0.1
1781172901.1668873,44.43909311294556,B4_REVERSAL,B4_REVERSAL_R02_20260611_171416,delta-asda-b3-e,1591,RTSO|SO|OE|VE|QS|TR,3,0,74500757,600,18,0.07686,20,0.04782,305,49,4270,2391,6000,,600,,,,reversal,transition,0,no_load,both,B4: reversal,servo-app/lab-0.1
1781172901.2674367,44.539642572402954,B4_REVERSAL,B4_REVERSAL_R02_20260611_171416,delta-asda-b3-e,1591,RTSO|SO|OE|VE|QS|TR,3,0,76212447,601,18,0.07686,18,0.043038,305,49,4270,2391,6000,,600,,,,reversal,transition,0,no_load,both,B4: reversal,servo-app/lab-0.1
1781172901.367549,44.63975477218628,B4_REVERSAL,B4_REVERSAL_R02_20260611_171416,delta-asda-b3-e,1591,RTSO|SO|OE|VE|QS|TR,3,0,77889979,601,17,0.07259,16,0.038256,305,49,4270,2391,6000,,600,,,,reversal,transition,0,no_load,both,B4: reversal,servo-app/lab-0.1
1781172901.4676943,44.7399001121521,B4_REVERSAL,B4_REVERSAL_R02_20260611_171416,delta-asda-b3-e,1591,RTSO|SO|OE|VE|QS|TR,3,0,79584493,600,16,0.06832,16,0.038256,305,49,4270,2391,6000,,600,,,,reversal,transition,0,no_load,both,B4: reversal,servo-app/lab-0.1
1781172901.5678926,44.84009838104248,B4_REVERSAL,B4_REVERSAL_R02_20260611_171416,delta-asda-b3-e,1591,RTSO|SO|OE|VE|QS|TR,3,0,81261915,600,18,0.07686,22,0.052602,305,49,4270,2391,6000,,600,,,,reversal,transition,0,no_load,both,B4: reversal,servo-app/lab-0.1
1781172901.668244,44.940449714660645,B4_REVERSAL,B4_REVERSAL_R02_20260611_171416,delta-asda-b3-e,1591,RTSO|SO|OE|VE|QS|TR,3,0,82939705,600,21,0.08967,22,0.052602,305,49,4270,2391,6000,,600,,,,reversal,transition,0,no_load,both,B4: reversal,servo-app/lab-0.1
1781172901.7686505,45.04085636138916,B4_REVERSAL,B4_REVERSAL_R02_20260611_171416,delta-asda-b3-e,567,RTSO|SO|OE|VE|QS,3,0,83550670,-498,-19,-0.08113,-20,-0.04782,305,49,4270,2391,6000,,600,,,,reversal,transition,0,no_load,both,B4: reversal,servo-app/lab-0.1
1781172901.8689206,45.14112639427185,B4_REVERSAL,B4_REVERSAL_R02_20260611_171416,delta-asda-b3-e,1591,RTSO|SO|OE|VE|QS|TR,3,0,81872368,-599,-16,-0.06832,-16,-0.038256,305,49,4270,2391,6000,,600,,,,reversal,transition,0,no_load,both,B4: reversal,servo-app/lab-0.1
1781172901.969053,45.2412588596344,B4_REVERSAL,B4_REVERSAL_R02_20260611_171416,delta-asda-b3-e,1591,RTSO|SO|OE|VE|QS|TR,3,0,80161103,-600,-19,-0.08113,-17,-0.040647,305,49,4270,2391,6000,,600,,,,reversal,transition,0,no_load,both,B4: reversal,servo-app/lab-0.1
1781172902.0691586,45.34136438369751,B4_REVERSAL,B4_REVERSAL_R02_20260611_171416,delta-asda-b3-e,1591,RTSO|SO|OE|VE|QS|TR,3,0,78483404,-600,-18,-0.07686,-24,-0.057384,305,49,4270,2391,6000,,600,,,,reversal,transition,0,no_load,both,B4: reversal,servo-app/lab-0.1
1781172902.1692128,45.44141864776611,B4_REVERSAL,B4_REVERSAL_R02_20260611_171416,delta-asda-b3-e,1591,RTSO|SO|OE|VE|QS|TR,3,0,76805364,-600,-21,-0.08967,-17,-0.040647,305,49,4270,2391,6000,,600,,,,reversal,transition,0,no_load,both,B4: reversal,servo-app/lab-0.1
1781172902.269461,45.541666746139526,B4_REVERSAL,B4_REVERSAL_R02_20260611_171416,delta-asda-b3-e,1591,RTSO|SO|OE|VE|QS|TR,3,0,75161519,-600,-18,-0.07686,-23,-0.054993,305,49,4270,2391,6000,,600,,,,reversal,transition,0,no_load,both,B4: reversal,servo-app/lab-0.1
1781172902.3702593,45.642465114593506,B4_REVERSAL,B4_REVERSAL_R02_20260611_171416,delta-asda-b3-e,1591,RTSO|SO|OE|VE|QS|TR,3,0,73450091,-599,-21,-0.08967,-17,-0.040647,305,49,4270,2391,6000,,600,,,,reversal,transition,0,no_load,both,B4: reversal,servo-app/lab-0.1
1781172902.470737,45.742942810058594,B4_REVERSAL,B4_REVERSAL_R02_20260611_171416,delta-asda-b3-e,1591,RTSO|SO|OE|VE|QS|TR,3,0,71755976,-600,-24,-0.10248,-27,-0.064557,305,49,4270,2391,6000,,600,,,,reversal,transition,0,no_load,both,B4: reversal,servo-app/lab-0.1
1781172902.5712094,45.84341526031494,B4_REVERSAL,B4_REVERSAL_R02_20260611_171416,delta-asda-b3-e,1591,RTSO|SO|OE|VE|QS|TR,3,0,70077785,-600,-22,-0.09394,-19,-0.045429,305,49,4270,2391,6000,,600,,,,reversal,transition,0,no_load,both,B4: reversal,servo-app/lab-0.1
1781172902.6716454,45.94385123252869,B4_REVERSAL,B4_REVERSAL_R02_20260611_171416,delta-asda-b3-e,1591,RTSO|SO|OE|VE|QS|TR,3,0,68400442,-600,-20,-0.0854,-18,-0.043038,305,49,4270,2391,6000,,600,,,,reversal,transition,0,no_load,both,B4: reversal,servo-app/lab-0.1
1781172902.772033,46.044238805770874,B4_REVERSAL,B4_REVERSAL_R02_20260611_171416,delta-asda-b3-e,1591,RTSO|SO|OE|VE|QS|TR,3,0,66705527,-600,-17,-0.07259,-19,-0.045429,305,49,4270,2391,6000,,600,,,,reversal,transition,0,no_load,both,B4: reversal,servo-app/lab-0.1
1781172902.8724961,46.14470195770264,B4_REVERSAL,B4_REVERSAL_R02_20260611_171416,delta-asda-b3-e,1591,RTSO|SO|OE|VE|QS|TR,3,0,65011367,-600,-22,-0.09394,-23,-0.054993,305,49,4270,2391,6000,,600,,,,reversal,transition,0,no_load,both,B4: reversal,servo-app/lab-0.1
1781172902.9727914,46.24499726295471,B4_REVERSAL,B4_REVERSAL_R02_20260611_171416,delta-asda-b3-e,1591,RTSO|SO|OE|VE|QS|TR,3,0,63333300,-600,-20,-0.0854,-21,-0.050211,306,49,4270,2391,6000,,600,,,,reversal,transition,0,no_load,both,B4: reversal,servo-app/lab-0.1
1781172903.072821,46.34502673149109,B4_REVERSAL,B4_REVERSAL_R02_20260611_171416,delta-asda-b3-e,1591,RTSO|SO|OE|VE|QS|TR,3,0,61672491,-600,-18,-0.07686,-24,-0.057384,305,49,4270,2391,6000,,600,,,,reversal,transition,0,no_load,both,B4: reversal,servo-app/lab-0.1
1781172903.173119,46.44532489776611,B4_REVERSAL,B4_REVERSAL_R02_20260611_171416,delta-asda-b3-e,1591,RTSO|SO|OE|VE|QS|TR,3,0,59994491,-600,-22,-0.09394,-19,-0.045429,305,49,4270,2391,6000,,600,,,,reversal,transition,0,no_load,both,B4: reversal,servo-app/lab-0.1
1781172903.273187,46.545392751693726,B4_REVERSAL,B4_REVERSAL_R02_20260611_171416,delta-asda-b3-e,1591,RTSO|SO|OE|VE|QS|TR,3,0,58317068,-600,-25,-0.10675,-25,-0.059775,305,49,4270,2391,6000,,600,,,,reversal,transition,0,no_load,both,B4: reversal,servo-app/lab-0.1
1781172903.373582,46.645787715911865,B4_REVERSAL,B4_REVERSAL_R02_20260611_171416,delta-asda-b3-e,1591,RTSO|SO|OE|VE|QS|TR,3,0,56622472,-600,-22,-0.09394,-22,-0.052602,305,49,4270,2391,6000,,600,,,,reversal,transition,0,no_load,both,B4: reversal,servo-app/lab-0.1
1781172903.4737656,46.74597144126892,B4_REVERSAL,B4_REVERSAL_R02_20260611_171416,delta-asda-b3-e,1591,RTSO|SO|OE|VE|QS|TR,3,0,54928257,-600,-20,-0.0854,-22,-0.052602,305,49,4270,2391,6000,,600,,,,reversal,transition,0,no_load,both,B4: reversal,servo-app/lab-0.1
1781172903.574081,46.84628677368164,B4_REVERSAL,B4_REVERSAL_R02_20260611_171416,delta-asda-b3-e,1591,RTSO|SO|OE|VE|QS|TR,3,0,53233253,-600,-20,-0.0854,-26,-0.062166,305,49,4270,2391,6000,,600,,,,reversal,transition,0,no_load,both,B4: reversal,servo-app/lab-0.1
1781172903.6742127,46.94641852378845,B4_REVERSAL,B4_REVERSAL_R02_20260611_171416,delta-asda-b3-e,1591,RTSO|SO|OE|VE|QS|TR,3,0,51555934,-600,-22,-0.09394,-26,-0.062166,305,49,4270,2391,6000,,600,,,,reversal,transition,0,no_load,both,B4: reversal,servo-app/lab-0.1
1781172903.7743375,47.04654335975647,B4_REVERSAL,B4_REVERSAL_R02_20260611_171416,delta-asda-b3-e,1591,RTSO|SO|OE|VE|QS|TR,3,0,49894645,-600,-19,-0.08113,-19,-0.045429,306,49,4270,2391,6000,,600,,,,reversal,transition,0,no_load,both,B4: reversal,servo-app/lab-0.1
1781172903.874388,47.14659380912781,B4_REVERSAL,B4_REVERSAL_R02_20260611_171416,delta-asda-b3-e,1591,RTSO|SO|OE|VE|QS|TR,3,0,48200501,-600,-28,-0.11956,-27,-0.064557,306,49,4270,2391,6000,,600,,,,reversal,transition,0,no_load,both,B4: reversal,servo-app/lab-0.1
1781172903.9746034,47.246809244155884,B4_REVERSAL,B4_REVERSAL_R02_20260611_171416,delta-asda-b3-e,1591,RTSO|SO|OE|VE|QS|TR,3,0,46522395,-600,-25,-0.10675,-21,-0.050211,306,49,4270,2391,6000,,600,,,,reversal,transition,0,no_load,both,B4: reversal,servo-app/lab-0.1
1781172904.0751617,47.34736752510071,B4_REVERSAL,B4_REVERSAL_R02_20260611_171416,delta-asda-b3-e,1591,RTSO|SO|OE|VE|QS|TR,3,0,44861571,-600,-17,-0.07259,-19,-0.045429,305,49,4270,2391,6000,,600,,,,reversal,transition,0,no_load,both,B4: reversal,servo-app/lab-0.1
1781172904.175372,47.447577714920044,B4_REVERSAL,B4_REVERSAL_R02_20260611_171416,delta-asda-b3-e,1591,RTSO|SO|OE|VE|QS|TR,3,0,43150051,-600,-19,-0.08113,-16,-0.038256,306,49,4270,2391,6000,,600,,,,reversal,transition,0,no_load,both,B4: reversal,servo-app/lab-0.1
1781172904.275437,47.547642946243286,B4_REVERSAL,B4_REVERSAL_R02_20260611_171416,delta-asda-b3-e,1591,RTSO|SO|OE|VE|QS|TR,3,0,41489430,-600,-24,-0.10248,-20,-0.04782,305,49,4270,2391,6000,,600,,,,reversal,transition,0,no_load,both,B4: reversal,servo-app/lab-0.1
1781172904.375538,47.647743940353394,B4_REVERSAL,B4_REVERSAL_R02_20260611_171416,delta-asda-b3-e,1591,RTSO|SO|OE|VE|QS|TR,3,0,39794914,-599,-18,-0.07686,-25,-0.059775,305,49,4270,2391,6000,,600,,,,reversal,transition,0,no_load,both,B4: reversal,servo-app/lab-0.1
1781172904.4757404,47.74794626235962,B4_REVERSAL,B4_REVERSAL_R02_20260611_171416,delta-asda-b3-e,1591,RTSO|SO|OE|VE|QS|TR,3,0,38150967,-600,-23,-0.09821,-25,-0.059775,305,49,4270,2391,6000,,600,,,,reversal,transition,0,no_load,both,B4: reversal,servo-app/lab-0.1
1781172904.5759547,47.8481605052948,B4_REVERSAL,B4_REVERSAL_R02_20260611_171416,delta-asda-b3-e,1591,RTSO|SO|OE|VE|QS|TR,3,0,36456017,-600,-25,-0.10675,-16,-0.038256,305,49,4270,2391,6000,,600,,,,reversal,transition,0,no_load,both,B4: reversal,servo-app/lab-0.1
1781172904.6761088,47.94831466674805,B4_REVERSAL,B4_REVERSAL_R02_20260611_171416,delta-asda-b3-e,1591,RTSO|SO|OE|VE|QS|TR,3,0,34778684,-600,-27,-0.11529,-27,-0.064557,305,49,4270,2391,6000,,600,,,,reversal,transition,0,no_load,both,B4: reversal,servo-app/lab-0.1
1781172904.776575,48.04878091812134,B4_REVERSAL,B4_REVERSAL_R02_20260611_171416,delta-asda-b3-e,1591,RTSO|SO|OE|VE|QS|TR,3,0,33083867,-600,-16,-0.06832,-20,-0.04782,305,49,4270,2391,6000,,600,,,,reversal,transition,0,no_load,both,B4: reversal,servo-app/lab-0.1
1781172904.8768094,48.14901518821716,B4_REVERSAL,B4_REVERSAL_R02_20260611_171416,delta-asda-b3-e,1591,RTSO|SO|OE|VE|QS|TR,3,0,31406516,-600,-23,-0.09821,-23,-0.054993,305,49,4270,2391,6000,,600,,,,reversal,transition,0,no_load,both,B4: reversal,servo-app/lab-0.1
1781172904.9771922,48.24939799308777,B4_REVERSAL,B4_REVERSAL_R02_20260611_171416,delta-asda-b3-e,1591,RTSO|SO|OE|VE|QS|TR,3,0,29694807,-600,-22,-0.09394,-17,-0.040647,304,49,4270,2391,6000,,600,,,,reversal,transition,0,no_load,both,B4: reversal,servo-app/lab-0.1
1781172905.0776408,48.349846601486206,B4_REVERSAL,B4_REVERSAL_R02_20260611_171416,delta-asda-b3-e,1591,RTSO|SO|OE|VE|QS|TR,3,0,28034017,-600,-22,-0.09394,-21,-0.050211,305,49,4270,2391,6000,,600,,,,reversal,transition,0,no_load,both,B4: reversal,servo-app/lab-0.1
1781172905.1781077,48.450313568115234,B4_REVERSAL,B4_REVERSAL_R02_20260611_171416,delta-asda-b3-e,1591,RTSO|SO|OE|VE|QS|TR,3,0,26372805,-600,-20,-0.0854,-22,-0.052602,305,49,4270,2391,6000,,600,,,,reversal,transition,0,no_load,both,B4: reversal,servo-app/lab-0.1
1781172905.2783425,48.55054831504822,B4_REVERSAL,B4_REVERSAL_R02_20260611_171416,delta-asda-b3-e,1591,RTSO|SO|OE|VE|QS|TR,3,0,24661936,-600,-25,-0.10675,-22,-0.052602,305,49,4270,2391,6000,,600,,,,reversal,transition,0,no_load,both,B4: reversal,servo-app/lab-0.1
1781172905.3784657,48.65067148208618,B4_REVERSAL,B4_REVERSAL_R02_20260611_171416,delta-asda-b3-e,1591,RTSO|SO|OE|VE|QS|TR,3,0,22967456,-599,-15,-0.06405,-17,-0.040647,305,49,4270,2391,6000,,600,,,,reversal,transition,0,no_load,both,B4: reversal,servo-app/lab-0.1
1781172905.4784894,48.75069522857666,B4_REVERSAL,B4_REVERSAL_R02_20260611_171416,delta-asda-b3-e,1591,RTSO|SO|OE|VE|QS|TR,3,0,21289820,-600,-19,-0.08113,-21,-0.050211,305,49,4270,2391,6000,,600,,,,reversal,transition,0,no_load,both,B4: reversal,servo-app/lab-0.1
1781172905.5785792,48.85078501701355,B4_REVERSAL,B4_REVERSAL_R02_20260611_171416,delta-asda-b3-e,1591,RTSO|SO|OE|VE|QS|TR,3,0,19611797,-600,-14,-0.05978,-16,-0.038256,305,49,4270,2391,6000,,600,,,,reversal,transition,0,no_load,both,B4: reversal,servo-app/lab-0.1
1781172905.6790006,48.95120644569397,B4_REVERSAL,B4_REVERSAL_R02_20260611_171416,delta-asda-b3-e,1591,RTSO|SO|OE|VE|QS|TR,3,0,17934435,-600,-22,-0.09394,-25,-0.059775,305,49,4270,2391,6000,,600,,,,reversal,transition,0,no_load,both,B4: reversal,servo-app/lab-0.1
1781172905.7794263,49.05163216590881,B4_REVERSAL,B4_REVERSAL_R02_20260611_171416,delta-asda-b3-e,1591,RTSO|SO|OE|VE|QS|TR,3,0,16239679,-600,-19,-0.08113,-19,-0.045429,305,49,4270,2391,6000,,600,,,,reversal,transition,0,no_load,both,B4: reversal,servo-app/lab-0.1
1781172905.8797345,49.15194034576416,B4_REVERSAL,B4_REVERSAL_R02_20260611_171416,delta-asda-b3-e,1591,RTSO|SO|OE|VE|QS|TR,3,0,14579043,-599,-21,-0.08967,-23,-0.054993,305,49,4270,2391,6000,,600,,,,reversal,transition,0,no_load,both,B4: reversal,servo-app/lab-0.1
1781172905.980086,49.2522919178009,B4_REVERSAL,B4_REVERSAL_R02_20260611_171416,delta-asda-b3-e,1591,RTSO|SO|OE|VE|QS|TR,3,0,12884012,-600,-18,-0.07686,-19,-0.045429,305,49,4270,2391,6000,,600,,,,reversal,transition,0,no_load,both,B4: reversal,servo-app/lab-0.1
1781172906.0803719,49.352577686309814,B4_REVERSAL,B4_REVERSAL_R02_20260611_171416,delta-asda-b3-e,1591,RTSO|SO|OE|VE|QS|TR,3,0,11223258,-600,-23,-0.09821,-24,-0.057384,305,49,4270,2391,6000,,600,,,,reversal,transition,0,no_load,both,B4: reversal,servo-app/lab-0.1
1781172906.180875,49.453080892562866,B4_REVERSAL,B4_REVERSAL_R02_20260611_171416,delta-asda-b3-e,1591,RTSO|SO|OE|VE|QS|TR,3,0,9511691,-600,-16,-0.06832,-14,-0.033474,305,49,4270,2391,6000,,600,,,,reversal,transition,0,no_load,both,B4: reversal,servo-app/lab-0.1
1781172906.2811384,49.55334424972534,B4_REVERSAL,B4_REVERSAL_R02_20260611_171416,delta-asda-b3-e,1591,RTSO|SO|OE|VE|QS|TR,3,0,7867908,-600,-21,-0.08967,-23,-0.054993,305,49,4270,2391,6000,,600,,,,reversal,transition,0,no_load,both,B4: reversal,servo-app/lab-0.1
1781172906.3816314,49.65383720397949,B4_REVERSAL,B4_REVERSAL_R02_20260611_171416,delta-asda-b3-e,1591,RTSO|SO|OE|VE|QS|TR,3,0,6139879,-599,-14,-0.05978,-16,-0.038256,305,49,4270,2391,6000,,600,,,,reversal,transition,0,no_load,both,B4: reversal,servo-app/lab-0.1
1781172906.4817069,49.753912687301636,B4_REVERSAL,B4_REVERSAL_R02_20260611_171416,delta-asda-b3-e,1591,RTSO|SO|OE|VE|QS|TR,3,0,4495759,-600,-19,-0.08113,-18,-0.043038,305,49,4270,2391,6000,,600,,,,reversal,transition,0,no_load,both,B4: reversal,servo-app/lab-0.1
1781172906.5817847,49.85399055480957,B4_REVERSAL,B4_REVERSAL_R02_20260611_171416,delta-asda-b3-e,1591,RTSO|SO|OE|VE|QS|TR,3,0,2784240,-599,-14,-0.05978,-14,-0.033474,305,49,4270,2391,6000,,600,,,,reversal,transition,0,no_load,both,B4: reversal,servo-app/lab-0.1
1781172906.6820862,49.9542920589447,B4_REVERSAL,B4_REVERSAL_R02_20260611_171416,delta-asda-b3-e,1591,RTSO|SO|OE|VE|QS|TR,3,0,1140326,-600,-20,-0.0854,-23,-0.054993,305,49,4270,2391,6000,,600,,,,reversal,transition,0,no_load,both,B4: reversal,servo-app/lab-0.1
1781172906.7822144,50.05442023277283,B4_REVERSAL,B4_REVERSAL_R02_20260611_171416,delta-asda-b3-e,1591,RTSO|SO|OE|VE|QS|TR,3,0,882121,566,13,0.05551,14,0.033474,305,49,4270,2391,6000,,600,,,,reversal,transition,0,no_load,both,B4: reversal,servo-app/lab-0.1
1781172906.8823483,50.15455412864685,B4_REVERSAL,B4_REVERSAL_R02_20260611_171416,delta-asda-b3-e,1591,RTSO|SO|OE|VE|QS|TR,3,0,2593493,599,20,0.0854,21,0.050211,306,49,4270,2391,6000,,600,,,,reversal,transition,0,no_load,both,B4: reversal,servo-app/lab-0.1
1781172906.982547,50.25475287437439,B4_REVERSAL,B4_REVERSAL_R02_20260611_171416,delta-asda-b3-e,1591,RTSO|SO|OE|VE|QS|TR,3,0,4254075,600,15,0.06405,15,0.035865,305,49,4270,2391,6000,,600,,,,reversal,transition,0,no_load,both,B4: reversal,servo-app/lab-0.1
1781172907.0828738,50.355079650878906,B4_REVERSAL,B4_REVERSAL_R02_20260611_171416,delta-asda-b3-e,1591,RTSO|SO|OE|VE|QS|TR,3,0,5948460,599,21,0.08967,25,0.059775,305,49,4270,2391,6000,,600,,,,reversal,transition,0,no_load,both,B4: reversal,servo-app/lab-0.1
1781172907.183094,50.455299854278564,B4_REVERSAL,B4_REVERSAL_R02_20260611_171416,delta-asda-b3-e,1591,RTSO|SO|OE|VE|QS|TR,3,0,7609413,601,12,0.05124,13,0.031083,305,49,4270,2391,6000,,600,,,,reversal,transition,0,no_load,both,B4: reversal,servo-app/lab-0.1
1781172907.2832808,50.55548667907715,B4_REVERSAL,B4_REVERSAL_R02_20260611_171416,delta-asda-b3-e,1591,RTSO|SO|OE|VE|QS|TR,3,0,9304082,600,22,0.09394,19,0.045429,305,49,4270,2391,6000,,600,,,,reversal,transition,0,no_load,both,B4: reversal,servo-app/lab-0.1
1781172907.3833723,50.65557813644409,B4_REVERSAL,B4_REVERSAL_R02_20260611_171416,delta-asda-b3-e,1591,RTSO|SO|OE|VE|QS|TR,3,0,10964791,600,16,0.06832,16,0.038256,305,49,4270,2391,6000,,600,,,,reversal,transition,0,no_load,both,B4: reversal,servo-app/lab-0.1
1781172907.4836469,50.755852699279785,B4_REVERSAL,B4_REVERSAL_R02_20260611_171416,delta-asda-b3-e,1591,RTSO|SO|OE|VE|QS|TR,3,0,12659237,599,23,0.09821,19,0.045429,305,49,4270,2391,6000,,600,,,,reversal,transition,0,no_load,both,B4: reversal,servo-app/lab-0.1
1781172907.5837917,50.85599756240845,B4_REVERSAL,B4_REVERSAL_R02_20260611_171416,delta-asda-b3-e,1591,RTSO|SO|OE|VE|QS|TR,3,0,14353412,600,19,0.08113,19,0.045429,305,49,4270,2391,6000,,600,,,,reversal,transition,0,no_load,both,B4: reversal,servo-app/lab-0.1
1781172907.6839738,50.95617961883545,B4_REVERSAL,B4_REVERSAL_R02_20260611_171416,delta-asda-b3-e,1591,RTSO|SO|OE|VE|QS|TR,3,0,16014664,600,19,0.08113,18,0.043038,305,49,4270,2391,6000,,600,,,,reversal,transition,0,no_load,both,B4: reversal,servo-app/lab-0.1
1781172907.7840877,51.05629348754883,B4_REVERSAL,B4_REVERSAL_R02_20260611_171416,delta-asda-b3-e,1591,RTSO|SO|OE|VE|QS|TR,3,0,17692535,600,16,0.06832,17,0.040647,305,49,4270,2391,6000,,600,,,,reversal,transition,0,no_load,both,B4: reversal,servo-app/lab-0.1
1781172907.884118,51.15632390975952,B4_REVERSAL,B4_REVERSAL_R02_20260611_171416,delta-asda-b3-e,1591,RTSO|SO|OE|VE|QS|TR,3,0,19386848,599,21,0.08967,20,0.04782,305,49,4270,2391,6000,,600,,,,reversal,transition,0,no_load,both,B4: reversal,servo-app/lab-0.1
1781172907.9849334,51.25713920593262,B4_REVERSAL,B4_REVERSAL_R02_20260611_171416,delta-asda-b3-e,1591,RTSO|SO|OE|VE|QS|TR,3,0,21081138,600,15,0.06405,14,0.033474,305,49,4270,2391,6000,,600,,,,reversal,transition,0,no_load,both,B4: reversal,servo-app/lab-0.1
1781172908.085328,51.35753393173218,B4_REVERSAL,B4_REVERSAL_R02_20260611_171416,delta-asda-b3-e,1591,RTSO|SO|OE|VE|QS|TR,3,0,22775454,599,18,0.07686,21,0.050211,305,49,4270,2391,6000,,600,,,,reversal,transition,0,no_load,both,B4: reversal,servo-app/lab-0.1
1781172908.1857722,51.45797801017761,B4_REVERSAL,B4_REVERSAL_R02_20260611_171416,delta-asda-b3-e,1591,RTSO|SO|OE|VE|QS|TR,3,0,24453254,600,14,0.05978,15,0.035865,305,49,4270,2391,6000,,600,,,,reversal,transition,0,no_load,both,B4: reversal,servo-app/lab-0.1
1781172908.2862704,51.5584762096405,B4_REVERSAL,B4_REVERSAL_R02_20260611_171416,delta-asda-b3-e,1591,RTSO|SO|OE|VE|QS|TR,3,0,26114210,600,23,0.09821,25,0.059775,305,49,4270,2391,6000,,600,,,,reversal,transition,0,no_load,both,B4: reversal,servo-app/lab-0.1
1781172908.38633,51.65853571891785,B4_REVERSAL,B4_REVERSAL_R02_20260611_171416,delta-asda-b3-e,1591,RTSO|SO|OE|VE|QS|TR,3,0,27808420,600,14,0.05978,16,0.038256,305,49,4270,2391,6000,,600,,,,reversal,transition,0,no_load,both,B4: reversal,servo-app/lab-0.1
1781172908.4865932,51.75879907608032,B4_REVERSAL,B4_REVERSAL_R02_20260611_171416,delta-asda-b3-e,1591,RTSO|SO|OE|VE|QS|TR,3,0,29486087,599,22,0.09394,21,0.050211,305,49,4270,2391,6000,,600,,,,reversal,transition,0,no_load,both,B4: reversal,servo-app/lab-0.1
1781172908.5868962,51.85910201072693,B4_REVERSAL,B4_REVERSAL_R02_20260611_171416,delta-asda-b3-e,1591,RTSO|SO|OE|VE|QS|TR,3,0,31180297,600,16,0.06832,22,0.052602,305,49,4270,2391,6000,,600,,,,reversal,transition,0,no_load,both,B4: reversal,servo-app/lab-0.1
1781172908.686959,51.95916485786438,B4_REVERSAL,B4_REVERSAL_R02_20260611_171416,delta-asda-b3-e,1591,RTSO|SO|OE|VE|QS|TR,3,0,32858292,600,21,0.08967,21,0.050211,305,49,4270,2391,6000,,600,,,,reversal,transition,0,no_load,both,B4: reversal,servo-app/lab-0.1
1781172908.7873192,52.05952501296997,B4_REVERSAL,B4_REVERSAL_R02_20260611_171416,delta-asda-b3-e,1591,RTSO|SO|OE|VE|QS|TR,3,0,34519344,600,17,0.07259,15,0.035865,305,49,4270,2391,6000,,600,,,,reversal,transition,0,no_load,both,B4: reversal,servo-app/lab-0.1
1781172908.8876219,52.159827709198,B4_REVERSAL,B4_REVERSAL_R02_20260611_171416,delta-asda-b3-e,1591,RTSO|SO|OE|VE|QS|TR,3,0,36213688,600,17,0.07259,21,0.050211,305,49,4270,2391,6000,,600,,,,reversal,transition,0,no_load,both,B4: reversal,servo-app/lab-0.1
1781172908.987973,52.26017880439758,B4_REVERSAL,B4_REVERSAL_R02_20260611_171416,delta-asda-b3-e,1591,RTSO|SO|OE|VE|QS|TR,3,0,37891265,600,12,0.05124,14,0.033474,305,49,4270,2391,6000,,600,,,,reversal,transition,0,no_load,both,B4: reversal,servo-app/lab-0.1
1781172909.0879974,52.3602032661438,B4_REVERSAL,B4_REVERSAL_R02_20260611_171416,delta-asda-b3-e,1591,RTSO|SO|OE|VE|QS|TR,3,0,39585617,600,19,0.08113,23,0.054993,305,49,4270,2391,6000,,600,,,,reversal,transition,0,no_load,both,B4: reversal,servo-app/lab-0.1
1781172909.1883812,52.46058702468872,B4_REVERSAL,B4_REVERSAL_R02_20260611_171416,delta-asda-b3-e,1591,RTSO|SO|OE|VE|QS|TR,3,0,41263414,601,17,0.07259,18,0.043038,305,49,4270,2391,6000,,600,,,,reversal,transition,0,no_load,both,B4: reversal,servo-app/lab-0.1
1781172909.288543,52.5607488155365,B4_REVERSAL,B4_REVERSAL_R02_20260611_171416,delta-asda-b3-e,1591,RTSO|SO|OE|VE|QS|TR,3,0,42924339,600,20,0.0854,20,0.04782,305,49,4270,2391,6000,,600,,,,reversal,transition,0,no_load,both,B4: reversal,servo-app/lab-0.1
1781172909.3889418,52.661147594451904,B4_REVERSAL,B4_REVERSAL_R02_20260611_171416,delta-asda-b3-e,1591,RTSO|SO|OE|VE|QS|TR,3,0,44635432,600,16,0.06832,13,0.031083,305,49,4270,2391,6000,,600,,,,reversal,transition,0,no_load,both,B4: reversal,servo-app/lab-0.1
1781172909.4894347,52.761640548706055,B4_REVERSAL,B4_REVERSAL_R02_20260611_171416,delta-asda-b3-e,1591,RTSO|SO|OE|VE|QS|TR,3,0,46329805,600,22,0.09394,21,0.050211,305,49,4270,2391,6000,,600,,,,reversal,transition,0,no_load,both,B4: reversal,servo-app/lab-0.1
1781172909.589837,52.86204290390015,B4_REVERSAL,B4_REVERSAL_R02_20260611_171416,delta-asda-b3-e,1591,RTSO|SO|OE|VE|QS|TR,3,0,47990581,600,17,0.07259,15,0.035865,305,49,4270,2391,6000,,600,,,,reversal,transition,0,no_load,both,B4: reversal,servo-app/lab-0.1
1781172909.6898685,52.962074279785156,B4_REVERSAL,B4_REVERSAL_R02_20260611_171416,delta-asda-b3-e,1591,RTSO|SO|OE|VE|QS|TR,3,0,49668621,600,19,0.08113,21,0.050211,305,49,4270,2391,6000,,600,,,,reversal,transition,0,no_load,both,B4: reversal,servo-app/lab-0.1
1781172909.7903142,53.062520027160645,B4_REVERSAL,B4_REVERSAL_R02_20260611_171416,delta-asda-b3-e,1591,RTSO|SO|OE|VE|QS|TR,3,0,51363147,600,16,0.06832,18,0.043038,306,49,4270,2391,6000,,600,,,,reversal,transition,0,no_load,both,B4: reversal,servo-app/lab-0.1
1781172909.8903472,53.16255307197571,B4_REVERSAL,B4_REVERSAL_R02_20260611_171416,delta-asda-b3-e,1591,RTSO|SO|OE|VE|QS|TR,3,0,53040704,600,17,0.07259,22,0.052602,306,49,4270,2391,6000,,600,,,,reversal,transition,0,no_load,both,B4: reversal,servo-app/lab-0.1
1781172909.99076,53.26296591758728,B4_REVERSAL,B4_REVERSAL_R02_20260611_171416,delta-asda-b3-e,1591,RTSO|SO|OE|VE|QS|TR,3,0,54735071,600,16,0.06832,13,0.031083,305,49,4270,2391,6000,,600,,,,reversal,transition,0,no_load,both,B4: reversal,servo-app/lab-0.1
1781172910.091188,53.363393783569336,B4_REVERSAL,B4_REVERSAL_R02_20260611_171416,delta-asda-b3-e,1591,RTSO|SO|OE|VE|QS|TR,3,0,56395813,600,22,0.09394,22,0.052602,305,49,4270,2391,6000,,600,,,,reversal,transition,0,no_load,both,B4: reversal,servo-app/lab-0.1
1781172910.1915483,53.463754177093506,B4_REVERSAL,B4_REVERSAL_R02_20260611_171416,delta-asda-b3-e,1591,RTSO|SO|OE|VE|QS|TR,3,0,58107361,601,19,0.08113,18,0.043038,305,49,4270,2391,6000,,600,,,,reversal,transition,0,no_load,both,B4: reversal,servo-app/lab-0.1
1781172910.291732,53.56393790245056,B4_REVERSAL,B4_REVERSAL_R02_20260611_171416,delta-asda-b3-e,1591,RTSO|SO|OE|VE|QS|TR,3,0,59768107,600,16,0.06832,20,0.04782,305,49,4270,2391,6000,,600,,,,reversal,transition,0,no_load,both,B4: reversal,servo-app/lab-0.1
1781172910.3921335,53.66433930397034,B4_REVERSAL,B4_REVERSAL_R02_20260611_171416,delta-asda-b3-e,1591,RTSO|SO|OE|VE|QS|TR,3,0,61445649,600,13,0.05551,15,0.035865,305,49,4270,2391,6000,,600,,,,reversal,transition,0,no_load,both,B4: reversal,servo-app/lab-0.1
1781172910.492309,53.7645149230957,B4_REVERSAL,B4_REVERSAL_R02_20260611_171416,delta-asda-b3-e,1591,RTSO|SO|OE|VE|QS|TR,3,0,63139979,600,19,0.08113,26,0.062166,305,49,4270,2391,6000,,600,,,,reversal,transition,0,no_load,both,B4: reversal,servo-app/lab-0.1
1781172910.5927498,53.86495566368103,B4_REVERSAL,B4_REVERSAL_R02_20260611_171416,delta-asda-b3-e,1591,RTSO|SO|OE|VE|QS|TR,3,0,64834450,601,15,0.06405,15,0.035865,306,49,4270,2391,6000,,600,,,,reversal,transition,0,no_load,both,B4: reversal,servo-app/lab-0.1
1781172910.6929944,53.96520018577576,B4_REVERSAL,B4_REVERSAL_R02_20260611_171416,delta-asda-b3-e,1591,RTSO|SO|OE|VE|QS|TR,3,0,66495564,601,17,0.07259,19,0.045429,305,49,4270,2391,6000,,600,,,,reversal,transition,0,no_load,both,B4: reversal,servo-app/lab-0.1
1781172910.7937655,54.06597137451172,B4_REVERSAL,B4_REVERSAL_R02_20260611_171416,delta-asda-b3-e,1591,RTSO|SO|OE|VE|QS|TR,3,0,68190133,600,17,0.07259,19,0.045429,306,49,4270,2391,6000,,600,,,,reversal,transition,0,no_load,both,B4: reversal,servo-app/lab-0.1
1781172910.8939848,54.16619062423706,B4_REVERSAL,B4_REVERSAL_R02_20260611_171416,delta-asda-b3-e,1591,RTSO|SO|OE|VE|QS|TR,3,0,69884430,600,17,0.07259,18,0.043038,306,49,4270,2391,6000,,600,,,,reversal,transition,0,no_load,both,B4: reversal,servo-app/lab-0.1
1781172910.9941845,54.266390323638916,B4_REVERSAL,B4_REVERSAL_R02_20260611_171416,delta-asda-b3-e,1591,RTSO|SO|OE|VE|QS|TR,3,0,71562029,600,15,0.06405,15,0.035865,305,49,4270,2391,6000,,600,,,,reversal,transition,0,no_load,both,B4: reversal,servo-app/lab-0.1
1781172911.0945082,54.366714000701904,B4_REVERSAL,B4_REVERSAL_R02_20260611_171416,delta-asda-b3-e,1591,RTSO|SO|OE|VE|QS|TR,3,0,73256450,601,13,0.05551,15,0.035865,305,49,4270,2391,6000,,600,,,,reversal,transition,0,no_load,both,B4: reversal,servo-app/lab-0.1
1781172911.1947212,54.46692705154419,B4_REVERSAL,B4_REVERSAL_R02_20260611_171416,delta-asda-b3-e,1591,RTSO|SO|OE|VE|QS|TR,3,0,74917579,601,17,0.07259,16,0.038256,305,49,4270,2391,6000,,600,,,,reversal,transition,0,no_load,both,B4: reversal,servo-app/lab-0.1
1781172911.294908,54.56711387634277,B4_REVERSAL,B4_REVERSAL_R02_20260611_171416,delta-asda-b3-e,1591,RTSO|SO|OE|VE|QS|TR,3,0,76595078,600,15,0.06405,16,0.038256,305,49,4270,2391,6000,,600,,,,reversal,transition,0,no_load,both,B4: reversal,servo-app/lab-0.1
1781172911.3949442,54.667150020599365,B4_REVERSAL,B4_REVERSAL_R02_20260611_171416,delta-asda-b3-e,1591,RTSO|SO|OE|VE|QS|TR,3,0,78272696,601,20,0.0854,15,0.035865,305,49,4270,2391,6000,,600,,,,reversal,transition,0,no_load,both,B4: reversal,servo-app/lab-0.1
1781172911.495309,54.76751494407654,B4_REVERSAL,B4_REVERSAL_R02_20260611_171416,delta-asda-b3-e,1591,RTSO|SO|OE|VE|QS|TR,3,0,79967003,600,19,0.08113,23,0.054993,305,49,4270,2391,6000,,600,,,,reversal,transition,0,no_load,both,B4: reversal,servo-app/lab-0.1
1781172911.5956223,54.867828130722046,B4_REVERSAL,B4_REVERSAL_R02_20260611_171416,delta-asda-b3-e,1591,RTSO|SO|OE|VE|QS|TR,3,0,81661593,601,17,0.07259,14,0.033474,305,49,4270,2391,6000,,600,,,,reversal,transition,0,no_load,both,B4: reversal,servo-app/lab-0.1
1781172911.69607,54.96827578544617,B4_REVERSAL,B4_REVERSAL_R02_20260611_171416,delta-asda-b3-e,1591,RTSO|SO|OE|VE|QS|TR,3,0,83339523,601,15,0.06405,16,0.038256,306,49,4270,2391,6000,,600,,,,reversal,transition,0,no_load,both,B4: reversal,servo-app/lab-0.1
1781172911.7961178,55.068323612213135,B4_REVERSAL,B4_REVERSAL_R02_20260611_171416,delta-asda-b3-e,1591,RTSO|SO|OE|VE|QS|TR,3,0,83144391,-589,-19,-0.08113,-19,-0.045429,306,49,4270,2391,6000,,600,,,,reversal,transition,0,no_load,both,B4: reversal,servo-app/lab-0.1
1781172911.89622,55.16842579841614,B4_REVERSAL,B4_REVERSAL_R02_20260611_171416,delta-asda-b3-e,1591,RTSO|SO|OE|VE|QS|TR,3,0,81483476,-600,-18,-0.07686,-20,-0.04782,306,49,4270,2391,6000,,600,,,,reversal,transition,0,no_load,both,B4: reversal,servo-app/lab-0.1
1781172911.9963157,55.268521547317505,B4_REVERSAL,B4_REVERSAL_R02_20260611_171416,delta-asda-b3-e,1591,RTSO|SO|OE|VE|QS|TR,3,0,79788747,-600,-16,-0.06832,-17,-0.040647,305,49,4270,2391,6000,,600,,,,reversal,transition,0,no_load,both,B4: reversal,servo-app/lab-0.1
1781172912.0966394,55.36884522438049,B4_REVERSAL,B4_REVERSAL_R02_20260611_171416,delta-asda-b3-e,1591,RTSO|SO|OE|VE|QS|TR,3,0,78094493,-600,-17,-0.07259,-19,-0.045429,305,49,4270,2391,6000,,600,,,,reversal,transition,0,no_load,both,B4: reversal,servo-app/lab-0.1
1781172912.1969018,55.46910762786865,B4_REVERSAL,B4_REVERSAL_R02_20260611_171416,delta-asda-b3-e,1591,RTSO|SO|OE|VE|QS|TR,3,0,76416544,-599,-22,-0.09394,-18,-0.043038,305,49,4270,2391,6000,,600,,,,reversal,transition,0,no_load,both,B4: reversal,servo-app/lab-0.1
1781172912.2969418,55.56914758682251,B4_REVERSAL,B4_REVERSAL_R02_20260611_171416,delta-asda-b3-e,1591,RTSO|SO|OE|VE|QS|TR,3,0,74739301,-599,-20,-0.0854,-23,-0.054993,305,49,4270,2391,6000,,600,,,,reversal,transition,0,no_load,both,B4: reversal,servo-app/lab-0.1
1781172912.396998,55.669203758239746,B4_REVERSAL,B4_REVERSAL_R02_20260611_171416,delta-asda-b3-e,1591,RTSO|SO|OE|VE|QS|TR,3,0,73078079,-600,-16,-0.06832,-16,-0.038256,305,49,4270,2391,6000,,600,,,,reversal,transition,0,no_load,both,B4: reversal,servo-app/lab-0.1
1781172912.4972324,55.76943826675415,B4_REVERSAL,B4_REVERSAL_R02_20260611_171416,delta-asda-b3-e,1591,RTSO|SO|OE|VE|QS|TR,3,0,71383628,-600,-16,-0.06832,-19,-0.045429,305,49,4270,2391,6000,,600,,,,reversal,transition,0,no_load,both,B4: reversal,servo-app/lab-0.1
1781172912.5976353,55.8698410987854,B4_REVERSAL,B4_REVERSAL_R02_20260611_171416,delta-asda-b3-e,1591,RTSO|SO|OE|VE|QS|TR,3,0,69689029,-600,-19,-0.08113,-16,-0.038256,305,49,4270,2391,6000,,600,,,,reversal,transition,0,no_load,both,B4: reversal,servo-app/lab-0.1
1781172912.6978052,55.97001099586487,B4_REVERSAL,B4_REVERSAL_R02_20260611_171416,delta-asda-b3-e,1591,RTSO|SO|OE|VE|QS|TR,3,0,68045043,-600,-27,-0.11529,-28,-0.066948,305,49,4270,2391,6000,,600,,,,reversal,transition,0,no_load,both,B4: reversal,servo-app/lab-0.1
1781172912.7978432,56.07004904747009,B4_REVERSAL,B4_REVERSAL_R02_20260611_171416,delta-asda-b3-e,1591,RTSO|SO|OE|VE|QS|TR,3,0,66333809,-599,-23,-0.09821,-22,-0.052602,305,49,4270,2391,6000,,600,,,,reversal,transition,0,no_load,both,B4: reversal,servo-app/lab-0.1
1781172912.8980742,56.17027997970581,B4_REVERSAL,B4_REVERSAL_R02_20260611_171416,delta-asda-b3-e,1591,RTSO|SO|OE|VE|QS|TR,3,0,64672812,-600,-19,-0.08113,-19,-0.045429,305,49,4270,2391,6000,,600,,,,reversal,transition,0,no_load,both,B4: reversal,servo-app/lab-0.1
1781172912.998477,56.27068281173706,B4_REVERSAL,B4_REVERSAL_R02_20260611_171416,delta-asda-b3-e,1591,RTSO|SO|OE|VE|QS|TR,3,0,62977892,-600,-18,-0.07686,-18,-0.043038,305,49,4270,2391,6000,,600,,,,reversal,transition,0,no_load,both,B4: reversal,servo-app/lab-0.1
1781172913.0986261,56.37083196640015,B4_REVERSAL,B4_REVERSAL_R02_20260611_171416,delta-asda-b3-e,1591,RTSO|SO|OE|VE|QS|TR,3,0,61283654,-600,-23,-0.09821,-20,-0.04782,305,49,4270,2391,6000,,600,,,,reversal,transition,0,no_load,both,B4: reversal,servo-app/lab-0.1
1781172913.1990292,56.471235036849976,B4_REVERSAL,B4_REVERSAL_R02_20260611_171416,delta-asda-b3-e,1591,RTSO|SO|OE|VE|QS|TR,3,0,59605777,-599,-23,-0.09821,-20,-0.04782,306,49,4270,2391,6000,,600,,,,reversal,transition,0,no_load,both,B4: reversal,servo-app/lab-0.1
1781172913.2995355,56.571741342544556,B4_REVERSAL,B4_REVERSAL_R02_20260611_171416,delta-asda-b3-e,1591,RTSO|SO|OE|VE|QS|TR,3,0,57911779,-599,-19,-0.08113,-20,-0.04782,306,49,4270,2391,6000,,600,,,,reversal,transition,0,no_load,both,B4: reversal,servo-app/lab-0.1
1781172913.3998058,56.672011613845825,B4_REVERSAL,B4_REVERSAL_R02_20260611_171416,delta-asda-b3-e,1591,RTSO|SO|OE|VE|QS|TR,3,0,56233731,-600,-15,-0.06405,-17,-0.040647,305,49,4270,2391,6000,,600,,,,reversal,transition,0,no_load,both,B4: reversal,servo-app/lab-0.1
1781172913.5001867,56.7723925113678,B4_REVERSAL,B4_REVERSAL_R02_20260611_171416,delta-asda-b3-e,1591,RTSO|SO|OE|VE|QS|TR,3,0,54589683,-600,-17,-0.07259,-18,-0.043038,305,49,4270,2391,6000,,600,,,,reversal,transition,0,no_load,both,B4: reversal,servo-app/lab-0.1
1781172913.6006813,56.872887134552,B4_REVERSAL,B4_REVERSAL_R02_20260611_171416,delta-asda-b3-e,1591,RTSO|SO|OE|VE|QS|TR,3,0,52861439,-600,-13,-0.05551,-18,-0.043038,305,49,4270,2391,6000,,600,,,,reversal,transition,0,no_load,both,B4: reversal,servo-app/lab-0.1
1781172913.7010322,56.97323799133301,B4_REVERSAL,B4_REVERSAL_R02_20260611_171416,delta-asda-b3-e,1591,RTSO|SO|OE|VE|QS|TR,3,0,51183953,-600,-19,-0.08113,-21,-0.050211,305,49,4270,2391,6000,,600,,,,reversal,transition,0,no_load,both,B4: reversal,servo-app/lab-0.1
1781172913.801583,57.07378888130188,B4_REVERSAL,B4_REVERSAL_R02_20260611_171416,delta-asda-b3-e,1591,RTSO|SO|OE|VE|QS|TR,3,0,49506220,-599,-22,-0.09394,-24,-0.057384,306,49,4270,2391,6000,,600,,,,reversal,transition,0,no_load,both,B4: reversal,servo-app/lab-0.1
1781172913.9018354,57.17404127120972,B4_REVERSAL,B4_REVERSAL_R02_20260611_171416,delta-asda-b3-e,1591,RTSO|SO|OE|VE|QS|TR,3,0,47828303,-601,-18,-0.07686,-18,-0.043038,306,49,4270,2391,6000,,600,,,,reversal,transition,0,no_load,both,B4: reversal,servo-app/lab-0.1
1781172914.0020382,57.2742440700531,B4_REVERSAL,B4_REVERSAL_R02_20260611_171416,delta-asda-b3-e,1591,RTSO|SO|OE|VE|QS|TR,3,0,46133494,-600,-17,-0.07259,-19,-0.045429,306,49,4270,2391,6000,,600,,,,reversal,transition,0,no_load,both,B4: reversal,servo-app/lab-0.1
1781172914.1022947,57.37450051307678,B4_REVERSAL,B4_REVERSAL_R02_20260611_171416,delta-asda-b3-e,1591,RTSO|SO|OE|VE|QS|TR,3,0,44439143,-601,-18,-0.07686,-25,-0.059775,306,49,4270,2391,6000,,600,,,,reversal,transition,0,no_load,both,B4: reversal,servo-app/lab-0.1
1781172914.2024317,57.474637508392334,B4_REVERSAL,B4_REVERSAL_R02_20260611_171416,delta-asda-b3-e,1591,RTSO|SO|OE|VE|QS|TR,3,0,42778193,-600,-17,-0.07259,-18,-0.043038,306,49,4270,2391,6000,,600,,,,reversal,transition,0,no_load,both,B4: reversal,servo-app/lab-0.1
1781172914.3031673,57.57537317276001,B4_REVERSAL,B4_REVERSAL_R02_20260611_171416,delta-asda-b3-e,1591,RTSO|SO|OE|VE|QS|TR,3,0,41100898,-600,-19,-0.08113,-19,-0.045429,305,49,4270,2391,6000,,600,,,,reversal,transition,0,no_load,both,B4: reversal,servo-app/lab-0.1
1781172914.4036043,57.67581009864807,B4_REVERSAL,B4_REVERSAL_R02_20260611_171416,delta-asda-b3-e,1591,RTSO|SO|OE|VE|QS|TR,3,0,39422835,-600,-15,-0.06405,-20,-0.04782,306,49,4270,2391,6000,,600,,,,reversal,transition,0,no_load,both,B4: reversal,servo-app/lab-0.1
1781172914.5038826,57.77608847618103,B4_REVERSAL,B4_REVERSAL_R02_20260611_171416,delta-asda-b3-e,1591,RTSO|SO|OE|VE|QS|TR,3,0,37711544,-601,-24,-0.10248,-24,-0.057384,306,49,4270,2391,6000,,600,,,,reversal,transition,0,no_load,both,B4: reversal,servo-app/lab-0.1
1781172914.6041257,57.87633156776428,B4_REVERSAL,B4_REVERSAL_R02_20260611_171416,delta-asda-b3-e,1591,RTSO|SO|OE|VE|QS|TR,3,0,36067335,-600,-16,-0.06832,-17,-0.040647,306,49,4270,2391,6000,,600,,,,reversal,transition,0,no_load,both,B4: reversal,servo-app/lab-0.1
1781172914.7041547,57.9763605594635,B4_REVERSAL,B4_REVERSAL_R02_20260611_171416,delta-asda-b3-e,1591,RTSO|SO|OE|VE|QS|TR,3,0,34373026,-600,-18,-0.07686,-17,-0.040647,305,49,4270,2391,6000,,600,,,,reversal,transition,0,no_load,both,B4: reversal,servo-app/lab-0.1
1781172914.8046725,58.07687830924988,B4_REVERSAL,B4_REVERSAL_R02_20260611_171416,delta-asda-b3-e,1591,RTSO|SO|OE|VE|QS|TR,3,0,32678443,-600,-17,-0.07259,-17,-0.040647,305,49,4270,2391,6000,,600,,,,reversal,transition,0,no_load,both,B4: reversal,servo-app/lab-0.1
1781172914.90482,58.17702579498291,B4_REVERSAL,B4_REVERSAL_R02_20260611_171416,delta-asda-b3-e,1591,RTSO|SO|OE|VE|QS|TR,3,0,31000456,-601,-18,-0.07686,-17,-0.040647,305,49,4270,2391,6000,,600,,,,reversal,transition,0,no_load,both,B4: reversal,servo-app/lab-0.1
1781172915.005408,58.27761387825012,B4_REVERSAL,B4_REVERSAL_R02_20260611_171416,delta-asda-b3-e,1591,RTSO|SO|OE|VE|QS|TR,3,0,29288943,-600,-16,-0.06832,-18,-0.043038,306,49,4270,2391,6000,,600,,,,reversal,transition,0,no_load,both,B4: reversal,servo-app/lab-0.1
1781172915.105741,58.377946853637695,B4_REVERSAL,B4_REVERSAL_R02_20260611_171416,delta-asda-b3-e,1591,RTSO|SO|OE|VE|QS|TR,3,0,27611312,-601,-17,-0.07259,-19,-0.045429,305,49,4270,2391,6000,,600,,,,reversal,transition,0,no_load,both,B4: reversal,servo-app/lab-0.1
1781172915.2062876,58.478493452072144,B4_REVERSAL,B4_REVERSAL_R02_20260611_171416,delta-asda-b3-e,1591,RTSO|SO|OE|VE|QS|TR,3,0,25933639,-600,-20,-0.0854,-17,-0.040647,305,49,4270,2391,6000,,600,,,,reversal,transition,0,no_load,both,B4: reversal,servo-app/lab-0.1
1781172915.306771,58.57897686958313,B4_REVERSAL,B4_REVERSAL_R02_20260611_171416,delta-asda-b3-e,1591,RTSO|SO|OE|VE|QS|TR,3,0,24256256,-601,-20,-0.0854,-18,-0.043038,305,49,4270,2391,6000,,600,,,,reversal,transition,0,no_load,both,B4: reversal,servo-app/lab-0.1
1781172915.4068568,58.679062604904175,B4_REVERSAL,B4_REVERSAL_R02_20260611_171416,delta-asda-b3-e,1591,RTSO|SO|OE|VE|QS|TR,3,0,22561396,-601,-22,-0.09394,-16,-0.038256,306,49,4270,2391,6000,,600,,,,reversal,transition,0,no_load,both,B4: reversal,servo-app/lab-0.1
1781172915.506998,58.77920389175415,B4_REVERSAL,B4_REVERSAL_R02_20260611_171416,delta-asda-b3-e,1591,RTSO|SO|OE|VE|QS|TR,3,0,20900620,-601,-22,-0.09394,-22,-0.052602,305,49,4270,2391,6000,,600,,,,reversal,transition,0,no_load,both,B4: reversal,servo-app/lab-0.1
1781172915.6075292,58.87973499298096,B4_REVERSAL,B4_REVERSAL_R02_20260611_171416,delta-asda-b3-e,1591,RTSO|SO|OE|VE|QS|TR,3,0,19189064,-601,-21,-0.08967,-20,-0.04782,305,49,4270,2391,6000,,600,,,,reversal,transition,0,no_load,both,B4: reversal,servo-app/lab-0.1
1781172915.7079463,58.98015213012695,B4_REVERSAL,B4_REVERSAL_R02_20260611_171416,delta-asda-b3-e,1591,RTSO|SO|OE|VE|QS|TR,3,0,17511645,-601,-19,-0.08113,-19,-0.045429,305,49,4270,2391,6000,,600,,,,reversal,transition,0,no_load,both,B4: reversal,servo-app/lab-0.1
1781172915.8084607,59.08066654205322,B4_REVERSAL,B4_REVERSAL_R02_20260611_171416,delta-asda-b3-e,1591,RTSO|SO|OE|VE|QS|TR,3,0,15833832,-601,-16,-0.06832,-16,-0.038256,305,49,4270,2391,6000,,600,,,,reversal,transition,0,no_load,both,B4: reversal,servo-app/lab-0.1
1781172915.9086883,59.18089413642883,B4_REVERSAL,B4_REVERSAL_R02_20260611_171416,delta-asda-b3-e,1591,RTSO|SO|OE|VE|QS|TR,3,0,14138938,-602,-16,-0.06832,-17,-0.040647,305,49,4270,2391,6000,,600,,,,reversal,transition,0,no_load,both,B4: reversal,servo-app/lab-0.1
1781172916.0089948,59.281200647354126,B4_REVERSAL,B4_REVERSAL_R02_20260611_171416,delta-asda-b3-e,1591,RTSO|SO|OE|VE|QS|TR,3,0,12461199,-601,-20,-0.0854,-17,-0.040647,305,49,4270,2391,6000,,600,,,,reversal,transition,0,no_load,both,B4: reversal,servo-app/lab-0.1
1781172916.109434,59.3816397190094,B4_REVERSAL,B4_REVERSAL_R02_20260611_171416,delta-asda-b3-e,1591,RTSO|SO|OE|VE|QS|TR,3,0,10783570,-601,-18,-0.07686,-18,-0.043038,305,49,4270,2391,6000,,600,,,,reversal,transition,0,no_load,both,B4: reversal,servo-app/lab-0.1
1781172916.2100863,59.48229217529297,B4_REVERSAL,B4_REVERSAL_R02_20260611_171416,delta-asda-b3-e,1591,RTSO|SO|OE|VE|QS|TR,3,0,9122737,-600,-19,-0.08113,-16,-0.038256,306,49,4270,2391,6000,,600,,,,reversal,transition,0,no_load,both,B4: reversal,servo-app/lab-0.1
1781172916.3101254,59.58233118057251,B4_REVERSAL,B4_REVERSAL_R02_20260611_171416,delta-asda-b3-e,1591,RTSO|SO|OE|VE|QS|TR,3,0,7428434,-601,-18,-0.07686,-23,-0.054993,305,49,4270,2391,6000,,600,,,,reversal,transition,0,no_load,both,B4: reversal,servo-app/lab-0.1
1781172916.410444,59.68264985084534,B4_REVERSAL,B4_REVERSAL_R02_20260611_171416,delta-asda-b3-e,1591,RTSO|SO|OE|VE|QS|TR,3,0,5733606,-601,-20,-0.0854,-20,-0.04782,306,49,4270,2391,6000,,600,,,,reversal,transition,0,no_load,both,B4: reversal,servo-app/lab-0.1
1781172916.5105343,59.782740116119385,B4_REVERSAL,B4_REVERSAL_R02_20260611_171416,delta-asda-b3-e,1591,RTSO|SO|OE|VE|QS|TR,3,0,4072859,-601,-19,-0.08113,-20,-0.04782,305,49,4270,2391,6000,,600,,,,reversal,transition,0,no_load,both,B4: reversal,servo-app/lab-0.1
1781172916.6106527,59.88285851478577,B4_REVERSAL,B4_REVERSAL_R02_20260611_171416,delta-asda-b3-e,1591,RTSO|SO|OE|VE|QS|TR,3,0,2361306,-601,-23,-0.09821,-21,-0.050211,305,49,4270,2391,6000,,600,,,,reversal,transition,0,no_load,both,B4: reversal,servo-app/lab-0.1
1781172916.7107806,59.98298645019531,B4_REVERSAL,B4_REVERSAL_R02_20260611_171416,delta-asda-b3-e,1591,RTSO|SO|OE|VE|QS|TR,3,0,700704,-601,-21,-0.08967,-20,-0.04782,305,49,4270,2391,6000,,600,,,,reversal,transition,0,no_load,both,B4: reversal,servo-app/lab-0.1
1781172916.8114011,60.08360695838928,B4_REVERSAL,B4_REVERSAL_R02_20260611_171416,delta-asda-b3-e,1591,RTSO|SO|OE|VE|QS|TR,3,0,1130912,596,19,0.08113,16,0.038256,306,49,4270,2391,6000,,600,,,,reversal,transition,0,no_load,both,B4: reversal,servo-app/lab-0.1
1781172916.9118142,60.184020042419434,B4_REVERSAL,B4_REVERSAL_R02_20260611_171416,delta-asda-b3-e,1591,RTSO|SO|OE|VE|QS|TR,3,0,2808363,601,18,0.07686,15,0.035865,305,49,4270,2391,6000,,600,,,,reversal,transition,0,no_load,both,B4: reversal,servo-app/lab-0.1
1781172917.0120602,60.284265995025635,B4_REVERSAL,B4_REVERSAL_R02_20260611_171416,delta-asda-b3-e,1591,RTSO|SO|OE|VE|QS|TR,3,0,4485757,601,12,0.05124,13,0.031083,306,49,4270,2391,6000,,600,,,,reversal,transition,0,no_load,both,B4: reversal,servo-app/lab-0.1
1781172917.1125824,60.384788274765015,B4_REVERSAL,B4_REVERSAL_R02_20260611_171416,delta-asda-b3-e,1591,RTSO|SO|OE|VE|QS|TR,3,0,6163362,601,18,0.07686,17,0.040647,305,49,4270,2391,6000,,600,,,,reversal,transition,0,no_load,both,B4: reversal,servo-app/lab-0.1
1781172917.2128835,60.48508930206299,B4_REVERSAL,B4_REVERSAL_R02_20260611_171416,delta-asda-b3-e,1591,RTSO|SO|OE|VE|QS|TR,3,0,7841396,601,21,0.08967,22,0.052602,305,49,4270,2391,6000,,600,,,,reversal,transition,0,no_load,both,B4: reversal,servo-app/lab-0.1
1781172917.3130903,60.58529615402222,B4_REVERSAL,B4_REVERSAL_R02_20260611_171416,delta-asda-b3-e,1591,RTSO|SO|OE|VE|QS|TR,3,0,9518833,600,16,0.06832,17,0.040647,306,49,4270,2391,6000,,600,,,,reversal,transition,0,no_load,both,B4: reversal,servo-app/lab-0.1
1781172917.4134989,60.685704708099365,B4_REVERSAL,B4_REVERSAL_R02_20260611_171416,delta-asda-b3-e,1591,RTSO|SO|OE|VE|QS|TR,3,0,11213349,601,20,0.0854,18,0.043038,305,49,4270,2391,6000,,600,,,,reversal,transition,0,no_load,both,B4: reversal,servo-app/lab-0.1
1781172917.5139632,60.78616905212402,B4_REVERSAL,B4_REVERSAL_R02_20260611_171416,delta-asda-b3-e,1591,RTSO|SO|OE|VE|QS|TR,3,0,12873902,600,18,0.07686,18,0.043038,305,49,4270,2391,6000,,600,,,,reversal,transition,0,no_load,both,B4: reversal,servo-app/lab-0.1
1781172917.6143718,60.88657760620117,B4_REVERSAL,B4_REVERSAL_R02_20260611_171416,delta-asda-b3-e,1591,RTSO|SO|OE|VE|QS|TR,3,0,14568548,601,14,0.05978,16,0.038256,305,49,4270,2391,6000,,600,,,,reversal,transition,0,no_load,both,B4: reversal,servo-app/lab-0.1
1781172917.714742,60.986947774887085,B4_REVERSAL,B4_REVERSAL_R02_20260611_171416,delta-asda-b3-e,1591,RTSO|SO|OE|VE|QS|TR,3,0,16263366,601,16,0.06832,16,0.038256,305,49,4270,2391,6000,,600,,,,reversal,transition,0,no_load,both,B4: reversal,servo-app/lab-0.1
1781172917.815003,61.08720874786377,B4_REVERSAL,B4_REVERSAL_R02_20260611_171416,delta-asda-b3-e,1591,RTSO|SO|OE|VE|QS|TR,3,0,17957872,601,21,0.08967,21,0.050211,306,49,4270,2391,6000,,600,,,,reversal,transition,0,no_load,both,B4: reversal,servo-app/lab-0.1
1781172917.9154716,61.18767738342285,B4_REVERSAL,B4_REVERSAL_R02_20260611_171416,delta-asda-b3-e,1591,RTSO|SO|OE|VE|QS|TR,3,0,19652243,601,19,0.08113,19,0.045429,305,49,4270,2391,6000,,600,,,,reversal,transition,0,no_load,both,B4: reversal,servo-app/lab-0.1
1781172918.01589,61.28809571266174,B4_REVERSAL,B4_REVERSAL_R02_20260611_171416,delta-asda-b3-e,1591,RTSO|SO|OE|VE|QS|TR,3,0,21329822,601,20,0.0854,19,0.045429,305,49,4270,2391,6000,,600,,,,reversal,transition,0,no_load,both,B4: reversal,servo-app/lab-0.1
1781172918.1162255,61.38843131065369,B4_REVERSAL,B4_REVERSAL_R02_20260611_171416,delta-asda-b3-e,1591,RTSO|SO|OE|VE|QS|TR,3,0,22990634,601,17,0.07259,16,0.038256,305,49,4270,2391,6000,,600,,,,reversal,transition,0,no_load,both,B4: reversal,servo-app/lab-0.1
1781172918.2164805,61.488686323165894,B4_REVERSAL,B4_REVERSAL_R02_20260611_171416,delta-asda-b3-e,1591,RTSO|SO|OE|VE|QS|TR,3,0,24668579,602,16,0.06832,17,0.040647,306,49,4270,2391,6000,,600,,,,reversal,transition,0,no_load,both,B4: reversal,servo-app/lab-0.1
1781172918.3168585,61.58906435966492,B4_REVERSAL,B4_REVERSAL_R02_20260611_171416,delta-asda-b3-e,1591,RTSO|SO|OE|VE|QS|TR,3,0,26345929,601,15,0.06405,17,0.040647,305,49,4270,2391,6000,,600,,,,reversal,transition,0,no_load,both,B4: reversal,servo-app/lab-0.1
1781172918.4172344,61.68944025039673,B4_REVERSAL,B4_REVERSAL_R02_20260611_171416,delta-asda-b3-e,1591,RTSO|SO|OE|VE|QS|TR,3,0,28040472,601,20,0.0854,17,0.040647,306,49,4270,2391,6000,,600,,,,reversal,transition,0,no_load,both,B4: reversal,servo-app/lab-0.1
1781172918.5179803,61.790186166763306,B4_REVERSAL,B4_REVERSAL_R02_20260611_171416,delta-asda-b3-e,1591,RTSO|SO|OE|VE|QS|TR,3,0,29734658,601,22,0.09394,18,0.043038,305,49,4270,2391,6000,,600,,,,reversal,transition,0,no_load,both,B4: reversal,servo-app/lab-0.1
1781172918.6181803,61.89038610458374,B4_REVERSAL,B4_REVERSAL_R02_20260611_171416,delta-asda-b3-e,1591,RTSO|SO|OE|VE|QS|TR,3,0,31429436,602,16,0.06832,17,0.040647,305,49,4270,2391,6000,,600,,,,reversal,transition,0,no_load,both,B4: reversal,servo-app/lab-0.1
1781172918.718592,61.99079775810242,B4_REVERSAL,B4_REVERSAL_R02_20260611_171416,delta-asda-b3-e,1591,RTSO|SO|OE|VE|QS|TR,3,0,33107218,601,15,0.06405,15,0.035865,306,49,4270,2391,6000,,600,,,,reversal,transition,0,no_load,both,B4: reversal,servo-app/lab-0.1
1781172918.8190727,62.09127855300903,B4_REVERSAL,B4_REVERSAL_R02_20260611_171416,delta-asda-b3-e,1591,RTSO|SO|OE|VE|QS|TR,3,0,34784925,601,18,0.07686,19,0.045429,306,49,4270,2391,6000,,600,,,,reversal,transition,0,no_load,both,B4: reversal,servo-app/lab-0.1
1781172918.9197733,62.19197916984558,B4_REVERSAL,B4_REVERSAL_R02_20260611_171416,delta-asda-b3-e,1591,RTSO|SO|OE|VE|QS|TR,3,0,36496131,601,22,0.09394,22,0.052602,306,49,4270,2391,6000,,600,,,,reversal,transition,0,no_load,both,B4: reversal,servo-app/lab-0.1
1781172919.0198026,62.29200839996338,B4_REVERSAL,B4_REVERSAL_R02_20260611_171416,delta-asda-b3-e,1591,RTSO|SO|OE|VE|QS|TR,3,0,38156891,601,22,0.09394,17,0.040647,305,49,4270,2391,6000,,600,,,,reversal,transition,0,no_load,both,B4: reversal,servo-app/lab-0.1
1781172919.1202176,62.39242339134216,B4_REVERSAL,B4_REVERSAL_R02_20260611_171416,delta-asda-b3-e,1591,RTSO|SO|OE|VE|QS|TR,3,0,39817805,601,16,0.06832,16,0.038256,305,49,4270,2391,6000,,600,,,,reversal,transition,0,no_load,both,B4: reversal,servo-app/lab-0.1
1781172919.220479,62.492684841156006,B4_REVERSAL,B4_REVERSAL_R02_20260611_171416,delta-asda-b3-e,1591,RTSO|SO|OE|VE|QS|TR,3,0,41546089,601,24,0.10248,22,0.052602,306,49,4270,2391,6000,,600,,,,reversal,transition,0,no_load,both,B4: reversal,servo-app/lab-0.1
1781172919.3207,62.5929057598114,B4_REVERSAL,B4_REVERSAL_R02_20260611_171416,delta-asda-b3-e,1591,RTSO|SO|OE|VE|QS|TR,3,0,43189827,601,16,0.06832,17,0.040647,306,49,4270,2391,6000,,600,,,,reversal,transition,0,no_load,both,B4: reversal,servo-app/lab-0.1
1781172919.4209898,62.69319558143616,B4_REVERSAL,B4_REVERSAL_R02_20260611_171416,delta-asda-b3-e,1591,RTSO|SO|OE|VE|QS|TR,3,0,44867608,601,21,0.08967,17,0.040647,306,49,4270,2391,6000,,600,,,,reversal,transition,0,no_load,both,B4: reversal,servo-app/lab-0.1
1781172919.5212982,62.79350399971008,B4_REVERSAL,B4_REVERSAL_R02_20260611_171416,delta-asda-b3-e,1591,RTSO|SO|OE|VE|QS|TR,3,0,46578558,601,17,0.07259,23,0.054993,306,49,4270,2391,6000,,600,,,,reversal,transition,0,no_load,both,B4: reversal,servo-app/lab-0.1
1781172919.6214917,62.89369750022888,B4_REVERSAL,B4_REVERSAL_R02_20260611_171416,delta-asda-b3-e,1591,RTSO|SO|OE|VE|QS|TR,3,0,48256643,602,17,0.07259,15,0.035865,306,49,4270,2391,6000,,600,,,,reversal,transition,0,no_load,both,B4: reversal,servo-app/lab-0.1
1781172919.7218542,62.994060039520264,B4_REVERSAL,B4_REVERSAL_R02_20260611_171416,delta-asda-b3-e,1591,RTSO|SO|OE|VE|QS|TR,3,0,49951079,601,13,0.05551,20,0.04782,306,49,4270,2391,6000,,600,,,,reversal,transition,0,no_load,both,B4: reversal,servo-app/lab-0.1
1781172919.8222902,63.09449601173401,B4_REVERSAL,B4_REVERSAL_R02_20260611_171416,delta-asda-b3-e,1591,RTSO|SO|OE|VE|QS|TR,3,0,51595246,601,18,0.07686,23,0.054993,306,49,4270,2391,6000,,600,,,,reversal,transition,0,no_load,both,B4: reversal,servo-app/lab-0.1
1781172919.9226315,63.19483733177185,B4_REVERSAL,B4_REVERSAL_R02_20260611_171416,delta-asda-b3-e,1591,RTSO|SO|OE|VE|QS|TR,3,0,53323091,601,17,0.07259,21,0.050211,306,49,4270,2391,6000,,600,,,,reversal,transition,0,no_load,both,B4: reversal,servo-app/lab-0.1
1781172920.0228255,63.29503130912781,B4_REVERSAL,B4_REVERSAL_R02_20260611_171416,delta-asda-b3-e,1591,RTSO|SO|OE|VE|QS|TR,3,0,55000735,601,22,0.09394,21,0.050211,306,49,4270,2391,6000,,600,,,,reversal,transition,0,no_load,both,B4: reversal,servo-app/lab-0.1
1781172920.1230152,63.39522099494934,B4_REVERSAL,B4_REVERSAL_R02_20260611_171416,delta-asda-b3-e,1591,RTSO|SO|OE|VE|QS|TR,3,0,56661769,601,19,0.08113,15,0.035865,306,49,4270,2391,6000,,600,,,,reversal,transition,0,no_load,both,B4: reversal,servo-app/lab-0.1
1781172920.2234578,63.4956636428833,B4_REVERSAL,B4_REVERSAL_R02_20260611_171416,delta-asda-b3-e,1591,RTSO|SO|OE|VE|QS|TR,3,0,58356275,601,19,0.08113,17,0.040647,306,49,4270,2391,6000,,600,,,,reversal,transition,0,no_load,both,B4: reversal,servo-app/lab-0.1
1781172920.3239036,63.59610939025879,B4_REVERSAL,B4_REVERSAL_R02_20260611_171416,delta-asda-b3-e,1591,RTSO|SO|OE|VE|QS|TR,3,0,60033647,601,17,0.07259,16,0.038256,306,49,4270,2391,6000,,600,,,,reversal,transition,0,no_load,both,B4: reversal,servo-app/lab-0.1
1781172920.4245117,63.696717500686646,B4_REVERSAL,B4_REVERSAL_R02_20260611_171416,delta-asda-b3-e,1591,RTSO|SO|OE|VE|QS|TR,3,0,61744938,601,18,0.07686,19,0.045429,306,49,4270,2391,6000,,600,,,,reversal,transition,0,no_load,both,B4: reversal,servo-app/lab-0.1
1781172920.524891,63.797096729278564,B4_REVERSAL,B4_REVERSAL_R02_20260611_171416,delta-asda-b3-e,1591,RTSO|SO|OE|VE|QS|TR,3,0,63388738,601,24,0.10248,23,0.054993,306,49,4270,2391,6000,,600,,,,reversal,transition,0,no_load,both,B4: reversal,servo-app/lab-0.1
1781172920.6249723,63.897178173065186,B4_REVERSAL,B4_REVERSAL_R02_20260611_171416,delta-asda-b3-e,1591,RTSO|SO|OE|VE|QS|TR,3,0,65066859,602,16,0.06832,15,0.035865,306,49,4270,2391,6000,,600,,,,reversal,transition,0,no_load,both,B4: reversal,servo-app/lab-0.1
1781172920.7251503,63.99735617637634,B4_REVERSAL,B4_REVERSAL_R02_20260611_171416,delta-asda-b3-e,1591,RTSO|SO|OE|VE|QS|TR,3,0,66777976,601,15,0.06405,16,0.038256,306,49,4270,2391,6000,,600,,,,reversal,transition,0,no_load,both,B4: reversal,servo-app/lab-0.1
1781172920.8256555,64.09786128997803,B4_REVERSAL,B4_REVERSAL_R02_20260611_171416,delta-asda-b3-e,1591,RTSO|SO|OE|VE|QS|TR,3,0,68455784,601,18,0.07686,19,0.045429,306,49,4270,2391,6000,,600,,,,reversal,transition,0,no_load,both,B4: reversal,servo-app/lab-0.1
1781172920.9260669,64.19827270507812,B4_REVERSAL,B4_REVERSAL_R02_20260611_171416,delta-asda-b3-e,1591,RTSO|SO|OE|VE|QS|TR,3,0,70149974,600,18,0.07686,16,0.038256,306,49,4270,2391,6000,,600,,,,reversal,transition,0,no_load,both,B4: reversal,servo-app/lab-0.1
1781172921.026165,64.29837083816528,B4_REVERSAL,B4_REVERSAL_R02_20260611_171416,delta-asda-b3-e,1591,RTSO|SO|OE|VE|QS|TR,3,0,71827690,601,18,0.07686,19,0.045429,306,49,4270,2391,6000,,600,,,,reversal,transition,0,no_load,both,B4: reversal,servo-app/lab-0.1
1781172921.1263158,64.39852166175842,B4_REVERSAL,B4_REVERSAL_R02_20260611_171416,delta-asda-b3-e,1591,RTSO|SO|OE|VE|QS|TR,3,0,73488708,601,16,0.06832,18,0.043038,306,49,4270,2391,6000,,600,,,,reversal,transition,0,no_load,both,B4: reversal,servo-app/lab-0.1
1781172921.2265942,64.49880003929138,B4_REVERSAL,B4_REVERSAL_R02_20260611_171416,delta-asda-b3-e,1591,RTSO|SO|OE|VE|QS|TR,3,0,75199950,601,22,0.09394,18,0.043038,306,49,4270,2391,6000,,600,,,,reversal,transition,0,no_load,both,B4: reversal,servo-app/lab-0.1
1781172921.3269477,64.59915351867676,B4_REVERSAL,B4_REVERSAL_R02_20260611_171416,delta-asda-b3-e,1591,RTSO|SO|OE|VE|QS|TR,3,0,76860544,600,15,0.06405,15,0.035865,306,49,4270,2391,6000,,600,,,,reversal,transition,0,no_load,both,B4: reversal,servo-app/lab-0.1
1781172921.4273121,64.69951796531677,B4_REVERSAL,B4_REVERSAL_R02_20260611_171416,delta-asda-b3-e,1591,RTSO|SO|OE|VE|QS|TR,3,0,78538280,601,19,0.08113,19,0.045429,306,49,4270,2391,6000,,600,,,,reversal,transition,0,no_load,both,B4: reversal,servo-app/lab-0.1
1781172921.5273623,64.79956817626953,B4_REVERSAL,B4_REVERSAL_R02_20260611_171416,delta-asda-b3-e,1591,RTSO|SO|OE|VE|QS|TR,3,0,80215711,601,19,0.08113,20,0.04782,306,49,4270,2391,6000,,600,,,,reversal,transition,0,no_load,both,B4: reversal,servo-app/lab-0.1
1781172921.628018,64.90022373199463,B4_REVERSAL,B4_REVERSAL_R02_20260611_171416,delta-asda-b3-e,1591,RTSO|SO|OE|VE|QS|TR,3,0,81927460,601,18,0.07686,17,0.040647,305,49,4270,2391,6000,,600,,,,reversal,transition,0,no_load,both,B4: reversal,servo-app/lab-0.1
1781172921.7300625,65.00226831436157,B4_REVERSAL,B4_REVERSAL_R02_20260611_171416,delta-asda-b3-e,1591,RTSO|SO|OE|VE|QS|TR,3,0,83621532,597,3,0.01281,4,0.009564,306,49,4270,2391,6000,,600,,,,reversal,transition,0,no_load,both,B4: reversal,servo-app/lab-0.1
1781172921.8310535,65.10325932502747,B4_REVERSAL,B4_REVERSAL_R02_20260611_171416,delta-asda-b3-e,1591,RTSO|SO|OE|VE|QS|TR,3,0,82636502,-600,-18,-0.07686,-18,-0.043038,305,49,4270,2391,6000,,600,,,,reversal,transition,0,no_load,both,B4: reversal,servo-app/lab-0.1
1781172921.9311972,65.20340299606323,B4_REVERSAL,B4_REVERSAL_R02_20260611_171416,delta-asda-b3-e,1591,RTSO|SO|OE|VE|QS|TR,3,0,80958835,-601,-15,-0.06405,-16,-0.038256,306,49,4270,2391,6000,,600,,,,reversal,transition,0,no_load,both,B4: reversal,servo-app/lab-0.1
1781172922.03126,65.30346584320068,B4_REVERSAL,B4_REVERSAL_R02_20260611_171416,delta-asda-b3-e,1591,RTSO|SO|OE|VE|QS|TR,3,0,79264648,-600,-21,-0.08967,-20,-0.04782,305,49,4270,2391,6000,,600,,,,reversal,transition,0,no_load,both,B4: reversal,servo-app/lab-0.1
1781172922.1319969,65.40420269966125,B4_REVERSAL,B4_REVERSAL_R02_20260611_171416,delta-asda-b3-e,1591,RTSO|SO|OE|VE|QS|TR,3,0,77570269,-600,-17,-0.07259,-16,-0.038256,305,49,4270,2391,6000,,600,,,,reversal,transition,0,no_load,both,B4: reversal,servo-app/lab-0.1
1781172922.23247,65.50467586517334,B4_REVERSAL,B4_REVERSAL_R02_20260611_171416,delta-asda-b3-e,1591,RTSO|SO|OE|VE|QS|TR,3,0,75875893,-600,-20,-0.0854,-20,-0.04782,305,49,4270,2391,6000,,600,,,,reversal,transition,0,no_load,both,B4: reversal,servo-app/lab-0.1
1781172922.3328714,65.60507726669312,B4_REVERSAL,B4_REVERSAL_R02_20260611_171416,delta-asda-b3-e,1591,RTSO|SO|OE|VE|QS|TR,3,0,74231323,-601,-14,-0.05978,-15,-0.035865,306,49,4270,2391,6000,,600,,,,reversal,transition,0,no_load,both,B4: reversal,servo-app/lab-0.1
1781172922.4336002,65.705806016922,B4_REVERSAL,B4_REVERSAL_R02_20260611_171416,delta-asda-b3-e,1591,RTSO|SO|OE|VE|QS|TR,3,0,72503595,-600,-19,-0.08113,-21,-0.050211,305,49,4270,2391,6000,,600,,,,reversal,transition,0,no_load,both,B4: reversal,servo-app/lab-0.1
1781172922.5340078,65.80621361732483,B4_REVERSAL,B4_REVERSAL_R02_20260611_171416,delta-asda-b3-e,1591,RTSO|SO|OE|VE|QS|TR,3,0,70842389,-601,-16,-0.06832,-17,-0.040647,305,49,4270,2391,6000,,600,,,,reversal,transition,0,no_load,both,B4: reversal,servo-app/lab-0.1
1781172922.6341958,65.90640163421631,B4_REVERSAL,B4_REVERSAL_R02_20260611_171416,delta-asda-b3-e,1591,RTSO|SO|OE|VE|QS|TR,3,0,69165150,-600,-22,-0.09394,-21,-0.050211,305,49,4270,2391,6000,,600,,,,reversal,transition,0,no_load,both,B4: reversal,servo-app/lab-0.1
1781172922.7342417,66.00644755363464,B4_REVERSAL,B4_REVERSAL_R02_20260611_171416,delta-asda-b3-e,1591,RTSO|SO|OE|VE|QS|TR,3,0,67487194,-601,-15,-0.06405,-17,-0.040647,305,49,4270,2391,6000,,600,,,,reversal,transition,0,no_load,both,B4: reversal,servo-app/lab-0.1
1781172922.8345747,66.10678052902222,B4_REVERSAL,B4_REVERSAL_R02_20260611_171416,delta-asda-b3-e,1591,RTSO|SO|OE|VE|QS|TR,3,0,65775928,-600,-22,-0.09394,-20,-0.04782,305,49,4270,2391,6000,,600,,,,reversal,transition,0,no_load,both,B4: reversal,servo-app/lab-0.1
1781172922.9348445,66.20705032348633,B4_REVERSAL,B4_REVERSAL_R02_20260611_171416,delta-asda-b3-e,1591,RTSO|SO|OE|VE|QS|TR,3,0,64131467,-601,-18,-0.07686,-16,-0.038256,305,49,4270,2391,6000,,600,,,,reversal,transition,0,no_load,both,B4: reversal,servo-app/lab-0.1
1781172923.035046,66.30725193023682,B4_REVERSAL,B4_REVERSAL_R02_20260611_171416,delta-asda-b3-e,1591,RTSO|SO|OE|VE|QS|TR,3,0,62420390,-600,-20,-0.0854,-20,-0.04782,305,49,4270,2391,6000,,600,,,,reversal,transition,0,no_load,both,B4: reversal,servo-app/lab-0.1
1781172923.1355262,66.4077320098877,B4_REVERSAL,B4_REVERSAL_R02_20260611_171416,delta-asda-b3-e,1591,RTSO|SO|OE|VE|QS|TR,3,0,60725950,-600,-17,-0.07259,-15,-0.035865,305,49,4270,2391,6000,,600,,,,reversal,transition,0,no_load,both,B4: reversal,servo-app/lab-0.1
1781172923.2357936,66.50799942016602,B4_REVERSAL,B4_REVERSAL_R02_20260611_171416,delta-asda-b3-e,1591,RTSO|SO|OE|VE|QS|TR,3,0,59081827,-600,-18,-0.07686,-20,-0.04782,305,49,4270,2391,6000,,600,,,,reversal,transition,0,no_load,both,B4: reversal,servo-app/lab-0.1
1781172923.3358347,66.60804057121277,B4_REVERSAL,B4_REVERSAL_R02_20260611_171416,delta-asda-b3-e,1591,RTSO|SO|OE|VE|QS|TR,3,0,57403793,-601,-14,-0.05978,-16,-0.038256,305,49,4270,2391,6000,,600,,,,reversal,transition,0,no_load,both,B4: reversal,servo-app/lab-0.1
1781172923.436224,66.70842981338501,B4_REVERSAL,B4_REVERSAL_R02_20260611_171416,delta-asda-b3-e,1591,RTSO|SO|OE|VE|QS|TR,3,0,55709572,-600,-19,-0.08113,-19,-0.045429,305,49,4270,2391,6000,,600,,,,reversal,transition,0,no_load,both,B4: reversal,servo-app/lab-0.1
1781172923.536553,66.80875873565674,B4_REVERSAL,B4_REVERSAL_R02_20260611_171416,delta-asda-b3-e,1591,RTSO|SO|OE|VE|QS|TR,3,0,53997957,-601,-17,-0.07259,-17,-0.040647,305,49,4270,2391,6000,,600,,,,reversal,transition,0,no_load,both,B4: reversal,servo-app/lab-0.1
1781172923.636768,66.90897393226624,B4_REVERSAL,B4_REVERSAL_R02_20260611_171416,delta-asda-b3-e,1591,RTSO|SO|OE|VE|QS|TR,3,0,52320754,-600,-17,-0.07259,-19,-0.045429,305,49,4270,2391,6000,,600,,,,reversal,transition,0,no_load,both,B4: reversal,servo-app/lab-0.1
1781172923.737459,67.00966477394104,B4_REVERSAL,B4_REVERSAL_R02_20260611_171416,delta-asda-b3-e,1591,RTSO|SO|OE|VE|QS|TR,3,0,50642589,-601,-15,-0.06405,-15,-0.035865,305,49,4270,2391,6000,,600,,,,reversal,transition,0,no_load,both,B4: reversal,servo-app/lab-0.1
1781172923.837911,67.11011672019958,B4_REVERSAL,B4_REVERSAL_R02_20260611_171416,delta-asda-b3-e,1591,RTSO|SO|OE|VE|QS|TR,3,0,48964983,-601,-20,-0.0854,-21,-0.050211,305,49,4270,2391,6000,,600,,,,reversal,transition,0,no_load,both,B4: reversal,servo-app/lab-0.1
1781172923.9385252,67.2107310295105,B4_REVERSAL,B4_REVERSAL_R02_20260611_171416,delta-asda-b3-e,1591,RTSO|SO|OE|VE|QS|TR,3,0,47286909,-601,-17,-0.07259,-17,-0.040647,305,49,4270,2391,6000,,600,,,,reversal,transition,0,no_load,both,B4: reversal,servo-app/lab-0.1
1781172924.0389204,67.31112623214722,B4_REVERSAL,B4_REVERSAL_R02_20260611_171416,delta-asda-b3-e,1591,RTSO|SO|OE|VE|QS|TR,3,0,45609413,-600,-21,-0.08967,-19,-0.045429,305,49,4270,2391,6000,,600,,,,reversal,transition,0,no_load,both,B4: reversal,servo-app/lab-0.1
1781172924.1393166,67.41152238845825,B4_REVERSAL,B4_REVERSAL_R02_20260611_171416,delta-asda-b3-e,1591,RTSO|SO|OE|VE|QS|TR,3,0,43898103,-601,-16,-0.06832,-17,-0.040647,305,49,4270,2391,6000,,600,,,,reversal,transition,0,no_load,both,B4: reversal,servo-app/lab-0.1
1781172924.2396736,67.51187944412231,B4_REVERSAL,B4_REVERSAL_R02_20260611_171416,delta-asda-b3-e,1591,RTSO|SO|OE|VE|QS|TR,3,0,42203630,-601,-18,-0.07686,-18,-0.043038,305,49,4270,2391,6000,,600,,,,reversal,transition,0,no_load,both,B4: reversal,servo-app/lab-0.1
1781172924.3403375,67.61254334449768,B4_REVERSAL,B4_REVERSAL_R02_20260611_171416,delta-asda-b3-e,1591,RTSO|SO|OE|VE|QS|TR,3,0,40542449,-601,-19,-0.08113,-17,-0.040647,305,49,4270,2391,6000,,600,,,,reversal,transition,0,no_load,both,B4: reversal,servo-app/lab-0.1
1781172924.4408038,67.71300959587097,B4_REVERSAL,B4_REVERSAL_R02_20260611_171416,delta-asda-b3-e,1591,RTSO|SO|OE|VE|QS|TR,3,0,38831459,-601,-19,-0.08113,-19,-0.045429,305,49,4270,2391,6000,,600,,,,reversal,transition,0,no_load,both,B4: reversal,servo-app/lab-0.1
1781172924.5413713,67.81357717514038,B4_REVERSAL,B4_REVERSAL_R02_20260611_171416,delta-asda-b3-e,1591,RTSO|SO|OE|VE|QS|TR,3,0,37170359,-600,-21,-0.08967,-22,-0.052602,305,49,4270,2391,6000,,600,,,,reversal,transition,0,no_load,both,B4: reversal,servo-app/lab-0.1
1781172924.641541,67.91374683380127,B4_REVERSAL,B4_REVERSAL_R02_20260611_171416,delta-asda-b3-e,1591,RTSO|SO|OE|VE|QS|TR,3,0,35459543,-600,-18,-0.07686,-19,-0.045429,305,49,4270,2391,6000,,600,,,,reversal,transition,0,no_load,both,B4: reversal,servo-app/lab-0.1
1781172924.7417784,68.01398420333862,B4_REVERSAL,B4_REVERSAL_R02_20260611_171416,delta-asda-b3-e,1591,RTSO|SO|OE|VE|QS|TR,3,0,33781323,-601,-19,-0.08113,-16,-0.038256,306,49,4270,2391,6000,,600,,,,reversal,transition,0,no_load,both,B4: reversal,servo-app/lab-0.1
1781172924.8421097,68.11431550979614,B4_REVERSAL,B4_REVERSAL_R02_20260611_171416,delta-asda-b3-e,1591,RTSO|SO|OE|VE|QS|TR,3,0,32103783,-600,-18,-0.07686,-20,-0.04782,306,49,4270,2391,6000,,600,,,,reversal,transition,0,no_load,both,B4: reversal,servo-app/lab-0.1
1781172924.9421353,68.21434116363525,B4_REVERSAL,B4_REVERSAL_R02_20260611_171416,delta-asda-b3-e,1591,RTSO|SO|OE|VE|QS|TR,3,0,30425717,-601,-17,-0.07259,-16,-0.038256,306,49,4270,2391,6000,,600,,,,reversal,transition,0,no_load,both,B4: reversal,servo-app/lab-0.1
1781172925.0425901,68.31479597091675,B4_REVERSAL,B4_REVERSAL_R02_20260611_171416,delta-asda-b3-e,1591,RTSO|SO|OE|VE|QS|TR,3,0,28748314,-600,-19,-0.08113,-18,-0.043038,306,49,4270,2391,6000,,600,,,,reversal,transition,0,no_load,both,B4: reversal,servo-app/lab-0.1
1781172925.1430693,68.41527509689331,B4_REVERSAL,B4_REVERSAL_R02_20260611_171416,delta-asda-b3-e,1591,RTSO|SO|OE|VE|QS|TR,3,0,27070506,-601,-15,-0.06405,-17,-0.040647,306,49,4270,2391,6000,,600,,,,reversal,transition,0,no_load,both,B4: reversal,servo-app/lab-0.1
1781172925.2437863,68.51599216461182,B4_REVERSAL,B4_REVERSAL_R02_20260611_171416,delta-asda-b3-e,1591,RTSO|SO|OE|VE|QS|TR,3,0,25392805,-601,-19,-0.08113,-19,-0.045429,306,49,4270,2391,6000,,600,,,,reversal,transition,0,no_load,both,B4: reversal,servo-app/lab-0.1
1781172925.3441048,68.61631059646606,B4_REVERSAL,B4_REVERSAL_R02_20260611_171416,delta-asda-b3-e,1591,RTSO|SO|OE|VE|QS|TR,3,0,23681351,-601,-20,-0.0854,-20,-0.04782,306,49,4270,2391,6000,,600,,,,reversal,transition,0,no_load,both,B4: reversal,servo-app/lab-0.1
1781172925.4441373,68.71634316444397,B4_REVERSAL,B4_REVERSAL_R02_20260611_171416,delta-asda-b3-e,1591,RTSO|SO|OE|VE|QS|TR,3,0,22003809,-601,-21,-0.08967,-23,-0.054993,306,49,4270,2391,6000,,600,,,,reversal,transition,0,no_load,both,B4: reversal,servo-app/lab-0.1
1781172925.5443158,68.81652164459229,B4_REVERSAL,B4_REVERSAL_R02_20260611_171416,delta-asda-b3-e,1591,RTSO|SO|OE|VE|QS|TR,3,0,20326054,-601,-20,-0.0854,-21,-0.050211,306,49,4270,2391,6000,,600,,,,reversal,transition,0,no_load,both,B4: reversal,servo-app/lab-0.1
1781172925.6443617,68.91656756401062,B4_REVERSAL,B4_REVERSAL_R02_20260611_171416,delta-asda-b3-e,1591,RTSO|SO|OE|VE|QS|TR,3,0,18665553,-600,-18,-0.07686,-18,-0.043038,306,49,4270,2391,6000,,600,,,,reversal,transition,0,no_load,both,B4: reversal,servo-app/lab-0.1
1781172925.7446587,69.01686453819275,B4_REVERSAL,B4_REVERSAL_R02_20260611_171416,delta-asda-b3-e,1591,RTSO|SO|OE|VE|QS|TR,3,0,16953654,-601,-22,-0.09394,-19,-0.045429,306,49,4270,2391,6000,,600,,,,reversal,transition,0,no_load,both,B4: reversal,servo-app/lab-0.1
1781172925.8448367,69.1170425415039,B4_REVERSAL,B4_REVERSAL_R02_20260611_171416,delta-asda-b3-e,1591,RTSO|SO|OE|VE|QS|TR,3,0,15293011,-601,-20,-0.0854,-20,-0.04782,306,49,4270,2391,6000,,600,,,,reversal,transition,0,no_load,both,B4: reversal,servo-app/lab-0.1
1781172925.9450874,69.21729326248169,B4_REVERSAL,B4_REVERSAL_R02_20260611_171416,delta-asda-b3-e,1591,RTSO|SO|OE|VE|QS|TR,3,0,13614878,-601,-16,-0.06832,-16,-0.038256,306,49,4270,2391,6000,,600,,,,reversal,transition,0,no_load,both,B4: reversal,servo-app/lab-0.1
1781172926.045441,69.31764674186707,B4_REVERSAL,B4_REVERSAL_R02_20260611_171416,delta-asda-b3-e,1591,RTSO|SO|OE|VE|QS|TR,3,0,11920685,-600,-17,-0.07259,-18,-0.043038,306,49,4270,2391,6000,,600,,,,reversal,transition,0,no_load,both,B4: reversal,servo-app/lab-0.1
1781172926.145566,69.41777181625366,B4_REVERSAL,B4_REVERSAL_R02_20260611_171416,delta-asda-b3-e,1591,RTSO|SO|OE|VE|QS|TR,3,0,10225883,-601,-18,-0.07686,-17,-0.040647,306,49,4270,2391,6000,,600,,,,reversal,transition,0,no_load,both,B4: reversal,servo-app/lab-0.1
1781172926.2459762,69.51818203926086,B4_REVERSAL,B4_REVERSAL_R02_20260611_171416,delta-asda-b3-e,1591,RTSO|SO|OE|VE|QS|TR,3,0,8548168,-601,-20,-0.0854,-21,-0.050211,306,49,4270,2391,6000,,600,,,,reversal,transition,0,no_load,both,B4: reversal,servo-app/lab-0.1
1781172926.3460443,69.61825013160706,B4_REVERSAL,B4_REVERSAL_R02_20260611_171416,delta-asda-b3-e,1591,RTSO|SO|OE|VE|QS|TR,3,0,6870292,-601,-18,-0.07686,-17,-0.040647,306,49,4270,2391,6000,,600,,,,reversal,transition,0,no_load,both,B4: reversal,servo-app/lab-0.1
1781172926.4467773,69.71898317337036,B4_REVERSAL,B4_REVERSAL_R02_20260611_171416,delta-asda-b3-e,1591,RTSO|SO|OE|VE|QS|TR,3,0,5192756,-601,-18,-0.07686,-19,-0.045429,306,49,4270,2391,6000,,600,,,,reversal,transition,0,no_load,both,B4: reversal,servo-app/lab-0.1
1781172926.5469644,69.81917023658752,B4_REVERSAL,B4_REVERSAL_R02_20260611_171416,delta-asda-b3-e,1591,RTSO|SO|OE|VE|QS|TR,3,0,3531875,-601,-21,-0.08967,-22,-0.052602,307,49,4270,2391,6000,,600,,,,reversal,transition,0,no_load,both,B4: reversal,servo-app/lab-0.1
1781172926.6473722,69.91957807540894,B4_REVERSAL,B4_REVERSAL_R02_20260611_171416,delta-asda-b3-e,1591,RTSO|SO|OE|VE|QS|TR,3,0,1820831,-601,-21,-0.08967,-23,-0.054993,306,49,4270,2391,6000,,600,,,,reversal,transition,0,no_load,both,B4: reversal,servo-app/lab-0.1
1781172926.7476609,70.0198667049408,B4_REVERSAL,B4_REVERSAL_R02_20260611_171416,delta-asda-b3-e,567,RTSO|SO|OE|VE|QS,3,0,248848,-302,1,0.00427,-2,-0.004782,306,49,4270,2391,6000,,600,,,,reversal,transition,0,no_load,both,B4: reversal,servo-app/lab-0.1
1781172926.847869,70.12007474899292,B4_REVERSAL,B4_REVERSAL_R02_20260611_171416,delta-asda-b3-e,1591,RTSO|SO|OE|VE|QS|TR,3,0,1647856,599,18,0.07686,17,0.040647,307,49,4270,2391,6000,,600,,,,reversal,transition,0,no_load,both,B4: reversal,servo-app/lab-0.1
1781172926.9482594,70.22046518325806,B4_REVERSAL,B4_REVERSAL_R02_20260611_171416,delta-asda-b3-e,1591,RTSO|SO|OE|VE|QS|TR,3,0,3341699,600,19,0.08113,16,0.038256,306,49,4270,2391,6000,,600,,,,reversal,transition,0,no_load,both,B4: reversal,servo-app/lab-0.1
1781172927.0485713,70.32077717781067,B4_REVERSAL,B4_REVERSAL_R02_20260611_171416,delta-asda-b3-e,1591,RTSO|SO|OE|VE|QS|TR,3,0,5003129,600,18,0.07686,17,0.040647,306,49,4270,2391,6000,,600,,,,reversal,transition,0,no_load,both,B4: reversal,servo-app/lab-0.1
1781172927.1487885,70.4209942817688,B4_REVERSAL,B4_REVERSAL_R02_20260611_171416,delta-asda-b3-e,1591,RTSO|SO|OE|VE|QS|TR,3,0,6713957,600,21,0.08967,19,0.045429,306,49,4270,2391,6000,,600,,,,reversal,transition,0,no_load,both,B4: reversal,servo-app/lab-0.1
1781172927.2496786,70.52188444137573,B4_REVERSAL,B4_REVERSAL_R02_20260611_171416,delta-asda-b3-e,1591,RTSO|SO|OE|VE|QS|TR,3,0,8408607,600,18,0.07686,19,0.045429,306,49,4270,2391,6000,,600,,,,reversal,transition,0,no_load,both,B4: reversal,servo-app/lab-0.1
1781172927.349803,70.62200880050659,B4_REVERSAL,B4_REVERSAL_R02_20260611_171416,delta-asda-b3-e,1591,RTSO|SO|OE|VE|QS|TR,3,0,10069022,600,21,0.08967,20,0.04782,306,49,4270,2391,6000,,600,,,,reversal,transition,0,no_load,both,B4: reversal,servo-app/lab-0.1
1781172927.4500234,70.72222924232483,B4_REVERSAL,B4_REVERSAL_R02_20260611_171416,delta-asda-b3-e,1591,RTSO|SO|OE|VE|QS|TR,3,0,11763845,600,18,0.07686,19,0.045429,306,49,4270,2391,6000,,600,,,,reversal,transition,0,no_load,both,B4: reversal,servo-app/lab-0.1
1781172927.550303,70.82250881195068,B4_REVERSAL,B4_REVERSAL_R02_20260611_171416,delta-asda-b3-e,1591,RTSO|SO|OE|VE|QS|TR,3,0,13424758,600,17,0.07259,16,0.038256,306,49,4270,2391,6000,,600,,,,reversal,transition,0,no_load,both,B4: reversal,servo-app/lab-0.1
1781172927.6507843,70.92299008369446,B4_REVERSAL,B4_REVERSAL_R02_20260611_171416,delta-asda-b3-e,1591,RTSO|SO|OE|VE|QS|TR,3,0,15136148,600,18,0.07686,18,0.043038,306,49,4270,2391,6000,,600,,,,reversal,transition,0,no_load,both,B4: reversal,servo-app/lab-0.1
1781172927.750928,71.02313375473022,B4_REVERSAL,B4_REVERSAL_R02_20260611_171416,delta-asda-b3-e,1591,RTSO|SO|OE|VE|QS|TR,3,0,16796838,600,22,0.09394,23,0.054993,306,49,4270,2391,6000,,600,,,,reversal,transition,0,no_load,both,B4: reversal,servo-app/lab-0.1
1781172927.8510003,71.12320613861084,B4_REVERSAL,B4_REVERSAL_R02_20260611_171416,delta-asda-b3-e,1591,RTSO|SO|OE|VE|QS|TR,3,0,18474707,600,22,0.09394,21,0.050211,306,49,4270,2391,6000,,600,,,,reversal,transition,0,no_load,both,B4: reversal,servo-app/lab-0.1
1781172927.9513977,71.22360348701477,B4_REVERSAL,B4_REVERSAL_R02_20260611_171416,delta-asda-b3-e,1591,RTSO|SO|OE|VE|QS|TR,3,0,20168896,600,18,0.07686,18,0.043038,306,49,4270,2391,6000,,600,,,,reversal,transition,0,no_load,both,B4: reversal,servo-app/lab-0.1
1781172928.0516078,71.3238136768341,B4_REVERSAL,B4_REVERSAL_R02_20260611_171416,delta-asda-b3-e,1591,RTSO|SO|OE|VE|QS|TR,3,0,21830254,600,17,0.07259,18,0.043038,306,49,4270,2391,6000,,600,,,,reversal,transition,0,no_load,both,B4: reversal,servo-app/lab-0.1
1781172928.1518767,71.4240825176239,B4_REVERSAL,B4_REVERSAL_R02_20260611_171416,delta-asda-b3-e,1591,RTSO|SO|OE|VE|QS|TR,3,0,23524275,600,19,0.08113,19,0.045429,306,49,4270,2391,6000,,600,,,,reversal,transition,0,no_load,both,B4: reversal,servo-app/lab-0.1
1781172928.2522411,71.52444696426392,B4_REVERSAL,B4_REVERSAL_R02_20260611_171416,delta-asda-b3-e,1591,RTSO|SO|OE|VE|QS|TR,3,0,25218907,600,20,0.0854,21,0.050211,306,49,4270,2391,6000,,600,,,,reversal,transition,0,no_load,both,B4: reversal,servo-app/lab-0.1
1781172928.352712,71.62491774559021,B4_REVERSAL,B4_REVERSAL_R02_20260611_171416,delta-asda-b3-e,1591,RTSO|SO|OE|VE|QS|TR,3,0,26912878,600,22,0.09394,19,0.045429,306,49,4270,2391,6000,,600,,,,reversal,transition,0,no_load,both,B4: reversal,servo-app/lab-0.1
1781172928.452923,71.72512888908386,B4_REVERSAL,B4_REVERSAL_R02_20260611_171416,delta-asda-b3-e,1591,RTSO|SO|OE|VE|QS|TR,3,0,28557265,600,17,0.07259,21,0.050211,306,49,4270,2391,6000,,600,,,,reversal,transition,0,no_load,both,B4: reversal,servo-app/lab-0.1
1781172928.5533075,71.82551336288452,B4_REVERSAL,B4_REVERSAL_R02_20260611_171416,delta-asda-b3-e,1591,RTSO|SO|OE|VE|QS|TR,3,0,30251715,600,20,0.0854,18,0.043038,306,49,4270,2391,6000,,600,,,,reversal,transition,0,no_load,both,B4: reversal,servo-app/lab-0.1
1781172928.6536343,71.92584013938904,B4_REVERSAL,B4_REVERSAL_R02_20260611_171416,delta-asda-b3-e,1591,RTSO|SO|OE|VE|QS|TR,3,0,31963164,600,24,0.10248,19,0.045429,306,49,4270,2391,6000,,600,,,,reversal,transition,0,no_load,both,B4: reversal,servo-app/lab-0.1
1781172928.7536964,72.02590227127075,B4_REVERSAL,B4_REVERSAL_R02_20260611_171416,delta-asda-b3-e,1591,RTSO|SO|OE|VE|QS|TR,3,0,33623827,600,21,0.08967,20,0.04782,306,49,4270,2391,6000,,600,,,,reversal,transition,0,no_load,both,B4: reversal,servo-app/lab-0.1
1781172928.8537536,72.1259593963623,B4_REVERSAL,B4_REVERSAL_R02_20260611_171416,delta-asda-b3-e,1591,RTSO|SO|OE|VE|QS|TR,3,0,35318508,600,19,0.08113,19,0.045429,306,49,4270,2391,6000,,600,,,,reversal,transition,0,no_load,both,B4: reversal,servo-app/lab-0.1
1781172928.9542,72.22640585899353,B4_REVERSAL,B4_REVERSAL_R02_20260611_171416,delta-asda-b3-e,1591,RTSO|SO|OE|VE|QS|TR,3,0,36995991,601,22,0.09394,19,0.045429,306,49,4270,2391,6000,,600,,,,reversal,transition,0,no_load,both,B4: reversal,servo-app/lab-0.1
1781172929.054683,72.32688879966736,B4_REVERSAL,B4_REVERSAL_R02_20260611_171416,delta-asda-b3-e,1591,RTSO|SO|OE|VE|QS|TR,3,0,38690951,601,22,0.09394,21,0.050211,306,49,4270,2391,6000,,600,,,,reversal,transition,0,no_load,both,B4: reversal,servo-app/lab-0.1
1781172929.1549447,72.42715048789978,B4_REVERSAL,B4_REVERSAL_R02_20260611_171416,delta-asda-b3-e,1591,RTSO|SO|OE|VE|QS|TR,3,0,40368065,600,22,0.09394,24,0.057384,306,49,4270,2391,6000,,600,,,,reversal,transition,0,no_load,both,B4: reversal,servo-app/lab-0.1
1781172929.2552207,72.52742648124695,B4_REVERSAL,B4_REVERSAL_R02_20260611_171416,delta-asda-b3-e,1591,RTSO|SO|OE|VE|QS|TR,3,0,42029173,600,17,0.07259,20,0.04782,306,49,4270,2391,6000,,600,,,,reversal,transition,0,no_load,both,B4: reversal,servo-app/lab-0.1
1781172929.3554444,72.6276502609253,B4_REVERSAL,B4_REVERSAL_R02_20260611_171416,delta-asda-b3-e,1591,RTSO|SO|OE|VE|QS|TR,3,0,43723092,600,21,0.08967,25,0.059775,306,49,4270,2391,6000,,600,,,,reversal,transition,0,no_load,both,B4: reversal,servo-app/lab-0.1
1781172929.4555187,72.72772455215454,B4_REVERSAL,B4_REVERSAL_R02_20260611_171416,delta-asda-b3-e,1591,RTSO|SO|OE|VE|QS|TR,3,0,45401316,601,18,0.07686,16,0.038256,306,49,4270,2391,6000,,600,,,,reversal,transition,0,no_load,both,B4: reversal,servo-app/lab-0.1
1781172929.5555732,72.82777905464172,B4_REVERSAL,B4_REVERSAL_R02_20260611_171416,delta-asda-b3-e,1591,RTSO|SO|OE|VE|QS|TR,3,0,47095543,600,19,0.08113,20,0.04782,306,49,4270,2391,6000,,600,,,,reversal,transition,0,no_load,both,B4: reversal,servo-app/lab-0.1
1781172929.656105,72.92831087112427,B4_REVERSAL,B4_REVERSAL_R02_20260611_171416,delta-asda-b3-e,1591,RTSO|SO|OE|VE|QS|TR,3,0,48773409,600,18,0.07686,17,0.040647,306,49,4270,2391,6000,,600,,,,reversal,transition,0,no_load,both,B4: reversal,servo-app/lab-0.1
1781172929.7562935,73.0284993648529,B4_REVERSAL,B4_REVERSAL_R02_20260611_171416,delta-asda-b3-e,1591,RTSO|SO|OE|VE|QS|TR,3,0,50417334,600,21,0.08967,23,0.054993,306,49,4270,2391,6000,,600,,,,reversal,transition,0,no_load,both,B4: reversal,servo-app/lab-0.1
1781172929.8565142,73.12872004508972,B4_REVERSAL,B4_REVERSAL_R02_20260611_171416,delta-asda-b3-e,1591,RTSO|SO|OE|VE|QS|TR,3,0,52128728,600,18,0.07686,19,0.045429,306,49,4270,2391,6000,,600,,,,reversal,transition,0,no_load,both,B4: reversal,servo-app/lab-0.1
1781172929.956606,73.22881174087524,B4_REVERSAL,B4_REVERSAL_R02_20260611_171416,delta-asda-b3-e,1591,RTSO|SO|OE|VE|QS|TR,3,0,53789475,601,25,0.10675,23,0.054993,306,49,4270,2391,6000,,600,,,,reversal,transition,0,no_load,both,B4: reversal,servo-app/lab-0.1
1781172930.0568693,73.32907509803772,B4_REVERSAL,B4_REVERSAL_R02_20260611_171416,delta-asda-b3-e,1591,RTSO|SO|OE|VE|QS|TR,3,0,55501091,600,21,0.08967,22,0.052602,306,49,4270,2391,6000,,600,,,,reversal,transition,0,no_load,both,B4: reversal,servo-app/lab-0.1
1781172930.1576564,73.42986226081848,B4_REVERSAL,B4_REVERSAL_R02_20260611_171416,delta-asda-b3-e,1591,RTSO|SO|OE|VE|QS|TR,3,0,57178210,600,21,0.08967,20,0.04782,306,49,4270,2391,6000,,600,,,,reversal,transition,0,no_load,both,B4: reversal,servo-app/lab-0.1
1781172930.2578845,73.53009033203125,B4_REVERSAL,B4_REVERSAL_R02_20260611_171416,delta-asda-b3-e,1591,RTSO|SO|OE|VE|QS|TR,3,0,58872862,600,19,0.08113,18,0.043038,306,49,4270,2391,6000,,600,,,,reversal,transition,0,no_load,both,B4: reversal,servo-app/lab-0.1
1781172930.3581057,73.63031148910522,B4_REVERSAL,B4_REVERSAL_R02_20260611_171416,delta-asda-b3-e,1591,RTSO|SO|OE|VE|QS|TR,3,0,60533219,600,22,0.09394,20,0.04782,306,49,4270,2391,6000,,600,,,,reversal,transition,0,no_load,both,B4: reversal,servo-app/lab-0.1
1781172930.458229,73.73043489456177,B4_REVERSAL,B4_REVERSAL_R02_20260611_171416,delta-asda-b3-e,1591,RTSO|SO|OE|VE|QS|TR,3,0,62261785,600,17,0.07259,17,0.040647,306,49,4270,2391,6000,,600,,,,reversal,transition,0,no_load,both,B4: reversal,servo-app/lab-0.1
1781172930.558523,73.83072876930237,B4_REVERSAL,B4_REVERSAL_R02_20260611_171416,delta-asda-b3-e,1591,RTSO|SO|OE|VE|QS|TR,3,0,63888929,600,19,0.08113,19,0.045429,306,49,4270,2391,6000,,600,,,,reversal,transition,0,no_load,both,B4: reversal,servo-app/lab-0.1
1781172930.6586854,73.93089127540588,B4_REVERSAL,B4_REVERSAL_R02_20260611_171416,delta-asda-b3-e,1591,RTSO|SO|OE|VE|QS|TR,3,0,65583519,600,20,0.0854,19,0.045429,306,49,4270,2391,6000,,600,,,,reversal,transition,0,no_load,both,B4: reversal,servo-app/lab-0.1
1781172930.7590694,74.03127527236938,B4_REVERSAL,B4_REVERSAL_R02_20260611_171416,delta-asda-b3-e,1591,RTSO|SO|OE|VE|QS|TR,3,0,67277609,600,20,0.0854,22,0.052602,306,49,4270,2391,6000,,600,,,,reversal,transition,0,no_load,both,B4: reversal,servo-app/lab-0.1
1781172930.859548,74.13175392150879,B4_REVERSAL,B4_REVERSAL_R02_20260611_171416,delta-asda-b3-e,1591,RTSO|SO|OE|VE|QS|TR,3,0,68938805,600,18,0.07686,22,0.052602,306,49,4270,2391,6000,,600,,,,reversal,transition,0,no_load,both,B4: reversal,servo-app/lab-0.1
1781172930.9597237,74.23192954063416,B4_REVERSAL,B4_REVERSAL_R02_20260611_171416,delta-asda-b3-e,1591,RTSO|SO|OE|VE|QS|TR,3,0,70649833,600,24,0.10248,23,0.054993,306,49,4270,2391,6000,,600,,,,reversal,transition,0,no_load,both,B4: reversal,servo-app/lab-0.1
1781172931.0602539,74.33245968818665,B4_REVERSAL,B4_REVERSAL_R02_20260611_171416,delta-asda-b3-e,1591,RTSO|SO|OE|VE|QS|TR,3,0,72311119,600,19,0.08113,19,0.045429,306,49,4270,2391,6000,,600,,,,reversal,transition,0,no_load,both,B4: reversal,servo-app/lab-0.1
1781172931.1607296,74.4329354763031,B4_REVERSAL,B4_REVERSAL_R02_20260611_171416,delta-asda-b3-e,1591,RTSO|SO|OE|VE|QS|TR,3,0,74021723,599,22,0.09394,22,0.052602,306,49,4270,2391,6000,,600,,,,reversal,transition,0,no_load,both,B4: reversal,servo-app/lab-0.1
1781172931.2607622,74.532968044281,B4_REVERSAL,B4_REVERSAL_R02_20260611_171416,delta-asda-b3-e,1591,RTSO|SO|OE|VE|QS|TR,3,0,75682891,600,19,0.08113,19,0.045429,306,49,4270,2391,6000,,600,,,,reversal,transition,0,no_load,both,B4: reversal,servo-app/lab-0.1
1781172931.3611646,74.6333703994751,B4_REVERSAL,B4_REVERSAL_R02_20260611_171416,delta-asda-b3-e,1591,RTSO|SO|OE|VE|QS|TR,3,0,77376817,600,21,0.08967,20,0.04782,306,49,4270,2391,6000,,600,,,,reversal,transition,0,no_load,both,B4: reversal,servo-app/lab-0.1
1781172931.4614587,74.73366451263428,B4_REVERSAL,B4_REVERSAL_R02_20260611_171416,delta-asda-b3-e,1591,RTSO|SO|OE|VE|QS|TR,3,0,79038354,600,17,0.07259,19,0.045429,306,49,4270,2391,6000,,600,,,,reversal,transition,0,no_load,both,B4: reversal,servo-app/lab-0.1
1781172931.5619452,74.83415102958679,B4_REVERSAL,B4_REVERSAL_R02_20260611_171416,delta-asda-b3-e,1591,RTSO|SO|OE|VE|QS|TR,3,0,80715738,600,19,0.08113,20,0.04782,306,49,4270,2391,6000,,600,,,,reversal,transition,0,no_load,both,B4: reversal,servo-app/lab-0.1
1781172931.6620605,74.93426632881165,B4_REVERSAL,B4_REVERSAL_R02_20260611_171416,delta-asda-b3-e,1591,RTSO|SO|OE|VE|QS|TR,3,0,82393622,600,19,0.08113,19,0.045429,306,49,4270,2391,6000,,600,,,,reversal,transition,0,no_load,both,B4: reversal,servo-app/lab-0.1
1781172931.762464,75.03466987609863,B4_REVERSAL,B4_REVERSAL_R02_20260611_171416,delta-asda-b3-e,567,RTSO|SO|OE|VE|QS,3,0,83770374,65,-26,-0.11102,-26,-0.062166,306,49,4270,2391,6000,,600,,,,reversal,transition,0,no_load,both,B4: reversal,servo-app/lab-0.1
1781172931.8627136,75.13491940498352,B4_REVERSAL,B4_REVERSAL_R02_20260611_171416,delta-asda-b3-e,1591,RTSO|SO|OE|VE|QS|TR,3,0,82163926,-599,-17,-0.07259,-16,-0.038256,305,49,4270,2391,6000,,600,,,,reversal,transition,0,no_load,both,B4: reversal,servo-app/lab-0.1
1781172931.9628036,75.23500943183899,B4_REVERSAL,B4_REVERSAL_R02_20260611_171416,delta-asda-b3-e,1591,RTSO|SO|OE|VE|QS|TR,3,0,80469539,-599,-24,-0.10248,-24,-0.057384,306,49,4270,2391,6000,,600,,,,reversal,transition,0,no_load,both,B4: reversal,servo-app/lab-0.1
1781172932.062891,75.33509683609009,B4_REVERSAL,B4_REVERSAL_R02_20260611_171416,delta-asda-b3-e,1591,RTSO|SO|OE|VE|QS|TR,3,0,78792168,-599,-22,-0.09394,-20,-0.04782,306,49,4270,2391,6000,,600,,,,reversal,transition,0,no_load,both,B4: reversal,servo-app/lab-0.1
1781172932.1632543,75.4354600906372,B4_REVERSAL,B4_REVERSAL_R02_20260611_171416,delta-asda-b3-e,1591,RTSO|SO|OE|VE|QS|TR,3,0,77113805,-599,-21,-0.08967,-21,-0.050211,306,49,4270,2391,6000,,600,,,,reversal,transition,0,no_load,both,B4: reversal,servo-app/lab-0.1
1781172932.2633123,75.53551816940308,B4_REVERSAL,B4_REVERSAL_R02_20260611_171416,delta-asda-b3-e,1591,RTSO|SO|OE|VE|QS|TR,3,0,75453187,-599,-19,-0.08113,-20,-0.04782,306,49,4270,2391,6000,,600,,,,reversal,transition,0,no_load,both,B4: reversal,servo-app/lab-0.1
1781172932.3634925,75.63569831848145,B4_REVERSAL,B4_REVERSAL_R02_20260611_171416,delta-asda-b3-e,1591,RTSO|SO|OE|VE|QS|TR,3,0,73775133,-599,-20,-0.0854,-20,-0.04782,306,49,4270,2391,6000,,600,,,,reversal,transition,0,no_load,both,B4: reversal,servo-app/lab-0.1
1781172932.4636252,75.73583102226257,B4_REVERSAL,B4_REVERSAL_R02_20260611_171416,delta-asda-b3-e,1591,RTSO|SO|OE|VE|QS|TR,3,0,72114590,-599,-20,-0.0854,-19,-0.045429,305,49,4270,2391,6000,,600,,,,reversal,transition,0,no_load,both,B4: reversal,servo-app/lab-0.1
1781172932.5636554,75.83586120605469,B4_REVERSAL,B4_REVERSAL_R02_20260611_171416,delta-asda-b3-e,1591,RTSO|SO|OE|VE|QS|TR,3,0,70386553,-599,-21,-0.08967,-22,-0.052602,306,49,4270,2391,6000,,600,,,,reversal,transition,0,no_load,both,B4: reversal,servo-app/lab-0.1
1781172932.664434,75.9366397857666,B4_REVERSAL,B4_REVERSAL_R02_20260611_171416,delta-asda-b3-e,1591,RTSO|SO|OE|VE|QS|TR,3,0,68742391,-600,-21,-0.08967,-22,-0.052602,306,49,4270,2391,6000,,600,,,,reversal,transition,0,no_load,both,B4: reversal,servo-app/lab-0.1
1781172932.7646003,76.03680610656738,B4_REVERSAL,B4_REVERSAL_R02_20260611_171416,delta-asda-b3-e,1591,RTSO|SO|OE|VE|QS|TR,3,0,67047727,-599,-20,-0.0854,-20,-0.04782,306,49,4270,2391,6000,,600,,,,reversal,transition,0,no_load,both,B4: reversal,servo-app/lab-0.1
1781172932.864863,76.13706874847412,B4_REVERSAL,B4_REVERSAL_R02_20260611_171416,delta-asda-b3-e,1591,RTSO|SO|OE|VE|QS|TR,3,0,65336703,-599,-18,-0.07686,-17,-0.040647,306,49,4270,2391,6000,,600,,,,reversal,transition,0,no_load,both,B4: reversal,servo-app/lab-0.1
1781172932.9649932,76.23719906806946,B4_REVERSAL,B4_REVERSAL_R02_20260611_171416,delta-asda-b3-e,1591,RTSO|SO|OE|VE|QS|TR,3,0,63658933,-598,-24,-0.10248,-27,-0.064557,306,49,4270,2391,6000,,600,,,,reversal,transition,0,no_load,both,B4: reversal,servo-app/lab-0.1
1781172933.0650523,76.33725810050964,B4_REVERSAL,B4_REVERSAL_R02_20260611_171416,delta-asda-b3-e,1591,RTSO|SO|OE|VE|QS|TR,3,0,61981489,-599,-19,-0.08113,-25,-0.059775,306,49,4270,2391,6000,,600,,,,reversal,transition,0,no_load,both,B4: reversal,servo-app/lab-0.1
1781172933.1655648,76.43777060508728,B4_REVERSAL,B4_REVERSAL_R02_20260611_171416,delta-asda-b3-e,1591,RTSO|SO|OE|VE|QS|TR,3,0,60319949,-599,-22,-0.09394,-20,-0.04782,306,49,4270,2391,6000,,600,,,,reversal,transition,0,no_load,both,B4: reversal,servo-app/lab-0.1
1781172933.2659225,76.53812837600708,B4_REVERSAL,B4_REVERSAL_R02_20260611_171416,delta-asda-b3-e,1591,RTSO|SO|OE|VE|QS|TR,3,0,58642575,-599,-18,-0.07686,-19,-0.045429,306,49,4270,2391,6000,,600,,,,reversal,transition,0,no_load,both,B4: reversal,servo-app/lab-0.1
1781172933.3661025,76.63830828666687,B4_REVERSAL,B4_REVERSAL_R02_20260611_171416,delta-asda-b3-e,1591,RTSO|SO|OE|VE|QS|TR,3,0,56931161,-599,-24,-0.10248,-24,-0.057384,306,49,4270,2391,6000,,600,,,,reversal,transition,0,no_load,both,B4: reversal,servo-app/lab-0.1
1781172933.4665177,76.73872351646423,B4_REVERSAL,B4_REVERSAL_R02_20260611_171416,delta-asda-b3-e,1591,RTSO|SO|OE|VE|QS|TR,3,0,55270561,-598,-19,-0.08113,-20,-0.04782,306,49,4270,2391,6000,,600,,,,reversal,transition,0,no_load,both,B4: reversal,servo-app/lab-0.1
1781172933.5669148,76.83912062644958,B4_REVERSAL,B4_REVERSAL_R02_20260611_171416,delta-asda-b3-e,1591,RTSO|SO|OE|VE|QS|TR,3,0,53592640,-599,-24,-0.10248,-24,-0.057384,306,49,4270,2391,6000,,600,,,,reversal,transition,0,no_load,both,B4: reversal,servo-app/lab-0.1
1781172933.666978,76.93918371200562,B4_REVERSAL,B4_REVERSAL_R02_20260611_171416,delta-asda-b3-e,1591,RTSO|SO|OE|VE|QS|TR,3,0,51915010,-599,-19,-0.08113,-21,-0.050211,306,49,4270,2391,6000,,600,,,,reversal,transition,0,no_load,both,B4: reversal,servo-app/lab-0.1
1781172933.7674751,77.03968095779419,B4_REVERSAL,B4_REVERSAL_R02_20260611_171416,delta-asda-b3-e,1591,RTSO|SO|OE|VE|QS|TR,3,0,50220401,-599,-22,-0.09394,-22,-0.052602,306,49,4270,2391,6000,,600,,,,reversal,transition,0,no_load,both,B4: reversal,servo-app/lab-0.1
1781172933.8677325,77.13993835449219,B4_REVERSAL,B4_REVERSAL_R02_20260611_171416,delta-asda-b3-e,1591,RTSO|SO|OE|VE|QS|TR,3,0,48526049,-599,-19,-0.08113,-17,-0.040647,306,49,4270,2391,6000,,600,,,,reversal,transition,0,no_load,both,B4: reversal,servo-app/lab-0.1
1781172933.9679852,77.2401909828186,B4_REVERSAL,B4_REVERSAL_R02_20260611_171416,delta-asda-b3-e,1591,RTSO|SO|OE|VE|QS|TR,3,0,46831522,-598,-23,-0.09821,-22,-0.052602,306,49,4270,2391,6000,,600,,,,reversal,transition,0,no_load,both,B4: reversal,servo-app/lab-0.1
1781172934.0684257,77.34063148498535,B4_REVERSAL,B4_REVERSAL_R02_20260611_171416,delta-asda-b3-e,1591,RTSO|SO|OE|VE|QS|TR,3,0,45153961,-599,-19,-0.08113,-19,-0.045429,306,49,4270,2391,6000,,600,,,,reversal,transition,0,no_load,both,B4: reversal,servo-app/lab-0.1
1781172934.1689892,77.44119501113892,B4_REVERSAL,B4_REVERSAL_R02_20260611_171416,delta-asda-b3-e,1591,RTSO|SO|OE|VE|QS|TR,3,0,43459063,-599,-18,-0.07686,-19,-0.045429,306,49,4270,2391,6000,,600,,,,reversal,transition,0,no_load,both,B4: reversal,servo-app/lab-0.1
1781172934.2691016,77.54130744934082,B4_REVERSAL,B4_REVERSAL_R02_20260611_171416,delta-asda-b3-e,1591,RTSO|SO|OE|VE|QS|TR,3,0,41815141,-598,-20,-0.0854,-19,-0.045429,306,49,4270,2391,6000,,600,,,,reversal,transition,0,no_load,both,B4: reversal,servo-app/lab-0.1
1781172934.369191,77.64139676094055,B4_REVERSAL,B4_REVERSAL_R02_20260611_171416,delta-asda-b3-e,1591,RTSO|SO|OE|VE|QS|TR,3,0,40120383,-599,-20,-0.0854,-21,-0.050211,306,49,4270,2391,6000,,600,,,,reversal,transition,0,no_load,both,B4: reversal,servo-app/lab-0.1
1781172934.4692934,77.74149918556213,B4_REVERSAL,B4_REVERSAL_R02_20260611_171416,delta-asda-b3-e,1591,RTSO|SO|OE|VE|QS|TR,3,0,38426447,-598,-24,-0.10248,-18,-0.043038,306,49,4270,2391,6000,,600,,,,reversal,transition,0,no_load,both,B4: reversal,servo-app/lab-0.1
1781172934.5695262,77.84173202514648,B4_REVERSAL,B4_REVERSAL_R02_20260611_171416,delta-asda-b3-e,1591,RTSO|SO|OE|VE|QS|TR,3,0,36765161,-599,-20,-0.0854,-22,-0.052602,306,49,4270,2391,6000,,600,,,,reversal,transition,0,no_load,both,B4: reversal,servo-app/lab-0.1
1781172934.6698098,77.94201564788818,B4_REVERSAL,B4_REVERSAL_R02_20260611_171416,delta-asda-b3-e,1591,RTSO|SO|OE|VE|QS|TR,3,0,35054087,-599,-18,-0.07686,-18,-0.043038,306,49,4270,2391,6000,,600,,,,reversal,transition,0,no_load,both,B4: reversal,servo-app/lab-0.1
1781172934.7701123,78.04231810569763,B4_REVERSAL,B4_REVERSAL_R02_20260611_171416,delta-asda-b3-e,1591,RTSO|SO|OE|VE|QS|TR,3,0,33392940,-599,-20,-0.0854,-20,-0.04782,306,49,4270,2391,6000,,600,,,,reversal,transition,0,no_load,both,B4: reversal,servo-app/lab-0.1
1781172934.870252,78.14245772361755,B4_REVERSAL,B4_REVERSAL_R02_20260611_171416,delta-asda-b3-e,1591,RTSO|SO|OE|VE|QS|TR,3,0,31698577,-599,-22,-0.09394,-22,-0.052602,307,49,4270,2391,6000,,600,,,,reversal,transition,0,no_load,both,B4: reversal,servo-app/lab-0.1
1781172934.9704232,78.2426290512085,B4_REVERSAL,B4_REVERSAL_R02_20260611_171416,delta-asda-b3-e,1591,RTSO|SO|OE|VE|QS|TR,3,0,30020796,-598,-22,-0.09394,-20,-0.04782,306,49,4270,2391,6000,,600,,,,reversal,transition,0,no_load,both,B4: reversal,servo-app/lab-0.1
1781172935.0707657,78.34297156333923,B4_REVERSAL,B4_REVERSAL_R02_20260611_171416,delta-asda-b3-e,1591,RTSO|SO|OE|VE|QS|TR,3,0,28326358,-599,-17,-0.07259,-21,-0.050211,306,49,4270,2391,6000,,600,,,,reversal,transition,0,no_load,both,B4: reversal,servo-app/lab-0.1
1781172935.1709588,78.44316458702087,B4_REVERSAL,B4_REVERSAL_R02_20260611_171416,delta-asda-b3-e,1591,RTSO|SO|OE|VE|QS|TR,3,0,26648236,-599,-19,-0.08113,-19,-0.045429,306,49,4270,2391,6000,,600,,,,reversal,transition,0,no_load,both,B4: reversal,servo-app/lab-0.1
1781172935.2710044,78.54321026802063,B4_REVERSAL,B4_REVERSAL_R02_20260611_171416,delta-asda-b3-e,1591,RTSO|SO|OE|VE|QS|TR,3,0,24970882,-599,-19,-0.08113,-17,-0.040647,306,49,4270,2391,6000,,600,,,,reversal,transition,0,no_load,both,B4: reversal,servo-app/lab-0.1
1781172935.371272,78.64347791671753,B4_REVERSAL,B4_REVERSAL_R02_20260611_171416,delta-asda-b3-e,1591,RTSO|SO|OE|VE|QS|TR,3,0,23309729,-599,-19,-0.08113,-20,-0.04782,306,49,4270,2391,6000,,600,,,,reversal,transition,0,no_load,both,B4: reversal,servo-app/lab-0.1
1781172935.4713488,78.74355459213257,B4_REVERSAL,B4_REVERSAL_R02_20260611_171416,delta-asda-b3-e,1591,RTSO|SO|OE|VE|QS|TR,3,0,21615740,-598,-20,-0.0854,-21,-0.050211,307,49,4270,2391,6000,,600,,,,reversal,transition,0,no_load,both,B4: reversal,servo-app/lab-0.1
1781172935.571485,78.84369087219238,B4_REVERSAL,B4_REVERSAL_R02_20260611_171416,delta-asda-b3-e,1591,RTSO|SO|OE|VE|QS|TR,3,0,19971212,-599,-18,-0.07686,-21,-0.050211,306,49,4270,2391,6000,,600,,,,reversal,transition,0,no_load,both,B4: reversal,servo-app/lab-0.1
1781172935.671588,78.94379377365112,B4_REVERSAL,B4_REVERSAL_R02_20260611_171416,delta-asda-b3-e,1591,RTSO|SO|OE|VE|QS|TR,3,0,18260108,-599,-18,-0.07686,-18,-0.043038,306,49,4270,2391,6000,,600,,,,reversal,transition,0,no_load,both,B4: reversal,servo-app/lab-0.1
1781172935.7724168,79.04462265968323,B4_REVERSAL,B4_REVERSAL_R02_20260611_171416,delta-asda-b3-e,1591,RTSO|SO|OE|VE|QS|TR,3,0,16565401,-599,-22,-0.09394,-27,-0.064557,306,49,4270,2391,6000,,600,,,,reversal,transition,0,no_load,both,B4: reversal,servo-app/lab-0.1
1781172935.8725889,79.14479470252991,B4_REVERSAL,B4_REVERSAL_R02_20260611_171416,delta-asda-b3-e,1591,RTSO|SO|OE|VE|QS|TR,3,0,14887816,-599,-21,-0.08967,-20,-0.04782,307,49,4270,2391,6000,,600,,,,reversal,transition,0,no_load,both,B4: reversal,servo-app/lab-0.1
1781172935.972838,79.24504375457764,B4_REVERSAL,B4_REVERSAL_R02_20260611_171416,delta-asda-b3-e,1591,RTSO|SO|OE|VE|QS|TR,3,0,13193272,-599,-20,-0.0854,-21,-0.050211,306,49,4270,2391,6000,,600,,,,reversal,transition,0,no_load,both,B4: reversal,servo-app/lab-0.1
1781172936.0730753,79.34528112411499,B4_REVERSAL,B4_REVERSAL_R02_20260611_171416,delta-asda-b3-e,1591,RTSO|SO|OE|VE|QS|TR,3,0,11515569,-599,-16,-0.06832,-16,-0.038256,306,49,4270,2391,6000,,600,,,,reversal,transition,0,no_load,both,B4: reversal,servo-app/lab-0.1
1781172936.173116,79.44532179832458,B4_REVERSAL,B4_REVERSAL_R02_20260611_171416,delta-asda-b3-e,1591,RTSO|SO|OE|VE|QS|TR,3,0,9837460,-599,-21,-0.08967,-17,-0.040647,307,49,4270,2391,6000,,600,,,,reversal,transition,0,no_load,both,B4: reversal,servo-app/lab-0.1
1781172936.273206,79.54541182518005,B4_REVERSAL,B4_REVERSAL_R02_20260611_171416,delta-asda-b3-e,1591,RTSO|SO|OE|VE|QS|TR,3,0,8176819,-599,-16,-0.06832,-25,-0.059775,306,49,4270,2391,6000,,600,,,,reversal,transition,0,no_load,both,B4: reversal,servo-app/lab-0.1
1781172936.3735406,79.64574646949768,B4_REVERSAL,B4_REVERSAL_R02_20260611_171416,delta-asda-b3-e,1591,RTSO|SO|OE|VE|QS|TR,3,0,6498860,-599,-18,-0.07686,-18,-0.043038,306,49,4270,2391,6000,,600,,,,reversal,transition,0,no_load,both,B4: reversal,servo-app/lab-0.1
1781172936.4736626,79.74586844444275,B4_REVERSAL,B4_REVERSAL_R02_20260611_171416,delta-asda-b3-e,1591,RTSO|SO|OE|VE|QS|TR,3,0,4821657,-598,-17,-0.07259,-17,-0.040647,306,49,4270,2391,6000,,600,,,,reversal,transition,0,no_load,both,B4: reversal,servo-app/lab-0.1
1781172936.5737152,79.8459210395813,B4_REVERSAL,B4_REVERSAL_R02_20260611_171416,delta-asda-b3-e,1591,RTSO|SO|OE|VE|QS|TR,3,0,3109999,-599,-21,-0.08967,-19,-0.045429,306,49,4270,2391,6000,,600,,,,reversal,transition,0,no_load,both,B4: reversal,servo-app/lab-0.1
1781172936.6743968,79.94660258293152,B4_REVERSAL,B4_REVERSAL_R02_20260611_171416,delta-asda-b3-e,1591,RTSO|SO|OE|VE|QS|TR,3,0,1449284,-599,-22,-0.09394,-21,-0.050211,306,49,4270,2391,6000,,600,,,,reversal,transition,0,no_load,both,B4: reversal,servo-app/lab-0.1
1781172936.7746062,80.04681205749512,B4_REVERSAL,B4_REVERSAL_R02_20260611_171416,delta-asda-b3-e,4663,RTSO|SO|OE|VE|QS|ACK,3,0,342941,195,31,0.13237,37,0.088467,307,49,4270,2391,6000,,600,,,,reversal,transition,0,no_load,both,B4: reversal,servo-app/lab-0.1
1781172936.8746886,80.14689445495605,B4_REVERSAL,B4_REVERSAL_R02_20260611_171416,delta-asda-b3-e,1591,RTSO|SO|OE|VE|QS|TR,3,0,2030216,599,17,0.07259,17,0.040647,307,49,4270,2391,6000,,600,,,,reversal,transition,0,no_load,both,B4: reversal,servo-app/lab-0.1
1781172936.9749343,80.24714016914368,B4_REVERSAL,B4_REVERSAL_R02_20260611_171416,delta-asda-b3-e,1591,RTSO|SO|OE|VE|QS|TR,3,0,3690648,599,24,0.10248,24,0.057384,306,49,4270,2391,6000,,600,,,,reversal,transition,0,no_load,both,B4: reversal,servo-app/lab-0.1
1781172937.075575,80.34778094291687,B4_REVERSAL,B4_REVERSAL_R02_20260611_171416,delta-asda-b3-e,1591,RTSO|SO|OE|VE|QS|TR,3,0,5401860,598,17,0.07259,18,0.043038,306,49,4270,2391,6000,,600,,,,reversal,transition,0,no_load,both,B4: reversal,servo-app/lab-0.1
1781172937.1760697,80.44827556610107,B4_REVERSAL,B4_REVERSAL_R02_20260611_171416,delta-asda-b3-e,1591,RTSO|SO|OE|VE|QS|TR,3,0,7062465,598,24,0.10248,24,0.057384,306,49,4270,2391,6000,,600,,,,reversal,transition,0,no_load,both,B4: reversal,servo-app/lab-0.1
1781172937.27619,80.54839587211609,B4_REVERSAL,B4_REVERSAL_R02_20260611_171416,delta-asda-b3-e,1591,RTSO|SO|OE|VE|QS|TR,3,0,8773693,598,17,0.07259,19,0.045429,306,49,4270,2391,6000,,600,,,,reversal,transition,0,no_load,both,B4: reversal,servo-app/lab-0.1
1781172937.3765953,80.64880108833313,B4_REVERSAL,B4_REVERSAL_R02_20260611_171416,delta-asda-b3-e,1591,RTSO|SO|OE|VE|QS|TR,3,0,10434456,599,25,0.10675,25,0.059775,307,49,4270,2391,6000,,600,,,,reversal,transition,0,no_load,both,B4: reversal,servo-app/lab-0.1
1781172937.4771295,80.74933528900146,B4_REVERSAL,B4_REVERSAL_R02_20260611_171416,delta-asda-b3-e,1591,RTSO|SO|OE|VE|QS|TR,3,0,12129449,599,17,0.07259,19,0.045429,307,49,4270,2391,6000,,600,,,,reversal,transition,0,no_load,both,B4: reversal,servo-app/lab-0.1
1781172937.5773485,80.84955430030823,B4_REVERSAL,B4_REVERSAL_R02_20260611_171416,delta-asda-b3-e,1591,RTSO|SO|OE|VE|QS|TR,3,0,13823293,598,25,0.10675,24,0.057384,307,49,4270,2391,6000,,600,,,,reversal,transition,0,no_load,both,B4: reversal,servo-app/lab-0.1
1781172937.6777716,80.9499773979187,B4_REVERSAL,B4_REVERSAL_R02_20260611_171416,delta-asda-b3-e,1591,RTSO|SO|OE|VE|QS|TR,3,0,15518093,598,21,0.08967,21,0.050211,307,49,4270,2391,6000,,600,,,,reversal,transition,0,no_load,both,B4: reversal,servo-app/lab-0.1
1781172937.778038,81.0502438545227,B4_REVERSAL,B4_REVERSAL_R02_20260611_171416,delta-asda-b3-e,1591,RTSO|SO|OE|VE|QS|TR,3,0,17178599,598,23,0.09821,24,0.057384,307,49,4270,2391,6000,,600,,,,reversal,transition,0,no_load,both,B4: reversal,servo-app/lab-0.1
1781172937.8784857,81.15069150924683,B4_REVERSAL,B4_REVERSAL_R02_20260611_171416,delta-asda-b3-e,1591,RTSO|SO|OE|VE|QS|TR,3,0,18856874,599,15,0.06405,17,0.040647,307,49,4270,2391,6000,,600,,,,reversal,transition,0,no_load,both,B4: reversal,servo-app/lab-0.1
1781172937.978548,81.25075387954712,B4_REVERSAL,B4_REVERSAL_R02_20260611_171416,delta-asda-b3-e,1591,RTSO|SO|OE|VE|QS|TR,3,0,20534246,598,20,0.0854,21,0.050211,307,49,4270,2391,6000,,600,,,,reversal,transition,0,no_load,both,B4: reversal,servo-app/lab-0.1
1781172938.078742,81.35094785690308,B4_REVERSAL,B4_REVERSAL_R02_20260611_171416,delta-asda-b3-e,1591,RTSO|SO|OE|VE|QS|TR,3,0,22212004,598,18,0.07686,18,0.043038,306,49,4270,2391,6000,,600,,,,reversal,transition,0,no_load,both,B4: reversal,servo-app/lab-0.1
1781172938.179101,81.45130681991577,B4_REVERSAL,B4_REVERSAL_R02_20260611_171416,delta-asda-b3-e,1591,RTSO|SO|OE|VE|QS|TR,3,0,23906018,598,21,0.08967,22,0.052602,307,49,4270,2391,6000,,600,,,,reversal,transition,0,no_load,both,B4: reversal,servo-app/lab-0.1
1781172938.2793026,81.55150842666626,B4_REVERSAL,B4_REVERSAL_R02_20260611_171416,delta-asda-b3-e,1591,RTSO|SO|OE|VE|QS|TR,3,0,25600548,598,20,0.0854,19,0.045429,307,49,4270,2391,6000,,600,,,,reversal,transition,0,no_load,both,B4: reversal,servo-app/lab-0.1
1781172938.3796244,81.65183019638062,B4_REVERSAL,B4_REVERSAL_R02_20260611_171416,delta-asda-b3-e,1591,RTSO|SO|OE|VE|QS|TR,3,0,27244584,599,23,0.09821,23,0.054993,306,49,4270,2391,6000,,600,,,,reversal,transition,0,no_load,both,B4: reversal,servo-app/lab-0.1
1781172938.479827,81.75203275680542,B4_REVERSAL,B4_REVERSAL_R02_20260611_171416,delta-asda-b3-e,1591,RTSO|SO|OE|VE|QS|TR,3,0,28956229,599,16,0.06832,17,0.040647,307,49,4270,2391,6000,,600,,,,reversal,transition,0,no_load,both,B4: reversal,servo-app/lab-0.1
1781172938.5799255,81.85213136672974,B4_REVERSAL,B4_REVERSAL_R02_20260611_171416,delta-asda-b3-e,1591,RTSO|SO|OE|VE|QS|TR,3,0,30633450,599,23,0.09821,21,0.050211,307,49,4270,2391,6000,,600,,,,reversal,transition,0,no_load,both,B4: reversal,servo-app/lab-0.1
1781172938.6803055,81.95251131057739,B4_REVERSAL,B4_REVERSAL_R02_20260611_171416,delta-asda-b3-e,1591,RTSO|SO|OE|VE|QS|TR,3,0,32328225,599,23,0.09821,22,0.052602,307,49,4270,2391,6000,,600,,,,reversal,transition,0,no_load,both,B4: reversal,servo-app/lab-0.1
1781172938.780362,82.05256772041321,B4_REVERSAL,B4_REVERSAL_R02_20260611_171416,delta-asda-b3-e,1591,RTSO|SO|OE|VE|QS|TR,3,0,34005470,598,26,0.11102,23,0.054993,307,49,4270,2391,6000,,600,,,,reversal,transition,0,no_load,both,B4: reversal,servo-app/lab-0.1
1781172938.8807905,82.152996301651,B4_REVERSAL,B4_REVERSAL_R02_20260611_171416,delta-asda-b3-e,1591,RTSO|SO|OE|VE|QS|TR,3,0,35667029,599,18,0.07686,16,0.038256,307,49,4270,2391,6000,,600,,,,reversal,transition,0,no_load,both,B4: reversal,servo-app/lab-0.1
1781172938.9812627,82.25346851348877,B4_REVERSAL,B4_REVERSAL_R02_20260611_171416,delta-asda-b3-e,1591,RTSO|SO|OE|VE|QS|TR,3,0,37377799,599,21,0.08967,22,0.052602,307,49,4270,2391,6000,,600,,,,reversal,transition,0,no_load,both,B4: reversal,servo-app/lab-0.1
1781172939.0813816,82.35358738899231,B4_REVERSAL,B4_REVERSAL_R02_20260611_171416,delta-asda-b3-e,1591,RTSO|SO|OE|VE|QS|TR,3,0,39038934,598,15,0.06405,18,0.043038,307,49,4270,2391,6000,,600,,,,reversal,transition,0,no_load,both,B4: reversal,servo-app/lab-0.1
1781172939.1814458,82.45365166664124,B4_REVERSAL,B4_REVERSAL_R02_20260611_171416,delta-asda-b3-e,1591,RTSO|SO|OE|VE|QS|TR,3,0,40716167,598,18,0.07686,22,0.052602,307,49,4270,2391,6000,,600,,,,reversal,transition,0,no_load,both,B4: reversal,servo-app/lab-0.1
1781172939.281575,82.55378079414368,B4_REVERSAL,B4_REVERSAL_R02_20260611_171416,delta-asda-b3-e,1591,RTSO|SO|OE|VE|QS|TR,3,0,42377244,598,18,0.07686,21,0.050211,307,49,4270,2391,6000,,600,,,,reversal,transition,0,no_load,both,B4: reversal,servo-app/lab-0.1
1781172939.3816388,82.65384459495544,B4_REVERSAL,B4_REVERSAL_R02_20260611_171416,delta-asda-b3-e,1591,RTSO|SO|OE|VE|QS|TR,3,0,44054787,599,21,0.08967,25,0.059775,307,49,4270,2391,6000,,600,,,,reversal,transition,0,no_load,both,B4: reversal,servo-app/lab-0.1
1781172939.481673,82.7538788318634,B4_REVERSAL,B4_REVERSAL_R02_20260611_171416,delta-asda-b3-e,1591,RTSO|SO|OE|VE|QS|TR,3,0,45766409,599,16,0.06832,16,0.038256,307,49,4270,2391,6000,,600,,,,reversal,transition,0,no_load,both,B4: reversal,servo-app/lab-0.1
1781172939.581749,82.8539547920227,B4_REVERSAL,B4_REVERSAL_R02_20260611_171416,delta-asda-b3-e,1591,RTSO|SO|OE|VE|QS|TR,3,0,47443599,599,24,0.10248,23,0.054993,307,49,4270,2391,6000,,600,,,,reversal,transition,0,no_load,both,B4: reversal,servo-app/lab-0.1
1781172939.6822605,82.95446634292603,B4_REVERSAL,B4_REVERSAL_R02_20260611_171416,delta-asda-b3-e,1591,RTSO|SO|OE|VE|QS|TR,3,0,49138352,599,18,0.07686,20,0.04782,307,49,4270,2391,6000,,600,,,,reversal,transition,0,no_load,both,B4: reversal,servo-app/lab-0.1
1781172939.782558,83.05476379394531,B4_REVERSAL,B4_REVERSAL_R02_20260611_171416,delta-asda-b3-e,1591,RTSO|SO|OE|VE|QS|TR,3,0,50798896,599,19,0.08113,21,0.050211,307,49,4270,2391,6000,,600,,,,reversal,transition,0,no_load,both,B4: reversal,servo-app/lab-0.1
1781172939.8827333,83.1549391746521,B4_REVERSAL,B4_REVERSAL_R02_20260611_171416,delta-asda-b3-e,1591,RTSO|SO|OE|VE|QS|TR,3,0,52494008,599,17,0.07259,19,0.045429,307,49,4270,2391,6000,,600,,,,reversal,transition,0,no_load,both,B4: reversal,servo-app/lab-0.1
1781172939.983217,83.25542283058167,B4_REVERSAL,B4_REVERSAL_R02_20260611_171416,delta-asda-b3-e,1591,RTSO|SO|OE|VE|QS|TR,3,0,54171201,599,18,0.07686,20,0.04782,307,49,4270,2391,6000,,600,,,,reversal,transition,0,no_load,both,B4: reversal,servo-app/lab-0.1
1781172940.0833776,83.35558342933655,B4_REVERSAL,B4_REVERSAL_R02_20260611_171416,delta-asda-b3-e,1591,RTSO|SO|OE|VE|QS|TR,3,0,55865824,599,17,0.07259,19,0.045429,307,49,4270,2391,6000,,600,,,,reversal,transition,0,no_load,both,B4: reversal,servo-app/lab-0.1
1781172940.1835198,83.45572566986084,B4_REVERSAL,B4_REVERSAL_R02_20260611_171416,delta-asda-b3-e,1591,RTSO|SO|OE|VE|QS|TR,3,0,57543053,599,22,0.09394,19,0.045429,307,49,4270,2391,6000,,600,,,,reversal,transition,0,no_load,both,B4: reversal,servo-app/lab-0.1
1781172940.2837946,83.55600047111511,B4_REVERSAL,B4_REVERSAL_R02_20260611_171416,delta-asda-b3-e,1591,RTSO|SO|OE|VE|QS|TR,3,0,59220921,599,18,0.07686,22,0.052602,307,49,4270,2391,6000,,600,,,,reversal,transition,0,no_load,both,B4: reversal,servo-app/lab-0.1
1781172940.3839304,83.65613627433777,B4_REVERSAL,B4_REVERSAL_R02_20260611_171416,delta-asda-b3-e,1591,RTSO|SO|OE|VE|QS|TR,3,0,60881760,599,18,0.07686,20,0.04782,307,49,4270,2391,6000,,600,,,,reversal,transition,0,no_load,both,B4: reversal,servo-app/lab-0.1
1781172940.4841585,83.75636434555054,B4_REVERSAL,B4_REVERSAL_R02_20260611_171416,delta-asda-b3-e,1591,RTSO|SO|OE|VE|QS|TR,3,0,62593282,599,16,0.06832,17,0.040647,306,49,4270,2391,6000,,600,,,,reversal,transition,0,no_load,both,B4: reversal,servo-app/lab-0.1
1781172940.5841887,83.85639452934265,B4_REVERSAL,B4_REVERSAL_R02_20260611_171416,delta-asda-b3-e,1591,RTSO|SO|OE|VE|QS|TR,3,0,64270534,599,21,0.08967,20,0.04782,307,49,4270,2391,6000,,600,,,,reversal,transition,0,no_load,both,B4: reversal,servo-app/lab-0.1
1781172940.6844757,83.95668148994446,B4_REVERSAL,B4_REVERSAL_R02_20260611_171416,delta-asda-b3-e,1591,RTSO|SO|OE|VE|QS|TR,3,0,65948475,599,19,0.08113,21,0.050211,307,49,4270,2391,6000,,600,,,,reversal,transition,0,no_load,both,B4: reversal,servo-app/lab-0.1
1781172940.785125,84.0573308467865,B4_REVERSAL,B4_REVERSAL_R02_20260611_171416,delta-asda-b3-e,1591,RTSO|SO|OE|VE|QS|TR,3,0,67625806,599,20,0.0854,21,0.050211,306,49,4270,2391,6000,,600,,,,reversal,transition,0,no_load,both,B4: reversal,servo-app/lab-0.1
1781172940.8855593,84.15776515007019,B4_REVERSAL,B4_REVERSAL_R02_20260611_171416,delta-asda-b3-e,1591,RTSO|SO|OE|VE|QS|TR,3,0,69304122,599,16,0.06832,21,0.050211,307,49,4270,2391,6000,,600,,,,reversal,transition,0,no_load,both,B4: reversal,servo-app/lab-0.1
1781172940.9862452,84.25845098495483,B4_REVERSAL,B4_REVERSAL_R02_20260611_171416,delta-asda-b3-e,1591,RTSO|SO|OE|VE|QS|TR,3,0,71014878,599,16,0.06832,18,0.043038,307,49,4270,2391,6000,,600,,,,reversal,transition,0,no_load,both,B4: reversal,servo-app/lab-0.1
1781172941.2475889,84.51979470252991,B4_REVERSAL,B4_REVERSAL_R02_20260611_171416,delta-asda-b3-e,1591,RTSO|SO|OE|VE|QS|TR,3,0,75377673,600,21,0.08967,18,0.043038,307,49,4270,2391,6000,,600,,,,reversal,transition,0,no_load,both,B4: reversal,servo-app/lab-0.1
1781172941.3481078,84.62031364440918,B4_REVERSAL,B4_REVERSAL_R02_20260611_171416,delta-asda-b3-e,1591,RTSO|SO|OE|VE|QS|TR,3,0,77088638,599,18,0.07686,18,0.043038,307,49,4270,2391,6000,,600,,,,reversal,transition,0,no_load,both,B4: reversal,servo-app/lab-0.1
1781172941.448645,84.72085094451904,B4_REVERSAL,B4_REVERSAL_R02_20260611_171416,delta-asda-b3-e,1591,RTSO|SO|OE|VE|QS|TR,3,0,78749597,600,22,0.09394,17,0.040647,307,49,4270,2391,6000,,600,,,,reversal,transition,0,no_load,both,B4: reversal,servo-app/lab-0.1
1781172941.5486977,84.82090353965759,B4_REVERSAL,B4_REVERSAL_R02_20260611_171416,delta-asda-b3-e,1591,RTSO|SO|OE|VE|QS|TR,3,0,80427356,600,19,0.08113,15,0.035865,307,49,4270,2391,6000,,600,,,,reversal,transition,0,no_load,both,B4: reversal,servo-app/lab-0.1
1781172941.6490347,84.92124056816101,B4_REVERSAL,B4_REVERSAL_R02_20260611_171416,delta-asda-b3-e,1591,RTSO|SO|OE|VE|QS|TR,3,0,82105294,600,18,0.07686,18,0.043038,306,49,4270,2391,6000,,600,,,,reversal,transition,0,no_load,both,B4: reversal,servo-app/lab-0.1
1781172941.7493868,85.02159261703491,B4_REVERSAL,B4_REVERSAL_R02_20260611_171416,delta-asda-b3-e,567,RTSO|SO|OE|VE|QS,3,0,83745843,453,5,0.02135,4,0.009564,306,49,4270,2391,6000,,600,,,,reversal,transition,0,no_load,both,B4: reversal,servo-app/lab-0.1
1781172941.8497856,85.12199139595032,B4_REVERSAL,B4_REVERSAL_R02_20260611_171416,delta-asda-b3-e,1591,RTSO|SO|OE|VE|QS|TR,3,0,82462309,-600,-19,-0.08113,-17,-0.040647,307,49,4270,2391,6000,,600,,,,reversal,transition,0,no_load,both,B4: reversal,servo-app/lab-0.1
1781172941.9501028,85.22230863571167,B4_REVERSAL,B4_REVERSAL_R02_20260611_171416,delta-asda-b3-e,1591,RTSO|SO|OE|VE|QS|TR,3,0,80750858,-601,-18,-0.07686,-15,-0.035865,306,49,4270,2391,6000,,600,,,,reversal,transition,0,no_load,both,B4: reversal,servo-app/lab-0.1
1781172942.0501282,85.3223340511322,B4_REVERSAL,B4_REVERSAL_R02_20260611_171416,delta-asda-b3-e,1591,RTSO|SO|OE|VE|QS|TR,3,0,79107200,-600,-22,-0.09394,-21,-0.050211,307,49,4270,2391,6000,,600,,,,reversal,transition,0,no_load,both,B4: reversal,servo-app/lab-0.1
1781172942.1510031,85.42320895195007,B4_REVERSAL,B4_REVERSAL_R02_20260611_171416,delta-asda-b3-e,1591,RTSO|SO|OE|VE|QS|TR,3,0,77412461,-601,-16,-0.06832,-17,-0.040647,307,49,4270,2391,6000,,600,,,,reversal,transition,0,no_load,both,B4: reversal,servo-app/lab-0.1
1781172942.2511263,85.52333211898804,B4_REVERSAL,B4_REVERSAL_R02_20260611_171416,delta-asda-b3-e,1591,RTSO|SO|OE|VE|QS|TR,3,0,75734726,-601,-16,-0.06832,-17,-0.040647,306,49,4270,2391,6000,,600,,,,reversal,transition,0,no_load,both,B4: reversal,servo-app/lab-0.1
1781172942.3514261,85.62363195419312,B4_REVERSAL,B4_REVERSAL_R02_20260611_171416,delta-asda-b3-e,1591,RTSO|SO|OE|VE|QS|TR,3,0,74023249,-601,-18,-0.07686,-14,-0.033474,306,49,4270,2391,6000,,600,,,,reversal,transition,0,no_load,both,B4: reversal,servo-app/lab-0.1
1781172942.451888,85.72409391403198,B4_REVERSAL,B4_REVERSAL_R02_20260611_171416,delta-asda-b3-e,1591,RTSO|SO|OE|VE|QS|TR,3,0,72345726,-601,-21,-0.08967,-19,-0.045429,306,49,4270,2391,6000,,600,,,,reversal,transition,0,no_load,both,B4: reversal,servo-app/lab-0.1
1781172942.5523643,85.8245701789856,B4_REVERSAL,B4_REVERSAL_R02_20260611_171416,delta-asda-b3-e,1591,RTSO|SO|OE|VE|QS|TR,3,0,70667974,-600,-19,-0.08113,-17,-0.040647,306,49,4270,2391,6000,,600,,,,reversal,transition,0,no_load,both,B4: reversal,servo-app/lab-0.1
1781172942.6528583,85.92506408691406,B4_REVERSAL,B4_REVERSAL_R02_20260611_171416,delta-asda-b3-e,1591,RTSO|SO|OE|VE|QS|TR,3,0,68973857,-600,-19,-0.08113,-17,-0.040647,306,49,4270,2391,6000,,600,,,,reversal,transition,0,no_load,both,B4: reversal,servo-app/lab-0.1
1781172942.753341,86.02554678916931,B4_REVERSAL,B4_REVERSAL_R02_20260611_171416,delta-asda-b3-e,1591,RTSO|SO|OE|VE|QS|TR,3,0,67295667,-601,-18,-0.07686,-18,-0.043038,307,49,4270,2391,6000,,600,,,,reversal,transition,0,no_load,both,B4: reversal,servo-app/lab-0.1
1781172942.853589,86.12579488754272,B4_REVERSAL,B4_REVERSAL_R02_20260611_171416,delta-asda-b3-e,1591,RTSO|SO|OE|VE|QS|TR,3,0,65601388,-600,-22,-0.09394,-19,-0.045429,307,49,4270,2391,6000,,600,,,,reversal,transition,0,no_load,both,B4: reversal,servo-app/lab-0.1
1781172942.9539323,86.2261381149292,B4_REVERSAL,B4_REVERSAL_R02_20260611_171416,delta-asda-b3-e,1591,RTSO|SO|OE|VE|QS|TR,3,0,63923360,-601,-18,-0.07686,-19,-0.045429,307,49,4270,2391,6000,,600,,,,reversal,transition,0,no_load,both,B4: reversal,servo-app/lab-0.1
1781172943.054624,86.32682991027832,B4_REVERSAL,B4_REVERSAL_R02_20260611_171416,delta-asda-b3-e,1591,RTSO|SO|OE|VE|QS|TR,3,0,62246045,-600,-20,-0.0854,-20,-0.04782,306,49,4270,2391,6000,,600,,,,reversal,transition,0,no_load,both,B4: reversal,servo-app/lab-0.1
1781172943.154772,86.42697787284851,B4_REVERSAL,B4_REVERSAL_R02_20260611_171416,delta-asda-b3-e,1591,RTSO|SO|OE|VE|QS|TR,3,0,60568137,-601,-17,-0.07259,-17,-0.040647,306,49,4270,2391,6000,,600,,,,reversal,transition,0,no_load,both,B4: reversal,servo-app/lab-0.1
1781172943.2552264,86.52743220329285,B4_REVERSAL,B4_REVERSAL_R02_20260611_171416,delta-asda-b3-e,1591,RTSO|SO|OE|VE|QS|TR,3,0,58873647,-601,-19,-0.08113,-19,-0.045429,307,49,4270,2391,6000,,600,,,,reversal,transition,0,no_load,both,B4: reversal,servo-app/lab-0.1
1781172943.3552642,86.62747001647949,B4_REVERSAL,B4_REVERSAL_R02_20260611_171416,delta-asda-b3-e,1591,RTSO|SO|OE|VE|QS|TR,3,0,57195739,-601,-18,-0.07686,-17,-0.040647,307,49,4270,2391,6000,,600,,,,reversal,transition,0,no_load,both,B4: reversal,servo-app/lab-0.1
1781172943.455483,86.72768878936768,B4_REVERSAL,B4_REVERSAL_R02_20260611_171416,delta-asda-b3-e,1591,RTSO|SO|OE|VE|QS|TR,3,0,55501426,-601,-20,-0.0854,-21,-0.050211,306,49,4270,2391,6000,,600,,,,reversal,transition,0,no_load,both,B4: reversal,servo-app/lab-0.1
1781172943.5556889,86.82789468765259,B4_REVERSAL,B4_REVERSAL_R02_20260611_171416,delta-asda-b3-e,1591,RTSO|SO|OE|VE|QS|TR,3,0,53840420,-600,-20,-0.0854,-18,-0.043038,306,49,4270,2391,6000,,600,,,,reversal,transition,0,no_load,both,B4: reversal,servo-app/lab-0.1
1781172943.655982,86.92818784713745,B4_REVERSAL,B4_REVERSAL_R02_20260611_171416,delta-asda-b3-e,1591,RTSO|SO|OE|VE|QS|TR,3,0,52146225,-601,-20,-0.0854,-19,-0.045429,306,49,4270,2391,6000,,600,,,,reversal,transition,0,no_load,both,B4: reversal,servo-app/lab-0.1
1781172943.7560916,87.0282974243164,B4_REVERSAL,B4_REVERSAL_R02_20260611_171416,delta-asda-b3-e,1591,RTSO|SO|OE|VE|QS|TR,3,0,50468064,-601,-18,-0.07686,-19,-0.045429,307,49,4270,2391,6000,,600,,,,reversal,transition,0,no_load,both,B4: reversal,servo-app/lab-0.1
1781172943.8565464,87.1287522315979,B4_REVERSAL,B4_REVERSAL_R02_20260611_171416,delta-asda-b3-e,1591,RTSO|SO|OE|VE|QS|TR,3,0,48807356,-600,-19,-0.08113,-19,-0.045429,307,49,4270,2391,6000,,600,,,,reversal,transition,0,no_load,both,B4: reversal,servo-app/lab-0.1
1781172943.956647,87.22885274887085,B4_REVERSAL,B4_REVERSAL_R02_20260611_171416,delta-asda-b3-e,1591,RTSO|SO|OE|VE|QS|TR,3,0,47095674,-600,-24,-0.10248,-22,-0.052602,307,49,4270,2391,6000,,600,,,,reversal,transition,0,no_load,both,B4: reversal,servo-app/lab-0.1
1781172944.0569031,87.32910895347595,B4_REVERSAL,B4_REVERSAL_R02_20260611_171416,delta-asda-b3-e,1591,RTSO|SO|OE|VE|QS|TR,3,0,45435157,-600,-19,-0.08113,-20,-0.04782,307,49,4270,2391,6000,,600,,,,reversal,transition,0,no_load,both,B4: reversal,servo-app/lab-0.1
1781172944.157326,87.42953181266785,B4_REVERSAL,B4_REVERSAL_R02_20260611_171416,delta-asda-b3-e,1591,RTSO|SO|OE|VE|QS|TR,3,0,43723486,-601,-22,-0.09394,-17,-0.040647,307,49,4270,2391,6000,,600,,,,reversal,transition,0,no_load,both,B4: reversal,servo-app/lab-0.1
1781172944.257594,87.5297999382019,B4_REVERSAL,B4_REVERSAL_R02_20260611_171416,delta-asda-b3-e,1591,RTSO|SO|OE|VE|QS|TR,3,0,42062703,-601,-21,-0.08967,-20,-0.04782,307,49,4270,2391,6000,,600,,,,reversal,transition,0,no_load,both,B4: reversal,servo-app/lab-0.1
1781172944.3580549,87.63026070594788,B4_REVERSAL,B4_REVERSAL_R02_20260611_171416,delta-asda-b3-e,1591,RTSO|SO|OE|VE|QS|TR,3,0,40351208,-600,-20,-0.0854,-21,-0.050211,306,49,4270,2391,6000,,600,,,,reversal,transition,0,no_load,both,B4: reversal,servo-app/lab-0.1
1781172944.4583015,87.73050737380981,B4_REVERSAL,B4_REVERSAL_R02_20260611_171416,delta-asda-b3-e,1591,RTSO|SO|OE|VE|QS|TR,3,0,38657041,-600,-19,-0.08113,-19,-0.045429,307,49,4270,2391,6000,,600,,,,reversal,transition,0,no_load,both,B4: reversal,servo-app/lab-0.1
1781172944.5584126,87.83061838150024,B4_REVERSAL,B4_REVERSAL_R02_20260611_171416,delta-asda-b3-e,1591,RTSO|SO|OE|VE|QS|TR,3,0,36996009,-600,-19,-0.08113,-20,-0.04782,307,49,4270,2391,6000,,600,,,,reversal,transition,0,no_load,both,B4: reversal,servo-app/lab-0.1
1781172944.6585662,87.93077206611633,B4_REVERSAL,B4_REVERSAL_R02_20260611_171416,delta-asda-b3-e,1591,RTSO|SO|OE|VE|QS|TR,3,0,35318486,-600,-19,-0.08113,-19,-0.045429,307,49,4270,2391,6000,,600,,,,reversal,transition,0,no_load,both,B4: reversal,servo-app/lab-0.1
1781172944.758958,88.03116393089294,B4_REVERSAL,B4_REVERSAL_R02_20260611_171416,delta-asda-b3-e,1591,RTSO|SO|OE|VE|QS|TR,3,0,33640420,-600,-20,-0.0854,-19,-0.045429,307,49,4270,2391,6000,,600,,,,reversal,transition,0,no_load,both,B4: reversal,servo-app/lab-0.1
1781172944.8590238,88.13122963905334,B4_REVERSAL,B4_REVERSAL_R02_20260611_171416,delta-asda-b3-e,1591,RTSO|SO|OE|VE|QS|TR,3,0,31962922,-600,-16,-0.06832,-17,-0.040647,307,49,4270,2391,6000,,600,,,,reversal,transition,0,no_load,both,B4: reversal,servo-app/lab-0.1
1781172944.9594991,88.23170495033264,B4_REVERSAL,B4_REVERSAL_R02_20260611_171416,delta-asda-b3-e,1591,RTSO|SO|OE|VE|QS|TR,3,0,30284874,-600,-20,-0.0854,-22,-0.052602,307,49,4270,2391,6000,,600,,,,reversal,transition,0,no_load,both,B4: reversal,servo-app/lab-0.1
1781172945.0596929,88.33189868927002,B4_REVERSAL,B4_REVERSAL_R02_20260611_171416,delta-asda-b3-e,1591,RTSO|SO|OE|VE|QS|TR,3,0,28607573,-600,-24,-0.10248,-22,-0.052602,307,49,4270,2391,6000,,600,,,,reversal,transition,0,no_load,both,B4: reversal,servo-app/lab-0.1
1781172945.1598427,88.43204855918884,B4_REVERSAL,B4_REVERSAL_R02_20260611_171416,delta-asda-b3-e,1591,RTSO|SO|OE|VE|QS|TR,3,0,26929434,-601,-21,-0.08967,-18,-0.043038,307,49,4270,2391,6000,,600,,,,reversal,transition,0,no_load,both,B4: reversal,servo-app/lab-0.1
1781172945.2601833,88.53238916397095,B4_REVERSAL,B4_REVERSAL_R02_20260611_171416,delta-asda-b3-e,1591,RTSO|SO|OE|VE|QS|TR,3,0,25218477,-600,-19,-0.08113,-20,-0.04782,307,49,4270,2391,6000,,600,,,,reversal,transition,0,no_load,both,B4: reversal,servo-app/lab-0.1
1781172945.3602998,88.6325056552887,B4_REVERSAL,B4_REVERSAL_R02_20260611_171416,delta-asda-b3-e,1591,RTSO|SO|OE|VE|QS|TR,3,0,23574030,-600,-22,-0.09394,-20,-0.04782,308,49,4270,2391,6000,,600,,,,reversal,transition,0,no_load,both,B4: reversal,servo-app/lab-0.1
1781172945.4603937,88.73259949684143,B4_REVERSAL,B4_REVERSAL_R02_20260611_171416,delta-asda-b3-e,1591,RTSO|SO|OE|VE|QS|TR,3,0,21863125,-600,-20,-0.0854,-19,-0.045429,307,49,4270,2391,6000,,600,,,,reversal,transition,0,no_load,both,B4: reversal,servo-app/lab-0.1
1781172945.5605924,88.83279824256897,B4_REVERSAL,B4_REVERSAL_R02_20260611_171416,delta-asda-b3-e,1591,RTSO|SO|OE|VE|QS|TR,3,0,20185404,-599,-20,-0.0854,-21,-0.050211,307,49,4270,2391,6000,,600,,,,reversal,transition,0,no_load,both,B4: reversal,servo-app/lab-0.1
1781172945.660878,88.9330837726593,B4_REVERSAL,B4_REVERSAL_R02_20260611_171416,delta-asda-b3-e,1591,RTSO|SO|OE|VE|QS|TR,3,0,18491098,-600,-18,-0.07686,-22,-0.052602,307,49,4270,2391,6000,,600,,,,reversal,transition,0,no_load,both,B4: reversal,servo-app/lab-0.1
1781172945.76113,89.03333592414856,B4_REVERSAL,B4_REVERSAL_R02_20260611_171416,delta-asda-b3-e,1591,RTSO|SO|OE|VE|QS|TR,3,0,16829781,-600,-20,-0.0854,-19,-0.045429,307,49,4270,2391,6000,,600,,,,reversal,transition,0,no_load,both,B4: reversal,servo-app/lab-0.1
1781172945.861411,89.13361692428589,B4_REVERSAL,B4_REVERSAL_R02_20260611_171416,delta-asda-b3-e,1591,RTSO|SO|OE|VE|QS|TR,3,0,15152241,-600,-18,-0.07686,-17,-0.040647,307,49,4270,2391,6000,,600,,,,reversal,transition,0,no_load,both,B4: reversal,servo-app/lab-0.1
1781172945.9618294,89.23403525352478,B4_REVERSAL,B4_REVERSAL_R02_20260611_171416,delta-asda-b3-e,1591,RTSO|SO|OE|VE|QS|TR,3,0,13474179,-600,-23,-0.09821,-24,-0.057384,307,49,4270,2391,6000,,600,,,,reversal,transition,0,no_load,both,B4: reversal,servo-app/lab-0.1
1781172946.0621557,89.33436155319214,B4_REVERSAL,B4_REVERSAL_R02_20260611_171416,delta-asda-b3-e,1591,RTSO|SO|OE|VE|QS|TR,3,0,11763467,-599,-18,-0.07686,-21,-0.050211,307,49,4270,2391,6000,,600,,,,reversal,transition,0,no_load,both,B4: reversal,servo-app/lab-0.1
1781172946.1629198,89.43512558937073,B4_REVERSAL,B4_REVERSAL_R02_20260611_171416,delta-asda-b3-e,1591,RTSO|SO|OE|VE|QS|TR,3,0,10068518,-600,-20,-0.0854,-19,-0.045429,307,49,4270,2391,6000,,600,,,,reversal,transition,0,no_load,both,B4: reversal,servo-app/lab-0.1
1781172946.2633853,89.53559112548828,B4_REVERSAL,B4_REVERSAL_R02_20260611_171416,delta-asda-b3-e,1591,RTSO|SO|OE|VE|QS|TR,3,0,8407744,-599,-20,-0.0854,-20,-0.04782,307,49,4270,2391,6000,,600,,,,reversal,transition,0,no_load,both,B4: reversal,servo-app/lab-0.1
1781172946.3634148,89.63562059402466,B4_REVERSAL,B4_REVERSAL_R02_20260611_171416,delta-asda-b3-e,1591,RTSO|SO|OE|VE|QS|TR,3,0,6729776,-600,-17,-0.07259,-19,-0.045429,307,49,4270,2391,6000,,600,,,,reversal,transition,0,no_load,both,B4: reversal,servo-app/lab-0.1
1781172946.4638674,89.73607325553894,B4_REVERSAL,B4_REVERSAL_R02_20260611_171416,delta-asda-b3-e,1591,RTSO|SO|OE|VE|QS|TR,3,0,5052375,-599,-20,-0.0854,-20,-0.04782,307,49,4270,2391,6000,,600,,,,reversal,transition,0,no_load,both,B4: reversal,servo-app/lab-0.1
1781172946.5643961,89.83660197257996,B4_REVERSAL,B4_REVERSAL_R02_20260611_171416,delta-asda-b3-e,1591,RTSO|SO|OE|VE|QS|TR,3,0,3341174,-599,-19,-0.08113,-19,-0.045429,307,49,4270,2391,6000,,600,,,,reversal,transition,0,no_load,both,B4: reversal,servo-app/lab-0.1
1781172946.6649191,89.93712496757507,B4_REVERSAL,B4_REVERSAL_R02_20260611_171416,delta-asda-b3-e,1591,RTSO|SO|OE|VE|QS|TR,3,0,1663543,-600,-19,-0.08113,-18,-0.043038,307,49,4270,2391,6000,,600,,,,reversal,transition,0,no_load,both,B4: reversal,servo-app/lab-0.1
1781172946.7649581,90.03716397285461,B4_REVERSAL,B4_REVERSAL_R02_20260611_171416,delta-asda-b3-e,5687,RTSO|SO|OE|VE|QS|TR|ACK,3,0,1044302,-1,-12,-0.05124,-12,-0.028692,307,49,4270,2391,6000,,600,,,,reversal,transition,0,no_load,both,B4: reversal,servo-app/lab-0.1
