ts,t,experiment_id,session_id,device_id,statusword,statusword_flags,mode_display,error_code,position,velocity,current,current_A,torque,torque_Nm,dc_bus_voltage,drive_temp,rated_current,rated_torque,max_motor_speed,target_position,target_velocity,target_torque,acceleration_cmd,deceleration_cmd,regime_label,risk_label,is_artificial_anomaly,load_type,direction,operator_comment,software_version
1781172760.9704084,0.0,B3_ACC_DEC_SHARP,B3_ACC_DEC_SHARP_R02_20260611_171240,delta-asda-b3-e,567,RTSO|SO|OE|VE|QS,1,0,38320,38,18,0.07686,17,0.040647,307,47,4270,2391,6000,,1200,,,,acceleration,elevated_load,0,no_load,cw,B3: sharp but allowed acc/dec,servo-app/lab-0.1
1781172761.0706723,0.10026383399963379,B3_ACC_DEC_SHARP,B3_ACC_DEC_SHARP_R02_20260611_171240,delta-asda-b3-e,567,RTSO|SO|OE|VE|QS,1,0,55684,1,18,0.07686,18,0.043038,306,47,4270,2391,6000,,1200,,,,acceleration,elevated_load,0,no_load,cw,B3: sharp but allowed acc/dec,servo-app/lab-0.1
1781172761.1708117,0.20040321350097656,B3_ACC_DEC_SHARP,B3_ACC_DEC_SHARP_R02_20260611_171240,delta-asda-b3-e,567,RTSO|SO|OE|VE|QS,1,0,13360,-12,-15,-0.06405,-15,-0.035865,306,47,4270,2391,6000,,1200,,,,acceleration,elevated_load,0,no_load,cw,B3: sharp but allowed acc/dec,servo-app/lab-0.1
1781172761.2712762,0.30086779594421387,B3_ACC_DEC_SHARP,B3_ACC_DEC_SHARP_R02_20260611_171240,delta-asda-b3-e,1591,RTSO|SO|OE|VE|QS|TR,1,0,6015,0,-13,-0.05551,-12,-0.028692,306,47,4270,2391,6000,,1200,,,,acceleration,elevated_load,0,no_load,cw,B3: sharp but allowed acc/dec,servo-app/lab-0.1
1781172761.3715608,0.4011523723602295,B3_ACC_DEC_SHARP,B3_ACC_DEC_SHARP_R02_20260611_171240,delta-asda-b3-e,567,RTSO|SO|OE|VE|QS,1,0,53368,5,19,0.08113,19,0.045429,306,47,4270,2391,6000,,1200,,,,acceleration,elevated_load,0,no_load,cw,B3: sharp but allowed acc/dec,servo-app/lab-0.1
1781172761.4720507,0.5016422271728516,B3_ACC_DEC_SHARP,B3_ACC_DEC_SHARP_R02_20260611_171240,delta-asda-b3-e,567,RTSO|SO|OE|VE|QS,1,0,42695,-32,-11,-0.04697,-13,-0.031083,306,47,4270,2391,6000,,1200,,,,acceleration,elevated_load,0,no_load,cw,B3: sharp but allowed acc/dec,servo-app/lab-0.1
1781172761.5724854,0.6020770072937012,B3_ACC_DEC_SHARP,B3_ACC_DEC_SHARP_R02_20260611_171240,delta-asda-b3-e,567,RTSO|SO|OE|VE|QS,1,0,7099,-2,-15,-0.06405,-13,-0.031083,306,47,4270,2391,6000,,1200,,,,acceleration,elevated_load,0,no_load,cw,B3: sharp but allowed acc/dec,servo-app/lab-0.1
1781172761.67293,0.702521562576294,B3_ACC_DEC_SHARP,B3_ACC_DEC_SHARP_R02_20260611_171240,delta-asda-b3-e,567,RTSO|SO|OE|VE|QS,1,0,5847,0,-11,-0.04697,-11,-0.026301,306,47,4270,2391,6000,,1200,,,,acceleration,elevated_load,0,no_load,cw,B3: sharp but allowed acc/dec,servo-app/lab-0.1
1781172761.7729623,0.8025538921356201,B3_ACC_DEC_SHARP,B3_ACC_DEC_SHARP_R02_20260611_171240,delta-asda-b3-e,567,RTSO|SO|OE|VE|QS,1,0,5957,0,-10,-0.0427,-10,-0.02391,306,47,4270,2391,6000,,1200,,,,acceleration,elevated_load,0,no_load,cw,B3: sharp but allowed acc/dec,servo-app/lab-0.1
1781172761.8734329,0.903024435043335,B3_ACC_DEC_SHARP,B3_ACC_DEC_SHARP_R02_20260611_171240,delta-asda-b3-e,4663,RTSO|SO|OE|VE|QS|ACK,1,0,6135,1,-2,-0.00854,-3,-0.007173,306,47,4270,2391,6000,,1200,,,,acceleration,elevated_load,0,no_load,cw,B3: sharp but allowed acc/dec,servo-app/lab-0.1
1781172761.9738595,1.0034511089324951,B3_ACC_DEC_SHARP,B3_ACC_DEC_SHARP_R02_20260611_171240,delta-asda-b3-e,567,RTSO|SO|OE|VE|QS,1,0,54231,3,18,0.07686,19,0.045429,306,47,4270,2391,6000,,1200,,,,acceleration,elevated_load,0,no_load,cw,B3: sharp but allowed acc/dec,servo-app/lab-0.1
1781172762.0739255,1.1035170555114746,B3_ACC_DEC_SHARP,B3_ACC_DEC_SHARP_R02_20260611_171240,delta-asda-b3-e,567,RTSO|SO|OE|VE|QS,1,0,35144,-40,-12,-0.05124,-12,-0.028692,306,47,4270,2391,6000,,1200,,,,acceleration,elevated_load,0,no_load,cw,B3: sharp but allowed acc/dec,servo-app/lab-0.1
1781172762.1742713,1.2038629055023193,B3_ACC_DEC_SHARP,B3_ACC_DEC_SHARP_R02_20260611_171240,delta-asda-b3-e,567,RTSO|SO|OE|VE|QS,1,0,6993,-2,-15,-0.06405,-13,-0.031083,306,47,4270,2391,6000,,1200,,,,acceleration,elevated_load,0,no_load,cw,B3: sharp but allowed acc/dec,servo-app/lab-0.1
1781172762.2744563,1.3040478229522705,B3_ACC_DEC_SHARP,B3_ACC_DEC_SHARP_R02_20260611_171240,delta-asda-b3-e,567,RTSO|SO|OE|VE|QS,1,0,47080,15,18,0.07686,18,0.043038,306,47,4270,2391,6000,,1200,,,,acceleration,elevated_load,0,no_load,cw,B3: sharp but allowed acc/dec,servo-app/lab-0.1
1781172762.3752515,1.4048430919647217,B3_ACC_DEC_SHARP,B3_ACC_DEC_SHARP_R02_20260611_171240,delta-asda-b3-e,1591,RTSO|SO|OE|VE|QS|TR,1,0,56140,1,17,0.07259,17,0.040647,306,47,4270,2391,6000,,1200,,,,acceleration,elevated_load,0,no_load,cw,B3: sharp but allowed acc/dec,servo-app/lab-0.1
1781172762.4757714,1.5053629875183105,B3_ACC_DEC_SHARP,B3_ACC_DEC_SHARP_R02_20260611_171240,delta-asda-b3-e,567,RTSO|SO|OE|VE|QS,1,0,10054,-7,-15,-0.06405,-15,-0.035865,306,47,4270,2391,6000,,1200,,,,acceleration,elevated_load,0,no_load,cw,B3: sharp but allowed acc/dec,servo-app/lab-0.1
1781172762.5761695,1.6057610511779785,B3_ACC_DEC_SHARP,B3_ACC_DEC_SHARP_R02_20260611_171240,delta-asda-b3-e,567,RTSO|SO|OE|VE|QS,1,0,18053,32,16,0.06832,16,0.038256,306,47,4270,2391,6000,,1200,,,,acceleration,elevated_load,0,no_load,cw,B3: sharp but allowed acc/dec,servo-app/lab-0.1
1781172762.6764426,1.7060341835021973,B3_ACC_DEC_SHARP,B3_ACC_DEC_SHARP_R02_20260611_171240,delta-asda-b3-e,567,RTSO|SO|OE|VE|QS,1,0,55069,2,18,0.07686,18,0.043038,306,47,4270,2391,6000,,1200,,,,acceleration,elevated_load,0,no_load,cw,B3: sharp but allowed acc/dec,servo-app/lab-0.1
1781172762.776617,1.806208610534668,B3_ACC_DEC_SHARP,B3_ACC_DEC_SHARP_R02_20260611_171240,delta-asda-b3-e,567,RTSO|SO|OE|VE|QS,1,0,56410,0,15,0.06405,15,0.035865,306,47,4270,2391,6000,,1200,,,,acceleration,elevated_load,0,no_load,cw,B3: sharp but allowed acc/dec,servo-app/lab-0.1
1781172762.8767583,1.9063498973846436,B3_ACC_DEC_SHARP,B3_ACC_DEC_SHARP_R02_20260611_171240,delta-asda-b3-e,567,RTSO|SO|OE|VE|QS,1,0,56270,0,13,0.05551,14,0.033474,306,47,4270,2391,6000,,1200,,,,acceleration,elevated_load,0,no_load,cw,B3: sharp but allowed acc/dec,servo-app/lab-0.1
1781172762.9770708,2.006662368774414,B3_ACC_DEC_SHARP,B3_ACC_DEC_SHARP_R02_20260611_171240,delta-asda-b3-e,1591,RTSO|SO|OE|VE|QS|TR,1,0,56198,0,13,0.05551,13,0.031083,306,47,4270,2391,6000,,1200,,,,acceleration,elevated_load,0,no_load,cw,B3: sharp but allowed acc/dec,servo-app/lab-0.1
1781172763.0775766,2.107168197631836,B3_ACC_DEC_SHARP,B3_ACC_DEC_SHARP_R02_20260611_171240,delta-asda-b3-e,567,RTSO|SO|OE|VE|QS,1,0,8560,-5,-15,-0.06405,-14,-0.033474,306,47,4270,2391,6000,,1200,,,,acceleration,elevated_load,0,no_load,cw,B3: sharp but allowed acc/dec,servo-app/lab-0.1
1781172763.178006,2.207597494125366,B3_ACC_DEC_SHARP,B3_ACC_DEC_SHARP_R02_20260611_171240,delta-asda-b3-e,567,RTSO|SO|OE|VE|QS,1,0,21380,36,16,0.06832,15,0.035865,306,47,4270,2391,6000,,1200,,,,acceleration,elevated_load,0,no_load,cw,B3: sharp but allowed acc/dec,servo-app/lab-0.1
1781172763.278225,2.307816505432129,B3_ACC_DEC_SHARP,B3_ACC_DEC_SHARP_R02_20260611_171240,delta-asda-b3-e,567,RTSO|SO|OE|VE|QS,1,0,55153,2,18,0.07686,18,0.043038,306,47,4270,2391,6000,,1200,,,,acceleration,elevated_load,0,no_load,cw,B3: sharp but allowed acc/dec,servo-app/lab-0.1
1781172763.3784623,2.4080538749694824,B3_ACC_DEC_SHARP,B3_ACC_DEC_SHARP_R02_20260611_171240,delta-asda-b3-e,567,RTSO|SO|OE|VE|QS,1,0,56384,0,15,0.06405,15,0.035865,306,47,4270,2391,6000,,1200,,,,acceleration,elevated_load,0,no_load,cw,B3: sharp but allowed acc/dec,servo-app/lab-0.1
1781172763.478831,2.508422613143921,B3_ACC_DEC_SHARP,B3_ACC_DEC_SHARP_R02_20260611_171240,delta-asda-b3-e,567,RTSO|SO|OE|VE|QS,1,0,56290,0,13,0.05551,14,0.033474,306,47,4270,2391,6000,,1200,,,,acceleration,elevated_load,0,no_load,cw,B3: sharp but allowed acc/dec,servo-app/lab-0.1
1781172763.5791945,2.608786106109619,B3_ACC_DEC_SHARP,B3_ACC_DEC_SHARP_R02_20260611_171240,delta-asda-b3-e,4663,RTSO|SO|OE|VE|QS|ACK,1,0,56174,-1,4,0.01708,7,0.016737,306,47,4270,2391,6000,,1200,,,,acceleration,elevated_load,0,no_load,cw,B3: sharp but allowed acc/dec,servo-app/lab-0.1
1781172763.6796653,2.709256887435913,B3_ACC_DEC_SHARP,B3_ACC_DEC_SHARP_R02_20260611_171240,delta-asda-b3-e,567,RTSO|SO|OE|VE|QS,1,0,7984,-4,-15,-0.06405,-14,-0.033474,306,47,4270,2391,6000,,1200,,,,acceleration,elevated_load,0,no_load,cw,B3: sharp but allowed acc/dec,servo-app/lab-0.1
1781172763.7799935,2.8095850944519043,B3_ACC_DEC_SHARP,B3_ACC_DEC_SHARP_R02_20260611_171240,delta-asda-b3-e,567,RTSO|SO|OE|VE|QS,1,0,5843,0,-12,-0.05124,-11,-0.026301,307,47,4270,2391,6000,,1200,,,,acceleration,elevated_load,0,no_load,cw,B3: sharp but allowed acc/dec,servo-app/lab-0.1
1781172763.8805592,2.9101507663726807,B3_ACC_DEC_SHARP,B3_ACC_DEC_SHARP_R02_20260611_171240,delta-asda-b3-e,567,RTSO|SO|OE|VE|QS,1,0,5949,0,-10,-0.0427,-9,-0.021519,307,47,4270,2391,6000,,1200,,,,acceleration,elevated_load,0,no_load,cw,B3: sharp but allowed acc/dec,servo-app/lab-0.1
1781172763.980936,3.0105276107788086,B3_ACC_DEC_SHARP,B3_ACC_DEC_SHARP_R02_20260611_171240,delta-asda-b3-e,567,RTSO|SO|OE|VE|QS,1,0,21872,38,17,0.07259,15,0.035865,306,47,4270,2391,6000,,1200,,,,acceleration,elevated_load,0,no_load,cw,B3: sharp but allowed acc/dec,servo-app/lab-0.1
1781172764.0814884,3.1110799312591553,B3_ACC_DEC_SHARP,B3_ACC_DEC_SHARP_R02_20260611_171240,delta-asda-b3-e,567,RTSO|SO|OE|VE|QS,1,0,55247,2,19,0.08113,17,0.040647,306,47,4270,2391,6000,,1200,,,,acceleration,elevated_load,0,no_load,cw,B3: sharp but allowed acc/dec,servo-app/lab-0.1
1781172764.181838,3.2114295959472656,B3_ACC_DEC_SHARP,B3_ACC_DEC_SHARP_R02_20260611_171240,delta-asda-b3-e,567,RTSO|SO|OE|VE|QS,1,0,16100,-16,-15,-0.06405,-14,-0.033474,306,47,4270,2391,6000,,1200,,,,acceleration,elevated_load,0,no_load,cw,B3: sharp but allowed acc/dec,servo-app/lab-0.1
1781172764.2821634,3.3117549419403076,B3_ACC_DEC_SHARP,B3_ACC_DEC_SHARP_R02_20260611_171240,delta-asda-b3-e,1591,RTSO|SO|OE|VE|QS|TR,1,0,6111,-1,-12,-0.05124,-13,-0.031083,307,47,4270,2391,6000,,1200,,,,acceleration,elevated_load,0,no_load,cw,B3: sharp but allowed acc/dec,servo-app/lab-0.1
1781172764.3826854,3.4122769832611084,B3_ACC_DEC_SHARP,B3_ACC_DEC_SHARP_R02_20260611_171240,delta-asda-b3-e,567,RTSO|SO|OE|VE|QS,1,0,51279,8,20,0.0854,19,0.045429,307,47,4270,2391,6000,,1200,,,,acceleration,elevated_load,0,no_load,cw,B3: sharp but allowed acc/dec,servo-app/lab-0.1
1781172764.4827447,3.512336254119873,B3_ACC_DEC_SHARP,B3_ACC_DEC_SHARP_R02_20260611_171240,delta-asda-b3-e,567,RTSO|SO|OE|VE|QS,1,0,53778,-8,-4,-0.01708,0,0.0,307,47,4270,2391,6000,,1200,,,,acceleration,elevated_load,0,no_load,cw,B3: sharp but allowed acc/dec,servo-app/lab-0.1
1781172764.58289,3.6124815940856934,B3_ACC_DEC_SHARP,B3_ACC_DEC_SHARP_R02_20260611_171240,delta-asda-b3-e,567,RTSO|SO|OE|VE|QS,1,0,7538,-3,-15,-0.06405,-14,-0.033474,307,47,4270,2391,6000,,1200,,,,acceleration,elevated_load,0,no_load,cw,B3: sharp but allowed acc/dec,servo-app/lab-0.1
1781172764.6832168,3.71280837059021,B3_ACC_DEC_SHARP,B3_ACC_DEC_SHARP_R02_20260611_171240,delta-asda-b3-e,567,RTSO|SO|OE|VE|QS,1,0,42122,22,18,0.07686,18,0.043038,307,47,4270,2391,6000,,1200,,,,acceleration,elevated_load,0,no_load,cw,B3: sharp but allowed acc/dec,servo-app/lab-0.1
1781172764.7836192,3.8132107257843018,B3_ACC_DEC_SHARP,B3_ACC_DEC_SHARP_R02_20260611_171240,delta-asda-b3-e,567,RTSO|SO|OE|VE|QS,1,0,55898,1,17,0.07259,18,0.043038,307,47,4270,2391,6000,,1200,,,,acceleration,elevated_load,0,no_load,cw,B3: sharp but allowed acc/dec,servo-app/lab-0.1
1781172764.883809,3.913400650024414,B3_ACC_DEC_SHARP,B3_ACC_DEC_SHARP_R02_20260611_171240,delta-asda-b3-e,567,RTSO|SO|OE|VE|QS,1,0,11803,-10,-15,-0.06405,-15,-0.035865,307,47,4270,2391,6000,,1200,,,,acceleration,elevated_load,0,no_load,cw,B3: sharp but allowed acc/dec,servo-app/lab-0.1
1781172764.984255,4.0138466358184814,B3_ACC_DEC_SHARP,B3_ACC_DEC_SHARP_R02_20260611_171240,delta-asda-b3-e,4663,RTSO|SO|OE|VE|QS|ACK,1,0,6735,5,6,0.02562,3,0.007173,307,47,4270,2391,6000,,1200,,,,acceleration,elevated_load,0,no_load,cw,B3: sharp but allowed acc/dec,servo-app/lab-0.1
1781172765.0847232,4.114314794540405,B3_ACC_DEC_SHARP,B3_ACC_DEC_SHARP_R02_20260611_171240,delta-asda-b3-e,567,RTSO|SO|OE|VE|QS,1,0,54445,3,18,0.07686,18,0.043038,307,47,4270,2391,6000,,1200,,,,acceleration,elevated_load,0,no_load,cw,B3: sharp but allowed acc/dec,servo-app/lab-0.1
1781172765.184753,4.214344501495361,B3_ACC_DEC_SHARP,B3_ACC_DEC_SHARP_R02_20260611_171240,delta-asda-b3-e,567,RTSO|SO|OE|VE|QS,1,0,22036,-25,-15,-0.06405,-14,-0.033474,307,47,4270,2391,6000,,1200,,,,acceleration,elevated_load,0,no_load,cw,B3: sharp but allowed acc/dec,servo-app/lab-0.1
1781172765.2849998,4.314591407775879,B3_ACC_DEC_SHARP,B3_ACC_DEC_SHARP_R02_20260611_171240,delta-asda-b3-e,567,RTSO|SO|OE|VE|QS,1,0,6403,-1,-13,-0.05551,-13,-0.031083,307,47,4270,2391,6000,,1200,,,,acceleration,elevated_load,0,no_load,cw,B3: sharp but allowed acc/dec,servo-app/lab-0.1
1781172765.385204,4.414795637130737,B3_ACC_DEC_SHARP,B3_ACC_DEC_SHARP_R02_20260611_171240,delta-asda-b3-e,567,RTSO|SO|OE|VE|QS,1,0,49834,10,19,0.08113,18,0.043038,307,47,4270,2391,6000,,1200,,,,acceleration,elevated_load,0,no_load,cw,B3: sharp but allowed acc/dec,servo-app/lab-0.1
1781172765.4855402,4.515131711959839,B3_ACC_DEC_SHARP,B3_ACC_DEC_SHARP_R02_20260611_171240,delta-asda-b3-e,1591,RTSO|SO|OE|VE|QS|TR,1,0,56202,0,16,0.06832,16,0.038256,307,47,4270,2391,6000,,1200,,,,acceleration,elevated_load,0,no_load,cw,B3: sharp but allowed acc/dec,servo-app/lab-0.1
1781172765.5859418,4.615533351898193,B3_ACC_DEC_SHARP,B3_ACC_DEC_SHARP_R02_20260611_171240,delta-asda-b3-e,567,RTSO|SO|OE|VE|QS,1,0,56318,0,14,0.05978,15,0.035865,307,47,4270,2391,6000,,1200,,,,acceleration,elevated_load,0,no_load,cw,B3: sharp but allowed acc/dec,servo-app/lab-0.1
1781172765.6863625,4.715954065322876,B3_ACC_DEC_SHARP,B3_ACC_DEC_SHARP_R02_20260611_171240,delta-asda-b3-e,1591,RTSO|SO|OE|VE|QS|TR,1,0,56212,0,13,0.05551,13,0.031083,307,47,4270,2391,6000,,1200,,,,acceleration,elevated_load,0,no_load,cw,B3: sharp but allowed acc/dec,servo-app/lab-0.1
1781172765.786886,4.816477537155151,B3_ACC_DEC_SHARP,B3_ACC_DEC_SHARP_R02_20260611_171240,delta-asda-b3-e,567,RTSO|SO|OE|VE|QS,1,0,16862,-18,-15,-0.06405,-16,-0.038256,307,47,4270,2391,6000,,1200,,,,acceleration,elevated_load,0,no_load,cw,B3: sharp but allowed acc/dec,servo-app/lab-0.1
1781172765.8870838,4.916675329208374,B3_ACC_DEC_SHARP,B3_ACC_DEC_SHARP_R02_20260611_171240,delta-asda-b3-e,567,RTSO|SO|OE|VE|QS,1,0,6157,-1,-13,-0.05551,-12,-0.028692,307,47,4270,2391,6000,,1200,,,,acceleration,elevated_load,0,no_load,cw,B3: sharp but allowed acc/dec,servo-app/lab-0.1
1781172765.987352,5.016943454742432,B3_ACC_DEC_SHARP,B3_ACC_DEC_SHARP_R02_20260611_171240,delta-asda-b3-e,567,RTSO|SO|OE|VE|QS,1,0,50976,9,18,0.07686,18,0.043038,307,47,4270,2391,6000,,1200,,,,acceleration,elevated_load,0,no_load,cw,B3: sharp but allowed acc/dec,servo-app/lab-0.1
1781172766.0874858,5.117077350616455,B3_ACC_DEC_SHARP,B3_ACC_DEC_SHARP_R02_20260611_171240,delta-asda-b3-e,567,RTSO|SO|OE|VE|QS,1,0,54457,-8,-8,-0.03416,0,0.0,307,47,4270,2391,6000,,1200,,,,acceleration,elevated_load,0,no_load,cw,B3: sharp but allowed acc/dec,servo-app/lab-0.1
1781172766.1879199,5.217511415481567,B3_ACC_DEC_SHARP,B3_ACC_DEC_SHARP_R02_20260611_171240,delta-asda-b3-e,567,RTSO|SO|OE|VE|QS,1,0,7640,-3,-14,-0.05978,-14,-0.033474,307,47,4270,2391,6000,,1200,,,,acceleration,elevated_load,0,no_load,cw,B3: sharp but allowed acc/dec,servo-app/lab-0.1
1781172766.288324,5.317915678024292,B3_ACC_DEC_SHARP,B3_ACC_DEC_SHARP_R02_20260611_171240,delta-asda-b3-e,567,RTSO|SO|OE|VE|QS,1,0,42619,22,17,0.07259,18,0.043038,307,47,4270,2391,6000,,1200,,,,acceleration,elevated_load,0,no_load,cw,B3: sharp but allowed acc/dec,servo-app/lab-0.1
1781172766.3883808,5.4179723262786865,B3_ACC_DEC_SHARP,B3_ACC_DEC_SHARP_R02_20260611_171240,delta-asda-b3-e,567,RTSO|SO|OE|VE|QS,1,0,55860,1,17,0.07259,17,0.040647,307,47,4270,2391,6000,,1200,,,,acceleration,elevated_load,0,no_load,cw,B3: sharp but allowed acc/dec,servo-app/lab-0.1
1781172766.4891758,5.518767356872559,B3_ACC_DEC_SHARP,B3_ACC_DEC_SHARP_R02_20260611_171240,delta-asda-b3-e,567,RTSO|SO|OE|VE|QS,1,0,11553,-9,-15,-0.06405,-14,-0.033474,307,47,4270,2391,6000,,1200,,,,acceleration,elevated_load,0,no_load,cw,B3: sharp but allowed acc/dec,servo-app/lab-0.1
1781172766.5894935,5.619085073471069,B3_ACC_DEC_SHARP,B3_ACC_DEC_SHARP_R02_20260611_171240,delta-asda-b3-e,4663,RTSO|SO|OE|VE|QS|ACK,1,0,7169,6,12,0.05124,6,0.014346,307,47,4270,2391,6000,,1200,,,,acceleration,elevated_load,0,no_load,cw,B3: sharp but allowed acc/dec,servo-app/lab-0.1
1781172766.6897626,5.719354152679443,B3_ACC_DEC_SHARP,B3_ACC_DEC_SHARP_R02_20260611_171240,delta-asda-b3-e,567,RTSO|SO|OE|VE|QS,1,0,54461,3,17,0.07259,17,0.040647,307,47,4270,2391,6000,,1200,,,,acceleration,elevated_load,0,no_load,cw,B3: sharp but allowed acc/dec,servo-app/lab-0.1
1781172766.7899272,5.819518804550171,B3_ACC_DEC_SHARP,B3_ACC_DEC_SHARP_R02_20260611_171240,delta-asda-b3-e,567,RTSO|SO|OE|VE|QS,1,0,26697,-36,-14,-0.05978,-13,-0.031083,308,47,4270,2391,6000,,1200,,,,acceleration,elevated_load,0,no_load,cw,B3: sharp but allowed acc/dec,servo-app/lab-0.1
1781172766.8901422,5.919733762741089,B3_ACC_DEC_SHARP,B3_ACC_DEC_SHARP_R02_20260611_171240,delta-asda-b3-e,567,RTSO|SO|OE|VE|QS,1,0,6563,-1,-13,-0.05551,-13,-0.031083,307,47,4270,2391,6000,,1200,,,,acceleration,elevated_load,0,no_load,cw,B3: sharp but allowed acc/dec,servo-app/lab-0.1
1781172766.9901881,6.019779682159424,B3_ACC_DEC_SHARP,B3_ACC_DEC_SHARP_R02_20260611_171240,delta-asda-b3-e,567,RTSO|SO|OE|VE|QS,1,0,5859,0,-11,-0.04697,-10,-0.02391,307,47,4270,2391,6000,,1200,,,,acceleration,elevated_load,0,no_load,cw,B3: sharp but allowed acc/dec,servo-app/lab-0.1
1781172767.0904717,6.120063304901123,B3_ACC_DEC_SHARP,B3_ACC_DEC_SHARP_R02_20260611_171240,delta-asda-b3-e,567,RTSO|SO|OE|VE|QS,1,0,5951,0,-9,-0.03843,-9,-0.021519,307,47,4270,2391,6000,,1200,,,,acceleration,elevated_load,0,no_load,cw,B3: sharp but allowed acc/dec,servo-app/lab-0.1
1781172767.1909213,6.220512866973877,B3_ACC_DEC_SHARP,B3_ACC_DEC_SHARP_R02_20260611_171240,delta-asda-b3-e,567,RTSO|SO|OE|VE|QS,1,0,12373,21,18,0.07686,21,0.050211,307,47,4270,2391,6000,,1200,,,,acceleration,elevated_load,0,no_load,cw,B3: sharp but allowed acc/dec,servo-app/lab-0.1
1781172767.29119,6.320781469345093,B3_ACC_DEC_SHARP,B3_ACC_DEC_SHARP_R02_20260611_171240,delta-asda-b3-e,567,RTSO|SO|OE|VE|QS,1,0,55069,2,18,0.07686,17,0.040647,307,47,4270,2391,6000,,1200,,,,acceleration,elevated_load,0,no_load,cw,B3: sharp but allowed acc/dec,servo-app/lab-0.1
1781172767.3915975,6.421189069747925,B3_ACC_DEC_SHARP,B3_ACC_DEC_SHARP_R02_20260611_171240,delta-asda-b3-e,567,RTSO|SO|OE|VE|QS,1,0,56402,0,14,0.05978,15,0.035865,307,47,4270,2391,6000,,1200,,,,acceleration,elevated_load,0,no_load,cw,B3: sharp but allowed acc/dec,servo-app/lab-0.1
1781172767.492146,6.521737575531006,B3_ACC_DEC_SHARP,B3_ACC_DEC_SHARP_R02_20260611_171240,delta-asda-b3-e,567,RTSO|SO|OE|VE|QS,1,0,56260,0,14,0.05978,13,0.031083,307,47,4270,2391,6000,,1200,,,,acceleration,elevated_load,0,no_load,cw,B3: sharp but allowed acc/dec,servo-app/lab-0.1
1781172767.592282,6.621873617172241,B3_ACC_DEC_SHARP,B3_ACC_DEC_SHARP_R02_20260611_171240,delta-asda-b3-e,1591,RTSO|SO|OE|VE|QS|TR,1,0,56180,0,13,0.05551,12,0.028692,307,47,4270,2391,6000,,1200,,,,acceleration,elevated_load,0,no_load,cw,B3: sharp but allowed acc/dec,servo-app/lab-0.1
1781172767.692518,6.72210955619812,B3_ACC_DEC_SHARP,B3_ACC_DEC_SHARP_R02_20260611_171240,delta-asda-b3-e,567,RTSO|SO|OE|VE|QS,1,0,9303,-6,-16,-0.06832,-15,-0.035865,307,47,4270,2391,6000,,1200,,,,acceleration,elevated_load,0,no_load,cw,B3: sharp but allowed acc/dec,servo-app/lab-0.1
1781172767.792753,6.822344541549683,B3_ACC_DEC_SHARP,B3_ACC_DEC_SHARP_R02_20260611_171240,delta-asda-b3-e,567,RTSO|SO|OE|VE|QS,1,0,18069,30,15,0.06405,15,0.035865,307,47,4270,2391,6000,,1200,,,,acceleration,elevated_load,0,no_load,cw,B3: sharp but allowed acc/dec,servo-app/lab-0.1
1781172767.8928256,6.922417163848877,B3_ACC_DEC_SHARP,B3_ACC_DEC_SHARP_R02_20260611_171240,delta-asda-b3-e,567,RTSO|SO|OE|VE|QS,1,0,55111,2,17,0.07259,18,0.043038,307,47,4270,2391,6000,,1200,,,,acceleration,elevated_load,0,no_load,cw,B3: sharp but allowed acc/dec,servo-app/lab-0.1
1781172767.9928508,7.02244234085083,B3_ACC_DEC_SHARP,B3_ACC_DEC_SHARP_R02_20260611_171240,delta-asda-b3-e,567,RTSO|SO|OE|VE|QS,1,0,17759,-19,-15,-0.06405,-15,-0.035865,307,47,4270,2391,6000,,1200,,,,acceleration,elevated_load,0,no_load,cw,B3: sharp but allowed acc/dec,servo-app/lab-0.1
1781172768.0931377,7.122729301452637,B3_ACC_DEC_SHARP,B3_ACC_DEC_SHARP_R02_20260611_171240,delta-asda-b3-e,1591,RTSO|SO|OE|VE|QS|TR,1,0,6193,-1,-13,-0.05551,-13,-0.031083,307,47,4270,2391,6000,,1200,,,,acceleration,elevated_load,0,no_load,cw,B3: sharp but allowed acc/dec,servo-app/lab-0.1
1781172768.1932533,7.222844839096069,B3_ACC_DEC_SHARP,B3_ACC_DEC_SHARP_R02_20260611_171240,delta-asda-b3-e,567,RTSO|SO|OE|VE|QS,1,0,50248,10,18,0.07686,18,0.043038,307,47,4270,2391,6000,,1200,,,,acceleration,elevated_load,0,no_load,cw,B3: sharp but allowed acc/dec,servo-app/lab-0.1
1781172768.2934065,7.322998046875,B3_ACC_DEC_SHARP,B3_ACC_DEC_SHARP_R02_20260611_171240,delta-asda-b3-e,567,RTSO|SO|OE|VE|QS,1,0,56238,0,16,0.06832,16,0.038256,307,47,4270,2391,6000,,1200,,,,acceleration,elevated_load,0,no_load,cw,B3: sharp but allowed acc/dec,servo-app/lab-0.1
1781172768.393599,7.423190593719482,B3_ACC_DEC_SHARP,B3_ACC_DEC_SHARP_R02_20260611_171240,delta-asda-b3-e,567,RTSO|SO|OE|VE|QS,1,0,56318,0,14,0.05978,14,0.033474,306,47,4270,2391,6000,,1200,,,,acceleration,elevated_load,0,no_load,cw,B3: sharp but allowed acc/dec,servo-app/lab-0.1
1781172768.4941165,7.52370810508728,B3_ACC_DEC_SHARP,B3_ACC_DEC_SHARP_R02_20260611_171240,delta-asda-b3-e,567,RTSO|SO|OE|VE|QS,1,0,56206,0,13,0.05551,13,0.031083,307,47,4270,2391,6000,,1200,,,,acceleration,elevated_load,0,no_load,cw,B3: sharp but allowed acc/dec,servo-app/lab-0.1
1781172768.5944896,7.624081134796143,B3_ACC_DEC_SHARP,B3_ACC_DEC_SHARP_R02_20260611_171240,delta-asda-b3-e,567,RTSO|SO|OE|VE|QS,1,0,15860,-16,-15,-0.06405,-15,-0.035865,306,47,4270,2391,6000,,1200,,,,acceleration,elevated_load,0,no_load,cw,B3: sharp but allowed acc/dec,servo-app/lab-0.1
1781172768.6948683,7.724459886550903,B3_ACC_DEC_SHARP,B3_ACC_DEC_SHARP_R02_20260611_171240,delta-asda-b3-e,1591,RTSO|SO|OE|VE|QS|TR,1,0,6105,-1,-12,-0.05124,-13,-0.031083,307,47,4270,2391,6000,,1200,,,,acceleration,elevated_load,0,no_load,cw,B3: sharp but allowed acc/dec,servo-app/lab-0.1
1781172768.795541,7.825132608413696,B3_ACC_DEC_SHARP,B3_ACC_DEC_SHARP_R02_20260611_171240,delta-asda-b3-e,567,RTSO|SO|OE|VE|QS,1,0,5891,0,-10,-0.0427,-10,-0.02391,307,47,4270,2391,6000,,1200,,,,acceleration,elevated_load,0,no_load,cw,B3: sharp but allowed acc/dec,servo-app/lab-0.1
1781172768.8956676,7.925259113311768,B3_ACC_DEC_SHARP,B3_ACC_DEC_SHARP_R02_20260611_171240,delta-asda-b3-e,567,RTSO|SO|OE|VE|QS,1,0,6005,0,-9,-0.03843,-9,-0.021519,307,47,4270,2391,6000,,1200,,,,acceleration,elevated_load,0,no_load,cw,B3: sharp but allowed acc/dec,servo-app/lab-0.1
1781172768.99593,8.025521516799927,B3_ACC_DEC_SHARP,B3_ACC_DEC_SHARP_R02_20260611_171240,delta-asda-b3-e,567,RTSO|SO|OE|VE|QS,1,0,25088,39,16,0.06832,16,0.038256,306,47,4270,2391,6000,,1200,,,,acceleration,elevated_load,0,no_load,cw,B3: sharp but allowed acc/dec,servo-app/lab-0.1
1781172769.0963573,8.125948905944824,B3_ACC_DEC_SHARP,B3_ACC_DEC_SHARP_R02_20260611_171240,delta-asda-b3-e,567,RTSO|SO|OE|VE|QS,1,0,55373,2,17,0.07259,17,0.040647,307,47,4270,2391,6000,,1200,,,,acceleration,elevated_load,0,no_load,cw,B3: sharp but allowed acc/dec,servo-app/lab-0.1
1781172769.196592,8.226183652877808,B3_ACC_DEC_SHARP,B3_ACC_DEC_SHARP_R02_20260611_171240,delta-asda-b3-e,567,RTSO|SO|OE|VE|QS,1,0,15165,-14,-16,-0.06832,-14,-0.033474,307,47,4270,2391,6000,,1200,,,,acceleration,elevated_load,0,no_load,cw,B3: sharp but allowed acc/dec,servo-app/lab-0.1
1781172769.2967417,8.326333284378052,B3_ACC_DEC_SHARP,B3_ACC_DEC_SHARP_R02_20260611_171240,delta-asda-b3-e,1591,RTSO|SO|OE|VE|QS|TR,1,0,6115,-1,-13,-0.05551,-13,-0.031083,307,47,4270,2391,6000,,1200,,,,acceleration,elevated_load,0,no_load,cw,B3: sharp but allowed acc/dec,servo-app/lab-0.1
1781172769.3972483,8.426839828491211,B3_ACC_DEC_SHARP,B3_ACC_DEC_SHARP_R02_20260611_171240,delta-asda-b3-e,567,RTSO|SO|OE|VE|QS,1,0,51601,8,17,0.07259,18,0.043038,306,47,4270,2391,6000,,1200,,,,acceleration,elevated_load,0,no_load,cw,B3: sharp but allowed acc/dec,servo-app/lab-0.1
1781172769.497771,8.527362585067749,B3_ACC_DEC_SHARP,B3_ACC_DEC_SHARP_R02_20260611_171240,delta-asda-b3-e,567,RTSO|SO|OE|VE|QS,1,0,51137,-18,-11,-0.04697,-16,-0.038256,307,47,4270,2391,6000,,1200,,,,acceleration,elevated_load,0,no_load,cw,B3: sharp but allowed acc/dec,servo-app/lab-0.1
1781172769.597801,8.627392530441284,B3_ACC_DEC_SHARP,B3_ACC_DEC_SHARP_R02_20260611_171240,delta-asda-b3-e,567,RTSO|SO|OE|VE|QS,1,0,7424,-3,-15,-0.06405,-13,-0.031083,307,47,4270,2391,6000,,1200,,,,acceleration,elevated_load,0,no_load,cw,B3: sharp but allowed acc/dec,servo-app/lab-0.1
1781172769.6979947,8.727586269378662,B3_ACC_DEC_SHARP,B3_ACC_DEC_SHARP_R02_20260611_171240,delta-asda-b3-e,567,RTSO|SO|OE|VE|QS,1,0,42132,23,18,0.07686,16,0.038256,307,47,4270,2391,6000,,1200,,,,acceleration,elevated_load,0,no_load,cw,B3: sharp but allowed acc/dec,servo-app/lab-0.1
1781172769.7984314,8.828022956848145,B3_ACC_DEC_SHARP,B3_ACC_DEC_SHARP_R02_20260611_171240,delta-asda-b3-e,567,RTSO|SO|OE|VE|QS,1,0,55882,1,17,0.07259,16,0.038256,307,47,4270,2391,6000,,1200,,,,acceleration,elevated_load,0,no_load,cw,B3: sharp but allowed acc/dec,servo-app/lab-0.1
1781172769.898958,8.928549528121948,B3_ACC_DEC_SHARP,B3_ACC_DEC_SHARP_R02_20260611_171240,delta-asda-b3-e,567,RTSO|SO|OE|VE|QS,1,0,11971,-10,-14,-0.05978,-15,-0.035865,307,47,4270,2391,6000,,1200,,,,acceleration,elevated_load,0,no_load,cw,B3: sharp but allowed acc/dec,servo-app/lab-0.1
1781172769.999412,9.029003620147705,B3_ACC_DEC_SHARP,B3_ACC_DEC_SHARP_R02_20260611_171240,delta-asda-b3-e,4663,RTSO|SO|OE|VE|QS|ACK,1,0,7175,6,10,0.0427,5,0.011955,306,47,4270,2391,6000,,1200,,,,acceleration,elevated_load,0,no_load,cw,B3: sharp but allowed acc/dec,servo-app/lab-0.1
1781172770.099496,9.129087448120117,B3_ACC_DEC_SHARP,B3_ACC_DEC_SHARP_R02_20260611_171240,delta-asda-b3-e,567,RTSO|SO|OE|VE|QS,1,0,54535,3,18,0.07686,18,0.043038,306,47,4270,2391,6000,,1200,,,,acceleration,elevated_load,0,no_load,cw,B3: sharp but allowed acc/dec,servo-app/lab-0.1
1781172770.199793,9.229384660720825,B3_ACC_DEC_SHARP,B3_ACC_DEC_SHARP_R02_20260611_171240,delta-asda-b3-e,567,RTSO|SO|OE|VE|QS,1,0,56394,0,14,0.05978,15,0.035865,306,47,4270,2391,6000,,1200,,,,acceleration,elevated_load,0,no_load,cw,B3: sharp but allowed acc/dec,servo-app/lab-0.1
1781172770.299971,9.329562664031982,B3_ACC_DEC_SHARP,B3_ACC_DEC_SHARP_R02_20260611_171240,delta-asda-b3-e,567,RTSO|SO|OE|VE|QS,1,0,56304,0,13,0.05551,13,0.031083,306,47,4270,2391,6000,,1200,,,,acceleration,elevated_load,0,no_load,cw,B3: sharp but allowed acc/dec,servo-app/lab-0.1
1781172770.4005384,9.430130004882812,B3_ACC_DEC_SHARP,B3_ACC_DEC_SHARP_R02_20260611_171240,delta-asda-b3-e,567,RTSO|SO|OE|VE|QS,1,0,30466,-41,-12,-0.05124,-11,-0.026301,306,47,4270,2391,6000,,1200,,,,acceleration,elevated_load,0,no_load,cw,B3: sharp but allowed acc/dec,servo-app/lab-0.1
1781172770.5009234,9.53051495552063,B3_ACC_DEC_SHARP,B3_ACC_DEC_SHARP_R02_20260611_171240,delta-asda-b3-e,567,RTSO|SO|OE|VE|QS,1,0,6705,-2,-13,-0.05551,-14,-0.033474,306,47,4270,2391,6000,,1200,,,,acceleration,elevated_load,0,no_load,cw,B3: sharp but allowed acc/dec,servo-app/lab-0.1
1781172770.6014047,9.630996227264404,B3_ACC_DEC_SHARP,B3_ACC_DEC_SHARP_R02_20260611_171240,delta-asda-b3-e,567,RTSO|SO|OE|VE|QS,1,0,48012,13,18,0.07686,18,0.043038,306,47,4270,2391,6000,,1200,,,,acceleration,elevated_load,0,no_load,cw,B3: sharp but allowed acc/dec,servo-app/lab-0.1
1781172770.701407,9.730998516082764,B3_ACC_DEC_SHARP,B3_ACC_DEC_SHARP_R02_20260611_171240,delta-asda-b3-e,1591,RTSO|SO|OE|VE|QS|TR,1,0,56198,0,17,0.07259,16,0.038256,306,47,4270,2391,6000,,1200,,,,acceleration,elevated_load,0,no_load,cw,B3: sharp but allowed acc/dec,servo-app/lab-0.1
1781172770.8014882,9.831079721450806,B3_ACC_DEC_SHARP,B3_ACC_DEC_SHARP_R02_20260611_171240,delta-asda-b3-e,567,RTSO|SO|OE|VE|QS,1,0,8829,-5,-15,-0.06405,-15,-0.035865,306,47,4270,2391,6000,,1200,,,,acceleration,elevated_load,0,no_load,cw,B3: sharp but allowed acc/dec,servo-app/lab-0.1
1781172770.901934,9.931525468826294,B3_ACC_DEC_SHARP,B3_ACC_DEC_SHARP_R02_20260611_171240,delta-asda-b3-e,567,RTSO|SO|OE|VE|QS,1,0,18061,32,15,0.06405,16,0.038256,306,47,4270,2391,6000,,1200,,,,acceleration,elevated_load,0,no_load,cw,B3: sharp but allowed acc/dec,servo-app/lab-0.1
1781172771.002264,10.031855583190918,B3_ACC_DEC_SHARP,B3_ACC_DEC_SHARP_R02_20260611_171240,delta-asda-b3-e,567,RTSO|SO|OE|VE|QS,1,0,55091,2,17,0.07259,17,0.040647,306,47,4270,2391,6000,,1200,,,,acceleration,elevated_load,0,no_load,cw,B3: sharp but allowed acc/dec,servo-app/lab-0.1
1781172771.1030645,10.13265609741211,B3_ACC_DEC_SHARP,B3_ACC_DEC_SHARP_R02_20260611_171240,delta-asda-b3-e,567,RTSO|SO|OE|VE|QS,1,0,56370,0,15,0.06405,14,0.033474,306,47,4270,2391,6000,,1200,,,,acceleration,elevated_load,0,no_load,cw,B3: sharp but allowed acc/dec,servo-app/lab-0.1
1781172771.203273,10.232864618301392,B3_ACC_DEC_SHARP,B3_ACC_DEC_SHARP_R02_20260611_171240,delta-asda-b3-e,567,RTSO|SO|OE|VE|QS,1,0,56254,0,13,0.05551,13,0.031083,306,47,4270,2391,6000,,1200,,,,acceleration,elevated_load,0,no_load,cw,B3: sharp but allowed acc/dec,servo-app/lab-0.1
1781172771.303712,10.333303451538086,B3_ACC_DEC_SHARP,B3_ACC_DEC_SHARP_R02_20260611_171240,delta-asda-b3-e,1591,RTSO|SO|OE|VE|QS|TR,1,0,56164,0,12,0.05124,12,0.028692,307,47,4270,2391,6000,,1200,,,,acceleration,elevated_load,0,no_load,cw,B3: sharp but allowed acc/dec,servo-app/lab-0.1
1781172771.4045155,10.434107065200806,B3_ACC_DEC_SHARP,B3_ACC_DEC_SHARP_R02_20260611_171240,delta-asda-b3-e,567,RTSO|SO|OE|VE|QS,1,0,8500,-5,-15,-0.06405,-15,-0.035865,306,47,4270,2391,6000,,1200,,,,acceleration,elevated_load,0,no_load,cw,B3: sharp but allowed acc/dec,servo-app/lab-0.1
1781172771.5048418,10.534433364868164,B3_ACC_DEC_SHARP,B3_ACC_DEC_SHARP_R02_20260611_171240,delta-asda-b3-e,567,RTSO|SO|OE|VE|QS,1,0,5869,0,-12,-0.05124,-12,-0.028692,306,47,4270,2391,6000,,1200,,,,acceleration,elevated_load,0,no_load,cw,B3: sharp but allowed acc/dec,servo-app/lab-0.1
1781172771.6050453,10.634636878967285,B3_ACC_DEC_SHARP,B3_ACC_DEC_SHARP_R02_20260611_171240,delta-asda-b3-e,567,RTSO|SO|OE|VE|QS,1,0,5945,0,-10,-0.0427,-9,-0.021519,306,47,4270,2391,6000,,1200,,,,acceleration,elevated_load,0,no_load,cw,B3: sharp but allowed acc/dec,servo-app/lab-0.1
1781172771.7058303,10.735421895980835,B3_ACC_DEC_SHARP,B3_ACC_DEC_SHARP_R02_20260611_171240,delta-asda-b3-e,1591,RTSO|SO|OE|VE|QS|TR,1,0,6041,0,-8,-0.03416,-9,-0.021519,306,47,4270,2391,6000,,1200,,,,acceleration,elevated_load,0,no_load,cw,B3: sharp but allowed acc/dec,servo-app/lab-0.1
1781172771.8059294,10.83552098274231,B3_ACC_DEC_SHARP,B3_ACC_DEC_SHARP_R02_20260611_171240,delta-asda-b3-e,567,RTSO|SO|OE|VE|QS,1,0,49531,11,18,0.07686,19,0.045429,306,47,4270,2391,6000,,1200,,,,acceleration,elevated_load,0,no_load,cw,B3: sharp but allowed acc/dec,servo-app/lab-0.1
1781172771.906226,10.93581748008728,B3_ACC_DEC_SHARP,B3_ACC_DEC_SHARP_R02_20260611_171240,delta-asda-b3-e,1591,RTSO|SO|OE|VE|QS|TR,1,0,56202,0,16,0.06832,16,0.038256,306,47,4270,2391,6000,,1200,,,,acceleration,elevated_load,0,no_load,cw,B3: sharp but allowed acc/dec,servo-app/lab-0.1
1781172772.00666,11.036251544952393,B3_ACC_DEC_SHARP,B3_ACC_DEC_SHARP_R02_20260611_171240,delta-asda-b3-e,567,RTSO|SO|OE|VE|QS,1,0,56318,0,14,0.05978,14,0.033474,306,47,4270,2391,6000,,1200,,,,acceleration,elevated_load,0,no_load,cw,B3: sharp but allowed acc/dec,servo-app/lab-0.1
1781172772.1067832,11.136374711990356,B3_ACC_DEC_SHARP,B3_ACC_DEC_SHARP_R02_20260611_171240,delta-asda-b3-e,567,RTSO|SO|OE|VE|QS,1,0,56212,0,14,0.05978,13,0.031083,306,47,4270,2391,6000,,1200,,,,acceleration,elevated_load,0,no_load,cw,B3: sharp but allowed acc/dec,servo-app/lab-0.1
1781172772.2068362,11.236427783966064,B3_ACC_DEC_SHARP,B3_ACC_DEC_SHARP_R02_20260611_171240,delta-asda-b3-e,567,RTSO|SO|OE|VE|QS,1,0,17605,-19,-15,-0.06405,-15,-0.035865,306,47,4270,2391,6000,,1200,,,,acceleration,elevated_load,0,no_load,cw,B3: sharp but allowed acc/dec,servo-app/lab-0.1
1781172772.3073516,11.33694314956665,B3_ACC_DEC_SHARP,B3_ACC_DEC_SHARP_R02_20260611_171240,delta-asda-b3-e,567,RTSO|SO|OE|VE|QS,1,0,6183,-1,-13,-0.05551,-13,-0.031083,306,47,4270,2391,6000,,1200,,,,acceleration,elevated_load,0,no_load,cw,B3: sharp but allowed acc/dec,servo-app/lab-0.1
1781172772.4074657,11.437057256698608,B3_ACC_DEC_SHARP,B3_ACC_DEC_SHARP_R02_20260611_171240,delta-asda-b3-e,567,RTSO|SO|OE|VE|QS,1,0,51289,8,18,0.07686,18,0.043038,306,47,4270,2391,6000,,1200,,,,acceleration,elevated_load,0,no_load,cw,B3: sharp but allowed acc/dec,servo-app/lab-0.1
1781172772.5077772,11.537368774414062,B3_ACC_DEC_SHARP,B3_ACC_DEC_SHARP_R02_20260611_171240,delta-asda-b3-e,567,RTSO|SO|OE|VE|QS,1,0,52976,-10,-15,-0.06405,-9,-0.021519,306,47,4270,2391,6000,,1200,,,,acceleration,elevated_load,0,no_load,cw,B3: sharp but allowed acc/dec,servo-app/lab-0.1
1781172772.6082342,11.637825727462769,B3_ACC_DEC_SHARP,B3_ACC_DEC_SHARP_R02_20260611_171240,delta-asda-b3-e,567,RTSO|SO|OE|VE|QS,1,0,7476,-3,-15,-0.06405,-14,-0.033474,306,47,4270,2391,6000,,1200,,,,acceleration,elevated_load,0,no_load,cw,B3: sharp but allowed acc/dec,servo-app/lab-0.1
1781172772.7085993,11.73819088935852,B3_ACC_DEC_SHARP,B3_ACC_DEC_SHARP_R02_20260611_171240,delta-asda-b3-e,567,RTSO|SO|OE|VE|QS,1,0,5863,0,-10,-0.0427,-11,-0.026301,306,47,4270,2391,6000,,1200,,,,acceleration,elevated_load,0,no_load,cw,B3: sharp but allowed acc/dec,servo-app/lab-0.1
1781172772.8092017,11.838793277740479,B3_ACC_DEC_SHARP,B3_ACC_DEC_SHARP_R02_20260611_171240,delta-asda-b3-e,567,RTSO|SO|OE|VE|QS,1,0,5967,0,-9,-0.03843,-9,-0.021519,306,47,4270,2391,6000,,1200,,,,acceleration,elevated_load,0,no_load,cw,B3: sharp but allowed acc/dec,servo-app/lab-0.1
1781172772.9096682,11.939259767532349,B3_ACC_DEC_SHARP,B3_ACC_DEC_SHARP_R02_20260611_171240,delta-asda-b3-e,1591,RTSO|SO|OE|VE|QS|TR,1,0,6035,0,-9,-0.03843,-9,-0.021519,307,47,4270,2391,6000,,1200,,,,acceleration,elevated_load,0,no_load,cw,B3: sharp but allowed acc/dec,servo-app/lab-0.1
1781172773.0100741,12.039665699005127,B3_ACC_DEC_SHARP,B3_ACC_DEC_SHARP_R02_20260611_171240,delta-asda-b3-e,567,RTSO|SO|OE|VE|QS,1,0,53834,5,18,0.07686,18,0.043038,306,47,4270,2391,6000,,1200,,,,acceleration,elevated_load,0,no_load,cw,B3: sharp but allowed acc/dec,servo-app/lab-0.1
1781172773.1103854,12.139976978302002,B3_ACC_DEC_SHARP,B3_ACC_DEC_SHARP_R02_20260611_171240,delta-asda-b3-e,567,RTSO|SO|OE|VE|QS,1,0,40776,-37,-11,-0.04697,-10,-0.02391,306,47,4270,2391,6000,,1200,,,,acceleration,elevated_load,0,no_load,cw,B3: sharp but allowed acc/dec,servo-app/lab-0.1
1781172773.2105496,12.240141153335571,B3_ACC_DEC_SHARP,B3_ACC_DEC_SHARP_R02_20260611_171240,delta-asda-b3-e,567,RTSO|SO|OE|VE|QS,1,0,7161,-2,-13,-0.05551,-14,-0.033474,306,47,4270,2391,6000,,1200,,,,acceleration,elevated_load,0,no_load,cw,B3: sharp but allowed acc/dec,servo-app/lab-0.1
1781172773.310588,12.340179443359375,B3_ACC_DEC_SHARP,B3_ACC_DEC_SHARP_R02_20260611_171240,delta-asda-b3-e,567,RTSO|SO|OE|VE|QS,1,0,45293,18,18,0.07686,18,0.043038,307,47,4270,2391,6000,,1200,,,,acceleration,elevated_load,0,no_load,cw,B3: sharp but allowed acc/dec,servo-app/lab-0.1
1781172773.4107502,12.440341711044312,B3_ACC_DEC_SHARP,B3_ACC_DEC_SHARP_R02_20260611_171240,delta-asda-b3-e,567,RTSO|SO|OE|VE|QS,1,0,56036,1,16,0.06832,16,0.038256,306,47,4270,2391,6000,,1200,,,,acceleration,elevated_load,0,no_load,cw,B3: sharp but allowed acc/dec,servo-app/lab-0.1
1781172773.5113635,12.540955066680908,B3_ACC_DEC_SHARP,B3_ACC_DEC_SHARP_R02_20260611_171240,delta-asda-b3-e,567,RTSO|SO|OE|VE|QS,1,0,10548,-8,-16,-0.06832,-14,-0.033474,307,47,4270,2391,6000,,1200,,,,acceleration,elevated_load,0,no_load,cw,B3: sharp but allowed acc/dec,servo-app/lab-0.1
1781172773.6114695,12.641061067581177,B3_ACC_DEC_SHARP,B3_ACC_DEC_SHARP_R02_20260611_171240,delta-asda-b3-e,567,RTSO|SO|OE|VE|QS,1,0,8462,10,18,0.07686,12,0.028692,307,47,4270,2391,6000,,1200,,,,acceleration,elevated_load,0,no_load,cw,B3: sharp but allowed acc/dec,servo-app/lab-0.1
1781172773.712107,12.741698503494263,B3_ACC_DEC_SHARP,B3_ACC_DEC_SHARP_R02_20260611_171240,delta-asda-b3-e,567,RTSO|SO|OE|VE|QS,1,0,54659,3,18,0.07686,18,0.043038,307,47,4270,2391,6000,,1200,,,,acceleration,elevated_load,0,no_load,cw,B3: sharp but allowed acc/dec,servo-app/lab-0.1
1781172773.812496,12.842087507247925,B3_ACC_DEC_SHARP,B3_ACC_DEC_SHARP_R02_20260611_171240,delta-asda-b3-e,567,RTSO|SO|OE|VE|QS,1,0,20127,-23,-14,-0.05978,-14,-0.033474,307,47,4270,2391,6000,,1200,,,,acceleration,elevated_load,0,no_load,cw,B3: sharp but allowed acc/dec,servo-app/lab-0.1
1781172773.912992,12.942583560943604,B3_ACC_DEC_SHARP,B3_ACC_DEC_SHARP_R02_20260611_171240,delta-asda-b3-e,567,RTSO|SO|OE|VE|QS,1,0,6303,-1,-13,-0.05551,-13,-0.031083,307,47,4270,2391,6000,,1200,,,,acceleration,elevated_load,0,no_load,cw,B3: sharp but allowed acc/dec,servo-app/lab-0.1
1781172774.0135212,13.043112754821777,B3_ACC_DEC_SHARP,B3_ACC_DEC_SHARP_R02_20260611_171240,delta-asda-b3-e,567,RTSO|SO|OE|VE|QS,1,0,51471,8,19,0.08113,18,0.043038,307,47,4270,2391,6000,,1200,,,,acceleration,elevated_load,0,no_load,cw,B3: sharp but allowed acc/dec,servo-app/lab-0.1
1781172774.1137311,13.143322706222534,B3_ACC_DEC_SHARP,B3_ACC_DEC_SHARP_R02_20260611_171240,delta-asda-b3-e,567,RTSO|SO|OE|VE|QS,1,0,56312,0,16,0.06832,15,0.035865,307,47,4270,2391,6000,,1200,,,,acceleration,elevated_load,0,no_load,cw,B3: sharp but allowed acc/dec,servo-app/lab-0.1
1781172774.2137606,13.243352174758911,B3_ACC_DEC_SHARP,B3_ACC_DEC_SHARP_R02_20260611_171240,delta-asda-b3-e,567,RTSO|SO|OE|VE|QS,1,0,56328,0,14,0.05978,13,0.031083,306,47,4270,2391,6000,,1200,,,,acceleration,elevated_load,0,no_load,cw,B3: sharp but allowed acc/dec,servo-app/lab-0.1
1781172774.3138268,13.34341835975647,B3_ACC_DEC_SHARP,B3_ACC_DEC_SHARP_R02_20260611_171240,delta-asda-b3-e,567,RTSO|SO|OE|VE|QS,1,0,56222,0,12,0.05124,12,0.028692,307,47,4270,2391,6000,,1200,,,,acceleration,elevated_load,0,no_load,cw,B3: sharp but allowed acc/dec,servo-app/lab-0.1
1781172774.413855,13.443446636199951,B3_ACC_DEC_SHARP,B3_ACC_DEC_SHARP_R02_20260611_171240,delta-asda-b3-e,567,RTSO|SO|OE|VE|QS,1,0,14100,-13,-15,-0.06405,-14,-0.033474,307,47,4270,2391,6000,,1200,,,,acceleration,elevated_load,0,no_load,cw,B3: sharp but allowed acc/dec,servo-app/lab-0.1
1781172774.5140178,13.543609380722046,B3_ACC_DEC_SHARP,B3_ACC_DEC_SHARP_R02_20260611_171240,delta-asda-b3-e,1591,RTSO|SO|OE|VE|QS|TR,1,0,6031,-1,-13,-0.05551,-13,-0.031083,306,47,4270,2391,6000,,1200,,,,acceleration,elevated_load,0,no_load,cw,B3: sharp but allowed acc/dec,servo-app/lab-0.1
1781172774.614355,13.643946647644043,B3_ACC_DEC_SHARP,B3_ACC_DEC_SHARP_R02_20260611_171240,delta-asda-b3-e,567,RTSO|SO|OE|VE|QS,1,0,52722,6,18,0.07686,18,0.043038,306,47,4270,2391,6000,,1200,,,,acceleration,elevated_load,0,no_load,cw,B3: sharp but allowed acc/dec,servo-app/lab-0.1
1781172774.7146575,13.744249105453491,B3_ACC_DEC_SHARP,B3_ACC_DEC_SHARP_R02_20260611_171240,delta-asda-b3-e,567,RTSO|SO|OE|VE|QS,1,0,39238,-38,-12,-0.05124,-11,-0.026301,306,47,4270,2391,6000,,1200,,,,acceleration,elevated_load,0,no_load,cw,B3: sharp but allowed acc/dec,servo-app/lab-0.1
1781172774.8146899,13.844281435012817,B3_ACC_DEC_SHARP,B3_ACC_DEC_SHARP_R02_20260611_171240,delta-asda-b3-e,567,RTSO|SO|OE|VE|QS,1,0,7029,-2,-14,-0.05978,-15,-0.035865,306,47,4270,2391,6000,,1200,,,,acceleration,elevated_load,0,no_load,cw,B3: sharp but allowed acc/dec,servo-app/lab-0.1
1781172774.9150412,13.944632768630981,B3_ACC_DEC_SHARP,B3_ACC_DEC_SHARP_R02_20260611_171240,delta-asda-b3-e,567,RTSO|SO|OE|VE|QS,1,0,44210,19,18,0.07686,18,0.043038,305,47,4270,2391,6000,,1200,,,,acceleration,elevated_load,0,no_load,cw,B3: sharp but allowed acc/dec,servo-app/lab-0.1
1781172775.0150673,14.044658899307251,B3_ACC_DEC_SHARP,B3_ACC_DEC_SHARP_R02_20260611_171240,delta-asda-b3-e,567,RTSO|SO|OE|VE|QS,1,0,55992,1,16,0.06832,17,0.040647,306,47,4270,2391,6000,,1200,,,,acceleration,elevated_load,0,no_load,cw,B3: sharp but allowed acc/dec,servo-app/lab-0.1
1781172775.1154249,14.145016431808472,B3_ACC_DEC_SHARP,B3_ACC_DEC_SHARP_R02_20260611_171240,delta-asda-b3-e,567,RTSO|SO|OE|VE|QS,1,0,11230,-9,-16,-0.06832,-15,-0.035865,306,47,4270,2391,6000,,1200,,,,acceleration,elevated_load,0,no_load,cw,B3: sharp but allowed acc/dec,servo-app/lab-0.1
1781172775.215508,14.245099544525146,B3_ACC_DEC_SHARP,B3_ACC_DEC_SHARP_R02_20260611_171240,delta-asda-b3-e,567,RTSO|SO|OE|VE|QS,1,0,7758,8,16,0.06832,10,0.02391,306,47,4270,2391,6000,,1200,,,,acceleration,elevated_load,0,no_load,cw,B3: sharp but allowed acc/dec,servo-app/lab-0.1
1781172775.3157427,14.34533429145813,B3_ACC_DEC_SHARP,B3_ACC_DEC_SHARP_R02_20260611_171240,delta-asda-b3-e,567,RTSO|SO|OE|VE|QS,1,0,54447,3,17,0.07259,17,0.040647,306,47,4270,2391,6000,,1200,,,,acceleration,elevated_load,0,no_load,cw,B3: sharp but allowed acc/dec,servo-app/lab-0.1
1781172775.4159005,14.445492029190063,B3_ACC_DEC_SHARP,B3_ACC_DEC_SHARP_R02_20260611_171240,delta-asda-b3-e,567,RTSO|SO|OE|VE|QS,1,0,21958,-26,-14,-0.05978,-14,-0.033474,306,47,4270,2391,6000,,1200,,,,acceleration,elevated_load,0,no_load,cw,B3: sharp but allowed acc/dec,servo-app/lab-0.1
1781172775.5159826,14.545574188232422,B3_ACC_DEC_SHARP,B3_ACC_DEC_SHARP_R02_20260611_171240,delta-asda-b3-e,567,RTSO|SO|OE|VE|QS,1,0,6379,-1,-12,-0.05124,-13,-0.031083,306,47,4270,2391,6000,,1200,,,,acceleration,elevated_load,0,no_load,cw,B3: sharp but allowed acc/dec,servo-app/lab-0.1
1781172775.616172,14.645763635635376,B3_ACC_DEC_SHARP,B3_ACC_DEC_SHARP_R02_20260611_171240,delta-asda-b3-e,567,RTSO|SO|OE|VE|QS,1,0,50444,9,18,0.07686,18,0.043038,306,47,4270,2391,6000,,1200,,,,acceleration,elevated_load,0,no_load,cw,B3: sharp but allowed acc/dec,servo-app/lab-0.1
1781172775.7168736,14.74646520614624,B3_ACC_DEC_SHARP,B3_ACC_DEC_SHARP_R02_20260611_171240,delta-asda-b3-e,567,RTSO|SO|OE|VE|QS,1,0,55001,-5,-1,-0.00427,1,0.002391,306,47,4270,2391,6000,,1200,,,,acceleration,elevated_load,0,no_load,cw,B3: sharp but allowed acc/dec,servo-app/lab-0.1
1781172775.8171825,14.846774101257324,B3_ACC_DEC_SHARP,B3_ACC_DEC_SHARP_R02_20260611_171240,delta-asda-b3-e,567,RTSO|SO|OE|VE|QS,1,0,7656,-3,-13,-0.05551,-14,-0.033474,306,47,4270,2391,6000,,1200,,,,acceleration,elevated_load,0,no_load,cw,B3: sharp but allowed acc/dec,servo-app/lab-0.1
1781172775.9174867,14.947078227996826,B3_ACC_DEC_SHARP,B3_ACC_DEC_SHARP_R02_20260611_171240,delta-asda-b3-e,567,RTSO|SO|OE|VE|QS,1,0,40818,25,17,0.07259,16,0.038256,307,47,4270,2391,6000,,1200,,,,acceleration,elevated_load,0,no_load,cw,B3: sharp but allowed acc/dec,servo-app/lab-0.1
1781172776.0175498,15.047141313552856,B3_ACC_DEC_SHARP,B3_ACC_DEC_SHARP_R02_20260611_171240,delta-asda-b3-e,567,RTSO|SO|OE|VE|QS,1,0,55776,1,17,0.07259,16,0.038256,306,47,4270,2391,6000,,1200,,,,acceleration,elevated_load,0,no_load,cw,B3: sharp but allowed acc/dec,servo-app/lab-0.1
1781172776.11791,15.147501468658447,B3_ACC_DEC_SHARP,B3_ACC_DEC_SHARP_R02_20260611_171240,delta-asda-b3-e,567,RTSO|SO|OE|VE|QS,1,0,11773,-10,-14,-0.05978,-15,-0.035865,306,47,4270,2391,6000,,1200,,,,acceleration,elevated_load,0,no_load,cw,B3: sharp but allowed acc/dec,servo-app/lab-0.1
1781172776.2182267,15.247818231582642,B3_ACC_DEC_SHARP,B3_ACC_DEC_SHARP_R02_20260611_171240,delta-asda-b3-e,4663,RTSO|SO|OE|VE|QS|ACK,1,0,7212,6,9,0.03843,6,0.014346,307,47,4270,2391,6000,,1200,,,,acceleration,elevated_load,0,no_load,cw,B3: sharp but allowed acc/dec,servo-app/lab-0.1
1781172776.3186932,15.348284721374512,B3_ACC_DEC_SHARP,B3_ACC_DEC_SHARP_R02_20260611_171240,delta-asda-b3-e,567,RTSO|SO|OE|VE|QS,1,0,54401,3,18,0.07686,18,0.043038,306,47,4270,2391,6000,,1200,,,,acceleration,elevated_load,0,no_load,cw,B3: sharp but allowed acc/dec,servo-app/lab-0.1
1781172776.4190166,15.448608160018921,B3_ACC_DEC_SHARP,B3_ACC_DEC_SHARP_R02_20260611_171240,delta-asda-b3-e,567,RTSO|SO|OE|VE|QS,1,0,26718,-36,-13,-0.05551,-13,-0.031083,307,47,4270,2391,6000,,1200,,,,acceleration,elevated_load,0,no_load,cw,B3: sharp but allowed acc/dec,servo-app/lab-0.1
1781172776.5190983,15.548689842224121,B3_ACC_DEC_SHARP,B3_ACC_DEC_SHARP_R02_20260611_171240,delta-asda-b3-e,567,RTSO|SO|OE|VE|QS,1,0,6611,-1,-13,-0.05551,-14,-0.033474,306,47,4270,2391,6000,,1200,,,,acceleration,elevated_load,0,no_load,cw,B3: sharp but allowed acc/dec,servo-app/lab-0.1
1781172776.6196368,15.64922833442688,B3_ACC_DEC_SHARP,B3_ACC_DEC_SHARP_R02_20260611_171240,delta-asda-b3-e,567,RTSO|SO|OE|VE|QS,1,0,5863,0,-10,-0.0427,-11,-0.026301,306,47,4270,2391,6000,,1200,,,,acceleration,elevated_load,0,no_load,cw,B3: sharp but allowed acc/dec,servo-app/lab-0.1
1781172776.72039,15.74998164176941,B3_ACC_DEC_SHARP,B3_ACC_DEC_SHARP_R02_20260611_171240,delta-asda-b3-e,567,RTSO|SO|OE|VE|QS,1,0,5967,0,-9,-0.03843,-9,-0.021519,306,47,4270,2391,6000,,1200,,,,acceleration,elevated_load,0,no_load,cw,B3: sharp but allowed acc/dec,servo-app/lab-0.1
1781172776.8204663,15.85005784034729,B3_ACC_DEC_SHARP,B3_ACC_DEC_SHARP_R02_20260611_171240,delta-asda-b3-e,567,RTSO|SO|OE|VE|QS,1,0,15077,28,15,0.06405,14,0.033474,307,47,4270,2391,6000,,1200,,,,acceleration,elevated_load,0,no_load,cw,B3: sharp but allowed acc/dec,servo-app/lab-0.1
1781172776.9208198,15.950411319732666,B3_ACC_DEC_SHARP,B3_ACC_DEC_SHARP_R02_20260611_171240,delta-asda-b3-e,567,RTSO|SO|OE|VE|QS,1,0,55035,3,17,0.07259,17,0.040647,307,47,4270,2391,6000,,1200,,,,acceleration,elevated_load,0,no_load,cw,B3: sharp but allowed acc/dec,servo-app/lab-0.1
1781172777.0210142,16.05060577392578,B3_ACC_DEC_SHARP,B3_ACC_DEC_SHARP_R02_20260611_171240,delta-asda-b3-e,567,RTSO|SO|OE|VE|QS,1,0,18910,-21,-15,-0.06405,-13,-0.031083,307,47,4270,2391,6000,,1200,,,,acceleration,elevated_load,0,no_load,cw,B3: sharp but allowed acc/dec,servo-app/lab-0.1
1781172777.1212726,16.150864124298096,B3_ACC_DEC_SHARP,B3_ACC_DEC_SHARP_R02_20260611_171240,delta-asda-b3-e,567,RTSO|SO|OE|VE|QS,1,0,6213,-1,-13,-0.05551,-12,-0.028692,306,47,4270,2391,6000,,1200,,,,acceleration,elevated_load,0,no_load,cw,B3: sharp but allowed acc/dec,servo-app/lab-0.1
1781172777.221645,16.2512366771698,B3_ACC_DEC_SHARP,B3_ACC_DEC_SHARP_R02_20260611_171240,delta-asda-b3-e,567,RTSO|SO|OE|VE|QS,1,0,49876,11,18,0.07686,17,0.040647,306,47,4270,2391,6000,,1200,,,,acceleration,elevated_load,0,no_load,cw,B3: sharp but allowed acc/dec,servo-app/lab-0.1
1781172777.3221164,16.351707935333252,B3_ACC_DEC_SHARP,B3_ACC_DEC_SHARP_R02_20260611_171240,delta-asda-b3-e,4663,RTSO|SO|OE|VE|QS|ACK,1,0,56026,-2,2,0.00854,6,0.014346,306,47,4270,2391,6000,,1200,,,,acceleration,elevated_load,0,no_load,cw,B3: sharp but allowed acc/dec,servo-app/lab-0.1
1781172777.4225037,16.45209527015686,B3_ACC_DEC_SHARP,B3_ACC_DEC_SHARP_R02_20260611_171240,delta-asda-b3-e,567,RTSO|SO|OE|VE|QS,1,0,7900,-4,-15,-0.06405,-14,-0.033474,306,47,4270,2391,6000,,1200,,,,acceleration,elevated_load,0,no_load,cw,B3: sharp but allowed acc/dec,servo-app/lab-0.1
1781172777.5227776,16.552369117736816,B3_ACC_DEC_SHARP,B3_ACC_DEC_SHARP_R02_20260611_171240,delta-asda-b3-e,567,RTSO|SO|OE|VE|QS,1,0,29984,41,15,0.06405,15,0.035865,306,47,4270,2391,6000,,1200,,,,acceleration,elevated_load,0,no_load,cw,B3: sharp but allowed acc/dec,servo-app/lab-0.1
1781172777.6232746,16.65286612510681,B3_ACC_DEC_SHARP,B3_ACC_DEC_SHARP_R02_20260611_171240,delta-asda-b3-e,567,RTSO|SO|OE|VE|QS,1,0,55491,2,18,0.07686,17,0.040647,307,47,4270,2391,6000,,1200,,,,acceleration,elevated_load,0,no_load,cw,B3: sharp but allowed acc/dec,servo-app/lab-0.1
1781172777.723721,16.753312587738037,B3_ACC_DEC_SHARP,B3_ACC_DEC_SHARP_R02_20260611_171240,delta-asda-b3-e,567,RTSO|SO|OE|VE|QS,1,0,56394,0,16,0.06832,14,0.033474,307,47,4270,2391,6000,,1200,,,,acceleration,elevated_load,0,no_load,cw,B3: sharp but allowed acc/dec,servo-app/lab-0.1
1781172777.8242004,16.85379195213318,B3_ACC_DEC_SHARP,B3_ACC_DEC_SHARP_R02_20260611_171240,delta-asda-b3-e,567,RTSO|SO|OE|VE|QS,1,0,56272,0,13,0.05551,13,0.031083,307,47,4270,2391,6000,,1200,,,,acceleration,elevated_load,0,no_load,cw,B3: sharp but allowed acc/dec,servo-app/lab-0.1
1781172777.9247084,16.954299926757812,B3_ACC_DEC_SHARP,B3_ACC_DEC_SHARP_R02_20260611_171240,delta-asda-b3-e,567,RTSO|SO|OE|VE|QS,1,0,53676,-8,-12,-0.05124,-5,-0.011955,307,47,4270,2391,6000,,1200,,,,acceleration,elevated_load,0,no_load,cw,B3: sharp but allowed acc/dec,servo-app/lab-0.1
1781172778.0248046,17.054396152496338,B3_ACC_DEC_SHARP,B3_ACC_DEC_SHARP_R02_20260611_171240,delta-asda-b3-e,567,RTSO|SO|OE|VE|QS,1,0,7358,-3,-14,-0.05978,-14,-0.033474,307,47,4270,2391,6000,,1200,,,,acceleration,elevated_load,0,no_load,cw,B3: sharp but allowed acc/dec,servo-app/lab-0.1
1781172778.125215,17.15480661392212,B3_ACC_DEC_SHARP,B3_ACC_DEC_SHARP_R02_20260611_171240,delta-asda-b3-e,567,RTSO|SO|OE|VE|QS,1,0,42217,23,18,0.07686,18,0.043038,307,47,4270,2391,6000,,1200,,,,acceleration,elevated_load,0,no_load,cw,B3: sharp but allowed acc/dec,servo-app/lab-0.1
1781172778.2255516,17.25514316558838,B3_ACC_DEC_SHARP,B3_ACC_DEC_SHARP_R02_20260611_171240,delta-asda-b3-e,567,RTSO|SO|OE|VE|QS,1,0,55930,1,17,0.07259,17,0.040647,307,47,4270,2391,6000,,1200,,,,acceleration,elevated_load,0,no_load,cw,B3: sharp but allowed acc/dec,servo-app/lab-0.1
1781172778.3256302,17.35522174835205,B3_ACC_DEC_SHARP,B3_ACC_DEC_SHARP_R02_20260611_171240,delta-asda-b3-e,567,RTSO|SO|OE|VE|QS,1,0,12569,-11,-16,-0.06832,-16,-0.038256,307,47,4270,2391,6000,,1200,,,,acceleration,elevated_load,0,no_load,cw,B3: sharp but allowed acc/dec,servo-app/lab-0.1
1781172778.426062,17.45565366744995,B3_ACC_DEC_SHARP,B3_ACC_DEC_SHARP_R02_20260611_171240,delta-asda-b3-e,1591,RTSO|SO|OE|VE|QS|TR,1,0,5999,0,-12,-0.05124,-12,-0.028692,307,47,4270,2391,6000,,1200,,,,acceleration,elevated_load,0,no_load,cw,B3: sharp but allowed acc/dec,servo-app/lab-0.1
1781172778.52615,17.555741548538208,B3_ACC_DEC_SHARP,B3_ACC_DEC_SHARP_R02_20260611_171240,delta-asda-b3-e,567,RTSO|SO|OE|VE|QS,1,0,53394,5,17,0.07259,18,0.043038,307,47,4270,2391,6000,,1200,,,,acceleration,elevated_load,0,no_load,cw,B3: sharp but allowed acc/dec,servo-app/lab-0.1
1781172778.626497,17.65608859062195,B3_ACC_DEC_SHARP,B3_ACC_DEC_SHARP_R02_20260611_171240,delta-asda-b3-e,567,RTSO|SO|OE|VE|QS,1,0,39210,-38,-12,-0.05124,-12,-0.028692,307,47,4270,2391,6000,,1200,,,,acceleration,elevated_load,0,no_load,cw,B3: sharp but allowed acc/dec,servo-app/lab-0.1
1781172778.7269528,17.75654435157776,B3_ACC_DEC_SHARP,B3_ACC_DEC_SHARP_R02_20260611_171240,delta-asda-b3-e,567,RTSO|SO|OE|VE|QS,1,0,7071,-2,-15,-0.06405,-14,-0.033474,307,47,4270,2391,6000,,1200,,,,acceleration,elevated_load,0,no_load,cw,B3: sharp but allowed acc/dec,servo-app/lab-0.1
1781172778.8274307,17.857022285461426,B3_ACC_DEC_SHARP,B3_ACC_DEC_SHARP_R02_20260611_171240,delta-asda-b3-e,567,RTSO|SO|OE|VE|QS,1,0,45605,17,17,0.07259,18,0.043038,307,47,4270,2391,6000,,1200,,,,acceleration,elevated_load,0,no_load,cw,B3: sharp but allowed acc/dec,servo-app/lab-0.1
1781172778.92776,17.957351446151733,B3_ACC_DEC_SHARP,B3_ACC_DEC_SHARP_R02_20260611_171240,delta-asda-b3-e,1591,RTSO|SO|OE|VE|QS|TR,1,0,56026,1,16,0.06832,16,0.038256,307,47,4270,2391,6000,,1200,,,,acceleration,elevated_load,0,no_load,cw,B3: sharp but allowed acc/dec,servo-app/lab-0.1
1781172779.0280857,18.057677268981934,B3_ACC_DEC_SHARP,B3_ACC_DEC_SHARP_R02_20260611_171240,delta-asda-b3-e,567,RTSO|SO|OE|VE|QS,1,0,11951,-10,-15,-0.06405,-15,-0.035865,307,47,4270,2391,6000,,1200,,,,acceleration,elevated_load,0,no_load,cw,B3: sharp but allowed acc/dec,servo-app/lab-0.1
1781172779.12861,18.158201456069946,B3_ACC_DEC_SHARP,B3_ACC_DEC_SHARP_R02_20260611_171240,delta-asda-b3-e,4663,RTSO|SO|OE|VE|QS|ACK,1,0,6191,1,-1,-0.00427,-5,-0.011955,306,47,4270,2391,6000,,1200,,,,acceleration,elevated_load,0,no_load,cw,B3: sharp but allowed acc/dec,servo-app/lab-0.1
1781172779.2292497,18.258841276168823,B3_ACC_DEC_SHARP,B3_ACC_DEC_SHARP_R02_20260611_171240,delta-asda-b3-e,567,RTSO|SO|OE|VE|QS,1,0,54401,3,18,0.07686,17,0.040647,307,47,4270,2391,6000,,1200,,,,acceleration,elevated_load,0,no_load,cw,B3: sharp but allowed acc/dec,servo-app/lab-0.1
1781172779.3296425,18.35923409461975,B3_ACC_DEC_SHARP,B3_ACC_DEC_SHARP_R02_20260611_171240,delta-asda-b3-e,567,RTSO|SO|OE|VE|QS,1,0,28199,-38,-13,-0.05551,-13,-0.031083,307,47,4270,2391,6000,,1200,,,,acceleration,elevated_load,0,no_load,cw,B3: sharp but allowed acc/dec,servo-app/lab-0.1
1781172779.4297807,18.4593722820282,B3_ACC_DEC_SHARP,B3_ACC_DEC_SHARP_R02_20260611_171240,delta-asda-b3-e,567,RTSO|SO|OE|VE|QS,1,0,6653,-2,-14,-0.05978,-13,-0.031083,307,47,4270,2391,6000,,1200,,,,acceleration,elevated_load,0,no_load,cw,B3: sharp but allowed acc/dec,servo-app/lab-0.1
1781172779.529809,18.55940055847168,B3_ACC_DEC_SHARP,B3_ACC_DEC_SHARP_R02_20260611_171240,delta-asda-b3-e,567,RTSO|SO|OE|VE|QS,1,0,48735,12,18,0.07686,19,0.045429,307,47,4270,2391,6000,,1200,,,,acceleration,elevated_load,0,no_load,cw,B3: sharp but allowed acc/dec,servo-app/lab-0.1
1781172779.630378,18.659969568252563,B3_ACC_DEC_SHARP,B3_ACC_DEC_SHARP_R02_20260611_171240,delta-asda-b3-e,1591,RTSO|SO|OE|VE|QS|TR,1,0,56184,1,16,0.06832,16,0.038256,307,47,4270,2391,6000,,1200,,,,acceleration,elevated_load,0,no_load,cw,B3: sharp but allowed acc/dec,servo-app/lab-0.1
1781172779.730716,18.760307550430298,B3_ACC_DEC_SHARP,B3_ACC_DEC_SHARP_R02_20260611_171240,delta-asda-b3-e,567,RTSO|SO|OE|VE|QS,1,0,9743,-7,-15,-0.06405,-14,-0.033474,307,47,4270,2391,6000,,1200,,,,acceleration,elevated_load,0,no_load,cw,B3: sharp but allowed acc/dec,servo-app/lab-0.1
1781172779.830894,18.860485553741455,B3_ACC_DEC_SHARP,B3_ACC_DEC_SHARP_R02_20260611_171240,delta-asda-b3-e,567,RTSO|SO|OE|VE|QS,1,0,19722,35,16,0.06832,15,0.035865,307,47,4270,2391,6000,,1200,,,,acceleration,elevated_load,0,no_load,cw,B3: sharp but allowed acc/dec,servo-app/lab-0.1
1781172779.9312844,18.960875988006592,B3_ACC_DEC_SHARP,B3_ACC_DEC_SHARP_R02_20260611_171240,delta-asda-b3-e,567,RTSO|SO|OE|VE|QS,1,0,55001,2,18,0.07686,17,0.040647,307,47,4270,2391,6000,,1200,,,,acceleration,elevated_load,0,no_load,cw,B3: sharp but allowed acc/dec,servo-app/lab-0.1
1781172780.0315192,19.061110734939575,B3_ACC_DEC_SHARP,B3_ACC_DEC_SHARP_R02_20260611_171240,delta-asda-b3-e,567,RTSO|SO|OE|VE|QS,1,0,18113,-19,-15,-0.06405,-15,-0.035865,307,47,4270,2391,6000,,1200,,,,acceleration,elevated_load,0,no_load,cw,B3: sharp but allowed acc/dec,servo-app/lab-0.1
1781172780.1318345,19.161426067352295,B3_ACC_DEC_SHARP,B3_ACC_DEC_SHARP_R02_20260611_171240,delta-asda-b3-e,567,RTSO|SO|OE|VE|QS,1,0,6219,-1,-12,-0.05124,-13,-0.031083,307,47,4270,2391,6000,,1200,,,,acceleration,elevated_load,0,no_load,cw,B3: sharp but allowed acc/dec,servo-app/lab-0.1
1781172780.2322469,19.26183843612671,B3_ACC_DEC_SHARP,B3_ACC_DEC_SHARP_R02_20260611_171240,delta-asda-b3-e,567,RTSO|SO|OE|VE|QS,1,0,51505,8,18,0.07686,18,0.043038,306,47,4270,2391,6000,,1200,,,,acceleration,elevated_load,0,no_load,cw,B3: sharp but allowed acc/dec,servo-app/lab-0.1
1781172780.3323135,19.361905097961426,B3_ACC_DEC_SHARP,B3_ACC_DEC_SHARP_R02_20260611_171240,delta-asda-b3-e,567,RTSO|SO|OE|VE|QS,1,0,51113,-18,-11,-0.04697,-16,-0.038256,306,47,4270,2391,6000,,1200,,,,acceleration,elevated_load,0,no_load,cw,B3: sharp but allowed acc/dec,servo-app/lab-0.1
1781172780.4324334,19.462024927139282,B3_ACC_DEC_SHARP,B3_ACC_DEC_SHARP_R02_20260611_171240,delta-asda-b3-e,567,RTSO|SO|OE|VE|QS,1,0,7444,-3,-15,-0.06405,-14,-0.033474,307,47,4270,2391,6000,,1200,,,,acceleration,elevated_load,0,no_load,cw,B3: sharp but allowed acc/dec,servo-app/lab-0.1
1781172780.5325973,19.562188863754272,B3_ACC_DEC_SHARP,B3_ACC_DEC_SHARP_R02_20260611_171240,delta-asda-b3-e,567,RTSO|SO|OE|VE|QS,1,0,43053,21,17,0.07259,17,0.040647,306,47,4270,2391,6000,,1200,,,,acceleration,elevated_load,0,no_load,cw,B3: sharp but allowed acc/dec,servo-app/lab-0.1
1781172780.6331377,19.662729263305664,B3_ACC_DEC_SHARP,B3_ACC_DEC_SHARP_R02_20260611_171240,delta-asda-b3-e,567,RTSO|SO|OE|VE|QS,1,0,56002,1,16,0.06832,16,0.038256,306,47,4270,2391,6000,,1200,,,,acceleration,elevated_load,0,no_load,cw,B3: sharp but allowed acc/dec,servo-app/lab-0.1
1781172780.7336442,19.763235807418823,B3_ACC_DEC_SHARP,B3_ACC_DEC_SHARP_R02_20260611_171240,delta-asda-b3-e,567,RTSO|SO|OE|VE|QS,1,0,12511,-11,-15,-0.06405,-15,-0.035865,307,47,4270,2391,6000,,1200,,,,acceleration,elevated_load,0,no_load,cw,B3: sharp but allowed acc/dec,servo-app/lab-0.1
1781172780.8340662,19.8636577129364,B3_ACC_DEC_SHARP,B3_ACC_DEC_SHARP_R02_20260611_171240,delta-asda-b3-e,4663,RTSO|SO|OE|VE|QS|ACK,1,0,6025,0,-1,-0.00427,-7,-0.016737,307,47,4270,2391,6000,,1200,,,,acceleration,elevated_load,0,no_load,cw,B3: sharp but allowed acc/dec,servo-app/lab-0.1
1781172780.9340935,19.963685035705566,B3_ACC_DEC_SHARP,B3_ACC_DEC_SHARP_R02_20260611_171240,delta-asda-b3-e,567,RTSO|SO|OE|VE|QS,1,0,54255,4,17,0.07259,18,0.043038,307,47,4270,2391,6000,,1200,,,,acceleration,elevated_load,0,no_load,cw,B3: sharp but allowed acc/dec,servo-app/lab-0.1
1781172781.034585,20.064176559448242,B3_ACC_DEC_SHARP,B3_ACC_DEC_SHARP_R02_20260611_171240,delta-asda-b3-e,567,RTSO|SO|OE|VE|QS,1,0,37635,-39,-13,-0.05551,-13,-0.031083,307,47,4270,2391,6000,,1200,,,,acceleration,elevated_load,0,no_load,cw,B3: sharp but allowed acc/dec,servo-app/lab-0.1
1781172781.1349564,20.16454792022705,B3_ACC_DEC_SHARP,B3_ACC_DEC_SHARP_R02_20260611_171240,delta-asda-b3-e,567,RTSO|SO|OE|VE|QS,1,0,6955,-2,-14,-0.05978,-14,-0.033474,307,47,4270,2391,6000,,1200,,,,acceleration,elevated_load,0,no_load,cw,B3: sharp but allowed acc/dec,servo-app/lab-0.1
1781172781.2350104,20.264601945877075,B3_ACC_DEC_SHARP,B3_ACC_DEC_SHARP_R02_20260611_171240,delta-asda-b3-e,567,RTSO|SO|OE|VE|QS,1,0,46031,17,18,0.07686,17,0.040647,306,47,4270,2391,6000,,1200,,,,acceleration,elevated_load,0,no_load,cw,B3: sharp but allowed acc/dec,servo-app/lab-0.1
1781172781.3353746,20.36496615409851,B3_ACC_DEC_SHARP,B3_ACC_DEC_SHARP_R02_20260611_171240,delta-asda-b3-e,1591,RTSO|SO|OE|VE|QS|TR,1,0,56104,1,16,0.06832,17,0.040647,306,47,4270,2391,6000,,1200,,,,acceleration,elevated_load,0,no_load,cw,B3: sharp but allowed acc/dec,servo-app/lab-0.1
1781172781.4357896,20.465381145477295,B3_ACC_DEC_SHARP,B3_ACC_DEC_SHARP_R02_20260611_171240,delta-asda-b3-e,567,RTSO|SO|OE|VE|QS,1,0,56352,0,14,0.05978,13,0.031083,306,47,4270,2391,6000,,1200,,,,acceleration,elevated_load,0,no_load,cw,B3: sharp but allowed acc/dec,servo-app/lab-0.1
1781172781.535984,20.56557559967041,B3_ACC_DEC_SHARP,B3_ACC_DEC_SHARP_R02_20260611_171240,delta-asda-b3-e,567,RTSO|SO|OE|VE|QS,1,0,56254,0,13,0.05551,12,0.028692,306,47,4270,2391,6000,,1200,,,,acceleration,elevated_load,0,no_load,cw,B3: sharp but allowed acc/dec,servo-app/lab-0.1
1781172781.6363602,20.6659517288208,B3_ACC_DEC_SHARP,B3_ACC_DEC_SHARP_R02_20260611_171240,delta-asda-b3-e,567,RTSO|SO|OE|VE|QS,1,0,34169,-41,-13,-0.05551,-13,-0.031083,306,47,4270,2391,6000,,1200,,,,acceleration,elevated_load,0,no_load,cw,B3: sharp but allowed acc/dec,servo-app/lab-0.1
1781172781.7370741,20.76666569709778,B3_ACC_DEC_SHARP,B3_ACC_DEC_SHARP_R02_20260611_171240,delta-asda-b3-e,567,RTSO|SO|OE|VE|QS,1,0,6831,-2,-14,-0.05978,-13,-0.031083,306,47,4270,2391,6000,,1200,,,,acceleration,elevated_load,0,no_load,cw,B3: sharp but allowed acc/dec,servo-app/lab-0.1
1781172781.8374805,20.867072105407715,B3_ACC_DEC_SHARP,B3_ACC_DEC_SHARP_R02_20260611_171240,delta-asda-b3-e,567,RTSO|SO|OE|VE|QS,1,0,46860,15,17,0.07259,19,0.045429,306,47,4270,2391,6000,,1200,,,,acceleration,elevated_load,0,no_load,cw,B3: sharp but allowed acc/dec,servo-app/lab-0.1
1781172781.9375298,20.967121362686157,B3_ACC_DEC_SHARP,B3_ACC_DEC_SHARP_R02_20260611_171240,delta-asda-b3-e,1591,RTSO|SO|OE|VE|QS|TR,1,0,56094,1,17,0.07259,16,0.038256,306,47,4270,2391,6000,,1200,,,,acceleration,elevated_load,0,no_load,cw,B3: sharp but allowed acc/dec,servo-app/lab-0.1
1781172782.0375757,21.067167282104492,B3_ACC_DEC_SHARP,B3_ACC_DEC_SHARP_R02_20260611_171240,delta-asda-b3-e,567,RTSO|SO|OE|VE|QS,1,0,56338,0,14,0.05978,14,0.033474,306,47,4270,2391,6000,,1200,,,,acceleration,elevated_load,0,no_load,cw,B3: sharp but allowed acc/dec,servo-app/lab-0.1
1781172782.1380336,21.167625188827515,B3_ACC_DEC_SHARP,B3_ACC_DEC_SHARP_R02_20260611_171240,delta-asda-b3-e,567,RTSO|SO|OE|VE|QS,1,0,56212,0,13,0.05551,13,0.031083,306,47,4270,2391,6000,,1200,,,,acceleration,elevated_load,0,no_load,cw,B3: sharp but allowed acc/dec,servo-app/lab-0.1
1781172782.2384887,21.268080234527588,B3_ACC_DEC_SHARP,B3_ACC_DEC_SHARP_R02_20260611_171240,delta-asda-b3-e,567,RTSO|SO|OE|VE|QS,1,0,20829,-25,-15,-0.06405,-15,-0.035865,306,47,4270,2391,6000,,1200,,,,acceleration,elevated_load,0,no_load,cw,B3: sharp but allowed acc/dec,servo-app/lab-0.1
1781172782.3385751,21.36816668510437,B3_ACC_DEC_SHARP,B3_ACC_DEC_SHARP_R02_20260611_171240,delta-asda-b3-e,567,RTSO|SO|OE|VE|QS,1,0,6349,-1,-14,-0.05978,-13,-0.031083,306,47,4270,2391,6000,,1200,,,,acceleration,elevated_load,0,no_load,cw,B3: sharp but allowed acc/dec,servo-app/lab-0.1
1781172782.438845,21.46843647956848,B3_ACC_DEC_SHARP,B3_ACC_DEC_SHARP_R02_20260611_171240,delta-asda-b3-e,567,RTSO|SO|OE|VE|QS,1,0,50624,9,17,0.07259,19,0.045429,306,47,4270,2391,6000,,1200,,,,acceleration,elevated_load,0,no_load,cw,B3: sharp but allowed acc/dec,servo-app/lab-0.1
1781172782.5392892,21.568880796432495,B3_ACC_DEC_SHARP,B3_ACC_DEC_SHARP_R02_20260611_171240,delta-asda-b3-e,567,RTSO|SO|OE|VE|QS,1,0,56238,0,16,0.06832,15,0.035865,306,47,4270,2391,6000,,1200,,,,acceleration,elevated_load,0,no_load,cw,B3: sharp but allowed acc/dec,servo-app/lab-0.1
1781172782.6394358,21.66902732849121,B3_ACC_DEC_SHARP,B3_ACC_DEC_SHARP_R02_20260611_171240,delta-asda-b3-e,567,RTSO|SO|OE|VE|QS,1,0,56308,0,13,0.05551,14,0.033474,306,47,4270,2391,6000,,1200,,,,acceleration,elevated_load,0,no_load,cw,B3: sharp but allowed acc/dec,servo-app/lab-0.1
1781172782.7398295,21.769421100616455,B3_ACC_DEC_SHARP,B3_ACC_DEC_SHARP_R02_20260611_171240,delta-asda-b3-e,1591,RTSO|SO|OE|VE|QS|TR,1,0,56202,0,14,0.05978,13,0.031083,306,47,4270,2391,6000,,1200,,,,acceleration,elevated_load,0,no_load,cw,B3: sharp but allowed acc/dec,servo-app/lab-0.1
1781172782.840415,21.870006561279297,B3_ACC_DEC_SHARP,B3_ACC_DEC_SHARP_R02_20260611_171240,delta-asda-b3-e,567,RTSO|SO|OE|VE|QS,1,0,15251,-15,-15,-0.06405,-15,-0.035865,306,47,4270,2391,6000,,1200,,,,acceleration,elevated_load,0,no_load,cw,B3: sharp but allowed acc/dec,servo-app/lab-0.1
1781172782.940459,21.970050573349,B3_ACC_DEC_SHARP,B3_ACC_DEC_SHARP_R02_20260611_171240,delta-asda-b3-e,1591,RTSO|SO|OE|VE|QS|TR,1,0,6115,-1,-13,-0.05551,-13,-0.031083,306,47,4270,2391,6000,,1200,,,,acceleration,elevated_load,0,no_load,cw,B3: sharp but allowed acc/dec,servo-app/lab-0.1
1781172783.04097,22.07056164741516,B3_ACC_DEC_SHARP,B3_ACC_DEC_SHARP_R02_20260611_171240,delta-asda-b3-e,567,RTSO|SO|OE|VE|QS,1,0,5889,0,-11,-0.04697,-10,-0.02391,306,47,4270,2391,6000,,1200,,,,acceleration,elevated_load,0,no_load,cw,B3: sharp but allowed acc/dec,servo-app/lab-0.1
1781172783.141493,22.17108464241028,B3_ACC_DEC_SHARP,B3_ACC_DEC_SHARP_R02_20260611_171240,delta-asda-b3-e,567,RTSO|SO|OE|VE|QS,1,0,6025,0,-10,-0.0427,-8,-0.019128,306,47,4270,2391,6000,,1200,,,,acceleration,elevated_load,0,no_load,cw,B3: sharp but allowed acc/dec,servo-app/lab-0.1
1781172783.2417517,22.271343231201172,B3_ACC_DEC_SHARP,B3_ACC_DEC_SHARP_R02_20260611_171240,delta-asda-b3-e,567,RTSO|SO|OE|VE|QS,1,0,26543,40,16,0.06832,14,0.033474,306,47,4270,2391,6000,,1200,,,,acceleration,elevated_load,0,no_load,cw,B3: sharp but allowed acc/dec,servo-app/lab-0.1
1781172783.3419623,22.371553897857666,B3_ACC_DEC_SHARP,B3_ACC_DEC_SHARP_R02_20260611_171240,delta-asda-b3-e,567,RTSO|SO|OE|VE|QS,1,0,55331,2,17,0.07259,17,0.040647,307,47,4270,2391,6000,,1200,,,,acceleration,elevated_load,0,no_load,cw,B3: sharp but allowed acc/dec,servo-app/lab-0.1
1781172783.4422982,22.47188973426819,B3_ACC_DEC_SHARP,B3_ACC_DEC_SHARP_R02_20260611_171240,delta-asda-b3-e,567,RTSO|SO|OE|VE|QS,1,0,16064,-16,-15,-0.06405,-15,-0.035865,306,47,4270,2391,6000,,1200,,,,acceleration,elevated_load,0,no_load,cw,B3: sharp but allowed acc/dec,servo-app/lab-0.1
1781172783.5427878,22.57237935066223,B3_ACC_DEC_SHARP,B3_ACC_DEC_SHARP_R02_20260611_171240,delta-asda-b3-e,1591,RTSO|SO|OE|VE|QS|TR,1,0,6095,-1,-13,-0.05551,-13,-0.031083,306,47,4270,2391,6000,,1200,,,,acceleration,elevated_load,0,no_load,cw,B3: sharp but allowed acc/dec,servo-app/lab-0.1
1781172783.6431408,22.67273235321045,B3_ACC_DEC_SHARP,B3_ACC_DEC_SHARP_R02_20260611_171240,delta-asda-b3-e,567,RTSO|SO|OE|VE|QS,1,0,50070,10,18,0.07686,17,0.040647,307,47,4270,2391,6000,,1200,,,,acceleration,elevated_load,0,no_load,cw,B3: sharp but allowed acc/dec,servo-app/lab-0.1
1781172783.743188,22.77277946472168,B3_ACC_DEC_SHARP,B3_ACC_DEC_SHARP_R02_20260611_171240,delta-asda-b3-e,1591,RTSO|SO|OE|VE|QS|TR,1,0,56266,0,16,0.06832,16,0.038256,307,47,4270,2391,6000,,1200,,,,acceleration,elevated_load,0,no_load,cw,B3: sharp but allowed acc/dec,servo-app/lab-0.1
1781172783.8432126,22.872804164886475,B3_ACC_DEC_SHARP,B3_ACC_DEC_SHARP_R02_20260611_171240,delta-asda-b3-e,567,RTSO|SO|OE|VE|QS,1,0,56358,0,14,0.05978,14,0.033474,307,47,4270,2391,6000,,1200,,,,acceleration,elevated_load,0,no_load,cw,B3: sharp but allowed acc/dec,servo-app/lab-0.1
1781172783.9440198,22.97361135482788,B3_ACC_DEC_SHARP,B3_ACC_DEC_SHARP_R02_20260611_171240,delta-asda-b3-e,1591,RTSO|SO|OE|VE|QS|TR,1,0,56238,0,13,0.05551,13,0.031083,307,47,4270,2391,6000,,1200,,,,acceleration,elevated_load,0,no_load,cw,B3: sharp but allowed acc/dec,servo-app/lab-0.1
1781172784.0441835,23.073775053024292,B3_ACC_DEC_SHARP,B3_ACC_DEC_SHARP_R02_20260611_171240,delta-asda-b3-e,567,RTSO|SO|OE|VE|QS,1,0,16202,-17,-14,-0.05978,-14,-0.033474,307,47,4270,2391,6000,,1200,,,,acceleration,elevated_load,0,no_load,cw,B3: sharp but allowed acc/dec,servo-app/lab-0.1
1781172784.1445618,23.174153327941895,B3_ACC_DEC_SHARP,B3_ACC_DEC_SHARP_R02_20260611_171240,delta-asda-b3-e,1591,RTSO|SO|OE|VE|QS|TR,1,0,6083,-1,-12,-0.05124,-13,-0.031083,307,47,4270,2391,6000,,1200,,,,acceleration,elevated_load,0,no_load,cw,B3: sharp but allowed acc/dec,servo-app/lab-0.1
1781172784.2450795,23.27467107772827,B3_ACC_DEC_SHARP,B3_ACC_DEC_SHARP_R02_20260611_171240,delta-asda-b3-e,567,RTSO|SO|OE|VE|QS,1,0,49910,11,17,0.07259,18,0.043038,306,47,4270,2391,6000,,1200,,,,acceleration,elevated_load,0,no_load,cw,B3: sharp but allowed acc/dec,servo-app/lab-0.1
1781172784.3451133,23.374704837799072,B3_ACC_DEC_SHARP,B3_ACC_DEC_SHARP_R02_20260611_171240,delta-asda-b3-e,4663,RTSO|SO|OE|VE|QS|ACK,1,0,56068,-2,4,0.01708,6,0.014346,306,47,4270,2391,6000,,1200,,,,acceleration,elevated_load,0,no_load,cw,B3: sharp but allowed acc/dec,servo-app/lab-0.1
1781172784.4451714,23.47476291656494,B3_ACC_DEC_SHARP,B3_ACC_DEC_SHARP_R02_20260611_171240,delta-asda-b3-e,567,RTSO|SO|OE|VE|QS,1,0,7944,-4,-15,-0.06405,-14,-0.033474,306,47,4270,2391,6000,,1200,,,,acceleration,elevated_load,0,no_load,cw,B3: sharp but allowed acc/dec,servo-app/lab-0.1
1781172784.5455709,23.575162410736084,B3_ACC_DEC_SHARP,B3_ACC_DEC_SHARP_R02_20260611_171240,delta-asda-b3-e,567,RTSO|SO|OE|VE|QS,1,0,25953,39,16,0.06832,15,0.035865,307,47,4270,2391,6000,,1200,,,,acceleration,elevated_load,0,no_load,cw,B3: sharp but allowed acc/dec,servo-app/lab-0.1
1781172784.6461072,23.67569875717163,B3_ACC_DEC_SHARP,B3_ACC_DEC_SHARP_R02_20260611_171240,delta-asda-b3-e,567,RTSO|SO|OE|VE|QS,1,0,55275,2,17,0.07259,18,0.043038,306,47,4270,2391,6000,,1200,,,,acceleration,elevated_load,0,no_load,cw,B3: sharp but allowed acc/dec,servo-app/lab-0.1
1781172784.746325,23.775916576385498,B3_ACC_DEC_SHARP,B3_ACC_DEC_SHARP_R02_20260611_171240,delta-asda-b3-e,567,RTSO|SO|OE|VE|QS,1,0,56362,0,14,0.05978,14,0.033474,307,47,4270,2391,6000,,1200,,,,acceleration,elevated_load,0,no_load,cw,B3: sharp but allowed acc/dec,servo-app/lab-0.1
1781172784.8464098,23.876001358032227,B3_ACC_DEC_SHARP,B3_ACC_DEC_SHARP_R02_20260611_171240,delta-asda-b3-e,567,RTSO|SO|OE|VE|QS,1,0,56258,0,13,0.05551,13,0.031083,307,47,4270,2391,6000,,1200,,,,acceleration,elevated_load,0,no_load,cw,B3: sharp but allowed acc/dec,servo-app/lab-0.1
1781172784.9471295,23.976721048355103,B3_ACC_DEC_SHARP,B3_ACC_DEC_SHARP_R02_20260611_171240,delta-asda-b3-e,4663,RTSO|SO|OE|VE|QS|ACK,1,0,56112,-1,6,0.02562,8,0.019128,307,47,4270,2391,6000,,1200,,,,acceleration,elevated_load,0,no_load,cw,B3: sharp but allowed acc/dec,servo-app/lab-0.1
1781172785.0474863,24.077077865600586,B3_ACC_DEC_SHARP,B3_ACC_DEC_SHARP_R02_20260611_171240,delta-asda-b3-e,567,RTSO|SO|OE|VE|QS,1,0,7684,-3,-14,-0.05978,-15,-0.035865,306,47,4270,2391,6000,,1200,,,,acceleration,elevated_load,0,no_load,cw,B3: sharp but allowed acc/dec,servo-app/lab-0.1
1781172785.1480432,24.177634716033936,B3_ACC_DEC_SHARP,B3_ACC_DEC_SHARP_R02_20260611_171240,delta-asda-b3-e,567,RTSO|SO|OE|VE|QS,1,0,5843,0,-12,-0.05124,-12,-0.028692,307,47,4270,2391,6000,,1200,,,,acceleration,elevated_load,0,no_load,cw,B3: sharp but allowed acc/dec,servo-app/lab-0.1
1781172785.248542,24.278133630752563,B3_ACC_DEC_SHARP,B3_ACC_DEC_SHARP_R02_20260611_171240,delta-asda-b3-e,567,RTSO|SO|OE|VE|QS,1,0,5963,0,-10,-0.0427,-10,-0.02391,307,47,4270,2391,6000,,1200,,,,acceleration,elevated_load,0,no_load,cw,B3: sharp but allowed acc/dec,servo-app/lab-0.1
1781172785.3489654,24.378556966781616,B3_ACC_DEC_SHARP,B3_ACC_DEC_SHARP_R02_20260611_171240,delta-asda-b3-e,567,RTSO|SO|OE|VE|QS,1,0,29279,41,15,0.06405,15,0.035865,307,47,4270,2391,6000,,1200,,,,acceleration,elevated_load,0,no_load,cw,B3: sharp but allowed acc/dec,servo-app/lab-0.1
1781172785.4494596,24.479051113128662,B3_ACC_DEC_SHARP,B3_ACC_DEC_SHARP_R02_20260611_171240,delta-asda-b3-e,567,RTSO|SO|OE|VE|QS,1,0,55373,2,18,0.07686,18,0.043038,307,47,4270,2391,6000,,1200,,,,acceleration,elevated_load,0,no_load,cw,B3: sharp but allowed acc/dec,servo-app/lab-0.1
1781172785.549933,24.579524517059326,B3_ACC_DEC_SHARP,B3_ACC_DEC_SHARP_R02_20260611_171240,delta-asda-b3-e,567,RTSO|SO|OE|VE|QS,1,0,15746,-16,-15,-0.06405,-15,-0.035865,307,47,4270,2391,6000,,1200,,,,acceleration,elevated_load,0,no_load,cw,B3: sharp but allowed acc/dec,servo-app/lab-0.1
1781172785.6500897,24.679681301116943,B3_ACC_DEC_SHARP,B3_ACC_DEC_SHARP_R02_20260611_171240,delta-asda-b3-e,1591,RTSO|SO|OE|VE|QS|TR,1,0,6125,-1,-12,-0.05124,-12,-0.028692,307,47,4270,2391,6000,,1200,,,,acceleration,elevated_load,0,no_load,cw,B3: sharp but allowed acc/dec,servo-app/lab-0.1
1781172785.7504685,24.780060052871704,B3_ACC_DEC_SHARP,B3_ACC_DEC_SHARP_R02_20260611_171240,delta-asda-b3-e,567,RTSO|SO|OE|VE|QS,1,0,52806,6,18,0.07686,17,0.040647,307,47,4270,2391,6000,,1200,,,,acceleration,elevated_load,0,no_load,cw,B3: sharp but allowed acc/dec,servo-app/lab-0.1
1781172785.8505065,24.88009810447693,B3_ACC_DEC_SHARP,B3_ACC_DEC_SHARP_R02_20260611_171240,delta-asda-b3-e,567,RTSO|SO|OE|VE|QS,1,0,44180,-30,-12,-0.05124,-10,-0.02391,307,47,4270,2391,6000,,1200,,,,acceleration,elevated_load,0,no_load,cw,B3: sharp but allowed acc/dec,servo-app/lab-0.1
1781172785.950939,24.980530500411987,B3_ACC_DEC_SHARP,B3_ACC_DEC_SHARP_R02_20260611_171240,delta-asda-b3-e,567,RTSO|SO|OE|VE|QS,1,0,7089,-2,-13,-0.05551,-15,-0.035865,307,47,4270,2391,6000,,1200,,,,acceleration,elevated_load,0,no_load,cw,B3: sharp but allowed acc/dec,servo-app/lab-0.1
1781172786.0512455,25.08083701133728,B3_ACC_DEC_SHARP,B3_ACC_DEC_SHARP_R02_20260611_171240,delta-asda-b3-e,567,RTSO|SO|OE|VE|QS,1,0,5863,0,-12,-0.05124,-11,-0.026301,307,47,4270,2391,6000,,1200,,,,acceleration,elevated_load,0,no_load,cw,B3: sharp but allowed acc/dec,servo-app/lab-0.1
1781172786.1516883,25.18127989768982,B3_ACC_DEC_SHARP,B3_ACC_DEC_SHARP_R02_20260611_171240,delta-asda-b3-e,567,RTSO|SO|OE|VE|QS,1,0,5977,0,-9,-0.03843,-10,-0.02391,307,47,4270,2391,6000,,1200,,,,acceleration,elevated_load,0,no_load,cw,B3: sharp but allowed acc/dec,servo-app/lab-0.1
1781172786.2520182,25.281609773635864,B3_ACC_DEC_SHARP,B3_ACC_DEC_SHARP_R02_20260611_171240,delta-asda-b3-e,1591,RTSO|SO|OE|VE|QS|TR,1,0,6055,0,-9,-0.03843,-9,-0.021519,307,47,4270,2391,6000,,1200,,,,acceleration,elevated_load,0,no_load,cw,B3: sharp but allowed acc/dec,servo-app/lab-0.1
1781172786.3524644,25.38205599784851,B3_ACC_DEC_SHARP,B3_ACC_DEC_SHARP_R02_20260611_171240,delta-asda-b3-e,567,RTSO|SO|OE|VE|QS,1,0,53804,5,19,0.08113,18,0.043038,307,47,4270,2391,6000,,1200,,,,acceleration,elevated_load,0,no_load,cw,B3: sharp but allowed acc/dec,servo-app/lab-0.1
1781172786.4527185,25.4823100566864,B3_ACC_DEC_SHARP,B3_ACC_DEC_SHARP_R02_20260611_171240,delta-asda-b3-e,567,RTSO|SO|OE|VE|QS,1,0,40818,-35,-12,-0.05124,-11,-0.026301,307,47,4270,2391,6000,,1200,,,,acceleration,elevated_load,0,no_load,cw,B3: sharp but allowed acc/dec,servo-app/lab-0.1
1781172786.5530362,25.582627773284912,B3_ACC_DEC_SHARP,B3_ACC_DEC_SHARP_R02_20260611_171240,delta-asda-b3-e,567,RTSO|SO|OE|VE|QS,1,0,7003,-2,-14,-0.05978,-15,-0.035865,307,47,4270,2391,6000,,1200,,,,acceleration,elevated_load,0,no_load,cw,B3: sharp but allowed acc/dec,servo-app/lab-0.1
1781172786.65363,25.683221578598022,B3_ACC_DEC_SHARP,B3_ACC_DEC_SHARP_R02_20260611_171240,delta-asda-b3-e,567,RTSO|SO|OE|VE|QS,1,0,45979,16,18,0.07686,18,0.043038,307,47,4270,2391,6000,,1200,,,,acceleration,elevated_load,0,no_load,cw,B3: sharp but allowed acc/dec,servo-app/lab-0.1
1781172786.754386,25.783977508544922,B3_ACC_DEC_SHARP,B3_ACC_DEC_SHARP_R02_20260611_171240,delta-asda-b3-e,567,RTSO|SO|OE|VE|QS,1,0,56116,1,15,0.06405,16,0.038256,306,47,4270,2391,6000,,1200,,,,acceleration,elevated_load,0,no_load,cw,B3: sharp but allowed acc/dec,servo-app/lab-0.1
1781172786.85472,25.88431167602539,B3_ACC_DEC_SHARP,B3_ACC_DEC_SHARP_R02_20260611_171240,delta-asda-b3-e,567,RTSO|SO|OE|VE|QS,1,0,11018,-8,-15,-0.06405,-15,-0.035865,307,47,4270,2391,6000,,1200,,,,acceleration,elevated_load,0,no_load,cw,B3: sharp but allowed acc/dec,servo-app/lab-0.1
1781172786.9551585,25.984750032424927,B3_ACC_DEC_SHARP,B3_ACC_DEC_SHARP_R02_20260611_171240,delta-asda-b3-e,567,RTSO|SO|OE|VE|QS,1,0,5925,0,-13,-0.05551,-12,-0.028692,307,47,4270,2391,6000,,1200,,,,acceleration,elevated_load,0,no_load,cw,B3: sharp but allowed acc/dec,servo-app/lab-0.1
1781172787.0556805,26.085272073745728,B3_ACC_DEC_SHARP,B3_ACC_DEC_SHARP_R02_20260611_171240,delta-asda-b3-e,567,RTSO|SO|OE|VE|QS,1,0,5891,0,-10,-0.0427,-10,-0.02391,306,47,4270,2391,6000,,1200,,,,acceleration,elevated_load,0,no_load,cw,B3: sharp but allowed acc/dec,servo-app/lab-0.1
1781172787.1562955,26.185887098312378,B3_ACC_DEC_SHARP,B3_ACC_DEC_SHARP_R02_20260611_171240,delta-asda-b3-e,567,RTSO|SO|OE|VE|QS,1,0,6031,0,-9,-0.03843,-9,-0.021519,306,47,4270,2391,6000,,1200,,,,acceleration,elevated_load,0,no_load,cw,B3: sharp but allowed acc/dec,servo-app/lab-0.1
1781172787.2564275,26.28601908683777,B3_ACC_DEC_SHARP,B3_ACC_DEC_SHARP_R02_20260611_171240,delta-asda-b3-e,567,RTSO|SO|OE|VE|QS,1,0,48391,13,19,0.08113,18,0.043038,306,47,4270,2391,6000,,1200,,,,acceleration,elevated_load,0,no_load,cw,B3: sharp but allowed acc/dec,servo-app/lab-0.1
1781172787.3567953,26.38638687133789,B3_ACC_DEC_SHARP,B3_ACC_DEC_SHARP_R02_20260611_171240,delta-asda-b3-e,1591,RTSO|SO|OE|VE|QS|TR,1,0,56178,1,16,0.06832,16,0.038256,306,47,4270,2391,6000,,1200,,,,acceleration,elevated_load,0,no_load,cw,B3: sharp but allowed acc/dec,servo-app/lab-0.1
1781172787.4570804,26.486671924591064,B3_ACC_DEC_SHARP,B3_ACC_DEC_SHARP_R02_20260611_171240,delta-asda-b3-e,567,RTSO|SO|OE|VE|QS,1,0,10010,-7,-15,-0.06405,-16,-0.038256,306,47,4270,2391,6000,,1200,,,,acceleration,elevated_load,0,no_load,cw,B3: sharp but allowed acc/dec,servo-app/lab-0.1
1781172787.5575864,26.587177991867065,B3_ACC_DEC_SHARP,B3_ACC_DEC_SHARP_R02_20260611_171240,delta-asda-b3-e,567,RTSO|SO|OE|VE|QS,1,0,13462,24,14,0.05978,15,0.035865,306,47,4270,2391,6000,,1200,,,,acceleration,elevated_load,0,no_load,cw,B3: sharp but allowed acc/dec,servo-app/lab-0.1
1781172787.6578865,26.687478065490723,B3_ACC_DEC_SHARP,B3_ACC_DEC_SHARP_R02_20260611_171240,delta-asda-b3-e,567,RTSO|SO|OE|VE|QS,1,0,54827,3,17,0.07259,17,0.040647,306,47,4270,2391,6000,,1200,,,,acceleration,elevated_load,0,no_load,cw,B3: sharp but allowed acc/dec,servo-app/lab-0.1
1781172787.7580001,26.787591695785522,B3_ACC_DEC_SHARP,B3_ACC_DEC_SHARP_R02_20260611_171240,delta-asda-b3-e,567,RTSO|SO|OE|VE|QS,1,0,18922,-20,-14,-0.05978,-14,-0.033474,307,47,4270,2391,6000,,1200,,,,acceleration,elevated_load,0,no_load,cw,B3: sharp but allowed acc/dec,servo-app/lab-0.1
1781172787.8580375,26.88762903213501,B3_ACC_DEC_SHARP,B3_ACC_DEC_SHARP_R02_20260611_171240,delta-asda-b3-e,567,RTSO|SO|OE|VE|QS,1,0,6269,-1,-13,-0.05551,-13,-0.031083,306,47,4270,2391,6000,,1200,,,,acceleration,elevated_load,0,no_load,cw,B3: sharp but allowed acc/dec,servo-app/lab-0.1
1781172787.958178,26.987769603729248,B3_ACC_DEC_SHARP,B3_ACC_DEC_SHARP_R02_20260611_171240,delta-asda-b3-e,567,RTSO|SO|OE|VE|QS,1,0,50822,9,18,0.07686,18,0.043038,306,47,4270,2391,6000,,1200,,,,acceleration,elevated_load,0,no_load,cw,B3: sharp but allowed acc/dec,servo-app/lab-0.1
1781172788.058266,27.087857484817505,B3_ACC_DEC_SHARP,B3_ACC_DEC_SHARP_R02_20260611_171240,delta-asda-b3-e,567,RTSO|SO|OE|VE|QS,1,0,53752,-10,-15,-0.06405,-8,-0.019128,306,47,4270,2391,6000,,1200,,,,acceleration,elevated_load,0,no_load,cw,B3: sharp but allowed acc/dec,servo-app/lab-0.1
1781172788.1587648,27.188356399536133,B3_ACC_DEC_SHARP,B3_ACC_DEC_SHARP_R02_20260611_171240,delta-asda-b3-e,567,RTSO|SO|OE|VE|QS,1,0,7596,-3,-14,-0.05978,-14,-0.033474,306,47,4270,2391,6000,,1200,,,,acceleration,elevated_load,0,no_load,cw,B3: sharp but allowed acc/dec,servo-app/lab-0.1
1781172788.2588964,27.288487911224365,B3_ACC_DEC_SHARP,B3_ACC_DEC_SHARP_R02_20260611_171240,delta-asda-b3-e,567,RTSO|SO|OE|VE|QS,1,0,5863,0,-11,-0.04697,-12,-0.028692,306,47,4270,2391,6000,,1200,,,,acceleration,elevated_load,0,no_load,cw,B3: sharp but allowed acc/dec,servo-app/lab-0.1
1781172788.3590555,27.388647079467773,B3_ACC_DEC_SHARP,B3_ACC_DEC_SHARP_R02_20260611_171240,delta-asda-b3-e,567,RTSO|SO|OE|VE|QS,1,0,5967,0,-9,-0.03843,-10,-0.02391,306,47,4270,2391,6000,,1200,,,,acceleration,elevated_load,0,no_load,cw,B3: sharp but allowed acc/dec,servo-app/lab-0.1
1781172788.459568,27.48915958404541,B3_ACC_DEC_SHARP,B3_ACC_DEC_SHARP_R02_20260611_171240,delta-asda-b3-e,1591,RTSO|SO|OE|VE|QS|TR,1,0,6057,0,-8,-0.03416,-9,-0.021519,306,47,4270,2391,6000,,1200,,,,acceleration,elevated_load,0,no_load,cw,B3: sharp but allowed acc/dec,servo-app/lab-0.1
1781172788.5598593,27.58945083618164,B3_ACC_DEC_SHARP,B3_ACC_DEC_SHARP_R02_20260611_171240,delta-asda-b3-e,567,RTSO|SO|OE|VE|QS,1,0,52634,6,18,0.07686,19,0.045429,306,47,4270,2391,6000,,1200,,,,acceleration,elevated_load,0,no_load,cw,B3: sharp but allowed acc/dec,servo-app/lab-0.1
1781172788.6601915,27.689783096313477,B3_ACC_DEC_SHARP,B3_ACC_DEC_SHARP_R02_20260611_171240,delta-asda-b3-e,567,RTSO|SO|OE|VE|QS,1,0,47334,-24,-11,-0.04697,-15,-0.035865,306,47,4270,2391,6000,,1200,,,,acceleration,elevated_load,0,no_load,cw,B3: sharp but allowed acc/dec,servo-app/lab-0.1
1781172788.7604852,27.790076732635498,B3_ACC_DEC_SHARP,B3_ACC_DEC_SHARP_R02_20260611_171240,delta-asda-b3-e,567,RTSO|SO|OE|VE|QS,1,0,7171,-2,-14,-0.05978,-14,-0.033474,306,47,4270,2391,6000,,1200,,,,acceleration,elevated_load,0,no_load,cw,B3: sharp but allowed acc/dec,servo-app/lab-0.1
1781172788.8613064,27.89089798927307,B3_ACC_DEC_SHARP,B3_ACC_DEC_SHARP_R02_20260611_171240,delta-asda-b3-e,567,RTSO|SO|OE|VE|QS,1,0,44144,19,17,0.07259,18,0.043038,307,47,4270,2391,6000,,1200,,,,acceleration,elevated_load,0,no_load,cw,B3: sharp but allowed acc/dec,servo-app/lab-0.1
1781172788.9615896,27.991181135177612,B3_ACC_DEC_SHARP,B3_ACC_DEC_SHARP_R02_20260611_171240,delta-asda-b3-e,567,RTSO|SO|OE|VE|QS,1,0,55956,1,16,0.06832,17,0.040647,307,47,4270,2391,6000,,1200,,,,acceleration,elevated_load,0,no_load,cw,B3: sharp but allowed acc/dec,servo-app/lab-0.1
1781172789.0619676,28.091559171676636,B3_ACC_DEC_SHARP,B3_ACC_DEC_SHARP_R02_20260611_171240,delta-asda-b3-e,567,RTSO|SO|OE|VE|QS,1,0,11783,-10,-14,-0.05978,-15,-0.035865,306,47,4270,2391,6000,,1200,,,,acceleration,elevated_load,0,no_load,cw,B3: sharp but allowed acc/dec,servo-app/lab-0.1
1781172789.162436,28.19202756881714,B3_ACC_DEC_SHARP,B3_ACC_DEC_SHARP_R02_20260611_171240,delta-asda-b3-e,567,RTSO|SO|OE|VE|QS,1,0,5957,0,-13,-0.05551,-11,-0.026301,306,47,4270,2391,6000,,1200,,,,acceleration,elevated_load,0,no_load,cw,B3: sharp but allowed acc/dec,servo-app/lab-0.1
1781172789.2627559,28.29234743118286,B3_ACC_DEC_SHARP,B3_ACC_DEC_SHARP_R02_20260611_171240,delta-asda-b3-e,567,RTSO|SO|OE|VE|QS,1,0,5899,0,-10,-0.0427,-10,-0.02391,306,47,4270,2391,6000,,1200,,,,acceleration,elevated_load,0,no_load,cw,B3: sharp but allowed acc/dec,servo-app/lab-0.1
1781172789.3629134,28.392504930496216,B3_ACC_DEC_SHARP,B3_ACC_DEC_SHARP_R02_20260611_171240,delta-asda-b3-e,1591,RTSO|SO|OE|VE|QS|TR,1,0,6009,0,-9,-0.03843,-9,-0.021519,306,47,4270,2391,6000,,1200,,,,acceleration,elevated_load,0,no_load,cw,B3: sharp but allowed acc/dec,servo-app/lab-0.1
1781172789.4633045,28.49289608001709,B3_ACC_DEC_SHARP,B3_ACC_DEC_SHARP_R02_20260611_171240,delta-asda-b3-e,567,RTSO|SO|OE|VE|QS,1,0,47316,15,18,0.07686,17,0.040647,306,47,4270,2391,6000,,1200,,,,acceleration,elevated_load,0,no_load,cw,B3: sharp but allowed acc/dec,servo-app/lab-0.1
1781172789.5633292,28.592920780181885,B3_ACC_DEC_SHARP,B3_ACC_DEC_SHARP_R02_20260611_171240,delta-asda-b3-e,1591,RTSO|SO|OE|VE|QS|TR,1,0,56136,1,16,0.06832,17,0.040647,306,47,4270,2391,6000,,1200,,,,acceleration,elevated_load,0,no_load,cw,B3: sharp but allowed acc/dec,servo-app/lab-0.1
1781172789.6635299,28.693121433258057,B3_ACC_DEC_SHARP,B3_ACC_DEC_SHARP_R02_20260611_171240,delta-asda-b3-e,567,RTSO|SO|OE|VE|QS,1,0,12335,-11,-15,-0.06405,-14,-0.033474,306,47,4270,2391,6000,,1200,,,,acceleration,elevated_load,0,no_load,cw,B3: sharp but allowed acc/dec,servo-app/lab-0.1
1781172789.763759,28.79335045814514,B3_ACC_DEC_SHARP,B3_ACC_DEC_SHARP_R02_20260611_171240,delta-asda-b3-e,4663,RTSO|SO|OE|VE|QS|ACK,1,0,6399,3,0,0.0,-2,-0.004782,306,47,4270,2391,6000,,1200,,,,acceleration,elevated_load,0,no_load,cw,B3: sharp but allowed acc/dec,servo-app/lab-0.1
1781172789.8644605,28.894052028656006,B3_ACC_DEC_SHARP,B3_ACC_DEC_SHARP_R02_20260611_171240,delta-asda-b3-e,567,RTSO|SO|OE|VE|QS,1,0,54401,4,18,0.07686,18,0.043038,307,47,4270,2391,6000,,1200,,,,acceleration,elevated_load,0,no_load,cw,B3: sharp but allowed acc/dec,servo-app/lab-0.1
1781172789.9649906,28.994582176208496,B3_ACC_DEC_SHARP,B3_ACC_DEC_SHARP_R02_20260611_171240,delta-asda-b3-e,567,RTSO|SO|OE|VE|QS,1,0,56394,0,15,0.06405,14,0.033474,306,47,4270,2391,6000,,1200,,,,acceleration,elevated_load,0,no_load,cw,B3: sharp but allowed acc/dec,servo-app/lab-0.1
1781172790.065325,29.094916582107544,B3_ACC_DEC_SHARP,B3_ACC_DEC_SHARP_R02_20260611_171240,delta-asda-b3-e,567,RTSO|SO|OE|VE|QS,1,0,56308,0,13,0.05551,14,0.033474,306,47,4270,2391,6000,,1200,,,,acceleration,elevated_load,0,no_load,cw,B3: sharp but allowed acc/dec,servo-app/lab-0.1
1781172790.1655147,29.195106267929077,B3_ACC_DEC_SHARP,B3_ACC_DEC_SHARP_R02_20260611_171240,delta-asda-b3-e,567,RTSO|SO|OE|VE|QS,1,0,38682,-39,-13,-0.05551,-12,-0.028692,306,47,4270,2391,6000,,1200,,,,acceleration,elevated_load,0,no_load,cw,B3: sharp but allowed acc/dec,servo-app/lab-0.1
1781172790.2658725,29.295464038848877,B3_ACC_DEC_SHARP,B3_ACC_DEC_SHARP_R02_20260611_171240,delta-asda-b3-e,567,RTSO|SO|OE|VE|QS,1,0,6945,-2,-15,-0.06405,-14,-0.033474,306,47,4270,2391,6000,,1200,,,,acceleration,elevated_load,0,no_load,cw,B3: sharp but allowed acc/dec,servo-app/lab-0.1
1781172790.3659241,29.39551568031311,B3_ACC_DEC_SHARP,B3_ACC_DEC_SHARP_R02_20260611_171240,delta-asda-b3-e,567,RTSO|SO|OE|VE|QS,1,0,45953,17,18,0.07686,18,0.043038,306,47,4270,2391,6000,,1200,,,,acceleration,elevated_load,0,no_load,cw,B3: sharp but allowed acc/dec,servo-app/lab-0.1
1781172790.4664507,29.496042251586914,B3_ACC_DEC_SHARP,B3_ACC_DEC_SHARP_R02_20260611_171240,delta-asda-b3-e,1591,RTSO|SO|OE|VE|QS|TR,1,0,56078,1,16,0.06832,16,0.038256,306,47,4270,2391,6000,,1200,,,,acceleration,elevated_load,0,no_load,cw,B3: sharp but allowed acc/dec,servo-app/lab-0.1
1781172790.5665455,29.596137046813965,B3_ACC_DEC_SHARP,B3_ACC_DEC_SHARP_R02_20260611_171240,delta-asda-b3-e,567,RTSO|SO|OE|VE|QS,1,0,11050,-9,-15,-0.06405,-15,-0.035865,306,47,4270,2391,6000,,1200,,,,acceleration,elevated_load,0,no_load,cw,B3: sharp but allowed acc/dec,servo-app/lab-0.1
1781172790.6668978,29.696489334106445,B3_ACC_DEC_SHARP,B3_ACC_DEC_SHARP_R02_20260611_171240,delta-asda-b3-e,567,RTSO|SO|OE|VE|QS,1,0,9235,10,15,0.06405,8,0.019128,306,47,4270,2391,6000,,1200,,,,acceleration,elevated_load,0,no_load,cw,B3: sharp but allowed acc/dec,servo-app/lab-0.1
1781172790.7670178,29.79660940170288,B3_ACC_DEC_SHARP,B3_ACC_DEC_SHARP_R02_20260611_171240,delta-asda-b3-e,567,RTSO|SO|OE|VE|QS,1,0,54677,3,18,0.07686,17,0.040647,306,47,4270,2391,6000,,1200,,,,acceleration,elevated_load,0,no_load,cw,B3: sharp but allowed acc/dec,servo-app/lab-0.1
1781172790.8671591,29.896750688552856,B3_ACC_DEC_SHARP,B3_ACC_DEC_SHARP_R02_20260611_171240,delta-asda-b3-e,567,RTSO|SO|OE|VE|QS,1,0,56398,0,14,0.05978,14,0.033474,307,47,4270,2391,6000,,1200,,,,acceleration,elevated_load,0,no_load,cw,B3: sharp but allowed acc/dec,servo-app/lab-0.1
1781172790.967837,29.99742865562439,B3_ACC_DEC_SHARP,B3_ACC_DEC_SHARP_R02_20260611_171240,delta-asda-b3-e,567,RTSO|SO|OE|VE|QS,1,0,56280,0,13,0.05551,13,0.031083,307,47,4270,2391,6000,,1200,,,,acceleration,elevated_load,0,no_load,cw,B3: sharp but allowed acc/dec,servo-app/lab-0.1
1781172791.068138,30.097729444503784,B3_ACC_DEC_SHARP,B3_ACC_DEC_SHARP_R02_20260611_171240,delta-asda-b3-e,1591,RTSO|SO|OE|VE|QS|TR,1,0,56178,0,12,0.05124,13,0.031083,307,47,4270,2391,6000,,1200,,,,acceleration,elevated_load,0,no_load,cw,B3: sharp but allowed acc/dec,servo-app/lab-0.1
1781172791.168611,30.19820261001587,B3_ACC_DEC_SHARP,B3_ACC_DEC_SHARP_R02_20260611_171240,delta-asda-b3-e,567,RTSO|SO|OE|VE|QS,1,0,9111,-5,-15,-0.06405,-15,-0.035865,306,47,4270,2391,6000,,1200,,,,acceleration,elevated_load,0,no_load,cw,B3: sharp but allowed acc/dec,servo-app/lab-0.1
1781172791.2691321,30.298723697662354,B3_ACC_DEC_SHARP,B3_ACC_DEC_SHARP_R02_20260611_171240,delta-asda-b3-e,567,RTSO|SO|OE|VE|QS,1,0,22917,36,15,0.06405,15,0.035865,307,47,4270,2391,6000,,1200,,,,acceleration,elevated_load,0,no_load,cw,B3: sharp but allowed acc/dec,servo-app/lab-0.1
1781172791.3697078,30.399299383163452,B3_ACC_DEC_SHARP,B3_ACC_DEC_SHARP_R02_20260611_171240,delta-asda-b3-e,567,RTSO|SO|OE|VE|QS,1,0,55179,2,18,0.07686,17,0.040647,306,47,4270,2391,6000,,1200,,,,acceleration,elevated_load,0,no_load,cw,B3: sharp but allowed acc/dec,servo-app/lab-0.1
1781172791.4698534,30.49944496154785,B3_ACC_DEC_SHARP,B3_ACC_DEC_SHARP_R02_20260611_171240,delta-asda-b3-e,567,RTSO|SO|OE|VE|QS,1,0,17021,-18,-14,-0.05978,-15,-0.035865,306,47,4270,2391,6000,,1200,,,,acceleration,elevated_load,0,no_load,cw,B3: sharp but allowed acc/dec,servo-app/lab-0.1
1781172791.5703032,30.599894762039185,B3_ACC_DEC_SHARP,B3_ACC_DEC_SHARP_R02_20260611_171240,delta-asda-b3-e,1591,RTSO|SO|OE|VE|QS|TR,1,0,6177,-1,-13,-0.05551,-14,-0.033474,306,47,4270,2391,6000,,1200,,,,acceleration,elevated_load,0,no_load,cw,B3: sharp but allowed acc/dec,servo-app/lab-0.1
1781172791.670767,30.700358629226685,B3_ACC_DEC_SHARP,B3_ACC_DEC_SHARP_R02_20260611_171240,delta-asda-b3-e,567,RTSO|SO|OE|VE|QS,1,0,50642,9,18,0.07686,18,0.043038,306,47,4270,2391,6000,,1200,,,,acceleration,elevated_load,0,no_load,cw,B3: sharp but allowed acc/dec,servo-app/lab-0.1
1781172791.770899,30.800490617752075,B3_ACC_DEC_SHARP,B3_ACC_DEC_SHARP_R02_20260611_171240,delta-asda-b3-e,567,RTSO|SO|OE|VE|QS,1,0,56240,0,16,0.06832,15,0.035865,307,47,4270,2391,6000,,1200,,,,acceleration,elevated_load,0,no_load,cw,B3: sharp but allowed acc/dec,servo-app/lab-0.1
1781172791.8713195,30.90091109275818,B3_ACC_DEC_SHARP,B3_ACC_DEC_SHARP_R02_20260611_171240,delta-asda-b3-e,567,RTSO|SO|OE|VE|QS,1,0,56314,0,13,0.05551,14,0.033474,307,47,4270,2391,6000,,1200,,,,acceleration,elevated_load,0,no_load,cw,B3: sharp but allowed acc/dec,servo-app/lab-0.1
1781172791.9714327,31.00102424621582,B3_ACC_DEC_SHARP,B3_ACC_DEC_SHARP_R02_20260611_171240,delta-asda-b3-e,1591,RTSO|SO|OE|VE|QS|TR,1,0,56202,0,13,0.05551,13,0.031083,306,47,4270,2391,6000,,1200,,,,acceleration,elevated_load,0,no_load,cw,B3: sharp but allowed acc/dec,servo-app/lab-0.1
1781172792.0714664,31.10105800628662,B3_ACC_DEC_SHARP,B3_ACC_DEC_SHARP_R02_20260611_171240,delta-asda-b3-e,567,RTSO|SO|OE|VE|QS,1,0,15251,-15,-15,-0.06405,-13,-0.031083,306,47,4270,2391,6000,,1200,,,,acceleration,elevated_load,0,no_load,cw,B3: sharp but allowed acc/dec,servo-app/lab-0.1
1781172792.1717968,31.201388359069824,B3_ACC_DEC_SHARP,B3_ACC_DEC_SHARP_R02_20260611_171240,delta-asda-b3-e,1591,RTSO|SO|OE|VE|QS|TR,1,0,6115,-1,-13,-0.05551,-13,-0.031083,306,47,4270,2391,6000,,1200,,,,acceleration,elevated_load,0,no_load,cw,B3: sharp but allowed acc/dec,servo-app/lab-0.1
1781172792.2720523,31.30164384841919,B3_ACC_DEC_SHARP,B3_ACC_DEC_SHARP_R02_20260611_171240,delta-asda-b3-e,567,RTSO|SO|OE|VE|QS,1,0,50070,10,18,0.07686,19,0.045429,306,47,4270,2391,6000,,1200,,,,acceleration,elevated_load,0,no_load,cw,B3: sharp but allowed acc/dec,servo-app/lab-0.1
1781172792.3721242,31.401715755462646,B3_ACC_DEC_SHARP,B3_ACC_DEC_SHARP_R02_20260611_171240,delta-asda-b3-e,4663,RTSO|SO|OE|VE|QS|ACK,1,0,56186,0,8,0.03416,11,0.026301,306,47,4270,2391,6000,,1200,,,,acceleration,elevated_load,0,no_load,cw,B3: sharp but allowed acc/dec,servo-app/lab-0.1
1781172792.4725673,31.502158880233765,B3_ACC_DEC_SHARP,B3_ACC_DEC_SHARP_R02_20260611_171240,delta-asda-b3-e,567,RTSO|SO|OE|VE|QS,1,0,7912,-4,-15,-0.06405,-14,-0.033474,306,47,4270,2391,6000,,1200,,,,acceleration,elevated_load,0,no_load,cw,B3: sharp but allowed acc/dec,servo-app/lab-0.1
1781172792.5726023,31.60219383239746,B3_ACC_DEC_SHARP,B3_ACC_DEC_SHARP_R02_20260611_171240,delta-asda-b3-e,567,RTSO|SO|OE|VE|QS,1,0,5863,0,-11,-0.04697,-12,-0.028692,306,47,4270,2391,6000,,1200,,,,acceleration,elevated_load,0,no_load,cw,B3: sharp but allowed acc/dec,servo-app/lab-0.1
1781172792.6729817,31.70257329940796,B3_ACC_DEC_SHARP,B3_ACC_DEC_SHARP_R02_20260611_171240,delta-asda-b3-e,567,RTSO|SO|OE|VE|QS,1,0,5957,0,-10,-0.0427,-10,-0.02391,306,47,4270,2391,6000,,1200,,,,acceleration,elevated_load,0,no_load,cw,B3: sharp but allowed acc/dec,servo-app/lab-0.1
1781172792.7733412,31.802932739257812,B3_ACC_DEC_SHARP,B3_ACC_DEC_SHARP_R02_20260611_171240,delta-asda-b3-e,567,RTSO|SO|OE|VE|QS,1,0,23447,39,16,0.06832,16,0.038256,306,47,4270,2391,6000,,1200,,,,acceleration,elevated_load,0,no_load,cw,B3: sharp but allowed acc/dec,servo-app/lab-0.1
1781172792.8734415,31.903033018112183,B3_ACC_DEC_SHARP,B3_ACC_DEC_SHARP_R02_20260611_171240,delta-asda-b3-e,567,RTSO|SO|OE|VE|QS,1,0,55185,2,16,0.06832,17,0.040647,307,47,4270,2391,6000,,1200,,,,acceleration,elevated_load,0,no_load,cw,B3: sharp but allowed acc/dec,servo-app/lab-0.1
1781172792.9738247,32.003416299819946,B3_ACC_DEC_SHARP,B3_ACC_DEC_SHARP_R02_20260611_171240,delta-asda-b3-e,567,RTSO|SO|OE|VE|QS,1,0,16390,-17,-14,-0.05978,-14,-0.033474,306,47,4270,2391,6000,,1200,,,,acceleration,elevated_load,0,no_load,cw,B3: sharp but allowed acc/dec,servo-app/lab-0.1
1781172793.074117,32.10370850563049,B3_ACC_DEC_SHARP,B3_ACC_DEC_SHARP_R02_20260611_171240,delta-asda-b3-e,1591,RTSO|SO|OE|VE|QS|TR,1,0,6095,-1,-13,-0.05551,-13,-0.031083,306,47,4270,2391,6000,,1200,,,,acceleration,elevated_load,0,no_load,cw,B3: sharp but allowed acc/dec,servo-app/lab-0.1
1781172793.174267,32.203858613967896,B3_ACC_DEC_SHARP,B3_ACC_DEC_SHARP_R02_20260611_171240,delta-asda-b3-e,567,RTSO|SO|OE|VE|QS,1,0,5869,0,-11,-0.04697,-12,-0.028692,306,47,4270,2391,6000,,1200,,,,acceleration,elevated_load,0,no_load,cw,B3: sharp but allowed acc/dec,servo-app/lab-0.1
1781172793.2745304,32.30412197113037,B3_ACC_DEC_SHARP,B3_ACC_DEC_SHARP_R02_20260611_171240,delta-asda-b3-e,567,RTSO|SO|OE|VE|QS,1,0,5989,0,-9,-0.03843,-9,-0.021519,306,47,4270,2391,6000,,1200,,,,acceleration,elevated_load,0,no_load,cw,B3: sharp but allowed acc/dec,servo-app/lab-0.1
1781172793.3749847,32.40457630157471,B3_ACC_DEC_SHARP,B3_ACC_DEC_SHARP_R02_20260611_171240,delta-asda-b3-e,567,RTSO|SO|OE|VE|QS,1,0,20209,36,15,0.06405,15,0.035865,306,47,4270,2391,6000,,1200,,,,acceleration,elevated_load,0,no_load,cw,B3: sharp but allowed acc/dec,servo-app/lab-0.1
1781172793.4751098,32.504701375961304,B3_ACC_DEC_SHARP,B3_ACC_DEC_SHARP_R02_20260611_171240,delta-asda-b3-e,567,RTSO|SO|OE|VE|QS,1,0,55259,2,17,0.07259,17,0.040647,306,47,4270,2391,6000,,1200,,,,acceleration,elevated_load,0,no_load,cw,B3: sharp but allowed acc/dec,servo-app/lab-0.1
1781172793.5758345,32.60542607307434,B3_ACC_DEC_SHARP,B3_ACC_DEC_SHARP_R02_20260611_171240,delta-asda-b3-e,567,RTSO|SO|OE|VE|QS,1,0,17385,-18,-15,-0.06405,-15,-0.035865,306,47,4270,2391,6000,,1200,,,,acceleration,elevated_load,0,no_load,cw,B3: sharp but allowed acc/dec,servo-app/lab-0.1
1781172793.6759195,32.70551109313965,B3_ACC_DEC_SHARP,B3_ACC_DEC_SHARP_R02_20260611_171240,delta-asda-b3-e,567,RTSO|SO|OE|VE|QS,1,0,6145,-1,-13,-0.05551,-14,-0.033474,307,47,4270,2391,6000,,1200,,,,acceleration,elevated_load,0,no_load,cw,B3: sharp but allowed acc/dec,servo-app/lab-0.1
1781172793.7763503,32.80594182014465,B3_ACC_DEC_SHARP,B3_ACC_DEC_SHARP_R02_20260611_171240,delta-asda-b3-e,567,RTSO|SO|OE|VE|QS,1,0,50280,10,19,0.08113,18,0.043038,307,47,4270,2391,6000,,1200,,,,acceleration,elevated_load,0,no_load,cw,B3: sharp but allowed acc/dec,servo-app/lab-0.1
1781172793.8763702,32.905961751937866,B3_ACC_DEC_SHARP,B3_ACC_DEC_SHARP_R02_20260611_171240,delta-asda-b3-e,4663,RTSO|SO|OE|VE|QS|ACK,1,0,56234,0,4,0.01708,10,0.02391,307,47,4270,2391,6000,,1200,,,,acceleration,elevated_load,0,no_load,cw,B3: sharp but allowed acc/dec,servo-app/lab-0.1
1781172793.9770195,33.00661110877991,B3_ACC_DEC_SHARP,B3_ACC_DEC_SHARP_R02_20260611_171240,delta-asda-b3-e,567,RTSO|SO|OE|VE|QS,1,0,7834,-4,-14,-0.05978,-15,-0.035865,306,47,4270,2391,6000,,1200,,,,acceleration,elevated_load,0,no_load,cw,B3: sharp but allowed acc/dec,servo-app/lab-0.1
1781172794.0777578,33.10734939575195,B3_ACC_DEC_SHARP,B3_ACC_DEC_SHARP_R02_20260611_171240,delta-asda-b3-e,567,RTSO|SO|OE|VE|QS,1,0,29946,40,15,0.06405,14,0.033474,306,47,4270,2391,6000,,1200,,,,acceleration,elevated_load,0,no_load,cw,B3: sharp but allowed acc/dec,servo-app/lab-0.1
1781172794.1779528,33.20754432678223,B3_ACC_DEC_SHARP,B3_ACC_DEC_SHARP_R02_20260611_171240,delta-asda-b3-e,567,RTSO|SO|OE|VE|QS,1,0,55393,2,17,0.07259,17,0.040647,306,47,4270,2391,6000,,1200,,,,acceleration,elevated_load,0,no_load,cw,B3: sharp but allowed acc/dec,servo-app/lab-0.1
1781172794.2779882,33.30757975578308,B3_ACC_DEC_SHARP,B3_ACC_DEC_SHARP_R02_20260611_171240,delta-asda-b3-e,567,RTSO|SO|OE|VE|QS,1,0,14825,-14,-14,-0.05978,-16,-0.038256,306,47,4270,2391,6000,,1200,,,,acceleration,elevated_load,0,no_load,cw,B3: sharp but allowed acc/dec,servo-app/lab-0.1
1781172794.3780956,33.407687187194824,B3_ACC_DEC_SHARP,B3_ACC_DEC_SHARP_R02_20260611_171240,delta-asda-b3-e,1591,RTSO|SO|OE|VE|QS|TR,1,0,6095,-1,-13,-0.05551,-13,-0.031083,307,47,4270,2391,6000,,1200,,,,acceleration,elevated_load,0,no_load,cw,B3: sharp but allowed acc/dec,servo-app/lab-0.1
1781172794.4785767,33.50816822052002,B3_ACC_DEC_SHARP,B3_ACC_DEC_SHARP_R02_20260611_171240,delta-asda-b3-e,567,RTSO|SO|OE|VE|QS,1,0,5883,0,-10,-0.0427,-11,-0.026301,307,47,4270,2391,6000,,1200,,,,acceleration,elevated_load,0,no_load,cw,B3: sharp but allowed acc/dec,servo-app/lab-0.1
1781172794.5791748,33.608766317367554,B3_ACC_DEC_SHARP,B3_ACC_DEC_SHARP_R02_20260611_171240,delta-asda-b3-e,567,RTSO|SO|OE|VE|QS,1,0,6009,0,-10,-0.0427,-10,-0.02391,306,47,4270,2391,6000,,1200,,,,acceleration,elevated_load,0,no_load,cw,B3: sharp but allowed acc/dec,servo-app/lab-0.1
1781172794.67963,33.709221601486206,B3_ACC_DEC_SHARP,B3_ACC_DEC_SHARP_R02_20260611_171240,delta-asda-b3-e,567,RTSO|SO|OE|VE|QS,1,0,42367,23,18,0.07686,17,0.040647,307,47,4270,2391,6000,,1200,,,,acceleration,elevated_load,0,no_load,cw,B3: sharp but allowed acc/dec,servo-app/lab-0.1
1781172794.7798274,33.80941891670227,B3_ACC_DEC_SHARP,B3_ACC_DEC_SHARP_R02_20260611_171240,delta-asda-b3-e,567,RTSO|SO|OE|VE|QS,1,0,55872,1,18,0.07686,16,0.038256,307,47,4270,2391,6000,,1200,,,,acceleration,elevated_load,0,no_load,cw,B3: sharp but allowed acc/dec,servo-app/lab-0.1
1781172794.8800511,33.909642696380615,B3_ACC_DEC_SHARP,B3_ACC_DEC_SHARP_R02_20260611_171240,delta-asda-b3-e,567,RTSO|SO|OE|VE|QS,1,0,11607,-9,-14,-0.05978,-16,-0.038256,307,47,4270,2391,6000,,1200,,,,acceleration,elevated_load,0,no_load,cw,B3: sharp but allowed acc/dec,servo-app/lab-0.1
1781172794.9801264,34.00971794128418,B3_ACC_DEC_SHARP,B3_ACC_DEC_SHARP_R02_20260611_171240,delta-asda-b3-e,4663,RTSO|SO|OE|VE|QS|ACK,1,0,7790,8,15,0.06405,10,0.02391,307,47,4270,2391,6000,,1200,,,,acceleration,elevated_load,0,no_load,cw,B3: sharp but allowed acc/dec,servo-app/lab-0.1
1781172795.0804648,34.11005640029907,B3_ACC_DEC_SHARP,B3_ACC_DEC_SHARP_R02_20260611_171240,delta-asda-b3-e,567,RTSO|SO|OE|VE|QS,1,0,54461,3,18,0.07686,17,0.040647,306,47,4270,2391,6000,,1200,,,,acceleration,elevated_load,0,no_load,cw,B3: sharp but allowed acc/dec,servo-app/lab-0.1
1781172795.1808004,34.210391998291016,B3_ACC_DEC_SHARP,B3_ACC_DEC_SHARP_R02_20260611_171240,delta-asda-b3-e,567,RTSO|SO|OE|VE|QS,1,0,25567,-33,-13,-0.05551,-15,-0.035865,306,47,4270,2391,6000,,1200,,,,acceleration,elevated_load,0,no_load,cw,B3: sharp but allowed acc/dec,servo-app/lab-0.1
1781172795.2815678,34.31115937232971,B3_ACC_DEC_SHARP,B3_ACC_DEC_SHARP_R02_20260611_171240,delta-asda-b3-e,567,RTSO|SO|OE|VE|QS,1,0,6555,-1,-14,-0.05978,-13,-0.031083,306,47,4270,2391,6000,,1200,,,,acceleration,elevated_load,0,no_load,cw,B3: sharp but allowed acc/dec,servo-app/lab-0.1
1781172795.3820124,34.411603927612305,B3_ACC_DEC_SHARP,B3_ACC_DEC_SHARP_R02_20260611_171240,delta-asda-b3-e,567,RTSO|SO|OE|VE|QS,1,0,49828,10,17,0.07259,19,0.045429,307,47,4270,2391,6000,,1200,,,,acceleration,elevated_load,0,no_load,cw,B3: sharp but allowed acc/dec,servo-app/lab-0.1
1781172795.482244,34.51183557510376,B3_ACC_DEC_SHARP,B3_ACC_DEC_SHARP_R02_20260611_171240,delta-asda-b3-e,1591,RTSO|SO|OE|VE|QS|TR,1,0,56212,0,15,0.06405,16,0.038256,307,47,4270,2391,6000,,1200,,,,acceleration,elevated_load,0,no_load,cw,B3: sharp but allowed acc/dec,servo-app/lab-0.1
1781172795.5827324,34.61232399940491,B3_ACC_DEC_SHARP,B3_ACC_DEC_SHARP_R02_20260611_171240,delta-asda-b3-e,567,RTSO|SO|OE|VE|QS,1,0,56342,0,14,0.05978,13,0.031083,307,47,4270,2391,6000,,1200,,,,acceleration,elevated_load,0,no_load,cw,B3: sharp but allowed acc/dec,servo-app/lab-0.1
1781172795.6833048,34.7128963470459,B3_ACC_DEC_SHARP,B3_ACC_DEC_SHARP_R02_20260611_171240,delta-asda-b3-e,1591,RTSO|SO|OE|VE|QS|TR,1,0,56208,0,13,0.05551,13,0.031083,307,47,4270,2391,6000,,1200,,,,acceleration,elevated_load,0,no_load,cw,B3: sharp but allowed acc/dec,servo-app/lab-0.1
1781172795.783526,34.81311750411987,B3_ACC_DEC_SHARP,B3_ACC_DEC_SHARP_R02_20260611_171240,delta-asda-b3-e,567,RTSO|SO|OE|VE|QS,1,0,16478,-17,-15,-0.06405,-15,-0.035865,307,47,4270,2391,6000,,1200,,,,acceleration,elevated_load,0,no_load,cw,B3: sharp but allowed acc/dec,servo-app/lab-0.1
1781172795.884046,34.91363763809204,B3_ACC_DEC_SHARP,B3_ACC_DEC_SHARP_R02_20260611_171240,delta-asda-b3-e,567,RTSO|SO|OE|VE|QS,1,0,6135,-1,-13,-0.05551,-13,-0.031083,307,47,4270,2391,6000,,1200,,,,acceleration,elevated_load,0,no_load,cw,B3: sharp but allowed acc/dec,servo-app/lab-0.1
1781172795.9842186,35.01381015777588,B3_ACC_DEC_SHARP,B3_ACC_DEC_SHARP_R02_20260611_171240,delta-asda-b3-e,567,RTSO|SO|OE|VE|QS,1,0,49708,11,18,0.07686,18,0.043038,307,47,4270,2391,6000,,1200,,,,acceleration,elevated_load,0,no_load,cw,B3: sharp but allowed acc/dec,servo-app/lab-0.1
1781172796.0845258,35.11411738395691,B3_ACC_DEC_SHARP,B3_ACC_DEC_SHARP_R02_20260611_171240,delta-asda-b3-e,1591,RTSO|SO|OE|VE|QS|TR,1,0,56248,1,16,0.06832,16,0.038256,307,47,4270,2391,6000,,1200,,,,acceleration,elevated_load,0,no_load,cw,B3: sharp but allowed acc/dec,servo-app/lab-0.1
1781172796.1846707,35.21426224708557,B3_ACC_DEC_SHARP,B3_ACC_DEC_SHARP_R02_20260611_171240,delta-asda-b3-e,567,RTSO|SO|OE|VE|QS,1,0,8601,-5,-14,-0.05978,-14,-0.033474,307,47,4270,2391,6000,,1200,,,,acceleration,elevated_load,0,no_load,cw,B3: sharp but allowed acc/dec,servo-app/lab-0.1
1781172796.284901,35.31449246406555,B3_ACC_DEC_SHARP,B3_ACC_DEC_SHARP_R02_20260611_171240,delta-asda-b3-e,567,RTSO|SO|OE|VE|QS,1,0,21444,37,15,0.06405,15,0.035865,306,47,4270,2391,6000,,1200,,,,acceleration,elevated_load,0,no_load,cw,B3: sharp but allowed acc/dec,servo-app/lab-0.1
1781172796.3853834,35.41497492790222,B3_ACC_DEC_SHARP,B3_ACC_DEC_SHARP_R02_20260611_171240,delta-asda-b3-e,567,RTSO|SO|OE|VE|QS,1,0,55227,2,17,0.07259,17,0.040647,307,47,4270,2391,6000,,1200,,,,acceleration,elevated_load,0,no_load,cw,B3: sharp but allowed acc/dec,servo-app/lab-0.1
1781172796.4854121,35.51500368118286,B3_ACC_DEC_SHARP,B3_ACC_DEC_SHARP_R02_20260611_171240,delta-asda-b3-e,567,RTSO|SO|OE|VE|QS,1,0,17733,-19,-14,-0.05978,-14,-0.033474,307,47,4270,2391,6000,,1200,,,,acceleration,elevated_load,0,no_load,cw,B3: sharp but allowed acc/dec,servo-app/lab-0.1
1781172796.5859358,35.615527391433716,B3_ACC_DEC_SHARP,B3_ACC_DEC_SHARP_R02_20260611_171240,delta-asda-b3-e,567,RTSO|SO|OE|VE|QS,1,0,6151,-1,-13,-0.05551,-13,-0.031083,307,47,4270,2391,6000,,1200,,,,acceleration,elevated_load,0,no_load,cw,B3: sharp but allowed acc/dec,servo-app/lab-0.1
1781172796.686213,35.71580457687378,B3_ACC_DEC_SHARP,B3_ACC_DEC_SHARP_R02_20260611_171240,delta-asda-b3-e,567,RTSO|SO|OE|VE|QS,1,0,5857,0,-10,-0.0427,-11,-0.026301,307,47,4270,2391,6000,,1200,,,,acceleration,elevated_load,0,no_load,cw,B3: sharp but allowed acc/dec,servo-app/lab-0.1
1781172796.786655,35.816246509552,B3_ACC_DEC_SHARP,B3_ACC_DEC_SHARP_R02_20260611_171240,delta-asda-b3-e,567,RTSO|SO|OE|VE|QS,1,0,6009,0,-9,-0.03843,-9,-0.021519,307,47,4270,2391,6000,,1200,,,,acceleration,elevated_load,0,no_load,cw,B3: sharp but allowed acc/dec,servo-app/lab-0.1
1781172796.8868234,35.916414976119995,B3_ACC_DEC_SHARP,B3_ACC_DEC_SHARP_R02_20260611_171240,delta-asda-b3-e,567,RTSO|SO|OE|VE|QS,1,0,28074,41,15,0.06405,15,0.035865,307,47,4270,2391,6000,,1200,,,,acceleration,elevated_load,0,no_load,cw,B3: sharp but allowed acc/dec,servo-app/lab-0.1
1781172796.9872484,36.0168399810791,B3_ACC_DEC_SHARP,B3_ACC_DEC_SHARP_R02_20260611_171240,delta-asda-b3-e,567,RTSO|SO|OE|VE|QS,1,0,55405,2,17,0.07259,17,0.040647,307,47,4270,2391,6000,,1200,,,,acceleration,elevated_load,0,no_load,cw,B3: sharp but allowed acc/dec,servo-app/lab-0.1
1781172797.0876944,36.11728596687317,B3_ACC_DEC_SHARP,B3_ACC_DEC_SHARP_R02_20260611_171240,delta-asda-b3-e,567,RTSO|SO|OE|VE|QS,1,0,15413,-15,-14,-0.05978,-15,-0.035865,307,47,4270,2391,6000,,1200,,,,acceleration,elevated_load,0,no_load,cw,B3: sharp but allowed acc/dec,servo-app/lab-0.1
1781172797.1878524,36.21744394302368,B3_ACC_DEC_SHARP,B3_ACC_DEC_SHARP_R02_20260611_171240,delta-asda-b3-e,1591,RTSO|SO|OE|VE|QS|TR,1,0,6115,-1,-13,-0.05551,-13,-0.031083,307,47,4270,2391,6000,,1200,,,,acceleration,elevated_load,0,no_load,cw,B3: sharp but allowed acc/dec,servo-app/lab-0.1
1781172797.2879567,36.3175482749939,B3_ACC_DEC_SHARP,B3_ACC_DEC_SHARP_R02_20260611_171240,delta-asda-b3-e,567,RTSO|SO|OE|VE|QS,1,0,5883,0,-10,-0.0427,-10,-0.02391,306,47,4270,2391,6000,,1200,,,,acceleration,elevated_load,0,no_load,cw,B3: sharp but allowed acc/dec,servo-app/lab-0.1
1781172797.3881984,36.417789936065674,B3_ACC_DEC_SHARP,B3_ACC_DEC_SHARP_R02_20260611_171240,delta-asda-b3-e,567,RTSO|SO|OE|VE|QS,1,0,6009,0,-9,-0.03843,-9,-0.021519,306,47,4270,2391,6000,,1200,,,,acceleration,elevated_load,0,no_load,cw,B3: sharp but allowed acc/dec,servo-app/lab-0.1
1781172797.4884253,36.51801681518555,B3_ACC_DEC_SHARP,B3_ACC_DEC_SHARP_R02_20260611_171240,delta-asda-b3-e,567,RTSO|SO|OE|VE|QS,1,0,37019,35,18,0.07686,17,0.040647,306,47,4270,2391,6000,,1200,,,,acceleration,elevated_load,0,no_load,cw,B3: sharp but allowed acc/dec,servo-app/lab-0.1
1781172797.5886497,36.61824131011963,B3_ACC_DEC_SHARP,B3_ACC_DEC_SHARP_R02_20260611_171240,delta-asda-b3-e,567,RTSO|SO|OE|VE|QS,1,0,55672,1,17,0.07259,17,0.040647,307,47,4270,2391,6000,,1200,,,,acceleration,elevated_load,0,no_load,cw,B3: sharp but allowed acc/dec,servo-app/lab-0.1
1781172797.6887565,36.718348026275635,B3_ACC_DEC_SHARP,B3_ACC_DEC_SHARP_R02_20260611_171240,delta-asda-b3-e,567,RTSO|SO|OE|VE|QS,1,0,13258,-12,-15,-0.06405,-14,-0.033474,307,47,4270,2391,6000,,1200,,,,acceleration,elevated_load,0,no_load,cw,B3: sharp but allowed acc/dec,servo-app/lab-0.1
1781172797.7895045,36.819096088409424,B3_ACC_DEC_SHARP,B3_ACC_DEC_SHARP_R02_20260611_171240,delta-asda-b3-e,1591,RTSO|SO|OE|VE|QS|TR,1,0,6005,0,-12,-0.05124,-13,-0.031083,307,47,4270,2391,6000,,1200,,,,acceleration,elevated_load,0,no_load,cw,B3: sharp but allowed acc/dec,servo-app/lab-0.1
1781172797.889542,36.91913366317749,B3_ACC_DEC_SHARP,B3_ACC_DEC_SHARP_R02_20260611_171240,delta-asda-b3-e,567,RTSO|SO|OE|VE|QS,1,0,5911,0,-10,-0.0427,-11,-0.026301,306,47,4270,2391,6000,,1200,,,,acceleration,elevated_load,0,no_load,cw,B3: sharp but allowed acc/dec,servo-app/lab-0.1
1781172797.9897242,37.01931571960449,B3_ACC_DEC_SHARP,B3_ACC_DEC_SHARP_R02_20260611_171240,delta-asda-b3-e,567,RTSO|SO|OE|VE|QS,1,0,6021,0,-8,-0.03416,-9,-0.021519,306,47,4270,2391,6000,,1200,,,,acceleration,elevated_load,0,no_load,cw,B3: sharp but allowed acc/dec,servo-app/lab-0.1
1781172798.0903,37.11989164352417,B3_ACC_DEC_SHARP,B3_ACC_DEC_SHARP_R02_20260611_171240,delta-asda-b3-e,567,RTSO|SO|OE|VE|QS,1,0,43986,20,19,0.08113,17,0.040647,306,47,4270,2391,6000,,1200,,,,acceleration,elevated_load,0,no_load,cw,B3: sharp but allowed acc/dec,servo-app/lab-0.1
1781172798.1903763,37.21996784210205,B3_ACC_DEC_SHARP,B3_ACC_DEC_SHARP_R02_20260611_171240,delta-asda-b3-e,567,RTSO|SO|OE|VE|QS,1,0,55978,1,17,0.07259,16,0.038256,306,47,4270,2391,6000,,1200,,,,acceleration,elevated_load,0,no_load,cw,B3: sharp but allowed acc/dec,servo-app/lab-0.1
1781172798.2904887,37.320080280303955,B3_ACC_DEC_SHARP,B3_ACC_DEC_SHARP_R02_20260611_171240,delta-asda-b3-e,567,RTSO|SO|OE|VE|QS,1,0,11805,-10,-14,-0.05978,-15,-0.035865,306,47,4270,2391,6000,,1200,,,,acceleration,elevated_load,0,no_load,cw,B3: sharp but allowed acc/dec,servo-app/lab-0.1
1781172798.3909156,37.420507192611694,B3_ACC_DEC_SHARP,B3_ACC_DEC_SHARP_R02_20260611_171240,delta-asda-b3-e,567,RTSO|SO|OE|VE|QS,1,0,5983,0,-12,-0.05124,-13,-0.031083,306,47,4270,2391,6000,,1200,,,,acceleration,elevated_load,0,no_load,cw,B3: sharp but allowed acc/dec,servo-app/lab-0.1
1781172798.4909594,37.52055096626282,B3_ACC_DEC_SHARP,B3_ACC_DEC_SHARP_R02_20260611_171240,delta-asda-b3-e,567,RTSO|SO|OE|VE|QS,1,0,5909,0,-10,-0.0427,-11,-0.026301,306,47,4270,2391,6000,,1200,,,,acceleration,elevated_load,0,no_load,cw,B3: sharp but allowed acc/dec,servo-app/lab-0.1
1781172798.5909953,37.62058687210083,B3_ACC_DEC_SHARP,B3_ACC_DEC_SHARP_R02_20260611_171240,delta-asda-b3-e,567,RTSO|SO|OE|VE|QS,1,0,6037,0,-10,-0.0427,-9,-0.021519,306,47,4270,2391,6000,,1200,,,,acceleration,elevated_load,0,no_load,cw,B3: sharp but allowed acc/dec,servo-app/lab-0.1
1781172798.6914227,37.72101426124573,B3_ACC_DEC_SHARP,B3_ACC_DEC_SHARP_R02_20260611_171240,delta-asda-b3-e,567,RTSO|SO|OE|VE|QS,1,0,46049,17,18,0.07686,18,0.043038,306,47,4270,2391,6000,,1200,,,,acceleration,elevated_load,0,no_load,cw,B3: sharp but allowed acc/dec,servo-app/lab-0.1
1781172798.7921438,37.82173538208008,B3_ACC_DEC_SHARP,B3_ACC_DEC_SHARP_R02_20260611_171240,delta-asda-b3-e,1591,RTSO|SO|OE|VE|QS|TR,1,0,56074,1,17,0.07259,16,0.038256,306,47,4270,2391,6000,,1200,,,,acceleration,elevated_load,0,no_load,cw,B3: sharp but allowed acc/dec,servo-app/lab-0.1
1781172798.892188,37.92177963256836,B3_ACC_DEC_SHARP,B3_ACC_DEC_SHARP_R02_20260611_171240,delta-asda-b3-e,567,RTSO|SO|OE|VE|QS,1,0,13028,-12,-15,-0.06405,-15,-0.035865,306,47,4270,2391,6000,,1200,,,,acceleration,elevated_load,0,no_load,cw,B3: sharp but allowed acc/dec,servo-app/lab-0.1
1781172798.9925618,38.02215337753296,B3_ACC_DEC_SHARP,B3_ACC_DEC_SHARP_R02_20260611_171240,delta-asda-b3-e,1591,RTSO|SO|OE|VE|QS|TR,1,0,5999,-1,-11,-0.04697,-12,-0.028692,306,47,4270,2391,6000,,1200,,,,acceleration,elevated_load,0,no_load,cw,B3: sharp but allowed acc/dec,servo-app/lab-0.1
1781172799.0926464,38.12223792076111,B3_ACC_DEC_SHARP,B3_ACC_DEC_SHARP_R02_20260611_171240,delta-asda-b3-e,567,RTSO|SO|OE|VE|QS,1,0,53520,5,18,0.07686,18,0.043038,306,47,4270,2391,6000,,1200,,,,acceleration,elevated_load,0,no_load,cw,B3: sharp but allowed acc/dec,servo-app/lab-0.1
1781172799.192876,38.22246766090393,B3_ACC_DEC_SHARP,B3_ACC_DEC_SHARP_R02_20260611_171240,delta-asda-b3-e,567,RTSO|SO|OE|VE|QS,1,0,47372,-24,-10,-0.0427,-14,-0.033474,306,47,4270,2391,6000,,1200,,,,acceleration,elevated_load,0,no_load,cw,B3: sharp but allowed acc/dec,servo-app/lab-0.1
1781172799.2932668,38.32285833358765,B3_ACC_DEC_SHARP,B3_ACC_DEC_SHARP_R02_20260611_171240,delta-asda-b3-e,567,RTSO|SO|OE|VE|QS,1,0,7198,-3,-14,-0.05978,-14,-0.033474,306,47,4270,2391,6000,,1200,,,,acceleration,elevated_load,0,no_load,cw,B3: sharp but allowed acc/dec,servo-app/lab-0.1
1781172799.3935902,38.423181772232056,B3_ACC_DEC_SHARP,B3_ACC_DEC_SHARP_R02_20260611_171240,delta-asda-b3-e,567,RTSO|SO|OE|VE|QS,1,0,44140,19,19,0.08113,17,0.040647,306,47,4270,2391,6000,,1200,,,,acceleration,elevated_load,0,no_load,cw,B3: sharp but allowed acc/dec,servo-app/lab-0.1
1781172799.4939978,38.52358937263489,B3_ACC_DEC_SHARP,B3_ACC_DEC_SHARP_R02_20260611_171240,delta-asda-b3-e,567,RTSO|SO|OE|VE|QS,1,0,56048,1,16,0.06832,16,0.038256,306,47,4270,2391,6000,,1200,,,,acceleration,elevated_load,0,no_load,cw,B3: sharp but allowed acc/dec,servo-app/lab-0.1
1781172799.594437,38.62402844429016,B3_ACC_DEC_SHARP,B3_ACC_DEC_SHARP_R02_20260611_171240,delta-asda-b3-e,567,RTSO|SO|OE|VE|QS,1,0,11429,-9,-15,-0.06405,-15,-0.035865,306,47,4270,2391,6000,,1200,,,,acceleration,elevated_load,0,no_load,cw,B3: sharp but allowed acc/dec,servo-app/lab-0.1
1781172799.6944606,38.72405219078064,B3_ACC_DEC_SHARP,B3_ACC_DEC_SHARP_R02_20260611_171240,delta-asda-b3-e,567,RTSO|SO|OE|VE|QS,1,0,7188,5,6,0.02562,0,0.0,306,47,4270,2391,6000,,1200,,,,acceleration,elevated_load,0,no_load,cw,B3: sharp but allowed acc/dec,servo-app/lab-0.1
1781172799.7946818,38.824273347854614,B3_ACC_DEC_SHARP,B3_ACC_DEC_SHARP_R02_20260611_171240,delta-asda-b3-e,567,RTSO|SO|OE|VE|QS,1,0,54649,3,18,0.07686,18,0.043038,306,47,4270,2391,6000,,1200,,,,acceleration,elevated_load,0,no_load,cw,B3: sharp but allowed acc/dec,servo-app/lab-0.1
1781172799.8951447,38.9247362613678,B3_ACC_DEC_SHARP,B3_ACC_DEC_SHARP_R02_20260611_171240,delta-asda-b3-e,567,RTSO|SO|OE|VE|QS,1,0,20115,-23,-13,-0.05551,-15,-0.035865,306,47,4270,2391,6000,,1200,,,,acceleration,elevated_load,0,no_load,cw,B3: sharp but allowed acc/dec,servo-app/lab-0.1
1781172799.9952056,39.024797201156616,B3_ACC_DEC_SHARP,B3_ACC_DEC_SHARP_R02_20260611_171240,delta-asda-b3-e,567,RTSO|SO|OE|VE|QS,1,0,6275,-1,-13,-0.05551,-14,-0.033474,306,47,4270,2391,6000,,1200,,,,acceleration,elevated_load,0,no_load,cw,B3: sharp but allowed acc/dec,servo-app/lab-0.1
1781172800.0953307,39.12492227554321,B3_ACC_DEC_SHARP,B3_ACC_DEC_SHARP_R02_20260611_171240,delta-asda-b3-e,567,RTSO|SO|OE|VE|QS,1,0,50876,9,18,0.07686,19,0.045429,306,47,4270,2391,6000,,1200,,,,acceleration,elevated_load,0,no_load,cw,B3: sharp but allowed acc/dec,servo-app/lab-0.1
1781172800.195793,39.22538447380066,B3_ACC_DEC_SHARP,B3_ACC_DEC_SHARP_R02_20260611_171240,delta-asda-b3-e,567,RTSO|SO|OE|VE|QS,1,0,56280,0,15,0.06405,16,0.038256,306,47,4270,2391,6000,,1200,,,,acceleration,elevated_load,0,no_load,cw,B3: sharp but allowed acc/dec,servo-app/lab-0.1
1781172800.2963254,39.32591700553894,B3_ACC_DEC_SHARP,B3_ACC_DEC_SHARP_R02_20260611_171240,delta-asda-b3-e,567,RTSO|SO|OE|VE|QS,1,0,56352,0,13,0.05551,12,0.028692,305,47,4270,2391,6000,,1200,,,,acceleration,elevated_load,0,no_load,cw,B3: sharp but allowed acc/dec,servo-app/lab-0.1
1781172800.3967342,39.42632579803467,B3_ACC_DEC_SHARP,B3_ACC_DEC_SHARP_R02_20260611_171240,delta-asda-b3-e,567,RTSO|SO|OE|VE|QS,1,0,56212,0,14,0.05978,13,0.031083,306,47,4270,2391,6000,,1200,,,,acceleration,elevated_load,0,no_load,cw,B3: sharp but allowed acc/dec,servo-app/lab-0.1
1781172800.4967723,39.52636384963989,B3_ACC_DEC_SHARP,B3_ACC_DEC_SHARP_R02_20260611_171240,delta-asda-b3-e,567,RTSO|SO|OE|VE|QS,1,0,14655,-14,-16,-0.06832,-16,-0.038256,306,47,4270,2391,6000,,1200,,,,acceleration,elevated_load,0,no_load,cw,B3: sharp but allowed acc/dec,servo-app/lab-0.1
1781172800.5972235,39.6268150806427,B3_ACC_DEC_SHARP,B3_ACC_DEC_SHARP_R02_20260611_171240,delta-asda-b3-e,1591,RTSO|SO|OE|VE|QS|TR,1,0,6073,-1,-13,-0.05551,-12,-0.028692,306,47,4270,2391,6000,,1200,,,,acceleration,elevated_load,0,no_load,cw,B3: sharp but allowed acc/dec,servo-app/lab-0.1
1781172800.6974366,39.727028131484985,B3_ACC_DEC_SHARP,B3_ACC_DEC_SHARP_R02_20260611_171240,delta-asda-b3-e,567,RTSO|SO|OE|VE|QS,1,0,51957,7,19,0.08113,17,0.040647,306,47,4270,2391,6000,,1200,,,,acceleration,elevated_load,0,no_load,cw,B3: sharp but allowed acc/dec,servo-app/lab-0.1
1781172800.7978816,39.827473163604736,B3_ACC_DEC_SHARP,B3_ACC_DEC_SHARP_R02_20260611_171240,delta-asda-b3-e,567,RTSO|SO|OE|VE|QS,1,0,48751,-24,-11,-0.04697,-11,-0.026301,306,47,4270,2391,6000,,1200,,,,acceleration,elevated_load,0,no_load,cw,B3: sharp but allowed acc/dec,servo-app/lab-0.1
1781172800.8979578,39.92754936218262,B3_ACC_DEC_SHARP,B3_ACC_DEC_SHARP_R02_20260611_171240,delta-asda-b3-e,567,RTSO|SO|OE|VE|QS,1,0,7310,-3,-14,-0.05978,-14,-0.033474,306,47,4270,2391,6000,,1200,,,,acceleration,elevated_load,0,no_load,cw,B3: sharp but allowed acc/dec,servo-app/lab-0.1
1781172800.998229,40.0278205871582,B3_ACC_DEC_SHARP,B3_ACC_DEC_SHARP_R02_20260611_171240,delta-asda-b3-e,567,RTSO|SO|OE|VE|QS,1,0,43780,20,19,0.08113,17,0.040647,306,47,4270,2391,6000,,1200,,,,acceleration,elevated_load,0,no_load,cw,B3: sharp but allowed acc/dec,servo-app/lab-0.1
1781172801.098462,40.12805366516113,B3_ACC_DEC_SHARP,B3_ACC_DEC_SHARP_R02_20260611_171240,delta-asda-b3-e,567,RTSO|SO|OE|VE|QS,1,0,55966,1,16,0.06832,16,0.038256,305,47,4270,2391,6000,,1200,,,,acceleration,elevated_load,0,no_load,cw,B3: sharp but allowed acc/dec,servo-app/lab-0.1
1781172801.1989498,40.22854137420654,B3_ACC_DEC_SHARP,B3_ACC_DEC_SHARP_R02_20260611_171240,delta-asda-b3-e,567,RTSO|SO|OE|VE|QS,1,0,11783,-10,-15,-0.06405,-16,-0.038256,306,47,4270,2391,6000,,1200,,,,acceleration,elevated_load,0,no_load,cw,B3: sharp but allowed acc/dec,servo-app/lab-0.1
1781172801.2993078,40.32889938354492,B3_ACC_DEC_SHARP,B3_ACC_DEC_SHARP_R02_20260611_171240,delta-asda-b3-e,567,RTSO|SO|OE|VE|QS,1,0,5977,0,-12,-0.05124,-13,-0.031083,305,47,4270,2391,6000,,1200,,,,acceleration,elevated_load,0,no_load,cw,B3: sharp but allowed acc/dec,servo-app/lab-0.1
1781172801.3998914,40.42948293685913,B3_ACC_DEC_SHARP,B3_ACC_DEC_SHARP_R02_20260611_171240,delta-asda-b3-e,567,RTSO|SO|OE|VE|QS,1,0,5911,0,-10,-0.0427,-10,-0.02391,306,47,4270,2391,6000,,1200,,,,acceleration,elevated_load,0,no_load,cw,B3: sharp but allowed acc/dec,servo-app/lab-0.1
1781172801.5000966,40.529688119888306,B3_ACC_DEC_SHARP,B3_ACC_DEC_SHARP_R02_20260611_171240,delta-asda-b3-e,567,RTSO|SO|OE|VE|QS,1,0,6031,0,-9,-0.03843,-9,-0.021519,306,47,4270,2391,6000,,1200,,,,acceleration,elevated_load,0,no_load,cw,B3: sharp but allowed acc/dec,servo-app/lab-0.1
1781172801.600175,40.6297664642334,B3_ACC_DEC_SHARP,B3_ACC_DEC_SHARP_R02_20260611_171240,delta-asda-b3-e,567,RTSO|SO|OE|VE|QS,1,0,47574,14,18,0.07686,18,0.043038,306,47,4270,2391,6000,,1200,,,,acceleration,elevated_load,0,no_load,cw,B3: sharp but allowed acc/dec,servo-app/lab-0.1
1781172801.7003324,40.72992396354675,B3_ACC_DEC_SHARP,B3_ACC_DEC_SHARP_R02_20260611_171240,delta-asda-b3-e,1591,RTSO|SO|OE|VE|QS|TR,1,0,56110,1,16,0.06832,16,0.038256,306,47,4270,2391,6000,,1200,,,,acceleration,elevated_load,0,no_load,cw,B3: sharp but allowed acc/dec,servo-app/lab-0.1
1781172801.8007104,40.830302000045776,B3_ACC_DEC_SHARP,B3_ACC_DEC_SHARP_R02_20260611_171240,delta-asda-b3-e,567,RTSO|SO|OE|VE|QS,1,0,10590,-8,-15,-0.06405,-13,-0.031083,306,47,4270,2391,6000,,1200,,,,acceleration,elevated_load,0,no_load,cw,B3: sharp but allowed acc/dec,servo-app/lab-0.1
1781172801.9008727,40.93046426773071,B3_ACC_DEC_SHARP,B3_ACC_DEC_SHARP_R02_20260611_171240,delta-asda-b3-e,567,RTSO|SO|OE|VE|QS,1,0,11072,18,14,0.05978,19,0.045429,306,47,4270,2391,6000,,1200,,,,acceleration,elevated_load,0,no_load,cw,B3: sharp but allowed acc/dec,servo-app/lab-0.1
1781172802.0009038,41.030495405197144,B3_ACC_DEC_SHARP,B3_ACC_DEC_SHARP_R02_20260611_171240,delta-asda-b3-e,567,RTSO|SO|OE|VE|QS,1,0,54765,3,18,0.07686,17,0.040647,306,47,4270,2391,6000,,1200,,,,acceleration,elevated_load,0,no_load,cw,B3: sharp but allowed acc/dec,servo-app/lab-0.1
1781172802.1011398,41.13073134422302,B3_ACC_DEC_SHARP,B3_ACC_DEC_SHARP_R02_20260611_171240,delta-asda-b3-e,567,RTSO|SO|OE|VE|QS,1,0,56356,0,14,0.05978,15,0.035865,306,47,4270,2391,6000,,1200,,,,acceleration,elevated_load,0,no_load,cw,B3: sharp but allowed acc/dec,servo-app/lab-0.1
1781172802.20127,41.23086166381836,B3_ACC_DEC_SHARP,B3_ACC_DEC_SHARP_R02_20260611_171240,delta-asda-b3-e,567,RTSO|SO|OE|VE|QS,1,0,56260,0,13,0.05551,14,0.033474,306,47,4270,2391,6000,,1200,,,,acceleration,elevated_load,0,no_load,cw,B3: sharp but allowed acc/dec,servo-app/lab-0.1
1781172802.3014686,41.33106017112732,B3_ACC_DEC_SHARP,B3_ACC_DEC_SHARP_R02_20260611_171240,delta-asda-b3-e,1591,RTSO|SO|OE|VE|QS|TR,1,0,56174,0,12,0.05124,13,0.031083,306,47,4270,2391,6000,,1200,,,,acceleration,elevated_load,0,no_load,cw,B3: sharp but allowed acc/dec,servo-app/lab-0.1
1781172802.4017105,41.431302070617676,B3_ACC_DEC_SHARP,B3_ACC_DEC_SHARP_R02_20260611_171240,delta-asda-b3-e,567,RTSO|SO|OE|VE|QS,1,0,9573,-6,-14,-0.05978,-14,-0.033474,306,47,4270,2391,6000,,1200,,,,acceleration,elevated_load,0,no_load,cw,B3: sharp but allowed acc/dec,servo-app/lab-0.1
1781172802.501983,41.53157448768616,B3_ACC_DEC_SHARP,B3_ACC_DEC_SHARP_R02_20260611_171240,delta-asda-b3-e,567,RTSO|SO|OE|VE|QS,1,0,19664,35,15,0.06405,14,0.033474,306,47,4270,2391,6000,,1200,,,,acceleration,elevated_load,0,no_load,cw,B3: sharp but allowed acc/dec,servo-app/lab-0.1
1781172802.6022615,41.631853103637695,B3_ACC_DEC_SHARP,B3_ACC_DEC_SHARP_R02_20260611_171240,delta-asda-b3-e,567,RTSO|SO|OE|VE|QS,1,0,55059,2,17,0.07259,17,0.040647,306,47,4270,2391,6000,,1200,,,,acceleration,elevated_load,0,no_load,cw,B3: sharp but allowed acc/dec,servo-app/lab-0.1
1781172802.7025666,41.732158184051514,B3_ACC_DEC_SHARP,B3_ACC_DEC_SHARP_R02_20260611_171240,delta-asda-b3-e,567,RTSO|SO|OE|VE|QS,1,0,17379,-18,-15,-0.06405,-15,-0.035865,306,47,4270,2391,6000,,1200,,,,acceleration,elevated_load,0,no_load,cw,B3: sharp but allowed acc/dec,servo-app/lab-0.1
1781172802.8029134,41.832504987716675,B3_ACC_DEC_SHARP,B3_ACC_DEC_SHARP_R02_20260611_171240,delta-asda-b3-e,567,RTSO|SO|OE|VE|QS,1,0,6197,-1,-13,-0.05551,-13,-0.031083,307,47,4270,2391,6000,,1200,,,,acceleration,elevated_load,0,no_load,cw,B3: sharp but allowed acc/dec,servo-app/lab-0.1
1781172802.9030395,41.93263101577759,B3_ACC_DEC_SHARP,B3_ACC_DEC_SHARP_R02_20260611_171240,delta-asda-b3-e,567,RTSO|SO|OE|VE|QS,1,0,50074,10,18,0.07686,19,0.045429,306,47,4270,2391,6000,,1200,,,,acceleration,elevated_load,0,no_load,cw,B3: sharp but allowed acc/dec,servo-app/lab-0.1
1781172803.003182,42.03277349472046,B3_ACC_DEC_SHARP,B3_ACC_DEC_SHARP_R02_20260611_171240,delta-asda-b3-e,1591,RTSO|SO|OE|VE|QS|TR,1,0,56222,1,15,0.06405,16,0.038256,306,47,4270,2391,6000,,1200,,,,acceleration,elevated_load,0,no_load,cw,B3: sharp but allowed acc/dec,servo-app/lab-0.1
1781172803.103978,42.13356947898865,B3_ACC_DEC_SHARP,B3_ACC_DEC_SHARP_R02_20260611_171240,delta-asda-b3-e,567,RTSO|SO|OE|VE|QS,1,0,56342,0,14,0.05978,13,0.031083,306,47,4270,2391,6000,,1200,,,,acceleration,elevated_load,0,no_load,cw,B3: sharp but allowed acc/dec,servo-app/lab-0.1
1781172803.2044475,42.234039068222046,B3_ACC_DEC_SHARP,B3_ACC_DEC_SHARP_R02_20260611_171240,delta-asda-b3-e,1591,RTSO|SO|OE|VE|QS|TR,1,0,56238,0,12,0.05124,13,0.031083,306,47,4270,2391,6000,,1200,,,,acceleration,elevated_load,0,no_load,cw,B3: sharp but allowed acc/dec,servo-app/lab-0.1
1781172803.304559,42.334150552749634,B3_ACC_DEC_SHARP,B3_ACC_DEC_SHARP_R02_20260611_171240,delta-asda-b3-e,567,RTSO|SO|OE|VE|QS,1,0,16506,-17,-15,-0.06405,-13,-0.031083,307,47,4270,2391,6000,,1200,,,,acceleration,elevated_load,0,no_load,cw,B3: sharp but allowed acc/dec,servo-app/lab-0.1
1781172803.405071,42.43466258049011,B3_ACC_DEC_SHARP,B3_ACC_DEC_SHARP_R02_20260611_171240,delta-asda-b3-e,1591,RTSO|SO|OE|VE|QS|TR,1,0,6135,-1,-13,-0.05551,-13,-0.031083,306,47,4270,2391,6000,,1200,,,,acceleration,elevated_load,0,no_load,cw,B3: sharp but allowed acc/dec,servo-app/lab-0.1
1781172803.5051694,42.53476095199585,B3_ACC_DEC_SHARP,B3_ACC_DEC_SHARP_R02_20260611_171240,delta-asda-b3-e,567,RTSO|SO|OE|VE|QS,1,0,51028,9,19,0.08113,18,0.043038,306,47,4270,2391,6000,,1200,,,,acceleration,elevated_load,0,no_load,cw,B3: sharp but allowed acc/dec,servo-app/lab-0.1
1781172803.6053197,42.63491129875183,B3_ACC_DEC_SHARP,B3_ACC_DEC_SHARP_R02_20260611_171240,delta-asda-b3-e,567,RTSO|SO|OE|VE|QS,1,0,56304,0,15,0.06405,15,0.035865,306,47,4270,2391,6000,,1200,,,,acceleration,elevated_load,0,no_load,cw,B3: sharp but allowed acc/dec,servo-app/lab-0.1
1781172803.7054193,42.735010862350464,B3_ACC_DEC_SHARP,B3_ACC_DEC_SHARP_R02_20260611_171240,delta-asda-b3-e,567,RTSO|SO|OE|VE|QS,1,0,56358,0,13,0.05551,14,0.033474,307,47,4270,2391,6000,,1200,,,,acceleration,elevated_load,0,no_load,cw,B3: sharp but allowed acc/dec,servo-app/lab-0.1
1781172803.8057344,42.835325956344604,B3_ACC_DEC_SHARP,B3_ACC_DEC_SHARP_R02_20260611_171240,delta-asda-b3-e,1591,RTSO|SO|OE|VE|QS|TR,1,0,56238,0,13,0.05551,13,0.031083,307,47,4270,2391,6000,,1200,,,,acceleration,elevated_load,0,no_load,cw,B3: sharp but allowed acc/dec,servo-app/lab-0.1
1781172803.9062266,42.93581819534302,B3_ACC_DEC_SHARP,B3_ACC_DEC_SHARP_R02_20260611_171240,delta-asda-b3-e,567,RTSO|SO|OE|VE|QS,1,0,14643,-14,-15,-0.06405,-15,-0.035865,307,47,4270,2391,6000,,1200,,,,acceleration,elevated_load,0,no_load,cw,B3: sharp but allowed acc/dec,servo-app/lab-0.1
1781172804.0067675,43.03635907173157,B3_ACC_DEC_SHARP,B3_ACC_DEC_SHARP_R02_20260611_171240,delta-asda-b3-e,1591,RTSO|SO|OE|VE|QS|TR,1,0,6061,-1,-12,-0.05124,-13,-0.031083,306,47,4270,2391,6000,,1200,,,,acceleration,elevated_load,0,no_load,cw,B3: sharp but allowed acc/dec,servo-app/lab-0.1
1781172804.1072884,43.13687992095947,B3_ACC_DEC_SHARP,B3_ACC_DEC_SHARP_R02_20260611_171240,delta-asda-b3-e,567,RTSO|SO|OE|VE|QS,1,0,51957,7,18,0.07686,18,0.043038,306,47,4270,2391,6000,,1200,,,,acceleration,elevated_load,0,no_load,cw,B3: sharp but allowed acc/dec,servo-app/lab-0.1
1781172804.207591,43.2371826171875,B3_ACC_DEC_SHARP,B3_ACC_DEC_SHARP_R02_20260611_171240,delta-asda-b3-e,567,RTSO|SO|OE|VE|QS,1,0,48741,-21,-12,-0.05124,-14,-0.033474,306,47,4270,2391,6000,,1200,,,,acceleration,elevated_load,0,no_load,cw,B3: sharp but allowed acc/dec,servo-app/lab-0.1
1781172804.3078985,43.33749008178711,B3_ACC_DEC_SHARP,B3_ACC_DEC_SHARP_R02_20260611_171240,delta-asda-b3-e,567,RTSO|SO|OE|VE|QS,1,0,7314,-3,-14,-0.05978,-15,-0.035865,307,47,4270,2391,6000,,1200,,,,acceleration,elevated_load,0,no_load,cw,B3: sharp but allowed acc/dec,servo-app/lab-0.1
1781172804.4081402,43.43773174285889,B3_ACC_DEC_SHARP,B3_ACC_DEC_SHARP_R02_20260611_171240,delta-asda-b3-e,567,RTSO|SO|OE|VE|QS,1,0,42993,21,18,0.07686,17,0.040647,307,47,4270,2391,6000,,1200,,,,acceleration,elevated_load,0,no_load,cw,B3: sharp but allowed acc/dec,servo-app/lab-0.1
1781172804.5082712,43.53786277770996,B3_ACC_DEC_SHARP,B3_ACC_DEC_SHARP_R02_20260611_171240,delta-asda-b3-e,567,RTSO|SO|OE|VE|QS,1,0,55924,1,17,0.07259,17,0.040647,306,47,4270,2391,6000,,1200,,,,acceleration,elevated_load,0,no_load,cw,B3: sharp but allowed acc/dec,servo-app/lab-0.1
1781172804.6086986,43.63829016685486,B3_ACC_DEC_SHARP,B3_ACC_DEC_SHARP_R02_20260611_171240,delta-asda-b3-e,567,RTSO|SO|OE|VE|QS,1,0,12163,-10,-15,-0.06405,-15,-0.035865,306,47,4270,2391,6000,,1200,,,,acceleration,elevated_load,0,no_load,cw,B3: sharp but allowed acc/dec,servo-app/lab-0.1
1781172804.7089481,43.738539695739746,B3_ACC_DEC_SHARP,B3_ACC_DEC_SHARP_R02_20260611_171240,delta-asda-b3-e,567,RTSO|SO|OE|VE|QS,1,0,5987,0,-12,-0.05124,-13,-0.031083,306,47,4270,2391,6000,,1200,,,,acceleration,elevated_load,0,no_load,cw,B3: sharp but allowed acc/dec,servo-app/lab-0.1
1781172804.809054,43.838645458221436,B3_ACC_DEC_SHARP,B3_ACC_DEC_SHARP_R02_20260611_171240,delta-asda-b3-e,567,RTSO|SO|OE|VE|QS,1,0,5905,0,-10,-0.0427,-11,-0.026301,307,47,4270,2391,6000,,1200,,,,acceleration,elevated_load,0,no_load,cw,B3: sharp but allowed acc/dec,servo-app/lab-0.1
1781172804.9096913,43.93928289413452,B3_ACC_DEC_SHARP,B3_ACC_DEC_SHARP_R02_20260611_171240,delta-asda-b3-e,567,RTSO|SO|OE|VE|QS,1,0,6021,0,-10,-0.0427,-9,-0.021519,307,47,4270,2391,6000,,1200,,,,acceleration,elevated_load,0,no_load,cw,B3: sharp but allowed acc/dec,servo-app/lab-0.1
1781172805.0097384,44.03933000564575,B3_ACC_DEC_SHARP,B3_ACC_DEC_SHARP_R02_20260611_171240,delta-asda-b3-e,567,RTSO|SO|OE|VE|QS,1,0,45765,17,18,0.07686,17,0.040647,306,47,4270,2391,6000,,1200,,,,acceleration,elevated_load,0,no_load,cw,B3: sharp but allowed acc/dec,servo-app/lab-0.1
1781172805.1104584,44.14004993438721,B3_ACC_DEC_SHARP,B3_ACC_DEC_SHARP_R02_20260611_171240,delta-asda-b3-e,1591,RTSO|SO|OE|VE|QS|TR,1,0,56058,1,16,0.06832,16,0.038256,306,47,4270,2391,6000,,1200,,,,acceleration,elevated_load,0,no_load,cw,B3: sharp but allowed acc/dec,servo-app/lab-0.1
1781172805.2108085,44.240400075912476,B3_ACC_DEC_SHARP,B3_ACC_DEC_SHARP_R02_20260611_171240,delta-asda-b3-e,567,RTSO|SO|OE|VE|QS,1,0,10918,-8,-16,-0.06832,-14,-0.033474,306,47,4270,2391,6000,,1200,,,,acceleration,elevated_load,0,no_load,cw,B3: sharp but allowed acc/dec,servo-app/lab-0.1
1781172805.311243,44.340834617614746,B3_ACC_DEC_SHARP,B3_ACC_DEC_SHARP_R02_20260611_171240,delta-asda-b3-e,567,RTSO|SO|OE|VE|QS,1,0,8462,8,15,0.06405,10,0.02391,307,47,4270,2391,6000,,1200,,,,acceleration,elevated_load,0,no_load,cw,B3: sharp but allowed acc/dec,servo-app/lab-0.1
1781172805.4116497,44.44124126434326,B3_ACC_DEC_SHARP,B3_ACC_DEC_SHARP_R02_20260611_171240,delta-asda-b3-e,567,RTSO|SO|OE|VE|QS,1,0,54525,3,17,0.07259,18,0.043038,306,47,4270,2391,6000,,1200,,,,acceleration,elevated_load,0,no_load,cw,B3: sharp but allowed acc/dec,servo-app/lab-0.1
1781172805.5120003,44.54159188270569,B3_ACC_DEC_SHARP,B3_ACC_DEC_SHARP_R02_20260611_171240,delta-asda-b3-e,567,RTSO|SO|OE|VE|QS,1,0,20629,-23,-14,-0.05978,-13,-0.031083,307,47,4270,2391,6000,,1200,,,,acceleration,elevated_load,0,no_load,cw,B3: sharp but allowed acc/dec,servo-app/lab-0.1
1781172805.6123345,44.64192605018616,B3_ACC_DEC_SHARP,B3_ACC_DEC_SHARP_R02_20260611_171240,delta-asda-b3-e,567,RTSO|SO|OE|VE|QS,1,0,6353,-1,-13,-0.05551,-13,-0.031083,306,47,4270,2391,6000,,1200,,,,acceleration,elevated_load,0,no_load,cw,B3: sharp but allowed acc/dec,servo-app/lab-0.1
1781172805.7130036,44.742595195770264,B3_ACC_DEC_SHARP,B3_ACC_DEC_SHARP_R02_20260611_171240,delta-asda-b3-e,567,RTSO|SO|OE|VE|QS,1,0,50034,10,18,0.07686,19,0.045429,307,47,4270,2391,6000,,1200,,,,acceleration,elevated_load,0,no_load,cw,B3: sharp but allowed acc/dec,servo-app/lab-0.1
1781172805.8134904,44.84308195114136,B3_ACC_DEC_SHARP,B3_ACC_DEC_SHARP_R02_20260611_171240,delta-asda-b3-e,1591,RTSO|SO|OE|VE|QS|TR,1,0,56212,0,16,0.06832,16,0.038256,307,47,4270,2391,6000,,1200,,,,acceleration,elevated_load,0,no_load,cw,B3: sharp but allowed acc/dec,servo-app/lab-0.1
1781172805.9136817,44.943273305892944,B3_ACC_DEC_SHARP,B3_ACC_DEC_SHARP_R02_20260611_171240,delta-asda-b3-e,567,RTSO|SO|OE|VE|QS,1,0,56352,0,14,0.05978,14,0.033474,307,47,4270,2391,6000,,1200,,,,acceleration,elevated_load,0,no_load,cw,B3: sharp but allowed acc/dec,servo-app/lab-0.1
1781172806.013948,45.04353952407837,B3_ACC_DEC_SHARP,B3_ACC_DEC_SHARP_R02_20260611_171240,delta-asda-b3-e,1591,RTSO|SO|OE|VE|QS|TR,1,0,56222,0,13,0.05551,13,0.031083,307,47,4270,2391,6000,,1200,,,,acceleration,elevated_load,0,no_load,cw,B3: sharp but allowed acc/dec,servo-app/lab-0.1
1781172806.1141324,45.14372396469116,B3_ACC_DEC_SHARP,B3_ACC_DEC_SHARP_R02_20260611_171240,delta-asda-b3-e,567,RTSO|SO|OE|VE|QS,1,0,15858,-16,-15,-0.06405,-15,-0.035865,306,47,4270,2391,6000,,1200,,,,acceleration,elevated_load,0,no_load,cw,B3: sharp but allowed acc/dec,servo-app/lab-0.1
1781172806.2141564,45.24374794960022,B3_ACC_DEC_SHARP,B3_ACC_DEC_SHARP_R02_20260611_171240,delta-asda-b3-e,1591,RTSO|SO|OE|VE|QS|TR,1,0,6177,-1,-13,-0.05551,-12,-0.028692,306,47,4270,2391,6000,,1200,,,,acceleration,elevated_load,0,no_load,cw,B3: sharp but allowed acc/dec,servo-app/lab-0.1
1781172806.3145623,45.344153881073,B3_ACC_DEC_SHARP,B3_ACC_DEC_SHARP_R02_20260611_171240,delta-asda-b3-e,567,RTSO|SO|OE|VE|QS,1,0,50478,10,19,0.08113,17,0.040647,306,47,4270,2391,6000,,1200,,,,acceleration,elevated_load,0,no_load,cw,B3: sharp but allowed acc/dec,servo-app/lab-0.1
1781172806.4148955,45.44448709487915,B3_ACC_DEC_SHARP,B3_ACC_DEC_SHARP_R02_20260611_171240,delta-asda-b3-e,1591,RTSO|SO|OE|VE|QS|TR,1,0,56266,1,15,0.06405,15,0.035865,306,47,4270,2391,6000,,1200,,,,acceleration,elevated_load,0,no_load,cw,B3: sharp but allowed acc/dec,servo-app/lab-0.1
1781172806.5154262,45.5450177192688,B3_ACC_DEC_SHARP,B3_ACC_DEC_SHARP_R02_20260611_171240,delta-asda-b3-e,567,RTSO|SO|OE|VE|QS,1,0,56346,0,14,0.05978,13,0.031083,306,47,4270,2391,6000,,1200,,,,acceleration,elevated_load,0,no_load,cw,B3: sharp but allowed acc/dec,servo-app/lab-0.1
1781172806.615846,45.645437479019165,B3_ACC_DEC_SHARP,B3_ACC_DEC_SHARP_R02_20260611_171240,delta-asda-b3-e,1591,RTSO|SO|OE|VE|QS|TR,1,0,56228,0,13,0.05551,13,0.031083,306,47,4270,2391,6000,,1200,,,,acceleration,elevated_load,0,no_load,cw,B3: sharp but allowed acc/dec,servo-app/lab-0.1
1781172806.7160347,45.74562621116638,B3_ACC_DEC_SHARP,B3_ACC_DEC_SHARP_R02_20260611_171240,delta-asda-b3-e,567,RTSO|SO|OE|VE|QS,1,0,14639,-14,-15,-0.06405,-15,-0.035865,306,47,4270,2391,6000,,1200,,,,acceleration,elevated_load,0,no_load,cw,B3: sharp but allowed acc/dec,servo-app/lab-0.1
1781172806.816162,45.84575366973877,B3_ACC_DEC_SHARP,B3_ACC_DEC_SHARP_R02_20260611_171240,delta-asda-b3-e,1591,RTSO|SO|OE|VE|QS|TR,1,0,6061,-1,-13,-0.05551,-13,-0.031083,306,47,4270,2391,6000,,1200,,,,acceleration,elevated_load,0,no_load,cw,B3: sharp but allowed acc/dec,servo-app/lab-0.1
1781172806.9166672,45.946258783340454,B3_ACC_DEC_SHARP,B3_ACC_DEC_SHARP_R02_20260611_171240,delta-asda-b3-e,567,RTSO|SO|OE|VE|QS,1,0,51675,8,19,0.08113,17,0.040647,306,47,4270,2391,6000,,1200,,,,acceleration,elevated_load,0,no_load,cw,B3: sharp but allowed acc/dec,servo-app/lab-0.1
1781172807.0166879,46.046279430389404,B3_ACC_DEC_SHARP,B3_ACC_DEC_SHARP_R02_20260611_171240,delta-asda-b3-e,567,RTSO|SO|OE|VE|QS,1,0,56286,0,16,0.06832,15,0.035865,306,47,4270,2391,6000,,1200,,,,acceleration,elevated_load,0,no_load,cw,B3: sharp but allowed acc/dec,servo-app/lab-0.1
1781172807.1172745,46.14686608314514,B3_ACC_DEC_SHARP,B3_ACC_DEC_SHARP_R02_20260611_171240,delta-asda-b3-e,567,RTSO|SO|OE|VE|QS,1,0,56314,0,13,0.05551,14,0.033474,306,47,4270,2391,6000,,1200,,,,acceleration,elevated_load,0,no_load,cw,B3: sharp but allowed acc/dec,servo-app/lab-0.1
1781172807.2177773,46.247368812561035,B3_ACC_DEC_SHARP,B3_ACC_DEC_SHARP_R02_20260611_171240,delta-asda-b3-e,567,RTSO|SO|OE|VE|QS,1,0,56202,0,12,0.05124,12,0.028692,306,47,4270,2391,6000,,1200,,,,acceleration,elevated_load,0,no_load,cw,B3: sharp but allowed acc/dec,servo-app/lab-0.1
1781172807.3181086,46.347700119018555,B3_ACC_DEC_SHARP,B3_ACC_DEC_SHARP_R02_20260611_171240,delta-asda-b3-e,567,RTSO|SO|OE|VE|QS,1,0,13846,-13,-16,-0.06832,-15,-0.035865,306,47,4270,2391,6000,,1200,,,,acceleration,elevated_load,0,no_load,cw,B3: sharp but allowed acc/dec,servo-app/lab-0.1
1781172807.4183693,46.44796085357666,B3_ACC_DEC_SHARP,B3_ACC_DEC_SHARP_R02_20260611_171240,delta-asda-b3-e,1591,RTSO|SO|OE|VE|QS|TR,1,0,6041,0,-13,-0.05551,-13,-0.031083,306,47,4270,2391,6000,,1200,,,,acceleration,elevated_load,0,no_load,cw,B3: sharp but allowed acc/dec,servo-app/lab-0.1
1781172807.5188143,46.54840588569641,B3_ACC_DEC_SHARP,B3_ACC_DEC_SHARP_R02_20260611_171240,delta-asda-b3-e,567,RTSO|SO|OE|VE|QS,1,0,52718,6,19,0.08113,18,0.043038,306,47,4270,2391,6000,,1200,,,,acceleration,elevated_load,0,no_load,cw,B3: sharp but allowed acc/dec,servo-app/lab-0.1
1781172807.6190047,46.64859628677368,B3_ACC_DEC_SHARP,B3_ACC_DEC_SHARP_R02_20260611_171240,delta-asda-b3-e,567,RTSO|SO|OE|VE|QS,1,0,40752,-36,-12,-0.05124,-11,-0.026301,306,47,4270,2391,6000,,1200,,,,acceleration,elevated_load,0,no_load,cw,B3: sharp but allowed acc/dec,servo-app/lab-0.1
1781172807.71906,46.7486515045166,B3_ACC_DEC_SHARP,B3_ACC_DEC_SHARP_R02_20260611_171240,delta-asda-b3-e,567,RTSO|SO|OE|VE|QS,1,0,7067,-2,-14,-0.05978,-14,-0.033474,305,47,4270,2391,6000,,1200,,,,acceleration,elevated_load,0,no_load,cw,B3: sharp but allowed acc/dec,servo-app/lab-0.1
1781172807.819235,46.84882664680481,B3_ACC_DEC_SHARP,B3_ACC_DEC_SHARP_R02_20260611_171240,delta-asda-b3-e,567,RTSO|SO|OE|VE|QS,1,0,5863,0,-11,-0.04697,-11,-0.026301,306,47,4270,2391,6000,,1200,,,,acceleration,elevated_load,0,no_load,cw,B3: sharp but allowed acc/dec,servo-app/lab-0.1
1781172807.91949,46.94908165931702,B3_ACC_DEC_SHARP,B3_ACC_DEC_SHARP_R02_20260611_171240,delta-asda-b3-e,567,RTSO|SO|OE|VE|QS,1,0,5967,0,-9,-0.03843,-9,-0.021519,306,47,4270,2391,6000,,1200,,,,acceleration,elevated_load,0,no_load,cw,B3: sharp but allowed acc/dec,servo-app/lab-0.1
1781172808.0198445,47.04943609237671,B3_ACC_DEC_SHARP,B3_ACC_DEC_SHARP_R02_20260611_171240,delta-asda-b3-e,4663,RTSO|SO|OE|VE|QS|ACK,1,0,6135,1,1,0.00427,-3,-0.007173,306,47,4270,2391,6000,,1200,,,,acceleration,elevated_load,0,no_load,cw,B3: sharp but allowed acc/dec,servo-app/lab-0.1
1781172808.119988,47.1495795249939,B3_ACC_DEC_SHARP,B3_ACC_DEC_SHARP_R02_20260611_171240,delta-asda-b3-e,567,RTSO|SO|OE|VE|QS,1,0,54193,4,18,0.07686,18,0.043038,306,47,4270,2391,6000,,1200,,,,acceleration,elevated_load,0,no_load,cw,B3: sharp but allowed acc/dec,servo-app/lab-0.1
1781172808.220131,47.249722480773926,B3_ACC_DEC_SHARP,B3_ACC_DEC_SHARP_R02_20260611_171240,delta-asda-b3-e,567,RTSO|SO|OE|VE|QS,1,0,36298,-40,-12,-0.05124,-12,-0.028692,306,47,4270,2391,6000,,1200,,,,acceleration,elevated_load,0,no_load,cw,B3: sharp but allowed acc/dec,servo-app/lab-0.1
1781172808.320534,47.350125551223755,B3_ACC_DEC_SHARP,B3_ACC_DEC_SHARP_R02_20260611_171240,delta-asda-b3-e,567,RTSO|SO|OE|VE|QS,1,0,6993,-2,-15,-0.06405,-14,-0.033474,306,47,4270,2391,6000,,1200,,,,acceleration,elevated_load,0,no_load,cw,B3: sharp but allowed acc/dec,servo-app/lab-0.1
1781172808.4205592,47.45015072822571,B3_ACC_DEC_SHARP,B3_ACC_DEC_SHARP_R02_20260611_171240,delta-asda-b3-e,567,RTSO|SO|OE|VE|QS,1,0,46221,16,17,0.07259,18,0.043038,306,47,4270,2391,6000,,1200,,,,acceleration,elevated_load,0,no_load,cw,B3: sharp but allowed acc/dec,servo-app/lab-0.1
1781172808.520966,47.5505576133728,B3_ACC_DEC_SHARP,B3_ACC_DEC_SHARP_R02_20260611_171240,delta-asda-b3-e,1591,RTSO|SO|OE|VE|QS|TR,1,0,56056,1,16,0.06832,17,0.040647,306,47,4270,2391,6000,,1200,,,,acceleration,elevated_load,0,no_load,cw,B3: sharp but allowed acc/dec,servo-app/lab-0.1
1781172808.6212108,47.65080237388611,B3_ACC_DEC_SHARP,B3_ACC_DEC_SHARP_R02_20260611_171240,delta-asda-b3-e,567,RTSO|SO|OE|VE|QS,1,0,11403,-9,-15,-0.06405,-14,-0.033474,306,47,4270,2391,6000,,1200,,,,acceleration,elevated_load,0,no_load,cw,B3: sharp but allowed acc/dec,servo-app/lab-0.1
1781172808.721512,47.75110363960266,B3_ACC_DEC_SHARP,B3_ACC_DEC_SHARP_R02_20260611_171240,delta-asda-b3-e,567,RTSO|SO|OE|VE|QS,1,0,7188,5,3,0.01281,0,0.0,306,47,4270,2391,6000,,1200,,,,acceleration,elevated_load,0,no_load,cw,B3: sharp but allowed acc/dec,servo-app/lab-0.1
1781172808.8220384,47.851629972457886,B3_ACC_DEC_SHARP,B3_ACC_DEC_SHARP_R02_20260611_171240,delta-asda-b3-e,567,RTSO|SO|OE|VE|QS,1,0,54587,3,18,0.07686,19,0.045429,306,47,4270,2391,6000,,1200,,,,acceleration,elevated_load,0,no_load,cw,B3: sharp but allowed acc/dec,servo-app/lab-0.1
1781172808.9222007,47.95179224014282,B3_ACC_DEC_SHARP,B3_ACC_DEC_SHARP_R02_20260611_171240,delta-asda-b3-e,567,RTSO|SO|OE|VE|QS,1,0,56352,0,14,0.05978,15,0.035865,306,47,4270,2391,6000,,1200,,,,acceleration,elevated_load,0,no_load,cw,B3: sharp but allowed acc/dec,servo-app/lab-0.1
1781172809.0225744,48.05216598510742,B3_ACC_DEC_SHARP,B3_ACC_DEC_SHARP_R02_20260611_171240,delta-asda-b3-e,567,RTSO|SO|OE|VE|QS,1,0,56276,0,12,0.05124,13,0.031083,306,47,4270,2391,6000,,1200,,,,acceleration,elevated_load,0,no_load,cw,B3: sharp but allowed acc/dec,servo-app/lab-0.1
1781172809.1227865,48.15237808227539,B3_ACC_DEC_SHARP,B3_ACC_DEC_SHARP_R02_20260611_171240,delta-asda-b3-e,1591,RTSO|SO|OE|VE|QS|TR,1,0,56178,0,12,0.05124,13,0.031083,306,47,4270,2391,6000,,1200,,,,acceleration,elevated_load,0,no_load,cw,B3: sharp but allowed acc/dec,servo-app/lab-0.1
1781172809.222812,48.25240349769592,B3_ACC_DEC_SHARP,B3_ACC_DEC_SHARP_R02_20260611_171240,delta-asda-b3-e,567,RTSO|SO|OE|VE|QS,1,0,9453,-6,-14,-0.05978,-16,-0.038256,306,47,4270,2391,6000,,1200,,,,acceleration,elevated_load,0,no_load,cw,B3: sharp but allowed acc/dec,servo-app/lab-0.1
1781172809.3231432,48.35273480415344,B3_ACC_DEC_SHARP,B3_ACC_DEC_SHARP_R02_20260611_171240,delta-asda-b3-e,567,RTSO|SO|OE|VE|QS,1,0,17969,30,15,0.06405,15,0.035865,306,47,4270,2391,6000,,1200,,,,acceleration,elevated_load,0,no_load,cw,B3: sharp but allowed acc/dec,servo-app/lab-0.1
1781172809.423566,48.45315766334534,B3_ACC_DEC_SHARP,B3_ACC_DEC_SHARP_R02_20260611_171240,delta-asda-b3-e,567,RTSO|SO|OE|VE|QS,1,0,55039,3,16,0.06832,17,0.040647,306,47,4270,2391,6000,,1200,,,,acceleration,elevated_load,0,no_load,cw,B3: sharp but allowed acc/dec,servo-app/lab-0.1
1781172809.5235977,48.553189277648926,B3_ACC_DEC_SHARP,B3_ACC_DEC_SHARP_R02_20260611_171240,delta-asda-b3-e,567,RTSO|SO|OE|VE|QS,1,0,17759,-18,-15,-0.06405,-14,-0.033474,306,47,4270,2391,6000,,1200,,,,acceleration,elevated_load,0,no_load,cw,B3: sharp but allowed acc/dec,servo-app/lab-0.1
1781172809.6239493,48.65354084968567,B3_ACC_DEC_SHARP,B3_ACC_DEC_SHARP_R02_20260611_171240,delta-asda-b3-e,567,RTSO|SO|OE|VE|QS,1,0,6211,-1,-13,-0.05551,-14,-0.033474,306,47,4270,2391,6000,,1200,,,,acceleration,elevated_load,0,no_load,cw,B3: sharp but allowed acc/dec,servo-app/lab-0.1
1781172809.7239864,48.75357794761658,B3_ACC_DEC_SHARP,B3_ACC_DEC_SHARP_R02_20260611_171240,delta-asda-b3-e,567,RTSO|SO|OE|VE|QS,1,0,50236,10,18,0.07686,17,0.040647,306,47,4270,2391,6000,,1200,,,,acceleration,elevated_load,0,no_load,cw,B3: sharp but allowed acc/dec,servo-app/lab-0.1
1781172809.8244069,48.85399842262268,B3_ACC_DEC_SHARP,B3_ACC_DEC_SHARP_R02_20260611_171240,delta-asda-b3-e,1591,RTSO|SO|OE|VE|QS|TR,1,0,56266,0,15,0.06405,15,0.035865,307,47,4270,2391,6000,,1200,,,,acceleration,elevated_load,0,no_load,cw,B3: sharp but allowed acc/dec,servo-app/lab-0.1
1781172809.9248023,48.95439386367798,B3_ACC_DEC_SHARP,B3_ACC_DEC_SHARP_R02_20260611_171240,delta-asda-b3-e,567,RTSO|SO|OE|VE|QS,1,0,56346,0,13,0.05551,14,0.033474,306,47,4270,2391,6000,,1200,,,,acceleration,elevated_load,0,no_load,cw,B3: sharp but allowed acc/dec,servo-app/lab-0.1
1781172810.025028,49.054619550704956,B3_ACC_DEC_SHARP,B3_ACC_DEC_SHARP_R02_20260611_171240,delta-asda-b3-e,1591,RTSO|SO|OE|VE|QS|TR,1,0,56238,0,12,0.05124,13,0.031083,307,47,4270,2391,6000,,1200,,,,acceleration,elevated_load,0,no_load,cw,B3: sharp but allowed acc/dec,servo-app/lab-0.1
1781172810.1252916,49.15488314628601,B3_ACC_DEC_SHARP,B3_ACC_DEC_SHARP_R02_20260611_171240,delta-asda-b3-e,567,RTSO|SO|OE|VE|QS,1,0,15556,-16,-15,-0.06405,-15,-0.035865,306,47,4270,2391,6000,,1200,,,,acceleration,elevated_load,0,no_load,cw,B3: sharp but allowed acc/dec,servo-app/lab-0.1
1781172810.2259984,49.255589962005615,B3_ACC_DEC_SHARP,B3_ACC_DEC_SHARP_R02_20260611_171240,delta-asda-b3-e,1591,RTSO|SO|OE|VE|QS|TR,1,0,6051,-1,-13,-0.05551,-13,-0.031083,306,47,4270,2391,6000,,1200,,,,acceleration,elevated_load,0,no_load,cw,B3: sharp but allowed acc/dec,servo-app/lab-0.1
1781172810.3261688,49.35576033592224,B3_ACC_DEC_SHARP,B3_ACC_DEC_SHARP_R02_20260611_171240,delta-asda-b3-e,567,RTSO|SO|OE|VE|QS,1,0,50492,10,18,0.07686,18,0.043038,306,47,4270,2391,6000,,1200,,,,acceleration,elevated_load,0,no_load,cw,B3: sharp but allowed acc/dec,servo-app/lab-0.1
1781172810.426641,49.45623254776001,B3_ACC_DEC_SHARP,B3_ACC_DEC_SHARP_R02_20260611_171240,delta-asda-b3-e,567,RTSO|SO|OE|VE|QS,1,0,56286,0,15,0.06405,15,0.035865,306,47,4270,2391,6000,,1200,,,,acceleration,elevated_load,0,no_load,cw,B3: sharp but allowed acc/dec,servo-app/lab-0.1
1781172810.5270805,49.55667209625244,B3_ACC_DEC_SHARP,B3_ACC_DEC_SHARP_R02_20260611_171240,delta-asda-b3-e,567,RTSO|SO|OE|VE|QS,1,0,56328,0,13,0.05551,14,0.033474,306,47,4270,2391,6000,,1200,,,,acceleration,elevated_load,0,no_load,cw,B3: sharp but allowed acc/dec,servo-app/lab-0.1
1781172810.6272213,49.65681290626526,B3_ACC_DEC_SHARP,B3_ACC_DEC_SHARP_R02_20260611_171240,delta-asda-b3-e,1591,RTSO|SO|OE|VE|QS|TR,1,0,56222,0,13,0.05551,12,0.028692,306,47,4270,2391,6000,,1200,,,,acceleration,elevated_load,0,no_load,cw,B3: sharp but allowed acc/dec,servo-app/lab-0.1
1781172810.7275364,49.7571280002594,B3_ACC_DEC_SHARP,B3_ACC_DEC_SHARP_R02_20260611_171240,delta-asda-b3-e,567,RTSO|SO|OE|VE|QS,1,0,14923,-14,-15,-0.06405,-15,-0.035865,306,47,4270,2391,6000,,1200,,,,acceleration,elevated_load,0,no_load,cw,B3: sharp but allowed acc/dec,servo-app/lab-0.1
1781172810.827991,49.857582569122314,B3_ACC_DEC_SHARP,B3_ACC_DEC_SHARP_R02_20260611_171240,delta-asda-b3-e,1591,RTSO|SO|OE|VE|QS|TR,1,0,6067,-1,-13,-0.05551,-13,-0.031083,306,47,4270,2391,6000,,1200,,,,acceleration,elevated_load,0,no_load,cw,B3: sharp but allowed acc/dec,servo-app/lab-0.1
1781172810.9285183,49.958109855651855,B3_ACC_DEC_SHARP,B3_ACC_DEC_SHARP_R02_20260611_171240,delta-asda-b3-e,567,RTSO|SO|OE|VE|QS,1,0,50876,9,17,0.07259,18,0.043038,306,47,4270,2391,6000,,1200,,,,acceleration,elevated_load,0,no_load,cw,B3: sharp but allowed acc/dec,servo-app/lab-0.1
1781172811.0290017,50.05859327316284,B3_ACC_DEC_SHARP,B3_ACC_DEC_SHARP_R02_20260611_171240,delta-asda-b3-e,567,RTSO|SO|OE|VE|QS,1,0,56266,0,16,0.06832,16,0.038256,306,47,4270,2391,6000,,1200,,,,acceleration,elevated_load,0,no_load,cw,B3: sharp but allowed acc/dec,servo-app/lab-0.1
1781172811.129317,50.15890860557556,B3_ACC_DEC_SHARP,B3_ACC_DEC_SHARP_R02_20260611_171240,delta-asda-b3-e,567,RTSO|SO|OE|VE|QS,1,0,56318,0,14,0.05978,13,0.031083,306,47,4270,2391,6000,,1200,,,,acceleration,elevated_load,0,no_load,cw,B3: sharp but allowed acc/dec,servo-app/lab-0.1
1781172811.3882222,50.417813777923584,B3_ACC_DEC_SHARP,B3_ACC_DEC_SHARP_R02_20260611_171240,delta-asda-b3-e,567,RTSO|SO|OE|VE|QS,1,0,7121,-2,-15,-0.06405,-15,-0.035865,306,47,4270,2391,6000,,1200,,,,acceleration,elevated_load,0,no_load,cw,B3: sharp but allowed acc/dec,servo-app/lab-0.1
1781172811.488485,50.5180766582489,B3_ACC_DEC_SHARP,B3_ACC_DEC_SHARP_R02_20260611_171240,delta-asda-b3-e,567,RTSO|SO|OE|VE|QS,1,0,5847,0,-11,-0.04697,-12,-0.028692,306,47,4270,2391,6000,,1200,,,,acceleration,elevated_load,0,no_load,cw,B3: sharp but allowed acc/dec,servo-app/lab-0.1
1781172811.5886652,50.61825680732727,B3_ACC_DEC_SHARP,B3_ACC_DEC_SHARP_R02_20260611_171240,delta-asda-b3-e,567,RTSO|SO|OE|VE|QS,1,0,5951,0,-10,-0.0427,-10,-0.02391,306,47,4270,2391,6000,,1200,,,,acceleration,elevated_load,0,no_load,cw,B3: sharp but allowed acc/dec,servo-app/lab-0.1
1781172811.6888425,50.71843409538269,B3_ACC_DEC_SHARP,B3_ACC_DEC_SHARP_R02_20260611_171240,delta-asda-b3-e,1591,RTSO|SO|OE|VE|QS|TR,1,0,6061,0,-10,-0.0427,-9,-0.021519,306,47,4270,2391,6000,,1200,,,,acceleration,elevated_load,0,no_load,cw,B3: sharp but allowed acc/dec,servo-app/lab-0.1
1781172811.789026,50.81861758232117,B3_ACC_DEC_SHARP,B3_ACC_DEC_SHARP_R02_20260611_171240,delta-asda-b3-e,567,RTSO|SO|OE|VE|QS,1,0,52884,6,18,0.07686,17,0.040647,306,47,4270,2391,6000,,1200,,,,acceleration,elevated_load,0,no_load,cw,B3: sharp but allowed acc/dec,servo-app/lab-0.1
1781172811.8890715,50.918663024902344,B3_ACC_DEC_SHARP,B3_ACC_DEC_SHARP_R02_20260611_171240,delta-asda-b3-e,567,RTSO|SO|OE|VE|QS,1,0,42451,-33,-12,-0.05124,-12,-0.028692,306,47,4270,2391,6000,,1200,,,,acceleration,elevated_load,0,no_load,cw,B3: sharp but allowed acc/dec,servo-app/lab-0.1
1781172811.9895532,51.019144773483276,B3_ACC_DEC_SHARP,B3_ACC_DEC_SHARP_R02_20260611_171240,delta-asda-b3-e,567,RTSO|SO|OE|VE|QS,1,0,7165,-2,-15,-0.06405,-14,-0.033474,306,47,4270,2391,6000,,1200,,,,acceleration,elevated_load,0,no_load,cw,B3: sharp but allowed acc/dec,servo-app/lab-0.1
1781172812.089877,51.119468450546265,B3_ACC_DEC_SHARP,B3_ACC_DEC_SHARP_R02_20260611_171240,delta-asda-b3-e,567,RTSO|SO|OE|VE|QS,1,0,5877,0,-11,-0.04697,-12,-0.028692,306,47,4270,2391,6000,,1200,,,,acceleration,elevated_load,0,no_load,cw,B3: sharp but allowed acc/dec,servo-app/lab-0.1
1781172812.1906397,51.22023129463196,B3_ACC_DEC_SHARP,B3_ACC_DEC_SHARP_R02_20260611_171240,delta-asda-b3-e,567,RTSO|SO|OE|VE|QS,1,0,5987,0,-9,-0.03843,-10,-0.02391,306,47,4270,2391,6000,,1200,,,,acceleration,elevated_load,0,no_load,cw,B3: sharp but allowed acc/dec,servo-app/lab-0.1
1781172812.2907698,51.320361375808716,B3_ACC_DEC_SHARP,B3_ACC_DEC_SHARP_R02_20260611_171240,delta-asda-b3-e,1591,RTSO|SO|OE|VE|QS|TR,1,0,6051,0,-8,-0.03416,-9,-0.021519,306,47,4270,2391,6000,,1200,,,,acceleration,elevated_load,0,no_load,cw,B3: sharp but allowed acc/dec,servo-app/lab-0.1
1781172812.3912606,51.420852184295654,B3_ACC_DEC_SHARP,B3_ACC_DEC_SHARP_R02_20260611_171240,delta-asda-b3-e,567,RTSO|SO|OE|VE|QS,1,0,53756,4,17,0.07259,17,0.040647,306,47,4270,2391,6000,,1200,,,,acceleration,elevated_load,0,no_load,cw,B3: sharp but allowed acc/dec,servo-app/lab-0.1
1781172812.4917388,51.5213303565979,B3_ACC_DEC_SHARP,B3_ACC_DEC_SHARP_R02_20260611_171240,delta-asda-b3-e,567,RTSO|SO|OE|VE|QS,1,0,42485,-35,-12,-0.05124,-12,-0.028692,306,47,4270,2391,6000,,1200,,,,acceleration,elevated_load,0,no_load,cw,B3: sharp but allowed acc/dec,servo-app/lab-0.1
1781172812.5921707,51.6217622756958,B3_ACC_DEC_SHARP,B3_ACC_DEC_SHARP_R02_20260611_171240,delta-asda-b3-e,567,RTSO|SO|OE|VE|QS,1,0,7083,-2,-15,-0.06405,-14,-0.033474,306,47,4270,2391,6000,,1200,,,,acceleration,elevated_load,0,no_load,cw,B3: sharp but allowed acc/dec,servo-app/lab-0.1
1781172812.6926162,51.72220778465271,B3_ACC_DEC_SHARP,B3_ACC_DEC_SHARP_R02_20260611_171240,delta-asda-b3-e,567,RTSO|SO|OE|VE|QS,1,0,44512,19,17,0.07259,17,0.040647,306,47,4270,2391,6000,,1200,,,,acceleration,elevated_load,0,no_load,cw,B3: sharp but allowed acc/dec,servo-app/lab-0.1
1781172812.7928815,51.82247304916382,B3_ACC_DEC_SHARP,B3_ACC_DEC_SHARP_R02_20260611_171240,delta-asda-b3-e,567,RTSO|SO|OE|VE|QS,1,0,56032,1,17,0.07259,17,0.040647,305,47,4270,2391,6000,,1200,,,,acceleration,elevated_load,0,no_load,cw,B3: sharp but allowed acc/dec,servo-app/lab-0.1
1781172812.8929486,51.92254018783569,B3_ACC_DEC_SHARP,B3_ACC_DEC_SHARP_R02_20260611_171240,delta-asda-b3-e,567,RTSO|SO|OE|VE|QS,1,0,10762,-8,-16,-0.06832,-15,-0.035865,306,47,4270,2391,6000,,1200,,,,acceleration,elevated_load,0,no_load,cw,B3: sharp but allowed acc/dec,servo-app/lab-0.1
1781172812.9931157,52.02270722389221,B3_ACC_DEC_SHARP,B3_ACC_DEC_SHARP_R02_20260611_171240,delta-asda-b3-e,567,RTSO|SO|OE|VE|QS,1,0,10084,15,19,0.08113,19,0.045429,306,47,4270,2391,6000,,1200,,,,acceleration,elevated_load,0,no_load,cw,B3: sharp but allowed acc/dec,servo-app/lab-0.1
1781172813.0931726,52.122764110565186,B3_ACC_DEC_SHARP,B3_ACC_DEC_SHARP_R02_20260611_171240,delta-asda-b3-e,567,RTSO|SO|OE|VE|QS,1,0,54635,3,18,0.07686,18,0.043038,306,47,4270,2391,6000,,1200,,,,acceleration,elevated_load,0,no_load,cw,B3: sharp but allowed acc/dec,servo-app/lab-0.1
1781172813.193497,52.22308850288391,B3_ACC_DEC_SHARP,B3_ACC_DEC_SHARP_R02_20260611_171240,delta-asda-b3-e,567,RTSO|SO|OE|VE|QS,1,0,56352,0,14,0.05978,15,0.035865,306,47,4270,2391,6000,,1200,,,,acceleration,elevated_load,0,no_load,cw,B3: sharp but allowed acc/dec,servo-app/lab-0.1
1781172813.2941284,52.32371997833252,B3_ACC_DEC_SHARP,B3_ACC_DEC_SHARP_R02_20260611_171240,delta-asda-b3-e,567,RTSO|SO|OE|VE|QS,1,0,56280,0,13,0.05551,13,0.031083,306,47,4270,2391,6000,,1200,,,,acceleration,elevated_load,0,no_load,cw,B3: sharp but allowed acc/dec,servo-app/lab-0.1
1781172813.3942955,52.42388701438904,B3_ACC_DEC_SHARP,B3_ACC_DEC_SHARP_R02_20260611_171240,delta-asda-b3-e,1591,RTSO|SO|OE|VE|QS|TR,1,0,56202,0,13,0.05551,13,0.031083,306,47,4270,2391,6000,,1200,,,,acceleration,elevated_load,0,no_load,cw,B3: sharp but allowed acc/dec,servo-app/lab-0.1
1781172813.494496,52.52408766746521,B3_ACC_DEC_SHARP,B3_ACC_DEC_SHARP_R02_20260611_171240,delta-asda-b3-e,567,RTSO|SO|OE|VE|QS,1,0,20337,-23,-15,-0.06405,-14,-0.033474,306,47,4270,2391,6000,,1200,,,,acceleration,elevated_load,0,no_load,cw,B3: sharp but allowed acc/dec,servo-app/lab-0.1
1781172813.5950913,52.624682903289795,B3_ACC_DEC_SHARP,B3_ACC_DEC_SHARP_R02_20260611_171240,delta-asda-b3-e,567,RTSO|SO|OE|VE|QS,1,0,6325,-1,-14,-0.05978,-14,-0.033474,306,47,4270,2391,6000,,1200,,,,acceleration,elevated_load,0,no_load,cw,B3: sharp but allowed acc/dec,servo-app/lab-0.1
1781172813.695325,52.72491645812988,B3_ACC_DEC_SHARP,B3_ACC_DEC_SHARP_R02_20260611_171240,delta-asda-b3-e,567,RTSO|SO|OE|VE|QS,1,0,50684,10,18,0.07686,18,0.043038,306,47,4270,2391,6000,,1200,,,,acceleration,elevated_load,0,no_load,cw,B3: sharp but allowed acc/dec,servo-app/lab-0.1
1781172813.7955487,52.82514023780823,B3_ACC_DEC_SHARP,B3_ACC_DEC_SHARP_R02_20260611_171240,delta-asda-b3-e,1591,RTSO|SO|OE|VE|QS|TR,1,0,56222,0,15,0.06405,16,0.038256,307,47,4270,2391,6000,,1200,,,,acceleration,elevated_load,0,no_load,cw,B3: sharp but allowed acc/dec,servo-app/lab-0.1
1781172813.8960807,52.92567229270935,B3_ACC_DEC_SHARP,B3_ACC_DEC_SHARP_R02_20260611_171240,delta-asda-b3-e,567,RTSO|SO|OE|VE|QS,1,0,56348,0,14,0.05978,13,0.031083,306,47,4270,2391,6000,,1200,,,,acceleration,elevated_load,0,no_load,cw,B3: sharp but allowed acc/dec,servo-app/lab-0.1
1781172813.9962,53.02579164505005,B3_ACC_DEC_SHARP,B3_ACC_DEC_SHARP_R02_20260611_171240,delta-asda-b3-e,1591,RTSO|SO|OE|VE|QS|TR,1,0,56222,0,13,0.05551,13,0.031083,306,47,4270,2391,6000,,1200,,,,acceleration,elevated_load,0,no_load,cw,B3: sharp but allowed acc/dec,servo-app/lab-0.1
1781172814.0962508,53.125842332839966,B3_ACC_DEC_SHARP,B3_ACC_DEC_SHARP_R02_20260611_171240,delta-asda-b3-e,567,RTSO|SO|OE|VE|QS,1,0,15505,-16,-15,-0.06405,-16,-0.038256,306,47,4270,2391,6000,,1200,,,,acceleration,elevated_load,0,no_load,cw,B3: sharp but allowed acc/dec,servo-app/lab-0.1
1781172814.1965556,53.226147174835205,B3_ACC_DEC_SHARP,B3_ACC_DEC_SHARP_R02_20260611_171240,delta-asda-b3-e,1591,RTSO|SO|OE|VE|QS|TR,1,0,6145,-1,-14,-0.05978,-13,-0.031083,306,47,4270,2391,6000,,1200,,,,acceleration,elevated_load,0,no_load,cw,B3: sharp but allowed acc/dec,servo-app/lab-0.1
1781172814.296737,53.32632851600647,B3_ACC_DEC_SHARP,B3_ACC_DEC_SHARP_R02_20260611_171240,delta-asda-b3-e,567,RTSO|SO|OE|VE|QS,1,0,5853,0,-9,-0.03843,-11,-0.026301,306,47,4270,2391,6000,,1200,,,,acceleration,elevated_load,0,no_load,cw,B3: sharp but allowed acc/dec,servo-app/lab-0.1
1781172814.3971403,53.42673182487488,B3_ACC_DEC_SHARP,B3_ACC_DEC_SHARP_R02_20260611_171240,delta-asda-b3-e,567,RTSO|SO|OE|VE|QS,1,0,5999,0,-9,-0.03843,-9,-0.021519,306,47,4270,2391,6000,,1200,,,,acceleration,elevated_load,0,no_load,cw,B3: sharp but allowed acc/dec,servo-app/lab-0.1
1781172814.4974792,53.52707076072693,B3_ACC_DEC_SHARP,B3_ACC_DEC_SHARP_R02_20260611_171240,delta-asda-b3-e,567,RTSO|SO|OE|VE|QS,1,0,31833,41,15,0.06405,15,0.035865,306,47,4270,2391,6000,,1200,,,,acceleration,elevated_load,0,no_load,cw,B3: sharp but allowed acc/dec,servo-app/lab-0.1
1781172814.5975282,53.62711977958679,B3_ACC_DEC_SHARP,B3_ACC_DEC_SHARP_R02_20260611_171240,delta-asda-b3-e,567,RTSO|SO|OE|VE|QS,1,0,55527,2,17,0.07259,17,0.040647,306,47,4270,2391,6000,,1200,,,,acceleration,elevated_load,0,no_load,cw,B3: sharp but allowed acc/dec,servo-app/lab-0.1
1781172814.6978757,53.72746729850769,B3_ACC_DEC_SHARP,B3_ACC_DEC_SHARP_R02_20260611_171240,delta-asda-b3-e,567,RTSO|SO|OE|VE|QS,1,0,56362,0,15,0.06405,15,0.035865,306,47,4270,2391,6000,,1200,,,,acceleration,elevated_load,0,no_load,cw,B3: sharp but allowed acc/dec,servo-app/lab-0.1
1781172814.7980244,53.82761597633362,B3_ACC_DEC_SHARP,B3_ACC_DEC_SHARP_R02_20260611_171240,delta-asda-b3-e,567,RTSO|SO|OE|VE|QS,1,0,56248,0,13,0.05551,13,0.031083,306,47,4270,2391,6000,,1200,,,,acceleration,elevated_load,0,no_load,cw,B3: sharp but allowed acc/dec,servo-app/lab-0.1
1781172814.898064,53.92765545845032,B3_ACC_DEC_SHARP,B3_ACC_DEC_SHARP_R02_20260611_171240,delta-asda-b3-e,567,RTSO|SO|OE|VE|QS,1,0,52954,-13,-19,-0.08113,-15,-0.035865,306,47,4270,2391,6000,,1200,,,,acceleration,elevated_load,0,no_load,cw,B3: sharp but allowed acc/dec,servo-app/lab-0.1
1781172814.9985154,54.028106927871704,B3_ACC_DEC_SHARP,B3_ACC_DEC_SHARP_R02_20260611_171240,delta-asda-b3-e,567,RTSO|SO|OE|VE|QS,1,0,7440,-3,-15,-0.06405,-15,-0.035865,306,47,4270,2391,6000,,1200,,,,acceleration,elevated_load,0,no_load,cw,B3: sharp but allowed acc/dec,servo-app/lab-0.1
1781172815.0990732,54.12866473197937,B3_ACC_DEC_SHARP,B3_ACC_DEC_SHARP_R02_20260611_171240,delta-asda-b3-e,567,RTSO|SO|OE|VE|QS,1,0,42128,23,17,0.07259,18,0.043038,306,47,4270,2391,6000,,1200,,,,acceleration,elevated_load,0,no_load,cw,B3: sharp but allowed acc/dec,servo-app/lab-0.1
1781172815.1996179,54.229209423065186,B3_ACC_DEC_SHARP,B3_ACC_DEC_SHARP_R02_20260611_171240,delta-asda-b3-e,567,RTSO|SO|OE|VE|QS,1,0,55918,1,16,0.06832,17,0.040647,306,47,4270,2391,6000,,1200,,,,acceleration,elevated_load,0,no_load,cw,B3: sharp but allowed acc/dec,servo-app/lab-0.1
1781172815.3001409,54.3297324180603,B3_ACC_DEC_SHARP,B3_ACC_DEC_SHARP_R02_20260611_171240,delta-asda-b3-e,567,RTSO|SO|OE|VE|QS,1,0,11441,-9,-15,-0.06405,-16,-0.038256,306,47,4270,2391,6000,,1200,,,,acceleration,elevated_load,0,no_load,cw,B3: sharp but allowed acc/dec,servo-app/lab-0.1
1781172815.4005113,54.430102825164795,B3_ACC_DEC_SHARP,B3_ACC_DEC_SHARP_R02_20260611_171240,delta-asda-b3-e,567,RTSO|SO|OE|VE|QS,1,0,5963,0,-13,-0.05551,-13,-0.031083,306,47,4270,2391,6000,,1200,,,,acceleration,elevated_load,0,no_load,cw,B3: sharp but allowed acc/dec,servo-app/lab-0.1
1781172815.500738,54.53032946586609,B3_ACC_DEC_SHARP,B3_ACC_DEC_SHARP_R02_20260611_171240,delta-asda-b3-e,567,RTSO|SO|OE|VE|QS,1,0,5911,0,-10,-0.0427,-11,-0.026301,306,47,4270,2391,6000,,1200,,,,acceleration,elevated_load,0,no_load,cw,B3: sharp but allowed acc/dec,servo-app/lab-0.1
1781172815.6010792,54.63067078590393,B3_ACC_DEC_SHARP,B3_ACC_DEC_SHARP_R02_20260611_171240,delta-asda-b3-e,567,RTSO|SO|OE|VE|QS,1,0,6031,0,-9,-0.03843,-8,-0.019128,306,47,4270,2391,6000,,1200,,,,acceleration,elevated_load,0,no_load,cw,B3: sharp but allowed acc/dec,servo-app/lab-0.1
1781172815.701101,54.730692625045776,B3_ACC_DEC_SHARP,B3_ACC_DEC_SHARP_R02_20260611_171240,delta-asda-b3-e,567,RTSO|SO|OE|VE|QS,1,0,47826,14,18,0.07686,18,0.043038,306,47,4270,2391,6000,,1200,,,,acceleration,elevated_load,0,no_load,cw,B3: sharp but allowed acc/dec,servo-app/lab-0.1
1781172815.801329,54.830920457839966,B3_ACC_DEC_SHARP,B3_ACC_DEC_SHARP_R02_20260611_171240,delta-asda-b3-e,1591,RTSO|SO|OE|VE|QS|TR,1,0,56136,1,16,0.06832,16,0.038256,306,47,4270,2391,6000,,1200,,,,acceleration,elevated_load,0,no_load,cw,B3: sharp but allowed acc/dec,servo-app/lab-0.1
1781172815.9015257,54.93111729621887,B3_ACC_DEC_SHARP,B3_ACC_DEC_SHARP_R02_20260611_171240,delta-asda-b3-e,567,RTSO|SO|OE|VE|QS,1,0,10292,-7,-15,-0.06405,-15,-0.035865,306,47,4270,2391,6000,,1200,,,,acceleration,elevated_load,0,no_load,cw,B3: sharp but allowed acc/dec,servo-app/lab-0.1
1781172816.0015664,55.03115797042847,B3_ACC_DEC_SHARP,B3_ACC_DEC_SHARP_R02_20260611_171240,delta-asda-b3-e,567,RTSO|SO|OE|VE|QS,1,0,11050,18,19,0.08113,19,0.045429,306,47,4270,2391,6000,,1200,,,,acceleration,elevated_load,0,no_load,cw,B3: sharp but allowed acc/dec,servo-app/lab-0.1
1781172816.1017902,55.13138175010681,B3_ACC_DEC_SHARP,B3_ACC_DEC_SHARP_R02_20260611_171240,delta-asda-b3-e,567,RTSO|SO|OE|VE|QS,1,0,54821,3,17,0.07259,18,0.043038,306,47,4270,2391,6000,,1200,,,,acceleration,elevated_load,0,no_load,cw,B3: sharp but allowed acc/dec,servo-app/lab-0.1
1781172816.2023149,55.23190641403198,B3_ACC_DEC_SHARP,B3_ACC_DEC_SHARP_R02_20260611_171240,delta-asda-b3-e,567,RTSO|SO|OE|VE|QS,1,0,56362,0,15,0.06405,14,0.033474,306,47,4270,2391,6000,,1200,,,,acceleration,elevated_load,0,no_load,cw,B3: sharp but allowed acc/dec,servo-app/lab-0.1
1781172816.302558,55.332149505615234,B3_ACC_DEC_SHARP,B3_ACC_DEC_SHARP_R02_20260611_171240,delta-asda-b3-e,567,RTSO|SO|OE|VE|QS,1,0,56270,0,12,0.05124,13,0.031083,306,47,4270,2391,6000,,1200,,,,acceleration,elevated_load,0,no_load,cw,B3: sharp but allowed acc/dec,servo-app/lab-0.1
1781172816.402661,55.432252645492554,B3_ACC_DEC_SHARP,B3_ACC_DEC_SHARP_R02_20260611_171240,delta-asda-b3-e,1591,RTSO|SO|OE|VE|QS|TR,1,0,56172,0,13,0.05551,12,0.028692,306,47,4270,2391,6000,,1200,,,,acceleration,elevated_load,0,no_load,cw,B3: sharp but allowed acc/dec,servo-app/lab-0.1
1781172816.5032365,55.53282809257507,B3_ACC_DEC_SHARP,B3_ACC_DEC_SHARP_R02_20260611_171240,delta-asda-b3-e,567,RTSO|SO|OE|VE|QS,1,0,8544,-5,-15,-0.06405,-16,-0.038256,306,47,4270,2391,6000,,1200,,,,acceleration,elevated_load,0,no_load,cw,B3: sharp but allowed acc/dec,servo-app/lab-0.1
1781172816.6037164,55.63330793380737,B3_ACC_DEC_SHARP,B3_ACC_DEC_SHARP_R02_20260611_171240,delta-asda-b3-e,567,RTSO|SO|OE|VE|QS,1,0,21282,35,14,0.05978,15,0.035865,306,47,4270,2391,6000,,1200,,,,acceleration,elevated_load,0,no_load,cw,B3: sharp but allowed acc/dec,servo-app/lab-0.1
1781172816.703834,55.73342561721802,B3_ACC_DEC_SHARP,B3_ACC_DEC_SHARP_R02_20260611_171240,delta-asda-b3-e,567,RTSO|SO|OE|VE|QS,1,0,55237,2,17,0.07259,17,0.040647,306,47,4270,2391,6000,,1200,,,,acceleration,elevated_load,0,no_load,cw,B3: sharp but allowed acc/dec,servo-app/lab-0.1
1781172816.8038685,55.833460092544556,B3_ACC_DEC_SHARP,B3_ACC_DEC_SHARP_R02_20260611_171240,delta-asda-b3-e,567,RTSO|SO|OE|VE|QS,1,0,56374,0,14,0.05978,14,0.033474,306,47,4270,2391,6000,,1200,,,,acceleration,elevated_load,0,no_load,cw,B3: sharp but allowed acc/dec,servo-app/lab-0.1
1781172816.903897,55.933488607406616,B3_ACC_DEC_SHARP,B3_ACC_DEC_SHARP_R02_20260611_171240,delta-asda-b3-e,567,RTSO|SO|OE|VE|QS,1,0,56292,0,13,0.05551,13,0.031083,306,47,4270,2391,6000,,1200,,,,acceleration,elevated_load,0,no_load,cw,B3: sharp but allowed acc/dec,servo-app/lab-0.1
1781172817.0042412,56.03383278846741,B3_ACC_DEC_SHARP,B3_ACC_DEC_SHARP_R02_20260611_171240,delta-asda-b3-e,1591,RTSO|SO|OE|VE|QS|TR,1,0,56198,0,13,0.05551,12,0.028692,306,47,4270,2391,6000,,1200,,,,acceleration,elevated_load,0,no_load,cw,B3: sharp but allowed acc/dec,servo-app/lab-0.1
1781172817.1046624,56.13425397872925,B3_ACC_DEC_SHARP,B3_ACC_DEC_SHARP_R02_20260611_171240,delta-asda-b3-e,567,RTSO|SO|OE|VE|QS,1,0,17541,-19,-15,-0.06405,-14,-0.033474,305,47,4270,2391,6000,,1200,,,,acceleration,elevated_load,0,no_load,cw,B3: sharp but allowed acc/dec,servo-app/lab-0.1
1781172817.2051806,56.23477220535278,B3_ACC_DEC_SHARP,B3_ACC_DEC_SHARP_R02_20260611_171240,delta-asda-b3-e,567,RTSO|SO|OE|VE|QS,1,0,6157,-1,-13,-0.05551,-13,-0.031083,306,47,4270,2391,6000,,1200,,,,acceleration,elevated_load,0,no_load,cw,B3: sharp but allowed acc/dec,servo-app/lab-0.1
1781172817.3054886,56.33508014678955,B3_ACC_DEC_SHARP,B3_ACC_DEC_SHARP_R02_20260611_171240,delta-asda-b3-e,567,RTSO|SO|OE|VE|QS,1,0,51335,8,18,0.07686,18,0.043038,305,47,4270,2391,6000,,1200,,,,acceleration,elevated_load,0,no_load,cw,B3: sharp but allowed acc/dec,servo-app/lab-0.1
1781172817.4059732,56.43556475639343,B3_ACC_DEC_SHARP,B3_ACC_DEC_SHARP_R02_20260611_171240,delta-asda-b3-e,567,RTSO|SO|OE|VE|QS,1,0,53000,-10,-12,-0.05124,-6,-0.014346,305,47,4270,2391,6000,,1200,,,,acceleration,elevated_load,0,no_load,cw,B3: sharp but allowed acc/dec,servo-app/lab-0.1
1781172817.506353,56.53594446182251,B3_ACC_DEC_SHARP,B3_ACC_DEC_SHARP_R02_20260611_171240,delta-asda-b3-e,567,RTSO|SO|OE|VE|QS,1,0,7440,-3,-15,-0.06405,-15,-0.035865,305,47,4270,2391,6000,,1200,,,,acceleration,elevated_load,0,no_load,cw,B3: sharp but allowed acc/dec,servo-app/lab-0.1
1781172817.6065955,56.6361870765686,B3_ACC_DEC_SHARP,B3_ACC_DEC_SHARP_R02_20260611_171240,delta-asda-b3-e,567,RTSO|SO|OE|VE|QS,1,0,5839,0,-12,-0.05124,-11,-0.026301,305,47,4270,2391,6000,,1200,,,,acceleration,elevated_load,0,no_load,cw,B3: sharp but allowed acc/dec,servo-app/lab-0.1
1781172817.7068782,56.736469745635986,B3_ACC_DEC_SHARP,B3_ACC_DEC_SHARP_R02_20260611_171240,delta-asda-b3-e,567,RTSO|SO|OE|VE|QS,1,0,5931,0,-10,-0.0427,-10,-0.02391,305,47,4270,2391,6000,,1200,,,,acceleration,elevated_load,0,no_load,cw,B3: sharp but allowed acc/dec,servo-app/lab-0.1
1781172817.8072972,56.836888790130615,B3_ACC_DEC_SHARP,B3_ACC_DEC_SHARP_R02_20260611_171240,delta-asda-b3-e,1591,RTSO|SO|OE|VE|QS|TR,1,0,6051,0,-9,-0.03843,-9,-0.021519,306,47,4270,2391,6000,,1200,,,,acceleration,elevated_load,0,no_load,cw,B3: sharp but allowed acc/dec,servo-app/lab-0.1
1781172817.9080005,56.93759202957153,B3_ACC_DEC_SHARP,B3_ACC_DEC_SHARP_R02_20260611_171240,delta-asda-b3-e,567,RTSO|SO|OE|VE|QS,1,0,52934,6,18,0.07686,18,0.043038,306,47,4270,2391,6000,,1200,,,,acceleration,elevated_load,0,no_load,cw,B3: sharp but allowed acc/dec,servo-app/lab-0.1
1781172818.0080285,57.037620067596436,B3_ACC_DEC_SHARP,B3_ACC_DEC_SHARP_R02_20260611_171240,delta-asda-b3-e,567,RTSO|SO|OE|VE|QS,1,0,36320,-39,-12,-0.05124,-12,-0.028692,306,47,4270,2391,6000,,1200,,,,acceleration,elevated_load,0,no_load,cw,B3: sharp but allowed acc/dec,servo-app/lab-0.1
1781172818.1084747,57.13806629180908,B3_ACC_DEC_SHARP,B3_ACC_DEC_SHARP_R02_20260611_171240,delta-asda-b3-e,567,RTSO|SO|OE|VE|QS,1,0,6971,-2,-14,-0.05978,-14,-0.033474,305,47,4270,2391,6000,,1200,,,,acceleration,elevated_load,0,no_load,cw,B3: sharp but allowed acc/dec,servo-app/lab-0.1
1781172818.2085204,57.23811197280884,B3_ACC_DEC_SHARP,B3_ACC_DEC_SHARP_R02_20260611_171240,delta-asda-b3-e,567,RTSO|SO|OE|VE|QS,1,0,45925,17,17,0.07259,17,0.040647,306,47,4270,2391,6000,,1200,,,,acceleration,elevated_load,0,no_load,cw,B3: sharp but allowed acc/dec,servo-app/lab-0.1
1781172818.3087428,57.33833432197571,B3_ACC_DEC_SHARP,B3_ACC_DEC_SHARP_R02_20260611_171240,delta-asda-b3-e,567,RTSO|SO|OE|VE|QS,1,0,56070,1,16,0.06832,16,0.038256,306,47,4270,2391,6000,,1200,,,,acceleration,elevated_load,0,no_load,cw,B3: sharp but allowed acc/dec,servo-app/lab-0.1
1781172818.4091625,57.438754081726074,B3_ACC_DEC_SHARP,B3_ACC_DEC_SHARP_R02_20260611_171240,delta-asda-b3-e,567,RTSO|SO|OE|VE|QS,1,0,11941,-10,-16,-0.06832,-16,-0.038256,306,47,4270,2391,6000,,1200,,,,acceleration,elevated_load,0,no_load,cw,B3: sharp but allowed acc/dec,servo-app/lab-0.1
1781172818.509503,57.5390944480896,B3_ACC_DEC_SHARP,B3_ACC_DEC_SHARP_R02_20260611_171240,delta-asda-b3-e,4663,RTSO|SO|OE|VE|QS|ACK,1,0,6753,3,6,0.02562,-1,-0.002391,306,47,4270,2391,6000,,1200,,,,acceleration,elevated_load,0,no_load,cw,B3: sharp but allowed acc/dec,servo-app/lab-0.1
1781172818.6098506,57.63944220542908,B3_ACC_DEC_SHARP,B3_ACC_DEC_SHARP_R02_20260611_171240,delta-asda-b3-e,567,RTSO|SO|OE|VE|QS,1,0,54407,3,18,0.07686,18,0.043038,306,47,4270,2391,6000,,1200,,,,acceleration,elevated_load,0,no_load,cw,B3: sharp but allowed acc/dec,servo-app/lab-0.1
1781172818.7100172,57.73960876464844,B3_ACC_DEC_SHARP,B3_ACC_DEC_SHARP_R02_20260611_171240,delta-asda-b3-e,567,RTSO|SO|OE|VE|QS,1,0,25002,-30,-14,-0.05978,-13,-0.031083,306,47,4270,2391,6000,,1200,,,,acceleration,elevated_load,0,no_load,cw,B3: sharp but allowed acc/dec,servo-app/lab-0.1
1781172818.8104973,57.840088844299316,B3_ACC_DEC_SHARP,B3_ACC_DEC_SHARP_R02_20260611_171240,delta-asda-b3-e,567,RTSO|SO|OE|VE|QS,1,0,6565,-1,-14,-0.05978,-14,-0.033474,306,47,4270,2391,6000,,1200,,,,acceleration,elevated_load,0,no_load,cw,B3: sharp but allowed acc/dec,servo-app/lab-0.1
1781172818.9106798,57.94027137756348,B3_ACC_DEC_SHARP,B3_ACC_DEC_SHARP_R02_20260611_171240,delta-asda-b3-e,567,RTSO|SO|OE|VE|QS,1,0,49187,11,18,0.07686,18,0.043038,306,47,4270,2391,6000,,1200,,,,acceleration,elevated_load,0,no_load,cw,B3: sharp but allowed acc/dec,servo-app/lab-0.1
1781172819.010843,58.04043459892273,B3_ACC_DEC_SHARP,B3_ACC_DEC_SHARP_R02_20260611_171240,delta-asda-b3-e,1591,RTSO|SO|OE|VE|QS|TR,1,0,56184,0,16,0.06832,16,0.038256,305,47,4270,2391,6000,,1200,,,,acceleration,elevated_load,0,no_load,cw,B3: sharp but allowed acc/dec,servo-app/lab-0.1
1781172819.1112297,58.1408212184906,B3_ACC_DEC_SHARP,B3_ACC_DEC_SHARP_R02_20260611_171240,delta-asda-b3-e,567,RTSO|SO|OE|VE|QS,1,0,56324,0,14,0.05978,14,0.033474,306,47,4270,2391,6000,,1200,,,,acceleration,elevated_load,0,no_load,cw,B3: sharp but allowed acc/dec,servo-app/lab-0.1
1781172819.2115788,58.24117040634155,B3_ACC_DEC_SHARP,B3_ACC_DEC_SHARP_R02_20260611_171240,delta-asda-b3-e,567,RTSO|SO|OE|VE|QS,1,0,56212,0,13,0.05551,13,0.031083,306,47,4270,2391,6000,,1200,,,,acceleration,elevated_load,0,no_load,cw,B3: sharp but allowed acc/dec,servo-app/lab-0.1
1781172819.3117952,58.341386795043945,B3_ACC_DEC_SHARP,B3_ACC_DEC_SHARP_R02_20260611_171240,delta-asda-b3-e,567,RTSO|SO|OE|VE|QS,1,0,17563,-18,-16,-0.06832,-16,-0.038256,306,47,4270,2391,6000,,1200,,,,acceleration,elevated_load,0,no_load,cw,B3: sharp but allowed acc/dec,servo-app/lab-0.1
1781172819.4122467,58.44183826446533,B3_ACC_DEC_SHARP,B3_ACC_DEC_SHARP_R02_20260611_171240,delta-asda-b3-e,567,RTSO|SO|OE|VE|QS,1,0,6239,-1,-13,-0.05551,-13,-0.031083,306,47,4270,2391,6000,,1200,,,,acceleration,elevated_load,0,no_load,cw,B3: sharp but allowed acc/dec,servo-app/lab-0.1
1781172819.5129917,58.54258322715759,B3_ACC_DEC_SHARP,B3_ACC_DEC_SHARP_R02_20260611_171240,delta-asda-b3-e,567,RTSO|SO|OE|VE|QS,1,0,51303,8,18,0.07686,18,0.043038,306,47,4270,2391,6000,,1200,,,,acceleration,elevated_load,0,no_load,cw,B3: sharp but allowed acc/dec,servo-app/lab-0.1
1781172819.6130862,58.642677783966064,B3_ACC_DEC_SHARP,B3_ACC_DEC_SHARP_R02_20260611_171240,delta-asda-b3-e,567,RTSO|SO|OE|VE|QS,1,0,52109,-15,-13,-0.05551,-14,-0.033474,306,47,4270,2391,6000,,1200,,,,acceleration,elevated_load,0,no_load,cw,B3: sharp but allowed acc/dec,servo-app/lab-0.1
1781172819.713261,58.742852449417114,B3_ACC_DEC_SHARP,B3_ACC_DEC_SHARP_R02_20260611_171240,delta-asda-b3-e,567,RTSO|SO|OE|VE|QS,1,0,7554,-3,-15,-0.06405,-14,-0.033474,306,47,4270,2391,6000,,1200,,,,acceleration,elevated_load,0,no_load,cw,B3: sharp but allowed acc/dec,servo-app/lab-0.1
1781172819.8137052,58.84329676628113,B3_ACC_DEC_SHARP,B3_ACC_DEC_SHARP_R02_20260611_171240,delta-asda-b3-e,567,RTSO|SO|OE|VE|QS,1,0,5857,0,-11,-0.04697,-12,-0.028692,306,47,4270,2391,6000,,1200,,,,acceleration,elevated_load,0,no_load,cw,B3: sharp but allowed acc/dec,servo-app/lab-0.1
1781172819.9138262,58.94341778755188,B3_ACC_DEC_SHARP,B3_ACC_DEC_SHARP_R02_20260611_171240,delta-asda-b3-e,567,RTSO|SO|OE|VE|QS,1,0,5957,0,-11,-0.04697,-9,-0.021519,306,47,4270,2391,6000,,1200,,,,acceleration,elevated_load,0,no_load,cw,B3: sharp but allowed acc/dec,servo-app/lab-0.1
1781172820.0142064,59.043797969818115,B3_ACC_DEC_SHARP,B3_ACC_DEC_SHARP_R02_20260611_171240,delta-asda-b3-e,1591,RTSO|SO|OE|VE|QS|TR,1,0,6037,0,-8,-0.03416,-9,-0.021519,306,47,4270,2391,6000,,1200,,,,acceleration,elevated_load,0,no_load,cw,B3: sharp but allowed acc/dec,servo-app/lab-0.1
1781172820.114687,59.14427852630615,B3_ACC_DEC_SHARP,B3_ACC_DEC_SHARP_R02_20260611_171240,delta-asda-b3-e,567,RTSO|SO|OE|VE|QS,1,0,53584,5,18,0.07686,18,0.043038,306,47,4270,2391,6000,,1200,,,,acceleration,elevated_load,0,no_load,cw,B3: sharp but allowed acc/dec,servo-app/lab-0.1
1781172820.214791,59.24438261985779,B3_ACC_DEC_SHARP,B3_ACC_DEC_SHARP_R02_20260611_171240,delta-asda-b3-e,567,RTSO|SO|OE|VE|QS,1,0,42447,-33,-12,-0.05124,-11,-0.026301,306,47,4270,2391,6000,,1200,,,,acceleration,elevated_load,0,no_load,cw,B3: sharp but allowed acc/dec,servo-app/lab-0.1
1781172820.3149536,59.344545125961304,B3_ACC_DEC_SHARP,B3_ACC_DEC_SHARP_R02_20260611_171240,delta-asda-b3-e,567,RTSO|SO|OE|VE|QS,1,0,6993,-2,-15,-0.06405,-15,-0.035865,306,47,4270,2391,6000,,1200,,,,acceleration,elevated_load,0,no_load,cw,B3: sharp but allowed acc/dec,servo-app/lab-0.1
1781172820.4151714,59.44476294517517,B3_ACC_DEC_SHARP,B3_ACC_DEC_SHARP_R02_20260611_171240,delta-asda-b3-e,567,RTSO|SO|OE|VE|QS,1,0,44522,19,16,0.06832,18,0.043038,306,47,4270,2391,6000,,1200,,,,acceleration,elevated_load,0,no_load,cw,B3: sharp but allowed acc/dec,servo-app/lab-0.1
1781172820.5152597,59.544851303100586,B3_ACC_DEC_SHARP,B3_ACC_DEC_SHARP_R02_20260611_171240,delta-asda-b3-e,567,RTSO|SO|OE|VE|QS,1,0,55982,1,16,0.06832,16,0.038256,306,47,4270,2391,6000,,1200,,,,acceleration,elevated_load,0,no_load,cw,B3: sharp but allowed acc/dec,servo-app/lab-0.1
1781172820.615437,59.645028591156006,B3_ACC_DEC_SHARP,B3_ACC_DEC_SHARP_R02_20260611_171240,delta-asda-b3-e,567,RTSO|SO|OE|VE|QS,1,0,11034,-9,-15,-0.06405,-16,-0.038256,306,47,4270,2391,6000,,1200,,,,acceleration,elevated_load,0,no_load,cw,B3: sharp but allowed acc/dec,servo-app/lab-0.1
1781172820.7158666,59.745458126068115,B3_ACC_DEC_SHARP,B3_ACC_DEC_SHARP_R02_20260611_171240,delta-asda-b3-e,567,RTSO|SO|OE|VE|QS,1,0,10094,15,18,0.07686,18,0.043038,306,47,4270,2391,6000,,1200,,,,acceleration,elevated_load,0,no_load,cw,B3: sharp but allowed acc/dec,servo-app/lab-0.1
1781172820.8158948,59.8454864025116,B3_ACC_DEC_SHARP,B3_ACC_DEC_SHARP_R02_20260611_171240,delta-asda-b3-e,567,RTSO|SO|OE|VE|QS,1,0,54715,3,17,0.07259,18,0.043038,307,47,4270,2391,6000,,1200,,,,acceleration,elevated_load,0,no_load,cw,B3: sharp but allowed acc/dec,servo-app/lab-0.1
1781172820.9164648,59.9460563659668,B3_ACC_DEC_SHARP,B3_ACC_DEC_SHARP_R02_20260611_171240,delta-asda-b3-e,567,RTSO|SO|OE|VE|QS,1,0,20095,-23,-15,-0.06405,-14,-0.033474,307,47,4270,2391,6000,,1200,,,,acceleration,elevated_load,0,no_load,cw,B3: sharp but allowed acc/dec,servo-app/lab-0.1
1781172821.016933,60.04652452468872,B3_ACC_DEC_SHARP,B3_ACC_DEC_SHARP_R02_20260611_171240,delta-asda-b3-e,567,RTSO|SO|OE|VE|QS,1,0,6289,-1,-13,-0.05551,-13,-0.031083,306,47,4270,2391,6000,,1200,,,,acceleration,elevated_load,0,no_load,cw,B3: sharp but allowed acc/dec,servo-app/lab-0.1
1781172821.1173003,60.146891832351685,B3_ACC_DEC_SHARP,B3_ACC_DEC_SHARP_R02_20260611_171240,delta-asda-b3-e,567,RTSO|SO|OE|VE|QS,1,0,49936,11,18,0.07686,18,0.043038,306,47,4270,2391,6000,,1200,,,,acceleration,elevated_load,0,no_load,cw,B3: sharp but allowed acc/dec,servo-app/lab-0.1
1781172821.2173438,60.24693536758423,B3_ACC_DEC_SHARP,B3_ACC_DEC_SHARP_R02_20260611_171240,delta-asda-b3-e,4663,RTSO|SO|OE|VE|QS|ACK,1,0,56162,-1,5,0.02135,8,0.019128,306,47,4270,2391,6000,,1200,,,,acceleration,elevated_load,0,no_load,cw,B3: sharp but allowed acc/dec,servo-app/lab-0.1
1781172821.3175008,60.347092390060425,B3_ACC_DEC_SHARP,B3_ACC_DEC_SHARP_R02_20260611_171240,delta-asda-b3-e,567,RTSO|SO|OE|VE|QS,1,0,8026,-4,-15,-0.06405,-14,-0.033474,307,47,4270,2391,6000,,1200,,,,acceleration,elevated_load,0,no_load,cw,B3: sharp but allowed acc/dec,servo-app/lab-0.1
1781172821.4178805,60.4474720954895,B3_ACC_DEC_SHARP,B3_ACC_DEC_SHARP_R02_20260611_171240,delta-asda-b3-e,567,RTSO|SO|OE|VE|QS,1,0,26001,39,15,0.06405,15,0.035865,306,47,4270,2391,6000,,1200,,,,acceleration,elevated_load,0,no_load,cw,B3: sharp but allowed acc/dec,servo-app/lab-0.1
1781172821.5179071,60.54749870300293,B3_ACC_DEC_SHARP,B3_ACC_DEC_SHARP_R02_20260611_171240,delta-asda-b3-e,567,RTSO|SO|OE|VE|QS,1,0,55325,2,16,0.06832,17,0.040647,307,47,4270,2391,6000,,1200,,,,acceleration,elevated_load,0,no_load,cw,B3: sharp but allowed acc/dec,servo-app/lab-0.1
1781172821.617939,60.6475305557251,B3_ACC_DEC_SHARP,B3_ACC_DEC_SHARP_R02_20260611_171240,delta-asda-b3-e,567,RTSO|SO|OE|VE|QS,1,0,15369,-15,-15,-0.06405,-15,-0.035865,306,47,4270,2391,6000,,1200,,,,acceleration,elevated_load,0,no_load,cw,B3: sharp but allowed acc/dec,servo-app/lab-0.1
1781172821.7180674,60.7476589679718,B3_ACC_DEC_SHARP,B3_ACC_DEC_SHARP_R02_20260611_171240,delta-asda-b3-e,1591,RTSO|SO|OE|VE|QS|TR,1,0,6115,-1,-13,-0.05551,-12,-0.028692,306,47,4270,2391,6000,,1200,,,,acceleration,elevated_load,0,no_load,cw,B3: sharp but allowed acc/dec,servo-app/lab-0.1
1781172821.818174,60.84776544570923,B3_ACC_DEC_SHARP,B3_ACC_DEC_SHARP_R02_20260611_171240,delta-asda-b3-e,567,RTSO|SO|OE|VE|QS,1,0,5891,0,-10,-0.0427,-9,-0.021519,306,47,4270,2391,6000,,1200,,,,acceleration,elevated_load,0,no_load,cw,B3: sharp but allowed acc/dec,servo-app/lab-0.1
1781172821.9186583,60.94824981689453,B3_ACC_DEC_SHARP,B3_ACC_DEC_SHARP_R02_20260611_171240,delta-asda-b3-e,567,RTSO|SO|OE|VE|QS,1,0,6003,0,-10,-0.0427,-9,-0.021519,306,47,4270,2391,6000,,1200,,,,acceleration,elevated_load,0,no_load,cw,B3: sharp but allowed acc/dec,servo-app/lab-0.1
1781172822.0189033,61.048494815826416,B3_ACC_DEC_SHARP,B3_ACC_DEC_SHARP_R02_20260611_171240,delta-asda-b3-e,567,RTSO|SO|OE|VE|QS,1,0,49974,11,18,0.07686,18,0.043038,306,47,4270,2391,6000,,1200,,,,acceleration,elevated_load,0,no_load,cw,B3: sharp but allowed acc/dec,servo-app/lab-0.1
1781172822.1193032,61.14889478683472,B3_ACC_DEC_SHARP,B3_ACC_DEC_SHARP_R02_20260611_171240,delta-asda-b3-e,4663,RTSO|SO|OE|VE|QS|ACK,1,0,56026,-2,1,0.00427,6,0.014346,306,47,4270,2391,6000,,1200,,,,acceleration,elevated_load,0,no_load,cw,B3: sharp but allowed acc/dec,servo-app/lab-0.1
1781172822.2195833,61.24917483329773,B3_ACC_DEC_SHARP,B3_ACC_DEC_SHARP_R02_20260611_171240,delta-asda-b3-e,567,RTSO|SO|OE|VE|QS,1,0,7984,-4,-15,-0.06405,-14,-0.033474,306,47,4270,2391,6000,,1200,,,,acceleration,elevated_load,0,no_load,cw,B3: sharp but allowed acc/dec,servo-app/lab-0.1
1781172822.32001,61.34960150718689,B3_ACC_DEC_SHARP,B3_ACC_DEC_SHARP_R02_20260611_171240,delta-asda-b3-e,567,RTSO|SO|OE|VE|QS,1,0,27322,40,15,0.06405,16,0.038256,306,47,4270,2391,6000,,1200,,,,acceleration,elevated_load,0,no_load,cw,B3: sharp but allowed acc/dec,servo-app/lab-0.1
1781172822.4206715,61.450263023376465,B3_ACC_DEC_SHARP,B3_ACC_DEC_SHARP_R02_20260611_171240,delta-asda-b3-e,567,RTSO|SO|OE|VE|QS,1,0,55281,2,16,0.06832,18,0.043038,306,47,4270,2391,6000,,1200,,,,acceleration,elevated_load,0,no_load,cw,B3: sharp but allowed acc/dec,servo-app/lab-0.1
1781172822.5207102,61.55030179023743,B3_ACC_DEC_SHARP,B3_ACC_DEC_SHARP_R02_20260611_171240,delta-asda-b3-e,567,RTSO|SO|OE|VE|QS,1,0,15407,-15,-15,-0.06405,-15,-0.035865,306,47,4270,2391,6000,,1200,,,,acceleration,elevated_load,0,no_load,cw,B3: sharp but allowed acc/dec,servo-app/lab-0.1
1781172822.6209571,61.650548696517944,B3_ACC_DEC_SHARP,B3_ACC_DEC_SHARP_R02_20260611_171240,delta-asda-b3-e,1591,RTSO|SO|OE|VE|QS|TR,1,0,6129,-1,-13,-0.05551,-13,-0.031083,306,47,4270,2391,6000,,1200,,,,acceleration,elevated_load,0,no_load,cw,B3: sharp but allowed acc/dec,servo-app/lab-0.1
1781172822.721095,61.75068664550781,B3_ACC_DEC_SHARP,B3_ACC_DEC_SHARP_R02_20260611_171240,delta-asda-b3-e,567,RTSO|SO|OE|VE|QS,1,0,52690,6,18,0.07686,18,0.043038,306,47,4270,2391,6000,,1200,,,,acceleration,elevated_load,0,no_load,cw,B3: sharp but allowed acc/dec,servo-app/lab-0.1
1781172822.8212237,61.850815296173096,B3_ACC_DEC_SHARP,B3_ACC_DEC_SHARP_R02_20260611_171240,delta-asda-b3-e,567,RTSO|SO|OE|VE|QS,1,0,42437,-35,-11,-0.04697,-11,-0.026301,306,47,4270,2391,6000,,1200,,,,acceleration,elevated_load,0,no_load,cw,B3: sharp but allowed acc/dec,servo-app/lab-0.1
1781172822.921252,61.95084357261658,B3_ACC_DEC_SHARP,B3_ACC_DEC_SHARP_R02_20260611_171240,delta-asda-b3-e,567,RTSO|SO|OE|VE|QS,1,0,7165,-2,-14,-0.05978,-15,-0.035865,305,47,4270,2391,6000,,1200,,,,acceleration,elevated_load,0,no_load,cw,B3: sharp but allowed acc/dec,servo-app/lab-0.1
1781172823.0212889,62.050880432128906,B3_ACC_DEC_SHARP,B3_ACC_DEC_SHARP_R02_20260611_171240,delta-asda-b3-e,567,RTSO|SO|OE|VE|QS,1,0,45589,17,17,0.07259,18,0.043038,305,47,4270,2391,6000,,1200,,,,acceleration,elevated_load,0,no_load,cw,B3: sharp but allowed acc/dec,servo-app/lab-0.1
1781172823.121545,62.15113663673401,B3_ACC_DEC_SHARP,B3_ACC_DEC_SHARP_R02_20260611_171240,delta-asda-b3-e,567,RTSO|SO|OE|VE|QS,1,0,56022,1,15,0.06405,17,0.040647,305,47,4270,2391,6000,,1200,,,,acceleration,elevated_load,0,no_load,cw,B3: sharp but allowed acc/dec,servo-app/lab-0.1
1781172823.2220623,62.25165390968323,B3_ACC_DEC_SHARP,B3_ACC_DEC_SHARP_R02_20260611_171240,delta-asda-b3-e,567,RTSO|SO|OE|VE|QS,1,0,11593,-9,-15,-0.06405,-15,-0.035865,306,47,4270,2391,6000,,1200,,,,acceleration,elevated_load,0,no_load,cw,B3: sharp but allowed acc/dec,servo-app/lab-0.1
1781172823.3221126,62.351704120635986,B3_ACC_DEC_SHARP,B3_ACC_DEC_SHARP_R02_20260611_171240,delta-asda-b3-e,567,RTSO|SO|OE|VE|QS,1,0,7208,5,9,0.03843,3,0.007173,306,47,4270,2391,6000,,1200,,,,acceleration,elevated_load,0,no_load,cw,B3: sharp but allowed acc/dec,servo-app/lab-0.1
1781172823.4222276,62.45181918144226,B3_ACC_DEC_SHARP,B3_ACC_DEC_SHARP_R02_20260611_171240,delta-asda-b3-e,567,RTSO|SO|OE|VE|QS,1,0,54525,3,17,0.07259,17,0.040647,305,47,4270,2391,6000,,1200,,,,acceleration,elevated_load,0,no_load,cw,B3: sharp but allowed acc/dec,servo-app/lab-0.1
1781172823.522585,62.5521764755249,B3_ACC_DEC_SHARP,B3_ACC_DEC_SHARP_R02_20260611_171240,delta-asda-b3-e,567,RTSO|SO|OE|VE|QS,1,0,21964,-26,-14,-0.05978,-14,-0.033474,305,47,4270,2391,6000,,1200,,,,acceleration,elevated_load,0,no_load,cw,B3: sharp but allowed acc/dec,servo-app/lab-0.1
1781172823.6228566,62.65244817733765,B3_ACC_DEC_SHARP,B3_ACC_DEC_SHARP_R02_20260611_171240,delta-asda-b3-e,567,RTSO|SO|OE|VE|QS,1,0,6423,-1,-14,-0.05978,-13,-0.031083,306,47,4270,2391,6000,,1200,,,,acceleration,elevated_load,0,no_load,cw,B3: sharp but allowed acc/dec,servo-app/lab-0.1
1781172823.7230308,62.75262236595154,B3_ACC_DEC_SHARP,B3_ACC_DEC_SHARP_R02_20260611_171240,delta-asda-b3-e,567,RTSO|SO|OE|VE|QS,1,0,5867,0,-12,-0.05124,-10,-0.02391,305,47,4270,2391,6000,,1200,,,,acceleration,elevated_load,0,no_load,cw,B3: sharp but allowed acc/dec,servo-app/lab-0.1
1781172823.8235424,62.85313391685486,B3_ACC_DEC_SHARP,B3_ACC_DEC_SHARP_R02_20260611_171240,delta-asda-b3-e,567,RTSO|SO|OE|VE|QS,1,0,6005,0,-9,-0.03843,-10,-0.02391,306,47,4270,2391,6000,,1200,,,,acceleration,elevated_load,0,no_load,cw,B3: sharp but allowed acc/dec,servo-app/lab-0.1
1781172823.92366,62.9532516002655,B3_ACC_DEC_SHARP,B3_ACC_DEC_SHARP_R02_20260611_171240,delta-asda-b3-e,567,RTSO|SO|OE|VE|QS,1,0,26569,41,15,0.06405,15,0.035865,306,47,4270,2391,6000,,1200,,,,acceleration,elevated_load,0,no_load,cw,B3: sharp but allowed acc/dec,servo-app/lab-0.1
1781172824.0240743,63.05366587638855,B3_ACC_DEC_SHARP,B3_ACC_DEC_SHARP_R02_20260611_171240,delta-asda-b3-e,567,RTSO|SO|OE|VE|QS,1,0,55383,2,17,0.07259,17,0.040647,305,47,4270,2391,6000,,1200,,,,acceleration,elevated_load,0,no_load,cw,B3: sharp but allowed acc/dec,servo-app/lab-0.1
1781172824.1241298,63.15372133255005,B3_ACC_DEC_SHARP,B3_ACC_DEC_SHARP_R02_20260611_171240,delta-asda-b3-e,567,RTSO|SO|OE|VE|QS,1,0,16002,-16,-15,-0.06405,-16,-0.038256,305,47,4270,2391,6000,,1200,,,,acceleration,elevated_load,0,no_load,cw,B3: sharp but allowed acc/dec,servo-app/lab-0.1
1781172824.224476,63.25406765937805,B3_ACC_DEC_SHARP,B3_ACC_DEC_SHARP_R02_20260611_171240,delta-asda-b3-e,567,RTSO|SO|OE|VE|QS,1,0,6163,-1,-13,-0.05551,-12,-0.028692,306,47,4270,2391,6000,,1200,,,,acceleration,elevated_load,0,no_load,cw,B3: sharp but allowed acc/dec,servo-app/lab-0.1
1781172824.3248544,63.354445934295654,B3_ACC_DEC_SHARP,B3_ACC_DEC_SHARP_R02_20260611_171240,delta-asda-b3-e,567,RTSO|SO|OE|VE|QS,1,0,51028,9,19,0.08113,17,0.040647,305,47,4270,2391,6000,,1200,,,,acceleration,elevated_load,0,no_load,cw,B3: sharp but allowed acc/dec,servo-app/lab-0.1
1781172824.4250095,63.45460104942322,B3_ACC_DEC_SHARP,B3_ACC_DEC_SHARP_R02_20260611_171240,delta-asda-b3-e,567,RTSO|SO|OE|VE|QS,1,0,56308,0,16,0.06832,16,0.038256,305,47,4270,2391,6000,,1200,,,,acceleration,elevated_load,0,no_load,cw,B3: sharp but allowed acc/dec,servo-app/lab-0.1
1781172824.5250328,63.55462431907654,B3_ACC_DEC_SHARP,B3_ACC_DEC_SHARP_R02_20260611_171240,delta-asda-b3-e,567,RTSO|SO|OE|VE|QS,1,0,56352,0,13,0.05551,14,0.033474,305,47,4270,2391,6000,,1200,,,,acceleration,elevated_load,0,no_load,cw,B3: sharp but allowed acc/dec,servo-app/lab-0.1
1781172824.6253827,63.65497422218323,B3_ACC_DEC_SHARP,B3_ACC_DEC_SHARP_R02_20260611_171240,delta-asda-b3-e,1591,RTSO|SO|OE|VE|QS|TR,1,0,56240,0,13,0.05551,13,0.031083,305,47,4270,2391,6000,,1200,,,,acceleration,elevated_load,0,no_load,cw,B3: sharp but allowed acc/dec,servo-app/lab-0.1
1781172824.7254686,63.75506019592285,B3_ACC_DEC_SHARP,B3_ACC_DEC_SHARP_R02_20260611_171240,delta-asda-b3-e,567,RTSO|SO|OE|VE|QS,1,0,14923,-15,-15,-0.06405,-15,-0.035865,305,47,4270,2391,6000,,1200,,,,acceleration,elevated_load,0,no_load,cw,B3: sharp but allowed acc/dec,servo-app/lab-0.1
1781172824.8259342,63.855525732040405,B3_ACC_DEC_SHARP,B3_ACC_DEC_SHARP_R02_20260611_171240,delta-asda-b3-e,1591,RTSO|SO|OE|VE|QS|TR,1,0,6083,-1,-13,-0.05551,-13,-0.031083,305,47,4270,2391,6000,,1200,,,,acceleration,elevated_load,0,no_load,cw,B3: sharp but allowed acc/dec,servo-app/lab-0.1
1781172824.9259737,63.955565214157104,B3_ACC_DEC_SHARP,B3_ACC_DEC_SHARP_R02_20260611_171240,delta-asda-b3-e,567,RTSO|SO|OE|VE|QS,1,0,51987,7,18,0.07686,18,0.043038,306,47,4270,2391,6000,,1200,,,,acceleration,elevated_load,0,no_load,cw,B3: sharp but allowed acc/dec,servo-app/lab-0.1
1781172825.026506,64.0560975074768,B3_ACC_DEC_SHARP,B3_ACC_DEC_SHARP_R02_20260611_171240,delta-asda-b3-e,567,RTSO|SO|OE|VE|QS,1,0,51161,-15,-14,-0.05978,-15,-0.035865,305,47,4270,2391,6000,,1200,,,,acceleration,elevated_load,0,no_load,cw,B3: sharp but allowed acc/dec,servo-app/lab-0.1
1781172825.1269236,64.15651512145996,B3_ACC_DEC_SHARP,B3_ACC_DEC_SHARP_R02_20260611_171240,delta-asda-b3-e,567,RTSO|SO|OE|VE|QS,1,0,7380,-3,-14,-0.05978,-14,-0.033474,305,47,4270,2391,6000,,1200,,,,acceleration,elevated_load,0,no_load,cw,B3: sharp but allowed acc/dec,servo-app/lab-0.1
1781172825.2270844,64.25667595863342,B3_ACC_DEC_SHARP,B3_ACC_DEC_SHARP_R02_20260611_171240,delta-asda-b3-e,567,RTSO|SO|OE|VE|QS,1,0,43047,21,18,0.07686,17,0.040647,305,47,4270,2391,6000,,1200,,,,acceleration,elevated_load,0,no_load,cw,B3: sharp but allowed acc/dec,servo-app/lab-0.1
1781172825.3271148,64.35670638084412,B3_ACC_DEC_SHARP,B3_ACC_DEC_SHARP_R02_20260611_171240,delta-asda-b3-e,567,RTSO|SO|OE|VE|QS,1,0,55978,1,17,0.07259,16,0.038256,305,47,4270,2391,6000,,1200,,,,acceleration,elevated_load,0,no_load,cw,B3: sharp but allowed acc/dec,servo-app/lab-0.1
1781172825.4272602,64.45685172080994,B3_ACC_DEC_SHARP,B3_ACC_DEC_SHARP_R02_20260611_171240,delta-asda-b3-e,567,RTSO|SO|OE|VE|QS,1,0,11927,-10,-14,-0.05978,-15,-0.035865,306,47,4270,2391,6000,,1200,,,,acceleration,elevated_load,0,no_load,cw,B3: sharp but allowed acc/dec,servo-app/lab-0.1
1781172825.5278714,64.55746293067932,B3_ACC_DEC_SHARP,B3_ACC_DEC_SHARP_R02_20260611_171240,delta-asda-b3-e,4663,RTSO|SO|OE|VE|QS|ACK,1,0,6045,0,-7,-0.02989,-8,-0.019128,306,47,4270,2391,6000,,1200,,,,acceleration,elevated_load,0,no_load,cw,B3: sharp but allowed acc/dec,servo-app/lab-0.1
1781172825.628254,64.65784549713135,B3_ACC_DEC_SHARP,B3_ACC_DEC_SHARP_R02_20260611_171240,delta-asda-b3-e,567,RTSO|SO|OE|VE|QS,1,0,54381,3,17,0.07259,18,0.043038,305,47,4270,2391,6000,,1200,,,,acceleration,elevated_load,0,no_load,cw,B3: sharp but allowed acc/dec,servo-app/lab-0.1
1781172825.7285414,64.75813293457031,B3_ACC_DEC_SHARP,B3_ACC_DEC_SHARP_R02_20260611_171240,delta-asda-b3-e,567,RTSO|SO|OE|VE|QS,1,0,56370,0,15,0.06405,14,0.033474,305,47,4270,2391,6000,,1200,,,,acceleration,elevated_load,0,no_load,cw,B3: sharp but allowed acc/dec,servo-app/lab-0.1
1781172825.82859,64.85818147659302,B3_ACC_DEC_SHARP,B3_ACC_DEC_SHARP_R02_20260611_171240,delta-asda-b3-e,567,RTSO|SO|OE|VE|QS,1,0,56276,0,14,0.05978,13,0.031083,306,47,4270,2391,6000,,1200,,,,acceleration,elevated_load,0,no_load,cw,B3: sharp but allowed acc/dec,servo-app/lab-0.1
1781172825.9289036,64.95849514007568,B3_ACC_DEC_SHARP,B3_ACC_DEC_SHARP_R02_20260611_171240,delta-asda-b3-e,567,RTSO|SO|OE|VE|QS,1,0,56180,0,12,0.05124,13,0.031083,305,47,4270,2391,6000,,1200,,,,acceleration,elevated_load,0,no_load,cw,B3: sharp but allowed acc/dec,servo-app/lab-0.1
1781172826.0291016,65.05869317054749,B3_ACC_DEC_SHARP,B3_ACC_DEC_SHARP_R02_20260611_171240,delta-asda-b3-e,567,RTSO|SO|OE|VE|QS,1,0,12067,-10,-16,-0.06832,-15,-0.035865,305,47,4270,2391,6000,,1200,,,,acceleration,elevated_load,0,no_load,cw,B3: sharp but allowed acc/dec,servo-app/lab-0.1
1781172826.1295023,65.15909385681152,B3_ACC_DEC_SHARP,B3_ACC_DEC_SHARP_R02_20260611_171240,delta-asda-b3-e,567,RTSO|SO|OE|VE|QS,1,0,5987,0,-13,-0.05551,-14,-0.033474,306,47,4270,2391,6000,,1200,,,,acceleration,elevated_load,0,no_load,cw,B3: sharp but allowed acc/dec,servo-app/lab-0.1
1781172826.229818,65.2594096660614,B3_ACC_DEC_SHARP,B3_ACC_DEC_SHARP_R02_20260611_171240,delta-asda-b3-e,567,RTSO|SO|OE|VE|QS,1,0,53556,5,18,0.07686,18,0.043038,306,47,4270,2391,6000,,1200,,,,acceleration,elevated_load,0,no_load,cw,B3: sharp but allowed acc/dec,servo-app/lab-0.1
1781172826.3300729,65.35966444015503,B3_ACC_DEC_SHARP,B3_ACC_DEC_SHARP_R02_20260611_171240,delta-asda-b3-e,567,RTSO|SO|OE|VE|QS,1,0,42441,-33,-12,-0.05124,-13,-0.031083,306,47,4270,2391,6000,,1200,,,,acceleration,elevated_load,0,no_load,cw,B3: sharp but allowed acc/dec,servo-app/lab-0.1
1781172826.4302907,65.4598822593689,B3_ACC_DEC_SHARP,B3_ACC_DEC_SHARP_R02_20260611_171240,delta-asda-b3-e,567,RTSO|SO|OE|VE|QS,1,0,7121,-2,-14,-0.05978,-15,-0.035865,305,47,4270,2391,6000,,1200,,,,acceleration,elevated_load,0,no_load,cw,B3: sharp but allowed acc/dec,servo-app/lab-0.1
1781172826.5303235,65.55991506576538,B3_ACC_DEC_SHARP,B3_ACC_DEC_SHARP_R02_20260611_171240,delta-asda-b3-e,567,RTSO|SO|OE|VE|QS,1,0,5869,0,-11,-0.04697,-11,-0.026301,306,47,4270,2391,6000,,1200,,,,acceleration,elevated_load,0,no_load,cw,B3: sharp but allowed acc/dec,servo-app/lab-0.1
1781172826.6308532,65.66044473648071,B3_ACC_DEC_SHARP,B3_ACC_DEC_SHARP_R02_20260611_171240,delta-asda-b3-e,567,RTSO|SO|OE|VE|QS,1,0,5971,0,-9,-0.03843,-10,-0.02391,306,47,4270,2391,6000,,1200,,,,acceleration,elevated_load,0,no_load,cw,B3: sharp but allowed acc/dec,servo-app/lab-0.1
1781172826.7309706,65.76056218147278,B3_ACC_DEC_SHARP,B3_ACC_DEC_SHARP_R02_20260611_171240,delta-asda-b3-e,1591,RTSO|SO|OE|VE|QS|TR,1,0,6051,0,-9,-0.03843,-9,-0.021519,306,47,4270,2391,6000,,1200,,,,acceleration,elevated_load,0,no_load,cw,B3: sharp but allowed acc/dec,servo-app/lab-0.1
1781172826.8310406,65.8606321811676,B3_ACC_DEC_SHARP,B3_ACC_DEC_SHARP_R02_20260611_171240,delta-asda-b3-e,567,RTSO|SO|OE|VE|QS,1,0,52880,6,18,0.07686,18,0.043038,306,47,4270,2391,6000,,1200,,,,acceleration,elevated_load,0,no_load,cw,B3: sharp but allowed acc/dec,servo-app/lab-0.1
1781172826.931221,65.96081256866455,B3_ACC_DEC_SHARP,B3_ACC_DEC_SHARP_R02_20260611_171240,delta-asda-b3-e,567,RTSO|SO|OE|VE|QS,1,0,39238,-36,-11,-0.04697,-11,-0.026301,306,47,4270,2391,6000,,1200,,,,acceleration,elevated_load,0,no_load,cw,B3: sharp but allowed acc/dec,servo-app/lab-0.1
1781172827.0313752,66.0609667301178,B3_ACC_DEC_SHARP,B3_ACC_DEC_SHARP_R02_20260611_171240,delta-asda-b3-e,567,RTSO|SO|OE|VE|QS,1,0,6999,-2,-13,-0.05551,-14,-0.033474,306,47,4270,2391,6000,,1200,,,,acceleration,elevated_load,0,no_load,cw,B3: sharp but allowed acc/dec,servo-app/lab-0.1
1781172827.1314445,66.16103601455688,B3_ACC_DEC_SHARP,B3_ACC_DEC_SHARP_R02_20260611_171240,delta-asda-b3-e,567,RTSO|SO|OE|VE|QS,1,0,45251,18,18,0.07686,17,0.040647,306,47,4270,2391,6000,,1200,,,,acceleration,elevated_load,0,no_load,cw,B3: sharp but allowed acc/dec,servo-app/lab-0.1
1781172827.2316291,66.26122069358826,B3_ACC_DEC_SHARP,B3_ACC_DEC_SHARP_R02_20260611_171240,delta-asda-b3-e,1591,RTSO|SO|OE|VE|QS|TR,1,0,56042,1,16,0.06832,16,0.038256,306,47,4270,2391,6000,,1200,,,,acceleration,elevated_load,0,no_load,cw,B3: sharp but allowed acc/dec,servo-app/lab-0.1
1781172827.332123,66.36171460151672,B3_ACC_DEC_SHARP,B3_ACC_DEC_SHARP_R02_20260611_171240,delta-asda-b3-e,567,RTSO|SO|OE|VE|QS,1,0,12367,-11,-15,-0.06405,-15,-0.035865,306,47,4270,2391,6000,,1200,,,,acceleration,elevated_load,0,no_load,cw,B3: sharp but allowed acc/dec,servo-app/lab-0.1
1781172827.4323835,66.46197509765625,B3_ACC_DEC_SHARP,B3_ACC_DEC_SHARP_R02_20260611_171240,delta-asda-b3-e,1591,RTSO|SO|OE|VE|QS|TR,1,0,5999,0,-12,-0.05124,-13,-0.031083,306,47,4270,2391,6000,,1200,,,,acceleration,elevated_load,0,no_load,cw,B3: sharp but allowed acc/dec,servo-app/lab-0.1
1781172827.5329096,66.5625011920929,B3_ACC_DEC_SHARP,B3_ACC_DEC_SHARP_R02_20260611_171240,delta-asda-b3-e,567,RTSO|SO|OE|VE|QS,1,0,5909,0,-10,-0.0427,-10,-0.02391,306,47,4270,2391,6000,,1200,,,,acceleration,elevated_load,0,no_load,cw,B3: sharp but allowed acc/dec,servo-app/lab-0.1
1781172827.633367,66.66295862197876,B3_ACC_DEC_SHARP,B3_ACC_DEC_SHARP_R02_20260611_171240,delta-asda-b3-e,1591,RTSO|SO|OE|VE|QS|TR,1,0,6021,0,-10,-0.0427,-9,-0.021519,306,47,4270,2391,6000,,1200,,,,acceleration,elevated_load,0,no_load,cw,B3: sharp but allowed acc/dec,servo-app/lab-0.1
1781172827.733818,66.76340961456299,B3_ACC_DEC_SHARP,B3_ACC_DEC_SHARP_R02_20260611_171240,delta-asda-b3-e,567,RTSO|SO|OE|VE|QS,1,0,46059,17,18,0.07686,18,0.043038,306,47,4270,2391,6000,,1200,,,,acceleration,elevated_load,0,no_load,cw,B3: sharp but allowed acc/dec,servo-app/lab-0.1
1781172827.8338583,66.86344981193542,B3_ACC_DEC_SHARP,B3_ACC_DEC_SHARP_R02_20260611_171240,delta-asda-b3-e,567,RTSO|SO|OE|VE|QS,1,0,56046,1,17,0.07259,16,0.038256,306,47,4270,2391,6000,,1200,,,,acceleration,elevated_load,0,no_load,cw,B3: sharp but allowed acc/dec,servo-app/lab-0.1
1781172827.9341342,66.96372580528259,B3_ACC_DEC_SHARP,B3_ACC_DEC_SHARP_R02_20260611_171240,delta-asda-b3-e,567,RTSO|SO|OE|VE|QS,1,0,56352,0,14,0.05978,13,0.031083,305,47,4270,2391,6000,,1200,,,,acceleration,elevated_load,0,no_load,cw,B3: sharp but allowed acc/dec,servo-app/lab-0.1
1781172828.0342243,67.06381583213806,B3_ACC_DEC_SHARP,B3_ACC_DEC_SHARP_R02_20260611_171240,delta-asda-b3-e,567,RTSO|SO|OE|VE|QS,1,0,56248,0,13,0.05551,13,0.031083,306,47,4270,2391,6000,,1200,,,,acceleration,elevated_load,0,no_load,cw,B3: sharp but allowed acc/dec,servo-app/lab-0.1
1781172828.1345658,67.16415739059448,B3_ACC_DEC_SHARP,B3_ACC_DEC_SHARP_R02_20260611_171240,delta-asda-b3-e,567,RTSO|SO|OE|VE|QS,1,0,31607,-41,-13,-0.05551,-13,-0.031083,306,47,4270,2391,6000,,1200,,,,acceleration,elevated_load,0,no_load,cw,B3: sharp but allowed acc/dec,servo-app/lab-0.1
1781172828.2350419,67.26463341712952,B3_ACC_DEC_SHARP,B3_ACC_DEC_SHARP_R02_20260611_171240,delta-asda-b3-e,567,RTSO|SO|OE|VE|QS,1,0,6709,-2,-13,-0.05551,-14,-0.033474,305,47,4270,2391,6000,,1200,,,,acceleration,elevated_load,0,no_load,cw,B3: sharp but allowed acc/dec,servo-app/lab-0.1
1781172828.335067,67.36465859413147,B3_ACC_DEC_SHARP,B3_ACC_DEC_SHARP_R02_20260611_171240,delta-asda-b3-e,567,RTSO|SO|OE|VE|QS,1,0,47192,14,18,0.07686,18,0.043038,306,47,4270,2391,6000,,1200,,,,acceleration,elevated_load,0,no_load,cw,B3: sharp but allowed acc/dec,servo-app/lab-0.1
1781172828.4352784,67.4648699760437,B3_ACC_DEC_SHARP,B3_ACC_DEC_SHARP_R02_20260611_171240,delta-asda-b3-e,1591,RTSO|SO|OE|VE|QS|TR,1,0,56154,1,16,0.06832,16,0.038256,305,47,4270,2391,6000,,1200,,,,acceleration,elevated_load,0,no_load,cw,B3: sharp but allowed acc/dec,servo-app/lab-0.1
1781172828.535659,67.5652506351471,B3_ACC_DEC_SHARP,B3_ACC_DEC_SHARP_R02_20260611_171240,delta-asda-b3-e,567,RTSO|SO|OE|VE|QS,1,0,56374,0,14,0.05978,14,0.033474,306,47,4270,2391,6000,,1200,,,,acceleration,elevated_load,0,no_load,cw,B3: sharp but allowed acc/dec,servo-app/lab-0.1
1781172828.6359885,67.66558003425598,B3_ACC_DEC_SHARP,B3_ACC_DEC_SHARP_R02_20260611_171240,delta-asda-b3-e,567,RTSO|SO|OE|VE|QS,1,0,56250,0,13,0.05551,13,0.031083,305,47,4270,2391,6000,,1200,,,,acceleration,elevated_load,0,no_load,cw,B3: sharp but allowed acc/dec,servo-app/lab-0.1
1781172828.7364845,67.76607608795166,B3_ACC_DEC_SHARP,B3_ACC_DEC_SHARP_R02_20260611_171240,delta-asda-b3-e,567,RTSO|SO|OE|VE|QS,1,0,20805,-25,-15,-0.06405,-15,-0.035865,305,47,4270,2391,6000,,1200,,,,acceleration,elevated_load,0,no_load,cw,B3: sharp but allowed acc/dec,servo-app/lab-0.1
1781172828.8368323,67.86642384529114,B3_ACC_DEC_SHARP,B3_ACC_DEC_SHARP_R02_20260611_171240,delta-asda-b3-e,567,RTSO|SO|OE|VE|QS,1,0,6285,-1,-13,-0.05551,-14,-0.033474,306,47,4270,2391,6000,,1200,,,,acceleration,elevated_load,0,no_load,cw,B3: sharp but allowed acc/dec,servo-app/lab-0.1
1781172828.9370956,67.96668720245361,B3_ACC_DEC_SHARP,B3_ACC_DEC_SHARP_R02_20260611_171240,delta-asda-b3-e,567,RTSO|SO|OE|VE|QS,1,0,49682,11,19,0.08113,18,0.043038,305,47,4270,2391,6000,,1200,,,,acceleration,elevated_load,0,no_load,cw,B3: sharp but allowed acc/dec,servo-app/lab-0.1
1781172829.0373352,68.06692671775818,B3_ACC_DEC_SHARP,B3_ACC_DEC_SHARP_R02_20260611_171240,delta-asda-b3-e,1591,RTSO|SO|OE|VE|QS|TR,1,0,56234,0,16,0.06832,16,0.038256,306,47,4270,2391,6000,,1200,,,,acceleration,elevated_load,0,no_load,cw,B3: sharp but allowed acc/dec,servo-app/lab-0.1
1781172829.1375895,68.16718101501465,B3_ACC_DEC_SHARP,B3_ACC_DEC_SHARP_R02_20260611_171240,delta-asda-b3-e,567,RTSO|SO|OE|VE|QS,1,0,8713,-5,-15,-0.06405,-15,-0.035865,306,47,4270,2391,6000,,1200,,,,acceleration,elevated_load,0,no_load,cw,B3: sharp but allowed acc/dec,servo-app/lab-0.1
1781172829.237788,68.26737952232361,B3_ACC_DEC_SHARP,B3_ACC_DEC_SHARP_R02_20260611_171240,delta-asda-b3-e,567,RTSO|SO|OE|VE|QS,1,0,18047,30,15,0.06405,15,0.035865,305,47,4270,2391,6000,,1200,,,,acceleration,elevated_load,0,no_load,cw,B3: sharp but allowed acc/dec,servo-app/lab-0.1
1781172829.3382826,68.36787414550781,B3_ACC_DEC_SHARP,B3_ACC_DEC_SHARP_R02_20260611_171240,delta-asda-b3-e,567,RTSO|SO|OE|VE|QS,1,0,55137,2,18,0.07686,17,0.040647,305,47,4270,2391,6000,,1200,,,,acceleration,elevated_load,0,no_load,cw,B3: sharp but allowed acc/dec,servo-app/lab-0.1
1781172829.4390543,68.46864581108093,B3_ACC_DEC_SHARP,B3_ACC_DEC_SHARP_R02_20260611_171240,delta-asda-b3-e,567,RTSO|SO|OE|VE|QS,1,0,56374,0,15,0.06405,14,0.033474,305,47,4270,2391,6000,,1200,,,,acceleration,elevated_load,0,no_load,cw,B3: sharp but allowed acc/dec,servo-app/lab-0.1
1781172829.5393717,68.56896328926086,B3_ACC_DEC_SHARP,B3_ACC_DEC_SHARP_R02_20260611_171240,delta-asda-b3-e,567,RTSO|SO|OE|VE|QS,1,0,56260,0,14,0.05978,12,0.028692,305,47,4270,2391,6000,,1200,,,,acceleration,elevated_load,0,no_load,cw,B3: sharp but allowed acc/dec,servo-app/lab-0.1
1781172829.6397889,68.66938042640686,B3_ACC_DEC_SHARP,B3_ACC_DEC_SHARP_R02_20260611_171240,delta-asda-b3-e,1591,RTSO|SO|OE|VE|QS|TR,1,0,56168,0,13,0.05551,12,0.028692,305,47,4270,2391,6000,,1200,,,,acceleration,elevated_load,0,no_load,cw,B3: sharp but allowed acc/dec,servo-app/lab-0.1
1781172829.740312,68.76990365982056,B3_ACC_DEC_SHARP,B3_ACC_DEC_SHARP_R02_20260611_171240,delta-asda-b3-e,567,RTSO|SO|OE|VE|QS,1,0,8442,-4,-16,-0.06832,-15,-0.035865,305,47,4270,2391,6000,,1200,,,,acceleration,elevated_load,0,no_load,cw,B3: sharp but allowed acc/dec,servo-app/lab-0.1
1781172829.8404481,68.87003970146179,B3_ACC_DEC_SHARP,B3_ACC_DEC_SHARP_R02_20260611_171240,delta-asda-b3-e,567,RTSO|SO|OE|VE|QS,1,0,5873,0,-12,-0.05124,-11,-0.026301,306,47,4270,2391,6000,,1200,,,,acceleration,elevated_load,0,no_load,cw,B3: sharp but allowed acc/dec,servo-app/lab-0.1
1781172829.9404771,68.97006869316101,B3_ACC_DEC_SHARP,B3_ACC_DEC_SHARP_R02_20260611_171240,delta-asda-b3-e,567,RTSO|SO|OE|VE|QS,1,0,5939,0,-9,-0.03843,-10,-0.02391,306,47,4270,2391,6000,,1200,,,,acceleration,elevated_load,0,no_load,cw,B3: sharp but allowed acc/dec,servo-app/lab-0.1
1781172830.0405152,69.07010674476624,B3_ACC_DEC_SHARP,B3_ACC_DEC_SHARP_R02_20260611_171240,delta-asda-b3-e,1591,RTSO|SO|OE|VE|QS|TR,1,0,6047,0,-9,-0.03843,-10,-0.02391,306,47,4270,2391,6000,,1200,,,,acceleration,elevated_load,0,no_load,cw,B3: sharp but allowed acc/dec,servo-app/lab-0.1
1781172830.14067,69.17026162147522,B3_ACC_DEC_SHARP,B3_ACC_DEC_SHARP_R02_20260611_171240,delta-asda-b3-e,567,RTSO|SO|OE|VE|QS,1,0,49936,10,18,0.07686,18,0.043038,306,47,4270,2391,6000,,1200,,,,acceleration,elevated_load,0,no_load,cw,B3: sharp but allowed acc/dec,servo-app/lab-0.1
1781172830.2408826,69.27047419548035,B3_ACC_DEC_SHARP,B3_ACC_DEC_SHARP_R02_20260611_171240,delta-asda-b3-e,1591,RTSO|SO|OE|VE|QS|TR,1,0,56212,0,15,0.06405,16,0.038256,306,47,4270,2391,6000,,1200,,,,acceleration,elevated_load,0,no_load,cw,B3: sharp but allowed acc/dec,servo-app/lab-0.1
1781172830.341009,69.37060046195984,B3_ACC_DEC_SHARP,B3_ACC_DEC_SHARP_R02_20260611_171240,delta-asda-b3-e,567,RTSO|SO|OE|VE|QS,1,0,8759,-5,-14,-0.05978,-16,-0.038256,305,47,4270,2391,6000,,1200,,,,acceleration,elevated_load,0,no_load,cw,B3: sharp but allowed acc/dec,servo-app/lab-0.1
1781172830.4415097,69.4711012840271,B3_ACC_DEC_SHARP,B3_ACC_DEC_SHARP_R02_20260611_171240,delta-asda-b3-e,567,RTSO|SO|OE|VE|QS,1,0,16318,30,15,0.06405,16,0.038256,305,47,4270,2391,6000,,1200,,,,acceleration,elevated_load,0,no_load,cw,B3: sharp but allowed acc/dec,servo-app/lab-0.1
1781172830.5415747,69.57116627693176,B3_ACC_DEC_SHARP,B3_ACC_DEC_SHARP_R02_20260611_171240,delta-asda-b3-e,567,RTSO|SO|OE|VE|QS,1,0,54977,2,18,0.07686,17,0.040647,306,47,4270,2391,6000,,1200,,,,acceleration,elevated_load,0,no_load,cw,B3: sharp but allowed acc/dec,servo-app/lab-0.1
1781172830.6417987,69.67139029502869,B3_ACC_DEC_SHARP,B3_ACC_DEC_SHARP_R02_20260611_171240,delta-asda-b3-e,567,RTSO|SO|OE|VE|QS,1,0,56352,0,16,0.06832,14,0.033474,305,47,4270,2391,6000,,1200,,,,acceleration,elevated_load,0,no_load,cw,B3: sharp but allowed acc/dec,servo-app/lab-0.1
1781172830.742096,69.7716875076294,B3_ACC_DEC_SHARP,B3_ACC_DEC_SHARP_R02_20260611_171240,delta-asda-b3-e,567,RTSO|SO|OE|VE|QS,1,0,56254,0,14,0.05978,14,0.033474,305,47,4270,2391,6000,,1200,,,,acceleration,elevated_load,0,no_load,cw,B3: sharp but allowed acc/dec,servo-app/lab-0.1
1781172830.842296,69.87188744544983,B3_ACC_DEC_SHARP,B3_ACC_DEC_SHARP_R02_20260611_171240,delta-asda-b3-e,1591,RTSO|SO|OE|VE|QS|TR,1,0,56180,0,12,0.05124,13,0.031083,305,47,4270,2391,6000,,1200,,,,acceleration,elevated_load,0,no_load,cw,B3: sharp but allowed acc/dec,servo-app/lab-0.1
1781172830.9423892,69.9719808101654,B3_ACC_DEC_SHARP,B3_ACC_DEC_SHARP_R02_20260611_171240,delta-asda-b3-e,567,RTSO|SO|OE|VE|QS,1,0,8430,-4,-15,-0.06405,-15,-0.035865,305,47,4270,2391,6000,,1200,,,,acceleration,elevated_load,0,no_load,cw,B3: sharp but allowed acc/dec,servo-app/lab-0.1
1781172831.042582,70.07217359542847,B3_ACC_DEC_SHARP,B3_ACC_DEC_SHARP_R02_20260611_171240,delta-asda-b3-e,567,RTSO|SO|OE|VE|QS,1,0,16344,30,15,0.06405,15,0.035865,305,47,4270,2391,6000,,1200,,,,acceleration,elevated_load,0,no_load,cw,B3: sharp but allowed acc/dec,servo-app/lab-0.1
1781172831.143054,70.17264556884766,B3_ACC_DEC_SHARP,B3_ACC_DEC_SHARP_R02_20260611_171240,delta-asda-b3-e,567,RTSO|SO|OE|VE|QS,1,0,55069,3,17,0.07259,17,0.040647,305,47,4270,2391,6000,,1200,,,,acceleration,elevated_load,0,no_load,cw,B3: sharp but allowed acc/dec,servo-app/lab-0.1
1781172831.2434313,70.27302289009094,B3_ACC_DEC_SHARP,B3_ACC_DEC_SHARP_R02_20260611_171240,delta-asda-b3-e,567,RTSO|SO|OE|VE|QS,1,0,18131,-19,-15,-0.06405,-15,-0.035865,305,47,4270,2391,6000,,1200,,,,acceleration,elevated_load,0,no_load,cw,B3: sharp but allowed acc/dec,servo-app/lab-0.1
1781172831.3439472,70.37353873252869,B3_ACC_DEC_SHARP,B3_ACC_DEC_SHARP_R02_20260611_171240,delta-asda-b3-e,567,RTSO|SO|OE|VE|QS,1,0,6243,-1,-13,-0.05551,-13,-0.031083,305,47,4270,2391,6000,,1200,,,,acceleration,elevated_load,0,no_load,cw,B3: sharp but allowed acc/dec,servo-app/lab-0.1
1781172831.4444265,70.47401809692383,B3_ACC_DEC_SHARP,B3_ACC_DEC_SHARP_R02_20260611_171240,delta-asda-b3-e,567,RTSO|SO|OE|VE|QS,1,0,51219,8,18,0.07686,19,0.045429,305,47,4270,2391,6000,,1200,,,,acceleration,elevated_load,0,no_load,cw,B3: sharp but allowed acc/dec,servo-app/lab-0.1
1781172831.544663,70.57425451278687,B3_ACC_DEC_SHARP,B3_ACC_DEC_SHARP_R02_20260611_171240,delta-asda-b3-e,567,RTSO|SO|OE|VE|QS,1,0,56254,0,16,0.06832,16,0.038256,305,47,4270,2391,6000,,1200,,,,acceleration,elevated_load,0,no_load,cw,B3: sharp but allowed acc/dec,servo-app/lab-0.1
1781172831.6447213,70.67431282997131,B3_ACC_DEC_SHARP,B3_ACC_DEC_SHARP_R02_20260611_171240,delta-asda-b3-e,567,RTSO|SO|OE|VE|QS,1,0,56346,0,13,0.05551,13,0.031083,305,47,4270,2391,6000,,1200,,,,acceleration,elevated_load,0,no_load,cw,B3: sharp but allowed acc/dec,servo-app/lab-0.1
1781172831.7453947,70.77498626708984,B3_ACC_DEC_SHARP,B3_ACC_DEC_SHARP_R02_20260611_171240,delta-asda-b3-e,1591,RTSO|SO|OE|VE|QS|TR,1,0,56240,0,12,0.05124,13,0.031083,305,47,4270,2391,6000,,1200,,,,acceleration,elevated_load,0,no_load,cw,B3: sharp but allowed acc/dec,servo-app/lab-0.1
1781172831.8458633,70.87545490264893,B3_ACC_DEC_SHARP,B3_ACC_DEC_SHARP_R02_20260611_171240,delta-asda-b3-e,567,RTSO|SO|OE|VE|QS,1,0,14915,-14,-15,-0.06405,-15,-0.035865,306,47,4270,2391,6000,,1200,,,,acceleration,elevated_load,0,no_load,cw,B3: sharp but allowed acc/dec,servo-app/lab-0.1
1781172831.9461615,70.97575306892395,B3_ACC_DEC_SHARP,B3_ACC_DEC_SHARP_R02_20260611_171240,delta-asda-b3-e,1591,RTSO|SO|OE|VE|QS|TR,1,0,6073,-1,-13,-0.05551,-13,-0.031083,306,47,4270,2391,6000,,1200,,,,acceleration,elevated_load,0,no_load,cw,B3: sharp but allowed acc/dec,servo-app/lab-0.1
1781172832.046578,71.07616949081421,B3_ACC_DEC_SHARP,B3_ACC_DEC_SHARP_R02_20260611_171240,delta-asda-b3-e,567,RTSO|SO|OE|VE|QS,1,0,51837,7,17,0.07259,18,0.043038,305,47,4270,2391,6000,,1200,,,,acceleration,elevated_load,0,no_load,cw,B3: sharp but allowed acc/dec,servo-app/lab-0.1
1781172832.1470208,71.17661237716675,B3_ACC_DEC_SHARP,B3_ACC_DEC_SHARP_R02_20260611_171240,delta-asda-b3-e,567,RTSO|SO|OE|VE|QS,1,0,51171,-18,-11,-0.04697,-16,-0.038256,306,47,4270,2391,6000,,1200,,,,acceleration,elevated_load,0,no_load,cw,B3: sharp but allowed acc/dec,servo-app/lab-0.1
1781172832.2472098,71.27680134773254,B3_ACC_DEC_SHARP,B3_ACC_DEC_SHARP_R02_20260611_171240,delta-asda-b3-e,567,RTSO|SO|OE|VE|QS,1,0,7424,-3,-15,-0.06405,-15,-0.035865,306,47,4270,2391,6000,,1200,,,,acceleration,elevated_load,0,no_load,cw,B3: sharp but allowed acc/dec,servo-app/lab-0.1
1781172832.3475037,71.37709522247314,B3_ACC_DEC_SHARP,B3_ACC_DEC_SHARP_R02_20260611_171240,delta-asda-b3-e,567,RTSO|SO|OE|VE|QS,1,0,41736,23,18,0.07686,17,0.040647,306,47,4270,2391,6000,,1200,,,,acceleration,elevated_load,0,no_load,cw,B3: sharp but allowed acc/dec,servo-app/lab-0.1
1781172832.447567,71.47715854644775,B3_ACC_DEC_SHARP,B3_ACC_DEC_SHARP_R02_20260611_171240,delta-asda-b3-e,567,RTSO|SO|OE|VE|QS,1,0,55896,1,17,0.07259,17,0.040647,305,47,4270,2391,6000,,1200,,,,acceleration,elevated_load,0,no_load,cw,B3: sharp but allowed acc/dec,servo-app/lab-0.1
1781172832.5476828,71.57727432250977,B3_ACC_DEC_SHARP,B3_ACC_DEC_SHARP_R02_20260611_171240,delta-asda-b3-e,567,RTSO|SO|OE|VE|QS,1,0,12141,-10,-15,-0.06405,-16,-0.038256,305,47,4270,2391,6000,,1200,,,,acceleration,elevated_load,0,no_load,cw,B3: sharp but allowed acc/dec,servo-app/lab-0.1
1781172832.6478348,71.6774263381958,B3_ACC_DEC_SHARP,B3_ACC_DEC_SHARP_R02_20260611_171240,delta-asda-b3-e,4663,RTSO|SO|OE|VE|QS|ACK,1,0,6055,1,1,0.00427,-2,-0.004782,305,47,4270,2391,6000,,1200,,,,acceleration,elevated_load,0,no_load,cw,B3: sharp but allowed acc/dec,servo-app/lab-0.1
1781172832.747995,71.77758646011353,B3_ACC_DEC_SHARP,B3_ACC_DEC_SHARP_R02_20260611_171240,delta-asda-b3-e,567,RTSO|SO|OE|VE|QS,1,0,54225,4,18,0.07686,18,0.043038,306,47,4270,2391,6000,,1200,,,,acceleration,elevated_load,0,no_load,cw,B3: sharp but allowed acc/dec,servo-app/lab-0.1
1781172832.8480542,71.87764573097229,B3_ACC_DEC_SHARP,B3_ACC_DEC_SHARP_R02_20260611_171240,delta-asda-b3-e,567,RTSO|SO|OE|VE|QS,1,0,36244,-40,-12,-0.05124,-13,-0.031083,306,47,4270,2391,6000,,1200,,,,acceleration,elevated_load,0,no_load,cw,B3: sharp but allowed acc/dec,servo-app/lab-0.1
1781172832.9481,71.97769165039062,B3_ACC_DEC_SHARP,B3_ACC_DEC_SHARP_R02_20260611_171240,delta-asda-b3-e,567,RTSO|SO|OE|VE|QS,1,0,6949,-2,-14,-0.05978,-15,-0.035865,306,47,4270,2391,6000,,1200,,,,acceleration,elevated_load,0,no_load,cw,B3: sharp but allowed acc/dec,servo-app/lab-0.1
1781172833.0482419,72.07783341407776,B3_ACC_DEC_SHARP,B3_ACC_DEC_SHARP_R02_20260611_171240,delta-asda-b3-e,567,RTSO|SO|OE|VE|QS,1,0,46273,16,18,0.07686,17,0.040647,306,47,4270,2391,6000,,1200,,,,acceleration,elevated_load,0,no_load,cw,B3: sharp but allowed acc/dec,servo-app/lab-0.1
1781172833.1485548,72.17814636230469,B3_ACC_DEC_SHARP,B3_ACC_DEC_SHARP_R02_20260611_171240,delta-asda-b3-e,1591,RTSO|SO|OE|VE|QS|TR,1,0,56064,1,16,0.06832,16,0.038256,305,47,4270,2391,6000,,1200,,,,acceleration,elevated_load,0,no_load,cw,B3: sharp but allowed acc/dec,servo-app/lab-0.1
1781172833.2489622,72.27855372428894,B3_ACC_DEC_SHARP,B3_ACC_DEC_SHARP_R02_20260611_171240,delta-asda-b3-e,567,RTSO|SO|OE|VE|QS,1,0,11220,-9,-17,-0.07259,-16,-0.038256,305,47,4270,2391,6000,,1200,,,,acceleration,elevated_load,0,no_load,cw,B3: sharp but allowed acc/dec,servo-app/lab-0.1
1781172833.3489897,72.37858128547668,B3_ACC_DEC_SHARP,B3_ACC_DEC_SHARP_R02_20260611_171240,delta-asda-b3-e,567,RTSO|SO|OE|VE|QS,1,0,5951,0,-13,-0.05551,-13,-0.031083,305,47,4270,2391,6000,,1200,,,,acceleration,elevated_load,0,no_load,cw,B3: sharp but allowed acc/dec,servo-app/lab-0.1
1781172833.4496946,72.47928619384766,B3_ACC_DEC_SHARP,B3_ACC_DEC_SHARP_R02_20260611_171240,delta-asda-b3-e,567,RTSO|SO|OE|VE|QS,1,0,5925,0,-10,-0.0427,-10,-0.02391,306,47,4270,2391,6000,,1200,,,,acceleration,elevated_load,0,no_load,cw,B3: sharp but allowed acc/dec,servo-app/lab-0.1
1781172833.5502853,72.57987689971924,B3_ACC_DEC_SHARP,B3_ACC_DEC_SHARP_R02_20260611_171240,delta-asda-b3-e,567,RTSO|SO|OE|VE|QS,1,0,6021,0,-9,-0.03843,-9,-0.021519,305,47,4270,2391,6000,,1200,,,,acceleration,elevated_load,0,no_load,cw,B3: sharp but allowed acc/dec,servo-app/lab-0.1
1781172833.6505845,72.68017601966858,B3_ACC_DEC_SHARP,B3_ACC_DEC_SHARP_R02_20260611_171240,delta-asda-b3-e,567,RTSO|SO|OE|VE|QS,1,0,47302,15,18,0.07686,17,0.040647,305,47,4270,2391,6000,,1200,,,,acceleration,elevated_load,0,no_load,cw,B3: sharp but allowed acc/dec,servo-app/lab-0.1
1781172833.7507448,72.78033638000488,B3_ACC_DEC_SHARP,B3_ACC_DEC_SHARP_R02_20260611_171240,delta-asda-b3-e,1591,RTSO|SO|OE|VE|QS|TR,1,0,56120,1,15,0.06405,17,0.040647,305,47,4270,2391,6000,,1200,,,,acceleration,elevated_load,0,no_load,cw,B3: sharp but allowed acc/dec,servo-app/lab-0.1
1781172833.8511589,72.88075041770935,B3_ACC_DEC_SHARP,B3_ACC_DEC_SHARP_R02_20260611_171240,delta-asda-b3-e,567,RTSO|SO|OE|VE|QS,1,0,11058,-8,-15,-0.06405,-15,-0.035865,305,47,4270,2391,6000,,1200,,,,acceleration,elevated_load,0,no_load,cw,B3: sharp but allowed acc/dec,servo-app/lab-0.1
1781172833.9513733,72.98096489906311,B3_ACC_DEC_SHARP,B3_ACC_DEC_SHARP_R02_20260611_171240,delta-asda-b3-e,567,RTSO|SO|OE|VE|QS,1,0,9235,12,18,0.07686,16,0.038256,305,47,4270,2391,6000,,1200,,,,acceleration,elevated_load,0,no_load,cw,B3: sharp but allowed acc/dec,servo-app/lab-0.1
1781172834.0517418,73.08133339881897,B3_ACC_DEC_SHARP,B3_ACC_DEC_SHARP_R02_20260611_171240,delta-asda-b3-e,567,RTSO|SO|OE|VE|QS,1,0,54643,3,18,0.07686,17,0.040647,305,47,4270,2391,6000,,1200,,,,acceleration,elevated_load,0,no_load,cw,B3: sharp but allowed acc/dec,servo-app/lab-0.1
1781172834.1523364,73.18192791938782,B3_ACC_DEC_SHARP,B3_ACC_DEC_SHARP_R02_20260611_171240,delta-asda-b3-e,567,RTSO|SO|OE|VE|QS,1,0,56384,0,15,0.06405,14,0.033474,305,47,4270,2391,6000,,1200,,,,acceleration,elevated_load,0,no_load,cw,B3: sharp but allowed acc/dec,servo-app/lab-0.1
1781172834.252363,73.28195452690125,B3_ACC_DEC_SHARP,B3_ACC_DEC_SHARP_R02_20260611_171240,delta-asda-b3-e,567,RTSO|SO|OE|VE|QS,1,0,56286,0,13,0.05551,13,0.031083,305,47,4270,2391,6000,,1200,,,,acceleration,elevated_load,0,no_load,cw,B3: sharp but allowed acc/dec,servo-app/lab-0.1
1781172834.3526952,73.38228678703308,B3_ACC_DEC_SHARP,B3_ACC_DEC_SHARP_R02_20260611_171240,delta-asda-b3-e,1591,RTSO|SO|OE|VE|QS|TR,1,0,56180,0,12,0.05124,11,0.026301,305,47,4270,2391,6000,,1200,,,,acceleration,elevated_load,0,no_load,cw,B3: sharp but allowed acc/dec,servo-app/lab-0.1
1781172834.4527247,73.48231625556946,B3_ACC_DEC_SHARP,B3_ACC_DEC_SHARP_R02_20260611_171240,delta-asda-b3-e,567,RTSO|SO|OE|VE|QS,1,0,9307,-6,-15,-0.06405,-16,-0.038256,305,47,4270,2391,6000,,1200,,,,acceleration,elevated_load,0,no_load,cw,B3: sharp but allowed acc/dec,servo-app/lab-0.1
1781172834.5528266,73.58241820335388,B3_ACC_DEC_SHARP,B3_ACC_DEC_SHARP_R02_20260611_171240,delta-asda-b3-e,567,RTSO|SO|OE|VE|QS,1,0,19680,32,14,0.05978,15,0.035865,304,47,4270,2391,6000,,1200,,,,acceleration,elevated_load,0,no_load,cw,B3: sharp but allowed acc/dec,servo-app/lab-0.1
1781172834.653169,73.68276047706604,B3_ACC_DEC_SHARP,B3_ACC_DEC_SHARP_R02_20260611_171240,delta-asda-b3-e,567,RTSO|SO|OE|VE|QS,1,0,55153,2,18,0.07686,17,0.040647,305,47,4270,2391,6000,,1200,,,,acceleration,elevated_load,0,no_load,cw,B3: sharp but allowed acc/dec,servo-app/lab-0.1
1781172834.753204,73.78279566764832,B3_ACC_DEC_SHARP,B3_ACC_DEC_SHARP_R02_20260611_171240,delta-asda-b3-e,567,RTSO|SO|OE|VE|QS,1,0,16342,-17,-15,-0.06405,-15,-0.035865,305,47,4270,2391,6000,,1200,,,,acceleration,elevated_load,0,no_load,cw,B3: sharp but allowed acc/dec,servo-app/lab-0.1
1781172834.8536649,73.88325643539429,B3_ACC_DEC_SHARP,B3_ACC_DEC_SHARP_R02_20260611_171240,delta-asda-b3-e,567,RTSO|SO|OE|VE|QS,1,0,6119,-1,-13,-0.05551,-13,-0.031083,305,47,4270,2391,6000,,1200,,,,acceleration,elevated_load,0,no_load,cw,B3: sharp but allowed acc/dec,servo-app/lab-0.1
1781172834.9540684,73.98365998268127,B3_ACC_DEC_SHARP,B3_ACC_DEC_SHARP_R02_20260611_171240,delta-asda-b3-e,567,RTSO|SO|OE|VE|QS,1,0,5863,0,-11,-0.04697,-12,-0.028692,305,47,4270,2391,6000,,1200,,,,acceleration,elevated_load,0,no_load,cw,B3: sharp but allowed acc/dec,servo-app/lab-0.1
1781172835.0541048,74.08369636535645,B3_ACC_DEC_SHARP,B3_ACC_DEC_SHARP_R02_20260611_171240,delta-asda-b3-e,567,RTSO|SO|OE|VE|QS,1,0,5983,0,-9,-0.03843,-9,-0.021519,305,47,4270,2391,6000,,1200,,,,acceleration,elevated_load,0,no_load,cw,B3: sharp but allowed acc/dec,servo-app/lab-0.1
1781172835.1542516,74.18384313583374,B3_ACC_DEC_SHARP,B3_ACC_DEC_SHARP_R02_20260611_171240,delta-asda-b3-e,567,RTSO|SO|OE|VE|QS,1,0,50900,9,19,0.08113,17,0.040647,305,47,4270,2391,6000,,1200,,,,acceleration,elevated_load,0,no_load,cw,B3: sharp but allowed acc/dec,servo-app/lab-0.1
1781172835.254433,74.284024477005,B3_ACC_DEC_SHARP,B3_ACC_DEC_SHARP_R02_20260611_171240,delta-asda-b3-e,4663,RTSO|SO|OE|VE|QS|ACK,1,0,52996,-12,-12,-0.05124,-8,-0.019128,305,47,4270,2391,6000,,1200,,,,acceleration,elevated_load,0,no_load,cw,B3: sharp but allowed acc/dec,servo-app/lab-0.1
1781172835.3552291,74.38482069969177,B3_ACC_DEC_SHARP,B3_ACC_DEC_SHARP_R02_20260611_171240,delta-asda-b3-e,567,RTSO|SO|OE|VE|QS,1,0,7444,-3,-14,-0.05978,-15,-0.035865,305,47,4270,2391,6000,,1200,,,,acceleration,elevated_load,0,no_load,cw,B3: sharp but allowed acc/dec,servo-app/lab-0.1
1781172835.4554417,74.4850332736969,B3_ACC_DEC_SHARP,B3_ACC_DEC_SHARP_R02_20260611_171240,delta-asda-b3-e,567,RTSO|SO|OE|VE|QS,1,0,42989,21,17,0.07259,18,0.043038,305,47,4270,2391,6000,,1200,,,,acceleration,elevated_load,0,no_load,cw,B3: sharp but allowed acc/dec,servo-app/lab-0.1
1781172835.5555663,74.58515787124634,B3_ACC_DEC_SHARP,B3_ACC_DEC_SHARP_R02_20260611_171240,delta-asda-b3-e,567,RTSO|SO|OE|VE|QS,1,0,55924,1,17,0.07259,17,0.040647,305,47,4270,2391,6000,,1200,,,,acceleration,elevated_load,0,no_load,cw,B3: sharp but allowed acc/dec,servo-app/lab-0.1
1781172835.6558003,74.68539190292358,B3_ACC_DEC_SHARP,B3_ACC_DEC_SHARP_R02_20260611_171240,delta-asda-b3-e,567,RTSO|SO|OE|VE|QS,1,0,11555,-9,-16,-0.06832,-16,-0.038256,305,47,4270,2391,6000,,1200,,,,acceleration,elevated_load,0,no_load,cw,B3: sharp but allowed acc/dec,servo-app/lab-0.1
1781172835.7559986,74.78559017181396,B3_ACC_DEC_SHARP,B3_ACC_DEC_SHARP_R02_20260611_171240,delta-asda-b3-e,567,RTSO|SO|OE|VE|QS,1,0,5945,0,-12,-0.05124,-13,-0.031083,305,47,4270,2391,6000,,1200,,,,acceleration,elevated_load,0,no_load,cw,B3: sharp but allowed acc/dec,servo-app/lab-0.1
1781172835.856026,74.88561749458313,B3_ACC_DEC_SHARP,B3_ACC_DEC_SHARP_R02_20260611_171240,delta-asda-b3-e,567,RTSO|SO|OE|VE|QS,1,0,5891,0,-10,-0.0427,-10,-0.02391,305,47,4270,2391,6000,,1200,,,,acceleration,elevated_load,0,no_load,cw,B3: sharp but allowed acc/dec,servo-app/lab-0.1
1781172835.956065,74.98565649986267,B3_ACC_DEC_SHARP,B3_ACC_DEC_SHARP_R02_20260611_171240,delta-asda-b3-e,1591,RTSO|SO|OE|VE|QS|TR,1,0,6021,0,-9,-0.03843,-9,-0.021519,305,47,4270,2391,6000,,1200,,,,acceleration,elevated_load,0,no_load,cw,B3: sharp but allowed acc/dec,servo-app/lab-0.1
1781172836.05645,75.08604145050049,B3_ACC_DEC_SHARP,B3_ACC_DEC_SHARP_R02_20260611_171240,delta-asda-b3-e,567,RTSO|SO|OE|VE|QS,1,0,46451,16,18,0.07686,18,0.043038,305,47,4270,2391,6000,,1200,,,,acceleration,elevated_load,0,no_load,cw,B3: sharp but allowed acc/dec,servo-app/lab-0.1
1781172836.1566541,75.18624567985535,B3_ACC_DEC_SHARP,B3_ACC_DEC_SHARP_R02_20260611_171240,delta-asda-b3-e,1591,RTSO|SO|OE|VE|QS|TR,1,0,56116,1,16,0.06832,17,0.040647,305,47,4270,2391,6000,,1200,,,,acceleration,elevated_load,0,no_load,cw,B3: sharp but allowed acc/dec,servo-app/lab-0.1
1781172836.2570596,75.28665113449097,B3_ACC_DEC_SHARP,B3_ACC_DEC_SHARP_R02_20260611_171240,delta-asda-b3-e,567,RTSO|SO|OE|VE|QS,1,0,56362,0,13,0.05551,14,0.033474,305,47,4270,2391,6000,,1200,,,,acceleration,elevated_load,0,no_load,cw,B3: sharp but allowed acc/dec,servo-app/lab-0.1
1781172836.3571928,75.38678431510925,B3_ACC_DEC_SHARP,B3_ACC_DEC_SHARP_R02_20260611_171240,delta-asda-b3-e,567,RTSO|SO|OE|VE|QS,1,0,56222,0,13,0.05551,14,0.033474,305,47,4270,2391,6000,,1200,,,,acceleration,elevated_load,0,no_load,cw,B3: sharp but allowed acc/dec,servo-app/lab-0.1
1781172836.4572225,75.48681402206421,B3_ACC_DEC_SHARP,B3_ACC_DEC_SHARP_R02_20260611_171240,delta-asda-b3-e,567,RTSO|SO|OE|VE|QS,1,0,11174,-9,-15,-0.06405,-14,-0.033474,305,47,4270,2391,6000,,1200,,,,acceleration,elevated_load,0,no_load,cw,B3: sharp but allowed acc/dec,servo-app/lab-0.1
1781172836.5573306,75.58692216873169,B3_ACC_DEC_SHARP,B3_ACC_DEC_SHARP_R02_20260611_171240,delta-asda-b3-e,567,RTSO|SO|OE|VE|QS,1,0,5973,0,-14,-0.05978,-13,-0.031083,305,47,4270,2391,6000,,1200,,,,acceleration,elevated_load,0,no_load,cw,B3: sharp but allowed acc/dec,servo-app/lab-0.1
1781172836.657435,75.6870265007019,B3_ACC_DEC_SHARP,B3_ACC_DEC_SHARP_R02_20260611_171240,delta-asda-b3-e,567,RTSO|SO|OE|VE|QS,1,0,53720,4,19,0.08113,18,0.043038,305,47,4270,2391,6000,,1200,,,,acceleration,elevated_load,0,no_load,cw,B3: sharp but allowed acc/dec,servo-app/lab-0.1
1781172836.7579718,75.78756332397461,B3_ACC_DEC_SHARP,B3_ACC_DEC_SHARP_R02_20260611_171240,delta-asda-b3-e,567,RTSO|SO|OE|VE|QS,1,0,39218,-36,-13,-0.05551,-12,-0.028692,305,47,4270,2391,6000,,1200,,,,acceleration,elevated_load,0,no_load,cw,B3: sharp but allowed acc/dec,servo-app/lab-0.1
1781172836.8584824,75.88807392120361,B3_ACC_DEC_SHARP,B3_ACC_DEC_SHARP_R02_20260611_171240,delta-asda-b3-e,567,RTSO|SO|OE|VE|QS,1,0,7021,-2,-14,-0.05978,-15,-0.035865,305,47,4270,2391,6000,,1200,,,,acceleration,elevated_load,0,no_load,cw,B3: sharp but allowed acc/dec,servo-app/lab-0.1
1781172836.9588158,75.98840737342834,B3_ACC_DEC_SHARP,B3_ACC_DEC_SHARP_R02_20260611_171240,delta-asda-b3-e,567,RTSO|SO|OE|VE|QS,1,0,45915,16,18,0.07686,18,0.043038,305,47,4270,2391,6000,,1200,,,,acceleration,elevated_load,0,no_load,cw,B3: sharp but allowed acc/dec,servo-app/lab-0.1
1781172837.0590134,76.08860492706299,B3_ACC_DEC_SHARP,B3_ACC_DEC_SHARP_R02_20260611_171240,delta-asda-b3-e,1591,RTSO|SO|OE|VE|QS|TR,1,0,56032,1,16,0.06832,16,0.038256,305,47,4270,2391,6000,,1200,,,,acceleration,elevated_load,0,no_load,cw,B3: sharp but allowed acc/dec,servo-app/lab-0.1
1781172837.1590385,76.18863010406494,B3_ACC_DEC_SHARP,B3_ACC_DEC_SHARP_R02_20260611_171240,delta-asda-b3-e,567,RTSO|SO|OE|VE|QS,1,0,12371,-10,-15,-0.06405,-15,-0.035865,305,47,4270,2391,6000,,1200,,,,acceleration,elevated_load,0,no_load,cw,B3: sharp but allowed acc/dec,servo-app/lab-0.1
1781172837.25955,76.28914165496826,B3_ACC_DEC_SHARP,B3_ACC_DEC_SHARP_R02_20260611_171240,delta-asda-b3-e,567,RTSO|SO|OE|VE|QS,1,0,6005,0,-13,-0.05551,-13,-0.031083,305,47,4270,2391,6000,,1200,,,,acceleration,elevated_load,0,no_load,cw,B3: sharp but allowed acc/dec,servo-app/lab-0.1
1781172837.3600614,76.389652967453,B3_ACC_DEC_SHARP,B3_ACC_DEC_SHARP_R02_20260611_171240,delta-asda-b3-e,567,RTSO|SO|OE|VE|QS,1,0,5909,0,-9,-0.03843,-10,-0.02391,305,47,4270,2391,6000,,1200,,,,acceleration,elevated_load,0,no_load,cw,B3: sharp but allowed acc/dec,servo-app/lab-0.1
1781172837.460231,76.48982262611389,B3_ACC_DEC_SHARP,B3_ACC_DEC_SHARP_R02_20260611_171240,delta-asda-b3-e,1591,RTSO|SO|OE|VE|QS|TR,1,0,6031,0,-8,-0.03416,-10,-0.02391,305,47,4270,2391,6000,,1200,,,,acceleration,elevated_load,0,no_load,cw,B3: sharp but allowed acc/dec,servo-app/lab-0.1
1781172837.5607643,76.59035587310791,B3_ACC_DEC_SHARP,B3_ACC_DEC_SHARP_R02_20260611_171240,delta-asda-b3-e,567,RTSO|SO|OE|VE|QS,1,0,46073,17,18,0.07686,18,0.043038,305,47,4270,2391,6000,,1200,,,,acceleration,elevated_load,0,no_load,cw,B3: sharp but allowed acc/dec,servo-app/lab-0.1
1781172837.6614602,76.69105172157288,B3_ACC_DEC_SHARP,B3_ACC_DEC_SHARP_R02_20260611_171240,delta-asda-b3-e,1591,RTSO|SO|OE|VE|QS|TR,1,0,56068,1,17,0.07259,17,0.040647,305,47,4270,2391,6000,,1200,,,,acceleration,elevated_load,0,no_load,cw,B3: sharp but allowed acc/dec,servo-app/lab-0.1
1781172837.7616491,76.79124069213867,B3_ACC_DEC_SHARP,B3_ACC_DEC_SHARP_R02_20260611_171240,delta-asda-b3-e,567,RTSO|SO|OE|VE|QS,1,0,10752,-8,-15,-0.06405,-15,-0.035865,305,47,4270,2391,6000,,1200,,,,acceleration,elevated_load,0,no_load,cw,B3: sharp but allowed acc/dec,servo-app/lab-0.1
1781172837.86188,76.89147162437439,B3_ACC_DEC_SHARP,B3_ACC_DEC_SHARP_R02_20260611_171240,delta-asda-b3-e,567,RTSO|SO|OE|VE|QS,1,0,10090,13,18,0.07686,16,0.038256,306,47,4270,2391,6000,,1200,,,,acceleration,elevated_load,0,no_load,cw,B3: sharp but allowed acc/dec,servo-app/lab-0.1
1781172837.9625373,76.99212884902954,B3_ACC_DEC_SHARP,B3_ACC_DEC_SHARP_R02_20260611_171240,delta-asda-b3-e,567,RTSO|SO|OE|VE|QS,1,0,54801,3,17,0.07259,17,0.040647,306,47,4270,2391,6000,,1200,,,,acceleration,elevated_load,0,no_load,cw,B3: sharp but allowed acc/dec,servo-app/lab-0.1
1781172838.063021,77.0926125049591,B3_ACC_DEC_SHARP,B3_ACC_DEC_SHARP_R02_20260611_171240,delta-asda-b3-e,567,RTSO|SO|OE|VE|QS,1,0,56374,0,15,0.06405,15,0.035865,305,47,4270,2391,6000,,1200,,,,acceleration,elevated_load,0,no_load,cw,B3: sharp but allowed acc/dec,servo-app/lab-0.1
1781172838.1634042,77.19299578666687,B3_ACC_DEC_SHARP,B3_ACC_DEC_SHARP_R02_20260611_171240,delta-asda-b3-e,567,RTSO|SO|OE|VE|QS,1,0,56280,0,13,0.05551,13,0.031083,305,47,4270,2391,6000,,1200,,,,acceleration,elevated_load,0,no_load,cw,B3: sharp but allowed acc/dec,servo-app/lab-0.1
1781172838.263762,77.29335355758667,B3_ACC_DEC_SHARP,B3_ACC_DEC_SHARP_R02_20260611_171240,delta-asda-b3-e,1591,RTSO|SO|OE|VE|QS|TR,1,0,56212,0,12,0.05124,12,0.028692,305,47,4270,2391,6000,,1200,,,,acceleration,elevated_load,0,no_load,cw,B3: sharp but allowed acc/dec,servo-app/lab-0.1
1781172838.364125,77.39371657371521,B3_ACC_DEC_SHARP,B3_ACC_DEC_SHARP_R02_20260611_171240,delta-asda-b3-e,567,RTSO|SO|OE|VE|QS,1,0,9535,-6,-15,-0.06405,-15,-0.035865,305,47,4270,2391,6000,,1200,,,,acceleration,elevated_load,0,no_load,cw,B3: sharp but allowed acc/dec,servo-app/lab-0.1
1781172838.4646938,77.49428534507751,B3_ACC_DEC_SHARP,B3_ACC_DEC_SHARP_R02_20260611_171240,delta-asda-b3-e,567,RTSO|SO|OE|VE|QS,1,0,22961,38,15,0.06405,15,0.035865,305,47,4270,2391,6000,,1200,,,,acceleration,elevated_load,0,no_load,cw,B3: sharp but allowed acc/dec,servo-app/lab-0.1
1781172838.564746,77.5943374633789,B3_ACC_DEC_SHARP,B3_ACC_DEC_SHARP_R02_20260611_171240,delta-asda-b3-e,567,RTSO|SO|OE|VE|QS,1,0,55191,2,17,0.07259,17,0.040647,305,47,4270,2391,6000,,1200,,,,acceleration,elevated_load,0,no_load,cw,B3: sharp but allowed acc/dec,servo-app/lab-0.1
1781172838.664858,77.69444966316223,B3_ACC_DEC_SHARP,B3_ACC_DEC_SHARP_R02_20260611_171240,delta-asda-b3-e,567,RTSO|SO|OE|VE|QS,1,0,16646,-17,-15,-0.06405,-15,-0.035865,305,47,4270,2391,6000,,1200,,,,acceleration,elevated_load,0,no_load,cw,B3: sharp but allowed acc/dec,servo-app/lab-0.1
1781172838.765107,77.79469847679138,B3_ACC_DEC_SHARP,B3_ACC_DEC_SHARP_R02_20260611_171240,delta-asda-b3-e,567,RTSO|SO|OE|VE|QS,1,0,6151,-1,-13,-0.05551,-13,-0.031083,305,47,4270,2391,6000,,1200,,,,acceleration,elevated_load,0,no_load,cw,B3: sharp but allowed acc/dec,servo-app/lab-0.1
1781172838.8652015,77.89479303359985,B3_ACC_DEC_SHARP,B3_ACC_DEC_SHARP_R02_20260611_171240,delta-asda-b3-e,567,RTSO|SO|OE|VE|QS,1,0,51064,9,18,0.07686,18,0.043038,305,47,4270,2391,6000,,1200,,,,acceleration,elevated_load,0,no_load,cw,B3: sharp but allowed acc/dec,servo-app/lab-0.1
1781172838.9657152,77.99530673027039,B3_ACC_DEC_SHARP,B3_ACC_DEC_SHARP_R02_20260611_171240,delta-asda-b3-e,567,RTSO|SO|OE|VE|QS,1,0,56266,0,15,0.06405,16,0.038256,305,47,4270,2391,6000,,1200,,,,acceleration,elevated_load,0,no_load,cw,B3: sharp but allowed acc/dec,servo-app/lab-0.1
1781172839.0659707,78.09556221961975,B3_ACC_DEC_SHARP,B3_ACC_DEC_SHARP_R02_20260611_171240,delta-asda-b3-e,567,RTSO|SO|OE|VE|QS,1,0,56330,0,13,0.05551,14,0.033474,305,47,4270,2391,6000,,1200,,,,acceleration,elevated_load,0,no_load,cw,B3: sharp but allowed acc/dec,servo-app/lab-0.1
1781172839.1660051,78.19559669494629,B3_ACC_DEC_SHARP,B3_ACC_DEC_SHARP_R02_20260611_171240,delta-asda-b3-e,567,RTSO|SO|OE|VE|QS,1,0,56226,0,12,0.05124,13,0.031083,305,47,4270,2391,6000,,1200,,,,acceleration,elevated_load,0,no_load,cw,B3: sharp but allowed acc/dec,servo-app/lab-0.1
1781172839.2667959,78.29638743400574,B3_ACC_DEC_SHARP,B3_ACC_DEC_SHARP_R02_20260611_171240,delta-asda-b3-e,567,RTSO|SO|OE|VE|QS,1,0,14661,-14,-16,-0.06832,-15,-0.035865,305,47,4270,2391,6000,,1200,,,,acceleration,elevated_load,0,no_load,cw,B3: sharp but allowed acc/dec,servo-app/lab-0.1
1781172839.3673096,78.39690113067627,B3_ACC_DEC_SHARP,B3_ACC_DEC_SHARP_R02_20260611_171240,delta-asda-b3-e,1591,RTSO|SO|OE|VE|QS|TR,1,0,6079,-1,-13,-0.05551,-13,-0.031083,305,47,4270,2391,6000,,1200,,,,acceleration,elevated_load,0,no_load,cw,B3: sharp but allowed acc/dec,servo-app/lab-0.1
1781172839.4677188,78.49731040000916,B3_ACC_DEC_SHARP,B3_ACC_DEC_SHARP_R02_20260611_171240,delta-asda-b3-e,567,RTSO|SO|OE|VE|QS,1,0,52341,6,17,0.07259,17,0.040647,305,47,4270,2391,6000,,1200,,,,acceleration,elevated_load,0,no_load,cw,B3: sharp but allowed acc/dec,servo-app/lab-0.1
1781172839.567828,78.59741950035095,B3_ACC_DEC_SHARP,B3_ACC_DEC_SHARP_R02_20260611_171240,delta-asda-b3-e,567,RTSO|SO|OE|VE|QS,1,0,45791,-30,-11,-0.04697,-11,-0.026301,305,47,4270,2391,6000,,1200,,,,acceleration,elevated_load,0,no_load,cw,B3: sharp but allowed acc/dec,servo-app/lab-0.1
1781172839.66785,78.69744157791138,B3_ACC_DEC_SHARP,B3_ACC_DEC_SHARP_R02_20260611_171240,delta-asda-b3-e,567,RTSO|SO|OE|VE|QS,1,0,7272,-3,-15,-0.06405,-14,-0.033474,305,47,4270,2391,6000,,1200,,,,acceleration,elevated_load,0,no_load,cw,B3: sharp but allowed acc/dec,servo-app/lab-0.1
1781172839.7680554,78.79764699935913,B3_ACC_DEC_SHARP,B3_ACC_DEC_SHARP_R02_20260611_171240,delta-asda-b3-e,567,RTSO|SO|OE|VE|QS,1,0,43397,21,18,0.07686,17,0.040647,305,47,4270,2391,6000,,1200,,,,acceleration,elevated_load,0,no_load,cw,B3: sharp but allowed acc/dec,servo-app/lab-0.1
1781172839.8681617,78.89775323867798,B3_ACC_DEC_SHARP,B3_ACC_DEC_SHARP_R02_20260611_171240,delta-asda-b3-e,567,RTSO|SO|OE|VE|QS,1,0,55956,1,16,0.06832,17,0.040647,305,47,4270,2391,6000,,1200,,,,acceleration,elevated_load,0,no_load,cw,B3: sharp but allowed acc/dec,servo-app/lab-0.1
1781172839.9684346,78.99802613258362,B3_ACC_DEC_SHARP,B3_ACC_DEC_SHARP_R02_20260611_171240,delta-asda-b3-e,567,RTSO|SO|OE|VE|QS,1,0,56352,0,14,0.05978,13,0.031083,305,47,4270,2391,6000,,1200,,,,acceleration,elevated_load,0,no_load,cw,B3: sharp but allowed acc/dec,servo-app/lab-0.1
1781172840.0688887,79.09848022460938,B3_ACC_DEC_SHARP,B3_ACC_DEC_SHARP_R02_20260611_171240,delta-asda-b3-e,567,RTSO|SO|OE|VE|QS,1,0,56226,0,13,0.05551,13,0.031083,305,47,4270,2391,6000,,1200,,,,acceleration,elevated_load,0,no_load,cw,B3: sharp but allowed acc/dec,servo-app/lab-0.1
1781172840.1689582,79.19854974746704,B3_ACC_DEC_SHARP,B3_ACC_DEC_SHARP_R02_20260611_171240,delta-asda-b3-e,567,RTSO|SO|OE|VE|QS,1,0,37099,-39,-12,-0.05124,-13,-0.031083,305,47,4270,2391,6000,,1200,,,,acceleration,elevated_load,0,no_load,cw,B3: sharp but allowed acc/dec,servo-app/lab-0.1
1781172840.269241,79.298832654953,B3_ACC_DEC_SHARP,B3_ACC_DEC_SHARP_R02_20260611_171240,delta-asda-b3-e,567,RTSO|SO|OE|VE|QS,1,0,6897,-2,-14,-0.05978,-14,-0.033474,305,47,4270,2391,6000,,1200,,,,acceleration,elevated_load,0,no_load,cw,B3: sharp but allowed acc/dec,servo-app/lab-0.1
1781172840.3697536,79.39934515953064,B3_ACC_DEC_SHARP,B3_ACC_DEC_SHARP_R02_20260611_171240,delta-asda-b3-e,567,RTSO|SO|OE|VE|QS,1,0,45887,17,18,0.07686,19,0.045429,305,47,4270,2391,6000,,1200,,,,acceleration,elevated_load,0,no_load,cw,B3: sharp but allowed acc/dec,servo-app/lab-0.1
1781172840.4697776,79.4993691444397,B3_ACC_DEC_SHARP,B3_ACC_DEC_SHARP_R02_20260611_171240,delta-asda-b3-e,1591,RTSO|SO|OE|VE|QS|TR,1,0,56042,1,16,0.06832,17,0.040647,305,47,4270,2391,6000,,1200,,,,acceleration,elevated_load,0,no_load,cw,B3: sharp but allowed acc/dec,servo-app/lab-0.1
1781172840.5698314,79.59942293167114,B3_ACC_DEC_SHARP,B3_ACC_DEC_SHARP_R02_20260611_171240,delta-asda-b3-e,567,RTSO|SO|OE|VE|QS,1,0,11244,-9,-16,-0.06832,-15,-0.035865,306,47,4270,2391,6000,,1200,,,,acceleration,elevated_load,0,no_load,cw,B3: sharp but allowed acc/dec,servo-app/lab-0.1
1781172840.6702325,79.69982409477234,B3_ACC_DEC_SHARP,B3_ACC_DEC_SHARP_R02_20260611_171240,delta-asda-b3-e,567,RTSO|SO|OE|VE|QS,1,0,10094,15,18,0.07686,18,0.043038,305,47,4270,2391,6000,,1200,,,,acceleration,elevated_load,0,no_load,cw,B3: sharp but allowed acc/dec,servo-app/lab-0.1
1781172840.7705722,79.80016374588013,B3_ACC_DEC_SHARP,B3_ACC_DEC_SHARP_R02_20260611_171240,delta-asda-b3-e,567,RTSO|SO|OE|VE|QS,1,0,54451,3,18,0.07686,18,0.043038,305,47,4270,2391,6000,,1200,,,,acceleration,elevated_load,0,no_load,cw,B3: sharp but allowed acc/dec,servo-app/lab-0.1
1781172840.870839,79.90043067932129,B3_ACC_DEC_SHARP,B3_ACC_DEC_SHARP_R02_20260611_171240,delta-asda-b3-e,567,RTSO|SO|OE|VE|QS,1,0,56374,0,14,0.05978,15,0.035865,306,47,4270,2391,6000,,1200,,,,acceleration,elevated_load,0,no_load,cw,B3: sharp but allowed acc/dec,servo-app/lab-0.1
1781172840.9711118,80.00070333480835,B3_ACC_DEC_SHARP,B3_ACC_DEC_SHARP_R02_20260611_171240,delta-asda-b3-e,567,RTSO|SO|OE|VE|QS,1,0,56292,0,13,0.05551,13,0.031083,305,47,4270,2391,6000,,1200,,,,acceleration,elevated_load,0,no_load,cw,B3: sharp but allowed acc/dec,servo-app/lab-0.1
1781172841.0713887,80.10098028182983,B3_ACC_DEC_SHARP,B3_ACC_DEC_SHARP_R02_20260611_171240,delta-asda-b3-e,1591,RTSO|SO|OE|VE|QS|TR,1,0,56202,0,12,0.05124,12,0.028692,305,47,4270,2391,6000,,1200,,,,acceleration,elevated_load,0,no_load,cw,B3: sharp but allowed acc/dec,servo-app/lab-0.1
1781172841.172137,80.2017285823822,B3_ACC_DEC_SHARP,B3_ACC_DEC_SHARP_R02_20260611_171240,delta-asda-b3-e,567,RTSO|SO|OE|VE|QS,1,0,20315,-24,-15,-0.06405,-13,-0.031083,305,47,4270,2391,6000,,1200,,,,acceleration,elevated_load,0,no_load,cw,B3: sharp but allowed acc/dec,servo-app/lab-0.1
1781172841.2722342,80.30182576179504,B3_ACC_DEC_SHARP,B3_ACC_DEC_SHARP_R02_20260611_171240,delta-asda-b3-e,567,RTSO|SO|OE|VE|QS,1,0,6363,-1,-13,-0.05551,-14,-0.033474,305,47,4270,2391,6000,,1200,,,,acceleration,elevated_load,0,no_load,cw,B3: sharp but allowed acc/dec,servo-app/lab-0.1
1781172841.372729,80.40232062339783,B3_ACC_DEC_SHARP,B3_ACC_DEC_SHARP_R02_20260611_171240,delta-asda-b3-e,567,RTSO|SO|OE|VE|QS,1,0,51042,9,18,0.07686,17,0.040647,305,47,4270,2391,6000,,1200,,,,acceleration,elevated_load,0,no_load,cw,B3: sharp but allowed acc/dec,servo-app/lab-0.1
1781172841.473168,80.50275945663452,B3_ACC_DEC_SHARP,B3_ACC_DEC_SHARP_R02_20260611_171240,delta-asda-b3-e,567,RTSO|SO|OE|VE|QS,1,0,56258,0,15,0.06405,16,0.038256,305,47,4270,2391,6000,,1200,,,,acceleration,elevated_load,0,no_load,cw,B3: sharp but allowed acc/dec,servo-app/lab-0.1
1781172841.5733747,80.60296630859375,B3_ACC_DEC_SHARP,B3_ACC_DEC_SHARP_R02_20260611_171240,delta-asda-b3-e,567,RTSO|SO|OE|VE|QS,1,0,56352,0,13,0.05551,13,0.031083,305,47,4270,2391,6000,,1200,,,,acceleration,elevated_load,0,no_load,cw,B3: sharp but allowed acc/dec,servo-app/lab-0.1
1781172841.6738288,80.7034204006195,B3_ACC_DEC_SHARP,B3_ACC_DEC_SHARP_R02_20260611_171240,delta-asda-b3-e,1591,RTSO|SO|OE|VE|QS|TR,1,0,56234,0,13,0.05551,12,0.028692,305,47,4270,2391,6000,,1200,,,,acceleration,elevated_load,0,no_load,cw,B3: sharp but allowed acc/dec,servo-app/lab-0.1
1781172841.774317,80.80390858650208,B3_ACC_DEC_SHARP,B3_ACC_DEC_SHARP_R02_20260611_171240,delta-asda-b3-e,567,RTSO|SO|OE|VE|QS,1,0,15207,-15,-15,-0.06405,-16,-0.038256,305,47,4270,2391,6000,,1200,,,,acceleration,elevated_load,0,no_load,cw,B3: sharp but allowed acc/dec,servo-app/lab-0.1
1781172841.8747091,80.90430068969727,B3_ACC_DEC_SHARP,B3_ACC_DEC_SHARP_R02_20260611_171240,delta-asda-b3-e,1591,RTSO|SO|OE|VE|QS|TR,1,0,6095,-1,-14,-0.05978,-13,-0.031083,305,47,4270,2391,6000,,1200,,,,acceleration,elevated_load,0,no_load,cw,B3: sharp but allowed acc/dec,servo-app/lab-0.1
1781172841.974991,81.00458264350891,B3_ACC_DEC_SHARP,B3_ACC_DEC_SHARP_R02_20260611_171240,delta-asda-b3-e,567,RTSO|SO|OE|VE|QS,1,0,52281,7,18,0.07686,17,0.040647,305,47,4270,2391,6000,,1200,,,,acceleration,elevated_load,0,no_load,cw,B3: sharp but allowed acc/dec,servo-app/lab-0.1
1781172842.0755277,81.10511922836304,B3_ACC_DEC_SHARP,B3_ACC_DEC_SHARP_R02_20260611_171240,delta-asda-b3-e,567,RTSO|SO|OE|VE|QS,1,0,47278,-24,-11,-0.04697,-15,-0.035865,305,47,4270,2391,6000,,1200,,,,acceleration,elevated_load,0,no_load,cw,B3: sharp but allowed acc/dec,servo-app/lab-0.1
1781172842.1755493,81.2051408290863,B3_ACC_DEC_SHARP,B3_ACC_DEC_SHARP_R02_20260611_171240,delta-asda-b3-e,567,RTSO|SO|OE|VE|QS,1,0,7234,-3,-15,-0.06405,-14,-0.033474,305,47,4270,2391,6000,,1200,,,,acceleration,elevated_load,0,no_load,cw,B3: sharp but allowed acc/dec,servo-app/lab-0.1
1781172842.2759805,81.30557203292847,B3_ACC_DEC_SHARP,B3_ACC_DEC_SHARP_R02_20260611_171240,delta-asda-b3-e,567,RTSO|SO|OE|VE|QS,1,0,5847,0,-11,-0.04697,-11,-0.026301,305,47,4270,2391,6000,,1200,,,,acceleration,elevated_load,0,no_load,cw,B3: sharp but allowed acc/dec,servo-app/lab-0.1
1781172842.3762326,81.40582418441772,B3_ACC_DEC_SHARP,B3_ACC_DEC_SHARP_R02_20260611_171240,delta-asda-b3-e,567,RTSO|SO|OE|VE|QS,1,0,5967,0,-9,-0.03843,-10,-0.02391,305,47,4270,2391,6000,,1200,,,,acceleration,elevated_load,0,no_load,cw,B3: sharp but allowed acc/dec,servo-app/lab-0.1
1781172842.476678,81.50626945495605,B3_ACC_DEC_SHARP,B3_ACC_DEC_SHARP_R02_20260611_171240,delta-asda-b3-e,1591,RTSO|SO|OE|VE|QS|TR,1,0,6051,0,-9,-0.03843,-9,-0.021519,305,47,4270,2391,6000,,1200,,,,acceleration,elevated_load,0,no_load,cw,B3: sharp but allowed acc/dec,servo-app/lab-0.1
1781172842.5771697,81.60676121711731,B3_ACC_DEC_SHARP,B3_ACC_DEC_SHARP_R02_20260611_171240,delta-asda-b3-e,567,RTSO|SO|OE|VE|QS,1,0,52880,6,17,0.07259,19,0.045429,305,47,4270,2391,6000,,1200,,,,acceleration,elevated_load,0,no_load,cw,B3: sharp but allowed acc/dec,servo-app/lab-0.1
1781172842.6772244,81.70681595802307,B3_ACC_DEC_SHARP,B3_ACC_DEC_SHARP_R02_20260611_171240,delta-asda-b3-e,567,RTSO|SO|OE|VE|QS,1,0,42447,-33,-12,-0.05124,-12,-0.028692,305,47,4270,2391,6000,,1200,,,,acceleration,elevated_load,0,no_load,cw,B3: sharp but allowed acc/dec,servo-app/lab-0.1
1781172842.7777574,81.80734896659851,B3_ACC_DEC_SHARP,B3_ACC_DEC_SHARP_R02_20260611_171240,delta-asda-b3-e,567,RTSO|SO|OE|VE|QS,1,0,7131,-2,-15,-0.06405,-14,-0.033474,305,47,4270,2391,6000,,1200,,,,acceleration,elevated_load,0,no_load,cw,B3: sharp but allowed acc/dec,servo-app/lab-0.1
1781172842.8784893,81.90808081626892,B3_ACC_DEC_SHARP,B3_ACC_DEC_SHARP_R02_20260611_171240,delta-asda-b3-e,567,RTSO|SO|OE|VE|QS,1,0,5863,0,-11,-0.04697,-10,-0.02391,305,47,4270,2391,6000,,1200,,,,acceleration,elevated_load,0,no_load,cw,B3: sharp but allowed acc/dec,servo-app/lab-0.1
1781172842.9787066,82.00829815864563,B3_ACC_DEC_SHARP,B3_ACC_DEC_SHARP_R02_20260611_171240,delta-asda-b3-e,567,RTSO|SO|OE|VE|QS,1,0,5967,0,-9,-0.03843,-10,-0.02391,305,47,4270,2391,6000,,1200,,,,acceleration,elevated_load,0,no_load,cw,B3: sharp but allowed acc/dec,servo-app/lab-0.1
1781172843.0787425,82.10833406448364,B3_ACC_DEC_SHARP,B3_ACC_DEC_SHARP_R02_20260611_171240,delta-asda-b3-e,4663,RTSO|SO|OE|VE|QS|ACK,1,0,6135,1,0,0.0,-3,-0.007173,305,47,4270,2391,6000,,1200,,,,acceleration,elevated_load,0,no_load,cw,B3: sharp but allowed acc/dec,servo-app/lab-0.1
1781172843.179193,82.20878458023071,B3_ACC_DEC_SHARP,B3_ACC_DEC_SHARP_R02_20260611_171240,delta-asda-b3-e,567,RTSO|SO|OE|VE|QS,1,0,54297,3,18,0.07686,19,0.045429,305,47,4270,2391,6000,,1200,,,,acceleration,elevated_load,0,no_load,cw,B3: sharp but allowed acc/dec,servo-app/lab-0.1
1781172843.2795537,82.30914521217346,B3_ACC_DEC_SHARP,B3_ACC_DEC_SHARP_R02_20260611_171240,delta-asda-b3-e,567,RTSO|SO|OE|VE|QS,1,0,33626,-40,-13,-0.05551,-12,-0.028692,305,47,4270,2391,6000,,1200,,,,acceleration,elevated_load,0,no_load,cw,B3: sharp but allowed acc/dec,servo-app/lab-0.1
1781172843.3798726,82.40946412086487,B3_ACC_DEC_SHARP,B3_ACC_DEC_SHARP_R02_20260611_171240,delta-asda-b3-e,567,RTSO|SO|OE|VE|QS,1,0,6891,-2,-14,-0.05978,-14,-0.033474,305,47,4270,2391,6000,,1200,,,,acceleration,elevated_load,0,no_load,cw,B3: sharp but allowed acc/dec,servo-app/lab-0.1
1781172843.4801972,82.50978875160217,B3_ACC_DEC_SHARP,B3_ACC_DEC_SHARP_R02_20260611_171240,delta-asda-b3-e,567,RTSO|SO|OE|VE|QS,1,0,5863,0,-12,-0.05124,-12,-0.028692,305,47,4270,2391,6000,,1200,,,,acceleration,elevated_load,0,no_load,cw,B3: sharp but allowed acc/dec,servo-app/lab-0.1
1781172843.5804808,82.61007237434387,B3_ACC_DEC_SHARP,B3_ACC_DEC_SHARP_R02_20260611_171240,delta-asda-b3-e,567,RTSO|SO|OE|VE|QS,1,0,5977,0,-9,-0.03843,-9,-0.021519,305,47,4270,2391,6000,,1200,,,,acceleration,elevated_load,0,no_load,cw,B3: sharp but allowed acc/dec,servo-app/lab-0.1
1781172843.6805596,82.71015119552612,B3_ACC_DEC_SHARP,B3_ACC_DEC_SHARP_R02_20260611_171240,delta-asda-b3-e,4663,RTSO|SO|OE|VE|QS|ACK,1,0,7328,7,12,0.05124,5,0.011955,305,47,4270,2391,6000,,1200,,,,acceleration,elevated_load,0,no_load,cw,B3: sharp but allowed acc/dec,servo-app/lab-0.1
1781172843.780767,82.81035852432251,B3_ACC_DEC_SHARP,B3_ACC_DEC_SHARP_R02_20260611_171240,delta-asda-b3-e,567,RTSO|SO|OE|VE|QS,1,0,54639,3,17,0.07259,18,0.043038,305,47,4270,2391,6000,,1200,,,,acceleration,elevated_load,0,no_load,cw,B3: sharp but allowed acc/dec,servo-app/lab-0.1
1781172843.8808699,82.91046142578125,B3_ACC_DEC_SHARP,B3_ACC_DEC_SHARP_R02_20260611_171240,delta-asda-b3-e,567,RTSO|SO|OE|VE|QS,1,0,26782,-34,-14,-0.05978,-14,-0.033474,305,47,4270,2391,6000,,1200,,,,acceleration,elevated_load,0,no_load,cw,B3: sharp but allowed acc/dec,servo-app/lab-0.1
1781172843.9810553,83.01064682006836,B3_ACC_DEC_SHARP,B3_ACC_DEC_SHARP_R02_20260611_171240,delta-asda-b3-e,567,RTSO|SO|OE|VE|QS,1,0,6631,-2,-13,-0.05551,-14,-0.033474,305,47,4270,2391,6000,,1200,,,,acceleration,elevated_load,0,no_load,cw,B3: sharp but allowed acc/dec,servo-app/lab-0.1
1781172844.0812118,83.1108033657074,B3_ACC_DEC_SHARP,B3_ACC_DEC_SHARP_R02_20260611_171240,delta-asda-b3-e,567,RTSO|SO|OE|VE|QS,1,0,5843,0,-11,-0.04697,-12,-0.028692,305,47,4270,2391,6000,,1200,,,,acceleration,elevated_load,0,no_load,cw,B3: sharp but allowed acc/dec,servo-app/lab-0.1
1781172844.1817255,83.21131706237793,B3_ACC_DEC_SHARP,B3_ACC_DEC_SHARP_R02_20260611_171240,delta-asda-b3-e,567,RTSO|SO|OE|VE|QS,1,0,5983,0,-9,-0.03843,-9,-0.021519,305,47,4270,2391,6000,,1200,,,,acceleration,elevated_load,0,no_load,cw,B3: sharp but allowed acc/dec,servo-app/lab-0.1
1781172844.2819514,83.31154298782349,B3_ACC_DEC_SHARP,B3_ACC_DEC_SHARP_R02_20260611_171240,delta-asda-b3-e,567,RTSO|SO|OE|VE|QS,1,0,16660,31,15,0.06405,16,0.038256,305,47,4270,2391,6000,,1200,,,,acceleration,elevated_load,0,no_load,cw,B3: sharp but allowed acc/dec,servo-app/lab-0.1
1781172844.3822541,83.41184568405151,B3_ACC_DEC_SHARP,B3_ACC_DEC_SHARP_R02_20260611_171240,delta-asda-b3-e,567,RTSO|SO|OE|VE|QS,1,0,55091,3,17,0.07259,17,0.040647,305,47,4270,2391,6000,,1200,,,,acceleration,elevated_load,0,no_load,cw,B3: sharp but allowed acc/dec,servo-app/lab-0.1
1781172844.4824533,83.51204490661621,B3_ACC_DEC_SHARP,B3_ACC_DEC_SHARP_R02_20260611_171240,delta-asda-b3-e,567,RTSO|SO|OE|VE|QS,1,0,18139,-20,-15,-0.06405,-15,-0.035865,305,47,4270,2391,6000,,1200,,,,acceleration,elevated_load,0,no_load,cw,B3: sharp but allowed acc/dec,servo-app/lab-0.1
1781172844.582732,83.61232352256775,B3_ACC_DEC_SHARP,B3_ACC_DEC_SHARP_R02_20260611_171240,delta-asda-b3-e,567,RTSO|SO|OE|VE|QS,1,0,6239,-1,-13,-0.05551,-13,-0.031083,305,47,4270,2391,6000,,1200,,,,acceleration,elevated_load,0,no_load,cw,B3: sharp but allowed acc/dec,servo-app/lab-0.1
1781172844.683215,83.71280646324158,B3_ACC_DEC_SHARP,B3_ACC_DEC_SHARP_R02_20260611_171240,delta-asda-b3-e,567,RTSO|SO|OE|VE|QS,1,0,50116,10,17,0.07259,19,0.045429,305,47,4270,2391,6000,,1200,,,,acceleration,elevated_load,0,no_load,cw,B3: sharp but allowed acc/dec,servo-app/lab-0.1
1781172844.7834268,83.81301832199097,B3_ACC_DEC_SHARP,B3_ACC_DEC_SHARP_R02_20260611_171240,delta-asda-b3-e,4663,RTSO|SO|OE|VE|QS|ACK,1,0,55485,-5,-6,-0.02562,2,0.004782,305,47,4270,2391,6000,,1200,,,,acceleration,elevated_load,0,no_load,cw,B3: sharp but allowed acc/dec,servo-app/lab-0.1
1781172844.883563,83.91315460205078,B3_ACC_DEC_SHARP,B3_ACC_DEC_SHARP_R02_20260611_171240,delta-asda-b3-e,567,RTSO|SO|OE|VE|QS,1,0,7758,-3,-15,-0.06405,-15,-0.035865,306,47,4270,2391,6000,,1200,,,,acceleration,elevated_load,0,no_load,cw,B3: sharp but allowed acc/dec,servo-app/lab-0.1
1781172844.984027,84.01361846923828,B3_ACC_DEC_SHARP,B3_ACC_DEC_SHARP_R02_20260611_171240,delta-asda-b3-e,567,RTSO|SO|OE|VE|QS,1,0,36254,33,18,0.07686,17,0.040647,305,47,4270,2391,6000,,1200,,,,acceleration,elevated_load,0,no_load,cw,B3: sharp but allowed acc/dec,servo-app/lab-0.1
1781172845.084487,84.11407852172852,B3_ACC_DEC_SHARP,B3_ACC_DEC_SHARP_R02_20260611_171240,delta-asda-b3-e,567,RTSO|SO|OE|VE|QS,1,0,55630,2,17,0.07259,18,0.043038,304,47,4270,2391,6000,,1200,,,,acceleration,elevated_load,0,no_load,cw,B3: sharp but allowed acc/dec,servo-app/lab-0.1
1781172845.1847858,84.21437740325928,B3_ACC_DEC_SHARP,B3_ACC_DEC_SHARP_R02_20260611_171240,delta-asda-b3-e,567,RTSO|SO|OE|VE|QS,1,0,13236,-12,-16,-0.06832,-15,-0.035865,305,47,4270,2391,6000,,1200,,,,acceleration,elevated_load,0,no_load,cw,B3: sharp but allowed acc/dec,servo-app/lab-0.1
1781172845.2850554,84.31464695930481,B3_ACC_DEC_SHARP,B3_ACC_DEC_SHARP_R02_20260611_171240,delta-asda-b3-e,1591,RTSO|SO|OE|VE|QS|TR,1,0,6009,0,-12,-0.05124,-13,-0.031083,305,47,4270,2391,6000,,1200,,,,acceleration,elevated_load,0,no_load,cw,B3: sharp but allowed acc/dec,servo-app/lab-0.1
1781172845.3850884,84.41468000411987,B3_ACC_DEC_SHARP,B3_ACC_DEC_SHARP_R02_20260611_171240,delta-asda-b3-e,567,RTSO|SO|OE|VE|QS,1,0,5883,0,-10,-0.0427,-11,-0.026301,305,47,4270,2391,6000,,1200,,,,acceleration,elevated_load,0,no_load,cw,B3: sharp but allowed acc/dec,servo-app/lab-0.1
1781172845.4852648,84.51485633850098,B3_ACC_DEC_SHARP,B3_ACC_DEC_SHARP_R02_20260611_171240,delta-asda-b3-e,567,RTSO|SO|OE|VE|QS,1,0,6005,0,-10,-0.0427,-9,-0.021519,305,47,4270,2391,6000,,1200,,,,acceleration,elevated_load,0,no_load,cw,B3: sharp but allowed acc/dec,servo-app/lab-0.1
1781172845.5853367,84.61492824554443,B3_ACC_DEC_SHARP,B3_ACC_DEC_SHARP_R02_20260611_171240,delta-asda-b3-e,567,RTSO|SO|OE|VE|QS,1,0,44384,20,18,0.07686,17,0.040647,305,47,4270,2391,6000,,1200,,,,acceleration,elevated_load,0,no_load,cw,B3: sharp but allowed acc/dec,servo-app/lab-0.1
1781172845.6856792,84.71527075767517,B3_ACC_DEC_SHARP,B3_ACC_DEC_SHARP_R02_20260611_171240,delta-asda-b3-e,567,RTSO|SO|OE|VE|QS,1,0,55998,1,17,0.07259,16,0.038256,305,47,4270,2391,6000,,1200,,,,acceleration,elevated_load,0,no_load,cw,B3: sharp but allowed acc/dec,servo-app/lab-0.1
1781172845.7859643,84.81555581092834,B3_ACC_DEC_SHARP,B3_ACC_DEC_SHARP_R02_20260611_171240,delta-asda-b3-e,567,RTSO|SO|OE|VE|QS,1,0,12147,-10,-14,-0.05978,-16,-0.038256,305,47,4270,2391,6000,,1200,,,,acceleration,elevated_load,0,no_load,cw,B3: sharp but allowed acc/dec,servo-app/lab-0.1
1781172845.8863106,84.91590213775635,B3_ACC_DEC_SHARP,B3_ACC_DEC_SHARP_R02_20260611_171240,delta-asda-b3-e,4663,RTSO|SO|OE|VE|QS|ACK,1,0,6407,3,3,0.01281,0,0.0,306,47,4270,2391,6000,,1200,,,,acceleration,elevated_load,0,no_load,cw,B3: sharp but allowed acc/dec,servo-app/lab-0.1
1781172845.986871,85.01646256446838,B3_ACC_DEC_SHARP,B3_ACC_DEC_SHARP_R02_20260611_171240,delta-asda-b3-e,567,RTSO|SO|OE|VE|QS,1,0,54401,3,16,0.06832,17,0.040647,305,47,4270,2391,6000,,1200,,,,acceleration,elevated_load,0,no_load,cw,B3: sharp but allowed acc/dec,servo-app/lab-0.1
1781172846.0872395,85.11683106422424,B3_ACC_DEC_SHARP,B3_ACC_DEC_SHARP_R02_20260611_171240,delta-asda-b3-e,567,RTSO|SO|OE|VE|QS,1,0,31179,-40,-13,-0.05551,-12,-0.028692,305,47,4270,2391,6000,,1200,,,,acceleration,elevated_load,0,no_load,cw,B3: sharp but allowed acc/dec,servo-app/lab-0.1
1781172846.1877542,85.21734571456909,B3_ACC_DEC_SHARP,B3_ACC_DEC_SHARP_R02_20260611_171240,delta-asda-b3-e,567,RTSO|SO|OE|VE|QS,1,0,6801,-2,-14,-0.05978,-14,-0.033474,305,47,4270,2391,6000,,1200,,,,acceleration,elevated_load,0,no_load,cw,B3: sharp but allowed acc/dec,servo-app/lab-0.1
1781172846.2881923,85.31778383255005,B3_ACC_DEC_SHARP,B3_ACC_DEC_SHARP_R02_20260611_171240,delta-asda-b3-e,567,RTSO|SO|OE|VE|QS,1,0,47710,14,18,0.07686,17,0.040647,305,47,4270,2391,6000,,1200,,,,acceleration,elevated_load,0,no_load,cw,B3: sharp but allowed acc/dec,servo-app/lab-0.1
1781172846.388287,85.4178786277771,B3_ACC_DEC_SHARP,B3_ACC_DEC_SHARP_R02_20260611_171240,delta-asda-b3-e,1591,RTSO|SO|OE|VE|QS|TR,1,0,56136,1,16,0.06832,15,0.035865,305,47,4270,2391,6000,,1200,,,,acceleration,elevated_load,0,no_load,cw,B3: sharp but allowed acc/dec,servo-app/lab-0.1
1781172846.4884083,85.51799988746643,B3_ACC_DEC_SHARP,B3_ACC_DEC_SHARP_R02_20260611_171240,delta-asda-b3-e,567,RTSO|SO|OE|VE|QS,1,0,56328,0,14,0.05978,14,0.033474,305,47,4270,2391,6000,,1200,,,,acceleration,elevated_load,0,no_load,cw,B3: sharp but allowed acc/dec,servo-app/lab-0.1
1781172846.5884311,85.61802268028259,B3_ACC_DEC_SHARP,B3_ACC_DEC_SHARP_R02_20260611_171240,delta-asda-b3-e,567,RTSO|SO|OE|VE|QS,1,0,56218,0,13,0.05551,12,0.028692,305,47,4270,2391,6000,,1200,,,,acceleration,elevated_load,0,no_load,cw,B3: sharp but allowed acc/dec,servo-app/lab-0.1
1781172846.688649,85.71824049949646,B3_ACC_DEC_SHARP,B3_ACC_DEC_SHARP_R02_20260611_171240,delta-asda-b3-e,567,RTSO|SO|OE|VE|QS,1,0,19959,-23,-14,-0.05978,-14,-0.033474,306,47,4270,2391,6000,,1200,,,,acceleration,elevated_load,0,no_load,cw,B3: sharp but allowed acc/dec,servo-app/lab-0.1
1781172846.7888522,85.818443775177,B3_ACC_DEC_SHARP,B3_ACC_DEC_SHARP_R02_20260611_171240,delta-asda-b3-e,567,RTSO|SO|OE|VE|QS,1,0,6341,-1,-13,-0.05551,-13,-0.031083,306,47,4270,2391,6000,,1200,,,,acceleration,elevated_load,0,no_load,cw,B3: sharp but allowed acc/dec,servo-app/lab-0.1
1781172846.8893487,85.91894030570984,B3_ACC_DEC_SHARP,B3_ACC_DEC_SHARP_R02_20260611_171240,delta-asda-b3-e,567,RTSO|SO|OE|VE|QS,1,0,50620,9,18,0.07686,19,0.045429,306,47,4270,2391,6000,,1200,,,,acceleration,elevated_load,0,no_load,cw,B3: sharp but allowed acc/dec,servo-app/lab-0.1
1781172846.9893765,86.01896810531616,B3_ACC_DEC_SHARP,B3_ACC_DEC_SHARP_R02_20260611_171240,delta-asda-b3-e,1591,RTSO|SO|OE|VE|QS|TR,1,0,56226,0,16,0.06832,15,0.035865,305,47,4270,2391,6000,,1200,,,,acceleration,elevated_load,0,no_load,cw,B3: sharp but allowed acc/dec,servo-app/lab-0.1
1781172847.0896118,86.1192033290863,B3_ACC_DEC_SHARP,B3_ACC_DEC_SHARP_R02_20260611_171240,delta-asda-b3-e,567,RTSO|SO|OE|VE|QS,1,0,56318,0,14,0.05978,14,0.033474,305,47,4270,2391,6000,,1200,,,,acceleration,elevated_load,0,no_load,cw,B3: sharp but allowed acc/dec,servo-app/lab-0.1
1781172847.190031,86.21962261199951,B3_ACC_DEC_SHARP,B3_ACC_DEC_SHARP_R02_20260611_171240,delta-asda-b3-e,567,RTSO|SO|OE|VE|QS,1,0,56206,0,13,0.05551,13,0.031083,305,47,4270,2391,6000,,1200,,,,acceleration,elevated_load,0,no_load,cw,B3: sharp but allowed acc/dec,servo-app/lab-0.1
1781172847.2900589,86.31965041160583,B3_ACC_DEC_SHARP,B3_ACC_DEC_SHARP_R02_20260611_171240,delta-asda-b3-e,567,RTSO|SO|OE|VE|QS,1,0,15882,-16,-15,-0.06405,-15,-0.035865,305,47,4270,2391,6000,,1200,,,,acceleration,elevated_load,0,no_load,cw,B3: sharp but allowed acc/dec,servo-app/lab-0.1
1781172847.3903468,86.41993832588196,B3_ACC_DEC_SHARP,B3_ACC_DEC_SHARP_R02_20260611_171240,delta-asda-b3-e,1591,RTSO|SO|OE|VE|QS|TR,1,0,6105,-1,-13,-0.05551,-13,-0.031083,305,47,4270,2391,6000,,1200,,,,acceleration,elevated_load,0,no_load,cw,B3: sharp but allowed acc/dec,servo-app/lab-0.1
1781172847.4906905,86.52028203010559,B3_ACC_DEC_SHARP,B3_ACC_DEC_SHARP_R02_20260611_171240,delta-asda-b3-e,567,RTSO|SO|OE|VE|QS,1,0,50642,9,18,0.07686,18,0.043038,305,47,4270,2391,6000,,1200,,,,acceleration,elevated_load,0,no_load,cw,B3: sharp but allowed acc/dec,servo-app/lab-0.1
1781172847.5909004,86.62049198150635,B3_ACC_DEC_SHARP,B3_ACC_DEC_SHARP_R02_20260611_171240,delta-asda-b3-e,1591,RTSO|SO|OE|VE|QS|TR,1,0,56240,0,15,0.06405,15,0.035865,305,47,4270,2391,6000,,1200,,,,acceleration,elevated_load,0,no_load,cw,B3: sharp but allowed acc/dec,servo-app/lab-0.1
1781172847.6913657,86.72095727920532,B3_ACC_DEC_SHARP,B3_ACC_DEC_SHARP_R02_20260611_171240,delta-asda-b3-e,567,RTSO|SO|OE|VE|QS,1,0,56348,0,14,0.05978,13,0.031083,305,47,4270,2391,6000,,1200,,,,acceleration,elevated_load,0,no_load,cw,B3: sharp but allowed acc/dec,servo-app/lab-0.1
1781172847.7918143,86.82140588760376,B3_ACC_DEC_SHARP,B3_ACC_DEC_SHARP_R02_20260611_171240,delta-asda-b3-e,567,RTSO|SO|OE|VE|QS,1,0,54397,-8,-15,-0.06405,-7,-0.016737,305,47,4270,2391,6000,,1200,,,,acceleration,elevated_load,0,no_load,cw,B3: sharp but allowed acc/dec,servo-app/lab-0.1
1781172847.8920038,86.92159533500671,B3_ACC_DEC_SHARP,B3_ACC_DEC_SHARP_R02_20260611_171240,delta-asda-b3-e,567,RTSO|SO|OE|VE|QS,1,0,7532,-3,-15,-0.06405,-14,-0.033474,305,47,4270,2391,6000,,1200,,,,acceleration,elevated_load,0,no_load,cw,B3: sharp but allowed acc/dec,servo-app/lab-0.1
1781172847.9921362,87.02172780036926,B3_ACC_DEC_SHARP,B3_ACC_DEC_SHARP_R02_20260611_171240,delta-asda-b3-e,567,RTSO|SO|OE|VE|QS,1,0,39827,27,17,0.07259,16,0.038256,305,47,4270,2391,6000,,1200,,,,acceleration,elevated_load,0,no_load,cw,B3: sharp but allowed acc/dec,servo-app/lab-0.1
1781172848.0923371,87.12192869186401,B3_ACC_DEC_SHARP,B3_ACC_DEC_SHARP_R02_20260611_171240,delta-asda-b3-e,567,RTSO|SO|OE|VE|QS,1,0,55896,1,17,0.07259,16,0.038256,305,47,4270,2391,6000,,1200,,,,acceleration,elevated_load,0,no_load,cw,B3: sharp but allowed acc/dec,servo-app/lab-0.1
1781172848.192793,87.22238445281982,B3_ACC_DEC_SHARP,B3_ACC_DEC_SHARP_R02_20260611_171240,delta-asda-b3-e,567,RTSO|SO|OE|VE|QS,1,0,12373,-11,-16,-0.06832,-15,-0.035865,305,47,4270,2391,6000,,1200,,,,acceleration,elevated_load,0,no_load,cw,B3: sharp but allowed acc/dec,servo-app/lab-0.1
1781172848.2931087,87.3227002620697,B3_ACC_DEC_SHARP,B3_ACC_DEC_SHARP_R02_20260611_171240,delta-asda-b3-e,1591,RTSO|SO|OE|VE|QS|TR,1,0,5957,0,-13,-0.05551,-12,-0.028692,305,47,4270,2391,6000,,1200,,,,acceleration,elevated_load,0,no_load,cw,B3: sharp but allowed acc/dec,servo-app/lab-0.1
1781172848.3936064,87.42319798469543,B3_ACC_DEC_SHARP,B3_ACC_DEC_SHARP_R02_20260611_171240,delta-asda-b3-e,567,RTSO|SO|OE|VE|QS,1,0,5877,0,-10,-0.0427,-10,-0.02391,305,47,4270,2391,6000,,1200,,,,acceleration,elevated_load,0,no_load,cw,B3: sharp but allowed acc/dec,servo-app/lab-0.1
1781172848.4938831,87.52347469329834,B3_ACC_DEC_SHARP,B3_ACC_DEC_SHARP_R02_20260611_171240,delta-asda-b3-e,567,RTSO|SO|OE|VE|QS,1,0,6009,0,-10,-0.0427,-9,-0.021519,305,47,4270,2391,6000,,1200,,,,acceleration,elevated_load,0,no_load,cw,B3: sharp but allowed acc/dec,servo-app/lab-0.1
1781172848.5942879,87.62387943267822,B3_ACC_DEC_SHARP,B3_ACC_DEC_SHARP_R02_20260611_171240,delta-asda-b3-e,567,RTSO|SO|OE|VE|QS,1,0,46736,16,18,0.07686,18,0.043038,305,47,4270,2391,6000,,1200,,,,acceleration,elevated_load,0,no_load,cw,B3: sharp but allowed acc/dec,servo-app/lab-0.1
1781172848.6946821,87.72427368164062,B3_ACC_DEC_SHARP,B3_ACC_DEC_SHARP_R02_20260611_171240,delta-asda-b3-e,1591,RTSO|SO|OE|VE|QS|TR,1,0,56126,1,16,0.06832,17,0.040647,305,47,4270,2391,6000,,1200,,,,acceleration,elevated_load,0,no_load,cw,B3: sharp but allowed acc/dec,servo-app/lab-0.1
1781172848.794756,87.82434749603271,B3_ACC_DEC_SHARP,B3_ACC_DEC_SHARP_R02_20260611_171240,delta-asda-b3-e,567,RTSO|SO|OE|VE|QS,1,0,56348,0,14,0.05978,13,0.031083,305,47,4270,2391,6000,,1200,,,,acceleration,elevated_load,0,no_load,cw,B3: sharp but allowed acc/dec,servo-app/lab-0.1
1781172848.8952134,87.92480492591858,B3_ACC_DEC_SHARP,B3_ACC_DEC_SHARP_R02_20260611_171240,delta-asda-b3-e,567,RTSO|SO|OE|VE|QS,1,0,56228,0,13,0.05551,12,0.028692,305,47,4270,2391,6000,,1200,,,,acceleration,elevated_load,0,no_load,cw,B3: sharp but allowed acc/dec,servo-app/lab-0.1
1781172848.995875,88.02546644210815,B3_ACC_DEC_SHARP,B3_ACC_DEC_SHARP_R02_20260611_171240,delta-asda-b3-e,567,RTSO|SO|OE|VE|QS,1,0,11342,-9,-16,-0.06832,-15,-0.035865,305,47,4270,2391,6000,,1200,,,,acceleration,elevated_load,0,no_load,cw,B3: sharp but allowed acc/dec,servo-app/lab-0.1
1781172849.0962424,88.1258339881897,B3_ACC_DEC_SHARP,B3_ACC_DEC_SHARP_R02_20260611_171240,delta-asda-b3-e,4663,RTSO|SO|OE|VE|QS|ACK,1,0,6393,3,5,0.02135,0,0.0,305,47,4270,2391,6000,,1200,,,,acceleration,elevated_load,0,no_load,cw,B3: sharp but allowed acc/dec,servo-app/lab-0.1
1781172849.196296,88.22588753700256,B3_ACC_DEC_SHARP,B3_ACC_DEC_SHARP_R02_20260611_171240,delta-asda-b3-e,567,RTSO|SO|OE|VE|QS,1,0,54361,3,18,0.07686,18,0.043038,305,47,4270,2391,6000,,1200,,,,acceleration,elevated_load,0,no_load,cw,B3: sharp but allowed acc/dec,servo-app/lab-0.1
1781172849.2963288,88.32592034339905,B3_ACC_DEC_SHARP,B3_ACC_DEC_SHARP_R02_20260611_171240,delta-asda-b3-e,567,RTSO|SO|OE|VE|QS,1,0,26137,-33,-14,-0.05978,-14,-0.033474,305,47,4270,2391,6000,,1200,,,,acceleration,elevated_load,0,no_load,cw,B3: sharp but allowed acc/dec,servo-app/lab-0.1
1781172849.3965604,88.4261519908905,B3_ACC_DEC_SHARP,B3_ACC_DEC_SHARP_R02_20260611_171240,delta-asda-b3-e,567,RTSO|SO|OE|VE|QS,1,0,6631,-1,-14,-0.05978,-14,-0.033474,305,47,4270,2391,6000,,1200,,,,acceleration,elevated_load,0,no_load,cw,B3: sharp but allowed acc/dec,servo-app/lab-0.1
1781172849.4968076,88.5263991355896,B3_ACC_DEC_SHARP,B3_ACC_DEC_SHARP_R02_20260611_171240,delta-asda-b3-e,567,RTSO|SO|OE|VE|QS,1,0,5873,0,-11,-0.04697,-11,-0.026301,305,47,4270,2391,6000,,1200,,,,acceleration,elevated_load,0,no_load,cw,B3: sharp but allowed acc/dec,servo-app/lab-0.1
1781172849.597497,88.62708854675293,B3_ACC_DEC_SHARP,B3_ACC_DEC_SHARP_R02_20260611_171240,delta-asda-b3-e,567,RTSO|SO|OE|VE|QS,1,0,5987,0,-9,-0.03843,-9,-0.021519,305,47,4270,2391,6000,,1200,,,,acceleration,elevated_load,0,no_load,cw,B3: sharp but allowed acc/dec,servo-app/lab-0.1
1781172849.6977024,88.72729396820068,B3_ACC_DEC_SHARP,B3_ACC_DEC_SHARP_R02_20260611_171240,delta-asda-b3-e,567,RTSO|SO|OE|VE|QS,1,0,18273,34,16,0.06832,14,0.033474,305,47,4270,2391,6000,,1200,,,,acceleration,elevated_load,0,no_load,cw,B3: sharp but allowed acc/dec,servo-app/lab-0.1
1781172849.7979362,88.82752776145935,B3_ACC_DEC_SHARP,B3_ACC_DEC_SHARP_R02_20260611_171240,delta-asda-b3-e,567,RTSO|SO|OE|VE|QS,1,0,55001,2,17,0.07259,18,0.043038,305,47,4270,2391,6000,,1200,,,,acceleration,elevated_load,0,no_load,cw,B3: sharp but allowed acc/dec,servo-app/lab-0.1
1781172849.898136,88.9277274608612,B3_ACC_DEC_SHARP,B3_ACC_DEC_SHARP_R02_20260611_171240,delta-asda-b3-e,567,RTSO|SO|OE|VE|QS,1,0,18914,-21,-15,-0.06405,-14,-0.033474,305,47,4270,2391,6000,,1200,,,,acceleration,elevated_load,0,no_load,cw,B3: sharp but allowed acc/dec,servo-app/lab-0.1
1781172849.9984736,89.02806520462036,B3_ACC_DEC_SHARP,B3_ACC_DEC_SHARP_R02_20260611_171240,delta-asda-b3-e,567,RTSO|SO|OE|VE|QS,1,0,6239,-1,-13,-0.05551,-13,-0.031083,305,47,4270,2391,6000,,1200,,,,acceleration,elevated_load,0,no_load,cw,B3: sharp but allowed acc/dec,servo-app/lab-0.1
1781172850.0987191,89.1283106803894,B3_ACC_DEC_SHARP,B3_ACC_DEC_SHARP_R02_20260611_171240,delta-asda-b3-e,567,RTSO|SO|OE|VE|QS,1,0,50962,9,18,0.07686,18,0.043038,305,47,4270,2391,6000,,1200,,,,acceleration,elevated_load,0,no_load,cw,B3: sharp but allowed acc/dec,servo-app/lab-0.1
1781172850.1991894,89.22878098487854,B3_ACC_DEC_SHARP,B3_ACC_DEC_SHARP_R02_20260611_171240,delta-asda-b3-e,567,RTSO|SO|OE|VE|QS,1,0,52984,-10,-14,-0.05978,-7,-0.016737,305,47,4270,2391,6000,,1200,,,,acceleration,elevated_load,0,no_load,cw,B3: sharp but allowed acc/dec,servo-app/lab-0.1
1781172850.2996774,89.32926893234253,B3_ACC_DEC_SHARP,B3_ACC_DEC_SHARP_R02_20260611_171240,delta-asda-b3-e,567,RTSO|SO|OE|VE|QS,1,0,7612,-3,-15,-0.06405,-15,-0.035865,305,47,4270,2391,6000,,1200,,,,acceleration,elevated_load,0,no_load,cw,B3: sharp but allowed acc/dec,servo-app/lab-0.1
1781172850.3997214,89.42931294441223,B3_ACC_DEC_SHARP,B3_ACC_DEC_SHARP_R02_20260611_171240,delta-asda-b3-e,567,RTSO|SO|OE|VE|QS,1,0,41672,23,18,0.07686,16,0.038256,305,47,4270,2391,6000,,1200,,,,acceleration,elevated_load,0,no_load,cw,B3: sharp but allowed acc/dec,servo-app/lab-0.1
1781172850.5002952,89.5298867225647,B3_ACC_DEC_SHARP,B3_ACC_DEC_SHARP_R02_20260611_171240,delta-asda-b3-e,567,RTSO|SO|OE|VE|QS,1,0,55878,1,16,0.06832,17,0.040647,305,47,4270,2391,6000,,1200,,,,acceleration,elevated_load,0,no_load,cw,B3: sharp but allowed acc/dec,servo-app/lab-0.1
1781172850.600525,89.63011646270752,B3_ACC_DEC_SHARP,B3_ACC_DEC_SHARP_R02_20260611_171240,delta-asda-b3-e,567,RTSO|SO|OE|VE|QS,1,0,11425,-9,-15,-0.06405,-14,-0.033474,305,47,4270,2391,6000,,1200,,,,acceleration,elevated_load,0,no_load,cw,B3: sharp but allowed acc/dec,servo-app/lab-0.1
1781172850.700751,89.73034262657166,B3_ACC_DEC_SHARP,B3_ACC_DEC_SHARP_R02_20260611_171240,delta-asda-b3-e,4663,RTSO|SO|OE|VE|QS|ACK,1,0,7188,6,13,0.05551,5,0.011955,305,47,4270,2391,6000,,1200,,,,acceleration,elevated_load,0,no_load,cw,B3: sharp but allowed acc/dec,servo-app/lab-0.1
1781172850.8009124,89.83050394058228,B3_ACC_DEC_SHARP,B3_ACC_DEC_SHARP_R02_20260611_171240,delta-asda-b3-e,567,RTSO|SO|OE|VE|QS,1,0,54669,3,17,0.07259,18,0.043038,305,47,4270,2391,6000,,1200,,,,acceleration,elevated_load,0,no_load,cw,B3: sharp but allowed acc/dec,servo-app/lab-0.1
1781172850.9009552,89.93054676055908,B3_ACC_DEC_SHARP,B3_ACC_DEC_SHARP_R02_20260611_171240,delta-asda-b3-e,567,RTSO|SO|OE|VE|QS,1,0,21930,-25,-14,-0.05978,-15,-0.035865,305,47,4270,2391,6000,,1200,,,,acceleration,elevated_load,0,no_load,cw,B3: sharp but allowed acc/dec,servo-app/lab-0.1
