ts,t,experiment_id,session_id,device_id,statusword,statusword_flags,mode_display,error_code,position,velocity,current,current_A,torque,torque_Nm,dc_bus_voltage,drive_temp,rated_current,rated_torque,max_motor_speed,target_position,target_velocity,target_torque,acceleration_cmd,deceleration_cmd,regime_label,risk_label,is_artificial_anomaly,load_type,direction,operator_comment,software_version
1781157031.262576,0.0,A1_HOLDING_SERVO_ON,A1_HOLDING_SERVO_ON_R01_20260611_125030,delta-asda-b3-e,1616,VE|SOD|TR,1,0,-7057,0,0,0.0,-1,-0.002391,300,47,4270,2391,6000,,0,,,,holding,normal,0,no_load,none,"A1: Servo ON, shaft stationary",servo-app/lab-0.1
1781157031.363588,0.10101199150085449,A1_HOLDING_SERVO_ON,A1_HOLDING_SERVO_ON_R01_20260611_125030,delta-asda-b3-e,1616,VE|SOD|TR,1,0,-7067,0,-1,-0.00427,0,0.0,300,47,4270,2391,6000,,0,,,,holding,normal,0,no_load,none,"A1: Servo ON, shaft stationary",servo-app/lab-0.1
1781157031.464006,0.2014298439025879,A1_HOLDING_SERVO_ON,A1_HOLDING_SERVO_ON_R01_20260611_125030,delta-asda-b3-e,1616,VE|SOD|TR,1,0,-7061,0,-1,-0.00427,0,0.0,300,47,4270,2391,6000,,0,,,,holding,normal,0,no_load,none,"A1: Servo ON, shaft stationary",servo-app/lab-0.1
1781157031.564975,0.3023989200592041,A1_HOLDING_SERVO_ON,A1_HOLDING_SERVO_ON_R01_20260611_125030,delta-asda-b3-e,1616,VE|SOD|TR,1,0,-7061,0,0,0.0,0,0.0,300,47,4270,2391,6000,,0,,,,holding,normal,0,no_load,none,"A1: Servo ON, shaft stationary",servo-app/lab-0.1
1781157031.6655428,0.4029667377471924,A1_HOLDING_SERVO_ON,A1_HOLDING_SERVO_ON_R01_20260611_125030,delta-asda-b3-e,1616,VE|SOD|TR,1,0,-7061,0,0,0.0,0,0.0,300,47,4270,2391,6000,,0,,,,holding,normal,0,no_load,none,"A1: Servo ON, shaft stationary",servo-app/lab-0.1
1781157031.7656696,0.5030934810638428,A1_HOLDING_SERVO_ON,A1_HOLDING_SERVO_ON_R01_20260611_125030,delta-asda-b3-e,1616,VE|SOD|TR,1,0,-7051,0,-1,-0.00427,0,0.0,300,47,4270,2391,6000,,0,,,,holding,normal,0,no_load,none,"A1: Servo ON, shaft stationary",servo-app/lab-0.1
1781157031.865911,0.603334903717041,A1_HOLDING_SERVO_ON,A1_HOLDING_SERVO_ON_R01_20260611_125030,delta-asda-b3-e,1616,VE|SOD|TR,1,0,-7071,0,0,0.0,-1,-0.002391,300,47,4270,2391,6000,,0,,,,holding,normal,0,no_load,none,"A1: Servo ON, shaft stationary",servo-app/lab-0.1
1781157031.9664404,0.703864336013794,A1_HOLDING_SERVO_ON,A1_HOLDING_SERVO_ON_R01_20260611_125030,delta-asda-b3-e,1616,VE|SOD|TR,1,0,-7067,0,0,0.0,-1,-0.002391,300,47,4270,2391,6000,,0,,,,holding,normal,0,no_load,none,"A1: Servo ON, shaft stationary",servo-app/lab-0.1
1781157032.0670962,0.8045201301574707,A1_HOLDING_SERVO_ON,A1_HOLDING_SERVO_ON_R01_20260611_125030,delta-asda-b3-e,1616,VE|SOD|TR,1,0,-7065,0,0,0.0,-1,-0.002391,300,47,4270,2391,6000,,0,,,,holding,normal,0,no_load,none,"A1: Servo ON, shaft stationary",servo-app/lab-0.1
1781157032.167611,0.9050347805023193,A1_HOLDING_SERVO_ON,A1_HOLDING_SERVO_ON_R01_20260611_125030,delta-asda-b3-e,1616,VE|SOD|TR,1,0,-7061,0,0,0.0,-1,-0.002391,300,47,4270,2391,6000,,0,,,,holding,normal,0,no_load,none,"A1: Servo ON, shaft stationary",servo-app/lab-0.1
1781157032.2676764,1.0051002502441406,A1_HOLDING_SERVO_ON,A1_HOLDING_SERVO_ON_R01_20260611_125030,delta-asda-b3-e,1616,VE|SOD|TR,1,0,-7061,0,0,0.0,0,0.0,300,47,4270,2391,6000,,0,,,,holding,normal,0,no_load,none,"A1: Servo ON, shaft stationary",servo-app/lab-0.1
1781157032.3677518,1.1051757335662842,A1_HOLDING_SERVO_ON,A1_HOLDING_SERVO_ON_R01_20260611_125030,delta-asda-b3-e,1616,VE|SOD|TR,1,0,-7061,0,0,0.0,0,0.0,300,47,4270,2391,6000,,0,,,,holding,normal,0,no_load,none,"A1: Servo ON, shaft stationary",servo-app/lab-0.1
1781157032.4680912,1.2055151462554932,A1_HOLDING_SERVO_ON,A1_HOLDING_SERVO_ON_R01_20260611_125030,delta-asda-b3-e,1616,VE|SOD|TR,1,0,-7067,0,-1,-0.00427,-1,-0.002391,300,47,4270,2391,6000,,0,,,,holding,normal,0,no_load,none,"A1: Servo ON, shaft stationary",servo-app/lab-0.1
1781157032.56861,1.3060338497161865,A1_HOLDING_SERVO_ON,A1_HOLDING_SERVO_ON_R01_20260611_125030,delta-asda-b3-e,1616,VE|SOD|TR,1,0,-7071,0,-1,-0.00427,0,0.0,300,47,4270,2391,6000,,0,,,,holding,normal,0,no_load,none,"A1: Servo ON, shaft stationary",servo-app/lab-0.1
1781157032.6689477,1.4063715934753418,A1_HOLDING_SERVO_ON,A1_HOLDING_SERVO_ON_R01_20260611_125030,delta-asda-b3-e,1616,VE|SOD|TR,1,0,-7061,0,0,0.0,0,0.0,300,47,4270,2391,6000,,0,,,,holding,normal,0,no_load,none,"A1: Servo ON, shaft stationary",servo-app/lab-0.1
1781157032.7691534,1.5065772533416748,A1_HOLDING_SERVO_ON,A1_HOLDING_SERVO_ON_R01_20260611_125030,delta-asda-b3-e,1616,VE|SOD|TR,1,0,-7061,0,0,0.0,-1,-0.002391,300,47,4270,2391,6000,,0,,,,holding,normal,0,no_load,none,"A1: Servo ON, shaft stationary",servo-app/lab-0.1
1781157032.8694668,1.6068906784057617,A1_HOLDING_SERVO_ON,A1_HOLDING_SERVO_ON_R01_20260611_125030,delta-asda-b3-e,1616,VE|SOD|TR,1,0,-7061,0,-1,-0.00427,0,0.0,300,47,4270,2391,6000,,0,,,,holding,normal,0,no_load,none,"A1: Servo ON, shaft stationary",servo-app/lab-0.1
1781157032.969522,1.7069458961486816,A1_HOLDING_SERVO_ON,A1_HOLDING_SERVO_ON_R01_20260611_125030,delta-asda-b3-e,1616,VE|SOD|TR,1,0,-7057,0,0,0.0,-1,-0.002391,299,47,4270,2391,6000,,0,,,,holding,normal,0,no_load,none,"A1: Servo ON, shaft stationary",servo-app/lab-0.1
1781157033.0696042,1.80702805519104,A1_HOLDING_SERVO_ON,A1_HOLDING_SERVO_ON_R01_20260611_125030,delta-asda-b3-e,1616,VE|SOD|TR,1,0,-7061,0,-1,-0.00427,-1,-0.002391,300,47,4270,2391,6000,,0,,,,holding,normal,0,no_load,none,"A1: Servo ON, shaft stationary",servo-app/lab-0.1
1781157033.1703227,1.9077465534210205,A1_HOLDING_SERVO_ON,A1_HOLDING_SERVO_ON_R01_20260611_125030,delta-asda-b3-e,1616,VE|SOD|TR,1,0,-7061,0,-1,-0.00427,0,0.0,300,47,4270,2391,6000,,0,,,,holding,normal,0,no_load,none,"A1: Servo ON, shaft stationary",servo-app/lab-0.1
1781157033.2707555,2.0081794261932373,A1_HOLDING_SERVO_ON,A1_HOLDING_SERVO_ON_R01_20260611_125030,delta-asda-b3-e,1616,VE|SOD|TR,1,0,-7061,0,-1,-0.00427,0,0.0,300,47,4270,2391,6000,,0,,,,holding,normal,0,no_load,none,"A1: Servo ON, shaft stationary",servo-app/lab-0.1
1781157033.3709555,2.108379364013672,A1_HOLDING_SERVO_ON,A1_HOLDING_SERVO_ON_R01_20260611_125030,delta-asda-b3-e,1616,VE|SOD|TR,1,0,-7075,0,-1,-0.00427,0,0.0,300,47,4270,2391,6000,,0,,,,holding,normal,0,no_load,none,"A1: Servo ON, shaft stationary",servo-app/lab-0.1
1781157033.4710803,2.2085041999816895,A1_HOLDING_SERVO_ON,A1_HOLDING_SERVO_ON_R01_20260611_125030,delta-asda-b3-e,1616,VE|SOD|TR,1,0,-7067,0,-1,-0.00427,-1,-0.002391,300,47,4270,2391,6000,,0,,,,holding,normal,0,no_load,none,"A1: Servo ON, shaft stationary",servo-app/lab-0.1
1781157033.5713964,2.3088202476501465,A1_HOLDING_SERVO_ON,A1_HOLDING_SERVO_ON_R01_20260611_125030,delta-asda-b3-e,1616,VE|SOD|TR,1,0,-7061,0,-1,-0.00427,0,0.0,300,47,4270,2391,6000,,0,,,,holding,normal,0,no_load,none,"A1: Servo ON, shaft stationary",servo-app/lab-0.1
1781157033.671448,2.40887188911438,A1_HOLDING_SERVO_ON,A1_HOLDING_SERVO_ON_R01_20260611_125030,delta-asda-b3-e,1616,VE|SOD|TR,1,0,-7061,0,0,0.0,-1,-0.002391,299,47,4270,2391,6000,,0,,,,holding,normal,0,no_load,none,"A1: Servo ON, shaft stationary",servo-app/lab-0.1
1781157033.7718282,2.5092520713806152,A1_HOLDING_SERVO_ON,A1_HOLDING_SERVO_ON_R01_20260611_125030,delta-asda-b3-e,1616,VE|SOD|TR,1,0,-7061,0,-1,-0.00427,-1,-0.002391,300,47,4270,2391,6000,,0,,,,holding,normal,0,no_load,none,"A1: Servo ON, shaft stationary",servo-app/lab-0.1
1781157033.8718817,2.6093056201934814,A1_HOLDING_SERVO_ON,A1_HOLDING_SERVO_ON_R01_20260611_125030,delta-asda-b3-e,1616,VE|SOD|TR,1,0,-7057,0,-1,-0.00427,-1,-0.002391,300,47,4270,2391,6000,,0,,,,holding,normal,0,no_load,none,"A1: Servo ON, shaft stationary",servo-app/lab-0.1
1781157033.9722729,2.7096967697143555,A1_HOLDING_SERVO_ON,A1_HOLDING_SERVO_ON_R01_20260611_125030,delta-asda-b3-e,1616,VE|SOD|TR,1,0,-7061,0,0,0.0,0,0.0,300,47,4270,2391,6000,,0,,,,holding,normal,0,no_load,none,"A1: Servo ON, shaft stationary",servo-app/lab-0.1
1781157034.072817,2.8102409839630127,A1_HOLDING_SERVO_ON,A1_HOLDING_SERVO_ON_R01_20260611_125030,delta-asda-b3-e,1616,VE|SOD|TR,1,0,-7061,0,0,0.0,-1,-0.002391,300,47,4270,2391,6000,,0,,,,holding,normal,0,no_load,none,"A1: Servo ON, shaft stationary",servo-app/lab-0.1
1781157034.1733062,2.9107301235198975,A1_HOLDING_SERVO_ON,A1_HOLDING_SERVO_ON_R01_20260611_125030,delta-asda-b3-e,1616,VE|SOD|TR,1,0,-7061,0,-1,-0.00427,0,0.0,300,47,4270,2391,6000,,0,,,,holding,normal,0,no_load,none,"A1: Servo ON, shaft stationary",servo-app/lab-0.1
1781157034.2735286,3.0109524726867676,A1_HOLDING_SERVO_ON,A1_HOLDING_SERVO_ON_R01_20260611_125030,delta-asda-b3-e,1616,VE|SOD|TR,1,0,-7071,0,-1,-0.00427,-1,-0.002391,300,47,4270,2391,6000,,0,,,,holding,normal,0,no_load,none,"A1: Servo ON, shaft stationary",servo-app/lab-0.1
1781157034.3737957,3.111219644546509,A1_HOLDING_SERVO_ON,A1_HOLDING_SERVO_ON_R01_20260611_125030,delta-asda-b3-e,1616,VE|SOD|TR,1,0,-7061,0,-1,-0.00427,-1,-0.002391,300,47,4270,2391,6000,,0,,,,holding,normal,0,no_load,none,"A1: Servo ON, shaft stationary",servo-app/lab-0.1
1781157034.4740696,3.211493492126465,A1_HOLDING_SERVO_ON,A1_HOLDING_SERVO_ON_R01_20260611_125030,delta-asda-b3-e,1616,VE|SOD|TR,1,0,-7061,0,0,0.0,-1,-0.002391,300,47,4270,2391,6000,,0,,,,holding,normal,0,no_load,none,"A1: Servo ON, shaft stationary",servo-app/lab-0.1
1781157034.574279,3.3117029666900635,A1_HOLDING_SERVO_ON,A1_HOLDING_SERVO_ON_R01_20260611_125030,delta-asda-b3-e,1616,VE|SOD|TR,1,0,-7061,0,-1,-0.00427,0,0.0,299,47,4270,2391,6000,,0,,,,holding,normal,0,no_load,none,"A1: Servo ON, shaft stationary",servo-app/lab-0.1
1781157034.6744645,3.411888360977173,A1_HOLDING_SERVO_ON,A1_HOLDING_SERVO_ON_R01_20260611_125030,delta-asda-b3-e,1616,VE|SOD|TR,1,0,-7061,0,-1,-0.00427,0,0.0,300,47,4270,2391,6000,,0,,,,holding,normal,0,no_load,none,"A1: Servo ON, shaft stationary",servo-app/lab-0.1
1781157034.7745292,3.511953115463257,A1_HOLDING_SERVO_ON,A1_HOLDING_SERVO_ON_R01_20260611_125030,delta-asda-b3-e,1616,VE|SOD|TR,1,0,-7065,0,-1,-0.00427,-1,-0.002391,299,47,4270,2391,6000,,0,,,,holding,normal,0,no_load,none,"A1: Servo ON, shaft stationary",servo-app/lab-0.1
1781157034.87479,3.6122138500213623,A1_HOLDING_SERVO_ON,A1_HOLDING_SERVO_ON_R01_20260611_125030,delta-asda-b3-e,1616,VE|SOD|TR,1,0,-7071,0,-1,-0.00427,-1,-0.002391,299,47,4270,2391,6000,,0,,,,holding,normal,0,no_load,none,"A1: Servo ON, shaft stationary",servo-app/lab-0.1
1781157034.975543,3.7129669189453125,A1_HOLDING_SERVO_ON,A1_HOLDING_SERVO_ON_R01_20260611_125030,delta-asda-b3-e,1616,VE|SOD|TR,1,0,-7057,0,-1,-0.00427,0,0.0,299,47,4270,2391,6000,,0,,,,holding,normal,0,no_load,none,"A1: Servo ON, shaft stationary",servo-app/lab-0.1
1781157035.0762584,3.8136823177337646,A1_HOLDING_SERVO_ON,A1_HOLDING_SERVO_ON_R01_20260611_125030,delta-asda-b3-e,1616,VE|SOD|TR,1,0,-7061,0,-1,-0.00427,0,0.0,299,47,4270,2391,6000,,0,,,,holding,normal,0,no_load,none,"A1: Servo ON, shaft stationary",servo-app/lab-0.1
1781157035.176811,3.9142348766326904,A1_HOLDING_SERVO_ON,A1_HOLDING_SERVO_ON_R01_20260611_125030,delta-asda-b3-e,1616,VE|SOD|TR,1,0,-7061,0,0,0.0,0,0.0,300,47,4270,2391,6000,,0,,,,holding,normal,0,no_load,none,"A1: Servo ON, shaft stationary",servo-app/lab-0.1
1781157035.2771,4.014523983001709,A1_HOLDING_SERVO_ON,A1_HOLDING_SERVO_ON_R01_20260611_125030,delta-asda-b3-e,1616,VE|SOD|TR,1,0,-7071,0,-1,-0.00427,-1,-0.002391,299,47,4270,2391,6000,,0,,,,holding,normal,0,no_load,none,"A1: Servo ON, shaft stationary",servo-app/lab-0.1
1781157035.3771849,4.1146087646484375,A1_HOLDING_SERVO_ON,A1_HOLDING_SERVO_ON_R01_20260611_125030,delta-asda-b3-e,1616,VE|SOD|TR,1,0,-7061,0,-1,-0.00427,-1,-0.002391,299,47,4270,2391,6000,,0,,,,holding,normal,0,no_load,none,"A1: Servo ON, shaft stationary",servo-app/lab-0.1
1781157035.4774601,4.214884042739868,A1_HOLDING_SERVO_ON,A1_HOLDING_SERVO_ON_R01_20260611_125030,delta-asda-b3-e,1616,VE|SOD|TR,1,0,-7065,0,-1,-0.00427,0,0.0,299,47,4270,2391,6000,,0,,,,holding,normal,0,no_load,none,"A1: Servo ON, shaft stationary",servo-app/lab-0.1
1781157035.5778487,4.315272569656372,A1_HOLDING_SERVO_ON,A1_HOLDING_SERVO_ON_R01_20260611_125030,delta-asda-b3-e,1616,VE|SOD|TR,1,0,-7071,0,-1,-0.00427,0,0.0,299,47,4270,2391,6000,,0,,,,holding,normal,0,no_load,none,"A1: Servo ON, shaft stationary",servo-app/lab-0.1
1781157035.6783986,4.415822505950928,A1_HOLDING_SERVO_ON,A1_HOLDING_SERVO_ON_R01_20260611_125030,delta-asda-b3-e,1616,VE|SOD|TR,1,0,-7061,0,-1,-0.00427,0,0.0,299,47,4270,2391,6000,,0,,,,holding,normal,0,no_load,none,"A1: Servo ON, shaft stationary",servo-app/lab-0.1
1781157035.7789037,4.516327619552612,A1_HOLDING_SERVO_ON,A1_HOLDING_SERVO_ON_R01_20260611_125030,delta-asda-b3-e,1616,VE|SOD|TR,1,0,-7061,0,-1,-0.00427,-1,-0.002391,299,47,4270,2391,6000,,0,,,,holding,normal,0,no_load,none,"A1: Servo ON, shaft stationary",servo-app/lab-0.1
1781157035.8790445,4.61646842956543,A1_HOLDING_SERVO_ON,A1_HOLDING_SERVO_ON_R01_20260611_125030,delta-asda-b3-e,1616,VE|SOD|TR,1,0,-7061,0,0,0.0,0,0.0,299,47,4270,2391,6000,,0,,,,holding,normal,0,no_load,none,"A1: Servo ON, shaft stationary",servo-app/lab-0.1
1781157035.9796796,4.717103481292725,A1_HOLDING_SERVO_ON,A1_HOLDING_SERVO_ON_R01_20260611_125030,delta-asda-b3-e,1616,VE|SOD|TR,1,0,-7061,0,-1,-0.00427,-1,-0.002391,299,47,4270,2391,6000,,0,,,,holding,normal,0,no_load,none,"A1: Servo ON, shaft stationary",servo-app/lab-0.1
1781157036.079987,4.817410945892334,A1_HOLDING_SERVO_ON,A1_HOLDING_SERVO_ON_R01_20260611_125030,delta-asda-b3-e,1616,VE|SOD|TR,1,0,-7061,0,0,0.0,0,0.0,299,47,4270,2391,6000,,0,,,,holding,normal,0,no_load,none,"A1: Servo ON, shaft stationary",servo-app/lab-0.1
1781157036.1803706,4.917794466018677,A1_HOLDING_SERVO_ON,A1_HOLDING_SERVO_ON_R01_20260611_125030,delta-asda-b3-e,1616,VE|SOD|TR,1,0,-7071,0,0,0.0,-1,-0.002391,299,47,4270,2391,6000,,0,,,,holding,normal,0,no_load,none,"A1: Servo ON, shaft stationary",servo-app/lab-0.1
1781157036.2807465,5.018170356750488,A1_HOLDING_SERVO_ON,A1_HOLDING_SERVO_ON_R01_20260611_125030,delta-asda-b3-e,1616,VE|SOD|TR,1,0,-7071,0,-1,-0.00427,0,0.0,299,47,4270,2391,6000,,0,,,,holding,normal,0,no_load,none,"A1: Servo ON, shaft stationary",servo-app/lab-0.1
1781157036.3810225,5.118446350097656,A1_HOLDING_SERVO_ON,A1_HOLDING_SERVO_ON_R01_20260611_125030,delta-asda-b3-e,1616,VE|SOD|TR,1,0,-7071,0,-1,-0.00427,0,0.0,299,47,4270,2391,6000,,0,,,,holding,normal,0,no_load,none,"A1: Servo ON, shaft stationary",servo-app/lab-0.1
1781157036.4813561,5.218780040740967,A1_HOLDING_SERVO_ON,A1_HOLDING_SERVO_ON_R01_20260611_125030,delta-asda-b3-e,1616,VE|SOD|TR,1,0,-7061,0,-1,-0.00427,0,0.0,299,47,4270,2391,6000,,0,,,,holding,normal,0,no_load,none,"A1: Servo ON, shaft stationary",servo-app/lab-0.1
1781157036.5815537,5.31897759437561,A1_HOLDING_SERVO_ON,A1_HOLDING_SERVO_ON_R01_20260611_125030,delta-asda-b3-e,1616,VE|SOD|TR,1,0,-7057,0,0,0.0,-1,-0.002391,299,47,4270,2391,6000,,0,,,,holding,normal,0,no_load,none,"A1: Servo ON, shaft stationary",servo-app/lab-0.1
1781157036.682047,5.41947078704834,A1_HOLDING_SERVO_ON,A1_HOLDING_SERVO_ON_R01_20260611_125030,delta-asda-b3-e,1616,VE|SOD|TR,1,0,-7061,0,-1,-0.00427,-1,-0.002391,299,47,4270,2391,6000,,0,,,,holding,normal,0,no_load,none,"A1: Servo ON, shaft stationary",servo-app/lab-0.1
1781157036.7823973,5.5198211669921875,A1_HOLDING_SERVO_ON,A1_HOLDING_SERVO_ON_R01_20260611_125030,delta-asda-b3-e,1616,VE|SOD|TR,1,0,-7065,0,-1,-0.00427,-1,-0.002391,299,47,4270,2391,6000,,0,,,,holding,normal,0,no_load,none,"A1: Servo ON, shaft stationary",servo-app/lab-0.1
1781157036.882766,5.620189905166626,A1_HOLDING_SERVO_ON,A1_HOLDING_SERVO_ON_R01_20260611_125030,delta-asda-b3-e,1616,VE|SOD|TR,1,0,-7071,0,-1,-0.00427,-1,-0.002391,299,47,4270,2391,6000,,0,,,,holding,normal,0,no_load,none,"A1: Servo ON, shaft stationary",servo-app/lab-0.1
1781157036.9833183,5.720742225646973,A1_HOLDING_SERVO_ON,A1_HOLDING_SERVO_ON_R01_20260611_125030,delta-asda-b3-e,1616,VE|SOD|TR,1,0,-7075,0,-1,-0.00427,-1,-0.002391,299,47,4270,2391,6000,,0,,,,holding,normal,0,no_load,none,"A1: Servo ON, shaft stationary",servo-app/lab-0.1
1781157037.0838323,5.821256160736084,A1_HOLDING_SERVO_ON,A1_HOLDING_SERVO_ON_R01_20260611_125030,delta-asda-b3-e,1616,VE|SOD|TR,1,0,-7061,0,-1,-0.00427,0,0.0,299,47,4270,2391,6000,,0,,,,holding,normal,0,no_load,none,"A1: Servo ON, shaft stationary",servo-app/lab-0.1
1781157037.1843581,5.92178201675415,A1_HOLDING_SERVO_ON,A1_HOLDING_SERVO_ON_R01_20260611_125030,delta-asda-b3-e,1616,VE|SOD|TR,1,0,-7081,0,0,0.0,0,0.0,299,47,4270,2391,6000,,0,,,,holding,normal,0,no_load,none,"A1: Servo ON, shaft stationary",servo-app/lab-0.1
1781157037.2844899,6.021913766860962,A1_HOLDING_SERVO_ON,A1_HOLDING_SERVO_ON_R01_20260611_125030,delta-asda-b3-e,1616,VE|SOD|TR,1,0,-7061,0,0,0.0,0,0.0,299,47,4270,2391,6000,,0,,,,holding,normal,0,no_load,none,"A1: Servo ON, shaft stationary",servo-app/lab-0.1
1781157037.384921,6.122344970703125,A1_HOLDING_SERVO_ON,A1_HOLDING_SERVO_ON_R01_20260611_125030,delta-asda-b3-e,1616,VE|SOD|TR,1,0,-7061,0,-1,-0.00427,-1,-0.002391,299,47,4270,2391,6000,,0,,,,holding,normal,0,no_load,none,"A1: Servo ON, shaft stationary",servo-app/lab-0.1
1781157037.4852664,6.2226903438568115,A1_HOLDING_SERVO_ON,A1_HOLDING_SERVO_ON_R01_20260611_125030,delta-asda-b3-e,1616,VE|SOD|TR,1,0,-7061,0,-1,-0.00427,0,0.0,299,47,4270,2391,6000,,0,,,,holding,normal,0,no_load,none,"A1: Servo ON, shaft stationary",servo-app/lab-0.1
1781157037.5857852,6.323209047317505,A1_HOLDING_SERVO_ON,A1_HOLDING_SERVO_ON_R01_20260611_125030,delta-asda-b3-e,1616,VE|SOD|TR,1,0,-7067,0,0,0.0,-1,-0.002391,299,47,4270,2391,6000,,0,,,,holding,normal,0,no_load,none,"A1: Servo ON, shaft stationary",servo-app/lab-0.1
1781157037.6859646,6.423388481140137,A1_HOLDING_SERVO_ON,A1_HOLDING_SERVO_ON_R01_20260611_125030,delta-asda-b3-e,1616,VE|SOD|TR,1,0,-7061,0,-1,-0.00427,0,0.0,299,47,4270,2391,6000,,0,,,,holding,normal,0,no_load,none,"A1: Servo ON, shaft stationary",servo-app/lab-0.1
1781157037.7862558,6.523679733276367,A1_HOLDING_SERVO_ON,A1_HOLDING_SERVO_ON_R01_20260611_125030,delta-asda-b3-e,1616,VE|SOD|TR,1,0,-7065,0,0,0.0,0,0.0,299,47,4270,2391,6000,,0,,,,holding,normal,0,no_load,none,"A1: Servo ON, shaft stationary",servo-app/lab-0.1
1781157037.8867602,6.6241841316223145,A1_HOLDING_SERVO_ON,A1_HOLDING_SERVO_ON_R01_20260611_125030,delta-asda-b3-e,1616,VE|SOD|TR,1,0,-7061,0,0,0.0,0,0.0,299,47,4270,2391,6000,,0,,,,holding,normal,0,no_load,none,"A1: Servo ON, shaft stationary",servo-app/lab-0.1
1781157037.9871194,6.724543333053589,A1_HOLDING_SERVO_ON,A1_HOLDING_SERVO_ON_R01_20260611_125030,delta-asda-b3-e,1616,VE|SOD|TR,1,0,-7067,0,-1,-0.00427,-1,-0.002391,299,47,4270,2391,6000,,0,,,,holding,normal,0,no_load,none,"A1: Servo ON, shaft stationary",servo-app/lab-0.1
1781157038.0873036,6.824727535247803,A1_HOLDING_SERVO_ON,A1_HOLDING_SERVO_ON_R01_20260611_125030,delta-asda-b3-e,1616,VE|SOD|TR,1,0,-7057,0,-1,-0.00427,-1,-0.002391,299,47,4270,2391,6000,,0,,,,holding,normal,0,no_load,none,"A1: Servo ON, shaft stationary",servo-app/lab-0.1
1781157038.1876867,6.925110578536987,A1_HOLDING_SERVO_ON,A1_HOLDING_SERVO_ON_R01_20260611_125030,delta-asda-b3-e,1616,VE|SOD|TR,1,0,-7061,0,0,0.0,0,0.0,299,47,4270,2391,6000,,0,,,,holding,normal,0,no_load,none,"A1: Servo ON, shaft stationary",servo-app/lab-0.1
1781157038.2881021,7.02552604675293,A1_HOLDING_SERVO_ON,A1_HOLDING_SERVO_ON_R01_20260611_125030,delta-asda-b3-e,1616,VE|SOD|TR,1,0,-7061,0,-1,-0.00427,0,0.0,299,47,4270,2391,6000,,0,,,,holding,normal,0,no_load,none,"A1: Servo ON, shaft stationary",servo-app/lab-0.1
1781157038.3883364,7.125760316848755,A1_HOLDING_SERVO_ON,A1_HOLDING_SERVO_ON_R01_20260611_125030,delta-asda-b3-e,1616,VE|SOD|TR,1,0,-7071,0,-1,-0.00427,0,0.0,299,47,4270,2391,6000,,0,,,,holding,normal,0,no_load,none,"A1: Servo ON, shaft stationary",servo-app/lab-0.1
1781157038.4885926,7.226016521453857,A1_HOLDING_SERVO_ON,A1_HOLDING_SERVO_ON_R01_20260611_125030,delta-asda-b3-e,1616,VE|SOD|TR,1,0,-7061,0,0,0.0,-1,-0.002391,299,47,4270,2391,6000,,0,,,,holding,normal,0,no_load,none,"A1: Servo ON, shaft stationary",servo-app/lab-0.1
1781157038.588849,7.326272964477539,A1_HOLDING_SERVO_ON,A1_HOLDING_SERVO_ON_R01_20260611_125030,delta-asda-b3-e,1616,VE|SOD|TR,1,0,-7061,0,0,0.0,0,0.0,300,47,4270,2391,6000,,0,,,,holding,normal,0,no_load,none,"A1: Servo ON, shaft stationary",servo-app/lab-0.1
1781157038.6893487,7.426772594451904,A1_HOLDING_SERVO_ON,A1_HOLDING_SERVO_ON_R01_20260611_125030,delta-asda-b3-e,1616,VE|SOD|TR,1,0,-7061,0,-1,-0.00427,-1,-0.002391,299,47,4270,2391,6000,,0,,,,holding,normal,0,no_load,none,"A1: Servo ON, shaft stationary",servo-app/lab-0.1
1781157038.7896214,7.527045249938965,A1_HOLDING_SERVO_ON,A1_HOLDING_SERVO_ON_R01_20260611_125030,delta-asda-b3-e,1616,VE|SOD|TR,1,0,-7061,0,-1,-0.00427,0,0.0,299,47,4270,2391,6000,,0,,,,holding,normal,0,no_load,none,"A1: Servo ON, shaft stationary",servo-app/lab-0.1
1781157038.889874,7.627297878265381,A1_HOLDING_SERVO_ON,A1_HOLDING_SERVO_ON_R01_20260611_125030,delta-asda-b3-e,1616,VE|SOD|TR,1,0,-7061,0,0,0.0,-1,-0.002391,299,47,4270,2391,6000,,0,,,,holding,normal,0,no_load,none,"A1: Servo ON, shaft stationary",servo-app/lab-0.1
1781157038.9899774,7.727401256561279,A1_HOLDING_SERVO_ON,A1_HOLDING_SERVO_ON_R01_20260611_125030,delta-asda-b3-e,1616,VE|SOD|TR,1,0,-7061,0,-1,-0.00427,-1,-0.002391,299,47,4270,2391,6000,,0,,,,holding,normal,0,no_load,none,"A1: Servo ON, shaft stationary",servo-app/lab-0.1
1781157039.0902286,7.827652454376221,A1_HOLDING_SERVO_ON,A1_HOLDING_SERVO_ON_R01_20260611_125030,delta-asda-b3-e,1616,VE|SOD|TR,1,0,-7061,0,-1,-0.00427,0,0.0,299,47,4270,2391,6000,,0,,,,holding,normal,0,no_load,none,"A1: Servo ON, shaft stationary",servo-app/lab-0.1
1781157039.191069,7.928492784500122,A1_HOLDING_SERVO_ON,A1_HOLDING_SERVO_ON_R01_20260611_125030,delta-asda-b3-e,1616,VE|SOD|TR,1,0,-7067,0,-1,-0.00427,-1,-0.002391,300,47,4270,2391,6000,,0,,,,holding,normal,0,no_load,none,"A1: Servo ON, shaft stationary",servo-app/lab-0.1
1781157039.2915561,8.028980016708374,A1_HOLDING_SERVO_ON,A1_HOLDING_SERVO_ON_R01_20260611_125030,delta-asda-b3-e,1616,VE|SOD|TR,1,0,-7061,0,0,0.0,0,0.0,299,47,4270,2391,6000,,0,,,,holding,normal,0,no_load,none,"A1: Servo ON, shaft stationary",servo-app/lab-0.1
1781157039.3920906,8.129514455795288,A1_HOLDING_SERVO_ON,A1_HOLDING_SERVO_ON_R01_20260611_125030,delta-asda-b3-e,1616,VE|SOD|TR,1,0,-7061,0,-1,-0.00427,0,0.0,300,47,4270,2391,6000,,0,,,,holding,normal,0,no_load,none,"A1: Servo ON, shaft stationary",servo-app/lab-0.1
1781157039.4926102,8.230034112930298,A1_HOLDING_SERVO_ON,A1_HOLDING_SERVO_ON_R01_20260611_125030,delta-asda-b3-e,1616,VE|SOD|TR,1,0,-7071,0,-1,-0.00427,0,0.0,299,47,4270,2391,6000,,0,,,,holding,normal,0,no_load,none,"A1: Servo ON, shaft stationary",servo-app/lab-0.1
1781157039.5927353,8.330159187316895,A1_HOLDING_SERVO_ON,A1_HOLDING_SERVO_ON_R01_20260611_125030,delta-asda-b3-e,1616,VE|SOD|TR,1,0,-7061,0,0,0.0,-1,-0.002391,299,47,4270,2391,6000,,0,,,,holding,normal,0,no_load,none,"A1: Servo ON, shaft stationary",servo-app/lab-0.1
1781157039.6933947,8.430818557739258,A1_HOLDING_SERVO_ON,A1_HOLDING_SERVO_ON_R01_20260611_125030,delta-asda-b3-e,1616,VE|SOD|TR,1,0,-7061,0,0,0.0,-1,-0.002391,300,47,4270,2391,6000,,0,,,,holding,normal,0,no_load,none,"A1: Servo ON, shaft stationary",servo-app/lab-0.1
1781157039.7935627,8.530986547470093,A1_HOLDING_SERVO_ON,A1_HOLDING_SERVO_ON_R01_20260611_125030,delta-asda-b3-e,1616,VE|SOD|TR,1,0,-7061,0,-1,-0.00427,0,0.0,299,47,4270,2391,6000,,0,,,,holding,normal,0,no_load,none,"A1: Servo ON, shaft stationary",servo-app/lab-0.1
1781157039.894119,8.631542921066284,A1_HOLDING_SERVO_ON,A1_HOLDING_SERVO_ON_R01_20260611_125030,delta-asda-b3-e,1616,VE|SOD|TR,1,0,-7061,0,0,0.0,-1,-0.002391,299,47,4270,2391,6000,,0,,,,holding,normal,0,no_load,none,"A1: Servo ON, shaft stationary",servo-app/lab-0.1
1781157039.9942212,8.731645107269287,A1_HOLDING_SERVO_ON,A1_HOLDING_SERVO_ON_R01_20260611_125030,delta-asda-b3-e,1616,VE|SOD|TR,1,0,-7067,0,-1,-0.00427,0,0.0,300,47,4270,2391,6000,,0,,,,holding,normal,0,no_load,none,"A1: Servo ON, shaft stationary",servo-app/lab-0.1
1781157040.0951204,8.832544326782227,A1_HOLDING_SERVO_ON,A1_HOLDING_SERVO_ON_R01_20260611_125030,delta-asda-b3-e,1616,VE|SOD|TR,1,0,-7061,0,-1,-0.00427,-1,-0.002391,300,47,4270,2391,6000,,0,,,,holding,normal,0,no_load,none,"A1: Servo ON, shaft stationary",servo-app/lab-0.1
1781157040.1964166,8.93384051322937,A1_HOLDING_SERVO_ON,A1_HOLDING_SERVO_ON_R01_20260611_125030,delta-asda-b3-e,1616,VE|SOD|TR,1,0,-7071,0,0,0.0,-1,-0.002391,300,47,4270,2391,6000,,0,,,,holding,normal,0,no_load,none,"A1: Servo ON, shaft stationary",servo-app/lab-0.1
1781157040.296541,9.03396487236023,A1_HOLDING_SERVO_ON,A1_HOLDING_SERVO_ON_R01_20260611_125030,delta-asda-b3-e,1616,VE|SOD|TR,1,0,-7061,0,0,0.0,0,0.0,300,47,4270,2391,6000,,0,,,,holding,normal,0,no_load,none,"A1: Servo ON, shaft stationary",servo-app/lab-0.1
1781157040.3970945,9.134518384933472,A1_HOLDING_SERVO_ON,A1_HOLDING_SERVO_ON_R01_20260611_125030,delta-asda-b3-e,1616,VE|SOD|TR,1,0,-7065,0,-1,-0.00427,-1,-0.002391,299,47,4270,2391,6000,,0,,,,holding,normal,0,no_load,none,"A1: Servo ON, shaft stationary",servo-app/lab-0.1
1781157040.4971404,9.234564304351807,A1_HOLDING_SERVO_ON,A1_HOLDING_SERVO_ON_R01_20260611_125030,delta-asda-b3-e,1616,VE|SOD|TR,1,0,-7075,0,-1,-0.00427,-1,-0.002391,300,47,4270,2391,6000,,0,,,,holding,normal,0,no_load,none,"A1: Servo ON, shaft stationary",servo-app/lab-0.1
1781157040.5976472,9.335071086883545,A1_HOLDING_SERVO_ON,A1_HOLDING_SERVO_ON_R01_20260611_125030,delta-asda-b3-e,1616,VE|SOD|TR,1,0,-7061,0,0,0.0,0,0.0,299,47,4270,2391,6000,,0,,,,holding,normal,0,no_load,none,"A1: Servo ON, shaft stationary",servo-app/lab-0.1
1781157040.6980057,9.435429573059082,A1_HOLDING_SERVO_ON,A1_HOLDING_SERVO_ON_R01_20260611_125030,delta-asda-b3-e,1616,VE|SOD|TR,1,0,-7061,0,-1,-0.00427,-1,-0.002391,300,47,4270,2391,6000,,0,,,,holding,normal,0,no_load,none,"A1: Servo ON, shaft stationary",servo-app/lab-0.1
1781157040.798781,9.536204814910889,A1_HOLDING_SERVO_ON,A1_HOLDING_SERVO_ON_R01_20260611_125030,delta-asda-b3-e,1616,VE|SOD|TR,1,0,-7061,0,0,0.0,0,0.0,299,47,4270,2391,6000,,0,,,,holding,normal,0,no_load,none,"A1: Servo ON, shaft stationary",servo-app/lab-0.1
1781157040.8991115,9.636535406112671,A1_HOLDING_SERVO_ON,A1_HOLDING_SERVO_ON_R01_20260611_125030,delta-asda-b3-e,1616,VE|SOD|TR,1,0,-7067,0,-1,-0.00427,0,0.0,300,47,4270,2391,6000,,0,,,,holding,normal,0,no_load,none,"A1: Servo ON, shaft stationary",servo-app/lab-0.1
1781157040.9994445,9.736868381500244,A1_HOLDING_SERVO_ON,A1_HOLDING_SERVO_ON_R01_20260611_125030,delta-asda-b3-e,1616,VE|SOD|TR,1,0,-7075,0,-1,-0.00427,0,0.0,300,47,4270,2391,6000,,0,,,,holding,normal,0,no_load,none,"A1: Servo ON, shaft stationary",servo-app/lab-0.1
1781157041.0997832,9.837207078933716,A1_HOLDING_SERVO_ON,A1_HOLDING_SERVO_ON_R01_20260611_125030,delta-asda-b3-e,1616,VE|SOD|TR,1,0,-7071,0,0,0.0,0,0.0,300,47,4270,2391,6000,,0,,,,holding,normal,0,no_load,none,"A1: Servo ON, shaft stationary",servo-app/lab-0.1
1781157041.2009664,9.938390254974365,A1_HOLDING_SERVO_ON,A1_HOLDING_SERVO_ON_R01_20260611_125030,delta-asda-b3-e,1616,VE|SOD|TR,1,0,-7061,0,-1,-0.00427,-1,-0.002391,300,47,4270,2391,6000,,0,,,,holding,normal,0,no_load,none,"A1: Servo ON, shaft stationary",servo-app/lab-0.1
1781157041.301395,10.038818836212158,A1_HOLDING_SERVO_ON,A1_HOLDING_SERVO_ON_R01_20260611_125030,delta-asda-b3-e,1616,VE|SOD|TR,1,0,-7071,0,0,0.0,0,0.0,300,47,4270,2391,6000,,0,,,,holding,normal,0,no_load,none,"A1: Servo ON, shaft stationary",servo-app/lab-0.1
1781157041.4019477,10.139371633529663,A1_HOLDING_SERVO_ON,A1_HOLDING_SERVO_ON_R01_20260611_125030,delta-asda-b3-e,1616,VE|SOD|TR,1,0,-7067,0,0,0.0,0,0.0,300,47,4270,2391,6000,,0,,,,holding,normal,0,no_load,none,"A1: Servo ON, shaft stationary",servo-app/lab-0.1
1781157041.5020304,10.23945426940918,A1_HOLDING_SERVO_ON,A1_HOLDING_SERVO_ON_R01_20260611_125030,delta-asda-b3-e,1616,VE|SOD|TR,1,0,-7061,0,0,0.0,-1,-0.002391,300,47,4270,2391,6000,,0,,,,holding,normal,0,no_load,none,"A1: Servo ON, shaft stationary",servo-app/lab-0.1
1781157041.60244,10.339864015579224,A1_HOLDING_SERVO_ON,A1_HOLDING_SERVO_ON_R01_20260611_125030,delta-asda-b3-e,1616,VE|SOD|TR,1,0,-7061,0,-1,-0.00427,0,0.0,299,47,4270,2391,6000,,0,,,,holding,normal,0,no_load,none,"A1: Servo ON, shaft stationary",servo-app/lab-0.1
1781157041.7026098,10.440033674240112,A1_HOLDING_SERVO_ON,A1_HOLDING_SERVO_ON_R01_20260611_125030,delta-asda-b3-e,1616,VE|SOD|TR,1,0,-7061,0,0,0.0,0,0.0,300,47,4270,2391,6000,,0,,,,holding,normal,0,no_load,none,"A1: Servo ON, shaft stationary",servo-app/lab-0.1
1781157041.8029108,10.540334701538086,A1_HOLDING_SERVO_ON,A1_HOLDING_SERVO_ON_R01_20260611_125030,delta-asda-b3-e,1616,VE|SOD|TR,1,0,-7071,0,0,0.0,-1,-0.002391,300,47,4270,2391,6000,,0,,,,holding,normal,0,no_load,none,"A1: Servo ON, shaft stationary",servo-app/lab-0.1
1781157041.9032466,10.640670537948608,A1_HOLDING_SERVO_ON,A1_HOLDING_SERVO_ON_R01_20260611_125030,delta-asda-b3-e,1616,VE|SOD|TR,1,0,-7061,0,0,0.0,0,0.0,300,47,4270,2391,6000,,0,,,,holding,normal,0,no_load,none,"A1: Servo ON, shaft stationary",servo-app/lab-0.1
1781157042.003693,10.741117000579834,A1_HOLDING_SERVO_ON,A1_HOLDING_SERVO_ON_R01_20260611_125030,delta-asda-b3-e,1616,VE|SOD|TR,1,0,-7061,0,0,0.0,-1,-0.002391,299,47,4270,2391,6000,,0,,,,holding,normal,0,no_load,none,"A1: Servo ON, shaft stationary",servo-app/lab-0.1
1781157042.104193,10.841616868972778,A1_HOLDING_SERVO_ON,A1_HOLDING_SERVO_ON_R01_20260611_125030,delta-asda-b3-e,1616,VE|SOD|TR,1,0,-7061,0,-1,-0.00427,-1,-0.002391,300,47,4270,2391,6000,,0,,,,holding,normal,0,no_load,none,"A1: Servo ON, shaft stationary",servo-app/lab-0.1
1781157042.204296,10.941720008850098,A1_HOLDING_SERVO_ON,A1_HOLDING_SERVO_ON_R01_20260611_125030,delta-asda-b3-e,1616,VE|SOD|TR,1,0,-7061,0,-1,-0.00427,0,0.0,300,47,4270,2391,6000,,0,,,,holding,normal,0,no_load,none,"A1: Servo ON, shaft stationary",servo-app/lab-0.1
1781157042.3048341,11.042258024215698,A1_HOLDING_SERVO_ON,A1_HOLDING_SERVO_ON_R01_20260611_125030,delta-asda-b3-e,1616,VE|SOD|TR,1,0,-7071,0,0,0.0,-1,-0.002391,300,47,4270,2391,6000,,0,,,,holding,normal,0,no_load,none,"A1: Servo ON, shaft stationary",servo-app/lab-0.1
1781157042.4050984,11.14252233505249,A1_HOLDING_SERVO_ON,A1_HOLDING_SERVO_ON_R01_20260611_125030,delta-asda-b3-e,1616,VE|SOD|TR,1,0,-7061,0,0,0.0,-1,-0.002391,300,47,4270,2391,6000,,0,,,,holding,normal,0,no_load,none,"A1: Servo ON, shaft stationary",servo-app/lab-0.1
1781157042.5055904,11.243014335632324,A1_HOLDING_SERVO_ON,A1_HOLDING_SERVO_ON_R01_20260611_125030,delta-asda-b3-e,1616,VE|SOD|TR,1,0,-7065,0,0,0.0,-1,-0.002391,300,47,4270,2391,6000,,0,,,,holding,normal,0,no_load,none,"A1: Servo ON, shaft stationary",servo-app/lab-0.1
1781157042.6057956,11.343219518661499,A1_HOLDING_SERVO_ON,A1_HOLDING_SERVO_ON_R01_20260611_125030,delta-asda-b3-e,1616,VE|SOD|TR,1,0,-7061,0,0,0.0,-1,-0.002391,300,47,4270,2391,6000,,0,,,,holding,normal,0,no_load,none,"A1: Servo ON, shaft stationary",servo-app/lab-0.1
1781157042.7062986,11.443722486495972,A1_HOLDING_SERVO_ON,A1_HOLDING_SERVO_ON_R01_20260611_125030,delta-asda-b3-e,1616,VE|SOD|TR,1,0,-7061,0,-1,-0.00427,-1,-0.002391,300,47,4270,2391,6000,,0,,,,holding,normal,0,no_load,none,"A1: Servo ON, shaft stationary",servo-app/lab-0.1
1781157042.8067873,11.544211149215698,A1_HOLDING_SERVO_ON,A1_HOLDING_SERVO_ON_R01_20260611_125030,delta-asda-b3-e,1616,VE|SOD|TR,1,0,-7067,0,-1,-0.00427,0,0.0,300,47,4270,2391,6000,,0,,,,holding,normal,0,no_load,none,"A1: Servo ON, shaft stationary",servo-app/lab-0.1
1781157042.9071133,11.644537210464478,A1_HOLDING_SERVO_ON,A1_HOLDING_SERVO_ON_R01_20260611_125030,delta-asda-b3-e,1616,VE|SOD|TR,1,0,-7061,0,-1,-0.00427,0,0.0,300,47,4270,2391,6000,,0,,,,holding,normal,0,no_load,none,"A1: Servo ON, shaft stationary",servo-app/lab-0.1
1781157043.0071988,11.744622707366943,A1_HOLDING_SERVO_ON,A1_HOLDING_SERVO_ON_R01_20260611_125030,delta-asda-b3-e,1616,VE|SOD|TR,1,0,-7061,0,-1,-0.00427,0,0.0,300,47,4270,2391,6000,,0,,,,holding,normal,0,no_load,none,"A1: Servo ON, shaft stationary",servo-app/lab-0.1
1781157043.1076012,11.845025062561035,A1_HOLDING_SERVO_ON,A1_HOLDING_SERVO_ON_R01_20260611_125030,delta-asda-b3-e,1616,VE|SOD|TR,1,0,-7061,0,0,0.0,0,0.0,300,47,4270,2391,6000,,0,,,,holding,normal,0,no_load,none,"A1: Servo ON, shaft stationary",servo-app/lab-0.1
1781157043.208043,11.945466995239258,A1_HOLDING_SERVO_ON,A1_HOLDING_SERVO_ON_R01_20260611_125030,delta-asda-b3-e,1616,VE|SOD|TR,1,0,-7061,0,0,0.0,-1,-0.002391,300,47,4270,2391,6000,,0,,,,holding,normal,0,no_load,none,"A1: Servo ON, shaft stationary",servo-app/lab-0.1
1781157043.3083847,12.045808553695679,A1_HOLDING_SERVO_ON,A1_HOLDING_SERVO_ON_R01_20260611_125030,delta-asda-b3-e,1616,VE|SOD|TR,1,0,-7061,0,0,0.0,0,0.0,300,47,4270,2391,6000,,0,,,,holding,normal,0,no_load,none,"A1: Servo ON, shaft stationary",servo-app/lab-0.1
1781157043.408803,12.14622688293457,A1_HOLDING_SERVO_ON,A1_HOLDING_SERVO_ON_R01_20260611_125030,delta-asda-b3-e,1616,VE|SOD|TR,1,0,-7067,0,0,0.0,-1,-0.002391,300,47,4270,2391,6000,,0,,,,holding,normal,0,no_load,none,"A1: Servo ON, shaft stationary",servo-app/lab-0.1
1781157043.5094278,12.246851682662964,A1_HOLDING_SERVO_ON,A1_HOLDING_SERVO_ON_R01_20260611_125030,delta-asda-b3-e,1616,VE|SOD|TR,1,0,-7061,0,-1,-0.00427,0,0.0,299,47,4270,2391,6000,,0,,,,holding,normal,0,no_load,none,"A1: Servo ON, shaft stationary",servo-app/lab-0.1
1781157043.6102564,12.34768033027649,A1_HOLDING_SERVO_ON,A1_HOLDING_SERVO_ON_R01_20260611_125030,delta-asda-b3-e,1616,VE|SOD|TR,1,0,-7061,0,-1,-0.00427,0,0.0,300,47,4270,2391,6000,,0,,,,holding,normal,0,no_load,none,"A1: Servo ON, shaft stationary",servo-app/lab-0.1
1781157043.7105432,12.447967052459717,A1_HOLDING_SERVO_ON,A1_HOLDING_SERVO_ON_R01_20260611_125030,delta-asda-b3-e,1616,VE|SOD|TR,1,0,-7061,0,0,0.0,0,0.0,299,47,4270,2391,6000,,0,,,,holding,normal,0,no_load,none,"A1: Servo ON, shaft stationary",servo-app/lab-0.1
1781157043.8106508,12.548074722290039,A1_HOLDING_SERVO_ON,A1_HOLDING_SERVO_ON_R01_20260611_125030,delta-asda-b3-e,1616,VE|SOD|TR,1,0,-7061,0,0,0.0,-1,-0.002391,300,47,4270,2391,6000,,0,,,,holding,normal,0,no_load,none,"A1: Servo ON, shaft stationary",servo-app/lab-0.1
1781157043.9107916,12.648215532302856,A1_HOLDING_SERVO_ON,A1_HOLDING_SERVO_ON_R01_20260611_125030,delta-asda-b3-e,1616,VE|SOD|TR,1,0,-7061,0,0,0.0,-1,-0.002391,299,47,4270,2391,6000,,0,,,,holding,normal,0,no_load,none,"A1: Servo ON, shaft stationary",servo-app/lab-0.1
1781157044.011647,12.749070882797241,A1_HOLDING_SERVO_ON,A1_HOLDING_SERVO_ON_R01_20260611_125030,delta-asda-b3-e,1616,VE|SOD|TR,1,0,-7071,0,-1,-0.00427,0,0.0,300,47,4270,2391,6000,,0,,,,holding,normal,0,no_load,none,"A1: Servo ON, shaft stationary",servo-app/lab-0.1
1781157044.1119955,12.849419355392456,A1_HOLDING_SERVO_ON,A1_HOLDING_SERVO_ON_R01_20260611_125030,delta-asda-b3-e,1616,VE|SOD|TR,1,0,-7061,0,0,0.0,-1,-0.002391,300,47,4270,2391,6000,,0,,,,holding,normal,0,no_load,none,"A1: Servo ON, shaft stationary",servo-app/lab-0.1
1781157044.212143,12.949566841125488,A1_HOLDING_SERVO_ON,A1_HOLDING_SERVO_ON_R01_20260611_125030,delta-asda-b3-e,1616,VE|SOD|TR,1,0,-7061,0,0,0.0,0,0.0,300,47,4270,2391,6000,,0,,,,holding,normal,0,no_load,none,"A1: Servo ON, shaft stationary",servo-app/lab-0.1
1781157044.312198,13.049621820449829,A1_HOLDING_SERVO_ON,A1_HOLDING_SERVO_ON_R01_20260611_125030,delta-asda-b3-e,1616,VE|SOD|TR,1,0,-7071,0,-1,-0.00427,0,0.0,300,47,4270,2391,6000,,0,,,,holding,normal,0,no_load,none,"A1: Servo ON, shaft stationary",servo-app/lab-0.1
1781157044.4122746,13.149698495864868,A1_HOLDING_SERVO_ON,A1_HOLDING_SERVO_ON_R01_20260611_125030,delta-asda-b3-e,1616,VE|SOD|TR,1,0,-7061,0,0,0.0,0,0.0,300,47,4270,2391,6000,,0,,,,holding,normal,0,no_load,none,"A1: Servo ON, shaft stationary",servo-app/lab-0.1
1781157044.5124469,13.249870777130127,A1_HOLDING_SERVO_ON,A1_HOLDING_SERVO_ON_R01_20260611_125030,delta-asda-b3-e,1616,VE|SOD|TR,1,0,-7061,0,0,0.0,0,0.0,300,47,4270,2391,6000,,0,,,,holding,normal,0,no_load,none,"A1: Servo ON, shaft stationary",servo-app/lab-0.1
1781157044.6127136,13.35013747215271,A1_HOLDING_SERVO_ON,A1_HOLDING_SERVO_ON_R01_20260611_125030,delta-asda-b3-e,1616,VE|SOD|TR,1,0,-7071,0,-1,-0.00427,0,0.0,299,47,4270,2391,6000,,0,,,,holding,normal,0,no_load,none,"A1: Servo ON, shaft stationary",servo-app/lab-0.1
1781157044.712907,13.450330972671509,A1_HOLDING_SERVO_ON,A1_HOLDING_SERVO_ON_R01_20260611_125030,delta-asda-b3-e,1616,VE|SOD|TR,1,0,-7081,0,0,0.0,-1,-0.002391,299,47,4270,2391,6000,,0,,,,holding,normal,0,no_load,none,"A1: Servo ON, shaft stationary",servo-app/lab-0.1
1781157044.813308,13.550731897354126,A1_HOLDING_SERVO_ON,A1_HOLDING_SERVO_ON_R01_20260611_125030,delta-asda-b3-e,1616,VE|SOD|TR,1,0,-7065,0,0,0.0,0,0.0,299,47,4270,2391,6000,,0,,,,holding,normal,0,no_load,none,"A1: Servo ON, shaft stationary",servo-app/lab-0.1
1781157044.9137685,13.651192426681519,A1_HOLDING_SERVO_ON,A1_HOLDING_SERVO_ON_R01_20260611_125030,delta-asda-b3-e,1616,VE|SOD|TR,1,0,-7075,0,-1,-0.00427,-1,-0.002391,299,47,4270,2391,6000,,0,,,,holding,normal,0,no_load,none,"A1: Servo ON, shaft stationary",servo-app/lab-0.1
1781157045.0143023,13.751726150512695,A1_HOLDING_SERVO_ON,A1_HOLDING_SERVO_ON_R01_20260611_125030,delta-asda-b3-e,1616,VE|SOD|TR,1,0,-7071,0,-1,-0.00427,0,0.0,299,47,4270,2391,6000,,0,,,,holding,normal,0,no_load,none,"A1: Servo ON, shaft stationary",servo-app/lab-0.1
1781157045.114531,13.851954936981201,A1_HOLDING_SERVO_ON,A1_HOLDING_SERVO_ON_R01_20260611_125030,delta-asda-b3-e,1616,VE|SOD|TR,1,0,-7071,0,0,0.0,-1,-0.002391,299,47,4270,2391,6000,,0,,,,holding,normal,0,no_load,none,"A1: Servo ON, shaft stationary",servo-app/lab-0.1
1781157045.2149956,13.952419519424438,A1_HOLDING_SERVO_ON,A1_HOLDING_SERVO_ON_R01_20260611_125030,delta-asda-b3-e,1616,VE|SOD|TR,1,0,-7067,0,0,0.0,0,0.0,299,47,4270,2391,6000,,0,,,,holding,normal,0,no_load,none,"A1: Servo ON, shaft stationary",servo-app/lab-0.1
1781157045.315459,14.05288290977478,A1_HOLDING_SERVO_ON,A1_HOLDING_SERVO_ON_R01_20260611_125030,delta-asda-b3-e,1616,VE|SOD|TR,1,0,-7061,0,0,0.0,0,0.0,299,47,4270,2391,6000,,0,,,,holding,normal,0,no_load,none,"A1: Servo ON, shaft stationary",servo-app/lab-0.1
1781157045.4157925,14.153216361999512,A1_HOLDING_SERVO_ON,A1_HOLDING_SERVO_ON_R01_20260611_125030,delta-asda-b3-e,1616,VE|SOD|TR,1,0,-7067,0,0,0.0,0,0.0,299,47,4270,2391,6000,,0,,,,holding,normal,0,no_load,none,"A1: Servo ON, shaft stationary",servo-app/lab-0.1
1781157045.516307,14.25373101234436,A1_HOLDING_SERVO_ON,A1_HOLDING_SERVO_ON_R01_20260611_125030,delta-asda-b3-e,1616,VE|SOD|TR,1,0,-7061,0,-1,-0.00427,-1,-0.002391,300,47,4270,2391,6000,,0,,,,holding,normal,0,no_load,none,"A1: Servo ON, shaft stationary",servo-app/lab-0.1
1781157045.61686,14.354283809661865,A1_HOLDING_SERVO_ON,A1_HOLDING_SERVO_ON_R01_20260611_125030,delta-asda-b3-e,1616,VE|SOD|TR,1,0,-7061,0,-1,-0.00427,0,0.0,299,47,4270,2391,6000,,0,,,,holding,normal,0,no_load,none,"A1: Servo ON, shaft stationary",servo-app/lab-0.1
1781157045.717283,14.454706907272339,A1_HOLDING_SERVO_ON,A1_HOLDING_SERVO_ON_R01_20260611_125030,delta-asda-b3-e,1616,VE|SOD|TR,1,0,-7061,0,0,0.0,0,0.0,299,47,4270,2391,6000,,0,,,,holding,normal,0,no_load,none,"A1: Servo ON, shaft stationary",servo-app/lab-0.1
1781157045.8174288,14.554852724075317,A1_HOLDING_SERVO_ON,A1_HOLDING_SERVO_ON_R01_20260611_125030,delta-asda-b3-e,1616,VE|SOD|TR,1,0,-7061,0,-1,-0.00427,0,0.0,299,47,4270,2391,6000,,0,,,,holding,normal,0,no_load,none,"A1: Servo ON, shaft stationary",servo-app/lab-0.1
1781157045.917732,14.655155897140503,A1_HOLDING_SERVO_ON,A1_HOLDING_SERVO_ON_R01_20260611_125030,delta-asda-b3-e,1616,VE|SOD|TR,1,0,-7067,0,0,0.0,0,0.0,299,47,4270,2391,6000,,0,,,,holding,normal,0,no_load,none,"A1: Servo ON, shaft stationary",servo-app/lab-0.1
1781157046.0260067,14.76343059539795,A1_HOLDING_SERVO_ON,A1_HOLDING_SERVO_ON_R01_20260611_125030,delta-asda-b3-e,1616,VE|SOD|TR,1,0,-7067,0,-1,-0.00427,-1,-0.002391,299,47,4270,2391,6000,,0,,,,holding,normal,0,no_load,none,"A1: Servo ON, shaft stationary",servo-app/lab-0.1
1781157046.1263397,14.863763570785522,A1_HOLDING_SERVO_ON,A1_HOLDING_SERVO_ON_R01_20260611_125030,delta-asda-b3-e,1616,VE|SOD|TR,1,0,-7075,0,-1,-0.00427,-1,-0.002391,299,47,4270,2391,6000,,0,,,,holding,normal,0,no_load,none,"A1: Servo ON, shaft stationary",servo-app/lab-0.1
1781157046.2268174,14.96424126625061,A1_HOLDING_SERVO_ON,A1_HOLDING_SERVO_ON_R01_20260611_125030,delta-asda-b3-e,1616,VE|SOD|TR,1,0,-7061,0,0,0.0,-1,-0.002391,299,47,4270,2391,6000,,0,,,,holding,normal,0,no_load,none,"A1: Servo ON, shaft stationary",servo-app/lab-0.1
1781157046.3268886,15.06431245803833,A1_HOLDING_SERVO_ON,A1_HOLDING_SERVO_ON_R01_20260611_125030,delta-asda-b3-e,1616,VE|SOD|TR,1,0,-7061,0,-1,-0.00427,-1,-0.002391,299,47,4270,2391,6000,,0,,,,holding,normal,0,no_load,none,"A1: Servo ON, shaft stationary",servo-app/lab-0.1
1781157046.426933,15.16435694694519,A1_HOLDING_SERVO_ON,A1_HOLDING_SERVO_ON_R01_20260611_125030,delta-asda-b3-e,1616,VE|SOD|TR,1,0,-7067,0,-1,-0.00427,-1,-0.002391,299,47,4270,2391,6000,,0,,,,holding,normal,0,no_load,none,"A1: Servo ON, shaft stationary",servo-app/lab-0.1
1781157046.527635,15.265058994293213,A1_HOLDING_SERVO_ON,A1_HOLDING_SERVO_ON_R01_20260611_125030,delta-asda-b3-e,1616,VE|SOD|TR,1,0,-7061,0,-1,-0.00427,0,0.0,299,47,4270,2391,6000,,0,,,,holding,normal,0,no_load,none,"A1: Servo ON, shaft stationary",servo-app/lab-0.1
1781157046.6280842,15.365508079528809,A1_HOLDING_SERVO_ON,A1_HOLDING_SERVO_ON_R01_20260611_125030,delta-asda-b3-e,1616,VE|SOD|TR,1,0,-7065,0,-1,-0.00427,0,0.0,299,47,4270,2391,6000,,0,,,,holding,normal,0,no_load,none,"A1: Servo ON, shaft stationary",servo-app/lab-0.1
1781157046.7286327,15.46605658531189,A1_HOLDING_SERVO_ON,A1_HOLDING_SERVO_ON_R01_20260611_125030,delta-asda-b3-e,1616,VE|SOD|TR,1,0,-7061,0,0,0.0,-1,-0.002391,299,47,4270,2391,6000,,0,,,,holding,normal,0,no_load,none,"A1: Servo ON, shaft stationary",servo-app/lab-0.1
1781157046.8289807,15.566404581069946,A1_HOLDING_SERVO_ON,A1_HOLDING_SERVO_ON_R01_20260611_125030,delta-asda-b3-e,1616,VE|SOD|TR,1,0,-7061,0,0,0.0,0,0.0,299,47,4270,2391,6000,,0,,,,holding,normal,0,no_load,none,"A1: Servo ON, shaft stationary",servo-app/lab-0.1
1781157046.9293087,15.666732549667358,A1_HOLDING_SERVO_ON,A1_HOLDING_SERVO_ON_R01_20260611_125030,delta-asda-b3-e,1616,VE|SOD|TR,1,0,-7071,0,-1,-0.00427,0,0.0,299,47,4270,2391,6000,,0,,,,holding,normal,0,no_load,none,"A1: Servo ON, shaft stationary",servo-app/lab-0.1
1781157047.0293899,15.7668137550354,A1_HOLDING_SERVO_ON,A1_HOLDING_SERVO_ON_R01_20260611_125030,delta-asda-b3-e,1616,VE|SOD|TR,1,0,-7071,0,-1,-0.00427,-1,-0.002391,299,47,4270,2391,6000,,0,,,,holding,normal,0,no_load,none,"A1: Servo ON, shaft stationary",servo-app/lab-0.1
1781157047.12974,15.867163896560669,A1_HOLDING_SERVO_ON,A1_HOLDING_SERVO_ON_R01_20260611_125030,delta-asda-b3-e,1616,VE|SOD|TR,1,0,-7061,0,-1,-0.00427,0,0.0,299,47,4270,2391,6000,,0,,,,holding,normal,0,no_load,none,"A1: Servo ON, shaft stationary",servo-app/lab-0.1
1781157047.2298741,15.967298030853271,A1_HOLDING_SERVO_ON,A1_HOLDING_SERVO_ON_R01_20260611_125030,delta-asda-b3-e,1616,VE|SOD|TR,1,0,-7065,0,0,0.0,-1,-0.002391,300,47,4270,2391,6000,,0,,,,holding,normal,0,no_load,none,"A1: Servo ON, shaft stationary",servo-app/lab-0.1
1781157047.33034,16.067763805389404,A1_HOLDING_SERVO_ON,A1_HOLDING_SERVO_ON_R01_20260611_125030,delta-asda-b3-e,1616,VE|SOD|TR,1,0,-7071,0,0,0.0,0,0.0,299,47,4270,2391,6000,,0,,,,holding,normal,0,no_load,none,"A1: Servo ON, shaft stationary",servo-app/lab-0.1
1781157047.430456,16.167879819869995,A1_HOLDING_SERVO_ON,A1_HOLDING_SERVO_ON_R01_20260611_125030,delta-asda-b3-e,1616,VE|SOD|TR,1,0,-7061,0,-1,-0.00427,-1,-0.002391,300,47,4270,2391,6000,,0,,,,holding,normal,0,no_load,none,"A1: Servo ON, shaft stationary",servo-app/lab-0.1
1781157047.5313356,16.26875948905945,A1_HOLDING_SERVO_ON,A1_HOLDING_SERVO_ON_R01_20260611_125030,delta-asda-b3-e,1616,VE|SOD|TR,1,0,-7065,0,0,0.0,0,0.0,300,47,4270,2391,6000,,0,,,,holding,normal,0,no_load,none,"A1: Servo ON, shaft stationary",servo-app/lab-0.1
1781157047.6317074,16.369131326675415,A1_HOLDING_SERVO_ON,A1_HOLDING_SERVO_ON_R01_20260611_125030,delta-asda-b3-e,1616,VE|SOD|TR,1,0,-7071,0,-1,-0.00427,0,0.0,300,47,4270,2391,6000,,0,,,,holding,normal,0,no_load,none,"A1: Servo ON, shaft stationary",servo-app/lab-0.1
1781157047.7320275,16.469451427459717,A1_HOLDING_SERVO_ON,A1_HOLDING_SERVO_ON_R01_20260611_125030,delta-asda-b3-e,1616,VE|SOD|TR,1,0,-7061,0,-1,-0.00427,0,0.0,300,47,4270,2391,6000,,0,,,,holding,normal,0,no_load,none,"A1: Servo ON, shaft stationary",servo-app/lab-0.1
1781157047.8324544,16.569878339767456,A1_HOLDING_SERVO_ON,A1_HOLDING_SERVO_ON_R01_20260611_125030,delta-asda-b3-e,1616,VE|SOD|TR,1,0,-7061,0,0,0.0,0,0.0,300,47,4270,2391,6000,,0,,,,holding,normal,0,no_load,none,"A1: Servo ON, shaft stationary",servo-app/lab-0.1
1781157047.9327884,16.670212268829346,A1_HOLDING_SERVO_ON,A1_HOLDING_SERVO_ON_R01_20260611_125030,delta-asda-b3-e,1616,VE|SOD|TR,1,0,-7061,0,-1,-0.00427,0,0.0,300,47,4270,2391,6000,,0,,,,holding,normal,0,no_load,none,"A1: Servo ON, shaft stationary",servo-app/lab-0.1
1781157048.0331802,16.770604133605957,A1_HOLDING_SERVO_ON,A1_HOLDING_SERVO_ON_R01_20260611_125030,delta-asda-b3-e,1616,VE|SOD|TR,1,0,-7065,0,-1,-0.00427,0,0.0,300,47,4270,2391,6000,,0,,,,holding,normal,0,no_load,none,"A1: Servo ON, shaft stationary",servo-app/lab-0.1
1781157048.1337237,16.871147632598877,A1_HOLDING_SERVO_ON,A1_HOLDING_SERVO_ON_R01_20260611_125030,delta-asda-b3-e,1616,VE|SOD|TR,1,0,-7061,0,-1,-0.00427,0,0.0,299,47,4270,2391,6000,,0,,,,holding,normal,0,no_load,none,"A1: Servo ON, shaft stationary",servo-app/lab-0.1
1781157048.2338088,16.971232652664185,A1_HOLDING_SERVO_ON,A1_HOLDING_SERVO_ON_R01_20260611_125030,delta-asda-b3-e,1616,VE|SOD|TR,1,0,-7061,0,0,0.0,-1,-0.002391,299,47,4270,2391,6000,,0,,,,holding,normal,0,no_load,none,"A1: Servo ON, shaft stationary",servo-app/lab-0.1
1781157048.3340492,17.071473121643066,A1_HOLDING_SERVO_ON,A1_HOLDING_SERVO_ON_R01_20260611_125030,delta-asda-b3-e,1616,VE|SOD|TR,1,0,-7071,0,0,0.0,-1,-0.002391,299,47,4270,2391,6000,,0,,,,holding,normal,0,no_load,none,"A1: Servo ON, shaft stationary",servo-app/lab-0.1
1781157048.434357,17.171780824661255,A1_HOLDING_SERVO_ON,A1_HOLDING_SERVO_ON_R01_20260611_125030,delta-asda-b3-e,1616,VE|SOD|TR,1,0,-7061,0,0,0.0,0,0.0,299,47,4270,2391,6000,,0,,,,holding,normal,0,no_load,none,"A1: Servo ON, shaft stationary",servo-app/lab-0.1
1781157048.5348504,17.272274255752563,A1_HOLDING_SERVO_ON,A1_HOLDING_SERVO_ON_R01_20260611_125030,delta-asda-b3-e,1616,VE|SOD|TR,1,0,-7065,0,-1,-0.00427,-1,-0.002391,300,47,4270,2391,6000,,0,,,,holding,normal,0,no_load,none,"A1: Servo ON, shaft stationary",servo-app/lab-0.1
1781157048.63528,17.372703790664673,A1_HOLDING_SERVO_ON,A1_HOLDING_SERVO_ON_R01_20260611_125030,delta-asda-b3-e,1616,VE|SOD|TR,1,0,-7067,0,0,0.0,0,0.0,299,47,4270,2391,6000,,0,,,,holding,normal,0,no_load,none,"A1: Servo ON, shaft stationary",servo-app/lab-0.1
1781157048.7371502,17.474574089050293,A1_HOLDING_SERVO_ON,A1_HOLDING_SERVO_ON_R01_20260611_125030,delta-asda-b3-e,1616,VE|SOD|TR,1,0,-7061,0,-1,-0.00427,-1,-0.002391,300,47,4270,2391,6000,,0,,,,holding,normal,0,no_load,none,"A1: Servo ON, shaft stationary",servo-app/lab-0.1
1781157048.837242,17.574665784835815,A1_HOLDING_SERVO_ON,A1_HOLDING_SERVO_ON_R01_20260611_125030,delta-asda-b3-e,1616,VE|SOD|TR,1,0,-7065,0,-1,-0.00427,-1,-0.002391,299,47,4270,2391,6000,,0,,,,holding,normal,0,no_load,none,"A1: Servo ON, shaft stationary",servo-app/lab-0.1
1781157048.937693,17.675117015838623,A1_HOLDING_SERVO_ON,A1_HOLDING_SERVO_ON_R01_20260611_125030,delta-asda-b3-e,1616,VE|SOD|TR,1,0,-7081,0,0,0.0,-1,-0.002391,299,47,4270,2391,6000,,0,,,,holding,normal,0,no_load,none,"A1: Servo ON, shaft stationary",servo-app/lab-0.1
1781157049.0386305,17.77605438232422,A1_HOLDING_SERVO_ON,A1_HOLDING_SERVO_ON_R01_20260611_125030,delta-asda-b3-e,1616,VE|SOD|TR,1,0,-7071,0,-1,-0.00427,0,0.0,300,47,4270,2391,6000,,0,,,,holding,normal,0,no_load,none,"A1: Servo ON, shaft stationary",servo-app/lab-0.1
1781157049.1390464,17.87647032737732,A1_HOLDING_SERVO_ON,A1_HOLDING_SERVO_ON_R01_20260611_125030,delta-asda-b3-e,1616,VE|SOD|TR,1,0,-7061,0,0,0.0,-1,-0.002391,300,47,4270,2391,6000,,0,,,,holding,normal,0,no_load,none,"A1: Servo ON, shaft stationary",servo-app/lab-0.1
1781157049.2391074,17.976531267166138,A1_HOLDING_SERVO_ON,A1_HOLDING_SERVO_ON_R01_20260611_125030,delta-asda-b3-e,1616,VE|SOD|TR,1,0,-7061,0,0,0.0,-1,-0.002391,300,47,4270,2391,6000,,0,,,,holding,normal,0,no_load,none,"A1: Servo ON, shaft stationary",servo-app/lab-0.1
1781157049.339467,18.07689094543457,A1_HOLDING_SERVO_ON,A1_HOLDING_SERVO_ON_R01_20260611_125030,delta-asda-b3-e,1616,VE|SOD|TR,1,0,-7065,0,0,0.0,0,0.0,299,47,4270,2391,6000,,0,,,,holding,normal,0,no_load,none,"A1: Servo ON, shaft stationary",servo-app/lab-0.1
1781157049.4395869,18.177010774612427,A1_HOLDING_SERVO_ON,A1_HOLDING_SERVO_ON_R01_20260611_125030,delta-asda-b3-e,1616,VE|SOD|TR,1,0,-7061,0,0,0.0,0,0.0,300,47,4270,2391,6000,,0,,,,holding,normal,0,no_load,none,"A1: Servo ON, shaft stationary",servo-app/lab-0.1
1781157049.5397944,18.277218341827393,A1_HOLDING_SERVO_ON,A1_HOLDING_SERVO_ON_R01_20260611_125030,delta-asda-b3-e,1616,VE|SOD|TR,1,0,-7075,0,-1,-0.00427,-1,-0.002391,299,47,4270,2391,6000,,0,,,,holding,normal,0,no_load,none,"A1: Servo ON, shaft stationary",servo-app/lab-0.1
1781157049.639987,18.377410888671875,A1_HOLDING_SERVO_ON,A1_HOLDING_SERVO_ON_R01_20260611_125030,delta-asda-b3-e,1616,VE|SOD|TR,1,0,-7071,0,-1,-0.00427,0,0.0,300,47,4270,2391,6000,,0,,,,holding,normal,0,no_load,none,"A1: Servo ON, shaft stationary",servo-app/lab-0.1
1781157049.7407236,18.478147506713867,A1_HOLDING_SERVO_ON,A1_HOLDING_SERVO_ON_R01_20260611_125030,delta-asda-b3-e,1616,VE|SOD|TR,1,0,-7055,0,-1,-0.00427,0,0.0,299,47,4270,2391,6000,,0,,,,holding,normal,0,no_load,none,"A1: Servo ON, shaft stationary",servo-app/lab-0.1
1781157049.8409998,18.578423738479614,A1_HOLDING_SERVO_ON,A1_HOLDING_SERVO_ON_R01_20260611_125030,delta-asda-b3-e,1616,VE|SOD|TR,1,0,-7055,0,0,0.0,0,0.0,299,47,4270,2391,6000,,0,,,,holding,normal,0,no_load,none,"A1: Servo ON, shaft stationary",servo-app/lab-0.1
1781157049.9415278,18.678951740264893,A1_HOLDING_SERVO_ON,A1_HOLDING_SERVO_ON_R01_20260611_125030,delta-asda-b3-e,1616,VE|SOD|TR,1,0,-7061,0,0,0.0,0,0.0,300,47,4270,2391,6000,,0,,,,holding,normal,0,no_load,none,"A1: Servo ON, shaft stationary",servo-app/lab-0.1
1781157050.0416715,18.77909541130066,A1_HOLDING_SERVO_ON,A1_HOLDING_SERVO_ON_R01_20260611_125030,delta-asda-b3-e,1616,VE|SOD|TR,1,0,-7067,0,-1,-0.00427,0,0.0,299,47,4270,2391,6000,,0,,,,holding,normal,0,no_load,none,"A1: Servo ON, shaft stationary",servo-app/lab-0.1
1781157050.1421585,18.879582405090332,A1_HOLDING_SERVO_ON,A1_HOLDING_SERVO_ON_R01_20260611_125030,delta-asda-b3-e,1616,VE|SOD|TR,1,0,-7061,0,-1,-0.00427,-1,-0.002391,299,47,4270,2391,6000,,0,,,,holding,normal,0,no_load,none,"A1: Servo ON, shaft stationary",servo-app/lab-0.1
1781157050.242645,18.980068922042847,A1_HOLDING_SERVO_ON,A1_HOLDING_SERVO_ON_R01_20260611_125030,delta-asda-b3-e,1616,VE|SOD|TR,1,0,-7061,0,-1,-0.00427,0,0.0,299,47,4270,2391,6000,,0,,,,holding,normal,0,no_load,none,"A1: Servo ON, shaft stationary",servo-app/lab-0.1
1781157050.3430164,19.080440282821655,A1_HOLDING_SERVO_ON,A1_HOLDING_SERVO_ON_R01_20260611_125030,delta-asda-b3-e,1616,VE|SOD|TR,1,0,-7075,0,0,0.0,-1,-0.002391,299,47,4270,2391,6000,,0,,,,holding,normal,0,no_load,none,"A1: Servo ON, shaft stationary",servo-app/lab-0.1
1781157050.443189,19.180612802505493,A1_HOLDING_SERVO_ON,A1_HOLDING_SERVO_ON_R01_20260611_125030,delta-asda-b3-e,1616,VE|SOD|TR,1,0,-7065,0,-1,-0.00427,-1,-0.002391,300,47,4270,2391,6000,,0,,,,holding,normal,0,no_load,none,"A1: Servo ON, shaft stationary",servo-app/lab-0.1
1781157050.543685,19.281108856201172,A1_HOLDING_SERVO_ON,A1_HOLDING_SERVO_ON_R01_20260611_125030,delta-asda-b3-e,1616,VE|SOD|TR,1,0,-7075,0,-1,-0.00427,0,0.0,299,47,4270,2391,6000,,0,,,,holding,normal,0,no_load,none,"A1: Servo ON, shaft stationary",servo-app/lab-0.1
1781157050.6441605,19.381584405899048,A1_HOLDING_SERVO_ON,A1_HOLDING_SERVO_ON_R01_20260611_125030,delta-asda-b3-e,1616,VE|SOD|TR,1,0,-7071,0,-1,-0.00427,-1,-0.002391,299,47,4270,2391,6000,,0,,,,holding,normal,0,no_load,none,"A1: Servo ON, shaft stationary",servo-app/lab-0.1
1781157050.74435,19.481773853302002,A1_HOLDING_SERVO_ON,A1_HOLDING_SERVO_ON_R01_20260611_125030,delta-asda-b3-e,1616,VE|SOD|TR,1,0,-7055,0,0,0.0,-1,-0.002391,299,47,4270,2391,6000,,0,,,,holding,normal,0,no_load,none,"A1: Servo ON, shaft stationary",servo-app/lab-0.1
1781157050.8456528,19.58307671546936,A1_HOLDING_SERVO_ON,A1_HOLDING_SERVO_ON_R01_20260611_125030,delta-asda-b3-e,1616,VE|SOD|TR,1,0,-7061,0,0,0.0,0,0.0,300,47,4270,2391,6000,,0,,,,holding,normal,0,no_load,none,"A1: Servo ON, shaft stationary",servo-app/lab-0.1
1781157050.9462342,19.683658123016357,A1_HOLDING_SERVO_ON,A1_HOLDING_SERVO_ON_R01_20260611_125030,delta-asda-b3-e,1616,VE|SOD|TR,1,0,-7061,0,-1,-0.00427,-1,-0.002391,299,47,4270,2391,6000,,0,,,,holding,normal,0,no_load,none,"A1: Servo ON, shaft stationary",servo-app/lab-0.1
1781157051.047008,19.78443193435669,A1_HOLDING_SERVO_ON,A1_HOLDING_SERVO_ON_R01_20260611_125030,delta-asda-b3-e,1616,VE|SOD|TR,1,0,-7075,0,-1,-0.00427,-1,-0.002391,299,47,4270,2391,6000,,0,,,,holding,normal,0,no_load,none,"A1: Servo ON, shaft stationary",servo-app/lab-0.1
1781157051.1474416,19.884865522384644,A1_HOLDING_SERVO_ON,A1_HOLDING_SERVO_ON_R01_20260611_125030,delta-asda-b3-e,1616,VE|SOD|TR,1,0,-7061,0,-1,-0.00427,0,0.0,299,47,4270,2391,6000,,0,,,,holding,normal,0,no_load,none,"A1: Servo ON, shaft stationary",servo-app/lab-0.1
1781157051.2478485,19.98527240753174,A1_HOLDING_SERVO_ON,A1_HOLDING_SERVO_ON_R01_20260611_125030,delta-asda-b3-e,1616,VE|SOD|TR,1,0,-7067,0,0,0.0,0,0.0,299,47,4270,2391,6000,,0,,,,holding,normal,0,no_load,none,"A1: Servo ON, shaft stationary",servo-app/lab-0.1
1781157051.3479943,20.085418224334717,A1_HOLDING_SERVO_ON,A1_HOLDING_SERVO_ON_R01_20260611_125030,delta-asda-b3-e,1616,VE|SOD|TR,1,0,-7061,0,0,0.0,-1,-0.002391,299,47,4270,2391,6000,,0,,,,holding,normal,0,no_load,none,"A1: Servo ON, shaft stationary",servo-app/lab-0.1
1781157051.4480512,20.18547511100769,A1_HOLDING_SERVO_ON,A1_HOLDING_SERVO_ON_R01_20260611_125030,delta-asda-b3-e,1616,VE|SOD|TR,1,0,-7071,0,0,0.0,0,0.0,299,47,4270,2391,6000,,0,,,,holding,normal,0,no_load,none,"A1: Servo ON, shaft stationary",servo-app/lab-0.1
1781157051.5482903,20.285714149475098,A1_HOLDING_SERVO_ON,A1_HOLDING_SERVO_ON_R01_20260611_125030,delta-asda-b3-e,1616,VE|SOD|TR,1,0,-7065,0,0,0.0,0,0.0,299,47,4270,2391,6000,,0,,,,holding,normal,0,no_load,none,"A1: Servo ON, shaft stationary",servo-app/lab-0.1
1781157051.6484,20.385823965072632,A1_HOLDING_SERVO_ON,A1_HOLDING_SERVO_ON_R01_20260611_125030,delta-asda-b3-e,1616,VE|SOD|TR,1,0,-7061,0,0,0.0,-1,-0.002391,299,47,4270,2391,6000,,0,,,,holding,normal,0,no_load,none,"A1: Servo ON, shaft stationary",servo-app/lab-0.1
1781157051.7486732,20.48609709739685,A1_HOLDING_SERVO_ON,A1_HOLDING_SERVO_ON_R01_20260611_125030,delta-asda-b3-e,1616,VE|SOD|TR,1,0,-7061,0,-1,-0.00427,-1,-0.002391,299,47,4270,2391,6000,,0,,,,holding,normal,0,no_load,none,"A1: Servo ON, shaft stationary",servo-app/lab-0.1
1781157051.8492503,20.586674213409424,A1_HOLDING_SERVO_ON,A1_HOLDING_SERVO_ON_R01_20260611_125030,delta-asda-b3-e,1616,VE|SOD|TR,1,0,-7075,0,-1,-0.00427,-1,-0.002391,299,47,4270,2391,6000,,0,,,,holding,normal,0,no_load,none,"A1: Servo ON, shaft stationary",servo-app/lab-0.1
1781157051.949307,20.68673086166382,A1_HOLDING_SERVO_ON,A1_HOLDING_SERVO_ON_R01_20260611_125030,delta-asda-b3-e,1616,VE|SOD|TR,1,0,-7075,0,-1,-0.00427,-1,-0.002391,299,47,4270,2391,6000,,0,,,,holding,normal,0,no_load,none,"A1: Servo ON, shaft stationary",servo-app/lab-0.1
1781157052.0497892,20.78721308708191,A1_HOLDING_SERVO_ON,A1_HOLDING_SERVO_ON_R01_20260611_125030,delta-asda-b3-e,1616,VE|SOD|TR,1,0,-7061,0,0,0.0,-1,-0.002391,299,47,4270,2391,6000,,0,,,,holding,normal,0,no_load,none,"A1: Servo ON, shaft stationary",servo-app/lab-0.1
1781157052.1502361,20.887660026550293,A1_HOLDING_SERVO_ON,A1_HOLDING_SERVO_ON_R01_20260611_125030,delta-asda-b3-e,1616,VE|SOD|TR,1,0,-7057,0,-1,-0.00427,0,0.0,299,47,4270,2391,6000,,0,,,,holding,normal,0,no_load,none,"A1: Servo ON, shaft stationary",servo-app/lab-0.1
1781157052.250646,20.988070011138916,A1_HOLDING_SERVO_ON,A1_HOLDING_SERVO_ON_R01_20260611_125030,delta-asda-b3-e,1616,VE|SOD|TR,1,0,-7061,0,-1,-0.00427,-1,-0.002391,299,47,4270,2391,6000,,0,,,,holding,normal,0,no_load,none,"A1: Servo ON, shaft stationary",servo-app/lab-0.1
1781157052.3512266,21.088650465011597,A1_HOLDING_SERVO_ON,A1_HOLDING_SERVO_ON_R01_20260611_125030,delta-asda-b3-e,1616,VE|SOD|TR,1,0,-7067,0,-1,-0.00427,0,0.0,299,47,4270,2391,6000,,0,,,,holding,normal,0,no_load,none,"A1: Servo ON, shaft stationary",servo-app/lab-0.1
1781157052.4517584,21.18918228149414,A1_HOLDING_SERVO_ON,A1_HOLDING_SERVO_ON_R01_20260611_125030,delta-asda-b3-e,1616,VE|SOD|TR,1,0,-7061,0,0,0.0,0,0.0,299,47,4270,2391,6000,,0,,,,holding,normal,0,no_load,none,"A1: Servo ON, shaft stationary",servo-app/lab-0.1
1781157052.5522382,21.28966212272644,A1_HOLDING_SERVO_ON,A1_HOLDING_SERVO_ON_R01_20260611_125030,delta-asda-b3-e,1616,VE|SOD|TR,1,0,-7061,0,0,0.0,0,0.0,299,47,4270,2391,6000,,0,,,,holding,normal,0,no_load,none,"A1: Servo ON, shaft stationary",servo-app/lab-0.1
1781157052.6527874,21.39021134376526,A1_HOLDING_SERVO_ON,A1_HOLDING_SERVO_ON_R01_20260611_125030,delta-asda-b3-e,1616,VE|SOD|TR,1,0,-7071,0,-1,-0.00427,0,0.0,299,47,4270,2391,6000,,0,,,,holding,normal,0,no_load,none,"A1: Servo ON, shaft stationary",servo-app/lab-0.1
1781157052.7529974,21.490421295166016,A1_HOLDING_SERVO_ON,A1_HOLDING_SERVO_ON_R01_20260611_125030,delta-asda-b3-e,1616,VE|SOD|TR,1,0,-7061,0,0,0.0,0,0.0,299,47,4270,2391,6000,,0,,,,holding,normal,0,no_load,none,"A1: Servo ON, shaft stationary",servo-app/lab-0.1
1781157052.8530269,21.590450763702393,A1_HOLDING_SERVO_ON,A1_HOLDING_SERVO_ON_R01_20260611_125030,delta-asda-b3-e,1616,VE|SOD|TR,1,0,-7075,0,-1,-0.00427,0,0.0,299,47,4270,2391,6000,,0,,,,holding,normal,0,no_load,none,"A1: Servo ON, shaft stationary",servo-app/lab-0.1
1781157052.9534721,21.690896034240723,A1_HOLDING_SERVO_ON,A1_HOLDING_SERVO_ON_R01_20260611_125030,delta-asda-b3-e,1616,VE|SOD|TR,1,0,-7061,0,-1,-0.00427,0,0.0,299,47,4270,2391,6000,,0,,,,holding,normal,0,no_load,none,"A1: Servo ON, shaft stationary",servo-app/lab-0.1
1781157053.0538373,21.791261196136475,A1_HOLDING_SERVO_ON,A1_HOLDING_SERVO_ON_R01_20260611_125030,delta-asda-b3-e,1616,VE|SOD|TR,1,0,-7071,0,-1,-0.00427,0,0.0,299,47,4270,2391,6000,,0,,,,holding,normal,0,no_load,none,"A1: Servo ON, shaft stationary",servo-app/lab-0.1
1781157053.1541352,21.89155912399292,A1_HOLDING_SERVO_ON,A1_HOLDING_SERVO_ON_R01_20260611_125030,delta-asda-b3-e,1616,VE|SOD|TR,1,0,-7071,0,0,0.0,-1,-0.002391,299,47,4270,2391,6000,,0,,,,holding,normal,0,no_load,none,"A1: Servo ON, shaft stationary",servo-app/lab-0.1
1781157053.2543182,21.99174213409424,A1_HOLDING_SERVO_ON,A1_HOLDING_SERVO_ON_R01_20260611_125030,delta-asda-b3-e,1616,VE|SOD|TR,1,0,-7081,0,0,0.0,-1,-0.002391,298,47,4270,2391,6000,,0,,,,holding,normal,0,no_load,none,"A1: Servo ON, shaft stationary",servo-app/lab-0.1
1781157053.354609,22.09203290939331,A1_HOLDING_SERVO_ON,A1_HOLDING_SERVO_ON_R01_20260611_125030,delta-asda-b3-e,1616,VE|SOD|TR,1,0,-7071,0,0,0.0,-1,-0.002391,299,47,4270,2391,6000,,0,,,,holding,normal,0,no_load,none,"A1: Servo ON, shaft stationary",servo-app/lab-0.1
1781157053.4550133,22.192437171936035,A1_HOLDING_SERVO_ON,A1_HOLDING_SERVO_ON_R01_20260611_125030,delta-asda-b3-e,1616,VE|SOD|TR,1,0,-7071,0,0,0.0,0,0.0,299,47,4270,2391,6000,,0,,,,holding,normal,0,no_load,none,"A1: Servo ON, shaft stationary",servo-app/lab-0.1
1781157053.5551395,22.292563438415527,A1_HOLDING_SERVO_ON,A1_HOLDING_SERVO_ON_R01_20260611_125030,delta-asda-b3-e,1616,VE|SOD|TR,1,0,-7077,0,-1,-0.00427,-1,-0.002391,299,47,4270,2391,6000,,0,,,,holding,normal,0,no_load,none,"A1: Servo ON, shaft stationary",servo-app/lab-0.1
1781157053.655333,22.392756938934326,A1_HOLDING_SERVO_ON,A1_HOLDING_SERVO_ON_R01_20260611_125030,delta-asda-b3-e,1616,VE|SOD|TR,1,0,-7061,0,0,0.0,-1,-0.002391,299,47,4270,2391,6000,,0,,,,holding,normal,0,no_load,none,"A1: Servo ON, shaft stationary",servo-app/lab-0.1
1781157053.755665,22.493088960647583,A1_HOLDING_SERVO_ON,A1_HOLDING_SERVO_ON_R01_20260611_125030,delta-asda-b3-e,1616,VE|SOD|TR,1,0,-7061,0,-1,-0.00427,0,0.0,299,47,4270,2391,6000,,0,,,,holding,normal,0,no_load,none,"A1: Servo ON, shaft stationary",servo-app/lab-0.1
1781157053.8560956,22.59351944923401,A1_HOLDING_SERVO_ON,A1_HOLDING_SERVO_ON_R01_20260611_125030,delta-asda-b3-e,1616,VE|SOD|TR,1,0,-7061,0,-1,-0.00427,-1,-0.002391,299,47,4270,2391,6000,,0,,,,holding,normal,0,no_load,none,"A1: Servo ON, shaft stationary",servo-app/lab-0.1
1781157053.956196,22.693619966506958,A1_HOLDING_SERVO_ON,A1_HOLDING_SERVO_ON_R01_20260611_125030,delta-asda-b3-e,1616,VE|SOD|TR,1,0,-7075,0,0,0.0,-1,-0.002391,299,47,4270,2391,6000,,0,,,,holding,normal,0,no_load,none,"A1: Servo ON, shaft stationary",servo-app/lab-0.1
1781157054.056338,22.79376196861267,A1_HOLDING_SERVO_ON,A1_HOLDING_SERVO_ON_R01_20260611_125030,delta-asda-b3-e,1616,VE|SOD|TR,1,0,-7075,0,-1,-0.00427,0,0.0,299,47,4270,2391,6000,,0,,,,holding,normal,0,no_load,none,"A1: Servo ON, shaft stationary",servo-app/lab-0.1
1781157054.15713,22.894553899765015,A1_HOLDING_SERVO_ON,A1_HOLDING_SERVO_ON_R01_20260611_125030,delta-asda-b3-e,1616,VE|SOD|TR,1,0,-7065,0,0,0.0,-1,-0.002391,299,47,4270,2391,6000,,0,,,,holding,normal,0,no_load,none,"A1: Servo ON, shaft stationary",servo-app/lab-0.1
1781157054.257354,22.99477791786194,A1_HOLDING_SERVO_ON,A1_HOLDING_SERVO_ON_R01_20260611_125030,delta-asda-b3-e,1616,VE|SOD|TR,1,0,-7077,0,0,0.0,-1,-0.002391,300,47,4270,2391,6000,,0,,,,holding,normal,0,no_load,none,"A1: Servo ON, shaft stationary",servo-app/lab-0.1
1781157054.3581626,23.09558653831482,A1_HOLDING_SERVO_ON,A1_HOLDING_SERVO_ON_R01_20260611_125030,delta-asda-b3-e,1616,VE|SOD|TR,1,0,-7061,0,-1,-0.00427,0,0.0,300,47,4270,2391,6000,,0,,,,holding,normal,0,no_load,none,"A1: Servo ON, shaft stationary",servo-app/lab-0.1
1781157054.4583802,23.195804119110107,A1_HOLDING_SERVO_ON,A1_HOLDING_SERVO_ON_R01_20260611_125030,delta-asda-b3-e,1616,VE|SOD|TR,1,0,-7061,0,0,0.0,0,0.0,299,47,4270,2391,6000,,0,,,,holding,normal,0,no_load,none,"A1: Servo ON, shaft stationary",servo-app/lab-0.1
1781157054.5586934,23.296117305755615,A1_HOLDING_SERVO_ON,A1_HOLDING_SERVO_ON_R01_20260611_125030,delta-asda-b3-e,1616,VE|SOD|TR,1,0,-7061,0,0,0.0,-1,-0.002391,299,47,4270,2391,6000,,0,,,,holding,normal,0,no_load,none,"A1: Servo ON, shaft stationary",servo-app/lab-0.1
1781157054.6589656,23.396389484405518,A1_HOLDING_SERVO_ON,A1_HOLDING_SERVO_ON_R01_20260611_125030,delta-asda-b3-e,1616,VE|SOD|TR,1,0,-7061,0,-1,-0.00427,-1,-0.002391,299,47,4270,2391,6000,,0,,,,holding,normal,0,no_load,none,"A1: Servo ON, shaft stationary",servo-app/lab-0.1
1781157054.759311,23.496734857559204,A1_HOLDING_SERVO_ON,A1_HOLDING_SERVO_ON_R01_20260611_125030,delta-asda-b3-e,1616,VE|SOD|TR,1,0,-7075,0,-1,-0.00427,-1,-0.002391,299,47,4270,2391,6000,,0,,,,holding,normal,0,no_load,none,"A1: Servo ON, shaft stationary",servo-app/lab-0.1
1781157054.8598135,23.59723734855652,A1_HOLDING_SERVO_ON,A1_HOLDING_SERVO_ON_R01_20260611_125030,delta-asda-b3-e,1616,VE|SOD|TR,1,0,-7067,0,-1,-0.00427,-1,-0.002391,299,47,4270,2391,6000,,0,,,,holding,normal,0,no_load,none,"A1: Servo ON, shaft stationary",servo-app/lab-0.1
1781157054.9599578,23.697381734848022,A1_HOLDING_SERVO_ON,A1_HOLDING_SERVO_ON_R01_20260611_125030,delta-asda-b3-e,1616,VE|SOD|TR,1,0,-7081,0,-1,-0.00427,-1,-0.002391,299,47,4270,2391,6000,,0,,,,holding,normal,0,no_load,none,"A1: Servo ON, shaft stationary",servo-app/lab-0.1
1781157055.060342,23.797765970230103,A1_HOLDING_SERVO_ON,A1_HOLDING_SERVO_ON_R01_20260611_125030,delta-asda-b3-e,1616,VE|SOD|TR,1,0,-7065,0,-1,-0.00427,-1,-0.002391,299,47,4270,2391,6000,,0,,,,holding,normal,0,no_load,none,"A1: Servo ON, shaft stationary",servo-app/lab-0.1
1781157055.1605535,23.897977352142334,A1_HOLDING_SERVO_ON,A1_HOLDING_SERVO_ON_R01_20260611_125030,delta-asda-b3-e,1616,VE|SOD|TR,1,0,-7075,0,0,0.0,-1,-0.002391,299,47,4270,2391,6000,,0,,,,holding,normal,0,no_load,none,"A1: Servo ON, shaft stationary",servo-app/lab-0.1
1781157055.2606168,23.998040676116943,A1_HOLDING_SERVO_ON,A1_HOLDING_SERVO_ON_R01_20260611_125030,delta-asda-b3-e,1616,VE|SOD|TR,1,0,-7071,0,-1,-0.00427,0,0.0,299,47,4270,2391,6000,,0,,,,holding,normal,0,no_load,none,"A1: Servo ON, shaft stationary",servo-app/lab-0.1
1781157055.3608437,24.098267555236816,A1_HOLDING_SERVO_ON,A1_HOLDING_SERVO_ON_R01_20260611_125030,delta-asda-b3-e,1616,VE|SOD|TR,1,0,-7077,0,0,0.0,-1,-0.002391,299,47,4270,2391,6000,,0,,,,holding,normal,0,no_load,none,"A1: Servo ON, shaft stationary",servo-app/lab-0.1
1781157055.4611392,24.19856309890747,A1_HOLDING_SERVO_ON,A1_HOLDING_SERVO_ON_R01_20260611_125030,delta-asda-b3-e,1616,VE|SOD|TR,1,0,-7077,0,-1,-0.00427,0,0.0,299,47,4270,2391,6000,,0,,,,holding,normal,0,no_load,none,"A1: Servo ON, shaft stationary",servo-app/lab-0.1
1781157055.5615113,24.298935174942017,A1_HOLDING_SERVO_ON,A1_HOLDING_SERVO_ON_R01_20260611_125030,delta-asda-b3-e,1616,VE|SOD|TR,1,0,-7077,0,-1,-0.00427,0,0.0,299,47,4270,2391,6000,,0,,,,holding,normal,0,no_load,none,"A1: Servo ON, shaft stationary",servo-app/lab-0.1
1781157055.66193,24.399353981018066,A1_HOLDING_SERVO_ON,A1_HOLDING_SERVO_ON_R01_20260611_125030,delta-asda-b3-e,1616,VE|SOD|TR,1,0,-7061,0,0,0.0,-1,-0.002391,299,47,4270,2391,6000,,0,,,,holding,normal,0,no_load,none,"A1: Servo ON, shaft stationary",servo-app/lab-0.1
1781157055.7621927,24.499616622924805,A1_HOLDING_SERVO_ON,A1_HOLDING_SERVO_ON_R01_20260611_125030,delta-asda-b3-e,1616,VE|SOD|TR,1,0,-7075,0,-1,-0.00427,0,0.0,299,47,4270,2391,6000,,0,,,,holding,normal,0,no_load,none,"A1: Servo ON, shaft stationary",servo-app/lab-0.1
1781157055.862645,24.60006880760193,A1_HOLDING_SERVO_ON,A1_HOLDING_SERVO_ON_R01_20260611_125030,delta-asda-b3-e,1616,VE|SOD|TR,1,0,-7061,0,-1,-0.00427,0,0.0,298,47,4270,2391,6000,,0,,,,holding,normal,0,no_load,none,"A1: Servo ON, shaft stationary",servo-app/lab-0.1
1781157055.9628015,24.700225353240967,A1_HOLDING_SERVO_ON,A1_HOLDING_SERVO_ON_R01_20260611_125030,delta-asda-b3-e,1616,VE|SOD|TR,1,0,-7061,0,-1,-0.00427,0,0.0,299,47,4270,2391,6000,,0,,,,holding,normal,0,no_load,none,"A1: Servo ON, shaft stationary",servo-app/lab-0.1
1781157056.0632718,24.800695657730103,A1_HOLDING_SERVO_ON,A1_HOLDING_SERVO_ON_R01_20260611_125030,delta-asda-b3-e,1616,VE|SOD|TR,1,0,-7061,0,-1,-0.00427,0,0.0,299,47,4270,2391,6000,,0,,,,holding,normal,0,no_load,none,"A1: Servo ON, shaft stationary",servo-app/lab-0.1
1781157056.1636152,24.901039123535156,A1_HOLDING_SERVO_ON,A1_HOLDING_SERVO_ON_R01_20260611_125030,delta-asda-b3-e,1616,VE|SOD|TR,1,0,-7061,0,0,0.0,0,0.0,299,47,4270,2391,6000,,0,,,,holding,normal,0,no_load,none,"A1: Servo ON, shaft stationary",servo-app/lab-0.1
1781157056.263888,25.001311779022217,A1_HOLDING_SERVO_ON,A1_HOLDING_SERVO_ON_R01_20260611_125030,delta-asda-b3-e,1616,VE|SOD|TR,1,0,-7071,0,0,0.0,0,0.0,299,47,4270,2391,6000,,0,,,,holding,normal,0,no_load,none,"A1: Servo ON, shaft stationary",servo-app/lab-0.1
1781157056.3642244,25.101648330688477,A1_HOLDING_SERVO_ON,A1_HOLDING_SERVO_ON_R01_20260611_125030,delta-asda-b3-e,1616,VE|SOD|TR,1,0,-7077,0,0,0.0,0,0.0,299,47,4270,2391,6000,,0,,,,holding,normal,0,no_load,none,"A1: Servo ON, shaft stationary",servo-app/lab-0.1
1781157056.4645526,25.201976537704468,A1_HOLDING_SERVO_ON,A1_HOLDING_SERVO_ON_R01_20260611_125030,delta-asda-b3-e,1616,VE|SOD|TR,1,0,-7065,0,-1,-0.00427,0,0.0,299,47,4270,2391,6000,,0,,,,holding,normal,0,no_load,none,"A1: Servo ON, shaft stationary",servo-app/lab-0.1
1781157056.5649729,25.302396774291992,A1_HOLDING_SERVO_ON,A1_HOLDING_SERVO_ON_R01_20260611_125030,delta-asda-b3-e,1616,VE|SOD|TR,1,0,-7071,0,0,0.0,0,0.0,299,47,4270,2391,6000,,0,,,,holding,normal,0,no_load,none,"A1: Servo ON, shaft stationary",servo-app/lab-0.1
1781157056.665267,25.402690887451172,A1_HOLDING_SERVO_ON,A1_HOLDING_SERVO_ON_R01_20260611_125030,delta-asda-b3-e,1616,VE|SOD|TR,1,0,-7051,0,0,0.0,0,0.0,299,47,4270,2391,6000,,0,,,,holding,normal,0,no_load,none,"A1: Servo ON, shaft stationary",servo-app/lab-0.1
1781157056.7655396,25.502963542938232,A1_HOLDING_SERVO_ON,A1_HOLDING_SERVO_ON_R01_20260611_125030,delta-asda-b3-e,1616,VE|SOD|TR,1,0,-7071,0,0,0.0,-1,-0.002391,300,47,4270,2391,6000,,0,,,,holding,normal,0,no_load,none,"A1: Servo ON, shaft stationary",servo-app/lab-0.1
1781157056.8662326,25.60365653038025,A1_HOLDING_SERVO_ON,A1_HOLDING_SERVO_ON_R01_20260611_125030,delta-asda-b3-e,1616,VE|SOD|TR,1,0,-7067,0,-1,-0.00427,0,0.0,299,47,4270,2391,6000,,0,,,,holding,normal,0,no_load,none,"A1: Servo ON, shaft stationary",servo-app/lab-0.1
1781157056.9666378,25.70406174659729,A1_HOLDING_SERVO_ON,A1_HOLDING_SERVO_ON_R01_20260611_125030,delta-asda-b3-e,1616,VE|SOD|TR,1,0,-7061,0,0,0.0,0,0.0,299,47,4270,2391,6000,,0,,,,holding,normal,0,no_load,none,"A1: Servo ON, shaft stationary",servo-app/lab-0.1
1781157057.0671182,25.804542064666748,A1_HOLDING_SERVO_ON,A1_HOLDING_SERVO_ON_R01_20260611_125030,delta-asda-b3-e,1616,VE|SOD|TR,1,0,-7071,0,0,0.0,-1,-0.002391,299,47,4270,2391,6000,,0,,,,holding,normal,0,no_load,none,"A1: Servo ON, shaft stationary",servo-app/lab-0.1
1781157057.1673348,25.90475869178772,A1_HOLDING_SERVO_ON,A1_HOLDING_SERVO_ON_R01_20260611_125030,delta-asda-b3-e,1616,VE|SOD|TR,1,0,-7071,0,0,0.0,0,0.0,300,47,4270,2391,6000,,0,,,,holding,normal,0,no_load,none,"A1: Servo ON, shaft stationary",servo-app/lab-0.1
1781157057.2675114,26.004935264587402,A1_HOLDING_SERVO_ON,A1_HOLDING_SERVO_ON_R01_20260611_125030,delta-asda-b3-e,1616,VE|SOD|TR,1,0,-7061,0,0,0.0,-1,-0.002391,299,47,4270,2391,6000,,0,,,,holding,normal,0,no_load,none,"A1: Servo ON, shaft stationary",servo-app/lab-0.1
1781157057.3676875,26.105111360549927,A1_HOLDING_SERVO_ON,A1_HOLDING_SERVO_ON_R01_20260611_125030,delta-asda-b3-e,1616,VE|SOD|TR,1,0,-7071,0,0,0.0,0,0.0,299,47,4270,2391,6000,,0,,,,holding,normal,0,no_load,none,"A1: Servo ON, shaft stationary",servo-app/lab-0.1
1781157057.4677732,26.20519709587097,A1_HOLDING_SERVO_ON,A1_HOLDING_SERVO_ON_R01_20260611_125030,delta-asda-b3-e,1616,VE|SOD|TR,1,0,-7071,0,-1,-0.00427,-1,-0.002391,299,47,4270,2391,6000,,0,,,,holding,normal,0,no_load,none,"A1: Servo ON, shaft stationary",servo-app/lab-0.1
1781157057.5679462,26.305370092391968,A1_HOLDING_SERVO_ON,A1_HOLDING_SERVO_ON_R01_20260611_125030,delta-asda-b3-e,1616,VE|SOD|TR,1,0,-7075,0,0,0.0,-1,-0.002391,299,47,4270,2391,6000,,0,,,,holding,normal,0,no_load,none,"A1: Servo ON, shaft stationary",servo-app/lab-0.1
1781157057.6682427,26.40566658973694,A1_HOLDING_SERVO_ON,A1_HOLDING_SERVO_ON_R01_20260611_125030,delta-asda-b3-e,1616,VE|SOD|TR,1,0,-7067,0,0,0.0,0,0.0,299,47,4270,2391,6000,,0,,,,holding,normal,0,no_load,none,"A1: Servo ON, shaft stationary",servo-app/lab-0.1
1781157057.7685492,26.50597310066223,A1_HOLDING_SERVO_ON,A1_HOLDING_SERVO_ON_R01_20260611_125030,delta-asda-b3-e,1616,VE|SOD|TR,1,0,-7067,0,0,0.0,0,0.0,299,47,4270,2391,6000,,0,,,,holding,normal,0,no_load,none,"A1: Servo ON, shaft stationary",servo-app/lab-0.1
1781157057.868882,26.606305837631226,A1_HOLDING_SERVO_ON,A1_HOLDING_SERVO_ON_R01_20260611_125030,delta-asda-b3-e,1616,VE|SOD|TR,1,0,-7075,0,-1,-0.00427,0,0.0,299,47,4270,2391,6000,,0,,,,holding,normal,0,no_load,none,"A1: Servo ON, shaft stationary",servo-app/lab-0.1
1781157057.9697542,26.707178115844727,A1_HOLDING_SERVO_ON,A1_HOLDING_SERVO_ON_R01_20260611_125030,delta-asda-b3-e,1616,VE|SOD|TR,1,0,-7061,0,-1,-0.00427,-1,-0.002391,299,47,4270,2391,6000,,0,,,,holding,normal,0,no_load,none,"A1: Servo ON, shaft stationary",servo-app/lab-0.1
1781157058.0700421,26.80746603012085,A1_HOLDING_SERVO_ON,A1_HOLDING_SERVO_ON_R01_20260611_125030,delta-asda-b3-e,1616,VE|SOD|TR,1,0,-7071,0,0,0.0,-1,-0.002391,299,47,4270,2391,6000,,0,,,,holding,normal,0,no_load,none,"A1: Servo ON, shaft stationary",servo-app/lab-0.1
1781157058.1704278,26.907851696014404,A1_HOLDING_SERVO_ON,A1_HOLDING_SERVO_ON_R01_20260611_125030,delta-asda-b3-e,1616,VE|SOD|TR,1,0,-7065,0,0,0.0,-1,-0.002391,299,47,4270,2391,6000,,0,,,,holding,normal,0,no_load,none,"A1: Servo ON, shaft stationary",servo-app/lab-0.1
1781157058.2705376,27.00796151161194,A1_HOLDING_SERVO_ON,A1_HOLDING_SERVO_ON_R01_20260611_125030,delta-asda-b3-e,1616,VE|SOD|TR,1,0,-7067,0,0,0.0,0,0.0,299,47,4270,2391,6000,,0,,,,holding,normal,0,no_load,none,"A1: Servo ON, shaft stationary",servo-app/lab-0.1
1781157058.3709927,27.10841655731201,A1_HOLDING_SERVO_ON,A1_HOLDING_SERVO_ON_R01_20260611_125030,delta-asda-b3-e,1616,VE|SOD|TR,1,0,-7075,0,-1,-0.00427,-1,-0.002391,299,47,4270,2391,6000,,0,,,,holding,normal,0,no_load,none,"A1: Servo ON, shaft stationary",servo-app/lab-0.1
1781157058.4713993,27.208823204040527,A1_HOLDING_SERVO_ON,A1_HOLDING_SERVO_ON_R01_20260611_125030,delta-asda-b3-e,1616,VE|SOD|TR,1,0,-7067,0,0,0.0,0,0.0,299,47,4270,2391,6000,,0,,,,holding,normal,0,no_load,none,"A1: Servo ON, shaft stationary",servo-app/lab-0.1
1781157058.571615,27.309038877487183,A1_HOLDING_SERVO_ON,A1_HOLDING_SERVO_ON_R01_20260611_125030,delta-asda-b3-e,1616,VE|SOD|TR,1,0,-7081,0,0,0.0,0,0.0,299,47,4270,2391,6000,,0,,,,holding,normal,0,no_load,none,"A1: Servo ON, shaft stationary",servo-app/lab-0.1
1781157058.6717315,27.40915536880493,A1_HOLDING_SERVO_ON,A1_HOLDING_SERVO_ON_R01_20260611_125030,delta-asda-b3-e,1616,VE|SOD|TR,1,0,-7061,0,-1,-0.00427,0,0.0,299,47,4270,2391,6000,,0,,,,holding,normal,0,no_load,none,"A1: Servo ON, shaft stationary",servo-app/lab-0.1
1781157058.7722635,27.509687423706055,A1_HOLDING_SERVO_ON,A1_HOLDING_SERVO_ON_R01_20260611_125030,delta-asda-b3-e,1616,VE|SOD|TR,1,0,-7071,0,-1,-0.00427,-1,-0.002391,299,47,4270,2391,6000,,0,,,,holding,normal,0,no_load,none,"A1: Servo ON, shaft stationary",servo-app/lab-0.1
1781157058.8727174,27.610141277313232,A1_HOLDING_SERVO_ON,A1_HOLDING_SERVO_ON_R01_20260611_125030,delta-asda-b3-e,1616,VE|SOD|TR,1,0,-7075,0,-1,-0.00427,0,0.0,299,47,4270,2391,6000,,0,,,,holding,normal,0,no_load,none,"A1: Servo ON, shaft stationary",servo-app/lab-0.1
1781157058.9731343,27.71055817604065,A1_HOLDING_SERVO_ON,A1_HOLDING_SERVO_ON_R01_20260611_125030,delta-asda-b3-e,1616,VE|SOD|TR,1,0,-7065,0,0,0.0,0,0.0,299,47,4270,2391,6000,,0,,,,holding,normal,0,no_load,none,"A1: Servo ON, shaft stationary",servo-app/lab-0.1
1781157059.0733418,27.810765743255615,A1_HOLDING_SERVO_ON,A1_HOLDING_SERVO_ON_R01_20260611_125030,delta-asda-b3-e,1616,VE|SOD|TR,1,0,-7071,0,0,0.0,0,0.0,299,47,4270,2391,6000,,0,,,,holding,normal,0,no_load,none,"A1: Servo ON, shaft stationary",servo-app/lab-0.1
1781157059.173433,27.91085696220398,A1_HOLDING_SERVO_ON,A1_HOLDING_SERVO_ON_R01_20260611_125030,delta-asda-b3-e,1616,VE|SOD|TR,1,0,-7071,0,0,0.0,0,0.0,300,47,4270,2391,6000,,0,,,,holding,normal,0,no_load,none,"A1: Servo ON, shaft stationary",servo-app/lab-0.1
1781157059.2735865,28.01101040840149,A1_HOLDING_SERVO_ON,A1_HOLDING_SERVO_ON_R01_20260611_125030,delta-asda-b3-e,1616,VE|SOD|TR,1,0,-7065,0,0,0.0,0,0.0,300,47,4270,2391,6000,,0,,,,holding,normal,0,no_load,none,"A1: Servo ON, shaft stationary",servo-app/lab-0.1
1781157059.374069,28.11149287223816,A1_HOLDING_SERVO_ON,A1_HOLDING_SERVO_ON_R01_20260611_125030,delta-asda-b3-e,1616,VE|SOD|TR,1,0,-7061,0,-1,-0.00427,-1,-0.002391,300,47,4270,2391,6000,,0,,,,holding,normal,0,no_load,none,"A1: Servo ON, shaft stationary",servo-app/lab-0.1
1781157059.4744895,28.211913347244263,A1_HOLDING_SERVO_ON,A1_HOLDING_SERVO_ON_R01_20260611_125030,delta-asda-b3-e,1616,VE|SOD|TR,1,0,-7071,0,-1,-0.00427,-1,-0.002391,299,47,4270,2391,6000,,0,,,,holding,normal,0,no_load,none,"A1: Servo ON, shaft stationary",servo-app/lab-0.1
1781157059.574761,28.312184810638428,A1_HOLDING_SERVO_ON,A1_HOLDING_SERVO_ON_R01_20260611_125030,delta-asda-b3-e,1616,VE|SOD|TR,1,0,-7077,0,0,0.0,0,0.0,300,47,4270,2391,6000,,0,,,,holding,normal,0,no_load,none,"A1: Servo ON, shaft stationary",servo-app/lab-0.1
1781157059.6751978,28.41262173652649,A1_HOLDING_SERVO_ON,A1_HOLDING_SERVO_ON_R01_20260611_125030,delta-asda-b3-e,1616,VE|SOD|TR,1,0,-7061,0,0,0.0,0,0.0,299,47,4270,2391,6000,,0,,,,holding,normal,0,no_load,none,"A1: Servo ON, shaft stationary",servo-app/lab-0.1
1781157059.775571,28.51299500465393,A1_HOLDING_SERVO_ON,A1_HOLDING_SERVO_ON_R01_20260611_125030,delta-asda-b3-e,1616,VE|SOD|TR,1,0,-7065,0,-1,-0.00427,-1,-0.002391,299,47,4270,2391,6000,,0,,,,holding,normal,0,no_load,none,"A1: Servo ON, shaft stationary",servo-app/lab-0.1
1781157059.8757212,28.613145112991333,A1_HOLDING_SERVO_ON,A1_HOLDING_SERVO_ON_R01_20260611_125030,delta-asda-b3-e,1616,VE|SOD|TR,1,0,-7067,0,0,0.0,0,0.0,299,47,4270,2391,6000,,0,,,,holding,normal,0,no_load,none,"A1: Servo ON, shaft stationary",servo-app/lab-0.1
1781157059.9759657,28.71338963508606,A1_HOLDING_SERVO_ON,A1_HOLDING_SERVO_ON_R01_20260611_125030,delta-asda-b3-e,1616,VE|SOD|TR,1,0,-7067,0,-1,-0.00427,0,0.0,300,47,4270,2391,6000,,0,,,,holding,normal,0,no_load,none,"A1: Servo ON, shaft stationary",servo-app/lab-0.1
1781157060.076054,28.813477993011475,A1_HOLDING_SERVO_ON,A1_HOLDING_SERVO_ON_R01_20260611_125030,delta-asda-b3-e,1616,VE|SOD|TR,1,0,-7065,0,0,0.0,0,0.0,299,47,4270,2391,6000,,0,,,,holding,normal,0,no_load,none,"A1: Servo ON, shaft stationary",servo-app/lab-0.1
1781157060.1762788,28.913702726364136,A1_HOLDING_SERVO_ON,A1_HOLDING_SERVO_ON_R01_20260611_125030,delta-asda-b3-e,1616,VE|SOD|TR,1,0,-7067,0,0,0.0,0,0.0,299,47,4270,2391,6000,,0,,,,holding,normal,0,no_load,none,"A1: Servo ON, shaft stationary",servo-app/lab-0.1
1781157060.2764654,29.01388931274414,A1_HOLDING_SERVO_ON,A1_HOLDING_SERVO_ON_R01_20260611_125030,delta-asda-b3-e,1616,VE|SOD|TR,1,0,-7081,0,-1,-0.00427,-1,-0.002391,299,47,4270,2391,6000,,0,,,,holding,normal,0,no_load,none,"A1: Servo ON, shaft stationary",servo-app/lab-0.1
1781157060.3771002,29.114524126052856,A1_HOLDING_SERVO_ON,A1_HOLDING_SERVO_ON_R01_20260611_125030,delta-asda-b3-e,1616,VE|SOD|TR,1,0,-7061,0,-1,-0.00427,0,0.0,299,47,4270,2391,6000,,0,,,,holding,normal,0,no_load,none,"A1: Servo ON, shaft stationary",servo-app/lab-0.1
1781157060.4772334,29.214657306671143,A1_HOLDING_SERVO_ON,A1_HOLDING_SERVO_ON_R01_20260611_125030,delta-asda-b3-e,1616,VE|SOD|TR,1,0,-7071,0,0,0.0,-1,-0.002391,299,47,4270,2391,6000,,0,,,,holding,normal,0,no_load,none,"A1: Servo ON, shaft stationary",servo-app/lab-0.1
1781157060.577761,29.315184831619263,A1_HOLDING_SERVO_ON,A1_HOLDING_SERVO_ON_R01_20260611_125030,delta-asda-b3-e,1616,VE|SOD|TR,1,0,-7065,0,0,0.0,-1,-0.002391,299,47,4270,2391,6000,,0,,,,holding,normal,0,no_load,none,"A1: Servo ON, shaft stationary",servo-app/lab-0.1
1781157060.6781194,29.4155433177948,A1_HOLDING_SERVO_ON,A1_HOLDING_SERVO_ON_R01_20260611_125030,delta-asda-b3-e,1616,VE|SOD|TR,1,0,-7057,0,0,0.0,-1,-0.002391,299,47,4270,2391,6000,,0,,,,holding,normal,0,no_load,none,"A1: Servo ON, shaft stationary",servo-app/lab-0.1
1781157060.778672,29.516095876693726,A1_HOLDING_SERVO_ON,A1_HOLDING_SERVO_ON_R01_20260611_125030,delta-asda-b3-e,1616,VE|SOD|TR,1,0,-7061,0,0,0.0,0,0.0,299,47,4270,2391,6000,,0,,,,holding,normal,0,no_load,none,"A1: Servo ON, shaft stationary",servo-app/lab-0.1
1781157060.8790214,29.616445302963257,A1_HOLDING_SERVO_ON,A1_HOLDING_SERVO_ON_R01_20260611_125030,delta-asda-b3-e,1616,VE|SOD|TR,1,0,-7061,0,0,0.0,0,0.0,299,47,4270,2391,6000,,0,,,,holding,normal,0,no_load,none,"A1: Servo ON, shaft stationary",servo-app/lab-0.1
1781157060.9793348,29.716758728027344,A1_HOLDING_SERVO_ON,A1_HOLDING_SERVO_ON_R01_20260611_125030,delta-asda-b3-e,1616,VE|SOD|TR,1,0,-7065,0,0,0.0,0,0.0,299,47,4270,2391,6000,,0,,,,holding,normal,0,no_load,none,"A1: Servo ON, shaft stationary",servo-app/lab-0.1
1781157061.0795588,29.816982746124268,A1_HOLDING_SERVO_ON,A1_HOLDING_SERVO_ON_R01_20260611_125030,delta-asda-b3-e,1616,VE|SOD|TR,1,0,-7065,0,0,0.0,-1,-0.002391,299,47,4270,2391,6000,,0,,,,holding,normal,0,no_load,none,"A1: Servo ON, shaft stationary",servo-app/lab-0.1
1781157061.1797023,29.917126178741455,A1_HOLDING_SERVO_ON,A1_HOLDING_SERVO_ON_R01_20260611_125030,delta-asda-b3-e,1616,VE|SOD|TR,1,0,-7061,0,-1,-0.00427,0,0.0,299,47,4270,2391,6000,,0,,,,holding,normal,0,no_load,none,"A1: Servo ON, shaft stationary",servo-app/lab-0.1
1781157061.2802463,30.017670154571533,A1_HOLDING_SERVO_ON,A1_HOLDING_SERVO_ON_R01_20260611_125030,delta-asda-b3-e,1616,VE|SOD|TR,1,0,-7067,0,-1,-0.00427,-1,-0.002391,299,47,4270,2391,6000,,0,,,,holding,normal,0,no_load,none,"A1: Servo ON, shaft stationary",servo-app/lab-0.1
1781157061.3807242,30.1181480884552,A1_HOLDING_SERVO_ON,A1_HOLDING_SERVO_ON_R01_20260611_125030,delta-asda-b3-e,1616,VE|SOD|TR,1,0,-7061,0,0,0.0,0,0.0,299,47,4270,2391,6000,,0,,,,holding,normal,0,no_load,none,"A1: Servo ON, shaft stationary",servo-app/lab-0.1
1781157061.4809742,30.218398094177246,A1_HOLDING_SERVO_ON,A1_HOLDING_SERVO_ON_R01_20260611_125030,delta-asda-b3-e,1616,VE|SOD|TR,1,0,-7061,0,-1,-0.00427,0,0.0,299,47,4270,2391,6000,,0,,,,holding,normal,0,no_load,none,"A1: Servo ON, shaft stationary",servo-app/lab-0.1
1781157061.581013,30.318436861038208,A1_HOLDING_SERVO_ON,A1_HOLDING_SERVO_ON_R01_20260611_125030,delta-asda-b3-e,1616,VE|SOD|TR,1,0,-7067,0,0,0.0,0,0.0,299,47,4270,2391,6000,,0,,,,holding,normal,0,no_load,none,"A1: Servo ON, shaft stationary",servo-app/lab-0.1
1781157061.6812823,30.41870617866516,A1_HOLDING_SERVO_ON,A1_HOLDING_SERVO_ON_R01_20260611_125030,delta-asda-b3-e,1616,VE|SOD|TR,1,0,-7061,0,-1,-0.00427,0,0.0,299,47,4270,2391,6000,,0,,,,holding,normal,0,no_load,none,"A1: Servo ON, shaft stationary",servo-app/lab-0.1
1781157061.7817907,30.519214630126953,A1_HOLDING_SERVO_ON,A1_HOLDING_SERVO_ON_R01_20260611_125030,delta-asda-b3-e,1616,VE|SOD|TR,1,0,-7065,0,-1,-0.00427,0,0.0,299,47,4270,2391,6000,,0,,,,holding,normal,0,no_load,none,"A1: Servo ON, shaft stationary",servo-app/lab-0.1
1781157061.8818774,30.619301319122314,A1_HOLDING_SERVO_ON,A1_HOLDING_SERVO_ON_R01_20260611_125030,delta-asda-b3-e,1616,VE|SOD|TR,1,0,-7061,0,0,0.0,0,0.0,299,47,4270,2391,6000,,0,,,,holding,normal,0,no_load,none,"A1: Servo ON, shaft stationary",servo-app/lab-0.1
1781157061.9822686,30.71969246864319,A1_HOLDING_SERVO_ON,A1_HOLDING_SERVO_ON_R01_20260611_125030,delta-asda-b3-e,1616,VE|SOD|TR,1,0,-7065,0,-1,-0.00427,0,0.0,299,47,4270,2391,6000,,0,,,,holding,normal,0,no_load,none,"A1: Servo ON, shaft stationary",servo-app/lab-0.1
1781157062.0823388,30.819762706756592,A1_HOLDING_SERVO_ON,A1_HOLDING_SERVO_ON_R01_20260611_125030,delta-asda-b3-e,1616,VE|SOD|TR,1,0,-7071,0,0,0.0,-1,-0.002391,299,47,4270,2391,6000,,0,,,,holding,normal,0,no_load,none,"A1: Servo ON, shaft stationary",servo-app/lab-0.1
1781157062.1945283,30.931952238082886,A1_HOLDING_SERVO_ON,A1_HOLDING_SERVO_ON_R01_20260611_125030,delta-asda-b3-e,1616,VE|SOD|TR,1,0,-7065,0,0,0.0,-1,-0.002391,299,47,4270,2391,6000,,0,,,,holding,normal,0,no_load,none,"A1: Servo ON, shaft stationary",servo-app/lab-0.1
1781157062.29483,31.032253980636597,A1_HOLDING_SERVO_ON,A1_HOLDING_SERVO_ON_R01_20260611_125030,delta-asda-b3-e,1616,VE|SOD|TR,1,0,-7061,0,-1,-0.00427,0,0.0,299,47,4270,2391,6000,,0,,,,holding,normal,0,no_load,none,"A1: Servo ON, shaft stationary",servo-app/lab-0.1
1781157062.3951836,31.132607460021973,A1_HOLDING_SERVO_ON,A1_HOLDING_SERVO_ON_R01_20260611_125030,delta-asda-b3-e,1616,VE|SOD|TR,1,0,-7081,0,-1,-0.00427,-1,-0.002391,299,47,4270,2391,6000,,0,,,,holding,normal,0,no_load,none,"A1: Servo ON, shaft stationary",servo-app/lab-0.1
1781157062.4957383,31.23316216468811,A1_HOLDING_SERVO_ON,A1_HOLDING_SERVO_ON_R01_20260611_125030,delta-asda-b3-e,1616,VE|SOD|TR,1,0,-7075,0,-1,-0.00427,-1,-0.002391,299,47,4270,2391,6000,,0,,,,holding,normal,0,no_load,none,"A1: Servo ON, shaft stationary",servo-app/lab-0.1
1781157062.5961359,31.33355975151062,A1_HOLDING_SERVO_ON,A1_HOLDING_SERVO_ON_R01_20260611_125030,delta-asda-b3-e,1616,VE|SOD|TR,1,0,-7071,0,-1,-0.00427,-1,-0.002391,299,47,4270,2391,6000,,0,,,,holding,normal,0,no_load,none,"A1: Servo ON, shaft stationary",servo-app/lab-0.1
1781157062.6963835,31.433807373046875,A1_HOLDING_SERVO_ON,A1_HOLDING_SERVO_ON_R01_20260611_125030,delta-asda-b3-e,1616,VE|SOD|TR,1,0,-7061,0,0,0.0,0,0.0,300,47,4270,2391,6000,,0,,,,holding,normal,0,no_load,none,"A1: Servo ON, shaft stationary",servo-app/lab-0.1
1781157062.7967432,31.534167051315308,A1_HOLDING_SERVO_ON,A1_HOLDING_SERVO_ON_R01_20260611_125030,delta-asda-b3-e,1616,VE|SOD|TR,1,0,-7071,0,0,0.0,-1,-0.002391,299,47,4270,2391,6000,,0,,,,holding,normal,0,no_load,none,"A1: Servo ON, shaft stationary",servo-app/lab-0.1
1781157062.897297,31.63472080230713,A1_HOLDING_SERVO_ON,A1_HOLDING_SERVO_ON_R01_20260611_125030,delta-asda-b3-e,1616,VE|SOD|TR,1,0,-7081,0,-1,-0.00427,0,0.0,299,47,4270,2391,6000,,0,,,,holding,normal,0,no_load,none,"A1: Servo ON, shaft stationary",servo-app/lab-0.1
1781157062.9980133,31.735437154769897,A1_HOLDING_SERVO_ON,A1_HOLDING_SERVO_ON_R01_20260611_125030,delta-asda-b3-e,1616,VE|SOD|TR,1,0,-7061,0,-1,-0.00427,-1,-0.002391,300,47,4270,2391,6000,,0,,,,holding,normal,0,no_load,none,"A1: Servo ON, shaft stationary",servo-app/lab-0.1
1781157063.0986426,31.836066484451294,A1_HOLDING_SERVO_ON,A1_HOLDING_SERVO_ON_R01_20260611_125030,delta-asda-b3-e,1616,VE|SOD|TR,1,0,-7071,0,0,0.0,-1,-0.002391,300,47,4270,2391,6000,,0,,,,holding,normal,0,no_load,none,"A1: Servo ON, shaft stationary",servo-app/lab-0.1
1781157063.1988456,31.936269521713257,A1_HOLDING_SERVO_ON,A1_HOLDING_SERVO_ON_R01_20260611_125030,delta-asda-b3-e,1616,VE|SOD|TR,1,0,-7065,0,0,0.0,-1,-0.002391,299,47,4270,2391,6000,,0,,,,holding,normal,0,no_load,none,"A1: Servo ON, shaft stationary",servo-app/lab-0.1
1781157063.2992325,32.03665637969971,A1_HOLDING_SERVO_ON,A1_HOLDING_SERVO_ON_R01_20260611_125030,delta-asda-b3-e,1616,VE|SOD|TR,1,0,-7071,0,-1,-0.00427,-1,-0.002391,299,47,4270,2391,6000,,0,,,,holding,normal,0,no_load,none,"A1: Servo ON, shaft stationary",servo-app/lab-0.1
1781157063.3996286,32.13705253601074,A1_HOLDING_SERVO_ON,A1_HOLDING_SERVO_ON_R01_20260611_125030,delta-asda-b3-e,1616,VE|SOD|TR,1,0,-7075,0,0,0.0,0,0.0,300,47,4270,2391,6000,,0,,,,holding,normal,0,no_load,none,"A1: Servo ON, shaft stationary",servo-app/lab-0.1
1781157063.500156,32.23757982254028,A1_HOLDING_SERVO_ON,A1_HOLDING_SERVO_ON_R01_20260611_125030,delta-asda-b3-e,1616,VE|SOD|TR,1,0,-7071,0,0,0.0,0,0.0,300,47,4270,2391,6000,,0,,,,holding,normal,0,no_load,none,"A1: Servo ON, shaft stationary",servo-app/lab-0.1
1781157063.6003647,32.337788581848145,A1_HOLDING_SERVO_ON,A1_HOLDING_SERVO_ON_R01_20260611_125030,delta-asda-b3-e,1616,VE|SOD|TR,1,0,-7071,0,0,0.0,-1,-0.002391,299,47,4270,2391,6000,,0,,,,holding,normal,0,no_load,none,"A1: Servo ON, shaft stationary",servo-app/lab-0.1
1781157063.7019205,32.43934440612793,A1_HOLDING_SERVO_ON,A1_HOLDING_SERVO_ON_R01_20260611_125030,delta-asda-b3-e,1616,VE|SOD|TR,1,0,-7075,0,0,0.0,-1,-0.002391,299,47,4270,2391,6000,,0,,,,holding,normal,0,no_load,none,"A1: Servo ON, shaft stationary",servo-app/lab-0.1
1781157063.8024483,32.53987216949463,A1_HOLDING_SERVO_ON,A1_HOLDING_SERVO_ON_R01_20260611_125030,delta-asda-b3-e,1616,VE|SOD|TR,1,0,-7075,0,-1,-0.00427,0,0.0,299,47,4270,2391,6000,,0,,,,holding,normal,0,no_load,none,"A1: Servo ON, shaft stationary",servo-app/lab-0.1
1781157063.9027338,32.64015769958496,A1_HOLDING_SERVO_ON,A1_HOLDING_SERVO_ON_R01_20260611_125030,delta-asda-b3-e,1616,VE|SOD|TR,1,0,-7067,0,0,0.0,-1,-0.002391,299,47,4270,2391,6000,,0,,,,holding,normal,0,no_load,none,"A1: Servo ON, shaft stationary",servo-app/lab-0.1
1781157064.0031867,32.74061059951782,A1_HOLDING_SERVO_ON,A1_HOLDING_SERVO_ON_R01_20260611_125030,delta-asda-b3-e,1616,VE|SOD|TR,1,0,-7065,0,0,0.0,0,0.0,300,47,4270,2391,6000,,0,,,,holding,normal,0,no_load,none,"A1: Servo ON, shaft stationary",servo-app/lab-0.1
1781157064.103499,32.840922832489014,A1_HOLDING_SERVO_ON,A1_HOLDING_SERVO_ON_R01_20260611_125030,delta-asda-b3-e,1616,VE|SOD|TR,1,0,-7061,0,0,0.0,-1,-0.002391,300,47,4270,2391,6000,,0,,,,holding,normal,0,no_load,none,"A1: Servo ON, shaft stationary",servo-app/lab-0.1
1781157064.2035553,32.94097924232483,A1_HOLDING_SERVO_ON,A1_HOLDING_SERVO_ON_R01_20260611_125030,delta-asda-b3-e,1616,VE|SOD|TR,1,0,-7071,0,-1,-0.00427,-1,-0.002391,300,47,4270,2391,6000,,0,,,,holding,normal,0,no_load,none,"A1: Servo ON, shaft stationary",servo-app/lab-0.1
1781157064.3039534,33.0413773059845,A1_HOLDING_SERVO_ON,A1_HOLDING_SERVO_ON_R01_20260611_125030,delta-asda-b3-e,1616,VE|SOD|TR,1,0,-7077,0,0,0.0,0,0.0,300,47,4270,2391,6000,,0,,,,holding,normal,0,no_load,none,"A1: Servo ON, shaft stationary",servo-app/lab-0.1
1781157064.4045637,33.141987562179565,A1_HOLDING_SERVO_ON,A1_HOLDING_SERVO_ON_R01_20260611_125030,delta-asda-b3-e,1616,VE|SOD|TR,1,0,-7075,0,0,0.0,-1,-0.002391,299,47,4270,2391,6000,,0,,,,holding,normal,0,no_load,none,"A1: Servo ON, shaft stationary",servo-app/lab-0.1
1781157064.5048125,33.242236375808716,A1_HOLDING_SERVO_ON,A1_HOLDING_SERVO_ON_R01_20260611_125030,delta-asda-b3-e,1616,VE|SOD|TR,1,0,-7071,0,0,0.0,-1,-0.002391,300,47,4270,2391,6000,,0,,,,holding,normal,0,no_load,none,"A1: Servo ON, shaft stationary",servo-app/lab-0.1
1781157064.605202,33.342625856399536,A1_HOLDING_SERVO_ON,A1_HOLDING_SERVO_ON_R01_20260611_125030,delta-asda-b3-e,1616,VE|SOD|TR,1,0,-7061,0,-1,-0.00427,-1,-0.002391,300,47,4270,2391,6000,,0,,,,holding,normal,0,no_load,none,"A1: Servo ON, shaft stationary",servo-app/lab-0.1
1781157064.705895,33.44331884384155,A1_HOLDING_SERVO_ON,A1_HOLDING_SERVO_ON_R01_20260611_125030,delta-asda-b3-e,1616,VE|SOD|TR,1,0,-7081,0,-1,-0.00427,0,0.0,299,47,4270,2391,6000,,0,,,,holding,normal,0,no_load,none,"A1: Servo ON, shaft stationary",servo-app/lab-0.1
1781157064.8060389,33.5434627532959,A1_HOLDING_SERVO_ON,A1_HOLDING_SERVO_ON_R01_20260611_125030,delta-asda-b3-e,1616,VE|SOD|TR,1,0,-7071,0,-1,-0.00427,0,0.0,299,47,4270,2391,6000,,0,,,,holding,normal,0,no_load,none,"A1: Servo ON, shaft stationary",servo-app/lab-0.1
1781157064.9064205,33.64384436607361,A1_HOLDING_SERVO_ON,A1_HOLDING_SERVO_ON_R01_20260611_125030,delta-asda-b3-e,1616,VE|SOD|TR,1,0,-7075,0,-1,-0.00427,-1,-0.002391,299,47,4270,2391,6000,,0,,,,holding,normal,0,no_load,none,"A1: Servo ON, shaft stationary",servo-app/lab-0.1
1781157065.0065048,33.74392867088318,A1_HOLDING_SERVO_ON,A1_HOLDING_SERVO_ON_R01_20260611_125030,delta-asda-b3-e,1616,VE|SOD|TR,1,0,-7065,0,0,0.0,-1,-0.002391,299,47,4270,2391,6000,,0,,,,holding,normal,0,no_load,none,"A1: Servo ON, shaft stationary",servo-app/lab-0.1
1781157065.1073425,33.84476637840271,A1_HOLDING_SERVO_ON,A1_HOLDING_SERVO_ON_R01_20260611_125030,delta-asda-b3-e,1616,VE|SOD|TR,1,0,-7071,0,0,0.0,0,0.0,299,47,4270,2391,6000,,0,,,,holding,normal,0,no_load,none,"A1: Servo ON, shaft stationary",servo-app/lab-0.1
1781157065.2075417,33.94496560096741,A1_HOLDING_SERVO_ON,A1_HOLDING_SERVO_ON_R01_20260611_125030,delta-asda-b3-e,1616,VE|SOD|TR,1,0,-7061,0,0,0.0,-1,-0.002391,299,47,4270,2391,6000,,0,,,,holding,normal,0,no_load,none,"A1: Servo ON, shaft stationary",servo-app/lab-0.1
1781157065.307895,34.045318841934204,A1_HOLDING_SERVO_ON,A1_HOLDING_SERVO_ON_R01_20260611_125030,delta-asda-b3-e,1616,VE|SOD|TR,1,0,-7081,0,-1,-0.00427,0,0.0,299,47,4270,2391,6000,,0,,,,holding,normal,0,no_load,none,"A1: Servo ON, shaft stationary",servo-app/lab-0.1
1781157065.4083958,34.145819664001465,A1_HOLDING_SERVO_ON,A1_HOLDING_SERVO_ON_R01_20260611_125030,delta-asda-b3-e,1616,VE|SOD|TR,1,0,-7071,0,-1,-0.00427,-1,-0.002391,299,47,4270,2391,6000,,0,,,,holding,normal,0,no_load,none,"A1: Servo ON, shaft stationary",servo-app/lab-0.1
1781157065.5087526,34.24617648124695,A1_HOLDING_SERVO_ON,A1_HOLDING_SERVO_ON_R01_20260611_125030,delta-asda-b3-e,1616,VE|SOD|TR,1,0,-7077,0,0,0.0,0,0.0,299,47,4270,2391,6000,,0,,,,holding,normal,0,no_load,none,"A1: Servo ON, shaft stationary",servo-app/lab-0.1
1781157065.6089401,34.34636402130127,A1_HOLDING_SERVO_ON,A1_HOLDING_SERVO_ON_R01_20260611_125030,delta-asda-b3-e,1616,VE|SOD|TR,1,0,-7071,0,-1,-0.00427,-1,-0.002391,299,47,4270,2391,6000,,0,,,,holding,normal,0,no_load,none,"A1: Servo ON, shaft stationary",servo-app/lab-0.1
1781157065.709399,34.44682288169861,A1_HOLDING_SERVO_ON,A1_HOLDING_SERVO_ON_R01_20260611_125030,delta-asda-b3-e,1616,VE|SOD|TR,1,0,-7075,0,0,0.0,-1,-0.002391,299,47,4270,2391,6000,,0,,,,holding,normal,0,no_load,none,"A1: Servo ON, shaft stationary",servo-app/lab-0.1
1781157065.8095803,34.54700422286987,A1_HOLDING_SERVO_ON,A1_HOLDING_SERVO_ON_R01_20260611_125030,delta-asda-b3-e,1616,VE|SOD|TR,1,0,-7071,0,0,0.0,0,0.0,299,47,4270,2391,6000,,0,,,,holding,normal,0,no_load,none,"A1: Servo ON, shaft stationary",servo-app/lab-0.1
1781157065.9096596,34.64708352088928,A1_HOLDING_SERVO_ON,A1_HOLDING_SERVO_ON_R01_20260611_125030,delta-asda-b3-e,1616,VE|SOD|TR,1,0,-7061,0,-1,-0.00427,-1,-0.002391,299,47,4270,2391,6000,,0,,,,holding,normal,0,no_load,none,"A1: Servo ON, shaft stationary",servo-app/lab-0.1
1781157066.009784,34.74720788002014,A1_HOLDING_SERVO_ON,A1_HOLDING_SERVO_ON_R01_20260611_125030,delta-asda-b3-e,1616,VE|SOD|TR,1,0,-7061,0,0,0.0,-1,-0.002391,299,47,4270,2391,6000,,0,,,,holding,normal,0,no_load,none,"A1: Servo ON, shaft stationary",servo-app/lab-0.1
1781157066.11015,34.84757399559021,A1_HOLDING_SERVO_ON,A1_HOLDING_SERVO_ON_R01_20260611_125030,delta-asda-b3-e,1616,VE|SOD|TR,1,0,-7075,0,-1,-0.00427,0,0.0,299,47,4270,2391,6000,,0,,,,holding,normal,0,no_load,none,"A1: Servo ON, shaft stationary",servo-app/lab-0.1
1781157066.2103286,34.947752475738525,A1_HOLDING_SERVO_ON,A1_HOLDING_SERVO_ON_R01_20260611_125030,delta-asda-b3-e,1616,VE|SOD|TR,1,0,-7081,0,-1,-0.00427,-1,-0.002391,299,47,4270,2391,6000,,0,,,,holding,normal,0,no_load,none,"A1: Servo ON, shaft stationary",servo-app/lab-0.1
1781157066.3107164,35.04814028739929,A1_HOLDING_SERVO_ON,A1_HOLDING_SERVO_ON_R01_20260611_125030,delta-asda-b3-e,1616,VE|SOD|TR,1,0,-7061,0,0,0.0,-1,-0.002391,299,47,4270,2391,6000,,0,,,,holding,normal,0,no_load,none,"A1: Servo ON, shaft stationary",servo-app/lab-0.1
1781157066.4114263,35.148850202560425,A1_HOLDING_SERVO_ON,A1_HOLDING_SERVO_ON_R01_20260611_125030,delta-asda-b3-e,1616,VE|SOD|TR,1,0,-7071,0,-1,-0.00427,-1,-0.002391,299,47,4270,2391,6000,,0,,,,holding,normal,0,no_load,none,"A1: Servo ON, shaft stationary",servo-app/lab-0.1
1781157066.5118616,35.24928545951843,A1_HOLDING_SERVO_ON,A1_HOLDING_SERVO_ON_R01_20260611_125030,delta-asda-b3-e,1616,VE|SOD|TR,1,0,-7077,0,-1,-0.00427,-1,-0.002391,299,47,4270,2391,6000,,0,,,,holding,normal,0,no_load,none,"A1: Servo ON, shaft stationary",servo-app/lab-0.1
1781157066.613227,35.350650787353516,A1_HOLDING_SERVO_ON,A1_HOLDING_SERVO_ON_R01_20260611_125030,delta-asda-b3-e,1616,VE|SOD|TR,1,0,-7071,0,0,0.0,-1,-0.002391,299,47,4270,2391,6000,,0,,,,holding,normal,0,no_load,none,"A1: Servo ON, shaft stationary",servo-app/lab-0.1
1781157066.7133648,35.450788736343384,A1_HOLDING_SERVO_ON,A1_HOLDING_SERVO_ON_R01_20260611_125030,delta-asda-b3-e,1616,VE|SOD|TR,1,0,-7071,0,0,0.0,0,0.0,299,47,4270,2391,6000,,0,,,,holding,normal,0,no_load,none,"A1: Servo ON, shaft stationary",servo-app/lab-0.1
1781157066.8136714,35.55109524726868,A1_HOLDING_SERVO_ON,A1_HOLDING_SERVO_ON_R01_20260611_125030,delta-asda-b3-e,1616,VE|SOD|TR,1,0,-7071,0,-1,-0.00427,-1,-0.002391,299,47,4270,2391,6000,,0,,,,holding,normal,0,no_load,none,"A1: Servo ON, shaft stationary",servo-app/lab-0.1
1781157066.9141474,35.65157127380371,A1_HOLDING_SERVO_ON,A1_HOLDING_SERVO_ON_R01_20260611_125030,delta-asda-b3-e,1616,VE|SOD|TR,1,0,-7071,0,0,0.0,-1,-0.002391,299,47,4270,2391,6000,,0,,,,holding,normal,0,no_load,none,"A1: Servo ON, shaft stationary",servo-app/lab-0.1
1781157067.0145018,35.7519257068634,A1_HOLDING_SERVO_ON,A1_HOLDING_SERVO_ON_R01_20260611_125030,delta-asda-b3-e,1616,VE|SOD|TR,1,0,-7071,0,-1,-0.00427,-1,-0.002391,299,47,4270,2391,6000,,0,,,,holding,normal,0,no_load,none,"A1: Servo ON, shaft stationary",servo-app/lab-0.1
1781157067.1149166,35.85234045982361,A1_HOLDING_SERVO_ON,A1_HOLDING_SERVO_ON_R01_20260611_125030,delta-asda-b3-e,1616,VE|SOD|TR,1,0,-7071,0,-1,-0.00427,-1,-0.002391,299,47,4270,2391,6000,,0,,,,holding,normal,0,no_load,none,"A1: Servo ON, shaft stationary",servo-app/lab-0.1
1781157067.2154286,35.95285248756409,A1_HOLDING_SERVO_ON,A1_HOLDING_SERVO_ON_R01_20260611_125030,delta-asda-b3-e,1616,VE|SOD|TR,1,0,-7061,0,0,0.0,0,0.0,300,47,4270,2391,6000,,0,,,,holding,normal,0,no_load,none,"A1: Servo ON, shaft stationary",servo-app/lab-0.1
1781157067.3158145,36.05323839187622,A1_HOLDING_SERVO_ON,A1_HOLDING_SERVO_ON_R01_20260611_125030,delta-asda-b3-e,1616,VE|SOD|TR,1,0,-7071,0,-1,-0.00427,-1,-0.002391,299,47,4270,2391,6000,,0,,,,holding,normal,0,no_load,none,"A1: Servo ON, shaft stationary",servo-app/lab-0.1
1781157067.4165723,36.15399622917175,A1_HOLDING_SERVO_ON,A1_HOLDING_SERVO_ON_R01_20260611_125030,delta-asda-b3-e,1616,VE|SOD|TR,1,0,-7071,0,-1,-0.00427,0,0.0,299,47,4270,2391,6000,,0,,,,holding,normal,0,no_load,none,"A1: Servo ON, shaft stationary",servo-app/lab-0.1
1781157067.7084317,36.44585561752319,A1_HOLDING_SERVO_ON,A1_HOLDING_SERVO_ON_R01_20260611_125030,delta-asda-b3-e,1616,VE|SOD|TR,1,0,-7077,0,0,0.0,-1,-0.002391,299,47,4270,2391,6000,,0,,,,holding,normal,0,no_load,none,"A1: Servo ON, shaft stationary",servo-app/lab-0.1
1781157067.8090944,36.546518325805664,A1_HOLDING_SERVO_ON,A1_HOLDING_SERVO_ON_R01_20260611_125030,delta-asda-b3-e,1616,VE|SOD|TR,1,0,-7071,0,0,0.0,-1,-0.002391,299,47,4270,2391,6000,,0,,,,holding,normal,0,no_load,none,"A1: Servo ON, shaft stationary",servo-app/lab-0.1
1781157067.9097779,36.64720177650452,A1_HOLDING_SERVO_ON,A1_HOLDING_SERVO_ON_R01_20260611_125030,delta-asda-b3-e,1616,VE|SOD|TR,1,0,-7071,0,-1,-0.00427,-1,-0.002391,299,47,4270,2391,6000,,0,,,,holding,normal,0,no_load,none,"A1: Servo ON, shaft stationary",servo-app/lab-0.1
1781157068.0099742,36.747398138046265,A1_HOLDING_SERVO_ON,A1_HOLDING_SERVO_ON_R01_20260611_125030,delta-asda-b3-e,1616,VE|SOD|TR,1,0,-7085,0,0,0.0,-1,-0.002391,299,47,4270,2391,6000,,0,,,,holding,normal,0,no_load,none,"A1: Servo ON, shaft stationary",servo-app/lab-0.1
1781157068.1100326,36.84745645523071,A1_HOLDING_SERVO_ON,A1_HOLDING_SERVO_ON_R01_20260611_125030,delta-asda-b3-e,1616,VE|SOD|TR,1,0,-7067,0,-1,-0.00427,0,0.0,299,47,4270,2391,6000,,0,,,,holding,normal,0,no_load,none,"A1: Servo ON, shaft stationary",servo-app/lab-0.1
1781157068.2105541,36.947978019714355,A1_HOLDING_SERVO_ON,A1_HOLDING_SERVO_ON_R01_20260611_125030,delta-asda-b3-e,1616,VE|SOD|TR,1,0,-7065,0,-1,-0.00427,-1,-0.002391,299,47,4270,2391,6000,,0,,,,holding,normal,0,no_load,none,"A1: Servo ON, shaft stationary",servo-app/lab-0.1
1781157068.310813,37.04823684692383,A1_HOLDING_SERVO_ON,A1_HOLDING_SERVO_ON_R01_20260611_125030,delta-asda-b3-e,1616,VE|SOD|TR,1,0,-7071,0,0,0.0,-1,-0.002391,299,47,4270,2391,6000,,0,,,,holding,normal,0,no_load,none,"A1: Servo ON, shaft stationary",servo-app/lab-0.1
1781157068.4109874,37.1484112739563,A1_HOLDING_SERVO_ON,A1_HOLDING_SERVO_ON_R01_20260611_125030,delta-asda-b3-e,1616,VE|SOD|TR,1,0,-7065,0,-1,-0.00427,0,0.0,299,47,4270,2391,6000,,0,,,,holding,normal,0,no_load,none,"A1: Servo ON, shaft stationary",servo-app/lab-0.1
1781157068.5114682,37.248892068862915,A1_HOLDING_SERVO_ON,A1_HOLDING_SERVO_ON_R01_20260611_125030,delta-asda-b3-e,1616,VE|SOD|TR,1,0,-7071,0,0,0.0,-1,-0.002391,299,47,4270,2391,6000,,0,,,,holding,normal,0,no_load,none,"A1: Servo ON, shaft stationary",servo-app/lab-0.1
1781157068.611726,37.34914994239807,A1_HOLDING_SERVO_ON,A1_HOLDING_SERVO_ON_R01_20260611_125030,delta-asda-b3-e,1616,VE|SOD|TR,1,0,-7081,0,-1,-0.00427,-1,-0.002391,299,47,4270,2391,6000,,0,,,,holding,normal,0,no_load,none,"A1: Servo ON, shaft stationary",servo-app/lab-0.1
1781157068.7118986,37.44932246208191,A1_HOLDING_SERVO_ON,A1_HOLDING_SERVO_ON_R01_20260611_125030,delta-asda-b3-e,1616,VE|SOD|TR,1,0,-7071,0,-1,-0.00427,-1,-0.002391,299,47,4270,2391,6000,,0,,,,holding,normal,0,no_load,none,"A1: Servo ON, shaft stationary",servo-app/lab-0.1
1781157068.8123195,37.54974341392517,A1_HOLDING_SERVO_ON,A1_HOLDING_SERVO_ON_R01_20260611_125030,delta-asda-b3-e,1616,VE|SOD|TR,1,0,-7061,0,-1,-0.00427,-1,-0.002391,299,47,4270,2391,6000,,0,,,,holding,normal,0,no_load,none,"A1: Servo ON, shaft stationary",servo-app/lab-0.1
1781157068.9127214,37.650145292282104,A1_HOLDING_SERVO_ON,A1_HOLDING_SERVO_ON_R01_20260611_125030,delta-asda-b3-e,1616,VE|SOD|TR,1,0,-7081,0,0,0.0,0,0.0,298,47,4270,2391,6000,,0,,,,holding,normal,0,no_load,none,"A1: Servo ON, shaft stationary",servo-app/lab-0.1
1781157069.0132587,37.75068259239197,A1_HOLDING_SERVO_ON,A1_HOLDING_SERVO_ON_R01_20260611_125030,delta-asda-b3-e,1616,VE|SOD|TR,1,0,-7071,0,0,0.0,0,0.0,299,47,4270,2391,6000,,0,,,,holding,normal,0,no_load,none,"A1: Servo ON, shaft stationary",servo-app/lab-0.1
1781157069.1140442,37.851468086242676,A1_HOLDING_SERVO_ON,A1_HOLDING_SERVO_ON_R01_20260611_125030,delta-asda-b3-e,1616,VE|SOD|TR,1,0,-7067,0,-1,-0.00427,-1,-0.002391,299,47,4270,2391,6000,,0,,,,holding,normal,0,no_load,none,"A1: Servo ON, shaft stationary",servo-app/lab-0.1
1781157069.2144802,37.95190405845642,A1_HOLDING_SERVO_ON,A1_HOLDING_SERVO_ON_R01_20260611_125030,delta-asda-b3-e,1616,VE|SOD|TR,1,0,-7071,0,0,0.0,0,0.0,299,47,4270,2391,6000,,0,,,,holding,normal,0,no_load,none,"A1: Servo ON, shaft stationary",servo-app/lab-0.1
1781157069.3149605,38.05238437652588,A1_HOLDING_SERVO_ON,A1_HOLDING_SERVO_ON_R01_20260611_125030,delta-asda-b3-e,1616,VE|SOD|TR,1,0,-7065,0,-1,-0.00427,0,0.0,299,47,4270,2391,6000,,0,,,,holding,normal,0,no_load,none,"A1: Servo ON, shaft stationary",servo-app/lab-0.1
1781157069.4151986,38.15262246131897,A1_HOLDING_SERVO_ON,A1_HOLDING_SERVO_ON_R01_20260611_125030,delta-asda-b3-e,1616,VE|SOD|TR,1,0,-7057,0,0,0.0,0,0.0,299,47,4270,2391,6000,,0,,,,holding,normal,0,no_load,none,"A1: Servo ON, shaft stationary",servo-app/lab-0.1
1781157069.515572,38.25299596786499,A1_HOLDING_SERVO_ON,A1_HOLDING_SERVO_ON_R01_20260611_125030,delta-asda-b3-e,1616,VE|SOD|TR,1,0,-7071,0,-1,-0.00427,0,0.0,299,47,4270,2391,6000,,0,,,,holding,normal,0,no_load,none,"A1: Servo ON, shaft stationary",servo-app/lab-0.1
1781157069.6158795,38.3533034324646,A1_HOLDING_SERVO_ON,A1_HOLDING_SERVO_ON_R01_20260611_125030,delta-asda-b3-e,1616,VE|SOD|TR,1,0,-7077,0,-1,-0.00427,-1,-0.002391,299,47,4270,2391,6000,,0,,,,holding,normal,0,no_load,none,"A1: Servo ON, shaft stationary",servo-app/lab-0.1
1781157069.7159686,38.45339250564575,A1_HOLDING_SERVO_ON,A1_HOLDING_SERVO_ON_R01_20260611_125030,delta-asda-b3-e,1616,VE|SOD|TR,1,0,-7071,0,0,0.0,0,0.0,299,47,4270,2391,6000,,0,,,,holding,normal,0,no_load,none,"A1: Servo ON, shaft stationary",servo-app/lab-0.1
1781157069.8163538,38.55377769470215,A1_HOLDING_SERVO_ON,A1_HOLDING_SERVO_ON_R01_20260611_125030,delta-asda-b3-e,1616,VE|SOD|TR,1,0,-7065,0,0,0.0,0,0.0,299,47,4270,2391,6000,,0,,,,holding,normal,0,no_load,none,"A1: Servo ON, shaft stationary",servo-app/lab-0.1
1781157069.9163816,38.65380549430847,A1_HOLDING_SERVO_ON,A1_HOLDING_SERVO_ON_R01_20260611_125030,delta-asda-b3-e,1616,VE|SOD|TR,1,0,-7065,0,-1,-0.00427,0,0.0,299,47,4270,2391,6000,,0,,,,holding,normal,0,no_load,none,"A1: Servo ON, shaft stationary",servo-app/lab-0.1
1781157070.0164979,38.75392174720764,A1_HOLDING_SERVO_ON,A1_HOLDING_SERVO_ON_R01_20260611_125030,delta-asda-b3-e,1616,VE|SOD|TR,1,0,-7081,0,0,0.0,-1,-0.002391,299,47,4270,2391,6000,,0,,,,holding,normal,0,no_load,none,"A1: Servo ON, shaft stationary",servo-app/lab-0.1
1781157070.1168232,38.854247093200684,A1_HOLDING_SERVO_ON,A1_HOLDING_SERVO_ON_R01_20260611_125030,delta-asda-b3-e,1616,VE|SOD|TR,1,0,-7075,0,-1,-0.00427,0,0.0,299,47,4270,2391,6000,,0,,,,holding,normal,0,no_load,none,"A1: Servo ON, shaft stationary",servo-app/lab-0.1
1781157070.2173822,38.954806089401245,A1_HOLDING_SERVO_ON,A1_HOLDING_SERVO_ON_R01_20260611_125030,delta-asda-b3-e,1616,VE|SOD|TR,1,0,-7075,0,-1,-0.00427,0,0.0,299,47,4270,2391,6000,,0,,,,holding,normal,0,no_load,none,"A1: Servo ON, shaft stationary",servo-app/lab-0.1
1781157070.3177376,39.055161476135254,A1_HOLDING_SERVO_ON,A1_HOLDING_SERVO_ON_R01_20260611_125030,delta-asda-b3-e,1616,VE|SOD|TR,1,0,-7071,0,0,0.0,0,0.0,299,47,4270,2391,6000,,0,,,,holding,normal,0,no_load,none,"A1: Servo ON, shaft stationary",servo-app/lab-0.1
1781157070.4182231,39.15564703941345,A1_HOLDING_SERVO_ON,A1_HOLDING_SERVO_ON_R01_20260611_125030,delta-asda-b3-e,1616,VE|SOD|TR,1,0,-7067,0,0,0.0,0,0.0,299,47,4270,2391,6000,,0,,,,holding,normal,0,no_load,none,"A1: Servo ON, shaft stationary",servo-app/lab-0.1
1781157070.5186806,39.256104469299316,A1_HOLDING_SERVO_ON,A1_HOLDING_SERVO_ON_R01_20260611_125030,delta-asda-b3-e,1616,VE|SOD|TR,1,0,-7077,0,-1,-0.00427,0,0.0,299,47,4270,2391,6000,,0,,,,holding,normal,0,no_load,none,"A1: Servo ON, shaft stationary",servo-app/lab-0.1
1781157070.6196423,39.35706615447998,A1_HOLDING_SERVO_ON,A1_HOLDING_SERVO_ON_R01_20260611_125030,delta-asda-b3-e,1616,VE|SOD|TR,1,0,-7075,0,-1,-0.00427,-1,-0.002391,299,47,4270,2391,6000,,0,,,,holding,normal,0,no_load,none,"A1: Servo ON, shaft stationary",servo-app/lab-0.1
1781157070.7199774,39.457401275634766,A1_HOLDING_SERVO_ON,A1_HOLDING_SERVO_ON_R01_20260611_125030,delta-asda-b3-e,1616,VE|SOD|TR,1,0,-7071,0,0,0.0,-1,-0.002391,299,47,4270,2391,6000,,0,,,,holding,normal,0,no_load,none,"A1: Servo ON, shaft stationary",servo-app/lab-0.1
1781157070.8201525,39.557576417922974,A1_HOLDING_SERVO_ON,A1_HOLDING_SERVO_ON_R01_20260611_125030,delta-asda-b3-e,1616,VE|SOD|TR,1,0,-7071,0,-1,-0.00427,0,0.0,299,47,4270,2391,6000,,0,,,,holding,normal,0,no_load,none,"A1: Servo ON, shaft stationary",servo-app/lab-0.1
1781157070.9207687,39.65819263458252,A1_HOLDING_SERVO_ON,A1_HOLDING_SERVO_ON_R01_20260611_125030,delta-asda-b3-e,1616,VE|SOD|TR,1,0,-7061,0,-1,-0.00427,0,0.0,299,47,4270,2391,6000,,0,,,,holding,normal,0,no_load,none,"A1: Servo ON, shaft stationary",servo-app/lab-0.1
1781157071.021206,39.75862979888916,A1_HOLDING_SERVO_ON,A1_HOLDING_SERVO_ON_R01_20260611_125030,delta-asda-b3-e,1616,VE|SOD|TR,1,0,-7075,0,0,0.0,0,0.0,299,47,4270,2391,6000,,0,,,,holding,normal,0,no_load,none,"A1: Servo ON, shaft stationary",servo-app/lab-0.1
1781157071.121707,39.859130859375,A1_HOLDING_SERVO_ON,A1_HOLDING_SERVO_ON_R01_20260611_125030,delta-asda-b3-e,1616,VE|SOD|TR,1,0,-7081,0,-1,-0.00427,-1,-0.002391,299,47,4270,2391,6000,,0,,,,holding,normal,0,no_load,none,"A1: Servo ON, shaft stationary",servo-app/lab-0.1
1781157071.2218509,39.959274768829346,A1_HOLDING_SERVO_ON,A1_HOLDING_SERVO_ON_R01_20260611_125030,delta-asda-b3-e,1616,VE|SOD|TR,1,0,-7075,0,0,0.0,-1,-0.002391,299,47,4270,2391,6000,,0,,,,holding,normal,0,no_load,none,"A1: Servo ON, shaft stationary",servo-app/lab-0.1
1781157071.3223155,40.05973935127258,A1_HOLDING_SERVO_ON,A1_HOLDING_SERVO_ON_R01_20260611_125030,delta-asda-b3-e,1616,VE|SOD|TR,1,0,-7061,0,-1,-0.00427,0,0.0,299,47,4270,2391,6000,,0,,,,holding,normal,0,no_load,none,"A1: Servo ON, shaft stationary",servo-app/lab-0.1
1781157071.422855,40.16027879714966,A1_HOLDING_SERVO_ON,A1_HOLDING_SERVO_ON_R01_20260611_125030,delta-asda-b3-e,1616,VE|SOD|TR,1,0,-7071,0,-1,-0.00427,0,0.0,299,47,4270,2391,6000,,0,,,,holding,normal,0,no_load,none,"A1: Servo ON, shaft stationary",servo-app/lab-0.1
1781157071.5233264,40.26075029373169,A1_HOLDING_SERVO_ON,A1_HOLDING_SERVO_ON_R01_20260611_125030,delta-asda-b3-e,1616,VE|SOD|TR,1,0,-7067,0,0,0.0,-1,-0.002391,299,47,4270,2391,6000,,0,,,,holding,normal,0,no_load,none,"A1: Servo ON, shaft stationary",servo-app/lab-0.1
1781157071.6236415,40.36106538772583,A1_HOLDING_SERVO_ON,A1_HOLDING_SERVO_ON_R01_20260611_125030,delta-asda-b3-e,1616,VE|SOD|TR,1,0,-7085,0,0,0.0,0,0.0,299,47,4270,2391,6000,,0,,,,holding,normal,0,no_load,none,"A1: Servo ON, shaft stationary",servo-app/lab-0.1
1781157071.7240415,40.46146535873413,A1_HOLDING_SERVO_ON,A1_HOLDING_SERVO_ON_R01_20260611_125030,delta-asda-b3-e,1616,VE|SOD|TR,1,0,-7065,0,-1,-0.00427,0,0.0,299,47,4270,2391,6000,,0,,,,holding,normal,0,no_load,none,"A1: Servo ON, shaft stationary",servo-app/lab-0.1
1781157071.8241136,40.56153750419617,A1_HOLDING_SERVO_ON,A1_HOLDING_SERVO_ON_R01_20260611_125030,delta-asda-b3-e,1616,VE|SOD|TR,1,0,-7065,0,-1,-0.00427,0,0.0,299,47,4270,2391,6000,,0,,,,holding,normal,0,no_load,none,"A1: Servo ON, shaft stationary",servo-app/lab-0.1
1781157071.9246523,40.662076234817505,A1_HOLDING_SERVO_ON,A1_HOLDING_SERVO_ON_R01_20260611_125030,delta-asda-b3-e,1616,VE|SOD|TR,1,0,-7071,0,0,0.0,-1,-0.002391,299,47,4270,2391,6000,,0,,,,holding,normal,0,no_load,none,"A1: Servo ON, shaft stationary",servo-app/lab-0.1
1781157072.0250766,40.762500524520874,A1_HOLDING_SERVO_ON,A1_HOLDING_SERVO_ON_R01_20260611_125030,delta-asda-b3-e,1616,VE|SOD|TR,1,0,-7075,0,-1,-0.00427,-1,-0.002391,299,47,4270,2391,6000,,0,,,,holding,normal,0,no_load,none,"A1: Servo ON, shaft stationary",servo-app/lab-0.1
1781157072.1252315,40.86265540122986,A1_HOLDING_SERVO_ON,A1_HOLDING_SERVO_ON_R01_20260611_125030,delta-asda-b3-e,1616,VE|SOD|TR,1,0,-7067,0,0,0.0,-1,-0.002391,299,47,4270,2391,6000,,0,,,,holding,normal,0,no_load,none,"A1: Servo ON, shaft stationary",servo-app/lab-0.1
1781157072.2265756,40.9639995098114,A1_HOLDING_SERVO_ON,A1_HOLDING_SERVO_ON_R01_20260611_125030,delta-asda-b3-e,1616,VE|SOD|TR,1,0,-7067,0,0,0.0,-1,-0.002391,299,47,4270,2391,6000,,0,,,,holding,normal,0,no_load,none,"A1: Servo ON, shaft stationary",servo-app/lab-0.1
1781157072.3270524,41.06447625160217,A1_HOLDING_SERVO_ON,A1_HOLDING_SERVO_ON_R01_20260611_125030,delta-asda-b3-e,1616,VE|SOD|TR,1,0,-7061,0,-1,-0.00427,-1,-0.002391,299,47,4270,2391,6000,,0,,,,holding,normal,0,no_load,none,"A1: Servo ON, shaft stationary",servo-app/lab-0.1
1781157072.4273202,41.16474413871765,A1_HOLDING_SERVO_ON,A1_HOLDING_SERVO_ON_R01_20260611_125030,delta-asda-b3-e,1616,VE|SOD|TR,1,0,-7061,0,-1,-0.00427,0,0.0,299,47,4270,2391,6000,,0,,,,holding,normal,0,no_load,none,"A1: Servo ON, shaft stationary",servo-app/lab-0.1
1781157072.5277915,41.2652153968811,A1_HOLDING_SERVO_ON,A1_HOLDING_SERVO_ON_R01_20260611_125030,delta-asda-b3-e,1616,VE|SOD|TR,1,0,-7071,0,0,0.0,-1,-0.002391,299,47,4270,2391,6000,,0,,,,holding,normal,0,no_load,none,"A1: Servo ON, shaft stationary",servo-app/lab-0.1
1781157072.6285715,41.36599540710449,A1_HOLDING_SERVO_ON,A1_HOLDING_SERVO_ON_R01_20260611_125030,delta-asda-b3-e,1616,VE|SOD|TR,1,0,-7071,0,-1,-0.00427,-1,-0.002391,299,47,4270,2391,6000,,0,,,,holding,normal,0,no_load,none,"A1: Servo ON, shaft stationary",servo-app/lab-0.1
1781157072.729109,41.466532945632935,A1_HOLDING_SERVO_ON,A1_HOLDING_SERVO_ON_R01_20260611_125030,delta-asda-b3-e,1616,VE|SOD|TR,1,0,-7067,0,0,0.0,-1,-0.002391,300,47,4270,2391,6000,,0,,,,holding,normal,0,no_load,none,"A1: Servo ON, shaft stationary",servo-app/lab-0.1
1781157072.8298333,41.56725716590881,A1_HOLDING_SERVO_ON,A1_HOLDING_SERVO_ON_R01_20260611_125030,delta-asda-b3-e,1616,VE|SOD|TR,1,0,-7065,0,-1,-0.00427,-1,-0.002391,299,47,4270,2391,6000,,0,,,,holding,normal,0,no_load,none,"A1: Servo ON, shaft stationary",servo-app/lab-0.1
1781157072.9300985,41.66752243041992,A1_HOLDING_SERVO_ON,A1_HOLDING_SERVO_ON_R01_20260611_125030,delta-asda-b3-e,1616,VE|SOD|TR,1,0,-7071,0,-1,-0.00427,0,0.0,299,47,4270,2391,6000,,0,,,,holding,normal,0,no_load,none,"A1: Servo ON, shaft stationary",servo-app/lab-0.1
1781157073.0305994,41.76802325248718,A1_HOLDING_SERVO_ON,A1_HOLDING_SERVO_ON_R01_20260611_125030,delta-asda-b3-e,1616,VE|SOD|TR,1,0,-7071,0,0,0.0,-1,-0.002391,299,47,4270,2391,6000,,0,,,,holding,normal,0,no_load,none,"A1: Servo ON, shaft stationary",servo-app/lab-0.1
1781157073.1318922,41.86931610107422,A1_HOLDING_SERVO_ON,A1_HOLDING_SERVO_ON_R01_20260611_125030,delta-asda-b3-e,1616,VE|SOD|TR,1,0,-7071,0,0,0.0,-1,-0.002391,299,47,4270,2391,6000,,0,,,,holding,normal,0,no_load,none,"A1: Servo ON, shaft stationary",servo-app/lab-0.1
1781157073.2330556,41.9704794883728,A1_HOLDING_SERVO_ON,A1_HOLDING_SERVO_ON_R01_20260611_125030,delta-asda-b3-e,1616,VE|SOD|TR,1,0,-7075,0,-1,-0.00427,-1,-0.002391,299,47,4270,2391,6000,,0,,,,holding,normal,0,no_load,none,"A1: Servo ON, shaft stationary",servo-app/lab-0.1
1781157073.3335388,42.07096266746521,A1_HOLDING_SERVO_ON,A1_HOLDING_SERVO_ON_R01_20260611_125030,delta-asda-b3-e,1616,VE|SOD|TR,1,0,-7075,0,0,0.0,-1,-0.002391,299,47,4270,2391,6000,,0,,,,holding,normal,0,no_load,none,"A1: Servo ON, shaft stationary",servo-app/lab-0.1
1781157073.433985,42.171408891677856,A1_HOLDING_SERVO_ON,A1_HOLDING_SERVO_ON_R01_20260611_125030,delta-asda-b3-e,1616,VE|SOD|TR,1,0,-7071,0,-1,-0.00427,-1,-0.002391,299,47,4270,2391,6000,,0,,,,holding,normal,0,no_load,none,"A1: Servo ON, shaft stationary",servo-app/lab-0.1
1781157073.5351822,42.27260613441467,A1_HOLDING_SERVO_ON,A1_HOLDING_SERVO_ON_R01_20260611_125030,delta-asda-b3-e,1616,VE|SOD|TR,1,0,-7071,0,0,0.0,0,0.0,299,47,4270,2391,6000,,0,,,,holding,normal,0,no_load,none,"A1: Servo ON, shaft stationary",servo-app/lab-0.1
1781157073.635552,42.37297582626343,A1_HOLDING_SERVO_ON,A1_HOLDING_SERVO_ON_R01_20260611_125030,delta-asda-b3-e,1616,VE|SOD|TR,1,0,-7071,0,-1,-0.00427,-1,-0.002391,298,47,4270,2391,6000,,0,,,,holding,normal,0,no_load,none,"A1: Servo ON, shaft stationary",servo-app/lab-0.1
1781157073.7358952,42.4733190536499,A1_HOLDING_SERVO_ON,A1_HOLDING_SERVO_ON_R01_20260611_125030,delta-asda-b3-e,1616,VE|SOD|TR,1,0,-7071,0,-1,-0.00427,0,0.0,299,47,4270,2391,6000,,0,,,,holding,normal,0,no_load,none,"A1: Servo ON, shaft stationary",servo-app/lab-0.1
1781157073.8361657,42.57358956336975,A1_HOLDING_SERVO_ON,A1_HOLDING_SERVO_ON_R01_20260611_125030,delta-asda-b3-e,1616,VE|SOD|TR,1,0,-7061,0,-1,-0.00427,0,0.0,298,47,4270,2391,6000,,0,,,,holding,normal,0,no_load,none,"A1: Servo ON, shaft stationary",servo-app/lab-0.1
1781157073.9365802,42.67400407791138,A1_HOLDING_SERVO_ON,A1_HOLDING_SERVO_ON_R01_20260611_125030,delta-asda-b3-e,1616,VE|SOD|TR,1,0,-7071,0,0,0.0,-1,-0.002391,298,47,4270,2391,6000,,0,,,,holding,normal,0,no_load,none,"A1: Servo ON, shaft stationary",servo-app/lab-0.1
1781157074.0368814,42.77430534362793,A1_HOLDING_SERVO_ON,A1_HOLDING_SERVO_ON_R01_20260611_125030,delta-asda-b3-e,1616,VE|SOD|TR,1,0,-7065,0,-1,-0.00427,-1,-0.002391,298,47,4270,2391,6000,,0,,,,holding,normal,0,no_load,none,"A1: Servo ON, shaft stationary",servo-app/lab-0.1
1781157074.1370666,42.87449049949646,A1_HOLDING_SERVO_ON,A1_HOLDING_SERVO_ON_R01_20260611_125030,delta-asda-b3-e,1616,VE|SOD|TR,1,0,-7075,0,-1,-0.00427,0,0.0,298,47,4270,2391,6000,,0,,,,holding,normal,0,no_load,none,"A1: Servo ON, shaft stationary",servo-app/lab-0.1
1781157074.237502,42.97492599487305,A1_HOLDING_SERVO_ON,A1_HOLDING_SERVO_ON_R01_20260611_125030,delta-asda-b3-e,1616,VE|SOD|TR,1,0,-7071,0,0,0.0,0,0.0,298,47,4270,2391,6000,,0,,,,holding,normal,0,no_load,none,"A1: Servo ON, shaft stationary",servo-app/lab-0.1
1781157074.3377595,43.075183391571045,A1_HOLDING_SERVO_ON,A1_HOLDING_SERVO_ON_R01_20260611_125030,delta-asda-b3-e,1616,VE|SOD|TR,1,0,-7071,0,0,0.0,-1,-0.002391,298,47,4270,2391,6000,,0,,,,holding,normal,0,no_load,none,"A1: Servo ON, shaft stationary",servo-app/lab-0.1
1781157074.4382622,43.17568612098694,A1_HOLDING_SERVO_ON,A1_HOLDING_SERVO_ON_R01_20260611_125030,delta-asda-b3-e,1616,VE|SOD|TR,1,0,-7071,0,-1,-0.00427,0,0.0,298,47,4270,2391,6000,,0,,,,holding,normal,0,no_load,none,"A1: Servo ON, shaft stationary",servo-app/lab-0.1
1781157074.5385115,43.27593541145325,A1_HOLDING_SERVO_ON,A1_HOLDING_SERVO_ON_R01_20260611_125030,delta-asda-b3-e,1616,VE|SOD|TR,1,0,-7067,0,-1,-0.00427,0,0.0,298,47,4270,2391,6000,,0,,,,holding,normal,0,no_load,none,"A1: Servo ON, shaft stationary",servo-app/lab-0.1
1781157074.6385596,43.375983476638794,A1_HOLDING_SERVO_ON,A1_HOLDING_SERVO_ON_R01_20260611_125030,delta-asda-b3-e,1616,VE|SOD|TR,1,0,-7061,0,-1,-0.00427,-1,-0.002391,298,47,4270,2391,6000,,0,,,,holding,normal,0,no_load,none,"A1: Servo ON, shaft stationary",servo-app/lab-0.1
1781157074.7388635,43.47628736495972,A1_HOLDING_SERVO_ON,A1_HOLDING_SERVO_ON_R01_20260611_125030,delta-asda-b3-e,1616,VE|SOD|TR,1,0,-7067,0,-1,-0.00427,-1,-0.002391,298,47,4270,2391,6000,,0,,,,holding,normal,0,no_load,none,"A1: Servo ON, shaft stationary",servo-app/lab-0.1
1781157074.8393233,43.57674717903137,A1_HOLDING_SERVO_ON,A1_HOLDING_SERVO_ON_R01_20260611_125030,delta-asda-b3-e,1616,VE|SOD|TR,1,0,-7071,0,0,0.0,0,0.0,298,47,4270,2391,6000,,0,,,,holding,normal,0,no_load,none,"A1: Servo ON, shaft stationary",servo-app/lab-0.1
1781157074.9402294,43.677653312683105,A1_HOLDING_SERVO_ON,A1_HOLDING_SERVO_ON_R01_20260611_125030,delta-asda-b3-e,1616,VE|SOD|TR,1,0,-7075,0,0,0.0,0,0.0,299,47,4270,2391,6000,,0,,,,holding,normal,0,no_load,none,"A1: Servo ON, shaft stationary",servo-app/lab-0.1
1781157075.0408049,43.778228759765625,A1_HOLDING_SERVO_ON,A1_HOLDING_SERVO_ON_R01_20260611_125030,delta-asda-b3-e,1616,VE|SOD|TR,1,0,-7065,0,0,0.0,0,0.0,299,47,4270,2391,6000,,0,,,,holding,normal,0,no_load,none,"A1: Servo ON, shaft stationary",servo-app/lab-0.1
1781157075.1413417,43.87876558303833,A1_HOLDING_SERVO_ON,A1_HOLDING_SERVO_ON_R01_20260611_125030,delta-asda-b3-e,1616,VE|SOD|TR,1,0,-7071,0,-1,-0.00427,0,0.0,299,47,4270,2391,6000,,0,,,,holding,normal,0,no_load,none,"A1: Servo ON, shaft stationary",servo-app/lab-0.1
1781157075.2414405,43.978864431381226,A1_HOLDING_SERVO_ON,A1_HOLDING_SERVO_ON_R01_20260611_125030,delta-asda-b3-e,1616,VE|SOD|TR,1,0,-7061,0,0,0.0,-1,-0.002391,298,47,4270,2391,6000,,0,,,,holding,normal,0,no_load,none,"A1: Servo ON, shaft stationary",servo-app/lab-0.1
1781157075.3418283,44.07925224304199,A1_HOLDING_SERVO_ON,A1_HOLDING_SERVO_ON_R01_20260611_125030,delta-asda-b3-e,1616,VE|SOD|TR,1,0,-7065,0,0,0.0,-1,-0.002391,299,47,4270,2391,6000,,0,,,,holding,normal,0,no_load,none,"A1: Servo ON, shaft stationary",servo-app/lab-0.1
1781157075.4422445,44.17966842651367,A1_HOLDING_SERVO_ON,A1_HOLDING_SERVO_ON_R01_20260611_125030,delta-asda-b3-e,1616,VE|SOD|TR,1,0,-7067,0,-1,-0.00427,0,0.0,299,47,4270,2391,6000,,0,,,,holding,normal,0,no_load,none,"A1: Servo ON, shaft stationary",servo-app/lab-0.1
1781157075.5429652,44.280389070510864,A1_HOLDING_SERVO_ON,A1_HOLDING_SERVO_ON_R01_20260611_125030,delta-asda-b3-e,1616,VE|SOD|TR,1,0,-7077,0,-1,-0.00427,0,0.0,299,47,4270,2391,6000,,0,,,,holding,normal,0,no_load,none,"A1: Servo ON, shaft stationary",servo-app/lab-0.1
1781157075.6435401,44.380964040756226,A1_HOLDING_SERVO_ON,A1_HOLDING_SERVO_ON_R01_20260611_125030,delta-asda-b3-e,1616,VE|SOD|TR,1,0,-7061,0,-1,-0.00427,0,0.0,299,47,4270,2391,6000,,0,,,,holding,normal,0,no_load,none,"A1: Servo ON, shaft stationary",servo-app/lab-0.1
1781157075.743667,44.481090784072876,A1_HOLDING_SERVO_ON,A1_HOLDING_SERVO_ON_R01_20260611_125030,delta-asda-b3-e,1616,VE|SOD|TR,1,0,-7075,0,0,0.0,-1,-0.002391,298,47,4270,2391,6000,,0,,,,holding,normal,0,no_load,none,"A1: Servo ON, shaft stationary",servo-app/lab-0.1
1781157075.8438067,44.58123064041138,A1_HOLDING_SERVO_ON,A1_HOLDING_SERVO_ON_R01_20260611_125030,delta-asda-b3-e,1616,VE|SOD|TR,1,0,-7085,0,0,0.0,0,0.0,299,47,4270,2391,6000,,0,,,,holding,normal,0,no_load,none,"A1: Servo ON, shaft stationary",servo-app/lab-0.1
1781157075.9439592,44.68138313293457,A1_HOLDING_SERVO_ON,A1_HOLDING_SERVO_ON_R01_20260611_125030,delta-asda-b3-e,1616,VE|SOD|TR,1,0,-7067,0,0,0.0,0,0.0,299,47,4270,2391,6000,,0,,,,holding,normal,0,no_load,none,"A1: Servo ON, shaft stationary",servo-app/lab-0.1
1781157076.0440047,44.78142857551575,A1_HOLDING_SERVO_ON,A1_HOLDING_SERVO_ON_R01_20260611_125030,delta-asda-b3-e,1616,VE|SOD|TR,1,0,-7061,0,-1,-0.00427,0,0.0,299,47,4270,2391,6000,,0,,,,holding,normal,0,no_load,none,"A1: Servo ON, shaft stationary",servo-app/lab-0.1
1781157076.1442647,44.881688594818115,A1_HOLDING_SERVO_ON,A1_HOLDING_SERVO_ON_R01_20260611_125030,delta-asda-b3-e,1616,VE|SOD|TR,1,0,-7065,0,-1,-0.00427,0,0.0,299,47,4270,2391,6000,,0,,,,holding,normal,0,no_load,none,"A1: Servo ON, shaft stationary",servo-app/lab-0.1
1781157076.2444723,44.98189616203308,A1_HOLDING_SERVO_ON,A1_HOLDING_SERVO_ON_R01_20260611_125030,delta-asda-b3-e,1616,VE|SOD|TR,1,0,-7071,0,0,0.0,0,0.0,299,47,4270,2391,6000,,0,,,,holding,normal,0,no_load,none,"A1: Servo ON, shaft stationary",servo-app/lab-0.1
1781157076.3452265,45.08265042304993,A1_HOLDING_SERVO_ON,A1_HOLDING_SERVO_ON_R01_20260611_125030,delta-asda-b3-e,1616,VE|SOD|TR,1,0,-7061,0,0,0.0,-1,-0.002391,299,47,4270,2391,6000,,0,,,,holding,normal,0,no_load,none,"A1: Servo ON, shaft stationary",servo-app/lab-0.1
1781157076.4455512,45.18297505378723,A1_HOLDING_SERVO_ON,A1_HOLDING_SERVO_ON_R01_20260611_125030,delta-asda-b3-e,1616,VE|SOD|TR,1,0,-7071,0,-1,-0.00427,-1,-0.002391,299,47,4270,2391,6000,,0,,,,holding,normal,0,no_load,none,"A1: Servo ON, shaft stationary",servo-app/lab-0.1
1781157076.54647,45.28389382362366,A1_HOLDING_SERVO_ON,A1_HOLDING_SERVO_ON_R01_20260611_125030,delta-asda-b3-e,1616,VE|SOD|TR,1,0,-7065,0,0,0.0,0,0.0,299,47,4270,2391,6000,,0,,,,holding,normal,0,no_load,none,"A1: Servo ON, shaft stationary",servo-app/lab-0.1
1781157076.6470914,45.38451528549194,A1_HOLDING_SERVO_ON,A1_HOLDING_SERVO_ON_R01_20260611_125030,delta-asda-b3-e,1616,VE|SOD|TR,1,0,-7071,0,0,0.0,0,0.0,299,47,4270,2391,6000,,0,,,,holding,normal,0,no_load,none,"A1: Servo ON, shaft stationary",servo-app/lab-0.1
1781157076.7479463,45.48537015914917,A1_HOLDING_SERVO_ON,A1_HOLDING_SERVO_ON_R01_20260611_125030,delta-asda-b3-e,1616,VE|SOD|TR,1,0,-7061,0,0,0.0,0,0.0,299,47,4270,2391,6000,,0,,,,holding,normal,0,no_load,none,"A1: Servo ON, shaft stationary",servo-app/lab-0.1
1781157076.8480945,45.58551836013794,A1_HOLDING_SERVO_ON,A1_HOLDING_SERVO_ON_R01_20260611_125030,delta-asda-b3-e,1616,VE|SOD|TR,1,0,-7071,0,0,0.0,0,0.0,299,47,4270,2391,6000,,0,,,,holding,normal,0,no_load,none,"A1: Servo ON, shaft stationary",servo-app/lab-0.1
1781157076.949177,45.68660092353821,A1_HOLDING_SERVO_ON,A1_HOLDING_SERVO_ON_R01_20260611_125030,delta-asda-b3-e,1616,VE|SOD|TR,1,0,-7071,0,0,0.0,0,0.0,298,47,4270,2391,6000,,0,,,,holding,normal,0,no_load,none,"A1: Servo ON, shaft stationary",servo-app/lab-0.1
1781157077.0492556,45.78667950630188,A1_HOLDING_SERVO_ON,A1_HOLDING_SERVO_ON_R01_20260611_125030,delta-asda-b3-e,1616,VE|SOD|TR,1,0,-7077,0,0,0.0,0,0.0,299,47,4270,2391,6000,,0,,,,holding,normal,0,no_load,none,"A1: Servo ON, shaft stationary",servo-app/lab-0.1
1781157077.1496866,45.887110471725464,A1_HOLDING_SERVO_ON,A1_HOLDING_SERVO_ON_R01_20260611_125030,delta-asda-b3-e,1616,VE|SOD|TR,1,0,-7081,0,-1,-0.00427,-1,-0.002391,298,47,4270,2391,6000,,0,,,,holding,normal,0,no_load,none,"A1: Servo ON, shaft stationary",servo-app/lab-0.1
1781157077.2499142,45.987338066101074,A1_HOLDING_SERVO_ON,A1_HOLDING_SERVO_ON_R01_20260611_125030,delta-asda-b3-e,1616,VE|SOD|TR,1,0,-7061,0,-1,-0.00427,-1,-0.002391,299,47,4270,2391,6000,,0,,,,holding,normal,0,no_load,none,"A1: Servo ON, shaft stationary",servo-app/lab-0.1
1781157077.3501215,46.08754539489746,A1_HOLDING_SERVO_ON,A1_HOLDING_SERVO_ON_R01_20260611_125030,delta-asda-b3-e,1616,VE|SOD|TR,1,0,-7071,0,-1,-0.00427,0,0.0,299,47,4270,2391,6000,,0,,,,holding,normal,0,no_load,none,"A1: Servo ON, shaft stationary",servo-app/lab-0.1
1781157077.4501796,46.18760347366333,A1_HOLDING_SERVO_ON,A1_HOLDING_SERVO_ON_R01_20260611_125030,delta-asda-b3-e,1616,VE|SOD|TR,1,0,-7071,0,0,0.0,-1,-0.002391,299,47,4270,2391,6000,,0,,,,holding,normal,0,no_load,none,"A1: Servo ON, shaft stationary",servo-app/lab-0.1
1781157077.5503135,46.28773736953735,A1_HOLDING_SERVO_ON,A1_HOLDING_SERVO_ON_R01_20260611_125030,delta-asda-b3-e,1616,VE|SOD|TR,1,0,-7071,0,-1,-0.00427,0,0.0,299,47,4270,2391,6000,,0,,,,holding,normal,0,no_load,none,"A1: Servo ON, shaft stationary",servo-app/lab-0.1
1781157077.6504517,46.3878755569458,A1_HOLDING_SERVO_ON,A1_HOLDING_SERVO_ON_R01_20260611_125030,delta-asda-b3-e,1616,VE|SOD|TR,1,0,-7071,0,-1,-0.00427,-1,-0.002391,299,47,4270,2391,6000,,0,,,,holding,normal,0,no_load,none,"A1: Servo ON, shaft stationary",servo-app/lab-0.1
1781157077.750666,46.48808979988098,A1_HOLDING_SERVO_ON,A1_HOLDING_SERVO_ON_R01_20260611_125030,delta-asda-b3-e,1616,VE|SOD|TR,1,0,-7061,0,0,0.0,-1,-0.002391,299,47,4270,2391,6000,,0,,,,holding,normal,0,no_load,none,"A1: Servo ON, shaft stationary",servo-app/lab-0.1
1781157077.8510003,46.58842420578003,A1_HOLDING_SERVO_ON,A1_HOLDING_SERVO_ON_R01_20260611_125030,delta-asda-b3-e,1616,VE|SOD|TR,1,0,-7071,0,-1,-0.00427,-1,-0.002391,299,47,4270,2391,6000,,0,,,,holding,normal,0,no_load,none,"A1: Servo ON, shaft stationary",servo-app/lab-0.1
1781157077.9510574,46.68848133087158,A1_HOLDING_SERVO_ON,A1_HOLDING_SERVO_ON_R01_20260611_125030,delta-asda-b3-e,1616,VE|SOD|TR,1,0,-7071,0,-1,-0.00427,-1,-0.002391,299,47,4270,2391,6000,,0,,,,holding,normal,0,no_load,none,"A1: Servo ON, shaft stationary",servo-app/lab-0.1
1781157078.0513384,46.78876233100891,A1_HOLDING_SERVO_ON,A1_HOLDING_SERVO_ON_R01_20260611_125030,delta-asda-b3-e,1616,VE|SOD|TR,1,0,-7071,0,-1,-0.00427,0,0.0,299,47,4270,2391,6000,,0,,,,holding,normal,0,no_load,none,"A1: Servo ON, shaft stationary",servo-app/lab-0.1
1781157078.1517382,46.88916206359863,A1_HOLDING_SERVO_ON,A1_HOLDING_SERVO_ON_R01_20260611_125030,delta-asda-b3-e,1616,VE|SOD|TR,1,0,-7065,0,-1,-0.00427,-1,-0.002391,299,47,4270,2391,6000,,0,,,,holding,normal,0,no_load,none,"A1: Servo ON, shaft stationary",servo-app/lab-0.1
1781157078.2520936,46.98951745033264,A1_HOLDING_SERVO_ON,A1_HOLDING_SERVO_ON_R01_20260611_125030,delta-asda-b3-e,1616,VE|SOD|TR,1,0,-7081,0,0,0.0,-1,-0.002391,299,47,4270,2391,6000,,0,,,,holding,normal,0,no_load,none,"A1: Servo ON, shaft stationary",servo-app/lab-0.1
1781157078.3526468,47.090070724487305,A1_HOLDING_SERVO_ON,A1_HOLDING_SERVO_ON_R01_20260611_125030,delta-asda-b3-e,1616,VE|SOD|TR,1,0,-7071,0,0,0.0,-1,-0.002391,298,47,4270,2391,6000,,0,,,,holding,normal,0,no_load,none,"A1: Servo ON, shaft stationary",servo-app/lab-0.1
1781157078.4529347,47.19035863876343,A1_HOLDING_SERVO_ON,A1_HOLDING_SERVO_ON_R01_20260611_125030,delta-asda-b3-e,1616,VE|SOD|TR,1,0,-7071,0,-1,-0.00427,-1,-0.002391,299,47,4270,2391,6000,,0,,,,holding,normal,0,no_load,none,"A1: Servo ON, shaft stationary",servo-app/lab-0.1
1781157078.5534382,47.29086208343506,A1_HOLDING_SERVO_ON,A1_HOLDING_SERVO_ON_R01_20260611_125030,delta-asda-b3-e,1616,VE|SOD|TR,1,0,-7071,0,0,0.0,-1,-0.002391,299,47,4270,2391,6000,,0,,,,holding,normal,0,no_load,none,"A1: Servo ON, shaft stationary",servo-app/lab-0.1
1781157078.653537,47.390960931777954,A1_HOLDING_SERVO_ON,A1_HOLDING_SERVO_ON_R01_20260611_125030,delta-asda-b3-e,1616,VE|SOD|TR,1,0,-7071,0,0,0.0,0,0.0,299,47,4270,2391,6000,,0,,,,holding,normal,0,no_load,none,"A1: Servo ON, shaft stationary",servo-app/lab-0.1
1781157078.7538128,47.49123668670654,A1_HOLDING_SERVO_ON,A1_HOLDING_SERVO_ON_R01_20260611_125030,delta-asda-b3-e,1616,VE|SOD|TR,1,0,-7065,0,0,0.0,0,0.0,298,47,4270,2391,6000,,0,,,,holding,normal,0,no_load,none,"A1: Servo ON, shaft stationary",servo-app/lab-0.1
1781157078.8546765,47.592100381851196,A1_HOLDING_SERVO_ON,A1_HOLDING_SERVO_ON_R01_20260611_125030,delta-asda-b3-e,1616,VE|SOD|TR,1,0,-7077,0,-1,-0.00427,0,0.0,298,47,4270,2391,6000,,0,,,,holding,normal,0,no_load,none,"A1: Servo ON, shaft stationary",servo-app/lab-0.1
1781157078.9549382,47.69236207008362,A1_HOLDING_SERVO_ON,A1_HOLDING_SERVO_ON_R01_20260611_125030,delta-asda-b3-e,1616,VE|SOD|TR,1,0,-7081,0,-1,-0.00427,-1,-0.002391,299,47,4270,2391,6000,,0,,,,holding,normal,0,no_load,none,"A1: Servo ON, shaft stationary",servo-app/lab-0.1
1781157079.0552871,47.79271101951599,A1_HOLDING_SERVO_ON,A1_HOLDING_SERVO_ON_R01_20260611_125030,delta-asda-b3-e,1616,VE|SOD|TR,1,0,-7067,0,0,0.0,0,0.0,299,47,4270,2391,6000,,0,,,,holding,normal,0,no_load,none,"A1: Servo ON, shaft stationary",servo-app/lab-0.1
1781157079.1555653,47.89298915863037,A1_HOLDING_SERVO_ON,A1_HOLDING_SERVO_ON_R01_20260611_125030,delta-asda-b3-e,1616,VE|SOD|TR,1,0,-7077,0,-1,-0.00427,-1,-0.002391,298,47,4270,2391,6000,,0,,,,holding,normal,0,no_load,none,"A1: Servo ON, shaft stationary",servo-app/lab-0.1
1781157079.2557971,47.993221044540405,A1_HOLDING_SERVO_ON,A1_HOLDING_SERVO_ON_R01_20260611_125030,delta-asda-b3-e,1616,VE|SOD|TR,1,0,-7067,0,-1,-0.00427,-1,-0.002391,298,47,4270,2391,6000,,0,,,,holding,normal,0,no_load,none,"A1: Servo ON, shaft stationary",servo-app/lab-0.1
1781157079.356269,48.093692779541016,A1_HOLDING_SERVO_ON,A1_HOLDING_SERVO_ON_R01_20260611_125030,delta-asda-b3-e,1616,VE|SOD|TR,1,0,-7085,0,0,0.0,0,0.0,299,47,4270,2391,6000,,0,,,,holding,normal,0,no_load,none,"A1: Servo ON, shaft stationary",servo-app/lab-0.1
1781157079.4565663,48.1939902305603,A1_HOLDING_SERVO_ON,A1_HOLDING_SERVO_ON_R01_20260611_125030,delta-asda-b3-e,1616,VE|SOD|TR,1,0,-7071,0,0,0.0,0,0.0,299,47,4270,2391,6000,,0,,,,holding,normal,0,no_load,none,"A1: Servo ON, shaft stationary",servo-app/lab-0.1
1781157079.5566237,48.294047594070435,A1_HOLDING_SERVO_ON,A1_HOLDING_SERVO_ON_R01_20260611_125030,delta-asda-b3-e,1616,VE|SOD|TR,1,0,-7071,0,0,0.0,-1,-0.002391,299,47,4270,2391,6000,,0,,,,holding,normal,0,no_load,none,"A1: Servo ON, shaft stationary",servo-app/lab-0.1
1781157079.657112,48.394535779953,A1_HOLDING_SERVO_ON,A1_HOLDING_SERVO_ON_R01_20260611_125030,delta-asda-b3-e,1616,VE|SOD|TR,1,0,-7067,0,0,0.0,0,0.0,299,47,4270,2391,6000,,0,,,,holding,normal,0,no_load,none,"A1: Servo ON, shaft stationary",servo-app/lab-0.1
1781157079.7580118,48.49543571472168,A1_HOLDING_SERVO_ON,A1_HOLDING_SERVO_ON_R01_20260611_125030,delta-asda-b3-e,1616,VE|SOD|TR,1,0,-7061,0,0,0.0,0,0.0,299,47,4270,2391,6000,,0,,,,holding,normal,0,no_load,none,"A1: Servo ON, shaft stationary",servo-app/lab-0.1
1781157079.8582249,48.595648765563965,A1_HOLDING_SERVO_ON,A1_HOLDING_SERVO_ON_R01_20260611_125030,delta-asda-b3-e,1616,VE|SOD|TR,1,0,-7071,0,-1,-0.00427,0,0.0,299,47,4270,2391,6000,,0,,,,holding,normal,0,no_load,none,"A1: Servo ON, shaft stationary",servo-app/lab-0.1
1781157079.9586914,48.696115255355835,A1_HOLDING_SERVO_ON,A1_HOLDING_SERVO_ON_R01_20260611_125030,delta-asda-b3-e,1616,VE|SOD|TR,1,0,-7081,0,-1,-0.00427,-1,-0.002391,299,47,4270,2391,6000,,0,,,,holding,normal,0,no_load,none,"A1: Servo ON, shaft stationary",servo-app/lab-0.1
1781157080.059285,48.796708822250366,A1_HOLDING_SERVO_ON,A1_HOLDING_SERVO_ON_R01_20260611_125030,delta-asda-b3-e,1616,VE|SOD|TR,1,0,-7075,0,-1,-0.00427,0,0.0,299,47,4270,2391,6000,,0,,,,holding,normal,0,no_load,none,"A1: Servo ON, shaft stationary",servo-app/lab-0.1
1781157080.1597247,48.89714860916138,A1_HOLDING_SERVO_ON,A1_HOLDING_SERVO_ON_R01_20260611_125030,delta-asda-b3-e,1616,VE|SOD|TR,1,0,-7071,0,-1,-0.00427,0,0.0,298,47,4270,2391,6000,,0,,,,holding,normal,0,no_load,none,"A1: Servo ON, shaft stationary",servo-app/lab-0.1
1781157080.2600105,48.99743437767029,A1_HOLDING_SERVO_ON,A1_HOLDING_SERVO_ON_R01_20260611_125030,delta-asda-b3-e,1616,VE|SOD|TR,1,0,-7077,0,-1,-0.00427,0,0.0,299,47,4270,2391,6000,,0,,,,holding,normal,0,no_load,none,"A1: Servo ON, shaft stationary",servo-app/lab-0.1
1781157080.361166,49.09858989715576,A1_HOLDING_SERVO_ON,A1_HOLDING_SERVO_ON_R01_20260611_125030,delta-asda-b3-e,1616,VE|SOD|TR,1,0,-7075,0,-1,-0.00427,0,0.0,299,47,4270,2391,6000,,0,,,,holding,normal,0,no_load,none,"A1: Servo ON, shaft stationary",servo-app/lab-0.1
1781157080.4613254,49.19874930381775,A1_HOLDING_SERVO_ON,A1_HOLDING_SERVO_ON_R01_20260611_125030,delta-asda-b3-e,1616,VE|SOD|TR,1,0,-7071,0,-1,-0.00427,0,0.0,299,47,4270,2391,6000,,0,,,,holding,normal,0,no_load,none,"A1: Servo ON, shaft stationary",servo-app/lab-0.1
1781157080.5618446,49.2992684841156,A1_HOLDING_SERVO_ON,A1_HOLDING_SERVO_ON_R01_20260611_125030,delta-asda-b3-e,1616,VE|SOD|TR,1,0,-7075,0,-1,-0.00427,0,0.0,299,47,4270,2391,6000,,0,,,,holding,normal,0,no_load,none,"A1: Servo ON, shaft stationary",servo-app/lab-0.1
1781157080.6620224,49.39944624900818,A1_HOLDING_SERVO_ON,A1_HOLDING_SERVO_ON_R01_20260611_125030,delta-asda-b3-e,1616,VE|SOD|TR,1,0,-7081,0,0,0.0,0,0.0,298,47,4270,2391,6000,,0,,,,holding,normal,0,no_load,none,"A1: Servo ON, shaft stationary",servo-app/lab-0.1
1781157080.762093,49.49951696395874,A1_HOLDING_SERVO_ON,A1_HOLDING_SERVO_ON_R01_20260611_125030,delta-asda-b3-e,1616,VE|SOD|TR,1,0,-7071,0,0,0.0,-1,-0.002391,299,47,4270,2391,6000,,0,,,,holding,normal,0,no_load,none,"A1: Servo ON, shaft stationary",servo-app/lab-0.1
1781157080.862186,49.59960985183716,A1_HOLDING_SERVO_ON,A1_HOLDING_SERVO_ON_R01_20260611_125030,delta-asda-b3-e,1616,VE|SOD|TR,1,0,-7071,0,0,0.0,0,0.0,298,47,4270,2391,6000,,0,,,,holding,normal,0,no_load,none,"A1: Servo ON, shaft stationary",servo-app/lab-0.1
1781157080.9624565,49.69988036155701,A1_HOLDING_SERVO_ON,A1_HOLDING_SERVO_ON_R01_20260611_125030,delta-asda-b3-e,1616,VE|SOD|TR,1,0,-7071,0,0,0.0,-1,-0.002391,299,47,4270,2391,6000,,0,,,,holding,normal,0,no_load,none,"A1: Servo ON, shaft stationary",servo-app/lab-0.1
1781157081.0627363,49.80016016960144,A1_HOLDING_SERVO_ON,A1_HOLDING_SERVO_ON_R01_20260611_125030,delta-asda-b3-e,1616,VE|SOD|TR,1,0,-7067,0,0,0.0,0,0.0,298,47,4270,2391,6000,,0,,,,holding,normal,0,no_load,none,"A1: Servo ON, shaft stationary",servo-app/lab-0.1
1781157081.1628828,49.900306701660156,A1_HOLDING_SERVO_ON,A1_HOLDING_SERVO_ON_R01_20260611_125030,delta-asda-b3-e,1616,VE|SOD|TR,1,0,-7061,0,0,0.0,0,0.0,298,47,4270,2391,6000,,0,,,,holding,normal,0,no_load,none,"A1: Servo ON, shaft stationary",servo-app/lab-0.1
1781157081.2631774,50.000601291656494,A1_HOLDING_SERVO_ON,A1_HOLDING_SERVO_ON_R01_20260611_125030,delta-asda-b3-e,1616,VE|SOD|TR,1,0,-7075,0,-1,-0.00427,0,0.0,299,47,4270,2391,6000,,0,,,,holding,normal,0,no_load,none,"A1: Servo ON, shaft stationary",servo-app/lab-0.1
1781157081.3634646,50.10088849067688,A1_HOLDING_SERVO_ON,A1_HOLDING_SERVO_ON_R01_20260611_125030,delta-asda-b3-e,1616,VE|SOD|TR,1,0,-7071,0,-1,-0.00427,0,0.0,298,47,4270,2391,6000,,0,,,,holding,normal,0,no_load,none,"A1: Servo ON, shaft stationary",servo-app/lab-0.1
1781157081.4638984,50.20132231712341,A1_HOLDING_SERVO_ON,A1_HOLDING_SERVO_ON_R01_20260611_125030,delta-asda-b3-e,1616,VE|SOD|TR,1,0,-7071,0,0,0.0,-1,-0.002391,298,47,4270,2391,6000,,0,,,,holding,normal,0,no_load,none,"A1: Servo ON, shaft stationary",servo-app/lab-0.1
1781157081.5642722,50.30169606208801,A1_HOLDING_SERVO_ON,A1_HOLDING_SERVO_ON_R01_20260611_125030,delta-asda-b3-e,1616,VE|SOD|TR,1,0,-7067,0,-1,-0.00427,0,0.0,299,47,4270,2391,6000,,0,,,,holding,normal,0,no_load,none,"A1: Servo ON, shaft stationary",servo-app/lab-0.1
1781157081.6647391,50.40216302871704,A1_HOLDING_SERVO_ON,A1_HOLDING_SERVO_ON_R01_20260611_125030,delta-asda-b3-e,1616,VE|SOD|TR,1,0,-7061,0,-1,-0.00427,0,0.0,299,47,4270,2391,6000,,0,,,,holding,normal,0,no_load,none,"A1: Servo ON, shaft stationary",servo-app/lab-0.1
1781157081.7649612,50.50238513946533,A1_HOLDING_SERVO_ON,A1_HOLDING_SERVO_ON_R01_20260611_125030,delta-asda-b3-e,1616,VE|SOD|TR,1,0,-7077,0,0,0.0,0,0.0,299,47,4270,2391,6000,,0,,,,holding,normal,0,no_load,none,"A1: Servo ON, shaft stationary",servo-app/lab-0.1
1781157081.865123,50.60254693031311,A1_HOLDING_SERVO_ON,A1_HOLDING_SERVO_ON_R01_20260611_125030,delta-asda-b3-e,1616,VE|SOD|TR,1,0,-7061,0,-1,-0.00427,-1,-0.002391,299,47,4270,2391,6000,,0,,,,holding,normal,0,no_load,none,"A1: Servo ON, shaft stationary",servo-app/lab-0.1
1781157081.9656062,50.70303010940552,A1_HOLDING_SERVO_ON,A1_HOLDING_SERVO_ON_R01_20260611_125030,delta-asda-b3-e,1616,VE|SOD|TR,1,0,-7071,0,-1,-0.00427,-1,-0.002391,298,47,4270,2391,6000,,0,,,,holding,normal,0,no_load,none,"A1: Servo ON, shaft stationary",servo-app/lab-0.1
1781157082.0659568,50.803380727767944,A1_HOLDING_SERVO_ON,A1_HOLDING_SERVO_ON_R01_20260611_125030,delta-asda-b3-e,1616,VE|SOD|TR,1,0,-7081,0,0,0.0,0,0.0,299,47,4270,2391,6000,,0,,,,holding,normal,0,no_load,none,"A1: Servo ON, shaft stationary",servo-app/lab-0.1
1781157082.1667073,50.904131174087524,A1_HOLDING_SERVO_ON,A1_HOLDING_SERVO_ON_R01_20260611_125030,delta-asda-b3-e,1616,VE|SOD|TR,1,0,-7067,0,-1,-0.00427,0,0.0,299,47,4270,2391,6000,,0,,,,holding,normal,0,no_load,none,"A1: Servo ON, shaft stationary",servo-app/lab-0.1
1781157082.266869,51.0042929649353,A1_HOLDING_SERVO_ON,A1_HOLDING_SERVO_ON_R01_20260611_125030,delta-asda-b3-e,1616,VE|SOD|TR,1,0,-7071,0,0,0.0,0,0.0,299,47,4270,2391,6000,,0,,,,holding,normal,0,no_load,none,"A1: Servo ON, shaft stationary",servo-app/lab-0.1
1781157082.367258,51.104681968688965,A1_HOLDING_SERVO_ON,A1_HOLDING_SERVO_ON_R01_20260611_125030,delta-asda-b3-e,1616,VE|SOD|TR,1,0,-7071,0,-1,-0.00427,0,0.0,299,47,4270,2391,6000,,0,,,,holding,normal,0,no_load,none,"A1: Servo ON, shaft stationary",servo-app/lab-0.1
1781157082.4675186,51.20494246482849,A1_HOLDING_SERVO_ON,A1_HOLDING_SERVO_ON_R01_20260611_125030,delta-asda-b3-e,1616,VE|SOD|TR,1,0,-7071,0,-1,-0.00427,0,0.0,299,47,4270,2391,6000,,0,,,,holding,normal,0,no_load,none,"A1: Servo ON, shaft stationary",servo-app/lab-0.1
1781157082.568223,51.305646896362305,A1_HOLDING_SERVO_ON,A1_HOLDING_SERVO_ON_R01_20260611_125030,delta-asda-b3-e,1616,VE|SOD|TR,1,0,-7065,0,-1,-0.00427,-1,-0.002391,299,47,4270,2391,6000,,0,,,,holding,normal,0,no_load,none,"A1: Servo ON, shaft stationary",servo-app/lab-0.1
1781157082.668539,51.40596294403076,A1_HOLDING_SERVO_ON,A1_HOLDING_SERVO_ON_R01_20260611_125030,delta-asda-b3-e,1616,VE|SOD|TR,1,0,-7065,0,0,0.0,0,0.0,299,47,4270,2391,6000,,0,,,,holding,normal,0,no_load,none,"A1: Servo ON, shaft stationary",servo-app/lab-0.1
1781157082.768652,51.506075859069824,A1_HOLDING_SERVO_ON,A1_HOLDING_SERVO_ON_R01_20260611_125030,delta-asda-b3-e,1616,VE|SOD|TR,1,0,-7087,0,0,0.0,-1,-0.002391,299,47,4270,2391,6000,,0,,,,holding,normal,0,no_load,none,"A1: Servo ON, shaft stationary",servo-app/lab-0.1
1781157082.8688693,51.60629320144653,A1_HOLDING_SERVO_ON,A1_HOLDING_SERVO_ON_R01_20260611_125030,delta-asda-b3-e,1616,VE|SOD|TR,1,0,-7071,0,-1,-0.00427,-1,-0.002391,299,47,4270,2391,6000,,0,,,,holding,normal,0,no_load,none,"A1: Servo ON, shaft stationary",servo-app/lab-0.1
1781157082.9694014,51.706825256347656,A1_HOLDING_SERVO_ON,A1_HOLDING_SERVO_ON_R01_20260611_125030,delta-asda-b3-e,1616,VE|SOD|TR,1,0,-7067,0,-1,-0.00427,-1,-0.002391,298,47,4270,2391,6000,,0,,,,holding,normal,0,no_load,none,"A1: Servo ON, shaft stationary",servo-app/lab-0.1
1781157083.0695846,51.807008504867554,A1_HOLDING_SERVO_ON,A1_HOLDING_SERVO_ON_R01_20260611_125030,delta-asda-b3-e,1616,VE|SOD|TR,1,0,-7065,0,-1,-0.00427,0,0.0,299,47,4270,2391,6000,,0,,,,holding,normal,0,no_load,none,"A1: Servo ON, shaft stationary",servo-app/lab-0.1
1781157083.1697006,51.907124519348145,A1_HOLDING_SERVO_ON,A1_HOLDING_SERVO_ON_R01_20260611_125030,delta-asda-b3-e,1616,VE|SOD|TR,1,0,-7061,0,0,0.0,0,0.0,299,47,4270,2391,6000,,0,,,,holding,normal,0,no_load,none,"A1: Servo ON, shaft stationary",servo-app/lab-0.1
1781157083.2701106,52.00753450393677,A1_HOLDING_SERVO_ON,A1_HOLDING_SERVO_ON_R01_20260611_125030,delta-asda-b3-e,1616,VE|SOD|TR,1,0,-7077,0,-1,-0.00427,0,0.0,298,47,4270,2391,6000,,0,,,,holding,normal,0,no_load,none,"A1: Servo ON, shaft stationary",servo-app/lab-0.1
1781157083.370544,52.10796785354614,A1_HOLDING_SERVO_ON,A1_HOLDING_SERVO_ON_R01_20260611_125030,delta-asda-b3-e,1616,VE|SOD|TR,1,0,-7075,0,-1,-0.00427,-1,-0.002391,299,47,4270,2391,6000,,0,,,,holding,normal,0,no_load,none,"A1: Servo ON, shaft stationary",servo-app/lab-0.1
1781157083.4708107,52.208234548568726,A1_HOLDING_SERVO_ON,A1_HOLDING_SERVO_ON_R01_20260611_125030,delta-asda-b3-e,1616,VE|SOD|TR,1,0,-7075,0,-1,-0.00427,-1,-0.002391,298,47,4270,2391,6000,,0,,,,holding,normal,0,no_load,none,"A1: Servo ON, shaft stationary",servo-app/lab-0.1
1781157083.5711732,52.30859708786011,A1_HOLDING_SERVO_ON,A1_HOLDING_SERVO_ON_R01_20260611_125030,delta-asda-b3-e,1616,VE|SOD|TR,1,0,-7077,0,0,0.0,-1,-0.002391,298,47,4270,2391,6000,,0,,,,holding,normal,0,no_load,none,"A1: Servo ON, shaft stationary",servo-app/lab-0.1
1781157083.6712976,52.40872144699097,A1_HOLDING_SERVO_ON,A1_HOLDING_SERVO_ON_R01_20260611_125030,delta-asda-b3-e,1616,VE|SOD|TR,1,0,-7067,0,-1,-0.00427,-1,-0.002391,298,47,4270,2391,6000,,0,,,,holding,normal,0,no_load,none,"A1: Servo ON, shaft stationary",servo-app/lab-0.1
1781157083.7717645,52.509188413619995,A1_HOLDING_SERVO_ON,A1_HOLDING_SERVO_ON_R01_20260611_125030,delta-asda-b3-e,1616,VE|SOD|TR,1,0,-7071,0,-1,-0.00427,-1,-0.002391,299,47,4270,2391,6000,,0,,,,holding,normal,0,no_load,none,"A1: Servo ON, shaft stationary",servo-app/lab-0.1
1781157083.872152,52.60957598686218,A1_HOLDING_SERVO_ON,A1_HOLDING_SERVO_ON_R01_20260611_125030,delta-asda-b3-e,1616,VE|SOD|TR,1,0,-7071,0,-1,-0.00427,-1,-0.002391,298,47,4270,2391,6000,,0,,,,holding,normal,0,no_load,none,"A1: Servo ON, shaft stationary",servo-app/lab-0.1
1781157083.9725795,52.71000337600708,A1_HOLDING_SERVO_ON,A1_HOLDING_SERVO_ON_R01_20260611_125030,delta-asda-b3-e,1616,VE|SOD|TR,1,0,-7071,0,0,0.0,0,0.0,299,47,4270,2391,6000,,0,,,,holding,normal,0,no_load,none,"A1: Servo ON, shaft stationary",servo-app/lab-0.1
1781157084.0730958,52.81051969528198,A1_HOLDING_SERVO_ON,A1_HOLDING_SERVO_ON_R01_20260611_125030,delta-asda-b3-e,1616,VE|SOD|TR,1,0,-7071,0,0,0.0,-1,-0.002391,298,47,4270,2391,6000,,0,,,,holding,normal,0,no_load,none,"A1: Servo ON, shaft stationary",servo-app/lab-0.1
1781157084.1735697,52.910993576049805,A1_HOLDING_SERVO_ON,A1_HOLDING_SERVO_ON_R01_20260611_125030,delta-asda-b3-e,1616,VE|SOD|TR,1,0,-7071,0,0,0.0,0,0.0,299,47,4270,2391,6000,,0,,,,holding,normal,0,no_load,none,"A1: Servo ON, shaft stationary",servo-app/lab-0.1
1781157084.273731,53.011154890060425,A1_HOLDING_SERVO_ON,A1_HOLDING_SERVO_ON_R01_20260611_125030,delta-asda-b3-e,1616,VE|SOD|TR,1,0,-7077,0,0,0.0,-1,-0.002391,299,47,4270,2391,6000,,0,,,,holding,normal,0,no_load,none,"A1: Servo ON, shaft stationary",servo-app/lab-0.1
1781157084.3742366,53.11166048049927,A1_HOLDING_SERVO_ON,A1_HOLDING_SERVO_ON_R01_20260611_125030,delta-asda-b3-e,1616,VE|SOD|TR,1,0,-7075,0,0,0.0,0,0.0,299,47,4270,2391,6000,,0,,,,holding,normal,0,no_load,none,"A1: Servo ON, shaft stationary",servo-app/lab-0.1
1781157084.4748576,53.212281465530396,A1_HOLDING_SERVO_ON,A1_HOLDING_SERVO_ON_R01_20260611_125030,delta-asda-b3-e,1616,VE|SOD|TR,1,0,-7061,0,0,0.0,-1,-0.002391,298,47,4270,2391,6000,,0,,,,holding,normal,0,no_load,none,"A1: Servo ON, shaft stationary",servo-app/lab-0.1
1781157084.575344,53.31276798248291,A1_HOLDING_SERVO_ON,A1_HOLDING_SERVO_ON_R01_20260611_125030,delta-asda-b3-e,1616,VE|SOD|TR,1,0,-7075,0,0,0.0,-1,-0.002391,298,47,4270,2391,6000,,0,,,,holding,normal,0,no_load,none,"A1: Servo ON, shaft stationary",servo-app/lab-0.1
1781157084.6757283,53.41315221786499,A1_HOLDING_SERVO_ON,A1_HOLDING_SERVO_ON_R01_20260611_125030,delta-asda-b3-e,1616,VE|SOD|TR,1,0,-7077,0,-1,-0.00427,-1,-0.002391,299,47,4270,2391,6000,,0,,,,holding,normal,0,no_load,none,"A1: Servo ON, shaft stationary",servo-app/lab-0.1
1781157084.776064,53.513487815856934,A1_HOLDING_SERVO_ON,A1_HOLDING_SERVO_ON_R01_20260611_125030,delta-asda-b3-e,1616,VE|SOD|TR,1,0,-7075,0,-1,-0.00427,-1,-0.002391,299,47,4270,2391,6000,,0,,,,holding,normal,0,no_load,none,"A1: Servo ON, shaft stationary",servo-app/lab-0.1
1781157084.8762343,53.61365818977356,A1_HOLDING_SERVO_ON,A1_HOLDING_SERVO_ON_R01_20260611_125030,delta-asda-b3-e,1616,VE|SOD|TR,1,0,-7071,0,0,0.0,0,0.0,298,47,4270,2391,6000,,0,,,,holding,normal,0,no_load,none,"A1: Servo ON, shaft stationary",servo-app/lab-0.1
1781157084.9768717,53.714295625686646,A1_HOLDING_SERVO_ON,A1_HOLDING_SERVO_ON_R01_20260611_125030,delta-asda-b3-e,1616,VE|SOD|TR,1,0,-7081,0,-1,-0.00427,0,0.0,298,47,4270,2391,6000,,0,,,,holding,normal,0,no_load,none,"A1: Servo ON, shaft stationary",servo-app/lab-0.1
1781157085.0779562,53.81538009643555,A1_HOLDING_SERVO_ON,A1_HOLDING_SERVO_ON_R01_20260611_125030,delta-asda-b3-e,1616,VE|SOD|TR,1,0,-7071,0,0,0.0,-1,-0.002391,299,47,4270,2391,6000,,0,,,,holding,normal,0,no_load,none,"A1: Servo ON, shaft stationary",servo-app/lab-0.1
1781157085.178494,53.91591787338257,A1_HOLDING_SERVO_ON,A1_HOLDING_SERVO_ON_R01_20260611_125030,delta-asda-b3-e,1616,VE|SOD|TR,1,0,-7065,0,-1,-0.00427,-1,-0.002391,299,47,4270,2391,6000,,0,,,,holding,normal,0,no_load,none,"A1: Servo ON, shaft stationary",servo-app/lab-0.1
1781157085.2786493,54.01607322692871,A1_HOLDING_SERVO_ON,A1_HOLDING_SERVO_ON_R01_20260611_125030,delta-asda-b3-e,1616,VE|SOD|TR,1,0,-7071,0,-1,-0.00427,-1,-0.002391,299,47,4270,2391,6000,,0,,,,holding,normal,0,no_load,none,"A1: Servo ON, shaft stationary",servo-app/lab-0.1
1781157085.3787482,54.116172075271606,A1_HOLDING_SERVO_ON,A1_HOLDING_SERVO_ON_R01_20260611_125030,delta-asda-b3-e,1616,VE|SOD|TR,1,0,-7071,0,0,0.0,-1,-0.002391,299,47,4270,2391,6000,,0,,,,holding,normal,0,no_load,none,"A1: Servo ON, shaft stationary",servo-app/lab-0.1
1781157085.4792879,54.21671175956726,A1_HOLDING_SERVO_ON,A1_HOLDING_SERVO_ON_R01_20260611_125030,delta-asda-b3-e,1616,VE|SOD|TR,1,0,-7071,0,0,0.0,0,0.0,299,47,4270,2391,6000,,0,,,,holding,normal,0,no_load,none,"A1: Servo ON, shaft stationary",servo-app/lab-0.1
1781157085.5795882,54.3170120716095,A1_HOLDING_SERVO_ON,A1_HOLDING_SERVO_ON_R01_20260611_125030,delta-asda-b3-e,1616,VE|SOD|TR,1,0,-7081,0,-1,-0.00427,-1,-0.002391,299,47,4270,2391,6000,,0,,,,holding,normal,0,no_load,none,"A1: Servo ON, shaft stationary",servo-app/lab-0.1
1781157085.6797705,54.41719436645508,A1_HOLDING_SERVO_ON,A1_HOLDING_SERVO_ON_R01_20260611_125030,delta-asda-b3-e,1616,VE|SOD|TR,1,0,-7065,0,0,0.0,-1,-0.002391,299,47,4270,2391,6000,,0,,,,holding,normal,0,no_load,none,"A1: Servo ON, shaft stationary",servo-app/lab-0.1
1781157085.7799664,54.51739025115967,A1_HOLDING_SERVO_ON,A1_HOLDING_SERVO_ON_R01_20260611_125030,delta-asda-b3-e,1616,VE|SOD|TR,1,0,-7061,0,-1,-0.00427,0,0.0,298,47,4270,2391,6000,,0,,,,holding,normal,0,no_load,none,"A1: Servo ON, shaft stationary",servo-app/lab-0.1
1781157085.8802643,54.61768817901611,A1_HOLDING_SERVO_ON,A1_HOLDING_SERVO_ON_R01_20260611_125030,delta-asda-b3-e,1616,VE|SOD|TR,1,0,-7061,0,-1,-0.00427,-1,-0.002391,299,47,4270,2391,6000,,0,,,,holding,normal,0,no_load,none,"A1: Servo ON, shaft stationary",servo-app/lab-0.1
1781157085.9803147,54.71773862838745,A1_HOLDING_SERVO_ON,A1_HOLDING_SERVO_ON_R01_20260611_125030,delta-asda-b3-e,1616,VE|SOD|TR,1,0,-7075,0,0,0.0,0,0.0,298,47,4270,2391,6000,,0,,,,holding,normal,0,no_load,none,"A1: Servo ON, shaft stationary",servo-app/lab-0.1
1781157086.0807483,54.818172216415405,A1_HOLDING_SERVO_ON,A1_HOLDING_SERVO_ON_R01_20260611_125030,delta-asda-b3-e,1616,VE|SOD|TR,1,0,-7075,0,-1,-0.00427,0,0.0,298,47,4270,2391,6000,,0,,,,holding,normal,0,no_load,none,"A1: Servo ON, shaft stationary",servo-app/lab-0.1
1781157086.1812406,54.91866445541382,A1_HOLDING_SERVO_ON,A1_HOLDING_SERVO_ON_R01_20260611_125030,delta-asda-b3-e,1616,VE|SOD|TR,1,0,-7077,0,0,0.0,0,0.0,298,47,4270,2391,6000,,0,,,,holding,normal,0,no_load,none,"A1: Servo ON, shaft stationary",servo-app/lab-0.1
1781157086.2816157,55.01903963088989,A1_HOLDING_SERVO_ON,A1_HOLDING_SERVO_ON_R01_20260611_125030,delta-asda-b3-e,1616,VE|SOD|TR,1,0,-7061,0,0,0.0,-1,-0.002391,299,47,4270,2391,6000,,0,,,,holding,normal,0,no_load,none,"A1: Servo ON, shaft stationary",servo-app/lab-0.1
1781157086.3823369,55.11976075172424,A1_HOLDING_SERVO_ON,A1_HOLDING_SERVO_ON_R01_20260611_125030,delta-asda-b3-e,1616,VE|SOD|TR,1,0,-7075,0,0,0.0,-1,-0.002391,299,47,4270,2391,6000,,0,,,,holding,normal,0,no_load,none,"A1: Servo ON, shaft stationary",servo-app/lab-0.1
1781157086.4827929,55.22021675109863,A1_HOLDING_SERVO_ON,A1_HOLDING_SERVO_ON_R01_20260611_125030,delta-asda-b3-e,1616,VE|SOD|TR,1,0,-7071,0,0,0.0,-1,-0.002391,299,47,4270,2391,6000,,0,,,,holding,normal,0,no_load,none,"A1: Servo ON, shaft stationary",servo-app/lab-0.1
1781157086.5833185,55.32074236869812,A1_HOLDING_SERVO_ON,A1_HOLDING_SERVO_ON_R01_20260611_125030,delta-asda-b3-e,1616,VE|SOD|TR,1,0,-7071,0,0,0.0,0,0.0,298,47,4270,2391,6000,,0,,,,holding,normal,0,no_load,none,"A1: Servo ON, shaft stationary",servo-app/lab-0.1
1781157086.683375,55.420798778533936,A1_HOLDING_SERVO_ON,A1_HOLDING_SERVO_ON_R01_20260611_125030,delta-asda-b3-e,1616,VE|SOD|TR,1,0,-7065,0,-1,-0.00427,-1,-0.002391,299,47,4270,2391,6000,,0,,,,holding,normal,0,no_load,none,"A1: Servo ON, shaft stationary",servo-app/lab-0.1
1781157086.7837002,55.52112412452698,A1_HOLDING_SERVO_ON,A1_HOLDING_SERVO_ON_R01_20260611_125030,delta-asda-b3-e,1616,VE|SOD|TR,1,0,-7071,0,0,0.0,0,0.0,298,47,4270,2391,6000,,0,,,,holding,normal,0,no_load,none,"A1: Servo ON, shaft stationary",servo-app/lab-0.1
1781157086.8841994,55.621623277664185,A1_HOLDING_SERVO_ON,A1_HOLDING_SERVO_ON_R01_20260611_125030,delta-asda-b3-e,1616,VE|SOD|TR,1,0,-7065,0,-1,-0.00427,0,0.0,299,47,4270,2391,6000,,0,,,,holding,normal,0,no_load,none,"A1: Servo ON, shaft stationary",servo-app/lab-0.1
1781157086.9845042,55.721928119659424,A1_HOLDING_SERVO_ON,A1_HOLDING_SERVO_ON_R01_20260611_125030,delta-asda-b3-e,1616,VE|SOD|TR,1,0,-7071,0,0,0.0,0,0.0,299,47,4270,2391,6000,,0,,,,holding,normal,0,no_load,none,"A1: Servo ON, shaft stationary",servo-app/lab-0.1
1781157087.0850222,55.82244610786438,A1_HOLDING_SERVO_ON,A1_HOLDING_SERVO_ON_R01_20260611_125030,delta-asda-b3-e,1616,VE|SOD|TR,1,0,-7065,0,-1,-0.00427,0,0.0,298,47,4270,2391,6000,,0,,,,holding,normal,0,no_load,none,"A1: Servo ON, shaft stationary",servo-app/lab-0.1
1781157087.185173,55.92259693145752,A1_HOLDING_SERVO_ON,A1_HOLDING_SERVO_ON_R01_20260611_125030,delta-asda-b3-e,1616,VE|SOD|TR,1,0,-7071,0,-1,-0.00427,-1,-0.002391,298,47,4270,2391,6000,,0,,,,holding,normal,0,no_load,none,"A1: Servo ON, shaft stationary",servo-app/lab-0.1
1781157087.2855241,56.022948026657104,A1_HOLDING_SERVO_ON,A1_HOLDING_SERVO_ON_R01_20260611_125030,delta-asda-b3-e,1616,VE|SOD|TR,1,0,-7075,0,0,0.0,0,0.0,299,47,4270,2391,6000,,0,,,,holding,normal,0,no_load,none,"A1: Servo ON, shaft stationary",servo-app/lab-0.1
1781157087.385781,56.123204946517944,A1_HOLDING_SERVO_ON,A1_HOLDING_SERVO_ON_R01_20260611_125030,delta-asda-b3-e,1616,VE|SOD|TR,1,0,-7085,0,-1,-0.00427,0,0.0,299,47,4270,2391,6000,,0,,,,holding,normal,0,no_load,none,"A1: Servo ON, shaft stationary",servo-app/lab-0.1
1781157087.4863346,56.22375845909119,A1_HOLDING_SERVO_ON,A1_HOLDING_SERVO_ON_R01_20260611_125030,delta-asda-b3-e,1616,VE|SOD|TR,1,0,-7071,0,-1,-0.00427,-1,-0.002391,299,47,4270,2391,6000,,0,,,,holding,normal,0,no_load,none,"A1: Servo ON, shaft stationary",servo-app/lab-0.1
1781157087.5867019,56.32412576675415,A1_HOLDING_SERVO_ON,A1_HOLDING_SERVO_ON_R01_20260611_125030,delta-asda-b3-e,1616,VE|SOD|TR,1,0,-7085,0,-1,-0.00427,0,0.0,299,47,4270,2391,6000,,0,,,,holding,normal,0,no_load,none,"A1: Servo ON, shaft stationary",servo-app/lab-0.1
1781157087.6871738,56.42459774017334,A1_HOLDING_SERVO_ON,A1_HOLDING_SERVO_ON_R01_20260611_125030,delta-asda-b3-e,1616,VE|SOD|TR,1,0,-7071,0,-1,-0.00427,0,0.0,298,47,4270,2391,6000,,0,,,,holding,normal,0,no_load,none,"A1: Servo ON, shaft stationary",servo-app/lab-0.1
1781157087.7875524,56.52497625350952,A1_HOLDING_SERVO_ON,A1_HOLDING_SERVO_ON_R01_20260611_125030,delta-asda-b3-e,1616,VE|SOD|TR,1,0,-7085,0,0,0.0,-1,-0.002391,298,47,4270,2391,6000,,0,,,,holding,normal,0,no_load,none,"A1: Servo ON, shaft stationary",servo-app/lab-0.1
1781157087.8877966,56.62522053718567,A1_HOLDING_SERVO_ON,A1_HOLDING_SERVO_ON_R01_20260611_125030,delta-asda-b3-e,1616,VE|SOD|TR,1,0,-7067,0,0,0.0,0,0.0,299,47,4270,2391,6000,,0,,,,holding,normal,0,no_load,none,"A1: Servo ON, shaft stationary",servo-app/lab-0.1
1781157087.9881563,56.7255802154541,A1_HOLDING_SERVO_ON,A1_HOLDING_SERVO_ON_R01_20260611_125030,delta-asda-b3-e,1616,VE|SOD|TR,1,0,-7055,0,0,0.0,-1,-0.002391,299,47,4270,2391,6000,,0,,,,holding,normal,0,no_load,none,"A1: Servo ON, shaft stationary",servo-app/lab-0.1
1781157088.0882638,56.825687646865845,A1_HOLDING_SERVO_ON,A1_HOLDING_SERVO_ON_R01_20260611_125030,delta-asda-b3-e,1616,VE|SOD|TR,1,0,-7075,0,-1,-0.00427,0,0.0,298,47,4270,2391,6000,,0,,,,holding,normal,0,no_load,none,"A1: Servo ON, shaft stationary",servo-app/lab-0.1
1781157088.1887524,56.92617630958557,A1_HOLDING_SERVO_ON,A1_HOLDING_SERVO_ON_R01_20260611_125030,delta-asda-b3-e,1616,VE|SOD|TR,1,0,-7065,0,-1,-0.00427,-1,-0.002391,299,47,4270,2391,6000,,0,,,,holding,normal,0,no_load,none,"A1: Servo ON, shaft stationary",servo-app/lab-0.1
1781157088.2891943,57.026618242263794,A1_HOLDING_SERVO_ON,A1_HOLDING_SERVO_ON_R01_20260611_125030,delta-asda-b3-e,1616,VE|SOD|TR,1,0,-7065,0,-1,-0.00427,0,0.0,298,47,4270,2391,6000,,0,,,,holding,normal,0,no_load,none,"A1: Servo ON, shaft stationary",servo-app/lab-0.1
1781157088.3897557,57.12717962265015,A1_HOLDING_SERVO_ON,A1_HOLDING_SERVO_ON_R01_20260611_125030,delta-asda-b3-e,1616,VE|SOD|TR,1,0,-7075,0,-1,-0.00427,0,0.0,299,47,4270,2391,6000,,0,,,,holding,normal,0,no_load,none,"A1: Servo ON, shaft stationary",servo-app/lab-0.1
1781157088.4901814,57.22760534286499,A1_HOLDING_SERVO_ON,A1_HOLDING_SERVO_ON_R01_20260611_125030,delta-asda-b3-e,1616,VE|SOD|TR,1,0,-7061,0,0,0.0,-1,-0.002391,299,47,4270,2391,6000,,0,,,,holding,normal,0,no_load,none,"A1: Servo ON, shaft stationary",servo-app/lab-0.1
1781157088.590572,57.327996015548706,A1_HOLDING_SERVO_ON,A1_HOLDING_SERVO_ON_R01_20260611_125030,delta-asda-b3-e,1616,VE|SOD|TR,1,0,-7081,0,-1,-0.00427,-1,-0.002391,298,47,4270,2391,6000,,0,,,,holding,normal,0,no_load,none,"A1: Servo ON, shaft stationary",servo-app/lab-0.1
1781157088.6906428,57.42806673049927,A1_HOLDING_SERVO_ON,A1_HOLDING_SERVO_ON_R01_20260611_125030,delta-asda-b3-e,1616,VE|SOD|TR,1,0,-7075,0,0,0.0,0,0.0,299,47,4270,2391,6000,,0,,,,holding,normal,0,no_load,none,"A1: Servo ON, shaft stationary",servo-app/lab-0.1
1781157088.7910619,57.5284857749939,A1_HOLDING_SERVO_ON,A1_HOLDING_SERVO_ON_R01_20260611_125030,delta-asda-b3-e,1616,VE|SOD|TR,1,0,-7061,0,0,0.0,-1,-0.002391,299,47,4270,2391,6000,,0,,,,holding,normal,0,no_load,none,"A1: Servo ON, shaft stationary",servo-app/lab-0.1
1781157088.891328,57.62875199317932,A1_HOLDING_SERVO_ON,A1_HOLDING_SERVO_ON_R01_20260611_125030,delta-asda-b3-e,1616,VE|SOD|TR,1,0,-7071,0,0,0.0,0,0.0,299,47,4270,2391,6000,,0,,,,holding,normal,0,no_load,none,"A1: Servo ON, shaft stationary",servo-app/lab-0.1
1781157088.9916208,57.729044675827026,A1_HOLDING_SERVO_ON,A1_HOLDING_SERVO_ON_R01_20260611_125030,delta-asda-b3-e,1616,VE|SOD|TR,1,0,-7071,0,0,0.0,0,0.0,298,47,4270,2391,6000,,0,,,,holding,normal,0,no_load,none,"A1: Servo ON, shaft stationary",servo-app/lab-0.1
1781157089.092041,57.82946491241455,A1_HOLDING_SERVO_ON,A1_HOLDING_SERVO_ON_R01_20260611_125030,delta-asda-b3-e,1616,VE|SOD|TR,1,0,-7071,0,-1,-0.00427,0,0.0,299,47,4270,2391,6000,,0,,,,holding,normal,0,no_load,none,"A1: Servo ON, shaft stationary",servo-app/lab-0.1
1781157089.1922479,57.92967176437378,A1_HOLDING_SERVO_ON,A1_HOLDING_SERVO_ON_R01_20260611_125030,delta-asda-b3-e,1616,VE|SOD|TR,1,0,-7081,0,0,0.0,-1,-0.002391,299,47,4270,2391,6000,,0,,,,holding,normal,0,no_load,none,"A1: Servo ON, shaft stationary",servo-app/lab-0.1
1781157089.2930794,58.030503273010254,A1_HOLDING_SERVO_ON,A1_HOLDING_SERVO_ON_R01_20260611_125030,delta-asda-b3-e,1616,VE|SOD|TR,1,0,-7075,0,-1,-0.00427,-1,-0.002391,298,47,4270,2391,6000,,0,,,,holding,normal,0,no_load,none,"A1: Servo ON, shaft stationary",servo-app/lab-0.1
1781157089.4189858,58.156409740448,A1_HOLDING_SERVO_ON,A1_HOLDING_SERVO_ON_R01_20260611_125030,delta-asda-b3-e,1616,VE|SOD|TR,1,0,-7071,0,0,0.0,-1,-0.002391,298,47,4270,2391,6000,,0,,,,holding,normal,0,no_load,none,"A1: Servo ON, shaft stationary",servo-app/lab-0.1
1781157089.519685,58.25710892677307,A1_HOLDING_SERVO_ON,A1_HOLDING_SERVO_ON_R01_20260611_125030,delta-asda-b3-e,1616,VE|SOD|TR,1,0,-7081,0,0,0.0,0,0.0,298,47,4270,2391,6000,,0,,,,holding,normal,0,no_load,none,"A1: Servo ON, shaft stationary",servo-app/lab-0.1
1781157089.6200202,58.357444047927856,A1_HOLDING_SERVO_ON,A1_HOLDING_SERVO_ON_R01_20260611_125030,delta-asda-b3-e,1616,VE|SOD|TR,1,0,-7071,0,0,0.0,-1,-0.002391,298,47,4270,2391,6000,,0,,,,holding,normal,0,no_load,none,"A1: Servo ON, shaft stationary",servo-app/lab-0.1
1781157089.7201483,58.45757222175598,A1_HOLDING_SERVO_ON,A1_HOLDING_SERVO_ON_R01_20260611_125030,delta-asda-b3-e,1616,VE|SOD|TR,1,0,-7071,0,-1,-0.00427,-1,-0.002391,298,47,4270,2391,6000,,0,,,,holding,normal,0,no_load,none,"A1: Servo ON, shaft stationary",servo-app/lab-0.1
1781157089.82041,58.5578339099884,A1_HOLDING_SERVO_ON,A1_HOLDING_SERVO_ON_R01_20260611_125030,delta-asda-b3-e,1616,VE|SOD|TR,1,0,-7075,0,0,0.0,-1,-0.002391,298,47,4270,2391,6000,,0,,,,holding,normal,0,no_load,none,"A1: Servo ON, shaft stationary",servo-app/lab-0.1
1781157089.9206822,58.658106088638306,A1_HOLDING_SERVO_ON,A1_HOLDING_SERVO_ON_R01_20260611_125030,delta-asda-b3-e,1616,VE|SOD|TR,1,0,-7085,0,-1,-0.00427,-1,-0.002391,298,47,4270,2391,6000,,0,,,,holding,normal,0,no_load,none,"A1: Servo ON, shaft stationary",servo-app/lab-0.1
1781157090.0211678,58.758591651916504,A1_HOLDING_SERVO_ON,A1_HOLDING_SERVO_ON_R01_20260611_125030,delta-asda-b3-e,1616,VE|SOD|TR,1,0,-7075,0,0,0.0,-1,-0.002391,298,47,4270,2391,6000,,0,,,,holding,normal,0,no_load,none,"A1: Servo ON, shaft stationary",servo-app/lab-0.1
1781157090.1216483,58.85907220840454,A1_HOLDING_SERVO_ON,A1_HOLDING_SERVO_ON_R01_20260611_125030,delta-asda-b3-e,1616,VE|SOD|TR,1,0,-7065,0,0,0.0,0,0.0,298,47,4270,2391,6000,,0,,,,holding,normal,0,no_load,none,"A1: Servo ON, shaft stationary",servo-app/lab-0.1
1781157090.2217813,58.95920515060425,A1_HOLDING_SERVO_ON,A1_HOLDING_SERVO_ON_R01_20260611_125030,delta-asda-b3-e,1616,VE|SOD|TR,1,0,-7071,0,-1,-0.00427,-1,-0.002391,298,47,4270,2391,6000,,0,,,,holding,normal,0,no_load,none,"A1: Servo ON, shaft stationary",servo-app/lab-0.1
1781157090.321812,59.05923581123352,A1_HOLDING_SERVO_ON,A1_HOLDING_SERVO_ON_R01_20260611_125030,delta-asda-b3-e,1616,VE|SOD|TR,1,0,-7071,0,0,0.0,0,0.0,298,47,4270,2391,6000,,0,,,,holding,normal,0,no_load,none,"A1: Servo ON, shaft stationary",servo-app/lab-0.1
1781157090.4219575,59.15938138961792,A1_HOLDING_SERVO_ON,A1_HOLDING_SERVO_ON_R01_20260611_125030,delta-asda-b3-e,1616,VE|SOD|TR,1,0,-7075,0,0,0.0,-1,-0.002391,298,47,4270,2391,6000,,0,,,,holding,normal,0,no_load,none,"A1: Servo ON, shaft stationary",servo-app/lab-0.1
1781157090.5221841,59.259608030319214,A1_HOLDING_SERVO_ON,A1_HOLDING_SERVO_ON_R01_20260611_125030,delta-asda-b3-e,1616,VE|SOD|TR,1,0,-7061,0,-1,-0.00427,-1,-0.002391,298,47,4270,2391,6000,,0,,,,holding,normal,0,no_load,none,"A1: Servo ON, shaft stationary",servo-app/lab-0.1
1781157090.6223583,59.359782218933105,A1_HOLDING_SERVO_ON,A1_HOLDING_SERVO_ON_R01_20260611_125030,delta-asda-b3-e,1616,VE|SOD|TR,1,0,-7075,0,0,0.0,0,0.0,298,47,4270,2391,6000,,0,,,,holding,normal,0,no_load,none,"A1: Servo ON, shaft stationary",servo-app/lab-0.1
1781157090.7227647,59.46018862724304,A1_HOLDING_SERVO_ON,A1_HOLDING_SERVO_ON_R01_20260611_125030,delta-asda-b3-e,1616,VE|SOD|TR,1,0,-7071,0,-1,-0.00427,-1,-0.002391,298,47,4270,2391,6000,,0,,,,holding,normal,0,no_load,none,"A1: Servo ON, shaft stationary",servo-app/lab-0.1
1781157090.8231962,59.560620069503784,A1_HOLDING_SERVO_ON,A1_HOLDING_SERVO_ON_R01_20260611_125030,delta-asda-b3-e,1616,VE|SOD|TR,1,0,-7071,0,-1,-0.00427,0,0.0,298,47,4270,2391,6000,,0,,,,holding,normal,0,no_load,none,"A1: Servo ON, shaft stationary",servo-app/lab-0.1
1781157090.9233522,59.660776138305664,A1_HOLDING_SERVO_ON,A1_HOLDING_SERVO_ON_R01_20260611_125030,delta-asda-b3-e,1616,VE|SOD|TR,1,0,-7081,0,-1,-0.00427,-1,-0.002391,298,47,4270,2391,6000,,0,,,,holding,normal,0,no_load,none,"A1: Servo ON, shaft stationary",servo-app/lab-0.1
1781157091.024056,59.76147985458374,A1_HOLDING_SERVO_ON,A1_HOLDING_SERVO_ON_R01_20260611_125030,delta-asda-b3-e,1616,VE|SOD|TR,1,0,-7071,0,-1,-0.00427,-1,-0.002391,298,47,4270,2391,6000,,0,,,,holding,normal,0,no_load,none,"A1: Servo ON, shaft stationary",servo-app/lab-0.1
1781157091.1245127,59.86193656921387,A1_HOLDING_SERVO_ON,A1_HOLDING_SERVO_ON_R01_20260611_125030,delta-asda-b3-e,1616,VE|SOD|TR,1,0,-7071,0,0,0.0,-1,-0.002391,298,47,4270,2391,6000,,0,,,,holding,normal,0,no_load,none,"A1: Servo ON, shaft stationary",servo-app/lab-0.1
1781157091.2248383,59.96226215362549,A1_HOLDING_SERVO_ON,A1_HOLDING_SERVO_ON_R01_20260611_125030,delta-asda-b3-e,1616,VE|SOD|TR,1,0,-7061,0,0,0.0,0,0.0,298,47,4270,2391,6000,,0,,,,holding,normal,0,no_load,none,"A1: Servo ON, shaft stationary",servo-app/lab-0.1
1781157091.3250577,60.06248164176941,A1_HOLDING_SERVO_ON,A1_HOLDING_SERVO_ON_R01_20260611_125030,delta-asda-b3-e,1616,VE|SOD|TR,1,0,-7071,0,0,0.0,-1,-0.002391,298,47,4270,2391,6000,,0,,,,holding,normal,0,no_load,none,"A1: Servo ON, shaft stationary",servo-app/lab-0.1
1781157091.4254832,60.162907123565674,A1_HOLDING_SERVO_ON,A1_HOLDING_SERVO_ON_R01_20260611_125030,delta-asda-b3-e,1616,VE|SOD|TR,1,0,-7061,0,0,0.0,-1,-0.002391,298,47,4270,2391,6000,,0,,,,holding,normal,0,no_load,none,"A1: Servo ON, shaft stationary",servo-app/lab-0.1
1781157091.5260398,60.263463735580444,A1_HOLDING_SERVO_ON,A1_HOLDING_SERVO_ON_R01_20260611_125030,delta-asda-b3-e,1616,VE|SOD|TR,1,0,-7081,0,-1,-0.00427,-1,-0.002391,298,47,4270,2391,6000,,0,,,,holding,normal,0,no_load,none,"A1: Servo ON, shaft stationary",servo-app/lab-0.1
1781157091.626215,60.36363887786865,A1_HOLDING_SERVO_ON,A1_HOLDING_SERVO_ON_R01_20260611_125030,delta-asda-b3-e,1616,VE|SOD|TR,1,0,-7071,0,0,0.0,0,0.0,298,47,4270,2391,6000,,0,,,,holding,normal,0,no_load,none,"A1: Servo ON, shaft stationary",servo-app/lab-0.1
1781157091.7265816,60.46400547027588,A1_HOLDING_SERVO_ON,A1_HOLDING_SERVO_ON_R01_20260611_125030,delta-asda-b3-e,1616,VE|SOD|TR,1,0,-7077,0,-1,-0.00427,-1,-0.002391,298,47,4270,2391,6000,,0,,,,holding,normal,0,no_load,none,"A1: Servo ON, shaft stationary",servo-app/lab-0.1
1781157091.8271346,60.56455850601196,A1_HOLDING_SERVO_ON,A1_HOLDING_SERVO_ON_R01_20260611_125030,delta-asda-b3-e,1616,VE|SOD|TR,1,0,-7081,0,-1,-0.00427,0,0.0,298,47,4270,2391,6000,,0,,,,holding,normal,0,no_load,none,"A1: Servo ON, shaft stationary",servo-app/lab-0.1
1781157091.9273596,60.6647834777832,A1_HOLDING_SERVO_ON,A1_HOLDING_SERVO_ON_R01_20260611_125030,delta-asda-b3-e,1616,VE|SOD|TR,1,0,-7061,0,0,0.0,-1,-0.002391,298,47,4270,2391,6000,,0,,,,holding,normal,0,no_load,none,"A1: Servo ON, shaft stationary",servo-app/lab-0.1
1781157092.0275552,60.764979124069214,A1_HOLDING_SERVO_ON,A1_HOLDING_SERVO_ON_R01_20260611_125030,delta-asda-b3-e,1616,VE|SOD|TR,1,0,-7075,0,0,0.0,0,0.0,298,47,4270,2391,6000,,0,,,,holding,normal,0,no_load,none,"A1: Servo ON, shaft stationary",servo-app/lab-0.1
1781157092.1277301,60.86515402793884,A1_HOLDING_SERVO_ON,A1_HOLDING_SERVO_ON_R01_20260611_125030,delta-asda-b3-e,1616,VE|SOD|TR,1,0,-7071,0,0,0.0,-1,-0.002391,298,47,4270,2391,6000,,0,,,,holding,normal,0,no_load,none,"A1: Servo ON, shaft stationary",servo-app/lab-0.1
1781157092.2280226,60.96544647216797,A1_HOLDING_SERVO_ON,A1_HOLDING_SERVO_ON_R01_20260611_125030,delta-asda-b3-e,1616,VE|SOD|TR,1,0,-7075,0,0,0.0,-1,-0.002391,298,47,4270,2391,6000,,0,,,,holding,normal,0,no_load,none,"A1: Servo ON, shaft stationary",servo-app/lab-0.1
1781157092.3286648,61.06608867645264,A1_HOLDING_SERVO_ON,A1_HOLDING_SERVO_ON_R01_20260611_125030,delta-asda-b3-e,1616,VE|SOD|TR,1,0,-7075,0,-1,-0.00427,-1,-0.002391,298,47,4270,2391,6000,,0,,,,holding,normal,0,no_load,none,"A1: Servo ON, shaft stationary",servo-app/lab-0.1
1781157092.4291322,61.16655611991882,A1_HOLDING_SERVO_ON,A1_HOLDING_SERVO_ON_R01_20260611_125030,delta-asda-b3-e,1616,VE|SOD|TR,1,0,-7071,0,0,0.0,0,0.0,298,47,4270,2391,6000,,0,,,,holding,normal,0,no_load,none,"A1: Servo ON, shaft stationary",servo-app/lab-0.1
1781157092.5292332,61.26665711402893,A1_HOLDING_SERVO_ON,A1_HOLDING_SERVO_ON_R01_20260611_125030,delta-asda-b3-e,1616,VE|SOD|TR,1,0,-7071,0,0,0.0,-1,-0.002391,298,47,4270,2391,6000,,0,,,,holding,normal,0,no_load,none,"A1: Servo ON, shaft stationary",servo-app/lab-0.1
1781157092.6294286,61.36685252189636,A1_HOLDING_SERVO_ON,A1_HOLDING_SERVO_ON_R01_20260611_125030,delta-asda-b3-e,1616,VE|SOD|TR,1,0,-7075,0,0,0.0,0,0.0,298,47,4270,2391,6000,,0,,,,holding,normal,0,no_load,none,"A1: Servo ON, shaft stationary",servo-app/lab-0.1
1781157092.7300136,61.467437505722046,A1_HOLDING_SERVO_ON,A1_HOLDING_SERVO_ON_R01_20260611_125030,delta-asda-b3-e,1616,VE|SOD|TR,1,0,-7081,0,-1,-0.00427,0,0.0,298,47,4270,2391,6000,,0,,,,holding,normal,0,no_load,none,"A1: Servo ON, shaft stationary",servo-app/lab-0.1
1781157092.83009,61.567513942718506,A1_HOLDING_SERVO_ON,A1_HOLDING_SERVO_ON_R01_20260611_125030,delta-asda-b3-e,1616,VE|SOD|TR,1,0,-7061,0,-1,-0.00427,-1,-0.002391,298,47,4270,2391,6000,,0,,,,holding,normal,0,no_load,none,"A1: Servo ON, shaft stationary",servo-app/lab-0.1
1781157092.9304442,61.66786813735962,A1_HOLDING_SERVO_ON,A1_HOLDING_SERVO_ON_R01_20260611_125030,delta-asda-b3-e,1616,VE|SOD|TR,1,0,-7071,0,0,0.0,0,0.0,298,47,4270,2391,6000,,0,,,,holding,normal,0,no_load,none,"A1: Servo ON, shaft stationary",servo-app/lab-0.1
1781157093.0307593,61.76818323135376,A1_HOLDING_SERVO_ON,A1_HOLDING_SERVO_ON_R01_20260611_125030,delta-asda-b3-e,1616,VE|SOD|TR,1,0,-7071,0,0,0.0,0,0.0,298,47,4270,2391,6000,,0,,,,holding,normal,0,no_load,none,"A1: Servo ON, shaft stationary",servo-app/lab-0.1
1781157093.1311069,61.86853075027466,A1_HOLDING_SERVO_ON,A1_HOLDING_SERVO_ON_R01_20260611_125030,delta-asda-b3-e,1616,VE|SOD|TR,1,0,-7091,0,0,0.0,-1,-0.002391,298,47,4270,2391,6000,,0,,,,holding,normal,0,no_load,none,"A1: Servo ON, shaft stationary",servo-app/lab-0.1
1781157093.2313116,61.968735456466675,A1_HOLDING_SERVO_ON,A1_HOLDING_SERVO_ON_R01_20260611_125030,delta-asda-b3-e,1616,VE|SOD|TR,1,0,-7075,0,0,0.0,0,0.0,298,47,4270,2391,6000,,0,,,,holding,normal,0,no_load,none,"A1: Servo ON, shaft stationary",servo-app/lab-0.1
1781157093.331582,62.06900596618652,A1_HOLDING_SERVO_ON,A1_HOLDING_SERVO_ON_R01_20260611_125030,delta-asda-b3-e,1616,VE|SOD|TR,1,0,-7071,0,0,0.0,-1,-0.002391,298,47,4270,2391,6000,,0,,,,holding,normal,0,no_load,none,"A1: Servo ON, shaft stationary",servo-app/lab-0.1
1781157093.4321003,62.16952419281006,A1_HOLDING_SERVO_ON,A1_HOLDING_SERVO_ON_R01_20260611_125030,delta-asda-b3-e,1616,VE|SOD|TR,1,0,-7071,0,-1,-0.00427,0,0.0,298,47,4270,2391,6000,,0,,,,holding,normal,0,no_load,none,"A1: Servo ON, shaft stationary",servo-app/lab-0.1
1781157093.5324423,62.26986622810364,A1_HOLDING_SERVO_ON,A1_HOLDING_SERVO_ON_R01_20260611_125030,delta-asda-b3-e,1616,VE|SOD|TR,1,0,-7075,0,-1,-0.00427,0,0.0,298,47,4270,2391,6000,,0,,,,holding,normal,0,no_load,none,"A1: Servo ON, shaft stationary",servo-app/lab-0.1
1781157093.6328497,62.37027359008789,A1_HOLDING_SERVO_ON,A1_HOLDING_SERVO_ON_R01_20260611_125030,delta-asda-b3-e,1616,VE|SOD|TR,1,0,-7071,0,-1,-0.00427,-1,-0.002391,298,47,4270,2391,6000,,0,,,,holding,normal,0,no_load,none,"A1: Servo ON, shaft stationary",servo-app/lab-0.1
1781157093.7334006,62.47082448005676,A1_HOLDING_SERVO_ON,A1_HOLDING_SERVO_ON_R01_20260611_125030,delta-asda-b3-e,1616,VE|SOD|TR,1,0,-7067,0,-1,-0.00427,0,0.0,298,47,4270,2391,6000,,0,,,,holding,normal,0,no_load,none,"A1: Servo ON, shaft stationary",servo-app/lab-0.1
1781157093.8339117,62.571335554122925,A1_HOLDING_SERVO_ON,A1_HOLDING_SERVO_ON_R01_20260611_125030,delta-asda-b3-e,1616,VE|SOD|TR,1,0,-7071,0,0,0.0,-1,-0.002391,298,47,4270,2391,6000,,0,,,,holding,normal,0,no_load,none,"A1: Servo ON, shaft stationary",servo-app/lab-0.1
1781157093.9343596,62.671783447265625,A1_HOLDING_SERVO_ON,A1_HOLDING_SERVO_ON_R01_20260611_125030,delta-asda-b3-e,1616,VE|SOD|TR,1,0,-7075,0,0,0.0,0,0.0,298,47,4270,2391,6000,,0,,,,holding,normal,0,no_load,none,"A1: Servo ON, shaft stationary",servo-app/lab-0.1
1781157094.0348482,62.77227210998535,A1_HOLDING_SERVO_ON,A1_HOLDING_SERVO_ON_R01_20260611_125030,delta-asda-b3-e,1616,VE|SOD|TR,1,0,-7071,0,0,0.0,-1,-0.002391,298,47,4270,2391,6000,,0,,,,holding,normal,0,no_load,none,"A1: Servo ON, shaft stationary",servo-app/lab-0.1
1781157094.1352024,62.872626304626465,A1_HOLDING_SERVO_ON,A1_HOLDING_SERVO_ON_R01_20260611_125030,delta-asda-b3-e,1616,VE|SOD|TR,1,0,-7081,0,0,0.0,-1,-0.002391,298,47,4270,2391,6000,,0,,,,holding,normal,0,no_load,none,"A1: Servo ON, shaft stationary",servo-app/lab-0.1
1781157094.2357004,62.973124265670776,A1_HOLDING_SERVO_ON,A1_HOLDING_SERVO_ON_R01_20260611_125030,delta-asda-b3-e,1616,VE|SOD|TR,1,0,-7081,0,0,0.0,0,0.0,298,47,4270,2391,6000,,0,,,,holding,normal,0,no_load,none,"A1: Servo ON, shaft stationary",servo-app/lab-0.1
1781157094.3359313,63.073355197906494,A1_HOLDING_SERVO_ON,A1_HOLDING_SERVO_ON_R01_20260611_125030,delta-asda-b3-e,1616,VE|SOD|TR,1,0,-7085,0,-1,-0.00427,-1,-0.002391,298,47,4270,2391,6000,,0,,,,holding,normal,0,no_load,none,"A1: Servo ON, shaft stationary",servo-app/lab-0.1
1781157094.4362516,63.173675537109375,A1_HOLDING_SERVO_ON,A1_HOLDING_SERVO_ON_R01_20260611_125030,delta-asda-b3-e,1616,VE|SOD|TR,1,0,-7075,0,-1,-0.00427,0,0.0,298,47,4270,2391,6000,,0,,,,holding,normal,0,no_load,none,"A1: Servo ON, shaft stationary",servo-app/lab-0.1
1781157094.5363138,63.27373766899109,A1_HOLDING_SERVO_ON,A1_HOLDING_SERVO_ON_R01_20260611_125030,delta-asda-b3-e,1616,VE|SOD|TR,1,0,-7071,0,0,0.0,-1,-0.002391,299,47,4270,2391,6000,,0,,,,holding,normal,0,no_load,none,"A1: Servo ON, shaft stationary",servo-app/lab-0.1
1781157094.6366293,63.37405323982239,A1_HOLDING_SERVO_ON,A1_HOLDING_SERVO_ON_R01_20260611_125030,delta-asda-b3-e,1616,VE|SOD|TR,1,0,-7071,0,-1,-0.00427,-1,-0.002391,299,47,4270,2391,6000,,0,,,,holding,normal,0,no_load,none,"A1: Servo ON, shaft stationary",servo-app/lab-0.1
1781157094.7369838,63.47440767288208,A1_HOLDING_SERVO_ON,A1_HOLDING_SERVO_ON_R01_20260611_125030,delta-asda-b3-e,1616,VE|SOD|TR,1,0,-7071,0,0,0.0,0,0.0,298,47,4270,2391,6000,,0,,,,holding,normal,0,no_load,none,"A1: Servo ON, shaft stationary",servo-app/lab-0.1
1781157094.8374429,63.574866771698,A1_HOLDING_SERVO_ON,A1_HOLDING_SERVO_ON_R01_20260611_125030,delta-asda-b3-e,1616,VE|SOD|TR,1,0,-7065,0,1,0.00427,0,0.0,298,47,4270,2391,6000,,0,,,,holding,normal,0,no_load,none,"A1: Servo ON, shaft stationary",servo-app/lab-0.1
1781157094.9377012,63.67512512207031,A1_HOLDING_SERVO_ON,A1_HOLDING_SERVO_ON_R01_20260611_125030,delta-asda-b3-e,1616,VE|SOD|TR,1,0,-7077,0,-1,-0.00427,-1,-0.002391,298,47,4270,2391,6000,,0,,,,holding,normal,0,no_load,none,"A1: Servo ON, shaft stationary",servo-app/lab-0.1
1781157095.0377982,63.775222063064575,A1_HOLDING_SERVO_ON,A1_HOLDING_SERVO_ON_R01_20260611_125030,delta-asda-b3-e,1616,VE|SOD|TR,1,0,-7091,0,0,0.0,-1,-0.002391,298,47,4270,2391,6000,,0,,,,holding,normal,0,no_load,none,"A1: Servo ON, shaft stationary",servo-app/lab-0.1
1781157095.1380887,63.87551259994507,A1_HOLDING_SERVO_ON,A1_HOLDING_SERVO_ON_R01_20260611_125030,delta-asda-b3-e,1616,VE|SOD|TR,1,0,-7077,0,-1,-0.00427,0,0.0,298,47,4270,2391,6000,,0,,,,holding,normal,0,no_load,none,"A1: Servo ON, shaft stationary",servo-app/lab-0.1
1781157095.2385073,63.97593116760254,A1_HOLDING_SERVO_ON,A1_HOLDING_SERVO_ON_R01_20260611_125030,delta-asda-b3-e,1616,VE|SOD|TR,1,0,-7085,0,0,0.0,-1,-0.002391,298,47,4270,2391,6000,,0,,,,holding,normal,0,no_load,none,"A1: Servo ON, shaft stationary",servo-app/lab-0.1
1781157095.338899,64.07632279396057,A1_HOLDING_SERVO_ON,A1_HOLDING_SERVO_ON_R01_20260611_125030,delta-asda-b3-e,1616,VE|SOD|TR,1,0,-7071,0,-1,-0.00427,0,0.0,298,47,4270,2391,6000,,0,,,,holding,normal,0,no_load,none,"A1: Servo ON, shaft stationary",servo-app/lab-0.1
1781157095.439438,64.17686200141907,A1_HOLDING_SERVO_ON,A1_HOLDING_SERVO_ON_R01_20260611_125030,delta-asda-b3-e,1616,VE|SOD|TR,1,0,-7077,0,-1,-0.00427,0,0.0,298,47,4270,2391,6000,,0,,,,holding,normal,0,no_load,none,"A1: Servo ON, shaft stationary",servo-app/lab-0.1
1781157095.5396,64.27702379226685,A1_HOLDING_SERVO_ON,A1_HOLDING_SERVO_ON_R01_20260611_125030,delta-asda-b3-e,1616,VE|SOD|TR,1,0,-7071,0,0,0.0,0,0.0,298,47,4270,2391,6000,,0,,,,holding,normal,0,no_load,none,"A1: Servo ON, shaft stationary",servo-app/lab-0.1
1781157095.6399145,64.37733840942383,A1_HOLDING_SERVO_ON,A1_HOLDING_SERVO_ON_R01_20260611_125030,delta-asda-b3-e,1616,VE|SOD|TR,1,0,-7071,0,0,0.0,-1,-0.002391,299,47,4270,2391,6000,,0,,,,holding,normal,0,no_load,none,"A1: Servo ON, shaft stationary",servo-app/lab-0.1
1781157095.7407312,64.4781551361084,A1_HOLDING_SERVO_ON,A1_HOLDING_SERVO_ON_R01_20260611_125030,delta-asda-b3-e,1616,VE|SOD|TR,1,0,-7081,0,-1,-0.00427,-1,-0.002391,298,47,4270,2391,6000,,0,,,,holding,normal,0,no_load,none,"A1: Servo ON, shaft stationary",servo-app/lab-0.1
1781157095.8408558,64.57827973365784,A1_HOLDING_SERVO_ON,A1_HOLDING_SERVO_ON_R01_20260611_125030,delta-asda-b3-e,1616,VE|SOD|TR,1,0,-7075,0,0,0.0,0,0.0,298,47,4270,2391,6000,,0,,,,holding,normal,0,no_load,none,"A1: Servo ON, shaft stationary",servo-app/lab-0.1
1781157095.9413228,64.67874670028687,A1_HOLDING_SERVO_ON,A1_HOLDING_SERVO_ON_R01_20260611_125030,delta-asda-b3-e,1616,VE|SOD|TR,1,0,-7071,0,0,0.0,-1,-0.002391,298,47,4270,2391,6000,,0,,,,holding,normal,0,no_load,none,"A1: Servo ON, shaft stationary",servo-app/lab-0.1
1781157096.0416315,64.77905535697937,A1_HOLDING_SERVO_ON,A1_HOLDING_SERVO_ON_R01_20260611_125030,delta-asda-b3-e,1616,VE|SOD|TR,1,0,-7065,0,0,0.0,0,0.0,298,47,4270,2391,6000,,0,,,,holding,normal,0,no_load,none,"A1: Servo ON, shaft stationary",servo-app/lab-0.1
1781157096.1420991,64.87952303886414,A1_HOLDING_SERVO_ON,A1_HOLDING_SERVO_ON_R01_20260611_125030,delta-asda-b3-e,1616,VE|SOD|TR,1,0,-7071,0,-1,-0.00427,-1,-0.002391,298,47,4270,2391,6000,,0,,,,holding,normal,0,no_load,none,"A1: Servo ON, shaft stationary",servo-app/lab-0.1
1781157096.242193,64.97961688041687,A1_HOLDING_SERVO_ON,A1_HOLDING_SERVO_ON_R01_20260611_125030,delta-asda-b3-e,1616,VE|SOD|TR,1,0,-7065,0,0,0.0,0,0.0,298,47,4270,2391,6000,,0,,,,holding,normal,0,no_load,none,"A1: Servo ON, shaft stationary",servo-app/lab-0.1
1781157096.3426692,65.08009314537048,A1_HOLDING_SERVO_ON,A1_HOLDING_SERVO_ON_R01_20260611_125030,delta-asda-b3-e,1616,VE|SOD|TR,1,0,-7075,0,0,0.0,-1,-0.002391,298,47,4270,2391,6000,,0,,,,holding,normal,0,no_load,none,"A1: Servo ON, shaft stationary",servo-app/lab-0.1
1781157096.4430068,65.18043065071106,A1_HOLDING_SERVO_ON,A1_HOLDING_SERVO_ON_R01_20260611_125030,delta-asda-b3-e,1616,VE|SOD|TR,1,0,-7071,0,0,0.0,-1,-0.002391,298,47,4270,2391,6000,,0,,,,holding,normal,0,no_load,none,"A1: Servo ON, shaft stationary",servo-app/lab-0.1
1781157096.5432038,65.28062772750854,A1_HOLDING_SERVO_ON,A1_HOLDING_SERVO_ON_R01_20260611_125030,delta-asda-b3-e,1616,VE|SOD|TR,1,0,-7071,0,0,0.0,0,0.0,298,47,4270,2391,6000,,0,,,,holding,normal,0,no_load,none,"A1: Servo ON, shaft stationary",servo-app/lab-0.1
1781157096.6438816,65.3813054561615,A1_HOLDING_SERVO_ON,A1_HOLDING_SERVO_ON_R01_20260611_125030,delta-asda-b3-e,1616,VE|SOD|TR,1,0,-7071,0,-2,-0.00854,0,0.0,298,47,4270,2391,6000,,0,,,,holding,normal,0,no_load,none,"A1: Servo ON, shaft stationary",servo-app/lab-0.1
1781157096.7441595,65.4815833568573,A1_HOLDING_SERVO_ON,A1_HOLDING_SERVO_ON_R01_20260611_125030,delta-asda-b3-e,1616,VE|SOD|TR,1,0,-7067,0,-1,-0.00427,0,0.0,298,47,4270,2391,6000,,0,,,,holding,normal,0,no_load,none,"A1: Servo ON, shaft stationary",servo-app/lab-0.1
1781157096.844527,65.58195090293884,A1_HOLDING_SERVO_ON,A1_HOLDING_SERVO_ON_R01_20260611_125030,delta-asda-b3-e,1616,VE|SOD|TR,1,0,-7075,0,-1,-0.00427,0,0.0,298,47,4270,2391,6000,,0,,,,holding,normal,0,no_load,none,"A1: Servo ON, shaft stationary",servo-app/lab-0.1
1781157096.9452858,65.68270969390869,A1_HOLDING_SERVO_ON,A1_HOLDING_SERVO_ON_R01_20260611_125030,delta-asda-b3-e,1616,VE|SOD|TR,1,0,-7071,0,0,0.0,-1,-0.002391,298,47,4270,2391,6000,,0,,,,holding,normal,0,no_load,none,"A1: Servo ON, shaft stationary",servo-app/lab-0.1
1781157097.0456562,65.78308010101318,A1_HOLDING_SERVO_ON,A1_HOLDING_SERVO_ON_R01_20260611_125030,delta-asda-b3-e,1616,VE|SOD|TR,1,0,-7061,0,-1,-0.00427,0,0.0,298,47,4270,2391,6000,,0,,,,holding,normal,0,no_load,none,"A1: Servo ON, shaft stationary",servo-app/lab-0.1
1781157097.146091,65.88351488113403,A1_HOLDING_SERVO_ON,A1_HOLDING_SERVO_ON_R01_20260611_125030,delta-asda-b3-e,1616,VE|SOD|TR,1,0,-7071,0,0,0.0,0,0.0,298,47,4270,2391,6000,,0,,,,holding,normal,0,no_load,none,"A1: Servo ON, shaft stationary",servo-app/lab-0.1
1781157097.2464685,65.9838924407959,A1_HOLDING_SERVO_ON,A1_HOLDING_SERVO_ON_R01_20260611_125030,delta-asda-b3-e,1616,VE|SOD|TR,1,0,-7075,0,-1,-0.00427,0,0.0,298,47,4270,2391,6000,,0,,,,holding,normal,0,no_load,none,"A1: Servo ON, shaft stationary",servo-app/lab-0.1
1781157097.3468087,66.08423256874084,A1_HOLDING_SERVO_ON,A1_HOLDING_SERVO_ON_R01_20260611_125030,delta-asda-b3-e,1616,VE|SOD|TR,1,0,-7071,0,0,0.0,0,0.0,298,47,4270,2391,6000,,0,,,,holding,normal,0,no_load,none,"A1: Servo ON, shaft stationary",servo-app/lab-0.1
1781157097.4472368,66.18466067314148,A1_HOLDING_SERVO_ON,A1_HOLDING_SERVO_ON_R01_20260611_125030,delta-asda-b3-e,1616,VE|SOD|TR,1,0,-7067,0,-1,-0.00427,-1,-0.002391,298,47,4270,2391,6000,,0,,,,holding,normal,0,no_load,none,"A1: Servo ON, shaft stationary",servo-app/lab-0.1
1781157097.5474763,66.28490018844604,A1_HOLDING_SERVO_ON,A1_HOLDING_SERVO_ON_R01_20260611_125030,delta-asda-b3-e,1616,VE|SOD|TR,1,0,-7071,0,-1,-0.00427,0,0.0,298,47,4270,2391,6000,,0,,,,holding,normal,0,no_load,none,"A1: Servo ON, shaft stationary",servo-app/lab-0.1
1781157097.648218,66.3856418132782,A1_HOLDING_SERVO_ON,A1_HOLDING_SERVO_ON_R01_20260611_125030,delta-asda-b3-e,1616,VE|SOD|TR,1,0,-7071,0,0,0.0,0,0.0,298,47,4270,2391,6000,,0,,,,holding,normal,0,no_load,none,"A1: Servo ON, shaft stationary",servo-app/lab-0.1
1781157097.7486327,66.4860565662384,A1_HOLDING_SERVO_ON,A1_HOLDING_SERVO_ON_R01_20260611_125030,delta-asda-b3-e,1616,VE|SOD|TR,1,0,-7075,0,0,0.0,-1,-0.002391,298,47,4270,2391,6000,,0,,,,holding,normal,0,no_load,none,"A1: Servo ON, shaft stationary",servo-app/lab-0.1
1781157097.8490458,66.58646965026855,A1_HOLDING_SERVO_ON,A1_HOLDING_SERVO_ON_R01_20260611_125030,delta-asda-b3-e,1616,VE|SOD|TR,1,0,-7065,0,0,0.0,-1,-0.002391,298,47,4270,2391,6000,,0,,,,holding,normal,0,no_load,none,"A1: Servo ON, shaft stationary",servo-app/lab-0.1
1781157097.9496007,66.68702459335327,A1_HOLDING_SERVO_ON,A1_HOLDING_SERVO_ON_R01_20260611_125030,delta-asda-b3-e,1616,VE|SOD|TR,1,0,-7071,0,0,0.0,-1,-0.002391,298,47,4270,2391,6000,,0,,,,holding,normal,0,no_load,none,"A1: Servo ON, shaft stationary",servo-app/lab-0.1
1781157098.0499747,66.78739857673645,A1_HOLDING_SERVO_ON,A1_HOLDING_SERVO_ON_R01_20260611_125030,delta-asda-b3-e,1616,VE|SOD|TR,1,0,-7071,0,0,0.0,0,0.0,298,47,4270,2391,6000,,0,,,,holding,normal,0,no_load,none,"A1: Servo ON, shaft stationary",servo-app/lab-0.1
1781157098.1504884,66.88791227340698,A1_HOLDING_SERVO_ON,A1_HOLDING_SERVO_ON_R01_20260611_125030,delta-asda-b3-e,1616,VE|SOD|TR,1,0,-7071,0,-1,-0.00427,0,0.0,298,47,4270,2391,6000,,0,,,,holding,normal,0,no_load,none,"A1: Servo ON, shaft stationary",servo-app/lab-0.1
1781157098.2507622,66.98818612098694,A1_HOLDING_SERVO_ON,A1_HOLDING_SERVO_ON_R01_20260611_125030,delta-asda-b3-e,1616,VE|SOD|TR,1,0,-7077,0,-1,-0.00427,0,0.0,298,47,4270,2391,6000,,0,,,,holding,normal,0,no_load,none,"A1: Servo ON, shaft stationary",servo-app/lab-0.1
1781157098.351228,67.08865189552307,A1_HOLDING_SERVO_ON,A1_HOLDING_SERVO_ON_R01_20260611_125030,delta-asda-b3-e,1616,VE|SOD|TR,1,0,-7071,0,0,0.0,0,0.0,299,47,4270,2391,6000,,0,,,,holding,normal,0,no_load,none,"A1: Servo ON, shaft stationary",servo-app/lab-0.1
1781157098.4514606,67.18888449668884,A1_HOLDING_SERVO_ON,A1_HOLDING_SERVO_ON_R01_20260611_125030,delta-asda-b3-e,1616,VE|SOD|TR,1,0,-7071,0,0,0.0,0,0.0,298,47,4270,2391,6000,,0,,,,holding,normal,0,no_load,none,"A1: Servo ON, shaft stationary",servo-app/lab-0.1
1781157098.5518346,67.28925848007202,A1_HOLDING_SERVO_ON,A1_HOLDING_SERVO_ON_R01_20260611_125030,delta-asda-b3-e,1616,VE|SOD|TR,1,0,-7075,0,0,0.0,0,0.0,298,47,4270,2391,6000,,0,,,,holding,normal,0,no_load,none,"A1: Servo ON, shaft stationary",servo-app/lab-0.1
1781157098.6519372,67.38936114311218,A1_HOLDING_SERVO_ON,A1_HOLDING_SERVO_ON_R01_20260611_125030,delta-asda-b3-e,1616,VE|SOD|TR,1,0,-7065,0,-1,-0.00427,-1,-0.002391,299,47,4270,2391,6000,,0,,,,holding,normal,0,no_load,none,"A1: Servo ON, shaft stationary",servo-app/lab-0.1
1781157098.752196,67.48961997032166,A1_HOLDING_SERVO_ON,A1_HOLDING_SERVO_ON_R01_20260611_125030,delta-asda-b3-e,1616,VE|SOD|TR,1,0,-7071,0,0,0.0,-1,-0.002391,299,47,4270,2391,6000,,0,,,,holding,normal,0,no_load,none,"A1: Servo ON, shaft stationary",servo-app/lab-0.1
1781157098.8527193,67.59014320373535,A1_HOLDING_SERVO_ON,A1_HOLDING_SERVO_ON_R01_20260611_125030,delta-asda-b3-e,1616,VE|SOD|TR,1,0,-7067,0,-1,-0.00427,-1,-0.002391,299,47,4270,2391,6000,,0,,,,holding,normal,0,no_load,none,"A1: Servo ON, shaft stationary",servo-app/lab-0.1
1781157098.9528563,67.6902801990509,A1_HOLDING_SERVO_ON,A1_HOLDING_SERVO_ON_R01_20260611_125030,delta-asda-b3-e,1616,VE|SOD|TR,1,0,-7071,0,0,0.0,-1,-0.002391,299,47,4270,2391,6000,,0,,,,holding,normal,0,no_load,none,"A1: Servo ON, shaft stationary",servo-app/lab-0.1
1781157099.0533135,67.79073739051819,A1_HOLDING_SERVO_ON,A1_HOLDING_SERVO_ON_R01_20260611_125030,delta-asda-b3-e,1616,VE|SOD|TR,1,0,-7081,0,0,0.0,0,0.0,299,47,4270,2391,6000,,0,,,,holding,normal,0,no_load,none,"A1: Servo ON, shaft stationary",servo-app/lab-0.1
1781157099.153631,67.89105486869812,A1_HOLDING_SERVO_ON,A1_HOLDING_SERVO_ON_R01_20260611_125030,delta-asda-b3-e,1616,VE|SOD|TR,1,0,-7071,0,0,0.0,0,0.0,299,47,4270,2391,6000,,0,,,,holding,normal,0,no_load,none,"A1: Servo ON, shaft stationary",servo-app/lab-0.1
1781157099.254056,67.99147987365723,A1_HOLDING_SERVO_ON,A1_HOLDING_SERVO_ON_R01_20260611_125030,delta-asda-b3-e,1616,VE|SOD|TR,1,0,-7067,0,0,0.0,-1,-0.002391,299,47,4270,2391,6000,,0,,,,holding,normal,0,no_load,none,"A1: Servo ON, shaft stationary",servo-app/lab-0.1
1781157099.3542056,68.09162950515747,A1_HOLDING_SERVO_ON,A1_HOLDING_SERVO_ON_R01_20260611_125030,delta-asda-b3-e,1616,VE|SOD|TR,1,0,-7077,0,0,0.0,-1,-0.002391,299,47,4270,2391,6000,,0,,,,holding,normal,0,no_load,none,"A1: Servo ON, shaft stationary",servo-app/lab-0.1
1781157099.4547412,68.19216513633728,A1_HOLDING_SERVO_ON,A1_HOLDING_SERVO_ON_R01_20260611_125030,delta-asda-b3-e,1616,VE|SOD|TR,1,0,-7081,0,0,0.0,-1,-0.002391,299,47,4270,2391,6000,,0,,,,holding,normal,0,no_load,none,"A1: Servo ON, shaft stationary",servo-app/lab-0.1
1781157099.5548737,68.29229760169983,A1_HOLDING_SERVO_ON,A1_HOLDING_SERVO_ON_R01_20260611_125030,delta-asda-b3-e,1616,VE|SOD|TR,1,0,-7065,0,0,0.0,0,0.0,299,47,4270,2391,6000,,0,,,,holding,normal,0,no_load,none,"A1: Servo ON, shaft stationary",servo-app/lab-0.1
1781157099.6553514,68.39277529716492,A1_HOLDING_SERVO_ON,A1_HOLDING_SERVO_ON_R01_20260611_125030,delta-asda-b3-e,1616,VE|SOD|TR,1,0,-7071,0,-1,-0.00427,0,0.0,299,47,4270,2391,6000,,0,,,,holding,normal,0,no_load,none,"A1: Servo ON, shaft stationary",servo-app/lab-0.1
1781157099.7556612,68.49308514595032,A1_HOLDING_SERVO_ON,A1_HOLDING_SERVO_ON_R01_20260611_125030,delta-asda-b3-e,1616,VE|SOD|TR,1,0,-7071,0,0,0.0,-1,-0.002391,299,47,4270,2391,6000,,0,,,,holding,normal,0,no_load,none,"A1: Servo ON, shaft stationary",servo-app/lab-0.1
1781157099.8561292,68.59355306625366,A1_HOLDING_SERVO_ON,A1_HOLDING_SERVO_ON_R01_20260611_125030,delta-asda-b3-e,1616,VE|SOD|TR,1,0,-7077,0,-1,-0.00427,0,0.0,299,47,4270,2391,6000,,0,,,,holding,normal,0,no_load,none,"A1: Servo ON, shaft stationary",servo-app/lab-0.1
1781157099.9563153,68.69373917579651,A1_HOLDING_SERVO_ON,A1_HOLDING_SERVO_ON_R01_20260611_125030,delta-asda-b3-e,1616,VE|SOD|TR,1,0,-7081,0,-1,-0.00427,-1,-0.002391,299,47,4270,2391,6000,,0,,,,holding,normal,0,no_load,none,"A1: Servo ON, shaft stationary",servo-app/lab-0.1
1781157100.056469,68.7938928604126,A1_HOLDING_SERVO_ON,A1_HOLDING_SERVO_ON_R01_20260611_125030,delta-asda-b3-e,1616,VE|SOD|TR,1,0,-7077,0,0,0.0,-1,-0.002391,299,47,4270,2391,6000,,0,,,,holding,normal,0,no_load,none,"A1: Servo ON, shaft stationary",servo-app/lab-0.1
1781157100.1572194,68.89464330673218,A1_HOLDING_SERVO_ON,A1_HOLDING_SERVO_ON_R01_20260611_125030,delta-asda-b3-e,1616,VE|SOD|TR,1,0,-7067,0,-1,-0.00427,-1,-0.002391,299,47,4270,2391,6000,,0,,,,holding,normal,0,no_load,none,"A1: Servo ON, shaft stationary",servo-app/lab-0.1
1781157100.2576752,68.99509906768799,A1_HOLDING_SERVO_ON,A1_HOLDING_SERVO_ON_R01_20260611_125030,delta-asda-b3-e,1616,VE|SOD|TR,1,0,-7075,0,0,0.0,0,0.0,299,47,4270,2391,6000,,0,,,,holding,normal,0,no_load,none,"A1: Servo ON, shaft stationary",servo-app/lab-0.1
1781157100.3579934,69.09541726112366,A1_HOLDING_SERVO_ON,A1_HOLDING_SERVO_ON_R01_20260611_125030,delta-asda-b3-e,1616,VE|SOD|TR,1,0,-7075,0,-1,-0.00427,0,0.0,299,47,4270,2391,6000,,0,,,,holding,normal,0,no_load,none,"A1: Servo ON, shaft stationary",servo-app/lab-0.1
1781157100.4582186,69.19564247131348,A1_HOLDING_SERVO_ON,A1_HOLDING_SERVO_ON_R01_20260611_125030,delta-asda-b3-e,1616,VE|SOD|TR,1,0,-7075,0,0,0.0,-1,-0.002391,299,47,4270,2391,6000,,0,,,,holding,normal,0,no_load,none,"A1: Servo ON, shaft stationary",servo-app/lab-0.1
1781157100.5586953,69.29611921310425,A1_HOLDING_SERVO_ON,A1_HOLDING_SERVO_ON_R01_20260611_125030,delta-asda-b3-e,1616,VE|SOD|TR,1,0,-7075,0,0,0.0,-1,-0.002391,299,47,4270,2391,6000,,0,,,,holding,normal,0,no_load,none,"A1: Servo ON, shaft stationary",servo-app/lab-0.1
1781157100.6594834,69.39690732955933,A1_HOLDING_SERVO_ON,A1_HOLDING_SERVO_ON_R01_20260611_125030,delta-asda-b3-e,1616,VE|SOD|TR,1,0,-7071,0,0,0.0,0,0.0,299,47,4270,2391,6000,,0,,,,holding,normal,0,no_load,none,"A1: Servo ON, shaft stationary",servo-app/lab-0.1
1781157100.7596924,69.49711632728577,A1_HOLDING_SERVO_ON,A1_HOLDING_SERVO_ON_R01_20260611_125030,delta-asda-b3-e,1616,VE|SOD|TR,1,0,-7075,0,-1,-0.00427,-1,-0.002391,299,47,4270,2391,6000,,0,,,,holding,normal,0,no_load,none,"A1: Servo ON, shaft stationary",servo-app/lab-0.1
1781157100.8598468,69.59727072715759,A1_HOLDING_SERVO_ON,A1_HOLDING_SERVO_ON_R01_20260611_125030,delta-asda-b3-e,1616,VE|SOD|TR,1,0,-7075,0,-1,-0.00427,0,0.0,299,47,4270,2391,6000,,0,,,,holding,normal,0,no_load,none,"A1: Servo ON, shaft stationary",servo-app/lab-0.1
1781157100.9601922,69.69761610031128,A1_HOLDING_SERVO_ON,A1_HOLDING_SERVO_ON_R01_20260611_125030,delta-asda-b3-e,1616,VE|SOD|TR,1,0,-7071,0,0,0.0,0,0.0,299,47,4270,2391,6000,,0,,,,holding,normal,0,no_load,none,"A1: Servo ON, shaft stationary",servo-app/lab-0.1
1781157101.060565,69.79798889160156,A1_HOLDING_SERVO_ON,A1_HOLDING_SERVO_ON_R01_20260611_125030,delta-asda-b3-e,1616,VE|SOD|TR,1,0,-7085,0,-1,-0.00427,-1,-0.002391,299,47,4270,2391,6000,,0,,,,holding,normal,0,no_load,none,"A1: Servo ON, shaft stationary",servo-app/lab-0.1
1781157101.160883,69.89830684661865,A1_HOLDING_SERVO_ON,A1_HOLDING_SERVO_ON_R01_20260611_125030,delta-asda-b3-e,1616,VE|SOD|TR,1,0,-7075,0,-1,-0.00427,-1,-0.002391,299,47,4270,2391,6000,,0,,,,holding,normal,0,no_load,none,"A1: Servo ON, shaft stationary",servo-app/lab-0.1
1781157101.2611122,69.99853610992432,A1_HOLDING_SERVO_ON,A1_HOLDING_SERVO_ON_R01_20260611_125030,delta-asda-b3-e,1616,VE|SOD|TR,1,0,-7071,0,0,0.0,-1,-0.002391,299,47,4270,2391,6000,,0,,,,holding,normal,0,no_load,none,"A1: Servo ON, shaft stationary",servo-app/lab-0.1
1781157101.361152,70.0985758304596,A1_HOLDING_SERVO_ON,A1_HOLDING_SERVO_ON_R01_20260611_125030,delta-asda-b3-e,1616,VE|SOD|TR,1,0,-7065,0,0,0.0,0,0.0,299,47,4270,2391,6000,,0,,,,holding,normal,0,no_load,none,"A1: Servo ON, shaft stationary",servo-app/lab-0.1
1781157101.4615521,70.19897603988647,A1_HOLDING_SERVO_ON,A1_HOLDING_SERVO_ON_R01_20260611_125030,delta-asda-b3-e,1616,VE|SOD|TR,1,0,-7081,0,0,0.0,0,0.0,299,47,4270,2391,6000,,0,,,,holding,normal,0,no_load,none,"A1: Servo ON, shaft stationary",servo-app/lab-0.1
1781157101.562073,70.29949688911438,A1_HOLDING_SERVO_ON,A1_HOLDING_SERVO_ON_R01_20260611_125030,delta-asda-b3-e,1616,VE|SOD|TR,1,0,-7071,0,-1,-0.00427,0,0.0,299,47,4270,2391,6000,,0,,,,holding,normal,0,no_load,none,"A1: Servo ON, shaft stationary",servo-app/lab-0.1
1781157101.662507,70.39993095397949,A1_HOLDING_SERVO_ON,A1_HOLDING_SERVO_ON_R01_20260611_125030,delta-asda-b3-e,1616,VE|SOD|TR,1,0,-7081,0,-1,-0.00427,0,0.0,299,47,4270,2391,6000,,0,,,,holding,normal,0,no_load,none,"A1: Servo ON, shaft stationary",servo-app/lab-0.1
1781157101.7630308,70.50045466423035,A1_HOLDING_SERVO_ON,A1_HOLDING_SERVO_ON_R01_20260611_125030,delta-asda-b3-e,1616,VE|SOD|TR,1,0,-7061,0,0,0.0,0,0.0,299,47,4270,2391,6000,,0,,,,holding,normal,0,no_load,none,"A1: Servo ON, shaft stationary",servo-app/lab-0.1
1781157101.8635676,70.60099148750305,A1_HOLDING_SERVO_ON,A1_HOLDING_SERVO_ON_R01_20260611_125030,delta-asda-b3-e,1616,VE|SOD|TR,1,0,-7085,0,0,0.0,-1,-0.002391,298,47,4270,2391,6000,,0,,,,holding,normal,0,no_load,none,"A1: Servo ON, shaft stationary",servo-app/lab-0.1
1781157101.9639552,70.70137906074524,A1_HOLDING_SERVO_ON,A1_HOLDING_SERVO_ON_R01_20260611_125030,delta-asda-b3-e,1616,VE|SOD|TR,1,0,-7071,0,0,0.0,-1,-0.002391,298,47,4270,2391,6000,,0,,,,holding,normal,0,no_load,none,"A1: Servo ON, shaft stationary",servo-app/lab-0.1
1781157102.064221,70.8016448020935,A1_HOLDING_SERVO_ON,A1_HOLDING_SERVO_ON_R01_20260611_125030,delta-asda-b3-e,1616,VE|SOD|TR,1,0,-7081,0,-1,-0.00427,-1,-0.002391,298,47,4270,2391,6000,,0,,,,holding,normal,0,no_load,none,"A1: Servo ON, shaft stationary",servo-app/lab-0.1
1781157102.164302,70.90172600746155,A1_HOLDING_SERVO_ON,A1_HOLDING_SERVO_ON_R01_20260611_125030,delta-asda-b3-e,1616,VE|SOD|TR,1,0,-7071,0,0,0.0,0,0.0,298,47,4270,2391,6000,,0,,,,holding,normal,0,no_load,none,"A1: Servo ON, shaft stationary",servo-app/lab-0.1
1781157102.264776,71.00219988822937,A1_HOLDING_SERVO_ON,A1_HOLDING_SERVO_ON_R01_20260611_125030,delta-asda-b3-e,1616,VE|SOD|TR,1,0,-7067,0,0,0.0,0,0.0,298,47,4270,2391,6000,,0,,,,holding,normal,0,no_load,none,"A1: Servo ON, shaft stationary",servo-app/lab-0.1
1781157102.36511,71.10253381729126,A1_HOLDING_SERVO_ON,A1_HOLDING_SERVO_ON_R01_20260611_125030,delta-asda-b3-e,1616,VE|SOD|TR,1,0,-7071,0,0,0.0,-1,-0.002391,298,47,4270,2391,6000,,0,,,,holding,normal,0,no_load,none,"A1: Servo ON, shaft stationary",servo-app/lab-0.1
1781157102.4654772,71.20290112495422,A1_HOLDING_SERVO_ON,A1_HOLDING_SERVO_ON_R01_20260611_125030,delta-asda-b3-e,1616,VE|SOD|TR,1,0,-7071,0,-1,-0.00427,-1,-0.002391,298,47,4270,2391,6000,,0,,,,holding,normal,0,no_load,none,"A1: Servo ON, shaft stationary",servo-app/lab-0.1
1781157102.5656,71.30302381515503,A1_HOLDING_SERVO_ON,A1_HOLDING_SERVO_ON_R01_20260611_125030,delta-asda-b3-e,1616,VE|SOD|TR,1,0,-7071,0,-1,-0.00427,0,0.0,299,47,4270,2391,6000,,0,,,,holding,normal,0,no_load,none,"A1: Servo ON, shaft stationary",servo-app/lab-0.1
1781157102.6661377,71.40356159210205,A1_HOLDING_SERVO_ON,A1_HOLDING_SERVO_ON_R01_20260611_125030,delta-asda-b3-e,1616,VE|SOD|TR,1,0,-7071,0,-1,-0.00427,-1,-0.002391,298,47,4270,2391,6000,,0,,,,holding,normal,0,no_load,none,"A1: Servo ON, shaft stationary",servo-app/lab-0.1
1781157102.7662578,71.50368165969849,A1_HOLDING_SERVO_ON,A1_HOLDING_SERVO_ON_R01_20260611_125030,delta-asda-b3-e,1616,VE|SOD|TR,1,0,-7071,0,0,0.0,-1,-0.002391,299,47,4270,2391,6000,,0,,,,holding,normal,0,no_load,none,"A1: Servo ON, shaft stationary",servo-app/lab-0.1
1781157102.8668787,71.60430264472961,A1_HOLDING_SERVO_ON,A1_HOLDING_SERVO_ON_R01_20260611_125030,delta-asda-b3-e,1616,VE|SOD|TR,1,0,-7075,0,-1,-0.00427,0,0.0,298,47,4270,2391,6000,,0,,,,holding,normal,0,no_load,none,"A1: Servo ON, shaft stationary",servo-app/lab-0.1
1781157102.9672568,71.70468068122864,A1_HOLDING_SERVO_ON,A1_HOLDING_SERVO_ON_R01_20260611_125030,delta-asda-b3-e,1616,VE|SOD|TR,1,0,-7077,0,-1,-0.00427,-1,-0.002391,298,47,4270,2391,6000,,0,,,,holding,normal,0,no_load,none,"A1: Servo ON, shaft stationary",servo-app/lab-0.1
1781157103.0674217,71.80484557151794,A1_HOLDING_SERVO_ON,A1_HOLDING_SERVO_ON_R01_20260611_125030,delta-asda-b3-e,1616,VE|SOD|TR,1,0,-7065,0,-1,-0.00427,-1,-0.002391,298,47,4270,2391,6000,,0,,,,holding,normal,0,no_load,none,"A1: Servo ON, shaft stationary",servo-app/lab-0.1
1781157103.1678624,71.90528631210327,A1_HOLDING_SERVO_ON,A1_HOLDING_SERVO_ON_R01_20260611_125030,delta-asda-b3-e,1616,VE|SOD|TR,1,0,-7075,0,-1,-0.00427,-1,-0.002391,298,47,4270,2391,6000,,0,,,,holding,normal,0,no_load,none,"A1: Servo ON, shaft stationary",servo-app/lab-0.1
1781157103.2682474,72.00567126274109,A1_HOLDING_SERVO_ON,A1_HOLDING_SERVO_ON_R01_20260611_125030,delta-asda-b3-e,1616,VE|SOD|TR,1,0,-7071,0,0,0.0,0,0.0,298,47,4270,2391,6000,,0,,,,holding,normal,0,no_load,none,"A1: Servo ON, shaft stationary",servo-app/lab-0.1
1781157103.3687775,72.10620141029358,A1_HOLDING_SERVO_ON,A1_HOLDING_SERVO_ON_R01_20260611_125030,delta-asda-b3-e,1616,VE|SOD|TR,1,0,-7071,0,-1,-0.00427,0,0.0,298,47,4270,2391,6000,,0,,,,holding,normal,0,no_load,none,"A1: Servo ON, shaft stationary",servo-app/lab-0.1
1781157103.4690113,72.20643520355225,A1_HOLDING_SERVO_ON,A1_HOLDING_SERVO_ON_R01_20260611_125030,delta-asda-b3-e,1616,VE|SOD|TR,1,0,-7071,0,-1,-0.00427,0,0.0,298,47,4270,2391,6000,,0,,,,holding,normal,0,no_load,none,"A1: Servo ON, shaft stationary",servo-app/lab-0.1
1781157103.5695028,72.30692672729492,A1_HOLDING_SERVO_ON,A1_HOLDING_SERVO_ON_R01_20260611_125030,delta-asda-b3-e,1616,VE|SOD|TR,1,0,-7067,0,0,0.0,0,0.0,298,47,4270,2391,6000,,0,,,,holding,normal,0,no_load,none,"A1: Servo ON, shaft stationary",servo-app/lab-0.1
1781157103.6696684,72.40709233283997,A1_HOLDING_SERVO_ON,A1_HOLDING_SERVO_ON_R01_20260611_125030,delta-asda-b3-e,1616,VE|SOD|TR,1,0,-7075,0,0,0.0,0,0.0,298,47,4270,2391,6000,,0,,,,holding,normal,0,no_load,none,"A1: Servo ON, shaft stationary",servo-app/lab-0.1
1781157103.7697961,72.50722002983093,A1_HOLDING_SERVO_ON,A1_HOLDING_SERVO_ON_R01_20260611_125030,delta-asda-b3-e,1616,VE|SOD|TR,1,0,-7077,0,-1,-0.00427,0,0.0,298,47,4270,2391,6000,,0,,,,holding,normal,0,no_load,none,"A1: Servo ON, shaft stationary",servo-app/lab-0.1
1781157103.8700318,72.60745573043823,A1_HOLDING_SERVO_ON,A1_HOLDING_SERVO_ON_R01_20260611_125030,delta-asda-b3-e,1616,VE|SOD|TR,1,0,-7081,0,-1,-0.00427,-1,-0.002391,298,47,4270,2391,6000,,0,,,,holding,normal,0,no_load,none,"A1: Servo ON, shaft stationary",servo-app/lab-0.1
1781157103.9705567,72.70798063278198,A1_HOLDING_SERVO_ON,A1_HOLDING_SERVO_ON_R01_20260611_125030,delta-asda-b3-e,1616,VE|SOD|TR,1,0,-7075,0,-1,-0.00427,0,0.0,298,47,4270,2391,6000,,0,,,,holding,normal,0,no_load,none,"A1: Servo ON, shaft stationary",servo-app/lab-0.1
1781157104.0707824,72.80820631980896,A1_HOLDING_SERVO_ON,A1_HOLDING_SERVO_ON_R01_20260611_125030,delta-asda-b3-e,1616,VE|SOD|TR,1,0,-7077,0,0,0.0,0,0.0,298,47,4270,2391,6000,,0,,,,holding,normal,0,no_load,none,"A1: Servo ON, shaft stationary",servo-app/lab-0.1
1781157104.1711798,72.90860366821289,A1_HOLDING_SERVO_ON,A1_HOLDING_SERVO_ON_R01_20260611_125030,delta-asda-b3-e,1616,VE|SOD|TR,1,0,-7075,0,0,0.0,0,0.0,298,47,4270,2391,6000,,0,,,,holding,normal,0,no_load,none,"A1: Servo ON, shaft stationary",servo-app/lab-0.1
1781157104.2718127,73.00923657417297,A1_HOLDING_SERVO_ON,A1_HOLDING_SERVO_ON_R01_20260611_125030,delta-asda-b3-e,1616,VE|SOD|TR,1,0,-7071,0,-1,-0.00427,0,0.0,298,47,4270,2391,6000,,0,,,,holding,normal,0,no_load,none,"A1: Servo ON, shaft stationary",servo-app/lab-0.1
1781157104.3719823,73.10940623283386,A1_HOLDING_SERVO_ON,A1_HOLDING_SERVO_ON_R01_20260611_125030,delta-asda-b3-e,1616,VE|SOD|TR,1,0,-7071,0,0,0.0,-1,-0.002391,298,47,4270,2391,6000,,0,,,,holding,normal,0,no_load,none,"A1: Servo ON, shaft stationary",servo-app/lab-0.1
1781157104.4720266,73.20945048332214,A1_HOLDING_SERVO_ON,A1_HOLDING_SERVO_ON_R01_20260611_125030,delta-asda-b3-e,1616,VE|SOD|TR,1,0,-7077,0,-1,-0.00427,0,0.0,298,47,4270,2391,6000,,0,,,,holding,normal,0,no_load,none,"A1: Servo ON, shaft stationary",servo-app/lab-0.1
1781157104.5723364,73.30976033210754,A1_HOLDING_SERVO_ON,A1_HOLDING_SERVO_ON_R01_20260611_125030,delta-asda-b3-e,1616,VE|SOD|TR,1,0,-7067,0,0,0.0,0,0.0,298,47,4270,2391,6000,,0,,,,holding,normal,0,no_load,none,"A1: Servo ON, shaft stationary",servo-app/lab-0.1
1781157104.6726873,73.41011118888855,A1_HOLDING_SERVO_ON,A1_HOLDING_SERVO_ON_R01_20260611_125030,delta-asda-b3-e,1616,VE|SOD|TR,1,0,-7081,0,0,0.0,0,0.0,298,47,4270,2391,6000,,0,,,,holding,normal,0,no_load,none,"A1: Servo ON, shaft stationary",servo-app/lab-0.1
1781157104.7735126,73.51093649864197,A1_HOLDING_SERVO_ON,A1_HOLDING_SERVO_ON_R01_20260611_125030,delta-asda-b3-e,1616,VE|SOD|TR,1,0,-7071,0,-1,-0.00427,0,0.0,298,47,4270,2391,6000,,0,,,,holding,normal,0,no_load,none,"A1: Servo ON, shaft stationary",servo-app/lab-0.1
1781157104.8738117,73.61123561859131,A1_HOLDING_SERVO_ON,A1_HOLDING_SERVO_ON_R01_20260611_125030,delta-asda-b3-e,1616,VE|SOD|TR,1,0,-7077,0,0,0.0,0,0.0,299,47,4270,2391,6000,,0,,,,holding,normal,0,no_load,none,"A1: Servo ON, shaft stationary",servo-app/lab-0.1
1781157104.9741595,73.71158337593079,A1_HOLDING_SERVO_ON,A1_HOLDING_SERVO_ON_R01_20260611_125030,delta-asda-b3-e,1616,VE|SOD|TR,1,0,-7067,0,0,0.0,0,0.0,299,47,4270,2391,6000,,0,,,,holding,normal,0,no_load,none,"A1: Servo ON, shaft stationary",servo-app/lab-0.1
1781157105.0743008,73.81172466278076,A1_HOLDING_SERVO_ON,A1_HOLDING_SERVO_ON_R01_20260611_125030,delta-asda-b3-e,1616,VE|SOD|TR,1,0,-7075,0,0,0.0,0,0.0,299,47,4270,2391,6000,,0,,,,holding,normal,0,no_load,none,"A1: Servo ON, shaft stationary",servo-app/lab-0.1
1781157105.1746192,73.91204309463501,A1_HOLDING_SERVO_ON,A1_HOLDING_SERVO_ON_R01_20260611_125030,delta-asda-b3-e,1616,VE|SOD|TR,1,0,-7067,0,0,0.0,-1,-0.002391,298,47,4270,2391,6000,,0,,,,holding,normal,0,no_load,none,"A1: Servo ON, shaft stationary",servo-app/lab-0.1
1781157105.2747855,74.01220941543579,A1_HOLDING_SERVO_ON,A1_HOLDING_SERVO_ON_R01_20260611_125030,delta-asda-b3-e,1616,VE|SOD|TR,1,0,-7075,0,0,0.0,0,0.0,299,47,4270,2391,6000,,0,,,,holding,normal,0,no_load,none,"A1: Servo ON, shaft stationary",servo-app/lab-0.1
1781157105.3748624,74.11228632926941,A1_HOLDING_SERVO_ON,A1_HOLDING_SERVO_ON_R01_20260611_125030,delta-asda-b3-e,1616,VE|SOD|TR,1,0,-7085,0,-1,-0.00427,-1,-0.002391,299,47,4270,2391,6000,,0,,,,holding,normal,0,no_load,none,"A1: Servo ON, shaft stationary",servo-app/lab-0.1
1781157105.4752338,74.21265769004822,A1_HOLDING_SERVO_ON,A1_HOLDING_SERVO_ON_R01_20260611_125030,delta-asda-b3-e,1616,VE|SOD|TR,1,0,-7077,0,0,0.0,0,0.0,299,47,4270,2391,6000,,0,,,,holding,normal,0,no_load,none,"A1: Servo ON, shaft stationary",servo-app/lab-0.1
1781157105.5757394,74.31316328048706,A1_HOLDING_SERVO_ON,A1_HOLDING_SERVO_ON_R01_20260611_125030,delta-asda-b3-e,1616,VE|SOD|TR,1,0,-7087,0,0,0.0,0,0.0,298,47,4270,2391,6000,,0,,,,holding,normal,0,no_load,none,"A1: Servo ON, shaft stationary",servo-app/lab-0.1
1781157105.6761663,74.4135901927948,A1_HOLDING_SERVO_ON,A1_HOLDING_SERVO_ON_R01_20260611_125030,delta-asda-b3-e,1616,VE|SOD|TR,1,0,-7075,0,-1,-0.00427,0,0.0,299,47,4270,2391,6000,,0,,,,holding,normal,0,no_load,none,"A1: Servo ON, shaft stationary",servo-app/lab-0.1
1781157105.776624,74.51404786109924,A1_HOLDING_SERVO_ON,A1_HOLDING_SERVO_ON_R01_20260611_125030,delta-asda-b3-e,1616,VE|SOD|TR,1,0,-7081,0,0,0.0,0,0.0,299,47,4270,2391,6000,,0,,,,holding,normal,0,no_load,none,"A1: Servo ON, shaft stationary",servo-app/lab-0.1
1781157105.8770542,74.61447811126709,A1_HOLDING_SERVO_ON,A1_HOLDING_SERVO_ON_R01_20260611_125030,delta-asda-b3-e,1616,VE|SOD|TR,1,0,-7077,0,-1,-0.00427,0,0.0,299,47,4270,2391,6000,,0,,,,holding,normal,0,no_load,none,"A1: Servo ON, shaft stationary",servo-app/lab-0.1
1781157105.977944,74.71536779403687,A1_HOLDING_SERVO_ON,A1_HOLDING_SERVO_ON_R01_20260611_125030,delta-asda-b3-e,1616,VE|SOD|TR,1,0,-7075,0,-1,-0.00427,0,0.0,299,47,4270,2391,6000,,0,,,,holding,normal,0,no_load,none,"A1: Servo ON, shaft stationary",servo-app/lab-0.1
1781157106.0785046,74.81592845916748,A1_HOLDING_SERVO_ON,A1_HOLDING_SERVO_ON_R01_20260611_125030,delta-asda-b3-e,1616,VE|SOD|TR,1,0,-7071,0,-1,-0.00427,0,0.0,299,47,4270,2391,6000,,0,,,,holding,normal,0,no_load,none,"A1: Servo ON, shaft stationary",servo-app/lab-0.1
1781157106.1786914,74.91611528396606,A1_HOLDING_SERVO_ON,A1_HOLDING_SERVO_ON_R01_20260611_125030,delta-asda-b3-e,1616,VE|SOD|TR,1,0,-7077,0,-1,-0.00427,0,0.0,299,47,4270,2391,6000,,0,,,,holding,normal,0,no_load,none,"A1: Servo ON, shaft stationary",servo-app/lab-0.1
1781157106.2788048,75.01622867584229,A1_HOLDING_SERVO_ON,A1_HOLDING_SERVO_ON_R01_20260611_125030,delta-asda-b3-e,1616,VE|SOD|TR,1,0,-7071,0,0,0.0,-1,-0.002391,299,47,4270,2391,6000,,0,,,,holding,normal,0,no_load,none,"A1: Servo ON, shaft stationary",servo-app/lab-0.1
1781157106.379296,75.11671996116638,A1_HOLDING_SERVO_ON,A1_HOLDING_SERVO_ON_R01_20260611_125030,delta-asda-b3-e,1616,VE|SOD|TR,1,0,-7081,0,0,0.0,0,0.0,299,47,4270,2391,6000,,0,,,,holding,normal,0,no_load,none,"A1: Servo ON, shaft stationary",servo-app/lab-0.1
1781157106.4794788,75.21690273284912,A1_HOLDING_SERVO_ON,A1_HOLDING_SERVO_ON_R01_20260611_125030,delta-asda-b3-e,1616,VE|SOD|TR,1,0,-7071,0,-1,-0.00427,-1,-0.002391,299,47,4270,2391,6000,,0,,,,holding,normal,0,no_load,none,"A1: Servo ON, shaft stationary",servo-app/lab-0.1
1781157106.5798707,75.31729459762573,A1_HOLDING_SERVO_ON,A1_HOLDING_SERVO_ON_R01_20260611_125030,delta-asda-b3-e,1616,VE|SOD|TR,1,0,-7071,0,-1,-0.00427,-1,-0.002391,299,47,4270,2391,6000,,0,,,,holding,normal,0,no_load,none,"A1: Servo ON, shaft stationary",servo-app/lab-0.1
1781157106.680043,75.41746687889099,A1_HOLDING_SERVO_ON,A1_HOLDING_SERVO_ON_R01_20260611_125030,delta-asda-b3-e,1616,VE|SOD|TR,1,0,-7081,0,0,0.0,0,0.0,299,47,4270,2391,6000,,0,,,,holding,normal,0,no_load,none,"A1: Servo ON, shaft stationary",servo-app/lab-0.1
1781157106.7806768,75.51810073852539,A1_HOLDING_SERVO_ON,A1_HOLDING_SERVO_ON_R01_20260611_125030,delta-asda-b3-e,1616,VE|SOD|TR,1,0,-7075,0,0,0.0,-1,-0.002391,299,47,4270,2391,6000,,0,,,,holding,normal,0,no_load,none,"A1: Servo ON, shaft stationary",servo-app/lab-0.1
1781157106.880868,75.6182918548584,A1_HOLDING_SERVO_ON,A1_HOLDING_SERVO_ON_R01_20260611_125030,delta-asda-b3-e,1616,VE|SOD|TR,1,0,-7081,0,-1,-0.00427,0,0.0,299,47,4270,2391,6000,,0,,,,holding,normal,0,no_load,none,"A1: Servo ON, shaft stationary",servo-app/lab-0.1
1781157106.981233,75.71865677833557,A1_HOLDING_SERVO_ON,A1_HOLDING_SERVO_ON_R01_20260611_125030,delta-asda-b3-e,1616,VE|SOD|TR,1,0,-7081,0,0,0.0,-1,-0.002391,299,47,4270,2391,6000,,0,,,,holding,normal,0,no_load,none,"A1: Servo ON, shaft stationary",servo-app/lab-0.1
1781157107.0817044,75.8191282749176,A1_HOLDING_SERVO_ON,A1_HOLDING_SERVO_ON_R01_20260611_125030,delta-asda-b3-e,1616,VE|SOD|TR,1,0,-7075,0,-1,-0.00427,-1,-0.002391,299,47,4270,2391,6000,,0,,,,holding,normal,0,no_load,none,"A1: Servo ON, shaft stationary",servo-app/lab-0.1
1781157107.182147,75.91957092285156,A1_HOLDING_SERVO_ON,A1_HOLDING_SERVO_ON_R01_20260611_125030,delta-asda-b3-e,1616,VE|SOD|TR,1,0,-7071,0,0,0.0,-1,-0.002391,299,47,4270,2391,6000,,0,,,,holding,normal,0,no_load,none,"A1: Servo ON, shaft stationary",servo-app/lab-0.1
1781157107.282555,76.01997900009155,A1_HOLDING_SERVO_ON,A1_HOLDING_SERVO_ON_R01_20260611_125030,delta-asda-b3-e,1616,VE|SOD|TR,1,0,-7071,0,-1,-0.00427,-1,-0.002391,299,47,4270,2391,6000,,0,,,,holding,normal,0,no_load,none,"A1: Servo ON, shaft stationary",servo-app/lab-0.1
1781157107.382622,76.12004590034485,A1_HOLDING_SERVO_ON,A1_HOLDING_SERVO_ON_R01_20260611_125030,delta-asda-b3-e,1616,VE|SOD|TR,1,0,-7085,0,0,0.0,0,0.0,298,47,4270,2391,6000,,0,,,,holding,normal,0,no_load,none,"A1: Servo ON, shaft stationary",servo-app/lab-0.1
1781157107.4827826,76.22020649909973,A1_HOLDING_SERVO_ON,A1_HOLDING_SERVO_ON_R01_20260611_125030,delta-asda-b3-e,1616,VE|SOD|TR,1,0,-7075,0,0,0.0,0,0.0,299,47,4270,2391,6000,,0,,,,holding,normal,0,no_load,none,"A1: Servo ON, shaft stationary",servo-app/lab-0.1
1781157107.5832343,76.3206582069397,A1_HOLDING_SERVO_ON,A1_HOLDING_SERVO_ON_R01_20260611_125030,delta-asda-b3-e,1616,VE|SOD|TR,1,0,-7075,0,0,0.0,0,0.0,298,47,4270,2391,6000,,0,,,,holding,normal,0,no_load,none,"A1: Servo ON, shaft stationary",servo-app/lab-0.1
1781157107.683514,76.42093801498413,A1_HOLDING_SERVO_ON,A1_HOLDING_SERVO_ON_R01_20260611_125030,delta-asda-b3-e,1616,VE|SOD|TR,1,0,-7071,0,-1,-0.00427,-1,-0.002391,299,47,4270,2391,6000,,0,,,,holding,normal,0,no_load,none,"A1: Servo ON, shaft stationary",servo-app/lab-0.1
1781157107.7838814,76.5213053226471,A1_HOLDING_SERVO_ON,A1_HOLDING_SERVO_ON_R01_20260611_125030,delta-asda-b3-e,1616,VE|SOD|TR,1,0,-7081,0,0,0.0,-1,-0.002391,299,47,4270,2391,6000,,0,,,,holding,normal,0,no_load,none,"A1: Servo ON, shaft stationary",servo-app/lab-0.1
1781157107.884172,76.62159585952759,A1_HOLDING_SERVO_ON,A1_HOLDING_SERVO_ON_R01_20260611_125030,delta-asda-b3-e,1616,VE|SOD|TR,1,0,-7071,0,-1,-0.00427,0,0.0,298,47,4270,2391,6000,,0,,,,holding,normal,0,no_load,none,"A1: Servo ON, shaft stationary",servo-app/lab-0.1
1781157107.984475,76.7218987941742,A1_HOLDING_SERVO_ON,A1_HOLDING_SERVO_ON_R01_20260611_125030,delta-asda-b3-e,1616,VE|SOD|TR,1,0,-7077,0,-1,-0.00427,-1,-0.002391,299,47,4270,2391,6000,,0,,,,holding,normal,0,no_load,none,"A1: Servo ON, shaft stationary",servo-app/lab-0.1
1781157108.0848322,76.82225608825684,A1_HOLDING_SERVO_ON,A1_HOLDING_SERVO_ON_R01_20260611_125030,delta-asda-b3-e,1616,VE|SOD|TR,1,0,-7071,0,-1,-0.00427,0,0.0,299,47,4270,2391,6000,,0,,,,holding,normal,0,no_load,none,"A1: Servo ON, shaft stationary",servo-app/lab-0.1
1781157108.1850665,76.92249035835266,A1_HOLDING_SERVO_ON,A1_HOLDING_SERVO_ON_R01_20260611_125030,delta-asda-b3-e,1616,VE|SOD|TR,1,0,-7075,0,-1,-0.00427,-1,-0.002391,298,47,4270,2391,6000,,0,,,,holding,normal,0,no_load,none,"A1: Servo ON, shaft stationary",servo-app/lab-0.1
1781157108.28533,77.02275395393372,A1_HOLDING_SERVO_ON,A1_HOLDING_SERVO_ON_R01_20260611_125030,delta-asda-b3-e,1616,VE|SOD|TR,1,0,-7081,0,0,0.0,-1,-0.002391,299,47,4270,2391,6000,,0,,,,holding,normal,0,no_load,none,"A1: Servo ON, shaft stationary",servo-app/lab-0.1
1781157108.385377,77.12280082702637,A1_HOLDING_SERVO_ON,A1_HOLDING_SERVO_ON_R01_20260611_125030,delta-asda-b3-e,1616,VE|SOD|TR,1,0,-7071,0,-1,-0.00427,0,0.0,299,47,4270,2391,6000,,0,,,,holding,normal,0,no_load,none,"A1: Servo ON, shaft stationary",servo-app/lab-0.1
1781157108.4858253,77.22324919700623,A1_HOLDING_SERVO_ON,A1_HOLDING_SERVO_ON_R01_20260611_125030,delta-asda-b3-e,1616,VE|SOD|TR,1,0,-7071,0,-1,-0.00427,0,0.0,298,47,4270,2391,6000,,0,,,,holding,normal,0,no_load,none,"A1: Servo ON, shaft stationary",servo-app/lab-0.1
1781157108.5861232,77.32354712486267,A1_HOLDING_SERVO_ON,A1_HOLDING_SERVO_ON_R01_20260611_125030,delta-asda-b3-e,1616,VE|SOD|TR,1,0,-7075,0,0,0.0,0,0.0,298,47,4270,2391,6000,,0,,,,holding,normal,0,no_load,none,"A1: Servo ON, shaft stationary",servo-app/lab-0.1
1781157108.687401,77.42482495307922,A1_HOLDING_SERVO_ON,A1_HOLDING_SERVO_ON_R01_20260611_125030,delta-asda-b3-e,1616,VE|SOD|TR,1,0,-7075,0,-1,-0.00427,0,0.0,299,47,4270,2391,6000,,0,,,,holding,normal,0,no_load,none,"A1: Servo ON, shaft stationary",servo-app/lab-0.1
1781157108.7879415,77.52536535263062,A1_HOLDING_SERVO_ON,A1_HOLDING_SERVO_ON_R01_20260611_125030,delta-asda-b3-e,1616,VE|SOD|TR,1,0,-7071,0,-1,-0.00427,-1,-0.002391,298,47,4270,2391,6000,,0,,,,holding,normal,0,no_load,none,"A1: Servo ON, shaft stationary",servo-app/lab-0.1
1781157108.8884788,77.62590265274048,A1_HOLDING_SERVO_ON,A1_HOLDING_SERVO_ON_R01_20260611_125030,delta-asda-b3-e,1616,VE|SOD|TR,1,0,-7081,0,0,0.0,-1,-0.002391,298,47,4270,2391,6000,,0,,,,holding,normal,0,no_load,none,"A1: Servo ON, shaft stationary",servo-app/lab-0.1
1781157108.9888818,77.72630572319031,A1_HOLDING_SERVO_ON,A1_HOLDING_SERVO_ON_R01_20260611_125030,delta-asda-b3-e,1616,VE|SOD|TR,1,0,-7071,0,-1,-0.00427,-1,-0.002391,298,47,4270,2391,6000,,0,,,,holding,normal,0,no_load,none,"A1: Servo ON, shaft stationary",servo-app/lab-0.1
1781157109.0892272,77.826651096344,A1_HOLDING_SERVO_ON,A1_HOLDING_SERVO_ON_R01_20260611_125030,delta-asda-b3-e,1616,VE|SOD|TR,1,0,-7071,0,0,0.0,0,0.0,299,47,4270,2391,6000,,0,,,,holding,normal,0,no_load,none,"A1: Servo ON, shaft stationary",servo-app/lab-0.1
1781157109.1895447,77.92696857452393,A1_HOLDING_SERVO_ON,A1_HOLDING_SERVO_ON_R01_20260611_125030,delta-asda-b3-e,1616,VE|SOD|TR,1,0,-7075,0,-1,-0.00427,-1,-0.002391,299,47,4270,2391,6000,,0,,,,holding,normal,0,no_load,none,"A1: Servo ON, shaft stationary",servo-app/lab-0.1
1781157109.2896864,78.02711033821106,A1_HOLDING_SERVO_ON,A1_HOLDING_SERVO_ON_R01_20260611_125030,delta-asda-b3-e,1616,VE|SOD|TR,1,0,-7071,0,-1,-0.00427,0,0.0,299,47,4270,2391,6000,,0,,,,holding,normal,0,no_load,none,"A1: Servo ON, shaft stationary",servo-app/lab-0.1
1781157109.3899846,78.12740850448608,A1_HOLDING_SERVO_ON,A1_HOLDING_SERVO_ON_R01_20260611_125030,delta-asda-b3-e,1616,VE|SOD|TR,1,0,-7081,0,0,0.0,0,0.0,298,47,4270,2391,6000,,0,,,,holding,normal,0,no_load,none,"A1: Servo ON, shaft stationary",servo-app/lab-0.1
1781157109.4901292,78.22755312919617,A1_HOLDING_SERVO_ON,A1_HOLDING_SERVO_ON_R01_20260611_125030,delta-asda-b3-e,1616,VE|SOD|TR,1,0,-7071,0,-1,-0.00427,0,0.0,298,47,4270,2391,6000,,0,,,,holding,normal,0,no_load,none,"A1: Servo ON, shaft stationary",servo-app/lab-0.1
1781157109.590514,78.3279378414154,A1_HOLDING_SERVO_ON,A1_HOLDING_SERVO_ON_R01_20260611_125030,delta-asda-b3-e,1616,VE|SOD|TR,1,0,-7067,0,0,0.0,0,0.0,298,47,4270,2391,6000,,0,,,,holding,normal,0,no_load,none,"A1: Servo ON, shaft stationary",servo-app/lab-0.1
1781157109.6909847,78.4284086227417,A1_HOLDING_SERVO_ON,A1_HOLDING_SERVO_ON_R01_20260611_125030,delta-asda-b3-e,1616,VE|SOD|TR,1,0,-7075,0,0,0.0,0,0.0,298,47,4270,2391,6000,,0,,,,holding,normal,0,no_load,none,"A1: Servo ON, shaft stationary",servo-app/lab-0.1
1781157109.7911546,78.52857851982117,A1_HOLDING_SERVO_ON,A1_HOLDING_SERVO_ON_R01_20260611_125030,delta-asda-b3-e,1616,VE|SOD|TR,1,0,-7071,0,-1,-0.00427,-1,-0.002391,298,47,4270,2391,6000,,0,,,,holding,normal,0,no_load,none,"A1: Servo ON, shaft stationary",servo-app/lab-0.1
1781157109.8932755,78.63069939613342,A1_HOLDING_SERVO_ON,A1_HOLDING_SERVO_ON_R01_20260611_125030,delta-asda-b3-e,1616,VE|SOD|TR,1,0,-7081,0,-1,-0.00427,-1,-0.002391,298,47,4270,2391,6000,,0,,,,holding,normal,0,no_load,none,"A1: Servo ON, shaft stationary",servo-app/lab-0.1
1781157109.9938803,78.73130416870117,A1_HOLDING_SERVO_ON,A1_HOLDING_SERVO_ON_R01_20260611_125030,delta-asda-b3-e,1616,VE|SOD|TR,1,0,-7091,0,0,0.0,0,0.0,298,47,4270,2391,6000,,0,,,,holding,normal,0,no_load,none,"A1: Servo ON, shaft stationary",servo-app/lab-0.1
1781157110.0944712,78.83189511299133,A1_HOLDING_SERVO_ON,A1_HOLDING_SERVO_ON_R01_20260611_125030,delta-asda-b3-e,1616,VE|SOD|TR,1,0,-7071,0,0,0.0,-1,-0.002391,299,47,4270,2391,6000,,0,,,,holding,normal,0,no_load,none,"A1: Servo ON, shaft stationary",servo-app/lab-0.1
1781157110.1948884,78.93231225013733,A1_HOLDING_SERVO_ON,A1_HOLDING_SERVO_ON_R01_20260611_125030,delta-asda-b3-e,1616,VE|SOD|TR,1,0,-7081,0,0,0.0,-1,-0.002391,298,47,4270,2391,6000,,0,,,,holding,normal,0,no_load,none,"A1: Servo ON, shaft stationary",servo-app/lab-0.1
1781157110.2950673,79.0324912071228,A1_HOLDING_SERVO_ON,A1_HOLDING_SERVO_ON_R01_20260611_125030,delta-asda-b3-e,1616,VE|SOD|TR,1,0,-7081,0,-1,-0.00427,0,0.0,299,47,4270,2391,6000,,0,,,,holding,normal,0,no_load,none,"A1: Servo ON, shaft stationary",servo-app/lab-0.1
1781157110.3956544,79.1330783367157,A1_HOLDING_SERVO_ON,A1_HOLDING_SERVO_ON_R01_20260611_125030,delta-asda-b3-e,1616,VE|SOD|TR,1,0,-7077,0,0,0.0,-1,-0.002391,299,47,4270,2391,6000,,0,,,,holding,normal,0,no_load,none,"A1: Servo ON, shaft stationary",servo-app/lab-0.1
1781157110.496159,79.23358297348022,A1_HOLDING_SERVO_ON,A1_HOLDING_SERVO_ON_R01_20260611_125030,delta-asda-b3-e,1616,VE|SOD|TR,1,0,-7075,0,-1,-0.00427,0,0.0,299,47,4270,2391,6000,,0,,,,holding,normal,0,no_load,none,"A1: Servo ON, shaft stationary",servo-app/lab-0.1
1781157110.596294,79.33371782302856,A1_HOLDING_SERVO_ON,A1_HOLDING_SERVO_ON_R01_20260611_125030,delta-asda-b3-e,1616,VE|SOD|TR,1,0,-7081,0,-1,-0.00427,-1,-0.002391,298,47,4270,2391,6000,,0,,,,holding,normal,0,no_load,none,"A1: Servo ON, shaft stationary",servo-app/lab-0.1
1781157110.6963549,79.43377876281738,A1_HOLDING_SERVO_ON,A1_HOLDING_SERVO_ON_R01_20260611_125030,delta-asda-b3-e,1616,VE|SOD|TR,1,0,-7065,0,-1,-0.00427,-1,-0.002391,298,47,4270,2391,6000,,0,,,,holding,normal,0,no_load,none,"A1: Servo ON, shaft stationary",servo-app/lab-0.1
1781157110.796509,79.53393292427063,A1_HOLDING_SERVO_ON,A1_HOLDING_SERVO_ON_R01_20260611_125030,delta-asda-b3-e,1616,VE|SOD|TR,1,0,-7077,0,-1,-0.00427,-1,-0.002391,299,47,4270,2391,6000,,0,,,,holding,normal,0,no_load,none,"A1: Servo ON, shaft stationary",servo-app/lab-0.1
1781157110.896891,79.6343150138855,A1_HOLDING_SERVO_ON,A1_HOLDING_SERVO_ON_R01_20260611_125030,delta-asda-b3-e,1616,VE|SOD|TR,1,0,-7071,0,-1,-0.00427,-1,-0.002391,299,47,4270,2391,6000,,0,,,,holding,normal,0,no_load,none,"A1: Servo ON, shaft stationary",servo-app/lab-0.1
1781157110.9970536,79.73447751998901,A1_HOLDING_SERVO_ON,A1_HOLDING_SERVO_ON_R01_20260611_125030,delta-asda-b3-e,1616,VE|SOD|TR,1,0,-7071,0,-1,-0.00427,-1,-0.002391,299,47,4270,2391,6000,,0,,,,holding,normal,0,no_load,none,"A1: Servo ON, shaft stationary",servo-app/lab-0.1
1781157111.0974648,79.83488869667053,A1_HOLDING_SERVO_ON,A1_HOLDING_SERVO_ON_R01_20260611_125030,delta-asda-b3-e,1616,VE|SOD|TR,1,0,-7075,0,0,0.0,-1,-0.002391,299,47,4270,2391,6000,,0,,,,holding,normal,0,no_load,none,"A1: Servo ON, shaft stationary",servo-app/lab-0.1
1781157111.1981642,79.93558812141418,A1_HOLDING_SERVO_ON,A1_HOLDING_SERVO_ON_R01_20260611_125030,delta-asda-b3-e,1616,VE|SOD|TR,1,0,-7077,0,-1,-0.00427,-1,-0.002391,299,47,4270,2391,6000,,0,,,,holding,normal,0,no_load,none,"A1: Servo ON, shaft stationary",servo-app/lab-0.1
1781157111.2985382,80.03596210479736,A1_HOLDING_SERVO_ON,A1_HOLDING_SERVO_ON_R01_20260611_125030,delta-asda-b3-e,1616,VE|SOD|TR,1,0,-7075,0,0,0.0,0,0.0,299,47,4270,2391,6000,,0,,,,holding,normal,0,no_load,none,"A1: Servo ON, shaft stationary",servo-app/lab-0.1
1781157111.399069,80.13649296760559,A1_HOLDING_SERVO_ON,A1_HOLDING_SERVO_ON_R01_20260611_125030,delta-asda-b3-e,1616,VE|SOD|TR,1,0,-7081,0,0,0.0,0,0.0,299,47,4270,2391,6000,,0,,,,holding,normal,0,no_load,none,"A1: Servo ON, shaft stationary",servo-app/lab-0.1
1781157111.4991975,80.2366213798523,A1_HOLDING_SERVO_ON,A1_HOLDING_SERVO_ON_R01_20260611_125030,delta-asda-b3-e,1616,VE|SOD|TR,1,0,-7071,0,-1,-0.00427,-1,-0.002391,299,47,4270,2391,6000,,0,,,,holding,normal,0,no_load,none,"A1: Servo ON, shaft stationary",servo-app/lab-0.1
1781157111.5992832,80.33670711517334,A1_HOLDING_SERVO_ON,A1_HOLDING_SERVO_ON_R01_20260611_125030,delta-asda-b3-e,1616,VE|SOD|TR,1,0,-7075,0,-1,-0.00427,-1,-0.002391,299,47,4270,2391,6000,,0,,,,holding,normal,0,no_load,none,"A1: Servo ON, shaft stationary",servo-app/lab-0.1
1781157111.6999125,80.43733644485474,A1_HOLDING_SERVO_ON,A1_HOLDING_SERVO_ON_R01_20260611_125030,delta-asda-b3-e,1616,VE|SOD|TR,1,0,-7095,0,-1,-0.00427,0,0.0,299,47,4270,2391,6000,,0,,,,holding,normal,0,no_load,none,"A1: Servo ON, shaft stationary",servo-app/lab-0.1
1781157111.8000176,80.53744149208069,A1_HOLDING_SERVO_ON,A1_HOLDING_SERVO_ON_R01_20260611_125030,delta-asda-b3-e,1616,VE|SOD|TR,1,0,-7077,0,-1,-0.00427,0,0.0,299,47,4270,2391,6000,,0,,,,holding,normal,0,no_load,none,"A1: Servo ON, shaft stationary",servo-app/lab-0.1
1781157111.9003663,80.63779020309448,A1_HOLDING_SERVO_ON,A1_HOLDING_SERVO_ON_R01_20260611_125030,delta-asda-b3-e,1616,VE|SOD|TR,1,0,-7071,0,-1,-0.00427,-1,-0.002391,299,47,4270,2391,6000,,0,,,,holding,normal,0,no_load,none,"A1: Servo ON, shaft stationary",servo-app/lab-0.1
1781157112.000831,80.73825478553772,A1_HOLDING_SERVO_ON,A1_HOLDING_SERVO_ON_R01_20260611_125030,delta-asda-b3-e,1616,VE|SOD|TR,1,0,-7071,0,0,0.0,-1,-0.002391,299,47,4270,2391,6000,,0,,,,holding,normal,0,no_load,none,"A1: Servo ON, shaft stationary",servo-app/lab-0.1
1781157112.100993,80.83841681480408,A1_HOLDING_SERVO_ON,A1_HOLDING_SERVO_ON_R01_20260611_125030,delta-asda-b3-e,1616,VE|SOD|TR,1,0,-7071,0,0,0.0,-1,-0.002391,299,47,4270,2391,6000,,0,,,,holding,normal,0,no_load,none,"A1: Servo ON, shaft stationary",servo-app/lab-0.1
1781157112.201478,80.93890190124512,A1_HOLDING_SERVO_ON,A1_HOLDING_SERVO_ON_R01_20260611_125030,delta-asda-b3-e,1616,VE|SOD|TR,1,0,-7067,0,-1,-0.00427,0,0.0,299,47,4270,2391,6000,,0,,,,holding,normal,0,no_load,none,"A1: Servo ON, shaft stationary",servo-app/lab-0.1
1781157112.3017774,81.03920125961304,A1_HOLDING_SERVO_ON,A1_HOLDING_SERVO_ON_R01_20260611_125030,delta-asda-b3-e,1616,VE|SOD|TR,1,0,-7075,0,-1,-0.00427,0,0.0,299,47,4270,2391,6000,,0,,,,holding,normal,0,no_load,none,"A1: Servo ON, shaft stationary",servo-app/lab-0.1
1781157112.4022586,81.13968253135681,A1_HOLDING_SERVO_ON,A1_HOLDING_SERVO_ON_R01_20260611_125030,delta-asda-b3-e,1616,VE|SOD|TR,1,0,-7071,0,-1,-0.00427,-1,-0.002391,299,47,4270,2391,6000,,0,,,,holding,normal,0,no_load,none,"A1: Servo ON, shaft stationary",servo-app/lab-0.1
1781157112.5026689,81.24009275436401,A1_HOLDING_SERVO_ON,A1_HOLDING_SERVO_ON_R01_20260611_125030,delta-asda-b3-e,1616,VE|SOD|TR,1,0,-7075,0,-1,-0.00427,0,0.0,299,47,4270,2391,6000,,0,,,,holding,normal,0,no_load,none,"A1: Servo ON, shaft stationary",servo-app/lab-0.1
1781157112.6031864,81.34061026573181,A1_HOLDING_SERVO_ON,A1_HOLDING_SERVO_ON_R01_20260611_125030,delta-asda-b3-e,1616,VE|SOD|TR,1,0,-7071,0,-1,-0.00427,0,0.0,299,47,4270,2391,6000,,0,,,,holding,normal,0,no_load,none,"A1: Servo ON, shaft stationary",servo-app/lab-0.1
1781157112.7036428,81.44106674194336,A1_HOLDING_SERVO_ON,A1_HOLDING_SERVO_ON_R01_20260611_125030,delta-asda-b3-e,1616,VE|SOD|TR,1,0,-7061,0,0,0.0,-1,-0.002391,299,47,4270,2391,6000,,0,,,,holding,normal,0,no_load,none,"A1: Servo ON, shaft stationary",servo-app/lab-0.1
1781157112.8039756,81.54139947891235,A1_HOLDING_SERVO_ON,A1_HOLDING_SERVO_ON_R01_20260611_125030,delta-asda-b3-e,1616,VE|SOD|TR,1,0,-7081,0,-1,-0.00427,-1,-0.002391,299,47,4270,2391,6000,,0,,,,holding,normal,0,no_load,none,"A1: Servo ON, shaft stationary",servo-app/lab-0.1
1781157112.904088,81.64151191711426,A1_HOLDING_SERVO_ON,A1_HOLDING_SERVO_ON_R01_20260611_125030,delta-asda-b3-e,1616,VE|SOD|TR,1,0,-7071,0,0,0.0,-1,-0.002391,299,47,4270,2391,6000,,0,,,,holding,normal,0,no_load,none,"A1: Servo ON, shaft stationary",servo-app/lab-0.1
1781157113.0044262,81.74185013771057,A1_HOLDING_SERVO_ON,A1_HOLDING_SERVO_ON_R01_20260611_125030,delta-asda-b3-e,1616,VE|SOD|TR,1,0,-7071,0,-1,-0.00427,0,0.0,299,47,4270,2391,6000,,0,,,,holding,normal,0,no_load,none,"A1: Servo ON, shaft stationary",servo-app/lab-0.1
1781157113.104778,81.8422019481659,A1_HOLDING_SERVO_ON,A1_HOLDING_SERVO_ON_R01_20260611_125030,delta-asda-b3-e,1616,VE|SOD|TR,1,0,-7067,0,-1,-0.00427,0,0.0,299,47,4270,2391,6000,,0,,,,holding,normal,0,no_load,none,"A1: Servo ON, shaft stationary",servo-app/lab-0.1
1781157113.205304,81.94272780418396,A1_HOLDING_SERVO_ON,A1_HOLDING_SERVO_ON_R01_20260611_125030,delta-asda-b3-e,1616,VE|SOD|TR,1,0,-7071,0,-1,-0.00427,0,0.0,299,47,4270,2391,6000,,0,,,,holding,normal,0,no_load,none,"A1: Servo ON, shaft stationary",servo-app/lab-0.1
1781157113.3057566,82.04318046569824,A1_HOLDING_SERVO_ON,A1_HOLDING_SERVO_ON_R01_20260611_125030,delta-asda-b3-e,1616,VE|SOD|TR,1,0,-7077,0,-1,-0.00427,0,0.0,299,47,4270,2391,6000,,0,,,,holding,normal,0,no_load,none,"A1: Servo ON, shaft stationary",servo-app/lab-0.1
1781157113.4062963,82.1437201499939,A1_HOLDING_SERVO_ON,A1_HOLDING_SERVO_ON_R01_20260611_125030,delta-asda-b3-e,1616,VE|SOD|TR,1,0,-7071,0,0,0.0,0,0.0,299,47,4270,2391,6000,,0,,,,holding,normal,0,no_load,none,"A1: Servo ON, shaft stationary",servo-app/lab-0.1
1781157113.5068278,82.24425172805786,A1_HOLDING_SERVO_ON,A1_HOLDING_SERVO_ON_R01_20260611_125030,delta-asda-b3-e,1616,VE|SOD|TR,1,0,-7071,0,-1,-0.00427,0,0.0,299,47,4270,2391,6000,,0,,,,holding,normal,0,no_load,none,"A1: Servo ON, shaft stationary",servo-app/lab-0.1
1781157113.607165,82.34458899497986,A1_HOLDING_SERVO_ON,A1_HOLDING_SERVO_ON_R01_20260611_125030,delta-asda-b3-e,1616,VE|SOD|TR,1,0,-7067,0,0,0.0,0,0.0,299,47,4270,2391,6000,,0,,,,holding,normal,0,no_load,none,"A1: Servo ON, shaft stationary",servo-app/lab-0.1
1781157113.707517,82.44494080543518,A1_HOLDING_SERVO_ON,A1_HOLDING_SERVO_ON_R01_20260611_125030,delta-asda-b3-e,1616,VE|SOD|TR,1,0,-7077,0,-1,-0.00427,0,0.0,299,47,4270,2391,6000,,0,,,,holding,normal,0,no_load,none,"A1: Servo ON, shaft stationary",servo-app/lab-0.1
1781157113.8078265,82.545250415802,A1_HOLDING_SERVO_ON,A1_HOLDING_SERVO_ON_R01_20260611_125030,delta-asda-b3-e,1616,VE|SOD|TR,1,0,-7075,0,0,0.0,-1,-0.002391,299,47,4270,2391,6000,,0,,,,holding,normal,0,no_load,none,"A1: Servo ON, shaft stationary",servo-app/lab-0.1
1781157113.9080105,82.64543437957764,A1_HOLDING_SERVO_ON,A1_HOLDING_SERVO_ON_R01_20260611_125030,delta-asda-b3-e,1616,VE|SOD|TR,1,0,-7077,0,0,0.0,0,0.0,298,47,4270,2391,6000,,0,,,,holding,normal,0,no_load,none,"A1: Servo ON, shaft stationary",servo-app/lab-0.1
1781157114.0083082,82.7457320690155,A1_HOLDING_SERVO_ON,A1_HOLDING_SERVO_ON_R01_20260611_125030,delta-asda-b3-e,1616,VE|SOD|TR,1,0,-7081,0,-1,-0.00427,-1,-0.002391,299,47,4270,2391,6000,,0,,,,holding,normal,0,no_load,none,"A1: Servo ON, shaft stationary",servo-app/lab-0.1
1781157114.1084723,82.84589624404907,A1_HOLDING_SERVO_ON,A1_HOLDING_SERVO_ON_R01_20260611_125030,delta-asda-b3-e,1616,VE|SOD|TR,1,0,-7067,0,0,0.0,0,0.0,298,47,4270,2391,6000,,0,,,,holding,normal,0,no_load,none,"A1: Servo ON, shaft stationary",servo-app/lab-0.1
1781157114.2086506,82.94607448577881,A1_HOLDING_SERVO_ON,A1_HOLDING_SERVO_ON_R01_20260611_125030,delta-asda-b3-e,1616,VE|SOD|TR,1,0,-7075,0,0,0.0,0,0.0,299,47,4270,2391,6000,,0,,,,holding,normal,0,no_load,none,"A1: Servo ON, shaft stationary",servo-app/lab-0.1
1781157114.3088722,83.04629611968994,A1_HOLDING_SERVO_ON,A1_HOLDING_SERVO_ON_R01_20260611_125030,delta-asda-b3-e,1616,VE|SOD|TR,1,0,-7091,0,0,0.0,-1,-0.002391,299,47,4270,2391,6000,,0,,,,holding,normal,0,no_load,none,"A1: Servo ON, shaft stationary",servo-app/lab-0.1
1781157114.4092488,83.14667272567749,A1_HOLDING_SERVO_ON,A1_HOLDING_SERVO_ON_R01_20260611_125030,delta-asda-b3-e,1616,VE|SOD|TR,1,0,-7071,0,-1,-0.00427,0,0.0,298,47,4270,2391,6000,,0,,,,holding,normal,0,no_load,none,"A1: Servo ON, shaft stationary",servo-app/lab-0.1
1781157114.509387,83.24681091308594,A1_HOLDING_SERVO_ON,A1_HOLDING_SERVO_ON_R01_20260611_125030,delta-asda-b3-e,1616,VE|SOD|TR,1,0,-7087,0,-1,-0.00427,-1,-0.002391,299,47,4270,2391,6000,,0,,,,holding,normal,0,no_load,none,"A1: Servo ON, shaft stationary",servo-app/lab-0.1
1781157114.6097016,83.34712553024292,A1_HOLDING_SERVO_ON,A1_HOLDING_SERVO_ON_R01_20260611_125030,delta-asda-b3-e,1616,VE|SOD|TR,1,0,-7085,0,0,0.0,0,0.0,299,47,4270,2391,6000,,0,,,,holding,normal,0,no_load,none,"A1: Servo ON, shaft stationary",servo-app/lab-0.1
1781157114.710128,83.4475519657135,A1_HOLDING_SERVO_ON,A1_HOLDING_SERVO_ON_R01_20260611_125030,delta-asda-b3-e,1616,VE|SOD|TR,1,0,-7067,0,-1,-0.00427,0,0.0,298,47,4270,2391,6000,,0,,,,holding,normal,0,no_load,none,"A1: Servo ON, shaft stationary",servo-app/lab-0.1
1781157114.810351,83.54777479171753,A1_HOLDING_SERVO_ON,A1_HOLDING_SERVO_ON_R01_20260611_125030,delta-asda-b3-e,1616,VE|SOD|TR,1,0,-7075,0,0,0.0,0,0.0,298,47,4270,2391,6000,,0,,,,holding,normal,0,no_load,none,"A1: Servo ON, shaft stationary",servo-app/lab-0.1
1781157114.9108138,83.64823770523071,A1_HOLDING_SERVO_ON,A1_HOLDING_SERVO_ON_R01_20260611_125030,delta-asda-b3-e,1616,VE|SOD|TR,1,0,-7071,0,0,0.0,-1,-0.002391,298,47,4270,2391,6000,,0,,,,holding,normal,0,no_load,none,"A1: Servo ON, shaft stationary",servo-app/lab-0.1
1781157115.0110893,83.74851322174072,A1_HOLDING_SERVO_ON,A1_HOLDING_SERVO_ON_R01_20260611_125030,delta-asda-b3-e,1616,VE|SOD|TR,1,0,-7075,0,0,0.0,-1,-0.002391,298,47,4270,2391,6000,,0,,,,holding,normal,0,no_load,none,"A1: Servo ON, shaft stationary",servo-app/lab-0.1
1781157115.1113641,83.848788022995,A1_HOLDING_SERVO_ON,A1_HOLDING_SERVO_ON_R01_20260611_125030,delta-asda-b3-e,1616,VE|SOD|TR,1,0,-7081,0,-1,-0.00427,0,0.0,298,47,4270,2391,6000,,0,,,,holding,normal,0,no_load,none,"A1: Servo ON, shaft stationary",servo-app/lab-0.1
1781157115.2118807,83.94930458068848,A1_HOLDING_SERVO_ON,A1_HOLDING_SERVO_ON_R01_20260611_125030,delta-asda-b3-e,1616,VE|SOD|TR,1,0,-7071,0,0,0.0,-1,-0.002391,298,47,4270,2391,6000,,0,,,,holding,normal,0,no_load,none,"A1: Servo ON, shaft stationary",servo-app/lab-0.1
1781157115.3124638,84.04988765716553,A1_HOLDING_SERVO_ON,A1_HOLDING_SERVO_ON_R01_20260611_125030,delta-asda-b3-e,1616,VE|SOD|TR,1,0,-7067,0,-1,-0.00427,-1,-0.002391,298,47,4270,2391,6000,,0,,,,holding,normal,0,no_load,none,"A1: Servo ON, shaft stationary",servo-app/lab-0.1
1781157115.4125388,84.14996266365051,A1_HOLDING_SERVO_ON,A1_HOLDING_SERVO_ON_R01_20260611_125030,delta-asda-b3-e,1616,VE|SOD|TR,1,0,-7075,0,-1,-0.00427,-1,-0.002391,298,47,4270,2391,6000,,0,,,,holding,normal,0,no_load,none,"A1: Servo ON, shaft stationary",servo-app/lab-0.1
1781157115.5134537,84.25087761878967,A1_HOLDING_SERVO_ON,A1_HOLDING_SERVO_ON_R01_20260611_125030,delta-asda-b3-e,1616,VE|SOD|TR,1,0,-7075,0,0,0.0,0,0.0,298,47,4270,2391,6000,,0,,,,holding,normal,0,no_load,none,"A1: Servo ON, shaft stationary",servo-app/lab-0.1
1781157115.6138234,84.35124731063843,A1_HOLDING_SERVO_ON,A1_HOLDING_SERVO_ON_R01_20260611_125030,delta-asda-b3-e,1616,VE|SOD|TR,1,0,-7075,0,0,0.0,-1,-0.002391,298,47,4270,2391,6000,,0,,,,holding,normal,0,no_load,none,"A1: Servo ON, shaft stationary",servo-app/lab-0.1
1781157115.7146063,84.45203018188477,A1_HOLDING_SERVO_ON,A1_HOLDING_SERVO_ON_R01_20260611_125030,delta-asda-b3-e,1616,VE|SOD|TR,1,0,-7067,0,-1,-0.00427,0,0.0,298,47,4270,2391,6000,,0,,,,holding,normal,0,no_load,none,"A1: Servo ON, shaft stationary",servo-app/lab-0.1
1781157115.814821,84.5522449016571,A1_HOLDING_SERVO_ON,A1_HOLDING_SERVO_ON_R01_20260611_125030,delta-asda-b3-e,1616,VE|SOD|TR,1,0,-7081,0,0,0.0,0,0.0,298,47,4270,2391,6000,,0,,,,holding,normal,0,no_load,none,"A1: Servo ON, shaft stationary",servo-app/lab-0.1
1781157115.9150367,84.65246057510376,A1_HOLDING_SERVO_ON,A1_HOLDING_SERVO_ON_R01_20260611_125030,delta-asda-b3-e,1616,VE|SOD|TR,1,0,-7087,0,0,0.0,-1,-0.002391,298,47,4270,2391,6000,,0,,,,holding,normal,0,no_load,none,"A1: Servo ON, shaft stationary",servo-app/lab-0.1
1781157116.0154643,84.75288820266724,A1_HOLDING_SERVO_ON,A1_HOLDING_SERVO_ON_R01_20260611_125030,delta-asda-b3-e,1616,VE|SOD|TR,1,0,-7081,0,-1,-0.00427,0,0.0,298,47,4270,2391,6000,,0,,,,holding,normal,0,no_load,none,"A1: Servo ON, shaft stationary",servo-app/lab-0.1
1781157116.1155658,84.8529896736145,A1_HOLDING_SERVO_ON,A1_HOLDING_SERVO_ON_R01_20260611_125030,delta-asda-b3-e,1616,VE|SOD|TR,1,0,-7077,0,0,0.0,-1,-0.002391,298,47,4270,2391,6000,,0,,,,holding,normal,0,no_load,none,"A1: Servo ON, shaft stationary",servo-app/lab-0.1
1781157116.215773,84.95319700241089,A1_HOLDING_SERVO_ON,A1_HOLDING_SERVO_ON_R01_20260611_125030,delta-asda-b3-e,1616,VE|SOD|TR,1,0,-7081,0,-1,-0.00427,0,0.0,298,47,4270,2391,6000,,0,,,,holding,normal,0,no_load,none,"A1: Servo ON, shaft stationary",servo-app/lab-0.1
1781157116.3161366,85.05356049537659,A1_HOLDING_SERVO_ON,A1_HOLDING_SERVO_ON_R01_20260611_125030,delta-asda-b3-e,1616,VE|SOD|TR,1,0,-7081,0,-1,-0.00427,-1,-0.002391,299,47,4270,2391,6000,,0,,,,holding,normal,0,no_load,none,"A1: Servo ON, shaft stationary",servo-app/lab-0.1
1781157116.4165738,85.15399765968323,A1_HOLDING_SERVO_ON,A1_HOLDING_SERVO_ON_R01_20260611_125030,delta-asda-b3-e,1616,VE|SOD|TR,1,0,-7071,0,-1,-0.00427,0,0.0,299,47,4270,2391,6000,,0,,,,holding,normal,0,no_load,none,"A1: Servo ON, shaft stationary",servo-app/lab-0.1
1781157116.5166779,85.25410175323486,A1_HOLDING_SERVO_ON,A1_HOLDING_SERVO_ON_R01_20260611_125030,delta-asda-b3-e,1616,VE|SOD|TR,1,0,-7071,0,-1,-0.00427,-1,-0.002391,298,47,4270,2391,6000,,0,,,,holding,normal,0,no_load,none,"A1: Servo ON, shaft stationary",servo-app/lab-0.1
1781157116.616889,85.35431289672852,A1_HOLDING_SERVO_ON,A1_HOLDING_SERVO_ON_R01_20260611_125030,delta-asda-b3-e,1616,VE|SOD|TR,1,0,-7085,0,-1,-0.00427,-1,-0.002391,299,47,4270,2391,6000,,0,,,,holding,normal,0,no_load,none,"A1: Servo ON, shaft stationary",servo-app/lab-0.1
1781157116.7173114,85.45473527908325,A1_HOLDING_SERVO_ON,A1_HOLDING_SERVO_ON_R01_20260611_125030,delta-asda-b3-e,1616,VE|SOD|TR,1,0,-7081,0,0,0.0,0,0.0,298,47,4270,2391,6000,,0,,,,holding,normal,0,no_load,none,"A1: Servo ON, shaft stationary",servo-app/lab-0.1
1781157116.8182461,85.55567002296448,A1_HOLDING_SERVO_ON,A1_HOLDING_SERVO_ON_R01_20260611_125030,delta-asda-b3-e,1616,VE|SOD|TR,1,0,-7075,0,0,0.0,0,0.0,298,47,4270,2391,6000,,0,,,,holding,normal,0,no_load,none,"A1: Servo ON, shaft stationary",servo-app/lab-0.1
1781157116.918462,85.65588593482971,A1_HOLDING_SERVO_ON,A1_HOLDING_SERVO_ON_R01_20260611_125030,delta-asda-b3-e,1616,VE|SOD|TR,1,0,-7081,0,-1,-0.00427,0,0.0,299,47,4270,2391,6000,,0,,,,holding,normal,0,no_load,none,"A1: Servo ON, shaft stationary",servo-app/lab-0.1
1781157117.0188863,85.75631022453308,A1_HOLDING_SERVO_ON,A1_HOLDING_SERVO_ON_R01_20260611_125030,delta-asda-b3-e,1616,VE|SOD|TR,1,0,-7075,0,-1,-0.00427,0,0.0,299,47,4270,2391,6000,,0,,,,holding,normal,0,no_load,none,"A1: Servo ON, shaft stationary",servo-app/lab-0.1
1781157117.1195838,85.8570077419281,A1_HOLDING_SERVO_ON,A1_HOLDING_SERVO_ON_R01_20260611_125030,delta-asda-b3-e,1616,VE|SOD|TR,1,0,-7071,0,-1,-0.00427,-1,-0.002391,299,47,4270,2391,6000,,0,,,,holding,normal,0,no_load,none,"A1: Servo ON, shaft stationary",servo-app/lab-0.1
1781157117.2196546,85.95707845687866,A1_HOLDING_SERVO_ON,A1_HOLDING_SERVO_ON_R01_20260611_125030,delta-asda-b3-e,1616,VE|SOD|TR,1,0,-7061,0,0,0.0,-1,-0.002391,299,47,4270,2391,6000,,0,,,,holding,normal,0,no_load,none,"A1: Servo ON, shaft stationary",servo-app/lab-0.1
1781157117.3202002,86.0576241016388,A1_HOLDING_SERVO_ON,A1_HOLDING_SERVO_ON_R01_20260611_125030,delta-asda-b3-e,1616,VE|SOD|TR,1,0,-7075,0,0,0.0,0,0.0,299,47,4270,2391,6000,,0,,,,holding,normal,0,no_load,none,"A1: Servo ON, shaft stationary",servo-app/lab-0.1
1781157117.420326,86.15774989128113,A1_HOLDING_SERVO_ON,A1_HOLDING_SERVO_ON_R01_20260611_125030,delta-asda-b3-e,1616,VE|SOD|TR,1,0,-7075,0,0,0.0,-1,-0.002391,299,47,4270,2391,6000,,0,,,,holding,normal,0,no_load,none,"A1: Servo ON, shaft stationary",servo-app/lab-0.1
1781157117.5208123,86.25823616981506,A1_HOLDING_SERVO_ON,A1_HOLDING_SERVO_ON_R01_20260611_125030,delta-asda-b3-e,1616,VE|SOD|TR,1,0,-7071,0,0,0.0,-1,-0.002391,299,47,4270,2391,6000,,0,,,,holding,normal,0,no_load,none,"A1: Servo ON, shaft stationary",servo-app/lab-0.1
1781157117.62111,86.35853385925293,A1_HOLDING_SERVO_ON,A1_HOLDING_SERVO_ON_R01_20260611_125030,delta-asda-b3-e,1616,VE|SOD|TR,1,0,-7071,0,0,0.0,-1,-0.002391,299,47,4270,2391,6000,,0,,,,holding,normal,0,no_load,none,"A1: Servo ON, shaft stationary",servo-app/lab-0.1
1781157117.7215447,86.45896863937378,A1_HOLDING_SERVO_ON,A1_HOLDING_SERVO_ON_R01_20260611_125030,delta-asda-b3-e,1616,VE|SOD|TR,1,0,-7071,0,0,0.0,-1,-0.002391,299,47,4270,2391,6000,,0,,,,holding,normal,0,no_load,none,"A1: Servo ON, shaft stationary",servo-app/lab-0.1
1781157117.8216205,86.5590443611145,A1_HOLDING_SERVO_ON,A1_HOLDING_SERVO_ON_R01_20260611_125030,delta-asda-b3-e,1616,VE|SOD|TR,1,0,-7081,0,0,0.0,-1,-0.002391,298,47,4270,2391,6000,,0,,,,holding,normal,0,no_load,none,"A1: Servo ON, shaft stationary",servo-app/lab-0.1
1781157117.9217205,86.6591444015503,A1_HOLDING_SERVO_ON,A1_HOLDING_SERVO_ON_R01_20260611_125030,delta-asda-b3-e,1616,VE|SOD|TR,1,0,-7071,0,0,0.0,-1,-0.002391,299,47,4270,2391,6000,,0,,,,holding,normal,0,no_load,none,"A1: Servo ON, shaft stationary",servo-app/lab-0.1
1781157118.0220768,86.75950074195862,A1_HOLDING_SERVO_ON,A1_HOLDING_SERVO_ON_R01_20260611_125030,delta-asda-b3-e,1616,VE|SOD|TR,1,0,-7075,0,-1,-0.00427,0,0.0,298,47,4270,2391,6000,,0,,,,holding,normal,0,no_load,none,"A1: Servo ON, shaft stationary",servo-app/lab-0.1
1781157118.1224096,86.85983347892761,A1_HOLDING_SERVO_ON,A1_HOLDING_SERVO_ON_R01_20260611_125030,delta-asda-b3-e,1616,VE|SOD|TR,1,0,-7071,0,-1,-0.00427,-1,-0.002391,298,47,4270,2391,6000,,0,,,,holding,normal,0,no_load,none,"A1: Servo ON, shaft stationary",servo-app/lab-0.1
1781157118.2229285,86.96035242080688,A1_HOLDING_SERVO_ON,A1_HOLDING_SERVO_ON_R01_20260611_125030,delta-asda-b3-e,1616,VE|SOD|TR,1,0,-7081,0,0,0.0,0,0.0,299,47,4270,2391,6000,,0,,,,holding,normal,0,no_load,none,"A1: Servo ON, shaft stationary",servo-app/lab-0.1
1781157118.3234208,87.0608446598053,A1_HOLDING_SERVO_ON,A1_HOLDING_SERVO_ON_R01_20260611_125030,delta-asda-b3-e,1616,VE|SOD|TR,1,0,-7075,0,0,0.0,0,0.0,299,47,4270,2391,6000,,0,,,,holding,normal,0,no_load,none,"A1: Servo ON, shaft stationary",servo-app/lab-0.1
1781157118.4235795,87.16100335121155,A1_HOLDING_SERVO_ON,A1_HOLDING_SERVO_ON_R01_20260611_125030,delta-asda-b3-e,1616,VE|SOD|TR,1,0,-7075,0,-1,-0.00427,-1,-0.002391,299,47,4270,2391,6000,,0,,,,holding,normal,0,no_load,none,"A1: Servo ON, shaft stationary",servo-app/lab-0.1
1781157118.5240977,87.26152157783508,A1_HOLDING_SERVO_ON,A1_HOLDING_SERVO_ON_R01_20260611_125030,delta-asda-b3-e,1616,VE|SOD|TR,1,0,-7075,0,-1,-0.00427,-1,-0.002391,298,47,4270,2391,6000,,0,,,,holding,normal,0,no_load,none,"A1: Servo ON, shaft stationary",servo-app/lab-0.1
1781157118.6245174,87.36194133758545,A1_HOLDING_SERVO_ON,A1_HOLDING_SERVO_ON_R01_20260611_125030,delta-asda-b3-e,1616,VE|SOD|TR,1,0,-7077,0,0,0.0,-1,-0.002391,299,47,4270,2391,6000,,0,,,,holding,normal,0,no_load,none,"A1: Servo ON, shaft stationary",servo-app/lab-0.1
1781157118.724574,87.46199798583984,A1_HOLDING_SERVO_ON,A1_HOLDING_SERVO_ON_R01_20260611_125030,delta-asda-b3-e,1616,VE|SOD|TR,1,0,-7071,0,-1,-0.00427,-1,-0.002391,299,47,4270,2391,6000,,0,,,,holding,normal,0,no_load,none,"A1: Servo ON, shaft stationary",servo-app/lab-0.1
1781157118.824738,87.56216192245483,A1_HOLDING_SERVO_ON,A1_HOLDING_SERVO_ON_R01_20260611_125030,delta-asda-b3-e,1616,VE|SOD|TR,1,0,-7067,0,0,0.0,-1,-0.002391,299,47,4270,2391,6000,,0,,,,holding,normal,0,no_load,none,"A1: Servo ON, shaft stationary",servo-app/lab-0.1
1781157118.9251215,87.66254544258118,A1_HOLDING_SERVO_ON,A1_HOLDING_SERVO_ON_R01_20260611_125030,delta-asda-b3-e,1616,VE|SOD|TR,1,0,-7075,0,-1,-0.00427,-1,-0.002391,299,47,4270,2391,6000,,0,,,,holding,normal,0,no_load,none,"A1: Servo ON, shaft stationary",servo-app/lab-0.1
1781157119.025566,87.76298999786377,A1_HOLDING_SERVO_ON,A1_HOLDING_SERVO_ON_R01_20260611_125030,delta-asda-b3-e,1616,VE|SOD|TR,1,0,-7077,0,0,0.0,0,0.0,299,47,4270,2391,6000,,0,,,,holding,normal,0,no_load,none,"A1: Servo ON, shaft stationary",servo-app/lab-0.1
1781157119.1259196,87.86334347724915,A1_HOLDING_SERVO_ON,A1_HOLDING_SERVO_ON_R01_20260611_125030,delta-asda-b3-e,1616,VE|SOD|TR,1,0,-7071,0,0,0.0,-1,-0.002391,299,47,4270,2391,6000,,0,,,,holding,normal,0,no_load,none,"A1: Servo ON, shaft stationary",servo-app/lab-0.1
1781157119.2267795,87.96420335769653,A1_HOLDING_SERVO_ON,A1_HOLDING_SERVO_ON_R01_20260611_125030,delta-asda-b3-e,1616,VE|SOD|TR,1,0,-7075,0,-1,-0.00427,0,0.0,299,47,4270,2391,6000,,0,,,,holding,normal,0,no_load,none,"A1: Servo ON, shaft stationary",servo-app/lab-0.1
1781157119.3273668,88.06479072570801,A1_HOLDING_SERVO_ON,A1_HOLDING_SERVO_ON_R01_20260611_125030,delta-asda-b3-e,1616,VE|SOD|TR,1,0,-7071,0,-1,-0.00427,0,0.0,299,47,4270,2391,6000,,0,,,,holding,normal,0,no_load,none,"A1: Servo ON, shaft stationary",servo-app/lab-0.1
1781157119.4278815,88.16530537605286,A1_HOLDING_SERVO_ON,A1_HOLDING_SERVO_ON_R01_20260611_125030,delta-asda-b3-e,1616,VE|SOD|TR,1,0,-7071,0,0,0.0,-1,-0.002391,299,47,4270,2391,6000,,0,,,,holding,normal,0,no_load,none,"A1: Servo ON, shaft stationary",servo-app/lab-0.1
1781157119.5282278,88.26565170288086,A1_HOLDING_SERVO_ON,A1_HOLDING_SERVO_ON_R01_20260611_125030,delta-asda-b3-e,1616,VE|SOD|TR,1,0,-7071,0,0,0.0,-1,-0.002391,299,47,4270,2391,6000,,0,,,,holding,normal,0,no_load,none,"A1: Servo ON, shaft stationary",servo-app/lab-0.1
1781157119.6287308,88.36615467071533,A1_HOLDING_SERVO_ON,A1_HOLDING_SERVO_ON_R01_20260611_125030,delta-asda-b3-e,1616,VE|SOD|TR,1,0,-7061,0,0,0.0,0,0.0,299,47,4270,2391,6000,,0,,,,holding,normal,0,no_load,none,"A1: Servo ON, shaft stationary",servo-app/lab-0.1
1781157119.7288854,88.46630930900574,A1_HOLDING_SERVO_ON,A1_HOLDING_SERVO_ON_R01_20260611_125030,delta-asda-b3-e,1616,VE|SOD|TR,1,0,-7081,0,0,0.0,0,0.0,298,47,4270,2391,6000,,0,,,,holding,normal,0,no_load,none,"A1: Servo ON, shaft stationary",servo-app/lab-0.1
1781157119.829314,88.56673789024353,A1_HOLDING_SERVO_ON,A1_HOLDING_SERVO_ON_R01_20260611_125030,delta-asda-b3-e,1616,VE|SOD|TR,1,0,-7081,0,-1,-0.00427,0,0.0,299,47,4270,2391,6000,,0,,,,holding,normal,0,no_load,none,"A1: Servo ON, shaft stationary",servo-app/lab-0.1
1781157119.9297657,88.6671895980835,A1_HOLDING_SERVO_ON,A1_HOLDING_SERVO_ON_R01_20260611_125030,delta-asda-b3-e,1616,VE|SOD|TR,1,0,-7061,0,0,0.0,0,0.0,299,47,4270,2391,6000,,0,,,,holding,normal,0,no_load,none,"A1: Servo ON, shaft stationary",servo-app/lab-0.1
1781157120.03025,88.7676739692688,A1_HOLDING_SERVO_ON,A1_HOLDING_SERVO_ON_R01_20260611_125030,delta-asda-b3-e,1616,VE|SOD|TR,1,0,-7061,0,-1,-0.00427,-1,-0.002391,299,47,4270,2391,6000,,0,,,,holding,normal,0,no_load,none,"A1: Servo ON, shaft stationary",servo-app/lab-0.1
1781157120.1309588,88.86838269233704,A1_HOLDING_SERVO_ON,A1_HOLDING_SERVO_ON_R01_20260611_125030,delta-asda-b3-e,1616,VE|SOD|TR,1,0,-7075,0,-1,-0.00427,-1,-0.002391,298,47,4270,2391,6000,,0,,,,holding,normal,0,no_load,none,"A1: Servo ON, shaft stationary",servo-app/lab-0.1
1781157120.2312853,88.96870923042297,A1_HOLDING_SERVO_ON,A1_HOLDING_SERVO_ON_R01_20260611_125030,delta-asda-b3-e,1616,VE|SOD|TR,1,0,-7071,0,0,0.0,-1,-0.002391,299,47,4270,2391,6000,,0,,,,holding,normal,0,no_load,none,"A1: Servo ON, shaft stationary",servo-app/lab-0.1
1781157120.3315625,89.06898641586304,A1_HOLDING_SERVO_ON,A1_HOLDING_SERVO_ON_R01_20260611_125030,delta-asda-b3-e,1616,VE|SOD|TR,1,0,-7075,0,0,0.0,-1,-0.002391,299,47,4270,2391,6000,,0,,,,holding,normal,0,no_load,none,"A1: Servo ON, shaft stationary",servo-app/lab-0.1
1781157120.4317482,89.16917204856873,A1_HOLDING_SERVO_ON,A1_HOLDING_SERVO_ON_R01_20260611_125030,delta-asda-b3-e,1616,VE|SOD|TR,1,0,-7075,0,0,0.0,0,0.0,299,47,4270,2391,6000,,0,,,,holding,normal,0,no_load,none,"A1: Servo ON, shaft stationary",servo-app/lab-0.1
1781157120.5324013,89.26982522010803,A1_HOLDING_SERVO_ON,A1_HOLDING_SERVO_ON_R01_20260611_125030,delta-asda-b3-e,1616,VE|SOD|TR,1,0,-7071,0,-1,-0.00427,-1,-0.002391,298,47,4270,2391,6000,,0,,,,holding,normal,0,no_load,none,"A1: Servo ON, shaft stationary",servo-app/lab-0.1
1781157120.633007,89.3704309463501,A1_HOLDING_SERVO_ON,A1_HOLDING_SERVO_ON_R01_20260611_125030,delta-asda-b3-e,1616,VE|SOD|TR,1,0,-7077,0,0,0.0,0,0.0,299,47,4270,2391,6000,,0,,,,holding,normal,0,no_load,none,"A1: Servo ON, shaft stationary",servo-app/lab-0.1
1781157120.7331636,89.47058749198914,A1_HOLDING_SERVO_ON,A1_HOLDING_SERVO_ON_R01_20260611_125030,delta-asda-b3-e,1616,VE|SOD|TR,1,0,-7077,0,-1,-0.00427,-1,-0.002391,299,47,4270,2391,6000,,0,,,,holding,normal,0,no_load,none,"A1: Servo ON, shaft stationary",servo-app/lab-0.1
1781157120.833717,89.57114100456238,A1_HOLDING_SERVO_ON,A1_HOLDING_SERVO_ON_R01_20260611_125030,delta-asda-b3-e,1616,VE|SOD|TR,1,0,-7071,0,0,0.0,-1,-0.002391,299,47,4270,2391,6000,,0,,,,holding,normal,0,no_load,none,"A1: Servo ON, shaft stationary",servo-app/lab-0.1
1781157120.9339416,89.67136549949646,A1_HOLDING_SERVO_ON,A1_HOLDING_SERVO_ON_R01_20260611_125030,delta-asda-b3-e,1616,VE|SOD|TR,1,0,-7075,0,-1,-0.00427,-1,-0.002391,299,47,4270,2391,6000,,0,,,,holding,normal,0,no_load,none,"A1: Servo ON, shaft stationary",servo-app/lab-0.1
1781157121.0344265,89.77185034751892,A1_HOLDING_SERVO_ON,A1_HOLDING_SERVO_ON_R01_20260611_125030,delta-asda-b3-e,1616,VE|SOD|TR,1,0,-7075,0,0,0.0,0,0.0,298,47,4270,2391,6000,,0,,,,holding,normal,0,no_load,none,"A1: Servo ON, shaft stationary",servo-app/lab-0.1
1781157121.1352348,89.87265872955322,A1_HOLDING_SERVO_ON,A1_HOLDING_SERVO_ON_R01_20260611_125030,delta-asda-b3-e,1616,VE|SOD|TR,1,0,-7077,0,0,0.0,0,0.0,298,47,4270,2391,6000,,0,,,,holding,normal,0,no_load,none,"A1: Servo ON, shaft stationary",servo-app/lab-0.1
1781157121.2355735,89.9729974269867,A1_HOLDING_SERVO_ON,A1_HOLDING_SERVO_ON_R01_20260611_125030,delta-asda-b3-e,1616,VE|SOD|TR,1,0,-7065,0,0,0.0,0,0.0,298,47,4270,2391,6000,,0,,,,holding,normal,0,no_load,none,"A1: Servo ON, shaft stationary",servo-app/lab-0.1
1781157121.3359697,90.07339358329773,A1_HOLDING_SERVO_ON,A1_HOLDING_SERVO_ON_R01_20260611_125030,delta-asda-b3-e,1616,VE|SOD|TR,1,0,-7065,0,0,0.0,0,0.0,298,47,4270,2391,6000,,0,,,,holding,normal,0,no_load,none,"A1: Servo ON, shaft stationary",servo-app/lab-0.1
1781157121.4360652,90.17348909378052,A1_HOLDING_SERVO_ON,A1_HOLDING_SERVO_ON_R01_20260611_125030,delta-asda-b3-e,1616,VE|SOD|TR,1,0,-7075,0,0,0.0,-1,-0.002391,298,47,4270,2391,6000,,0,,,,holding,normal,0,no_load,none,"A1: Servo ON, shaft stationary",servo-app/lab-0.1
1781157121.5362198,90.27364373207092,A1_HOLDING_SERVO_ON,A1_HOLDING_SERVO_ON_R01_20260611_125030,delta-asda-b3-e,1616,VE|SOD|TR,1,0,-7071,0,-1,-0.00427,0,0.0,298,47,4270,2391,6000,,0,,,,holding,normal,0,no_load,none,"A1: Servo ON, shaft stationary",servo-app/lab-0.1
1781157121.6364677,90.37389159202576,A1_HOLDING_SERVO_ON,A1_HOLDING_SERVO_ON_R01_20260611_125030,delta-asda-b3-e,1616,VE|SOD|TR,1,0,-7075,0,0,0.0,0,0.0,298,47,4270,2391,6000,,0,,,,holding,normal,0,no_load,none,"A1: Servo ON, shaft stationary",servo-app/lab-0.1
1781157121.7367349,90.4741587638855,A1_HOLDING_SERVO_ON,A1_HOLDING_SERVO_ON_R01_20260611_125030,delta-asda-b3-e,1616,VE|SOD|TR,1,0,-7075,0,-1,-0.00427,-1,-0.002391,298,47,4270,2391,6000,,0,,,,holding,normal,0,no_load,none,"A1: Servo ON, shaft stationary",servo-app/lab-0.1
1781157121.8370533,90.57447719573975,A1_HOLDING_SERVO_ON,A1_HOLDING_SERVO_ON_R01_20260611_125030,delta-asda-b3-e,1616,VE|SOD|TR,1,0,-7071,0,0,0.0,-1,-0.002391,299,47,4270,2391,6000,,0,,,,holding,normal,0,no_load,none,"A1: Servo ON, shaft stationary",servo-app/lab-0.1
1781157121.9371185,90.67454242706299,A1_HOLDING_SERVO_ON,A1_HOLDING_SERVO_ON_R01_20260611_125030,delta-asda-b3-e,1616,VE|SOD|TR,1,0,-7071,0,-1,-0.00427,0,0.0,299,47,4270,2391,6000,,0,,,,holding,normal,0,no_load,none,"A1: Servo ON, shaft stationary",servo-app/lab-0.1
1781157122.0374732,90.77489709854126,A1_HOLDING_SERVO_ON,A1_HOLDING_SERVO_ON_R01_20260611_125030,delta-asda-b3-e,1616,VE|SOD|TR,1,0,-7071,0,0,0.0,-1,-0.002391,298,47,4270,2391,6000,,0,,,,holding,normal,0,no_load,none,"A1: Servo ON, shaft stationary",servo-app/lab-0.1
1781157122.1379542,90.87537813186646,A1_HOLDING_SERVO_ON,A1_HOLDING_SERVO_ON_R01_20260611_125030,delta-asda-b3-e,1616,VE|SOD|TR,1,0,-7075,0,0,0.0,0,0.0,298,47,4270,2391,6000,,0,,,,holding,normal,0,no_load,none,"A1: Servo ON, shaft stationary",servo-app/lab-0.1
1781157122.2381322,90.97555613517761,A1_HOLDING_SERVO_ON,A1_HOLDING_SERVO_ON_R01_20260611_125030,delta-asda-b3-e,1616,VE|SOD|TR,1,0,-7081,0,-1,-0.00427,-1,-0.002391,299,47,4270,2391,6000,,0,,,,holding,normal,0,no_load,none,"A1: Servo ON, shaft stationary",servo-app/lab-0.1
1781157122.3386185,91.07604241371155,A1_HOLDING_SERVO_ON,A1_HOLDING_SERVO_ON_R01_20260611_125030,delta-asda-b3-e,1616,VE|SOD|TR,1,0,-7067,0,-1,-0.00427,-1,-0.002391,299,47,4270,2391,6000,,0,,,,holding,normal,0,no_load,none,"A1: Servo ON, shaft stationary",servo-app/lab-0.1
1781157122.4483922,91.1858160495758,A1_HOLDING_SERVO_ON,A1_HOLDING_SERVO_ON_R01_20260611_125030,delta-asda-b3-e,1616,VE|SOD|TR,1,0,-7081,0,-1,-0.00427,0,0.0,299,47,4270,2391,6000,,0,,,,holding,normal,0,no_load,none,"A1: Servo ON, shaft stationary",servo-app/lab-0.1
1781157122.5486789,91.28610277175903,A1_HOLDING_SERVO_ON,A1_HOLDING_SERVO_ON_R01_20260611_125030,delta-asda-b3-e,1616,VE|SOD|TR,1,0,-7061,0,0,0.0,-1,-0.002391,299,47,4270,2391,6000,,0,,,,holding,normal,0,no_load,none,"A1: Servo ON, shaft stationary",servo-app/lab-0.1
1781157122.649447,91.38687086105347,A1_HOLDING_SERVO_ON,A1_HOLDING_SERVO_ON_R01_20260611_125030,delta-asda-b3-e,1616,VE|SOD|TR,1,0,-7071,0,0,0.0,-1,-0.002391,299,47,4270,2391,6000,,0,,,,holding,normal,0,no_load,none,"A1: Servo ON, shaft stationary",servo-app/lab-0.1
1781157122.7499077,91.48733162879944,A1_HOLDING_SERVO_ON,A1_HOLDING_SERVO_ON_R01_20260611_125030,delta-asda-b3-e,1616,VE|SOD|TR,1,0,-7077,0,0,0.0,0,0.0,299,47,4270,2391,6000,,0,,,,holding,normal,0,no_load,none,"A1: Servo ON, shaft stationary",servo-app/lab-0.1
1781157122.8499835,91.58740735054016,A1_HOLDING_SERVO_ON,A1_HOLDING_SERVO_ON_R01_20260611_125030,delta-asda-b3-e,1616,VE|SOD|TR,1,0,-7071,0,-1,-0.00427,0,0.0,299,47,4270,2391,6000,,0,,,,holding,normal,0,no_load,none,"A1: Servo ON, shaft stationary",servo-app/lab-0.1
1781157122.9503434,91.68776726722717,A1_HOLDING_SERVO_ON,A1_HOLDING_SERVO_ON_R01_20260611_125030,delta-asda-b3-e,1616,VE|SOD|TR,1,0,-7077,0,0,0.0,0,0.0,299,47,4270,2391,6000,,0,,,,holding,normal,0,no_load,none,"A1: Servo ON, shaft stationary",servo-app/lab-0.1
1781157123.0510533,91.7884771823883,A1_HOLDING_SERVO_ON,A1_HOLDING_SERVO_ON_R01_20260611_125030,delta-asda-b3-e,1616,VE|SOD|TR,1,0,-7091,0,0,0.0,-1,-0.002391,299,47,4270,2391,6000,,0,,,,holding,normal,0,no_load,none,"A1: Servo ON, shaft stationary",servo-app/lab-0.1
1781157123.1514845,91.88890838623047,A1_HOLDING_SERVO_ON,A1_HOLDING_SERVO_ON_R01_20260611_125030,delta-asda-b3-e,1616,VE|SOD|TR,1,0,-7071,0,0,0.0,0,0.0,299,47,4270,2391,6000,,0,,,,holding,normal,0,no_load,none,"A1: Servo ON, shaft stationary",servo-app/lab-0.1
1781157123.2518475,91.98927140235901,A1_HOLDING_SERVO_ON,A1_HOLDING_SERVO_ON_R01_20260611_125030,delta-asda-b3-e,1616,VE|SOD|TR,1,0,-7077,0,0,0.0,0,0.0,299,47,4270,2391,6000,,0,,,,holding,normal,0,no_load,none,"A1: Servo ON, shaft stationary",servo-app/lab-0.1
1781157123.3522823,92.08970618247986,A1_HOLDING_SERVO_ON,A1_HOLDING_SERVO_ON_R01_20260611_125030,delta-asda-b3-e,1616,VE|SOD|TR,1,0,-7081,0,-1,-0.00427,0,0.0,298,47,4270,2391,6000,,0,,,,holding,normal,0,no_load,none,"A1: Servo ON, shaft stationary",servo-app/lab-0.1
1781157123.4527116,92.19013547897339,A1_HOLDING_SERVO_ON,A1_HOLDING_SERVO_ON_R01_20260611_125030,delta-asda-b3-e,1616,VE|SOD|TR,1,0,-7081,0,0,0.0,-1,-0.002391,298,47,4270,2391,6000,,0,,,,holding,normal,0,no_load,none,"A1: Servo ON, shaft stationary",servo-app/lab-0.1
1781157123.5528095,92.29023337364197,A1_HOLDING_SERVO_ON,A1_HOLDING_SERVO_ON_R01_20260611_125030,delta-asda-b3-e,1616,VE|SOD|TR,1,0,-7081,0,-1,-0.00427,-1,-0.002391,298,47,4270,2391,6000,,0,,,,holding,normal,0,no_load,none,"A1: Servo ON, shaft stationary",servo-app/lab-0.1
1781157123.653186,92.39060997962952,A1_HOLDING_SERVO_ON,A1_HOLDING_SERVO_ON_R01_20260611_125030,delta-asda-b3-e,1616,VE|SOD|TR,1,0,-7081,0,0,0.0,0,0.0,298,47,4270,2391,6000,,0,,,,holding,normal,0,no_load,none,"A1: Servo ON, shaft stationary",servo-app/lab-0.1
1781157123.753749,92.49117279052734,A1_HOLDING_SERVO_ON,A1_HOLDING_SERVO_ON_R01_20260611_125030,delta-asda-b3-e,1616,VE|SOD|TR,1,0,-7071,0,0,0.0,0,0.0,299,47,4270,2391,6000,,0,,,,holding,normal,0,no_load,none,"A1: Servo ON, shaft stationary",servo-app/lab-0.1
1781157123.8542552,92.59167909622192,A1_HOLDING_SERVO_ON,A1_HOLDING_SERVO_ON_R01_20260611_125030,delta-asda-b3-e,1616,VE|SOD|TR,1,0,-7077,0,0,0.0,0,0.0,298,47,4270,2391,6000,,0,,,,holding,normal,0,no_load,none,"A1: Servo ON, shaft stationary",servo-app/lab-0.1
1781157123.9547336,92.69215750694275,A1_HOLDING_SERVO_ON,A1_HOLDING_SERVO_ON_R01_20260611_125030,delta-asda-b3-e,1616,VE|SOD|TR,1,0,-7075,0,-1,-0.00427,-1,-0.002391,298,47,4270,2391,6000,,0,,,,holding,normal,0,no_load,none,"A1: Servo ON, shaft stationary",servo-app/lab-0.1
1781157124.0551517,92.79257559776306,A1_HOLDING_SERVO_ON,A1_HOLDING_SERVO_ON_R01_20260611_125030,delta-asda-b3-e,1616,VE|SOD|TR,1,0,-7081,0,-1,-0.00427,0,0.0,298,47,4270,2391,6000,,0,,,,holding,normal,0,no_load,none,"A1: Servo ON, shaft stationary",servo-app/lab-0.1
1781157124.1553364,92.89276027679443,A1_HOLDING_SERVO_ON,A1_HOLDING_SERVO_ON_R01_20260611_125030,delta-asda-b3-e,1616,VE|SOD|TR,1,0,-7071,0,-1,-0.00427,0,0.0,298,47,4270,2391,6000,,0,,,,holding,normal,0,no_load,none,"A1: Servo ON, shaft stationary",servo-app/lab-0.1
1781157124.2557442,92.99316811561584,A1_HOLDING_SERVO_ON,A1_HOLDING_SERVO_ON_R01_20260611_125030,delta-asda-b3-e,1616,VE|SOD|TR,1,0,-7075,0,-1,-0.00427,0,0.0,298,47,4270,2391,6000,,0,,,,holding,normal,0,no_load,none,"A1: Servo ON, shaft stationary",servo-app/lab-0.1
1781157124.3559163,93.09334015846252,A1_HOLDING_SERVO_ON,A1_HOLDING_SERVO_ON_R01_20260611_125030,delta-asda-b3-e,1616,VE|SOD|TR,1,0,-7071,0,0,0.0,0,0.0,298,47,4270,2391,6000,,0,,,,holding,normal,0,no_load,none,"A1: Servo ON, shaft stationary",servo-app/lab-0.1
1781157124.4566255,93.19404935836792,A1_HOLDING_SERVO_ON,A1_HOLDING_SERVO_ON_R01_20260611_125030,delta-asda-b3-e,1616,VE|SOD|TR,1,0,-7075,0,-1,-0.00427,0,0.0,298,47,4270,2391,6000,,0,,,,holding,normal,0,no_load,none,"A1: Servo ON, shaft stationary",servo-app/lab-0.1
1781157124.5571914,93.29461526870728,A1_HOLDING_SERVO_ON,A1_HOLDING_SERVO_ON_R01_20260611_125030,delta-asda-b3-e,1616,VE|SOD|TR,1,0,-7071,0,-1,-0.00427,0,0.0,298,47,4270,2391,6000,,0,,,,holding,normal,0,no_load,none,"A1: Servo ON, shaft stationary",servo-app/lab-0.1
1781157124.6577137,93.39513754844666,A1_HOLDING_SERVO_ON,A1_HOLDING_SERVO_ON_R01_20260611_125030,delta-asda-b3-e,1616,VE|SOD|TR,1,0,-7071,0,0,0.0,-1,-0.002391,298,47,4270,2391,6000,,0,,,,holding,normal,0,no_load,none,"A1: Servo ON, shaft stationary",servo-app/lab-0.1
1781157124.7582805,93.49570441246033,A1_HOLDING_SERVO_ON,A1_HOLDING_SERVO_ON_R01_20260611_125030,delta-asda-b3-e,1616,VE|SOD|TR,1,0,-7071,0,0,0.0,0,0.0,298,47,4270,2391,6000,,0,,,,holding,normal,0,no_load,none,"A1: Servo ON, shaft stationary",servo-app/lab-0.1
1781157124.8585112,93.59593510627747,A1_HOLDING_SERVO_ON,A1_HOLDING_SERVO_ON_R01_20260611_125030,delta-asda-b3-e,1616,VE|SOD|TR,1,0,-7071,0,0,0.0,-1,-0.002391,298,47,4270,2391,6000,,0,,,,holding,normal,0,no_load,none,"A1: Servo ON, shaft stationary",servo-app/lab-0.1
1781157124.9587045,93.69612836837769,A1_HOLDING_SERVO_ON,A1_HOLDING_SERVO_ON_R01_20260611_125030,delta-asda-b3-e,1616,VE|SOD|TR,1,0,-7075,0,0,0.0,-1,-0.002391,298,47,4270,2391,6000,,0,,,,holding,normal,0,no_load,none,"A1: Servo ON, shaft stationary",servo-app/lab-0.1
1781157125.058979,93.79640293121338,A1_HOLDING_SERVO_ON,A1_HOLDING_SERVO_ON_R01_20260611_125030,delta-asda-b3-e,1616,VE|SOD|TR,1,0,-7071,0,0,0.0,-1,-0.002391,298,47,4270,2391,6000,,0,,,,holding,normal,0,no_load,none,"A1: Servo ON, shaft stationary",servo-app/lab-0.1
1781157125.1593142,93.89673805236816,A1_HOLDING_SERVO_ON,A1_HOLDING_SERVO_ON_R01_20260611_125030,delta-asda-b3-e,1616,VE|SOD|TR,1,0,-7081,0,-1,-0.00427,-1,-0.002391,298,47,4270,2391,6000,,0,,,,holding,normal,0,no_load,none,"A1: Servo ON, shaft stationary",servo-app/lab-0.1
1781157125.2598128,93.99723672866821,A1_HOLDING_SERVO_ON,A1_HOLDING_SERVO_ON_R01_20260611_125030,delta-asda-b3-e,1616,VE|SOD|TR,1,0,-7067,0,0,0.0,0,0.0,298,47,4270,2391,6000,,0,,,,holding,normal,0,no_load,none,"A1: Servo ON, shaft stationary",servo-app/lab-0.1
1781157125.3602521,94.09767603874207,A1_HOLDING_SERVO_ON,A1_HOLDING_SERVO_ON_R01_20260611_125030,delta-asda-b3-e,1616,VE|SOD|TR,1,0,-7087,0,0,0.0,-1,-0.002391,298,47,4270,2391,6000,,0,,,,holding,normal,0,no_load,none,"A1: Servo ON, shaft stationary",servo-app/lab-0.1
1781157125.4603813,94.1978051662445,A1_HOLDING_SERVO_ON,A1_HOLDING_SERVO_ON_R01_20260611_125030,delta-asda-b3-e,1616,VE|SOD|TR,1,0,-7081,0,-1,-0.00427,-1,-0.002391,298,47,4270,2391,6000,,0,,,,holding,normal,0,no_load,none,"A1: Servo ON, shaft stationary",servo-app/lab-0.1
1781157125.5605545,94.29797840118408,A1_HOLDING_SERVO_ON,A1_HOLDING_SERVO_ON_R01_20260611_125030,delta-asda-b3-e,1616,VE|SOD|TR,1,0,-7075,0,-1,-0.00427,-1,-0.002391,298,47,4270,2391,6000,,0,,,,holding,normal,0,no_load,none,"A1: Servo ON, shaft stationary",servo-app/lab-0.1
1781157125.6610181,94.398442029953,A1_HOLDING_SERVO_ON,A1_HOLDING_SERVO_ON_R01_20260611_125030,delta-asda-b3-e,1616,VE|SOD|TR,1,0,-7081,0,-1,-0.00427,0,0.0,298,47,4270,2391,6000,,0,,,,holding,normal,0,no_load,none,"A1: Servo ON, shaft stationary",servo-app/lab-0.1
1781157125.761395,94.49881887435913,A1_HOLDING_SERVO_ON,A1_HOLDING_SERVO_ON_R01_20260611_125030,delta-asda-b3-e,1616,VE|SOD|TR,1,0,-7081,0,0,0.0,0,0.0,299,47,4270,2391,6000,,0,,,,holding,normal,0,no_load,none,"A1: Servo ON, shaft stationary",servo-app/lab-0.1
1781157125.8618267,94.59925055503845,A1_HOLDING_SERVO_ON,A1_HOLDING_SERVO_ON_R01_20260611_125030,delta-asda-b3-e,1616,VE|SOD|TR,1,0,-7071,0,0,0.0,0,0.0,299,47,4270,2391,6000,,0,,,,holding,normal,0,no_load,none,"A1: Servo ON, shaft stationary",servo-app/lab-0.1
1781157125.9623628,94.69978666305542,A1_HOLDING_SERVO_ON,A1_HOLDING_SERVO_ON_R01_20260611_125030,delta-asda-b3-e,1616,VE|SOD|TR,1,0,-7091,0,-1,-0.00427,-1,-0.002391,298,47,4270,2391,6000,,0,,,,holding,normal,0,no_load,none,"A1: Servo ON, shaft stationary",servo-app/lab-0.1
1781157126.0623996,94.79982352256775,A1_HOLDING_SERVO_ON,A1_HOLDING_SERVO_ON_R01_20260611_125030,delta-asda-b3-e,1616,VE|SOD|TR,1,0,-7081,0,0,0.0,0,0.0,298,47,4270,2391,6000,,0,,,,holding,normal,0,no_load,none,"A1: Servo ON, shaft stationary",servo-app/lab-0.1
1781157126.1628528,94.90027666091919,A1_HOLDING_SERVO_ON,A1_HOLDING_SERVO_ON_R01_20260611_125030,delta-asda-b3-e,1616,VE|SOD|TR,1,0,-7077,0,0,0.0,0,0.0,298,47,4270,2391,6000,,0,,,,holding,normal,0,no_load,none,"A1: Servo ON, shaft stationary",servo-app/lab-0.1
1781157126.2632263,95.00065016746521,A1_HOLDING_SERVO_ON,A1_HOLDING_SERVO_ON_R01_20260611_125030,delta-asda-b3-e,1616,VE|SOD|TR,1,0,-7081,0,-1,-0.00427,0,0.0,298,47,4270,2391,6000,,0,,,,holding,normal,0,no_load,none,"A1: Servo ON, shaft stationary",servo-app/lab-0.1
1781157126.3636954,95.10111927986145,A1_HOLDING_SERVO_ON,A1_HOLDING_SERVO_ON_R01_20260611_125030,delta-asda-b3-e,1616,VE|SOD|TR,1,0,-7071,0,0,0.0,-1,-0.002391,298,47,4270,2391,6000,,0,,,,holding,normal,0,no_load,none,"A1: Servo ON, shaft stationary",servo-app/lab-0.1
1781157126.4641778,95.20160174369812,A1_HOLDING_SERVO_ON,A1_HOLDING_SERVO_ON_R01_20260611_125030,delta-asda-b3-e,1616,VE|SOD|TR,1,0,-7067,0,-1,-0.00427,0,0.0,298,47,4270,2391,6000,,0,,,,holding,normal,0,no_load,none,"A1: Servo ON, shaft stationary",servo-app/lab-0.1
1781157126.5646353,95.30205917358398,A1_HOLDING_SERVO_ON,A1_HOLDING_SERVO_ON_R01_20260611_125030,delta-asda-b3-e,1616,VE|SOD|TR,1,0,-7071,0,0,0.0,-1,-0.002391,298,47,4270,2391,6000,,0,,,,holding,normal,0,no_load,none,"A1: Servo ON, shaft stationary",servo-app/lab-0.1
1781157126.665094,95.40251779556274,A1_HOLDING_SERVO_ON,A1_HOLDING_SERVO_ON_R01_20260611_125030,delta-asda-b3-e,1616,VE|SOD|TR,1,0,-7081,0,0,0.0,-1,-0.002391,298,47,4270,2391,6000,,0,,,,holding,normal,0,no_load,none,"A1: Servo ON, shaft stationary",servo-app/lab-0.1
1781157126.765474,95.50289797782898,A1_HOLDING_SERVO_ON,A1_HOLDING_SERVO_ON_R01_20260611_125030,delta-asda-b3-e,1616,VE|SOD|TR,1,0,-7075,0,0,0.0,0,0.0,298,47,4270,2391,6000,,0,,,,holding,normal,0,no_load,none,"A1: Servo ON, shaft stationary",servo-app/lab-0.1
1781157126.8657079,95.60313177108765,A1_HOLDING_SERVO_ON,A1_HOLDING_SERVO_ON_R01_20260611_125030,delta-asda-b3-e,1616,VE|SOD|TR,1,0,-7081,0,-1,-0.00427,0,0.0,299,47,4270,2391,6000,,0,,,,holding,normal,0,no_load,none,"A1: Servo ON, shaft stationary",servo-app/lab-0.1
1781157126.9661267,95.7035505771637,A1_HOLDING_SERVO_ON,A1_HOLDING_SERVO_ON_R01_20260611_125030,delta-asda-b3-e,1616,VE|SOD|TR,1,0,-7071,0,-1,-0.00427,0,0.0,298,47,4270,2391,6000,,0,,,,holding,normal,0,no_load,none,"A1: Servo ON, shaft stationary",servo-app/lab-0.1
1781157127.0665011,95.80392503738403,A1_HOLDING_SERVO_ON,A1_HOLDING_SERVO_ON_R01_20260611_125030,delta-asda-b3-e,1616,VE|SOD|TR,1,0,-7081,0,0,0.0,0,0.0,299,47,4270,2391,6000,,0,,,,holding,normal,0,no_load,none,"A1: Servo ON, shaft stationary",servo-app/lab-0.1
1781157127.1668723,95.90429615974426,A1_HOLDING_SERVO_ON,A1_HOLDING_SERVO_ON_R01_20260611_125030,delta-asda-b3-e,1616,VE|SOD|TR,1,0,-7071,0,0,0.0,-1,-0.002391,298,47,4270,2391,6000,,0,,,,holding,normal,0,no_load,none,"A1: Servo ON, shaft stationary",servo-app/lab-0.1
1781157127.2670355,96.00445938110352,A1_HOLDING_SERVO_ON,A1_HOLDING_SERVO_ON_R01_20260611_125030,delta-asda-b3-e,1616,VE|SOD|TR,1,0,-7075,0,0,0.0,-1,-0.002391,298,47,4270,2391,6000,,0,,,,holding,normal,0,no_load,none,"A1: Servo ON, shaft stationary",servo-app/lab-0.1
1781157127.3672225,96.10464644432068,A1_HOLDING_SERVO_ON,A1_HOLDING_SERVO_ON_R01_20260611_125030,delta-asda-b3-e,1616,VE|SOD|TR,1,0,-7081,0,-1,-0.00427,-1,-0.002391,299,47,4270,2391,6000,,0,,,,holding,normal,0,no_load,none,"A1: Servo ON, shaft stationary",servo-app/lab-0.1
1781157127.4674363,96.2048602104187,A1_HOLDING_SERVO_ON,A1_HOLDING_SERVO_ON_R01_20260611_125030,delta-asda-b3-e,1616,VE|SOD|TR,1,0,-7081,0,-1,-0.00427,0,0.0,298,47,4270,2391,6000,,0,,,,holding,normal,0,no_load,none,"A1: Servo ON, shaft stationary",servo-app/lab-0.1
1781157127.5683851,96.3058090209961,A1_HOLDING_SERVO_ON,A1_HOLDING_SERVO_ON_R01_20260611_125030,delta-asda-b3-e,1616,VE|SOD|TR,1,0,-7081,0,-1,-0.00427,-1,-0.002391,298,47,4270,2391,6000,,0,,,,holding,normal,0,no_load,none,"A1: Servo ON, shaft stationary",servo-app/lab-0.1
1781157127.668683,96.40610694885254,A1_HOLDING_SERVO_ON,A1_HOLDING_SERVO_ON_R01_20260611_125030,delta-asda-b3-e,1616,VE|SOD|TR,1,0,-7081,0,-1,-0.00427,0,0.0,298,47,4270,2391,6000,,0,,,,holding,normal,0,no_load,none,"A1: Servo ON, shaft stationary",servo-app/lab-0.1
1781157127.7691786,96.50660252571106,A1_HOLDING_SERVO_ON,A1_HOLDING_SERVO_ON_R01_20260611_125030,delta-asda-b3-e,1616,VE|SOD|TR,1,0,-7081,0,0,0.0,0,0.0,299,47,4270,2391,6000,,0,,,,holding,normal,0,no_load,none,"A1: Servo ON, shaft stationary",servo-app/lab-0.1
1781157127.8701599,96.60758376121521,A1_HOLDING_SERVO_ON,A1_HOLDING_SERVO_ON_R01_20260611_125030,delta-asda-b3-e,1616,VE|SOD|TR,1,0,-7071,0,0,0.0,0,0.0,299,47,4270,2391,6000,,0,,,,holding,normal,0,no_load,none,"A1: Servo ON, shaft stationary",servo-app/lab-0.1
1781157127.9716904,96.70911431312561,A1_HOLDING_SERVO_ON,A1_HOLDING_SERVO_ON_R01_20260611_125030,delta-asda-b3-e,1616,VE|SOD|TR,1,0,-7075,0,-1,-0.00427,0,0.0,299,47,4270,2391,6000,,0,,,,holding,normal,0,no_load,none,"A1: Servo ON, shaft stationary",servo-app/lab-0.1
1781157128.071946,96.80936980247498,A1_HOLDING_SERVO_ON,A1_HOLDING_SERVO_ON_R01_20260611_125030,delta-asda-b3-e,1616,VE|SOD|TR,1,0,-7075,0,0,0.0,-1,-0.002391,299,47,4270,2391,6000,,0,,,,holding,normal,0,no_load,none,"A1: Servo ON, shaft stationary",servo-app/lab-0.1
1781157128.1724403,96.9098641872406,A1_HOLDING_SERVO_ON,A1_HOLDING_SERVO_ON_R01_20260611_125030,delta-asda-b3-e,1616,VE|SOD|TR,1,0,-7071,0,0,0.0,0,0.0,299,47,4270,2391,6000,,0,,,,holding,normal,0,no_load,none,"A1: Servo ON, shaft stationary",servo-app/lab-0.1
1781157128.272811,97.01023483276367,A1_HOLDING_SERVO_ON,A1_HOLDING_SERVO_ON_R01_20260611_125030,delta-asda-b3-e,1616,VE|SOD|TR,1,0,-7081,0,0,0.0,0,0.0,299,47,4270,2391,6000,,0,,,,holding,normal,0,no_load,none,"A1: Servo ON, shaft stationary",servo-app/lab-0.1
1781157128.3729134,97.11033725738525,A1_HOLDING_SERVO_ON,A1_HOLDING_SERVO_ON_R01_20260611_125030,delta-asda-b3-e,1616,VE|SOD|TR,1,0,-7077,0,-1,-0.00427,0,0.0,299,47,4270,2391,6000,,0,,,,holding,normal,0,no_load,none,"A1: Servo ON, shaft stationary",servo-app/lab-0.1
1781157128.4730313,97.21045517921448,A1_HOLDING_SERVO_ON,A1_HOLDING_SERVO_ON_R01_20260611_125030,delta-asda-b3-e,1616,VE|SOD|TR,1,0,-7071,0,-1,-0.00427,0,0.0,298,47,4270,2391,6000,,0,,,,holding,normal,0,no_load,none,"A1: Servo ON, shaft stationary",servo-app/lab-0.1
1781157128.5734367,97.3108606338501,A1_HOLDING_SERVO_ON,A1_HOLDING_SERVO_ON_R01_20260611_125030,delta-asda-b3-e,1616,VE|SOD|TR,1,0,-7077,0,-1,-0.00427,0,0.0,299,47,4270,2391,6000,,0,,,,holding,normal,0,no_load,none,"A1: Servo ON, shaft stationary",servo-app/lab-0.1
1781157128.674349,97.41177296638489,A1_HOLDING_SERVO_ON,A1_HOLDING_SERVO_ON_R01_20260611_125030,delta-asda-b3-e,1616,VE|SOD|TR,1,0,-7075,0,0,0.0,0,0.0,299,47,4270,2391,6000,,0,,,,holding,normal,0,no_load,none,"A1: Servo ON, shaft stationary",servo-app/lab-0.1
1781157128.7743976,97.51182150840759,A1_HOLDING_SERVO_ON,A1_HOLDING_SERVO_ON_R01_20260611_125030,delta-asda-b3-e,1616,VE|SOD|TR,1,0,-7075,0,-1,-0.00427,-1,-0.002391,299,47,4270,2391,6000,,0,,,,holding,normal,0,no_load,none,"A1: Servo ON, shaft stationary",servo-app/lab-0.1
1781157128.874802,97.6122260093689,A1_HOLDING_SERVO_ON,A1_HOLDING_SERVO_ON_R01_20260611_125030,delta-asda-b3-e,1616,VE|SOD|TR,1,0,-7077,0,-1,-0.00427,-1,-0.002391,298,47,4270,2391,6000,,0,,,,holding,normal,0,no_load,none,"A1: Servo ON, shaft stationary",servo-app/lab-0.1
1781157128.975287,97.71271085739136,A1_HOLDING_SERVO_ON,A1_HOLDING_SERVO_ON_R01_20260611_125030,delta-asda-b3-e,1616,VE|SOD|TR,1,0,-7075,0,-1,-0.00427,0,0.0,299,47,4270,2391,6000,,0,,,,holding,normal,0,no_load,none,"A1: Servo ON, shaft stationary",servo-app/lab-0.1
1781157129.0756032,97.8130271434784,A1_HOLDING_SERVO_ON,A1_HOLDING_SERVO_ON_R01_20260611_125030,delta-asda-b3-e,1616,VE|SOD|TR,1,0,-7081,0,-1,-0.00427,0,0.0,298,47,4270,2391,6000,,0,,,,holding,normal,0,no_load,none,"A1: Servo ON, shaft stationary",servo-app/lab-0.1
1781157129.1760943,97.91351819038391,A1_HOLDING_SERVO_ON,A1_HOLDING_SERVO_ON_R01_20260611_125030,delta-asda-b3-e,1616,VE|SOD|TR,1,0,-7081,0,0,0.0,-1,-0.002391,299,47,4270,2391,6000,,0,,,,holding,normal,0,no_load,none,"A1: Servo ON, shaft stationary",servo-app/lab-0.1
1781157129.276456,98.01388001441956,A1_HOLDING_SERVO_ON,A1_HOLDING_SERVO_ON_R01_20260611_125030,delta-asda-b3-e,1616,VE|SOD|TR,1,0,-7067,0,0,0.0,0,0.0,298,47,4270,2391,6000,,0,,,,holding,normal,0,no_load,none,"A1: Servo ON, shaft stationary",servo-app/lab-0.1
1781157129.3768578,98.11428165435791,A1_HOLDING_SERVO_ON,A1_HOLDING_SERVO_ON_R01_20260611_125030,delta-asda-b3-e,1616,VE|SOD|TR,1,0,-7087,0,0,0.0,0,0.0,298,47,4270,2391,6000,,0,,,,holding,normal,0,no_load,none,"A1: Servo ON, shaft stationary",servo-app/lab-0.1
1781157129.4772747,98.21469855308533,A1_HOLDING_SERVO_ON,A1_HOLDING_SERVO_ON_R01_20260611_125030,delta-asda-b3-e,1616,VE|SOD|TR,1,0,-7081,0,0,0.0,-1,-0.002391,299,47,4270,2391,6000,,0,,,,holding,normal,0,no_load,none,"A1: Servo ON, shaft stationary",servo-app/lab-0.1
1781157129.577596,98.31501984596252,A1_HOLDING_SERVO_ON,A1_HOLDING_SERVO_ON_R01_20260611_125030,delta-asda-b3-e,1616,VE|SOD|TR,1,0,-7075,0,-1,-0.00427,0,0.0,299,47,4270,2391,6000,,0,,,,holding,normal,0,no_load,none,"A1: Servo ON, shaft stationary",servo-app/lab-0.1
1781157129.6780005,98.41542434692383,A1_HOLDING_SERVO_ON,A1_HOLDING_SERVO_ON_R01_20260611_125030,delta-asda-b3-e,1616,VE|SOD|TR,1,0,-7075,0,0,0.0,-1,-0.002391,299,47,4270,2391,6000,,0,,,,holding,normal,0,no_load,none,"A1: Servo ON, shaft stationary",servo-app/lab-0.1
1781157129.7784326,98.51585650444031,A1_HOLDING_SERVO_ON,A1_HOLDING_SERVO_ON_R01_20260611_125030,delta-asda-b3-e,1616,VE|SOD|TR,1,0,-7067,0,-1,-0.00427,0,0.0,298,47,4270,2391,6000,,0,,,,holding,normal,0,no_load,none,"A1: Servo ON, shaft stationary",servo-app/lab-0.1
1781157129.879056,98.61647987365723,A1_HOLDING_SERVO_ON,A1_HOLDING_SERVO_ON_R01_20260611_125030,delta-asda-b3-e,1616,VE|SOD|TR,1,0,-7071,0,-1,-0.00427,0,0.0,298,47,4270,2391,6000,,0,,,,holding,normal,0,no_load,none,"A1: Servo ON, shaft stationary",servo-app/lab-0.1
1781157129.9796154,98.71703934669495,A1_HOLDING_SERVO_ON,A1_HOLDING_SERVO_ON_R01_20260611_125030,delta-asda-b3-e,1616,VE|SOD|TR,1,0,-7085,0,-1,-0.00427,0,0.0,299,47,4270,2391,6000,,0,,,,holding,normal,0,no_load,none,"A1: Servo ON, shaft stationary",servo-app/lab-0.1
1781157130.0798774,98.81730127334595,A1_HOLDING_SERVO_ON,A1_HOLDING_SERVO_ON_R01_20260611_125030,delta-asda-b3-e,1616,VE|SOD|TR,1,0,-7071,0,-1,-0.00427,0,0.0,298,47,4270,2391,6000,,0,,,,holding,normal,0,no_load,none,"A1: Servo ON, shaft stationary",servo-app/lab-0.1
1781157130.18026,98.91768383979797,A1_HOLDING_SERVO_ON,A1_HOLDING_SERVO_ON_R01_20260611_125030,delta-asda-b3-e,1616,VE|SOD|TR,1,0,-7075,0,-1,-0.00427,0,0.0,298,47,4270,2391,6000,,0,,,,holding,normal,0,no_load,none,"A1: Servo ON, shaft stationary",servo-app/lab-0.1
1781157130.2805376,99.0179615020752,A1_HOLDING_SERVO_ON,A1_HOLDING_SERVO_ON_R01_20260611_125030,delta-asda-b3-e,1616,VE|SOD|TR,1,0,-7075,0,0,0.0,0,0.0,298,47,4270,2391,6000,,0,,,,holding,normal,0,no_load,none,"A1: Servo ON, shaft stationary",servo-app/lab-0.1
1781157130.3805852,99.11800909042358,A1_HOLDING_SERVO_ON,A1_HOLDING_SERVO_ON_R01_20260611_125030,delta-asda-b3-e,1616,VE|SOD|TR,1,0,-7075,0,0,0.0,0,0.0,298,47,4270,2391,6000,,0,,,,holding,normal,0,no_load,none,"A1: Servo ON, shaft stationary",servo-app/lab-0.1
1781157130.481071,99.21849489212036,A1_HOLDING_SERVO_ON,A1_HOLDING_SERVO_ON_R01_20260611_125030,delta-asda-b3-e,1616,VE|SOD|TR,1,0,-7087,0,0,0.0,-1,-0.002391,298,47,4270,2391,6000,,0,,,,holding,normal,0,no_load,none,"A1: Servo ON, shaft stationary",servo-app/lab-0.1
1781157130.581642,99.31906580924988,A1_HOLDING_SERVO_ON,A1_HOLDING_SERVO_ON_R01_20260611_125030,delta-asda-b3-e,1616,VE|SOD|TR,1,0,-7071,0,-1,-0.00427,-1,-0.002391,298,47,4270,2391,6000,,0,,,,holding,normal,0,no_load,none,"A1: Servo ON, shaft stationary",servo-app/lab-0.1
1781157130.6821847,99.41960859298706,A1_HOLDING_SERVO_ON,A1_HOLDING_SERVO_ON_R01_20260611_125030,delta-asda-b3-e,1616,VE|SOD|TR,1,0,-7081,0,-1,-0.00427,-1,-0.002391,298,47,4270,2391,6000,,0,,,,holding,normal,0,no_load,none,"A1: Servo ON, shaft stationary",servo-app/lab-0.1
1781157130.782306,99.51972985267639,A1_HOLDING_SERVO_ON,A1_HOLDING_SERVO_ON_R01_20260611_125030,delta-asda-b3-e,1616,VE|SOD|TR,1,0,-7071,0,0,0.0,0,0.0,299,47,4270,2391,6000,,0,,,,holding,normal,0,no_load,none,"A1: Servo ON, shaft stationary",servo-app/lab-0.1
1781157130.8827462,99.62017011642456,A1_HOLDING_SERVO_ON,A1_HOLDING_SERVO_ON_R01_20260611_125030,delta-asda-b3-e,1616,VE|SOD|TR,1,0,-7081,0,0,0.0,-1,-0.002391,298,47,4270,2391,6000,,0,,,,holding,normal,0,no_load,none,"A1: Servo ON, shaft stationary",servo-app/lab-0.1
1781157130.9829855,99.72040939331055,A1_HOLDING_SERVO_ON,A1_HOLDING_SERVO_ON_R01_20260611_125030,delta-asda-b3-e,1616,VE|SOD|TR,1,0,-7071,0,-1,-0.00427,0,0.0,298,47,4270,2391,6000,,0,,,,holding,normal,0,no_load,none,"A1: Servo ON, shaft stationary",servo-app/lab-0.1
1781157131.0832736,99.82069754600525,A1_HOLDING_SERVO_ON,A1_HOLDING_SERVO_ON_R01_20260611_125030,delta-asda-b3-e,1616,VE|SOD|TR,1,0,-7075,0,-1,-0.00427,0,0.0,298,47,4270,2391,6000,,0,,,,holding,normal,0,no_load,none,"A1: Servo ON, shaft stationary",servo-app/lab-0.1
1781157131.1837,99.92112398147583,A1_HOLDING_SERVO_ON,A1_HOLDING_SERVO_ON_R01_20260611_125030,delta-asda-b3-e,1616,VE|SOD|TR,1,0,-7081,0,-1,-0.00427,-1,-0.002391,298,47,4270,2391,6000,,0,,,,holding,normal,0,no_load,none,"A1: Servo ON, shaft stationary",servo-app/lab-0.1
1781157131.2841632,100.02158713340759,A1_HOLDING_SERVO_ON,A1_HOLDING_SERVO_ON_R01_20260611_125030,delta-asda-b3-e,1616,VE|SOD|TR,1,0,-7081,0,0,0.0,-1,-0.002391,298,47,4270,2391,6000,,0,,,,holding,normal,0,no_load,none,"A1: Servo ON, shaft stationary",servo-app/lab-0.1
1781157131.3847103,100.1221342086792,A1_HOLDING_SERVO_ON,A1_HOLDING_SERVO_ON_R01_20260611_125030,delta-asda-b3-e,1616,VE|SOD|TR,1,0,-7081,0,-1,-0.00427,0,0.0,298,47,4270,2391,6000,,0,,,,holding,normal,0,no_load,none,"A1: Servo ON, shaft stationary",servo-app/lab-0.1
1781157131.4849246,100.22234845161438,A1_HOLDING_SERVO_ON,A1_HOLDING_SERVO_ON_R01_20260611_125030,delta-asda-b3-e,1616,VE|SOD|TR,1,0,-7081,0,-1,-0.00427,-1,-0.002391,298,47,4270,2391,6000,,0,,,,holding,normal,0,no_load,none,"A1: Servo ON, shaft stationary",servo-app/lab-0.1
1781157131.5851598,100.32258367538452,A1_HOLDING_SERVO_ON,A1_HOLDING_SERVO_ON_R01_20260611_125030,delta-asda-b3-e,1616,VE|SOD|TR,1,0,-7081,0,-1,-0.00427,0,0.0,298,47,4270,2391,6000,,0,,,,holding,normal,0,no_load,none,"A1: Servo ON, shaft stationary",servo-app/lab-0.1
1781157131.6860342,100.42345809936523,A1_HOLDING_SERVO_ON,A1_HOLDING_SERVO_ON_R01_20260611_125030,delta-asda-b3-e,1616,VE|SOD|TR,1,0,-7075,0,-1,-0.00427,0,0.0,298,47,4270,2391,6000,,0,,,,holding,normal,0,no_load,none,"A1: Servo ON, shaft stationary",servo-app/lab-0.1
1781157131.7864354,100.52385926246643,A1_HOLDING_SERVO_ON,A1_HOLDING_SERVO_ON_R01_20260611_125030,delta-asda-b3-e,1616,VE|SOD|TR,1,0,-7071,0,0,0.0,-1,-0.002391,298,47,4270,2391,6000,,0,,,,holding,normal,0,no_load,none,"A1: Servo ON, shaft stationary",servo-app/lab-0.1
1781157131.8867714,100.62419533729553,A1_HOLDING_SERVO_ON,A1_HOLDING_SERVO_ON_R01_20260611_125030,delta-asda-b3-e,1616,VE|SOD|TR,1,0,-7071,0,0,0.0,0,0.0,298,47,4270,2391,6000,,0,,,,holding,normal,0,no_load,none,"A1: Servo ON, shaft stationary",servo-app/lab-0.1
1781157131.9868302,100.72425413131714,A1_HOLDING_SERVO_ON,A1_HOLDING_SERVO_ON_R01_20260611_125030,delta-asda-b3-e,1616,VE|SOD|TR,1,0,-7081,0,-1,-0.00427,0,0.0,298,47,4270,2391,6000,,0,,,,holding,normal,0,no_load,none,"A1: Servo ON, shaft stationary",servo-app/lab-0.1
1781157132.0872588,100.82468271255493,A1_HOLDING_SERVO_ON,A1_HOLDING_SERVO_ON_R01_20260611_125030,delta-asda-b3-e,1616,VE|SOD|TR,1,0,-7071,0,-1,-0.00427,0,0.0,297,47,4270,2391,6000,,0,,,,holding,normal,0,no_load,none,"A1: Servo ON, shaft stationary",servo-app/lab-0.1
1781157132.1877098,100.92513370513916,A1_HOLDING_SERVO_ON,A1_HOLDING_SERVO_ON_R01_20260611_125030,delta-asda-b3-e,1616,VE|SOD|TR,1,0,-7067,0,0,0.0,-1,-0.002391,298,47,4270,2391,6000,,0,,,,holding,normal,0,no_load,none,"A1: Servo ON, shaft stationary",servo-app/lab-0.1
1781157132.288112,101.02553582191467,A1_HOLDING_SERVO_ON,A1_HOLDING_SERVO_ON_R01_20260611_125030,delta-asda-b3-e,1616,VE|SOD|TR,1,0,-7075,0,-1,-0.00427,0,0.0,298,47,4270,2391,6000,,0,,,,holding,normal,0,no_load,none,"A1: Servo ON, shaft stationary",servo-app/lab-0.1
1781157132.3883815,101.1258053779602,A1_HOLDING_SERVO_ON,A1_HOLDING_SERVO_ON_R01_20260611_125030,delta-asda-b3-e,1616,VE|SOD|TR,1,0,-7081,0,-1,-0.00427,0,0.0,297,47,4270,2391,6000,,0,,,,holding,normal,0,no_load,none,"A1: Servo ON, shaft stationary",servo-app/lab-0.1
1781157132.4885576,101.22598147392273,A1_HOLDING_SERVO_ON,A1_HOLDING_SERVO_ON_R01_20260611_125030,delta-asda-b3-e,1616,VE|SOD|TR,1,0,-7077,0,0,0.0,0,0.0,298,47,4270,2391,6000,,0,,,,holding,normal,0,no_load,none,"A1: Servo ON, shaft stationary",servo-app/lab-0.1
1781157132.5888577,101.32628154754639,A1_HOLDING_SERVO_ON,A1_HOLDING_SERVO_ON_R01_20260611_125030,delta-asda-b3-e,1616,VE|SOD|TR,1,0,-7081,0,0,0.0,0,0.0,298,47,4270,2391,6000,,0,,,,holding,normal,0,no_load,none,"A1: Servo ON, shaft stationary",servo-app/lab-0.1
1781157132.689292,101.42671585083008,A1_HOLDING_SERVO_ON,A1_HOLDING_SERVO_ON_R01_20260611_125030,delta-asda-b3-e,1616,VE|SOD|TR,1,0,-7081,0,-1,-0.00427,-1,-0.002391,297,47,4270,2391,6000,,0,,,,holding,normal,0,no_load,none,"A1: Servo ON, shaft stationary",servo-app/lab-0.1
1781157132.7896624,101.52708625793457,A1_HOLDING_SERVO_ON,A1_HOLDING_SERVO_ON_R01_20260611_125030,delta-asda-b3-e,1616,VE|SOD|TR,1,0,-7071,0,0,0.0,-1,-0.002391,298,47,4270,2391,6000,,0,,,,holding,normal,0,no_load,none,"A1: Servo ON, shaft stationary",servo-app/lab-0.1
1781157132.889738,101.6271619796753,A1_HOLDING_SERVO_ON,A1_HOLDING_SERVO_ON_R01_20260611_125030,delta-asda-b3-e,1616,VE|SOD|TR,1,0,-7071,0,0,0.0,0,0.0,297,47,4270,2391,6000,,0,,,,holding,normal,0,no_load,none,"A1: Servo ON, shaft stationary",servo-app/lab-0.1
1781157132.9901624,101.72758626937866,A1_HOLDING_SERVO_ON,A1_HOLDING_SERVO_ON_R01_20260611_125030,delta-asda-b3-e,1616,VE|SOD|TR,1,0,-7067,0,0,0.0,0,0.0,298,47,4270,2391,6000,,0,,,,holding,normal,0,no_load,none,"A1: Servo ON, shaft stationary",servo-app/lab-0.1
1781157133.0905688,101.8279926776886,A1_HOLDING_SERVO_ON,A1_HOLDING_SERVO_ON_R01_20260611_125030,delta-asda-b3-e,1616,VE|SOD|TR,1,0,-7077,0,0,0.0,0,0.0,298,47,4270,2391,6000,,0,,,,holding,normal,0,no_load,none,"A1: Servo ON, shaft stationary",servo-app/lab-0.1
1781157133.190619,101.92804288864136,A1_HOLDING_SERVO_ON,A1_HOLDING_SERVO_ON_R01_20260611_125030,delta-asda-b3-e,1616,VE|SOD|TR,1,0,-7071,0,-1,-0.00427,0,0.0,298,47,4270,2391,6000,,0,,,,holding,normal,0,no_load,none,"A1: Servo ON, shaft stationary",servo-app/lab-0.1
1781157133.2906802,102.02810406684875,A1_HOLDING_SERVO_ON,A1_HOLDING_SERVO_ON_R01_20260611_125030,delta-asda-b3-e,1616,VE|SOD|TR,1,0,-7081,0,0,0.0,0,0.0,298,47,4270,2391,6000,,0,,,,holding,normal,0,no_load,none,"A1: Servo ON, shaft stationary",servo-app/lab-0.1
1781157133.3911688,102.12859272956848,A1_HOLDING_SERVO_ON,A1_HOLDING_SERVO_ON_R01_20260611_125030,delta-asda-b3-e,1616,VE|SOD|TR,1,0,-7087,0,0,0.0,-1,-0.002391,298,47,4270,2391,6000,,0,,,,holding,normal,0,no_load,none,"A1: Servo ON, shaft stationary",servo-app/lab-0.1
1781157133.491201,102.22862482070923,A1_HOLDING_SERVO_ON,A1_HOLDING_SERVO_ON_R01_20260611_125030,delta-asda-b3-e,1616,VE|SOD|TR,1,0,-7081,0,-1,-0.00427,-1,-0.002391,298,47,4270,2391,6000,,0,,,,holding,normal,0,no_load,none,"A1: Servo ON, shaft stationary",servo-app/lab-0.1
1781157133.5916567,102.32908058166504,A1_HOLDING_SERVO_ON,A1_HOLDING_SERVO_ON_R01_20260611_125030,delta-asda-b3-e,1616,VE|SOD|TR,1,0,-7071,0,-1,-0.00427,0,0.0,298,47,4270,2391,6000,,0,,,,holding,normal,0,no_load,none,"A1: Servo ON, shaft stationary",servo-app/lab-0.1
1781157133.6919076,102.4293315410614,A1_HOLDING_SERVO_ON,A1_HOLDING_SERVO_ON_R01_20260611_125030,delta-asda-b3-e,1616,VE|SOD|TR,1,0,-7085,0,0,0.0,0,0.0,298,47,4270,2391,6000,,0,,,,holding,normal,0,no_load,none,"A1: Servo ON, shaft stationary",servo-app/lab-0.1
1781157133.7920582,102.52948212623596,A1_HOLDING_SERVO_ON,A1_HOLDING_SERVO_ON_R01_20260611_125030,delta-asda-b3-e,1616,VE|SOD|TR,1,0,-7085,0,-1,-0.00427,0,0.0,298,47,4270,2391,6000,,0,,,,holding,normal,0,no_load,none,"A1: Servo ON, shaft stationary",servo-app/lab-0.1
1781157133.892481,102.62990498542786,A1_HOLDING_SERVO_ON,A1_HOLDING_SERVO_ON_R01_20260611_125030,delta-asda-b3-e,1616,VE|SOD|TR,1,0,-7071,0,-1,-0.00427,-1,-0.002391,298,47,4270,2391,6000,,0,,,,holding,normal,0,no_load,none,"A1: Servo ON, shaft stationary",servo-app/lab-0.1
1781157133.9928029,102.73022675514221,A1_HOLDING_SERVO_ON,A1_HOLDING_SERVO_ON_R01_20260611_125030,delta-asda-b3-e,1616,VE|SOD|TR,1,0,-7081,0,-1,-0.00427,-1,-0.002391,299,47,4270,2391,6000,,0,,,,holding,normal,0,no_load,none,"A1: Servo ON, shaft stationary",servo-app/lab-0.1
1781157134.0932732,102.83069705963135,A1_HOLDING_SERVO_ON,A1_HOLDING_SERVO_ON_R01_20260611_125030,delta-asda-b3-e,1616,VE|SOD|TR,1,0,-7075,0,0,0.0,0,0.0,298,47,4270,2391,6000,,0,,,,holding,normal,0,no_load,none,"A1: Servo ON, shaft stationary",servo-app/lab-0.1
1781157134.1934316,102.93085551261902,A1_HOLDING_SERVO_ON,A1_HOLDING_SERVO_ON_R01_20260611_125030,delta-asda-b3-e,1616,VE|SOD|TR,1,0,-7075,0,0,0.0,0,0.0,299,47,4270,2391,6000,,0,,,,holding,normal,0,no_load,none,"A1: Servo ON, shaft stationary",servo-app/lab-0.1
1781157134.2935185,103.03094244003296,A1_HOLDING_SERVO_ON,A1_HOLDING_SERVO_ON_R01_20260611_125030,delta-asda-b3-e,1616,VE|SOD|TR,1,0,-7071,0,-1,-0.00427,0,0.0,299,47,4270,2391,6000,,0,,,,holding,normal,0,no_load,none,"A1: Servo ON, shaft stationary",servo-app/lab-0.1
1781157134.3939013,103.13132524490356,A1_HOLDING_SERVO_ON,A1_HOLDING_SERVO_ON_R01_20260611_125030,delta-asda-b3-e,1616,VE|SOD|TR,1,0,-7071,0,0,0.0,0,0.0,298,47,4270,2391,6000,,0,,,,holding,normal,0,no_load,none,"A1: Servo ON, shaft stationary",servo-app/lab-0.1
1781157134.4943163,103.23174023628235,A1_HOLDING_SERVO_ON,A1_HOLDING_SERVO_ON_R01_20260611_125030,delta-asda-b3-e,1616,VE|SOD|TR,1,0,-7075,0,-1,-0.00427,-1,-0.002391,298,47,4270,2391,6000,,0,,,,holding,normal,0,no_load,none,"A1: Servo ON, shaft stationary",servo-app/lab-0.1
1781157134.5948253,103.3322491645813,A1_HOLDING_SERVO_ON,A1_HOLDING_SERVO_ON_R01_20260611_125030,delta-asda-b3-e,1616,VE|SOD|TR,1,0,-7081,0,0,0.0,-1,-0.002391,299,47,4270,2391,6000,,0,,,,holding,normal,0,no_load,none,"A1: Servo ON, shaft stationary",servo-app/lab-0.1
1781157134.6953673,103.43279123306274,A1_HOLDING_SERVO_ON,A1_HOLDING_SERVO_ON_R01_20260611_125030,delta-asda-b3-e,1616,VE|SOD|TR,1,0,-7075,0,0,0.0,0,0.0,299,47,4270,2391,6000,,0,,,,holding,normal,0,no_load,none,"A1: Servo ON, shaft stationary",servo-app/lab-0.1
1781157134.7954576,103.53288149833679,A1_HOLDING_SERVO_ON,A1_HOLDING_SERVO_ON_R01_20260611_125030,delta-asda-b3-e,1616,VE|SOD|TR,1,0,-7067,0,-1,-0.00427,0,0.0,299,47,4270,2391,6000,,0,,,,holding,normal,0,no_load,none,"A1: Servo ON, shaft stationary",servo-app/lab-0.1
1781157134.8956187,103.63304257392883,A1_HOLDING_SERVO_ON,A1_HOLDING_SERVO_ON_R01_20260611_125030,delta-asda-b3-e,1616,VE|SOD|TR,1,0,-7075,0,0,0.0,-1,-0.002391,299,47,4270,2391,6000,,0,,,,holding,normal,0,no_load,none,"A1: Servo ON, shaft stationary",servo-app/lab-0.1
1781157134.99611,103.73353385925293,A1_HOLDING_SERVO_ON,A1_HOLDING_SERVO_ON_R01_20260611_125030,delta-asda-b3-e,1616,VE|SOD|TR,1,0,-7081,0,-1,-0.00427,-1,-0.002391,299,47,4270,2391,6000,,0,,,,holding,normal,0,no_load,none,"A1: Servo ON, shaft stationary",servo-app/lab-0.1
1781157135.096464,103.83388781547546,A1_HOLDING_SERVO_ON,A1_HOLDING_SERVO_ON_R01_20260611_125030,delta-asda-b3-e,1616,VE|SOD|TR,1,0,-7071,0,0,0.0,-1,-0.002391,299,47,4270,2391,6000,,0,,,,holding,normal,0,no_load,none,"A1: Servo ON, shaft stationary",servo-app/lab-0.1
1781157135.1965961,103.93402004241943,A1_HOLDING_SERVO_ON,A1_HOLDING_SERVO_ON_R01_20260611_125030,delta-asda-b3-e,1616,VE|SOD|TR,1,0,-7071,0,0,0.0,0,0.0,299,47,4270,2391,6000,,0,,,,holding,normal,0,no_load,none,"A1: Servo ON, shaft stationary",servo-app/lab-0.1
1781157135.2969933,104.03441715240479,A1_HOLDING_SERVO_ON,A1_HOLDING_SERVO_ON_R01_20260611_125030,delta-asda-b3-e,1616,VE|SOD|TR,1,0,-7081,0,0,0.0,0,0.0,299,47,4270,2391,6000,,0,,,,holding,normal,0,no_load,none,"A1: Servo ON, shaft stationary",servo-app/lab-0.1
1781157135.3973064,104.1347303390503,A1_HOLDING_SERVO_ON,A1_HOLDING_SERVO_ON_R01_20260611_125030,delta-asda-b3-e,1616,VE|SOD|TR,1,0,-7081,0,-1,-0.00427,0,0.0,299,47,4270,2391,6000,,0,,,,holding,normal,0,no_load,none,"A1: Servo ON, shaft stationary",servo-app/lab-0.1
1781157135.4975193,104.234943151474,A1_HOLDING_SERVO_ON,A1_HOLDING_SERVO_ON_R01_20260611_125030,delta-asda-b3-e,1616,VE|SOD|TR,1,0,-7075,0,-1,-0.00427,0,0.0,299,47,4270,2391,6000,,0,,,,holding,normal,0,no_load,none,"A1: Servo ON, shaft stationary",servo-app/lab-0.1
1781157135.5980332,104.33545708656311,A1_HOLDING_SERVO_ON,A1_HOLDING_SERVO_ON_R01_20260611_125030,delta-asda-b3-e,1616,VE|SOD|TR,1,0,-7075,0,0,0.0,0,0.0,299,47,4270,2391,6000,,0,,,,holding,normal,0,no_load,none,"A1: Servo ON, shaft stationary",servo-app/lab-0.1
1781157135.6991441,104.43656802177429,A1_HOLDING_SERVO_ON,A1_HOLDING_SERVO_ON_R01_20260611_125030,delta-asda-b3-e,1616,VE|SOD|TR,1,0,-7071,0,0,0.0,0,0.0,299,47,4270,2391,6000,,0,,,,holding,normal,0,no_load,none,"A1: Servo ON, shaft stationary",servo-app/lab-0.1
1781157135.7992446,104.53666853904724,A1_HOLDING_SERVO_ON,A1_HOLDING_SERVO_ON_R01_20260611_125030,delta-asda-b3-e,1616,VE|SOD|TR,1,0,-7075,0,0,0.0,0,0.0,298,47,4270,2391,6000,,0,,,,holding,normal,0,no_load,none,"A1: Servo ON, shaft stationary",servo-app/lab-0.1
1781157135.8993602,104.63678407669067,A1_HOLDING_SERVO_ON,A1_HOLDING_SERVO_ON_R01_20260611_125030,delta-asda-b3-e,1616,VE|SOD|TR,1,0,-7067,0,0,0.0,-1,-0.002391,298,47,4270,2391,6000,,0,,,,holding,normal,0,no_load,none,"A1: Servo ON, shaft stationary",servo-app/lab-0.1
1781157135.999705,104.7371289730072,A1_HOLDING_SERVO_ON,A1_HOLDING_SERVO_ON_R01_20260611_125030,delta-asda-b3-e,1616,VE|SOD|TR,1,0,-7081,0,0,0.0,0,0.0,299,47,4270,2391,6000,,0,,,,holding,normal,0,no_load,none,"A1: Servo ON, shaft stationary",servo-app/lab-0.1
1781157136.0999568,104.8373806476593,A1_HOLDING_SERVO_ON,A1_HOLDING_SERVO_ON_R01_20260611_125030,delta-asda-b3-e,1616,VE|SOD|TR,1,0,-7087,0,-1,-0.00427,-1,-0.002391,299,47,4270,2391,6000,,0,,,,holding,normal,0,no_load,none,"A1: Servo ON, shaft stationary",servo-app/lab-0.1
1781157136.2003143,104.93773818016052,A1_HOLDING_SERVO_ON,A1_HOLDING_SERVO_ON_R01_20260611_125030,delta-asda-b3-e,1616,VE|SOD|TR,1,0,-7071,0,0,0.0,0,0.0,299,47,4270,2391,6000,,0,,,,holding,normal,0,no_load,none,"A1: Servo ON, shaft stationary",servo-app/lab-0.1
1781157136.3006582,105.03808212280273,A1_HOLDING_SERVO_ON,A1_HOLDING_SERVO_ON_R01_20260611_125030,delta-asda-b3-e,1616,VE|SOD|TR,1,0,-7071,0,0,0.0,0,0.0,298,47,4270,2391,6000,,0,,,,holding,normal,0,no_load,none,"A1: Servo ON, shaft stationary",servo-app/lab-0.1
1781157136.4011693,105.1385931968689,A1_HOLDING_SERVO_ON,A1_HOLDING_SERVO_ON_R01_20260611_125030,delta-asda-b3-e,1616,VE|SOD|TR,1,0,-7071,0,0,0.0,-1,-0.002391,298,47,4270,2391,6000,,0,,,,holding,normal,0,no_load,none,"A1: Servo ON, shaft stationary",servo-app/lab-0.1
1781157136.5013916,105.23881554603577,A1_HOLDING_SERVO_ON,A1_HOLDING_SERVO_ON_R01_20260611_125030,delta-asda-b3-e,1616,VE|SOD|TR,1,0,-7085,0,-1,-0.00427,-1,-0.002391,298,47,4270,2391,6000,,0,,,,holding,normal,0,no_load,none,"A1: Servo ON, shaft stationary",servo-app/lab-0.1
1781157136.6018937,105.33931756019592,A1_HOLDING_SERVO_ON,A1_HOLDING_SERVO_ON_R01_20260611_125030,delta-asda-b3-e,1616,VE|SOD|TR,1,0,-7067,0,0,0.0,-1,-0.002391,299,47,4270,2391,6000,,0,,,,holding,normal,0,no_load,none,"A1: Servo ON, shaft stationary",servo-app/lab-0.1
1781157136.702393,105.43981695175171,A1_HOLDING_SERVO_ON,A1_HOLDING_SERVO_ON_R01_20260611_125030,delta-asda-b3-e,1616,VE|SOD|TR,1,0,-7071,0,-1,-0.00427,0,0.0,298,47,4270,2391,6000,,0,,,,holding,normal,0,no_load,none,"A1: Servo ON, shaft stationary",servo-app/lab-0.1
1781157136.8027997,105.54022359848022,A1_HOLDING_SERVO_ON,A1_HOLDING_SERVO_ON_R01_20260611_125030,delta-asda-b3-e,1616,VE|SOD|TR,1,0,-7075,0,-1,-0.00427,-1,-0.002391,298,47,4270,2391,6000,,0,,,,holding,normal,0,no_load,none,"A1: Servo ON, shaft stationary",servo-app/lab-0.1
1781157136.9029381,105.64036202430725,A1_HOLDING_SERVO_ON,A1_HOLDING_SERVO_ON_R01_20260611_125030,delta-asda-b3-e,1616,VE|SOD|TR,1,0,-7081,0,0,0.0,-1,-0.002391,299,47,4270,2391,6000,,0,,,,holding,normal,0,no_load,none,"A1: Servo ON, shaft stationary",servo-app/lab-0.1
1781157137.0033236,105.74074745178223,A1_HOLDING_SERVO_ON,A1_HOLDING_SERVO_ON_R01_20260611_125030,delta-asda-b3-e,1616,VE|SOD|TR,1,0,-7075,0,0,0.0,-1,-0.002391,299,47,4270,2391,6000,,0,,,,holding,normal,0,no_load,none,"A1: Servo ON, shaft stationary",servo-app/lab-0.1
1781157137.103596,105.84101986885071,A1_HOLDING_SERVO_ON,A1_HOLDING_SERVO_ON_R01_20260611_125030,delta-asda-b3-e,1616,VE|SOD|TR,1,0,-7081,0,0,0.0,0,0.0,299,47,4270,2391,6000,,0,,,,holding,normal,0,no_load,none,"A1: Servo ON, shaft stationary",servo-app/lab-0.1
1781157137.204087,105.94151091575623,A1_HOLDING_SERVO_ON,A1_HOLDING_SERVO_ON_R01_20260611_125030,delta-asda-b3-e,1616,VE|SOD|TR,1,0,-7071,0,-1,-0.00427,-1,-0.002391,299,47,4270,2391,6000,,0,,,,holding,normal,0,no_load,none,"A1: Servo ON, shaft stationary",servo-app/lab-0.1
1781157137.3043008,106.04172468185425,A1_HOLDING_SERVO_ON,A1_HOLDING_SERVO_ON_R01_20260611_125030,delta-asda-b3-e,1616,VE|SOD|TR,1,0,-7071,0,-1,-0.00427,-1,-0.002391,299,47,4270,2391,6000,,0,,,,holding,normal,0,no_load,none,"A1: Servo ON, shaft stationary",servo-app/lab-0.1
1781157137.4048603,106.14228415489197,A1_HOLDING_SERVO_ON,A1_HOLDING_SERVO_ON_R01_20260611_125030,delta-asda-b3-e,1616,VE|SOD|TR,1,0,-7067,0,-1,-0.00427,-1,-0.002391,299,47,4270,2391,6000,,0,,,,holding,normal,0,no_load,none,"A1: Servo ON, shaft stationary",servo-app/lab-0.1
1781157137.5053253,106.24274921417236,A1_HOLDING_SERVO_ON,A1_HOLDING_SERVO_ON_R01_20260611_125030,delta-asda-b3-e,1616,VE|SOD|TR,1,0,-7075,0,-1,-0.00427,-1,-0.002391,298,47,4270,2391,6000,,0,,,,holding,normal,0,no_load,none,"A1: Servo ON, shaft stationary",servo-app/lab-0.1
1781157137.6058693,106.34329319000244,A1_HOLDING_SERVO_ON,A1_HOLDING_SERVO_ON_R01_20260611_125030,delta-asda-b3-e,1616,VE|SOD|TR,1,0,-7075,0,0,0.0,0,0.0,299,47,4270,2391,6000,,0,,,,holding,normal,0,no_load,none,"A1: Servo ON, shaft stationary",servo-app/lab-0.1
1781157137.7063642,106.44378805160522,A1_HOLDING_SERVO_ON,A1_HOLDING_SERVO_ON_R01_20260611_125030,delta-asda-b3-e,1616,VE|SOD|TR,1,0,-7067,0,0,0.0,-1,-0.002391,299,47,4270,2391,6000,,0,,,,holding,normal,0,no_load,none,"A1: Servo ON, shaft stationary",servo-app/lab-0.1
1781157137.8065233,106.54394721984863,A1_HOLDING_SERVO_ON,A1_HOLDING_SERVO_ON_R01_20260611_125030,delta-asda-b3-e,1616,VE|SOD|TR,1,0,-7081,0,-1,-0.00427,-1,-0.002391,299,47,4270,2391,6000,,0,,,,holding,normal,0,no_load,none,"A1: Servo ON, shaft stationary",servo-app/lab-0.1
1781157137.9067533,106.64417719841003,A1_HOLDING_SERVO_ON,A1_HOLDING_SERVO_ON_R01_20260611_125030,delta-asda-b3-e,1616,VE|SOD|TR,1,0,-7075,0,-1,-0.00427,-1,-0.002391,299,47,4270,2391,6000,,0,,,,holding,normal,0,no_load,none,"A1: Servo ON, shaft stationary",servo-app/lab-0.1
1781157138.0071058,106.7445297241211,A1_HOLDING_SERVO_ON,A1_HOLDING_SERVO_ON_R01_20260611_125030,delta-asda-b3-e,1616,VE|SOD|TR,1,0,-7067,0,0,0.0,0,0.0,299,47,4270,2391,6000,,0,,,,holding,normal,0,no_load,none,"A1: Servo ON, shaft stationary",servo-app/lab-0.1
1781157138.1073258,106.84474968910217,A1_HOLDING_SERVO_ON,A1_HOLDING_SERVO_ON_R01_20260611_125030,delta-asda-b3-e,1616,VE|SOD|TR,1,0,-7075,0,0,0.0,0,0.0,299,47,4270,2391,6000,,0,,,,holding,normal,0,no_load,none,"A1: Servo ON, shaft stationary",servo-app/lab-0.1
1781157138.207417,106.94484090805054,A1_HOLDING_SERVO_ON,A1_HOLDING_SERVO_ON_R01_20260611_125030,delta-asda-b3-e,1616,VE|SOD|TR,1,0,-7081,0,-1,-0.00427,0,0.0,299,47,4270,2391,6000,,0,,,,holding,normal,0,no_load,none,"A1: Servo ON, shaft stationary",servo-app/lab-0.1
1781157138.3076074,107.04503130912781,A1_HOLDING_SERVO_ON,A1_HOLDING_SERVO_ON_R01_20260611_125030,delta-asda-b3-e,1616,VE|SOD|TR,1,0,-7071,0,0,0.0,-1,-0.002391,299,47,4270,2391,6000,,0,,,,holding,normal,0,no_load,none,"A1: Servo ON, shaft stationary",servo-app/lab-0.1
1781157138.4081256,107.14554953575134,A1_HOLDING_SERVO_ON,A1_HOLDING_SERVO_ON_R01_20260611_125030,delta-asda-b3-e,1616,VE|SOD|TR,1,0,-7081,0,-1,-0.00427,0,0.0,299,47,4270,2391,6000,,0,,,,holding,normal,0,no_load,none,"A1: Servo ON, shaft stationary",servo-app/lab-0.1
1781157138.5085983,107.24602222442627,A1_HOLDING_SERVO_ON,A1_HOLDING_SERVO_ON_R01_20260611_125030,delta-asda-b3-e,1616,VE|SOD|TR,1,0,-7071,0,0,0.0,-1,-0.002391,298,47,4270,2391,6000,,0,,,,holding,normal,0,no_load,none,"A1: Servo ON, shaft stationary",servo-app/lab-0.1
1781157138.6088023,107.34622621536255,A1_HOLDING_SERVO_ON,A1_HOLDING_SERVO_ON_R01_20260611_125030,delta-asda-b3-e,1616,VE|SOD|TR,1,0,-7071,0,-1,-0.00427,0,0.0,299,47,4270,2391,6000,,0,,,,holding,normal,0,no_load,none,"A1: Servo ON, shaft stationary",servo-app/lab-0.1
1781157138.7091117,107.44653558731079,A1_HOLDING_SERVO_ON,A1_HOLDING_SERVO_ON_R01_20260611_125030,delta-asda-b3-e,1616,VE|SOD|TR,1,0,-7077,0,-1,-0.00427,-1,-0.002391,299,47,4270,2391,6000,,0,,,,holding,normal,0,no_load,none,"A1: Servo ON, shaft stationary",servo-app/lab-0.1
1781157138.8096955,107.54711937904358,A1_HOLDING_SERVO_ON,A1_HOLDING_SERVO_ON_R01_20260611_125030,delta-asda-b3-e,1616,VE|SOD|TR,1,0,-7071,0,0,0.0,-1,-0.002391,299,47,4270,2391,6000,,0,,,,holding,normal,0,no_load,none,"A1: Servo ON, shaft stationary",servo-app/lab-0.1
1781157138.9100883,107.6475121974945,A1_HOLDING_SERVO_ON,A1_HOLDING_SERVO_ON_R01_20260611_125030,delta-asda-b3-e,1616,VE|SOD|TR,1,0,-7075,0,0,0.0,0,0.0,298,47,4270,2391,6000,,0,,,,holding,normal,0,no_load,none,"A1: Servo ON, shaft stationary",servo-app/lab-0.1
1781157139.0104618,107.74788570404053,A1_HOLDING_SERVO_ON,A1_HOLDING_SERVO_ON_R01_20260611_125030,delta-asda-b3-e,1616,VE|SOD|TR,1,0,-7081,0,-1,-0.00427,-1,-0.002391,298,47,4270,2391,6000,,0,,,,holding,normal,0,no_load,none,"A1: Servo ON, shaft stationary",servo-app/lab-0.1
1781157139.1105945,107.84801840782166,A1_HOLDING_SERVO_ON,A1_HOLDING_SERVO_ON_R01_20260611_125030,delta-asda-b3-e,1616,VE|SOD|TR,1,0,-7071,0,0,0.0,-1,-0.002391,298,47,4270,2391,6000,,0,,,,holding,normal,0,no_load,none,"A1: Servo ON, shaft stationary",servo-app/lab-0.1
1781157139.2109694,107.94839334487915,A1_HOLDING_SERVO_ON,A1_HOLDING_SERVO_ON_R01_20260611_125030,delta-asda-b3-e,1616,VE|SOD|TR,1,0,-7071,0,-1,-0.00427,0,0.0,298,47,4270,2391,6000,,0,,,,holding,normal,0,no_load,none,"A1: Servo ON, shaft stationary",servo-app/lab-0.1
1781157139.3110557,108.04847955703735,A1_HOLDING_SERVO_ON,A1_HOLDING_SERVO_ON_R01_20260611_125030,delta-asda-b3-e,1616,VE|SOD|TR,1,0,-7077,0,-1,-0.00427,-1,-0.002391,298,47,4270,2391,6000,,0,,,,holding,normal,0,no_load,none,"A1: Servo ON, shaft stationary",servo-app/lab-0.1
1781157139.411632,108.14905595779419,A1_HOLDING_SERVO_ON,A1_HOLDING_SERVO_ON_R01_20260611_125030,delta-asda-b3-e,1616,VE|SOD|TR,1,0,-7075,0,-1,-0.00427,0,0.0,298,47,4270,2391,6000,,0,,,,holding,normal,0,no_load,none,"A1: Servo ON, shaft stationary",servo-app/lab-0.1
1781157139.5118916,108.2493155002594,A1_HOLDING_SERVO_ON,A1_HOLDING_SERVO_ON_R01_20260611_125030,delta-asda-b3-e,1616,VE|SOD|TR,1,0,-7071,0,-1,-0.00427,0,0.0,298,47,4270,2391,6000,,0,,,,holding,normal,0,no_load,none,"A1: Servo ON, shaft stationary",servo-app/lab-0.1
1781157139.6121113,108.3495352268219,A1_HOLDING_SERVO_ON,A1_HOLDING_SERVO_ON_R01_20260611_125030,delta-asda-b3-e,1616,VE|SOD|TR,1,0,-7075,0,0,0.0,0,0.0,298,47,4270,2391,6000,,0,,,,holding,normal,0,no_load,none,"A1: Servo ON, shaft stationary",servo-app/lab-0.1
1781157139.7126439,108.45006775856018,A1_HOLDING_SERVO_ON,A1_HOLDING_SERVO_ON_R01_20260611_125030,delta-asda-b3-e,1616,VE|SOD|TR,1,0,-7067,0,-1,-0.00427,0,0.0,298,47,4270,2391,6000,,0,,,,holding,normal,0,no_load,none,"A1: Servo ON, shaft stationary",servo-app/lab-0.1
1781157139.8128572,108.55028104782104,A1_HOLDING_SERVO_ON,A1_HOLDING_SERVO_ON_R01_20260611_125030,delta-asda-b3-e,1616,VE|SOD|TR,1,0,-7065,0,0,0.0,0,0.0,298,47,4270,2391,6000,,0,,,,holding,normal,0,no_load,none,"A1: Servo ON, shaft stationary",servo-app/lab-0.1
1781157139.9132485,108.6506724357605,A1_HOLDING_SERVO_ON,A1_HOLDING_SERVO_ON_R01_20260611_125030,delta-asda-b3-e,1616,VE|SOD|TR,1,0,-7075,0,0,0.0,-1,-0.002391,298,47,4270,2391,6000,,0,,,,holding,normal,0,no_load,none,"A1: Servo ON, shaft stationary",servo-app/lab-0.1
1781157140.0134027,108.75082659721375,A1_HOLDING_SERVO_ON,A1_HOLDING_SERVO_ON_R01_20260611_125030,delta-asda-b3-e,1616,VE|SOD|TR,1,0,-7075,0,0,0.0,-1,-0.002391,298,47,4270,2391,6000,,0,,,,holding,normal,0,no_load,none,"A1: Servo ON, shaft stationary",servo-app/lab-0.1
1781157140.1139197,108.85134363174438,A1_HOLDING_SERVO_ON,A1_HOLDING_SERVO_ON_R01_20260611_125030,delta-asda-b3-e,1616,VE|SOD|TR,1,0,-7075,0,-1,-0.00427,-1,-0.002391,298,47,4270,2391,6000,,0,,,,holding,normal,0,no_load,none,"A1: Servo ON, shaft stationary",servo-app/lab-0.1
1781157140.214412,108.9518358707428,A1_HOLDING_SERVO_ON,A1_HOLDING_SERVO_ON_R01_20260611_125030,delta-asda-b3-e,1616,VE|SOD|TR,1,0,-7075,0,-1,-0.00427,0,0.0,298,47,4270,2391,6000,,0,,,,holding,normal,0,no_load,none,"A1: Servo ON, shaft stationary",servo-app/lab-0.1
1781157140.3148155,109.05223941802979,A1_HOLDING_SERVO_ON,A1_HOLDING_SERVO_ON_R01_20260611_125030,delta-asda-b3-e,1616,VE|SOD|TR,1,0,-7065,0,-1,-0.00427,0,0.0,298,47,4270,2391,6000,,0,,,,holding,normal,0,no_load,none,"A1: Servo ON, shaft stationary",servo-app/lab-0.1
1781157140.414945,109.1523687839508,A1_HOLDING_SERVO_ON,A1_HOLDING_SERVO_ON_R01_20260611_125030,delta-asda-b3-e,1616,VE|SOD|TR,1,0,-7071,0,0,0.0,-1,-0.002391,298,47,4270,2391,6000,,0,,,,holding,normal,0,no_load,none,"A1: Servo ON, shaft stationary",servo-app/lab-0.1
1781157140.5151775,109.25260138511658,A1_HOLDING_SERVO_ON,A1_HOLDING_SERVO_ON_R01_20260611_125030,delta-asda-b3-e,1616,VE|SOD|TR,1,0,-7075,0,-1,-0.00427,-1,-0.002391,298,47,4270,2391,6000,,0,,,,holding,normal,0,no_load,none,"A1: Servo ON, shaft stationary",servo-app/lab-0.1
1781157140.6154501,109.35287404060364,A1_HOLDING_SERVO_ON,A1_HOLDING_SERVO_ON_R01_20260611_125030,delta-asda-b3-e,1616,VE|SOD|TR,1,0,-7075,0,0,0.0,-1,-0.002391,298,47,4270,2391,6000,,0,,,,holding,normal,0,no_load,none,"A1: Servo ON, shaft stationary",servo-app/lab-0.1
1781157140.7154796,109.45290350914001,A1_HOLDING_SERVO_ON,A1_HOLDING_SERVO_ON_R01_20260611_125030,delta-asda-b3-e,1616,VE|SOD|TR,1,0,-7075,0,0,0.0,0,0.0,298,47,4270,2391,6000,,0,,,,holding,normal,0,no_load,none,"A1: Servo ON, shaft stationary",servo-app/lab-0.1
1781157140.815933,109.55335688591003,A1_HOLDING_SERVO_ON,A1_HOLDING_SERVO_ON_R01_20260611_125030,delta-asda-b3-e,1616,VE|SOD|TR,1,0,-7075,0,-1,-0.00427,0,0.0,298,47,4270,2391,6000,,0,,,,holding,normal,0,no_load,none,"A1: Servo ON, shaft stationary",servo-app/lab-0.1
1781157140.9161832,109.65360713005066,A1_HOLDING_SERVO_ON,A1_HOLDING_SERVO_ON_R01_20260611_125030,delta-asda-b3-e,1616,VE|SOD|TR,1,0,-7081,0,-1,-0.00427,0,0.0,298,47,4270,2391,6000,,0,,,,holding,normal,0,no_load,none,"A1: Servo ON, shaft stationary",servo-app/lab-0.1
1781157141.0163915,109.75381541252136,A1_HOLDING_SERVO_ON,A1_HOLDING_SERVO_ON_R01_20260611_125030,delta-asda-b3-e,1616,VE|SOD|TR,1,0,-7077,0,-1,-0.00427,-1,-0.002391,298,47,4270,2391,6000,,0,,,,holding,normal,0,no_load,none,"A1: Servo ON, shaft stationary",servo-app/lab-0.1
1781157141.1168208,109.85424470901489,A1_HOLDING_SERVO_ON,A1_HOLDING_SERVO_ON_R01_20260611_125030,delta-asda-b3-e,1616,VE|SOD|TR,1,0,-7071,0,-1,-0.00427,-1,-0.002391,298,47,4270,2391,6000,,0,,,,holding,normal,0,no_load,none,"A1: Servo ON, shaft stationary",servo-app/lab-0.1
1781157141.2173095,109.95473337173462,A1_HOLDING_SERVO_ON,A1_HOLDING_SERVO_ON_R01_20260611_125030,delta-asda-b3-e,1616,VE|SOD|TR,1,0,-7075,0,0,0.0,-1,-0.002391,299,47,4270,2391,6000,,0,,,,holding,normal,0,no_load,none,"A1: Servo ON, shaft stationary",servo-app/lab-0.1
1781157141.3175318,110.05495572090149,A1_HOLDING_SERVO_ON,A1_HOLDING_SERVO_ON_R01_20260611_125030,delta-asda-b3-e,1616,VE|SOD|TR,1,0,-7097,0,0,0.0,-1,-0.002391,299,47,4270,2391,6000,,0,,,,holding,normal,0,no_load,none,"A1: Servo ON, shaft stationary",servo-app/lab-0.1
1781157141.417817,110.15524101257324,A1_HOLDING_SERVO_ON,A1_HOLDING_SERVO_ON_R01_20260611_125030,delta-asda-b3-e,1616,VE|SOD|TR,1,0,-7075,0,0,0.0,0,0.0,298,47,4270,2391,6000,,0,,,,holding,normal,0,no_load,none,"A1: Servo ON, shaft stationary",servo-app/lab-0.1
1781157141.5180552,110.25547909736633,A1_HOLDING_SERVO_ON,A1_HOLDING_SERVO_ON_R01_20260611_125030,delta-asda-b3-e,1616,VE|SOD|TR,1,0,-7085,0,-1,-0.00427,0,0.0,299,47,4270,2391,6000,,0,,,,holding,normal,0,no_load,none,"A1: Servo ON, shaft stationary",servo-app/lab-0.1
1781157141.6183093,110.35573315620422,A1_HOLDING_SERVO_ON,A1_HOLDING_SERVO_ON_R01_20260611_125030,delta-asda-b3-e,1616,VE|SOD|TR,1,0,-7085,0,-1,-0.00427,-1,-0.002391,299,47,4270,2391,6000,,0,,,,holding,normal,0,no_load,none,"A1: Servo ON, shaft stationary",servo-app/lab-0.1
1781157141.7187896,110.45621347427368,A1_HOLDING_SERVO_ON,A1_HOLDING_SERVO_ON_R01_20260611_125030,delta-asda-b3-e,1616,VE|SOD|TR,1,0,-7081,0,0,0.0,0,0.0,298,47,4270,2391,6000,,0,,,,holding,normal,0,no_load,none,"A1: Servo ON, shaft stationary",servo-app/lab-0.1
1781157141.8192134,110.55663728713989,A1_HOLDING_SERVO_ON,A1_HOLDING_SERVO_ON_R01_20260611_125030,delta-asda-b3-e,1616,VE|SOD|TR,1,0,-7067,0,-1,-0.00427,0,0.0,298,47,4270,2391,6000,,0,,,,holding,normal,0,no_load,none,"A1: Servo ON, shaft stationary",servo-app/lab-0.1
1781157141.9196532,110.6570770740509,A1_HOLDING_SERVO_ON,A1_HOLDING_SERVO_ON_R01_20260611_125030,delta-asda-b3-e,1616,VE|SOD|TR,1,0,-7091,0,0,0.0,-1,-0.002391,298,47,4270,2391,6000,,0,,,,holding,normal,0,no_load,none,"A1: Servo ON, shaft stationary",servo-app/lab-0.1
1781157142.0202372,110.75766110420227,A1_HOLDING_SERVO_ON,A1_HOLDING_SERVO_ON_R01_20260611_125030,delta-asda-b3-e,1616,VE|SOD|TR,1,0,-7081,0,-1,-0.00427,0,0.0,298,47,4270,2391,6000,,0,,,,holding,normal,0,no_load,none,"A1: Servo ON, shaft stationary",servo-app/lab-0.1
1781157142.1207442,110.85816812515259,A1_HOLDING_SERVO_ON,A1_HOLDING_SERVO_ON_R01_20260611_125030,delta-asda-b3-e,1616,VE|SOD|TR,1,0,-7071,0,0,0.0,-1,-0.002391,298,47,4270,2391,6000,,0,,,,holding,normal,0,no_load,none,"A1: Servo ON, shaft stationary",servo-app/lab-0.1
1781157142.2209482,110.95837211608887,A1_HOLDING_SERVO_ON,A1_HOLDING_SERVO_ON_R01_20260611_125030,delta-asda-b3-e,1616,VE|SOD|TR,1,0,-7075,0,0,0.0,0,0.0,298,47,4270,2391,6000,,0,,,,holding,normal,0,no_load,none,"A1: Servo ON, shaft stationary",servo-app/lab-0.1
1781157142.3210607,111.05848455429077,A1_HOLDING_SERVO_ON,A1_HOLDING_SERVO_ON_R01_20260611_125030,delta-asda-b3-e,1616,VE|SOD|TR,1,0,-7075,0,-1,-0.00427,-1,-0.002391,298,47,4270,2391,6000,,0,,,,holding,normal,0,no_load,none,"A1: Servo ON, shaft stationary",servo-app/lab-0.1
1781157142.421287,111.15871095657349,A1_HOLDING_SERVO_ON,A1_HOLDING_SERVO_ON_R01_20260611_125030,delta-asda-b3-e,1616,VE|SOD|TR,1,0,-7071,0,-1,-0.00427,0,0.0,298,47,4270,2391,6000,,0,,,,holding,normal,0,no_load,none,"A1: Servo ON, shaft stationary",servo-app/lab-0.1
1781157142.5217865,111.25921034812927,A1_HOLDING_SERVO_ON,A1_HOLDING_SERVO_ON_R01_20260611_125030,delta-asda-b3-e,1616,VE|SOD|TR,1,0,-7081,0,-1,-0.00427,0,0.0,298,47,4270,2391,6000,,0,,,,holding,normal,0,no_load,none,"A1: Servo ON, shaft stationary",servo-app/lab-0.1
1781157142.6220155,111.35943937301636,A1_HOLDING_SERVO_ON,A1_HOLDING_SERVO_ON_R01_20260611_125030,delta-asda-b3-e,1616,VE|SOD|TR,1,0,-7081,0,-1,-0.00427,-1,-0.002391,298,47,4270,2391,6000,,0,,,,holding,normal,0,no_load,none,"A1: Servo ON, shaft stationary",servo-app/lab-0.1
1781157142.722318,111.4597418308258,A1_HOLDING_SERVO_ON,A1_HOLDING_SERVO_ON_R01_20260611_125030,delta-asda-b3-e,1616,VE|SOD|TR,1,0,-7071,0,-1,-0.00427,0,0.0,299,47,4270,2391,6000,,0,,,,holding,normal,0,no_load,none,"A1: Servo ON, shaft stationary",servo-app/lab-0.1
1781157142.8228421,111.56026601791382,A1_HOLDING_SERVO_ON,A1_HOLDING_SERVO_ON_R01_20260611_125030,delta-asda-b3-e,1616,VE|SOD|TR,1,0,-7085,0,0,0.0,0,0.0,298,47,4270,2391,6000,,0,,,,holding,normal,0,no_load,none,"A1: Servo ON, shaft stationary",servo-app/lab-0.1
1781157142.9231045,111.66052842140198,A1_HOLDING_SERVO_ON,A1_HOLDING_SERVO_ON_R01_20260611_125030,delta-asda-b3-e,1616,VE|SOD|TR,1,0,-7075,0,0,0.0,-1,-0.002391,298,47,4270,2391,6000,,0,,,,holding,normal,0,no_load,none,"A1: Servo ON, shaft stationary",servo-app/lab-0.1
1781157143.02358,111.76100397109985,A1_HOLDING_SERVO_ON,A1_HOLDING_SERVO_ON_R01_20260611_125030,delta-asda-b3-e,1616,VE|SOD|TR,1,0,-7081,0,-1,-0.00427,0,0.0,299,47,4270,2391,6000,,0,,,,holding,normal,0,no_load,none,"A1: Servo ON, shaft stationary",servo-app/lab-0.1
1781157143.1239,111.86132383346558,A1_HOLDING_SERVO_ON,A1_HOLDING_SERVO_ON_R01_20260611_125030,delta-asda-b3-e,1616,VE|SOD|TR,1,0,-7081,0,-1,-0.00427,-1,-0.002391,299,47,4270,2391,6000,,0,,,,holding,normal,0,no_load,none,"A1: Servo ON, shaft stationary",servo-app/lab-0.1
1781157143.2240798,111.96150374412537,A1_HOLDING_SERVO_ON,A1_HOLDING_SERVO_ON_R01_20260611_125030,delta-asda-b3-e,1616,VE|SOD|TR,1,0,-7077,0,-1,-0.00427,-1,-0.002391,299,47,4270,2391,6000,,0,,,,holding,normal,0,no_load,none,"A1: Servo ON, shaft stationary",servo-app/lab-0.1
1781157143.3243546,112.06177854537964,A1_HOLDING_SERVO_ON,A1_HOLDING_SERVO_ON_R01_20260611_125030,delta-asda-b3-e,1616,VE|SOD|TR,1,0,-7071,0,-1,-0.00427,0,0.0,298,47,4270,2391,6000,,0,,,,holding,normal,0,no_load,none,"A1: Servo ON, shaft stationary",servo-app/lab-0.1
1781157143.4265275,112.16395139694214,A1_HOLDING_SERVO_ON,A1_HOLDING_SERVO_ON_R01_20260611_125030,delta-asda-b3-e,1616,VE|SOD|TR,1,0,-7075,0,-1,-0.00427,0,0.0,299,47,4270,2391,6000,,0,,,,holding,normal,0,no_load,none,"A1: Servo ON, shaft stationary",servo-app/lab-0.1
1781157143.5271127,112.2645366191864,A1_HOLDING_SERVO_ON,A1_HOLDING_SERVO_ON_R01_20260611_125030,delta-asda-b3-e,1616,VE|SOD|TR,1,0,-7081,0,-1,-0.00427,-1,-0.002391,299,47,4270,2391,6000,,0,,,,holding,normal,0,no_load,none,"A1: Servo ON, shaft stationary",servo-app/lab-0.1
1781157143.6276503,112.36507415771484,A1_HOLDING_SERVO_ON,A1_HOLDING_SERVO_ON_R01_20260611_125030,delta-asda-b3-e,1616,VE|SOD|TR,1,0,-7097,0,-1,-0.00427,-1,-0.002391,298,47,4270,2391,6000,,0,,,,holding,normal,0,no_load,none,"A1: Servo ON, shaft stationary",servo-app/lab-0.1
1781157143.7278695,112.46529340744019,A1_HOLDING_SERVO_ON,A1_HOLDING_SERVO_ON_R01_20260611_125030,delta-asda-b3-e,1616,VE|SOD|TR,1,0,-7081,0,0,0.0,0,0.0,299,47,4270,2391,6000,,0,,,,holding,normal,0,no_load,none,"A1: Servo ON, shaft stationary",servo-app/lab-0.1
1781157143.82837,112.56579399108887,A1_HOLDING_SERVO_ON,A1_HOLDING_SERVO_ON_R01_20260611_125030,delta-asda-b3-e,1616,VE|SOD|TR,1,0,-7087,0,-1,-0.00427,0,0.0,298,47,4270,2391,6000,,0,,,,holding,normal,0,no_load,none,"A1: Servo ON, shaft stationary",servo-app/lab-0.1
1781157143.928496,112.6659197807312,A1_HOLDING_SERVO_ON,A1_HOLDING_SERVO_ON_R01_20260611_125030,delta-asda-b3-e,1616,VE|SOD|TR,1,0,-7071,0,-1,-0.00427,-1,-0.002391,299,47,4270,2391,6000,,0,,,,holding,normal,0,no_load,none,"A1: Servo ON, shaft stationary",servo-app/lab-0.1
1781157144.0288107,112.76623463630676,A1_HOLDING_SERVO_ON,A1_HOLDING_SERVO_ON_R01_20260611_125030,delta-asda-b3-e,1616,VE|SOD|TR,1,0,-7085,0,0,0.0,0,0.0,299,47,4270,2391,6000,,0,,,,holding,normal,0,no_load,none,"A1: Servo ON, shaft stationary",servo-app/lab-0.1
1781157144.1289709,112.86639475822449,A1_HOLDING_SERVO_ON,A1_HOLDING_SERVO_ON_R01_20260611_125030,delta-asda-b3-e,1616,VE|SOD|TR,1,0,-7087,0,0,0.0,0,0.0,299,47,4270,2391,6000,,0,,,,holding,normal,0,no_load,none,"A1: Servo ON, shaft stationary",servo-app/lab-0.1
1781157144.2294307,112.96685457229614,A1_HOLDING_SERVO_ON,A1_HOLDING_SERVO_ON_R01_20260611_125030,delta-asda-b3-e,1616,VE|SOD|TR,1,0,-7071,0,0,0.0,0,0.0,299,47,4270,2391,6000,,0,,,,holding,normal,0,no_load,none,"A1: Servo ON, shaft stationary",servo-app/lab-0.1
1781157144.3298895,113.06731343269348,A1_HOLDING_SERVO_ON,A1_HOLDING_SERVO_ON_R01_20260611_125030,delta-asda-b3-e,1616,VE|SOD|TR,1,0,-7081,0,-1,-0.00427,-1,-0.002391,299,47,4270,2391,6000,,0,,,,holding,normal,0,no_load,none,"A1: Servo ON, shaft stationary",servo-app/lab-0.1
1781157144.42996,113.16738390922546,A1_HOLDING_SERVO_ON,A1_HOLDING_SERVO_ON_R01_20260611_125030,delta-asda-b3-e,1616,VE|SOD|TR,1,0,-7075,0,-1,-0.00427,0,0.0,299,47,4270,2391,6000,,0,,,,holding,normal,0,no_load,none,"A1: Servo ON, shaft stationary",servo-app/lab-0.1
1781157144.5301988,113.26762270927429,A1_HOLDING_SERVO_ON,A1_HOLDING_SERVO_ON_R01_20260611_125030,delta-asda-b3-e,1616,VE|SOD|TR,1,0,-7077,0,0,0.0,-1,-0.002391,299,47,4270,2391,6000,,0,,,,holding,normal,0,no_load,none,"A1: Servo ON, shaft stationary",servo-app/lab-0.1
1781157144.6306596,113.36808347702026,A1_HOLDING_SERVO_ON,A1_HOLDING_SERVO_ON_R01_20260611_125030,delta-asda-b3-e,1616,VE|SOD|TR,1,0,-7077,0,0,0.0,0,0.0,298,47,4270,2391,6000,,0,,,,holding,normal,0,no_load,none,"A1: Servo ON, shaft stationary",servo-app/lab-0.1
1781157144.7308748,113.46829867362976,A1_HOLDING_SERVO_ON,A1_HOLDING_SERVO_ON_R01_20260611_125030,delta-asda-b3-e,1616,VE|SOD|TR,1,0,-7081,0,0,0.0,0,0.0,299,47,4270,2391,6000,,0,,,,holding,normal,0,no_load,none,"A1: Servo ON, shaft stationary",servo-app/lab-0.1
1781157144.8313446,113.56876850128174,A1_HOLDING_SERVO_ON,A1_HOLDING_SERVO_ON_R01_20260611_125030,delta-asda-b3-e,1616,VE|SOD|TR,1,0,-7075,0,-1,-0.00427,0,0.0,299,47,4270,2391,6000,,0,,,,holding,normal,0,no_load,none,"A1: Servo ON, shaft stationary",servo-app/lab-0.1
1781157144.9317255,113.66914939880371,A1_HOLDING_SERVO_ON,A1_HOLDING_SERVO_ON_R01_20260611_125030,delta-asda-b3-e,1616,VE|SOD|TR,1,0,-7075,0,0,0.0,-1,-0.002391,299,47,4270,2391,6000,,0,,,,holding,normal,0,no_load,none,"A1: Servo ON, shaft stationary",servo-app/lab-0.1
1781157145.0321252,113.76954913139343,A1_HOLDING_SERVO_ON,A1_HOLDING_SERVO_ON_R01_20260611_125030,delta-asda-b3-e,1616,VE|SOD|TR,1,0,-7081,0,-1,-0.00427,-1,-0.002391,299,47,4270,2391,6000,,0,,,,holding,normal,0,no_load,none,"A1: Servo ON, shaft stationary",servo-app/lab-0.1
1781157145.1324039,113.86982774734497,A1_HOLDING_SERVO_ON,A1_HOLDING_SERVO_ON_R01_20260611_125030,delta-asda-b3-e,1616,VE|SOD|TR,1,0,-7075,0,-1,-0.00427,-1,-0.002391,299,47,4270,2391,6000,,0,,,,holding,normal,0,no_load,none,"A1: Servo ON, shaft stationary",servo-app/lab-0.1
1781157145.2329452,113.97036910057068,A1_HOLDING_SERVO_ON,A1_HOLDING_SERVO_ON_R01_20260611_125030,delta-asda-b3-e,1616,VE|SOD|TR,1,0,-7081,0,-1,-0.00427,-1,-0.002391,298,47,4270,2391,6000,,0,,,,holding,normal,0,no_load,none,"A1: Servo ON, shaft stationary",servo-app/lab-0.1
1781157145.3335216,114.07094550132751,A1_HOLDING_SERVO_ON,A1_HOLDING_SERVO_ON_R01_20260611_125030,delta-asda-b3-e,1616,VE|SOD|TR,1,0,-7081,0,0,0.0,0,0.0,298,47,4270,2391,6000,,0,,,,holding,normal,0,no_load,none,"A1: Servo ON, shaft stationary",servo-app/lab-0.1
1781157145.4340632,114.1714870929718,A1_HOLDING_SERVO_ON,A1_HOLDING_SERVO_ON_R01_20260611_125030,delta-asda-b3-e,1616,VE|SOD|TR,1,0,-7071,0,0,0.0,-1,-0.002391,298,47,4270,2391,6000,,0,,,,holding,normal,0,no_load,none,"A1: Servo ON, shaft stationary",servo-app/lab-0.1
1781157145.534791,114.27221488952637,A1_HOLDING_SERVO_ON,A1_HOLDING_SERVO_ON_R01_20260611_125030,delta-asda-b3-e,1616,VE|SOD|TR,1,0,-7081,0,0,0.0,0,0.0,298,47,4270,2391,6000,,0,,,,holding,normal,0,no_load,none,"A1: Servo ON, shaft stationary",servo-app/lab-0.1
1781157145.6353745,114.37279844284058,A1_HOLDING_SERVO_ON,A1_HOLDING_SERVO_ON_R01_20260611_125030,delta-asda-b3-e,1616,VE|SOD|TR,1,0,-7081,0,-1,-0.00427,0,0.0,298,47,4270,2391,6000,,0,,,,holding,normal,0,no_load,none,"A1: Servo ON, shaft stationary",servo-app/lab-0.1
1781157145.7360275,114.4734513759613,A1_HOLDING_SERVO_ON,A1_HOLDING_SERVO_ON_R01_20260611_125030,delta-asda-b3-e,1616,VE|SOD|TR,1,0,-7071,0,-1,-0.00427,-1,-0.002391,298,47,4270,2391,6000,,0,,,,holding,normal,0,no_load,none,"A1: Servo ON, shaft stationary",servo-app/lab-0.1
1781157145.8363159,114.57373976707458,A1_HOLDING_SERVO_ON,A1_HOLDING_SERVO_ON_R01_20260611_125030,delta-asda-b3-e,1616,VE|SOD|TR,1,0,-7067,0,-1,-0.00427,-1,-0.002391,298,47,4270,2391,6000,,0,,,,holding,normal,0,no_load,none,"A1: Servo ON, shaft stationary",servo-app/lab-0.1
1781157145.9366493,114.67407321929932,A1_HOLDING_SERVO_ON,A1_HOLDING_SERVO_ON_R01_20260611_125030,delta-asda-b3-e,1616,VE|SOD|TR,1,0,-7081,0,-1,-0.00427,-1,-0.002391,298,47,4270,2391,6000,,0,,,,holding,normal,0,no_load,none,"A1: Servo ON, shaft stationary",servo-app/lab-0.1
1781157146.036819,114.7742428779602,A1_HOLDING_SERVO_ON,A1_HOLDING_SERVO_ON_R01_20260611_125030,delta-asda-b3-e,1616,VE|SOD|TR,1,0,-7075,0,-1,-0.00427,-1,-0.002391,298,47,4270,2391,6000,,0,,,,holding,normal,0,no_load,none,"A1: Servo ON, shaft stationary",servo-app/lab-0.1
1781157146.1372669,114.8746907711029,A1_HOLDING_SERVO_ON,A1_HOLDING_SERVO_ON_R01_20260611_125030,delta-asda-b3-e,1616,VE|SOD|TR,1,0,-7081,0,0,0.0,0,0.0,298,47,4270,2391,6000,,0,,,,holding,normal,0,no_load,none,"A1: Servo ON, shaft stationary",servo-app/lab-0.1
1781157146.2375088,114.97493267059326,A1_HOLDING_SERVO_ON,A1_HOLDING_SERVO_ON_R01_20260611_125030,delta-asda-b3-e,1616,VE|SOD|TR,1,0,-7081,0,-1,-0.00427,-1,-0.002391,298,47,4270,2391,6000,,0,,,,holding,normal,0,no_load,none,"A1: Servo ON, shaft stationary",servo-app/lab-0.1
1781157146.3377056,115.07512950897217,A1_HOLDING_SERVO_ON,A1_HOLDING_SERVO_ON_R01_20260611_125030,delta-asda-b3-e,1616,VE|SOD|TR,1,0,-7077,0,0,0.0,-1,-0.002391,298,47,4270,2391,6000,,0,,,,holding,normal,0,no_load,none,"A1: Servo ON, shaft stationary",servo-app/lab-0.1
1781157146.4382255,115.17564940452576,A1_HOLDING_SERVO_ON,A1_HOLDING_SERVO_ON_R01_20260611_125030,delta-asda-b3-e,1616,VE|SOD|TR,1,0,-7077,0,-1,-0.00427,0,0.0,298,47,4270,2391,6000,,0,,,,holding,normal,0,no_load,none,"A1: Servo ON, shaft stationary",servo-app/lab-0.1
1781157146.538378,115.27580189704895,A1_HOLDING_SERVO_ON,A1_HOLDING_SERVO_ON_R01_20260611_125030,delta-asda-b3-e,1616,VE|SOD|TR,1,0,-7075,0,0,0.0,-1,-0.002391,298,47,4270,2391,6000,,0,,,,holding,normal,0,no_load,none,"A1: Servo ON, shaft stationary",servo-app/lab-0.1
1781157146.6386967,115.37612056732178,A1_HOLDING_SERVO_ON,A1_HOLDING_SERVO_ON_R01_20260611_125030,delta-asda-b3-e,1616,VE|SOD|TR,1,0,-7067,0,0,0.0,-1,-0.002391,298,47,4270,2391,6000,,0,,,,holding,normal,0,no_load,none,"A1: Servo ON, shaft stationary",servo-app/lab-0.1
1781157146.7388382,115.47626209259033,A1_HOLDING_SERVO_ON,A1_HOLDING_SERVO_ON_R01_20260611_125030,delta-asda-b3-e,1616,VE|SOD|TR,1,0,-7081,0,0,0.0,0,0.0,298,47,4270,2391,6000,,0,,,,holding,normal,0,no_load,none,"A1: Servo ON, shaft stationary",servo-app/lab-0.1
1781157146.8393445,115.57676839828491,A1_HOLDING_SERVO_ON,A1_HOLDING_SERVO_ON_R01_20260611_125030,delta-asda-b3-e,1616,VE|SOD|TR,1,0,-7081,0,-1,-0.00427,-1,-0.002391,298,47,4270,2391,6000,,0,,,,holding,normal,0,no_load,none,"A1: Servo ON, shaft stationary",servo-app/lab-0.1
1781157146.939604,115.67702794075012,A1_HOLDING_SERVO_ON,A1_HOLDING_SERVO_ON_R01_20260611_125030,delta-asda-b3-e,1616,VE|SOD|TR,1,0,-7091,0,0,0.0,-1,-0.002391,298,47,4270,2391,6000,,0,,,,holding,normal,0,no_load,none,"A1: Servo ON, shaft stationary",servo-app/lab-0.1
1781157147.04005,115.77747392654419,A1_HOLDING_SERVO_ON,A1_HOLDING_SERVO_ON_R01_20260611_125030,delta-asda-b3-e,1616,VE|SOD|TR,1,0,-7075,0,-1,-0.00427,-1,-0.002391,298,47,4270,2391,6000,,0,,,,holding,normal,0,no_load,none,"A1: Servo ON, shaft stationary",servo-app/lab-0.1
1781157147.1401026,115.87752652168274,A1_HOLDING_SERVO_ON,A1_HOLDING_SERVO_ON_R01_20260611_125030,delta-asda-b3-e,1616,VE|SOD|TR,1,0,-7081,0,-1,-0.00427,0,0.0,298,47,4270,2391,6000,,0,,,,holding,normal,0,no_load,none,"A1: Servo ON, shaft stationary",servo-app/lab-0.1
1781157147.24134,115.97876381874084,A1_HOLDING_SERVO_ON,A1_HOLDING_SERVO_ON_R01_20260611_125030,delta-asda-b3-e,1616,VE|SOD|TR,1,0,-7081,0,0,0.0,0,0.0,298,47,4270,2391,6000,,0,,,,holding,normal,0,no_load,none,"A1: Servo ON, shaft stationary",servo-app/lab-0.1
1781157147.3415236,116.0789475440979,A1_HOLDING_SERVO_ON,A1_HOLDING_SERVO_ON_R01_20260611_125030,delta-asda-b3-e,1616,VE|SOD|TR,1,0,-7081,0,-1,-0.00427,0,0.0,298,47,4270,2391,6000,,0,,,,holding,normal,0,no_load,none,"A1: Servo ON, shaft stationary",servo-app/lab-0.1
1781157147.441906,116.17932987213135,A1_HOLDING_SERVO_ON,A1_HOLDING_SERVO_ON_R01_20260611_125030,delta-asda-b3-e,1616,VE|SOD|TR,1,0,-7077,0,-1,-0.00427,0,0.0,298,47,4270,2391,6000,,0,,,,holding,normal,0,no_load,none,"A1: Servo ON, shaft stationary",servo-app/lab-0.1
1781157147.542177,116.27960085868835,A1_HOLDING_SERVO_ON,A1_HOLDING_SERVO_ON_R01_20260611_125030,delta-asda-b3-e,1616,VE|SOD|TR,1,0,-7077,0,-1,-0.00427,-1,-0.002391,298,47,4270,2391,6000,,0,,,,holding,normal,0,no_load,none,"A1: Servo ON, shaft stationary",servo-app/lab-0.1
1781157147.642333,116.37975692749023,A1_HOLDING_SERVO_ON,A1_HOLDING_SERVO_ON_R01_20260611_125030,delta-asda-b3-e,1616,VE|SOD|TR,1,0,-7065,0,0,0.0,-1,-0.002391,298,47,4270,2391,6000,,0,,,,holding,normal,0,no_load,none,"A1: Servo ON, shaft stationary",servo-app/lab-0.1
1781157147.7424831,116.47990703582764,A1_HOLDING_SERVO_ON,A1_HOLDING_SERVO_ON_R01_20260611_125030,delta-asda-b3-e,1616,VE|SOD|TR,1,0,-7081,0,-1,-0.00427,-1,-0.002391,298,47,4270,2391,6000,,0,,,,holding,normal,0,no_load,none,"A1: Servo ON, shaft stationary",servo-app/lab-0.1
1781157147.842637,116.5800609588623,A1_HOLDING_SERVO_ON,A1_HOLDING_SERVO_ON_R01_20260611_125030,delta-asda-b3-e,1616,VE|SOD|TR,1,0,-7075,0,0,0.0,0,0.0,298,47,4270,2391,6000,,0,,,,holding,normal,0,no_load,none,"A1: Servo ON, shaft stationary",servo-app/lab-0.1
1781157147.9433088,116.68073272705078,A1_HOLDING_SERVO_ON,A1_HOLDING_SERVO_ON_R01_20260611_125030,delta-asda-b3-e,1616,VE|SOD|TR,1,0,-7077,0,-1,-0.00427,0,0.0,298,47,4270,2391,6000,,0,,,,holding,normal,0,no_load,none,"A1: Servo ON, shaft stationary",servo-app/lab-0.1
1781157148.0436995,116.7811233997345,A1_HOLDING_SERVO_ON,A1_HOLDING_SERVO_ON_R01_20260611_125030,delta-asda-b3-e,1616,VE|SOD|TR,1,0,-7077,0,-1,-0.00427,0,0.0,298,47,4270,2391,6000,,0,,,,holding,normal,0,no_load,none,"A1: Servo ON, shaft stationary",servo-app/lab-0.1
1781157148.1439695,116.88139343261719,A1_HOLDING_SERVO_ON,A1_HOLDING_SERVO_ON_R01_20260611_125030,delta-asda-b3-e,1616,VE|SOD|TR,1,0,-7081,0,-1,-0.00427,0,0.0,298,47,4270,2391,6000,,0,,,,holding,normal,0,no_load,none,"A1: Servo ON, shaft stationary",servo-app/lab-0.1
1781157148.2442698,116.98169374465942,A1_HOLDING_SERVO_ON,A1_HOLDING_SERVO_ON_R01_20260611_125030,delta-asda-b3-e,1616,VE|SOD|TR,1,0,-7085,0,-1,-0.00427,-1,-0.002391,298,47,4270,2391,6000,,0,,,,holding,normal,0,no_load,none,"A1: Servo ON, shaft stationary",servo-app/lab-0.1
1781157148.344814,117.08223795890808,A1_HOLDING_SERVO_ON,A1_HOLDING_SERVO_ON_R01_20260611_125030,delta-asda-b3-e,1616,VE|SOD|TR,1,0,-7085,0,-1,-0.00427,-1,-0.002391,299,47,4270,2391,6000,,0,,,,holding,normal,0,no_load,none,"A1: Servo ON, shaft stationary",servo-app/lab-0.1
1781157148.4453125,117.18273639678955,A1_HOLDING_SERVO_ON,A1_HOLDING_SERVO_ON_R01_20260611_125030,delta-asda-b3-e,1616,VE|SOD|TR,1,0,-7085,0,0,0.0,-1,-0.002391,299,47,4270,2391,6000,,0,,,,holding,normal,0,no_load,none,"A1: Servo ON, shaft stationary",servo-app/lab-0.1
1781157148.5456722,117.28309607505798,A1_HOLDING_SERVO_ON,A1_HOLDING_SERVO_ON_R01_20260611_125030,delta-asda-b3-e,1616,VE|SOD|TR,1,0,-7071,0,0,0.0,0,0.0,299,47,4270,2391,6000,,0,,,,holding,normal,0,no_load,none,"A1: Servo ON, shaft stationary",servo-app/lab-0.1
1781157148.646284,117.3837080001831,A1_HOLDING_SERVO_ON,A1_HOLDING_SERVO_ON_R01_20260611_125030,delta-asda-b3-e,1616,VE|SOD|TR,1,0,-7081,0,0,0.0,0,0.0,298,47,4270,2391,6000,,0,,,,holding,normal,0,no_load,none,"A1: Servo ON, shaft stationary",servo-app/lab-0.1
1781157148.7466357,117.48405957221985,A1_HOLDING_SERVO_ON,A1_HOLDING_SERVO_ON_R01_20260611_125030,delta-asda-b3-e,1616,VE|SOD|TR,1,0,-7081,0,0,0.0,-1,-0.002391,298,47,4270,2391,6000,,0,,,,holding,normal,0,no_load,none,"A1: Servo ON, shaft stationary",servo-app/lab-0.1
1781157148.8469236,117.58434748649597,A1_HOLDING_SERVO_ON,A1_HOLDING_SERVO_ON_R01_20260611_125030,delta-asda-b3-e,1616,VE|SOD|TR,1,0,-7085,0,0,0.0,0,0.0,298,47,4270,2391,6000,,0,,,,holding,normal,0,no_load,none,"A1: Servo ON, shaft stationary",servo-app/lab-0.1
1781157148.9474576,117.68488144874573,A1_HOLDING_SERVO_ON,A1_HOLDING_SERVO_ON_R01_20260611_125030,delta-asda-b3-e,1616,VE|SOD|TR,1,0,-7085,0,0,0.0,0,0.0,298,47,4270,2391,6000,,0,,,,holding,normal,0,no_load,none,"A1: Servo ON, shaft stationary",servo-app/lab-0.1
1781157149.0479364,117.78536033630371,A1_HOLDING_SERVO_ON,A1_HOLDING_SERVO_ON_R01_20260611_125030,delta-asda-b3-e,1616,VE|SOD|TR,1,0,-7071,0,0,0.0,0,0.0,299,47,4270,2391,6000,,0,,,,holding,normal,0,no_load,none,"A1: Servo ON, shaft stationary",servo-app/lab-0.1
1781157149.1483233,117.88574719429016,A1_HOLDING_SERVO_ON,A1_HOLDING_SERVO_ON_R01_20260611_125030,delta-asda-b3-e,1616,VE|SOD|TR,1,0,-7081,0,0,0.0,0,0.0,299,47,4270,2391,6000,,0,,,,holding,normal,0,no_load,none,"A1: Servo ON, shaft stationary",servo-app/lab-0.1
1781157149.2485855,117.98600935935974,A1_HOLDING_SERVO_ON,A1_HOLDING_SERVO_ON_R01_20260611_125030,delta-asda-b3-e,1616,VE|SOD|TR,1,0,-7075,0,0,0.0,-1,-0.002391,299,47,4270,2391,6000,,0,,,,holding,normal,0,no_load,none,"A1: Servo ON, shaft stationary",servo-app/lab-0.1
1781157149.3492324,118.08665633201599,A1_HOLDING_SERVO_ON,A1_HOLDING_SERVO_ON_R01_20260611_125030,delta-asda-b3-e,1616,VE|SOD|TR,1,0,-7075,0,-1,-0.00427,0,0.0,298,47,4270,2391,6000,,0,,,,holding,normal,0,no_load,none,"A1: Servo ON, shaft stationary",servo-app/lab-0.1
1781157149.449756,118.18717980384827,A1_HOLDING_SERVO_ON,A1_HOLDING_SERVO_ON_R01_20260611_125030,delta-asda-b3-e,1616,VE|SOD|TR,1,0,-7071,0,0,0.0,-1,-0.002391,299,47,4270,2391,6000,,0,,,,holding,normal,0,no_load,none,"A1: Servo ON, shaft stationary",servo-app/lab-0.1
1781157149.5498002,118.28722405433655,A1_HOLDING_SERVO_ON,A1_HOLDING_SERVO_ON_R01_20260611_125030,delta-asda-b3-e,1616,VE|SOD|TR,1,0,-7077,0,0,0.0,0,0.0,299,47,4270,2391,6000,,0,,,,holding,normal,0,no_load,none,"A1: Servo ON, shaft stationary",servo-app/lab-0.1
1781157149.6503808,118.38780474662781,A1_HOLDING_SERVO_ON,A1_HOLDING_SERVO_ON_R01_20260611_125030,delta-asda-b3-e,1616,VE|SOD|TR,1,0,-7061,0,0,0.0,-1,-0.002391,299,47,4270,2391,6000,,0,,,,holding,normal,0,no_load,none,"A1: Servo ON, shaft stationary",servo-app/lab-0.1
1781157149.750832,118.48825597763062,A1_HOLDING_SERVO_ON,A1_HOLDING_SERVO_ON_R01_20260611_125030,delta-asda-b3-e,1616,VE|SOD|TR,1,0,-7071,0,-1,-0.00427,0,0.0,299,47,4270,2391,6000,,0,,,,holding,normal,0,no_load,none,"A1: Servo ON, shaft stationary",servo-app/lab-0.1
1781157149.850955,118.58837890625,A1_HOLDING_SERVO_ON,A1_HOLDING_SERVO_ON_R01_20260611_125030,delta-asda-b3-e,1616,VE|SOD|TR,1,0,-7075,0,0,0.0,-1,-0.002391,298,47,4270,2391,6000,,0,,,,holding,normal,0,no_load,none,"A1: Servo ON, shaft stationary",servo-app/lab-0.1
1781157149.951352,118.68877577781677,A1_HOLDING_SERVO_ON,A1_HOLDING_SERVO_ON_R01_20260611_125030,delta-asda-b3-e,1616,VE|SOD|TR,1,0,-7071,0,-1,-0.00427,0,0.0,299,47,4270,2391,6000,,0,,,,holding,normal,0,no_load,none,"A1: Servo ON, shaft stationary",servo-app/lab-0.1
1781157150.0521178,118.789541721344,A1_HOLDING_SERVO_ON,A1_HOLDING_SERVO_ON_R01_20260611_125030,delta-asda-b3-e,1616,VE|SOD|TR,1,0,-7075,0,-1,-0.00427,0,0.0,298,47,4270,2391,6000,,0,,,,holding,normal,0,no_load,none,"A1: Servo ON, shaft stationary",servo-app/lab-0.1
1781157150.15227,118.88969397544861,A1_HOLDING_SERVO_ON,A1_HOLDING_SERVO_ON_R01_20260611_125030,delta-asda-b3-e,1616,VE|SOD|TR,1,0,-7091,0,0,0.0,0,0.0,299,47,4270,2391,6000,,0,,,,holding,normal,0,no_load,none,"A1: Servo ON, shaft stationary",servo-app/lab-0.1
1781157150.252683,118.99010682106018,A1_HOLDING_SERVO_ON,A1_HOLDING_SERVO_ON_R01_20260611_125030,delta-asda-b3-e,1616,VE|SOD|TR,1,0,-7075,0,-1,-0.00427,-1,-0.002391,298,47,4270,2391,6000,,0,,,,holding,normal,0,no_load,none,"A1: Servo ON, shaft stationary",servo-app/lab-0.1
1781157150.3530107,119.09043455123901,A1_HOLDING_SERVO_ON,A1_HOLDING_SERVO_ON_R01_20260611_125030,delta-asda-b3-e,1616,VE|SOD|TR,1,0,-7081,0,-1,-0.00427,0,0.0,298,47,4270,2391,6000,,0,,,,holding,normal,0,no_load,none,"A1: Servo ON, shaft stationary",servo-app/lab-0.1
1781157150.4535012,119.19092512130737,A1_HOLDING_SERVO_ON,A1_HOLDING_SERVO_ON_R01_20260611_125030,delta-asda-b3-e,1616,VE|SOD|TR,1,0,-7085,0,-1,-0.00427,-1,-0.002391,298,47,4270,2391,6000,,0,,,,holding,normal,0,no_load,none,"A1: Servo ON, shaft stationary",servo-app/lab-0.1
1781157150.5537815,119.29120540618896,A1_HOLDING_SERVO_ON,A1_HOLDING_SERVO_ON_R01_20260611_125030,delta-asda-b3-e,1616,VE|SOD|TR,1,0,-7077,0,-1,-0.00427,0,0.0,298,47,4270,2391,6000,,0,,,,holding,normal,0,no_load,none,"A1: Servo ON, shaft stationary",servo-app/lab-0.1
1781157150.6540043,119.391428232193,A1_HOLDING_SERVO_ON,A1_HOLDING_SERVO_ON_R01_20260611_125030,delta-asda-b3-e,1616,VE|SOD|TR,1,0,-7071,0,0,0.0,-1,-0.002391,298,47,4270,2391,6000,,0,,,,holding,normal,0,no_load,none,"A1: Servo ON, shaft stationary",servo-app/lab-0.1
1781157150.7542725,119.49169635772705,A1_HOLDING_SERVO_ON,A1_HOLDING_SERVO_ON_R01_20260611_125030,delta-asda-b3-e,1616,VE|SOD|TR,1,0,-7081,0,-1,-0.00427,0,0.0,298,47,4270,2391,6000,,0,,,,holding,normal,0,no_load,none,"A1: Servo ON, shaft stationary",servo-app/lab-0.1
1781157150.854863,119.59228682518005,A1_HOLDING_SERVO_ON,A1_HOLDING_SERVO_ON_R01_20260611_125030,delta-asda-b3-e,1616,VE|SOD|TR,1,0,-7081,0,-1,-0.00427,0,0.0,298,47,4270,2391,6000,,0,,,,holding,normal,0,no_load,none,"A1: Servo ON, shaft stationary",servo-app/lab-0.1
1781157150.9553013,119.69272518157959,A1_HOLDING_SERVO_ON,A1_HOLDING_SERVO_ON_R01_20260611_125030,delta-asda-b3-e,1616,VE|SOD|TR,1,0,-7085,0,0,0.0,0,0.0,298,47,4270,2391,6000,,0,,,,holding,normal,0,no_load,none,"A1: Servo ON, shaft stationary",servo-app/lab-0.1
1781157151.0560596,119.79348349571228,A1_HOLDING_SERVO_ON,A1_HOLDING_SERVO_ON_R01_20260611_125030,delta-asda-b3-e,1616,VE|SOD|TR,1,0,-7081,0,-1,-0.00427,-1,-0.002391,298,47,4270,2391,6000,,0,,,,holding,normal,0,no_load,none,"A1: Servo ON, shaft stationary",servo-app/lab-0.1
1781157151.1561134,119.89353728294373,A1_HOLDING_SERVO_ON,A1_HOLDING_SERVO_ON_R01_20260611_125030,delta-asda-b3-e,1616,VE|SOD|TR,1,0,-7081,0,-1,-0.00427,0,0.0,298,47,4270,2391,6000,,0,,,,holding,normal,0,no_load,none,"A1: Servo ON, shaft stationary",servo-app/lab-0.1
