ts,t,experiment_id,session_id,device_id,statusword,statusword_flags,mode_display,error_code,position,velocity,current,current_A,torque,torque_Nm,dc_bus_voltage,drive_temp,rated_current,rated_torque,max_motor_speed,target_position,target_velocity,target_torque,acceleration_cmd,deceleration_cmd,regime_label,risk_label,is_artificial_anomaly,load_type,direction,operator_comment,software_version
1781162483.1173902,0.0,A2_HOLD_AFTER_MOVE,A2_HOLD_AFTER_MOVE_R01_20260611_142122,delta-asda-b3-e,567,RTSO|SO|OE|VE|QS,1,0,7009,2,26,0.11102,25,0.059775,302,49,4270,2391,6000,,0,,,,holding,normal,0,no_load,none,A2: hold position after move,servo-app/lab-0.1
1781162483.2186491,0.10125899314880371,A2_HOLD_AFTER_MOVE,A2_HOLD_AFTER_MOVE_R01_20260611_142122,delta-asda-b3-e,567,RTSO|SO|OE|VE|QS,1,0,10571,0,20,0.0854,20,0.04782,302,49,4270,2391,6000,,0,,,,holding,normal,0,no_load,none,A2: hold position after move,servo-app/lab-0.1
1781162483.319204,0.2018139362335205,A2_HOLD_AFTER_MOVE,A2_HOLD_AFTER_MOVE_R01_20260611_142122,delta-asda-b3-e,567,RTSO|SO|OE|VE|QS,1,0,10325,0,16,0.06832,17,0.040647,302,49,4270,2391,6000,,0,,,,holding,normal,0,no_load,none,A2: hold position after move,servo-app/lab-0.1
1781162483.419358,0.3019678592681885,A2_HOLD_AFTER_MOVE,A2_HOLD_AFTER_MOVE_R01_20260611_142122,delta-asda-b3-e,567,RTSO|SO|OE|VE|QS,1,0,10119,0,15,0.06405,15,0.035865,302,49,4270,2391,6000,,0,,,,holding,normal,0,no_load,none,A2: hold position after move,servo-app/lab-0.1
1781162483.5199158,0.4025256633758545,A2_HOLD_AFTER_MOVE,A2_HOLD_AFTER_MOVE_R01_20260611_142122,delta-asda-b3-e,1591,RTSO|SO|OE|VE|QS|TR,1,0,10047,0,15,0.06405,15,0.035865,302,49,4270,2391,6000,,0,,,,holding,normal,0,no_load,none,A2: hold position after move,servo-app/lab-0.1
1781162483.6204042,0.503014087677002,A2_HOLD_AFTER_MOVE,A2_HOLD_AFTER_MOVE_R01_20260611_142122,delta-asda-b3-e,1591,RTSO|SO|OE|VE|QS|TR,1,0,9997,0,14,0.05978,14,0.033474,302,49,4270,2391,6000,,0,,,,holding,normal,0,no_load,none,A2: hold position after move,servo-app/lab-0.1
1781162483.7206173,0.6032271385192871,A2_HOLD_AFTER_MOVE,A2_HOLD_AFTER_MOVE_R01_20260611_142122,delta-asda-b3-e,1591,RTSO|SO|OE|VE|QS|TR,1,0,9987,0,14,0.05978,14,0.033474,302,49,4270,2391,6000,,0,,,,holding,normal,0,no_load,none,A2: hold position after move,servo-app/lab-0.1
1781162483.8210478,0.7036576271057129,A2_HOLD_AFTER_MOVE,A2_HOLD_AFTER_MOVE_R01_20260611_142122,delta-asda-b3-e,1591,RTSO|SO|OE|VE|QS|TR,1,0,9987,0,14,0.05978,14,0.033474,303,49,4270,2391,6000,,0,,,,holding,normal,0,no_load,none,A2: hold position after move,servo-app/lab-0.1
1781162483.9216948,0.8043045997619629,A2_HOLD_AFTER_MOVE,A2_HOLD_AFTER_MOVE_R01_20260611_142122,delta-asda-b3-e,1591,RTSO|SO|OE|VE|QS|TR,1,0,9991,0,14,0.05978,13,0.031083,303,49,4270,2391,6000,,0,,,,holding,normal,0,no_load,none,A2: hold position after move,servo-app/lab-0.1
1781162484.0220451,0.9046549797058105,A2_HOLD_AFTER_MOVE,A2_HOLD_AFTER_MOVE_R01_20260611_142122,delta-asda-b3-e,1591,RTSO|SO|OE|VE|QS|TR,1,0,9991,0,14,0.05978,14,0.033474,302,49,4270,2391,6000,,0,,,,holding,normal,0,no_load,none,A2: hold position after move,servo-app/lab-0.1
1781162484.1225867,1.0051965713500977,A2_HOLD_AFTER_MOVE,A2_HOLD_AFTER_MOVE_R01_20260611_142122,delta-asda-b3-e,1591,RTSO|SO|OE|VE|QS|TR,1,0,9985,0,14,0.05978,14,0.033474,302,49,4270,2391,6000,,0,,,,holding,normal,0,no_load,none,A2: hold position after move,servo-app/lab-0.1
1781162484.22306,1.1056697368621826,A2_HOLD_AFTER_MOVE,A2_HOLD_AFTER_MOVE_R01_20260611_142122,delta-asda-b3-e,1591,RTSO|SO|OE|VE|QS|TR,1,0,9997,0,14,0.05978,14,0.033474,302,49,4270,2391,6000,,0,,,,holding,normal,0,no_load,none,A2: hold position after move,servo-app/lab-0.1
1781162484.3231711,1.2057809829711914,A2_HOLD_AFTER_MOVE,A2_HOLD_AFTER_MOVE_R01_20260611_142122,delta-asda-b3-e,1591,RTSO|SO|OE|VE|QS|TR,1,0,9997,0,14,0.05978,14,0.033474,302,49,4270,2391,6000,,0,,,,holding,normal,0,no_load,none,A2: hold position after move,servo-app/lab-0.1
1781162484.4236014,1.306211233139038,A2_HOLD_AFTER_MOVE,A2_HOLD_AFTER_MOVE_R01_20260611_142122,delta-asda-b3-e,1591,RTSO|SO|OE|VE|QS|TR,1,0,10015,0,14,0.05978,13,0.031083,302,49,4270,2391,6000,,0,,,,holding,normal,0,no_load,none,A2: hold position after move,servo-app/lab-0.1
1781162484.523727,1.406336784362793,A2_HOLD_AFTER_MOVE,A2_HOLD_AFTER_MOVE_R01_20260611_142122,delta-asda-b3-e,1591,RTSO|SO|OE|VE|QS|TR,1,0,9991,0,14,0.05978,13,0.031083,302,49,4270,2391,6000,,0,,,,holding,normal,0,no_load,none,A2: hold position after move,servo-app/lab-0.1
1781162484.6241636,1.5067734718322754,A2_HOLD_AFTER_MOVE,A2_HOLD_AFTER_MOVE_R01_20260611_142122,delta-asda-b3-e,1591,RTSO|SO|OE|VE|QS|TR,1,0,10015,0,13,0.05551,15,0.035865,302,49,4270,2391,6000,,0,,,,holding,normal,0,no_load,none,A2: hold position after move,servo-app/lab-0.1
1781162484.7246618,1.607271671295166,A2_HOLD_AFTER_MOVE,A2_HOLD_AFTER_MOVE_R01_20260611_142122,delta-asda-b3-e,1591,RTSO|SO|OE|VE|QS|TR,1,0,10019,0,13,0.05551,14,0.033474,303,49,4270,2391,6000,,0,,,,holding,normal,0,no_load,none,A2: hold position after move,servo-app/lab-0.1
1781162484.8253148,1.7079246044158936,A2_HOLD_AFTER_MOVE,A2_HOLD_AFTER_MOVE_R01_20260611_142122,delta-asda-b3-e,1591,RTSO|SO|OE|VE|QS|TR,1,0,10037,0,13,0.05551,14,0.033474,303,49,4270,2391,6000,,0,,,,holding,normal,0,no_load,none,A2: hold position after move,servo-app/lab-0.1
1781162484.92545,1.8080599308013916,A2_HOLD_AFTER_MOVE,A2_HOLD_AFTER_MOVE_R01_20260611_142122,delta-asda-b3-e,1591,RTSO|SO|OE|VE|QS|TR,1,0,10041,0,14,0.05978,14,0.033474,302,49,4270,2391,6000,,0,,,,holding,normal,0,no_load,none,A2: hold position after move,servo-app/lab-0.1
1781162485.025895,1.9085049629211426,A2_HOLD_AFTER_MOVE,A2_HOLD_AFTER_MOVE_R01_20260611_142122,delta-asda-b3-e,1591,RTSO|SO|OE|VE|QS|TR,1,0,10031,0,15,0.06405,13,0.031083,302,49,4270,2391,6000,,0,,,,holding,normal,0,no_load,none,A2: hold position after move,servo-app/lab-0.1
1781162485.1260118,2.0086216926574707,A2_HOLD_AFTER_MOVE,A2_HOLD_AFTER_MOVE_R01_20260611_142122,delta-asda-b3-e,1591,RTSO|SO|OE|VE|QS|TR,1,0,10045,0,13,0.05551,14,0.033474,302,49,4270,2391,6000,,0,,,,holding,normal,0,no_load,none,A2: hold position after move,servo-app/lab-0.1
1781162485.2264576,2.109067440032959,A2_HOLD_AFTER_MOVE,A2_HOLD_AFTER_MOVE_R01_20260611_142122,delta-asda-b3-e,1591,RTSO|SO|OE|VE|QS|TR,1,0,10041,0,14,0.05978,14,0.033474,302,49,4270,2391,6000,,0,,,,holding,normal,0,no_load,none,A2: hold position after move,servo-app/lab-0.1
1781162485.3266752,2.209285020828247,A2_HOLD_AFTER_MOVE,A2_HOLD_AFTER_MOVE_R01_20260611_142122,delta-asda-b3-e,1591,RTSO|SO|OE|VE|QS|TR,1,0,10023,0,14,0.05978,14,0.033474,302,49,4270,2391,6000,,0,,,,holding,normal,0,no_load,none,A2: hold position after move,servo-app/lab-0.1
1781162485.4267738,2.3093836307525635,A2_HOLD_AFTER_MOVE,A2_HOLD_AFTER_MOVE_R01_20260611_142122,delta-asda-b3-e,1591,RTSO|SO|OE|VE|QS|TR,1,0,10031,0,14,0.05978,13,0.031083,302,49,4270,2391,6000,,0,,,,holding,normal,0,no_load,none,A2: hold position after move,servo-app/lab-0.1
1781162485.5268798,2.409489631652832,A2_HOLD_AFTER_MOVE,A2_HOLD_AFTER_MOVE_R01_20260611_142122,delta-asda-b3-e,1591,RTSO|SO|OE|VE|QS|TR,1,0,10023,0,13,0.05551,13,0.031083,302,49,4270,2391,6000,,0,,,,holding,normal,0,no_load,none,A2: hold position after move,servo-app/lab-0.1
1781162485.6272357,2.509845495223999,A2_HOLD_AFTER_MOVE,A2_HOLD_AFTER_MOVE_R01_20260611_142122,delta-asda-b3-e,1591,RTSO|SO|OE|VE|QS|TR,1,0,10015,0,14,0.05978,13,0.031083,302,49,4270,2391,6000,,0,,,,holding,normal,0,no_load,none,A2: hold position after move,servo-app/lab-0.1
1781162485.727628,2.6102378368377686,A2_HOLD_AFTER_MOVE,A2_HOLD_AFTER_MOVE_R01_20260611_142122,delta-asda-b3-e,1591,RTSO|SO|OE|VE|QS|TR,1,0,10023,0,14,0.05978,13,0.031083,302,49,4270,2391,6000,,0,,,,holding,normal,0,no_load,none,A2: hold position after move,servo-app/lab-0.1
1781162485.8280692,2.710679054260254,A2_HOLD_AFTER_MOVE,A2_HOLD_AFTER_MOVE_R01_20260611_142122,delta-asda-b3-e,1591,RTSO|SO|OE|VE|QS|TR,1,0,9987,0,14,0.05978,14,0.033474,303,49,4270,2391,6000,,0,,,,holding,normal,0,no_load,none,A2: hold position after move,servo-app/lab-0.1
1781162485.9290905,2.8117003440856934,A2_HOLD_AFTER_MOVE,A2_HOLD_AFTER_MOVE_R01_20260611_142122,delta-asda-b3-e,1591,RTSO|SO|OE|VE|QS|TR,1,0,10005,0,14,0.05978,14,0.033474,302,49,4270,2391,6000,,0,,,,holding,normal,0,no_load,none,A2: hold position after move,servo-app/lab-0.1
1781162486.02948,2.9120898246765137,A2_HOLD_AFTER_MOVE,A2_HOLD_AFTER_MOVE_R01_20260611_142122,delta-asda-b3-e,1591,RTSO|SO|OE|VE|QS|TR,1,0,9987,0,13,0.05551,13,0.031083,303,49,4270,2391,6000,,0,,,,holding,normal,0,no_load,none,A2: hold position after move,servo-app/lab-0.1
1781162486.130326,3.0129358768463135,A2_HOLD_AFTER_MOVE,A2_HOLD_AFTER_MOVE_R01_20260611_142122,delta-asda-b3-e,1591,RTSO|SO|OE|VE|QS|TR,1,0,9985,0,14,0.05978,14,0.033474,303,49,4270,2391,6000,,0,,,,holding,normal,0,no_load,none,A2: hold position after move,servo-app/lab-0.1
1781162486.2307427,3.1133525371551514,A2_HOLD_AFTER_MOVE,A2_HOLD_AFTER_MOVE_R01_20260611_142122,delta-asda-b3-e,1591,RTSO|SO|OE|VE|QS|TR,1,0,9985,0,14,0.05978,14,0.033474,302,49,4270,2391,6000,,0,,,,holding,normal,0,no_load,none,A2: hold position after move,servo-app/lab-0.1
1781162486.3308141,3.21342396736145,A2_HOLD_AFTER_MOVE,A2_HOLD_AFTER_MOVE_R01_20260611_142122,delta-asda-b3-e,1591,RTSO|SO|OE|VE|QS|TR,1,0,9973,0,14,0.05978,14,0.033474,302,49,4270,2391,6000,,0,,,,holding,normal,0,no_load,none,A2: hold position after move,servo-app/lab-0.1
1781162486.4313843,3.3139941692352295,A2_HOLD_AFTER_MOVE,A2_HOLD_AFTER_MOVE_R01_20260611_142122,delta-asda-b3-e,1591,RTSO|SO|OE|VE|QS|TR,1,0,9985,0,13,0.05551,14,0.033474,302,49,4270,2391,6000,,0,,,,holding,normal,0,no_load,none,A2: hold position after move,servo-app/lab-0.1
1781162486.531473,3.4140827655792236,A2_HOLD_AFTER_MOVE,A2_HOLD_AFTER_MOVE_R01_20260611_142122,delta-asda-b3-e,1591,RTSO|SO|OE|VE|QS|TR,1,0,9987,0,14,0.05978,13,0.031083,302,49,4270,2391,6000,,0,,,,holding,normal,0,no_load,none,A2: hold position after move,servo-app/lab-0.1
1781162486.6320093,3.5146191120147705,A2_HOLD_AFTER_MOVE,A2_HOLD_AFTER_MOVE_R01_20260611_142122,delta-asda-b3-e,1591,RTSO|SO|OE|VE|QS|TR,1,0,9979,0,14,0.05978,14,0.033474,302,49,4270,2391,6000,,0,,,,holding,normal,0,no_load,none,A2: hold position after move,servo-app/lab-0.1
1781162486.7321117,3.6147215366363525,A2_HOLD_AFTER_MOVE,A2_HOLD_AFTER_MOVE_R01_20260611_142122,delta-asda-b3-e,1591,RTSO|SO|OE|VE|QS|TR,1,0,9979,0,13,0.05551,14,0.033474,302,49,4270,2391,6000,,0,,,,holding,normal,0,no_load,none,A2: hold position after move,servo-app/lab-0.1
1781162486.832371,3.7149808406829834,A2_HOLD_AFTER_MOVE,A2_HOLD_AFTER_MOVE_R01_20260611_142122,delta-asda-b3-e,1591,RTSO|SO|OE|VE|QS|TR,1,0,9973,0,13,0.05551,14,0.033474,302,49,4270,2391,6000,,0,,,,holding,normal,0,no_load,none,A2: hold position after move,servo-app/lab-0.1
1781162486.9327707,3.815380573272705,A2_HOLD_AFTER_MOVE,A2_HOLD_AFTER_MOVE_R01_20260611_142122,delta-asda-b3-e,1591,RTSO|SO|OE|VE|QS|TR,1,0,9985,0,14,0.05978,14,0.033474,302,49,4270,2391,6000,,0,,,,holding,normal,0,no_load,none,A2: hold position after move,servo-app/lab-0.1
1781162487.0332816,3.915891408920288,A2_HOLD_AFTER_MOVE,A2_HOLD_AFTER_MOVE_R01_20260611_142122,delta-asda-b3-e,1591,RTSO|SO|OE|VE|QS|TR,1,0,9991,0,14,0.05978,14,0.033474,302,49,4270,2391,6000,,0,,,,holding,normal,0,no_load,none,A2: hold position after move,servo-app/lab-0.1
1781162487.1338074,4.0164172649383545,A2_HOLD_AFTER_MOVE,A2_HOLD_AFTER_MOVE_R01_20260611_142122,delta-asda-b3-e,1591,RTSO|SO|OE|VE|QS|TR,1,0,9985,0,14,0.05978,13,0.031083,302,49,4270,2391,6000,,0,,,,holding,normal,0,no_load,none,A2: hold position after move,servo-app/lab-0.1
1781162487.2340221,4.116631984710693,A2_HOLD_AFTER_MOVE,A2_HOLD_AFTER_MOVE_R01_20260611_142122,delta-asda-b3-e,1591,RTSO|SO|OE|VE|QS|TR,1,0,9985,0,14,0.05978,14,0.033474,302,49,4270,2391,6000,,0,,,,holding,normal,0,no_load,none,A2: hold position after move,servo-app/lab-0.1
1781162487.3342173,4.216827154159546,A2_HOLD_AFTER_MOVE,A2_HOLD_AFTER_MOVE_R01_20260611_142122,delta-asda-b3-e,1591,RTSO|SO|OE|VE|QS|TR,1,0,10009,0,14,0.05978,13,0.031083,302,49,4270,2391,6000,,0,,,,holding,normal,0,no_load,none,A2: hold position after move,servo-app/lab-0.1
1781162487.4345813,4.317191123962402,A2_HOLD_AFTER_MOVE,A2_HOLD_AFTER_MOVE_R01_20260611_142122,delta-asda-b3-e,1591,RTSO|SO|OE|VE|QS|TR,1,0,10019,0,14,0.05978,14,0.033474,302,49,4270,2391,6000,,0,,,,holding,normal,0,no_load,none,A2: hold position after move,servo-app/lab-0.1
1781162487.5351343,4.417744159698486,A2_HOLD_AFTER_MOVE,A2_HOLD_AFTER_MOVE_R01_20260611_142122,delta-asda-b3-e,1591,RTSO|SO|OE|VE|QS|TR,1,0,10037,0,13,0.05551,13,0.031083,302,49,4270,2391,6000,,0,,,,holding,normal,0,no_load,none,A2: hold position after move,servo-app/lab-0.1
1781162487.6355917,4.518201589584351,A2_HOLD_AFTER_MOVE,A2_HOLD_AFTER_MOVE_R01_20260611_142122,delta-asda-b3-e,1591,RTSO|SO|OE|VE|QS|TR,1,0,10031,0,14,0.05978,13,0.031083,302,49,4270,2391,6000,,0,,,,holding,normal,0,no_load,none,A2: hold position after move,servo-app/lab-0.1
1781162487.7361803,4.618790149688721,A2_HOLD_AFTER_MOVE,A2_HOLD_AFTER_MOVE_R01_20260611_142122,delta-asda-b3-e,1591,RTSO|SO|OE|VE|QS|TR,1,0,10031,0,13,0.05551,13,0.031083,302,49,4270,2391,6000,,0,,,,holding,normal,0,no_load,none,A2: hold position after move,servo-app/lab-0.1
1781162487.8364627,4.719072580337524,A2_HOLD_AFTER_MOVE,A2_HOLD_AFTER_MOVE_R01_20260611_142122,delta-asda-b3-e,1591,RTSO|SO|OE|VE|QS|TR,1,0,10003,0,15,0.06405,14,0.033474,302,49,4270,2391,6000,,0,,,,holding,normal,0,no_load,none,A2: hold position after move,servo-app/lab-0.1
1781162487.936913,4.819522857666016,A2_HOLD_AFTER_MOVE,A2_HOLD_AFTER_MOVE_R01_20260611_142122,delta-asda-b3-e,1591,RTSO|SO|OE|VE|QS|TR,1,0,10031,0,14,0.05978,13,0.031083,302,49,4270,2391,6000,,0,,,,holding,normal,0,no_load,none,A2: hold position after move,servo-app/lab-0.1
1781162488.037051,4.919660806655884,A2_HOLD_AFTER_MOVE,A2_HOLD_AFTER_MOVE_R01_20260611_142122,delta-asda-b3-e,1591,RTSO|SO|OE|VE|QS|TR,1,0,10031,0,14,0.05978,13,0.031083,302,49,4270,2391,6000,,0,,,,holding,normal,0,no_load,none,A2: hold position after move,servo-app/lab-0.1
1781162488.1371956,5.019805431365967,A2_HOLD_AFTER_MOVE,A2_HOLD_AFTER_MOVE_R01_20260611_142122,delta-asda-b3-e,1591,RTSO|SO|OE|VE|QS|TR,1,0,10009,0,14,0.05978,14,0.033474,302,49,4270,2391,6000,,0,,,,holding,normal,0,no_load,none,A2: hold position after move,servo-app/lab-0.1
1781162488.2377977,5.120407581329346,A2_HOLD_AFTER_MOVE,A2_HOLD_AFTER_MOVE_R01_20260611_142122,delta-asda-b3-e,1591,RTSO|SO|OE|VE|QS|TR,1,0,10019,0,14,0.05978,13,0.031083,302,49,4270,2391,6000,,0,,,,holding,normal,0,no_load,none,A2: hold position after move,servo-app/lab-0.1
1781162488.338224,5.220833778381348,A2_HOLD_AFTER_MOVE,A2_HOLD_AFTER_MOVE_R01_20260611_142122,delta-asda-b3-e,1591,RTSO|SO|OE|VE|QS|TR,1,0,9991,0,14,0.05978,14,0.033474,302,49,4270,2391,6000,,0,,,,holding,normal,0,no_load,none,A2: hold position after move,servo-app/lab-0.1
1781162488.4384892,5.321099042892456,A2_HOLD_AFTER_MOVE,A2_HOLD_AFTER_MOVE_R01_20260611_142122,delta-asda-b3-e,1591,RTSO|SO|OE|VE|QS|TR,1,0,10005,0,14,0.05978,14,0.033474,302,49,4270,2391,6000,,0,,,,holding,normal,0,no_load,none,A2: hold position after move,servo-app/lab-0.1
1781162488.5385985,5.421208381652832,A2_HOLD_AFTER_MOVE,A2_HOLD_AFTER_MOVE_R01_20260611_142122,delta-asda-b3-e,1591,RTSO|SO|OE|VE|QS|TR,1,0,9991,0,14,0.05978,13,0.031083,301,49,4270,2391,6000,,0,,,,holding,normal,0,no_load,none,A2: hold position after move,servo-app/lab-0.1
1781162488.6388166,5.521426439285278,A2_HOLD_AFTER_MOVE,A2_HOLD_AFTER_MOVE_R01_20260611_142122,delta-asda-b3-e,1591,RTSO|SO|OE|VE|QS|TR,1,0,9997,0,14,0.05978,14,0.033474,302,49,4270,2391,6000,,0,,,,holding,normal,0,no_load,none,A2: hold position after move,servo-app/lab-0.1
1781162488.739292,5.621901750564575,A2_HOLD_AFTER_MOVE,A2_HOLD_AFTER_MOVE_R01_20260611_142122,delta-asda-b3-e,1591,RTSO|SO|OE|VE|QS|TR,1,0,9993,0,14,0.05978,13,0.031083,302,49,4270,2391,6000,,0,,,,holding,normal,0,no_load,none,A2: hold position after move,servo-app/lab-0.1
1781162488.8397973,5.722407102584839,A2_HOLD_AFTER_MOVE,A2_HOLD_AFTER_MOVE_R01_20260611_142122,delta-asda-b3-e,1591,RTSO|SO|OE|VE|QS|TR,1,0,9985,0,14,0.05978,14,0.033474,302,49,4270,2391,6000,,0,,,,holding,normal,0,no_load,none,A2: hold position after move,servo-app/lab-0.1
1781162488.9399655,5.822575330734253,A2_HOLD_AFTER_MOVE,A2_HOLD_AFTER_MOVE_R01_20260611_142122,delta-asda-b3-e,1591,RTSO|SO|OE|VE|QS|TR,1,0,9985,0,14,0.05978,14,0.033474,302,49,4270,2391,6000,,0,,,,holding,normal,0,no_load,none,A2: hold position after move,servo-app/lab-0.1
1781162489.0697846,5.952394485473633,A2_HOLD_AFTER_MOVE,A2_HOLD_AFTER_MOVE_R01_20260611_142122,delta-asda-b3-e,1591,RTSO|SO|OE|VE|QS|TR,1,0,9985,0,14,0.05978,13,0.031083,302,49,4270,2391,6000,,0,,,,holding,normal,0,no_load,none,A2: hold position after move,servo-app/lab-0.1
1781162489.1705642,6.053174018859863,A2_HOLD_AFTER_MOVE,A2_HOLD_AFTER_MOVE_R01_20260611_142122,delta-asda-b3-e,1591,RTSO|SO|OE|VE|QS|TR,1,0,9985,0,14,0.05978,13,0.031083,302,49,4270,2391,6000,,0,,,,holding,normal,0,no_load,none,A2: hold position after move,servo-app/lab-0.1
1781162489.2713032,6.1539130210876465,A2_HOLD_AFTER_MOVE,A2_HOLD_AFTER_MOVE_R01_20260611_142122,delta-asda-b3-e,1591,RTSO|SO|OE|VE|QS|TR,1,0,9985,0,14,0.05978,14,0.033474,302,49,4270,2391,6000,,0,,,,holding,normal,0,no_load,none,A2: hold position after move,servo-app/lab-0.1
1781162489.3718252,6.254435062408447,A2_HOLD_AFTER_MOVE,A2_HOLD_AFTER_MOVE_R01_20260611_142122,delta-asda-b3-e,1591,RTSO|SO|OE|VE|QS|TR,1,0,9985,0,14,0.05978,13,0.031083,302,49,4270,2391,6000,,0,,,,holding,normal,0,no_load,none,A2: hold position after move,servo-app/lab-0.1
1781162489.472356,6.354965925216675,A2_HOLD_AFTER_MOVE,A2_HOLD_AFTER_MOVE_R01_20260611_142122,delta-asda-b3-e,1591,RTSO|SO|OE|VE|QS|TR,1,0,9991,0,14,0.05978,14,0.033474,302,49,4270,2391,6000,,0,,,,holding,normal,0,no_load,none,A2: hold position after move,servo-app/lab-0.1
1781162489.572902,6.455511808395386,A2_HOLD_AFTER_MOVE,A2_HOLD_AFTER_MOVE_R01_20260611_142122,delta-asda-b3-e,1591,RTSO|SO|OE|VE|QS|TR,1,0,9985,0,14,0.05978,13,0.031083,302,49,4270,2391,6000,,0,,,,holding,normal,0,no_load,none,A2: hold position after move,servo-app/lab-0.1
1781162489.6730094,6.555619239807129,A2_HOLD_AFTER_MOVE,A2_HOLD_AFTER_MOVE_R01_20260611_142122,delta-asda-b3-e,1591,RTSO|SO|OE|VE|QS|TR,1,0,9985,0,14,0.05978,13,0.031083,302,49,4270,2391,6000,,0,,,,holding,normal,0,no_load,none,A2: hold position after move,servo-app/lab-0.1
1781162489.7731402,6.655750036239624,A2_HOLD_AFTER_MOVE,A2_HOLD_AFTER_MOVE_R01_20260611_142122,delta-asda-b3-e,1591,RTSO|SO|OE|VE|QS|TR,1,0,9997,0,13,0.05551,14,0.033474,302,49,4270,2391,6000,,0,,,,holding,normal,0,no_load,none,A2: hold position after move,servo-app/lab-0.1
1781162489.873668,6.756277799606323,A2_HOLD_AFTER_MOVE,A2_HOLD_AFTER_MOVE_R01_20260611_142122,delta-asda-b3-e,1591,RTSO|SO|OE|VE|QS|TR,1,0,9987,0,13,0.05551,14,0.033474,302,49,4270,2391,6000,,0,,,,holding,normal,0,no_load,none,A2: hold position after move,servo-app/lab-0.1
1781162489.975051,6.85766077041626,A2_HOLD_AFTER_MOVE,A2_HOLD_AFTER_MOVE_R01_20260611_142122,delta-asda-b3-e,1591,RTSO|SO|OE|VE|QS|TR,1,0,10009,0,14,0.05978,14,0.033474,302,49,4270,2391,6000,,0,,,,holding,normal,0,no_load,none,A2: hold position after move,servo-app/lab-0.1
1781162490.0760598,6.958669662475586,A2_HOLD_AFTER_MOVE,A2_HOLD_AFTER_MOVE_R01_20260611_142122,delta-asda-b3-e,1591,RTSO|SO|OE|VE|QS|TR,1,0,10023,0,13,0.05551,14,0.033474,301,49,4270,2391,6000,,0,,,,holding,normal,0,no_load,none,A2: hold position after move,servo-app/lab-0.1
1781162490.1762815,7.058891296386719,A2_HOLD_AFTER_MOVE,A2_HOLD_AFTER_MOVE_R01_20260611_142122,delta-asda-b3-e,1591,RTSO|SO|OE|VE|QS|TR,1,0,10035,0,14,0.05978,14,0.033474,302,49,4270,2391,6000,,0,,,,holding,normal,0,no_load,none,A2: hold position after move,servo-app/lab-0.1
1781162490.2764122,7.159022092819214,A2_HOLD_AFTER_MOVE,A2_HOLD_AFTER_MOVE_R01_20260611_142122,delta-asda-b3-e,1591,RTSO|SO|OE|VE|QS|TR,1,0,10031,0,14,0.05978,13,0.031083,302,49,4270,2391,6000,,0,,,,holding,normal,0,no_load,none,A2: hold position after move,servo-app/lab-0.1
1781162490.3767278,7.259337663650513,A2_HOLD_AFTER_MOVE,A2_HOLD_AFTER_MOVE_R01_20260611_142122,delta-asda-b3-e,1591,RTSO|SO|OE|VE|QS|TR,1,0,10031,0,14,0.05978,14,0.033474,302,49,4270,2391,6000,,0,,,,holding,normal,0,no_load,none,A2: hold position after move,servo-app/lab-0.1
1781162490.4769762,7.359586000442505,A2_HOLD_AFTER_MOVE,A2_HOLD_AFTER_MOVE_R01_20260611_142122,delta-asda-b3-e,1591,RTSO|SO|OE|VE|QS|TR,1,0,10019,0,14,0.05978,13,0.031083,302,49,4270,2391,6000,,0,,,,holding,normal,0,no_load,none,A2: hold position after move,servo-app/lab-0.1
1781162490.5772457,7.459855556488037,A2_HOLD_AFTER_MOVE,A2_HOLD_AFTER_MOVE_R01_20260611_142122,delta-asda-b3-e,1591,RTSO|SO|OE|VE|QS|TR,1,0,10009,0,14,0.05978,13,0.031083,302,49,4270,2391,6000,,0,,,,holding,normal,0,no_load,none,A2: hold position after move,servo-app/lab-0.1
1781162490.6774814,7.560091257095337,A2_HOLD_AFTER_MOVE,A2_HOLD_AFTER_MOVE_R01_20260611_142122,delta-asda-b3-e,1591,RTSO|SO|OE|VE|QS|TR,1,0,10023,0,14,0.05978,13,0.031083,301,49,4270,2391,6000,,0,,,,holding,normal,0,no_load,none,A2: hold position after move,servo-app/lab-0.1
1781162490.777798,7.660407781600952,A2_HOLD_AFTER_MOVE,A2_HOLD_AFTER_MOVE_R01_20260611_142122,delta-asda-b3-e,1591,RTSO|SO|OE|VE|QS|TR,1,0,9991,0,14,0.05978,14,0.033474,302,49,4270,2391,6000,,0,,,,holding,normal,0,no_load,none,A2: hold position after move,servo-app/lab-0.1
1781162490.8784783,7.761088132858276,A2_HOLD_AFTER_MOVE,A2_HOLD_AFTER_MOVE_R01_20260611_142122,delta-asda-b3-e,1591,RTSO|SO|OE|VE|QS|TR,1,0,9987,0,14,0.05978,13,0.031083,302,49,4270,2391,6000,,0,,,,holding,normal,0,no_load,none,A2: hold position after move,servo-app/lab-0.1
1781162490.978844,7.8614537715911865,A2_HOLD_AFTER_MOVE,A2_HOLD_AFTER_MOVE_R01_20260611_142122,delta-asda-b3-e,1591,RTSO|SO|OE|VE|QS|TR,1,0,9993,0,14,0.05978,14,0.033474,302,49,4270,2391,6000,,0,,,,holding,normal,0,no_load,none,A2: hold position after move,servo-app/lab-0.1
1781162491.0798142,7.962424039840698,A2_HOLD_AFTER_MOVE,A2_HOLD_AFTER_MOVE_R01_20260611_142122,delta-asda-b3-e,1591,RTSO|SO|OE|VE|QS|TR,1,0,9985,0,14,0.05978,14,0.033474,302,49,4270,2391,6000,,0,,,,holding,normal,0,no_load,none,A2: hold position after move,servo-app/lab-0.1
1781162491.1800363,8.06264615058899,A2_HOLD_AFTER_MOVE,A2_HOLD_AFTER_MOVE_R01_20260611_142122,delta-asda-b3-e,1591,RTSO|SO|OE|VE|QS|TR,1,0,9985,0,14,0.05978,13,0.031083,302,49,4270,2391,6000,,0,,,,holding,normal,0,no_load,none,A2: hold position after move,servo-app/lab-0.1
1781162491.280451,8.163060903549194,A2_HOLD_AFTER_MOVE,A2_HOLD_AFTER_MOVE_R01_20260611_142122,delta-asda-b3-e,1591,RTSO|SO|OE|VE|QS|TR,1,0,9973,0,13,0.05551,14,0.033474,302,49,4270,2391,6000,,0,,,,holding,normal,0,no_load,none,A2: hold position after move,servo-app/lab-0.1
1781162491.380644,8.263253927230835,A2_HOLD_AFTER_MOVE,A2_HOLD_AFTER_MOVE_R01_20260611_142122,delta-asda-b3-e,1591,RTSO|SO|OE|VE|QS|TR,1,0,9979,0,13,0.05551,14,0.033474,302,49,4270,2391,6000,,0,,,,holding,normal,0,no_load,none,A2: hold position after move,servo-app/lab-0.1
1781162491.4821186,8.364728450775146,A2_HOLD_AFTER_MOVE,A2_HOLD_AFTER_MOVE_R01_20260611_142122,delta-asda-b3-e,1591,RTSO|SO|OE|VE|QS|TR,1,0,9987,0,14,0.05978,14,0.033474,302,49,4270,2391,6000,,0,,,,holding,normal,0,no_load,none,A2: hold position after move,servo-app/lab-0.1
1781162491.5826397,8.46524953842163,A2_HOLD_AFTER_MOVE,A2_HOLD_AFTER_MOVE_R01_20260611_142122,delta-asda-b3-e,1591,RTSO|SO|OE|VE|QS|TR,1,0,9981,0,14,0.05978,13,0.031083,302,49,4270,2391,6000,,0,,,,holding,normal,0,no_load,none,A2: hold position after move,servo-app/lab-0.1
1781162491.6828117,8.56542158126831,A2_HOLD_AFTER_MOVE,A2_HOLD_AFTER_MOVE_R01_20260611_142122,delta-asda-b3-e,1591,RTSO|SO|OE|VE|QS|TR,1,0,9997,0,13,0.05551,14,0.033474,302,49,4270,2391,6000,,0,,,,holding,normal,0,no_load,none,A2: hold position after move,servo-app/lab-0.1
1781162491.7829456,8.665555477142334,A2_HOLD_AFTER_MOVE,A2_HOLD_AFTER_MOVE_R01_20260611_142122,delta-asda-b3-e,1591,RTSO|SO|OE|VE|QS|TR,1,0,9987,0,14,0.05978,14,0.033474,302,49,4270,2391,6000,,0,,,,holding,normal,0,no_load,none,A2: hold position after move,servo-app/lab-0.1
1781162491.883439,8.766048908233643,A2_HOLD_AFTER_MOVE,A2_HOLD_AFTER_MOVE_R01_20260611_142122,delta-asda-b3-e,1591,RTSO|SO|OE|VE|QS|TR,1,0,9997,0,13,0.05551,13,0.031083,302,49,4270,2391,6000,,0,,,,holding,normal,0,no_load,none,A2: hold position after move,servo-app/lab-0.1
1781162491.983897,8.866506814956665,A2_HOLD_AFTER_MOVE,A2_HOLD_AFTER_MOVE_R01_20260611_142122,delta-asda-b3-e,1591,RTSO|SO|OE|VE|QS|TR,1,0,9987,0,13,0.05551,14,0.033474,302,49,4270,2391,6000,,0,,,,holding,normal,0,no_load,none,A2: hold position after move,servo-app/lab-0.1
1781162492.0844276,8.967037439346313,A2_HOLD_AFTER_MOVE,A2_HOLD_AFTER_MOVE_R01_20260611_142122,delta-asda-b3-e,1591,RTSO|SO|OE|VE|QS|TR,1,0,10019,0,13,0.05551,14,0.033474,302,49,4270,2391,6000,,0,,,,holding,normal,0,no_load,none,A2: hold position after move,servo-app/lab-0.1
1781162492.185018,9.067627906799316,A2_HOLD_AFTER_MOVE,A2_HOLD_AFTER_MOVE_R01_20260611_142122,delta-asda-b3-e,1591,RTSO|SO|OE|VE|QS|TR,1,0,10009,0,13,0.05551,14,0.033474,302,49,4270,2391,6000,,0,,,,holding,normal,0,no_load,none,A2: hold position after move,servo-app/lab-0.1
1781162492.285202,9.167811870574951,A2_HOLD_AFTER_MOVE,A2_HOLD_AFTER_MOVE_R01_20260611_142122,delta-asda-b3-e,1591,RTSO|SO|OE|VE|QS|TR,1,0,10031,0,13,0.05551,14,0.033474,302,49,4270,2391,6000,,0,,,,holding,normal,0,no_load,none,A2: hold position after move,servo-app/lab-0.1
1781162492.3859992,9.268609046936035,A2_HOLD_AFTER_MOVE,A2_HOLD_AFTER_MOVE_R01_20260611_142122,delta-asda-b3-e,1591,RTSO|SO|OE|VE|QS|TR,1,0,10013,0,14,0.05978,13,0.031083,302,49,4270,2391,6000,,0,,,,holding,normal,0,no_load,none,A2: hold position after move,servo-app/lab-0.1
1781162492.4866116,9.369221448898315,A2_HOLD_AFTER_MOVE,A2_HOLD_AFTER_MOVE_R01_20260611_142122,delta-asda-b3-e,1591,RTSO|SO|OE|VE|QS|TR,1,0,10041,0,14,0.05978,13,0.031083,302,49,4270,2391,6000,,0,,,,holding,normal,0,no_load,none,A2: hold position after move,servo-app/lab-0.1
1781162492.5870504,9.46966028213501,A2_HOLD_AFTER_MOVE,A2_HOLD_AFTER_MOVE_R01_20260611_142122,delta-asda-b3-e,1591,RTSO|SO|OE|VE|QS|TR,1,0,9997,0,14,0.05978,13,0.031083,302,49,4270,2391,6000,,0,,,,holding,normal,0,no_load,none,A2: hold position after move,servo-app/lab-0.1
1781162492.6871636,9.569773435592651,A2_HOLD_AFTER_MOVE,A2_HOLD_AFTER_MOVE_R01_20260611_142122,delta-asda-b3-e,1591,RTSO|SO|OE|VE|QS|TR,1,0,10015,0,14,0.05978,13,0.031083,302,49,4270,2391,6000,,0,,,,holding,normal,0,no_load,none,A2: hold position after move,servo-app/lab-0.1
1781162492.787725,9.670334815979004,A2_HOLD_AFTER_MOVE,A2_HOLD_AFTER_MOVE_R01_20260611_142122,delta-asda-b3-e,1591,RTSO|SO|OE|VE|QS|TR,1,0,10009,0,14,0.05978,13,0.031083,302,49,4270,2391,6000,,0,,,,holding,normal,0,no_load,none,A2: hold position after move,servo-app/lab-0.1
1781162492.8880663,9.770676136016846,A2_HOLD_AFTER_MOVE,A2_HOLD_AFTER_MOVE_R01_20260611_142122,delta-asda-b3-e,1591,RTSO|SO|OE|VE|QS|TR,1,0,10003,0,14,0.05978,13,0.031083,302,49,4270,2391,6000,,0,,,,holding,normal,0,no_load,none,A2: hold position after move,servo-app/lab-0.1
1781162492.9882119,9.870821714401245,A2_HOLD_AFTER_MOVE,A2_HOLD_AFTER_MOVE_R01_20260611_142122,delta-asda-b3-e,1591,RTSO|SO|OE|VE|QS|TR,1,0,9985,0,14,0.05978,13,0.031083,302,49,4270,2391,6000,,0,,,,holding,normal,0,no_load,none,A2: hold position after move,servo-app/lab-0.1
1781162493.0887175,9.971327304840088,A2_HOLD_AFTER_MOVE,A2_HOLD_AFTER_MOVE_R01_20260611_142122,delta-asda-b3-e,1591,RTSO|SO|OE|VE|QS|TR,1,0,9987,0,13,0.05551,13,0.031083,302,49,4270,2391,6000,,0,,,,holding,normal,0,no_load,none,A2: hold position after move,servo-app/lab-0.1
1781162493.1890652,10.071675062179565,A2_HOLD_AFTER_MOVE,A2_HOLD_AFTER_MOVE_R01_20260611_142122,delta-asda-b3-e,1591,RTSO|SO|OE|VE|QS|TR,1,0,9991,0,13,0.05551,14,0.033474,302,49,4270,2391,6000,,0,,,,holding,normal,0,no_load,none,A2: hold position after move,servo-app/lab-0.1
1781162493.2897472,10.172357082366943,A2_HOLD_AFTER_MOVE,A2_HOLD_AFTER_MOVE_R01_20260611_142122,delta-asda-b3-e,1591,RTSO|SO|OE|VE|QS|TR,1,0,9985,0,13,0.05551,14,0.033474,302,49,4270,2391,6000,,0,,,,holding,normal,0,no_load,none,A2: hold position after move,servo-app/lab-0.1
1781162493.3901308,10.272740602493286,A2_HOLD_AFTER_MOVE,A2_HOLD_AFTER_MOVE_R01_20260611_142122,delta-asda-b3-e,1591,RTSO|SO|OE|VE|QS|TR,1,0,9987,0,14,0.05978,14,0.033474,302,49,4270,2391,6000,,0,,,,holding,normal,0,no_load,none,A2: hold position after move,servo-app/lab-0.1
1781162493.4911015,10.373711347579956,A2_HOLD_AFTER_MOVE,A2_HOLD_AFTER_MOVE_R01_20260611_142122,delta-asda-b3-e,1591,RTSO|SO|OE|VE|QS|TR,1,0,9987,0,13,0.05551,14,0.033474,302,49,4270,2391,6000,,0,,,,holding,normal,0,no_load,none,A2: hold position after move,servo-app/lab-0.1
1781162493.5913177,10.47392749786377,A2_HOLD_AFTER_MOVE,A2_HOLD_AFTER_MOVE_R01_20260611_142122,delta-asda-b3-e,1591,RTSO|SO|OE|VE|QS|TR,1,0,9985,0,13,0.05551,13,0.031083,302,49,4270,2391,6000,,0,,,,holding,normal,0,no_load,none,A2: hold position after move,servo-app/lab-0.1
1781162493.6914744,10.574084281921387,A2_HOLD_AFTER_MOVE,A2_HOLD_AFTER_MOVE_R01_20260611_142122,delta-asda-b3-e,1591,RTSO|SO|OE|VE|QS|TR,1,0,9985,0,14,0.05978,14,0.033474,302,49,4270,2391,6000,,0,,,,holding,normal,0,no_load,none,A2: hold position after move,servo-app/lab-0.1
1781162493.7918944,10.674504280090332,A2_HOLD_AFTER_MOVE,A2_HOLD_AFTER_MOVE_R01_20260611_142122,delta-asda-b3-e,1591,RTSO|SO|OE|VE|QS|TR,1,0,9987,0,14,0.05978,14,0.033474,302,49,4270,2391,6000,,0,,,,holding,normal,0,no_load,none,A2: hold position after move,servo-app/lab-0.1
1781162493.892005,10.774614810943604,A2_HOLD_AFTER_MOVE,A2_HOLD_AFTER_MOVE_R01_20260611_142122,delta-asda-b3-e,1591,RTSO|SO|OE|VE|QS|TR,1,0,9985,0,13,0.05551,13,0.031083,302,49,4270,2391,6000,,0,,,,holding,normal,0,no_load,none,A2: hold position after move,servo-app/lab-0.1
1781162493.9925752,10.875185012817383,A2_HOLD_AFTER_MOVE,A2_HOLD_AFTER_MOVE_R01_20260611_142122,delta-asda-b3-e,1591,RTSO|SO|OE|VE|QS|TR,1,0,9985,0,13,0.05551,13,0.031083,302,49,4270,2391,6000,,0,,,,holding,normal,0,no_load,none,A2: hold position after move,servo-app/lab-0.1
1781162494.09307,10.975679874420166,A2_HOLD_AFTER_MOVE,A2_HOLD_AFTER_MOVE_R01_20260611_142122,delta-asda-b3-e,1591,RTSO|SO|OE|VE|QS|TR,1,0,9997,0,14,0.05978,13,0.031083,302,49,4270,2391,6000,,0,,,,holding,normal,0,no_load,none,A2: hold position after move,servo-app/lab-0.1
1781162494.1931782,11.075788021087646,A2_HOLD_AFTER_MOVE,A2_HOLD_AFTER_MOVE_R01_20260611_142122,delta-asda-b3-e,1591,RTSO|SO|OE|VE|QS|TR,1,0,9991,0,14,0.05978,13,0.031083,302,49,4270,2391,6000,,0,,,,holding,normal,0,no_load,none,A2: hold position after move,servo-app/lab-0.1
1781162494.2936454,11.176255226135254,A2_HOLD_AFTER_MOVE,A2_HOLD_AFTER_MOVE_R01_20260611_142122,delta-asda-b3-e,1591,RTSO|SO|OE|VE|QS|TR,1,0,10009,0,14,0.05978,13,0.031083,302,49,4270,2391,6000,,0,,,,holding,normal,0,no_load,none,A2: hold position after move,servo-app/lab-0.1
1781162494.394907,11.277516841888428,A2_HOLD_AFTER_MOVE,A2_HOLD_AFTER_MOVE_R01_20260611_142122,delta-asda-b3-e,1591,RTSO|SO|OE|VE|QS|TR,1,0,10025,0,14,0.05978,13,0.031083,302,49,4270,2391,6000,,0,,,,holding,normal,0,no_load,none,A2: hold position after move,servo-app/lab-0.1
1781162494.4954026,11.378012418746948,A2_HOLD_AFTER_MOVE,A2_HOLD_AFTER_MOVE_R01_20260611_142122,delta-asda-b3-e,1591,RTSO|SO|OE|VE|QS|TR,1,0,10019,0,13,0.05551,13,0.031083,302,49,4270,2391,6000,,0,,,,holding,normal,0,no_load,none,A2: hold position after move,servo-app/lab-0.1
1781162494.5955772,11.478187084197998,A2_HOLD_AFTER_MOVE,A2_HOLD_AFTER_MOVE_R01_20260611_142122,delta-asda-b3-e,1591,RTSO|SO|OE|VE|QS|TR,1,0,10025,0,13,0.05551,14,0.033474,302,49,4270,2391,6000,,0,,,,holding,normal,0,no_load,none,A2: hold position after move,servo-app/lab-0.1
1781162494.696117,11.578726768493652,A2_HOLD_AFTER_MOVE,A2_HOLD_AFTER_MOVE_R01_20260611_142122,delta-asda-b3-e,1591,RTSO|SO|OE|VE|QS|TR,1,0,10015,0,14,0.05978,13,0.031083,302,49,4270,2391,6000,,0,,,,holding,normal,0,no_load,none,A2: hold position after move,servo-app/lab-0.1
1781162494.7962382,11.678848028182983,A2_HOLD_AFTER_MOVE,A2_HOLD_AFTER_MOVE_R01_20260611_142122,delta-asda-b3-e,1591,RTSO|SO|OE|VE|QS|TR,1,0,10023,0,14,0.05978,13,0.031083,302,49,4270,2391,6000,,0,,,,holding,normal,0,no_load,none,A2: hold position after move,servo-app/lab-0.1
1781162494.8967743,11.779384136199951,A2_HOLD_AFTER_MOVE,A2_HOLD_AFTER_MOVE_R01_20260611_142122,delta-asda-b3-e,1591,RTSO|SO|OE|VE|QS|TR,1,0,10019,0,14,0.05978,14,0.033474,302,49,4270,2391,6000,,0,,,,holding,normal,0,no_load,none,A2: hold position after move,servo-app/lab-0.1
1781162494.9971068,11.879716634750366,A2_HOLD_AFTER_MOVE,A2_HOLD_AFTER_MOVE_R01_20260611_142122,delta-asda-b3-e,1591,RTSO|SO|OE|VE|QS|TR,1,0,10009,0,13,0.05551,13,0.031083,302,49,4270,2391,6000,,0,,,,holding,normal,0,no_load,none,A2: hold position after move,servo-app/lab-0.1
1781162495.0979004,11.980510234832764,A2_HOLD_AFTER_MOVE,A2_HOLD_AFTER_MOVE_R01_20260611_142122,delta-asda-b3-e,1591,RTSO|SO|OE|VE|QS|TR,1,0,10005,0,13,0.05551,13,0.031083,302,49,4270,2391,6000,,0,,,,holding,normal,0,no_load,none,A2: hold position after move,servo-app/lab-0.1
1781162495.1984866,12.081096410751343,A2_HOLD_AFTER_MOVE,A2_HOLD_AFTER_MOVE_R01_20260611_142122,delta-asda-b3-e,1591,RTSO|SO|OE|VE|QS|TR,1,0,9997,0,14,0.05978,14,0.033474,302,49,4270,2391,6000,,0,,,,holding,normal,0,no_load,none,A2: hold position after move,servo-app/lab-0.1
1781162495.2986598,12.181269645690918,A2_HOLD_AFTER_MOVE,A2_HOLD_AFTER_MOVE_R01_20260611_142122,delta-asda-b3-e,1591,RTSO|SO|OE|VE|QS|TR,1,0,9993,0,14,0.05978,13,0.031083,302,49,4270,2391,6000,,0,,,,holding,normal,0,no_load,none,A2: hold position after move,servo-app/lab-0.1
1781162495.3989089,12.281518697738647,A2_HOLD_AFTER_MOVE,A2_HOLD_AFTER_MOVE_R01_20260611_142122,delta-asda-b3-e,1591,RTSO|SO|OE|VE|QS|TR,1,0,9973,0,14,0.05978,14,0.033474,302,49,4270,2391,6000,,0,,,,holding,normal,0,no_load,none,A2: hold position after move,servo-app/lab-0.1
1781162495.4991236,12.381733417510986,A2_HOLD_AFTER_MOVE,A2_HOLD_AFTER_MOVE_R01_20260611_142122,delta-asda-b3-e,1591,RTSO|SO|OE|VE|QS|TR,1,0,9985,0,14,0.05978,13,0.031083,302,49,4270,2391,6000,,0,,,,holding,normal,0,no_load,none,A2: hold position after move,servo-app/lab-0.1
1781162495.599609,12.482218742370605,A2_HOLD_AFTER_MOVE,A2_HOLD_AFTER_MOVE_R01_20260611_142122,delta-asda-b3-e,1591,RTSO|SO|OE|VE|QS|TR,1,0,9985,0,13,0.05551,14,0.033474,302,49,4270,2391,6000,,0,,,,holding,normal,0,no_load,none,A2: hold position after move,servo-app/lab-0.1
1781162495.700166,12.582775831222534,A2_HOLD_AFTER_MOVE,A2_HOLD_AFTER_MOVE_R01_20260611_142122,delta-asda-b3-e,1591,RTSO|SO|OE|VE|QS|TR,1,0,9973,0,13,0.05551,14,0.033474,302,49,4270,2391,6000,,0,,,,holding,normal,0,no_load,none,A2: hold position after move,servo-app/lab-0.1
1781162495.8015687,12.684178590774536,A2_HOLD_AFTER_MOVE,A2_HOLD_AFTER_MOVE_R01_20260611_142122,delta-asda-b3-e,1591,RTSO|SO|OE|VE|QS|TR,1,0,9985,0,14,0.05978,13,0.031083,302,49,4270,2391,6000,,0,,,,holding,normal,0,no_load,none,A2: hold position after move,servo-app/lab-0.1
1781162495.9020154,12.78462529182434,A2_HOLD_AFTER_MOVE,A2_HOLD_AFTER_MOVE_R01_20260611_142122,delta-asda-b3-e,1591,RTSO|SO|OE|VE|QS|TR,1,0,10009,0,13,0.05551,13,0.031083,302,49,4270,2391,6000,,0,,,,holding,normal,0,no_load,none,A2: hold position after move,servo-app/lab-0.1
1781162496.002489,12.885098934173584,A2_HOLD_AFTER_MOVE,A2_HOLD_AFTER_MOVE_R01_20260611_142122,delta-asda-b3-e,1591,RTSO|SO|OE|VE|QS|TR,1,0,9987,0,13,0.05551,14,0.033474,302,49,4270,2391,6000,,0,,,,holding,normal,0,no_load,none,A2: hold position after move,servo-app/lab-0.1
1781162496.103087,12.985696792602539,A2_HOLD_AFTER_MOVE,A2_HOLD_AFTER_MOVE_R01_20260611_142122,delta-asda-b3-e,1591,RTSO|SO|OE|VE|QS|TR,1,0,9985,0,14,0.05978,13,0.031083,302,49,4270,2391,6000,,0,,,,holding,normal,0,no_load,none,A2: hold position after move,servo-app/lab-0.1
1781162496.2042663,13.086876153945923,A2_HOLD_AFTER_MOVE,A2_HOLD_AFTER_MOVE_R01_20260611_142122,delta-asda-b3-e,1591,RTSO|SO|OE|VE|QS|TR,1,0,10031,0,13,0.05551,13,0.031083,302,49,4270,2391,6000,,0,,,,holding,normal,0,no_load,none,A2: hold position after move,servo-app/lab-0.1
1781162496.3044753,13.187085151672363,A2_HOLD_AFTER_MOVE,A2_HOLD_AFTER_MOVE_R01_20260611_142122,delta-asda-b3-e,1591,RTSO|SO|OE|VE|QS|TR,1,0,10023,0,14,0.05978,14,0.033474,302,49,4270,2391,6000,,0,,,,holding,normal,0,no_load,none,A2: hold position after move,servo-app/lab-0.1
1781162496.404778,13.28738784790039,A2_HOLD_AFTER_MOVE,A2_HOLD_AFTER_MOVE_R01_20260611_142122,delta-asda-b3-e,1591,RTSO|SO|OE|VE|QS|TR,1,0,10023,0,13,0.05551,14,0.033474,302,49,4270,2391,6000,,0,,,,holding,normal,0,no_load,none,A2: hold position after move,servo-app/lab-0.1
1781162496.5055094,13.388119220733643,A2_HOLD_AFTER_MOVE,A2_HOLD_AFTER_MOVE_R01_20260611_142122,delta-asda-b3-e,1591,RTSO|SO|OE|VE|QS|TR,1,0,10037,0,13,0.05551,14,0.033474,302,49,4270,2391,6000,,0,,,,holding,normal,0,no_load,none,A2: hold position after move,servo-app/lab-0.1
1781162496.605608,13.488217830657959,A2_HOLD_AFTER_MOVE,A2_HOLD_AFTER_MOVE_R01_20260611_142122,delta-asda-b3-e,1591,RTSO|SO|OE|VE|QS|TR,1,0,10031,0,14,0.05978,14,0.033474,302,49,4270,2391,6000,,0,,,,holding,normal,0,no_load,none,A2: hold position after move,servo-app/lab-0.1
1781162496.7059462,13.588556051254272,A2_HOLD_AFTER_MOVE,A2_HOLD_AFTER_MOVE_R01_20260611_142122,delta-asda-b3-e,1591,RTSO|SO|OE|VE|QS|TR,1,0,10031,0,13,0.05551,13,0.031083,302,49,4270,2391,6000,,0,,,,holding,normal,0,no_load,none,A2: hold position after move,servo-app/lab-0.1
1781162496.8061047,13.688714504241943,A2_HOLD_AFTER_MOVE,A2_HOLD_AFTER_MOVE_R01_20260611_142122,delta-asda-b3-e,1591,RTSO|SO|OE|VE|QS|TR,1,0,10009,0,14,0.05978,13,0.031083,303,49,4270,2391,6000,,0,,,,holding,normal,0,no_load,none,A2: hold position after move,servo-app/lab-0.1
1781162496.9066129,13.789222717285156,A2_HOLD_AFTER_MOVE,A2_HOLD_AFTER_MOVE_R01_20260611_142122,delta-asda-b3-e,1591,RTSO|SO|OE|VE|QS|TR,1,0,10015,0,14,0.05978,13,0.031083,302,49,4270,2391,6000,,0,,,,holding,normal,0,no_load,none,A2: hold position after move,servo-app/lab-0.1
1781162497.0068123,13.889422178268433,A2_HOLD_AFTER_MOVE,A2_HOLD_AFTER_MOVE_R01_20260611_142122,delta-asda-b3-e,1591,RTSO|SO|OE|VE|QS|TR,1,0,10009,0,13,0.05551,13,0.031083,302,49,4270,2391,6000,,0,,,,holding,normal,0,no_load,none,A2: hold position after move,servo-app/lab-0.1
1781162497.1077137,13.990323543548584,A2_HOLD_AFTER_MOVE,A2_HOLD_AFTER_MOVE_R01_20260611_142122,delta-asda-b3-e,1591,RTSO|SO|OE|VE|QS|TR,1,0,10005,0,14,0.05978,13,0.031083,301,49,4270,2391,6000,,0,,,,holding,normal,0,no_load,none,A2: hold position after move,servo-app/lab-0.1
1781162497.208268,14.090877771377563,A2_HOLD_AFTER_MOVE,A2_HOLD_AFTER_MOVE_R01_20260611_142122,delta-asda-b3-e,1591,RTSO|SO|OE|VE|QS|TR,1,0,9985,0,13,0.05551,14,0.033474,302,49,4270,2391,6000,,0,,,,holding,normal,0,no_load,none,A2: hold position after move,servo-app/lab-0.1
1781162497.3088746,14.191484451293945,A2_HOLD_AFTER_MOVE,A2_HOLD_AFTER_MOVE_R01_20260611_142122,delta-asda-b3-e,1591,RTSO|SO|OE|VE|QS|TR,1,0,9987,0,14,0.05978,14,0.033474,302,49,4270,2391,6000,,0,,,,holding,normal,0,no_load,none,A2: hold position after move,servo-app/lab-0.1
1781162497.4092398,14.291849613189697,A2_HOLD_AFTER_MOVE,A2_HOLD_AFTER_MOVE_R01_20260611_142122,delta-asda-b3-e,1591,RTSO|SO|OE|VE|QS|TR,1,0,9979,0,14,0.05978,13,0.031083,302,49,4270,2391,6000,,0,,,,holding,normal,0,no_load,none,A2: hold position after move,servo-app/lab-0.1
1781162497.5096748,14.392284631729126,A2_HOLD_AFTER_MOVE,A2_HOLD_AFTER_MOVE_R01_20260611_142122,delta-asda-b3-e,1591,RTSO|SO|OE|VE|QS|TR,1,0,9991,0,13,0.05551,13,0.031083,302,49,4270,2391,6000,,0,,,,holding,normal,0,no_load,none,A2: hold position after move,servo-app/lab-0.1
1781162497.6097548,14.492364645004272,A2_HOLD_AFTER_MOVE,A2_HOLD_AFTER_MOVE_R01_20260611_142122,delta-asda-b3-e,1591,RTSO|SO|OE|VE|QS|TR,1,0,9987,0,14,0.05978,14,0.033474,302,49,4270,2391,6000,,0,,,,holding,normal,0,no_load,none,A2: hold position after move,servo-app/lab-0.1
1781162497.7101247,14.592734575271606,A2_HOLD_AFTER_MOVE,A2_HOLD_AFTER_MOVE_R01_20260611_142122,delta-asda-b3-e,1591,RTSO|SO|OE|VE|QS|TR,1,0,9991,0,13,0.05551,14,0.033474,302,49,4270,2391,6000,,0,,,,holding,normal,0,no_load,none,A2: hold position after move,servo-app/lab-0.1
1781162497.8102224,14.692832231521606,A2_HOLD_AFTER_MOVE,A2_HOLD_AFTER_MOVE_R01_20260611_142122,delta-asda-b3-e,1591,RTSO|SO|OE|VE|QS|TR,1,0,9985,0,13,0.05551,13,0.031083,302,49,4270,2391,6000,,0,,,,holding,normal,0,no_load,none,A2: hold position after move,servo-app/lab-0.1
1781162497.9111483,14.793758153915405,A2_HOLD_AFTER_MOVE,A2_HOLD_AFTER_MOVE_R01_20260611_142122,delta-asda-b3-e,1591,RTSO|SO|OE|VE|QS|TR,1,0,9987,0,13,0.05551,13,0.031083,302,49,4270,2391,6000,,0,,,,holding,normal,0,no_load,none,A2: hold position after move,servo-app/lab-0.1
1781162498.0112786,14.893888473510742,A2_HOLD_AFTER_MOVE,A2_HOLD_AFTER_MOVE_R01_20260611_142122,delta-asda-b3-e,1591,RTSO|SO|OE|VE|QS|TR,1,0,9985,0,13,0.05551,13,0.031083,302,49,4270,2391,6000,,0,,,,holding,normal,0,no_load,none,A2: hold position after move,servo-app/lab-0.1
1781162498.1114905,14.994100332260132,A2_HOLD_AFTER_MOVE,A2_HOLD_AFTER_MOVE_R01_20260611_142122,delta-asda-b3-e,1591,RTSO|SO|OE|VE|QS|TR,1,0,9981,0,14,0.05978,13,0.031083,301,49,4270,2391,6000,,0,,,,holding,normal,0,no_load,none,A2: hold position after move,servo-app/lab-0.1
1781162498.2116787,15.09428858757019,A2_HOLD_AFTER_MOVE,A2_HOLD_AFTER_MOVE_R01_20260611_142122,delta-asda-b3-e,1591,RTSO|SO|OE|VE|QS|TR,1,0,9985,0,14,0.05978,13,0.031083,301,49,4270,2391,6000,,0,,,,holding,normal,0,no_load,none,A2: hold position after move,servo-app/lab-0.1
1781162498.311993,15.194602727890015,A2_HOLD_AFTER_MOVE,A2_HOLD_AFTER_MOVE_R01_20260611_142122,delta-asda-b3-e,1591,RTSO|SO|OE|VE|QS|TR,1,0,9973,0,13,0.05551,14,0.033474,302,49,4270,2391,6000,,0,,,,holding,normal,0,no_load,none,A2: hold position after move,servo-app/lab-0.1
1781162498.4124875,15.295097351074219,A2_HOLD_AFTER_MOVE,A2_HOLD_AFTER_MOVE_R01_20260611_142122,delta-asda-b3-e,1591,RTSO|SO|OE|VE|QS|TR,1,0,9997,0,13,0.05551,13,0.031083,302,49,4270,2391,6000,,0,,,,holding,normal,0,no_load,none,A2: hold position after move,servo-app/lab-0.1
1781162498.512817,15.395426750183105,A2_HOLD_AFTER_MOVE,A2_HOLD_AFTER_MOVE_R01_20260611_142122,delta-asda-b3-e,1591,RTSO|SO|OE|VE|QS|TR,1,0,9991,0,13,0.05551,13,0.031083,302,49,4270,2391,6000,,0,,,,holding,normal,0,no_load,none,A2: hold position after move,servo-app/lab-0.1
1781162498.612945,15.49555492401123,A2_HOLD_AFTER_MOVE,A2_HOLD_AFTER_MOVE_R01_20260611_142122,delta-asda-b3-e,1591,RTSO|SO|OE|VE|QS|TR,1,0,9987,0,14,0.05978,14,0.033474,302,49,4270,2391,6000,,0,,,,holding,normal,0,no_load,none,A2: hold position after move,servo-app/lab-0.1
1781162498.7132106,15.595820426940918,A2_HOLD_AFTER_MOVE,A2_HOLD_AFTER_MOVE_R01_20260611_142122,delta-asda-b3-e,1591,RTSO|SO|OE|VE|QS|TR,1,0,10015,0,13,0.05551,14,0.033474,302,49,4270,2391,6000,,0,,,,holding,normal,0,no_load,none,A2: hold position after move,servo-app/lab-0.1
1781162498.8133276,15.695937395095825,A2_HOLD_AFTER_MOVE,A2_HOLD_AFTER_MOVE_R01_20260611_142122,delta-asda-b3-e,1591,RTSO|SO|OE|VE|QS|TR,1,0,10009,0,12,0.05124,13,0.031083,302,49,4270,2391,6000,,0,,,,holding,normal,0,no_load,none,A2: hold position after move,servo-app/lab-0.1
1781162498.913852,15.796461820602417,A2_HOLD_AFTER_MOVE,A2_HOLD_AFTER_MOVE_R01_20260611_142122,delta-asda-b3-e,1591,RTSO|SO|OE|VE|QS|TR,1,0,10015,0,14,0.05978,13,0.031083,302,49,4270,2391,6000,,0,,,,holding,normal,0,no_load,none,A2: hold position after move,servo-app/lab-0.1
1781162499.013994,15.89660382270813,A2_HOLD_AFTER_MOVE,A2_HOLD_AFTER_MOVE_R01_20260611_142122,delta-asda-b3-e,1591,RTSO|SO|OE|VE|QS|TR,1,0,10019,0,14,0.05978,13,0.031083,302,49,4270,2391,6000,,0,,,,holding,normal,0,no_load,none,A2: hold position after move,servo-app/lab-0.1
1781162499.1145282,15.997138023376465,A2_HOLD_AFTER_MOVE,A2_HOLD_AFTER_MOVE_R01_20260611_142122,delta-asda-b3-e,1591,RTSO|SO|OE|VE|QS|TR,1,0,10035,0,13,0.05551,13,0.031083,302,49,4270,2391,6000,,0,,,,holding,normal,0,no_load,none,A2: hold position after move,servo-app/lab-0.1
1781162499.2150126,16.097622394561768,A2_HOLD_AFTER_MOVE,A2_HOLD_AFTER_MOVE_R01_20260611_142122,delta-asda-b3-e,1591,RTSO|SO|OE|VE|QS|TR,1,0,10031,0,13,0.05551,13,0.031083,302,49,4270,2391,6000,,0,,,,holding,normal,0,no_load,none,A2: hold position after move,servo-app/lab-0.1
1781162499.3151274,16.197737216949463,A2_HOLD_AFTER_MOVE,A2_HOLD_AFTER_MOVE_R01_20260611_142122,delta-asda-b3-e,1591,RTSO|SO|OE|VE|QS|TR,1,0,10041,0,13,0.05551,13,0.031083,302,49,4270,2391,6000,,0,,,,holding,normal,0,no_load,none,A2: hold position after move,servo-app/lab-0.1
1781162499.4152792,16.29788899421692,A2_HOLD_AFTER_MOVE,A2_HOLD_AFTER_MOVE_R01_20260611_142122,delta-asda-b3-e,1591,RTSO|SO|OE|VE|QS|TR,1,0,10023,0,13,0.05551,14,0.033474,302,49,4270,2391,6000,,0,,,,holding,normal,0,no_load,none,A2: hold position after move,servo-app/lab-0.1
1781162499.5155358,16.39814567565918,A2_HOLD_AFTER_MOVE,A2_HOLD_AFTER_MOVE_R01_20260611_142122,delta-asda-b3-e,1591,RTSO|SO|OE|VE|QS|TR,1,0,10031,0,14,0.05978,14,0.033474,302,49,4270,2391,6000,,0,,,,holding,normal,0,no_load,none,A2: hold position after move,servo-app/lab-0.1
1781162499.6160433,16.498653173446655,A2_HOLD_AFTER_MOVE,A2_HOLD_AFTER_MOVE_R01_20260611_142122,delta-asda-b3-e,1591,RTSO|SO|OE|VE|QS|TR,1,0,10015,0,13,0.05551,13,0.031083,302,49,4270,2391,6000,,0,,,,holding,normal,0,no_load,none,A2: hold position after move,servo-app/lab-0.1
1781162499.7165494,16.599159240722656,A2_HOLD_AFTER_MOVE,A2_HOLD_AFTER_MOVE_R01_20260611_142122,delta-asda-b3-e,1591,RTSO|SO|OE|VE|QS|TR,1,0,9991,0,14,0.05978,13,0.031083,302,49,4270,2391,6000,,0,,,,holding,normal,0,no_load,none,A2: hold position after move,servo-app/lab-0.1
1781162499.8169594,16.69956922531128,A2_HOLD_AFTER_MOVE,A2_HOLD_AFTER_MOVE_R01_20260611_142122,delta-asda-b3-e,1591,RTSO|SO|OE|VE|QS|TR,1,0,10003,0,13,0.05551,13,0.031083,302,49,4270,2391,6000,,0,,,,holding,normal,0,no_load,none,A2: hold position after move,servo-app/lab-0.1
1781162499.9176683,16.800278186798096,A2_HOLD_AFTER_MOVE,A2_HOLD_AFTER_MOVE_R01_20260611_142122,delta-asda-b3-e,1591,RTSO|SO|OE|VE|QS|TR,1,0,9985,0,13,0.05551,14,0.033474,302,49,4270,2391,6000,,0,,,,holding,normal,0,no_load,none,A2: hold position after move,servo-app/lab-0.1
1781162500.0178998,16.90050959587097,A2_HOLD_AFTER_MOVE,A2_HOLD_AFTER_MOVE_R01_20260611_142122,delta-asda-b3-e,1591,RTSO|SO|OE|VE|QS|TR,1,0,9987,0,13,0.05551,13,0.031083,301,49,4270,2391,6000,,0,,,,holding,normal,0,no_load,none,A2: hold position after move,servo-app/lab-0.1
1781162500.118465,17.00107479095459,A2_HOLD_AFTER_MOVE,A2_HOLD_AFTER_MOVE_R01_20260611_142122,delta-asda-b3-e,1591,RTSO|SO|OE|VE|QS|TR,1,0,9985,0,13,0.05551,13,0.031083,302,49,4270,2391,6000,,0,,,,holding,normal,0,no_load,none,A2: hold position after move,servo-app/lab-0.1
1781162500.218557,17.10116672515869,A2_HOLD_AFTER_MOVE,A2_HOLD_AFTER_MOVE_R01_20260611_142122,delta-asda-b3-e,1591,RTSO|SO|OE|VE|QS|TR,1,0,9985,0,13,0.05551,13,0.031083,302,49,4270,2391,6000,,0,,,,holding,normal,0,no_load,none,A2: hold position after move,servo-app/lab-0.1
1781162500.3189654,17.20157527923584,A2_HOLD_AFTER_MOVE,A2_HOLD_AFTER_MOVE_R01_20260611_142122,delta-asda-b3-e,1591,RTSO|SO|OE|VE|QS|TR,1,0,9985,0,13,0.05551,14,0.033474,302,49,4270,2391,6000,,0,,,,holding,normal,0,no_load,none,A2: hold position after move,servo-app/lab-0.1
1781162500.4192214,17.301831245422363,A2_HOLD_AFTER_MOVE,A2_HOLD_AFTER_MOVE_R01_20260611_142122,delta-asda-b3-e,1591,RTSO|SO|OE|VE|QS|TR,1,0,9985,0,13,0.05551,13,0.031083,302,49,4270,2391,6000,,0,,,,holding,normal,0,no_load,none,A2: hold position after move,servo-app/lab-0.1
1781162500.5197003,17.402310132980347,A2_HOLD_AFTER_MOVE,A2_HOLD_AFTER_MOVE_R01_20260611_142122,delta-asda-b3-e,1591,RTSO|SO|OE|VE|QS|TR,1,0,9985,0,14,0.05978,13,0.031083,302,49,4270,2391,6000,,0,,,,holding,normal,0,no_load,none,A2: hold position after move,servo-app/lab-0.1
1781162500.6204507,17.503060579299927,A2_HOLD_AFTER_MOVE,A2_HOLD_AFTER_MOVE_R01_20260611_142122,delta-asda-b3-e,1591,RTSO|SO|OE|VE|QS|TR,1,0,9985,0,13,0.05551,13,0.031083,302,49,4270,2391,6000,,0,,,,holding,normal,0,no_load,none,A2: hold position after move,servo-app/lab-0.1
1781162500.7207913,17.60340118408203,A2_HOLD_AFTER_MOVE,A2_HOLD_AFTER_MOVE_R01_20260611_142122,delta-asda-b3-e,1591,RTSO|SO|OE|VE|QS|TR,1,0,9985,0,13,0.05551,14,0.033474,302,49,4270,2391,6000,,0,,,,holding,normal,0,no_load,none,A2: hold position after move,servo-app/lab-0.1
1781162500.8215947,17.704204559326172,A2_HOLD_AFTER_MOVE,A2_HOLD_AFTER_MOVE_R01_20260611_142122,delta-asda-b3-e,1591,RTSO|SO|OE|VE|QS|TR,1,0,9987,0,15,0.06405,13,0.031083,302,49,4270,2391,6000,,0,,,,holding,normal,0,no_load,none,A2: hold position after move,servo-app/lab-0.1
1781162500.9221113,17.804721117019653,A2_HOLD_AFTER_MOVE,A2_HOLD_AFTER_MOVE_R01_20260611_142122,delta-asda-b3-e,1591,RTSO|SO|OE|VE|QS|TR,1,0,9997,0,13,0.05551,13,0.031083,302,49,4270,2391,6000,,0,,,,holding,normal,0,no_load,none,A2: hold position after move,servo-app/lab-0.1
1781162501.0222125,17.90482234954834,A2_HOLD_AFTER_MOVE,A2_HOLD_AFTER_MOVE_R01_20260611_142122,delta-asda-b3-e,1591,RTSO|SO|OE|VE|QS|TR,1,0,9987,0,14,0.05978,13,0.031083,302,49,4270,2391,6000,,0,,,,holding,normal,0,no_load,none,A2: hold position after move,servo-app/lab-0.1
1781162501.1230557,18.00566554069519,A2_HOLD_AFTER_MOVE,A2_HOLD_AFTER_MOVE_R01_20260611_142122,delta-asda-b3-e,1591,RTSO|SO|OE|VE|QS|TR,1,0,10003,0,13,0.05551,13,0.031083,302,49,4270,2391,6000,,0,,,,holding,normal,0,no_load,none,A2: hold position after move,servo-app/lab-0.1
1781162501.2233746,18.105984449386597,A2_HOLD_AFTER_MOVE,A2_HOLD_AFTER_MOVE_R01_20260611_142122,delta-asda-b3-e,1591,RTSO|SO|OE|VE|QS|TR,1,0,10023,0,13,0.05551,13,0.031083,302,49,4270,2391,6000,,0,,,,holding,normal,0,no_load,none,A2: hold position after move,servo-app/lab-0.1
1781162501.3239338,18.206543684005737,A2_HOLD_AFTER_MOVE,A2_HOLD_AFTER_MOVE_R01_20260611_142122,delta-asda-b3-e,1591,RTSO|SO|OE|VE|QS|TR,1,0,10009,0,14,0.05978,13,0.031083,302,49,4270,2391,6000,,0,,,,holding,normal,0,no_load,none,A2: hold position after move,servo-app/lab-0.1
1781162501.5805762,18.463186025619507,A2_HOLD_AFTER_MOVE,A2_HOLD_AFTER_MOVE_R01_20260611_142122,delta-asda-b3-e,1591,RTSO|SO|OE|VE|QS|TR,1,0,9987,0,14,0.05978,13,0.031083,302,49,4270,2391,6000,,0,,,,holding,normal,0,no_load,none,A2: hold position after move,servo-app/lab-0.1
1781162501.6808195,18.563429355621338,A2_HOLD_AFTER_MOVE,A2_HOLD_AFTER_MOVE_R01_20260611_142122,delta-asda-b3-e,1591,RTSO|SO|OE|VE|QS|TR,1,0,9987,0,14,0.05978,13,0.031083,302,49,4270,2391,6000,,0,,,,holding,normal,0,no_load,none,A2: hold position after move,servo-app/lab-0.1
1781162501.7814536,18.664063453674316,A2_HOLD_AFTER_MOVE,A2_HOLD_AFTER_MOVE_R01_20260611_142122,delta-asda-b3-e,1591,RTSO|SO|OE|VE|QS|TR,1,0,9985,0,13,0.05551,13,0.031083,302,49,4270,2391,6000,,0,,,,holding,normal,0,no_load,none,A2: hold position after move,servo-app/lab-0.1
1781162501.8815308,18.764140605926514,A2_HOLD_AFTER_MOVE,A2_HOLD_AFTER_MOVE_R01_20260611_142122,delta-asda-b3-e,1591,RTSO|SO|OE|VE|QS|TR,1,0,9987,0,14,0.05978,13,0.031083,302,49,4270,2391,6000,,0,,,,holding,normal,0,no_load,none,A2: hold position after move,servo-app/lab-0.1
1781162501.9820516,18.86466145515442,A2_HOLD_AFTER_MOVE,A2_HOLD_AFTER_MOVE_R01_20260611_142122,delta-asda-b3-e,1591,RTSO|SO|OE|VE|QS|TR,1,0,9987,0,12,0.05124,13,0.031083,302,49,4270,2391,6000,,0,,,,holding,normal,0,no_load,none,A2: hold position after move,servo-app/lab-0.1
1781162502.082452,18.965061902999878,A2_HOLD_AFTER_MOVE,A2_HOLD_AFTER_MOVE_R01_20260611_142122,delta-asda-b3-e,1591,RTSO|SO|OE|VE|QS|TR,1,0,10013,0,13,0.05551,14,0.033474,302,49,4270,2391,6000,,0,,,,holding,normal,0,no_load,none,A2: hold position after move,servo-app/lab-0.1
1781162502.1830955,19.06570529937744,A2_HOLD_AFTER_MOVE,A2_HOLD_AFTER_MOVE_R01_20260611_142122,delta-asda-b3-e,1591,RTSO|SO|OE|VE|QS|TR,1,0,10015,0,13,0.05551,13,0.031083,302,49,4270,2391,6000,,0,,,,holding,normal,0,no_load,none,A2: hold position after move,servo-app/lab-0.1
1781162502.2834225,19.166032314300537,A2_HOLD_AFTER_MOVE,A2_HOLD_AFTER_MOVE_R01_20260611_142122,delta-asda-b3-e,1591,RTSO|SO|OE|VE|QS|TR,1,0,10015,0,13,0.05551,13,0.031083,302,49,4270,2391,6000,,0,,,,holding,normal,0,no_load,none,A2: hold position after move,servo-app/lab-0.1
1781162502.3837876,19.26639747619629,A2_HOLD_AFTER_MOVE,A2_HOLD_AFTER_MOVE_R01_20260611_142122,delta-asda-b3-e,1591,RTSO|SO|OE|VE|QS|TR,1,0,10023,0,13,0.05551,13,0.031083,302,49,4270,2391,6000,,0,,,,holding,normal,0,no_load,none,A2: hold position after move,servo-app/lab-0.1
1781162502.4842124,19.366822242736816,A2_HOLD_AFTER_MOVE,A2_HOLD_AFTER_MOVE_R01_20260611_142122,delta-asda-b3-e,1591,RTSO|SO|OE|VE|QS|TR,1,0,10031,0,13,0.05551,14,0.033474,302,49,4270,2391,6000,,0,,,,holding,normal,0,no_load,none,A2: hold position after move,servo-app/lab-0.1
1781162502.5847797,19.467389583587646,A2_HOLD_AFTER_MOVE,A2_HOLD_AFTER_MOVE_R01_20260611_142122,delta-asda-b3-e,1591,RTSO|SO|OE|VE|QS|TR,1,0,10035,0,13,0.05551,13,0.031083,302,49,4270,2391,6000,,0,,,,holding,normal,0,no_load,none,A2: hold position after move,servo-app/lab-0.1
1781162502.684903,19.56751275062561,A2_HOLD_AFTER_MOVE,A2_HOLD_AFTER_MOVE_R01_20260611_142122,delta-asda-b3-e,1591,RTSO|SO|OE|VE|QS|TR,1,0,10031,0,13,0.05551,14,0.033474,302,49,4270,2391,6000,,0,,,,holding,normal,0,no_load,none,A2: hold position after move,servo-app/lab-0.1
1781162502.785081,19.667690753936768,A2_HOLD_AFTER_MOVE,A2_HOLD_AFTER_MOVE_R01_20260611_142122,delta-asda-b3-e,1591,RTSO|SO|OE|VE|QS|TR,1,0,10031,0,14,0.05978,13,0.031083,302,49,4270,2391,6000,,0,,,,holding,normal,0,no_load,none,A2: hold position after move,servo-app/lab-0.1
1781162502.8854926,19.768102407455444,A2_HOLD_AFTER_MOVE,A2_HOLD_AFTER_MOVE_R01_20260611_142122,delta-asda-b3-e,1591,RTSO|SO|OE|VE|QS|TR,1,0,10025,0,13,0.05551,13,0.031083,302,49,4270,2391,6000,,0,,,,holding,normal,0,no_load,none,A2: hold position after move,servo-app/lab-0.1
1781162502.9859066,19.868516445159912,A2_HOLD_AFTER_MOVE,A2_HOLD_AFTER_MOVE_R01_20260611_142122,delta-asda-b3-e,1591,RTSO|SO|OE|VE|QS|TR,1,0,10009,0,14,0.05978,13,0.031083,302,49,4270,2391,6000,,0,,,,holding,normal,0,no_load,none,A2: hold position after move,servo-app/lab-0.1
1781162503.086343,19.968952894210815,A2_HOLD_AFTER_MOVE,A2_HOLD_AFTER_MOVE_R01_20260611_142122,delta-asda-b3-e,1591,RTSO|SO|OE|VE|QS|TR,1,0,9987,0,13,0.05551,14,0.033474,302,49,4270,2391,6000,,0,,,,holding,normal,0,no_load,none,A2: hold position after move,servo-app/lab-0.1
1781162503.1872048,20.069814682006836,A2_HOLD_AFTER_MOVE,A2_HOLD_AFTER_MOVE_R01_20260611_142122,delta-asda-b3-e,1591,RTSO|SO|OE|VE|QS|TR,1,0,9987,0,13,0.05551,14,0.033474,302,49,4270,2391,6000,,0,,,,holding,normal,0,no_load,none,A2: hold position after move,servo-app/lab-0.1
1781162503.2881057,20.17071557044983,A2_HOLD_AFTER_MOVE,A2_HOLD_AFTER_MOVE_R01_20260611_142122,delta-asda-b3-e,1591,RTSO|SO|OE|VE|QS|TR,1,0,9985,0,14,0.05978,13,0.031083,302,49,4270,2391,6000,,0,,,,holding,normal,0,no_load,none,A2: hold position after move,servo-app/lab-0.1
1781162503.3893185,20.271928310394287,A2_HOLD_AFTER_MOVE,A2_HOLD_AFTER_MOVE_R01_20260611_142122,delta-asda-b3-e,1591,RTSO|SO|OE|VE|QS|TR,1,0,9985,0,14,0.05978,14,0.033474,302,49,4270,2391,6000,,0,,,,holding,normal,0,no_load,none,A2: hold position after move,servo-app/lab-0.1
1781162503.4898014,20.372411251068115,A2_HOLD_AFTER_MOVE,A2_HOLD_AFTER_MOVE_R01_20260611_142122,delta-asda-b3-e,1591,RTSO|SO|OE|VE|QS|TR,1,0,9985,0,15,0.06405,14,0.033474,302,49,4270,2391,6000,,0,,,,holding,normal,0,no_load,none,A2: hold position after move,servo-app/lab-0.1
1781162503.5907514,20.473361253738403,A2_HOLD_AFTER_MOVE,A2_HOLD_AFTER_MOVE_R01_20260611_142122,delta-asda-b3-e,1591,RTSO|SO|OE|VE|QS|TR,1,0,9987,0,14,0.05978,13,0.031083,302,49,4270,2391,6000,,0,,,,holding,normal,0,no_load,none,A2: hold position after move,servo-app/lab-0.1
1781162503.6914017,20.57401156425476,A2_HOLD_AFTER_MOVE,A2_HOLD_AFTER_MOVE_R01_20260611_142122,delta-asda-b3-e,1591,RTSO|SO|OE|VE|QS|TR,1,0,9987,0,14,0.05978,14,0.033474,302,49,4270,2391,6000,,0,,,,holding,normal,0,no_load,none,A2: hold position after move,servo-app/lab-0.1
1781162503.792522,20.675131797790527,A2_HOLD_AFTER_MOVE,A2_HOLD_AFTER_MOVE_R01_20260611_142122,delta-asda-b3-e,1591,RTSO|SO|OE|VE|QS|TR,1,0,10009,0,14,0.05978,13,0.031083,302,49,4270,2391,6000,,0,,,,holding,normal,0,no_load,none,A2: hold position after move,servo-app/lab-0.1
1781162503.8932142,20.775824069976807,A2_HOLD_AFTER_MOVE,A2_HOLD_AFTER_MOVE_R01_20260611_142122,delta-asda-b3-e,1591,RTSO|SO|OE|VE|QS|TR,1,0,10031,0,13,0.05551,13,0.031083,302,49,4270,2391,6000,,0,,,,holding,normal,0,no_load,none,A2: hold position after move,servo-app/lab-0.1
1781162503.9939659,20.876575708389282,A2_HOLD_AFTER_MOVE,A2_HOLD_AFTER_MOVE_R01_20260611_142122,delta-asda-b3-e,1591,RTSO|SO|OE|VE|QS|TR,1,0,10031,0,13,0.05551,13,0.031083,302,49,4270,2391,6000,,0,,,,holding,normal,0,no_load,none,A2: hold position after move,servo-app/lab-0.1
1781162504.095296,20.977905750274658,A2_HOLD_AFTER_MOVE,A2_HOLD_AFTER_MOVE_R01_20260611_142122,delta-asda-b3-e,1591,RTSO|SO|OE|VE|QS|TR,1,0,9997,0,14,0.05978,13,0.031083,302,49,4270,2391,6000,,0,,,,holding,normal,0,no_load,none,A2: hold position after move,servo-app/lab-0.1
1781162504.1953962,21.07800602912903,A2_HOLD_AFTER_MOVE,A2_HOLD_AFTER_MOVE_R01_20260611_142122,delta-asda-b3-e,1591,RTSO|SO|OE|VE|QS|TR,1,0,10009,0,14,0.05978,12,0.028692,302,49,4270,2391,6000,,0,,,,holding,normal,0,no_load,none,A2: hold position after move,servo-app/lab-0.1
1781162504.2959125,21.17852234840393,A2_HOLD_AFTER_MOVE,A2_HOLD_AFTER_MOVE_R01_20260611_142122,delta-asda-b3-e,1591,RTSO|SO|OE|VE|QS|TR,1,0,10005,0,13,0.05551,13,0.031083,302,49,4270,2391,6000,,0,,,,holding,normal,0,no_load,none,A2: hold position after move,servo-app/lab-0.1
1781162504.396119,21.27872896194458,A2_HOLD_AFTER_MOVE,A2_HOLD_AFTER_MOVE_R01_20260611_142122,delta-asda-b3-e,1591,RTSO|SO|OE|VE|QS|TR,1,0,10009,0,13,0.05551,13,0.031083,302,49,4270,2391,6000,,0,,,,holding,normal,0,no_load,none,A2: hold position after move,servo-app/lab-0.1
1781162504.4967391,21.37934899330139,A2_HOLD_AFTER_MOVE,A2_HOLD_AFTER_MOVE_R01_20260611_142122,delta-asda-b3-e,1591,RTSO|SO|OE|VE|QS|TR,1,0,9987,0,13,0.05551,13,0.031083,302,49,4270,2391,6000,,0,,,,holding,normal,0,no_load,none,A2: hold position after move,servo-app/lab-0.1
1781162504.597013,21.479622840881348,A2_HOLD_AFTER_MOVE,A2_HOLD_AFTER_MOVE_R01_20260611_142122,delta-asda-b3-e,1591,RTSO|SO|OE|VE|QS|TR,1,0,9991,0,14,0.05978,14,0.033474,302,49,4270,2391,6000,,0,,,,holding,normal,0,no_load,none,A2: hold position after move,servo-app/lab-0.1
1781162504.6980588,21.580668687820435,A2_HOLD_AFTER_MOVE,A2_HOLD_AFTER_MOVE_R01_20260611_142122,delta-asda-b3-e,1591,RTSO|SO|OE|VE|QS|TR,1,0,9987,0,13,0.05551,14,0.033474,302,49,4270,2391,6000,,0,,,,holding,normal,0,no_load,none,A2: hold position after move,servo-app/lab-0.1
1781162504.7986033,21.68121314048767,A2_HOLD_AFTER_MOVE,A2_HOLD_AFTER_MOVE_R01_20260611_142122,delta-asda-b3-e,1591,RTSO|SO|OE|VE|QS|TR,1,0,9985,0,14,0.05978,14,0.033474,302,49,4270,2391,6000,,0,,,,holding,normal,0,no_load,none,A2: hold position after move,servo-app/lab-0.1
1781162504.8988788,21.78148865699768,A2_HOLD_AFTER_MOVE,A2_HOLD_AFTER_MOVE_R01_20260611_142122,delta-asda-b3-e,1591,RTSO|SO|OE|VE|QS|TR,1,0,9973,0,13,0.05551,13,0.031083,302,49,4270,2391,6000,,0,,,,holding,normal,0,no_load,none,A2: hold position after move,servo-app/lab-0.1
1781162504.9990413,21.881651163101196,A2_HOLD_AFTER_MOVE,A2_HOLD_AFTER_MOVE_R01_20260611_142122,delta-asda-b3-e,1591,RTSO|SO|OE|VE|QS|TR,1,0,9987,0,13,0.05551,13,0.031083,302,49,4270,2391,6000,,0,,,,holding,normal,0,no_load,none,A2: hold position after move,servo-app/lab-0.1
1781162505.099541,21.98215079307556,A2_HOLD_AFTER_MOVE,A2_HOLD_AFTER_MOVE_R01_20260611_142122,delta-asda-b3-e,1591,RTSO|SO|OE|VE|QS|TR,1,0,9985,0,14,0.05978,13,0.031083,302,49,4270,2391,6000,,0,,,,holding,normal,0,no_load,none,A2: hold position after move,servo-app/lab-0.1
1781162505.200206,22.082815885543823,A2_HOLD_AFTER_MOVE,A2_HOLD_AFTER_MOVE_R01_20260611_142122,delta-asda-b3-e,1591,RTSO|SO|OE|VE|QS|TR,1,0,9987,0,14,0.05978,13,0.031083,302,49,4270,2391,6000,,0,,,,holding,normal,0,no_load,none,A2: hold position after move,servo-app/lab-0.1
1781162505.300311,22.182920932769775,A2_HOLD_AFTER_MOVE,A2_HOLD_AFTER_MOVE_R01_20260611_142122,delta-asda-b3-e,1591,RTSO|SO|OE|VE|QS|TR,1,0,9985,0,13,0.05551,14,0.033474,302,49,4270,2391,6000,,0,,,,holding,normal,0,no_load,none,A2: hold position after move,servo-app/lab-0.1
1781162505.4004397,22.28304958343506,A2_HOLD_AFTER_MOVE,A2_HOLD_AFTER_MOVE_R01_20260611_142122,delta-asda-b3-e,1591,RTSO|SO|OE|VE|QS|TR,1,0,9991,0,13,0.05551,13,0.031083,302,49,4270,2391,6000,,0,,,,holding,normal,0,no_load,none,A2: hold position after move,servo-app/lab-0.1
1781162505.5008714,22.38348126411438,A2_HOLD_AFTER_MOVE,A2_HOLD_AFTER_MOVE_R01_20260611_142122,delta-asda-b3-e,1591,RTSO|SO|OE|VE|QS|TR,1,0,9985,0,14,0.05978,13,0.031083,302,49,4270,2391,6000,,0,,,,holding,normal,0,no_load,none,A2: hold position after move,servo-app/lab-0.1
1781162505.6047351,22.487344980239868,A2_HOLD_AFTER_MOVE,A2_HOLD_AFTER_MOVE_R01_20260611_142122,delta-asda-b3-e,1591,RTSO|SO|OE|VE|QS|TR,1,0,10019,0,14,0.05978,13,0.031083,302,49,4270,2391,6000,,0,,,,holding,normal,0,no_load,none,A2: hold position after move,servo-app/lab-0.1
1781162505.704983,22.587592840194702,A2_HOLD_AFTER_MOVE,A2_HOLD_AFTER_MOVE_R01_20260611_142122,delta-asda-b3-e,1591,RTSO|SO|OE|VE|QS|TR,1,0,10015,0,13,0.05551,13,0.031083,302,49,4270,2391,6000,,0,,,,holding,normal,0,no_load,none,A2: hold position after move,servo-app/lab-0.1
1781162505.8050728,22.687682628631592,A2_HOLD_AFTER_MOVE,A2_HOLD_AFTER_MOVE_R01_20260611_142122,delta-asda-b3-e,1591,RTSO|SO|OE|VE|QS|TR,1,0,10013,0,13,0.05551,13,0.031083,302,49,4270,2391,6000,,0,,,,holding,normal,0,no_load,none,A2: hold position after move,servo-app/lab-0.1
1781162505.9056032,22.78821301460266,A2_HOLD_AFTER_MOVE,A2_HOLD_AFTER_MOVE_R01_20260611_142122,delta-asda-b3-e,1591,RTSO|SO|OE|VE|QS|TR,1,0,9987,0,14,0.05978,13,0.031083,302,49,4270,2391,6000,,0,,,,holding,normal,0,no_load,none,A2: hold position after move,servo-app/lab-0.1
1781162506.0057843,22.888394117355347,A2_HOLD_AFTER_MOVE,A2_HOLD_AFTER_MOVE_R01_20260611_142122,delta-asda-b3-e,1591,RTSO|SO|OE|VE|QS|TR,1,0,9987,0,13,0.05551,13,0.031083,302,49,4270,2391,6000,,0,,,,holding,normal,0,no_load,none,A2: hold position after move,servo-app/lab-0.1
1781162506.106492,22.989101886749268,A2_HOLD_AFTER_MOVE,A2_HOLD_AFTER_MOVE_R01_20260611_142122,delta-asda-b3-e,1591,RTSO|SO|OE|VE|QS|TR,1,0,9987,0,13,0.05551,14,0.033474,302,49,4270,2391,6000,,0,,,,holding,normal,0,no_load,none,A2: hold position after move,servo-app/lab-0.1
1781162506.2066996,23.089309453964233,A2_HOLD_AFTER_MOVE,A2_HOLD_AFTER_MOVE_R01_20260611_142122,delta-asda-b3-e,1591,RTSO|SO|OE|VE|QS|TR,1,0,9993,0,14,0.05978,14,0.033474,302,49,4270,2391,6000,,0,,,,holding,normal,0,no_load,none,A2: hold position after move,servo-app/lab-0.1
1781162506.3067648,23.189374685287476,A2_HOLD_AFTER_MOVE,A2_HOLD_AFTER_MOVE_R01_20260611_142122,delta-asda-b3-e,1591,RTSO|SO|OE|VE|QS|TR,1,0,9991,0,13,0.05551,13,0.031083,302,49,4270,2391,6000,,0,,,,holding,normal,0,no_load,none,A2: hold position after move,servo-app/lab-0.1
1781162506.4071808,23.289790630340576,A2_HOLD_AFTER_MOVE,A2_HOLD_AFTER_MOVE_R01_20260611_142122,delta-asda-b3-e,1591,RTSO|SO|OE|VE|QS|TR,1,0,9981,0,13,0.05551,15,0.035865,302,49,4270,2391,6000,,0,,,,holding,normal,0,no_load,none,A2: hold position after move,servo-app/lab-0.1
1781162506.5078304,23.390440225601196,A2_HOLD_AFTER_MOVE,A2_HOLD_AFTER_MOVE_R01_20260611_142122,delta-asda-b3-e,1591,RTSO|SO|OE|VE|QS|TR,1,0,10009,0,14,0.05978,14,0.033474,302,49,4270,2391,6000,,0,,,,holding,normal,0,no_load,none,A2: hold position after move,servo-app/lab-0.1
1781162506.6083956,23.491005420684814,A2_HOLD_AFTER_MOVE,A2_HOLD_AFTER_MOVE_R01_20260611_142122,delta-asda-b3-e,1591,RTSO|SO|OE|VE|QS|TR,1,0,9981,0,14,0.05978,14,0.033474,302,49,4270,2391,6000,,0,,,,holding,normal,0,no_load,none,A2: hold position after move,servo-app/lab-0.1
1781162506.7090867,23.5916965007782,A2_HOLD_AFTER_MOVE,A2_HOLD_AFTER_MOVE_R01_20260611_142122,delta-asda-b3-e,1591,RTSO|SO|OE|VE|QS|TR,1,0,9985,0,14,0.05978,13,0.031083,302,49,4270,2391,6000,,0,,,,holding,normal,0,no_load,none,A2: hold position after move,servo-app/lab-0.1
1781162506.8096778,23.69228768348694,A2_HOLD_AFTER_MOVE,A2_HOLD_AFTER_MOVE_R01_20260611_142122,delta-asda-b3-e,1591,RTSO|SO|OE|VE|QS|TR,1,0,9987,0,14,0.05978,13,0.031083,302,49,4270,2391,6000,,0,,,,holding,normal,0,no_load,none,A2: hold position after move,servo-app/lab-0.1
1781162506.910304,23.792913913726807,A2_HOLD_AFTER_MOVE,A2_HOLD_AFTER_MOVE_R01_20260611_142122,delta-asda-b3-e,1591,RTSO|SO|OE|VE|QS|TR,1,0,9985,0,13,0.05551,14,0.033474,302,49,4270,2391,6000,,0,,,,holding,normal,0,no_load,none,A2: hold position after move,servo-app/lab-0.1
1781162507.010844,23.89345383644104,A2_HOLD_AFTER_MOVE,A2_HOLD_AFTER_MOVE_R01_20260611_142122,delta-asda-b3-e,1591,RTSO|SO|OE|VE|QS|TR,1,0,9987,0,13,0.05551,13,0.031083,302,49,4270,2391,6000,,0,,,,holding,normal,0,no_load,none,A2: hold position after move,servo-app/lab-0.1
1781162507.111133,23.99374294281006,A2_HOLD_AFTER_MOVE,A2_HOLD_AFTER_MOVE_R01_20260611_142122,delta-asda-b3-e,1591,RTSO|SO|OE|VE|QS|TR,1,0,9991,0,14,0.05978,13,0.031083,302,49,4270,2391,6000,,0,,,,holding,normal,0,no_load,none,A2: hold position after move,servo-app/lab-0.1
1781162507.2119405,24.094550371170044,A2_HOLD_AFTER_MOVE,A2_HOLD_AFTER_MOVE_R01_20260611_142122,delta-asda-b3-e,1591,RTSO|SO|OE|VE|QS|TR,1,0,10009,0,13,0.05551,13,0.031083,302,49,4270,2391,6000,,0,,,,holding,normal,0,no_load,none,A2: hold position after move,servo-app/lab-0.1
1781162507.3125877,24.195197582244873,A2_HOLD_AFTER_MOVE,A2_HOLD_AFTER_MOVE_R01_20260611_142122,delta-asda-b3-e,1591,RTSO|SO|OE|VE|QS|TR,1,0,10037,0,13,0.05551,13,0.031083,302,49,4270,2391,6000,,0,,,,holding,normal,0,no_load,none,A2: hold position after move,servo-app/lab-0.1
1781162507.412701,24.295310735702515,A2_HOLD_AFTER_MOVE,A2_HOLD_AFTER_MOVE_R01_20260611_142122,delta-asda-b3-e,1591,RTSO|SO|OE|VE|QS|TR,1,0,10019,0,13,0.05551,13,0.031083,302,49,4270,2391,6000,,0,,,,holding,normal,0,no_load,none,A2: hold position after move,servo-app/lab-0.1
1781162507.513122,24.395731925964355,A2_HOLD_AFTER_MOVE,A2_HOLD_AFTER_MOVE_R01_20260611_142122,delta-asda-b3-e,1591,RTSO|SO|OE|VE|QS|TR,1,0,10031,0,13,0.05551,13,0.031083,302,49,4270,2391,6000,,0,,,,holding,normal,0,no_load,none,A2: hold position after move,servo-app/lab-0.1
1781162507.613759,24.496368885040283,A2_HOLD_AFTER_MOVE,A2_HOLD_AFTER_MOVE_R01_20260611_142122,delta-asda-b3-e,1591,RTSO|SO|OE|VE|QS|TR,1,0,10035,0,14,0.05978,13,0.031083,302,49,4270,2391,6000,,0,,,,holding,normal,0,no_load,none,A2: hold position after move,servo-app/lab-0.1
1781162507.71403,24.59663987159729,A2_HOLD_AFTER_MOVE,A2_HOLD_AFTER_MOVE_R01_20260611_142122,delta-asda-b3-e,1591,RTSO|SO|OE|VE|QS|TR,1,0,10019,0,13,0.05551,13,0.031083,302,49,4270,2391,6000,,0,,,,holding,normal,0,no_load,none,A2: hold position after move,servo-app/lab-0.1
1781162507.8141527,24.696762561798096,A2_HOLD_AFTER_MOVE,A2_HOLD_AFTER_MOVE_R01_20260611_142122,delta-asda-b3-e,1591,RTSO|SO|OE|VE|QS|TR,1,0,9997,0,13,0.05551,14,0.033474,302,49,4270,2391,6000,,0,,,,holding,normal,0,no_load,none,A2: hold position after move,servo-app/lab-0.1
1781162507.914808,24.797417879104614,A2_HOLD_AFTER_MOVE,A2_HOLD_AFTER_MOVE_R01_20260611_142122,delta-asda-b3-e,1591,RTSO|SO|OE|VE|QS|TR,1,0,10031,0,13,0.05551,13,0.031083,302,49,4270,2391,6000,,0,,,,holding,normal,0,no_load,none,A2: hold position after move,servo-app/lab-0.1
1781162508.0152383,24.89784812927246,A2_HOLD_AFTER_MOVE,A2_HOLD_AFTER_MOVE_R01_20260611_142122,delta-asda-b3-e,1591,RTSO|SO|OE|VE|QS|TR,1,0,9991,0,13,0.05551,13,0.031083,302,49,4270,2391,6000,,0,,,,holding,normal,0,no_load,none,A2: hold position after move,servo-app/lab-0.1
1781162508.1158369,24.998446702957153,A2_HOLD_AFTER_MOVE,A2_HOLD_AFTER_MOVE_R01_20260611_142122,delta-asda-b3-e,1591,RTSO|SO|OE|VE|QS|TR,1,0,9985,0,13,0.05551,14,0.033474,302,49,4270,2391,6000,,0,,,,holding,normal,0,no_load,none,A2: hold position after move,servo-app/lab-0.1
1781162508.2169466,25.09955644607544,A2_HOLD_AFTER_MOVE,A2_HOLD_AFTER_MOVE_R01_20260611_142122,delta-asda-b3-e,1591,RTSO|SO|OE|VE|QS|TR,1,0,9985,0,13,0.05551,14,0.033474,302,49,4270,2391,6000,,0,,,,holding,normal,0,no_load,none,A2: hold position after move,servo-app/lab-0.1
1781162508.3174336,25.200043439865112,A2_HOLD_AFTER_MOVE,A2_HOLD_AFTER_MOVE_R01_20260611_142122,delta-asda-b3-e,1591,RTSO|SO|OE|VE|QS|TR,1,0,9985,0,13,0.05551,13,0.031083,302,49,4270,2391,6000,,0,,,,holding,normal,0,no_load,none,A2: hold position after move,servo-app/lab-0.1
1781162508.417804,25.300413846969604,A2_HOLD_AFTER_MOVE,A2_HOLD_AFTER_MOVE_R01_20260611_142122,delta-asda-b3-e,1591,RTSO|SO|OE|VE|QS|TR,1,0,9985,0,14,0.05978,13,0.031083,302,49,4270,2391,6000,,0,,,,holding,normal,0,no_load,none,A2: hold position after move,servo-app/lab-0.1
1781162508.5181792,25.40078902244568,A2_HOLD_AFTER_MOVE,A2_HOLD_AFTER_MOVE_R01_20260611_142122,delta-asda-b3-e,1591,RTSO|SO|OE|VE|QS|TR,1,0,9985,0,13,0.05551,13,0.031083,302,49,4270,2391,6000,,0,,,,holding,normal,0,no_load,none,A2: hold position after move,servo-app/lab-0.1
1781162508.6183903,25.50100016593933,A2_HOLD_AFTER_MOVE,A2_HOLD_AFTER_MOVE_R01_20260611_142122,delta-asda-b3-e,1591,RTSO|SO|OE|VE|QS|TR,1,0,9981,0,14,0.05978,13,0.031083,302,49,4270,2391,6000,,0,,,,holding,normal,0,no_load,none,A2: hold position after move,servo-app/lab-0.1
1781162508.7198334,25.6024432182312,A2_HOLD_AFTER_MOVE,A2_HOLD_AFTER_MOVE_R01_20260611_142122,delta-asda-b3-e,1591,RTSO|SO|OE|VE|QS|TR,1,0,9985,0,14,0.05978,13,0.031083,302,49,4270,2391,6000,,0,,,,holding,normal,0,no_load,none,A2: hold position after move,servo-app/lab-0.1
1781162508.8199077,25.70251750946045,A2_HOLD_AFTER_MOVE,A2_HOLD_AFTER_MOVE_R01_20260611_142122,delta-asda-b3-e,1591,RTSO|SO|OE|VE|QS|TR,1,0,9991,0,13,0.05551,13,0.031083,302,49,4270,2391,6000,,0,,,,holding,normal,0,no_load,none,A2: hold position after move,servo-app/lab-0.1
1781162508.920474,25.803083896636963,A2_HOLD_AFTER_MOVE,A2_HOLD_AFTER_MOVE_R01_20260611_142122,delta-asda-b3-e,1591,RTSO|SO|OE|VE|QS|TR,1,0,10003,0,13,0.05551,13,0.031083,302,49,4270,2391,6000,,0,,,,holding,normal,0,no_load,none,A2: hold position after move,servo-app/lab-0.1
1781162509.0241961,25.906805992126465,A2_HOLD_AFTER_MOVE,A2_HOLD_AFTER_MOVE_R01_20260611_142122,delta-asda-b3-e,1591,RTSO|SO|OE|VE|QS|TR,1,0,9979,0,13,0.05551,14,0.033474,302,49,4270,2391,6000,,0,,,,holding,normal,0,no_load,none,A2: hold position after move,servo-app/lab-0.1
1781162509.124772,26.007381916046143,A2_HOLD_AFTER_MOVE,A2_HOLD_AFTER_MOVE_R01_20260611_142122,delta-asda-b3-e,1591,RTSO|SO|OE|VE|QS|TR,1,0,9987,0,13,0.05551,13,0.031083,302,49,4270,2391,6000,,0,,,,holding,normal,0,no_load,none,A2: hold position after move,servo-app/lab-0.1
1781162509.2250204,26.107630252838135,A2_HOLD_AFTER_MOVE,A2_HOLD_AFTER_MOVE_R01_20260611_142122,delta-asda-b3-e,1591,RTSO|SO|OE|VE|QS|TR,1,0,10005,0,13,0.05551,14,0.033474,301,49,4270,2391,6000,,0,,,,holding,normal,0,no_load,none,A2: hold position after move,servo-app/lab-0.1
1781162509.3255854,26.208195209503174,A2_HOLD_AFTER_MOVE,A2_HOLD_AFTER_MOVE_R01_20260611_142122,delta-asda-b3-e,1591,RTSO|SO|OE|VE|QS|TR,1,0,9997,0,13,0.05551,14,0.033474,302,49,4270,2391,6000,,0,,,,holding,normal,0,no_load,none,A2: hold position after move,servo-app/lab-0.1
1781162509.4262023,26.308812141418457,A2_HOLD_AFTER_MOVE,A2_HOLD_AFTER_MOVE_R01_20260611_142122,delta-asda-b3-e,1591,RTSO|SO|OE|VE|QS|TR,1,0,9985,0,13,0.05551,13,0.031083,302,49,4270,2391,6000,,0,,,,holding,normal,0,no_load,none,A2: hold position after move,servo-app/lab-0.1
1781162509.52664,26.409249782562256,A2_HOLD_AFTER_MOVE,A2_HOLD_AFTER_MOVE_R01_20260611_142122,delta-asda-b3-e,1591,RTSO|SO|OE|VE|QS|TR,1,0,9973,0,13,0.05551,13,0.031083,302,49,4270,2391,6000,,0,,,,holding,normal,0,no_load,none,A2: hold position after move,servo-app/lab-0.1
1781162509.6269312,26.509541034698486,A2_HOLD_AFTER_MOVE,A2_HOLD_AFTER_MOVE_R01_20260611_142122,delta-asda-b3-e,1591,RTSO|SO|OE|VE|QS|TR,1,0,9985,0,13,0.05551,14,0.033474,302,49,4270,2391,6000,,0,,,,holding,normal,0,no_load,none,A2: hold position after move,servo-app/lab-0.1
1781162509.7274728,26.610082626342773,A2_HOLD_AFTER_MOVE,A2_HOLD_AFTER_MOVE_R01_20260611_142122,delta-asda-b3-e,1591,RTSO|SO|OE|VE|QS|TR,1,0,9979,0,13,0.05551,13,0.031083,302,49,4270,2391,6000,,0,,,,holding,normal,0,no_load,none,A2: hold position after move,servo-app/lab-0.1
1781162509.8277092,26.71031904220581,A2_HOLD_AFTER_MOVE,A2_HOLD_AFTER_MOVE_R01_20260611_142122,delta-asda-b3-e,1591,RTSO|SO|OE|VE|QS|TR,1,0,9985,0,13,0.05551,14,0.033474,302,49,4270,2391,6000,,0,,,,holding,normal,0,no_load,none,A2: hold position after move,servo-app/lab-0.1
1781162509.928174,26.810783863067627,A2_HOLD_AFTER_MOVE,A2_HOLD_AFTER_MOVE_R01_20260611_142122,delta-asda-b3-e,1591,RTSO|SO|OE|VE|QS|TR,1,0,9987,0,13,0.05551,13,0.031083,302,49,4270,2391,6000,,0,,,,holding,normal,0,no_load,none,A2: hold position after move,servo-app/lab-0.1
1781162510.0284076,26.911017417907715,A2_HOLD_AFTER_MOVE,A2_HOLD_AFTER_MOVE_R01_20260611_142122,delta-asda-b3-e,1591,RTSO|SO|OE|VE|QS|TR,1,0,9973,0,13,0.05551,14,0.033474,302,49,4270,2391,6000,,0,,,,holding,normal,0,no_load,none,A2: hold position after move,servo-app/lab-0.1
1781162510.1290457,27.011655569076538,A2_HOLD_AFTER_MOVE,A2_HOLD_AFTER_MOVE_R01_20260611_142122,delta-asda-b3-e,1591,RTSO|SO|OE|VE|QS|TR,1,0,9987,0,13,0.05551,13,0.031083,302,49,4270,2391,6000,,0,,,,holding,normal,0,no_load,none,A2: hold position after move,servo-app/lab-0.1
1781162510.2297218,27.11233162879944,A2_HOLD_AFTER_MOVE,A2_HOLD_AFTER_MOVE_R01_20260611_142122,delta-asda-b3-e,1591,RTSO|SO|OE|VE|QS|TR,1,0,9991,0,14,0.05978,14,0.033474,302,49,4270,2391,6000,,0,,,,holding,normal,0,no_load,none,A2: hold position after move,servo-app/lab-0.1
1781162510.3302708,27.212880611419678,A2_HOLD_AFTER_MOVE,A2_HOLD_AFTER_MOVE_R01_20260611_142122,delta-asda-b3-e,1591,RTSO|SO|OE|VE|QS|TR,1,0,10015,0,13,0.05551,14,0.033474,301,49,4270,2391,6000,,0,,,,holding,normal,0,no_load,none,A2: hold position after move,servo-app/lab-0.1
1781162510.4307468,27.313356637954712,A2_HOLD_AFTER_MOVE,A2_HOLD_AFTER_MOVE_R01_20260611_142122,delta-asda-b3-e,1591,RTSO|SO|OE|VE|QS|TR,1,0,10019,0,13,0.05551,14,0.033474,302,49,4270,2391,6000,,0,,,,holding,normal,0,no_load,none,A2: hold position after move,servo-app/lab-0.1
1781162510.5310702,27.41368007659912,A2_HOLD_AFTER_MOVE,A2_HOLD_AFTER_MOVE_R01_20260611_142122,delta-asda-b3-e,1591,RTSO|SO|OE|VE|QS|TR,1,0,10015,0,14,0.05978,13,0.031083,302,49,4270,2391,6000,,0,,,,holding,normal,0,no_load,none,A2: hold position after move,servo-app/lab-0.1
1781162510.6312504,27.51386022567749,A2_HOLD_AFTER_MOVE,A2_HOLD_AFTER_MOVE_R01_20260611_142122,delta-asda-b3-e,1591,RTSO|SO|OE|VE|QS|TR,1,0,10031,0,14,0.05978,13,0.031083,302,49,4270,2391,6000,,0,,,,holding,normal,0,no_load,none,A2: hold position after move,servo-app/lab-0.1
1781162510.7323942,27.615004062652588,A2_HOLD_AFTER_MOVE,A2_HOLD_AFTER_MOVE_R01_20260611_142122,delta-asda-b3-e,1591,RTSO|SO|OE|VE|QS|TR,1,0,10019,0,14,0.05978,13,0.031083,302,49,4270,2391,6000,,0,,,,holding,normal,0,no_load,none,A2: hold position after move,servo-app/lab-0.1
1781162510.832641,27.715250730514526,A2_HOLD_AFTER_MOVE,A2_HOLD_AFTER_MOVE_R01_20260611_142122,delta-asda-b3-e,1591,RTSO|SO|OE|VE|QS|TR,1,0,10015,0,13,0.05551,12,0.028692,302,49,4270,2391,6000,,0,,,,holding,normal,0,no_load,none,A2: hold position after move,servo-app/lab-0.1
1781162510.933132,27.815741777420044,A2_HOLD_AFTER_MOVE,A2_HOLD_AFTER_MOVE_R01_20260611_142122,delta-asda-b3-e,1591,RTSO|SO|OE|VE|QS|TR,1,0,10013,0,14,0.05978,13,0.031083,302,49,4270,2391,6000,,0,,,,holding,normal,0,no_load,none,A2: hold position after move,servo-app/lab-0.1
1781162511.0339506,27.916560411453247,A2_HOLD_AFTER_MOVE,A2_HOLD_AFTER_MOVE_R01_20260611_142122,delta-asda-b3-e,1591,RTSO|SO|OE|VE|QS|TR,1,0,9997,0,14,0.05978,13,0.031083,302,49,4270,2391,6000,,0,,,,holding,normal,0,no_load,none,A2: hold position after move,servo-app/lab-0.1
1781162511.1349065,28.017516374588013,A2_HOLD_AFTER_MOVE,A2_HOLD_AFTER_MOVE_R01_20260611_142122,delta-asda-b3-e,1591,RTSO|SO|OE|VE|QS|TR,1,0,9985,0,13,0.05551,13,0.031083,302,49,4270,2391,6000,,0,,,,holding,normal,0,no_load,none,A2: hold position after move,servo-app/lab-0.1
1781162511.2353606,28.11797046661377,A2_HOLD_AFTER_MOVE,A2_HOLD_AFTER_MOVE_R01_20260611_142122,delta-asda-b3-e,1591,RTSO|SO|OE|VE|QS|TR,1,0,9991,0,13,0.05551,14,0.033474,301,49,4270,2391,6000,,0,,,,holding,normal,0,no_load,none,A2: hold position after move,servo-app/lab-0.1
1781162511.3357055,28.218315362930298,A2_HOLD_AFTER_MOVE,A2_HOLD_AFTER_MOVE_R01_20260611_142122,delta-asda-b3-e,1591,RTSO|SO|OE|VE|QS|TR,1,0,9987,0,14,0.05978,14,0.033474,301,49,4270,2391,6000,,0,,,,holding,normal,0,no_load,none,A2: hold position after move,servo-app/lab-0.1
1781162511.436241,28.31885075569153,A2_HOLD_AFTER_MOVE,A2_HOLD_AFTER_MOVE_R01_20260611_142122,delta-asda-b3-e,1591,RTSO|SO|OE|VE|QS|TR,1,0,9985,0,13,0.05551,13,0.031083,302,49,4270,2391,6000,,0,,,,holding,normal,0,no_load,none,A2: hold position after move,servo-app/lab-0.1
1781162511.5366805,28.41929030418396,A2_HOLD_AFTER_MOVE,A2_HOLD_AFTER_MOVE_R01_20260611_142122,delta-asda-b3-e,1591,RTSO|SO|OE|VE|QS|TR,1,0,9991,0,14,0.05978,14,0.033474,302,49,4270,2391,6000,,0,,,,holding,normal,0,no_load,none,A2: hold position after move,servo-app/lab-0.1
1781162511.6370642,28.519674062728882,A2_HOLD_AFTER_MOVE,A2_HOLD_AFTER_MOVE_R01_20260611_142122,delta-asda-b3-e,1591,RTSO|SO|OE|VE|QS|TR,1,0,9973,0,13,0.05551,14,0.033474,302,49,4270,2391,6000,,0,,,,holding,normal,0,no_load,none,A2: hold position after move,servo-app/lab-0.1
1781162511.737136,28.61974573135376,A2_HOLD_AFTER_MOVE,A2_HOLD_AFTER_MOVE_R01_20260611_142122,delta-asda-b3-e,1591,RTSO|SO|OE|VE|QS|TR,1,0,9973,0,13,0.05551,14,0.033474,302,49,4270,2391,6000,,0,,,,holding,normal,0,no_load,none,A2: hold position after move,servo-app/lab-0.1
1781162511.837721,28.720330953598022,A2_HOLD_AFTER_MOVE,A2_HOLD_AFTER_MOVE_R01_20260611_142122,delta-asda-b3-e,1591,RTSO|SO|OE|VE|QS|TR,1,0,9985,0,13,0.05551,13,0.031083,302,49,4270,2391,6000,,0,,,,holding,normal,0,no_load,none,A2: hold position after move,servo-app/lab-0.1
1781162511.9380317,28.82064151763916,A2_HOLD_AFTER_MOVE,A2_HOLD_AFTER_MOVE_R01_20260611_142122,delta-asda-b3-e,1591,RTSO|SO|OE|VE|QS|TR,1,0,9987,0,13,0.05551,13,0.031083,302,49,4270,2391,6000,,0,,,,holding,normal,0,no_load,none,A2: hold position after move,servo-app/lab-0.1
1781162512.0386693,28.921279191970825,A2_HOLD_AFTER_MOVE,A2_HOLD_AFTER_MOVE_R01_20260611_142122,delta-asda-b3-e,1591,RTSO|SO|OE|VE|QS|TR,1,0,9987,0,13,0.05551,14,0.033474,302,49,4270,2391,6000,,0,,,,holding,normal,0,no_load,none,A2: hold position after move,servo-app/lab-0.1
1781162512.1395204,29.022130250930786,A2_HOLD_AFTER_MOVE,A2_HOLD_AFTER_MOVE_R01_20260611_142122,delta-asda-b3-e,1591,RTSO|SO|OE|VE|QS|TR,1,0,10013,0,14,0.05978,14,0.033474,302,49,4270,2391,6000,,0,,,,holding,normal,0,no_load,none,A2: hold position after move,servo-app/lab-0.1
1781162512.2396758,29.12228560447693,A2_HOLD_AFTER_MOVE,A2_HOLD_AFTER_MOVE_R01_20260611_142122,delta-asda-b3-e,1591,RTSO|SO|OE|VE|QS|TR,1,0,10015,0,13,0.05551,13,0.031083,302,49,4270,2391,6000,,0,,,,holding,normal,0,no_load,none,A2: hold position after move,servo-app/lab-0.1
1781162512.3400028,29.222612619400024,A2_HOLD_AFTER_MOVE,A2_HOLD_AFTER_MOVE_R01_20260611_142122,delta-asda-b3-e,1591,RTSO|SO|OE|VE|QS|TR,1,0,10009,0,13,0.05551,14,0.033474,302,49,4270,2391,6000,,0,,,,holding,normal,0,no_load,none,A2: hold position after move,servo-app/lab-0.1
1781162512.4404104,29.323020219802856,A2_HOLD_AFTER_MOVE,A2_HOLD_AFTER_MOVE_R01_20260611_142122,delta-asda-b3-e,1591,RTSO|SO|OE|VE|QS|TR,1,0,10031,0,13,0.05551,13,0.031083,302,49,4270,2391,6000,,0,,,,holding,normal,0,no_load,none,A2: hold position after move,servo-app/lab-0.1
1781162512.5410326,29.42364239692688,A2_HOLD_AFTER_MOVE,A2_HOLD_AFTER_MOVE_R01_20260611_142122,delta-asda-b3-e,1591,RTSO|SO|OE|VE|QS|TR,1,0,10031,0,14,0.05978,13,0.031083,302,49,4270,2391,6000,,0,,,,holding,normal,0,no_load,none,A2: hold position after move,servo-app/lab-0.1
1781162512.6414888,29.52409863471985,A2_HOLD_AFTER_MOVE,A2_HOLD_AFTER_MOVE_R01_20260611_142122,delta-asda-b3-e,1591,RTSO|SO|OE|VE|QS|TR,1,0,10019,0,13,0.05551,13,0.031083,302,49,4270,2391,6000,,0,,,,holding,normal,0,no_load,none,A2: hold position after move,servo-app/lab-0.1
1781162512.7424088,29.62501859664917,A2_HOLD_AFTER_MOVE,A2_HOLD_AFTER_MOVE_R01_20260611_142122,delta-asda-b3-e,1591,RTSO|SO|OE|VE|QS|TR,1,0,9997,0,14,0.05978,13,0.031083,302,49,4270,2391,6000,,0,,,,holding,normal,0,no_load,none,A2: hold position after move,servo-app/lab-0.1
1781162512.8428433,29.72545313835144,A2_HOLD_AFTER_MOVE,A2_HOLD_AFTER_MOVE_R01_20260611_142122,delta-asda-b3-e,1591,RTSO|SO|OE|VE|QS|TR,1,0,10003,0,14,0.05978,13,0.031083,302,49,4270,2391,6000,,0,,,,holding,normal,0,no_load,none,A2: hold position after move,servo-app/lab-0.1
1781162512.943666,29.82627582550049,A2_HOLD_AFTER_MOVE,A2_HOLD_AFTER_MOVE_R01_20260611_142122,delta-asda-b3-e,1591,RTSO|SO|OE|VE|QS|TR,1,0,9991,0,13,0.05551,13,0.031083,302,49,4270,2391,6000,,0,,,,holding,normal,0,no_load,none,A2: hold position after move,servo-app/lab-0.1
1781162513.0444717,29.92708158493042,A2_HOLD_AFTER_MOVE,A2_HOLD_AFTER_MOVE_R01_20260611_142122,delta-asda-b3-e,1591,RTSO|SO|OE|VE|QS|TR,1,0,9987,0,13,0.05551,14,0.033474,302,49,4270,2391,6000,,0,,,,holding,normal,0,no_load,none,A2: hold position after move,servo-app/lab-0.1
1781162513.1448698,30.027479648590088,A2_HOLD_AFTER_MOVE,A2_HOLD_AFTER_MOVE_R01_20260611_142122,delta-asda-b3-e,1591,RTSO|SO|OE|VE|QS|TR,1,0,9985,0,13,0.05551,14,0.033474,301,49,4270,2391,6000,,0,,,,holding,normal,0,no_load,none,A2: hold position after move,servo-app/lab-0.1
1781162513.2475255,30.13013529777527,A2_HOLD_AFTER_MOVE,A2_HOLD_AFTER_MOVE_R01_20260611_142122,delta-asda-b3-e,1591,RTSO|SO|OE|VE|QS|TR,1,0,9985,0,13,0.05551,13,0.031083,302,49,4270,2391,6000,,0,,,,holding,normal,0,no_load,none,A2: hold position after move,servo-app/lab-0.1
1781162513.3481507,30.23076057434082,A2_HOLD_AFTER_MOVE,A2_HOLD_AFTER_MOVE_R01_20260611_142122,delta-asda-b3-e,1591,RTSO|SO|OE|VE|QS|TR,1,0,9985,0,13,0.05551,13,0.031083,301,49,4270,2391,6000,,0,,,,holding,normal,0,no_load,none,A2: hold position after move,servo-app/lab-0.1
1781162513.4483166,30.330926418304443,A2_HOLD_AFTER_MOVE,A2_HOLD_AFTER_MOVE_R01_20260611_142122,delta-asda-b3-e,1591,RTSO|SO|OE|VE|QS|TR,1,0,9987,0,14,0.05978,14,0.033474,302,49,4270,2391,6000,,0,,,,holding,normal,0,no_load,none,A2: hold position after move,servo-app/lab-0.1
1781162513.548668,30.431277751922607,A2_HOLD_AFTER_MOVE,A2_HOLD_AFTER_MOVE_R01_20260611_142122,delta-asda-b3-e,1591,RTSO|SO|OE|VE|QS|TR,1,0,10003,0,14,0.05978,14,0.033474,302,49,4270,2391,6000,,0,,,,holding,normal,0,no_load,none,A2: hold position after move,servo-app/lab-0.1
1781162513.649296,30.53190588951111,A2_HOLD_AFTER_MOVE,A2_HOLD_AFTER_MOVE_R01_20260611_142122,delta-asda-b3-e,1591,RTSO|SO|OE|VE|QS|TR,1,0,10005,0,14,0.05978,14,0.033474,302,49,4270,2391,6000,,0,,,,holding,normal,0,no_load,none,A2: hold position after move,servo-app/lab-0.1
1781162513.7496338,30.632243633270264,A2_HOLD_AFTER_MOVE,A2_HOLD_AFTER_MOVE_R01_20260611_142122,delta-asda-b3-e,1591,RTSO|SO|OE|VE|QS|TR,1,0,10031,0,13,0.05551,13,0.031083,302,49,4270,2391,6000,,0,,,,holding,normal,0,no_load,none,A2: hold position after move,servo-app/lab-0.1
1781162513.8507886,30.7333984375,A2_HOLD_AFTER_MOVE,A2_HOLD_AFTER_MOVE_R01_20260611_142122,delta-asda-b3-e,1591,RTSO|SO|OE|VE|QS|TR,1,0,10035,0,13,0.05551,13,0.031083,302,49,4270,2391,6000,,0,,,,holding,normal,0,no_load,none,A2: hold position after move,servo-app/lab-0.1
1781162513.9513748,30.83398461341858,A2_HOLD_AFTER_MOVE,A2_HOLD_AFTER_MOVE_R01_20260611_142122,delta-asda-b3-e,1591,RTSO|SO|OE|VE|QS|TR,1,0,10041,0,13,0.05551,13,0.031083,302,49,4270,2391,6000,,0,,,,holding,normal,0,no_load,none,A2: hold position after move,servo-app/lab-0.1
1781162514.052434,30.935043811798096,A2_HOLD_AFTER_MOVE,A2_HOLD_AFTER_MOVE_R01_20260611_142122,delta-asda-b3-e,1591,RTSO|SO|OE|VE|QS|TR,1,0,9997,0,12,0.05124,13,0.031083,302,49,4270,2391,6000,,0,,,,holding,normal,0,no_load,none,A2: hold position after move,servo-app/lab-0.1
1781162514.1529586,31.035568475723267,A2_HOLD_AFTER_MOVE,A2_HOLD_AFTER_MOVE_R01_20260611_142122,delta-asda-b3-e,1591,RTSO|SO|OE|VE|QS|TR,1,0,9987,0,14,0.05978,12,0.028692,302,49,4270,2391,6000,,0,,,,holding,normal,0,no_load,none,A2: hold position after move,servo-app/lab-0.1
1781162514.2532163,31.135826110839844,A2_HOLD_AFTER_MOVE,A2_HOLD_AFTER_MOVE_R01_20260611_142122,delta-asda-b3-e,1591,RTSO|SO|OE|VE|QS|TR,1,0,9991,0,13,0.05551,13,0.031083,302,49,4270,2391,6000,,0,,,,holding,normal,0,no_load,none,A2: hold position after move,servo-app/lab-0.1
1781162514.3537874,31.23639726638794,A2_HOLD_AFTER_MOVE,A2_HOLD_AFTER_MOVE_R01_20260611_142122,delta-asda-b3-e,1591,RTSO|SO|OE|VE|QS|TR,1,0,9985,0,12,0.05124,13,0.031083,302,49,4270,2391,6000,,0,,,,holding,normal,0,no_load,none,A2: hold position after move,servo-app/lab-0.1
1781162514.4538584,31.33646821975708,A2_HOLD_AFTER_MOVE,A2_HOLD_AFTER_MOVE_R01_20260611_142122,delta-asda-b3-e,1591,RTSO|SO|OE|VE|QS|TR,1,0,9987,0,13,0.05551,13,0.031083,301,49,4270,2391,6000,,0,,,,holding,normal,0,no_load,none,A2: hold position after move,servo-app/lab-0.1
1781162514.5543716,31.436981439590454,A2_HOLD_AFTER_MOVE,A2_HOLD_AFTER_MOVE_R01_20260611_142122,delta-asda-b3-e,1591,RTSO|SO|OE|VE|QS|TR,1,0,9985,0,13,0.05551,14,0.033474,301,49,4270,2391,6000,,0,,,,holding,normal,0,no_load,none,A2: hold position after move,servo-app/lab-0.1
1781162514.6544456,31.537055492401123,A2_HOLD_AFTER_MOVE,A2_HOLD_AFTER_MOVE_R01_20260611_142122,delta-asda-b3-e,1591,RTSO|SO|OE|VE|QS|TR,1,0,9981,0,14,0.05978,13,0.031083,302,49,4270,2391,6000,,0,,,,holding,normal,0,no_load,none,A2: hold position after move,servo-app/lab-0.1
1781162514.7548323,31.637442111968994,A2_HOLD_AFTER_MOVE,A2_HOLD_AFTER_MOVE_R01_20260611_142122,delta-asda-b3-e,1591,RTSO|SO|OE|VE|QS|TR,1,0,9985,0,13,0.05551,13,0.031083,302,49,4270,2391,6000,,0,,,,holding,normal,0,no_load,none,A2: hold position after move,servo-app/lab-0.1
1781162514.8551562,31.73776602745056,A2_HOLD_AFTER_MOVE,A2_HOLD_AFTER_MOVE_R01_20260611_142122,delta-asda-b3-e,1591,RTSO|SO|OE|VE|QS|TR,1,0,9985,0,13,0.05551,14,0.033474,302,49,4270,2391,6000,,0,,,,holding,normal,0,no_load,none,A2: hold position after move,servo-app/lab-0.1
1781162514.9556806,31.838290452957153,A2_HOLD_AFTER_MOVE,A2_HOLD_AFTER_MOVE_R01_20260611_142122,delta-asda-b3-e,1591,RTSO|SO|OE|VE|QS|TR,1,0,9985,0,14,0.05978,13,0.031083,301,49,4270,2391,6000,,0,,,,holding,normal,0,no_load,none,A2: hold position after move,servo-app/lab-0.1
1781162515.0562148,31.93882465362549,A2_HOLD_AFTER_MOVE,A2_HOLD_AFTER_MOVE_R01_20260611_142122,delta-asda-b3-e,1591,RTSO|SO|OE|VE|QS|TR,1,0,9997,0,14,0.05978,12,0.028692,301,49,4270,2391,6000,,0,,,,holding,normal,0,no_load,none,A2: hold position after move,servo-app/lab-0.1
1781162515.156413,32.03902292251587,A2_HOLD_AFTER_MOVE,A2_HOLD_AFTER_MOVE_R01_20260611_142122,delta-asda-b3-e,1591,RTSO|SO|OE|VE|QS|TR,1,0,9985,0,13,0.05551,14,0.033474,301,49,4270,2391,6000,,0,,,,holding,normal,0,no_load,none,A2: hold position after move,servo-app/lab-0.1
1781162515.2569478,32.13955760002136,A2_HOLD_AFTER_MOVE,A2_HOLD_AFTER_MOVE_R01_20260611_142122,delta-asda-b3-e,1591,RTSO|SO|OE|VE|QS|TR,1,0,9985,0,13,0.05551,13,0.031083,301,49,4270,2391,6000,,0,,,,holding,normal,0,no_load,none,A2: hold position after move,servo-app/lab-0.1
1781162515.3576064,32.24021625518799,A2_HOLD_AFTER_MOVE,A2_HOLD_AFTER_MOVE_R01_20260611_142122,delta-asda-b3-e,1591,RTSO|SO|OE|VE|QS|TR,1,0,9991,0,13,0.05551,13,0.031083,301,49,4270,2391,6000,,0,,,,holding,normal,0,no_load,none,A2: hold position after move,servo-app/lab-0.1
1781162515.4580514,32.34066128730774,A2_HOLD_AFTER_MOVE,A2_HOLD_AFTER_MOVE_R01_20260611_142122,delta-asda-b3-e,1591,RTSO|SO|OE|VE|QS|TR,1,0,9991,0,13,0.05551,13,0.031083,301,49,4270,2391,6000,,0,,,,holding,normal,0,no_load,none,A2: hold position after move,servo-app/lab-0.1
1781162515.5584242,32.44103407859802,A2_HOLD_AFTER_MOVE,A2_HOLD_AFTER_MOVE_R01_20260611_142122,delta-asda-b3-e,1591,RTSO|SO|OE|VE|QS|TR,1,0,10019,0,13,0.05551,13,0.031083,301,49,4270,2391,6000,,0,,,,holding,normal,0,no_load,none,A2: hold position after move,servo-app/lab-0.1
1781162515.6585624,32.54117226600647,A2_HOLD_AFTER_MOVE,A2_HOLD_AFTER_MOVE_R01_20260611_142122,delta-asda-b3-e,1591,RTSO|SO|OE|VE|QS|TR,1,0,10019,0,13,0.05551,13,0.031083,301,49,4270,2391,6000,,0,,,,holding,normal,0,no_load,none,A2: hold position after move,servo-app/lab-0.1
1781162515.7587368,32.64134669303894,A2_HOLD_AFTER_MOVE,A2_HOLD_AFTER_MOVE_R01_20260611_142122,delta-asda-b3-e,1591,RTSO|SO|OE|VE|QS|TR,1,0,10023,0,13,0.05551,13,0.031083,302,49,4270,2391,6000,,0,,,,holding,normal,0,no_load,none,A2: hold position after move,servo-app/lab-0.1
1781162515.8590374,32.741647243499756,A2_HOLD_AFTER_MOVE,A2_HOLD_AFTER_MOVE_R01_20260611_142122,delta-asda-b3-e,1591,RTSO|SO|OE|VE|QS|TR,1,0,10023,0,13,0.05551,13,0.031083,302,49,4270,2391,6000,,0,,,,holding,normal,0,no_load,none,A2: hold position after move,servo-app/lab-0.1
1781162515.9594717,32.84208154678345,A2_HOLD_AFTER_MOVE,A2_HOLD_AFTER_MOVE_R01_20260611_142122,delta-asda-b3-e,1591,RTSO|SO|OE|VE|QS|TR,1,0,10041,0,13,0.05551,13,0.031083,301,49,4270,2391,6000,,0,,,,holding,normal,0,no_load,none,A2: hold position after move,servo-app/lab-0.1
1781162516.0597975,32.94240736961365,A2_HOLD_AFTER_MOVE,A2_HOLD_AFTER_MOVE_R01_20260611_142122,delta-asda-b3-e,1591,RTSO|SO|OE|VE|QS|TR,1,0,10041,0,13,0.05551,13,0.031083,301,49,4270,2391,6000,,0,,,,holding,normal,0,no_load,none,A2: hold position after move,servo-app/lab-0.1
1781162516.1598969,33.0425066947937,A2_HOLD_AFTER_MOVE,A2_HOLD_AFTER_MOVE_R01_20260611_142122,delta-asda-b3-e,1591,RTSO|SO|OE|VE|QS|TR,1,0,10041,0,13,0.05551,13,0.031083,301,49,4270,2391,6000,,0,,,,holding,normal,0,no_load,none,A2: hold position after move,servo-app/lab-0.1
1781162516.2603612,33.14297103881836,A2_HOLD_AFTER_MOVE,A2_HOLD_AFTER_MOVE_R01_20260611_142122,delta-asda-b3-e,1591,RTSO|SO|OE|VE|QS|TR,1,0,10031,0,13,0.05551,14,0.033474,301,49,4270,2391,6000,,0,,,,holding,normal,0,no_load,none,A2: hold position after move,servo-app/lab-0.1
1781162516.3607407,33.24335050582886,A2_HOLD_AFTER_MOVE,A2_HOLD_AFTER_MOVE_R01_20260611_142122,delta-asda-b3-e,1591,RTSO|SO|OE|VE|QS|TR,1,0,10015,0,13,0.05551,13,0.031083,301,49,4270,2391,6000,,0,,,,holding,normal,0,no_load,none,A2: hold position after move,servo-app/lab-0.1
1781162516.4612935,33.34390330314636,A2_HOLD_AFTER_MOVE,A2_HOLD_AFTER_MOVE_R01_20260611_142122,delta-asda-b3-e,1591,RTSO|SO|OE|VE|QS|TR,1,0,10009,0,14,0.05978,13,0.031083,301,49,4270,2391,6000,,0,,,,holding,normal,0,no_load,none,A2: hold position after move,servo-app/lab-0.1
1781162516.5617096,33.44431948661804,A2_HOLD_AFTER_MOVE,A2_HOLD_AFTER_MOVE_R01_20260611_142122,delta-asda-b3-e,1591,RTSO|SO|OE|VE|QS|TR,1,0,9997,0,13,0.05551,13,0.031083,301,49,4270,2391,6000,,0,,,,holding,normal,0,no_load,none,A2: hold position after move,servo-app/lab-0.1
1781162516.6617773,33.544387102127075,A2_HOLD_AFTER_MOVE,A2_HOLD_AFTER_MOVE_R01_20260611_142122,delta-asda-b3-e,1591,RTSO|SO|OE|VE|QS|TR,1,0,9987,0,13,0.05551,13,0.031083,301,49,4270,2391,6000,,0,,,,holding,normal,0,no_load,none,A2: hold position after move,servo-app/lab-0.1
1781162516.7619402,33.64455008506775,A2_HOLD_AFTER_MOVE,A2_HOLD_AFTER_MOVE_R01_20260611_142122,delta-asda-b3-e,1591,RTSO|SO|OE|VE|QS|TR,1,0,10005,0,13,0.05551,13,0.031083,301,49,4270,2391,6000,,0,,,,holding,normal,0,no_load,none,A2: hold position after move,servo-app/lab-0.1
1781162516.8620322,33.74464201927185,A2_HOLD_AFTER_MOVE,A2_HOLD_AFTER_MOVE_R01_20260611_142122,delta-asda-b3-e,1591,RTSO|SO|OE|VE|QS|TR,1,0,9991,0,12,0.05124,14,0.033474,301,49,4270,2391,6000,,0,,,,holding,normal,0,no_load,none,A2: hold position after move,servo-app/lab-0.1
1781162516.9621718,33.84478163719177,A2_HOLD_AFTER_MOVE,A2_HOLD_AFTER_MOVE_R01_20260611_142122,delta-asda-b3-e,1591,RTSO|SO|OE|VE|QS|TR,1,0,9991,0,13,0.05551,12,0.028692,301,49,4270,2391,6000,,0,,,,holding,normal,0,no_load,none,A2: hold position after move,servo-app/lab-0.1
1781162517.0627003,33.94531011581421,A2_HOLD_AFTER_MOVE,A2_HOLD_AFTER_MOVE_R01_20260611_142122,delta-asda-b3-e,1591,RTSO|SO|OE|VE|QS|TR,1,0,9985,0,14,0.05978,14,0.033474,302,49,4270,2391,6000,,0,,,,holding,normal,0,no_load,none,A2: hold position after move,servo-app/lab-0.1
1781162517.1631305,34.045740365982056,A2_HOLD_AFTER_MOVE,A2_HOLD_AFTER_MOVE_R01_20260611_142122,delta-asda-b3-e,1591,RTSO|SO|OE|VE|QS|TR,1,0,9985,0,14,0.05978,13,0.031083,301,49,4270,2391,6000,,0,,,,holding,normal,0,no_load,none,A2: hold position after move,servo-app/lab-0.1
1781162517.2640095,34.14661931991577,A2_HOLD_AFTER_MOVE,A2_HOLD_AFTER_MOVE_R01_20260611_142122,delta-asda-b3-e,1591,RTSO|SO|OE|VE|QS|TR,1,0,9985,0,13,0.05551,14,0.033474,301,49,4270,2391,6000,,0,,,,holding,normal,0,no_load,none,A2: hold position after move,servo-app/lab-0.1
1781162517.3640783,34.2466881275177,A2_HOLD_AFTER_MOVE,A2_HOLD_AFTER_MOVE_R01_20260611_142122,delta-asda-b3-e,1591,RTSO|SO|OE|VE|QS|TR,1,0,9973,0,13,0.05551,13,0.031083,302,49,4270,2391,6000,,0,,,,holding,normal,0,no_load,none,A2: hold position after move,servo-app/lab-0.1
1781162517.4642594,34.346869230270386,A2_HOLD_AFTER_MOVE,A2_HOLD_AFTER_MOVE_R01_20260611_142122,delta-asda-b3-e,1591,RTSO|SO|OE|VE|QS|TR,1,0,9973,0,13,0.05551,14,0.033474,302,49,4270,2391,6000,,0,,,,holding,normal,0,no_load,none,A2: hold position after move,servo-app/lab-0.1
1781162517.5644333,34.4470431804657,A2_HOLD_AFTER_MOVE,A2_HOLD_AFTER_MOVE_R01_20260611_142122,delta-asda-b3-e,1591,RTSO|SO|OE|VE|QS|TR,1,0,9985,0,13,0.05551,14,0.033474,302,49,4270,2391,6000,,0,,,,holding,normal,0,no_load,none,A2: hold position after move,servo-app/lab-0.1
1781162517.664598,34.547207832336426,A2_HOLD_AFTER_MOVE,A2_HOLD_AFTER_MOVE_R01_20260611_142122,delta-asda-b3-e,1591,RTSO|SO|OE|VE|QS|TR,1,0,9987,0,14,0.05978,13,0.031083,301,49,4270,2391,6000,,0,,,,holding,normal,0,no_load,none,A2: hold position after move,servo-app/lab-0.1
1781162517.764997,34.64760684967041,A2_HOLD_AFTER_MOVE,A2_HOLD_AFTER_MOVE_R01_20260611_142122,delta-asda-b3-e,1591,RTSO|SO|OE|VE|QS|TR,1,0,9987,0,13,0.05551,14,0.033474,301,49,4270,2391,6000,,0,,,,holding,normal,0,no_load,none,A2: hold position after move,servo-app/lab-0.1
1781162517.8654387,34.748048543930054,A2_HOLD_AFTER_MOVE,A2_HOLD_AFTER_MOVE_R01_20260611_142122,delta-asda-b3-e,1591,RTSO|SO|OE|VE|QS|TR,1,0,9985,0,14,0.05978,14,0.033474,301,49,4270,2391,6000,,0,,,,holding,normal,0,no_load,none,A2: hold position after move,servo-app/lab-0.1
1781162517.9657845,34.8483943939209,A2_HOLD_AFTER_MOVE,A2_HOLD_AFTER_MOVE_R01_20260611_142122,delta-asda-b3-e,1591,RTSO|SO|OE|VE|QS|TR,1,0,9985,0,14,0.05978,13,0.031083,301,49,4270,2391,6000,,0,,,,holding,normal,0,no_load,none,A2: hold position after move,servo-app/lab-0.1
1781162518.0660558,34.948665618896484,A2_HOLD_AFTER_MOVE,A2_HOLD_AFTER_MOVE_R01_20260611_142122,delta-asda-b3-e,1591,RTSO|SO|OE|VE|QS|TR,1,0,9985,0,13,0.05551,14,0.033474,301,49,4270,2391,6000,,0,,,,holding,normal,0,no_load,none,A2: hold position after move,servo-app/lab-0.1
1781162518.1669295,35.04953932762146,A2_HOLD_AFTER_MOVE,A2_HOLD_AFTER_MOVE_R01_20260611_142122,delta-asda-b3-e,1591,RTSO|SO|OE|VE|QS|TR,1,0,9997,0,13,0.05551,13,0.031083,301,49,4270,2391,6000,,0,,,,holding,normal,0,no_load,none,A2: hold position after move,servo-app/lab-0.1
1781162518.2671402,35.149749994277954,A2_HOLD_AFTER_MOVE,A2_HOLD_AFTER_MOVE_R01_20260611_142122,delta-asda-b3-e,1591,RTSO|SO|OE|VE|QS|TR,1,0,9997,0,13,0.05551,14,0.033474,302,49,4270,2391,6000,,0,,,,holding,normal,0,no_load,none,A2: hold position after move,servo-app/lab-0.1
1781162518.367315,35.24992489814758,A2_HOLD_AFTER_MOVE,A2_HOLD_AFTER_MOVE_R01_20260611_142122,delta-asda-b3-e,1591,RTSO|SO|OE|VE|QS|TR,1,0,10005,0,13,0.05551,13,0.031083,301,49,4270,2391,6000,,0,,,,holding,normal,0,no_load,none,A2: hold position after move,servo-app/lab-0.1
1781162518.4679704,35.3505802154541,A2_HOLD_AFTER_MOVE,A2_HOLD_AFTER_MOVE_R01_20260611_142122,delta-asda-b3-e,1591,RTSO|SO|OE|VE|QS|TR,1,0,10031,0,13,0.05551,13,0.031083,301,49,4270,2391,6000,,0,,,,holding,normal,0,no_load,none,A2: hold position after move,servo-app/lab-0.1
1781162518.5682914,35.45090126991272,A2_HOLD_AFTER_MOVE,A2_HOLD_AFTER_MOVE_R01_20260611_142122,delta-asda-b3-e,1591,RTSO|SO|OE|VE|QS|TR,1,0,10023,0,14,0.05978,13,0.031083,302,49,4270,2391,6000,,0,,,,holding,normal,0,no_load,none,A2: hold position after move,servo-app/lab-0.1
1781162518.6683586,35.550968408584595,A2_HOLD_AFTER_MOVE,A2_HOLD_AFTER_MOVE_R01_20260611_142122,delta-asda-b3-e,1591,RTSO|SO|OE|VE|QS|TR,1,0,10041,0,13,0.05551,13,0.031083,302,49,4270,2391,6000,,0,,,,holding,normal,0,no_load,none,A2: hold position after move,servo-app/lab-0.1
1781162518.768597,35.651206731796265,A2_HOLD_AFTER_MOVE,A2_HOLD_AFTER_MOVE_R01_20260611_142122,delta-asda-b3-e,1591,RTSO|SO|OE|VE|QS|TR,1,0,10035,0,13,0.05551,13,0.031083,302,49,4270,2391,6000,,0,,,,holding,normal,0,no_load,none,A2: hold position after move,servo-app/lab-0.1
1781162518.8687692,35.75137901306152,A2_HOLD_AFTER_MOVE,A2_HOLD_AFTER_MOVE_R01_20260611_142122,delta-asda-b3-e,1591,RTSO|SO|OE|VE|QS|TR,1,0,10031,0,13,0.05551,13,0.031083,302,49,4270,2391,6000,,0,,,,holding,normal,0,no_load,none,A2: hold position after move,servo-app/lab-0.1
1781162518.969447,35.85205674171448,A2_HOLD_AFTER_MOVE,A2_HOLD_AFTER_MOVE_R01_20260611_142122,delta-asda-b3-e,1591,RTSO|SO|OE|VE|QS|TR,1,0,9997,0,14,0.05978,13,0.031083,302,49,4270,2391,6000,,0,,,,holding,normal,0,no_load,none,A2: hold position after move,servo-app/lab-0.1
1781162519.069764,35.95237374305725,A2_HOLD_AFTER_MOVE,A2_HOLD_AFTER_MOVE_R01_20260611_142122,delta-asda-b3-e,1591,RTSO|SO|OE|VE|QS|TR,1,0,10031,0,14,0.05978,13,0.031083,302,49,4270,2391,6000,,0,,,,holding,normal,0,no_load,none,A2: hold position after move,servo-app/lab-0.1
1781162519.1703775,36.05298733711243,A2_HOLD_AFTER_MOVE,A2_HOLD_AFTER_MOVE_R01_20260611_142122,delta-asda-b3-e,1591,RTSO|SO|OE|VE|QS|TR,1,0,10023,0,14,0.05978,14,0.033474,301,49,4270,2391,6000,,0,,,,holding,normal,0,no_load,none,A2: hold position after move,servo-app/lab-0.1
1781162519.270791,36.153400897979736,A2_HOLD_AFTER_MOVE,A2_HOLD_AFTER_MOVE_R01_20260611_142122,delta-asda-b3-e,1591,RTSO|SO|OE|VE|QS|TR,1,0,9991,0,13,0.05551,13,0.031083,301,49,4270,2391,6000,,0,,,,holding,normal,0,no_load,none,A2: hold position after move,servo-app/lab-0.1
1781162519.3708863,36.253496170043945,A2_HOLD_AFTER_MOVE,A2_HOLD_AFTER_MOVE_R01_20260611_142122,delta-asda-b3-e,1591,RTSO|SO|OE|VE|QS|TR,1,0,9993,0,13,0.05551,13,0.031083,302,49,4270,2391,6000,,0,,,,holding,normal,0,no_load,none,A2: hold position after move,servo-app/lab-0.1
1781162519.4710386,36.35364842414856,A2_HOLD_AFTER_MOVE,A2_HOLD_AFTER_MOVE_R01_20260611_142122,delta-asda-b3-e,1591,RTSO|SO|OE|VE|QS|TR,1,0,9991,0,13,0.05551,13,0.031083,302,49,4270,2391,6000,,0,,,,holding,normal,0,no_load,none,A2: hold position after move,servo-app/lab-0.1
1781162519.5715415,36.45415139198303,A2_HOLD_AFTER_MOVE,A2_HOLD_AFTER_MOVE_R01_20260611_142122,delta-asda-b3-e,1591,RTSO|SO|OE|VE|QS|TR,1,0,9985,0,13,0.05551,13,0.031083,302,49,4270,2391,6000,,0,,,,holding,normal,0,no_load,none,A2: hold position after move,servo-app/lab-0.1
1781162519.672027,36.55463695526123,A2_HOLD_AFTER_MOVE,A2_HOLD_AFTER_MOVE_R01_20260611_142122,delta-asda-b3-e,1591,RTSO|SO|OE|VE|QS|TR,1,0,9985,0,13,0.05551,14,0.033474,301,49,4270,2391,6000,,0,,,,holding,normal,0,no_load,none,A2: hold position after move,servo-app/lab-0.1
1781162519.7723649,36.654974699020386,A2_HOLD_AFTER_MOVE,A2_HOLD_AFTER_MOVE_R01_20260611_142122,delta-asda-b3-e,1591,RTSO|SO|OE|VE|QS|TR,1,0,9985,0,13,0.05551,13,0.031083,302,49,4270,2391,6000,,0,,,,holding,normal,0,no_load,none,A2: hold position after move,servo-app/lab-0.1
1781162519.8726716,36.75528144836426,A2_HOLD_AFTER_MOVE,A2_HOLD_AFTER_MOVE_R01_20260611_142122,delta-asda-b3-e,1591,RTSO|SO|OE|VE|QS|TR,1,0,9987,0,13,0.05551,13,0.031083,301,49,4270,2391,6000,,0,,,,holding,normal,0,no_load,none,A2: hold position after move,servo-app/lab-0.1
1781162519.973175,36.85578489303589,A2_HOLD_AFTER_MOVE,A2_HOLD_AFTER_MOVE_R01_20260611_142122,delta-asda-b3-e,1591,RTSO|SO|OE|VE|QS|TR,1,0,9987,0,12,0.05124,13,0.031083,301,49,4270,2391,6000,,0,,,,holding,normal,0,no_load,none,A2: hold position after move,servo-app/lab-0.1
1781162520.0736775,36.9562873840332,A2_HOLD_AFTER_MOVE,A2_HOLD_AFTER_MOVE_R01_20260611_142122,delta-asda-b3-e,1591,RTSO|SO|OE|VE|QS|TR,1,0,9985,0,13,0.05551,13,0.031083,301,49,4270,2391,6000,,0,,,,holding,normal,0,no_load,none,A2: hold position after move,servo-app/lab-0.1
1781162520.1737735,37.05638337135315,A2_HOLD_AFTER_MOVE,A2_HOLD_AFTER_MOVE_R01_20260611_142122,delta-asda-b3-e,1591,RTSO|SO|OE|VE|QS|TR,1,0,9985,0,13,0.05551,14,0.033474,302,49,4270,2391,6000,,0,,,,holding,normal,0,no_load,none,A2: hold position after move,servo-app/lab-0.1
1781162520.2743273,37.15693712234497,A2_HOLD_AFTER_MOVE,A2_HOLD_AFTER_MOVE_R01_20260611_142122,delta-asda-b3-e,1591,RTSO|SO|OE|VE|QS|TR,1,0,9985,0,14,0.05978,13,0.031083,301,49,4270,2391,6000,,0,,,,holding,normal,0,no_load,none,A2: hold position after move,servo-app/lab-0.1
1781162520.3744652,37.25707507133484,A2_HOLD_AFTER_MOVE,A2_HOLD_AFTER_MOVE_R01_20260611_142122,delta-asda-b3-e,1591,RTSO|SO|OE|VE|QS|TR,1,0,9985,0,13,0.05551,13,0.031083,301,49,4270,2391,6000,,0,,,,holding,normal,0,no_load,none,A2: hold position after move,servo-app/lab-0.1
1781162520.4746869,37.35729670524597,A2_HOLD_AFTER_MOVE,A2_HOLD_AFTER_MOVE_R01_20260611_142122,delta-asda-b3-e,1591,RTSO|SO|OE|VE|QS|TR,1,0,9985,0,13,0.05551,13,0.031083,301,49,4270,2391,6000,,0,,,,holding,normal,0,no_load,none,A2: hold position after move,servo-app/lab-0.1
1781162520.5751462,37.45775604248047,A2_HOLD_AFTER_MOVE,A2_HOLD_AFTER_MOVE_R01_20260611_142122,delta-asda-b3-e,1591,RTSO|SO|OE|VE|QS|TR,1,0,9987,0,13,0.05551,12,0.028692,301,49,4270,2391,6000,,0,,,,holding,normal,0,no_load,none,A2: hold position after move,servo-app/lab-0.1
1781162520.6754498,37.55805969238281,A2_HOLD_AFTER_MOVE,A2_HOLD_AFTER_MOVE_R01_20260611_142122,delta-asda-b3-e,1591,RTSO|SO|OE|VE|QS|TR,1,0,9985,0,13,0.05551,14,0.033474,301,49,4270,2391,6000,,0,,,,holding,normal,0,no_load,none,A2: hold position after move,servo-app/lab-0.1
1781162520.7759323,37.65854215621948,A2_HOLD_AFTER_MOVE,A2_HOLD_AFTER_MOVE_R01_20260611_142122,delta-asda-b3-e,1591,RTSO|SO|OE|VE|QS|TR,1,0,9997,0,13,0.05551,14,0.033474,301,49,4270,2391,6000,,0,,,,holding,normal,0,no_load,none,A2: hold position after move,servo-app/lab-0.1
1781162520.8761933,37.75880312919617,A2_HOLD_AFTER_MOVE,A2_HOLD_AFTER_MOVE_R01_20260611_142122,delta-asda-b3-e,1591,RTSO|SO|OE|VE|QS|TR,1,0,9985,0,13,0.05551,13,0.031083,301,49,4270,2391,6000,,0,,,,holding,normal,0,no_load,none,A2: hold position after move,servo-app/lab-0.1
1781162520.9762926,37.85890245437622,A2_HOLD_AFTER_MOVE,A2_HOLD_AFTER_MOVE_R01_20260611_142122,delta-asda-b3-e,1591,RTSO|SO|OE|VE|QS|TR,1,0,9991,0,13,0.05551,13,0.031083,301,49,4270,2391,6000,,0,,,,holding,normal,0,no_load,none,A2: hold position after move,servo-app/lab-0.1
1781162521.0765338,37.95914363861084,A2_HOLD_AFTER_MOVE,A2_HOLD_AFTER_MOVE_R01_20260611_142122,delta-asda-b3-e,1591,RTSO|SO|OE|VE|QS|TR,1,0,10019,0,13,0.05551,13,0.031083,301,49,4270,2391,6000,,0,,,,holding,normal,0,no_load,none,A2: hold position after move,servo-app/lab-0.1
1781162521.1766572,38.05926704406738,A2_HOLD_AFTER_MOVE,A2_HOLD_AFTER_MOVE_R01_20260611_142122,delta-asda-b3-e,1591,RTSO|SO|OE|VE|QS|TR,1,0,10023,0,13,0.05551,13,0.031083,301,49,4270,2391,6000,,0,,,,holding,normal,0,no_load,none,A2: hold position after move,servo-app/lab-0.1
1781162521.2771318,38.15974164009094,A2_HOLD_AFTER_MOVE,A2_HOLD_AFTER_MOVE_R01_20260611_142122,delta-asda-b3-e,1591,RTSO|SO|OE|VE|QS|TR,1,0,10015,0,14,0.05978,13,0.031083,301,49,4270,2391,6000,,0,,,,holding,normal,0,no_load,none,A2: hold position after move,servo-app/lab-0.1
1781162521.3773541,38.25996398925781,A2_HOLD_AFTER_MOVE,A2_HOLD_AFTER_MOVE_R01_20260611_142122,delta-asda-b3-e,1591,RTSO|SO|OE|VE|QS|TR,1,0,10019,0,13,0.05551,13,0.031083,301,49,4270,2391,6000,,0,,,,holding,normal,0,no_load,none,A2: hold position after move,servo-app/lab-0.1
1781162521.4779432,38.36055302619934,A2_HOLD_AFTER_MOVE,A2_HOLD_AFTER_MOVE_R01_20260611_142122,delta-asda-b3-e,1591,RTSO|SO|OE|VE|QS|TR,1,0,10031,0,13,0.05551,13,0.031083,301,49,4270,2391,6000,,0,,,,holding,normal,0,no_load,none,A2: hold position after move,servo-app/lab-0.1
1781162521.5781054,38.46071529388428,A2_HOLD_AFTER_MOVE,A2_HOLD_AFTER_MOVE_R01_20260611_142122,delta-asda-b3-e,1591,RTSO|SO|OE|VE|QS|TR,1,0,10031,0,13,0.05551,13,0.031083,301,49,4270,2391,6000,,0,,,,holding,normal,0,no_load,none,A2: hold position after move,servo-app/lab-0.1
1781162521.6784933,38.561103105545044,A2_HOLD_AFTER_MOVE,A2_HOLD_AFTER_MOVE_R01_20260611_142122,delta-asda-b3-e,1591,RTSO|SO|OE|VE|QS|TR,1,0,10037,0,13,0.05551,13,0.031083,301,49,4270,2391,6000,,0,,,,holding,normal,0,no_load,none,A2: hold position after move,servo-app/lab-0.1
1781162521.7794137,38.66202354431152,A2_HOLD_AFTER_MOVE,A2_HOLD_AFTER_MOVE_R01_20260611_142122,delta-asda-b3-e,1591,RTSO|SO|OE|VE|QS|TR,1,0,9997,0,13,0.05551,13,0.031083,301,49,4270,2391,6000,,0,,,,holding,normal,0,no_load,none,A2: hold position after move,servo-app/lab-0.1
1781162521.8798609,38.762470722198486,A2_HOLD_AFTER_MOVE,A2_HOLD_AFTER_MOVE_R01_20260611_142122,delta-asda-b3-e,1591,RTSO|SO|OE|VE|QS|TR,1,0,9991,0,13,0.05551,13,0.031083,301,49,4270,2391,6000,,0,,,,holding,normal,0,no_load,none,A2: hold position after move,servo-app/lab-0.1
1781162521.9802477,38.86285758018494,A2_HOLD_AFTER_MOVE,A2_HOLD_AFTER_MOVE_R01_20260611_142122,delta-asda-b3-e,1591,RTSO|SO|OE|VE|QS|TR,1,0,10009,0,13,0.05551,13,0.031083,302,49,4270,2391,6000,,0,,,,holding,normal,0,no_load,none,A2: hold position after move,servo-app/lab-0.1
1781162522.0803623,38.96297216415405,A2_HOLD_AFTER_MOVE,A2_HOLD_AFTER_MOVE_R01_20260611_142122,delta-asda-b3-e,1591,RTSO|SO|OE|VE|QS|TR,1,0,9987,0,12,0.05124,13,0.031083,301,49,4270,2391,6000,,0,,,,holding,normal,0,no_load,none,A2: hold position after move,servo-app/lab-0.1
1781162522.180569,39.0631787776947,A2_HOLD_AFTER_MOVE,A2_HOLD_AFTER_MOVE_R01_20260611_142122,delta-asda-b3-e,1591,RTSO|SO|OE|VE|QS|TR,1,0,9987,0,13,0.05551,13,0.031083,301,49,4270,2391,6000,,0,,,,holding,normal,0,no_load,none,A2: hold position after move,servo-app/lab-0.1
1781162522.2807493,39.16335916519165,A2_HOLD_AFTER_MOVE,A2_HOLD_AFTER_MOVE_R01_20260611_142122,delta-asda-b3-e,1591,RTSO|SO|OE|VE|QS|TR,1,0,9987,0,13,0.05551,13,0.031083,301,49,4270,2391,6000,,0,,,,holding,normal,0,no_load,none,A2: hold position after move,servo-app/lab-0.1
1781162522.3812912,39.26390099525452,A2_HOLD_AFTER_MOVE,A2_HOLD_AFTER_MOVE_R01_20260611_142122,delta-asda-b3-e,1591,RTSO|SO|OE|VE|QS|TR,1,0,9979,0,13,0.05551,14,0.033474,301,49,4270,2391,6000,,0,,,,holding,normal,0,no_load,none,A2: hold position after move,servo-app/lab-0.1
1781162522.4824748,39.365084648132324,A2_HOLD_AFTER_MOVE,A2_HOLD_AFTER_MOVE_R01_20260611_142122,delta-asda-b3-e,1591,RTSO|SO|OE|VE|QS|TR,1,0,9985,0,13,0.05551,14,0.033474,302,49,4270,2391,6000,,0,,,,holding,normal,0,no_load,none,A2: hold position after move,servo-app/lab-0.1
1781162522.5828383,39.46544814109802,A2_HOLD_AFTER_MOVE,A2_HOLD_AFTER_MOVE_R01_20260611_142122,delta-asda-b3-e,1591,RTSO|SO|OE|VE|QS|TR,1,0,9985,0,14,0.05978,12,0.028692,301,49,4270,2391,6000,,0,,,,holding,normal,0,no_load,none,A2: hold position after move,servo-app/lab-0.1
1781162522.6830018,39.565611600875854,A2_HOLD_AFTER_MOVE,A2_HOLD_AFTER_MOVE_R01_20260611_142122,delta-asda-b3-e,1591,RTSO|SO|OE|VE|QS|TR,1,0,9985,0,13,0.05551,13,0.031083,301,49,4270,2391,6000,,0,,,,holding,normal,0,no_load,none,A2: hold position after move,servo-app/lab-0.1
1781162522.7836,39.66620993614197,A2_HOLD_AFTER_MOVE,A2_HOLD_AFTER_MOVE_R01_20260611_142122,delta-asda-b3-e,1591,RTSO|SO|OE|VE|QS|TR,1,0,9979,0,13,0.05551,13,0.031083,301,49,4270,2391,6000,,0,,,,holding,normal,0,no_load,none,A2: hold position after move,servo-app/lab-0.1
1781162522.883764,39.76637387275696,A2_HOLD_AFTER_MOVE,A2_HOLD_AFTER_MOVE_R01_20260611_142122,delta-asda-b3-e,1591,RTSO|SO|OE|VE|QS|TR,1,0,9985,0,13,0.05551,13,0.031083,301,49,4270,2391,6000,,0,,,,holding,normal,0,no_load,none,A2: hold position after move,servo-app/lab-0.1
1781162522.984442,39.86705183982849,A2_HOLD_AFTER_MOVE,A2_HOLD_AFTER_MOVE_R01_20260611_142122,delta-asda-b3-e,1591,RTSO|SO|OE|VE|QS|TR,1,0,9987,0,13,0.05551,13,0.031083,301,49,4270,2391,6000,,0,,,,holding,normal,0,no_load,none,A2: hold position after move,servo-app/lab-0.1
1781162523.0847995,39.96740937232971,A2_HOLD_AFTER_MOVE,A2_HOLD_AFTER_MOVE_R01_20260611_142122,delta-asda-b3-e,1591,RTSO|SO|OE|VE|QS|TR,1,0,9987,0,13,0.05551,14,0.033474,301,49,4270,2391,6000,,0,,,,holding,normal,0,no_load,none,A2: hold position after move,servo-app/lab-0.1
1781162523.1850452,40.067655086517334,A2_HOLD_AFTER_MOVE,A2_HOLD_AFTER_MOVE_R01_20260611_142122,delta-asda-b3-e,1591,RTSO|SO|OE|VE|QS|TR,1,0,9997,0,13,0.05551,14,0.033474,301,49,4270,2391,6000,,0,,,,holding,normal,0,no_load,none,A2: hold position after move,servo-app/lab-0.1
1781162523.285876,40.16848587989807,A2_HOLD_AFTER_MOVE,A2_HOLD_AFTER_MOVE_R01_20260611_142122,delta-asda-b3-e,1591,RTSO|SO|OE|VE|QS|TR,1,0,10031,0,13,0.05551,13,0.031083,301,49,4270,2391,6000,,0,,,,holding,normal,0,no_load,none,A2: hold position after move,servo-app/lab-0.1
1781162523.3866441,40.269253969192505,A2_HOLD_AFTER_MOVE,A2_HOLD_AFTER_MOVE_R01_20260611_142122,delta-asda-b3-e,1591,RTSO|SO|OE|VE|QS|TR,1,0,10031,0,14,0.05978,13,0.031083,301,49,4270,2391,6000,,0,,,,holding,normal,0,no_load,none,A2: hold position after move,servo-app/lab-0.1
1781162523.4867306,40.36934041976929,A2_HOLD_AFTER_MOVE,A2_HOLD_AFTER_MOVE_R01_20260611_142122,delta-asda-b3-e,1591,RTSO|SO|OE|VE|QS|TR,1,0,10035,0,13,0.05551,13,0.031083,301,49,4270,2391,6000,,0,,,,holding,normal,0,no_load,none,A2: hold position after move,servo-app/lab-0.1
1781162523.5871482,40.46975803375244,A2_HOLD_AFTER_MOVE,A2_HOLD_AFTER_MOVE_R01_20260611_142122,delta-asda-b3-e,1591,RTSO|SO|OE|VE|QS|TR,1,0,10031,0,13,0.05551,12,0.028692,301,49,4270,2391,6000,,0,,,,holding,normal,0,no_load,none,A2: hold position after move,servo-app/lab-0.1
1781162523.6873233,40.56993317604065,A2_HOLD_AFTER_MOVE,A2_HOLD_AFTER_MOVE_R01_20260611_142122,delta-asda-b3-e,1591,RTSO|SO|OE|VE|QS|TR,1,0,10047,0,13,0.05551,13,0.031083,301,49,4270,2391,6000,,0,,,,holding,normal,0,no_load,none,A2: hold position after move,servo-app/lab-0.1
1781162523.7874577,40.67006754875183,A2_HOLD_AFTER_MOVE,A2_HOLD_AFTER_MOVE_R01_20260611_142122,delta-asda-b3-e,1591,RTSO|SO|OE|VE|QS|TR,1,0,10031,0,13,0.05551,13,0.031083,301,49,4270,2391,6000,,0,,,,holding,normal,0,no_load,none,A2: hold position after move,servo-app/lab-0.1
1781162523.8881855,40.7707953453064,A2_HOLD_AFTER_MOVE,A2_HOLD_AFTER_MOVE_R01_20260611_142122,delta-asda-b3-e,1591,RTSO|SO|OE|VE|QS|TR,1,0,10009,0,13,0.05551,13,0.031083,301,49,4270,2391,6000,,0,,,,holding,normal,0,no_load,none,A2: hold position after move,servo-app/lab-0.1
1781162523.989091,40.87170076370239,A2_HOLD_AFTER_MOVE,A2_HOLD_AFTER_MOVE_R01_20260611_142122,delta-asda-b3-e,1591,RTSO|SO|OE|VE|QS|TR,1,0,9997,0,14,0.05978,13,0.031083,301,49,4270,2391,6000,,0,,,,holding,normal,0,no_load,none,A2: hold position after move,servo-app/lab-0.1
1781162524.0902917,40.972901582717896,A2_HOLD_AFTER_MOVE,A2_HOLD_AFTER_MOVE_R01_20260611_142122,delta-asda-b3-e,1591,RTSO|SO|OE|VE|QS|TR,1,0,9985,0,13,0.05551,14,0.033474,301,49,4270,2391,6000,,0,,,,holding,normal,0,no_load,none,A2: hold position after move,servo-app/lab-0.1
1781162524.1905062,41.073116064071655,A2_HOLD_AFTER_MOVE,A2_HOLD_AFTER_MOVE_R01_20260611_142122,delta-asda-b3-e,1591,RTSO|SO|OE|VE|QS|TR,1,0,9987,0,14,0.05978,14,0.033474,301,49,4270,2391,6000,,0,,,,holding,normal,0,no_load,none,A2: hold position after move,servo-app/lab-0.1
1781162524.2906458,41.17325568199158,A2_HOLD_AFTER_MOVE,A2_HOLD_AFTER_MOVE_R01_20260611_142122,delta-asda-b3-e,1591,RTSO|SO|OE|VE|QS|TR,1,0,9985,0,14,0.05978,13,0.031083,301,49,4270,2391,6000,,0,,,,holding,normal,0,no_load,none,A2: hold position after move,servo-app/lab-0.1
1781162524.391112,41.27372193336487,A2_HOLD_AFTER_MOVE,A2_HOLD_AFTER_MOVE_R01_20260611_142122,delta-asda-b3-e,1591,RTSO|SO|OE|VE|QS|TR,1,0,9985,0,13,0.05551,14,0.033474,301,49,4270,2391,6000,,0,,,,holding,normal,0,no_load,none,A2: hold position after move,servo-app/lab-0.1
1781162524.4916306,41.37424039840698,A2_HOLD_AFTER_MOVE,A2_HOLD_AFTER_MOVE_R01_20260611_142122,delta-asda-b3-e,1591,RTSO|SO|OE|VE|QS|TR,1,0,9987,0,13,0.05551,13,0.031083,301,49,4270,2391,6000,,0,,,,holding,normal,0,no_load,none,A2: hold position after move,servo-app/lab-0.1
1781162524.5924106,41.47502040863037,A2_HOLD_AFTER_MOVE,A2_HOLD_AFTER_MOVE_R01_20260611_142122,delta-asda-b3-e,1591,RTSO|SO|OE|VE|QS|TR,1,0,9987,0,13,0.05551,13,0.031083,301,49,4270,2391,6000,,0,,,,holding,normal,0,no_load,none,A2: hold position after move,servo-app/lab-0.1
1781162524.6925864,41.575196266174316,A2_HOLD_AFTER_MOVE,A2_HOLD_AFTER_MOVE_R01_20260611_142122,delta-asda-b3-e,1591,RTSO|SO|OE|VE|QS|TR,1,0,9985,0,13,0.05551,13,0.031083,301,49,4270,2391,6000,,0,,,,holding,normal,0,no_load,none,A2: hold position after move,servo-app/lab-0.1
1781162524.7931304,41.675740242004395,A2_HOLD_AFTER_MOVE,A2_HOLD_AFTER_MOVE_R01_20260611_142122,delta-asda-b3-e,1591,RTSO|SO|OE|VE|QS|TR,1,0,9987,0,13,0.05551,13,0.031083,302,49,4270,2391,6000,,0,,,,holding,normal,0,no_load,none,A2: hold position after move,servo-app/lab-0.1
1781162524.8933454,41.77595520019531,A2_HOLD_AFTER_MOVE,A2_HOLD_AFTER_MOVE_R01_20260611_142122,delta-asda-b3-e,1591,RTSO|SO|OE|VE|QS|TR,1,0,9985,0,13,0.05551,13,0.031083,302,49,4270,2391,6000,,0,,,,holding,normal,0,no_load,none,A2: hold position after move,servo-app/lab-0.1
1781162524.9936624,41.876272201538086,A2_HOLD_AFTER_MOVE,A2_HOLD_AFTER_MOVE_R01_20260611_142122,delta-asda-b3-e,1591,RTSO|SO|OE|VE|QS|TR,1,0,9991,0,13,0.05551,14,0.033474,301,49,4270,2391,6000,,0,,,,holding,normal,0,no_load,none,A2: hold position after move,servo-app/lab-0.1
1781162525.0939908,41.976600646972656,A2_HOLD_AFTER_MOVE,A2_HOLD_AFTER_MOVE_R01_20260611_142122,delta-asda-b3-e,1591,RTSO|SO|OE|VE|QS|TR,1,0,9997,0,13,0.05551,13,0.031083,301,49,4270,2391,6000,,0,,,,holding,normal,0,no_load,none,A2: hold position after move,servo-app/lab-0.1
1781162525.194476,42.077085733413696,A2_HOLD_AFTER_MOVE,A2_HOLD_AFTER_MOVE_R01_20260611_142122,delta-asda-b3-e,1591,RTSO|SO|OE|VE|QS|TR,1,0,9991,0,14,0.05978,13,0.031083,301,49,4270,2391,6000,,0,,,,holding,normal,0,no_load,none,A2: hold position after move,servo-app/lab-0.1
1781162525.2947402,42.17735004425049,A2_HOLD_AFTER_MOVE,A2_HOLD_AFTER_MOVE_R01_20260611_142122,delta-asda-b3-e,1591,RTSO|SO|OE|VE|QS|TR,1,0,10031,0,13,0.05551,14,0.033474,301,49,4270,2391,6000,,0,,,,holding,normal,0,no_load,none,A2: hold position after move,servo-app/lab-0.1
1781162525.3951302,42.27774000167847,A2_HOLD_AFTER_MOVE,A2_HOLD_AFTER_MOVE_R01_20260611_142122,delta-asda-b3-e,1591,RTSO|SO|OE|VE|QS|TR,1,0,10009,0,13,0.05551,13,0.031083,301,49,4270,2391,6000,,0,,,,holding,normal,0,no_load,none,A2: hold position after move,servo-app/lab-0.1
1781162525.4952521,42.377861976623535,A2_HOLD_AFTER_MOVE,A2_HOLD_AFTER_MOVE_R01_20260611_142122,delta-asda-b3-e,1591,RTSO|SO|OE|VE|QS|TR,1,0,10009,0,13,0.05551,14,0.033474,301,49,4270,2391,6000,,0,,,,holding,normal,0,no_load,none,A2: hold position after move,servo-app/lab-0.1
1781162525.5957305,42.47834038734436,A2_HOLD_AFTER_MOVE,A2_HOLD_AFTER_MOVE_R01_20260611_142122,delta-asda-b3-e,1591,RTSO|SO|OE|VE|QS|TR,1,0,10023,0,12,0.05124,13,0.031083,301,49,4270,2391,6000,,0,,,,holding,normal,0,no_load,none,A2: hold position after move,servo-app/lab-0.1
1781162525.6957924,42.578402280807495,A2_HOLD_AFTER_MOVE,A2_HOLD_AFTER_MOVE_R01_20260611_142122,delta-asda-b3-e,1591,RTSO|SO|OE|VE|QS|TR,1,0,10031,0,13,0.05551,14,0.033474,301,49,4270,2391,6000,,0,,,,holding,normal,0,no_load,none,A2: hold position after move,servo-app/lab-0.1
1781162525.796284,42.67889380455017,A2_HOLD_AFTER_MOVE,A2_HOLD_AFTER_MOVE_R01_20260611_142122,delta-asda-b3-e,1591,RTSO|SO|OE|VE|QS|TR,1,0,10035,0,13,0.05551,14,0.033474,301,49,4270,2391,6000,,0,,,,holding,normal,0,no_load,none,A2: hold position after move,servo-app/lab-0.1
1781162525.896508,42.779117822647095,A2_HOLD_AFTER_MOVE,A2_HOLD_AFTER_MOVE_R01_20260611_142122,delta-asda-b3-e,1591,RTSO|SO|OE|VE|QS|TR,1,0,10031,0,13,0.05551,13,0.031083,301,49,4270,2391,6000,,0,,,,holding,normal,0,no_load,none,A2: hold position after move,servo-app/lab-0.1
1781162525.9970026,42.8796124458313,A2_HOLD_AFTER_MOVE,A2_HOLD_AFTER_MOVE_R01_20260611_142122,delta-asda-b3-e,1591,RTSO|SO|OE|VE|QS|TR,1,0,10015,0,13,0.05551,13,0.031083,301,49,4270,2391,6000,,0,,,,holding,normal,0,no_load,none,A2: hold position after move,servo-app/lab-0.1
1781162526.0975318,42.98014163970947,A2_HOLD_AFTER_MOVE,A2_HOLD_AFTER_MOVE_R01_20260611_142122,delta-asda-b3-e,1591,RTSO|SO|OE|VE|QS|TR,1,0,10023,0,13,0.05551,13,0.031083,301,49,4270,2391,6000,,0,,,,holding,normal,0,no_load,none,A2: hold position after move,servo-app/lab-0.1
1781162526.1981187,43.08072853088379,A2_HOLD_AFTER_MOVE,A2_HOLD_AFTER_MOVE_R01_20260611_142122,delta-asda-b3-e,1591,RTSO|SO|OE|VE|QS|TR,1,0,10009,0,14,0.05978,13,0.031083,302,49,4270,2391,6000,,0,,,,holding,normal,0,no_load,none,A2: hold position after move,servo-app/lab-0.1
1781162526.2983844,43.180994272232056,A2_HOLD_AFTER_MOVE,A2_HOLD_AFTER_MOVE_R01_20260611_142122,delta-asda-b3-e,1591,RTSO|SO|OE|VE|QS|TR,1,0,10015,0,13,0.05551,13,0.031083,301,49,4270,2391,6000,,0,,,,holding,normal,0,no_load,none,A2: hold position after move,servo-app/lab-0.1
1781162526.398481,43.28109073638916,A2_HOLD_AFTER_MOVE,A2_HOLD_AFTER_MOVE_R01_20260611_142122,delta-asda-b3-e,1591,RTSO|SO|OE|VE|QS|TR,1,0,10005,0,14,0.05978,13,0.031083,301,49,4270,2391,6000,,0,,,,holding,normal,0,no_load,none,A2: hold position after move,servo-app/lab-0.1
1781162526.498625,43.381234884262085,A2_HOLD_AFTER_MOVE,A2_HOLD_AFTER_MOVE_R01_20260611_142122,delta-asda-b3-e,1591,RTSO|SO|OE|VE|QS|TR,1,0,9985,0,12,0.05124,13,0.031083,302,49,4270,2391,6000,,0,,,,holding,normal,0,no_load,none,A2: hold position after move,servo-app/lab-0.1
1781162526.5991795,43.481789350509644,A2_HOLD_AFTER_MOVE,A2_HOLD_AFTER_MOVE_R01_20260611_142122,delta-asda-b3-e,1591,RTSO|SO|OE|VE|QS|TR,1,0,9987,0,13,0.05551,13,0.031083,301,49,4270,2391,6000,,0,,,,holding,normal,0,no_load,none,A2: hold position after move,servo-app/lab-0.1
1781162526.6993039,43.5819137096405,A2_HOLD_AFTER_MOVE,A2_HOLD_AFTER_MOVE_R01_20260611_142122,delta-asda-b3-e,1591,RTSO|SO|OE|VE|QS|TR,1,0,9997,0,14,0.05978,14,0.033474,301,49,4270,2391,6000,,0,,,,holding,normal,0,no_load,none,A2: hold position after move,servo-app/lab-0.1
1781162526.7993765,43.6819863319397,A2_HOLD_AFTER_MOVE,A2_HOLD_AFTER_MOVE_R01_20260611_142122,delta-asda-b3-e,1591,RTSO|SO|OE|VE|QS|TR,1,0,9987,0,13,0.05551,14,0.033474,302,49,4270,2391,6000,,0,,,,holding,normal,0,no_load,none,A2: hold position after move,servo-app/lab-0.1
1781162526.8997896,43.78239941596985,A2_HOLD_AFTER_MOVE,A2_HOLD_AFTER_MOVE_R01_20260611_142122,delta-asda-b3-e,1591,RTSO|SO|OE|VE|QS|TR,1,0,9985,0,12,0.05124,14,0.033474,302,49,4270,2391,6000,,0,,,,holding,normal,0,no_load,none,A2: hold position after move,servo-app/lab-0.1
1781162527.0002396,43.88284945487976,A2_HOLD_AFTER_MOVE,A2_HOLD_AFTER_MOVE_R01_20260611_142122,delta-asda-b3-e,1591,RTSO|SO|OE|VE|QS|TR,1,0,9987,0,13,0.05551,14,0.033474,301,49,4270,2391,6000,,0,,,,holding,normal,0,no_load,none,A2: hold position after move,servo-app/lab-0.1
1781162527.1011257,43.98373556137085,A2_HOLD_AFTER_MOVE,A2_HOLD_AFTER_MOVE_R01_20260611_142122,delta-asda-b3-e,1591,RTSO|SO|OE|VE|QS|TR,1,0,9987,0,13,0.05551,13,0.031083,301,49,4270,2391,6000,,0,,,,holding,normal,0,no_load,none,A2: hold position after move,servo-app/lab-0.1
1781162527.2015376,44.084147453308105,A2_HOLD_AFTER_MOVE,A2_HOLD_AFTER_MOVE_R01_20260611_142122,delta-asda-b3-e,1591,RTSO|SO|OE|VE|QS|TR,1,0,9985,0,14,0.05978,13,0.031083,301,49,4270,2391,6000,,0,,,,holding,normal,0,no_load,none,A2: hold position after move,servo-app/lab-0.1
1781162527.3019252,44.18453502655029,A2_HOLD_AFTER_MOVE,A2_HOLD_AFTER_MOVE_R01_20260611_142122,delta-asda-b3-e,1591,RTSO|SO|OE|VE|QS|TR,1,0,9985,0,13,0.05551,14,0.033474,301,49,4270,2391,6000,,0,,,,holding,normal,0,no_load,none,A2: hold position after move,servo-app/lab-0.1
1781162527.4025626,44.28517246246338,A2_HOLD_AFTER_MOVE,A2_HOLD_AFTER_MOVE_R01_20260611_142122,delta-asda-b3-e,1591,RTSO|SO|OE|VE|QS|TR,1,0,9987,0,13,0.05551,14,0.033474,301,49,4270,2391,6000,,0,,,,holding,normal,0,no_load,none,A2: hold position after move,servo-app/lab-0.1
1781162527.5030575,44.38566732406616,A2_HOLD_AFTER_MOVE,A2_HOLD_AFTER_MOVE_R01_20260611_142122,delta-asda-b3-e,1591,RTSO|SO|OE|VE|QS|TR,1,0,9979,0,13,0.05551,13,0.031083,301,49,4270,2391,6000,,0,,,,holding,normal,0,no_load,none,A2: hold position after move,servo-app/lab-0.1
1781162527.6032786,44.48588848114014,A2_HOLD_AFTER_MOVE,A2_HOLD_AFTER_MOVE_R01_20260611_142122,delta-asda-b3-e,1591,RTSO|SO|OE|VE|QS|TR,1,0,9985,0,13,0.05551,14,0.033474,301,49,4270,2391,6000,,0,,,,holding,normal,0,no_load,none,A2: hold position after move,servo-app/lab-0.1
1781162527.7041924,44.5868022441864,A2_HOLD_AFTER_MOVE,A2_HOLD_AFTER_MOVE_R01_20260611_142122,delta-asda-b3-e,1591,RTSO|SO|OE|VE|QS|TR,1,0,10009,0,13,0.05551,14,0.033474,301,49,4270,2391,6000,,0,,,,holding,normal,0,no_load,none,A2: hold position after move,servo-app/lab-0.1
1781162527.8043184,44.686928272247314,A2_HOLD_AFTER_MOVE,A2_HOLD_AFTER_MOVE_R01_20260611_142122,delta-asda-b3-e,1591,RTSO|SO|OE|VE|QS|TR,1,0,10005,0,13,0.05551,14,0.033474,302,49,4270,2391,6000,,0,,,,holding,normal,0,no_load,none,A2: hold position after move,servo-app/lab-0.1
1781162527.9047837,44.78739356994629,A2_HOLD_AFTER_MOVE,A2_HOLD_AFTER_MOVE_R01_20260611_142122,delta-asda-b3-e,1591,RTSO|SO|OE|VE|QS|TR,1,0,10031,0,13,0.05551,13,0.031083,301,49,4270,2391,6000,,0,,,,holding,normal,0,no_load,none,A2: hold position after move,servo-app/lab-0.1
1781162528.005055,44.887664794921875,A2_HOLD_AFTER_MOVE,A2_HOLD_AFTER_MOVE_R01_20260611_142122,delta-asda-b3-e,1591,RTSO|SO|OE|VE|QS|TR,1,0,10023,0,13,0.05551,13,0.031083,301,49,4270,2391,6000,,0,,,,holding,normal,0,no_load,none,A2: hold position after move,servo-app/lab-0.1
1781162528.1054814,44.988091230392456,A2_HOLD_AFTER_MOVE,A2_HOLD_AFTER_MOVE_R01_20260611_142122,delta-asda-b3-e,1591,RTSO|SO|OE|VE|QS|TR,1,0,10031,0,13,0.05551,13,0.031083,301,49,4270,2391,6000,,0,,,,holding,normal,0,no_load,none,A2: hold position after move,servo-app/lab-0.1
1781162528.2055686,45.088178396224976,A2_HOLD_AFTER_MOVE,A2_HOLD_AFTER_MOVE_R01_20260611_142122,delta-asda-b3-e,1591,RTSO|SO|OE|VE|QS|TR,1,0,10031,0,13,0.05551,13,0.031083,301,49,4270,2391,6000,,0,,,,holding,normal,0,no_load,none,A2: hold position after move,servo-app/lab-0.1
1781162528.3057106,45.18832039833069,A2_HOLD_AFTER_MOVE,A2_HOLD_AFTER_MOVE_R01_20260611_142122,delta-asda-b3-e,1591,RTSO|SO|OE|VE|QS|TR,1,0,10031,0,13,0.05551,14,0.033474,301,49,4270,2391,6000,,0,,,,holding,normal,0,no_load,none,A2: hold position after move,servo-app/lab-0.1
1781162528.4062183,45.28882813453674,A2_HOLD_AFTER_MOVE,A2_HOLD_AFTER_MOVE_R01_20260611_142122,delta-asda-b3-e,1591,RTSO|SO|OE|VE|QS|TR,1,0,10031,0,12,0.05124,13,0.031083,301,49,4270,2391,6000,,0,,,,holding,normal,0,no_load,none,A2: hold position after move,servo-app/lab-0.1
1781162528.5068345,45.38944435119629,A2_HOLD_AFTER_MOVE,A2_HOLD_AFTER_MOVE_R01_20260611_142122,delta-asda-b3-e,1591,RTSO|SO|OE|VE|QS|TR,1,0,10009,0,13,0.05551,14,0.033474,301,49,4270,2391,6000,,0,,,,holding,normal,0,no_load,none,A2: hold position after move,servo-app/lab-0.1
1781162528.6069033,45.48951315879822,A2_HOLD_AFTER_MOVE,A2_HOLD_AFTER_MOVE_R01_20260611_142122,delta-asda-b3-e,1591,RTSO|SO|OE|VE|QS|TR,1,0,10023,0,14,0.05978,14,0.033474,302,49,4270,2391,6000,,0,,,,holding,normal,0,no_load,none,A2: hold position after move,servo-app/lab-0.1
1781162528.707077,45.58968687057495,A2_HOLD_AFTER_MOVE,A2_HOLD_AFTER_MOVE_R01_20260611_142122,delta-asda-b3-e,1591,RTSO|SO|OE|VE|QS|TR,1,0,10031,0,14,0.05978,14,0.033474,301,49,4270,2391,6000,,0,,,,holding,normal,0,no_load,none,A2: hold position after move,servo-app/lab-0.1
1781162528.8075712,45.690181016922,A2_HOLD_AFTER_MOVE,A2_HOLD_AFTER_MOVE_R01_20260611_142122,delta-asda-b3-e,1591,RTSO|SO|OE|VE|QS|TR,1,0,10005,0,14,0.05978,13,0.031083,302,49,4270,2391,6000,,0,,,,holding,normal,0,no_load,none,A2: hold position after move,servo-app/lab-0.1
1781162528.908028,45.790637731552124,A2_HOLD_AFTER_MOVE,A2_HOLD_AFTER_MOVE_R01_20260611_142122,delta-asda-b3-e,1591,RTSO|SO|OE|VE|QS|TR,1,0,9987,0,13,0.05551,13,0.031083,301,49,4270,2391,6000,,0,,,,holding,normal,0,no_load,none,A2: hold position after move,servo-app/lab-0.1
1781162529.0086012,45.89121103286743,A2_HOLD_AFTER_MOVE,A2_HOLD_AFTER_MOVE_R01_20260611_142122,delta-asda-b3-e,1591,RTSO|SO|OE|VE|QS|TR,1,0,9997,0,13,0.05551,14,0.033474,301,49,4270,2391,6000,,0,,,,holding,normal,0,no_load,none,A2: hold position after move,servo-app/lab-0.1
1781162529.1090693,45.991679191589355,A2_HOLD_AFTER_MOVE,A2_HOLD_AFTER_MOVE_R01_20260611_142122,delta-asda-b3-e,1591,RTSO|SO|OE|VE|QS|TR,1,0,9987,0,13,0.05551,14,0.033474,301,49,4270,2391,6000,,0,,,,holding,normal,0,no_load,none,A2: hold position after move,servo-app/lab-0.1
1781162529.2091372,46.09174704551697,A2_HOLD_AFTER_MOVE,A2_HOLD_AFTER_MOVE_R01_20260611_142122,delta-asda-b3-e,1591,RTSO|SO|OE|VE|QS|TR,1,0,9981,0,14,0.05978,14,0.033474,301,49,4270,2391,6000,,0,,,,holding,normal,0,no_load,none,A2: hold position after move,servo-app/lab-0.1
1781162529.3097754,46.19238519668579,A2_HOLD_AFTER_MOVE,A2_HOLD_AFTER_MOVE_R01_20260611_142122,delta-asda-b3-e,1591,RTSO|SO|OE|VE|QS|TR,1,0,9987,0,13,0.05551,13,0.031083,301,49,4270,2391,6000,,0,,,,holding,normal,0,no_load,none,A2: hold position after move,servo-app/lab-0.1
1781162529.4101548,46.29276466369629,A2_HOLD_AFTER_MOVE,A2_HOLD_AFTER_MOVE_R01_20260611_142122,delta-asda-b3-e,1591,RTSO|SO|OE|VE|QS|TR,1,0,9985,0,13,0.05551,13,0.031083,301,49,4270,2391,6000,,0,,,,holding,normal,0,no_load,none,A2: hold position after move,servo-app/lab-0.1
1781162529.5105846,46.39319443702698,A2_HOLD_AFTER_MOVE,A2_HOLD_AFTER_MOVE_R01_20260611_142122,delta-asda-b3-e,1591,RTSO|SO|OE|VE|QS|TR,1,0,9985,0,14,0.05978,14,0.033474,301,49,4270,2391,6000,,0,,,,holding,normal,0,no_load,none,A2: hold position after move,servo-app/lab-0.1
1781162529.6115055,46.494115352630615,A2_HOLD_AFTER_MOVE,A2_HOLD_AFTER_MOVE_R01_20260611_142122,delta-asda-b3-e,1591,RTSO|SO|OE|VE|QS|TR,1,0,9985,0,13,0.05551,12,0.028692,301,49,4270,2391,6000,,0,,,,holding,normal,0,no_load,none,A2: hold position after move,servo-app/lab-0.1
1781162529.7117462,46.594356060028076,A2_HOLD_AFTER_MOVE,A2_HOLD_AFTER_MOVE_R01_20260611_142122,delta-asda-b3-e,1591,RTSO|SO|OE|VE|QS|TR,1,0,9987,0,13,0.05551,13,0.031083,301,49,4270,2391,6000,,0,,,,holding,normal,0,no_load,none,A2: hold position after move,servo-app/lab-0.1
1781162529.8119342,46.694544076919556,A2_HOLD_AFTER_MOVE,A2_HOLD_AFTER_MOVE_R01_20260611_142122,delta-asda-b3-e,1591,RTSO|SO|OE|VE|QS|TR,1,0,9991,0,13,0.05551,13,0.031083,301,49,4270,2391,6000,,0,,,,holding,normal,0,no_load,none,A2: hold position after move,servo-app/lab-0.1
1781162529.9120896,46.7946994304657,A2_HOLD_AFTER_MOVE,A2_HOLD_AFTER_MOVE_R01_20260611_142122,delta-asda-b3-e,1591,RTSO|SO|OE|VE|QS|TR,1,0,9973,0,13,0.05551,13,0.031083,301,49,4270,2391,6000,,0,,,,holding,normal,0,no_load,none,A2: hold position after move,servo-app/lab-0.1
1781162530.0126593,46.89526915550232,A2_HOLD_AFTER_MOVE,A2_HOLD_AFTER_MOVE_R01_20260611_142122,delta-asda-b3-e,1591,RTSO|SO|OE|VE|QS|TR,1,0,9987,0,14,0.05978,13,0.031083,301,49,4270,2391,6000,,0,,,,holding,normal,0,no_load,none,A2: hold position after move,servo-app/lab-0.1
1781162530.1132264,46.99583625793457,A2_HOLD_AFTER_MOVE,A2_HOLD_AFTER_MOVE_R01_20260611_142122,delta-asda-b3-e,1591,RTSO|SO|OE|VE|QS|TR,1,0,9987,0,14,0.05978,13,0.031083,301,49,4270,2391,6000,,0,,,,holding,normal,0,no_load,none,A2: hold position after move,servo-app/lab-0.1
1781162530.2139347,47.09654450416565,A2_HOLD_AFTER_MOVE,A2_HOLD_AFTER_MOVE_R01_20260611_142122,delta-asda-b3-e,1591,RTSO|SO|OE|VE|QS|TR,1,0,10031,0,14,0.05978,13,0.031083,301,49,4270,2391,6000,,0,,,,holding,normal,0,no_load,none,A2: hold position after move,servo-app/lab-0.1
1781162530.3141649,47.19677472114563,A2_HOLD_AFTER_MOVE,A2_HOLD_AFTER_MOVE_R01_20260611_142122,delta-asda-b3-e,1591,RTSO|SO|OE|VE|QS|TR,1,0,10009,0,12,0.05124,13,0.031083,301,49,4270,2391,6000,,0,,,,holding,normal,0,no_load,none,A2: hold position after move,servo-app/lab-0.1
1781162530.414656,47.29726576805115,A2_HOLD_AFTER_MOVE,A2_HOLD_AFTER_MOVE_R01_20260611_142122,delta-asda-b3-e,1591,RTSO|SO|OE|VE|QS|TR,1,0,10019,0,13,0.05551,12,0.028692,301,49,4270,2391,6000,,0,,,,holding,normal,0,no_load,none,A2: hold position after move,servo-app/lab-0.1
1781162530.5153482,47.39795804023743,A2_HOLD_AFTER_MOVE,A2_HOLD_AFTER_MOVE_R01_20260611_142122,delta-asda-b3-e,1591,RTSO|SO|OE|VE|QS|TR,1,0,10023,0,13,0.05551,13,0.031083,301,49,4270,2391,6000,,0,,,,holding,normal,0,no_load,none,A2: hold position after move,servo-app/lab-0.1
1781162530.615909,47.49851894378662,A2_HOLD_AFTER_MOVE,A2_HOLD_AFTER_MOVE_R01_20260611_142122,delta-asda-b3-e,1591,RTSO|SO|OE|VE|QS|TR,1,0,10023,0,13,0.05551,13,0.031083,301,49,4270,2391,6000,,0,,,,holding,normal,0,no_load,none,A2: hold position after move,servo-app/lab-0.1
1781162530.7166123,47.59922218322754,A2_HOLD_AFTER_MOVE,A2_HOLD_AFTER_MOVE_R01_20260611_142122,delta-asda-b3-e,1591,RTSO|SO|OE|VE|QS|TR,1,0,10031,0,13,0.05551,13,0.031083,301,49,4270,2391,6000,,0,,,,holding,normal,0,no_load,none,A2: hold position after move,servo-app/lab-0.1
1781162530.8170438,47.69965362548828,A2_HOLD_AFTER_MOVE,A2_HOLD_AFTER_MOVE_R01_20260611_142122,delta-asda-b3-e,1591,RTSO|SO|OE|VE|QS|TR,1,0,10005,0,14,0.05978,13,0.031083,301,49,4270,2391,6000,,0,,,,holding,normal,0,no_load,none,A2: hold position after move,servo-app/lab-0.1
1781162530.917632,47.80024194717407,A2_HOLD_AFTER_MOVE,A2_HOLD_AFTER_MOVE_R01_20260611_142122,delta-asda-b3-e,1591,RTSO|SO|OE|VE|QS|TR,1,0,10009,0,13,0.05551,13,0.031083,301,49,4270,2391,6000,,0,,,,holding,normal,0,no_load,none,A2: hold position after move,servo-app/lab-0.1
1781162531.0181203,47.90073013305664,A2_HOLD_AFTER_MOVE,A2_HOLD_AFTER_MOVE_R01_20260611_142122,delta-asda-b3-e,1591,RTSO|SO|OE|VE|QS|TR,1,0,9993,0,13,0.05551,13,0.031083,301,49,4270,2391,6000,,0,,,,holding,normal,0,no_load,none,A2: hold position after move,servo-app/lab-0.1
1781162531.1184506,48.001060485839844,A2_HOLD_AFTER_MOVE,A2_HOLD_AFTER_MOVE_R01_20260611_142122,delta-asda-b3-e,1591,RTSO|SO|OE|VE|QS|TR,1,0,9985,0,13,0.05551,13,0.031083,301,49,4270,2391,6000,,0,,,,holding,normal,0,no_load,none,A2: hold position after move,servo-app/lab-0.1
1781162531.2188284,48.10143828392029,A2_HOLD_AFTER_MOVE,A2_HOLD_AFTER_MOVE_R01_20260611_142122,delta-asda-b3-e,1591,RTSO|SO|OE|VE|QS|TR,1,0,9985,0,13,0.05551,14,0.033474,301,49,4270,2391,6000,,0,,,,holding,normal,0,no_load,none,A2: hold position after move,servo-app/lab-0.1
1781162531.3191872,48.201797008514404,A2_HOLD_AFTER_MOVE,A2_HOLD_AFTER_MOVE_R01_20260611_142122,delta-asda-b3-e,1591,RTSO|SO|OE|VE|QS|TR,1,0,9987,0,14,0.05978,14,0.033474,302,49,4270,2391,6000,,0,,,,holding,normal,0,no_load,none,A2: hold position after move,servo-app/lab-0.1
1781162531.420047,48.30265688896179,A2_HOLD_AFTER_MOVE,A2_HOLD_AFTER_MOVE_R01_20260611_142122,delta-asda-b3-e,1591,RTSO|SO|OE|VE|QS|TR,1,0,9987,0,14,0.05978,13,0.031083,301,49,4270,2391,6000,,0,,,,holding,normal,0,no_load,none,A2: hold position after move,servo-app/lab-0.1
1781162531.5202038,48.40281367301941,A2_HOLD_AFTER_MOVE,A2_HOLD_AFTER_MOVE_R01_20260611_142122,delta-asda-b3-e,1591,RTSO|SO|OE|VE|QS|TR,1,0,9987,0,13,0.05551,13,0.031083,301,49,4270,2391,6000,,0,,,,holding,normal,0,no_load,none,A2: hold position after move,servo-app/lab-0.1
1781162531.6204898,48.5030996799469,A2_HOLD_AFTER_MOVE,A2_HOLD_AFTER_MOVE_R01_20260611_142122,delta-asda-b3-e,1591,RTSO|SO|OE|VE|QS|TR,1,0,9985,0,13,0.05551,13,0.031083,301,49,4270,2391,6000,,0,,,,holding,normal,0,no_load,none,A2: hold position after move,servo-app/lab-0.1
1781162531.7209482,48.60355806350708,A2_HOLD_AFTER_MOVE,A2_HOLD_AFTER_MOVE_R01_20260611_142122,delta-asda-b3-e,1591,RTSO|SO|OE|VE|QS|TR,1,0,9985,0,14,0.05978,13,0.031083,301,49,4270,2391,6000,,0,,,,holding,normal,0,no_load,none,A2: hold position after move,servo-app/lab-0.1
1781162531.8214388,48.70404863357544,A2_HOLD_AFTER_MOVE,A2_HOLD_AFTER_MOVE_R01_20260611_142122,delta-asda-b3-e,1591,RTSO|SO|OE|VE|QS|TR,1,0,9987,0,14,0.05978,14,0.033474,302,49,4270,2391,6000,,0,,,,holding,normal,0,no_load,none,A2: hold position after move,servo-app/lab-0.1
1781162531.9222097,48.80481958389282,A2_HOLD_AFTER_MOVE,A2_HOLD_AFTER_MOVE_R01_20260611_142122,delta-asda-b3-e,1591,RTSO|SO|OE|VE|QS|TR,1,0,9985,0,13,0.05551,13,0.031083,301,49,4270,2391,6000,,0,,,,holding,normal,0,no_load,none,A2: hold position after move,servo-app/lab-0.1
1781162532.0223236,48.9049334526062,A2_HOLD_AFTER_MOVE,A2_HOLD_AFTER_MOVE_R01_20260611_142122,delta-asda-b3-e,1591,RTSO|SO|OE|VE|QS|TR,1,0,9985,0,13,0.05551,14,0.033474,302,49,4270,2391,6000,,0,,,,holding,normal,0,no_load,none,A2: hold position after move,servo-app/lab-0.1
1781162532.1225505,49.005160331726074,A2_HOLD_AFTER_MOVE,A2_HOLD_AFTER_MOVE_R01_20260611_142122,delta-asda-b3-e,1591,RTSO|SO|OE|VE|QS|TR,1,0,10003,0,13,0.05551,13,0.031083,301,49,4270,2391,6000,,0,,,,holding,normal,0,no_load,none,A2: hold position after move,servo-app/lab-0.1
1781162532.2226229,49.10523271560669,A2_HOLD_AFTER_MOVE,A2_HOLD_AFTER_MOVE_R01_20260611_142122,delta-asda-b3-e,1591,RTSO|SO|OE|VE|QS|TR,1,0,9987,0,13,0.05551,13,0.031083,301,49,4270,2391,6000,,0,,,,holding,normal,0,no_load,none,A2: hold position after move,servo-app/lab-0.1
1781162532.3230789,49.20568871498108,A2_HOLD_AFTER_MOVE,A2_HOLD_AFTER_MOVE_R01_20260611_142122,delta-asda-b3-e,1591,RTSO|SO|OE|VE|QS|TR,1,0,10009,0,13,0.05551,14,0.033474,301,49,4270,2391,6000,,0,,,,holding,normal,0,no_load,none,A2: hold position after move,servo-app/lab-0.1
1781162532.423551,49.30616092681885,A2_HOLD_AFTER_MOVE,A2_HOLD_AFTER_MOVE_R01_20260611_142122,delta-asda-b3-e,1591,RTSO|SO|OE|VE|QS|TR,1,0,9987,0,14,0.05978,14,0.033474,301,49,4270,2391,6000,,0,,,,holding,normal,0,no_load,none,A2: hold position after move,servo-app/lab-0.1
1781162532.5239167,49.40652656555176,A2_HOLD_AFTER_MOVE,A2_HOLD_AFTER_MOVE_R01_20260611_142122,delta-asda-b3-e,1591,RTSO|SO|OE|VE|QS|TR,1,0,10015,0,13,0.05551,13,0.031083,301,49,4270,2391,6000,,0,,,,holding,normal,0,no_load,none,A2: hold position after move,servo-app/lab-0.1
1781162532.6244476,49.507057428359985,A2_HOLD_AFTER_MOVE,A2_HOLD_AFTER_MOVE_R01_20260611_142122,delta-asda-b3-e,1591,RTSO|SO|OE|VE|QS|TR,1,0,10023,0,13,0.05551,13,0.031083,301,49,4270,2391,6000,,0,,,,holding,normal,0,no_load,none,A2: hold position after move,servo-app/lab-0.1
1781162532.7247415,49.607351303100586,A2_HOLD_AFTER_MOVE,A2_HOLD_AFTER_MOVE_R01_20260611_142122,delta-asda-b3-e,1591,RTSO|SO|OE|VE|QS|TR,1,0,10035,0,13,0.05551,13,0.031083,301,49,4270,2391,6000,,0,,,,holding,normal,0,no_load,none,A2: hold position after move,servo-app/lab-0.1
1781162532.825152,49.70776176452637,A2_HOLD_AFTER_MOVE,A2_HOLD_AFTER_MOVE_R01_20260611_142122,delta-asda-b3-e,1591,RTSO|SO|OE|VE|QS|TR,1,0,10045,0,13,0.05551,13,0.031083,301,49,4270,2391,6000,,0,,,,holding,normal,0,no_load,none,A2: hold position after move,servo-app/lab-0.1
1781162532.9258463,49.80845618247986,A2_HOLD_AFTER_MOVE,A2_HOLD_AFTER_MOVE_R01_20260611_142122,delta-asda-b3-e,1591,RTSO|SO|OE|VE|QS|TR,1,0,10019,0,14,0.05978,13,0.031083,301,49,4270,2391,6000,,0,,,,holding,normal,0,no_load,none,A2: hold position after move,servo-app/lab-0.1
1781162533.026421,49.90903091430664,A2_HOLD_AFTER_MOVE,A2_HOLD_AFTER_MOVE_R01_20260611_142122,delta-asda-b3-e,1591,RTSO|SO|OE|VE|QS|TR,1,0,10023,0,14,0.05978,13,0.031083,301,49,4270,2391,6000,,0,,,,holding,normal,0,no_load,none,A2: hold position after move,servo-app/lab-0.1
1781162533.1265898,50.00919961929321,A2_HOLD_AFTER_MOVE,A2_HOLD_AFTER_MOVE_R01_20260611_142122,delta-asda-b3-e,1591,RTSO|SO|OE|VE|QS|TR,1,0,10023,0,13,0.05551,13,0.031083,301,49,4270,2391,6000,,0,,,,holding,normal,0,no_load,none,A2: hold position after move,servo-app/lab-0.1
1781162533.2271228,50.10973262786865,A2_HOLD_AFTER_MOVE,A2_HOLD_AFTER_MOVE_R01_20260611_142122,delta-asda-b3-e,1591,RTSO|SO|OE|VE|QS|TR,1,0,9991,0,14,0.05978,13,0.031083,301,49,4270,2391,6000,,0,,,,holding,normal,0,no_load,none,A2: hold position after move,servo-app/lab-0.1
1781162533.3274844,50.21009421348572,A2_HOLD_AFTER_MOVE,A2_HOLD_AFTER_MOVE_R01_20260611_142122,delta-asda-b3-e,1591,RTSO|SO|OE|VE|QS|TR,1,0,10005,0,12,0.05124,12,0.028692,301,49,4270,2391,6000,,0,,,,holding,normal,0,no_load,none,A2: hold position after move,servo-app/lab-0.1
1781162533.4281998,50.31080961227417,A2_HOLD_AFTER_MOVE,A2_HOLD_AFTER_MOVE_R01_20260611_142122,delta-asda-b3-e,1591,RTSO|SO|OE|VE|QS|TR,1,0,9987,0,13,0.05551,13,0.031083,301,49,4270,2391,6000,,0,,,,holding,normal,0,no_load,none,A2: hold position after move,servo-app/lab-0.1
1781162533.5289216,50.41153144836426,A2_HOLD_AFTER_MOVE,A2_HOLD_AFTER_MOVE_R01_20260611_142122,delta-asda-b3-e,1591,RTSO|SO|OE|VE|QS|TR,1,0,9985,0,14,0.05978,14,0.033474,301,49,4270,2391,6000,,0,,,,holding,normal,0,no_load,none,A2: hold position after move,servo-app/lab-0.1
1781162533.6291535,50.51176333427429,A2_HOLD_AFTER_MOVE,A2_HOLD_AFTER_MOVE_R01_20260611_142122,delta-asda-b3-e,1591,RTSO|SO|OE|VE|QS|TR,1,0,9973,0,13,0.05551,13,0.031083,301,49,4270,2391,6000,,0,,,,holding,normal,0,no_load,none,A2: hold position after move,servo-app/lab-0.1
1781162533.7293708,50.611980676651,A2_HOLD_AFTER_MOVE,A2_HOLD_AFTER_MOVE_R01_20260611_142122,delta-asda-b3-e,1591,RTSO|SO|OE|VE|QS|TR,1,0,9985,0,13,0.05551,13,0.031083,302,49,4270,2391,6000,,0,,,,holding,normal,0,no_load,none,A2: hold position after move,servo-app/lab-0.1
1781162533.8294988,50.71210861206055,A2_HOLD_AFTER_MOVE,A2_HOLD_AFTER_MOVE_R01_20260611_142122,delta-asda-b3-e,1591,RTSO|SO|OE|VE|QS|TR,1,0,9987,0,13,0.05551,14,0.033474,302,49,4270,2391,6000,,0,,,,holding,normal,0,no_load,none,A2: hold position after move,servo-app/lab-0.1
1781162533.930198,50.81280779838562,A2_HOLD_AFTER_MOVE,A2_HOLD_AFTER_MOVE_R01_20260611_142122,delta-asda-b3-e,1591,RTSO|SO|OE|VE|QS|TR,1,0,9985,0,13,0.05551,13,0.031083,301,49,4270,2391,6000,,0,,,,holding,normal,0,no_load,none,A2: hold position after move,servo-app/lab-0.1
1781162534.0304463,50.91305613517761,A2_HOLD_AFTER_MOVE,A2_HOLD_AFTER_MOVE_R01_20260611_142122,delta-asda-b3-e,1591,RTSO|SO|OE|VE|QS|TR,1,0,9985,0,14,0.05978,13,0.031083,301,49,4270,2391,6000,,0,,,,holding,normal,0,no_load,none,A2: hold position after move,servo-app/lab-0.1
1781162534.1307974,51.0134072303772,A2_HOLD_AFTER_MOVE,A2_HOLD_AFTER_MOVE_R01_20260611_142122,delta-asda-b3-e,1591,RTSO|SO|OE|VE|QS|TR,1,0,9985,0,13,0.05551,14,0.033474,302,49,4270,2391,6000,,0,,,,holding,normal,0,no_load,none,A2: hold position after move,servo-app/lab-0.1
1781162534.230958,51.11356782913208,A2_HOLD_AFTER_MOVE,A2_HOLD_AFTER_MOVE_R01_20260611_142122,delta-asda-b3-e,1591,RTSO|SO|OE|VE|QS|TR,1,0,9991,0,13,0.05551,13,0.031083,302,49,4270,2391,6000,,0,,,,holding,normal,0,no_load,none,A2: hold position after move,servo-app/lab-0.1
1781162534.3314114,51.2140212059021,A2_HOLD_AFTER_MOVE,A2_HOLD_AFTER_MOVE_R01_20260611_142122,delta-asda-b3-e,1591,RTSO|SO|OE|VE|QS|TR,1,0,9987,0,14,0.05978,13,0.031083,302,49,4270,2391,6000,,0,,,,holding,normal,0,no_load,none,A2: hold position after move,servo-app/lab-0.1
1781162534.4316263,51.31423616409302,A2_HOLD_AFTER_MOVE,A2_HOLD_AFTER_MOVE_R01_20260611_142122,delta-asda-b3-e,1591,RTSO|SO|OE|VE|QS|TR,1,0,9987,0,14,0.05978,14,0.033474,302,49,4270,2391,6000,,0,,,,holding,normal,0,no_load,none,A2: hold position after move,servo-app/lab-0.1
1781162534.531892,51.414501905441284,A2_HOLD_AFTER_MOVE,A2_HOLD_AFTER_MOVE_R01_20260611_142122,delta-asda-b3-e,1591,RTSO|SO|OE|VE|QS|TR,1,0,9987,0,14,0.05978,14,0.033474,301,49,4270,2391,6000,,0,,,,holding,normal,0,no_load,none,A2: hold position after move,servo-app/lab-0.1
1781162534.632142,51.51475191116333,A2_HOLD_AFTER_MOVE,A2_HOLD_AFTER_MOVE_R01_20260611_142122,delta-asda-b3-e,1591,RTSO|SO|OE|VE|QS|TR,1,0,10003,0,13,0.05551,13,0.031083,301,49,4270,2391,6000,,0,,,,holding,normal,0,no_load,none,A2: hold position after move,servo-app/lab-0.1
1781162534.734463,51.61707282066345,A2_HOLD_AFTER_MOVE,A2_HOLD_AFTER_MOVE_R01_20260611_142122,delta-asda-b3-e,1591,RTSO|SO|OE|VE|QS|TR,1,0,10031,0,13,0.05551,13,0.031083,302,49,4270,2391,6000,,0,,,,holding,normal,0,no_load,none,A2: hold position after move,servo-app/lab-0.1
1781162534.8347406,51.717350482940674,A2_HOLD_AFTER_MOVE,A2_HOLD_AFTER_MOVE_R01_20260611_142122,delta-asda-b3-e,1591,RTSO|SO|OE|VE|QS|TR,1,0,10035,0,13,0.05551,13,0.031083,302,49,4270,2391,6000,,0,,,,holding,normal,0,no_load,none,A2: hold position after move,servo-app/lab-0.1
1781162534.9351678,51.81777763366699,A2_HOLD_AFTER_MOVE,A2_HOLD_AFTER_MOVE_R01_20260611_142122,delta-asda-b3-e,1591,RTSO|SO|OE|VE|QS|TR,1,0,10031,0,13,0.05551,13,0.031083,302,49,4270,2391,6000,,0,,,,holding,normal,0,no_load,none,A2: hold position after move,servo-app/lab-0.1
1781162535.0356638,51.91827368736267,A2_HOLD_AFTER_MOVE,A2_HOLD_AFTER_MOVE_R01_20260611_142122,delta-asda-b3-e,1591,RTSO|SO|OE|VE|QS|TR,1,0,10031,0,13,0.05551,14,0.033474,302,49,4270,2391,6000,,0,,,,holding,normal,0,no_load,none,A2: hold position after move,servo-app/lab-0.1
1781162535.1361535,52.018763303756714,A2_HOLD_AFTER_MOVE,A2_HOLD_AFTER_MOVE_R01_20260611_142122,delta-asda-b3-e,1591,RTSO|SO|OE|VE|QS|TR,1,0,10023,0,13,0.05551,14,0.033474,302,49,4270,2391,6000,,0,,,,holding,normal,0,no_load,none,A2: hold position after move,servo-app/lab-0.1
1781162535.236272,52.118881940841675,A2_HOLD_AFTER_MOVE,A2_HOLD_AFTER_MOVE_R01_20260611_142122,delta-asda-b3-e,1591,RTSO|SO|OE|VE|QS|TR,1,0,10015,0,14,0.05978,13,0.031083,301,49,4270,2391,6000,,0,,,,holding,normal,0,no_load,none,A2: hold position after move,servo-app/lab-0.1
1781162535.3368485,52.21945834159851,A2_HOLD_AFTER_MOVE,A2_HOLD_AFTER_MOVE_R01_20260611_142122,delta-asda-b3-e,1591,RTSO|SO|OE|VE|QS|TR,1,0,10005,0,13,0.05551,13,0.031083,302,49,4270,2391,6000,,0,,,,holding,normal,0,no_load,none,A2: hold position after move,servo-app/lab-0.1
1781162535.4373393,52.31994915008545,A2_HOLD_AFTER_MOVE,A2_HOLD_AFTER_MOVE_R01_20260611_142122,delta-asda-b3-e,1591,RTSO|SO|OE|VE|QS|TR,1,0,10009,0,14,0.05978,13,0.031083,301,49,4270,2391,6000,,0,,,,holding,normal,0,no_load,none,A2: hold position after move,servo-app/lab-0.1
1781162535.53754,52.42014980316162,A2_HOLD_AFTER_MOVE,A2_HOLD_AFTER_MOVE_R01_20260611_142122,delta-asda-b3-e,1591,RTSO|SO|OE|VE|QS|TR,1,0,10005,0,13,0.05551,13,0.031083,301,49,4270,2391,6000,,0,,,,holding,normal,0,no_load,none,A2: hold position after move,servo-app/lab-0.1
1781162535.6376038,52.52021360397339,A2_HOLD_AFTER_MOVE,A2_HOLD_AFTER_MOVE_R01_20260611_142122,delta-asda-b3-e,1591,RTSO|SO|OE|VE|QS|TR,1,0,10009,0,14,0.05978,13,0.031083,302,49,4270,2391,6000,,0,,,,holding,normal,0,no_load,none,A2: hold position after move,servo-app/lab-0.1
1781162535.7379827,52.62059259414673,A2_HOLD_AFTER_MOVE,A2_HOLD_AFTER_MOVE_R01_20260611_142122,delta-asda-b3-e,1591,RTSO|SO|OE|VE|QS|TR,1,0,9987,0,14,0.05978,14,0.033474,302,49,4270,2391,6000,,0,,,,holding,normal,0,no_load,none,A2: hold position after move,servo-app/lab-0.1
1781162535.8385637,52.72117352485657,A2_HOLD_AFTER_MOVE,A2_HOLD_AFTER_MOVE_R01_20260611_142122,delta-asda-b3-e,1591,RTSO|SO|OE|VE|QS|TR,1,0,9987,0,14,0.05978,13,0.031083,302,49,4270,2391,6000,,0,,,,holding,normal,0,no_load,none,A2: hold position after move,servo-app/lab-0.1
1781162535.9391007,52.82171058654785,A2_HOLD_AFTER_MOVE,A2_HOLD_AFTER_MOVE_R01_20260611_142122,delta-asda-b3-e,1591,RTSO|SO|OE|VE|QS|TR,1,0,9987,0,13,0.05551,14,0.033474,302,49,4270,2391,6000,,0,,,,holding,normal,0,no_load,none,A2: hold position after move,servo-app/lab-0.1
1781162536.0394135,52.9220232963562,A2_HOLD_AFTER_MOVE,A2_HOLD_AFTER_MOVE_R01_20260611_142122,delta-asda-b3-e,1591,RTSO|SO|OE|VE|QS|TR,1,0,10031,0,14,0.05978,12,0.028692,302,49,4270,2391,6000,,0,,,,holding,normal,0,no_load,none,A2: hold position after move,servo-app/lab-0.1
1781162536.1402652,53.0228750705719,A2_HOLD_AFTER_MOVE,A2_HOLD_AFTER_MOVE_R01_20260611_142122,delta-asda-b3-e,1591,RTSO|SO|OE|VE|QS|TR,1,0,9985,0,13,0.05551,13,0.031083,301,49,4270,2391,6000,,0,,,,holding,normal,0,no_load,none,A2: hold position after move,servo-app/lab-0.1
1781162536.2413957,53.12400555610657,A2_HOLD_AFTER_MOVE,A2_HOLD_AFTER_MOVE_R01_20260611_142122,delta-asda-b3-e,1591,RTSO|SO|OE|VE|QS|TR,1,0,9991,0,13,0.05551,13,0.031083,302,49,4270,2391,6000,,0,,,,holding,normal,0,no_load,none,A2: hold position after move,servo-app/lab-0.1
1781162536.341753,53.22436285018921,A2_HOLD_AFTER_MOVE,A2_HOLD_AFTER_MOVE_R01_20260611_142122,delta-asda-b3-e,1591,RTSO|SO|OE|VE|QS|TR,1,0,9985,0,13,0.05551,13,0.031083,302,49,4270,2391,6000,,0,,,,holding,normal,0,no_load,none,A2: hold position after move,servo-app/lab-0.1
1781162536.4421277,53.324737548828125,A2_HOLD_AFTER_MOVE,A2_HOLD_AFTER_MOVE_R01_20260611_142122,delta-asda-b3-e,1591,RTSO|SO|OE|VE|QS|TR,1,0,9987,0,13,0.05551,13,0.031083,301,49,4270,2391,6000,,0,,,,holding,normal,0,no_load,none,A2: hold position after move,servo-app/lab-0.1
1781162536.543024,53.425633907318115,A2_HOLD_AFTER_MOVE,A2_HOLD_AFTER_MOVE_R01_20260611_142122,delta-asda-b3-e,1591,RTSO|SO|OE|VE|QS|TR,1,0,9997,0,14,0.05978,13,0.031083,302,49,4270,2391,6000,,0,,,,holding,normal,0,no_load,none,A2: hold position after move,servo-app/lab-0.1
1781162536.6431422,53.52575206756592,A2_HOLD_AFTER_MOVE,A2_HOLD_AFTER_MOVE_R01_20260611_142122,delta-asda-b3-e,1591,RTSO|SO|OE|VE|QS|TR,1,0,9997,0,12,0.05124,13,0.031083,302,49,4270,2391,6000,,0,,,,holding,normal,0,no_load,none,A2: hold position after move,servo-app/lab-0.1
1781162536.7433934,53.62600326538086,A2_HOLD_AFTER_MOVE,A2_HOLD_AFTER_MOVE_R01_20260611_142122,delta-asda-b3-e,1591,RTSO|SO|OE|VE|QS|TR,1,0,10003,0,13,0.05551,13,0.031083,302,49,4270,2391,6000,,0,,,,holding,normal,0,no_load,none,A2: hold position after move,servo-app/lab-0.1
1781162536.8437395,53.72634935379028,A2_HOLD_AFTER_MOVE,A2_HOLD_AFTER_MOVE_R01_20260611_142122,delta-asda-b3-e,1591,RTSO|SO|OE|VE|QS|TR,1,0,9987,0,14,0.05978,13,0.031083,302,49,4270,2391,6000,,0,,,,holding,normal,0,no_load,none,A2: hold position after move,servo-app/lab-0.1
1781162536.9441626,53.82677245140076,A2_HOLD_AFTER_MOVE,A2_HOLD_AFTER_MOVE_R01_20260611_142122,delta-asda-b3-e,1591,RTSO|SO|OE|VE|QS|TR,1,0,10023,0,13,0.05551,14,0.033474,302,49,4270,2391,6000,,0,,,,holding,normal,0,no_load,none,A2: hold position after move,servo-app/lab-0.1
1781162537.0443676,53.92697739601135,A2_HOLD_AFTER_MOVE,A2_HOLD_AFTER_MOVE_R01_20260611_142122,delta-asda-b3-e,1591,RTSO|SO|OE|VE|QS|TR,1,0,9997,0,13,0.05551,13,0.031083,300,49,4270,2391,6000,,0,,,,holding,normal,0,no_load,none,A2: hold position after move,servo-app/lab-0.1
1781162537.1445975,54.027207374572754,A2_HOLD_AFTER_MOVE,A2_HOLD_AFTER_MOVE_R01_20260611_142122,delta-asda-b3-e,1591,RTSO|SO|OE|VE|QS|TR,1,0,10019,0,13,0.05551,13,0.031083,301,49,4270,2391,6000,,0,,,,holding,normal,0,no_load,none,A2: hold position after move,servo-app/lab-0.1
1781162537.2453856,54.12799549102783,A2_HOLD_AFTER_MOVE,A2_HOLD_AFTER_MOVE_R01_20260611_142122,delta-asda-b3-e,1591,RTSO|SO|OE|VE|QS|TR,1,0,10045,0,13,0.05551,13,0.031083,301,49,4270,2391,6000,,0,,,,holding,normal,0,no_load,none,A2: hold position after move,servo-app/lab-0.1
1781162537.346124,54.22873377799988,A2_HOLD_AFTER_MOVE,A2_HOLD_AFTER_MOVE_R01_20260611_142122,delta-asda-b3-e,1591,RTSO|SO|OE|VE|QS|TR,1,0,10013,0,13,0.05551,13,0.031083,301,49,4270,2391,6000,,0,,,,holding,normal,0,no_load,none,A2: hold position after move,servo-app/lab-0.1
1781162537.4467654,54.32937526702881,A2_HOLD_AFTER_MOVE,A2_HOLD_AFTER_MOVE_R01_20260611_142122,delta-asda-b3-e,1591,RTSO|SO|OE|VE|QS|TR,1,0,10003,0,14,0.05978,13,0.031083,301,49,4270,2391,6000,,0,,,,holding,normal,0,no_load,none,A2: hold position after move,servo-app/lab-0.1
1781162537.5474179,54.43002772331238,A2_HOLD_AFTER_MOVE,A2_HOLD_AFTER_MOVE_R01_20260611_142122,delta-asda-b3-e,1591,RTSO|SO|OE|VE|QS|TR,1,0,10003,0,14,0.05978,13,0.031083,301,49,4270,2391,6000,,0,,,,holding,normal,0,no_load,none,A2: hold position after move,servo-app/lab-0.1
1781162537.6475315,54.53014135360718,A2_HOLD_AFTER_MOVE,A2_HOLD_AFTER_MOVE_R01_20260611_142122,delta-asda-b3-e,1591,RTSO|SO|OE|VE|QS|TR,1,0,10009,0,14,0.05978,13,0.031083,301,49,4270,2391,6000,,0,,,,holding,normal,0,no_load,none,A2: hold position after move,servo-app/lab-0.1
1781162537.7476354,54.630245208740234,A2_HOLD_AFTER_MOVE,A2_HOLD_AFTER_MOVE_R01_20260611_142122,delta-asda-b3-e,1591,RTSO|SO|OE|VE|QS|TR,1,0,9997,0,14,0.05978,13,0.031083,301,49,4270,2391,6000,,0,,,,holding,normal,0,no_load,none,A2: hold position after move,servo-app/lab-0.1
1781162537.8480828,54.730692625045776,A2_HOLD_AFTER_MOVE,A2_HOLD_AFTER_MOVE_R01_20260611_142122,delta-asda-b3-e,1591,RTSO|SO|OE|VE|QS|TR,1,0,9993,0,13,0.05551,13,0.031083,301,49,4270,2391,6000,,0,,,,holding,normal,0,no_load,none,A2: hold position after move,servo-app/lab-0.1
1781162537.9485908,54.83120059967041,A2_HOLD_AFTER_MOVE,A2_HOLD_AFTER_MOVE_R01_20260611_142122,delta-asda-b3-e,1591,RTSO|SO|OE|VE|QS|TR,1,0,10003,0,13,0.05551,13,0.031083,301,49,4270,2391,6000,,0,,,,holding,normal,0,no_load,none,A2: hold position after move,servo-app/lab-0.1
1781162538.0486622,54.93127202987671,A2_HOLD_AFTER_MOVE,A2_HOLD_AFTER_MOVE_R01_20260611_142122,delta-asda-b3-e,1591,RTSO|SO|OE|VE|QS|TR,1,0,9987,0,14,0.05978,13,0.031083,301,49,4270,2391,6000,,0,,,,holding,normal,0,no_load,none,A2: hold position after move,servo-app/lab-0.1
1781162538.1493633,55.031973123550415,A2_HOLD_AFTER_MOVE,A2_HOLD_AFTER_MOVE_R01_20260611_142122,delta-asda-b3-e,1591,RTSO|SO|OE|VE|QS|TR,1,0,9991,0,13,0.05551,13,0.031083,301,49,4270,2391,6000,,0,,,,holding,normal,0,no_load,none,A2: hold position after move,servo-app/lab-0.1
1781162538.2501626,55.13277244567871,A2_HOLD_AFTER_MOVE,A2_HOLD_AFTER_MOVE_R01_20260611_142122,delta-asda-b3-e,1591,RTSO|SO|OE|VE|QS|TR,1,0,9985,0,13,0.05551,12,0.028692,301,49,4270,2391,6000,,0,,,,holding,normal,0,no_load,none,A2: hold position after move,servo-app/lab-0.1
1781162538.352732,55.23534178733826,A2_HOLD_AFTER_MOVE,A2_HOLD_AFTER_MOVE_R01_20260611_142122,delta-asda-b3-e,1591,RTSO|SO|OE|VE|QS|TR,1,0,9985,0,13,0.05551,13,0.031083,301,49,4270,2391,6000,,0,,,,holding,normal,0,no_load,none,A2: hold position after move,servo-app/lab-0.1
1781162538.4533353,55.33594512939453,A2_HOLD_AFTER_MOVE,A2_HOLD_AFTER_MOVE_R01_20260611_142122,delta-asda-b3-e,1591,RTSO|SO|OE|VE|QS|TR,1,0,10005,0,14,0.05978,13,0.031083,301,49,4270,2391,6000,,0,,,,holding,normal,0,no_load,none,A2: hold position after move,servo-app/lab-0.1
1781162538.5538974,55.43650722503662,A2_HOLD_AFTER_MOVE,A2_HOLD_AFTER_MOVE_R01_20260611_142122,delta-asda-b3-e,1591,RTSO|SO|OE|VE|QS|TR,1,0,10031,0,12,0.05124,13,0.031083,301,49,4270,2391,6000,,0,,,,holding,normal,0,no_load,none,A2: hold position after move,servo-app/lab-0.1
1781162538.6541975,55.53680729866028,A2_HOLD_AFTER_MOVE,A2_HOLD_AFTER_MOVE_R01_20260611_142122,delta-asda-b3-e,1591,RTSO|SO|OE|VE|QS|TR,1,0,10023,0,13,0.05551,13,0.031083,301,49,4270,2391,6000,,0,,,,holding,normal,0,no_load,none,A2: hold position after move,servo-app/lab-0.1
1781162538.754283,55.636892795562744,A2_HOLD_AFTER_MOVE,A2_HOLD_AFTER_MOVE_R01_20260611_142122,delta-asda-b3-e,1591,RTSO|SO|OE|VE|QS|TR,1,0,10031,0,13,0.05551,14,0.033474,301,49,4270,2391,6000,,0,,,,holding,normal,0,no_load,none,A2: hold position after move,servo-app/lab-0.1
1781162538.854592,55.73720192909241,A2_HOLD_AFTER_MOVE,A2_HOLD_AFTER_MOVE_R01_20260611_142122,delta-asda-b3-e,1591,RTSO|SO|OE|VE|QS|TR,1,0,10015,0,13,0.05551,12,0.028692,301,49,4270,2391,6000,,0,,,,holding,normal,0,no_load,none,A2: hold position after move,servo-app/lab-0.1
1781162538.9550543,55.83766412734985,A2_HOLD_AFTER_MOVE,A2_HOLD_AFTER_MOVE_R01_20260611_142122,delta-asda-b3-e,1591,RTSO|SO|OE|VE|QS|TR,1,0,10041,0,13,0.05551,13,0.031083,301,49,4270,2391,6000,,0,,,,holding,normal,0,no_load,none,A2: hold position after move,servo-app/lab-0.1
1781162539.0554793,55.93808913230896,A2_HOLD_AFTER_MOVE,A2_HOLD_AFTER_MOVE_R01_20260611_142122,delta-asda-b3-e,1591,RTSO|SO|OE|VE|QS|TR,1,0,10031,0,13,0.05551,13,0.031083,301,49,4270,2391,6000,,0,,,,holding,normal,0,no_load,none,A2: hold position after move,servo-app/lab-0.1
1781162539.1560135,56.038623332977295,A2_HOLD_AFTER_MOVE,A2_HOLD_AFTER_MOVE_R01_20260611_142122,delta-asda-b3-e,1591,RTSO|SO|OE|VE|QS|TR,1,0,10019,0,13,0.05551,13,0.031083,301,49,4270,2391,6000,,0,,,,holding,normal,0,no_load,none,A2: hold position after move,servo-app/lab-0.1
1781162539.256899,56.139508962631226,A2_HOLD_AFTER_MOVE,A2_HOLD_AFTER_MOVE_R01_20260611_142122,delta-asda-b3-e,1591,RTSO|SO|OE|VE|QS|TR,1,0,10015,0,14,0.05978,13,0.031083,301,49,4270,2391,6000,,0,,,,holding,normal,0,no_load,none,A2: hold position after move,servo-app/lab-0.1
1781162539.3574288,56.24003863334656,A2_HOLD_AFTER_MOVE,A2_HOLD_AFTER_MOVE_R01_20260611_142122,delta-asda-b3-e,1591,RTSO|SO|OE|VE|QS|TR,1,0,9997,0,14,0.05978,13,0.031083,301,49,4270,2391,6000,,0,,,,holding,normal,0,no_load,none,A2: hold position after move,servo-app/lab-0.1
1781162539.4577544,56.34036421775818,A2_HOLD_AFTER_MOVE,A2_HOLD_AFTER_MOVE_R01_20260611_142122,delta-asda-b3-e,1591,RTSO|SO|OE|VE|QS|TR,1,0,9991,0,14,0.05978,13,0.031083,301,49,4270,2391,6000,,0,,,,holding,normal,0,no_load,none,A2: hold position after move,servo-app/lab-0.1
1781162539.5580406,56.44065046310425,A2_HOLD_AFTER_MOVE,A2_HOLD_AFTER_MOVE_R01_20260611_142122,delta-asda-b3-e,1591,RTSO|SO|OE|VE|QS|TR,1,0,9991,0,13,0.05551,14,0.033474,301,49,4270,2391,6000,,0,,,,holding,normal,0,no_load,none,A2: hold position after move,servo-app/lab-0.1
1781162539.6583393,56.54094910621643,A2_HOLD_AFTER_MOVE,A2_HOLD_AFTER_MOVE_R01_20260611_142122,delta-asda-b3-e,1591,RTSO|SO|OE|VE|QS|TR,1,0,9985,0,14,0.05978,13,0.031083,301,49,4270,2391,6000,,0,,,,holding,normal,0,no_load,none,A2: hold position after move,servo-app/lab-0.1
1781162539.7588718,56.64148163795471,A2_HOLD_AFTER_MOVE,A2_HOLD_AFTER_MOVE_R01_20260611_142122,delta-asda-b3-e,1591,RTSO|SO|OE|VE|QS|TR,1,0,9987,0,13,0.05551,13,0.031083,301,49,4270,2391,6000,,0,,,,holding,normal,0,no_load,none,A2: hold position after move,servo-app/lab-0.1
1781162539.8593206,56.74193048477173,A2_HOLD_AFTER_MOVE,A2_HOLD_AFTER_MOVE_R01_20260611_142122,delta-asda-b3-e,1591,RTSO|SO|OE|VE|QS|TR,1,0,9985,0,13,0.05551,13,0.031083,301,49,4270,2391,6000,,0,,,,holding,normal,0,no_load,none,A2: hold position after move,servo-app/lab-0.1
1781162539.9601035,56.842713356018066,A2_HOLD_AFTER_MOVE,A2_HOLD_AFTER_MOVE_R01_20260611_142122,delta-asda-b3-e,1591,RTSO|SO|OE|VE|QS|TR,1,0,9987,0,14,0.05978,13,0.031083,301,49,4270,2391,6000,,0,,,,holding,normal,0,no_load,none,A2: hold position after move,servo-app/lab-0.1
1781162540.060502,56.94311189651489,A2_HOLD_AFTER_MOVE,A2_HOLD_AFTER_MOVE_R01_20260611_142122,delta-asda-b3-e,1591,RTSO|SO|OE|VE|QS|TR,1,0,9987,0,13,0.05551,13,0.031083,301,49,4270,2391,6000,,0,,,,holding,normal,0,no_load,none,A2: hold position after move,servo-app/lab-0.1
1781162540.1609688,57.04357862472534,A2_HOLD_AFTER_MOVE,A2_HOLD_AFTER_MOVE_R01_20260611_142122,delta-asda-b3-e,1591,RTSO|SO|OE|VE|QS|TR,1,0,9987,0,13,0.05551,13,0.031083,301,49,4270,2391,6000,,0,,,,holding,normal,0,no_load,none,A2: hold position after move,servo-app/lab-0.1
1781162540.2613547,57.143964529037476,A2_HOLD_AFTER_MOVE,A2_HOLD_AFTER_MOVE_R01_20260611_142122,delta-asda-b3-e,1591,RTSO|SO|OE|VE|QS|TR,1,0,9987,0,13,0.05551,13,0.031083,300,49,4270,2391,6000,,0,,,,holding,normal,0,no_load,none,A2: hold position after move,servo-app/lab-0.1
1781162540.3616579,57.24426770210266,A2_HOLD_AFTER_MOVE,A2_HOLD_AFTER_MOVE_R01_20260611_142122,delta-asda-b3-e,1591,RTSO|SO|OE|VE|QS|TR,1,0,9985,0,13,0.05551,13,0.031083,300,49,4270,2391,6000,,0,,,,holding,normal,0,no_load,none,A2: hold position after move,servo-app/lab-0.1
1781162540.4621918,57.34480166435242,A2_HOLD_AFTER_MOVE,A2_HOLD_AFTER_MOVE_R01_20260611_142122,delta-asda-b3-e,1591,RTSO|SO|OE|VE|QS|TR,1,0,9987,0,12,0.05124,14,0.033474,301,49,4270,2391,6000,,0,,,,holding,normal,0,no_load,none,A2: hold position after move,servo-app/lab-0.1
1781162540.5625799,57.44518971443176,A2_HOLD_AFTER_MOVE,A2_HOLD_AFTER_MOVE_R01_20260611_142122,delta-asda-b3-e,1591,RTSO|SO|OE|VE|QS|TR,1,0,9985,0,13,0.05551,13,0.031083,301,49,4270,2391,6000,,0,,,,holding,normal,0,no_load,none,A2: hold position after move,servo-app/lab-0.1
1781162540.6630225,57.54563236236572,A2_HOLD_AFTER_MOVE,A2_HOLD_AFTER_MOVE_R01_20260611_142122,delta-asda-b3-e,1591,RTSO|SO|OE|VE|QS|TR,1,0,10015,0,14,0.05978,13,0.031083,301,49,4270,2391,6000,,0,,,,holding,normal,0,no_load,none,A2: hold position after move,servo-app/lab-0.1
1781162540.7645512,57.64716100692749,A2_HOLD_AFTER_MOVE,A2_HOLD_AFTER_MOVE_R01_20260611_142122,delta-asda-b3-e,1591,RTSO|SO|OE|VE|QS|TR,1,0,10031,0,13,0.05551,13,0.031083,301,49,4270,2391,6000,,0,,,,holding,normal,0,no_load,none,A2: hold position after move,servo-app/lab-0.1
1781162540.864639,57.74724888801575,A2_HOLD_AFTER_MOVE,A2_HOLD_AFTER_MOVE_R01_20260611_142122,delta-asda-b3-e,1591,RTSO|SO|OE|VE|QS|TR,1,0,10031,0,14,0.05978,13,0.031083,301,49,4270,2391,6000,,0,,,,holding,normal,0,no_load,none,A2: hold position after move,servo-app/lab-0.1
1781162540.9651675,57.847777366638184,A2_HOLD_AFTER_MOVE,A2_HOLD_AFTER_MOVE_R01_20260611_142122,delta-asda-b3-e,1591,RTSO|SO|OE|VE|QS|TR,1,0,10015,0,12,0.05124,12,0.028692,301,49,4270,2391,6000,,0,,,,holding,normal,0,no_load,none,A2: hold position after move,servo-app/lab-0.1
1781162541.065425,57.94803476333618,A2_HOLD_AFTER_MOVE,A2_HOLD_AFTER_MOVE_R01_20260611_142122,delta-asda-b3-e,1591,RTSO|SO|OE|VE|QS|TR,1,0,10031,0,13,0.05551,14,0.033474,301,49,4270,2391,6000,,0,,,,holding,normal,0,no_load,none,A2: hold position after move,servo-app/lab-0.1
1781162541.1664598,58.04906964302063,A2_HOLD_AFTER_MOVE,A2_HOLD_AFTER_MOVE_R01_20260611_142122,delta-asda-b3-e,1591,RTSO|SO|OE|VE|QS|TR,1,0,10009,0,13,0.05551,13,0.031083,301,49,4270,2391,6000,,0,,,,holding,normal,0,no_load,none,A2: hold position after move,servo-app/lab-0.1
1781162541.2668252,58.14943504333496,A2_HOLD_AFTER_MOVE,A2_HOLD_AFTER_MOVE_R01_20260611_142122,delta-asda-b3-e,1591,RTSO|SO|OE|VE|QS|TR,1,0,9987,0,13,0.05551,13,0.031083,300,49,4270,2391,6000,,0,,,,holding,normal,0,no_load,none,A2: hold position after move,servo-app/lab-0.1
1781162541.3674128,58.250022649765015,A2_HOLD_AFTER_MOVE,A2_HOLD_AFTER_MOVE_R01_20260611_142122,delta-asda-b3-e,1591,RTSO|SO|OE|VE|QS|TR,1,0,9987,0,14,0.05978,13,0.031083,301,49,4270,2391,6000,,0,,,,holding,normal,0,no_load,none,A2: hold position after move,servo-app/lab-0.1
1781162541.4683003,58.35091018676758,A2_HOLD_AFTER_MOVE,A2_HOLD_AFTER_MOVE_R01_20260611_142122,delta-asda-b3-e,1591,RTSO|SO|OE|VE|QS|TR,1,0,9985,0,14,0.05978,14,0.033474,301,49,4270,2391,6000,,0,,,,holding,normal,0,no_load,none,A2: hold position after move,servo-app/lab-0.1
1781162541.5687337,58.45134353637695,A2_HOLD_AFTER_MOVE,A2_HOLD_AFTER_MOVE_R01_20260611_142122,delta-asda-b3-e,1591,RTSO|SO|OE|VE|QS|TR,1,0,9985,0,13,0.05551,13,0.031083,301,49,4270,2391,6000,,0,,,,holding,normal,0,no_load,none,A2: hold position after move,servo-app/lab-0.1
1781162541.6690094,58.55161929130554,A2_HOLD_AFTER_MOVE,A2_HOLD_AFTER_MOVE_R01_20260611_142122,delta-asda-b3-e,1591,RTSO|SO|OE|VE|QS|TR,1,0,9985,0,13,0.05551,13,0.031083,301,49,4270,2391,6000,,0,,,,holding,normal,0,no_load,none,A2: hold position after move,servo-app/lab-0.1
1781162541.7690988,58.65170860290527,A2_HOLD_AFTER_MOVE,A2_HOLD_AFTER_MOVE_R01_20260611_142122,delta-asda-b3-e,1591,RTSO|SO|OE|VE|QS|TR,1,0,9987,0,13,0.05551,13,0.031083,301,49,4270,2391,6000,,0,,,,holding,normal,0,no_load,none,A2: hold position after move,servo-app/lab-0.1
1781162541.869163,58.7517728805542,A2_HOLD_AFTER_MOVE,A2_HOLD_AFTER_MOVE_R01_20260611_142122,delta-asda-b3-e,1591,RTSO|SO|OE|VE|QS|TR,1,0,9987,0,13,0.05551,13,0.031083,301,49,4270,2391,6000,,0,,,,holding,normal,0,no_load,none,A2: hold position after move,servo-app/lab-0.1
1781162541.9698174,58.8524272441864,A2_HOLD_AFTER_MOVE,A2_HOLD_AFTER_MOVE_R01_20260611_142122,delta-asda-b3-e,1591,RTSO|SO|OE|VE|QS|TR,1,0,9985,0,13,0.05551,13,0.031083,301,49,4270,2391,6000,,0,,,,holding,normal,0,no_load,none,A2: hold position after move,servo-app/lab-0.1
1781162542.0705988,58.953208684921265,A2_HOLD_AFTER_MOVE,A2_HOLD_AFTER_MOVE_R01_20260611_142122,delta-asda-b3-e,1591,RTSO|SO|OE|VE|QS|TR,1,0,9987,0,13,0.05551,13,0.031083,301,49,4270,2391,6000,,0,,,,holding,normal,0,no_load,none,A2: hold position after move,servo-app/lab-0.1
1781162542.171068,59.053677797317505,A2_HOLD_AFTER_MOVE,A2_HOLD_AFTER_MOVE_R01_20260611_142122,delta-asda-b3-e,1591,RTSO|SO|OE|VE|QS|TR,1,0,9973,0,13,0.05551,13,0.031083,301,49,4270,2391,6000,,0,,,,holding,normal,0,no_load,none,A2: hold position after move,servo-app/lab-0.1
1781162542.2715054,59.154115200042725,A2_HOLD_AFTER_MOVE,A2_HOLD_AFTER_MOVE_R01_20260611_142122,delta-asda-b3-e,1591,RTSO|SO|OE|VE|QS|TR,1,0,9985,0,13,0.05551,13,0.031083,301,49,4270,2391,6000,,0,,,,holding,normal,0,no_load,none,A2: hold position after move,servo-app/lab-0.1
1781162542.372488,59.25509786605835,A2_HOLD_AFTER_MOVE,A2_HOLD_AFTER_MOVE_R01_20260611_142122,delta-asda-b3-e,1591,RTSO|SO|OE|VE|QS|TR,1,0,9985,0,13,0.05551,13,0.031083,301,49,4270,2391,6000,,0,,,,holding,normal,0,no_load,none,A2: hold position after move,servo-app/lab-0.1
1781162542.4730673,59.355677127838135,A2_HOLD_AFTER_MOVE,A2_HOLD_AFTER_MOVE_R01_20260611_142122,delta-asda-b3-e,1591,RTSO|SO|OE|VE|QS|TR,1,0,10009,0,13,0.05551,13,0.031083,301,49,4270,2391,6000,,0,,,,holding,normal,0,no_load,none,A2: hold position after move,servo-app/lab-0.1
1781162542.5735083,59.45611810684204,A2_HOLD_AFTER_MOVE,A2_HOLD_AFTER_MOVE_R01_20260611_142122,delta-asda-b3-e,1591,RTSO|SO|OE|VE|QS|TR,1,0,10009,0,13,0.05551,13,0.031083,301,49,4270,2391,6000,,0,,,,holding,normal,0,no_load,none,A2: hold position after move,servo-app/lab-0.1
1781162542.674044,59.55665373802185,A2_HOLD_AFTER_MOVE,A2_HOLD_AFTER_MOVE_R01_20260611_142122,delta-asda-b3-e,1591,RTSO|SO|OE|VE|QS|TR,1,0,10031,0,13,0.05551,13,0.031083,301,49,4270,2391,6000,,0,,,,holding,normal,0,no_load,none,A2: hold position after move,servo-app/lab-0.1
1781162542.774533,59.657142877578735,A2_HOLD_AFTER_MOVE,A2_HOLD_AFTER_MOVE_R01_20260611_142122,delta-asda-b3-e,1591,RTSO|SO|OE|VE|QS|TR,1,0,10031,0,13,0.05551,13,0.031083,301,49,4270,2391,6000,,0,,,,holding,normal,0,no_load,none,A2: hold position after move,servo-app/lab-0.1
1781162542.8748257,59.75743556022644,A2_HOLD_AFTER_MOVE,A2_HOLD_AFTER_MOVE_R01_20260611_142122,delta-asda-b3-e,1591,RTSO|SO|OE|VE|QS|TR,1,0,10023,0,13,0.05551,13,0.031083,301,49,4270,2391,6000,,0,,,,holding,normal,0,no_load,none,A2: hold position after move,servo-app/lab-0.1
1781162542.9750156,59.85762548446655,A2_HOLD_AFTER_MOVE,A2_HOLD_AFTER_MOVE_R01_20260611_142122,delta-asda-b3-e,1591,RTSO|SO|OE|VE|QS|TR,1,0,10031,0,13,0.05551,13,0.031083,301,49,4270,2391,6000,,0,,,,holding,normal,0,no_load,none,A2: hold position after move,servo-app/lab-0.1
1781162543.0750685,59.95767831802368,A2_HOLD_AFTER_MOVE,A2_HOLD_AFTER_MOVE_R01_20260611_142122,delta-asda-b3-e,1591,RTSO|SO|OE|VE|QS|TR,1,0,10019,0,12,0.05124,13,0.031083,301,49,4270,2391,6000,,0,,,,holding,normal,0,no_load,none,A2: hold position after move,servo-app/lab-0.1
1781162543.1753614,60.057971239089966,A2_HOLD_AFTER_MOVE,A2_HOLD_AFTER_MOVE_R01_20260611_142122,delta-asda-b3-e,1591,RTSO|SO|OE|VE|QS|TR,1,0,9985,0,14,0.05978,13,0.031083,301,49,4270,2391,6000,,0,,,,holding,normal,0,no_load,none,A2: hold position after move,servo-app/lab-0.1
1781162543.2760708,60.15868067741394,A2_HOLD_AFTER_MOVE,A2_HOLD_AFTER_MOVE_R01_20260611_142122,delta-asda-b3-e,1591,RTSO|SO|OE|VE|QS|TR,1,0,10009,0,13,0.05551,13,0.031083,301,49,4270,2391,6000,,0,,,,holding,normal,0,no_load,none,A2: hold position after move,servo-app/lab-0.1
1781162543.3764818,60.25909161567688,A2_HOLD_AFTER_MOVE,A2_HOLD_AFTER_MOVE_R01_20260611_142122,delta-asda-b3-e,1591,RTSO|SO|OE|VE|QS|TR,1,0,10003,0,14,0.05978,13,0.031083,301,49,4270,2391,6000,,0,,,,holding,normal,0,no_load,none,A2: hold position after move,servo-app/lab-0.1
1781162543.4766405,60.35925030708313,A2_HOLD_AFTER_MOVE,A2_HOLD_AFTER_MOVE_R01_20260611_142122,delta-asda-b3-e,1591,RTSO|SO|OE|VE|QS|TR,1,0,10009,0,13,0.05551,13,0.031083,301,49,4270,2391,6000,,0,,,,holding,normal,0,no_load,none,A2: hold position after move,servo-app/lab-0.1
1781162543.5770478,60.45965766906738,A2_HOLD_AFTER_MOVE,A2_HOLD_AFTER_MOVE_R01_20260611_142122,delta-asda-b3-e,1591,RTSO|SO|OE|VE|QS|TR,1,0,9987,0,13,0.05551,14,0.033474,302,49,4270,2391,6000,,0,,,,holding,normal,0,no_load,none,A2: hold position after move,servo-app/lab-0.1
1781162543.6775355,60.56014537811279,A2_HOLD_AFTER_MOVE,A2_HOLD_AFTER_MOVE_R01_20260611_142122,delta-asda-b3-e,1591,RTSO|SO|OE|VE|QS|TR,1,0,9997,0,12,0.05124,14,0.033474,301,49,4270,2391,6000,,0,,,,holding,normal,0,no_load,none,A2: hold position after move,servo-app/lab-0.1
1781162543.7776577,60.66026759147644,A2_HOLD_AFTER_MOVE,A2_HOLD_AFTER_MOVE_R01_20260611_142122,delta-asda-b3-e,1591,RTSO|SO|OE|VE|QS|TR,1,0,9987,0,12,0.05124,13,0.031083,301,49,4270,2391,6000,,0,,,,holding,normal,0,no_load,none,A2: hold position after move,servo-app/lab-0.1
1781162543.8778071,60.760416984558105,A2_HOLD_AFTER_MOVE,A2_HOLD_AFTER_MOVE_R01_20260611_142122,delta-asda-b3-e,1591,RTSO|SO|OE|VE|QS|TR,1,0,9987,0,13,0.05551,14,0.033474,301,49,4270,2391,6000,,0,,,,holding,normal,0,no_load,none,A2: hold position after move,servo-app/lab-0.1
1781162543.9778728,60.860482692718506,A2_HOLD_AFTER_MOVE,A2_HOLD_AFTER_MOVE_R01_20260611_142122,delta-asda-b3-e,1591,RTSO|SO|OE|VE|QS|TR,1,0,9987,0,13,0.05551,13,0.031083,301,49,4270,2391,6000,,0,,,,holding,normal,0,no_load,none,A2: hold position after move,servo-app/lab-0.1
1781162544.0785935,60.9612033367157,A2_HOLD_AFTER_MOVE,A2_HOLD_AFTER_MOVE_R01_20260611_142122,delta-asda-b3-e,1591,RTSO|SO|OE|VE|QS|TR,1,0,9985,0,13,0.05551,14,0.033474,301,49,4270,2391,6000,,0,,,,holding,normal,0,no_load,none,A2: hold position after move,servo-app/lab-0.1
1781162544.1793716,61.061981439590454,A2_HOLD_AFTER_MOVE,A2_HOLD_AFTER_MOVE_R01_20260611_142122,delta-asda-b3-e,1591,RTSO|SO|OE|VE|QS|TR,1,0,9991,0,13,0.05551,13,0.031083,301,49,4270,2391,6000,,0,,,,holding,normal,0,no_load,none,A2: hold position after move,servo-app/lab-0.1
1781162544.2797468,61.16235661506653,A2_HOLD_AFTER_MOVE,A2_HOLD_AFTER_MOVE_R01_20260611_142122,delta-asda-b3-e,1591,RTSO|SO|OE|VE|QS|TR,1,0,9985,0,13,0.05551,13,0.031083,301,49,4270,2391,6000,,0,,,,holding,normal,0,no_load,none,A2: hold position after move,servo-app/lab-0.1
1781162544.3799882,61.26259803771973,A2_HOLD_AFTER_MOVE,A2_HOLD_AFTER_MOVE_R01_20260611_142122,delta-asda-b3-e,1591,RTSO|SO|OE|VE|QS|TR,1,0,9985,0,12,0.05124,13,0.031083,301,49,4270,2391,6000,,0,,,,holding,normal,0,no_load,none,A2: hold position after move,servo-app/lab-0.1
1781162544.480212,61.36282181739807,A2_HOLD_AFTER_MOVE,A2_HOLD_AFTER_MOVE_R01_20260611_142122,delta-asda-b3-e,1591,RTSO|SO|OE|VE|QS|TR,1,0,9985,0,13,0.05551,13,0.031083,301,49,4270,2391,6000,,0,,,,holding,normal,0,no_load,none,A2: hold position after move,servo-app/lab-0.1
1781162544.5804114,61.46302127838135,A2_HOLD_AFTER_MOVE,A2_HOLD_AFTER_MOVE_R01_20260611_142122,delta-asda-b3-e,1591,RTSO|SO|OE|VE|QS|TR,1,0,9985,0,14,0.05978,14,0.033474,301,49,4270,2391,6000,,0,,,,holding,normal,0,no_load,none,A2: hold position after move,servo-app/lab-0.1
1781162544.6809134,61.563523292541504,A2_HOLD_AFTER_MOVE,A2_HOLD_AFTER_MOVE_R01_20260611_142122,delta-asda-b3-e,1591,RTSO|SO|OE|VE|QS|TR,1,0,9985,0,12,0.05124,13,0.031083,301,49,4270,2391,6000,,0,,,,holding,normal,0,no_load,none,A2: hold position after move,servo-app/lab-0.1
1781162544.7810404,61.66365027427673,A2_HOLD_AFTER_MOVE,A2_HOLD_AFTER_MOVE_R01_20260611_142122,delta-asda-b3-e,1591,RTSO|SO|OE|VE|QS|TR,1,0,9997,0,13,0.05551,13,0.031083,301,49,4270,2391,6000,,0,,,,holding,normal,0,no_load,none,A2: hold position after move,servo-app/lab-0.1
1781162544.881446,61.76405572891235,A2_HOLD_AFTER_MOVE,A2_HOLD_AFTER_MOVE_R01_20260611_142122,delta-asda-b3-e,1591,RTSO|SO|OE|VE|QS|TR,1,0,9981,0,13,0.05551,13,0.031083,301,49,4270,2391,6000,,0,,,,holding,normal,0,no_load,none,A2: hold position after move,servo-app/lab-0.1
1781162544.9817748,61.86438465118408,A2_HOLD_AFTER_MOVE,A2_HOLD_AFTER_MOVE_R01_20260611_142122,delta-asda-b3-e,1591,RTSO|SO|OE|VE|QS|TR,1,0,9987,0,14,0.05978,13,0.031083,301,49,4270,2391,6000,,0,,,,holding,normal,0,no_load,none,A2: hold position after move,servo-app/lab-0.1
1781162545.0820203,61.964630126953125,A2_HOLD_AFTER_MOVE,A2_HOLD_AFTER_MOVE_R01_20260611_142122,delta-asda-b3-e,1591,RTSO|SO|OE|VE|QS|TR,1,0,9997,0,14,0.05978,13,0.031083,301,49,4270,2391,6000,,0,,,,holding,normal,0,no_load,none,A2: hold position after move,servo-app/lab-0.1
1781162545.1822772,62.064887046813965,A2_HOLD_AFTER_MOVE,A2_HOLD_AFTER_MOVE_R01_20260611_142122,delta-asda-b3-e,1591,RTSO|SO|OE|VE|QS|TR,1,0,10023,0,13,0.05551,13,0.031083,301,49,4270,2391,6000,,0,,,,holding,normal,0,no_load,none,A2: hold position after move,servo-app/lab-0.1
1781162545.2827725,62.165382385253906,A2_HOLD_AFTER_MOVE,A2_HOLD_AFTER_MOVE_R01_20260611_142122,delta-asda-b3-e,1591,RTSO|SO|OE|VE|QS|TR,1,0,9991,0,13,0.05551,13,0.031083,301,49,4270,2391,6000,,0,,,,holding,normal,0,no_load,none,A2: hold position after move,servo-app/lab-0.1
1781162545.383141,62.265750885009766,A2_HOLD_AFTER_MOVE,A2_HOLD_AFTER_MOVE_R01_20260611_142122,delta-asda-b3-e,1591,RTSO|SO|OE|VE|QS|TR,1,0,10031,0,13,0.05551,13,0.031083,301,49,4270,2391,6000,,0,,,,holding,normal,0,no_load,none,A2: hold position after move,servo-app/lab-0.1
1781162545.4833527,62.365962505340576,A2_HOLD_AFTER_MOVE,A2_HOLD_AFTER_MOVE_R01_20260611_142122,delta-asda-b3-e,1591,RTSO|SO|OE|VE|QS|TR,1,0,10013,0,13,0.05551,13,0.031083,301,49,4270,2391,6000,,0,,,,holding,normal,0,no_load,none,A2: hold position after move,servo-app/lab-0.1
1781162545.5835423,62.46615219116211,A2_HOLD_AFTER_MOVE,A2_HOLD_AFTER_MOVE_R01_20260611_142122,delta-asda-b3-e,1591,RTSO|SO|OE|VE|QS|TR,1,0,10009,0,13,0.05551,13,0.031083,301,49,4270,2391,6000,,0,,,,holding,normal,0,no_load,none,A2: hold position after move,servo-app/lab-0.1
1781162545.6837108,62.5663206577301,A2_HOLD_AFTER_MOVE,A2_HOLD_AFTER_MOVE_R01_20260611_142122,delta-asda-b3-e,1591,RTSO|SO|OE|VE|QS|TR,1,0,9985,0,13,0.05551,13,0.031083,301,49,4270,2391,6000,,0,,,,holding,normal,0,no_load,none,A2: hold position after move,servo-app/lab-0.1
1781162545.7841425,62.666752338409424,A2_HOLD_AFTER_MOVE,A2_HOLD_AFTER_MOVE_R01_20260611_142122,delta-asda-b3-e,1591,RTSO|SO|OE|VE|QS|TR,1,0,10031,0,13,0.05551,13,0.031083,301,49,4270,2391,6000,,0,,,,holding,normal,0,no_load,none,A2: hold position after move,servo-app/lab-0.1
1781162545.8848376,62.76744747161865,A2_HOLD_AFTER_MOVE,A2_HOLD_AFTER_MOVE_R01_20260611_142122,delta-asda-b3-e,1591,RTSO|SO|OE|VE|QS|TR,1,0,10031,0,13,0.05551,13,0.031083,302,49,4270,2391,6000,,0,,,,holding,normal,0,no_load,none,A2: hold position after move,servo-app/lab-0.1
1781162545.9852335,62.86784338951111,A2_HOLD_AFTER_MOVE,A2_HOLD_AFTER_MOVE_R01_20260611_142122,delta-asda-b3-e,1591,RTSO|SO|OE|VE|QS|TR,1,0,10031,0,13,0.05551,13,0.031083,301,49,4270,2391,6000,,0,,,,holding,normal,0,no_load,none,A2: hold position after move,servo-app/lab-0.1
1781162546.085565,62.96817493438721,A2_HOLD_AFTER_MOVE,A2_HOLD_AFTER_MOVE_R01_20260611_142122,delta-asda-b3-e,1591,RTSO|SO|OE|VE|QS|TR,1,0,10013,0,13,0.05551,13,0.031083,301,49,4270,2391,6000,,0,,,,holding,normal,0,no_load,none,A2: hold position after move,servo-app/lab-0.1
1781162546.1861556,63.06876540184021,A2_HOLD_AFTER_MOVE,A2_HOLD_AFTER_MOVE_R01_20260611_142122,delta-asda-b3-e,1591,RTSO|SO|OE|VE|QS|TR,1,0,9997,0,14,0.05978,14,0.033474,301,49,4270,2391,6000,,0,,,,holding,normal,0,no_load,none,A2: hold position after move,servo-app/lab-0.1
1781162546.2870593,63.16966915130615,A2_HOLD_AFTER_MOVE,A2_HOLD_AFTER_MOVE_R01_20260611_142122,delta-asda-b3-e,1591,RTSO|SO|OE|VE|QS|TR,1,0,9997,0,13,0.05551,13,0.031083,301,49,4270,2391,6000,,0,,,,holding,normal,0,no_load,none,A2: hold position after move,servo-app/lab-0.1
1781162546.3876855,63.27029538154602,A2_HOLD_AFTER_MOVE,A2_HOLD_AFTER_MOVE_R01_20260611_142122,delta-asda-b3-e,1591,RTSO|SO|OE|VE|QS|TR,1,0,9997,0,13,0.05551,13,0.031083,301,49,4270,2391,6000,,0,,,,holding,normal,0,no_load,none,A2: hold position after move,servo-app/lab-0.1
1781162546.4882734,63.37088322639465,A2_HOLD_AFTER_MOVE,A2_HOLD_AFTER_MOVE_R01_20260611_142122,delta-asda-b3-e,1591,RTSO|SO|OE|VE|QS|TR,1,0,9987,0,13,0.05551,14,0.033474,301,49,4270,2391,6000,,0,,,,holding,normal,0,no_load,none,A2: hold position after move,servo-app/lab-0.1
1781162546.588535,63.471144914627075,A2_HOLD_AFTER_MOVE,A2_HOLD_AFTER_MOVE_R01_20260611_142122,delta-asda-b3-e,1591,RTSO|SO|OE|VE|QS|TR,1,0,9987,0,13,0.05551,13,0.031083,300,49,4270,2391,6000,,0,,,,holding,normal,0,no_load,none,A2: hold position after move,servo-app/lab-0.1
1781162546.689275,63.571884870529175,A2_HOLD_AFTER_MOVE,A2_HOLD_AFTER_MOVE_R01_20260611_142122,delta-asda-b3-e,1591,RTSO|SO|OE|VE|QS|TR,1,0,9991,0,13,0.05551,13,0.031083,301,49,4270,2391,6000,,0,,,,holding,normal,0,no_load,none,A2: hold position after move,servo-app/lab-0.1
1781162546.7893448,63.67195463180542,A2_HOLD_AFTER_MOVE,A2_HOLD_AFTER_MOVE_R01_20260611_142122,delta-asda-b3-e,1591,RTSO|SO|OE|VE|QS|TR,1,0,9981,0,13,0.05551,14,0.033474,301,49,4270,2391,6000,,0,,,,holding,normal,0,no_load,none,A2: hold position after move,servo-app/lab-0.1
1781162546.889629,63.77223873138428,A2_HOLD_AFTER_MOVE,A2_HOLD_AFTER_MOVE_R01_20260611_142122,delta-asda-b3-e,1591,RTSO|SO|OE|VE|QS|TR,1,0,9981,0,13,0.05551,13,0.031083,301,49,4270,2391,6000,,0,,,,holding,normal,0,no_load,none,A2: hold position after move,servo-app/lab-0.1
1781162546.9901328,63.872742652893066,A2_HOLD_AFTER_MOVE,A2_HOLD_AFTER_MOVE_R01_20260611_142122,delta-asda-b3-e,1591,RTSO|SO|OE|VE|QS|TR,1,0,9985,0,13,0.05551,14,0.033474,301,49,4270,2391,6000,,0,,,,holding,normal,0,no_load,none,A2: hold position after move,servo-app/lab-0.1
1781162547.0906224,63.97323226928711,A2_HOLD_AFTER_MOVE,A2_HOLD_AFTER_MOVE_R01_20260611_142122,delta-asda-b3-e,1591,RTSO|SO|OE|VE|QS|TR,1,0,9987,0,13,0.05551,13,0.031083,300,49,4270,2391,6000,,0,,,,holding,normal,0,no_load,none,A2: hold position after move,servo-app/lab-0.1
1781162547.1909616,64.07357144355774,A2_HOLD_AFTER_MOVE,A2_HOLD_AFTER_MOVE_R01_20260611_142122,delta-asda-b3-e,1591,RTSO|SO|OE|VE|QS|TR,1,0,9987,0,13,0.05551,12,0.028692,301,49,4270,2391,6000,,0,,,,holding,normal,0,no_load,none,A2: hold position after move,servo-app/lab-0.1
1781162547.2913337,64.17394351959229,A2_HOLD_AFTER_MOVE,A2_HOLD_AFTER_MOVE_R01_20260611_142122,delta-asda-b3-e,1591,RTSO|SO|OE|VE|QS|TR,1,0,9985,0,13,0.05551,13,0.031083,301,49,4270,2391,6000,,0,,,,holding,normal,0,no_load,none,A2: hold position after move,servo-app/lab-0.1
1781162547.3915057,64.27411556243896,A2_HOLD_AFTER_MOVE,A2_HOLD_AFTER_MOVE_R01_20260611_142122,delta-asda-b3-e,1591,RTSO|SO|OE|VE|QS|TR,1,0,9985,0,14,0.05978,13,0.031083,300,49,4270,2391,6000,,0,,,,holding,normal,0,no_load,none,A2: hold position after move,servo-app/lab-0.1
1781162547.4920628,64.3746726512909,A2_HOLD_AFTER_MOVE,A2_HOLD_AFTER_MOVE_R01_20260611_142122,delta-asda-b3-e,1591,RTSO|SO|OE|VE|QS|TR,1,0,9993,0,14,0.05978,14,0.033474,300,49,4270,2391,6000,,0,,,,holding,normal,0,no_load,none,A2: hold position after move,servo-app/lab-0.1
1781162547.592365,64.47497487068176,A2_HOLD_AFTER_MOVE,A2_HOLD_AFTER_MOVE_R01_20260611_142122,delta-asda-b3-e,1591,RTSO|SO|OE|VE|QS|TR,1,0,9991,0,13,0.05551,13,0.031083,300,49,4270,2391,6000,,0,,,,holding,normal,0,no_load,none,A2: hold position after move,servo-app/lab-0.1
1781162547.6924338,64.57504367828369,A2_HOLD_AFTER_MOVE,A2_HOLD_AFTER_MOVE_R01_20260611_142122,delta-asda-b3-e,1591,RTSO|SO|OE|VE|QS|TR,1,0,10003,0,12,0.05124,14,0.033474,301,49,4270,2391,6000,,0,,,,holding,normal,0,no_load,none,A2: hold position after move,servo-app/lab-0.1
1781162547.79273,64.67533993721008,A2_HOLD_AFTER_MOVE,A2_HOLD_AFTER_MOVE_R01_20260611_142122,delta-asda-b3-e,1591,RTSO|SO|OE|VE|QS|TR,1,0,10005,0,13,0.05551,12,0.028692,301,49,4270,2391,6000,,0,,,,holding,normal,0,no_load,none,A2: hold position after move,servo-app/lab-0.1
1781162547.8932652,64.77587509155273,A2_HOLD_AFTER_MOVE,A2_HOLD_AFTER_MOVE_R01_20260611_142122,delta-asda-b3-e,1591,RTSO|SO|OE|VE|QS|TR,1,0,10019,0,13,0.05551,13,0.031083,300,49,4270,2391,6000,,0,,,,holding,normal,0,no_load,none,A2: hold position after move,servo-app/lab-0.1
1781162547.9933887,64.87599849700928,A2_HOLD_AFTER_MOVE,A2_HOLD_AFTER_MOVE_R01_20260611_142122,delta-asda-b3-e,1591,RTSO|SO|OE|VE|QS|TR,1,0,10019,0,13,0.05551,13,0.031083,301,49,4270,2391,6000,,0,,,,holding,normal,0,no_load,none,A2: hold position after move,servo-app/lab-0.1
1781162548.093499,64.97610878944397,A2_HOLD_AFTER_MOVE,A2_HOLD_AFTER_MOVE_R01_20260611_142122,delta-asda-b3-e,1591,RTSO|SO|OE|VE|QS|TR,1,0,10019,0,13,0.05551,14,0.033474,300,49,4270,2391,6000,,0,,,,holding,normal,0,no_load,none,A2: hold position after move,servo-app/lab-0.1
1781162548.1939712,65.07658100128174,A2_HOLD_AFTER_MOVE,A2_HOLD_AFTER_MOVE_R01_20260611_142122,delta-asda-b3-e,1591,RTSO|SO|OE|VE|QS|TR,1,0,10009,0,13,0.05551,13,0.031083,301,49,4270,2391,6000,,0,,,,holding,normal,0,no_load,none,A2: hold position after move,servo-app/lab-0.1
1781162548.2942965,65.17690634727478,A2_HOLD_AFTER_MOVE,A2_HOLD_AFTER_MOVE_R01_20260611_142122,delta-asda-b3-e,1591,RTSO|SO|OE|VE|QS|TR,1,0,10031,0,13,0.05551,13,0.031083,300,49,4270,2391,6000,,0,,,,holding,normal,0,no_load,none,A2: hold position after move,servo-app/lab-0.1
1781162548.394801,65.27741074562073,A2_HOLD_AFTER_MOVE,A2_HOLD_AFTER_MOVE_R01_20260611_142122,delta-asda-b3-e,1591,RTSO|SO|OE|VE|QS|TR,1,0,10025,0,13,0.05551,13,0.031083,300,49,4270,2391,6000,,0,,,,holding,normal,0,no_load,none,A2: hold position after move,servo-app/lab-0.1
1781162548.4952233,65.37783312797546,A2_HOLD_AFTER_MOVE,A2_HOLD_AFTER_MOVE_R01_20260611_142122,delta-asda-b3-e,1591,RTSO|SO|OE|VE|QS|TR,1,0,10015,0,14,0.05978,13,0.031083,301,49,4270,2391,6000,,0,,,,holding,normal,0,no_load,none,A2: hold position after move,servo-app/lab-0.1
1781162548.595777,65.47838687896729,A2_HOLD_AFTER_MOVE,A2_HOLD_AFTER_MOVE_R01_20260611_142122,delta-asda-b3-e,1591,RTSO|SO|OE|VE|QS|TR,1,0,10023,0,13,0.05551,13,0.031083,301,49,4270,2391,6000,,0,,,,holding,normal,0,no_load,none,A2: hold position after move,servo-app/lab-0.1
1781162548.6991954,65.58180522918701,A2_HOLD_AFTER_MOVE,A2_HOLD_AFTER_MOVE_R01_20260611_142122,delta-asda-b3-e,1591,RTSO|SO|OE|VE|QS|TR,1,0,9985,0,13,0.05551,12,0.028692,301,49,4270,2391,6000,,0,,,,holding,normal,0,no_load,none,A2: hold position after move,servo-app/lab-0.1
1781162548.7993677,65.68197751045227,A2_HOLD_AFTER_MOVE,A2_HOLD_AFTER_MOVE_R01_20260611_142122,delta-asda-b3-e,1591,RTSO|SO|OE|VE|QS|TR,1,0,9985,0,13,0.05551,13,0.031083,301,49,4270,2391,6000,,0,,,,holding,normal,0,no_load,none,A2: hold position after move,servo-app/lab-0.1
1781162548.8998644,65.78247427940369,A2_HOLD_AFTER_MOVE,A2_HOLD_AFTER_MOVE_R01_20260611_142122,delta-asda-b3-e,1591,RTSO|SO|OE|VE|QS|TR,1,0,9985,0,14,0.05978,13,0.031083,301,49,4270,2391,6000,,0,,,,holding,normal,0,no_load,none,A2: hold position after move,servo-app/lab-0.1
1781162549.0001523,65.88276219367981,A2_HOLD_AFTER_MOVE,A2_HOLD_AFTER_MOVE_R01_20260611_142122,delta-asda-b3-e,1591,RTSO|SO|OE|VE|QS|TR,1,0,9985,0,13,0.05551,13,0.031083,301,49,4270,2391,6000,,0,,,,holding,normal,0,no_load,none,A2: hold position after move,servo-app/lab-0.1
1781162549.100421,65.98303079605103,A2_HOLD_AFTER_MOVE,A2_HOLD_AFTER_MOVE_R01_20260611_142122,delta-asda-b3-e,1591,RTSO|SO|OE|VE|QS|TR,1,0,9987,0,13,0.05551,13,0.031083,301,49,4270,2391,6000,,0,,,,holding,normal,0,no_load,none,A2: hold position after move,servo-app/lab-0.1
1781162549.2009118,66.08352160453796,A2_HOLD_AFTER_MOVE,A2_HOLD_AFTER_MOVE_R01_20260611_142122,delta-asda-b3-e,1591,RTSO|SO|OE|VE|QS|TR,1,0,9987,0,13,0.05551,13,0.031083,301,49,4270,2391,6000,,0,,,,holding,normal,0,no_load,none,A2: hold position after move,servo-app/lab-0.1
1781162549.30113,66.18373990058899,A2_HOLD_AFTER_MOVE,A2_HOLD_AFTER_MOVE_R01_20260611_142122,delta-asda-b3-e,1591,RTSO|SO|OE|VE|QS|TR,1,0,9985,0,14,0.05978,13,0.031083,301,49,4270,2391,6000,,0,,,,holding,normal,0,no_load,none,A2: hold position after move,servo-app/lab-0.1
1781162549.4016345,66.28424429893494,A2_HOLD_AFTER_MOVE,A2_HOLD_AFTER_MOVE_R01_20260611_142122,delta-asda-b3-e,1591,RTSO|SO|OE|VE|QS|TR,1,0,9985,0,13,0.05551,13,0.031083,301,49,4270,2391,6000,,0,,,,holding,normal,0,no_load,none,A2: hold position after move,servo-app/lab-0.1
1781162549.5020213,66.38463115692139,A2_HOLD_AFTER_MOVE,A2_HOLD_AFTER_MOVE_R01_20260611_142122,delta-asda-b3-e,1591,RTSO|SO|OE|VE|QS|TR,1,0,9985,0,13,0.05551,13,0.031083,301,49,4270,2391,6000,,0,,,,holding,normal,0,no_load,none,A2: hold position after move,servo-app/lab-0.1
1781162549.602517,66.48512673377991,A2_HOLD_AFTER_MOVE,A2_HOLD_AFTER_MOVE_R01_20260611_142122,delta-asda-b3-e,1591,RTSO|SO|OE|VE|QS|TR,1,0,9997,0,13,0.05551,13,0.031083,301,49,4270,2391,6000,,0,,,,holding,normal,0,no_load,none,A2: hold position after move,servo-app/lab-0.1
1781162549.7025928,66.58520269393921,A2_HOLD_AFTER_MOVE,A2_HOLD_AFTER_MOVE_R01_20260611_142122,delta-asda-b3-e,1591,RTSO|SO|OE|VE|QS|TR,1,0,9991,0,12,0.05124,13,0.031083,301,49,4270,2391,6000,,0,,,,holding,normal,0,no_load,none,A2: hold position after move,servo-app/lab-0.1
1781162549.802989,66.68559885025024,A2_HOLD_AFTER_MOVE,A2_HOLD_AFTER_MOVE_R01_20260611_142122,delta-asda-b3-e,1591,RTSO|SO|OE|VE|QS|TR,1,0,10009,0,13,0.05551,13,0.031083,301,49,4270,2391,6000,,0,,,,holding,normal,0,no_load,none,A2: hold position after move,servo-app/lab-0.1
1781162549.9035044,66.78611421585083,A2_HOLD_AFTER_MOVE,A2_HOLD_AFTER_MOVE_R01_20260611_142122,delta-asda-b3-e,1591,RTSO|SO|OE|VE|QS|TR,1,0,10015,0,14,0.05978,13,0.031083,301,49,4270,2391,6000,,0,,,,holding,normal,0,no_load,none,A2: hold position after move,servo-app/lab-0.1
1781162550.0039017,66.88651156425476,A2_HOLD_AFTER_MOVE,A2_HOLD_AFTER_MOVE_R01_20260611_142122,delta-asda-b3-e,1591,RTSO|SO|OE|VE|QS|TR,1,0,10031,0,13,0.05551,13,0.031083,301,49,4270,2391,6000,,0,,,,holding,normal,0,no_load,none,A2: hold position after move,servo-app/lab-0.1
1781162550.1042194,66.98682928085327,A2_HOLD_AFTER_MOVE,A2_HOLD_AFTER_MOVE_R01_20260611_142122,delta-asda-b3-e,1591,RTSO|SO|OE|VE|QS|TR,1,0,10035,0,13,0.05551,13,0.031083,301,49,4270,2391,6000,,0,,,,holding,normal,0,no_load,none,A2: hold position after move,servo-app/lab-0.1
1781162550.2042892,67.08689904212952,A2_HOLD_AFTER_MOVE,A2_HOLD_AFTER_MOVE_R01_20260611_142122,delta-asda-b3-e,1591,RTSO|SO|OE|VE|QS|TR,1,0,9997,0,12,0.05124,14,0.033474,301,49,4270,2391,6000,,0,,,,holding,normal,0,no_load,none,A2: hold position after move,servo-app/lab-0.1
1781162550.305019,67.18762874603271,A2_HOLD_AFTER_MOVE,A2_HOLD_AFTER_MOVE_R01_20260611_142122,delta-asda-b3-e,1591,RTSO|SO|OE|VE|QS|TR,1,0,10019,0,13,0.05551,13,0.031083,302,49,4270,2391,6000,,0,,,,holding,normal,0,no_load,none,A2: hold position after move,servo-app/lab-0.1
1781162550.4060655,67.28867530822754,A2_HOLD_AFTER_MOVE,A2_HOLD_AFTER_MOVE_R01_20260611_142122,delta-asda-b3-e,1591,RTSO|SO|OE|VE|QS|TR,1,0,9997,0,14,0.05978,13,0.031083,302,49,4270,2391,6000,,0,,,,holding,normal,0,no_load,none,A2: hold position after move,servo-app/lab-0.1
1781162550.5063896,67.38899946212769,A2_HOLD_AFTER_MOVE,A2_HOLD_AFTER_MOVE_R01_20260611_142122,delta-asda-b3-e,1591,RTSO|SO|OE|VE|QS|TR,1,0,9997,0,14,0.05978,13,0.031083,302,49,4270,2391,6000,,0,,,,holding,normal,0,no_load,none,A2: hold position after move,servo-app/lab-0.1
1781162550.6065233,67.48913311958313,A2_HOLD_AFTER_MOVE,A2_HOLD_AFTER_MOVE_R01_20260611_142122,delta-asda-b3-e,1591,RTSO|SO|OE|VE|QS|TR,1,0,9991,0,13,0.05551,13,0.031083,301,49,4270,2391,6000,,0,,,,holding,normal,0,no_load,none,A2: hold position after move,servo-app/lab-0.1
1781162550.7069764,67.58958625793457,A2_HOLD_AFTER_MOVE,A2_HOLD_AFTER_MOVE_R01_20260611_142122,delta-asda-b3-e,1591,RTSO|SO|OE|VE|QS|TR,1,0,9991,0,13,0.05551,13,0.031083,301,49,4270,2391,6000,,0,,,,holding,normal,0,no_load,none,A2: hold position after move,servo-app/lab-0.1
1781162550.8070958,67.68970561027527,A2_HOLD_AFTER_MOVE,A2_HOLD_AFTER_MOVE_R01_20260611_142122,delta-asda-b3-e,1591,RTSO|SO|OE|VE|QS|TR,1,0,9987,0,13,0.05551,13,0.031083,302,49,4270,2391,6000,,0,,,,holding,normal,0,no_load,none,A2: hold position after move,servo-app/lab-0.1
1781162550.9077115,67.79032135009766,A2_HOLD_AFTER_MOVE,A2_HOLD_AFTER_MOVE_R01_20260611_142122,delta-asda-b3-e,1591,RTSO|SO|OE|VE|QS|TR,1,0,9985,0,13,0.05551,13,0.031083,302,49,4270,2391,6000,,0,,,,holding,normal,0,no_load,none,A2: hold position after move,servo-app/lab-0.1
1781162551.007823,67.89043283462524,A2_HOLD_AFTER_MOVE,A2_HOLD_AFTER_MOVE_R01_20260611_142122,delta-asda-b3-e,1591,RTSO|SO|OE|VE|QS|TR,1,0,9985,0,13,0.05551,13,0.031083,301,49,4270,2391,6000,,0,,,,holding,normal,0,no_load,none,A2: hold position after move,servo-app/lab-0.1
1781162551.107895,67.9905047416687,A2_HOLD_AFTER_MOVE,A2_HOLD_AFTER_MOVE_R01_20260611_142122,delta-asda-b3-e,1591,RTSO|SO|OE|VE|QS|TR,1,0,9985,0,13,0.05551,13,0.031083,302,49,4270,2391,6000,,0,,,,holding,normal,0,no_load,none,A2: hold position after move,servo-app/lab-0.1
1781162551.2081509,68.09076070785522,A2_HOLD_AFTER_MOVE,A2_HOLD_AFTER_MOVE_R01_20260611_142122,delta-asda-b3-e,1591,RTSO|SO|OE|VE|QS|TR,1,0,9987,0,13,0.05551,13,0.031083,301,49,4270,2391,6000,,0,,,,holding,normal,0,no_load,none,A2: hold position after move,servo-app/lab-0.1
1781162551.3084755,68.19108533859253,A2_HOLD_AFTER_MOVE,A2_HOLD_AFTER_MOVE_R01_20260611_142122,delta-asda-b3-e,1591,RTSO|SO|OE|VE|QS|TR,1,0,9985,0,12,0.05124,13,0.031083,302,49,4270,2391,6000,,0,,,,holding,normal,0,no_load,none,A2: hold position after move,servo-app/lab-0.1
1781162551.4088333,68.29144310951233,A2_HOLD_AFTER_MOVE,A2_HOLD_AFTER_MOVE_R01_20260611_142122,delta-asda-b3-e,1591,RTSO|SO|OE|VE|QS|TR,1,0,9987,0,13,0.05551,13,0.031083,302,49,4270,2391,6000,,0,,,,holding,normal,0,no_load,none,A2: hold position after move,servo-app/lab-0.1
1781162551.5089116,68.39152145385742,A2_HOLD_AFTER_MOVE,A2_HOLD_AFTER_MOVE_R01_20260611_142122,delta-asda-b3-e,1591,RTSO|SO|OE|VE|QS|TR,1,0,9985,0,13,0.05551,13,0.031083,302,49,4270,2391,6000,,0,,,,holding,normal,0,no_load,none,A2: hold position after move,servo-app/lab-0.1
1781162551.609445,68.49205493927002,A2_HOLD_AFTER_MOVE,A2_HOLD_AFTER_MOVE_R01_20260611_142122,delta-asda-b3-e,1591,RTSO|SO|OE|VE|QS|TR,1,0,9981,0,14,0.05978,13,0.031083,302,49,4270,2391,6000,,0,,,,holding,normal,0,no_load,none,A2: hold position after move,servo-app/lab-0.1
1781162551.7098691,68.59247899055481,A2_HOLD_AFTER_MOVE,A2_HOLD_AFTER_MOVE_R01_20260611_142122,delta-asda-b3-e,1591,RTSO|SO|OE|VE|QS|TR,1,0,9987,0,14,0.05978,14,0.033474,301,49,4270,2391,6000,,0,,,,holding,normal,0,no_load,none,A2: hold position after move,servo-app/lab-0.1
1781162551.8101532,68.69276309013367,A2_HOLD_AFTER_MOVE,A2_HOLD_AFTER_MOVE_R01_20260611_142122,delta-asda-b3-e,1591,RTSO|SO|OE|VE|QS|TR,1,0,9987,0,14,0.05978,14,0.033474,301,49,4270,2391,6000,,0,,,,holding,normal,0,no_load,none,A2: hold position after move,servo-app/lab-0.1
1781162551.910472,68.7930817604065,A2_HOLD_AFTER_MOVE,A2_HOLD_AFTER_MOVE_R01_20260611_142122,delta-asda-b3-e,1591,RTSO|SO|OE|VE|QS|TR,1,0,9979,0,12,0.05124,14,0.033474,301,49,4270,2391,6000,,0,,,,holding,normal,0,no_load,none,A2: hold position after move,servo-app/lab-0.1
1781162552.010821,68.89343094825745,A2_HOLD_AFTER_MOVE,A2_HOLD_AFTER_MOVE_R01_20260611_142122,delta-asda-b3-e,1591,RTSO|SO|OE|VE|QS|TR,1,0,9987,0,13,0.05551,13,0.031083,301,49,4270,2391,6000,,0,,,,holding,normal,0,no_load,none,A2: hold position after move,servo-app/lab-0.1
1781162552.1112702,68.99388003349304,A2_HOLD_AFTER_MOVE,A2_HOLD_AFTER_MOVE_R01_20260611_142122,delta-asda-b3-e,1591,RTSO|SO|OE|VE|QS|TR,1,0,9987,0,13,0.05551,13,0.031083,301,49,4270,2391,6000,,0,,,,holding,normal,0,no_load,none,A2: hold position after move,servo-app/lab-0.1
1781162552.2386703,69.12128019332886,A2_HOLD_AFTER_MOVE,A2_HOLD_AFTER_MOVE_R01_20260611_142122,delta-asda-b3-e,1591,RTSO|SO|OE|VE|QS|TR,1,0,9987,0,13,0.05551,13,0.031083,301,49,4270,2391,6000,,0,,,,holding,normal,0,no_load,none,A2: hold position after move,servo-app/lab-0.1
1781162552.3387527,69.2213625907898,A2_HOLD_AFTER_MOVE,A2_HOLD_AFTER_MOVE_R01_20260611_142122,delta-asda-b3-e,1591,RTSO|SO|OE|VE|QS|TR,1,0,9987,0,13,0.05551,13,0.031083,301,49,4270,2391,6000,,0,,,,holding,normal,0,no_load,none,A2: hold position after move,servo-app/lab-0.1
1781162552.4391587,69.32176852226257,A2_HOLD_AFTER_MOVE,A2_HOLD_AFTER_MOVE_R01_20260611_142122,delta-asda-b3-e,1591,RTSO|SO|OE|VE|QS|TR,1,0,9973,0,13,0.05551,13,0.031083,301,49,4270,2391,6000,,0,,,,holding,normal,0,no_load,none,A2: hold position after move,servo-app/lab-0.1
1781162552.5393827,69.4219925403595,A2_HOLD_AFTER_MOVE,A2_HOLD_AFTER_MOVE_R01_20260611_142122,delta-asda-b3-e,1591,RTSO|SO|OE|VE|QS|TR,1,0,9987,0,13,0.05551,13,0.031083,301,49,4270,2391,6000,,0,,,,holding,normal,0,no_load,none,A2: hold position after move,servo-app/lab-0.1
1781162552.6399057,69.52251553535461,A2_HOLD_AFTER_MOVE,A2_HOLD_AFTER_MOVE_R01_20260611_142122,delta-asda-b3-e,1591,RTSO|SO|OE|VE|QS|TR,1,0,9991,0,13,0.05551,13,0.031083,301,49,4270,2391,6000,,0,,,,holding,normal,0,no_load,none,A2: hold position after move,servo-app/lab-0.1
1781162552.7402117,69.62282156944275,A2_HOLD_AFTER_MOVE,A2_HOLD_AFTER_MOVE_R01_20260611_142122,delta-asda-b3-e,1591,RTSO|SO|OE|VE|QS|TR,1,0,9985,0,13,0.05551,13,0.031083,301,49,4270,2391,6000,,0,,,,holding,normal,0,no_load,none,A2: hold position after move,servo-app/lab-0.1
1781162552.840342,69.72295188903809,A2_HOLD_AFTER_MOVE,A2_HOLD_AFTER_MOVE_R01_20260611_142122,delta-asda-b3-e,1591,RTSO|SO|OE|VE|QS|TR,1,0,9987,0,13,0.05551,13,0.031083,301,49,4270,2391,6000,,0,,,,holding,normal,0,no_load,none,A2: hold position after move,servo-app/lab-0.1
1781162552.9408154,69.82342529296875,A2_HOLD_AFTER_MOVE,A2_HOLD_AFTER_MOVE_R01_20260611_142122,delta-asda-b3-e,1591,RTSO|SO|OE|VE|QS|TR,1,0,9991,0,14,0.05978,13,0.031083,301,49,4270,2391,6000,,0,,,,holding,normal,0,no_load,none,A2: hold position after move,servo-app/lab-0.1
1781162553.0409222,69.92353200912476,A2_HOLD_AFTER_MOVE,A2_HOLD_AFTER_MOVE_R01_20260611_142122,delta-asda-b3-e,1591,RTSO|SO|OE|VE|QS|TR,1,0,9985,0,14,0.05978,13,0.031083,301,49,4270,2391,6000,,0,,,,holding,normal,0,no_load,none,A2: hold position after move,servo-app/lab-0.1
1781162553.141473,70.02408289909363,A2_HOLD_AFTER_MOVE,A2_HOLD_AFTER_MOVE_R01_20260611_142122,delta-asda-b3-e,1591,RTSO|SO|OE|VE|QS|TR,1,0,9985,0,14,0.05978,14,0.033474,301,49,4270,2391,6000,,0,,,,holding,normal,0,no_load,none,A2: hold position after move,servo-app/lab-0.1
1781162553.2416496,70.12425947189331,A2_HOLD_AFTER_MOVE,A2_HOLD_AFTER_MOVE_R01_20260611_142122,delta-asda-b3-e,1591,RTSO|SO|OE|VE|QS|TR,1,0,9985,0,12,0.05124,14,0.033474,301,49,4270,2391,6000,,0,,,,holding,normal,0,no_load,none,A2: hold position after move,servo-app/lab-0.1
1781162553.3418183,70.22442817687988,A2_HOLD_AFTER_MOVE,A2_HOLD_AFTER_MOVE_R01_20260611_142122,delta-asda-b3-e,1591,RTSO|SO|OE|VE|QS|TR,1,0,9985,0,13,0.05551,14,0.033474,301,49,4270,2391,6000,,0,,,,holding,normal,0,no_load,none,A2: hold position after move,servo-app/lab-0.1
1781162553.4418898,70.32449960708618,A2_HOLD_AFTER_MOVE,A2_HOLD_AFTER_MOVE_R01_20260611_142122,delta-asda-b3-e,1591,RTSO|SO|OE|VE|QS|TR,1,0,9991,0,13,0.05551,13,0.031083,301,49,4270,2391,6000,,0,,,,holding,normal,0,no_load,none,A2: hold position after move,servo-app/lab-0.1
1781162553.5422895,70.4248993396759,A2_HOLD_AFTER_MOVE,A2_HOLD_AFTER_MOVE_R01_20260611_142122,delta-asda-b3-e,1591,RTSO|SO|OE|VE|QS|TR,1,0,9997,0,13,0.05551,13,0.031083,301,49,4270,2391,6000,,0,,,,holding,normal,0,no_load,none,A2: hold position after move,servo-app/lab-0.1
1781162553.6426961,70.52530598640442,A2_HOLD_AFTER_MOVE,A2_HOLD_AFTER_MOVE_R01_20260611_142122,delta-asda-b3-e,1591,RTSO|SO|OE|VE|QS|TR,1,0,10013,0,13,0.05551,14,0.033474,301,49,4270,2391,6000,,0,,,,holding,normal,0,no_load,none,A2: hold position after move,servo-app/lab-0.1
1781162553.7430842,70.62569403648376,A2_HOLD_AFTER_MOVE,A2_HOLD_AFTER_MOVE_R01_20260611_142122,delta-asda-b3-e,1591,RTSO|SO|OE|VE|QS|TR,1,0,10023,0,13,0.05551,13,0.031083,301,49,4270,2391,6000,,0,,,,holding,normal,0,no_load,none,A2: hold position after move,servo-app/lab-0.1
1781162553.843453,70.7260627746582,A2_HOLD_AFTER_MOVE,A2_HOLD_AFTER_MOVE_R01_20260611_142122,delta-asda-b3-e,1591,RTSO|SO|OE|VE|QS|TR,1,0,10031,0,13,0.05551,13,0.031083,301,49,4270,2391,6000,,0,,,,holding,normal,0,no_load,none,A2: hold position after move,servo-app/lab-0.1
1781162553.9437156,70.82632541656494,A2_HOLD_AFTER_MOVE,A2_HOLD_AFTER_MOVE_R01_20260611_142122,delta-asda-b3-e,1591,RTSO|SO|OE|VE|QS|TR,1,0,10023,0,13,0.05551,13,0.031083,301,49,4270,2391,6000,,0,,,,holding,normal,0,no_load,none,A2: hold position after move,servo-app/lab-0.1
1781162554.044121,70.92673087120056,A2_HOLD_AFTER_MOVE,A2_HOLD_AFTER_MOVE_R01_20260611_142122,delta-asda-b3-e,1591,RTSO|SO|OE|VE|QS|TR,1,0,10031,0,13,0.05551,13,0.031083,301,49,4270,2391,6000,,0,,,,holding,normal,0,no_load,none,A2: hold position after move,servo-app/lab-0.1
1781162554.1443365,71.02694630622864,A2_HOLD_AFTER_MOVE,A2_HOLD_AFTER_MOVE_R01_20260611_142122,delta-asda-b3-e,1591,RTSO|SO|OE|VE|QS|TR,1,0,10031,0,13,0.05551,13,0.031083,301,49,4270,2391,6000,,0,,,,holding,normal,0,no_load,none,A2: hold position after move,servo-app/lab-0.1
1781162554.2444644,71.12707424163818,A2_HOLD_AFTER_MOVE,A2_HOLD_AFTER_MOVE_R01_20260611_142122,delta-asda-b3-e,1591,RTSO|SO|OE|VE|QS|TR,1,0,10009,0,13,0.05551,13,0.031083,301,49,4270,2391,6000,,0,,,,holding,normal,0,no_load,none,A2: hold position after move,servo-app/lab-0.1
1781162554.3449652,71.22757506370544,A2_HOLD_AFTER_MOVE,A2_HOLD_AFTER_MOVE_R01_20260611_142122,delta-asda-b3-e,1591,RTSO|SO|OE|VE|QS|TR,1,0,10031,0,13,0.05551,13,0.031083,301,49,4270,2391,6000,,0,,,,holding,normal,0,no_load,none,A2: hold position after move,servo-app/lab-0.1
1781162554.445037,71.32764673233032,A2_HOLD_AFTER_MOVE,A2_HOLD_AFTER_MOVE_R01_20260611_142122,delta-asda-b3-e,1591,RTSO|SO|OE|VE|QS|TR,1,0,10013,0,14,0.05978,13,0.031083,301,49,4270,2391,6000,,0,,,,holding,normal,0,no_load,none,A2: hold position after move,servo-app/lab-0.1
1781162554.545695,71.42830491065979,A2_HOLD_AFTER_MOVE,A2_HOLD_AFTER_MOVE_R01_20260611_142122,delta-asda-b3-e,1591,RTSO|SO|OE|VE|QS|TR,1,0,10009,0,13,0.05551,12,0.028692,301,49,4270,2391,6000,,0,,,,holding,normal,0,no_load,none,A2: hold position after move,servo-app/lab-0.1
1781162554.646207,71.52881693840027,A2_HOLD_AFTER_MOVE,A2_HOLD_AFTER_MOVE_R01_20260611_142122,delta-asda-b3-e,1591,RTSO|SO|OE|VE|QS|TR,1,0,9997,0,14,0.05978,13,0.031083,301,49,4270,2391,6000,,0,,,,holding,normal,0,no_load,none,A2: hold position after move,servo-app/lab-0.1
1781162554.7467577,71.62936758995056,A2_HOLD_AFTER_MOVE,A2_HOLD_AFTER_MOVE_R01_20260611_142122,delta-asda-b3-e,1591,RTSO|SO|OE|VE|QS|TR,1,0,10023,0,13,0.05551,13,0.031083,301,49,4270,2391,6000,,0,,,,holding,normal,0,no_load,none,A2: hold position after move,servo-app/lab-0.1
1781162554.8468237,71.72943353652954,A2_HOLD_AFTER_MOVE,A2_HOLD_AFTER_MOVE_R01_20260611_142122,delta-asda-b3-e,1591,RTSO|SO|OE|VE|QS|TR,1,0,9997,0,13,0.05551,13,0.031083,301,49,4270,2391,6000,,0,,,,holding,normal,0,no_load,none,A2: hold position after move,servo-app/lab-0.1
1781162554.9473717,71.82998156547546,A2_HOLD_AFTER_MOVE,A2_HOLD_AFTER_MOVE_R01_20260611_142122,delta-asda-b3-e,1591,RTSO|SO|OE|VE|QS|TR,1,0,9991,0,12,0.05124,14,0.033474,301,49,4270,2391,6000,,0,,,,holding,normal,0,no_load,none,A2: hold position after move,servo-app/lab-0.1
1781162555.0478396,71.93044948577881,A2_HOLD_AFTER_MOVE,A2_HOLD_AFTER_MOVE_R01_20260611_142122,delta-asda-b3-e,1591,RTSO|SO|OE|VE|QS|TR,1,0,9985,0,13,0.05551,13,0.031083,301,49,4270,2391,6000,,0,,,,holding,normal,0,no_load,none,A2: hold position after move,servo-app/lab-0.1
1781162555.1483717,72.03098154067993,A2_HOLD_AFTER_MOVE,A2_HOLD_AFTER_MOVE_R01_20260611_142122,delta-asda-b3-e,1591,RTSO|SO|OE|VE|QS|TR,1,0,9987,0,13,0.05551,14,0.033474,301,49,4270,2391,6000,,0,,,,holding,normal,0,no_load,none,A2: hold position after move,servo-app/lab-0.1
1781162555.248651,72.1312608718872,A2_HOLD_AFTER_MOVE,A2_HOLD_AFTER_MOVE_R01_20260611_142122,delta-asda-b3-e,1591,RTSO|SO|OE|VE|QS|TR,1,0,9987,0,13,0.05551,13,0.031083,301,49,4270,2391,6000,,0,,,,holding,normal,0,no_load,none,A2: hold position after move,servo-app/lab-0.1
1781162555.3487136,72.23132348060608,A2_HOLD_AFTER_MOVE,A2_HOLD_AFTER_MOVE_R01_20260611_142122,delta-asda-b3-e,1591,RTSO|SO|OE|VE|QS|TR,1,0,9979,0,13,0.05551,13,0.031083,301,49,4270,2391,6000,,0,,,,holding,normal,0,no_load,none,A2: hold position after move,servo-app/lab-0.1
1781162555.4496949,72.33230471611023,A2_HOLD_AFTER_MOVE,A2_HOLD_AFTER_MOVE_R01_20260611_142122,delta-asda-b3-e,1591,RTSO|SO|OE|VE|QS|TR,1,0,9973,0,13,0.05551,14,0.033474,301,49,4270,2391,6000,,0,,,,holding,normal,0,no_load,none,A2: hold position after move,servo-app/lab-0.1
1781162555.5502975,72.43290734291077,A2_HOLD_AFTER_MOVE,A2_HOLD_AFTER_MOVE_R01_20260611_142122,delta-asda-b3-e,1591,RTSO|SO|OE|VE|QS|TR,1,0,10031,0,13,0.05551,13,0.031083,301,49,4270,2391,6000,,0,,,,holding,normal,0,no_load,none,A2: hold position after move,servo-app/lab-0.1
1781162555.6508636,72.5334734916687,A2_HOLD_AFTER_MOVE,A2_HOLD_AFTER_MOVE_R01_20260611_142122,delta-asda-b3-e,1591,RTSO|SO|OE|VE|QS|TR,1,0,9967,0,14,0.05978,13,0.031083,301,49,4270,2391,6000,,0,,,,holding,normal,0,no_load,none,A2: hold position after move,servo-app/lab-0.1
1781162555.7512991,72.63390898704529,A2_HOLD_AFTER_MOVE,A2_HOLD_AFTER_MOVE_R01_20260611_142122,delta-asda-b3-e,1591,RTSO|SO|OE|VE|QS|TR,1,0,9991,0,13,0.05551,14,0.033474,301,49,4270,2391,6000,,0,,,,holding,normal,0,no_load,none,A2: hold position after move,servo-app/lab-0.1
1781162555.8518267,72.73443651199341,A2_HOLD_AFTER_MOVE,A2_HOLD_AFTER_MOVE_R01_20260611_142122,delta-asda-b3-e,1591,RTSO|SO|OE|VE|QS|TR,1,0,9987,0,13,0.05551,13,0.031083,302,49,4270,2391,6000,,0,,,,holding,normal,0,no_load,none,A2: hold position after move,servo-app/lab-0.1
1781162555.9522595,72.83486938476562,A2_HOLD_AFTER_MOVE,A2_HOLD_AFTER_MOVE_R01_20260611_142122,delta-asda-b3-e,1591,RTSO|SO|OE|VE|QS|TR,1,0,10005,0,13,0.05551,13,0.031083,301,49,4270,2391,6000,,0,,,,holding,normal,0,no_load,none,A2: hold position after move,servo-app/lab-0.1
1781162556.0531373,72.93574714660645,A2_HOLD_AFTER_MOVE,A2_HOLD_AFTER_MOVE_R01_20260611_142122,delta-asda-b3-e,1591,RTSO|SO|OE|VE|QS|TR,1,0,10031,0,13,0.05551,13,0.031083,301,49,4270,2391,6000,,0,,,,holding,normal,0,no_load,none,A2: hold position after move,servo-app/lab-0.1
1781162556.1537397,73.0363495349884,A2_HOLD_AFTER_MOVE,A2_HOLD_AFTER_MOVE_R01_20260611_142122,delta-asda-b3-e,1591,RTSO|SO|OE|VE|QS|TR,1,0,10031,0,14,0.05978,13,0.031083,301,49,4270,2391,6000,,0,,,,holding,normal,0,no_load,none,A2: hold position after move,servo-app/lab-0.1
1781162556.2542846,73.1368944644928,A2_HOLD_AFTER_MOVE,A2_HOLD_AFTER_MOVE_R01_20260611_142122,delta-asda-b3-e,1591,RTSO|SO|OE|VE|QS|TR,1,0,10031,0,14,0.05978,14,0.033474,301,49,4270,2391,6000,,0,,,,holding,normal,0,no_load,none,A2: hold position after move,servo-app/lab-0.1
1781162556.354784,73.23739385604858,A2_HOLD_AFTER_MOVE,A2_HOLD_AFTER_MOVE_R01_20260611_142122,delta-asda-b3-e,1591,RTSO|SO|OE|VE|QS|TR,1,0,10037,0,13,0.05551,13,0.031083,301,49,4270,2391,6000,,0,,,,holding,normal,0,no_load,none,A2: hold position after move,servo-app/lab-0.1
1781162556.455282,73.3378918170929,A2_HOLD_AFTER_MOVE,A2_HOLD_AFTER_MOVE_R01_20260611_142122,delta-asda-b3-e,1591,RTSO|SO|OE|VE|QS|TR,1,0,10003,0,13,0.05551,13,0.031083,301,49,4270,2391,6000,,0,,,,holding,normal,0,no_load,none,A2: hold position after move,servo-app/lab-0.1
1781162556.5553875,73.437997341156,A2_HOLD_AFTER_MOVE,A2_HOLD_AFTER_MOVE_R01_20260611_142122,delta-asda-b3-e,1591,RTSO|SO|OE|VE|QS|TR,1,0,10009,0,14,0.05978,13,0.031083,301,49,4270,2391,6000,,0,,,,holding,normal,0,no_load,none,A2: hold position after move,servo-app/lab-0.1
1781162556.6558487,73.53845858573914,A2_HOLD_AFTER_MOVE,A2_HOLD_AFTER_MOVE_R01_20260611_142122,delta-asda-b3-e,1591,RTSO|SO|OE|VE|QS|TR,1,0,10009,0,13,0.05551,13,0.031083,301,49,4270,2391,6000,,0,,,,holding,normal,0,no_load,none,A2: hold position after move,servo-app/lab-0.1
1781162556.7565768,73.63918662071228,A2_HOLD_AFTER_MOVE,A2_HOLD_AFTER_MOVE_R01_20260611_142122,delta-asda-b3-e,1591,RTSO|SO|OE|VE|QS|TR,1,0,9985,0,13,0.05551,13,0.031083,301,49,4270,2391,6000,,0,,,,holding,normal,0,no_load,none,A2: hold position after move,servo-app/lab-0.1
1781162556.8572853,73.73989510536194,A2_HOLD_AFTER_MOVE,A2_HOLD_AFTER_MOVE_R01_20260611_142122,delta-asda-b3-e,1591,RTSO|SO|OE|VE|QS|TR,1,0,9987,0,13,0.05551,14,0.033474,301,49,4270,2391,6000,,0,,,,holding,normal,0,no_load,none,A2: hold position after move,servo-app/lab-0.1
1781162556.9574802,73.84009003639221,A2_HOLD_AFTER_MOVE,A2_HOLD_AFTER_MOVE_R01_20260611_142122,delta-asda-b3-e,1591,RTSO|SO|OE|VE|QS|TR,1,0,9991,0,13,0.05551,14,0.033474,301,49,4270,2391,6000,,0,,,,holding,normal,0,no_load,none,A2: hold position after move,servo-app/lab-0.1
1781162557.0578017,73.94041156768799,A2_HOLD_AFTER_MOVE,A2_HOLD_AFTER_MOVE_R01_20260611_142122,delta-asda-b3-e,1591,RTSO|SO|OE|VE|QS|TR,1,0,9985,0,13,0.05551,14,0.033474,301,49,4270,2391,6000,,0,,,,holding,normal,0,no_load,none,A2: hold position after move,servo-app/lab-0.1
1781162557.1586993,74.04130911827087,A2_HOLD_AFTER_MOVE,A2_HOLD_AFTER_MOVE_R01_20260611_142122,delta-asda-b3-e,1591,RTSO|SO|OE|VE|QS|TR,1,0,9973,0,13,0.05551,12,0.028692,301,49,4270,2391,6000,,0,,,,holding,normal,0,no_load,none,A2: hold position after move,servo-app/lab-0.1
1781162557.2588918,74.14150166511536,A2_HOLD_AFTER_MOVE,A2_HOLD_AFTER_MOVE_R01_20260611_142122,delta-asda-b3-e,1591,RTSO|SO|OE|VE|QS|TR,1,0,9987,0,13,0.05551,13,0.031083,301,49,4270,2391,6000,,0,,,,holding,normal,0,no_load,none,A2: hold position after move,servo-app/lab-0.1
1781162557.3590958,74.24170565605164,A2_HOLD_AFTER_MOVE,A2_HOLD_AFTER_MOVE_R01_20260611_142122,delta-asda-b3-e,1591,RTSO|SO|OE|VE|QS|TR,1,0,9985,0,13,0.05551,13,0.031083,301,49,4270,2391,6000,,0,,,,holding,normal,0,no_load,none,A2: hold position after move,servo-app/lab-0.1
1781162557.4594545,74.34206438064575,A2_HOLD_AFTER_MOVE,A2_HOLD_AFTER_MOVE_R01_20260611_142122,delta-asda-b3-e,1591,RTSO|SO|OE|VE|QS|TR,1,0,9985,0,13,0.05551,13,0.031083,301,49,4270,2391,6000,,0,,,,holding,normal,0,no_load,none,A2: hold position after move,servo-app/lab-0.1
1781162557.5597003,74.44231009483337,A2_HOLD_AFTER_MOVE,A2_HOLD_AFTER_MOVE_R01_20260611_142122,delta-asda-b3-e,1591,RTSO|SO|OE|VE|QS|TR,1,0,9985,0,13,0.05551,13,0.031083,301,49,4270,2391,6000,,0,,,,holding,normal,0,no_load,none,A2: hold position after move,servo-app/lab-0.1
1781162557.6602583,74.54286813735962,A2_HOLD_AFTER_MOVE,A2_HOLD_AFTER_MOVE_R01_20260611_142122,delta-asda-b3-e,1591,RTSO|SO|OE|VE|QS|TR,1,0,9985,0,13,0.05551,13,0.031083,301,49,4270,2391,6000,,0,,,,holding,normal,0,no_load,none,A2: hold position after move,servo-app/lab-0.1
1781162557.7604809,74.64309072494507,A2_HOLD_AFTER_MOVE,A2_HOLD_AFTER_MOVE_R01_20260611_142122,delta-asda-b3-e,1591,RTSO|SO|OE|VE|QS|TR,1,0,9981,0,13,0.05551,13,0.031083,301,49,4270,2391,6000,,0,,,,holding,normal,0,no_load,none,A2: hold position after move,servo-app/lab-0.1
1781162557.8607311,74.7433409690857,A2_HOLD_AFTER_MOVE,A2_HOLD_AFTER_MOVE_R01_20260611_142122,delta-asda-b3-e,1591,RTSO|SO|OE|VE|QS|TR,1,0,9985,0,13,0.05551,13,0.031083,301,49,4270,2391,6000,,0,,,,holding,normal,0,no_load,none,A2: hold position after move,servo-app/lab-0.1
1781162557.9607968,74.8434066772461,A2_HOLD_AFTER_MOVE,A2_HOLD_AFTER_MOVE_R01_20260611_142122,delta-asda-b3-e,1591,RTSO|SO|OE|VE|QS|TR,1,0,9985,0,13,0.05551,14,0.033474,301,49,4270,2391,6000,,0,,,,holding,normal,0,no_load,none,A2: hold position after move,servo-app/lab-0.1
1781162558.0611029,74.94371271133423,A2_HOLD_AFTER_MOVE,A2_HOLD_AFTER_MOVE_R01_20260611_142122,delta-asda-b3-e,1591,RTSO|SO|OE|VE|QS|TR,1,0,9991,0,13,0.05551,13,0.031083,301,49,4270,2391,6000,,0,,,,holding,normal,0,no_load,none,A2: hold position after move,servo-app/lab-0.1
1781162558.1621735,75.04478335380554,A2_HOLD_AFTER_MOVE,A2_HOLD_AFTER_MOVE_R01_20260611_142122,delta-asda-b3-e,1591,RTSO|SO|OE|VE|QS|TR,1,0,10009,0,13,0.05551,13,0.031083,301,49,4270,2391,6000,,0,,,,holding,normal,0,no_load,none,A2: hold position after move,servo-app/lab-0.1
1781162558.2622414,75.14485120773315,A2_HOLD_AFTER_MOVE,A2_HOLD_AFTER_MOVE_R01_20260611_142122,delta-asda-b3-e,1591,RTSO|SO|OE|VE|QS|TR,1,0,10015,0,13,0.05551,14,0.033474,301,49,4270,2391,6000,,0,,,,holding,normal,0,no_load,none,A2: hold position after move,servo-app/lab-0.1
1781162558.362565,75.24517488479614,A2_HOLD_AFTER_MOVE,A2_HOLD_AFTER_MOVE_R01_20260611_142122,delta-asda-b3-e,1591,RTSO|SO|OE|VE|QS|TR,1,0,10015,0,13,0.05551,13,0.031083,301,49,4270,2391,6000,,0,,,,holding,normal,0,no_load,none,A2: hold position after move,servo-app/lab-0.1
1781162558.4636495,75.34625935554504,A2_HOLD_AFTER_MOVE,A2_HOLD_AFTER_MOVE_R01_20260611_142122,delta-asda-b3-e,1591,RTSO|SO|OE|VE|QS|TR,1,0,10035,0,12,0.05124,13,0.031083,301,49,4270,2391,6000,,0,,,,holding,normal,0,no_load,none,A2: hold position after move,servo-app/lab-0.1
1781162558.563991,75.44660091400146,A2_HOLD_AFTER_MOVE,A2_HOLD_AFTER_MOVE_R01_20260611_142122,delta-asda-b3-e,1591,RTSO|SO|OE|VE|QS|TR,1,0,10031,0,13,0.05551,13,0.031083,301,49,4270,2391,6000,,0,,,,holding,normal,0,no_load,none,A2: hold position after move,servo-app/lab-0.1
1781162558.6653557,75.54796552658081,A2_HOLD_AFTER_MOVE,A2_HOLD_AFTER_MOVE_R01_20260611_142122,delta-asda-b3-e,1591,RTSO|SO|OE|VE|QS|TR,1,0,9997,0,14,0.05978,13,0.031083,301,49,4270,2391,6000,,0,,,,holding,normal,0,no_load,none,A2: hold position after move,servo-app/lab-0.1
1781162558.765955,75.64856481552124,A2_HOLD_AFTER_MOVE,A2_HOLD_AFTER_MOVE_R01_20260611_142122,delta-asda-b3-e,1591,RTSO|SO|OE|VE|QS|TR,1,0,10005,0,13,0.05551,13,0.031083,301,49,4270,2391,6000,,0,,,,holding,normal,0,no_load,none,A2: hold position after move,servo-app/lab-0.1
1781162558.8665283,75.74913811683655,A2_HOLD_AFTER_MOVE,A2_HOLD_AFTER_MOVE_R01_20260611_142122,delta-asda-b3-e,1591,RTSO|SO|OE|VE|QS|TR,1,0,9987,0,13,0.05551,13,0.031083,301,49,4270,2391,6000,,0,,,,holding,normal,0,no_load,none,A2: hold position after move,servo-app/lab-0.1
1781162558.9669843,75.84959411621094,A2_HOLD_AFTER_MOVE,A2_HOLD_AFTER_MOVE_R01_20260611_142122,delta-asda-b3-e,1591,RTSO|SO|OE|VE|QS|TR,1,0,9987,0,13,0.05551,13,0.031083,301,49,4270,2391,6000,,0,,,,holding,normal,0,no_load,none,A2: hold position after move,servo-app/lab-0.1
1781162559.0675955,75.95020532608032,A2_HOLD_AFTER_MOVE,A2_HOLD_AFTER_MOVE_R01_20260611_142122,delta-asda-b3-e,1591,RTSO|SO|OE|VE|QS|TR,1,0,9987,0,13,0.05551,13,0.031083,301,49,4270,2391,6000,,0,,,,holding,normal,0,no_load,none,A2: hold position after move,servo-app/lab-0.1
1781162559.167972,76.05058193206787,A2_HOLD_AFTER_MOVE,A2_HOLD_AFTER_MOVE_R01_20260611_142122,delta-asda-b3-e,1591,RTSO|SO|OE|VE|QS|TR,1,0,9985,0,13,0.05551,13,0.031083,301,49,4270,2391,6000,,0,,,,holding,normal,0,no_load,none,A2: hold position after move,servo-app/lab-0.1
1781162559.26878,76.15138983726501,A2_HOLD_AFTER_MOVE,A2_HOLD_AFTER_MOVE_R01_20260611_142122,delta-asda-b3-e,1591,RTSO|SO|OE|VE|QS|TR,1,0,9973,0,14,0.05978,13,0.031083,301,49,4270,2391,6000,,0,,,,holding,normal,0,no_load,none,A2: hold position after move,servo-app/lab-0.1
1781162559.3688571,76.25146698951721,A2_HOLD_AFTER_MOVE,A2_HOLD_AFTER_MOVE_R01_20260611_142122,delta-asda-b3-e,1591,RTSO|SO|OE|VE|QS|TR,1,0,9985,0,13,0.05551,13,0.031083,301,49,4270,2391,6000,,0,,,,holding,normal,0,no_load,none,A2: hold position after move,servo-app/lab-0.1
1781162559.4692442,76.35185408592224,A2_HOLD_AFTER_MOVE,A2_HOLD_AFTER_MOVE_R01_20260611_142122,delta-asda-b3-e,1591,RTSO|SO|OE|VE|QS|TR,1,0,9987,0,13,0.05551,13,0.031083,301,49,4270,2391,6000,,0,,,,holding,normal,0,no_load,none,A2: hold position after move,servo-app/lab-0.1
1781162559.5693834,76.451993227005,A2_HOLD_AFTER_MOVE,A2_HOLD_AFTER_MOVE_R01_20260611_142122,delta-asda-b3-e,1591,RTSO|SO|OE|VE|QS|TR,1,0,9985,0,13,0.05551,13,0.031083,301,49,4270,2391,6000,,0,,,,holding,normal,0,no_load,none,A2: hold position after move,servo-app/lab-0.1
1781162559.669768,76.55237793922424,A2_HOLD_AFTER_MOVE,A2_HOLD_AFTER_MOVE_R01_20260611_142122,delta-asda-b3-e,1591,RTSO|SO|OE|VE|QS|TR,1,0,9993,0,13,0.05551,13,0.031083,301,49,4270,2391,6000,,0,,,,holding,normal,0,no_load,none,A2: hold position after move,servo-app/lab-0.1
1781162559.7702587,76.6528685092926,A2_HOLD_AFTER_MOVE,A2_HOLD_AFTER_MOVE_R01_20260611_142122,delta-asda-b3-e,1591,RTSO|SO|OE|VE|QS|TR,1,0,9985,0,13,0.05551,13,0.031083,301,49,4270,2391,6000,,0,,,,holding,normal,0,no_load,none,A2: hold position after move,servo-app/lab-0.1
1781162559.8707964,76.75340628623962,A2_HOLD_AFTER_MOVE,A2_HOLD_AFTER_MOVE_R01_20260611_142122,delta-asda-b3-e,1591,RTSO|SO|OE|VE|QS|TR,1,0,9973,0,12,0.05124,12,0.028692,301,49,4270,2391,6000,,0,,,,holding,normal,0,no_load,none,A2: hold position after move,servo-app/lab-0.1
1781162559.9712925,76.8539023399353,A2_HOLD_AFTER_MOVE,A2_HOLD_AFTER_MOVE_R01_20260611_142122,delta-asda-b3-e,1591,RTSO|SO|OE|VE|QS|TR,1,0,9997,0,13,0.05551,14,0.033474,301,49,4270,2391,6000,,0,,,,holding,normal,0,no_load,none,A2: hold position after move,servo-app/lab-0.1
1781162560.0720985,76.95470833778381,A2_HOLD_AFTER_MOVE,A2_HOLD_AFTER_MOVE_R01_20260611_142122,delta-asda-b3-e,1591,RTSO|SO|OE|VE|QS|TR,1,0,9991,0,12,0.05124,13,0.031083,301,49,4270,2391,6000,,0,,,,holding,normal,0,no_load,none,A2: hold position after move,servo-app/lab-0.1
1781162560.1725485,77.05515837669373,A2_HOLD_AFTER_MOVE,A2_HOLD_AFTER_MOVE_R01_20260611_142122,delta-asda-b3-e,1591,RTSO|SO|OE|VE|QS|TR,1,0,10015,0,13,0.05551,13,0.031083,301,49,4270,2391,6000,,0,,,,holding,normal,0,no_load,none,A2: hold position after move,servo-app/lab-0.1
1781162560.272871,77.15548086166382,A2_HOLD_AFTER_MOVE,A2_HOLD_AFTER_MOVE_R01_20260611_142122,delta-asda-b3-e,1591,RTSO|SO|OE|VE|QS|TR,1,0,10009,0,13,0.05551,13,0.031083,301,49,4270,2391,6000,,0,,,,holding,normal,0,no_load,none,A2: hold position after move,servo-app/lab-0.1
1781162560.372981,77.25559091567993,A2_HOLD_AFTER_MOVE,A2_HOLD_AFTER_MOVE_R01_20260611_142122,delta-asda-b3-e,1591,RTSO|SO|OE|VE|QS|TR,1,0,10031,0,13,0.05551,13,0.031083,301,49,4270,2391,6000,,0,,,,holding,normal,0,no_load,none,A2: hold position after move,servo-app/lab-0.1
1781162560.4734886,77.35609841346741,A2_HOLD_AFTER_MOVE,A2_HOLD_AFTER_MOVE_R01_20260611_142122,delta-asda-b3-e,1591,RTSO|SO|OE|VE|QS|TR,1,0,10031,0,13,0.05551,13,0.031083,301,49,4270,2391,6000,,0,,,,holding,normal,0,no_load,none,A2: hold position after move,servo-app/lab-0.1
1781162560.57381,77.45641994476318,A2_HOLD_AFTER_MOVE,A2_HOLD_AFTER_MOVE_R01_20260611_142122,delta-asda-b3-e,1591,RTSO|SO|OE|VE|QS|TR,1,0,10031,0,13,0.05551,13,0.031083,301,49,4270,2391,6000,,0,,,,holding,normal,0,no_load,none,A2: hold position after move,servo-app/lab-0.1
1781162560.6746657,77.55727553367615,A2_HOLD_AFTER_MOVE,A2_HOLD_AFTER_MOVE_R01_20260611_142122,delta-asda-b3-e,1591,RTSO|SO|OE|VE|QS|TR,1,0,10015,0,12,0.05124,12,0.028692,301,49,4270,2391,6000,,0,,,,holding,normal,0,no_load,none,A2: hold position after move,servo-app/lab-0.1
1781162560.7753618,77.65797162055969,A2_HOLD_AFTER_MOVE,A2_HOLD_AFTER_MOVE_R01_20260611_142122,delta-asda-b3-e,1591,RTSO|SO|OE|VE|QS|TR,1,0,10005,0,13,0.05551,13,0.031083,301,49,4270,2391,6000,,0,,,,holding,normal,0,no_load,none,A2: hold position after move,servo-app/lab-0.1
1781162560.876131,77.75874090194702,A2_HOLD_AFTER_MOVE,A2_HOLD_AFTER_MOVE_R01_20260611_142122,delta-asda-b3-e,1591,RTSO|SO|OE|VE|QS|TR,1,0,9987,0,13,0.05551,13,0.031083,301,49,4270,2391,6000,,0,,,,holding,normal,0,no_load,none,A2: hold position after move,servo-app/lab-0.1
1781162560.9763653,77.85897517204285,A2_HOLD_AFTER_MOVE,A2_HOLD_AFTER_MOVE_R01_20260611_142122,delta-asda-b3-e,1591,RTSO|SO|OE|VE|QS|TR,1,0,9987,0,13,0.05551,14,0.033474,301,49,4270,2391,6000,,0,,,,holding,normal,0,no_load,none,A2: hold position after move,servo-app/lab-0.1
1781162561.07662,77.95922994613647,A2_HOLD_AFTER_MOVE,A2_HOLD_AFTER_MOVE_R01_20260611_142122,delta-asda-b3-e,1591,RTSO|SO|OE|VE|QS|TR,1,0,9987,0,13,0.05551,13,0.031083,301,49,4270,2391,6000,,0,,,,holding,normal,0,no_load,none,A2: hold position after move,servo-app/lab-0.1
1781162561.1769898,78.05959963798523,A2_HOLD_AFTER_MOVE,A2_HOLD_AFTER_MOVE_R01_20260611_142122,delta-asda-b3-e,1591,RTSO|SO|OE|VE|QS|TR,1,0,9997,0,14,0.05978,13,0.031083,301,49,4270,2391,6000,,0,,,,holding,normal,0,no_load,none,A2: hold position after move,servo-app/lab-0.1
1781162561.2772949,78.15990471839905,A2_HOLD_AFTER_MOVE,A2_HOLD_AFTER_MOVE_R01_20260611_142122,delta-asda-b3-e,1591,RTSO|SO|OE|VE|QS|TR,1,0,9987,0,14,0.05978,13,0.031083,301,49,4270,2391,6000,,0,,,,holding,normal,0,no_load,none,A2: hold position after move,servo-app/lab-0.1
1781162561.377517,78.26012682914734,A2_HOLD_AFTER_MOVE,A2_HOLD_AFTER_MOVE_R01_20260611_142122,delta-asda-b3-e,1591,RTSO|SO|OE|VE|QS|TR,1,0,9987,0,13,0.05551,13,0.031083,301,49,4270,2391,6000,,0,,,,holding,normal,0,no_load,none,A2: hold position after move,servo-app/lab-0.1
1781162561.4781911,78.3608009815216,A2_HOLD_AFTER_MOVE,A2_HOLD_AFTER_MOVE_R01_20260611_142122,delta-asda-b3-e,1591,RTSO|SO|OE|VE|QS|TR,1,0,9985,0,13,0.05551,13,0.031083,301,49,4270,2391,6000,,0,,,,holding,normal,0,no_load,none,A2: hold position after move,servo-app/lab-0.1
1781162561.5789115,78.46152138710022,A2_HOLD_AFTER_MOVE,A2_HOLD_AFTER_MOVE_R01_20260611_142122,delta-asda-b3-e,1591,RTSO|SO|OE|VE|QS|TR,1,0,9985,0,12,0.05124,14,0.033474,301,49,4270,2391,6000,,0,,,,holding,normal,0,no_load,none,A2: hold position after move,servo-app/lab-0.1
1781162561.6794221,78.56203198432922,A2_HOLD_AFTER_MOVE,A2_HOLD_AFTER_MOVE_R01_20260611_142122,delta-asda-b3-e,1591,RTSO|SO|OE|VE|QS|TR,1,0,9985,0,14,0.05978,13,0.031083,301,49,4270,2391,6000,,0,,,,holding,normal,0,no_load,none,A2: hold position after move,servo-app/lab-0.1
1781162561.7799037,78.66251349449158,A2_HOLD_AFTER_MOVE,A2_HOLD_AFTER_MOVE_R01_20260611_142122,delta-asda-b3-e,1591,RTSO|SO|OE|VE|QS|TR,1,0,9991,0,13,0.05551,13,0.031083,302,49,4270,2391,6000,,0,,,,holding,normal,0,no_load,none,A2: hold position after move,servo-app/lab-0.1
1781162561.880022,78.76263189315796,A2_HOLD_AFTER_MOVE,A2_HOLD_AFTER_MOVE_R01_20260611_142122,delta-asda-b3-e,1591,RTSO|SO|OE|VE|QS|TR,1,0,9985,0,14,0.05978,13,0.031083,301,49,4270,2391,6000,,0,,,,holding,normal,0,no_load,none,A2: hold position after move,servo-app/lab-0.1
1781162561.9803727,78.86298251152039,A2_HOLD_AFTER_MOVE,A2_HOLD_AFTER_MOVE_R01_20260611_142122,delta-asda-b3-e,1591,RTSO|SO|OE|VE|QS|TR,1,0,9987,0,13,0.05551,13,0.031083,301,49,4270,2391,6000,,0,,,,holding,normal,0,no_load,none,A2: hold position after move,servo-app/lab-0.1
1781162562.080657,78.96326684951782,A2_HOLD_AFTER_MOVE,A2_HOLD_AFTER_MOVE_R01_20260611_142122,delta-asda-b3-e,1591,RTSO|SO|OE|VE|QS|TR,1,0,9985,0,13,0.05551,13,0.031083,301,49,4270,2391,6000,,0,,,,holding,normal,0,no_load,none,A2: hold position after move,servo-app/lab-0.1
1781162562.1809356,79.06354546546936,A2_HOLD_AFTER_MOVE,A2_HOLD_AFTER_MOVE_R01_20260611_142122,delta-asda-b3-e,1591,RTSO|SO|OE|VE|QS|TR,1,0,9985,0,13,0.05551,14,0.033474,301,49,4270,2391,6000,,0,,,,holding,normal,0,no_load,none,A2: hold position after move,servo-app/lab-0.1
1781162562.2811801,79.16378998756409,A2_HOLD_AFTER_MOVE,A2_HOLD_AFTER_MOVE_R01_20260611_142122,delta-asda-b3-e,1591,RTSO|SO|OE|VE|QS|TR,1,0,9979,0,13,0.05551,14,0.033474,301,49,4270,2391,6000,,0,,,,holding,normal,0,no_load,none,A2: hold position after move,servo-app/lab-0.1
1781162562.381541,79.26415085792542,A2_HOLD_AFTER_MOVE,A2_HOLD_AFTER_MOVE_R01_20260611_142122,delta-asda-b3-e,1591,RTSO|SO|OE|VE|QS|TR,1,0,10005,0,13,0.05551,13,0.031083,301,49,4270,2391,6000,,0,,,,holding,normal,0,no_load,none,A2: hold position after move,servo-app/lab-0.1
1781162562.4817665,79.36437630653381,A2_HOLD_AFTER_MOVE,A2_HOLD_AFTER_MOVE_R01_20260611_142122,delta-asda-b3-e,1591,RTSO|SO|OE|VE|QS|TR,1,0,10009,0,14,0.05978,14,0.033474,301,49,4270,2391,6000,,0,,,,holding,normal,0,no_load,none,A2: hold position after move,servo-app/lab-0.1
1781162562.5828366,79.46544647216797,A2_HOLD_AFTER_MOVE,A2_HOLD_AFTER_MOVE_R01_20260611_142122,delta-asda-b3-e,1591,RTSO|SO|OE|VE|QS|TR,1,0,9991,0,13,0.05551,13,0.031083,301,49,4270,2391,6000,,0,,,,holding,normal,0,no_load,none,A2: hold position after move,servo-app/lab-0.1
1781162562.683802,79.56641173362732,A2_HOLD_AFTER_MOVE,A2_HOLD_AFTER_MOVE_R01_20260611_142122,delta-asda-b3-e,1591,RTSO|SO|OE|VE|QS|TR,1,0,10035,0,13,0.05551,13,0.031083,301,49,4270,2391,6000,,0,,,,holding,normal,0,no_load,none,A2: hold position after move,servo-app/lab-0.1
1781162562.7841914,79.66680121421814,A2_HOLD_AFTER_MOVE,A2_HOLD_AFTER_MOVE_R01_20260611_142122,delta-asda-b3-e,1591,RTSO|SO|OE|VE|QS|TR,1,0,10009,0,13,0.05551,13,0.031083,301,49,4270,2391,6000,,0,,,,holding,normal,0,no_load,none,A2: hold position after move,servo-app/lab-0.1
1781162562.8845289,79.76713871955872,A2_HOLD_AFTER_MOVE,A2_HOLD_AFTER_MOVE_R01_20260611_142122,delta-asda-b3-e,1591,RTSO|SO|OE|VE|QS|TR,1,0,10019,0,13,0.05551,13,0.031083,301,49,4270,2391,6000,,0,,,,holding,normal,0,no_load,none,A2: hold position after move,servo-app/lab-0.1
1781162562.9848106,79.86742043495178,A2_HOLD_AFTER_MOVE,A2_HOLD_AFTER_MOVE_R01_20260611_142122,delta-asda-b3-e,1591,RTSO|SO|OE|VE|QS|TR,1,0,10009,0,12,0.05124,13,0.031083,301,49,4270,2391,6000,,0,,,,holding,normal,0,no_load,none,A2: hold position after move,servo-app/lab-0.1
1781162563.0852056,79.96781539916992,A2_HOLD_AFTER_MOVE,A2_HOLD_AFTER_MOVE_R01_20260611_142122,delta-asda-b3-e,1591,RTSO|SO|OE|VE|QS|TR,1,0,10015,0,13,0.05551,14,0.033474,301,49,4270,2391,6000,,0,,,,holding,normal,0,no_load,none,A2: hold position after move,servo-app/lab-0.1
1781162563.1853101,80.06791996955872,A2_HOLD_AFTER_MOVE,A2_HOLD_AFTER_MOVE_R01_20260611_142122,delta-asda-b3-e,1591,RTSO|SO|OE|VE|QS|TR,1,0,9993,0,13,0.05551,12,0.028692,301,49,4270,2391,6000,,0,,,,holding,normal,0,no_load,none,A2: hold position after move,servo-app/lab-0.1
1781162563.2857904,80.16840028762817,A2_HOLD_AFTER_MOVE,A2_HOLD_AFTER_MOVE_R01_20260611_142122,delta-asda-b3-e,1591,RTSO|SO|OE|VE|QS|TR,1,0,10005,0,14,0.05978,13,0.031083,301,49,4270,2391,6000,,0,,,,holding,normal,0,no_load,none,A2: hold position after move,servo-app/lab-0.1
1781162563.3864012,80.2690110206604,A2_HOLD_AFTER_MOVE,A2_HOLD_AFTER_MOVE_R01_20260611_142122,delta-asda-b3-e,1591,RTSO|SO|OE|VE|QS|TR,1,0,9981,0,13,0.05551,14,0.033474,301,49,4270,2391,6000,,0,,,,holding,normal,0,no_load,none,A2: hold position after move,servo-app/lab-0.1
1781162563.4864774,80.36908721923828,A2_HOLD_AFTER_MOVE,A2_HOLD_AFTER_MOVE_R01_20260611_142122,delta-asda-b3-e,1591,RTSO|SO|OE|VE|QS|TR,1,0,9985,0,13,0.05551,13,0.031083,301,49,4270,2391,6000,,0,,,,holding,normal,0,no_load,none,A2: hold position after move,servo-app/lab-0.1
1781162563.586754,80.46936392784119,A2_HOLD_AFTER_MOVE,A2_HOLD_AFTER_MOVE_R01_20260611_142122,delta-asda-b3-e,1591,RTSO|SO|OE|VE|QS|TR,1,0,9987,0,14,0.05978,13,0.031083,301,49,4270,2391,6000,,0,,,,holding,normal,0,no_load,none,A2: hold position after move,servo-app/lab-0.1
1781162563.6870446,80.56965446472168,A2_HOLD_AFTER_MOVE,A2_HOLD_AFTER_MOVE_R01_20260611_142122,delta-asda-b3-e,1591,RTSO|SO|OE|VE|QS|TR,1,0,9985,0,13,0.05551,14,0.033474,301,49,4270,2391,6000,,0,,,,holding,normal,0,no_load,none,A2: hold position after move,servo-app/lab-0.1
1781162563.7875023,80.67011213302612,A2_HOLD_AFTER_MOVE,A2_HOLD_AFTER_MOVE_R01_20260611_142122,delta-asda-b3-e,1591,RTSO|SO|OE|VE|QS|TR,1,0,9973,0,12,0.05124,13,0.031083,301,49,4270,2391,6000,,0,,,,holding,normal,0,no_load,none,A2: hold position after move,servo-app/lab-0.1
1781162563.88844,80.7710497379303,A2_HOLD_AFTER_MOVE,A2_HOLD_AFTER_MOVE_R01_20260611_142122,delta-asda-b3-e,1591,RTSO|SO|OE|VE|QS|TR,1,0,9987,0,13,0.05551,14,0.033474,301,49,4270,2391,6000,,0,,,,holding,normal,0,no_load,none,A2: hold position after move,servo-app/lab-0.1
1781162563.9888465,80.87145638465881,A2_HOLD_AFTER_MOVE,A2_HOLD_AFTER_MOVE_R01_20260611_142122,delta-asda-b3-e,1591,RTSO|SO|OE|VE|QS|TR,1,0,9987,0,13,0.05551,13,0.031083,301,49,4270,2391,6000,,0,,,,holding,normal,0,no_load,none,A2: hold position after move,servo-app/lab-0.1
1781162564.0898757,80.97248554229736,A2_HOLD_AFTER_MOVE,A2_HOLD_AFTER_MOVE_R01_20260611_142122,delta-asda-b3-e,1591,RTSO|SO|OE|VE|QS|TR,1,0,9981,0,12,0.05124,12,0.028692,301,49,4270,2391,6000,,0,,,,holding,normal,0,no_load,none,A2: hold position after move,servo-app/lab-0.1
1781162564.1900728,81.07268261909485,A2_HOLD_AFTER_MOVE,A2_HOLD_AFTER_MOVE_R01_20260611_142122,delta-asda-b3-e,1591,RTSO|SO|OE|VE|QS|TR,1,0,9985,0,13,0.05551,13,0.031083,301,49,4270,2391,6000,,0,,,,holding,normal,0,no_load,none,A2: hold position after move,servo-app/lab-0.1
1781162564.2908993,81.17350912094116,A2_HOLD_AFTER_MOVE,A2_HOLD_AFTER_MOVE_R01_20260611_142122,delta-asda-b3-e,1591,RTSO|SO|OE|VE|QS|TR,1,0,9991,0,13,0.05551,14,0.033474,301,49,4270,2391,6000,,0,,,,holding,normal,0,no_load,none,A2: hold position after move,servo-app/lab-0.1
1781162564.3910387,81.2736485004425,A2_HOLD_AFTER_MOVE,A2_HOLD_AFTER_MOVE_R01_20260611_142122,delta-asda-b3-e,1591,RTSO|SO|OE|VE|QS|TR,1,0,9985,0,13,0.05551,13,0.031083,301,49,4270,2391,6000,,0,,,,holding,normal,0,no_load,none,A2: hold position after move,servo-app/lab-0.1
1781162564.4911165,81.37372636795044,A2_HOLD_AFTER_MOVE,A2_HOLD_AFTER_MOVE_R01_20260611_142122,delta-asda-b3-e,1591,RTSO|SO|OE|VE|QS|TR,1,0,9985,0,13,0.05551,13,0.031083,301,49,4270,2391,6000,,0,,,,holding,normal,0,no_load,none,A2: hold position after move,servo-app/lab-0.1
1781162564.591879,81.47448873519897,A2_HOLD_AFTER_MOVE,A2_HOLD_AFTER_MOVE_R01_20260611_142122,delta-asda-b3-e,1591,RTSO|SO|OE|VE|QS|TR,1,0,10013,0,13,0.05551,13,0.031083,301,49,4270,2391,6000,,0,,,,holding,normal,0,no_load,none,A2: hold position after move,servo-app/lab-0.1
1781162564.6922839,81.57489371299744,A2_HOLD_AFTER_MOVE,A2_HOLD_AFTER_MOVE_R01_20260611_142122,delta-asda-b3-e,1591,RTSO|SO|OE|VE|QS|TR,1,0,10023,0,13,0.05551,13,0.031083,301,49,4270,2391,6000,,0,,,,holding,normal,0,no_load,none,A2: hold position after move,servo-app/lab-0.1
1781162564.792604,81.67521381378174,A2_HOLD_AFTER_MOVE,A2_HOLD_AFTER_MOVE_R01_20260611_142122,delta-asda-b3-e,1591,RTSO|SO|OE|VE|QS|TR,1,0,10031,0,13,0.05551,13,0.031083,301,49,4270,2391,6000,,0,,,,holding,normal,0,no_load,none,A2: hold position after move,servo-app/lab-0.1
1781162564.8927262,81.77533602714539,A2_HOLD_AFTER_MOVE,A2_HOLD_AFTER_MOVE_R01_20260611_142122,delta-asda-b3-e,1591,RTSO|SO|OE|VE|QS|TR,1,0,10031,0,13,0.05551,13,0.031083,301,49,4270,2391,6000,,0,,,,holding,normal,0,no_load,none,A2: hold position after move,servo-app/lab-0.1
1781162564.993242,81.87585186958313,A2_HOLD_AFTER_MOVE,A2_HOLD_AFTER_MOVE_R01_20260611_142122,delta-asda-b3-e,1591,RTSO|SO|OE|VE|QS|TR,1,0,10023,0,13,0.05551,13,0.031083,301,49,4270,2391,6000,,0,,,,holding,normal,0,no_load,none,A2: hold position after move,servo-app/lab-0.1
1781162565.0935283,81.9761381149292,A2_HOLD_AFTER_MOVE,A2_HOLD_AFTER_MOVE_R01_20260611_142122,delta-asda-b3-e,1591,RTSO|SO|OE|VE|QS|TR,1,0,10035,0,13,0.05551,13,0.031083,301,49,4270,2391,6000,,0,,,,holding,normal,0,no_load,none,A2: hold position after move,servo-app/lab-0.1
1781162565.193894,82.07650375366211,A2_HOLD_AFTER_MOVE,A2_HOLD_AFTER_MOVE_R01_20260611_142122,delta-asda-b3-e,1591,RTSO|SO|OE|VE|QS|TR,1,0,10041,0,13,0.05551,13,0.031083,301,49,4270,2391,6000,,0,,,,holding,normal,0,no_load,none,A2: hold position after move,servo-app/lab-0.1
1781162565.294174,82.17678380012512,A2_HOLD_AFTER_MOVE,A2_HOLD_AFTER_MOVE_R01_20260611_142122,delta-asda-b3-e,1591,RTSO|SO|OE|VE|QS|TR,1,0,10031,0,12,0.05124,13,0.031083,301,49,4270,2391,6000,,0,,,,holding,normal,0,no_load,none,A2: hold position after move,servo-app/lab-0.1
1781162565.3943996,82.2770094871521,A2_HOLD_AFTER_MOVE,A2_HOLD_AFTER_MOVE_R01_20260611_142122,delta-asda-b3-e,1591,RTSO|SO|OE|VE|QS|TR,1,0,10009,0,14,0.05978,13,0.031083,301,49,4270,2391,6000,,0,,,,holding,normal,0,no_load,none,A2: hold position after move,servo-app/lab-0.1
1781162565.4947743,82.37738418579102,A2_HOLD_AFTER_MOVE,A2_HOLD_AFTER_MOVE_R01_20260611_142122,delta-asda-b3-e,1591,RTSO|SO|OE|VE|QS|TR,1,0,10019,0,13,0.05551,13,0.031083,301,49,4270,2391,6000,,0,,,,holding,normal,0,no_load,none,A2: hold position after move,servo-app/lab-0.1
1781162565.595316,82.4779257774353,A2_HOLD_AFTER_MOVE,A2_HOLD_AFTER_MOVE_R01_20260611_142122,delta-asda-b3-e,1591,RTSO|SO|OE|VE|QS|TR,1,0,9985,0,13,0.05551,13,0.031083,301,49,4270,2391,6000,,0,,,,holding,normal,0,no_load,none,A2: hold position after move,servo-app/lab-0.1
1781162565.6961327,82.57874250411987,A2_HOLD_AFTER_MOVE,A2_HOLD_AFTER_MOVE_R01_20260611_142122,delta-asda-b3-e,1591,RTSO|SO|OE|VE|QS|TR,1,0,9987,0,13,0.05551,13,0.031083,301,49,4270,2391,6000,,0,,,,holding,normal,0,no_load,none,A2: hold position after move,servo-app/lab-0.1
1781162565.796426,82.67903590202332,A2_HOLD_AFTER_MOVE,A2_HOLD_AFTER_MOVE_R01_20260611_142122,delta-asda-b3-e,1591,RTSO|SO|OE|VE|QS|TR,1,0,9985,0,13,0.05551,12,0.028692,301,49,4270,2391,6000,,0,,,,holding,normal,0,no_load,none,A2: hold position after move,servo-app/lab-0.1
1781162565.8965268,82.77913665771484,A2_HOLD_AFTER_MOVE,A2_HOLD_AFTER_MOVE_R01_20260611_142122,delta-asda-b3-e,1591,RTSO|SO|OE|VE|QS|TR,1,0,9991,0,13,0.05551,14,0.033474,301,49,4270,2391,6000,,0,,,,holding,normal,0,no_load,none,A2: hold position after move,servo-app/lab-0.1
1781162565.9968522,82.87946200370789,A2_HOLD_AFTER_MOVE,A2_HOLD_AFTER_MOVE_R01_20260611_142122,delta-asda-b3-e,1591,RTSO|SO|OE|VE|QS|TR,1,0,9987,0,12,0.05124,13,0.031083,301,49,4270,2391,6000,,0,,,,holding,normal,0,no_load,none,A2: hold position after move,servo-app/lab-0.1
1781162566.0973682,82.97997808456421,A2_HOLD_AFTER_MOVE,A2_HOLD_AFTER_MOVE_R01_20260611_142122,delta-asda-b3-e,1591,RTSO|SO|OE|VE|QS|TR,1,0,9991,0,12,0.05124,14,0.033474,301,49,4270,2391,6000,,0,,,,holding,normal,0,no_load,none,A2: hold position after move,servo-app/lab-0.1
1781162566.1977594,83.08036923408508,A2_HOLD_AFTER_MOVE,A2_HOLD_AFTER_MOVE_R01_20260611_142122,delta-asda-b3-e,1591,RTSO|SO|OE|VE|QS|TR,1,0,9985,0,12,0.05124,12,0.028692,301,49,4270,2391,6000,,0,,,,holding,normal,0,no_load,none,A2: hold position after move,servo-app/lab-0.1
1781162566.2982743,83.18088412284851,A2_HOLD_AFTER_MOVE,A2_HOLD_AFTER_MOVE_R01_20260611_142122,delta-asda-b3-e,1591,RTSO|SO|OE|VE|QS|TR,1,0,9985,0,14,0.05978,13,0.031083,301,49,4270,2391,6000,,0,,,,holding,normal,0,no_load,none,A2: hold position after move,servo-app/lab-0.1
1781162566.3983586,83.28096842765808,A2_HOLD_AFTER_MOVE,A2_HOLD_AFTER_MOVE_R01_20260611_142122,delta-asda-b3-e,1591,RTSO|SO|OE|VE|QS|TR,1,0,9985,0,12,0.05124,13,0.031083,301,49,4270,2391,6000,,0,,,,holding,normal,0,no_load,none,A2: hold position after move,servo-app/lab-0.1
1781162566.4988172,83.38142704963684,A2_HOLD_AFTER_MOVE,A2_HOLD_AFTER_MOVE_R01_20260611_142122,delta-asda-b3-e,1591,RTSO|SO|OE|VE|QS|TR,1,0,9973,0,13,0.05551,13,0.031083,301,49,4270,2391,6000,,0,,,,holding,normal,0,no_load,none,A2: hold position after move,servo-app/lab-0.1
1781162566.59919,83.48179984092712,A2_HOLD_AFTER_MOVE,A2_HOLD_AFTER_MOVE_R01_20260611_142122,delta-asda-b3-e,1591,RTSO|SO|OE|VE|QS|TR,1,0,9985,0,13,0.05551,14,0.033474,301,49,4270,2391,6000,,0,,,,holding,normal,0,no_load,none,A2: hold position after move,servo-app/lab-0.1
1781162566.6992695,83.58187937736511,A2_HOLD_AFTER_MOVE,A2_HOLD_AFTER_MOVE_R01_20260611_142122,delta-asda-b3-e,1591,RTSO|SO|OE|VE|QS|TR,1,0,9987,0,13,0.05551,13,0.031083,301,49,4270,2391,6000,,0,,,,holding,normal,0,no_load,none,A2: hold position after move,servo-app/lab-0.1
1781162566.799482,83.68209195137024,A2_HOLD_AFTER_MOVE,A2_HOLD_AFTER_MOVE_R01_20260611_142122,delta-asda-b3-e,1591,RTSO|SO|OE|VE|QS|TR,1,0,9987,0,13,0.05551,13,0.031083,301,49,4270,2391,6000,,0,,,,holding,normal,0,no_load,none,A2: hold position after move,servo-app/lab-0.1
1781162566.8998442,83.78245401382446,A2_HOLD_AFTER_MOVE,A2_HOLD_AFTER_MOVE_R01_20260611_142122,delta-asda-b3-e,1591,RTSO|SO|OE|VE|QS|TR,1,0,9985,0,14,0.05978,13,0.031083,301,49,4270,2391,6000,,0,,,,holding,normal,0,no_load,none,A2: hold position after move,servo-app/lab-0.1
1781162567.0001485,83.88275837898254,A2_HOLD_AFTER_MOVE,A2_HOLD_AFTER_MOVE_R01_20260611_142122,delta-asda-b3-e,1591,RTSO|SO|OE|VE|QS|TR,1,0,9981,0,13,0.05551,13,0.031083,301,49,4270,2391,6000,,0,,,,holding,normal,0,no_load,none,A2: hold position after move,servo-app/lab-0.1
1781162567.1004317,83.98304152488708,A2_HOLD_AFTER_MOVE,A2_HOLD_AFTER_MOVE_R01_20260611_142122,delta-asda-b3-e,1591,RTSO|SO|OE|VE|QS|TR,1,0,9985,0,13,0.05551,13,0.031083,301,49,4270,2391,6000,,0,,,,holding,normal,0,no_load,none,A2: hold position after move,servo-app/lab-0.1
1781162567.2011807,84.08379054069519,A2_HOLD_AFTER_MOVE,A2_HOLD_AFTER_MOVE_R01_20260611_142122,delta-asda-b3-e,1591,RTSO|SO|OE|VE|QS|TR,1,0,10015,0,13,0.05551,14,0.033474,301,49,4270,2391,6000,,0,,,,holding,normal,0,no_load,none,A2: hold position after move,servo-app/lab-0.1
1781162567.301755,84.18436479568481,A2_HOLD_AFTER_MOVE,A2_HOLD_AFTER_MOVE_R01_20260611_142122,delta-asda-b3-e,1591,RTSO|SO|OE|VE|QS|TR,1,0,10009,0,13,0.05551,13,0.031083,301,49,4270,2391,6000,,0,,,,holding,normal,0,no_load,none,A2: hold position after move,servo-app/lab-0.1
1781162567.4022586,84.28486847877502,A2_HOLD_AFTER_MOVE,A2_HOLD_AFTER_MOVE_R01_20260611_142122,delta-asda-b3-e,1591,RTSO|SO|OE|VE|QS|TR,1,0,10005,0,13,0.05551,13,0.031083,301,49,4270,2391,6000,,0,,,,holding,normal,0,no_load,none,A2: hold position after move,servo-app/lab-0.1
1781162567.5031264,84.38573622703552,A2_HOLD_AFTER_MOVE,A2_HOLD_AFTER_MOVE_R01_20260611_142122,delta-asda-b3-e,1591,RTSO|SO|OE|VE|QS|TR,1,0,10031,0,13,0.05551,13,0.031083,302,49,4270,2391,6000,,0,,,,holding,normal,0,no_load,none,A2: hold position after move,servo-app/lab-0.1
1781162567.6037328,84.48634266853333,A2_HOLD_AFTER_MOVE,A2_HOLD_AFTER_MOVE_R01_20260611_142122,delta-asda-b3-e,1591,RTSO|SO|OE|VE|QS|TR,1,0,10045,0,13,0.05551,14,0.033474,301,49,4270,2391,6000,,0,,,,holding,normal,0,no_load,none,A2: hold position after move,servo-app/lab-0.1
1781162567.7045307,84.58714056015015,A2_HOLD_AFTER_MOVE,A2_HOLD_AFTER_MOVE_R01_20260611_142122,delta-asda-b3-e,1591,RTSO|SO|OE|VE|QS|TR,1,0,10009,0,13,0.05551,13,0.031083,301,49,4270,2391,6000,,0,,,,holding,normal,0,no_load,none,A2: hold position after move,servo-app/lab-0.1
1781162567.8046727,84.68728256225586,A2_HOLD_AFTER_MOVE,A2_HOLD_AFTER_MOVE_R01_20260611_142122,delta-asda-b3-e,1591,RTSO|SO|OE|VE|QS|TR,1,0,10013,0,13,0.05551,13,0.031083,301,49,4270,2391,6000,,0,,,,holding,normal,0,no_load,none,A2: hold position after move,servo-app/lab-0.1
1781162567.9050906,84.78770041465759,A2_HOLD_AFTER_MOVE,A2_HOLD_AFTER_MOVE_R01_20260611_142122,delta-asda-b3-e,1591,RTSO|SO|OE|VE|QS|TR,1,0,10009,0,14,0.05978,13,0.031083,302,49,4270,2391,6000,,0,,,,holding,normal,0,no_load,none,A2: hold position after move,servo-app/lab-0.1
1781162568.005189,84.88779878616333,A2_HOLD_AFTER_MOVE,A2_HOLD_AFTER_MOVE_R01_20260611_142122,delta-asda-b3-e,1591,RTSO|SO|OE|VE|QS|TR,1,0,10009,0,14,0.05978,12,0.028692,302,49,4270,2391,6000,,0,,,,holding,normal,0,no_load,none,A2: hold position after move,servo-app/lab-0.1
1781162568.105701,84.98831081390381,A2_HOLD_AFTER_MOVE,A2_HOLD_AFTER_MOVE_R01_20260611_142122,delta-asda-b3-e,1591,RTSO|SO|OE|VE|QS|TR,1,0,9991,0,14,0.05978,13,0.031083,302,49,4270,2391,6000,,0,,,,holding,normal,0,no_load,none,A2: hold position after move,servo-app/lab-0.1
1781162568.2060306,85.08864045143127,A2_HOLD_AFTER_MOVE,A2_HOLD_AFTER_MOVE_R01_20260611_142122,delta-asda-b3-e,1591,RTSO|SO|OE|VE|QS|TR,1,0,10003,0,12,0.05124,13,0.031083,301,49,4270,2391,6000,,0,,,,holding,normal,0,no_load,none,A2: hold position after move,servo-app/lab-0.1
1781162568.306818,85.18942785263062,A2_HOLD_AFTER_MOVE,A2_HOLD_AFTER_MOVE_R01_20260611_142122,delta-asda-b3-e,1591,RTSO|SO|OE|VE|QS|TR,1,0,10005,0,12,0.05124,14,0.033474,302,49,4270,2391,6000,,0,,,,holding,normal,0,no_load,none,A2: hold position after move,servo-app/lab-0.1
1781162568.4073503,85.28996014595032,A2_HOLD_AFTER_MOVE,A2_HOLD_AFTER_MOVE_R01_20260611_142122,delta-asda-b3-e,1591,RTSO|SO|OE|VE|QS|TR,1,0,9991,0,13,0.05551,14,0.033474,301,49,4270,2391,6000,,0,,,,holding,normal,0,no_load,none,A2: hold position after move,servo-app/lab-0.1
1781162568.507623,85.39023280143738,A2_HOLD_AFTER_MOVE,A2_HOLD_AFTER_MOVE_R01_20260611_142122,delta-asda-b3-e,1591,RTSO|SO|OE|VE|QS|TR,1,0,9987,0,13,0.05551,13,0.031083,302,49,4270,2391,6000,,0,,,,holding,normal,0,no_load,none,A2: hold position after move,servo-app/lab-0.1
1781162568.6078548,85.49046468734741,A2_HOLD_AFTER_MOVE,A2_HOLD_AFTER_MOVE_R01_20260611_142122,delta-asda-b3-e,1591,RTSO|SO|OE|VE|QS|TR,1,0,9987,0,13,0.05551,12,0.028692,301,49,4270,2391,6000,,0,,,,holding,normal,0,no_load,none,A2: hold position after move,servo-app/lab-0.1
1781162568.7083821,85.59099197387695,A2_HOLD_AFTER_MOVE,A2_HOLD_AFTER_MOVE_R01_20260611_142122,delta-asda-b3-e,1591,RTSO|SO|OE|VE|QS|TR,1,0,9985,0,13,0.05551,14,0.033474,301,49,4270,2391,6000,,0,,,,holding,normal,0,no_load,none,A2: hold position after move,servo-app/lab-0.1
1781162568.8088305,85.69144034385681,A2_HOLD_AFTER_MOVE,A2_HOLD_AFTER_MOVE_R01_20260611_142122,delta-asda-b3-e,1591,RTSO|SO|OE|VE|QS|TR,1,0,9985,0,14,0.05978,13,0.031083,302,49,4270,2391,6000,,0,,,,holding,normal,0,no_load,none,A2: hold position after move,servo-app/lab-0.1
1781162568.909053,85.79166293144226,A2_HOLD_AFTER_MOVE,A2_HOLD_AFTER_MOVE_R01_20260611_142122,delta-asda-b3-e,1591,RTSO|SO|OE|VE|QS|TR,1,0,9985,0,13,0.05551,13,0.031083,302,49,4270,2391,6000,,0,,,,holding,normal,0,no_load,none,A2: hold position after move,servo-app/lab-0.1
1781162569.009408,85.89201784133911,A2_HOLD_AFTER_MOVE,A2_HOLD_AFTER_MOVE_R01_20260611_142122,delta-asda-b3-e,1591,RTSO|SO|OE|VE|QS|TR,1,0,9973,0,13,0.05551,13,0.031083,302,49,4270,2391,6000,,0,,,,holding,normal,0,no_load,none,A2: hold position after move,servo-app/lab-0.1
1781162569.110291,85.99290084838867,A2_HOLD_AFTER_MOVE,A2_HOLD_AFTER_MOVE_R01_20260611_142122,delta-asda-b3-e,1591,RTSO|SO|OE|VE|QS|TR,1,0,9987,0,14,0.05978,12,0.028692,302,49,4270,2391,6000,,0,,,,holding,normal,0,no_load,none,A2: hold position after move,servo-app/lab-0.1
1781162569.2105186,86.09312844276428,A2_HOLD_AFTER_MOVE,A2_HOLD_AFTER_MOVE_R01_20260611_142122,delta-asda-b3-e,1591,RTSO|SO|OE|VE|QS|TR,1,0,9987,0,12,0.05124,13,0.031083,302,49,4270,2391,6000,,0,,,,holding,normal,0,no_load,none,A2: hold position after move,servo-app/lab-0.1
1781162569.3108912,86.19350099563599,A2_HOLD_AFTER_MOVE,A2_HOLD_AFTER_MOVE_R01_20260611_142122,delta-asda-b3-e,1591,RTSO|SO|OE|VE|QS|TR,1,0,9991,0,13,0.05551,13,0.031083,302,49,4270,2391,6000,,0,,,,holding,normal,0,no_load,none,A2: hold position after move,servo-app/lab-0.1
1781162569.411413,86.29402279853821,A2_HOLD_AFTER_MOVE,A2_HOLD_AFTER_MOVE_R01_20260611_142122,delta-asda-b3-e,1591,RTSO|SO|OE|VE|QS|TR,1,0,10009,0,13,0.05551,13,0.031083,302,49,4270,2391,6000,,0,,,,holding,normal,0,no_load,none,A2: hold position after move,servo-app/lab-0.1
1781162569.5116887,86.3942985534668,A2_HOLD_AFTER_MOVE,A2_HOLD_AFTER_MOVE_R01_20260611_142122,delta-asda-b3-e,1591,RTSO|SO|OE|VE|QS|TR,1,0,10009,0,13,0.05551,13,0.031083,302,49,4270,2391,6000,,0,,,,holding,normal,0,no_load,none,A2: hold position after move,servo-app/lab-0.1
1781162569.6119535,86.49456334114075,A2_HOLD_AFTER_MOVE,A2_HOLD_AFTER_MOVE_R01_20260611_142122,delta-asda-b3-e,1591,RTSO|SO|OE|VE|QS|TR,1,0,10019,0,13,0.05551,14,0.033474,302,49,4270,2391,6000,,0,,,,holding,normal,0,no_load,none,A2: hold position after move,servo-app/lab-0.1
1781162569.7129157,86.59552550315857,A2_HOLD_AFTER_MOVE,A2_HOLD_AFTER_MOVE_R01_20260611_142122,delta-asda-b3-e,1591,RTSO|SO|OE|VE|QS|TR,1,0,10031,0,13,0.05551,14,0.033474,302,49,4270,2391,6000,,0,,,,holding,normal,0,no_load,none,A2: hold position after move,servo-app/lab-0.1
1781162569.8136213,86.69623112678528,A2_HOLD_AFTER_MOVE,A2_HOLD_AFTER_MOVE_R01_20260611_142122,delta-asda-b3-e,1591,RTSO|SO|OE|VE|QS|TR,1,0,10031,0,13,0.05551,13,0.031083,302,49,4270,2391,6000,,0,,,,holding,normal,0,no_load,none,A2: hold position after move,servo-app/lab-0.1
1781162569.9142308,86.79684066772461,A2_HOLD_AFTER_MOVE,A2_HOLD_AFTER_MOVE_R01_20260611_142122,delta-asda-b3-e,1591,RTSO|SO|OE|VE|QS|TR,1,0,10023,0,13,0.05551,13,0.031083,302,49,4270,2391,6000,,0,,,,holding,normal,0,no_load,none,A2: hold position after move,servo-app/lab-0.1
1781162570.0151803,86.89779019355774,A2_HOLD_AFTER_MOVE,A2_HOLD_AFTER_MOVE_R01_20260611_142122,delta-asda-b3-e,1591,RTSO|SO|OE|VE|QS|TR,1,0,10005,0,14,0.05978,12,0.028692,302,49,4270,2391,6000,,0,,,,holding,normal,0,no_load,none,A2: hold position after move,servo-app/lab-0.1
1781162570.1153903,86.9980001449585,A2_HOLD_AFTER_MOVE,A2_HOLD_AFTER_MOVE_R01_20260611_142122,delta-asda-b3-e,1591,RTSO|SO|OE|VE|QS|TR,1,0,9987,0,13,0.05551,13,0.031083,302,49,4270,2391,6000,,0,,,,holding,normal,0,no_load,none,A2: hold position after move,servo-app/lab-0.1
1781162570.2155476,87.09815740585327,A2_HOLD_AFTER_MOVE,A2_HOLD_AFTER_MOVE_R01_20260611_142122,delta-asda-b3-e,1591,RTSO|SO|OE|VE|QS|TR,1,0,9987,0,13,0.05551,13,0.031083,302,49,4270,2391,6000,,0,,,,holding,normal,0,no_load,none,A2: hold position after move,servo-app/lab-0.1
1781162570.3156288,87.19823861122131,A2_HOLD_AFTER_MOVE,A2_HOLD_AFTER_MOVE_R01_20260611_142122,delta-asda-b3-e,1591,RTSO|SO|OE|VE|QS|TR,1,0,10009,0,13,0.05551,13,0.031083,301,49,4270,2391,6000,,0,,,,holding,normal,0,no_load,none,A2: hold position after move,servo-app/lab-0.1
1781162570.4162638,87.29887366294861,A2_HOLD_AFTER_MOVE,A2_HOLD_AFTER_MOVE_R01_20260611_142122,delta-asda-b3-e,1591,RTSO|SO|OE|VE|QS|TR,1,0,9991,0,13,0.05551,13,0.031083,302,49,4270,2391,6000,,0,,,,holding,normal,0,no_load,none,A2: hold position after move,servo-app/lab-0.1
1781162570.5164804,87.39909029006958,A2_HOLD_AFTER_MOVE,A2_HOLD_AFTER_MOVE_R01_20260611_142122,delta-asda-b3-e,1591,RTSO|SO|OE|VE|QS|TR,1,0,9985,0,13,0.05551,13,0.031083,301,49,4270,2391,6000,,0,,,,holding,normal,0,no_load,none,A2: hold position after move,servo-app/lab-0.1
1781162570.6176124,87.50022220611572,A2_HOLD_AFTER_MOVE,A2_HOLD_AFTER_MOVE_R01_20260611_142122,delta-asda-b3-e,1591,RTSO|SO|OE|VE|QS|TR,1,0,9979,0,13,0.05551,13,0.031083,301,49,4270,2391,6000,,0,,,,holding,normal,0,no_load,none,A2: hold position after move,servo-app/lab-0.1
1781162570.7178698,87.60047960281372,A2_HOLD_AFTER_MOVE,A2_HOLD_AFTER_MOVE_R01_20260611_142122,delta-asda-b3-e,1591,RTSO|SO|OE|VE|QS|TR,1,0,9985,0,12,0.05124,13,0.031083,301,49,4270,2391,6000,,0,,,,holding,normal,0,no_load,none,A2: hold position after move,servo-app/lab-0.1
1781162570.8182602,87.70087003707886,A2_HOLD_AFTER_MOVE,A2_HOLD_AFTER_MOVE_R01_20260611_142122,delta-asda-b3-e,1591,RTSO|SO|OE|VE|QS|TR,1,0,9985,0,13,0.05551,13,0.031083,302,49,4270,2391,6000,,0,,,,holding,normal,0,no_load,none,A2: hold position after move,servo-app/lab-0.1
1781162570.918697,87.80130696296692,A2_HOLD_AFTER_MOVE,A2_HOLD_AFTER_MOVE_R01_20260611_142122,delta-asda-b3-e,1591,RTSO|SO|OE|VE|QS|TR,1,0,9987,0,13,0.05551,14,0.033474,301,49,4270,2391,6000,,0,,,,holding,normal,0,no_load,none,A2: hold position after move,servo-app/lab-0.1
1781162571.0194898,87.902099609375,A2_HOLD_AFTER_MOVE,A2_HOLD_AFTER_MOVE_R01_20260611_142122,delta-asda-b3-e,1591,RTSO|SO|OE|VE|QS|TR,1,0,9985,0,13,0.05551,12,0.028692,302,49,4270,2391,6000,,0,,,,holding,normal,0,no_load,none,A2: hold position after move,servo-app/lab-0.1
1781162571.119581,88.00219082832336,A2_HOLD_AFTER_MOVE,A2_HOLD_AFTER_MOVE_R01_20260611_142122,delta-asda-b3-e,1591,RTSO|SO|OE|VE|QS|TR,1,0,9985,0,14,0.05978,13,0.031083,302,49,4270,2391,6000,,0,,,,holding,normal,0,no_load,none,A2: hold position after move,servo-app/lab-0.1
1781162571.2197566,88.10236644744873,A2_HOLD_AFTER_MOVE,A2_HOLD_AFTER_MOVE_R01_20260611_142122,delta-asda-b3-e,1591,RTSO|SO|OE|VE|QS|TR,1,0,9985,0,13,0.05551,13,0.031083,301,49,4270,2391,6000,,0,,,,holding,normal,0,no_load,none,A2: hold position after move,servo-app/lab-0.1
1781162571.3198905,88.20250034332275,A2_HOLD_AFTER_MOVE,A2_HOLD_AFTER_MOVE_R01_20260611_142122,delta-asda-b3-e,1591,RTSO|SO|OE|VE|QS|TR,1,0,9985,0,13,0.05551,12,0.028692,301,49,4270,2391,6000,,0,,,,holding,normal,0,no_load,none,A2: hold position after move,servo-app/lab-0.1
1781162571.4204361,88.30304598808289,A2_HOLD_AFTER_MOVE,A2_HOLD_AFTER_MOVE_R01_20260611_142122,delta-asda-b3-e,1591,RTSO|SO|OE|VE|QS|TR,1,0,9987,0,14,0.05978,13,0.031083,301,49,4270,2391,6000,,0,,,,holding,normal,0,no_load,none,A2: hold position after move,servo-app/lab-0.1
1781162571.5207808,88.40339064598083,A2_HOLD_AFTER_MOVE,A2_HOLD_AFTER_MOVE_R01_20260611_142122,delta-asda-b3-e,1591,RTSO|SO|OE|VE|QS|TR,1,0,9991,0,13,0.05551,13,0.031083,301,49,4270,2391,6000,,0,,,,holding,normal,0,no_load,none,A2: hold position after move,servo-app/lab-0.1
1781162571.6209118,88.50352168083191,A2_HOLD_AFTER_MOVE,A2_HOLD_AFTER_MOVE_R01_20260611_142122,delta-asda-b3-e,1591,RTSO|SO|OE|VE|QS|TR,1,0,9991,0,13,0.05551,14,0.033474,301,49,4270,2391,6000,,0,,,,holding,normal,0,no_load,none,A2: hold position after move,servo-app/lab-0.1
1781162571.7212057,88.60381555557251,A2_HOLD_AFTER_MOVE,A2_HOLD_AFTER_MOVE_R01_20260611_142122,delta-asda-b3-e,1591,RTSO|SO|OE|VE|QS|TR,1,0,9991,0,13,0.05551,14,0.033474,301,49,4270,2391,6000,,0,,,,holding,normal,0,no_load,none,A2: hold position after move,servo-app/lab-0.1
1781162571.8213172,88.7039270401001,A2_HOLD_AFTER_MOVE,A2_HOLD_AFTER_MOVE_R01_20260611_142122,delta-asda-b3-e,1591,RTSO|SO|OE|VE|QS|TR,1,0,9993,0,13,0.05551,13,0.031083,301,49,4270,2391,6000,,0,,,,holding,normal,0,no_load,none,A2: hold position after move,servo-app/lab-0.1
1781162571.9214642,88.80407404899597,A2_HOLD_AFTER_MOVE,A2_HOLD_AFTER_MOVE_R01_20260611_142122,delta-asda-b3-e,1591,RTSO|SO|OE|VE|QS|TR,1,0,10015,0,13,0.05551,13,0.031083,301,49,4270,2391,6000,,0,,,,holding,normal,0,no_load,none,A2: hold position after move,servo-app/lab-0.1
1781162572.0219858,88.90459561347961,A2_HOLD_AFTER_MOVE,A2_HOLD_AFTER_MOVE_R01_20260611_142122,delta-asda-b3-e,1591,RTSO|SO|OE|VE|QS|TR,1,0,10015,0,13,0.05551,13,0.031083,301,49,4270,2391,6000,,0,,,,holding,normal,0,no_load,none,A2: hold position after move,servo-app/lab-0.1
1781162572.1221619,89.00477170944214,A2_HOLD_AFTER_MOVE,A2_HOLD_AFTER_MOVE_R01_20260611_142122,delta-asda-b3-e,1591,RTSO|SO|OE|VE|QS|TR,1,0,10013,0,12,0.05124,14,0.033474,301,49,4270,2391,6000,,0,,,,holding,normal,0,no_load,none,A2: hold position after move,servo-app/lab-0.1
1781162572.2225482,89.10515809059143,A2_HOLD_AFTER_MOVE,A2_HOLD_AFTER_MOVE_R01_20260611_142122,delta-asda-b3-e,1591,RTSO|SO|OE|VE|QS|TR,1,0,10031,0,13,0.05551,13,0.031083,301,49,4270,2391,6000,,0,,,,holding,normal,0,no_load,none,A2: hold position after move,servo-app/lab-0.1
1781162572.322931,89.20554089546204,A2_HOLD_AFTER_MOVE,A2_HOLD_AFTER_MOVE_R01_20260611_142122,delta-asda-b3-e,1591,RTSO|SO|OE|VE|QS|TR,1,0,10031,0,13,0.05551,13,0.031083,301,49,4270,2391,6000,,0,,,,holding,normal,0,no_load,none,A2: hold position after move,servo-app/lab-0.1
1781162572.4230611,89.3056709766388,A2_HOLD_AFTER_MOVE,A2_HOLD_AFTER_MOVE_R01_20260611_142122,delta-asda-b3-e,1591,RTSO|SO|OE|VE|QS|TR,1,0,10023,0,13,0.05551,13,0.031083,301,49,4270,2391,6000,,0,,,,holding,normal,0,no_load,none,A2: hold position after move,servo-app/lab-0.1
1781162572.5235329,89.4061427116394,A2_HOLD_AFTER_MOVE,A2_HOLD_AFTER_MOVE_R01_20260611_142122,delta-asda-b3-e,1591,RTSO|SO|OE|VE|QS|TR,1,0,10031,0,13,0.05551,13,0.031083,301,49,4270,2391,6000,,0,,,,holding,normal,0,no_load,none,A2: hold position after move,servo-app/lab-0.1
1781162572.6238265,89.50643634796143,A2_HOLD_AFTER_MOVE,A2_HOLD_AFTER_MOVE_R01_20260611_142122,delta-asda-b3-e,1591,RTSO|SO|OE|VE|QS|TR,1,0,10023,0,13,0.05551,13,0.031083,301,49,4270,2391,6000,,0,,,,holding,normal,0,no_load,none,A2: hold position after move,servo-app/lab-0.1
1781162572.724238,89.60684776306152,A2_HOLD_AFTER_MOVE,A2_HOLD_AFTER_MOVE_R01_20260611_142122,delta-asda-b3-e,1591,RTSO|SO|OE|VE|QS|TR,1,0,10023,0,13,0.05551,13,0.031083,301,49,4270,2391,6000,,0,,,,holding,normal,0,no_load,none,A2: hold position after move,servo-app/lab-0.1
1781162572.825116,89.70772576332092,A2_HOLD_AFTER_MOVE,A2_HOLD_AFTER_MOVE_R01_20260611_142122,delta-asda-b3-e,1591,RTSO|SO|OE|VE|QS|TR,1,0,9997,0,14,0.05978,13,0.031083,301,49,4270,2391,6000,,0,,,,holding,normal,0,no_load,none,A2: hold position after move,servo-app/lab-0.1
1781162572.9255216,89.80813145637512,A2_HOLD_AFTER_MOVE,A2_HOLD_AFTER_MOVE_R01_20260611_142122,delta-asda-b3-e,1591,RTSO|SO|OE|VE|QS|TR,1,0,10013,0,14,0.05978,13,0.031083,301,49,4270,2391,6000,,0,,,,holding,normal,0,no_load,none,A2: hold position after move,servo-app/lab-0.1
1781162573.025707,89.90831685066223,A2_HOLD_AFTER_MOVE,A2_HOLD_AFTER_MOVE_R01_20260611_142122,delta-asda-b3-e,1591,RTSO|SO|OE|VE|QS|TR,1,0,9987,0,13,0.05551,13,0.031083,301,49,4270,2391,6000,,0,,,,holding,normal,0,no_load,none,A2: hold position after move,servo-app/lab-0.1
1781162573.1269803,90.00959014892578,A2_HOLD_AFTER_MOVE,A2_HOLD_AFTER_MOVE_R01_20260611_142122,delta-asda-b3-e,1591,RTSO|SO|OE|VE|QS|TR,1,0,9979,0,14,0.05978,13,0.031083,301,49,4270,2391,6000,,0,,,,holding,normal,0,no_load,none,A2: hold position after move,servo-app/lab-0.1
1781162573.227461,90.1100709438324,A2_HOLD_AFTER_MOVE,A2_HOLD_AFTER_MOVE_R01_20260611_142122,delta-asda-b3-e,1591,RTSO|SO|OE|VE|QS|TR,1,0,9985,0,12,0.05124,13,0.031083,301,49,4270,2391,6000,,0,,,,holding,normal,0,no_load,none,A2: hold position after move,servo-app/lab-0.1
1781162573.3297348,90.21234464645386,A2_HOLD_AFTER_MOVE,A2_HOLD_AFTER_MOVE_R01_20260611_142122,delta-asda-b3-e,1591,RTSO|SO|OE|VE|QS|TR,1,0,9985,0,13,0.05551,13,0.031083,301,49,4270,2391,6000,,0,,,,holding,normal,0,no_load,none,A2: hold position after move,servo-app/lab-0.1
1781162573.430335,90.3129448890686,A2_HOLD_AFTER_MOVE,A2_HOLD_AFTER_MOVE_R01_20260611_142122,delta-asda-b3-e,1591,RTSO|SO|OE|VE|QS|TR,1,0,9991,0,13,0.05551,13,0.031083,301,49,4270,2391,6000,,0,,,,holding,normal,0,no_load,none,A2: hold position after move,servo-app/lab-0.1
1781162573.530438,90.41304779052734,A2_HOLD_AFTER_MOVE,A2_HOLD_AFTER_MOVE_R01_20260611_142122,delta-asda-b3-e,1591,RTSO|SO|OE|VE|QS|TR,1,0,9997,0,13,0.05551,13,0.031083,301,49,4270,2391,6000,,0,,,,holding,normal,0,no_load,none,A2: hold position after move,servo-app/lab-0.1
1781162573.6307704,90.51338028907776,A2_HOLD_AFTER_MOVE,A2_HOLD_AFTER_MOVE_R01_20260611_142122,delta-asda-b3-e,1591,RTSO|SO|OE|VE|QS|TR,1,0,9987,0,13,0.05551,13,0.031083,301,49,4270,2391,6000,,0,,,,holding,normal,0,no_load,none,A2: hold position after move,servo-app/lab-0.1
1781162573.7308707,90.61348056793213,A2_HOLD_AFTER_MOVE,A2_HOLD_AFTER_MOVE_R01_20260611_142122,delta-asda-b3-e,1591,RTSO|SO|OE|VE|QS|TR,1,0,9987,0,13,0.05551,13,0.031083,301,49,4270,2391,6000,,0,,,,holding,normal,0,no_load,none,A2: hold position after move,servo-app/lab-0.1
1781162573.8309367,90.71354651451111,A2_HOLD_AFTER_MOVE,A2_HOLD_AFTER_MOVE_R01_20260611_142122,delta-asda-b3-e,1591,RTSO|SO|OE|VE|QS|TR,1,0,9987,0,13,0.05551,12,0.028692,302,49,4270,2391,6000,,0,,,,holding,normal,0,no_load,none,A2: hold position after move,servo-app/lab-0.1
1781162573.9310427,90.81365251541138,A2_HOLD_AFTER_MOVE,A2_HOLD_AFTER_MOVE_R01_20260611_142122,delta-asda-b3-e,1591,RTSO|SO|OE|VE|QS|TR,1,0,9987,0,13,0.05551,14,0.033474,301,49,4270,2391,6000,,0,,,,holding,normal,0,no_load,none,A2: hold position after move,servo-app/lab-0.1
1781162574.0315142,90.91412401199341,A2_HOLD_AFTER_MOVE,A2_HOLD_AFTER_MOVE_R01_20260611_142122,delta-asda-b3-e,1591,RTSO|SO|OE|VE|QS|TR,1,0,10013,0,13,0.05551,14,0.033474,301,49,4270,2391,6000,,0,,,,holding,normal,0,no_load,none,A2: hold position after move,servo-app/lab-0.1
1781162574.1321335,91.01474332809448,A2_HOLD_AFTER_MOVE,A2_HOLD_AFTER_MOVE_R01_20260611_142122,delta-asda-b3-e,1591,RTSO|SO|OE|VE|QS|TR,1,0,10009,0,13,0.05551,13,0.031083,301,49,4270,2391,6000,,0,,,,holding,normal,0,no_load,none,A2: hold position after move,servo-app/lab-0.1
1781162574.2322333,91.1148431301117,A2_HOLD_AFTER_MOVE,A2_HOLD_AFTER_MOVE_R01_20260611_142122,delta-asda-b3-e,1591,RTSO|SO|OE|VE|QS|TR,1,0,10015,0,13,0.05551,13,0.031083,301,49,4270,2391,6000,,0,,,,holding,normal,0,no_load,none,A2: hold position after move,servo-app/lab-0.1
1781162574.3328123,91.2154221534729,A2_HOLD_AFTER_MOVE,A2_HOLD_AFTER_MOVE_R01_20260611_142122,delta-asda-b3-e,1591,RTSO|SO|OE|VE|QS|TR,1,0,10031,0,14,0.05978,13,0.031083,301,49,4270,2391,6000,,0,,,,holding,normal,0,no_load,none,A2: hold position after move,servo-app/lab-0.1
1781162574.4330537,91.3156635761261,A2_HOLD_AFTER_MOVE,A2_HOLD_AFTER_MOVE_R01_20260611_142122,delta-asda-b3-e,1591,RTSO|SO|OE|VE|QS|TR,1,0,10023,0,13,0.05551,13,0.031083,301,49,4270,2391,6000,,0,,,,holding,normal,0,no_load,none,A2: hold position after move,servo-app/lab-0.1
1781162574.5336974,91.41630721092224,A2_HOLD_AFTER_MOVE,A2_HOLD_AFTER_MOVE_R01_20260611_142122,delta-asda-b3-e,1591,RTSO|SO|OE|VE|QS|TR,1,0,10041,0,13,0.05551,13,0.031083,301,49,4270,2391,6000,,0,,,,holding,normal,0,no_load,none,A2: hold position after move,servo-app/lab-0.1
1781162574.634081,91.51669073104858,A2_HOLD_AFTER_MOVE,A2_HOLD_AFTER_MOVE_R01_20260611_142122,delta-asda-b3-e,1591,RTSO|SO|OE|VE|QS|TR,1,0,10031,0,13,0.05551,13,0.031083,301,49,4270,2391,6000,,0,,,,holding,normal,0,no_load,none,A2: hold position after move,servo-app/lab-0.1
1781162574.7349303,91.61754012107849,A2_HOLD_AFTER_MOVE,A2_HOLD_AFTER_MOVE_R01_20260611_142122,delta-asda-b3-e,1591,RTSO|SO|OE|VE|QS|TR,1,0,10009,0,14,0.05978,13,0.031083,301,49,4270,2391,6000,,0,,,,holding,normal,0,no_load,none,A2: hold position after move,servo-app/lab-0.1
1781162574.835445,91.71805477142334,A2_HOLD_AFTER_MOVE,A2_HOLD_AFTER_MOVE_R01_20260611_142122,delta-asda-b3-e,1591,RTSO|SO|OE|VE|QS|TR,1,0,10003,0,13,0.05551,12,0.028692,302,49,4270,2391,6000,,0,,,,holding,normal,0,no_load,none,A2: hold position after move,servo-app/lab-0.1
1781162574.9358702,91.81848001480103,A2_HOLD_AFTER_MOVE,A2_HOLD_AFTER_MOVE_R01_20260611_142122,delta-asda-b3-e,1591,RTSO|SO|OE|VE|QS|TR,1,0,9991,0,13,0.05551,13,0.031083,301,49,4270,2391,6000,,0,,,,holding,normal,0,no_load,none,A2: hold position after move,servo-app/lab-0.1
1781162575.0363045,91.91891431808472,A2_HOLD_AFTER_MOVE,A2_HOLD_AFTER_MOVE_R01_20260611_142122,delta-asda-b3-e,1591,RTSO|SO|OE|VE|QS|TR,1,0,9981,0,14,0.05978,14,0.033474,302,49,4270,2391,6000,,0,,,,holding,normal,0,no_load,none,A2: hold position after move,servo-app/lab-0.1
1781162575.1371274,92.01973724365234,A2_HOLD_AFTER_MOVE,A2_HOLD_AFTER_MOVE_R01_20260611_142122,delta-asda-b3-e,1591,RTSO|SO|OE|VE|QS|TR,1,0,9985,0,14,0.05978,13,0.031083,302,49,4270,2391,6000,,0,,,,holding,normal,0,no_load,none,A2: hold position after move,servo-app/lab-0.1
1781162575.2376595,92.12026929855347,A2_HOLD_AFTER_MOVE,A2_HOLD_AFTER_MOVE_R01_20260611_142122,delta-asda-b3-e,1591,RTSO|SO|OE|VE|QS|TR,1,0,9973,0,13,0.05551,14,0.033474,302,49,4270,2391,6000,,0,,,,holding,normal,0,no_load,none,A2: hold position after move,servo-app/lab-0.1
1781162575.3380742,92.22068405151367,A2_HOLD_AFTER_MOVE,A2_HOLD_AFTER_MOVE_R01_20260611_142122,delta-asda-b3-e,1591,RTSO|SO|OE|VE|QS|TR,1,0,9981,0,13,0.05551,13,0.031083,302,49,4270,2391,6000,,0,,,,holding,normal,0,no_load,none,A2: hold position after move,servo-app/lab-0.1
1781162575.4389381,92.3215479850769,A2_HOLD_AFTER_MOVE,A2_HOLD_AFTER_MOVE_R01_20260611_142122,delta-asda-b3-e,1591,RTSO|SO|OE|VE|QS|TR,1,0,9985,0,13,0.05551,13,0.031083,302,49,4270,2391,6000,,0,,,,holding,normal,0,no_load,none,A2: hold position after move,servo-app/lab-0.1
1781162575.539359,92.42196893692017,A2_HOLD_AFTER_MOVE,A2_HOLD_AFTER_MOVE_R01_20260611_142122,delta-asda-b3-e,1591,RTSO|SO|OE|VE|QS|TR,1,0,9985,0,14,0.05978,14,0.033474,302,49,4270,2391,6000,,0,,,,holding,normal,0,no_load,none,A2: hold position after move,servo-app/lab-0.1
1781162575.6400547,92.52266454696655,A2_HOLD_AFTER_MOVE,A2_HOLD_AFTER_MOVE_R01_20260611_142122,delta-asda-b3-e,1591,RTSO|SO|OE|VE|QS|TR,1,0,9985,0,14,0.05978,13,0.031083,302,49,4270,2391,6000,,0,,,,holding,normal,0,no_load,none,A2: hold position after move,servo-app/lab-0.1
1781162575.7403805,92.62299036979675,A2_HOLD_AFTER_MOVE,A2_HOLD_AFTER_MOVE_R01_20260611_142122,delta-asda-b3-e,1591,RTSO|SO|OE|VE|QS|TR,1,0,9985,0,12,0.05124,13,0.031083,302,49,4270,2391,6000,,0,,,,holding,normal,0,no_load,none,A2: hold position after move,servo-app/lab-0.1
1781162575.8409786,92.72358846664429,A2_HOLD_AFTER_MOVE,A2_HOLD_AFTER_MOVE_R01_20260611_142122,delta-asda-b3-e,1591,RTSO|SO|OE|VE|QS|TR,1,0,9985,0,13,0.05551,14,0.033474,302,49,4270,2391,6000,,0,,,,holding,normal,0,no_load,none,A2: hold position after move,servo-app/lab-0.1
1781162575.9414856,92.8240954875946,A2_HOLD_AFTER_MOVE,A2_HOLD_AFTER_MOVE_R01_20260611_142122,delta-asda-b3-e,1591,RTSO|SO|OE|VE|QS|TR,1,0,10019,0,13,0.05551,13,0.031083,302,49,4270,2391,6000,,0,,,,holding,normal,0,no_load,none,A2: hold position after move,servo-app/lab-0.1
1781162576.041584,92.92419385910034,A2_HOLD_AFTER_MOVE,A2_HOLD_AFTER_MOVE_R01_20260611_142122,delta-asda-b3-e,1591,RTSO|SO|OE|VE|QS|TR,1,0,10019,0,13,0.05551,13,0.031083,302,49,4270,2391,6000,,0,,,,holding,normal,0,no_load,none,A2: hold position after move,servo-app/lab-0.1
1781162576.1419628,93.0245726108551,A2_HOLD_AFTER_MOVE,A2_HOLD_AFTER_MOVE_R01_20260611_142122,delta-asda-b3-e,1591,RTSO|SO|OE|VE|QS|TR,1,0,10015,0,14,0.05978,14,0.033474,302,49,4270,2391,6000,,0,,,,holding,normal,0,no_load,none,A2: hold position after move,servo-app/lab-0.1
1781162576.242432,93.12504196166992,A2_HOLD_AFTER_MOVE,A2_HOLD_AFTER_MOVE_R01_20260611_142122,delta-asda-b3-e,1591,RTSO|SO|OE|VE|QS|TR,1,0,10031,0,13,0.05551,12,0.028692,302,49,4270,2391,6000,,0,,,,holding,normal,0,no_load,none,A2: hold position after move,servo-app/lab-0.1
1781162576.3443792,93.22698903083801,A2_HOLD_AFTER_MOVE,A2_HOLD_AFTER_MOVE_R01_20260611_142122,delta-asda-b3-e,1591,RTSO|SO|OE|VE|QS|TR,1,0,10023,0,13,0.05551,13,0.031083,302,49,4270,2391,6000,,0,,,,holding,normal,0,no_load,none,A2: hold position after move,servo-app/lab-0.1
1781162576.4448013,93.32741117477417,A2_HOLD_AFTER_MOVE,A2_HOLD_AFTER_MOVE_R01_20260611_142122,delta-asda-b3-e,1591,RTSO|SO|OE|VE|QS|TR,1,0,10009,0,13,0.05551,13,0.031083,302,49,4270,2391,6000,,0,,,,holding,normal,0,no_load,none,A2: hold position after move,servo-app/lab-0.1
1781162576.5454252,93.42803502082825,A2_HOLD_AFTER_MOVE,A2_HOLD_AFTER_MOVE_R01_20260611_142122,delta-asda-b3-e,1591,RTSO|SO|OE|VE|QS|TR,1,0,10009,0,13,0.05551,13,0.031083,302,49,4270,2391,6000,,0,,,,holding,normal,0,no_load,none,A2: hold position after move,servo-app/lab-0.1
1781162576.645601,93.52821087837219,A2_HOLD_AFTER_MOVE,A2_HOLD_AFTER_MOVE_R01_20260611_142122,delta-asda-b3-e,1591,RTSO|SO|OE|VE|QS|TR,1,0,9991,0,14,0.05978,13,0.031083,302,49,4270,2391,6000,,0,,,,holding,normal,0,no_load,none,A2: hold position after move,servo-app/lab-0.1
1781162576.745824,93.6284339427948,A2_HOLD_AFTER_MOVE,A2_HOLD_AFTER_MOVE_R01_20260611_142122,delta-asda-b3-e,1591,RTSO|SO|OE|VE|QS|TR,1,0,9997,0,13,0.05551,13,0.031083,302,49,4270,2391,6000,,0,,,,holding,normal,0,no_load,none,A2: hold position after move,servo-app/lab-0.1
1781162576.8461132,93.72872304916382,A2_HOLD_AFTER_MOVE,A2_HOLD_AFTER_MOVE_R01_20260611_142122,delta-asda-b3-e,1591,RTSO|SO|OE|VE|QS|TR,1,0,9991,0,13,0.05551,13,0.031083,302,49,4270,2391,6000,,0,,,,holding,normal,0,no_load,none,A2: hold position after move,servo-app/lab-0.1
1781162576.947459,93.83006882667542,A2_HOLD_AFTER_MOVE,A2_HOLD_AFTER_MOVE_R01_20260611_142122,delta-asda-b3-e,1591,RTSO|SO|OE|VE|QS|TR,1,0,9985,0,13,0.05551,13,0.031083,302,49,4270,2391,6000,,0,,,,holding,normal,0,no_load,none,A2: hold position after move,servo-app/lab-0.1
1781162577.04775,93.93035984039307,A2_HOLD_AFTER_MOVE,A2_HOLD_AFTER_MOVE_R01_20260611_142122,delta-asda-b3-e,1591,RTSO|SO|OE|VE|QS|TR,1,0,9987,0,13,0.05551,13,0.031083,302,49,4270,2391,6000,,0,,,,holding,normal,0,no_load,none,A2: hold position after move,servo-app/lab-0.1
1781162577.147963,94.03057289123535,A2_HOLD_AFTER_MOVE,A2_HOLD_AFTER_MOVE_R01_20260611_142122,delta-asda-b3-e,1591,RTSO|SO|OE|VE|QS|TR,1,0,9985,0,13,0.05551,13,0.031083,301,49,4270,2391,6000,,0,,,,holding,normal,0,no_load,none,A2: hold position after move,servo-app/lab-0.1
1781162577.247994,94.1306037902832,A2_HOLD_AFTER_MOVE,A2_HOLD_AFTER_MOVE_R01_20260611_142122,delta-asda-b3-e,1591,RTSO|SO|OE|VE|QS|TR,1,0,9991,0,13,0.05551,13,0.031083,302,49,4270,2391,6000,,0,,,,holding,normal,0,no_load,none,A2: hold position after move,servo-app/lab-0.1
1781162577.3481984,94.23080825805664,A2_HOLD_AFTER_MOVE,A2_HOLD_AFTER_MOVE_R01_20260611_142122,delta-asda-b3-e,1591,RTSO|SO|OE|VE|QS|TR,1,0,9985,0,12,0.05124,13,0.031083,302,49,4270,2391,6000,,0,,,,holding,normal,0,no_load,none,A2: hold position after move,servo-app/lab-0.1
1781162577.4484828,94.33109259605408,A2_HOLD_AFTER_MOVE,A2_HOLD_AFTER_MOVE_R01_20260611_142122,delta-asda-b3-e,1591,RTSO|SO|OE|VE|QS|TR,1,0,9987,0,13,0.05551,13,0.031083,302,49,4270,2391,6000,,0,,,,holding,normal,0,no_load,none,A2: hold position after move,servo-app/lab-0.1
1781162577.548967,94.4315767288208,A2_HOLD_AFTER_MOVE,A2_HOLD_AFTER_MOVE_R01_20260611_142122,delta-asda-b3-e,1591,RTSO|SO|OE|VE|QS|TR,1,0,9985,0,13,0.05551,14,0.033474,302,49,4270,2391,6000,,0,,,,holding,normal,0,no_load,none,A2: hold position after move,servo-app/lab-0.1
1781162577.6493943,94.5320041179657,A2_HOLD_AFTER_MOVE,A2_HOLD_AFTER_MOVE_R01_20260611_142122,delta-asda-b3-e,1591,RTSO|SO|OE|VE|QS|TR,1,0,9985,0,13,0.05551,12,0.028692,302,49,4270,2391,6000,,0,,,,holding,normal,0,no_load,none,A2: hold position after move,servo-app/lab-0.1
1781162577.7497056,94.63231539726257,A2_HOLD_AFTER_MOVE,A2_HOLD_AFTER_MOVE_R01_20260611_142122,delta-asda-b3-e,1591,RTSO|SO|OE|VE|QS|TR,1,0,9985,0,14,0.05978,13,0.031083,302,49,4270,2391,6000,,0,,,,holding,normal,0,no_load,none,A2: hold position after move,servo-app/lab-0.1
1781162577.8499186,94.73252844810486,A2_HOLD_AFTER_MOVE,A2_HOLD_AFTER_MOVE_R01_20260611_142122,delta-asda-b3-e,1591,RTSO|SO|OE|VE|QS|TR,1,0,9987,0,13,0.05551,13,0.031083,303,49,4270,2391,6000,,0,,,,holding,normal,0,no_load,none,A2: hold position after move,servo-app/lab-0.1
1781162577.950029,94.83263874053955,A2_HOLD_AFTER_MOVE,A2_HOLD_AFTER_MOVE_R01_20260611_142122,delta-asda-b3-e,1591,RTSO|SO|OE|VE|QS|TR,1,0,9985,0,13,0.05551,13,0.031083,302,49,4270,2391,6000,,0,,,,holding,normal,0,no_load,none,A2: hold position after move,servo-app/lab-0.1
1781162578.0503066,94.93291640281677,A2_HOLD_AFTER_MOVE,A2_HOLD_AFTER_MOVE_R01_20260611_142122,delta-asda-b3-e,1591,RTSO|SO|OE|VE|QS|TR,1,0,9985,0,12,0.05124,14,0.033474,302,49,4270,2391,6000,,0,,,,holding,normal,0,no_load,none,A2: hold position after move,servo-app/lab-0.1
1781162578.1506171,95.03322696685791,A2_HOLD_AFTER_MOVE,A2_HOLD_AFTER_MOVE_R01_20260611_142122,delta-asda-b3-e,1591,RTSO|SO|OE|VE|QS|TR,1,0,9997,0,13,0.05551,13,0.031083,302,49,4270,2391,6000,,0,,,,holding,normal,0,no_load,none,A2: hold position after move,servo-app/lab-0.1
1781162578.2506602,95.1332700252533,A2_HOLD_AFTER_MOVE,A2_HOLD_AFTER_MOVE_R01_20260611_142122,delta-asda-b3-e,1591,RTSO|SO|OE|VE|QS|TR,1,0,9993,0,13,0.05551,13,0.031083,302,49,4270,2391,6000,,0,,,,holding,normal,0,no_load,none,A2: hold position after move,servo-app/lab-0.1
1781162578.3511562,95.23376607894897,A2_HOLD_AFTER_MOVE,A2_HOLD_AFTER_MOVE_R01_20260611_142122,delta-asda-b3-e,1591,RTSO|SO|OE|VE|QS|TR,1,0,9987,0,13,0.05551,13,0.031083,302,49,4270,2391,6000,,0,,,,holding,normal,0,no_load,none,A2: hold position after move,servo-app/lab-0.1
1781162578.4514155,95.3340253829956,A2_HOLD_AFTER_MOVE,A2_HOLD_AFTER_MOVE_R01_20260611_142122,delta-asda-b3-e,1591,RTSO|SO|OE|VE|QS|TR,1,0,10019,0,13,0.05551,13,0.031083,302,49,4270,2391,6000,,0,,,,holding,normal,0,no_load,none,A2: hold position after move,servo-app/lab-0.1
1781162578.5518882,95.43449807167053,A2_HOLD_AFTER_MOVE,A2_HOLD_AFTER_MOVE_R01_20260611_142122,delta-asda-b3-e,1591,RTSO|SO|OE|VE|QS|TR,1,0,10019,0,13,0.05551,13,0.031083,302,49,4270,2391,6000,,0,,,,holding,normal,0,no_load,none,A2: hold position after move,servo-app/lab-0.1
1781162578.6519356,95.53454542160034,A2_HOLD_AFTER_MOVE,A2_HOLD_AFTER_MOVE_R01_20260611_142122,delta-asda-b3-e,1591,RTSO|SO|OE|VE|QS|TR,1,0,10015,0,14,0.05978,13,0.031083,302,49,4270,2391,6000,,0,,,,holding,normal,0,no_load,none,A2: hold position after move,servo-app/lab-0.1
1781162578.751995,95.63460493087769,A2_HOLD_AFTER_MOVE,A2_HOLD_AFTER_MOVE_R01_20260611_142122,delta-asda-b3-e,1591,RTSO|SO|OE|VE|QS|TR,1,0,10009,0,13,0.05551,13,0.031083,302,49,4270,2391,6000,,0,,,,holding,normal,0,no_load,none,A2: hold position after move,servo-app/lab-0.1
1781162578.8523319,95.73494172096252,A2_HOLD_AFTER_MOVE,A2_HOLD_AFTER_MOVE_R01_20260611_142122,delta-asda-b3-e,1591,RTSO|SO|OE|VE|QS|TR,1,0,10015,0,13,0.05551,13,0.031083,302,49,4270,2391,6000,,0,,,,holding,normal,0,no_load,none,A2: hold position after move,servo-app/lab-0.1
1781162578.952566,95.83517575263977,A2_HOLD_AFTER_MOVE,A2_HOLD_AFTER_MOVE_R01_20260611_142122,delta-asda-b3-e,1591,RTSO|SO|OE|VE|QS|TR,1,0,10037,0,12,0.05124,12,0.028692,300,49,4270,2391,6000,,0,,,,holding,normal,0,no_load,none,A2: hold position after move,servo-app/lab-0.1
1781162579.05282,95.93542981147766,A2_HOLD_AFTER_MOVE,A2_HOLD_AFTER_MOVE_R01_20260611_142122,delta-asda-b3-e,1591,RTSO|SO|OE|VE|QS|TR,1,0,10041,0,12,0.05124,13,0.031083,302,49,4270,2391,6000,,0,,,,holding,normal,0,no_load,none,A2: hold position after move,servo-app/lab-0.1
1781162579.1529732,96.03558301925659,A2_HOLD_AFTER_MOVE,A2_HOLD_AFTER_MOVE_R01_20260611_142122,delta-asda-b3-e,1591,RTSO|SO|OE|VE|QS|TR,1,0,10031,0,13,0.05551,13,0.031083,301,49,4270,2391,6000,,0,,,,holding,normal,0,no_load,none,A2: hold position after move,servo-app/lab-0.1
1781162579.2534635,96.13607335090637,A2_HOLD_AFTER_MOVE,A2_HOLD_AFTER_MOVE_R01_20260611_142122,delta-asda-b3-e,1591,RTSO|SO|OE|VE|QS|TR,1,0,10023,0,13,0.05551,13,0.031083,301,49,4270,2391,6000,,0,,,,holding,normal,0,no_load,none,A2: hold position after move,servo-app/lab-0.1
1781162579.354887,96.23749685287476,A2_HOLD_AFTER_MOVE,A2_HOLD_AFTER_MOVE_R01_20260611_142122,delta-asda-b3-e,1591,RTSO|SO|OE|VE|QS|TR,1,0,9993,0,13,0.05551,13,0.031083,301,49,4270,2391,6000,,0,,,,holding,normal,0,no_load,none,A2: hold position after move,servo-app/lab-0.1
1781162579.4554136,96.33802342414856,A2_HOLD_AFTER_MOVE,A2_HOLD_AFTER_MOVE_R01_20260611_142122,delta-asda-b3-e,1591,RTSO|SO|OE|VE|QS|TR,1,0,10009,0,13,0.05551,13,0.031083,301,49,4270,2391,6000,,0,,,,holding,normal,0,no_load,none,A2: hold position after move,servo-app/lab-0.1
1781162579.5560963,96.43870615959167,A2_HOLD_AFTER_MOVE,A2_HOLD_AFTER_MOVE_R01_20260611_142122,delta-asda-b3-e,1591,RTSO|SO|OE|VE|QS|TR,1,0,9979,0,13,0.05551,14,0.033474,301,49,4270,2391,6000,,0,,,,holding,normal,0,no_load,none,A2: hold position after move,servo-app/lab-0.1
1781162579.6562626,96.53887248039246,A2_HOLD_AFTER_MOVE,A2_HOLD_AFTER_MOVE_R01_20260611_142122,delta-asda-b3-e,1591,RTSO|SO|OE|VE|QS|TR,1,0,9987,0,13,0.05551,13,0.031083,301,49,4270,2391,6000,,0,,,,holding,normal,0,no_load,none,A2: hold position after move,servo-app/lab-0.1
1781162579.7567837,96.63939356803894,A2_HOLD_AFTER_MOVE,A2_HOLD_AFTER_MOVE_R01_20260611_142122,delta-asda-b3-e,1591,RTSO|SO|OE|VE|QS|TR,1,0,10005,0,13,0.05551,13,0.031083,302,49,4270,2391,6000,,0,,,,holding,normal,0,no_load,none,A2: hold position after move,servo-app/lab-0.1
1781162579.8569775,96.73958730697632,A2_HOLD_AFTER_MOVE,A2_HOLD_AFTER_MOVE_R01_20260611_142122,delta-asda-b3-e,1591,RTSO|SO|OE|VE|QS|TR,1,0,9985,0,13,0.05551,13,0.031083,302,49,4270,2391,6000,,0,,,,holding,normal,0,no_load,none,A2: hold position after move,servo-app/lab-0.1
1781162579.9577792,96.8403890132904,A2_HOLD_AFTER_MOVE,A2_HOLD_AFTER_MOVE_R01_20260611_142122,delta-asda-b3-e,1591,RTSO|SO|OE|VE|QS|TR,1,0,9987,0,13,0.05551,13,0.031083,301,49,4270,2391,6000,,0,,,,holding,normal,0,no_load,none,A2: hold position after move,servo-app/lab-0.1
1781162580.0579743,96.94058418273926,A2_HOLD_AFTER_MOVE,A2_HOLD_AFTER_MOVE_R01_20260611_142122,delta-asda-b3-e,1591,RTSO|SO|OE|VE|QS|TR,1,0,9993,0,14,0.05978,13,0.031083,302,49,4270,2391,6000,,0,,,,holding,normal,0,no_load,none,A2: hold position after move,servo-app/lab-0.1
1781162580.1587849,97.04139471054077,A2_HOLD_AFTER_MOVE,A2_HOLD_AFTER_MOVE_R01_20260611_142122,delta-asda-b3-e,1591,RTSO|SO|OE|VE|QS|TR,1,0,9987,0,14,0.05978,12,0.028692,302,49,4270,2391,6000,,0,,,,holding,normal,0,no_load,none,A2: hold position after move,servo-app/lab-0.1
1781162580.2591496,97.14175939559937,A2_HOLD_AFTER_MOVE,A2_HOLD_AFTER_MOVE_R01_20260611_142122,delta-asda-b3-e,1591,RTSO|SO|OE|VE|QS|TR,1,0,9973,0,13,0.05551,13,0.031083,302,49,4270,2391,6000,,0,,,,holding,normal,0,no_load,none,A2: hold position after move,servo-app/lab-0.1
1781162580.359765,97.24237489700317,A2_HOLD_AFTER_MOVE,A2_HOLD_AFTER_MOVE_R01_20260611_142122,delta-asda-b3-e,1591,RTSO|SO|OE|VE|QS|TR,1,0,9987,0,13,0.05551,13,0.031083,302,49,4270,2391,6000,,0,,,,holding,normal,0,no_load,none,A2: hold position after move,servo-app/lab-0.1
1781162580.4602618,97.34287166595459,A2_HOLD_AFTER_MOVE,A2_HOLD_AFTER_MOVE_R01_20260611_142122,delta-asda-b3-e,1591,RTSO|SO|OE|VE|QS|TR,1,0,9979,0,13,0.05551,13,0.031083,302,49,4270,2391,6000,,0,,,,holding,normal,0,no_load,none,A2: hold position after move,servo-app/lab-0.1
1781162580.5605924,97.44320225715637,A2_HOLD_AFTER_MOVE,A2_HOLD_AFTER_MOVE_R01_20260611_142122,delta-asda-b3-e,1591,RTSO|SO|OE|VE|QS|TR,1,0,10005,0,13,0.05551,13,0.031083,302,49,4270,2391,6000,,0,,,,holding,normal,0,no_load,none,A2: hold position after move,servo-app/lab-0.1
1781162580.6612544,97.5438642501831,A2_HOLD_AFTER_MOVE,A2_HOLD_AFTER_MOVE_R01_20260611_142122,delta-asda-b3-e,1591,RTSO|SO|OE|VE|QS|TR,1,0,10009,0,12,0.05124,12,0.028692,302,49,4270,2391,6000,,0,,,,holding,normal,0,no_load,none,A2: hold position after move,servo-app/lab-0.1
1781162580.761749,97.64435887336731,A2_HOLD_AFTER_MOVE,A2_HOLD_AFTER_MOVE_R01_20260611_142122,delta-asda-b3-e,1591,RTSO|SO|OE|VE|QS|TR,1,0,10031,0,13,0.05551,13,0.031083,302,49,4270,2391,6000,,0,,,,holding,normal,0,no_load,none,A2: hold position after move,servo-app/lab-0.1
1781162580.8618534,97.74446320533752,A2_HOLD_AFTER_MOVE,A2_HOLD_AFTER_MOVE_R01_20260611_142122,delta-asda-b3-e,1591,RTSO|SO|OE|VE|QS|TR,1,0,10031,0,13,0.05551,13,0.031083,302,49,4270,2391,6000,,0,,,,holding,normal,0,no_load,none,A2: hold position after move,servo-app/lab-0.1
1781162580.9625058,97.8451156616211,A2_HOLD_AFTER_MOVE,A2_HOLD_AFTER_MOVE_R01_20260611_142122,delta-asda-b3-e,1591,RTSO|SO|OE|VE|QS|TR,1,0,10035,0,14,0.05978,13,0.031083,302,49,4270,2391,6000,,0,,,,holding,normal,0,no_load,none,A2: hold position after move,servo-app/lab-0.1
1781162581.0627415,97.9453513622284,A2_HOLD_AFTER_MOVE,A2_HOLD_AFTER_MOVE_R01_20260611_142122,delta-asda-b3-e,1591,RTSO|SO|OE|VE|QS|TR,1,0,10045,0,13,0.05551,13,0.031083,302,49,4270,2391,6000,,0,,,,holding,normal,0,no_load,none,A2: hold position after move,servo-app/lab-0.1
1781162581.1629543,98.0455641746521,A2_HOLD_AFTER_MOVE,A2_HOLD_AFTER_MOVE_R01_20260611_142122,delta-asda-b3-e,1591,RTSO|SO|OE|VE|QS|TR,1,0,10023,0,13,0.05551,13,0.031083,302,49,4270,2391,6000,,0,,,,holding,normal,0,no_load,none,A2: hold position after move,servo-app/lab-0.1
1781162581.2635486,98.14615845680237,A2_HOLD_AFTER_MOVE,A2_HOLD_AFTER_MOVE_R01_20260611_142122,delta-asda-b3-e,1591,RTSO|SO|OE|VE|QS|TR,1,0,10009,0,13,0.05551,13,0.031083,302,49,4270,2391,6000,,0,,,,holding,normal,0,no_load,none,A2: hold position after move,servo-app/lab-0.1
1781162581.4373927,98.32000255584717,A2_HOLD_AFTER_MOVE,A2_HOLD_AFTER_MOVE_R01_20260611_142122,delta-asda-b3-e,1591,RTSO|SO|OE|VE|QS|TR,1,0,10009,0,13,0.05551,13,0.031083,302,49,4270,2391,6000,,0,,,,holding,normal,0,no_load,none,A2: hold position after move,servo-app/lab-0.1
1781162581.5380368,98.42064666748047,A2_HOLD_AFTER_MOVE,A2_HOLD_AFTER_MOVE_R01_20260611_142122,delta-asda-b3-e,1591,RTSO|SO|OE|VE|QS|TR,1,0,9985,0,13,0.05551,12,0.028692,302,49,4270,2391,6000,,0,,,,holding,normal,0,no_load,none,A2: hold position after move,servo-app/lab-0.1
1781162581.6385994,98.52120923995972,A2_HOLD_AFTER_MOVE,A2_HOLD_AFTER_MOVE_R01_20260611_142122,delta-asda-b3-e,1591,RTSO|SO|OE|VE|QS|TR,1,0,9985,0,13,0.05551,13,0.031083,302,49,4270,2391,6000,,0,,,,holding,normal,0,no_load,none,A2: hold position after move,servo-app/lab-0.1
1781162581.7394788,98.62208867073059,A2_HOLD_AFTER_MOVE,A2_HOLD_AFTER_MOVE_R01_20260611_142122,delta-asda-b3-e,1591,RTSO|SO|OE|VE|QS|TR,1,0,9987,0,13,0.05551,14,0.033474,302,49,4270,2391,6000,,0,,,,holding,normal,0,no_load,none,A2: hold position after move,servo-app/lab-0.1
1781162581.8395967,98.72220659255981,A2_HOLD_AFTER_MOVE,A2_HOLD_AFTER_MOVE_R01_20260611_142122,delta-asda-b3-e,1591,RTSO|SO|OE|VE|QS|TR,1,0,9987,0,13,0.05551,13,0.031083,302,49,4270,2391,6000,,0,,,,holding,normal,0,no_load,none,A2: hold position after move,servo-app/lab-0.1
1781162581.9410236,98.8236334323883,A2_HOLD_AFTER_MOVE,A2_HOLD_AFTER_MOVE_R01_20260611_142122,delta-asda-b3-e,1591,RTSO|SO|OE|VE|QS|TR,1,0,10009,0,14,0.05978,13,0.031083,302,49,4270,2391,6000,,0,,,,holding,normal,0,no_load,none,A2: hold position after move,servo-app/lab-0.1
1781162582.0414104,98.92402029037476,A2_HOLD_AFTER_MOVE,A2_HOLD_AFTER_MOVE_R01_20260611_142122,delta-asda-b3-e,1591,RTSO|SO|OE|VE|QS|TR,1,0,10009,0,12,0.05124,14,0.033474,302,49,4270,2391,6000,,0,,,,holding,normal,0,no_load,none,A2: hold position after move,servo-app/lab-0.1
1781162582.1419668,99.02457666397095,A2_HOLD_AFTER_MOVE,A2_HOLD_AFTER_MOVE_R01_20260611_142122,delta-asda-b3-e,1591,RTSO|SO|OE|VE|QS|TR,1,0,10031,0,13,0.05551,13,0.031083,302,49,4270,2391,6000,,0,,,,holding,normal,0,no_load,none,A2: hold position after move,servo-app/lab-0.1
1781162582.2420354,99.1246452331543,A2_HOLD_AFTER_MOVE,A2_HOLD_AFTER_MOVE_R01_20260611_142122,delta-asda-b3-e,1591,RTSO|SO|OE|VE|QS|TR,1,0,10031,0,13,0.05551,13,0.031083,302,49,4270,2391,6000,,0,,,,holding,normal,0,no_load,none,A2: hold position after move,servo-app/lab-0.1
1781162582.3421416,99.22475147247314,A2_HOLD_AFTER_MOVE,A2_HOLD_AFTER_MOVE_R01_20260611_142122,delta-asda-b3-e,1591,RTSO|SO|OE|VE|QS|TR,1,0,10031,0,13,0.05551,13,0.031083,302,49,4270,2391,6000,,0,,,,holding,normal,0,no_load,none,A2: hold position after move,servo-app/lab-0.1
1781162582.442808,99.3254177570343,A2_HOLD_AFTER_MOVE,A2_HOLD_AFTER_MOVE_R01_20260611_142122,delta-asda-b3-e,1591,RTSO|SO|OE|VE|QS|TR,1,0,10041,0,13,0.05551,13,0.031083,302,49,4270,2391,6000,,0,,,,holding,normal,0,no_load,none,A2: hold position after move,servo-app/lab-0.1
1781162582.5432215,99.42583131790161,A2_HOLD_AFTER_MOVE,A2_HOLD_AFTER_MOVE_R01_20260611_142122,delta-asda-b3-e,1591,RTSO|SO|OE|VE|QS|TR,1,0,10031,0,13,0.05551,14,0.033474,302,49,4270,2391,6000,,0,,,,holding,normal,0,no_load,none,A2: hold position after move,servo-app/lab-0.1
1781162582.644093,99.52670288085938,A2_HOLD_AFTER_MOVE,A2_HOLD_AFTER_MOVE_R01_20260611_142122,delta-asda-b3-e,1591,RTSO|SO|OE|VE|QS|TR,1,0,10013,0,13,0.05551,13,0.031083,302,49,4270,2391,6000,,0,,,,holding,normal,0,no_load,none,A2: hold position after move,servo-app/lab-0.1
1781162582.7446134,99.62722325325012,A2_HOLD_AFTER_MOVE,A2_HOLD_AFTER_MOVE_R01_20260611_142122,delta-asda-b3-e,1591,RTSO|SO|OE|VE|QS|TR,1,0,9997,0,14,0.05978,13,0.031083,302,49,4270,2391,6000,,0,,,,holding,normal,0,no_load,none,A2: hold position after move,servo-app/lab-0.1
1781162582.8448243,99.7274341583252,A2_HOLD_AFTER_MOVE,A2_HOLD_AFTER_MOVE_R01_20260611_142122,delta-asda-b3-e,1591,RTSO|SO|OE|VE|QS|TR,1,0,9991,0,12,0.05124,13,0.031083,302,49,4270,2391,6000,,0,,,,holding,normal,0,no_load,none,A2: hold position after move,servo-app/lab-0.1
1781162582.9456668,99.82827663421631,A2_HOLD_AFTER_MOVE,A2_HOLD_AFTER_MOVE_R01_20260611_142122,delta-asda-b3-e,1591,RTSO|SO|OE|VE|QS|TR,1,0,9985,0,13,0.05551,14,0.033474,302,49,4270,2391,6000,,0,,,,holding,normal,0,no_load,none,A2: hold position after move,servo-app/lab-0.1
1781162583.0466151,99.92922496795654,A2_HOLD_AFTER_MOVE,A2_HOLD_AFTER_MOVE_R01_20260611_142122,delta-asda-b3-e,1591,RTSO|SO|OE|VE|QS|TR,1,0,9987,0,12,0.05124,13,0.031083,302,49,4270,2391,6000,,0,,,,holding,normal,0,no_load,none,A2: hold position after move,servo-app/lab-0.1
1781162583.146907,100.02951693534851,A2_HOLD_AFTER_MOVE,A2_HOLD_AFTER_MOVE_R01_20260611_142122,delta-asda-b3-e,1591,RTSO|SO|OE|VE|QS|TR,1,0,9985,0,13,0.05551,13,0.031083,302,49,4270,2391,6000,,0,,,,holding,normal,0,no_load,none,A2: hold position after move,servo-app/lab-0.1
1781162583.2474058,100.13001561164856,A2_HOLD_AFTER_MOVE,A2_HOLD_AFTER_MOVE_R01_20260611_142122,delta-asda-b3-e,1591,RTSO|SO|OE|VE|QS|TR,1,0,9987,0,13,0.05551,13,0.031083,302,49,4270,2391,6000,,0,,,,holding,normal,0,no_load,none,A2: hold position after move,servo-app/lab-0.1
1781162583.3478699,100.23047971725464,A2_HOLD_AFTER_MOVE,A2_HOLD_AFTER_MOVE_R01_20260611_142122,delta-asda-b3-e,1591,RTSO|SO|OE|VE|QS|TR,1,0,9985,0,14,0.05978,13,0.031083,302,49,4270,2391,6000,,0,,,,holding,normal,0,no_load,none,A2: hold position after move,servo-app/lab-0.1
1781162583.4480562,100.33066606521606,A2_HOLD_AFTER_MOVE,A2_HOLD_AFTER_MOVE_R01_20260611_142122,delta-asda-b3-e,1591,RTSO|SO|OE|VE|QS|TR,1,0,9985,0,13,0.05551,13,0.031083,302,49,4270,2391,6000,,0,,,,holding,normal,0,no_load,none,A2: hold position after move,servo-app/lab-0.1
1781162583.5484467,100.4310564994812,A2_HOLD_AFTER_MOVE,A2_HOLD_AFTER_MOVE_R01_20260611_142122,delta-asda-b3-e,1591,RTSO|SO|OE|VE|QS|TR,1,0,9985,0,13,0.05551,12,0.028692,302,49,4270,2391,6000,,0,,,,holding,normal,0,no_load,none,A2: hold position after move,servo-app/lab-0.1
1781162583.6488976,100.53150749206543,A2_HOLD_AFTER_MOVE,A2_HOLD_AFTER_MOVE_R01_20260611_142122,delta-asda-b3-e,1591,RTSO|SO|OE|VE|QS|TR,1,0,9985,0,13,0.05551,12,0.028692,302,49,4270,2391,6000,,0,,,,holding,normal,0,no_load,none,A2: hold position after move,servo-app/lab-0.1
1781162583.7493424,100.6319522857666,A2_HOLD_AFTER_MOVE,A2_HOLD_AFTER_MOVE_R01_20260611_142122,delta-asda-b3-e,1591,RTSO|SO|OE|VE|QS|TR,1,0,9985,0,13,0.05551,13,0.031083,302,49,4270,2391,6000,,0,,,,holding,normal,0,no_load,none,A2: hold position after move,servo-app/lab-0.1
1781162583.8496895,100.73229932785034,A2_HOLD_AFTER_MOVE,A2_HOLD_AFTER_MOVE_R01_20260611_142122,delta-asda-b3-e,1591,RTSO|SO|OE|VE|QS|TR,1,0,9987,0,12,0.05124,13,0.031083,302,49,4270,2391,6000,,0,,,,holding,normal,0,no_load,none,A2: hold position after move,servo-app/lab-0.1
1781162583.9501073,100.83271718025208,A2_HOLD_AFTER_MOVE,A2_HOLD_AFTER_MOVE_R01_20260611_142122,delta-asda-b3-e,1591,RTSO|SO|OE|VE|QS|TR,1,0,9991,0,13,0.05551,13,0.031083,302,49,4270,2391,6000,,0,,,,holding,normal,0,no_load,none,A2: hold position after move,servo-app/lab-0.1
1781162584.0503767,100.93298649787903,A2_HOLD_AFTER_MOVE,A2_HOLD_AFTER_MOVE_R01_20260611_142122,delta-asda-b3-e,1591,RTSO|SO|OE|VE|QS|TR,1,0,9993,0,13,0.05551,13,0.031083,302,49,4270,2391,6000,,0,,,,holding,normal,0,no_load,none,A2: hold position after move,servo-app/lab-0.1
1781162584.1507323,101.03334212303162,A2_HOLD_AFTER_MOVE,A2_HOLD_AFTER_MOVE_R01_20260611_142122,delta-asda-b3-e,1591,RTSO|SO|OE|VE|QS|TR,1,0,10015,0,13,0.05551,13,0.031083,301,49,4270,2391,6000,,0,,,,holding,normal,0,no_load,none,A2: hold position after move,servo-app/lab-0.1
1781162584.2517831,101.13439297676086,A2_HOLD_AFTER_MOVE,A2_HOLD_AFTER_MOVE_R01_20260611_142122,delta-asda-b3-e,1591,RTSO|SO|OE|VE|QS|TR,1,0,10031,0,12,0.05124,12,0.028692,302,49,4270,2391,6000,,0,,,,holding,normal,0,no_load,none,A2: hold position after move,servo-app/lab-0.1
1781162584.3518813,101.23449110984802,A2_HOLD_AFTER_MOVE,A2_HOLD_AFTER_MOVE_R01_20260611_142122,delta-asda-b3-e,1591,RTSO|SO|OE|VE|QS|TR,1,0,10031,0,13,0.05551,13,0.031083,302,49,4270,2391,6000,,0,,,,holding,normal,0,no_load,none,A2: hold position after move,servo-app/lab-0.1
1781162584.4520624,101.33467221260071,A2_HOLD_AFTER_MOVE,A2_HOLD_AFTER_MOVE_R01_20260611_142122,delta-asda-b3-e,1591,RTSO|SO|OE|VE|QS|TR,1,0,10025,0,13,0.05551,13,0.031083,302,49,4270,2391,6000,,0,,,,holding,normal,0,no_load,none,A2: hold position after move,servo-app/lab-0.1
1781162584.552209,101.43481874465942,A2_HOLD_AFTER_MOVE,A2_HOLD_AFTER_MOVE_R01_20260611_142122,delta-asda-b3-e,1591,RTSO|SO|OE|VE|QS|TR,1,0,10031,0,13,0.05551,13,0.031083,302,49,4270,2391,6000,,0,,,,holding,normal,0,no_load,none,A2: hold position after move,servo-app/lab-0.1
1781162584.6526105,101.53522038459778,A2_HOLD_AFTER_MOVE,A2_HOLD_AFTER_MOVE_R01_20260611_142122,delta-asda-b3-e,1591,RTSO|SO|OE|VE|QS|TR,1,0,10031,0,13,0.05551,13,0.031083,302,49,4270,2391,6000,,0,,,,holding,normal,0,no_load,none,A2: hold position after move,servo-app/lab-0.1
1781162584.7529044,101.63551425933838,A2_HOLD_AFTER_MOVE,A2_HOLD_AFTER_MOVE_R01_20260611_142122,delta-asda-b3-e,1591,RTSO|SO|OE|VE|QS|TR,1,0,10019,0,13,0.05551,14,0.033474,302,49,4270,2391,6000,,0,,,,holding,normal,0,no_load,none,A2: hold position after move,servo-app/lab-0.1
1781162584.8534276,101.73603749275208,A2_HOLD_AFTER_MOVE,A2_HOLD_AFTER_MOVE_R01_20260611_142122,delta-asda-b3-e,1591,RTSO|SO|OE|VE|QS|TR,1,0,10023,0,13,0.05551,12,0.028692,302,49,4270,2391,6000,,0,,,,holding,normal,0,no_load,none,A2: hold position after move,servo-app/lab-0.1
1781162584.9539983,101.83660817146301,A2_HOLD_AFTER_MOVE,A2_HOLD_AFTER_MOVE_R01_20260611_142122,delta-asda-b3-e,1591,RTSO|SO|OE|VE|QS|TR,1,0,10023,0,13,0.05551,13,0.031083,302,49,4270,2391,6000,,0,,,,holding,normal,0,no_load,none,A2: hold position after move,servo-app/lab-0.1
1781162585.0540996,101.9367094039917,A2_HOLD_AFTER_MOVE,A2_HOLD_AFTER_MOVE_R01_20260611_142122,delta-asda-b3-e,1591,RTSO|SO|OE|VE|QS|TR,1,0,10009,0,13,0.05551,14,0.033474,302,49,4270,2391,6000,,0,,,,holding,normal,0,no_load,none,A2: hold position after move,servo-app/lab-0.1
1781162585.1542346,102.03684449195862,A2_HOLD_AFTER_MOVE,A2_HOLD_AFTER_MOVE_R01_20260611_142122,delta-asda-b3-e,1591,RTSO|SO|OE|VE|QS|TR,1,0,10005,0,13,0.05551,13,0.031083,302,49,4270,2391,6000,,0,,,,holding,normal,0,no_load,none,A2: hold position after move,servo-app/lab-0.1
1781162585.2545958,102.13720560073853,A2_HOLD_AFTER_MOVE,A2_HOLD_AFTER_MOVE_R01_20260611_142122,delta-asda-b3-e,1591,RTSO|SO|OE|VE|QS|TR,1,0,9991,0,13,0.05551,12,0.028692,302,49,4270,2391,6000,,0,,,,holding,normal,0,no_load,none,A2: hold position after move,servo-app/lab-0.1
1781162585.355138,102.23774790763855,A2_HOLD_AFTER_MOVE,A2_HOLD_AFTER_MOVE_R01_20260611_142122,delta-asda-b3-e,1591,RTSO|SO|OE|VE|QS|TR,1,0,9987,0,14,0.05978,13,0.031083,302,49,4270,2391,6000,,0,,,,holding,normal,0,no_load,none,A2: hold position after move,servo-app/lab-0.1
1781162585.45595,102.33855986595154,A2_HOLD_AFTER_MOVE,A2_HOLD_AFTER_MOVE_R01_20260611_142122,delta-asda-b3-e,1591,RTSO|SO|OE|VE|QS|TR,1,0,9987,0,13,0.05551,13,0.031083,302,49,4270,2391,6000,,0,,,,holding,normal,0,no_load,none,A2: hold position after move,servo-app/lab-0.1
1781162585.556259,102.43886876106262,A2_HOLD_AFTER_MOVE,A2_HOLD_AFTER_MOVE_R01_20260611_142122,delta-asda-b3-e,1591,RTSO|SO|OE|VE|QS|TR,1,0,9985,0,13,0.05551,14,0.033474,302,49,4270,2391,6000,,0,,,,holding,normal,0,no_load,none,A2: hold position after move,servo-app/lab-0.1
1781162585.6565561,102.53916597366333,A2_HOLD_AFTER_MOVE,A2_HOLD_AFTER_MOVE_R01_20260611_142122,delta-asda-b3-e,1591,RTSO|SO|OE|VE|QS|TR,1,0,9985,0,13,0.05551,13,0.031083,302,49,4270,2391,6000,,0,,,,holding,normal,0,no_load,none,A2: hold position after move,servo-app/lab-0.1
1781162585.7570996,102.63970947265625,A2_HOLD_AFTER_MOVE,A2_HOLD_AFTER_MOVE_R01_20260611_142122,delta-asda-b3-e,1591,RTSO|SO|OE|VE|QS|TR,1,0,10009,0,12,0.05124,14,0.033474,302,49,4270,2391,6000,,0,,,,holding,normal,0,no_load,none,A2: hold position after move,servo-app/lab-0.1
1781162585.85764,102.74024987220764,A2_HOLD_AFTER_MOVE,A2_HOLD_AFTER_MOVE_R01_20260611_142122,delta-asda-b3-e,1591,RTSO|SO|OE|VE|QS|TR,1,0,9985,0,14,0.05978,12,0.028692,302,49,4270,2391,6000,,0,,,,holding,normal,0,no_load,none,A2: hold position after move,servo-app/lab-0.1
1781162585.9578557,102.8404655456543,A2_HOLD_AFTER_MOVE,A2_HOLD_AFTER_MOVE_R01_20260611_142122,delta-asda-b3-e,1591,RTSO|SO|OE|VE|QS|TR,1,0,9985,0,13,0.05551,13,0.031083,302,49,4270,2391,6000,,0,,,,holding,normal,0,no_load,none,A2: hold position after move,servo-app/lab-0.1
1781162586.0581353,102.94074511528015,A2_HOLD_AFTER_MOVE,A2_HOLD_AFTER_MOVE_R01_20260611_142122,delta-asda-b3-e,1591,RTSO|SO|OE|VE|QS|TR,1,0,9987,0,12,0.05124,13,0.031083,302,49,4270,2391,6000,,0,,,,holding,normal,0,no_load,none,A2: hold position after move,servo-app/lab-0.1
1781162586.158256,103.04086589813232,A2_HOLD_AFTER_MOVE,A2_HOLD_AFTER_MOVE_R01_20260611_142122,delta-asda-b3-e,1591,RTSO|SO|OE|VE|QS|TR,1,0,9985,0,13,0.05551,13,0.031083,302,49,4270,2391,6000,,0,,,,holding,normal,0,no_load,none,A2: hold position after move,servo-app/lab-0.1
1781162586.258402,103.14101195335388,A2_HOLD_AFTER_MOVE,A2_HOLD_AFTER_MOVE_R01_20260611_142122,delta-asda-b3-e,1591,RTSO|SO|OE|VE|QS|TR,1,0,9985,0,14,0.05978,14,0.033474,302,49,4270,2391,6000,,0,,,,holding,normal,0,no_load,none,A2: hold position after move,servo-app/lab-0.1
1781162586.3589451,103.24155497550964,A2_HOLD_AFTER_MOVE,A2_HOLD_AFTER_MOVE_R01_20260611_142122,delta-asda-b3-e,1591,RTSO|SO|OE|VE|QS|TR,1,0,9985,0,14,0.05978,13,0.031083,301,49,4270,2391,6000,,0,,,,holding,normal,0,no_load,none,A2: hold position after move,servo-app/lab-0.1
1781162586.4591749,103.34178471565247,A2_HOLD_AFTER_MOVE,A2_HOLD_AFTER_MOVE_R01_20260611_142122,delta-asda-b3-e,1591,RTSO|SO|OE|VE|QS|TR,1,0,9987,0,13,0.05551,12,0.028692,302,49,4270,2391,6000,,0,,,,holding,normal,0,no_load,none,A2: hold position after move,servo-app/lab-0.1
1781162586.5595474,103.44215726852417,A2_HOLD_AFTER_MOVE,A2_HOLD_AFTER_MOVE_R01_20260611_142122,delta-asda-b3-e,1591,RTSO|SO|OE|VE|QS|TR,1,0,9993,0,12,0.05124,13,0.031083,302,49,4270,2391,6000,,0,,,,holding,normal,0,no_load,none,A2: hold position after move,servo-app/lab-0.1
1781162586.6599894,103.54259920120239,A2_HOLD_AFTER_MOVE,A2_HOLD_AFTER_MOVE_R01_20260611_142122,delta-asda-b3-e,1591,RTSO|SO|OE|VE|QS|TR,1,0,9997,0,13,0.05551,13,0.031083,302,49,4270,2391,6000,,0,,,,holding,normal,0,no_load,none,A2: hold position after move,servo-app/lab-0.1
1781162586.760555,103.64316487312317,A2_HOLD_AFTER_MOVE,A2_HOLD_AFTER_MOVE_R01_20260611_142122,delta-asda-b3-e,1591,RTSO|SO|OE|VE|QS|TR,1,0,10005,0,13,0.05551,13,0.031083,302,49,4270,2391,6000,,0,,,,holding,normal,0,no_load,none,A2: hold position after move,servo-app/lab-0.1
1781162586.8610706,103.74368047714233,A2_HOLD_AFTER_MOVE,A2_HOLD_AFTER_MOVE_R01_20260611_142122,delta-asda-b3-e,1591,RTSO|SO|OE|VE|QS|TR,1,0,10031,0,12,0.05124,12,0.028692,302,49,4270,2391,6000,,0,,,,holding,normal,0,no_load,none,A2: hold position after move,servo-app/lab-0.1
1781162586.9615636,103.84417343139648,A2_HOLD_AFTER_MOVE,A2_HOLD_AFTER_MOVE_R01_20260611_142122,delta-asda-b3-e,1591,RTSO|SO|OE|VE|QS|TR,1,0,10031,0,13,0.05551,13,0.031083,302,49,4270,2391,6000,,0,,,,holding,normal,0,no_load,none,A2: hold position after move,servo-app/lab-0.1
1781162587.0619857,103.94459557533264,A2_HOLD_AFTER_MOVE,A2_HOLD_AFTER_MOVE_R01_20260611_142122,delta-asda-b3-e,1591,RTSO|SO|OE|VE|QS|TR,1,0,10031,0,13,0.05551,13,0.031083,302,49,4270,2391,6000,,0,,,,holding,normal,0,no_load,none,A2: hold position after move,servo-app/lab-0.1
1781162587.1628277,104.0454375743866,A2_HOLD_AFTER_MOVE,A2_HOLD_AFTER_MOVE_R01_20260611_142122,delta-asda-b3-e,1591,RTSO|SO|OE|VE|QS|TR,1,0,10015,0,13,0.05551,13,0.031083,302,49,4270,2391,6000,,0,,,,holding,normal,0,no_load,none,A2: hold position after move,servo-app/lab-0.1
1781162587.263502,104.14611172676086,A2_HOLD_AFTER_MOVE,A2_HOLD_AFTER_MOVE_R01_20260611_142122,delta-asda-b3-e,1591,RTSO|SO|OE|VE|QS|TR,1,0,9997,0,13,0.05551,13,0.031083,302,49,4270,2391,6000,,0,,,,holding,normal,0,no_load,none,A2: hold position after move,servo-app/lab-0.1
1781162587.3638315,104.24644136428833,A2_HOLD_AFTER_MOVE,A2_HOLD_AFTER_MOVE_R01_20260611_142122,delta-asda-b3-e,1591,RTSO|SO|OE|VE|QS|TR,1,0,9987,0,14,0.05978,13,0.031083,302,49,4270,2391,6000,,0,,,,holding,normal,0,no_load,none,A2: hold position after move,servo-app/lab-0.1
1781162587.4641523,104.34676218032837,A2_HOLD_AFTER_MOVE,A2_HOLD_AFTER_MOVE_R01_20260611_142122,delta-asda-b3-e,1591,RTSO|SO|OE|VE|QS|TR,1,0,9981,0,13,0.05551,13,0.031083,302,49,4270,2391,6000,,0,,,,holding,normal,0,no_load,none,A2: hold position after move,servo-app/lab-0.1
1781162587.5643048,104.44691467285156,A2_HOLD_AFTER_MOVE,A2_HOLD_AFTER_MOVE_R01_20260611_142122,delta-asda-b3-e,1591,RTSO|SO|OE|VE|QS|TR,1,0,10003,0,13,0.05551,13,0.031083,302,49,4270,2391,6000,,0,,,,holding,normal,0,no_load,none,A2: hold position after move,servo-app/lab-0.1
1781162587.664674,104.54728388786316,A2_HOLD_AFTER_MOVE,A2_HOLD_AFTER_MOVE_R01_20260611_142122,delta-asda-b3-e,1591,RTSO|SO|OE|VE|QS|TR,1,0,10003,0,13,0.05551,14,0.033474,302,49,4270,2391,6000,,0,,,,holding,normal,0,no_load,none,A2: hold position after move,servo-app/lab-0.1
1781162587.7653558,104.64796566963196,A2_HOLD_AFTER_MOVE,A2_HOLD_AFTER_MOVE_R01_20260611_142122,delta-asda-b3-e,1591,RTSO|SO|OE|VE|QS|TR,1,0,9985,0,12,0.05124,13,0.031083,302,49,4270,2391,6000,,0,,,,holding,normal,0,no_load,none,A2: hold position after move,servo-app/lab-0.1
1781162587.865709,104.74831891059875,A2_HOLD_AFTER_MOVE,A2_HOLD_AFTER_MOVE_R01_20260611_142122,delta-asda-b3-e,1591,RTSO|SO|OE|VE|QS|TR,1,0,9981,0,12,0.05124,13,0.031083,302,49,4270,2391,6000,,0,,,,holding,normal,0,no_load,none,A2: hold position after move,servo-app/lab-0.1
1781162587.9658072,104.84841704368591,A2_HOLD_AFTER_MOVE,A2_HOLD_AFTER_MOVE_R01_20260611_142122,delta-asda-b3-e,1591,RTSO|SO|OE|VE|QS|TR,1,0,9991,0,13,0.05551,13,0.031083,302,49,4270,2391,6000,,0,,,,holding,normal,0,no_load,none,A2: hold position after move,servo-app/lab-0.1
1781162588.066317,104.94892692565918,A2_HOLD_AFTER_MOVE,A2_HOLD_AFTER_MOVE_R01_20260611_142122,delta-asda-b3-e,1591,RTSO|SO|OE|VE|QS|TR,1,0,9987,0,13,0.05551,13,0.031083,302,49,4270,2391,6000,,0,,,,holding,normal,0,no_load,none,A2: hold position after move,servo-app/lab-0.1
1781162588.166822,105.04943180084229,A2_HOLD_AFTER_MOVE,A2_HOLD_AFTER_MOVE_R01_20260611_142122,delta-asda-b3-e,1591,RTSO|SO|OE|VE|QS|TR,1,0,9985,0,13,0.05551,13,0.031083,302,49,4270,2391,6000,,0,,,,holding,normal,0,no_load,none,A2: hold position after move,servo-app/lab-0.1
1781162588.2670429,105.14965271949768,A2_HOLD_AFTER_MOVE,A2_HOLD_AFTER_MOVE_R01_20260611_142122,delta-asda-b3-e,1591,RTSO|SO|OE|VE|QS|TR,1,0,9981,0,13,0.05551,13,0.031083,302,49,4270,2391,6000,,0,,,,holding,normal,0,no_load,none,A2: hold position after move,servo-app/lab-0.1
1781162588.3671646,105.24977445602417,A2_HOLD_AFTER_MOVE,A2_HOLD_AFTER_MOVE_R01_20260611_142122,delta-asda-b3-e,1591,RTSO|SO|OE|VE|QS|TR,1,0,9967,0,12,0.05124,12,0.028692,302,49,4270,2391,6000,,0,,,,holding,normal,0,no_load,none,A2: hold position after move,servo-app/lab-0.1
1781162588.4675107,105.3501205444336,A2_HOLD_AFTER_MOVE,A2_HOLD_AFTER_MOVE_R01_20260611_142122,delta-asda-b3-e,1591,RTSO|SO|OE|VE|QS|TR,1,0,9987,0,13,0.05551,13,0.031083,302,49,4270,2391,6000,,0,,,,holding,normal,0,no_load,none,A2: hold position after move,servo-app/lab-0.1
1781162588.5678437,105.45045351982117,A2_HOLD_AFTER_MOVE,A2_HOLD_AFTER_MOVE_R01_20260611_142122,delta-asda-b3-e,1591,RTSO|SO|OE|VE|QS|TR,1,0,9985,0,13,0.05551,13,0.031083,302,49,4270,2391,6000,,0,,,,holding,normal,0,no_load,none,A2: hold position after move,servo-app/lab-0.1
1781162588.668768,105.55137777328491,A2_HOLD_AFTER_MOVE,A2_HOLD_AFTER_MOVE_R01_20260611_142122,delta-asda-b3-e,1591,RTSO|SO|OE|VE|QS|TR,1,0,9997,0,13,0.05551,13,0.031083,302,49,4270,2391,6000,,0,,,,holding,normal,0,no_load,none,A2: hold position after move,servo-app/lab-0.1
1781162588.7694168,105.6520266532898,A2_HOLD_AFTER_MOVE,A2_HOLD_AFTER_MOVE_R01_20260611_142122,delta-asda-b3-e,1591,RTSO|SO|OE|VE|QS|TR,1,0,9987,0,13,0.05551,13,0.031083,302,49,4270,2391,6000,,0,,,,holding,normal,0,no_load,none,A2: hold position after move,servo-app/lab-0.1
1781162588.869565,105.75217485427856,A2_HOLD_AFTER_MOVE,A2_HOLD_AFTER_MOVE_R01_20260611_142122,delta-asda-b3-e,1591,RTSO|SO|OE|VE|QS|TR,1,0,10009,0,13,0.05551,13,0.031083,302,49,4270,2391,6000,,0,,,,holding,normal,0,no_load,none,A2: hold position after move,servo-app/lab-0.1
1781162588.970783,105.85339283943176,A2_HOLD_AFTER_MOVE,A2_HOLD_AFTER_MOVE_R01_20260611_142122,delta-asda-b3-e,1591,RTSO|SO|OE|VE|QS|TR,1,0,10031,0,13,0.05551,13,0.031083,302,49,4270,2391,6000,,0,,,,holding,normal,0,no_load,none,A2: hold position after move,servo-app/lab-0.1
1781162589.0713153,105.95392513275146,A2_HOLD_AFTER_MOVE,A2_HOLD_AFTER_MOVE_R01_20260611_142122,delta-asda-b3-e,1591,RTSO|SO|OE|VE|QS|TR,1,0,10031,0,14,0.05978,13,0.031083,302,49,4270,2391,6000,,0,,,,holding,normal,0,no_load,none,A2: hold position after move,servo-app/lab-0.1
1781162589.172344,106.05495381355286,A2_HOLD_AFTER_MOVE,A2_HOLD_AFTER_MOVE_R01_20260611_142122,delta-asda-b3-e,1591,RTSO|SO|OE|VE|QS|TR,1,0,10031,0,13,0.05551,12,0.028692,302,49,4270,2391,6000,,0,,,,holding,normal,0,no_load,none,A2: hold position after move,servo-app/lab-0.1
1781162589.2726848,106.15529465675354,A2_HOLD_AFTER_MOVE,A2_HOLD_AFTER_MOVE_R01_20260611_142122,delta-asda-b3-e,1591,RTSO|SO|OE|VE|QS|TR,1,0,10009,0,13,0.05551,13,0.031083,302,49,4270,2391,6000,,0,,,,holding,normal,0,no_load,none,A2: hold position after move,servo-app/lab-0.1
1781162589.3729608,106.25557065010071,A2_HOLD_AFTER_MOVE,A2_HOLD_AFTER_MOVE_R01_20260611_142122,delta-asda-b3-e,1591,RTSO|SO|OE|VE|QS|TR,1,0,9997,0,14,0.05978,13,0.031083,302,49,4270,2391,6000,,0,,,,holding,normal,0,no_load,none,A2: hold position after move,servo-app/lab-0.1
1781162589.4734423,106.35605216026306,A2_HOLD_AFTER_MOVE,A2_HOLD_AFTER_MOVE_R01_20260611_142122,delta-asda-b3-e,1591,RTSO|SO|OE|VE|QS|TR,1,0,10009,0,14,0.05978,13,0.031083,302,49,4270,2391,6000,,0,,,,holding,normal,0,no_load,none,A2: hold position after move,servo-app/lab-0.1
1781162589.5735304,106.4561402797699,A2_HOLD_AFTER_MOVE,A2_HOLD_AFTER_MOVE_R01_20260611_142122,delta-asda-b3-e,1591,RTSO|SO|OE|VE|QS|TR,1,0,9997,0,14,0.05978,12,0.028692,302,49,4270,2391,6000,,0,,,,holding,normal,0,no_load,none,A2: hold position after move,servo-app/lab-0.1
1781162589.673621,106.55623078346252,A2_HOLD_AFTER_MOVE,A2_HOLD_AFTER_MOVE_R01_20260611_142122,delta-asda-b3-e,1591,RTSO|SO|OE|VE|QS|TR,1,0,10009,0,14,0.05978,13,0.031083,302,49,4270,2391,6000,,0,,,,holding,normal,0,no_load,none,A2: hold position after move,servo-app/lab-0.1
1781162589.7741034,106.6567132472992,A2_HOLD_AFTER_MOVE,A2_HOLD_AFTER_MOVE_R01_20260611_142122,delta-asda-b3-e,1591,RTSO|SO|OE|VE|QS|TR,1,0,9985,0,14,0.05978,14,0.033474,302,49,4270,2391,6000,,0,,,,holding,normal,0,no_load,none,A2: hold position after move,servo-app/lab-0.1
1781162589.8777375,106.76034736633301,A2_HOLD_AFTER_MOVE,A2_HOLD_AFTER_MOVE_R01_20260611_142122,delta-asda-b3-e,1591,RTSO|SO|OE|VE|QS|TR,1,0,9985,0,13,0.05551,13,0.031083,302,49,4270,2391,6000,,0,,,,holding,normal,0,no_load,none,A2: hold position after move,servo-app/lab-0.1
1781162589.9782217,106.86083149909973,A2_HOLD_AFTER_MOVE,A2_HOLD_AFTER_MOVE_R01_20260611_142122,delta-asda-b3-e,1591,RTSO|SO|OE|VE|QS|TR,1,0,9985,0,13,0.05551,13,0.031083,302,49,4270,2391,6000,,0,,,,holding,normal,0,no_load,none,A2: hold position after move,servo-app/lab-0.1
1781162590.0793545,106.96196436882019,A2_HOLD_AFTER_MOVE,A2_HOLD_AFTER_MOVE_R01_20260611_142122,delta-asda-b3-e,1591,RTSO|SO|OE|VE|QS|TR,1,0,10005,0,14,0.05978,14,0.033474,302,49,4270,2391,6000,,0,,,,holding,normal,0,no_load,none,A2: hold position after move,servo-app/lab-0.1
1781162590.180462,107.06307172775269,A2_HOLD_AFTER_MOVE,A2_HOLD_AFTER_MOVE_R01_20260611_142122,delta-asda-b3-e,1591,RTSO|SO|OE|VE|QS|TR,1,0,10019,0,14,0.05978,13,0.031083,302,49,4270,2391,6000,,0,,,,holding,normal,0,no_load,none,A2: hold position after move,servo-app/lab-0.1
1781162590.2814827,107.16409254074097,A2_HOLD_AFTER_MOVE,A2_HOLD_AFTER_MOVE_R01_20260611_142122,delta-asda-b3-e,1591,RTSO|SO|OE|VE|QS|TR,1,0,10031,0,13,0.05551,14,0.033474,301,49,4270,2391,6000,,0,,,,holding,normal,0,no_load,none,A2: hold position after move,servo-app/lab-0.1
1781162590.3816216,107.26423144340515,A2_HOLD_AFTER_MOVE,A2_HOLD_AFTER_MOVE_R01_20260611_142122,delta-asda-b3-e,1591,RTSO|SO|OE|VE|QS|TR,1,0,10031,0,13,0.05551,13,0.031083,302,49,4270,2391,6000,,0,,,,holding,normal,0,no_load,none,A2: hold position after move,servo-app/lab-0.1
1781162590.4819407,107.36455059051514,A2_HOLD_AFTER_MOVE,A2_HOLD_AFTER_MOVE_R01_20260611_142122,delta-asda-b3-e,1591,RTSO|SO|OE|VE|QS|TR,1,0,10019,0,13,0.05551,13,0.031083,302,49,4270,2391,6000,,0,,,,holding,normal,0,no_load,none,A2: hold position after move,servo-app/lab-0.1
1781162590.5827367,107.46534657478333,A2_HOLD_AFTER_MOVE,A2_HOLD_AFTER_MOVE_R01_20260611_142122,delta-asda-b3-e,1591,RTSO|SO|OE|VE|QS|TR,1,0,10003,0,13,0.05551,13,0.031083,302,49,4270,2391,6000,,0,,,,holding,normal,0,no_load,none,A2: hold position after move,servo-app/lab-0.1
1781162590.6834955,107.56610536575317,A2_HOLD_AFTER_MOVE,A2_HOLD_AFTER_MOVE_R01_20260611_142122,delta-asda-b3-e,1591,RTSO|SO|OE|VE|QS|TR,1,0,9993,0,14,0.05978,14,0.033474,302,49,4270,2391,6000,,0,,,,holding,normal,0,no_load,none,A2: hold position after move,servo-app/lab-0.1
1781162590.784209,107.666818857193,A2_HOLD_AFTER_MOVE,A2_HOLD_AFTER_MOVE_R01_20260611_142122,delta-asda-b3-e,1591,RTSO|SO|OE|VE|QS|TR,1,0,9987,0,13,0.05551,13,0.031083,302,49,4270,2391,6000,,0,,,,holding,normal,0,no_load,none,A2: hold position after move,servo-app/lab-0.1
1781162590.8844097,107.76701951026917,A2_HOLD_AFTER_MOVE,A2_HOLD_AFTER_MOVE_R01_20260611_142122,delta-asda-b3-e,1591,RTSO|SO|OE|VE|QS|TR,1,0,9991,0,13,0.05551,13,0.031083,302,49,4270,2391,6000,,0,,,,holding,normal,0,no_load,none,A2: hold position after move,servo-app/lab-0.1
1781162590.9849322,107.86754202842712,A2_HOLD_AFTER_MOVE,A2_HOLD_AFTER_MOVE_R01_20260611_142122,delta-asda-b3-e,1591,RTSO|SO|OE|VE|QS|TR,1,0,9987,0,13,0.05551,13,0.031083,302,49,4270,2391,6000,,0,,,,holding,normal,0,no_load,none,A2: hold position after move,servo-app/lab-0.1
1781162591.0855353,107.96814513206482,A2_HOLD_AFTER_MOVE,A2_HOLD_AFTER_MOVE_R01_20260611_142122,delta-asda-b3-e,1591,RTSO|SO|OE|VE|QS|TR,1,0,9987,0,12,0.05124,13,0.031083,302,49,4270,2391,6000,,0,,,,holding,normal,0,no_load,none,A2: hold position after move,servo-app/lab-0.1
1781162591.1856563,108.06826615333557,A2_HOLD_AFTER_MOVE,A2_HOLD_AFTER_MOVE_R01_20260611_142122,delta-asda-b3-e,1591,RTSO|SO|OE|VE|QS|TR,1,0,9997,0,13,0.05551,13,0.031083,302,49,4270,2391,6000,,0,,,,holding,normal,0,no_load,none,A2: hold position after move,servo-app/lab-0.1
1781162591.2864006,108.1690104007721,A2_HOLD_AFTER_MOVE,A2_HOLD_AFTER_MOVE_R01_20260611_142122,delta-asda-b3-e,1591,RTSO|SO|OE|VE|QS|TR,1,0,9985,0,13,0.05551,13,0.031083,302,49,4270,2391,6000,,0,,,,holding,normal,0,no_load,none,A2: hold position after move,servo-app/lab-0.1
1781162591.387338,108.26994776725769,A2_HOLD_AFTER_MOVE,A2_HOLD_AFTER_MOVE_R01_20260611_142122,delta-asda-b3-e,1591,RTSO|SO|OE|VE|QS|TR,1,0,9985,0,13,0.05551,12,0.028692,302,49,4270,2391,6000,,0,,,,holding,normal,0,no_load,none,A2: hold position after move,servo-app/lab-0.1
1781162591.4877462,108.37035608291626,A2_HOLD_AFTER_MOVE,A2_HOLD_AFTER_MOVE_R01_20260611_142122,delta-asda-b3-e,1591,RTSO|SO|OE|VE|QS|TR,1,0,9985,0,13,0.05551,13,0.031083,302,49,4270,2391,6000,,0,,,,holding,normal,0,no_load,none,A2: hold position after move,servo-app/lab-0.1
1781162591.5881913,108.47080111503601,A2_HOLD_AFTER_MOVE,A2_HOLD_AFTER_MOVE_R01_20260611_142122,delta-asda-b3-e,1591,RTSO|SO|OE|VE|QS|TR,1,0,9985,0,13,0.05551,13,0.031083,302,49,4270,2391,6000,,0,,,,holding,normal,0,no_load,none,A2: hold position after move,servo-app/lab-0.1
1781162591.6883898,108.57099962234497,A2_HOLD_AFTER_MOVE,A2_HOLD_AFTER_MOVE_R01_20260611_142122,delta-asda-b3-e,1591,RTSO|SO|OE|VE|QS|TR,1,0,10023,0,12,0.05124,13,0.031083,302,49,4270,2391,6000,,0,,,,holding,normal,0,no_load,none,A2: hold position after move,servo-app/lab-0.1
1781162591.7887526,108.67136240005493,A2_HOLD_AFTER_MOVE,A2_HOLD_AFTER_MOVE_R01_20260611_142122,delta-asda-b3-e,1591,RTSO|SO|OE|VE|QS|TR,1,0,10009,0,13,0.05551,13,0.031083,302,49,4270,2391,6000,,0,,,,holding,normal,0,no_load,none,A2: hold position after move,servo-app/lab-0.1
1781162591.8890207,108.77163052558899,A2_HOLD_AFTER_MOVE,A2_HOLD_AFTER_MOVE_R01_20260611_142122,delta-asda-b3-e,1591,RTSO|SO|OE|VE|QS|TR,1,0,10003,0,13,0.05551,13,0.031083,302,49,4270,2391,6000,,0,,,,holding,normal,0,no_load,none,A2: hold position after move,servo-app/lab-0.1
1781162591.9893773,108.8719871044159,A2_HOLD_AFTER_MOVE,A2_HOLD_AFTER_MOVE_R01_20260611_142122,delta-asda-b3-e,1591,RTSO|SO|OE|VE|QS|TR,1,0,10009,0,13,0.05551,13,0.031083,302,49,4270,2391,6000,,0,,,,holding,normal,0,no_load,none,A2: hold position after move,servo-app/lab-0.1
1781162592.089982,108.97259187698364,A2_HOLD_AFTER_MOVE,A2_HOLD_AFTER_MOVE_R01_20260611_142122,delta-asda-b3-e,1591,RTSO|SO|OE|VE|QS|TR,1,0,10031,0,13,0.05551,13,0.031083,302,49,4270,2391,6000,,0,,,,holding,normal,0,no_load,none,A2: hold position after move,servo-app/lab-0.1
1781162592.1910038,109.07361364364624,A2_HOLD_AFTER_MOVE,A2_HOLD_AFTER_MOVE_R01_20260611_142122,delta-asda-b3-e,1591,RTSO|SO|OE|VE|QS|TR,1,0,10031,0,13,0.05551,13,0.031083,302,49,4270,2391,6000,,0,,,,holding,normal,0,no_load,none,A2: hold position after move,servo-app/lab-0.1
1781162592.2915494,109.17415928840637,A2_HOLD_AFTER_MOVE,A2_HOLD_AFTER_MOVE_R01_20260611_142122,delta-asda-b3-e,1591,RTSO|SO|OE|VE|QS|TR,1,0,10031,0,13,0.05551,13,0.031083,302,49,4270,2391,6000,,0,,,,holding,normal,0,no_load,none,A2: hold position after move,servo-app/lab-0.1
1781162592.3919628,109.2745726108551,A2_HOLD_AFTER_MOVE,A2_HOLD_AFTER_MOVE_R01_20260611_142122,delta-asda-b3-e,1591,RTSO|SO|OE|VE|QS|TR,1,0,10005,0,13,0.05551,12,0.028692,302,49,4270,2391,6000,,0,,,,holding,normal,0,no_load,none,A2: hold position after move,servo-app/lab-0.1
1781162592.4967852,109.37939500808716,A2_HOLD_AFTER_MOVE,A2_HOLD_AFTER_MOVE_R01_20260611_142122,delta-asda-b3-e,1591,RTSO|SO|OE|VE|QS|TR,1,0,9985,0,13,0.05551,13,0.031083,302,49,4270,2391,6000,,0,,,,holding,normal,0,no_load,none,A2: hold position after move,servo-app/lab-0.1
1781162592.5973763,109.4799861907959,A2_HOLD_AFTER_MOVE,A2_HOLD_AFTER_MOVE_R01_20260611_142122,delta-asda-b3-e,1591,RTSO|SO|OE|VE|QS|TR,1,0,9987,0,13,0.05551,14,0.033474,302,49,4270,2391,6000,,0,,,,holding,normal,0,no_load,none,A2: hold position after move,servo-app/lab-0.1
1781162592.6976783,109.58028817176819,A2_HOLD_AFTER_MOVE,A2_HOLD_AFTER_MOVE_R01_20260611_142122,delta-asda-b3-e,1591,RTSO|SO|OE|VE|QS|TR,1,0,9985,0,12,0.05124,13,0.031083,302,49,4270,2391,6000,,0,,,,holding,normal,0,no_load,none,A2: hold position after move,servo-app/lab-0.1
1781162592.7985125,109.68112230300903,A2_HOLD_AFTER_MOVE,A2_HOLD_AFTER_MOVE_R01_20260611_142122,delta-asda-b3-e,1591,RTSO|SO|OE|VE|QS|TR,1,0,10009,0,13,0.05551,13,0.031083,302,49,4270,2391,6000,,0,,,,holding,normal,0,no_load,none,A2: hold position after move,servo-app/lab-0.1
1781162592.8993392,109.78194904327393,A2_HOLD_AFTER_MOVE,A2_HOLD_AFTER_MOVE_R01_20260611_142122,delta-asda-b3-e,1591,RTSO|SO|OE|VE|QS|TR,1,0,10015,0,13,0.05551,13,0.031083,302,49,4270,2391,6000,,0,,,,holding,normal,0,no_load,none,A2: hold position after move,servo-app/lab-0.1
1781162592.999418,109.88202786445618,A2_HOLD_AFTER_MOVE,A2_HOLD_AFTER_MOVE_R01_20260611_142122,delta-asda-b3-e,1591,RTSO|SO|OE|VE|QS|TR,1,0,10009,0,12,0.05124,13,0.031083,302,49,4270,2391,6000,,0,,,,holding,normal,0,no_load,none,A2: hold position after move,servo-app/lab-0.1
1781162593.1005907,109.98320055007935,A2_HOLD_AFTER_MOVE,A2_HOLD_AFTER_MOVE_R01_20260611_142122,delta-asda-b3-e,1591,RTSO|SO|OE|VE|QS|TR,1,0,10031,0,12,0.05124,13,0.031083,302,49,4270,2391,6000,,0,,,,holding,normal,0,no_load,none,A2: hold position after move,servo-app/lab-0.1
1781162593.2007346,110.08334445953369,A2_HOLD_AFTER_MOVE,A2_HOLD_AFTER_MOVE_R01_20260611_142122,delta-asda-b3-e,1591,RTSO|SO|OE|VE|QS|TR,1,0,10031,0,14,0.05978,12,0.028692,302,49,4270,2391,6000,,0,,,,holding,normal,0,no_load,none,A2: hold position after move,servo-app/lab-0.1
1781162593.3008628,110.18347263336182,A2_HOLD_AFTER_MOVE,A2_HOLD_AFTER_MOVE_R01_20260611_142122,delta-asda-b3-e,1591,RTSO|SO|OE|VE|QS|TR,1,0,10009,0,13,0.05551,13,0.031083,302,49,4270,2391,6000,,0,,,,holding,normal,0,no_load,none,A2: hold position after move,servo-app/lab-0.1
1781162593.401372,110.28398180007935,A2_HOLD_AFTER_MOVE,A2_HOLD_AFTER_MOVE_R01_20260611_142122,delta-asda-b3-e,1591,RTSO|SO|OE|VE|QS|TR,1,0,10015,0,13,0.05551,13,0.031083,302,49,4270,2391,6000,,0,,,,holding,normal,0,no_load,none,A2: hold position after move,servo-app/lab-0.1
1781162593.5017042,110.38431406021118,A2_HOLD_AFTER_MOVE,A2_HOLD_AFTER_MOVE_R01_20260611_142122,delta-asda-b3-e,1591,RTSO|SO|OE|VE|QS|TR,1,0,10009,0,14,0.05978,13,0.031083,302,49,4270,2391,6000,,0,,,,holding,normal,0,no_load,none,A2: hold position after move,servo-app/lab-0.1
1781162593.602319,110.48492884635925,A2_HOLD_AFTER_MOVE,A2_HOLD_AFTER_MOVE_R01_20260611_142122,delta-asda-b3-e,1591,RTSO|SO|OE|VE|QS|TR,1,0,9991,0,13,0.05551,13,0.031083,302,49,4270,2391,6000,,0,,,,holding,normal,0,no_load,none,A2: hold position after move,servo-app/lab-0.1
1781162593.7029855,110.58559536933899,A2_HOLD_AFTER_MOVE,A2_HOLD_AFTER_MOVE_R01_20260611_142122,delta-asda-b3-e,1591,RTSO|SO|OE|VE|QS|TR,1,0,9973,0,13,0.05551,13,0.031083,302,49,4270,2391,6000,,0,,,,holding,normal,0,no_load,none,A2: hold position after move,servo-app/lab-0.1
1781162593.8033955,110.68600535392761,A2_HOLD_AFTER_MOVE,A2_HOLD_AFTER_MOVE_R01_20260611_142122,delta-asda-b3-e,1591,RTSO|SO|OE|VE|QS|TR,1,0,9991,0,13,0.05551,13,0.031083,302,49,4270,2391,6000,,0,,,,holding,normal,0,no_load,none,A2: hold position after move,servo-app/lab-0.1
1781162593.9039521,110.78656196594238,A2_HOLD_AFTER_MOVE,A2_HOLD_AFTER_MOVE_R01_20260611_142122,delta-asda-b3-e,1591,RTSO|SO|OE|VE|QS|TR,1,0,9985,0,13,0.05551,14,0.033474,302,49,4270,2391,6000,,0,,,,holding,normal,0,no_load,none,A2: hold position after move,servo-app/lab-0.1
1781162594.0047653,110.88737511634827,A2_HOLD_AFTER_MOVE,A2_HOLD_AFTER_MOVE_R01_20260611_142122,delta-asda-b3-e,1591,RTSO|SO|OE|VE|QS|TR,1,0,9991,0,13,0.05551,13,0.031083,302,49,4270,2391,6000,,0,,,,holding,normal,0,no_load,none,A2: hold position after move,servo-app/lab-0.1
1781162594.104843,110.98745274543762,A2_HOLD_AFTER_MOVE,A2_HOLD_AFTER_MOVE_R01_20260611_142122,delta-asda-b3-e,1591,RTSO|SO|OE|VE|QS|TR,1,0,9985,0,13,0.05551,13,0.031083,302,49,4270,2391,6000,,0,,,,holding,normal,0,no_load,none,A2: hold position after move,servo-app/lab-0.1
1781162594.2049603,111.08757019042969,A2_HOLD_AFTER_MOVE,A2_HOLD_AFTER_MOVE_R01_20260611_142122,delta-asda-b3-e,1591,RTSO|SO|OE|VE|QS|TR,1,0,9979,0,13,0.05551,13,0.031083,302,49,4270,2391,6000,,0,,,,holding,normal,0,no_load,none,A2: hold position after move,servo-app/lab-0.1
1781162594.30503,111.18763995170593,A2_HOLD_AFTER_MOVE,A2_HOLD_AFTER_MOVE_R01_20260611_142122,delta-asda-b3-e,1591,RTSO|SO|OE|VE|QS|TR,1,0,9987,0,14,0.05978,13,0.031083,302,49,4270,2391,6000,,0,,,,holding,normal,0,no_load,none,A2: hold position after move,servo-app/lab-0.1
1781162594.405104,111.28771376609802,A2_HOLD_AFTER_MOVE,A2_HOLD_AFTER_MOVE_R01_20260611_142122,delta-asda-b3-e,1591,RTSO|SO|OE|VE|QS|TR,1,0,9985,0,14,0.05978,13,0.031083,302,49,4270,2391,6000,,0,,,,holding,normal,0,no_load,none,A2: hold position after move,servo-app/lab-0.1
1781162594.5056984,111.38830828666687,A2_HOLD_AFTER_MOVE,A2_HOLD_AFTER_MOVE_R01_20260611_142122,delta-asda-b3-e,1591,RTSO|SO|OE|VE|QS|TR,1,0,9991,0,13,0.05551,13,0.031083,302,49,4270,2391,6000,,0,,,,holding,normal,0,no_load,none,A2: hold position after move,servo-app/lab-0.1
1781162594.6061473,111.48875713348389,A2_HOLD_AFTER_MOVE,A2_HOLD_AFTER_MOVE_R01_20260611_142122,delta-asda-b3-e,1591,RTSO|SO|OE|VE|QS|TR,1,0,9985,0,13,0.05551,12,0.028692,302,49,4270,2391,6000,,0,,,,holding,normal,0,no_load,none,A2: hold position after move,servo-app/lab-0.1
1781162594.706473,111.58908295631409,A2_HOLD_AFTER_MOVE,A2_HOLD_AFTER_MOVE_R01_20260611_142122,delta-asda-b3-e,1591,RTSO|SO|OE|VE|QS|TR,1,0,9987,0,13,0.05551,13,0.031083,302,49,4270,2391,6000,,0,,,,holding,normal,0,no_load,none,A2: hold position after move,servo-app/lab-0.1
1781162594.806986,111.68959593772888,A2_HOLD_AFTER_MOVE,A2_HOLD_AFTER_MOVE_R01_20260611_142122,delta-asda-b3-e,1591,RTSO|SO|OE|VE|QS|TR,1,0,9987,0,12,0.05124,13,0.031083,302,49,4270,2391,6000,,0,,,,holding,normal,0,no_load,none,A2: hold position after move,servo-app/lab-0.1
1781162594.9074314,111.79004120826721,A2_HOLD_AFTER_MOVE,A2_HOLD_AFTER_MOVE_R01_20260611_142122,delta-asda-b3-e,1591,RTSO|SO|OE|VE|QS|TR,1,0,9991,0,12,0.05124,13,0.031083,302,49,4270,2391,6000,,0,,,,holding,normal,0,no_load,none,A2: hold position after move,servo-app/lab-0.1
1781162595.0078063,111.8904161453247,A2_HOLD_AFTER_MOVE,A2_HOLD_AFTER_MOVE_R01_20260611_142122,delta-asda-b3-e,1591,RTSO|SO|OE|VE|QS|TR,1,0,10009,0,13,0.05551,13,0.031083,302,49,4270,2391,6000,,0,,,,holding,normal,0,no_load,none,A2: hold position after move,servo-app/lab-0.1
1781162595.107877,111.99048686027527,A2_HOLD_AFTER_MOVE,A2_HOLD_AFTER_MOVE_R01_20260611_142122,delta-asda-b3-e,1591,RTSO|SO|OE|VE|QS|TR,1,0,10015,0,13,0.05551,13,0.031083,302,49,4270,2391,6000,,0,,,,holding,normal,0,no_load,none,A2: hold position after move,servo-app/lab-0.1
1781162595.2084599,112.09106969833374,A2_HOLD_AFTER_MOVE,A2_HOLD_AFTER_MOVE_R01_20260611_142122,delta-asda-b3-e,1591,RTSO|SO|OE|VE|QS|TR,1,0,10009,0,12,0.05124,12,0.028692,301,49,4270,2391,6000,,0,,,,holding,normal,0,no_load,none,A2: hold position after move,servo-app/lab-0.1
1781162595.308827,112.19143676757812,A2_HOLD_AFTER_MOVE,A2_HOLD_AFTER_MOVE_R01_20260611_142122,delta-asda-b3-e,1591,RTSO|SO|OE|VE|QS|TR,1,0,10031,0,12,0.05124,13,0.031083,301,49,4270,2391,6000,,0,,,,holding,normal,0,no_load,none,A2: hold position after move,servo-app/lab-0.1
1781162595.409136,112.29174590110779,A2_HOLD_AFTER_MOVE,A2_HOLD_AFTER_MOVE_R01_20260611_142122,delta-asda-b3-e,1591,RTSO|SO|OE|VE|QS|TR,1,0,10031,0,13,0.05551,13,0.031083,302,49,4270,2391,6000,,0,,,,holding,normal,0,no_load,none,A2: hold position after move,servo-app/lab-0.1
1781162595.5097544,112.39236426353455,A2_HOLD_AFTER_MOVE,A2_HOLD_AFTER_MOVE_R01_20260611_142122,delta-asda-b3-e,1591,RTSO|SO|OE|VE|QS|TR,1,0,10035,0,14,0.05978,13,0.031083,302,49,4270,2391,6000,,0,,,,holding,normal,0,no_load,none,A2: hold position after move,servo-app/lab-0.1
1781162595.6101518,112.49276161193848,A2_HOLD_AFTER_MOVE,A2_HOLD_AFTER_MOVE_R01_20260611_142122,delta-asda-b3-e,1591,RTSO|SO|OE|VE|QS|TR,1,0,10023,0,14,0.05978,13,0.031083,301,49,4270,2391,6000,,0,,,,holding,normal,0,no_load,none,A2: hold position after move,servo-app/lab-0.1
1781162595.710388,112.59299778938293,A2_HOLD_AFTER_MOVE,A2_HOLD_AFTER_MOVE_R01_20260611_142122,delta-asda-b3-e,1591,RTSO|SO|OE|VE|QS|TR,1,0,10013,0,13,0.05551,13,0.031083,302,49,4270,2391,6000,,0,,,,holding,normal,0,no_load,none,A2: hold position after move,servo-app/lab-0.1
1781162595.8107457,112.69335556030273,A2_HOLD_AFTER_MOVE,A2_HOLD_AFTER_MOVE_R01_20260611_142122,delta-asda-b3-e,1591,RTSO|SO|OE|VE|QS|TR,1,0,10019,0,13,0.05551,13,0.031083,302,49,4270,2391,6000,,0,,,,holding,normal,0,no_load,none,A2: hold position after move,servo-app/lab-0.1
1781162595.9110467,112.79365658760071,A2_HOLD_AFTER_MOVE,A2_HOLD_AFTER_MOVE_R01_20260611_142122,delta-asda-b3-e,1591,RTSO|SO|OE|VE|QS|TR,1,0,9993,0,13,0.05551,12,0.028692,302,49,4270,2391,6000,,0,,,,holding,normal,0,no_load,none,A2: hold position after move,servo-app/lab-0.1
1781162596.0114548,112.8940646648407,A2_HOLD_AFTER_MOVE,A2_HOLD_AFTER_MOVE_R01_20260611_142122,delta-asda-b3-e,1591,RTSO|SO|OE|VE|QS|TR,1,0,10009,0,13,0.05551,13,0.031083,302,49,4270,2391,6000,,0,,,,holding,normal,0,no_load,none,A2: hold position after move,servo-app/lab-0.1
1781162596.111925,112.99453473091125,A2_HOLD_AFTER_MOVE,A2_HOLD_AFTER_MOVE_R01_20260611_142122,delta-asda-b3-e,1591,RTSO|SO|OE|VE|QS|TR,1,0,9985,0,14,0.05978,13,0.031083,302,49,4270,2391,6000,,0,,,,holding,normal,0,no_load,none,A2: hold position after move,servo-app/lab-0.1
1781162596.2120605,113.09467029571533,A2_HOLD_AFTER_MOVE,A2_HOLD_AFTER_MOVE_R01_20260611_142122,delta-asda-b3-e,1591,RTSO|SO|OE|VE|QS|TR,1,0,9985,0,13,0.05551,13,0.031083,302,49,4270,2391,6000,,0,,,,holding,normal,0,no_load,none,A2: hold position after move,servo-app/lab-0.1
1781162596.312329,113.19493889808655,A2_HOLD_AFTER_MOVE,A2_HOLD_AFTER_MOVE_R01_20260611_142122,delta-asda-b3-e,1591,RTSO|SO|OE|VE|QS|TR,1,0,9985,0,13,0.05551,13,0.031083,302,49,4270,2391,6000,,0,,,,holding,normal,0,no_load,none,A2: hold position after move,servo-app/lab-0.1
1781162596.412695,113.29530477523804,A2_HOLD_AFTER_MOVE,A2_HOLD_AFTER_MOVE_R01_20260611_142122,delta-asda-b3-e,1591,RTSO|SO|OE|VE|QS|TR,1,0,9973,0,14,0.05978,13,0.031083,302,49,4270,2391,6000,,0,,,,holding,normal,0,no_load,none,A2: hold position after move,servo-app/lab-0.1
1781162596.5130253,113.39563512802124,A2_HOLD_AFTER_MOVE,A2_HOLD_AFTER_MOVE_R01_20260611_142122,delta-asda-b3-e,1591,RTSO|SO|OE|VE|QS|TR,1,0,9987,0,13,0.05551,13,0.031083,302,49,4270,2391,6000,,0,,,,holding,normal,0,no_load,none,A2: hold position after move,servo-app/lab-0.1
1781162596.613224,113.49583387374878,A2_HOLD_AFTER_MOVE,A2_HOLD_AFTER_MOVE_R01_20260611_142122,delta-asda-b3-e,1591,RTSO|SO|OE|VE|QS|TR,1,0,9973,0,14,0.05978,13,0.031083,301,49,4270,2391,6000,,0,,,,holding,normal,0,no_load,none,A2: hold position after move,servo-app/lab-0.1
1781162596.7174604,113.6000702381134,A2_HOLD_AFTER_MOVE,A2_HOLD_AFTER_MOVE_R01_20260611_142122,delta-asda-b3-e,1591,RTSO|SO|OE|VE|QS|TR,1,0,10009,0,13,0.05551,13,0.031083,302,49,4270,2391,6000,,0,,,,holding,normal,0,no_load,none,A2: hold position after move,servo-app/lab-0.1
1781162596.8179467,113.70055651664734,A2_HOLD_AFTER_MOVE,A2_HOLD_AFTER_MOVE_R01_20260611_142122,delta-asda-b3-e,1591,RTSO|SO|OE|VE|QS|TR,1,0,10035,0,13,0.05551,13,0.031083,302,49,4270,2391,6000,,0,,,,holding,normal,0,no_load,none,A2: hold position after move,servo-app/lab-0.1
1781162596.918195,113.80080485343933,A2_HOLD_AFTER_MOVE,A2_HOLD_AFTER_MOVE_R01_20260611_142122,delta-asda-b3-e,1591,RTSO|SO|OE|VE|QS|TR,1,0,10031,0,12,0.05124,13,0.031083,302,49,4270,2391,6000,,0,,,,holding,normal,0,no_load,none,A2: hold position after move,servo-app/lab-0.1
1781162597.0182745,113.90088438987732,A2_HOLD_AFTER_MOVE,A2_HOLD_AFTER_MOVE_R01_20260611_142122,delta-asda-b3-e,1591,RTSO|SO|OE|VE|QS|TR,1,0,10031,0,13,0.05551,13,0.031083,302,49,4270,2391,6000,,0,,,,holding,normal,0,no_load,none,A2: hold position after move,servo-app/lab-0.1
1781162597.1187143,114.00132417678833,A2_HOLD_AFTER_MOVE,A2_HOLD_AFTER_MOVE_R01_20260611_142122,delta-asda-b3-e,1591,RTSO|SO|OE|VE|QS|TR,1,0,10031,0,13,0.05551,13,0.031083,302,49,4270,2391,6000,,0,,,,holding,normal,0,no_load,none,A2: hold position after move,servo-app/lab-0.1
1781162597.2189982,114.10160803794861,A2_HOLD_AFTER_MOVE,A2_HOLD_AFTER_MOVE_R01_20260611_142122,delta-asda-b3-e,1591,RTSO|SO|OE|VE|QS|TR,1,0,10031,0,13,0.05551,14,0.033474,302,49,4270,2391,6000,,0,,,,holding,normal,0,no_load,none,A2: hold position after move,servo-app/lab-0.1
1781162597.319638,114.20224785804749,A2_HOLD_AFTER_MOVE,A2_HOLD_AFTER_MOVE_R01_20260611_142122,delta-asda-b3-e,1591,RTSO|SO|OE|VE|QS|TR,1,0,10031,0,13,0.05551,12,0.028692,302,49,4270,2391,6000,,0,,,,holding,normal,0,no_load,none,A2: hold position after move,servo-app/lab-0.1
1781162597.4198742,114.30248403549194,A2_HOLD_AFTER_MOVE,A2_HOLD_AFTER_MOVE_R01_20260611_142122,delta-asda-b3-e,1591,RTSO|SO|OE|VE|QS|TR,1,0,9997,0,13,0.05551,13,0.031083,302,49,4270,2391,6000,,0,,,,holding,normal,0,no_load,none,A2: hold position after move,servo-app/lab-0.1
1781162597.520486,114.40309596061707,A2_HOLD_AFTER_MOVE,A2_HOLD_AFTER_MOVE_R01_20260611_142122,delta-asda-b3-e,1591,RTSO|SO|OE|VE|QS|TR,1,0,9987,0,13,0.05551,13,0.031083,302,49,4270,2391,6000,,0,,,,holding,normal,0,no_load,none,A2: hold position after move,servo-app/lab-0.1
1781162597.6206067,114.50321650505066,A2_HOLD_AFTER_MOVE,A2_HOLD_AFTER_MOVE_R01_20260611_142122,delta-asda-b3-e,1591,RTSO|SO|OE|VE|QS|TR,1,0,9997,0,13,0.05551,13,0.031083,302,49,4270,2391,6000,,0,,,,holding,normal,0,no_load,none,A2: hold position after move,servo-app/lab-0.1
1781162597.720733,114.60334277153015,A2_HOLD_AFTER_MOVE,A2_HOLD_AFTER_MOVE_R01_20260611_142122,delta-asda-b3-e,1591,RTSO|SO|OE|VE|QS|TR,1,0,9991,0,13,0.05551,13,0.031083,302,49,4270,2391,6000,,0,,,,holding,normal,0,no_load,none,A2: hold position after move,servo-app/lab-0.1
1781162597.8207867,114.7033965587616,A2_HOLD_AFTER_MOVE,A2_HOLD_AFTER_MOVE_R01_20260611_142122,delta-asda-b3-e,1591,RTSO|SO|OE|VE|QS|TR,1,0,10005,0,13,0.05551,13,0.031083,302,49,4270,2391,6000,,0,,,,holding,normal,0,no_load,none,A2: hold position after move,servo-app/lab-0.1
1781162597.9210665,114.80367636680603,A2_HOLD_AFTER_MOVE,A2_HOLD_AFTER_MOVE_R01_20260611_142122,delta-asda-b3-e,1591,RTSO|SO|OE|VE|QS|TR,1,0,9985,0,13,0.05551,12,0.028692,302,49,4270,2391,6000,,0,,,,holding,normal,0,no_load,none,A2: hold position after move,servo-app/lab-0.1
1781162598.0212176,114.90382742881775,A2_HOLD_AFTER_MOVE,A2_HOLD_AFTER_MOVE_R01_20260611_142122,delta-asda-b3-e,1591,RTSO|SO|OE|VE|QS|TR,1,0,9985,0,13,0.05551,13,0.031083,302,49,4270,2391,6000,,0,,,,holding,normal,0,no_load,none,A2: hold position after move,servo-app/lab-0.1
1781162598.1217785,115.00438833236694,A2_HOLD_AFTER_MOVE,A2_HOLD_AFTER_MOVE_R01_20260611_142122,delta-asda-b3-e,1591,RTSO|SO|OE|VE|QS|TR,1,0,9973,0,13,0.05551,13,0.031083,302,49,4270,2391,6000,,0,,,,holding,normal,0,no_load,none,A2: hold position after move,servo-app/lab-0.1
1781162598.222107,115.10471677780151,A2_HOLD_AFTER_MOVE,A2_HOLD_AFTER_MOVE_R01_20260611_142122,delta-asda-b3-e,1591,RTSO|SO|OE|VE|QS|TR,1,0,9973,0,12,0.05124,13,0.031083,302,49,4270,2391,6000,,0,,,,holding,normal,0,no_load,none,A2: hold position after move,servo-app/lab-0.1
1781162598.322179,115.20478892326355,A2_HOLD_AFTER_MOVE,A2_HOLD_AFTER_MOVE_R01_20260611_142122,delta-asda-b3-e,1591,RTSO|SO|OE|VE|QS|TR,1,0,9973,0,14,0.05978,13,0.031083,302,49,4270,2391,6000,,0,,,,holding,normal,0,no_load,none,A2: hold position after move,servo-app/lab-0.1
1781162598.4226928,115.30530261993408,A2_HOLD_AFTER_MOVE,A2_HOLD_AFTER_MOVE_R01_20260611_142122,delta-asda-b3-e,1591,RTSO|SO|OE|VE|QS|TR,1,0,9987,0,13,0.05551,13,0.031083,302,49,4270,2391,6000,,0,,,,holding,normal,0,no_load,none,A2: hold position after move,servo-app/lab-0.1
1781162598.523509,115.4061188697815,A2_HOLD_AFTER_MOVE,A2_HOLD_AFTER_MOVE_R01_20260611_142122,delta-asda-b3-e,1591,RTSO|SO|OE|VE|QS|TR,1,0,9987,0,12,0.05124,13,0.031083,302,49,4270,2391,6000,,0,,,,holding,normal,0,no_load,none,A2: hold position after move,servo-app/lab-0.1
1781162598.624102,115.50671195983887,A2_HOLD_AFTER_MOVE,A2_HOLD_AFTER_MOVE_R01_20260611_142122,delta-asda-b3-e,1591,RTSO|SO|OE|VE|QS|TR,1,0,9987,0,13,0.05551,13,0.031083,302,49,4270,2391,6000,,0,,,,holding,normal,0,no_load,none,A2: hold position after move,servo-app/lab-0.1
1781162598.7245784,115.60718822479248,A2_HOLD_AFTER_MOVE,A2_HOLD_AFTER_MOVE_R01_20260611_142122,delta-asda-b3-e,1591,RTSO|SO|OE|VE|QS|TR,1,0,9981,0,14,0.05978,13,0.031083,302,49,4270,2391,6000,,0,,,,holding,normal,0,no_load,none,A2: hold position after move,servo-app/lab-0.1
1781162598.825092,115.70770192146301,A2_HOLD_AFTER_MOVE,A2_HOLD_AFTER_MOVE_R01_20260611_142122,delta-asda-b3-e,1591,RTSO|SO|OE|VE|QS|TR,1,0,9985,0,13,0.05551,14,0.033474,302,49,4270,2391,6000,,0,,,,holding,normal,0,no_load,none,A2: hold position after move,servo-app/lab-0.1
1781162598.9254756,115.80808544158936,A2_HOLD_AFTER_MOVE,A2_HOLD_AFTER_MOVE_R01_20260611_142122,delta-asda-b3-e,1591,RTSO|SO|OE|VE|QS|TR,1,0,9987,0,13,0.05551,13,0.031083,302,49,4270,2391,6000,,0,,,,holding,normal,0,no_load,none,A2: hold position after move,servo-app/lab-0.1
1781162599.0256965,115.90830636024475,A2_HOLD_AFTER_MOVE,A2_HOLD_AFTER_MOVE_R01_20260611_142122,delta-asda-b3-e,1591,RTSO|SO|OE|VE|QS|TR,1,0,9985,0,13,0.05551,13,0.031083,302,49,4270,2391,6000,,0,,,,holding,normal,0,no_load,none,A2: hold position after move,servo-app/lab-0.1
1781162599.1261683,116.00877809524536,A2_HOLD_AFTER_MOVE,A2_HOLD_AFTER_MOVE_R01_20260611_142122,delta-asda-b3-e,1591,RTSO|SO|OE|VE|QS|TR,1,0,10009,0,13,0.05551,13,0.031083,301,49,4270,2391,6000,,0,,,,holding,normal,0,no_load,none,A2: hold position after move,servo-app/lab-0.1
1781162599.2262084,116.1088182926178,A2_HOLD_AFTER_MOVE,A2_HOLD_AFTER_MOVE_R01_20260611_142122,delta-asda-b3-e,1591,RTSO|SO|OE|VE|QS|TR,1,0,9997,0,13,0.05551,13,0.031083,302,49,4270,2391,6000,,0,,,,holding,normal,0,no_load,none,A2: hold position after move,servo-app/lab-0.1
1781162599.3265374,116.20914721488953,A2_HOLD_AFTER_MOVE,A2_HOLD_AFTER_MOVE_R01_20260611_142122,delta-asda-b3-e,1591,RTSO|SO|OE|VE|QS|TR,1,0,10005,0,13,0.05551,13,0.031083,302,49,4270,2391,6000,,0,,,,holding,normal,0,no_load,none,A2: hold position after move,servo-app/lab-0.1
1781162599.4269314,116.30954122543335,A2_HOLD_AFTER_MOVE,A2_HOLD_AFTER_MOVE_R01_20260611_142122,delta-asda-b3-e,1591,RTSO|SO|OE|VE|QS|TR,1,0,10019,0,13,0.05551,13,0.031083,302,49,4270,2391,6000,,0,,,,holding,normal,0,no_load,none,A2: hold position after move,servo-app/lab-0.1
1781162599.5274582,116.41006803512573,A2_HOLD_AFTER_MOVE,A2_HOLD_AFTER_MOVE_R01_20260611_142122,delta-asda-b3-e,1591,RTSO|SO|OE|VE|QS|TR,1,0,10019,0,13,0.05551,13,0.031083,302,49,4270,2391,6000,,0,,,,holding,normal,0,no_load,none,A2: hold position after move,servo-app/lab-0.1
1781162599.6278968,116.51050662994385,A2_HOLD_AFTER_MOVE,A2_HOLD_AFTER_MOVE_R01_20260611_142122,delta-asda-b3-e,1591,RTSO|SO|OE|VE|QS|TR,1,0,10031,0,13,0.05551,13,0.031083,302,49,4270,2391,6000,,0,,,,holding,normal,0,no_load,none,A2: hold position after move,servo-app/lab-0.1
1781162599.728509,116.61111879348755,A2_HOLD_AFTER_MOVE,A2_HOLD_AFTER_MOVE_R01_20260611_142122,delta-asda-b3-e,1591,RTSO|SO|OE|VE|QS|TR,1,0,10031,0,14,0.05978,13,0.031083,302,49,4270,2391,6000,,0,,,,holding,normal,0,no_load,none,A2: hold position after move,servo-app/lab-0.1
1781162599.8285656,116.71117544174194,A2_HOLD_AFTER_MOVE,A2_HOLD_AFTER_MOVE_R01_20260611_142122,delta-asda-b3-e,1591,RTSO|SO|OE|VE|QS|TR,1,0,10031,0,13,0.05551,12,0.028692,302,49,4270,2391,6000,,0,,,,holding,normal,0,no_load,none,A2: hold position after move,servo-app/lab-0.1
1781162599.9286685,116.81127834320068,A2_HOLD_AFTER_MOVE,A2_HOLD_AFTER_MOVE_R01_20260611_142122,delta-asda-b3-e,1591,RTSO|SO|OE|VE|QS|TR,1,0,10031,0,13,0.05551,13,0.031083,302,49,4270,2391,6000,,0,,,,holding,normal,0,no_load,none,A2: hold position after move,servo-app/lab-0.1
1781162600.029067,116.91167688369751,A2_HOLD_AFTER_MOVE,A2_HOLD_AFTER_MOVE_R01_20260611_142122,delta-asda-b3-e,1591,RTSO|SO|OE|VE|QS|TR,1,0,10009,0,14,0.05978,13,0.031083,302,49,4270,2391,6000,,0,,,,holding,normal,0,no_load,none,A2: hold position after move,servo-app/lab-0.1
1781162600.1294107,117.01202058792114,A2_HOLD_AFTER_MOVE,A2_HOLD_AFTER_MOVE_R01_20260611_142122,delta-asda-b3-e,1591,RTSO|SO|OE|VE|QS|TR,1,0,10005,0,14,0.05978,13,0.031083,302,49,4270,2391,6000,,0,,,,holding,normal,0,no_load,none,A2: hold position after move,servo-app/lab-0.1
1781162600.2297862,117.1123960018158,A2_HOLD_AFTER_MOVE,A2_HOLD_AFTER_MOVE_R01_20260611_142122,delta-asda-b3-e,1591,RTSO|SO|OE|VE|QS|TR,1,0,9991,0,13,0.05551,12,0.028692,302,49,4270,2391,6000,,0,,,,holding,normal,0,no_load,none,A2: hold position after move,servo-app/lab-0.1
1781162600.330122,117.21273183822632,A2_HOLD_AFTER_MOVE,A2_HOLD_AFTER_MOVE_R01_20260611_142122,delta-asda-b3-e,1591,RTSO|SO|OE|VE|QS|TR,1,0,9987,0,13,0.05551,13,0.031083,302,49,4270,2391,6000,,0,,,,holding,normal,0,no_load,none,A2: hold position after move,servo-app/lab-0.1
1781162600.4302547,117.31286454200745,A2_HOLD_AFTER_MOVE,A2_HOLD_AFTER_MOVE_R01_20260611_142122,delta-asda-b3-e,1591,RTSO|SO|OE|VE|QS|TR,1,0,9997,0,13,0.05551,13,0.031083,302,49,4270,2391,6000,,0,,,,holding,normal,0,no_load,none,A2: hold position after move,servo-app/lab-0.1
1781162600.5308216,117.41343140602112,A2_HOLD_AFTER_MOVE,A2_HOLD_AFTER_MOVE_R01_20260611_142122,delta-asda-b3-e,1591,RTSO|SO|OE|VE|QS|TR,1,0,9987,0,13,0.05551,14,0.033474,302,49,4270,2391,6000,,0,,,,holding,normal,0,no_load,none,A2: hold position after move,servo-app/lab-0.1
1781162600.6313176,117.5139274597168,A2_HOLD_AFTER_MOVE,A2_HOLD_AFTER_MOVE_R01_20260611_142122,delta-asda-b3-e,1591,RTSO|SO|OE|VE|QS|TR,1,0,9987,0,13,0.05551,13,0.031083,302,49,4270,2391,6000,,0,,,,holding,normal,0,no_load,none,A2: hold position after move,servo-app/lab-0.1
1781162600.7314446,117.61405444145203,A2_HOLD_AFTER_MOVE,A2_HOLD_AFTER_MOVE_R01_20260611_142122,delta-asda-b3-e,1591,RTSO|SO|OE|VE|QS|TR,1,0,9987,0,14,0.05978,14,0.033474,302,49,4270,2391,6000,,0,,,,holding,normal,0,no_load,none,A2: hold position after move,servo-app/lab-0.1
1781162600.8315246,117.71413445472717,A2_HOLD_AFTER_MOVE,A2_HOLD_AFTER_MOVE_R01_20260611_142122,delta-asda-b3-e,1591,RTSO|SO|OE|VE|QS|TR,1,0,9987,0,13,0.05551,13,0.031083,302,49,4270,2391,6000,,0,,,,holding,normal,0,no_load,none,A2: hold position after move,servo-app/lab-0.1
1781162600.9316008,117.81421065330505,A2_HOLD_AFTER_MOVE,A2_HOLD_AFTER_MOVE_R01_20260611_142122,delta-asda-b3-e,1591,RTSO|SO|OE|VE|QS|TR,1,0,9991,0,13,0.05551,13,0.031083,302,49,4270,2391,6000,,0,,,,holding,normal,0,no_load,none,A2: hold position after move,servo-app/lab-0.1
1781162601.0321465,117.91475629806519,A2_HOLD_AFTER_MOVE,A2_HOLD_AFTER_MOVE_R01_20260611_142122,delta-asda-b3-e,1591,RTSO|SO|OE|VE|QS|TR,1,0,9987,0,13,0.05551,13,0.031083,302,49,4270,2391,6000,,0,,,,holding,normal,0,no_load,none,A2: hold position after move,servo-app/lab-0.1
1781162601.1325586,118.01516842842102,A2_HOLD_AFTER_MOVE,A2_HOLD_AFTER_MOVE_R01_20260611_142122,delta-asda-b3-e,1591,RTSO|SO|OE|VE|QS|TR,1,0,9973,0,13,0.05551,13,0.031083,302,49,4270,2391,6000,,0,,,,holding,normal,0,no_load,none,A2: hold position after move,servo-app/lab-0.1
1781162601.233112,118.11572194099426,A2_HOLD_AFTER_MOVE,A2_HOLD_AFTER_MOVE_R01_20260611_142122,delta-asda-b3-e,1591,RTSO|SO|OE|VE|QS|TR,1,0,9987,0,12,0.05124,13,0.031083,302,49,4270,2391,6000,,0,,,,holding,normal,0,no_load,none,A2: hold position after move,servo-app/lab-0.1
1781162601.3334305,118.21604037284851,A2_HOLD_AFTER_MOVE,A2_HOLD_AFTER_MOVE_R01_20260611_142122,delta-asda-b3-e,1591,RTSO|SO|OE|VE|QS|TR,1,0,9973,0,13,0.05551,13,0.031083,302,49,4270,2391,6000,,0,,,,holding,normal,0,no_load,none,A2: hold position after move,servo-app/lab-0.1
1781162601.4339683,118.31657814979553,A2_HOLD_AFTER_MOVE,A2_HOLD_AFTER_MOVE_R01_20260611_142122,delta-asda-b3-e,1591,RTSO|SO|OE|VE|QS|TR,1,0,9979,0,13,0.05551,13,0.031083,302,49,4270,2391,6000,,0,,,,holding,normal,0,no_load,none,A2: hold position after move,servo-app/lab-0.1
1781162601.5344067,118.41701650619507,A2_HOLD_AFTER_MOVE,A2_HOLD_AFTER_MOVE_R01_20260611_142122,delta-asda-b3-e,1591,RTSO|SO|OE|VE|QS|TR,1,0,9987,0,13,0.05551,14,0.033474,301,49,4270,2391,6000,,0,,,,holding,normal,0,no_load,none,A2: hold position after move,servo-app/lab-0.1
1781162601.6349607,118.51757049560547,A2_HOLD_AFTER_MOVE,A2_HOLD_AFTER_MOVE_R01_20260611_142122,delta-asda-b3-e,1591,RTSO|SO|OE|VE|QS|TR,1,0,10009,0,13,0.05551,14,0.033474,302,49,4270,2391,6000,,0,,,,holding,normal,0,no_load,none,A2: hold position after move,servo-app/lab-0.1
1781162601.7350993,118.61770915985107,A2_HOLD_AFTER_MOVE,A2_HOLD_AFTER_MOVE_R01_20260611_142122,delta-asda-b3-e,1591,RTSO|SO|OE|VE|QS|TR,1,0,10009,0,13,0.05551,13,0.031083,302,49,4270,2391,6000,,0,,,,holding,normal,0,no_load,none,A2: hold position after move,servo-app/lab-0.1
1781162601.835171,118.71778082847595,A2_HOLD_AFTER_MOVE,A2_HOLD_AFTER_MOVE_R01_20260611_142122,delta-asda-b3-e,1591,RTSO|SO|OE|VE|QS|TR,1,0,9997,0,13,0.05551,13,0.031083,302,49,4270,2391,6000,,0,,,,holding,normal,0,no_load,none,A2: hold position after move,servo-app/lab-0.1
1781162601.935267,118.8178768157959,A2_HOLD_AFTER_MOVE,A2_HOLD_AFTER_MOVE_R01_20260611_142122,delta-asda-b3-e,1591,RTSO|SO|OE|VE|QS|TR,1,0,10013,0,13,0.05551,13,0.031083,302,49,4270,2391,6000,,0,,,,holding,normal,0,no_load,none,A2: hold position after move,servo-app/lab-0.1
1781162602.0356684,118.91827821731567,A2_HOLD_AFTER_MOVE,A2_HOLD_AFTER_MOVE_R01_20260611_142122,delta-asda-b3-e,1591,RTSO|SO|OE|VE|QS|TR,1,0,10009,0,14,0.05978,14,0.033474,302,49,4270,2391,6000,,0,,,,holding,normal,0,no_load,none,A2: hold position after move,servo-app/lab-0.1
1781162602.1363227,119.01893258094788,A2_HOLD_AFTER_MOVE,A2_HOLD_AFTER_MOVE_R01_20260611_142122,delta-asda-b3-e,1591,RTSO|SO|OE|VE|QS|TR,1,0,10023,0,13,0.05551,13,0.031083,302,49,4270,2391,6000,,0,,,,holding,normal,0,no_load,none,A2: hold position after move,servo-app/lab-0.1
1781162602.2371998,119.11980962753296,A2_HOLD_AFTER_MOVE,A2_HOLD_AFTER_MOVE_R01_20260611_142122,delta-asda-b3-e,1591,RTSO|SO|OE|VE|QS|TR,1,0,10019,0,13,0.05551,12,0.028692,301,49,4270,2391,6000,,0,,,,holding,normal,0,no_load,none,A2: hold position after move,servo-app/lab-0.1
1781162602.3376133,119.22022318840027,A2_HOLD_AFTER_MOVE,A2_HOLD_AFTER_MOVE_R01_20260611_142122,delta-asda-b3-e,1591,RTSO|SO|OE|VE|QS|TR,1,0,10025,0,13,0.05551,13,0.031083,301,49,4270,2391,6000,,0,,,,holding,normal,0,no_load,none,A2: hold position after move,servo-app/lab-0.1
1781162602.437881,119.32049083709717,A2_HOLD_AFTER_MOVE,A2_HOLD_AFTER_MOVE_R01_20260611_142122,delta-asda-b3-e,1591,RTSO|SO|OE|VE|QS|TR,1,0,10003,0,14,0.05978,12,0.028692,302,49,4270,2391,6000,,0,,,,holding,normal,0,no_load,none,A2: hold position after move,servo-app/lab-0.1
1781162602.538427,119.42103695869446,A2_HOLD_AFTER_MOVE,A2_HOLD_AFTER_MOVE_R01_20260611_142122,delta-asda-b3-e,1591,RTSO|SO|OE|VE|QS|TR,1,0,9987,0,14,0.05978,13,0.031083,302,49,4270,2391,6000,,0,,,,holding,normal,0,no_load,none,A2: hold position after move,servo-app/lab-0.1
1781162602.6389246,119.52153444290161,A2_HOLD_AFTER_MOVE,A2_HOLD_AFTER_MOVE_R01_20260611_142122,delta-asda-b3-e,1591,RTSO|SO|OE|VE|QS|TR,1,0,9991,0,13,0.05551,13,0.031083,301,49,4270,2391,6000,,0,,,,holding,normal,0,no_load,none,A2: hold position after move,servo-app/lab-0.1
1781162602.7400792,119.62268900871277,A2_HOLD_AFTER_MOVE,A2_HOLD_AFTER_MOVE_R01_20260611_142122,delta-asda-b3-e,1591,RTSO|SO|OE|VE|QS|TR,1,0,9985,0,13,0.05551,13,0.031083,302,49,4270,2391,6000,,0,,,,holding,normal,0,no_load,none,A2: hold position after move,servo-app/lab-0.1
1781162602.8412864,119.72389626502991,A2_HOLD_AFTER_MOVE,A2_HOLD_AFTER_MOVE_R01_20260611_142122,delta-asda-b3-e,1591,RTSO|SO|OE|VE|QS|TR,1,0,9987,0,13,0.05551,13,0.031083,302,49,4270,2391,6000,,0,,,,holding,normal,0,no_load,none,A2: hold position after move,servo-app/lab-0.1
1781162602.9414182,119.82402801513672,A2_HOLD_AFTER_MOVE,A2_HOLD_AFTER_MOVE_R01_20260611_142122,delta-asda-b3-e,1591,RTSO|SO|OE|VE|QS|TR,1,0,9985,0,13,0.05551,13,0.031083,302,49,4270,2391,6000,,0,,,,holding,normal,0,no_load,none,A2: hold position after move,servo-app/lab-0.1
1781162603.0420377,119.92464756965637,A2_HOLD_AFTER_MOVE,A2_HOLD_AFTER_MOVE_R01_20260611_142122,delta-asda-b3-e,1591,RTSO|SO|OE|VE|QS|TR,1,0,9985,0,13,0.05551,13,0.031083,302,49,4270,2391,6000,,0,,,,holding,normal,0,no_load,none,A2: hold position after move,servo-app/lab-0.1
