ts,t,experiment_id,session_id,device_id,statusword,statusword_flags,mode_display,error_code,position,velocity,current,current_A,torque,torque_Nm,dc_bus_voltage,drive_temp,rated_current,rated_torque,max_motor_speed,target_position,target_velocity,target_torque,acceleration_cmd,deceleration_cmd,regime_label,risk_label,is_artificial_anomaly,load_type,direction,operator_comment,software_version
1781163469.6323905,0.0,C1_SPEED_300,C1_SPEED_300_R01_20260611_143748,delta-asda-b3-e,1591,RTSO|SO|OE|VE|QS|TR,3,0,6931320,300,19,0.08113,18,0.043038,302,49,4270,2391,6000,,300,,,,constant_speed,normal,0,no_load,cw,C1: 300 rpm,servo-app/lab-0.1
1781163469.7329352,0.10054469108581543,C1_SPEED_300,C1_SPEED_300_R01_20260611_143748,delta-asda-b3-e,1591,RTSO|SO|OE|VE|QS|TR,3,0,7778294,299,22,0.09394,23,0.054993,302,49,4270,2391,6000,,300,,,,constant_speed,normal,0,no_load,cw,C1: 300 rpm,servo-app/lab-0.1
1781163469.8336535,0.2012629508972168,C1_SPEED_300,C1_SPEED_300_R01_20260611_143748,delta-asda-b3-e,1591,RTSO|SO|OE|VE|QS|TR,3,0,8616988,300,17,0.07259,17,0.040647,301,49,4270,2391,6000,,300,,,,constant_speed,normal,0,no_load,cw,C1: 300 rpm,servo-app/lab-0.1
1781163469.9338222,0.30143165588378906,C1_SPEED_300,C1_SPEED_300_R01_20260611_143748,delta-asda-b3-e,1591,RTSO|SO|OE|VE|QS|TR,3,0,9464173,299,20,0.0854,20,0.04782,301,49,4270,2391,6000,,300,,,,constant_speed,normal,0,no_load,cw,C1: 300 rpm,servo-app/lab-0.1
1781163470.0344703,0.40207982063293457,C1_SPEED_300,C1_SPEED_300_R01_20260611_143748,delta-asda-b3-e,1591,RTSO|SO|OE|VE|QS|TR,3,0,10302879,301,18,0.07686,19,0.045429,301,49,4270,2391,6000,,300,,,,constant_speed,normal,0,no_load,cw,C1: 300 rpm,servo-app/lab-0.1
1781163470.1350348,0.5026443004608154,C1_SPEED_300,C1_SPEED_300_R01_20260611_143748,delta-asda-b3-e,1591,RTSO|SO|OE|VE|QS|TR,3,0,11149687,299,23,0.09821,24,0.057384,301,49,4270,2391,6000,,300,,,,constant_speed,normal,0,no_load,cw,C1: 300 rpm,servo-app/lab-0.1
1781163470.2354584,0.6030678749084473,C1_SPEED_300,C1_SPEED_300_R01_20260611_143748,delta-asda-b3-e,1591,RTSO|SO|OE|VE|QS|TR,3,0,11989398,301,16,0.06832,15,0.035865,301,49,4270,2391,6000,,300,,,,constant_speed,normal,0,no_load,cw,C1: 300 rpm,servo-app/lab-0.1
1781163470.3362753,0.7038848400115967,C1_SPEED_300,C1_SPEED_300_R01_20260611_143748,delta-asda-b3-e,1591,RTSO|SO|OE|VE|QS|TR,3,0,12835930,298,21,0.08967,20,0.04782,301,49,4270,2391,6000,,300,,,,constant_speed,normal,0,no_load,cw,C1: 300 rpm,servo-app/lab-0.1
1781163470.4367082,0.8043177127838135,C1_SPEED_300,C1_SPEED_300_R01_20260611_143748,delta-asda-b3-e,1591,RTSO|SO|OE|VE|QS|TR,3,0,13675012,300,19,0.08113,19,0.045429,301,49,4270,2391,6000,,300,,,,constant_speed,normal,0,no_load,cw,C1: 300 rpm,servo-app/lab-0.1
1781163470.5380454,0.9056549072265625,C1_SPEED_300,C1_SPEED_300_R01_20260611_143748,delta-asda-b3-e,1591,RTSO|SO|OE|VE|QS|TR,3,0,14529968,299,21,0.08967,23,0.054993,300,49,4270,2391,6000,,300,,,,constant_speed,normal,0,no_load,cw,C1: 300 rpm,servo-app/lab-0.1
1781163470.6382484,1.0058579444885254,C1_SPEED_300,C1_SPEED_300_R01_20260611_143748,delta-asda-b3-e,1591,RTSO|SO|OE|VE|QS|TR,3,0,15369482,300,16,0.06832,18,0.043038,301,49,4270,2391,6000,,300,,,,constant_speed,normal,0,no_load,cw,C1: 300 rpm,servo-app/lab-0.1
1781163470.738656,1.1062655448913574,C1_SPEED_300,C1_SPEED_300_R01_20260611_143748,delta-asda-b3-e,1591,RTSO|SO|OE|VE|QS|TR,3,0,16216764,299,15,0.06405,16,0.038256,301,49,4270,2391,6000,,300,,,,constant_speed,normal,0,no_load,cw,C1: 300 rpm,servo-app/lab-0.1
1781163470.8388798,1.2064893245697021,C1_SPEED_300,C1_SPEED_300_R01_20260611_143748,delta-asda-b3-e,1591,RTSO|SO|OE|VE|QS|TR,3,0,17055247,300,17,0.07259,19,0.045429,302,49,4270,2391,6000,,300,,,,constant_speed,normal,0,no_load,cw,C1: 300 rpm,servo-app/lab-0.1
1781163470.9393885,1.3069980144500732,C1_SPEED_300,C1_SPEED_300_R01_20260611_143748,delta-asda-b3-e,1591,RTSO|SO|OE|VE|QS|TR,3,0,17893649,298,20,0.0854,21,0.050211,301,49,4270,2391,6000,,300,,,,constant_speed,normal,0,no_load,cw,C1: 300 rpm,servo-app/lab-0.1
1781163471.0397224,1.407331943511963,C1_SPEED_300,C1_SPEED_300_R01_20260611_143748,delta-asda-b3-e,1591,RTSO|SO|OE|VE|QS|TR,3,0,18733051,301,14,0.05978,16,0.038256,301,49,4270,2391,6000,,300,,,,constant_speed,normal,0,no_load,cw,C1: 300 rpm,servo-app/lab-0.1
1781163471.1402328,1.5078423023223877,C1_SPEED_300,C1_SPEED_300_R01_20260611_143748,delta-asda-b3-e,1591,RTSO|SO|OE|VE|QS|TR,3,0,19580101,299,19,0.08113,17,0.040647,301,49,4270,2391,6000,,300,,,,constant_speed,normal,0,no_load,cw,C1: 300 rpm,servo-app/lab-0.1
1781163471.2410612,1.608670711517334,C1_SPEED_300,C1_SPEED_300_R01_20260611_143748,delta-asda-b3-e,1591,RTSO|SO|OE|VE|QS|TR,3,0,20427746,300,18,0.07686,17,0.040647,301,49,4270,2391,6000,,300,,,,constant_speed,normal,0,no_load,cw,C1: 300 rpm,servo-app/lab-0.1
1781163471.341515,1.7091245651245117,C1_SPEED_300,C1_SPEED_300_R01_20260611_143748,delta-asda-b3-e,1591,RTSO|SO|OE|VE|QS|TR,3,0,21265373,298,22,0.09394,20,0.04782,301,49,4270,2391,6000,,300,,,,constant_speed,normal,0,no_load,cw,C1: 300 rpm,servo-app/lab-0.1
1781163471.4416645,1.8092739582061768,C1_SPEED_300,C1_SPEED_300_R01_20260611_143748,delta-asda-b3-e,1591,RTSO|SO|OE|VE|QS|TR,3,0,22113411,300,17,0.07259,16,0.038256,301,49,4270,2391,6000,,300,,,,constant_speed,normal,0,no_load,cw,C1: 300 rpm,servo-app/lab-0.1
1781163471.5421236,1.9097330570220947,C1_SPEED_300,C1_SPEED_300_R01_20260611_143748,delta-asda-b3-e,1591,RTSO|SO|OE|VE|QS|TR,3,0,22951966,300,17,0.07259,16,0.038256,301,49,4270,2391,6000,,300,,,,constant_speed,normal,0,no_load,cw,C1: 300 rpm,servo-app/lab-0.1
1781163471.642365,2.009974479675293,C1_SPEED_300,C1_SPEED_300_R01_20260611_143748,delta-asda-b3-e,1591,RTSO|SO|OE|VE|QS|TR,3,0,23791076,301,18,0.07686,18,0.043038,301,49,4270,2391,6000,,300,,,,constant_speed,normal,0,no_load,cw,C1: 300 rpm,servo-app/lab-0.1
1781163471.7424445,2.1100540161132812,C1_SPEED_300,C1_SPEED_300_R01_20260611_143748,delta-asda-b3-e,1591,RTSO|SO|OE|VE|QS|TR,3,0,24629269,299,22,0.09394,20,0.04782,301,49,4270,2391,6000,,300,,,,constant_speed,normal,0,no_load,cw,C1: 300 rpm,servo-app/lab-0.1
1781163471.8427722,2.2103817462921143,C1_SPEED_300,C1_SPEED_300_R01_20260611_143748,delta-asda-b3-e,1591,RTSO|SO|OE|VE|QS|TR,3,0,25468416,300,17,0.07259,16,0.038256,301,49,4270,2391,6000,,300,,,,constant_speed,normal,0,no_load,cw,C1: 300 rpm,servo-app/lab-0.1
1781163471.9443493,2.3119587898254395,C1_SPEED_300,C1_SPEED_300_R01_20260611_143748,delta-asda-b3-e,1591,RTSO|SO|OE|VE|QS|TR,3,0,26323764,299,19,0.08113,19,0.045429,301,49,4270,2391,6000,,300,,,,constant_speed,normal,0,no_load,cw,C1: 300 rpm,servo-app/lab-0.1
1781163472.0444283,2.4120378494262695,C1_SPEED_300,C1_SPEED_300_R01_20260611_143748,delta-asda-b3-e,1591,RTSO|SO|OE|VE|QS|TR,3,0,27163193,301,18,0.07686,18,0.043038,301,49,4270,2391,6000,,300,,,,constant_speed,normal,0,no_load,cw,C1: 300 rpm,servo-app/lab-0.1
1781163472.1445193,2.5121288299560547,C1_SPEED_300,C1_SPEED_300_R01_20260611_143748,delta-asda-b3-e,1591,RTSO|SO|OE|VE|QS|TR,3,0,28001008,299,22,0.09394,23,0.054993,301,49,4270,2391,6000,,300,,,,constant_speed,normal,0,no_load,cw,C1: 300 rpm,servo-app/lab-0.1
1781163472.244672,2.612281560897827,C1_SPEED_300,C1_SPEED_300_R01_20260611_143748,delta-asda-b3-e,1591,RTSO|SO|OE|VE|QS|TR,3,0,28849512,301,17,0.07259,17,0.040647,301,49,4270,2391,6000,,300,,,,constant_speed,normal,0,no_load,cw,C1: 300 rpm,servo-app/lab-0.1
1781163472.3449967,2.712606191635132,C1_SPEED_300,C1_SPEED_300_R01_20260611_143748,delta-asda-b3-e,1591,RTSO|SO|OE|VE|QS|TR,3,0,29687318,299,18,0.07686,18,0.043038,301,49,4270,2391,6000,,300,,,,constant_speed,normal,0,no_load,cw,C1: 300 rpm,servo-app/lab-0.1
1781163472.4455323,2.8131418228149414,C1_SPEED_300,C1_SPEED_300_R01_20260611_143748,delta-asda-b3-e,1591,RTSO|SO|OE|VE|QS|TR,3,0,30526669,300,19,0.08113,19,0.045429,301,49,4270,2391,6000,,300,,,,constant_speed,normal,0,no_load,cw,C1: 300 rpm,servo-app/lab-0.1
1781163472.5459857,2.913595199584961,C1_SPEED_300,C1_SPEED_300_R01_20260611_143748,delta-asda-b3-e,1591,RTSO|SO|OE|VE|QS|TR,3,0,31373198,300,22,0.09394,21,0.050211,301,49,4270,2391,6000,,300,,,,constant_speed,normal,0,no_load,cw,C1: 300 rpm,servo-app/lab-0.1
1781163472.647288,3.014897584915161,C1_SPEED_300,C1_SPEED_300_R01_20260611_143748,delta-asda-b3-e,1591,RTSO|SO|OE|VE|QS|TR,3,0,32221320,301,17,0.07259,17,0.040647,301,49,4270,2391,6000,,300,,,,constant_speed,normal,0,no_load,cw,C1: 300 rpm,servo-app/lab-0.1
1781163472.7487478,3.1163573265075684,C1_SPEED_300,C1_SPEED_300_R01_20260611_143748,delta-asda-b3-e,1591,RTSO|SO|OE|VE|QS|TR,3,0,33068064,299,18,0.07686,18,0.043038,301,49,4270,2391,6000,,300,,,,constant_speed,normal,0,no_load,cw,C1: 300 rpm,servo-app/lab-0.1
1781163472.8496203,3.2172298431396484,C1_SPEED_300,C1_SPEED_300_R01_20260611_143748,delta-asda-b3-e,1591,RTSO|SO|OE|VE|QS|TR,3,0,33915323,300,17,0.07259,19,0.045429,301,49,4270,2391,6000,,300,,,,constant_speed,normal,0,no_load,cw,C1: 300 rpm,servo-app/lab-0.1
1781163472.9501233,3.317732810974121,C1_SPEED_300,C1_SPEED_300_R01_20260611_143748,delta-asda-b3-e,1591,RTSO|SO|OE|VE|QS|TR,3,0,34761639,299,21,0.08967,23,0.054993,301,49,4270,2391,6000,,300,,,,constant_speed,normal,0,no_load,cw,C1: 300 rpm,servo-app/lab-0.1
1781163473.0502791,3.417888641357422,C1_SPEED_300,C1_SPEED_300_R01_20260611_143748,delta-asda-b3-e,1591,RTSO|SO|OE|VE|QS|TR,3,0,35601801,301,15,0.06405,16,0.038256,301,49,4270,2391,6000,,300,,,,constant_speed,normal,0,no_load,cw,C1: 300 rpm,servo-app/lab-0.1
1781163473.1507375,3.5183470249176025,C1_SPEED_300,C1_SPEED_300_R01_20260611_143748,delta-asda-b3-e,1591,RTSO|SO|OE|VE|QS|TR,3,0,36439684,299,17,0.07259,18,0.043038,301,49,4270,2391,6000,,300,,,,constant_speed,normal,0,no_load,cw,C1: 300 rpm,servo-app/lab-0.1
1781163473.2509403,3.6185498237609863,C1_SPEED_300,C1_SPEED_300_R01_20260611_143748,delta-asda-b3-e,1591,RTSO|SO|OE|VE|QS|TR,3,0,37287665,300,17,0.07259,18,0.043038,300,49,4270,2391,6000,,300,,,,constant_speed,normal,0,no_load,cw,C1: 300 rpm,servo-app/lab-0.1
1781163473.3516886,3.7192981243133545,C1_SPEED_300,C1_SPEED_300_R01_20260611_143748,delta-asda-b3-e,1591,RTSO|SO|OE|VE|QS|TR,3,0,38124940,299,23,0.09821,22,0.052602,301,49,4270,2391,6000,,300,,,,constant_speed,normal,0,no_load,cw,C1: 300 rpm,servo-app/lab-0.1
1781163473.4518573,3.8194668292999268,C1_SPEED_300,C1_SPEED_300_R01_20260611_143748,delta-asda-b3-e,1591,RTSO|SO|OE|VE|QS|TR,3,0,38973491,301,19,0.08113,17,0.040647,301,49,4270,2391,6000,,300,,,,constant_speed,normal,0,no_load,cw,C1: 300 rpm,servo-app/lab-0.1
1781163473.552423,3.920032501220703,C1_SPEED_300,C1_SPEED_300_R01_20260611_143748,delta-asda-b3-e,1591,RTSO|SO|OE|VE|QS|TR,3,0,39811713,300,17,0.07259,16,0.038256,301,49,4270,2391,6000,,300,,,,constant_speed,normal,0,no_load,cw,C1: 300 rpm,servo-app/lab-0.1
1781163473.65296,4.020569562911987,C1_SPEED_300,C1_SPEED_300_R01_20260611_143748,delta-asda-b3-e,1591,RTSO|SO|OE|VE|QS|TR,3,0,40659371,301,20,0.0854,19,0.045429,301,49,4270,2391,6000,,300,,,,constant_speed,normal,0,no_load,cw,C1: 300 rpm,servo-app/lab-0.1
1781163473.7534046,4.12101411819458,C1_SPEED_300,C1_SPEED_300_R01_20260611_143748,delta-asda-b3-e,1591,RTSO|SO|OE|VE|QS|TR,3,0,41497006,299,25,0.10675,25,0.059775,301,49,4270,2391,6000,,300,,,,constant_speed,normal,0,no_load,cw,C1: 300 rpm,servo-app/lab-0.1
1781163473.853647,4.221256494522095,C1_SPEED_300,C1_SPEED_300_R01_20260611_143748,delta-asda-b3-e,1591,RTSO|SO|OE|VE|QS|TR,3,0,42336762,301,19,0.08113,17,0.040647,301,49,4270,2391,6000,,300,,,,constant_speed,normal,0,no_load,cw,C1: 300 rpm,servo-app/lab-0.1
1781163473.9541848,4.321794271469116,C1_SPEED_300,C1_SPEED_300_R01_20260611_143748,delta-asda-b3-e,1591,RTSO|SO|OE|VE|QS|TR,3,0,43183140,299,21,0.08967,21,0.050211,301,49,4270,2391,6000,,300,,,,constant_speed,normal,0,no_load,cw,C1: 300 rpm,servo-app/lab-0.1
1781163474.0545926,4.422202110290527,C1_SPEED_300,C1_SPEED_300_R01_20260611_143748,delta-asda-b3-e,1591,RTSO|SO|OE|VE|QS|TR,3,0,44023180,301,18,0.07686,19,0.045429,301,49,4270,2391,6000,,300,,,,constant_speed,normal,0,no_load,cw,C1: 300 rpm,servo-app/lab-0.1
1781163474.1551826,4.522792100906372,C1_SPEED_300,C1_SPEED_300_R01_20260611_143748,delta-asda-b3-e,1591,RTSO|SO|OE|VE|QS|TR,3,0,44868791,299,25,0.10675,25,0.059775,301,49,4270,2391,6000,,300,,,,constant_speed,normal,0,no_load,cw,C1: 300 rpm,servo-app/lab-0.1
1781163474.2555761,4.623185634613037,C1_SPEED_300,C1_SPEED_300_R01_20260611_143748,delta-asda-b3-e,1591,RTSO|SO|OE|VE|QS|TR,3,0,45709367,301,18,0.07686,19,0.045429,301,49,4270,2391,6000,,300,,,,constant_speed,normal,0,no_load,cw,C1: 300 rpm,servo-app/lab-0.1
1781163474.3556523,4.723261833190918,C1_SPEED_300,C1_SPEED_300_R01_20260611_143748,delta-asda-b3-e,1591,RTSO|SO|OE|VE|QS|TR,3,0,46546757,299,20,0.0854,19,0.045429,301,49,4270,2391,6000,,300,,,,constant_speed,normal,0,no_load,cw,C1: 300 rpm,servo-app/lab-0.1
1781163474.456038,4.823647499084473,C1_SPEED_300,C1_SPEED_300_R01_20260611_143748,delta-asda-b3-e,1591,RTSO|SO|OE|VE|QS|TR,3,0,47395078,301,18,0.07686,19,0.045429,301,49,4270,2391,6000,,300,,,,constant_speed,normal,0,no_load,cw,C1: 300 rpm,servo-app/lab-0.1
1781163474.5566444,4.924253940582275,C1_SPEED_300,C1_SPEED_300_R01_20260611_143748,delta-asda-b3-e,1591,RTSO|SO|OE|VE|QS|TR,3,0,48232958,300,21,0.08967,22,0.052602,301,49,4270,2391,6000,,300,,,,constant_speed,normal,0,no_load,cw,C1: 300 rpm,servo-app/lab-0.1
1781163474.6569824,5.02459192276001,C1_SPEED_300,C1_SPEED_300_R01_20260611_143748,delta-asda-b3-e,1591,RTSO|SO|OE|VE|QS|TR,3,0,49081377,300,19,0.08113,18,0.043038,301,49,4270,2391,6000,,300,,,,constant_speed,normal,0,no_load,cw,C1: 300 rpm,servo-app/lab-0.1
1781163474.757399,5.125008583068848,C1_SPEED_300,C1_SPEED_300_R01_20260611_143748,delta-asda-b3-e,1591,RTSO|SO|OE|VE|QS|TR,3,0,49919345,299,19,0.08113,18,0.043038,301,49,4270,2391,6000,,300,,,,constant_speed,normal,0,no_load,cw,C1: 300 rpm,servo-app/lab-0.1
1781163474.8575623,5.225171804428101,C1_SPEED_300,C1_SPEED_300_R01_20260611_143748,delta-asda-b3-e,1591,RTSO|SO|OE|VE|QS|TR,3,0,50758639,300,18,0.07686,18,0.043038,301,49,4270,2391,6000,,300,,,,constant_speed,normal,0,no_load,cw,C1: 300 rpm,servo-app/lab-0.1
1781163474.957854,5.325463533401489,C1_SPEED_300,C1_SPEED_300_R01_20260611_143748,delta-asda-b3-e,1591,RTSO|SO|OE|VE|QS|TR,3,0,51596336,299,23,0.09821,22,0.052602,301,49,4270,2391,6000,,300,,,,constant_speed,normal,0,no_load,cw,C1: 300 rpm,servo-app/lab-0.1
1781163475.0582979,5.425907373428345,C1_SPEED_300,C1_SPEED_300_R01_20260611_143748,delta-asda-b3-e,1591,RTSO|SO|OE|VE|QS|TR,3,0,52445278,301,17,0.07259,17,0.040647,301,49,4270,2391,6000,,300,,,,constant_speed,normal,0,no_load,cw,C1: 300 rpm,servo-app/lab-0.1
1781163475.158633,5.52624249458313,C1_SPEED_300,C1_SPEED_300_R01_20260611_143748,delta-asda-b3-e,1591,RTSO|SO|OE|VE|QS|TR,3,0,53282677,299,19,0.08113,18,0.043038,301,49,4270,2391,6000,,300,,,,constant_speed,normal,0,no_load,cw,C1: 300 rpm,servo-app/lab-0.1
1781163475.2587407,5.626350164413452,C1_SPEED_300,C1_SPEED_300_R01_20260611_143748,delta-asda-b3-e,1591,RTSO|SO|OE|VE|QS|TR,3,0,54122586,300,18,0.07686,17,0.040647,301,49,4270,2391,6000,,300,,,,constant_speed,normal,0,no_load,cw,C1: 300 rpm,servo-app/lab-0.1
1781163475.359559,5.727168560028076,C1_SPEED_300,C1_SPEED_300_R01_20260611_143748,delta-asda-b3-e,1591,RTSO|SO|OE|VE|QS|TR,3,0,54993079,299,23,0.09821,21,0.050211,301,49,4270,2391,6000,,300,,,,constant_speed,normal,0,no_load,cw,C1: 300 rpm,servo-app/lab-0.1
1781163475.4601536,5.827763080596924,C1_SPEED_300,C1_SPEED_300_R01_20260611_143748,delta-asda-b3-e,1591,RTSO|SO|OE|VE|QS|TR,3,0,55816825,300,18,0.07686,20,0.04782,301,49,4270,2391,6000,,300,,,,constant_speed,normal,0,no_load,cw,C1: 300 rpm,servo-app/lab-0.1
1781163475.5606863,5.928295850753784,C1_SPEED_300,C1_SPEED_300_R01_20260611_143748,delta-asda-b3-e,1591,RTSO|SO|OE|VE|QS|TR,3,0,56654838,299,16,0.06832,19,0.045429,301,49,4270,2391,6000,,300,,,,constant_speed,normal,0,no_load,cw,C1: 300 rpm,servo-app/lab-0.1
1781163475.6609192,6.028528690338135,C1_SPEED_300,C1_SPEED_300_R01_20260611_143748,delta-asda-b3-e,1591,RTSO|SO|OE|VE|QS|TR,3,0,57502600,300,18,0.07686,19,0.045429,301,49,4270,2391,6000,,300,,,,constant_speed,normal,0,no_load,cw,C1: 300 rpm,servo-app/lab-0.1
1781163475.7611737,6.128783226013184,C1_SPEED_300,C1_SPEED_300_R01_20260611_143748,delta-asda-b3-e,1591,RTSO|SO|OE|VE|QS|TR,3,0,58373492,299,23,0.09821,23,0.054993,301,49,4270,2391,6000,,300,,,,constant_speed,normal,0,no_load,cw,C1: 300 rpm,servo-app/lab-0.1
1781163475.8616693,6.229278802871704,C1_SPEED_300,C1_SPEED_300_R01_20260611_143748,delta-asda-b3-e,1591,RTSO|SO|OE|VE|QS|TR,3,0,59205237,300,19,0.08113,20,0.04782,301,49,4270,2391,6000,,300,,,,constant_speed,normal,0,no_load,cw,C1: 300 rpm,servo-app/lab-0.1
1781163475.9622765,6.329885959625244,C1_SPEED_300,C1_SPEED_300_R01_20260611_143748,delta-asda-b3-e,1591,RTSO|SO|OE|VE|QS|TR,3,0,60026163,299,19,0.08113,19,0.045429,301,49,4270,2391,6000,,300,,,,constant_speed,normal,0,no_load,cw,C1: 300 rpm,servo-app/lab-0.1
1781163476.062857,6.430466413497925,C1_SPEED_300,C1_SPEED_300_R01_20260611_143748,delta-asda-b3-e,1591,RTSO|SO|OE|VE|QS|TR,3,0,60866439,300,17,0.07259,17,0.040647,301,49,4270,2391,6000,,300,,,,constant_speed,normal,0,no_load,cw,C1: 300 rpm,servo-app/lab-0.1
1781163476.1630838,6.530693292617798,C1_SPEED_300,C1_SPEED_300_R01_20260611_143748,delta-asda-b3-e,1591,RTSO|SO|OE|VE|QS|TR,3,0,61711646,299,23,0.09821,22,0.052602,301,49,4270,2391,6000,,300,,,,constant_speed,normal,0,no_load,cw,C1: 300 rpm,servo-app/lab-0.1
1781163476.2641041,6.631713628768921,C1_SPEED_300,C1_SPEED_300_R01_20260611_143748,delta-asda-b3-e,1591,RTSO|SO|OE|VE|QS|TR,3,0,62560503,300,19,0.08113,20,0.04782,301,49,4270,2391,6000,,300,,,,constant_speed,normal,0,no_load,cw,C1: 300 rpm,servo-app/lab-0.1
1781163476.3648524,6.732461929321289,C1_SPEED_300,C1_SPEED_300_R01_20260611_143748,delta-asda-b3-e,1591,RTSO|SO|OE|VE|QS|TR,3,0,63397813,300,19,0.08113,19,0.045429,301,49,4270,2391,6000,,300,,,,constant_speed,normal,0,no_load,cw,C1: 300 rpm,servo-app/lab-0.1
1781163476.4651062,6.832715749740601,C1_SPEED_300,C1_SPEED_300_R01_20260611_143748,delta-asda-b3-e,1591,RTSO|SO|OE|VE|QS|TR,3,0,64246169,300,19,0.08113,18,0.043038,301,49,4270,2391,6000,,300,,,,constant_speed,normal,0,no_load,cw,C1: 300 rpm,servo-app/lab-0.1
1781163476.565656,6.933265447616577,C1_SPEED_300,C1_SPEED_300_R01_20260611_143748,delta-asda-b3-e,1591,RTSO|SO|OE|VE|QS|TR,3,0,65083906,300,23,0.09821,23,0.054993,301,49,4270,2391,6000,,300,,,,constant_speed,normal,0,no_load,cw,C1: 300 rpm,servo-app/lab-0.1
1781163476.6658902,7.033499717712402,C1_SPEED_300,C1_SPEED_300_R01_20260611_143748,delta-asda-b3-e,1591,RTSO|SO|OE|VE|QS|TR,3,0,65923878,300,18,0.07686,19,0.045429,301,49,4270,2391,6000,,300,,,,constant_speed,normal,0,no_load,cw,C1: 300 rpm,servo-app/lab-0.1
1781163476.7661057,7.1337151527404785,C1_SPEED_300,C1_SPEED_300_R01_20260611_143748,delta-asda-b3-e,1591,RTSO|SO|OE|VE|QS|TR,3,0,66770169,299,20,0.0854,20,0.04782,301,49,4270,2391,6000,,300,,,,constant_speed,normal,0,no_load,cw,C1: 300 rpm,servo-app/lab-0.1
1781163476.8661876,7.233797073364258,C1_SPEED_300,C1_SPEED_300_R01_20260611_143748,delta-asda-b3-e,1591,RTSO|SO|OE|VE|QS|TR,3,0,67609810,300,18,0.07686,19,0.045429,301,49,4270,2391,6000,,300,,,,constant_speed,normal,0,no_load,cw,C1: 300 rpm,servo-app/lab-0.1
1781163476.9667277,7.33433723449707,C1_SPEED_300,C1_SPEED_300_R01_20260611_143748,delta-asda-b3-e,1591,RTSO|SO|OE|VE|QS|TR,3,0,68447495,300,21,0.08967,22,0.052602,301,49,4270,2391,6000,,300,,,,constant_speed,normal,0,no_load,cw,C1: 300 rpm,servo-app/lab-0.1
1781163477.0670557,7.434665203094482,C1_SPEED_300,C1_SPEED_300_R01_20260611_143748,delta-asda-b3-e,1591,RTSO|SO|OE|VE|QS|TR,3,0,69296613,300,17,0.07259,18,0.043038,302,49,4270,2391,6000,,300,,,,constant_speed,normal,0,no_load,cw,C1: 300 rpm,servo-app/lab-0.1
1781163477.1676435,7.535253047943115,C1_SPEED_300,C1_SPEED_300_R01_20260611_143748,delta-asda-b3-e,1591,RTSO|SO|OE|VE|QS|TR,3,0,70133852,299,20,0.0854,19,0.045429,301,49,4270,2391,6000,,300,,,,constant_speed,normal,0,no_load,cw,C1: 300 rpm,servo-app/lab-0.1
1781163477.2680025,7.6356120109558105,C1_SPEED_300,C1_SPEED_300_R01_20260611_143748,delta-asda-b3-e,1591,RTSO|SO|OE|VE|QS|TR,3,0,70982174,299,17,0.07259,17,0.040647,301,49,4270,2391,6000,,300,,,,constant_speed,normal,0,no_load,cw,C1: 300 rpm,servo-app/lab-0.1
1781163477.3685112,7.736120700836182,C1_SPEED_300,C1_SPEED_300_R01_20260611_143748,delta-asda-b3-e,1591,RTSO|SO|OE|VE|QS|TR,3,0,71853108,300,19,0.08113,20,0.04782,301,49,4270,2391,6000,,300,,,,constant_speed,normal,0,no_load,cw,C1: 300 rpm,servo-app/lab-0.1
1781163477.4690464,7.836655855178833,C1_SPEED_300,C1_SPEED_300_R01_20260611_143748,delta-asda-b3-e,1591,RTSO|SO|OE|VE|QS|TR,3,0,72668331,300,18,0.07686,18,0.043038,301,49,4270,2391,6000,,300,,,,constant_speed,normal,0,no_load,cw,C1: 300 rpm,servo-app/lab-0.1
1781163477.5695803,7.937189817428589,C1_SPEED_300,C1_SPEED_300_R01_20260611_143748,delta-asda-b3-e,1591,RTSO|SO|OE|VE|QS|TR,3,0,73506228,300,18,0.07686,16,0.038256,301,49,4270,2391,6000,,300,,,,constant_speed,normal,0,no_load,cw,C1: 300 rpm,servo-app/lab-0.1
1781163477.6697052,8.037314653396606,C1_SPEED_300,C1_SPEED_300_R01_20260611_143748,delta-asda-b3-e,1591,RTSO|SO|OE|VE|QS|TR,3,0,74345509,299,18,0.07686,18,0.043038,301,49,4270,2391,6000,,300,,,,constant_speed,normal,0,no_load,cw,C1: 300 rpm,servo-app/lab-0.1
1781163477.7701,8.137709617614746,C1_SPEED_300,C1_SPEED_300_R01_20260611_143748,delta-asda-b3-e,1591,RTSO|SO|OE|VE|QS|TR,3,0,75191402,299,20,0.0854,21,0.050211,302,49,4270,2391,6000,,300,,,,constant_speed,normal,0,no_load,cw,C1: 300 rpm,servo-app/lab-0.1
1781163477.8706248,8.238234281539917,C1_SPEED_300,C1_SPEED_300_R01_20260611_143748,delta-asda-b3-e,1591,RTSO|SO|OE|VE|QS|TR,3,0,76031666,300,18,0.07686,20,0.04782,302,49,4270,2391,6000,,300,,,,constant_speed,normal,0,no_load,cw,C1: 300 rpm,servo-app/lab-0.1
1781163477.970756,8.33836555480957,C1_SPEED_300,C1_SPEED_300_R01_20260611_143748,delta-asda-b3-e,1591,RTSO|SO|OE|VE|QS|TR,3,0,76869349,300,18,0.07686,17,0.040647,302,49,4270,2391,6000,,300,,,,constant_speed,normal,0,no_load,cw,C1: 300 rpm,servo-app/lab-0.1
1781163478.0713408,8.438950300216675,C1_SPEED_300,C1_SPEED_300_R01_20260611_143748,delta-asda-b3-e,1591,RTSO|SO|OE|VE|QS|TR,3,0,77717845,300,16,0.06832,17,0.040647,302,49,4270,2391,6000,,300,,,,constant_speed,normal,0,no_load,cw,C1: 300 rpm,servo-app/lab-0.1
1781163478.1718318,8.539441347122192,C1_SPEED_300,C1_SPEED_300_R01_20260611_143748,delta-asda-b3-e,1591,RTSO|SO|OE|VE|QS|TR,3,0,78554811,300,19,0.08113,22,0.052602,301,49,4270,2391,6000,,300,,,,constant_speed,normal,0,no_load,cw,C1: 300 rpm,servo-app/lab-0.1
1781163478.2719948,8.639604330062866,C1_SPEED_300,C1_SPEED_300_R01_20260611_143748,delta-asda-b3-e,1591,RTSO|SO|OE|VE|QS|TR,3,0,79395287,300,17,0.07259,19,0.045429,302,49,4270,2391,6000,,300,,,,constant_speed,normal,0,no_load,cw,C1: 300 rpm,servo-app/lab-0.1
1781163478.372167,8.739776611328125,C1_SPEED_300,C1_SPEED_300_R01_20260611_143748,delta-asda-b3-e,1591,RTSO|SO|OE|VE|QS|TR,3,0,80241290,300,15,0.06405,17,0.040647,301,49,4270,2391,6000,,300,,,,constant_speed,normal,0,no_load,cw,C1: 300 rpm,servo-app/lab-0.1
1781163478.472667,8.84027647972107,C1_SPEED_300,C1_SPEED_300_R01_20260611_143748,delta-asda-b3-e,1591,RTSO|SO|OE|VE|QS|TR,3,0,81081078,300,15,0.06405,16,0.038256,301,49,4270,2391,6000,,300,,,,constant_speed,normal,0,no_load,cw,C1: 300 rpm,servo-app/lab-0.1
1781163478.573272,8.940881490707397,C1_SPEED_300,C1_SPEED_300_R01_20260611_143748,delta-asda-b3-e,1591,RTSO|SO|OE|VE|QS|TR,3,0,81927315,300,19,0.08113,19,0.045429,301,49,4270,2391,6000,,300,,,,constant_speed,normal,0,no_load,cw,C1: 300 rpm,servo-app/lab-0.1
1781163478.6738682,9.041477680206299,C1_SPEED_300,C1_SPEED_300_R01_20260611_143748,delta-asda-b3-e,1591,RTSO|SO|OE|VE|QS|TR,3,0,82767113,300,18,0.07686,17,0.040647,301,49,4270,2391,6000,,300,,,,constant_speed,normal,0,no_load,cw,C1: 300 rpm,servo-app/lab-0.1
1781163478.7744372,9.142046689987183,C1_SPEED_300,C1_SPEED_300_R01_20260611_143748,delta-asda-b3-e,1591,RTSO|SO|OE|VE|QS|TR,3,0,83613376,300,18,0.07686,18,0.043038,302,49,4270,2391,6000,,300,,,,constant_speed,normal,0,no_load,cw,C1: 300 rpm,servo-app/lab-0.1
1781163478.8745396,9.242149114608765,C1_SPEED_300,C1_SPEED_300_R01_20260611_143748,delta-asda-b3-e,1591,RTSO|SO|OE|VE|QS|TR,3,0,84453075,301,16,0.06832,15,0.035865,301,49,4270,2391,6000,,300,,,,constant_speed,normal,0,no_load,cw,C1: 300 rpm,servo-app/lab-0.1
1781163478.9747593,9.342368841171265,C1_SPEED_300,C1_SPEED_300_R01_20260611_143748,delta-asda-b3-e,1591,RTSO|SO|OE|VE|QS|TR,3,0,85290642,300,20,0.0854,19,0.045429,301,49,4270,2391,6000,,300,,,,constant_speed,normal,0,no_load,cw,C1: 300 rpm,servo-app/lab-0.1
1781163479.0749068,9.442516326904297,C1_SPEED_300,C1_SPEED_300_R01_20260611_143748,delta-asda-b3-e,1591,RTSO|SO|OE|VE|QS|TR,3,0,86131064,300,18,0.07686,16,0.038256,301,49,4270,2391,6000,,300,,,,constant_speed,normal,0,no_load,cw,C1: 300 rpm,servo-app/lab-0.1
1781163479.1753995,9.543009042739868,C1_SPEED_300,C1_SPEED_300_R01_20260611_143748,delta-asda-b3-e,1591,RTSO|SO|OE|VE|QS|TR,3,0,86976676,300,21,0.08967,20,0.04782,301,49,4270,2391,6000,,300,,,,constant_speed,normal,0,no_load,cw,C1: 300 rpm,servo-app/lab-0.1
1781163479.2755597,9.643169164657593,C1_SPEED_300,C1_SPEED_300_R01_20260611_143748,delta-asda-b3-e,1591,RTSO|SO|OE|VE|QS|TR,3,0,87816438,300,16,0.06832,17,0.040647,301,49,4270,2391,6000,,300,,,,constant_speed,normal,0,no_load,cw,C1: 300 rpm,servo-app/lab-0.1
1781163479.3759127,9.74352216720581,C1_SPEED_300,C1_SPEED_300_R01_20260611_143748,delta-asda-b3-e,1591,RTSO|SO|OE|VE|QS|TR,3,0,88654073,301,19,0.08113,20,0.04782,301,49,4270,2391,6000,,300,,,,constant_speed,normal,0,no_load,cw,C1: 300 rpm,servo-app/lab-0.1
1781163479.4760838,9.843693256378174,C1_SPEED_300,C1_SPEED_300_R01_20260611_143748,delta-asda-b3-e,1591,RTSO|SO|OE|VE|QS|TR,3,0,89502732,301,20,0.0854,20,0.04782,301,49,4270,2391,6000,,300,,,,constant_speed,normal,0,no_load,cw,C1: 300 rpm,servo-app/lab-0.1
1781163479.5763884,9.943997859954834,C1_SPEED_300,C1_SPEED_300_R01_20260611_143748,delta-asda-b3-e,1591,RTSO|SO|OE|VE|QS|TR,3,0,90340668,300,17,0.07259,17,0.040647,301,49,4270,2391,6000,,300,,,,constant_speed,normal,0,no_load,cw,C1: 300 rpm,servo-app/lab-0.1
1781163479.6769583,10.044567823410034,C1_SPEED_300,C1_SPEED_300_R01_20260611_143748,delta-asda-b3-e,1591,RTSO|SO|OE|VE|QS|TR,3,0,91179933,300,17,0.07259,17,0.040647,301,49,4270,2391,6000,,300,,,,constant_speed,normal,0,no_load,cw,C1: 300 rpm,servo-app/lab-0.1
1781163479.7775674,10.145176887512207,C1_SPEED_300,C1_SPEED_300_R01_20260611_143748,delta-asda-b3-e,1591,RTSO|SO|OE|VE|QS|TR,3,0,92026178,300,21,0.08967,22,0.052602,301,49,4270,2391,6000,,300,,,,constant_speed,normal,0,no_load,cw,C1: 300 rpm,servo-app/lab-0.1
1781163479.8777456,10.245355129241943,C1_SPEED_300,C1_SPEED_300_R01_20260611_143748,delta-asda-b3-e,1591,RTSO|SO|OE|VE|QS|TR,3,0,92866590,301,18,0.07686,18,0.043038,301,49,4270,2391,6000,,300,,,,constant_speed,normal,0,no_load,cw,C1: 300 rpm,servo-app/lab-0.1
1781163479.9779477,10.34555721282959,C1_SPEED_300,C1_SPEED_300_R01_20260611_143748,delta-asda-b3-e,1591,RTSO|SO|OE|VE|QS|TR,3,0,93712657,301,18,0.07686,18,0.043038,301,49,4270,2391,6000,,300,,,,constant_speed,normal,0,no_load,cw,C1: 300 rpm,servo-app/lab-0.1
1781163480.0788245,10.446434020996094,C1_SPEED_300,C1_SPEED_300_R01_20260611_143748,delta-asda-b3-e,1591,RTSO|SO|OE|VE|QS|TR,3,0,94552669,300,16,0.06832,16,0.038256,301,49,4270,2391,6000,,300,,,,constant_speed,normal,0,no_load,cw,C1: 300 rpm,servo-app/lab-0.1
1781163480.1796882,10.547297716140747,C1_SPEED_300,C1_SPEED_300_R01_20260611_143748,delta-asda-b3-e,1591,RTSO|SO|OE|VE|QS|TR,3,0,95398182,300,20,0.0854,19,0.045429,301,49,4270,2391,6000,,300,,,,constant_speed,normal,0,no_load,cw,C1: 300 rpm,servo-app/lab-0.1
1781163480.2800524,10.647661924362183,C1_SPEED_300,C1_SPEED_300_R01_20260611_143748,delta-asda-b3-e,1591,RTSO|SO|OE|VE|QS|TR,3,0,96238572,300,19,0.08113,19,0.045429,301,49,4270,2391,6000,,300,,,,constant_speed,normal,0,no_load,cw,C1: 300 rpm,servo-app/lab-0.1
1781163480.3806024,10.748211860656738,C1_SPEED_300,C1_SPEED_300_R01_20260611_143748,delta-asda-b3-e,1591,RTSO|SO|OE|VE|QS|TR,3,0,97084787,301,17,0.07259,16,0.038256,300,49,4270,2391,6000,,300,,,,constant_speed,normal,0,no_load,cw,C1: 300 rpm,servo-app/lab-0.1
1781163480.4810948,10.84870433807373,C1_SPEED_300,C1_SPEED_300_R01_20260611_143748,delta-asda-b3-e,1591,RTSO|SO|OE|VE|QS|TR,3,0,97924357,300,16,0.06832,16,0.038256,301,49,4270,2391,6000,,300,,,,constant_speed,normal,0,no_load,cw,C1: 300 rpm,servo-app/lab-0.1
1781163480.5814075,10.94901704788208,C1_SPEED_300,C1_SPEED_300_R01_20260611_143748,delta-asda-b3-e,1591,RTSO|SO|OE|VE|QS|TR,3,0,98770657,301,18,0.07686,20,0.04782,300,49,4270,2391,6000,,300,,,,constant_speed,normal,0,no_load,cw,C1: 300 rpm,servo-app/lab-0.1
1781163480.681594,11.049203395843506,C1_SPEED_300,C1_SPEED_300_R01_20260611_143748,delta-asda-b3-e,1591,RTSO|SO|OE|VE|QS|TR,3,0,99610387,300,19,0.08113,20,0.04782,301,49,4270,2391,6000,,300,,,,constant_speed,normal,0,no_load,cw,C1: 300 rpm,servo-app/lab-0.1
1781163480.7820897,11.149699211120605,C1_SPEED_300,C1_SPEED_300_R01_20260611_143748,delta-asda-b3-e,1591,RTSO|SO|OE|VE|QS|TR,3,0,100456702,300,18,0.07686,18,0.043038,301,49,4270,2391,6000,,300,,,,constant_speed,normal,0,no_load,cw,C1: 300 rpm,servo-app/lab-0.1
1781163480.8827336,11.250343084335327,C1_SPEED_300,C1_SPEED_300_R01_20260611_143748,delta-asda-b3-e,1591,RTSO|SO|OE|VE|QS|TR,3,0,101296522,301,13,0.05551,16,0.038256,301,49,4270,2391,6000,,300,,,,constant_speed,normal,0,no_load,cw,C1: 300 rpm,servo-app/lab-0.1
1781163480.9837697,11.351379156112671,C1_SPEED_300,C1_SPEED_300_R01_20260611_143748,delta-asda-b3-e,1591,RTSO|SO|OE|VE|QS|TR,3,0,102142516,301,18,0.07686,20,0.04782,300,49,4270,2391,6000,,300,,,,constant_speed,normal,0,no_load,cw,C1: 300 rpm,servo-app/lab-0.1
1781163481.0845025,11.452111959457397,C1_SPEED_300,C1_SPEED_300_R01_20260611_143748,delta-asda-b3-e,1591,RTSO|SO|OE|VE|QS|TR,3,0,102991175,300,19,0.08113,17,0.040647,301,49,4270,2391,6000,,300,,,,constant_speed,normal,0,no_load,cw,C1: 300 rpm,servo-app/lab-0.1
1781163481.1850564,11.552665948867798,C1_SPEED_300,C1_SPEED_300_R01_20260611_143748,delta-asda-b3-e,1591,RTSO|SO|OE|VE|QS|TR,3,0,103828587,301,20,0.0854,20,0.04782,301,49,4270,2391,6000,,300,,,,constant_speed,normal,0,no_load,cw,C1: 300 rpm,servo-app/lab-0.1
1781163481.2855847,11.653194189071655,C1_SPEED_300,C1_SPEED_300_R01_20260611_143748,delta-asda-b3-e,1591,RTSO|SO|OE|VE|QS|TR,3,0,104676686,300,15,0.06405,15,0.035865,301,49,4270,2391,6000,,300,,,,constant_speed,normal,0,no_load,cw,C1: 300 rpm,servo-app/lab-0.1
1781163481.386074,11.75368356704712,C1_SPEED_300,C1_SPEED_300_R01_20260611_143748,delta-asda-b3-e,1591,RTSO|SO|OE|VE|QS|TR,3,0,105523195,302,19,0.08113,18,0.043038,301,49,4270,2391,6000,,300,,,,constant_speed,normal,0,no_load,cw,C1: 300 rpm,servo-app/lab-0.1
1781163481.4863062,11.853915691375732,C1_SPEED_300,C1_SPEED_300_R01_20260611_143748,delta-asda-b3-e,1591,RTSO|SO|OE|VE|QS|TR,3,0,106363034,301,19,0.08113,19,0.045429,301,49,4270,2391,6000,,300,,,,constant_speed,normal,0,no_load,cw,C1: 300 rpm,servo-app/lab-0.1
1781163481.5873523,11.954961776733398,C1_SPEED_300,C1_SPEED_300_R01_20260611_143748,delta-asda-b3-e,1591,RTSO|SO|OE|VE|QS|TR,3,0,107209406,301,19,0.08113,18,0.043038,301,49,4270,2391,6000,,300,,,,constant_speed,normal,0,no_load,cw,C1: 300 rpm,servo-app/lab-0.1
1781163481.687862,12.055471420288086,C1_SPEED_300,C1_SPEED_300_R01_20260611_143748,delta-asda-b3-e,1591,RTSO|SO|OE|VE|QS|TR,3,0,108048483,300,18,0.07686,18,0.043038,301,49,4270,2391,6000,,300,,,,constant_speed,normal,0,no_load,cw,C1: 300 rpm,servo-app/lab-0.1
1781163481.7881744,12.155783891677856,C1_SPEED_300,C1_SPEED_300_R01_20260611_143748,delta-asda-b3-e,1591,RTSO|SO|OE|VE|QS|TR,3,0,108894831,301,18,0.07686,18,0.043038,301,49,4270,2391,6000,,300,,,,constant_speed,normal,0,no_load,cw,C1: 300 rpm,servo-app/lab-0.1
1781163481.8887897,12.256399154663086,C1_SPEED_300,C1_SPEED_300_R01_20260611_143748,delta-asda-b3-e,1591,RTSO|SO|OE|VE|QS|TR,3,0,109735214,301,20,0.0854,20,0.04782,301,49,4270,2391,6000,,300,,,,constant_speed,normal,0,no_load,cw,C1: 300 rpm,servo-app/lab-0.1
1781163481.9890537,12.356663227081299,C1_SPEED_300,C1_SPEED_300_R01_20260611_143748,delta-asda-b3-e,1591,RTSO|SO|OE|VE|QS|TR,3,0,110581169,300,21,0.08967,19,0.045429,301,49,4270,2391,6000,,300,,,,constant_speed,normal,0,no_load,cw,C1: 300 rpm,servo-app/lab-0.1
1781163482.0895782,12.45718765258789,C1_SPEED_300,C1_SPEED_300_R01_20260611_143748,delta-asda-b3-e,1591,RTSO|SO|OE|VE|QS|TR,3,0,111420868,300,19,0.08113,19,0.045429,301,49,4270,2391,6000,,300,,,,constant_speed,normal,0,no_load,cw,C1: 300 rpm,servo-app/lab-0.1
1781163482.1899757,12.5575852394104,C1_SPEED_300,C1_SPEED_300_R01_20260611_143748,delta-asda-b3-e,1591,RTSO|SO|OE|VE|QS|TR,3,0,112258309,301,19,0.08113,18,0.043038,301,49,4270,2391,6000,,300,,,,constant_speed,normal,0,no_load,cw,C1: 300 rpm,servo-app/lab-0.1
1781163482.290226,12.657835483551025,C1_SPEED_300,C1_SPEED_300_R01_20260611_143748,delta-asda-b3-e,1591,RTSO|SO|OE|VE|QS|TR,3,0,113106838,300,20,0.0854,21,0.050211,301,49,4270,2391,6000,,300,,,,constant_speed,normal,0,no_load,cw,C1: 300 rpm,servo-app/lab-0.1
1781163482.3908179,12.758427381515503,C1_SPEED_300,C1_SPEED_300_R01_20260611_143748,delta-asda-b3-e,1591,RTSO|SO|OE|VE|QS|TR,3,0,113953428,301,19,0.08113,19,0.045429,301,49,4270,2391,6000,,300,,,,constant_speed,normal,0,no_load,cw,C1: 300 rpm,servo-app/lab-0.1
1781163482.4909923,12.858601808547974,C1_SPEED_300,C1_SPEED_300_R01_20260611_143748,delta-asda-b3-e,1591,RTSO|SO|OE|VE|QS|TR,3,0,114784252,300,17,0.07259,17,0.040647,301,49,4270,2391,6000,,300,,,,constant_speed,normal,0,no_load,cw,C1: 300 rpm,servo-app/lab-0.1
1781163482.5911708,12.958780288696289,C1_SPEED_300,C1_SPEED_300_R01_20260611_143748,delta-asda-b3-e,1591,RTSO|SO|OE|VE|QS|TR,3,0,115630687,300,18,0.07686,19,0.045429,301,49,4270,2391,6000,,300,,,,constant_speed,normal,0,no_load,cw,C1: 300 rpm,servo-app/lab-0.1
1781163482.6915493,13.05915880203247,C1_SPEED_300,C1_SPEED_300_R01_20260611_143748,delta-asda-b3-e,1591,RTSO|SO|OE|VE|QS|TR,3,0,116470270,300,19,0.08113,20,0.04782,301,49,4270,2391,6000,,300,,,,constant_speed,normal,0,no_load,cw,C1: 300 rpm,servo-app/lab-0.1
1781163482.791862,13.15947151184082,C1_SPEED_300,C1_SPEED_300_R01_20260611_143748,delta-asda-b3-e,1591,RTSO|SO|OE|VE|QS|TR,3,0,117308403,300,18,0.07686,20,0.04782,301,49,4270,2391,6000,,300,,,,constant_speed,normal,0,no_load,cw,C1: 300 rpm,servo-app/lab-0.1
1781163482.8937135,13.261322975158691,C1_SPEED_300,C1_SPEED_300_R01_20260611_143748,delta-asda-b3-e,1591,RTSO|SO|OE|VE|QS|TR,3,0,118164851,300,16,0.06832,16,0.038256,301,49,4270,2391,6000,,300,,,,constant_speed,normal,0,no_load,cw,C1: 300 rpm,servo-app/lab-0.1
1781163482.9938254,13.361434936523438,C1_SPEED_300,C1_SPEED_300_R01_20260611_143748,delta-asda-b3-e,1591,RTSO|SO|OE|VE|QS|TR,3,0,119002426,300,17,0.07259,19,0.045429,301,49,4270,2391,6000,,300,,,,constant_speed,normal,0,no_load,cw,C1: 300 rpm,servo-app/lab-0.1
1781163483.0944784,13.462087869644165,C1_SPEED_300,C1_SPEED_300_R01_20260611_143748,delta-asda-b3-e,1591,RTSO|SO|OE|VE|QS|TR,3,0,119850810,299,20,0.0854,19,0.045429,301,49,4270,2391,6000,,300,,,,constant_speed,normal,0,no_load,cw,C1: 300 rpm,servo-app/lab-0.1
1781163483.1953778,13.562987327575684,C1_SPEED_300,C1_SPEED_300_R01_20260611_143748,delta-asda-b3-e,1591,RTSO|SO|OE|VE|QS|TR,3,0,120696877,300,20,0.0854,19,0.045429,301,49,4270,2391,6000,,300,,,,constant_speed,normal,0,no_load,cw,C1: 300 rpm,servo-app/lab-0.1
1781163483.2959847,13.663594245910645,C1_SPEED_300,C1_SPEED_300_R01_20260611_143748,delta-asda-b3-e,1591,RTSO|SO|OE|VE|QS|TR,3,0,121544778,300,17,0.07259,17,0.040647,301,49,4270,2391,6000,,300,,,,constant_speed,normal,0,no_load,cw,C1: 300 rpm,servo-app/lab-0.1
1781163483.3960552,13.763664722442627,C1_SPEED_300,C1_SPEED_300_R01_20260611_143748,delta-asda-b3-e,1591,RTSO|SO|OE|VE|QS|TR,3,0,122374718,301,18,0.07686,16,0.038256,301,49,4270,2391,6000,,300,,,,constant_speed,normal,0,no_load,cw,C1: 300 rpm,servo-app/lab-0.1
1781163483.496576,13.864185571670532,C1_SPEED_300,C1_SPEED_300_R01_20260611_143748,delta-asda-b3-e,1591,RTSO|SO|OE|VE|QS|TR,3,0,123222535,300,20,0.0854,20,0.04782,301,49,4270,2391,6000,,300,,,,constant_speed,normal,0,no_load,cw,C1: 300 rpm,servo-app/lab-0.1
1781163483.5966835,13.964293003082275,C1_SPEED_300,C1_SPEED_300_R01_20260611_143748,delta-asda-b3-e,1591,RTSO|SO|OE|VE|QS|TR,3,0,124060664,300,20,0.0854,21,0.050211,301,49,4270,2391,6000,,300,,,,constant_speed,normal,0,no_load,cw,C1: 300 rpm,servo-app/lab-0.1
1781163483.6968594,14.06446886062622,C1_SPEED_300,C1_SPEED_300_R01_20260611_143748,delta-asda-b3-e,1591,RTSO|SO|OE|VE|QS|TR,3,0,124899653,300,18,0.07686,17,0.040647,301,49,4270,2391,6000,,300,,,,constant_speed,normal,0,no_load,cw,C1: 300 rpm,servo-app/lab-0.1
1781163483.797198,14.164807558059692,C1_SPEED_300,C1_SPEED_300_R01_20260611_143748,delta-asda-b3-e,1591,RTSO|SO|OE|VE|QS|TR,3,0,125737820,301,18,0.07686,18,0.043038,301,49,4270,2391,6000,,300,,,,constant_speed,normal,0,no_load,cw,C1: 300 rpm,servo-app/lab-0.1
1781163483.8975942,14.265203714370728,C1_SPEED_300,C1_SPEED_300_R01_20260611_143748,delta-asda-b3-e,1591,RTSO|SO|OE|VE|QS|TR,3,0,126577990,300,18,0.07686,19,0.045429,301,49,4270,2391,6000,,300,,,,constant_speed,normal,0,no_load,cw,C1: 300 rpm,servo-app/lab-0.1
1781163483.9976838,14.365293264389038,C1_SPEED_300,C1_SPEED_300_R01_20260611_143748,delta-asda-b3-e,1591,RTSO|SO|OE|VE|QS|TR,3,0,127424065,300,20,0.0854,21,0.050211,301,49,4270,2391,6000,,300,,,,constant_speed,normal,0,no_load,cw,C1: 300 rpm,servo-app/lab-0.1
1781163484.097816,14.465425491333008,C1_SPEED_300,C1_SPEED_300_R01_20260611_143748,delta-asda-b3-e,1591,RTSO|SO|OE|VE|QS|TR,3,0,128263470,299,18,0.07686,19,0.045429,301,49,4270,2391,6000,,300,,,,constant_speed,normal,0,no_load,cw,C1: 300 rpm,servo-app/lab-0.1
1781163484.1982162,14.565825700759888,C1_SPEED_300,C1_SPEED_300_R01_20260611_143748,delta-asda-b3-e,1591,RTSO|SO|OE|VE|QS|TR,3,0,129109764,301,18,0.07686,18,0.043038,301,49,4270,2391,6000,,300,,,,constant_speed,normal,0,no_load,cw,C1: 300 rpm,servo-app/lab-0.1
1781163484.2985373,14.666146755218506,C1_SPEED_300,C1_SPEED_300_R01_20260611_143748,delta-asda-b3-e,1591,RTSO|SO|OE|VE|QS|TR,3,0,129949724,300,19,0.08113,20,0.04782,301,49,4270,2391,6000,,300,,,,constant_speed,normal,0,no_load,cw,C1: 300 rpm,servo-app/lab-0.1
1781163484.3992317,14.766841173171997,C1_SPEED_300,C1_SPEED_300_R01_20260611_143748,delta-asda-b3-e,1591,RTSO|SO|OE|VE|QS|TR,3,0,130855126,300,20,0.0854,18,0.043038,301,49,4270,2391,6000,,300,,,,constant_speed,normal,0,no_load,cw,C1: 300 rpm,servo-app/lab-0.1
1781163484.4996448,14.867254257202148,C1_SPEED_300,C1_SPEED_300_R01_20260611_143748,delta-asda-b3-e,1591,RTSO|SO|OE|VE|QS|TR,3,0,131635373,299,19,0.08113,19,0.045429,301,49,4270,2391,6000,,300,,,,constant_speed,normal,0,no_load,cw,C1: 300 rpm,servo-app/lab-0.1
1781163484.6000357,14.967645168304443,C1_SPEED_300,C1_SPEED_300_R01_20260611_143748,delta-asda-b3-e,1591,RTSO|SO|OE|VE|QS|TR,3,0,132473692,300,16,0.06832,17,0.040647,301,49,4270,2391,6000,,300,,,,constant_speed,normal,0,no_load,cw,C1: 300 rpm,servo-app/lab-0.1
1781163484.7006772,15.068286657333374,C1_SPEED_300,C1_SPEED_300_R01_20260611_143748,delta-asda-b3-e,1591,RTSO|SO|OE|VE|QS|TR,3,0,133321652,300,20,0.0854,19,0.045429,301,49,4270,2391,6000,,300,,,,constant_speed,normal,0,no_load,cw,C1: 300 rpm,servo-app/lab-0.1
1781163484.8013685,15.168977975845337,C1_SPEED_300,C1_SPEED_300_R01_20260611_143748,delta-asda-b3-e,1591,RTSO|SO|OE|VE|QS|TR,3,0,134168202,300,19,0.08113,19,0.045429,302,49,4270,2391,6000,,300,,,,constant_speed,normal,0,no_load,cw,C1: 300 rpm,servo-app/lab-0.1
1781163484.901536,15.269145488739014,C1_SPEED_300,C1_SPEED_300_R01_20260611_143748,delta-asda-b3-e,1591,RTSO|SO|OE|VE|QS|TR,3,0,135007658,300,16,0.06832,18,0.043038,301,49,4270,2391,6000,,300,,,,constant_speed,normal,0,no_load,cw,C1: 300 rpm,servo-app/lab-0.1
1781163485.0019262,15.369535684585571,C1_SPEED_300,C1_SPEED_300_R01_20260611_143748,delta-asda-b3-e,1591,RTSO|SO|OE|VE|QS|TR,3,0,135845210,300,18,0.07686,18,0.043038,301,49,4270,2391,6000,,300,,,,constant_speed,normal,0,no_load,cw,C1: 300 rpm,servo-app/lab-0.1
1781163485.102474,15.470083475112915,C1_SPEED_300,C1_SPEED_300_R01_20260611_143748,delta-asda-b3-e,1591,RTSO|SO|OE|VE|QS|TR,3,0,136693451,299,19,0.08113,20,0.04782,301,49,4270,2391,6000,,300,,,,constant_speed,normal,0,no_load,cw,C1: 300 rpm,servo-app/lab-0.1
1781163485.2028587,15.570468187332153,C1_SPEED_300,C1_SPEED_300_R01_20260611_143748,delta-asda-b3-e,1591,RTSO|SO|OE|VE|QS|TR,3,0,137531541,300,19,0.08113,21,0.050211,301,49,4270,2391,6000,,300,,,,constant_speed,normal,0,no_load,cw,C1: 300 rpm,servo-app/lab-0.1
1781163485.303125,15.670734405517578,C1_SPEED_300,C1_SPEED_300_R01_20260611_143748,delta-asda-b3-e,1591,RTSO|SO|OE|VE|QS|TR,3,0,138370914,299,17,0.07259,18,0.043038,301,49,4270,2391,6000,,300,,,,constant_speed,normal,0,no_load,cw,C1: 300 rpm,servo-app/lab-0.1
1781163485.4034307,15.771040201187134,C1_SPEED_300,C1_SPEED_300_R01_20260611_143748,delta-asda-b3-e,1591,RTSO|SO|OE|VE|QS|TR,3,0,139226187,300,16,0.06832,17,0.040647,301,49,4270,2391,6000,,300,,,,constant_speed,normal,0,no_load,cw,C1: 300 rpm,servo-app/lab-0.1
1781163485.503551,15.871160507202148,C1_SPEED_300,C1_SPEED_300_R01_20260611_143748,delta-asda-b3-e,1591,RTSO|SO|OE|VE|QS|TR,3,0,140057038,299,17,0.07259,19,0.045429,301,49,4270,2391,6000,,300,,,,constant_speed,normal,0,no_load,cw,C1: 300 rpm,servo-app/lab-0.1
1781163485.6039338,15.971543312072754,C1_SPEED_300,C1_SPEED_300_R01_20260611_143748,delta-asda-b3-e,1591,RTSO|SO|OE|VE|QS|TR,3,0,140895287,300,18,0.07686,19,0.045429,301,49,4270,2391,6000,,300,,,,constant_speed,normal,0,no_load,cw,C1: 300 rpm,servo-app/lab-0.1
1781163485.704131,16.07174038887024,C1_SPEED_300,C1_SPEED_300_R01_20260611_143748,delta-asda-b3-e,1591,RTSO|SO|OE|VE|QS|TR,3,0,141742723,300,16,0.06832,17,0.040647,301,49,4270,2391,6000,,300,,,,constant_speed,normal,0,no_load,cw,C1: 300 rpm,servo-app/lab-0.1
1781163485.804203,16.171812534332275,C1_SPEED_300,C1_SPEED_300_R01_20260611_143748,delta-asda-b3-e,1591,RTSO|SO|OE|VE|QS|TR,3,0,142580992,300,16,0.06832,17,0.040647,301,49,4270,2391,6000,,300,,,,constant_speed,normal,0,no_load,cw,C1: 300 rpm,servo-app/lab-0.1
1781163485.9049373,16.272546768188477,C1_SPEED_300,C1_SPEED_300_R01_20260611_143748,delta-asda-b3-e,1591,RTSO|SO|OE|VE|QS|TR,3,0,143429350,300,16,0.06832,16,0.038256,301,49,4270,2391,6000,,300,,,,constant_speed,normal,0,no_load,cw,C1: 300 rpm,servo-app/lab-0.1
1781163486.0051236,16.372733116149902,C1_SPEED_300,C1_SPEED_300_R01_20260611_143748,delta-asda-b3-e,1591,RTSO|SO|OE|VE|QS|TR,3,0,144258643,300,19,0.08113,19,0.045429,301,49,4270,2391,6000,,300,,,,constant_speed,normal,0,no_load,cw,C1: 300 rpm,servo-app/lab-0.1
1781163486.1056137,16.473223209381104,C1_SPEED_300,C1_SPEED_300_R01_20260611_143748,delta-asda-b3-e,1591,RTSO|SO|OE|VE|QS|TR,3,0,145106270,299,19,0.08113,18,0.043038,301,49,4270,2391,6000,,300,,,,constant_speed,normal,0,no_load,cw,C1: 300 rpm,servo-app/lab-0.1
1781163486.2062068,16.573816299438477,C1_SPEED_300,C1_SPEED_300_R01_20260611_143748,delta-asda-b3-e,1591,RTSO|SO|OE|VE|QS|TR,3,0,145952834,301,16,0.06832,15,0.035865,301,49,4270,2391,6000,,300,,,,constant_speed,normal,0,no_load,cw,C1: 300 rpm,servo-app/lab-0.1
1781163486.3067472,16.674356698989868,C1_SPEED_300,C1_SPEED_300_R01_20260611_143748,delta-asda-b3-e,1591,RTSO|SO|OE|VE|QS|TR,3,0,146792450,300,19,0.08113,18,0.043038,301,49,4270,2391,6000,,300,,,,constant_speed,normal,0,no_load,cw,C1: 300 rpm,servo-app/lab-0.1
1781163486.4072769,16.7748863697052,C1_SPEED_300,C1_SPEED_300_R01_20260611_143748,delta-asda-b3-e,1591,RTSO|SO|OE|VE|QS|TR,3,0,147639264,300,20,0.0854,19,0.045429,301,49,4270,2391,6000,,300,,,,constant_speed,normal,0,no_load,cw,C1: 300 rpm,servo-app/lab-0.1
1781163486.5074751,16.87508463859558,C1_SPEED_300,C1_SPEED_300_R01_20260611_143748,delta-asda-b3-e,1591,RTSO|SO|OE|VE|QS|TR,3,0,148477838,300,19,0.08113,19,0.045429,301,49,4270,2391,6000,,300,,,,constant_speed,normal,0,no_load,cw,C1: 300 rpm,servo-app/lab-0.1
1781163486.607553,16.975162506103516,C1_SPEED_300,C1_SPEED_300_R01_20260611_143748,delta-asda-b3-e,1591,RTSO|SO|OE|VE|QS|TR,3,0,149316318,300,17,0.07259,18,0.043038,301,49,4270,2391,6000,,300,,,,constant_speed,normal,0,no_load,cw,C1: 300 rpm,servo-app/lab-0.1
1781163486.7076979,17.075307369232178,C1_SPEED_300,C1_SPEED_300_R01_20260611_143748,delta-asda-b3-e,1591,RTSO|SO|OE|VE|QS|TR,3,0,150155953,301,18,0.07686,18,0.043038,301,49,4270,2391,6000,,300,,,,constant_speed,normal,0,no_load,cw,C1: 300 rpm,servo-app/lab-0.1
1781163486.8077676,17.175377130508423,C1_SPEED_300,C1_SPEED_300_R01_20260611_143748,delta-asda-b3-e,1591,RTSO|SO|OE|VE|QS|TR,3,0,150994115,300,20,0.0854,19,0.045429,301,49,4270,2391,6000,,300,,,,constant_speed,normal,0,no_load,cw,C1: 300 rpm,servo-app/lab-0.1
1781163486.90805,17.275659561157227,C1_SPEED_300,C1_SPEED_300_R01_20260611_143748,delta-asda-b3-e,1591,RTSO|SO|OE|VE|QS|TR,3,0,151833614,300,18,0.07686,17,0.040647,301,49,4270,2391,6000,,300,,,,constant_speed,normal,0,no_load,cw,C1: 300 rpm,servo-app/lab-0.1
1781163487.0081408,17.375750303268433,C1_SPEED_300,C1_SPEED_300_R01_20260611_143748,delta-asda-b3-e,1591,RTSO|SO|OE|VE|QS|TR,3,0,152671441,301,17,0.07259,18,0.043038,301,49,4270,2391,6000,,300,,,,constant_speed,normal,0,no_load,cw,C1: 300 rpm,servo-app/lab-0.1
1781163487.108476,17.476085424423218,C1_SPEED_300,C1_SPEED_300_R01_20260611_143748,delta-asda-b3-e,1591,RTSO|SO|OE|VE|QS|TR,3,0,153519778,300,19,0.08113,18,0.043038,301,49,4270,2391,6000,,300,,,,constant_speed,normal,0,no_load,cw,C1: 300 rpm,servo-app/lab-0.1
1781163487.2091608,17.576770305633545,C1_SPEED_300,C1_SPEED_300_R01_20260611_143748,delta-asda-b3-e,1591,RTSO|SO|OE|VE|QS|TR,3,0,154357991,301,19,0.08113,18,0.043038,301,49,4270,2391,6000,,300,,,,constant_speed,normal,0,no_load,cw,C1: 300 rpm,servo-app/lab-0.1
1781163487.309399,17.677008390426636,C1_SPEED_300,C1_SPEED_300_R01_20260611_143748,delta-asda-b3-e,1591,RTSO|SO|OE|VE|QS|TR,3,0,155205751,300,17,0.07259,17,0.040647,301,49,4270,2391,6000,,300,,,,constant_speed,normal,0,no_load,cw,C1: 300 rpm,servo-app/lab-0.1
1781163487.409552,17.777161598205566,C1_SPEED_300,C1_SPEED_300_R01_20260611_143748,delta-asda-b3-e,1591,RTSO|SO|OE|VE|QS|TR,3,0,156035843,301,16,0.06832,17,0.040647,301,49,4270,2391,6000,,300,,,,constant_speed,normal,0,no_load,cw,C1: 300 rpm,servo-app/lab-0.1
1781163487.5100863,17.8776957988739,C1_SPEED_300,C1_SPEED_300_R01_20260611_143748,delta-asda-b3-e,1591,RTSO|SO|OE|VE|QS|TR,3,0,156891895,300,18,0.07686,19,0.045429,301,49,4270,2391,6000,,300,,,,constant_speed,normal,0,no_load,cw,C1: 300 rpm,servo-app/lab-0.1
1781163487.6106849,17.978294372558594,C1_SPEED_300,C1_SPEED_300_R01_20260611_143748,delta-asda-b3-e,1591,RTSO|SO|OE|VE|QS|TR,3,0,157730066,300,20,0.0854,19,0.045429,301,49,4270,2391,6000,,300,,,,constant_speed,normal,0,no_load,cw,C1: 300 rpm,servo-app/lab-0.1
1781163487.7109554,18.078564882278442,C1_SPEED_300,C1_SPEED_300_R01_20260611_143748,delta-asda-b3-e,1591,RTSO|SO|OE|VE|QS|TR,3,0,158569282,300,17,0.07259,17,0.040647,301,49,4270,2391,6000,,300,,,,constant_speed,normal,0,no_load,cw,C1: 300 rpm,servo-app/lab-0.1
1781163487.8112185,18.17882800102234,C1_SPEED_300,C1_SPEED_300_R01_20260611_143748,delta-asda-b3-e,1591,RTSO|SO|OE|VE|QS|TR,3,0,159415997,301,16,0.06832,15,0.035865,301,49,4270,2391,6000,,300,,,,constant_speed,normal,0,no_load,cw,C1: 300 rpm,servo-app/lab-0.1
1781163487.9118125,18.27942204475403,C1_SPEED_300,C1_SPEED_300_R01_20260611_143748,delta-asda-b3-e,1591,RTSO|SO|OE|VE|QS|TR,3,0,160247472,300,19,0.08113,19,0.045429,301,49,4270,2391,6000,,300,,,,constant_speed,normal,0,no_load,cw,C1: 300 rpm,servo-app/lab-0.1
1781163488.011975,18.379584550857544,C1_SPEED_300,C1_SPEED_300_R01_20260611_143748,delta-asda-b3-e,1591,RTSO|SO|OE|VE|QS|TR,3,0,161093514,300,21,0.08967,20,0.04782,301,49,4270,2391,6000,,300,,,,constant_speed,normal,0,no_load,cw,C1: 300 rpm,servo-app/lab-0.1
1781163488.1125238,18.480133295059204,C1_SPEED_300,C1_SPEED_300_R01_20260611_143748,delta-asda-b3-e,1591,RTSO|SO|OE|VE|QS|TR,3,0,161941111,299,18,0.07686,18,0.043038,301,49,4270,2391,6000,,300,,,,constant_speed,normal,0,no_load,cw,C1: 300 rpm,servo-app/lab-0.1
1781163488.213141,18.580750465393066,C1_SPEED_300,C1_SPEED_300_R01_20260611_143748,delta-asda-b3-e,1591,RTSO|SO|OE|VE|QS|TR,3,0,162779649,301,16,0.06832,16,0.038256,301,49,4270,2391,6000,,300,,,,constant_speed,normal,0,no_load,cw,C1: 300 rpm,servo-app/lab-0.1
1781163488.313238,18.68084740638733,C1_SPEED_300,C1_SPEED_300_R01_20260611_143748,delta-asda-b3-e,1591,RTSO|SO|OE|VE|QS|TR,3,0,163661029,300,19,0.08113,18,0.043038,301,49,4270,2391,6000,,300,,,,constant_speed,normal,0,no_load,cw,C1: 300 rpm,servo-app/lab-0.1
1781163488.4137466,18.7813560962677,C1_SPEED_300,C1_SPEED_300_R01_20260611_143748,delta-asda-b3-e,1591,RTSO|SO|OE|VE|QS|TR,3,0,164465888,300,20,0.0854,19,0.045429,301,49,4270,2391,6000,,300,,,,constant_speed,normal,0,no_load,cw,C1: 300 rpm,servo-app/lab-0.1
1781163488.5139148,18.881524324417114,C1_SPEED_300,C1_SPEED_300_R01_20260611_143748,delta-asda-b3-e,1591,RTSO|SO|OE|VE|QS|TR,3,0,165304540,300,20,0.0854,20,0.04782,301,49,4270,2391,6000,,300,,,,constant_speed,normal,0,no_load,cw,C1: 300 rpm,servo-app/lab-0.1
1781163488.6142972,18.98190665245056,C1_SPEED_300,C1_SPEED_300_R01_20260611_143748,delta-asda-b3-e,1591,RTSO|SO|OE|VE|QS|TR,3,0,166151547,300,15,0.06405,17,0.040647,301,49,4270,2391,6000,,300,,,,constant_speed,normal,0,no_load,cw,C1: 300 rpm,servo-app/lab-0.1
1781163488.714806,19.08241558074951,C1_SPEED_300,C1_SPEED_300_R01_20260611_143748,delta-asda-b3-e,1591,RTSO|SO|OE|VE|QS|TR,3,0,166991273,300,17,0.07259,18,0.043038,301,49,4270,2391,6000,,300,,,,constant_speed,normal,0,no_load,cw,C1: 300 rpm,servo-app/lab-0.1
1781163488.814899,19.18250846862793,C1_SPEED_300,C1_SPEED_300_R01_20260611_143748,delta-asda-b3-e,1591,RTSO|SO|OE|VE|QS|TR,3,0,167829228,300,19,0.08113,21,0.050211,301,49,4270,2391,6000,,300,,,,constant_speed,normal,0,no_load,cw,C1: 300 rpm,servo-app/lab-0.1
1781163488.914997,19.282606601715088,C1_SPEED_300,C1_SPEED_300_R01_20260611_143748,delta-asda-b3-e,1591,RTSO|SO|OE|VE|QS|TR,3,0,168668661,300,16,0.06832,17,0.040647,301,49,4270,2391,6000,,300,,,,constant_speed,normal,0,no_load,cw,C1: 300 rpm,servo-app/lab-0.1
1781163489.0152087,19.3828182220459,C1_SPEED_300,C1_SPEED_300_R01_20260611_143748,delta-asda-b3-e,1591,RTSO|SO|OE|VE|QS|TR,3,0,169514973,300,16,0.06832,16,0.038256,301,49,4270,2391,6000,,300,,,,constant_speed,normal,0,no_load,cw,C1: 300 rpm,servo-app/lab-0.1
1781163489.1158552,19.48346471786499,C1_SPEED_300,C1_SPEED_300_R01_20260611_143748,delta-asda-b3-e,1591,RTSO|SO|OE|VE|QS|TR,3,0,170346254,300,17,0.07259,19,0.045429,301,49,4270,2391,6000,,300,,,,constant_speed,normal,0,no_load,cw,C1: 300 rpm,servo-app/lab-0.1
1781163489.2163231,19.583932638168335,C1_SPEED_300,C1_SPEED_300_R01_20260611_143748,delta-asda-b3-e,1591,RTSO|SO|OE|VE|QS|TR,3,0,171201366,301,18,0.07686,16,0.038256,300,49,4270,2391,6000,,300,,,,constant_speed,normal,0,no_load,cw,C1: 300 rpm,servo-app/lab-0.1
1781163489.3169365,19.68454599380493,C1_SPEED_300,C1_SPEED_300_R01_20260611_143748,delta-asda-b3-e,1591,RTSO|SO|OE|VE|QS|TR,3,0,172040345,300,19,0.08113,17,0.040647,301,49,4270,2391,6000,,300,,,,constant_speed,normal,0,no_load,cw,C1: 300 rpm,servo-app/lab-0.1
1781163489.417468,19.785077571868896,C1_SPEED_300,C1_SPEED_300_R01_20260611_143748,delta-asda-b3-e,1591,RTSO|SO|OE|VE|QS|TR,3,0,172887400,301,16,0.06832,16,0.038256,301,49,4270,2391,6000,,300,,,,constant_speed,normal,0,no_load,cw,C1: 300 rpm,servo-app/lab-0.1
1781163489.5177577,19.885367155075073,C1_SPEED_300,C1_SPEED_300_R01_20260611_143748,delta-asda-b3-e,1591,RTSO|SO|OE|VE|QS|TR,3,0,173726387,300,19,0.08113,18,0.043038,301,49,4270,2391,6000,,300,,,,constant_speed,normal,0,no_load,cw,C1: 300 rpm,servo-app/lab-0.1
1781163489.6182272,19.98583674430847,C1_SPEED_300,C1_SPEED_300_R01_20260611_143748,delta-asda-b3-e,1591,RTSO|SO|OE|VE|QS|TR,3,0,174573113,301,21,0.08967,20,0.04782,301,49,4270,2391,6000,,300,,,,constant_speed,normal,0,no_load,cw,C1: 300 rpm,servo-app/lab-0.1
1781163489.7191978,20.086807250976562,C1_SPEED_300,C1_SPEED_300_R01_20260611_143748,delta-asda-b3-e,1591,RTSO|SO|OE|VE|QS|TR,3,0,175420813,301,20,0.0854,21,0.050211,301,49,4270,2391,6000,,300,,,,constant_speed,normal,0,no_load,cw,C1: 300 rpm,servo-app/lab-0.1
1781163489.819823,20.187432527542114,C1_SPEED_300,C1_SPEED_300_R01_20260611_143748,delta-asda-b3-e,1591,RTSO|SO|OE|VE|QS|TR,3,0,176259140,301,18,0.07686,17,0.040647,301,49,4270,2391,6000,,300,,,,constant_speed,normal,0,no_load,cw,C1: 300 rpm,servo-app/lab-0.1
1781163489.920101,20.287710428237915,C1_SPEED_300,C1_SPEED_300_R01_20260611_143748,delta-asda-b3-e,1591,RTSO|SO|OE|VE|QS|TR,3,0,177098656,300,18,0.07686,19,0.045429,301,49,4270,2391,6000,,300,,,,constant_speed,normal,0,no_load,cw,C1: 300 rpm,servo-app/lab-0.1
1781163490.0202007,20.387810230255127,C1_SPEED_300,C1_SPEED_300_R01_20260611_143748,delta-asda-b3-e,1591,RTSO|SO|OE|VE|QS|TR,3,0,177944938,300,21,0.08967,21,0.050211,301,49,4270,2391,6000,,300,,,,constant_speed,normal,0,no_load,cw,C1: 300 rpm,servo-app/lab-0.1
1781163490.1206486,20.488258123397827,C1_SPEED_300,C1_SPEED_300_R01_20260611_143748,delta-asda-b3-e,1591,RTSO|SO|OE|VE|QS|TR,3,0,178783949,300,21,0.08967,20,0.04782,301,49,4270,2391,6000,,300,,,,constant_speed,normal,0,no_load,cw,C1: 300 rpm,servo-app/lab-0.1
1781163490.2209966,20.588606119155884,C1_SPEED_300,C1_SPEED_300_R01_20260611_143748,delta-asda-b3-e,1591,RTSO|SO|OE|VE|QS|TR,3,0,179622812,301,16,0.06832,17,0.040647,301,49,4270,2391,6000,,300,,,,constant_speed,normal,0,no_load,cw,C1: 300 rpm,servo-app/lab-0.1
1781163490.3210695,20.688678979873657,C1_SPEED_300,C1_SPEED_300_R01_20260611_143748,delta-asda-b3-e,1591,RTSO|SO|OE|VE|QS|TR,3,0,180453455,300,19,0.08113,20,0.04782,301,49,4270,2391,6000,,300,,,,constant_speed,normal,0,no_load,cw,C1: 300 rpm,servo-app/lab-0.1
1781163490.4541407,20.821750164031982,C1_SPEED_300,C1_SPEED_300_R01_20260611_143748,delta-asda-b3-e,,,3,0,181996215,299,19,0.08113,20,0.04782,301,49,4270,2391,6000,,300,,,,constant_speed,normal,0,no_load,cw,C1: 300 rpm,servo-app/lab-0.1
1781163490.5544143,20.92202377319336,C1_SPEED_300,C1_SPEED_300_R01_20260611_143748,delta-asda-b3-e,1591,RTSO|SO|OE|VE|QS|TR,3,0,182423355,300,22,0.09394,24,0.057384,301,49,4270,2391,6000,,300,,,,constant_speed,normal,0,no_load,cw,C1: 300 rpm,servo-app/lab-0.1
1781163490.6548862,21.02249574661255,C1_SPEED_300,C1_SPEED_300_R01_20260611_143748,delta-asda-b3-e,1591,RTSO|SO|OE|VE|QS|TR,3,0,183263397,301,17,0.07259,19,0.045429,301,49,4270,2391,6000,,300,,,,constant_speed,normal,0,no_load,cw,C1: 300 rpm,servo-app/lab-0.1
1781163490.7552395,21.122848987579346,C1_SPEED_300,C1_SPEED_300_R01_20260611_143748,delta-asda-b3-e,1591,RTSO|SO|OE|VE|QS|TR,3,0,184109952,299,18,0.07686,19,0.045429,301,49,4270,2391,6000,,300,,,,constant_speed,normal,0,no_load,cw,C1: 300 rpm,servo-app/lab-0.1
1781163490.855531,21.223140478134155,C1_SPEED_300,C1_SPEED_300_R01_20260611_143748,delta-asda-b3-e,1591,RTSO|SO|OE|VE|QS|TR,3,0,184949163,300,19,0.08113,20,0.04782,301,49,4270,2391,6000,,300,,,,constant_speed,normal,0,no_load,cw,C1: 300 rpm,servo-app/lab-0.1
1781163490.955623,21.323232412338257,C1_SPEED_300,C1_SPEED_300_R01_20260611_143748,delta-asda-b3-e,1591,RTSO|SO|OE|VE|QS|TR,3,0,185787032,299,22,0.09394,23,0.054993,301,49,4270,2391,6000,,300,,,,constant_speed,normal,0,no_load,cw,C1: 300 rpm,servo-app/lab-0.1
1781163491.056123,21.42373251914978,C1_SPEED_300,C1_SPEED_300_R01_20260611_143748,delta-asda-b3-e,1591,RTSO|SO|OE|VE|QS|TR,3,0,186627546,301,15,0.06405,16,0.038256,301,49,4270,2391,6000,,300,,,,constant_speed,normal,0,no_load,cw,C1: 300 rpm,servo-app/lab-0.1
1781163491.156523,21.52413249015808,C1_SPEED_300,C1_SPEED_300_R01_20260611_143748,delta-asda-b3-e,1591,RTSO|SO|OE|VE|QS|TR,3,0,187473513,299,19,0.08113,18,0.043038,301,49,4270,2391,6000,,300,,,,constant_speed,normal,0,no_load,cw,C1: 300 rpm,servo-app/lab-0.1
1781163491.256626,21.62423539161682,C1_SPEED_300,C1_SPEED_300_R01_20260611_143748,delta-asda-b3-e,1591,RTSO|SO|OE|VE|QS|TR,3,0,188313348,300,19,0.08113,19,0.045429,301,49,4270,2391,6000,,300,,,,constant_speed,normal,0,no_load,cw,C1: 300 rpm,servo-app/lab-0.1
1781163491.3571706,21.724780082702637,C1_SPEED_300,C1_SPEED_300_R01_20260611_143748,delta-asda-b3-e,1591,RTSO|SO|OE|VE|QS|TR,3,0,189158862,299,22,0.09394,21,0.050211,301,49,4270,2391,6000,,300,,,,constant_speed,normal,0,no_load,cw,C1: 300 rpm,servo-app/lab-0.1
1781163491.4572947,21.824904203414917,C1_SPEED_300,C1_SPEED_300_R01_20260611_143748,delta-asda-b3-e,1591,RTSO|SO|OE|VE|QS|TR,3,0,189999240,301,19,0.08113,16,0.038256,301,49,4270,2391,6000,,300,,,,constant_speed,normal,0,no_load,cw,C1: 300 rpm,servo-app/lab-0.1
1781163491.5576808,21.92529034614563,C1_SPEED_300,C1_SPEED_300_R01_20260611_143748,delta-asda-b3-e,1591,RTSO|SO|OE|VE|QS|TR,3,0,190837331,300,19,0.08113,17,0.040647,301,49,4270,2391,6000,,300,,,,constant_speed,normal,0,no_load,cw,C1: 300 rpm,servo-app/lab-0.1
1781163491.657941,22.025550603866577,C1_SPEED_300,C1_SPEED_300_R01_20260611_143748,delta-asda-b3-e,1591,RTSO|SO|OE|VE|QS|TR,3,0,191676706,301,18,0.07686,17,0.040647,302,49,4270,2391,6000,,300,,,,constant_speed,normal,0,no_load,cw,C1: 300 rpm,servo-app/lab-0.1
1781163491.7585616,22.126171112060547,C1_SPEED_300,C1_SPEED_300_R01_20260611_143748,delta-asda-b3-e,1591,RTSO|SO|OE|VE|QS|TR,3,0,192522621,299,25,0.10675,26,0.062166,302,49,4270,2391,6000,,300,,,,constant_speed,normal,0,no_load,cw,C1: 300 rpm,servo-app/lab-0.1
1781163491.8588364,22.22644591331482,C1_SPEED_300,C1_SPEED_300_R01_20260611_143748,delta-asda-b3-e,1591,RTSO|SO|OE|VE|QS|TR,3,0,193362582,301,17,0.07259,17,0.040647,301,49,4270,2391,6000,,300,,,,constant_speed,normal,0,no_load,cw,C1: 300 rpm,servo-app/lab-0.1
1781163491.958909,22.326518535614014,C1_SPEED_300,C1_SPEED_300_R01_20260611_143748,delta-asda-b3-e,1591,RTSO|SO|OE|VE|QS|TR,3,0,194192030,299,20,0.0854,19,0.045429,301,49,4270,2391,6000,,300,,,,constant_speed,normal,0,no_load,cw,C1: 300 rpm,servo-app/lab-0.1
1781163492.059034,22.42664361000061,C1_SPEED_300,C1_SPEED_300_R01_20260611_143748,delta-asda-b3-e,1591,RTSO|SO|OE|VE|QS|TR,3,0,195040585,301,17,0.07259,17,0.040647,301,49,4270,2391,6000,,300,,,,constant_speed,normal,0,no_load,cw,C1: 300 rpm,servo-app/lab-0.1
1781163492.159542,22.527151584625244,C1_SPEED_300,C1_SPEED_300_R01_20260611_143748,delta-asda-b3-e,1591,RTSO|SO|OE|VE|QS|TR,3,0,195886012,299,24,0.10248,24,0.057384,301,49,4270,2391,6000,,300,,,,constant_speed,normal,0,no_load,cw,C1: 300 rpm,servo-app/lab-0.1
1781163492.2601385,22.627748012542725,C1_SPEED_300,C1_SPEED_300_R01_20260611_143748,delta-asda-b3-e,1591,RTSO|SO|OE|VE|QS|TR,3,0,196726624,301,19,0.08113,18,0.043038,302,49,4270,2391,6000,,300,,,,constant_speed,normal,0,no_load,cw,C1: 300 rpm,servo-app/lab-0.1
1781163492.3602958,22.7279052734375,C1_SPEED_300,C1_SPEED_300_R01_20260611_143748,delta-asda-b3-e,1591,RTSO|SO|OE|VE|QS|TR,3,0,197572356,299,19,0.08113,19,0.045429,301,49,4270,2391,6000,,300,,,,constant_speed,normal,0,no_load,cw,C1: 300 rpm,servo-app/lab-0.1
1781163492.4607413,22.82835078239441,C1_SPEED_300,C1_SPEED_300_R01_20260611_143748,delta-asda-b3-e,1591,RTSO|SO|OE|VE|QS|TR,3,0,,300,16,0.06832,15,0.035865,302,49,4270,2391,6000,,300,,,,constant_speed,normal,0,no_load,cw,C1: 300 rpm,servo-app/lab-0.1
1781163492.560811,22.928420543670654,C1_SPEED_300,C1_SPEED_300_R01_20260611_143748,delta-asda-b3-e,1591,RTSO|SO|OE|VE|QS|TR,3,0,199250099,300,23,0.09821,21,0.050211,302,49,4270,2391,6000,,300,,,,constant_speed,normal,0,no_load,cw,C1: 300 rpm,servo-app/lab-0.1
1781163492.6612363,23.02884578704834,C1_SPEED_300,C1_SPEED_300_R01_20260611_143748,delta-asda-b3-e,1591,RTSO|SO|OE|VE|QS|TR,3,0,200098523,300,19,0.08113,19,0.045429,301,49,4270,2391,6000,,300,,,,constant_speed,normal,0,no_load,cw,C1: 300 rpm,servo-app/lab-0.1
1781163492.7615724,23.12918186187744,C1_SPEED_300,C1_SPEED_300_R01_20260611_143748,delta-asda-b3-e,1591,RTSO|SO|OE|VE|QS|TR,3,0,200936417,299,19,0.08113,19,0.045429,302,49,4270,2391,6000,,300,,,,constant_speed,normal,0,no_load,cw,C1: 300 rpm,servo-app/lab-0.1
1781163492.861883,23.22949242591858,C1_SPEED_300,C1_SPEED_300_R01_20260611_143748,delta-asda-b3-e,1591,RTSO|SO|OE|VE|QS|TR,3,0,201775806,300,18,0.07686,19,0.045429,301,49,4270,2391,6000,,300,,,,constant_speed,normal,0,no_load,cw,C1: 300 rpm,servo-app/lab-0.1
1781163492.9624414,23.330050945281982,C1_SPEED_300,C1_SPEED_300_R01_20260611_143748,delta-asda-b3-e,1591,RTSO|SO|OE|VE|QS|TR,3,0,202621861,299,23,0.09821,22,0.052602,301,49,4270,2391,6000,,300,,,,constant_speed,normal,0,no_load,cw,C1: 300 rpm,servo-app/lab-0.1
1781163493.0629077,23.430517196655273,C1_SPEED_300,C1_SPEED_300_R01_20260611_143748,delta-asda-b3-e,1591,RTSO|SO|OE|VE|QS|TR,3,0,203462485,301,19,0.08113,17,0.040647,301,49,4270,2391,6000,,300,,,,constant_speed,normal,0,no_load,cw,C1: 300 rpm,servo-app/lab-0.1
1781163493.1630118,23.53062129020691,C1_SPEED_300,C1_SPEED_300_R01_20260611_143748,delta-asda-b3-e,1591,RTSO|SO|OE|VE|QS|TR,3,0,204299773,299,18,0.07686,19,0.045429,301,49,4270,2391,6000,,300,,,,constant_speed,normal,0,no_load,cw,C1: 300 rpm,servo-app/lab-0.1
1781163493.264125,23.631734609603882,C1_SPEED_300,C1_SPEED_300_R01_20260611_143748,delta-asda-b3-e,1591,RTSO|SO|OE|VE|QS|TR,3,0,205148063,300,18,0.07686,17,0.040647,301,49,4270,2391,6000,,300,,,,constant_speed,normal,0,no_load,cw,C1: 300 rpm,servo-app/lab-0.1
1781163493.3645518,23.732161283493042,C1_SPEED_300,C1_SPEED_300_R01_20260611_143748,delta-asda-b3-e,1591,RTSO|SO|OE|VE|QS|TR,3,0,205993526,299,22,0.09394,24,0.057384,301,49,4270,2391,6000,,300,,,,constant_speed,normal,0,no_load,cw,C1: 300 rpm,servo-app/lab-0.1
1781163493.4659035,23.833513021469116,C1_SPEED_300,C1_SPEED_300_R01_20260611_143748,delta-asda-b3-e,1591,RTSO|SO|OE|VE|QS|TR,3,0,206867453,300,19,0.08113,18,0.043038,302,49,4270,2391,6000,,300,,,,constant_speed,normal,0,no_load,cw,C1: 300 rpm,servo-app/lab-0.1
1781163493.56639,23.93399953842163,C1_SPEED_300,C1_SPEED_300_R01_20260611_143748,delta-asda-b3-e,1591,RTSO|SO|OE|VE|QS|TR,3,0,207688612,299,18,0.07686,18,0.043038,301,49,4270,2391,6000,,300,,,,constant_speed,normal,0,no_load,cw,C1: 300 rpm,servo-app/lab-0.1
1781163493.6668406,24.0344500541687,C1_SPEED_300,C1_SPEED_300_R01_20260611_143748,delta-asda-b3-e,1591,RTSO|SO|OE|VE|QS|TR,3,0,208536387,300,18,0.07686,17,0.040647,301,49,4270,2391,6000,,300,,,,constant_speed,normal,0,no_load,cw,C1: 300 rpm,servo-app/lab-0.1
1781163493.7673843,24.1349937915802,C1_SPEED_300,C1_SPEED_300_R01_20260611_143748,delta-asda-b3-e,1591,RTSO|SO|OE|VE|QS|TR,3,0,209373828,299,23,0.09821,21,0.050211,302,49,4270,2391,6000,,300,,,,constant_speed,normal,0,no_load,cw,C1: 300 rpm,servo-app/lab-0.1
1781163493.8674858,24.235095262527466,C1_SPEED_300,C1_SPEED_300_R01_20260611_143748,delta-asda-b3-e,1591,RTSO|SO|OE|VE|QS|TR,3,0,210214066,300,18,0.07686,17,0.040647,302,49,4270,2391,6000,,300,,,,constant_speed,normal,0,no_load,cw,C1: 300 rpm,servo-app/lab-0.1
1781163493.9676564,24.33526587486267,C1_SPEED_300,C1_SPEED_300_R01_20260611_143748,delta-asda-b3-e,1591,RTSO|SO|OE|VE|QS|TR,3,0,211051707,299,20,0.0854,19,0.045429,301,49,4270,2391,6000,,300,,,,constant_speed,normal,0,no_load,cw,C1: 300 rpm,servo-app/lab-0.1
1781163494.0680418,24.435651302337646,C1_SPEED_300,C1_SPEED_300_R01_20260611_143748,delta-asda-b3-e,1591,RTSO|SO|OE|VE|QS|TR,3,0,211891971,300,16,0.06832,16,0.038256,301,49,4270,2391,6000,,300,,,,constant_speed,normal,0,no_load,cw,C1: 300 rpm,servo-app/lab-0.1
1781163494.1681962,24.535805702209473,C1_SPEED_300,C1_SPEED_300_R01_20260611_143748,delta-asda-b3-e,1591,RTSO|SO|OE|VE|QS|TR,3,0,212728837,299,22,0.09394,22,0.052602,301,49,4270,2391,6000,,300,,,,constant_speed,normal,0,no_load,cw,C1: 300 rpm,servo-app/lab-0.1
1781163494.2683156,24.63592505455017,C1_SPEED_300,C1_SPEED_300_R01_20260611_143748,delta-asda-b3-e,1591,RTSO|SO|OE|VE|QS|TR,3,0,213577784,300,19,0.08113,18,0.043038,301,49,4270,2391,6000,,300,,,,constant_speed,normal,0,no_load,cw,C1: 300 rpm,servo-app/lab-0.1
1781163494.3685904,24.736199855804443,C1_SPEED_300,C1_SPEED_300_R01_20260611_143748,delta-asda-b3-e,1591,RTSO|SO|OE|VE|QS|TR,3,0,214415233,300,18,0.07686,18,0.043038,301,49,4270,2391,6000,,300,,,,constant_speed,normal,0,no_load,cw,C1: 300 rpm,servo-app/lab-0.1
1781163494.4689696,24.836579084396362,C1_SPEED_300,C1_SPEED_300_R01_20260611_143748,delta-asda-b3-e,1591,RTSO|SO|OE|VE|QS|TR,3,0,215255167,300,17,0.07259,16,0.038256,301,49,4270,2391,6000,,300,,,,constant_speed,normal,0,no_load,cw,C1: 300 rpm,servo-app/lab-0.1
1781163494.5697222,24.937331676483154,C1_SPEED_300,C1_SPEED_300_R01_20260611_143748,delta-asda-b3-e,1591,RTSO|SO|OE|VE|QS|TR,3,0,216101348,300,20,0.0854,20,0.04782,301,49,4270,2391,6000,,300,,,,constant_speed,normal,0,no_load,cw,C1: 300 rpm,servo-app/lab-0.1
1781163494.6701596,25.037769079208374,C1_SPEED_300,C1_SPEED_300_R01_20260611_143748,delta-asda-b3-e,1591,RTSO|SO|OE|VE|QS|TR,3,0,216949724,300,18,0.07686,19,0.045429,301,49,4270,2391,6000,,300,,,,constant_speed,normal,0,no_load,cw,C1: 300 rpm,servo-app/lab-0.1
1781163494.7706404,25.13824987411499,C1_SPEED_300,C1_SPEED_300_R01_20260611_143748,delta-asda-b3-e,1591,RTSO|SO|OE|VE|QS|TR,3,0,217787572,300,18,0.07686,18,0.043038,301,49,4270,2391,6000,,300,,,,constant_speed,normal,0,no_load,cw,C1: 300 rpm,servo-app/lab-0.1
1781163494.8710437,25.2386531829834,C1_SPEED_300,C1_SPEED_300_R01_20260611_143748,delta-asda-b3-e,1591,RTSO|SO|OE|VE|QS|TR,3,0,218627211,301,16,0.06832,16,0.038256,301,49,4270,2391,6000,,300,,,,constant_speed,normal,0,no_load,cw,C1: 300 rpm,servo-app/lab-0.1
1781163494.9715207,25.33913016319275,C1_SPEED_300,C1_SPEED_300_R01_20260611_143748,delta-asda-b3-e,1591,RTSO|SO|OE|VE|QS|TR,3,0,219473237,300,20,0.0854,22,0.052602,301,49,4270,2391,6000,,300,,,,constant_speed,normal,0,no_load,cw,C1: 300 rpm,servo-app/lab-0.1
1781163495.0719423,25.439551830291748,C1_SPEED_300,C1_SPEED_300_R01_20260611_143748,delta-asda-b3-e,1591,RTSO|SO|OE|VE|QS|TR,3,0,220313816,300,17,0.07259,17,0.040647,301,49,4270,2391,6000,,300,,,,constant_speed,normal,0,no_load,cw,C1: 300 rpm,servo-app/lab-0.1
1781163495.1721382,25.539747714996338,C1_SPEED_300,C1_SPEED_300_R01_20260611_143748,delta-asda-b3-e,1591,RTSO|SO|OE|VE|QS|TR,3,0,221159438,299,19,0.08113,18,0.043038,301,49,4270,2391,6000,,300,,,,constant_speed,normal,0,no_load,cw,C1: 300 rpm,servo-app/lab-0.1
1781163495.272653,25.640262603759766,C1_SPEED_300,C1_SPEED_300_R01_20260611_143748,delta-asda-b3-e,1591,RTSO|SO|OE|VE|QS|TR,3,0,221999256,300,18,0.07686,18,0.043038,301,49,4270,2391,6000,,300,,,,constant_speed,normal,0,no_load,cw,C1: 300 rpm,servo-app/lab-0.1
1781163495.3732178,25.740827322006226,C1_SPEED_300,C1_SPEED_300_R01_20260611_143748,delta-asda-b3-e,1591,RTSO|SO|OE|VE|QS|TR,3,0,222845118,300,19,0.08113,20,0.04782,301,49,4270,2391,6000,,300,,,,constant_speed,normal,0,no_load,cw,C1: 300 rpm,servo-app/lab-0.1
1781163495.4737468,25.84135627746582,C1_SPEED_300,C1_SPEED_300_R01_20260611_143748,delta-asda-b3-e,1591,RTSO|SO|OE|VE|QS|TR,3,0,223685421,300,19,0.08113,19,0.045429,301,49,4270,2391,6000,,300,,,,constant_speed,normal,0,no_load,cw,C1: 300 rpm,servo-app/lab-0.1
1781163495.573955,25.941564559936523,C1_SPEED_300,C1_SPEED_300_R01_20260611_143748,delta-asda-b3-e,1591,RTSO|SO|OE|VE|QS|TR,3,0,224523255,300,20,0.0854,19,0.045429,301,49,4270,2391,6000,,300,,,,constant_speed,normal,0,no_load,cw,C1: 300 rpm,servo-app/lab-0.1
1781163495.674059,26.04166841506958,C1_SPEED_300,C1_SPEED_300_R01_20260611_143748,delta-asda-b3-e,1591,RTSO|SO|OE|VE|QS|TR,3,0,225362509,300,17,0.07259,16,0.038256,301,49,4270,2391,6000,,300,,,,constant_speed,normal,0,no_load,cw,C1: 300 rpm,servo-app/lab-0.1
1781163495.7744586,26.1420681476593,C1_SPEED_300,C1_SPEED_300_R01_20260611_143748,delta-asda-b3-e,1591,RTSO|SO|OE|VE|QS|TR,3,0,226208423,300,23,0.09821,23,0.054993,301,49,4270,2391,6000,,300,,,,constant_speed,normal,0,no_load,cw,C1: 300 rpm,servo-app/lab-0.1
1781163495.8749256,26.24253511428833,C1_SPEED_300,C1_SPEED_300_R01_20260611_143748,delta-asda-b3-e,1591,RTSO|SO|OE|VE|QS|TR,3,0,227057157,301,17,0.07259,18,0.043038,301,49,4270,2391,6000,,300,,,,constant_speed,normal,0,no_load,cw,C1: 300 rpm,servo-app/lab-0.1
1781163495.9753163,26.342925786972046,C1_SPEED_300,C1_SPEED_300_R01_20260611_143748,delta-asda-b3-e,1591,RTSO|SO|OE|VE|QS|TR,3,0,227886450,300,18,0.07686,19,0.045429,301,49,4270,2391,6000,,300,,,,constant_speed,normal,0,no_load,cw,C1: 300 rpm,servo-app/lab-0.1
1781163496.0757816,26.44339108467102,C1_SPEED_300,C1_SPEED_300_R01_20260611_143748,delta-asda-b3-e,1591,RTSO|SO|OE|VE|QS|TR,3,0,228734935,300,16,0.06832,17,0.040647,301,49,4270,2391,6000,,300,,,,constant_speed,normal,0,no_load,cw,C1: 300 rpm,servo-app/lab-0.1
1781163496.1769013,26.54451084136963,C1_SPEED_300,C1_SPEED_300_R01_20260611_143748,delta-asda-b3-e,1591,RTSO|SO|OE|VE|QS|TR,3,0,229580316,300,21,0.08967,22,0.052602,301,49,4270,2391,6000,,300,,,,constant_speed,normal,0,no_load,cw,C1: 300 rpm,servo-app/lab-0.1
1781163496.2775598,26.645169258117676,C1_SPEED_300,C1_SPEED_300_R01_20260611_143748,delta-asda-b3-e,1591,RTSO|SO|OE|VE|QS|TR,3,0,230429025,300,20,0.0854,18,0.043038,301,49,4270,2391,6000,,300,,,,constant_speed,normal,0,no_load,cw,C1: 300 rpm,servo-app/lab-0.1
1781163496.3780432,26.745652675628662,C1_SPEED_300,C1_SPEED_300_R01_20260611_143748,delta-asda-b3-e,1591,RTSO|SO|OE|VE|QS|TR,3,0,231266687,300,19,0.08113,18,0.043038,301,49,4270,2391,6000,,300,,,,constant_speed,normal,0,no_load,cw,C1: 300 rpm,servo-app/lab-0.1
1781163496.4781234,26.845732927322388,C1_SPEED_300,C1_SPEED_300_R01_20260611_143748,delta-asda-b3-e,1591,RTSO|SO|OE|VE|QS|TR,3,0,232106304,300,17,0.07259,17,0.040647,301,49,4270,2391,6000,,300,,,,constant_speed,normal,0,no_load,cw,C1: 300 rpm,servo-app/lab-0.1
1781163496.5781696,26.9457790851593,C1_SPEED_300,C1_SPEED_300_R01_20260611_143748,delta-asda-b3-e,1591,RTSO|SO|OE|VE|QS|TR,3,0,232944130,300,21,0.08967,20,0.04782,301,49,4270,2391,6000,,300,,,,constant_speed,normal,0,no_load,cw,C1: 300 rpm,servo-app/lab-0.1
1781163496.6791787,27.046788215637207,C1_SPEED_300,C1_SPEED_300_R01_20260611_143748,delta-asda-b3-e,1591,RTSO|SO|OE|VE|QS|TR,3,0,233792210,300,20,0.0854,18,0.043038,301,49,4270,2391,6000,,300,,,,constant_speed,normal,0,no_load,cw,C1: 300 rpm,servo-app/lab-0.1
1781163496.7792454,27.146854877471924,C1_SPEED_300,C1_SPEED_300_R01_20260611_143748,delta-asda-b3-e,1591,RTSO|SO|OE|VE|QS|TR,3,0,234630167,300,19,0.08113,18,0.043038,301,49,4270,2391,6000,,300,,,,constant_speed,normal,0,no_load,cw,C1: 300 rpm,servo-app/lab-0.1
1781163496.8798232,27.247432708740234,C1_SPEED_300,C1_SPEED_300_R01_20260611_143748,delta-asda-b3-e,1591,RTSO|SO|OE|VE|QS|TR,3,0,235478447,301,17,0.07259,16,0.038256,301,49,4270,2391,6000,,300,,,,constant_speed,normal,0,no_load,cw,C1: 300 rpm,servo-app/lab-0.1
1781163496.9801557,27.34776520729065,C1_SPEED_300,C1_SPEED_300_R01_20260611_143748,delta-asda-b3-e,1591,RTSO|SO|OE|VE|QS|TR,3,0,236316151,301,20,0.0854,21,0.050211,301,49,4270,2391,6000,,300,,,,constant_speed,normal,0,no_load,cw,C1: 300 rpm,servo-app/lab-0.1
1781163497.0805686,27.44817805290222,C1_SPEED_300,C1_SPEED_300_R01_20260611_143748,delta-asda-b3-e,1591,RTSO|SO|OE|VE|QS|TR,3,0,237165070,301,19,0.08113,19,0.045429,301,49,4270,2391,6000,,300,,,,constant_speed,normal,0,no_load,cw,C1: 300 rpm,servo-app/lab-0.1
1781163497.1809194,27.548528909683228,C1_SPEED_300,C1_SPEED_300_R01_20260611_143748,delta-asda-b3-e,1591,RTSO|SO|OE|VE|QS|TR,3,0,238002427,301,19,0.08113,20,0.04782,301,49,4270,2391,6000,,300,,,,constant_speed,normal,0,no_load,cw,C1: 300 rpm,servo-app/lab-0.1
1781163497.281665,27.649274587631226,C1_SPEED_300,C1_SPEED_300_R01_20260611_143748,delta-asda-b3-e,1591,RTSO|SO|OE|VE|QS|TR,3,0,238850741,300,15,0.06405,16,0.038256,301,49,4270,2391,6000,,300,,,,constant_speed,normal,0,no_load,cw,C1: 300 rpm,servo-app/lab-0.1
1781163497.3820717,27.74968123435974,C1_SPEED_300,C1_SPEED_300_R01_20260611_143748,delta-asda-b3-e,1591,RTSO|SO|OE|VE|QS|TR,3,0,239688637,301,18,0.07686,18,0.043038,301,49,4270,2391,6000,,300,,,,constant_speed,normal,0,no_load,cw,C1: 300 rpm,servo-app/lab-0.1
1781163497.4821348,27.84974431991577,C1_SPEED_300,C1_SPEED_300_R01_20260611_143748,delta-asda-b3-e,1591,RTSO|SO|OE|VE|QS|TR,3,0,240528698,301,20,0.0854,19,0.045429,301,49,4270,2391,6000,,300,,,,constant_speed,normal,0,no_load,cw,C1: 300 rpm,servo-app/lab-0.1
1781163497.5827608,27.95037031173706,C1_SPEED_300,C1_SPEED_300_R01_20260611_143748,delta-asda-b3-e,1591,RTSO|SO|OE|VE|QS|TR,3,0,241375062,300,18,0.07686,18,0.043038,301,49,4270,2391,6000,,300,,,,constant_speed,normal,0,no_load,cw,C1: 300 rpm,servo-app/lab-0.1
1781163497.6833515,28.050961017608643,C1_SPEED_300,C1_SPEED_300_R01_20260611_143748,delta-asda-b3-e,1591,RTSO|SO|OE|VE|QS|TR,3,0,242222646,300,17,0.07259,17,0.040647,301,49,4270,2391,6000,,300,,,,constant_speed,normal,0,no_load,cw,C1: 300 rpm,servo-app/lab-0.1
1781163497.7837002,28.151309728622437,C1_SPEED_300,C1_SPEED_300_R01_20260611_143748,delta-asda-b3-e,1591,RTSO|SO|OE|VE|QS|TR,3,0,243060405,301,21,0.08967,20,0.04782,301,49,4270,2391,6000,,300,,,,constant_speed,normal,0,no_load,cw,C1: 300 rpm,servo-app/lab-0.1
1781163497.8839116,28.251521110534668,C1_SPEED_300,C1_SPEED_300_R01_20260611_143748,delta-asda-b3-e,1591,RTSO|SO|OE|VE|QS|TR,3,0,243900804,301,20,0.0854,17,0.040647,301,49,4270,2391,6000,,300,,,,constant_speed,normal,0,no_load,cw,C1: 300 rpm,servo-app/lab-0.1
1781163497.9842124,28.351821899414062,C1_SPEED_300,C1_SPEED_300_R01_20260611_143748,delta-asda-b3-e,1591,RTSO|SO|OE|VE|QS|TR,3,0,244738330,301,21,0.08967,20,0.04782,301,49,4270,2391,6000,,300,,,,constant_speed,normal,0,no_load,cw,C1: 300 rpm,servo-app/lab-0.1
1781163498.0848584,28.452467918395996,C1_SPEED_300,C1_SPEED_300_R01_20260611_143748,delta-asda-b3-e,1591,RTSO|SO|OE|VE|QS|TR,3,0,245586595,300,16,0.06832,16,0.038256,301,49,4270,2391,6000,,300,,,,constant_speed,normal,0,no_load,cw,C1: 300 rpm,servo-app/lab-0.1
1781163498.1853435,28.552953004837036,C1_SPEED_300,C1_SPEED_300_R01_20260611_143748,delta-asda-b3-e,1591,RTSO|SO|OE|VE|QS|TR,3,0,246423834,301,21,0.08967,21,0.050211,301,49,4270,2391,6000,,300,,,,constant_speed,normal,0,no_load,cw,C1: 300 rpm,servo-app/lab-0.1
1781163498.2857008,28.653310298919678,C1_SPEED_300,C1_SPEED_300_R01_20260611_143748,delta-asda-b3-e,1591,RTSO|SO|OE|VE|QS|TR,3,0,247272508,300,19,0.08113,21,0.050211,301,49,4270,2391,6000,,300,,,,constant_speed,normal,0,no_load,cw,C1: 300 rpm,servo-app/lab-0.1
1781163498.3860486,28.753658056259155,C1_SPEED_300,C1_SPEED_300_R01_20260611_143748,delta-asda-b3-e,1591,RTSO|SO|OE|VE|QS|TR,3,0,248110528,301,18,0.07686,19,0.045429,301,49,4270,2391,6000,,300,,,,constant_speed,normal,0,no_load,cw,C1: 300 rpm,servo-app/lab-0.1
1781163498.4861715,28.85378098487854,C1_SPEED_300,C1_SPEED_300_R01_20260611_143748,delta-asda-b3-e,1591,RTSO|SO|OE|VE|QS|TR,3,0,248949967,300,17,0.07259,17,0.040647,301,49,4270,2391,6000,,300,,,,constant_speed,normal,0,no_load,cw,C1: 300 rpm,servo-app/lab-0.1
1781163498.5865414,28.954150915145874,C1_SPEED_300,C1_SPEED_300_R01_20260611_143748,delta-asda-b3-e,1591,RTSO|SO|OE|VE|QS|TR,3,0,249796337,300,18,0.07686,19,0.045429,301,49,4270,2391,6000,,300,,,,constant_speed,normal,0,no_load,cw,C1: 300 rpm,servo-app/lab-0.1
1781163498.687041,29.05465054512024,C1_SPEED_300,C1_SPEED_300_R01_20260611_143748,delta-asda-b3-e,1591,RTSO|SO|OE|VE|QS|TR,3,0,250635997,300,19,0.08113,19,0.045429,301,49,4270,2391,6000,,300,,,,constant_speed,normal,0,no_load,cw,C1: 300 rpm,servo-app/lab-0.1
1781163498.7878208,29.15543031692505,C1_SPEED_300,C1_SPEED_300_R01_20260611_143748,delta-asda-b3-e,1591,RTSO|SO|OE|VE|QS|TR,3,0,251482391,300,18,0.07686,19,0.045429,301,49,4270,2391,6000,,300,,,,constant_speed,normal,0,no_load,cw,C1: 300 rpm,servo-app/lab-0.1
1781163498.8886359,29.256245374679565,C1_SPEED_300,C1_SPEED_300_R01_20260611_143748,delta-asda-b3-e,1591,RTSO|SO|OE|VE|QS|TR,3,0,252330586,301,15,0.06405,15,0.035865,301,49,4270,2391,6000,,300,,,,constant_speed,normal,0,no_load,cw,C1: 300 rpm,servo-app/lab-0.1
1781163498.989082,29.356691598892212,C1_SPEED_300,C1_SPEED_300_R01_20260611_143748,delta-asda-b3-e,1591,RTSO|SO|OE|VE|QS|TR,3,0,253168109,301,19,0.08113,18,0.043038,301,49,4270,2391,6000,,300,,,,constant_speed,normal,0,no_load,cw,C1: 300 rpm,servo-app/lab-0.1
1781163499.089457,29.457066535949707,C1_SPEED_300,C1_SPEED_300_R01_20260611_143748,delta-asda-b3-e,1591,RTSO|SO|OE|VE|QS|TR,3,0,254016686,300,19,0.08113,18,0.043038,301,49,4270,2391,6000,,300,,,,constant_speed,normal,0,no_load,cw,C1: 300 rpm,servo-app/lab-0.1
1781163499.1900992,29.557708740234375,C1_SPEED_300,C1_SPEED_300_R01_20260611_143748,delta-asda-b3-e,1591,RTSO|SO|OE|VE|QS|TR,3,0,254854192,300,20,0.0854,18,0.043038,301,49,4270,2391,6000,,300,,,,constant_speed,normal,0,no_load,cw,C1: 300 rpm,servo-app/lab-0.1
1781163499.2903287,29.657938241958618,C1_SPEED_300,C1_SPEED_300_R01_20260611_143748,delta-asda-b3-e,1591,RTSO|SO|OE|VE|QS|TR,3,0,255702253,300,17,0.07259,18,0.043038,301,49,4270,2391,6000,,300,,,,constant_speed,normal,0,no_load,cw,C1: 300 rpm,servo-app/lab-0.1
1781163499.3904183,29.75802779197693,C1_SPEED_300,C1_SPEED_300_R01_20260611_143748,delta-asda-b3-e,1591,RTSO|SO|OE|VE|QS|TR,3,0,256540395,301,17,0.07259,17,0.040647,301,49,4270,2391,6000,,300,,,,constant_speed,normal,0,no_load,cw,C1: 300 rpm,servo-app/lab-0.1
1781163499.4908187,29.858428239822388,C1_SPEED_300,C1_SPEED_300_R01_20260611_143748,delta-asda-b3-e,1591,RTSO|SO|OE|VE|QS|TR,3,0,257413632,299,21,0.08967,22,0.052602,301,49,4270,2391,6000,,300,,,,constant_speed,normal,0,no_load,cw,C1: 300 rpm,servo-app/lab-0.1
1781163499.590988,29.958597421646118,C1_SPEED_300,C1_SPEED_300_R01_20260611_143748,delta-asda-b3-e,1591,RTSO|SO|OE|VE|QS|TR,3,0,258218088,301,19,0.08113,19,0.045429,301,49,4270,2391,6000,,300,,,,constant_speed,normal,0,no_load,cw,C1: 300 rpm,servo-app/lab-0.1
1781163499.691519,30.059128522872925,C1_SPEED_300,C1_SPEED_300_R01_20260611_143748,delta-asda-b3-e,1591,RTSO|SO|OE|VE|QS|TR,3,0,259065577,300,18,0.07686,18,0.043038,301,49,4270,2391,6000,,300,,,,constant_speed,normal,0,no_load,cw,C1: 300 rpm,servo-app/lab-0.1
1781163499.7917678,30.159377336502075,C1_SPEED_300,C1_SPEED_300_R01_20260611_143748,delta-asda-b3-e,1591,RTSO|SO|OE|VE|QS|TR,3,0,259903538,301,18,0.07686,19,0.045429,302,49,4270,2391,6000,,300,,,,constant_speed,normal,0,no_load,cw,C1: 300 rpm,servo-app/lab-0.1
1781163499.8921516,30.259761095046997,C1_SPEED_300,C1_SPEED_300_R01_20260611_143748,delta-asda-b3-e,1591,RTSO|SO|OE|VE|QS|TR,3,0,260743817,301,20,0.0854,19,0.045429,301,49,4270,2391,6000,,300,,,,constant_speed,normal,0,no_load,cw,C1: 300 rpm,servo-app/lab-0.1
1781163499.9925363,30.360145807266235,C1_SPEED_300,C1_SPEED_300_R01_20260611_143748,delta-asda-b3-e,1591,RTSO|SO|OE|VE|QS|TR,3,0,261589755,301,20,0.0854,20,0.04782,301,49,4270,2391,6000,,300,,,,constant_speed,normal,0,no_load,cw,C1: 300 rpm,servo-app/lab-0.1
1781163500.0933318,30.460941314697266,C1_SPEED_300,C1_SPEED_300_R01_20260611_143748,delta-asda-b3-e,1591,RTSO|SO|OE|VE|QS|TR,3,0,262437641,299,19,0.08113,19,0.045429,301,49,4270,2391,6000,,300,,,,constant_speed,normal,0,no_load,cw,C1: 300 rpm,servo-app/lab-0.1
1781163500.1935272,30.561136722564697,C1_SPEED_300,C1_SPEED_300_R01_20260611_143748,delta-asda-b3-e,1591,RTSO|SO|OE|VE|QS|TR,3,0,263275057,300,18,0.07686,20,0.04782,301,49,4270,2391,6000,,300,,,,constant_speed,normal,0,no_load,cw,C1: 300 rpm,servo-app/lab-0.1
1781163500.2940981,30.661707639694214,C1_SPEED_300,C1_SPEED_300_R01_20260611_143748,delta-asda-b3-e,1591,RTSO|SO|OE|VE|QS|TR,3,0,264115101,300,22,0.09394,21,0.050211,301,49,4270,2391,6000,,300,,,,constant_speed,normal,0,no_load,cw,C1: 300 rpm,servo-app/lab-0.1
1781163500.3943424,30.76195192337036,C1_SPEED_300,C1_SPEED_300_R01_20260611_143748,delta-asda-b3-e,1591,RTSO|SO|OE|VE|QS|TR,3,0,264953309,301,21,0.08967,21,0.050211,301,49,4270,2391,6000,,300,,,,constant_speed,normal,0,no_load,cw,C1: 300 rpm,servo-app/lab-0.1
1781163500.4948704,30.86247992515564,C1_SPEED_300,C1_SPEED_300_R01_20260611_143748,delta-asda-b3-e,1591,RTSO|SO|OE|VE|QS|TR,3,0,265800682,299,20,0.0854,19,0.045429,301,49,4270,2391,6000,,300,,,,constant_speed,normal,0,no_load,cw,C1: 300 rpm,servo-app/lab-0.1
1781163500.595401,30.963010549545288,C1_SPEED_300,C1_SPEED_300_R01_20260611_143748,delta-asda-b3-e,1591,RTSO|SO|OE|VE|QS|TR,3,0,266638870,300,21,0.08967,21,0.050211,301,49,4270,2391,6000,,300,,,,constant_speed,normal,0,no_load,cw,C1: 300 rpm,servo-app/lab-0.1
1781163500.6960244,31.063633918762207,C1_SPEED_300,C1_SPEED_300_R01_20260611_143748,delta-asda-b3-e,1591,RTSO|SO|OE|VE|QS|TR,3,0,267486830,300,21,0.08967,21,0.050211,302,49,4270,2391,6000,,300,,,,constant_speed,normal,0,no_load,cw,C1: 300 rpm,servo-app/lab-0.1
1781163500.7966282,31.16423773765564,C1_SPEED_300,C1_SPEED_300_R01_20260611_143748,delta-asda-b3-e,1591,RTSO|SO|OE|VE|QS|TR,3,0,268333449,300,19,0.08113,21,0.050211,301,49,4270,2391,6000,,300,,,,constant_speed,normal,0,no_load,cw,C1: 300 rpm,servo-app/lab-0.1
1781163500.8976698,31.265279293060303,C1_SPEED_300,C1_SPEED_300_R01_20260611_143748,delta-asda-b3-e,1591,RTSO|SO|OE|VE|QS|TR,3,0,269181442,300,17,0.07259,18,0.043038,301,49,4270,2391,6000,,300,,,,constant_speed,normal,0,no_load,cw,C1: 300 rpm,servo-app/lab-0.1
1781163500.998185,31.36579442024231,C1_SPEED_300,C1_SPEED_300_R01_20260611_143748,delta-asda-b3-e,1591,RTSO|SO|OE|VE|QS|TR,3,0,270019160,300,19,0.08113,20,0.04782,301,49,4270,2391,6000,,300,,,,constant_speed,normal,0,no_load,cw,C1: 300 rpm,servo-app/lab-0.1
1781163501.098267,31.465876579284668,C1_SPEED_300,C1_SPEED_300_R01_20260611_143748,delta-asda-b3-e,1591,RTSO|SO|OE|VE|QS|TR,3,0,270859300,299,19,0.08113,20,0.04782,301,49,4270,2391,6000,,300,,,,constant_speed,normal,0,no_load,cw,C1: 300 rpm,servo-app/lab-0.1
1781163501.1986613,31.56627082824707,C1_SPEED_300,C1_SPEED_300_R01_20260611_143748,delta-asda-b3-e,1591,RTSO|SO|OE|VE|QS|TR,3,0,271705436,300,21,0.08967,20,0.04782,301,49,4270,2391,6000,,300,,,,constant_speed,normal,0,no_load,cw,C1: 300 rpm,servo-app/lab-0.1
1781163501.2990897,31.666699171066284,C1_SPEED_300,C1_SPEED_300_R01_20260611_143748,delta-asda-b3-e,1591,RTSO|SO|OE|VE|QS|TR,3,0,272544820,299,18,0.07686,18,0.043038,301,49,4270,2391,6000,,300,,,,constant_speed,normal,0,no_load,cw,C1: 300 rpm,servo-app/lab-0.1
1781163501.3995566,31.767166137695312,C1_SPEED_300,C1_SPEED_300_R01_20260611_143748,delta-asda-b3-e,1591,RTSO|SO|OE|VE|QS|TR,3,0,273391634,301,18,0.07686,17,0.040647,301,49,4270,2391,6000,,300,,,,constant_speed,normal,0,no_load,cw,C1: 300 rpm,servo-app/lab-0.1
1781163501.5003128,31.86792230606079,C1_SPEED_300,C1_SPEED_300_R01_20260611_143748,delta-asda-b3-e,1591,RTSO|SO|OE|VE|QS|TR,3,0,274231078,299,21,0.08967,20,0.04782,301,49,4270,2391,6000,,300,,,,constant_speed,normal,0,no_load,cw,C1: 300 rpm,servo-app/lab-0.1
1781163501.600895,31.968504428863525,C1_SPEED_300,C1_SPEED_300_R01_20260611_143748,delta-asda-b3-e,1591,RTSO|SO|OE|VE|QS|TR,3,0,275077715,300,19,0.08113,19,0.045429,301,49,4270,2391,6000,,300,,,,constant_speed,normal,0,no_load,cw,C1: 300 rpm,servo-app/lab-0.1
1781163501.7012475,32.068856954574585,C1_SPEED_300,C1_SPEED_300_R01_20260611_143748,delta-asda-b3-e,1591,RTSO|SO|OE|VE|QS|TR,3,0,275916721,300,18,0.07686,18,0.043038,301,49,4270,2391,6000,,300,,,,constant_speed,normal,0,no_load,cw,C1: 300 rpm,servo-app/lab-0.1
1781163501.8016353,32.16924476623535,C1_SPEED_300,C1_SPEED_300_R01_20260611_143748,delta-asda-b3-e,1591,RTSO|SO|OE|VE|QS|TR,3,0,276763434,301,16,0.06832,17,0.040647,301,49,4270,2391,6000,,300,,,,constant_speed,normal,0,no_load,cw,C1: 300 rpm,servo-app/lab-0.1
1781163501.9020464,32.26965594291687,C1_SPEED_300,C1_SPEED_300_R01_20260611_143748,delta-asda-b3-e,1591,RTSO|SO|OE|VE|QS|TR,3,0,277603563,300,19,0.08113,20,0.04782,301,49,4270,2391,6000,,300,,,,constant_speed,normal,0,no_load,cw,C1: 300 rpm,servo-app/lab-0.1
1781163502.0022163,32.36982583999634,C1_SPEED_300,C1_SPEED_300_R01_20260611_143748,delta-asda-b3-e,1591,RTSO|SO|OE|VE|QS|TR,3,0,278441241,300,20,0.0854,21,0.050211,301,49,4270,2391,6000,,300,,,,constant_speed,normal,0,no_load,cw,C1: 300 rpm,servo-app/lab-0.1
1781163502.1025677,32.4701771736145,C1_SPEED_300,C1_SPEED_300_R01_20260611_143748,delta-asda-b3-e,1591,RTSO|SO|OE|VE|QS|TR,3,0,279289022,299,18,0.07686,18,0.043038,301,49,4270,2391,6000,,300,,,,constant_speed,normal,0,no_load,cw,C1: 300 rpm,servo-app/lab-0.1
1781163502.2029033,32.570512771606445,C1_SPEED_300,C1_SPEED_300_R01_20260611_143748,delta-asda-b3-e,1591,RTSO|SO|OE|VE|QS|TR,3,0,280127059,301,16,0.06832,17,0.040647,301,49,4270,2391,6000,,300,,,,constant_speed,normal,0,no_load,cw,C1: 300 rpm,servo-app/lab-0.1
1781163502.3030164,32.67062592506409,C1_SPEED_300,C1_SPEED_300_R01_20260611_143748,delta-asda-b3-e,1591,RTSO|SO|OE|VE|QS|TR,3,0,280966923,300,18,0.07686,19,0.045429,301,49,4270,2391,6000,,300,,,,constant_speed,normal,0,no_load,cw,C1: 300 rpm,servo-app/lab-0.1
1781163502.4031146,32.770724058151245,C1_SPEED_300,C1_SPEED_300_R01_20260611_143748,delta-asda-b3-e,1591,RTSO|SO|OE|VE|QS|TR,3,0,281805332,301,19,0.08113,18,0.043038,301,49,4270,2391,6000,,300,,,,constant_speed,normal,0,no_load,cw,C1: 300 rpm,servo-app/lab-0.1
1781163502.5032177,32.870827198028564,C1_SPEED_300,C1_SPEED_300_R01_20260611_143748,delta-asda-b3-e,1591,RTSO|SO|OE|VE|QS|TR,3,0,282635677,300,18,0.07686,18,0.043038,301,49,4270,2391,6000,,300,,,,constant_speed,normal,0,no_load,cw,C1: 300 rpm,servo-app/lab-0.1
1781163502.603595,32.97120451927185,C1_SPEED_300,C1_SPEED_300_R01_20260611_143748,delta-asda-b3-e,1591,RTSO|SO|OE|VE|QS|TR,3,0,283490870,300,16,0.06832,17,0.040647,301,49,4270,2391,6000,,300,,,,constant_speed,normal,0,no_load,cw,C1: 300 rpm,servo-app/lab-0.1
1781163502.7042472,33.07185673713684,C1_SPEED_300,C1_SPEED_300_R01_20260611_143748,delta-asda-b3-e,1591,RTSO|SO|OE|VE|QS|TR,3,0,284338871,300,19,0.08113,17,0.040647,301,49,4270,2391,6000,,300,,,,constant_speed,normal,0,no_load,cw,C1: 300 rpm,servo-app/lab-0.1
1781163502.8046248,33.172234296798706,C1_SPEED_300,C1_SPEED_300_R01_20260611_143748,delta-asda-b3-e,1591,RTSO|SO|OE|VE|QS|TR,3,0,285177062,300,20,0.0854,19,0.045429,301,49,4270,2391,6000,,300,,,,constant_speed,normal,0,no_load,cw,C1: 300 rpm,servo-app/lab-0.1
1781163502.9052658,33.27287530899048,C1_SPEED_300,C1_SPEED_300_R01_20260611_143748,delta-asda-b3-e,1591,RTSO|SO|OE|VE|QS|TR,3,0,286016586,300,17,0.07259,15,0.035865,301,49,4270,2391,6000,,300,,,,constant_speed,normal,0,no_load,cw,C1: 300 rpm,servo-app/lab-0.1
1781163503.005548,33.3731575012207,C1_SPEED_300,C1_SPEED_300_R01_20260611_143748,delta-asda-b3-e,1591,RTSO|SO|OE|VE|QS|TR,3,0,286862595,300,17,0.07259,18,0.043038,301,49,4270,2391,6000,,300,,,,constant_speed,normal,0,no_load,cw,C1: 300 rpm,servo-app/lab-0.1
1781163503.1059034,33.47351288795471,C1_SPEED_300,C1_SPEED_300_R01_20260611_143748,delta-asda-b3-e,1591,RTSO|SO|OE|VE|QS|TR,3,0,287702449,299,18,0.07686,19,0.045429,301,49,4270,2391,6000,,300,,,,constant_speed,normal,0,no_load,cw,C1: 300 rpm,servo-app/lab-0.1
1781163503.2067826,33.57439208030701,C1_SPEED_300,C1_SPEED_300_R01_20260611_143748,delta-asda-b3-e,1591,RTSO|SO|OE|VE|QS|TR,3,0,288548853,300,20,0.0854,20,0.04782,301,49,4270,2391,6000,,300,,,,constant_speed,normal,0,no_load,cw,C1: 300 rpm,servo-app/lab-0.1
1781163503.3069382,33.67454767227173,C1_SPEED_300,C1_SPEED_300_R01_20260611_143748,delta-asda-b3-e,1591,RTSO|SO|OE|VE|QS|TR,3,0,289388170,300,17,0.07259,18,0.043038,301,49,4270,2391,6000,,300,,,,constant_speed,normal,0,no_load,cw,C1: 300 rpm,servo-app/lab-0.1
1781163503.407477,33.775086402893066,C1_SPEED_300,C1_SPEED_300_R01_20260611_143748,delta-asda-b3-e,1591,RTSO|SO|OE|VE|QS|TR,3,0,290235025,300,15,0.06405,16,0.038256,301,49,4270,2391,6000,,300,,,,constant_speed,normal,0,no_load,cw,C1: 300 rpm,servo-app/lab-0.1
1781163503.5076022,33.87521171569824,C1_SPEED_300,C1_SPEED_300_R01_20260611_143748,delta-asda-b3-e,1591,RTSO|SO|OE|VE|QS|TR,3,0,291074175,299,18,0.07686,20,0.04782,301,49,4270,2391,6000,,300,,,,constant_speed,normal,0,no_load,cw,C1: 300 rpm,servo-app/lab-0.1
1781163503.608211,33.975820541381836,C1_SPEED_300,C1_SPEED_300_R01_20260611_143748,delta-asda-b3-e,1591,RTSO|SO|OE|VE|QS|TR,3,0,291912392,300,17,0.07259,19,0.045429,301,49,4270,2391,6000,,300,,,,constant_speed,normal,0,no_load,cw,C1: 300 rpm,servo-app/lab-0.1
1781163503.7087703,34.07637977600098,C1_SPEED_300,C1_SPEED_300_R01_20260611_143748,delta-asda-b3-e,1591,RTSO|SO|OE|VE|QS|TR,3,0,292759902,300,18,0.07686,17,0.040647,301,49,4270,2391,6000,,300,,,,constant_speed,normal,0,no_load,cw,C1: 300 rpm,servo-app/lab-0.1
1781163503.809743,34.17735242843628,C1_SPEED_300,C1_SPEED_300_R01_20260611_143748,delta-asda-b3-e,1591,RTSO|SO|OE|VE|QS|TR,3,0,293606641,301,15,0.06405,15,0.035865,302,49,4270,2391,6000,,300,,,,constant_speed,normal,0,no_load,cw,C1: 300 rpm,servo-app/lab-0.1
1781163503.9102044,34.27781391143799,C1_SPEED_300,C1_SPEED_300_R01_20260611_143748,delta-asda-b3-e,1591,RTSO|SO|OE|VE|QS|TR,3,0,294446532,300,19,0.08113,17,0.040647,301,49,4270,2391,6000,,300,,,,constant_speed,normal,0,no_load,cw,C1: 300 rpm,servo-app/lab-0.1
1781163504.0103033,34.377912759780884,C1_SPEED_300,C1_SPEED_300_R01_20260611_143748,delta-asda-b3-e,1591,RTSO|SO|OE|VE|QS|TR,3,0,295284173,300,20,0.0854,18,0.043038,301,49,4270,2391,6000,,300,,,,constant_speed,normal,0,no_load,cw,C1: 300 rpm,servo-app/lab-0.1
1781163504.1103733,34.47798275947571,C1_SPEED_300,C1_SPEED_300_R01_20260611_143748,delta-asda-b3-e,1591,RTSO|SO|OE|VE|QS|TR,3,0,296123482,299,19,0.08113,17,0.040647,301,49,4270,2391,6000,,300,,,,constant_speed,normal,0,no_load,cw,C1: 300 rpm,servo-app/lab-0.1
1781163504.2108388,34.57844829559326,C1_SPEED_300,C1_SPEED_300_R01_20260611_143748,delta-asda-b3-e,1591,RTSO|SO|OE|VE|QS|TR,3,0,296970297,301,14,0.05978,15,0.035865,301,49,4270,2391,6000,,300,,,,constant_speed,normal,0,no_load,cw,C1: 300 rpm,servo-app/lab-0.1
1781163504.310905,34.67851448059082,C1_SPEED_300,C1_SPEED_300_R01_20260611_143748,delta-asda-b3-e,1591,RTSO|SO|OE|VE|QS|TR,3,0,297809877,300,18,0.07686,18,0.043038,301,49,4270,2391,6000,,300,,,,constant_speed,normal,0,no_load,cw,C1: 300 rpm,servo-app/lab-0.1
1781163504.4113564,34.77896595001221,C1_SPEED_300,C1_SPEED_300_R01_20260611_143748,delta-asda-b3-e,1591,RTSO|SO|OE|VE|QS|TR,3,0,298648270,301,20,0.0854,20,0.04782,301,49,4270,2391,6000,,300,,,,constant_speed,normal,0,no_load,cw,C1: 300 rpm,servo-app/lab-0.1
1781163504.511806,34.87941551208496,C1_SPEED_300,C1_SPEED_300_R01_20260611_143748,delta-asda-b3-e,1591,RTSO|SO|OE|VE|QS|TR,3,0,299495406,300,19,0.08113,19,0.045429,301,49,4270,2391,6000,,300,,,,constant_speed,normal,0,no_load,cw,C1: 300 rpm,servo-app/lab-0.1
1781163504.6123323,34.979941844940186,C1_SPEED_300,C1_SPEED_300_R01_20260611_143748,delta-asda-b3-e,1591,RTSO|SO|OE|VE|QS|TR,3,0,300485118,300,17,0.07259,16,0.038256,301,49,4270,2391,6000,,300,,,,constant_speed,normal,0,no_load,cw,C1: 300 rpm,servo-app/lab-0.1
1781163504.7125087,35.08011817932129,C1_SPEED_300,C1_SPEED_300_R01_20260611_143748,delta-asda-b3-e,1591,RTSO|SO|OE|VE|QS|TR,3,0,301182152,301,17,0.07259,16,0.038256,301,49,4270,2391,6000,,300,,,,constant_speed,normal,0,no_load,cw,C1: 300 rpm,servo-app/lab-0.1
1781163504.8126354,35.18024492263794,C1_SPEED_300,C1_SPEED_300_R01_20260611_143748,delta-asda-b3-e,1591,RTSO|SO|OE|VE|QS|TR,3,0,302020195,300,19,0.08113,20,0.04782,301,49,4270,2391,6000,,300,,,,constant_speed,normal,0,no_load,cw,C1: 300 rpm,servo-app/lab-0.1
1781163504.912864,35.280473470687866,C1_SPEED_300,C1_SPEED_300_R01_20260611_143748,delta-asda-b3-e,1591,RTSO|SO|OE|VE|QS|TR,3,0,302859650,300,16,0.06832,16,0.038256,301,49,4270,2391,6000,,300,,,,constant_speed,normal,0,no_load,cw,C1: 300 rpm,servo-app/lab-0.1
1781163505.0130124,35.380621910095215,C1_SPEED_300,C1_SPEED_300_R01_20260611_143748,delta-asda-b3-e,1591,RTSO|SO|OE|VE|QS|TR,3,0,303697456,301,17,0.07259,16,0.038256,301,49,4270,2391,6000,,300,,,,constant_speed,normal,0,no_load,cw,C1: 300 rpm,servo-app/lab-0.1
1781163505.114062,35.48167157173157,C1_SPEED_300,C1_SPEED_300_R01_20260611_143748,delta-asda-b3-e,1591,RTSO|SO|OE|VE|QS|TR,3,0,304545664,300,18,0.07686,18,0.043038,301,49,4270,2391,6000,,300,,,,constant_speed,normal,0,no_load,cw,C1: 300 rpm,servo-app/lab-0.1
1781163505.2144623,35.58207178115845,C1_SPEED_300,C1_SPEED_300_R01_20260611_143748,delta-asda-b3-e,1591,RTSO|SO|OE|VE|QS|TR,3,0,305392238,301,18,0.07686,19,0.045429,301,49,4270,2391,6000,,300,,,,constant_speed,normal,0,no_load,cw,C1: 300 rpm,servo-app/lab-0.1
1781163505.314975,35.68258452415466,C1_SPEED_300,C1_SPEED_300_R01_20260611_143748,delta-asda-b3-e,1591,RTSO|SO|OE|VE|QS|TR,3,0,306231377,300,20,0.0854,19,0.045429,301,49,4270,2391,6000,,300,,,,constant_speed,normal,0,no_load,cw,C1: 300 rpm,servo-app/lab-0.1
1781163505.4151127,35.78272223472595,C1_SPEED_300,C1_SPEED_300_R01_20260611_143748,delta-asda-b3-e,1591,RTSO|SO|OE|VE|QS|TR,3,0,307069931,301,16,0.06832,16,0.038256,301,49,4270,2391,6000,,300,,,,constant_speed,normal,0,no_load,cw,C1: 300 rpm,servo-app/lab-0.1
1781163505.5159256,35.88353514671326,C1_SPEED_300,C1_SPEED_300_R01_20260611_143748,delta-asda-b3-e,1591,RTSO|SO|OE|VE|QS|TR,3,0,307917379,300,20,0.0854,19,0.045429,301,49,4270,2391,6000,,300,,,,constant_speed,normal,0,no_load,cw,C1: 300 rpm,servo-app/lab-0.1
1781163505.6161623,35.98377180099487,C1_SPEED_300,C1_SPEED_300_R01_20260611_143748,delta-asda-b3-e,1591,RTSO|SO|OE|VE|QS|TR,3,0,308755593,300,19,0.08113,20,0.04782,301,49,4270,2391,6000,,300,,,,constant_speed,normal,0,no_load,cw,C1: 300 rpm,servo-app/lab-0.1
1781163505.7163854,36.08399486541748,C1_SPEED_300,C1_SPEED_300_R01_20260611_143748,delta-asda-b3-e,1591,RTSO|SO|OE|VE|QS|TR,3,0,309603183,300,20,0.0854,20,0.04782,301,49,4270,2391,6000,,300,,,,constant_speed,normal,0,no_load,cw,C1: 300 rpm,servo-app/lab-0.1
1781163505.8166528,36.1842622756958,C1_SPEED_300,C1_SPEED_300_R01_20260611_143748,delta-asda-b3-e,1591,RTSO|SO|OE|VE|QS|TR,3,0,310441505,301,15,0.06405,17,0.040647,301,49,4270,2391,6000,,300,,,,constant_speed,normal,0,no_load,cw,C1: 300 rpm,servo-app/lab-0.1
1781163505.9167168,36.28432631492615,C1_SPEED_300,C1_SPEED_300_R01_20260611_143748,delta-asda-b3-e,1591,RTSO|SO|OE|VE|QS|TR,3,0,311281208,300,21,0.08967,19,0.045429,301,49,4270,2391,6000,,300,,,,constant_speed,normal,0,no_load,cw,C1: 300 rpm,servo-app/lab-0.1
1781163506.0170705,36.3846800327301,C1_SPEED_300,C1_SPEED_300_R01_20260611_143748,delta-asda-b3-e,1591,RTSO|SO|OE|VE|QS|TR,3,0,312118957,300,21,0.08967,22,0.052602,301,49,4270,2391,6000,,300,,,,constant_speed,normal,0,no_load,cw,C1: 300 rpm,servo-app/lab-0.1
1781163506.117138,36.48474740982056,C1_SPEED_300,C1_SPEED_300_R01_20260611_143748,delta-asda-b3-e,1591,RTSO|SO|OE|VE|QS|TR,3,0,312958025,299,20,0.0854,21,0.050211,301,49,4270,2391,6000,,300,,,,constant_speed,normal,0,no_load,cw,C1: 300 rpm,servo-app/lab-0.1
1781163506.2174237,36.58503317832947,C1_SPEED_300,C1_SPEED_300_R01_20260611_143748,delta-asda-b3-e,1591,RTSO|SO|OE|VE|QS|TR,3,0,313796577,301,15,0.06405,16,0.038256,301,49,4270,2391,6000,,300,,,,constant_speed,normal,0,no_load,cw,C1: 300 rpm,servo-app/lab-0.1
1781163506.3175626,36.68517208099365,C1_SPEED_300,C1_SPEED_300_R01_20260611_143748,delta-asda-b3-e,1591,RTSO|SO|OE|VE|QS|TR,3,0,314644224,300,20,0.0854,20,0.04782,301,49,4270,2391,6000,,300,,,,constant_speed,normal,0,no_load,cw,C1: 300 rpm,servo-app/lab-0.1
1781163506.4177537,36.78536319732666,C1_SPEED_300,C1_SPEED_300_R01_20260611_143748,delta-asda-b3-e,1591,RTSO|SO|OE|VE|QS|TR,3,0,315482611,300,21,0.08967,21,0.050211,301,49,4270,2391,6000,,300,,,,constant_speed,normal,0,no_load,cw,C1: 300 rpm,servo-app/lab-0.1
1781163506.5182037,36.88581323623657,C1_SPEED_300,C1_SPEED_300_R01_20260611_143748,delta-asda-b3-e,1591,RTSO|SO|OE|VE|QS|TR,3,0,316321221,299,24,0.10248,22,0.052602,301,49,4270,2391,6000,,300,,,,constant_speed,normal,0,no_load,cw,C1: 300 rpm,servo-app/lab-0.1
1781163506.6183357,36.98594522476196,C1_SPEED_300,C1_SPEED_300_R01_20260611_143748,delta-asda-b3-e,1591,RTSO|SO|OE|VE|QS|TR,3,0,317159942,300,15,0.06405,17,0.040647,301,49,4270,2391,6000,,300,,,,constant_speed,normal,0,no_load,cw,C1: 300 rpm,servo-app/lab-0.1
1781163506.7185097,37.086119174957275,C1_SPEED_300,C1_SPEED_300_R01_20260611_143748,delta-asda-b3-e,1591,RTSO|SO|OE|VE|QS|TR,3,0,318008057,301,19,0.08113,17,0.040647,302,49,4270,2391,6000,,300,,,,constant_speed,normal,0,no_load,cw,C1: 300 rpm,servo-app/lab-0.1
1781163506.8191419,37.18675136566162,C1_SPEED_300,C1_SPEED_300_R01_20260611_143748,delta-asda-b3-e,1591,RTSO|SO|OE|VE|QS|TR,3,0,318846125,300,20,0.0854,20,0.04782,301,49,4270,2391,6000,,300,,,,constant_speed,normal,0,no_load,cw,C1: 300 rpm,servo-app/lab-0.1
1781163506.9196684,37.287277936935425,C1_SPEED_300,C1_SPEED_300_R01_20260611_143748,delta-asda-b3-e,1591,RTSO|SO|OE|VE|QS|TR,3,0,319693828,300,21,0.08967,19,0.045429,301,49,4270,2391,6000,,300,,,,constant_speed,normal,0,no_load,cw,C1: 300 rpm,servo-app/lab-0.1
1781163507.0199482,37.38755774497986,C1_SPEED_300,C1_SPEED_300_R01_20260611_143748,delta-asda-b3-e,1591,RTSO|SO|OE|VE|QS|TR,3,0,320531949,301,17,0.07259,16,0.038256,301,49,4270,2391,6000,,300,,,,constant_speed,normal,0,no_load,cw,C1: 300 rpm,servo-app/lab-0.1
1781163507.1209555,37.48856496810913,C1_SPEED_300,C1_SPEED_300_R01_20260611_143748,delta-asda-b3-e,1591,RTSO|SO|OE|VE|QS|TR,3,0,321380042,300,19,0.08113,19,0.045429,301,49,4270,2391,6000,,300,,,,constant_speed,normal,0,no_load,cw,C1: 300 rpm,servo-app/lab-0.1
1781163507.221105,37.588714599609375,C1_SPEED_300,C1_SPEED_300_R01_20260611_143748,delta-asda-b3-e,1591,RTSO|SO|OE|VE|QS|TR,3,0,322218538,301,20,0.0854,20,0.04782,301,49,4270,2391,6000,,300,,,,constant_speed,normal,0,no_load,cw,C1: 300 rpm,servo-app/lab-0.1
1781163507.3214378,37.68904733657837,C1_SPEED_300,C1_SPEED_300_R01_20260611_143748,delta-asda-b3-e,1591,RTSO|SO|OE|VE|QS|TR,3,0,323057450,300,20,0.0854,20,0.04782,301,49,4270,2391,6000,,300,,,,constant_speed,normal,0,no_load,cw,C1: 300 rpm,servo-app/lab-0.1
1781163507.4215035,37.78911304473877,C1_SPEED_300,C1_SPEED_300_R01_20260611_143748,delta-asda-b3-e,1591,RTSO|SO|OE|VE|QS|TR,3,0,323904625,301,16,0.06832,16,0.038256,301,49,4270,2391,6000,,300,,,,constant_speed,normal,0,no_load,cw,C1: 300 rpm,servo-app/lab-0.1
1781163507.5216558,37.889265298843384,C1_SPEED_300,C1_SPEED_300_R01_20260611_143748,delta-asda-b3-e,1591,RTSO|SO|OE|VE|QS|TR,3,0,324752029,300,19,0.08113,19,0.045429,301,49,4270,2391,6000,,300,,,,constant_speed,normal,0,no_load,cw,C1: 300 rpm,servo-app/lab-0.1
1781163507.6221268,37.98973631858826,C1_SPEED_300,C1_SPEED_300_R01_20260611_143748,delta-asda-b3-e,1591,RTSO|SO|OE|VE|QS|TR,3,0,325581915,301,19,0.08113,20,0.04782,301,49,4270,2391,6000,,300,,,,constant_speed,normal,0,no_load,cw,C1: 300 rpm,servo-app/lab-0.1
1781163507.7225811,38.09019064903259,C1_SPEED_300,C1_SPEED_300_R01_20260611_143748,delta-asda-b3-e,1591,RTSO|SO|OE|VE|QS|TR,3,0,326429630,300,22,0.09394,21,0.050211,301,49,4270,2391,6000,,300,,,,constant_speed,normal,0,no_load,cw,C1: 300 rpm,servo-app/lab-0.1
1781163507.8228183,38.19042778015137,C1_SPEED_300,C1_SPEED_300_R01_20260611_143748,delta-asda-b3-e,1591,RTSO|SO|OE|VE|QS|TR,3,0,327268031,301,17,0.07259,17,0.040647,301,49,4270,2391,6000,,300,,,,constant_speed,normal,0,no_load,cw,C1: 300 rpm,servo-app/lab-0.1
1781163507.923351,38.29096055030823,C1_SPEED_300,C1_SPEED_300_R01_20260611_143748,delta-asda-b3-e,1591,RTSO|SO|OE|VE|QS|TR,3,0,328107583,300,19,0.08113,19,0.045429,301,49,4270,2391,6000,,300,,,,constant_speed,normal,0,no_load,cw,C1: 300 rpm,servo-app/lab-0.1
1781163508.0240521,38.391661643981934,C1_SPEED_300,C1_SPEED_300_R01_20260611_143748,delta-asda-b3-e,1591,RTSO|SO|OE|VE|QS|TR,3,0,328962297,300,22,0.09394,20,0.04782,301,49,4270,2391,6000,,300,,,,constant_speed,normal,0,no_load,cw,C1: 300 rpm,servo-app/lab-0.1
1781163508.1241362,38.491745710372925,C1_SPEED_300,C1_SPEED_300_R01_20260611_143748,delta-asda-b3-e,1591,RTSO|SO|OE|VE|QS|TR,3,0,329792925,299,21,0.08967,20,0.04782,301,49,4270,2391,6000,,300,,,,constant_speed,normal,0,no_load,cw,C1: 300 rpm,servo-app/lab-0.1
1781163508.2244031,38.59201264381409,C1_SPEED_300,C1_SPEED_300_R01_20260611_143748,delta-asda-b3-e,1591,RTSO|SO|OE|VE|QS|TR,3,0,330640308,301,17,0.07259,15,0.035865,301,49,4270,2391,6000,,300,,,,constant_speed,normal,0,no_load,cw,C1: 300 rpm,servo-app/lab-0.1
1781163508.3247912,38.69240069389343,C1_SPEED_300,C1_SPEED_300_R01_20260611_143748,delta-asda-b3-e,1591,RTSO|SO|OE|VE|QS|TR,3,0,331479332,299,21,0.08967,20,0.04782,301,49,4270,2391,6000,,300,,,,constant_speed,normal,0,no_load,cw,C1: 300 rpm,servo-app/lab-0.1
1781163508.4248626,38.79247212409973,C1_SPEED_300,C1_SPEED_300_R01_20260611_143748,delta-asda-b3-e,1591,RTSO|SO|OE|VE|QS|TR,3,0,332317903,300,23,0.09821,21,0.050211,301,49,4270,2391,6000,,300,,,,constant_speed,normal,0,no_load,cw,C1: 300 rpm,servo-app/lab-0.1
1781163508.525062,38.89267158508301,C1_SPEED_300,C1_SPEED_300_R01_20260611_143748,delta-asda-b3-e,1591,RTSO|SO|OE|VE|QS|TR,3,0,333156315,299,23,0.09821,21,0.050211,301,49,4270,2391,6000,,300,,,,constant_speed,normal,0,no_load,cw,C1: 300 rpm,servo-app/lab-0.1
1781163508.6256044,38.99321389198303,C1_SPEED_300,C1_SPEED_300_R01_20260611_143748,delta-asda-b3-e,1591,RTSO|SO|OE|VE|QS|TR,3,0,334003560,300,17,0.07259,17,0.040647,301,49,4270,2391,6000,,300,,,,constant_speed,normal,0,no_load,cw,C1: 300 rpm,servo-app/lab-0.1
1781163508.72588,39.09348940849304,C1_SPEED_300,C1_SPEED_300_R01_20260611_143748,delta-asda-b3-e,1591,RTSO|SO|OE|VE|QS|TR,3,0,334843204,300,18,0.07686,18,0.043038,301,49,4270,2391,6000,,300,,,,constant_speed,normal,0,no_load,cw,C1: 300 rpm,servo-app/lab-0.1
1781163508.8261232,39.19373273849487,C1_SPEED_300,C1_SPEED_300_R01_20260611_143748,delta-asda-b3-e,1591,RTSO|SO|OE|VE|QS|TR,3,0,335681224,300,21,0.08967,21,0.050211,301,49,4270,2391,6000,,300,,,,constant_speed,normal,0,no_load,cw,C1: 300 rpm,servo-app/lab-0.1
1781163508.9272554,39.294864892959595,C1_SPEED_300,C1_SPEED_300_R01_20260611_143748,delta-asda-b3-e,1591,RTSO|SO|OE|VE|QS|TR,3,0,336528657,299,20,0.0854,21,0.050211,301,49,4270,2391,6000,,300,,,,constant_speed,normal,0,no_load,cw,C1: 300 rpm,servo-app/lab-0.1
1781163509.0275354,39.39514493942261,C1_SPEED_300,C1_SPEED_300_R01_20260611_143748,delta-asda-b3-e,1591,RTSO|SO|OE|VE|QS|TR,3,0,337375340,300,15,0.06405,17,0.040647,301,49,4270,2391,6000,,300,,,,constant_speed,normal,0,no_load,cw,C1: 300 rpm,servo-app/lab-0.1
1781163509.1279387,39.495548248291016,C1_SPEED_300,C1_SPEED_300_R01_20260611_143748,delta-asda-b3-e,1591,RTSO|SO|OE|VE|QS|TR,3,0,338214768,299,18,0.07686,19,0.045429,301,49,4270,2391,6000,,300,,,,constant_speed,normal,0,no_load,cw,C1: 300 rpm,servo-app/lab-0.1
1781163509.2289355,39.59654498100281,C1_SPEED_300,C1_SPEED_300_R01_20260611_143748,delta-asda-b3-e,1591,RTSO|SO|OE|VE|QS|TR,3,0,339061800,300,20,0.0854,21,0.050211,301,49,4270,2391,6000,,300,,,,constant_speed,normal,0,no_load,cw,C1: 300 rpm,servo-app/lab-0.1
1781163509.3290007,39.69661021232605,C1_SPEED_300,C1_SPEED_300_R01_20260611_143748,delta-asda-b3-e,1591,RTSO|SO|OE|VE|QS|TR,3,0,339900294,299,21,0.08967,21,0.050211,301,49,4270,2391,6000,,300,,,,constant_speed,normal,0,no_load,cw,C1: 300 rpm,servo-app/lab-0.1
1781163509.4294224,39.79703187942505,C1_SPEED_300,C1_SPEED_300_R01_20260611_143748,delta-asda-b3-e,1591,RTSO|SO|OE|VE|QS|TR,3,0,340747593,300,17,0.07259,16,0.038256,301,49,4270,2391,6000,,300,,,,constant_speed,normal,0,no_load,cw,C1: 300 rpm,servo-app/lab-0.1
1781163509.5299635,39.89757299423218,C1_SPEED_300,C1_SPEED_300_R01_20260611_143748,delta-asda-b3-e,1591,RTSO|SO|OE|VE|QS|TR,3,0,341586392,299,20,0.0854,18,0.043038,301,49,4270,2391,6000,,300,,,,constant_speed,normal,0,no_load,cw,C1: 300 rpm,servo-app/lab-0.1
1781163509.6305642,39.99817371368408,C1_SPEED_300,C1_SPEED_300_R01_20260611_143748,delta-asda-b3-e,1591,RTSO|SO|OE|VE|QS|TR,3,0,342433394,300,20,0.0854,19,0.045429,302,49,4270,2391,6000,,300,,,,constant_speed,normal,0,no_load,cw,C1: 300 rpm,servo-app/lab-0.1
1781163509.7307878,40.09839725494385,C1_SPEED_300,C1_SPEED_300_R01_20260611_143748,delta-asda-b3-e,1591,RTSO|SO|OE|VE|QS|TR,3,0,343272298,299,23,0.09821,21,0.050211,301,49,4270,2391,6000,,300,,,,constant_speed,normal,0,no_load,cw,C1: 300 rpm,servo-app/lab-0.1
1781163509.8310888,40.19869828224182,C1_SPEED_300,C1_SPEED_300_R01_20260611_143748,delta-asda-b3-e,1591,RTSO|SO|OE|VE|QS|TR,3,0,344110762,300,17,0.07259,18,0.043038,302,49,4270,2391,6000,,300,,,,constant_speed,normal,0,no_load,cw,C1: 300 rpm,servo-app/lab-0.1
1781163509.93123,40.2988395690918,C1_SPEED_300,C1_SPEED_300_R01_20260611_143748,delta-asda-b3-e,1591,RTSO|SO|OE|VE|QS|TR,3,0,344949912,299,21,0.08967,19,0.045429,302,49,4270,2391,6000,,300,,,,constant_speed,normal,0,no_load,cw,C1: 300 rpm,servo-app/lab-0.1
1781163510.0313113,40.39892077445984,C1_SPEED_300,C1_SPEED_300_R01_20260611_143748,delta-asda-b3-e,1591,RTSO|SO|OE|VE|QS|TR,3,0,345788070,300,21,0.08967,20,0.04782,301,49,4270,2391,6000,,300,,,,constant_speed,normal,0,no_load,cw,C1: 300 rpm,servo-app/lab-0.1
1781163510.1314464,40.49905586242676,C1_SPEED_300,C1_SPEED_300_R01_20260611_143748,delta-asda-b3-e,1591,RTSO|SO|OE|VE|QS|TR,3,0,346626801,299,24,0.10248,23,0.054993,301,49,4270,2391,6000,,300,,,,constant_speed,normal,0,no_load,cw,C1: 300 rpm,servo-app/lab-0.1
1781163510.2315736,40.599183082580566,C1_SPEED_300,C1_SPEED_300_R01_20260611_143748,delta-asda-b3-e,1591,RTSO|SO|OE|VE|QS|TR,3,0,347474398,301,18,0.07686,17,0.040647,301,49,4270,2391,6000,,300,,,,constant_speed,normal,0,no_load,cw,C1: 300 rpm,servo-app/lab-0.1
1781163510.332152,40.699761390686035,C1_SPEED_300,C1_SPEED_300_R01_20260611_143748,delta-asda-b3-e,1591,RTSO|SO|OE|VE|QS|TR,3,0,348312923,299,22,0.09394,22,0.052602,301,49,4270,2391,6000,,300,,,,constant_speed,normal,0,no_load,cw,C1: 300 rpm,servo-app/lab-0.1
1781163510.4323921,40.80000162124634,C1_SPEED_300,C1_SPEED_300_R01_20260611_143748,delta-asda-b3-e,1591,RTSO|SO|OE|VE|QS|TR,3,0,349160100,300,21,0.08967,23,0.054993,301,49,4270,2391,6000,,300,,,,constant_speed,normal,0,no_load,cw,C1: 300 rpm,servo-app/lab-0.1
1781163510.532965,40.90057444572449,C1_SPEED_300,C1_SPEED_300_R01_20260611_143748,delta-asda-b3-e,1591,RTSO|SO|OE|VE|QS|TR,3,0,349998454,299,23,0.09821,23,0.054993,301,49,4270,2391,6000,,300,,,,constant_speed,normal,0,no_load,cw,C1: 300 rpm,servo-app/lab-0.1
1781163510.6335766,41.00118613243103,C1_SPEED_300,C1_SPEED_300_R01_20260611_143748,delta-asda-b3-e,1591,RTSO|SO|OE|VE|QS|TR,3,0,350846089,300,17,0.07259,18,0.043038,301,49,4270,2391,6000,,300,,,,constant_speed,normal,0,no_load,cw,C1: 300 rpm,servo-app/lab-0.1
1781163510.7336469,41.101256370544434,C1_SPEED_300,C1_SPEED_300_R01_20260611_143748,delta-asda-b3-e,1591,RTSO|SO|OE|VE|QS|TR,3,0,351685524,299,19,0.08113,19,0.045429,301,49,4270,2391,6000,,300,,,,constant_speed,normal,0,no_load,cw,C1: 300 rpm,servo-app/lab-0.1
1781163510.8337195,41.20132899284363,C1_SPEED_300,C1_SPEED_300_R01_20260611_143748,delta-asda-b3-e,1591,RTSO|SO|OE|VE|QS|TR,3,0,352523784,300,23,0.09821,22,0.052602,301,49,4270,2391,6000,,300,,,,constant_speed,normal,0,no_load,cw,C1: 300 rpm,servo-app/lab-0.1
1781163510.9338746,41.30148410797119,C1_SPEED_300,C1_SPEED_300_R01_20260611_143748,delta-asda-b3-e,1591,RTSO|SO|OE|VE|QS|TR,3,0,353362670,299,23,0.09821,23,0.054993,301,49,4270,2391,6000,,300,,,,constant_speed,normal,0,no_load,cw,C1: 300 rpm,servo-app/lab-0.1
1781163511.0339482,41.4015576839447,C1_SPEED_300,C1_SPEED_300_R01_20260611_143748,delta-asda-b3-e,1591,RTSO|SO|OE|VE|QS|TR,3,0,354201485,300,17,0.07259,18,0.043038,301,49,4270,2391,6000,,300,,,,constant_speed,normal,0,no_load,cw,C1: 300 rpm,servo-app/lab-0.1
1781163511.1344833,41.50209283828735,C1_SPEED_300,C1_SPEED_300_R01_20260611_143748,delta-asda-b3-e,1591,RTSO|SO|OE|VE|QS|TR,3,0,355040793,299,18,0.07686,18,0.043038,301,49,4270,2391,6000,,300,,,,constant_speed,normal,0,no_load,cw,C1: 300 rpm,servo-app/lab-0.1
1781163511.2345815,41.60219097137451,C1_SPEED_300,C1_SPEED_300_R01_20260611_143748,delta-asda-b3-e,1591,RTSO|SO|OE|VE|QS|TR,3,0,355888076,300,21,0.08967,20,0.04782,301,49,4270,2391,6000,,300,,,,constant_speed,normal,0,no_load,cw,C1: 300 rpm,servo-app/lab-0.1
1781163511.33517,41.70277953147888,C1_SPEED_300,C1_SPEED_300_R01_20260611_143748,delta-asda-b3-e,1591,RTSO|SO|OE|VE|QS|TR,3,0,356726317,299,24,0.10248,22,0.052602,301,49,4270,2391,6000,,300,,,,constant_speed,normal,0,no_load,cw,C1: 300 rpm,servo-app/lab-0.1
1781163511.4354095,41.80301904678345,C1_SPEED_300,C1_SPEED_300_R01_20260611_143748,delta-asda-b3-e,1591,RTSO|SO|OE|VE|QS|TR,3,0,357565466,300,17,0.07259,16,0.038256,301,49,4270,2391,6000,,300,,,,constant_speed,normal,0,no_load,cw,C1: 300 rpm,servo-app/lab-0.1
1781163511.5358098,41.90341925621033,C1_SPEED_300,C1_SPEED_300_R01_20260611_143748,delta-asda-b3-e,1591,RTSO|SO|OE|VE|QS|TR,3,0,358412484,299,19,0.08113,20,0.04782,301,49,4270,2391,6000,,300,,,,constant_speed,normal,0,no_load,cw,C1: 300 rpm,servo-app/lab-0.1
1781163511.6363132,42.00392270088196,C1_SPEED_300,C1_SPEED_300_R01_20260611_143748,delta-asda-b3-e,1591,RTSO|SO|OE|VE|QS|TR,3,0,359251310,300,19,0.08113,19,0.045429,301,49,4270,2391,6000,,300,,,,constant_speed,normal,0,no_load,cw,C1: 300 rpm,servo-app/lab-0.1
1781163511.7366364,42.10424590110779,C1_SPEED_300,C1_SPEED_300_R01_20260611_143748,delta-asda-b3-e,1591,RTSO|SO|OE|VE|QS|TR,3,0,360098377,299,23,0.09821,23,0.054993,301,49,4270,2391,6000,,300,,,,constant_speed,normal,0,no_load,cw,C1: 300 rpm,servo-app/lab-0.1
1781163511.8369823,42.20459175109863,C1_SPEED_300,C1_SPEED_300_R01_20260611_143748,delta-asda-b3-e,1591,RTSO|SO|OE|VE|QS|TR,3,0,360937130,300,17,0.07259,18,0.043038,301,49,4270,2391,6000,,300,,,,constant_speed,normal,0,no_load,cw,C1: 300 rpm,servo-app/lab-0.1
1781163511.9371793,42.30478882789612,C1_SPEED_300,C1_SPEED_300_R01_20260611_143748,delta-asda-b3-e,1591,RTSO|SO|OE|VE|QS|TR,3,0,361776086,298,19,0.08113,20,0.04782,301,49,4270,2391,6000,,300,,,,constant_speed,normal,0,no_load,cw,C1: 300 rpm,servo-app/lab-0.1
1781163512.0375144,42.4051239490509,C1_SPEED_300,C1_SPEED_300_R01_20260611_143748,delta-asda-b3-e,1591,RTSO|SO|OE|VE|QS|TR,3,0,362614687,300,19,0.08113,20,0.04782,301,49,4270,2391,6000,,300,,,,constant_speed,normal,0,no_load,cw,C1: 300 rpm,servo-app/lab-0.1
1781163512.1377847,42.50539422035217,C1_SPEED_300,C1_SPEED_300_R01_20260611_143748,delta-asda-b3-e,1591,RTSO|SO|OE|VE|QS|TR,3,0,363461501,299,22,0.09394,23,0.054993,300,49,4270,2391,6000,,300,,,,constant_speed,normal,0,no_load,cw,C1: 300 rpm,servo-app/lab-0.1
1781163512.2382743,42.605883836746216,C1_SPEED_300,C1_SPEED_300_R01_20260611_143748,delta-asda-b3-e,1591,RTSO|SO|OE|VE|QS|TR,3,0,364301114,300,15,0.06405,16,0.038256,301,49,4270,2391,6000,,300,,,,constant_speed,normal,0,no_load,cw,C1: 300 rpm,servo-app/lab-0.1
1781163512.3386426,42.706252098083496,C1_SPEED_300,C1_SPEED_300_R01_20260611_143748,delta-asda-b3-e,1591,RTSO|SO|OE|VE|QS|TR,3,0,365147784,298,19,0.08113,19,0.045429,301,49,4270,2391,6000,,300,,,,constant_speed,normal,0,no_load,cw,C1: 300 rpm,servo-app/lab-0.1
1781163512.439174,42.80678343772888,C1_SPEED_300,C1_SPEED_300_R01_20260611_143748,delta-asda-b3-e,1591,RTSO|SO|OE|VE|QS|TR,3,0,365986834,299,19,0.08113,21,0.050211,301,49,4270,2391,6000,,300,,,,constant_speed,normal,0,no_load,cw,C1: 300 rpm,servo-app/lab-0.1
1781163512.5399628,42.9075722694397,C1_SPEED_300,C1_SPEED_300_R01_20260611_143748,delta-asda-b3-e,1591,RTSO|SO|OE|VE|QS|TR,3,0,366833458,299,21,0.08967,19,0.045429,301,49,4270,2391,6000,,300,,,,constant_speed,normal,0,no_load,cw,C1: 300 rpm,servo-app/lab-0.1
1781163512.6400309,43.00764036178589,C1_SPEED_300,C1_SPEED_300_R01_20260611_143748,delta-asda-b3-e,1591,RTSO|SO|OE|VE|QS|TR,3,0,367672836,300,16,0.06832,15,0.035865,301,49,4270,2391,6000,,300,,,,constant_speed,normal,0,no_load,cw,C1: 300 rpm,servo-app/lab-0.1
1781163512.7403555,43.10796499252319,C1_SPEED_300,C1_SPEED_300_R01_20260611_143748,delta-asda-b3-e,1591,RTSO|SO|OE|VE|QS|TR,3,0,368511945,299,18,0.07686,16,0.038256,301,49,4270,2391,6000,,300,,,,constant_speed,normal,0,no_load,cw,C1: 300 rpm,servo-app/lab-0.1
1781163512.8407664,43.20837593078613,C1_SPEED_300,C1_SPEED_300_R01_20260611_143748,delta-asda-b3-e,1591,RTSO|SO|OE|VE|QS|TR,3,0,369358690,300,19,0.08113,19,0.045429,301,49,4270,2391,6000,,300,,,,constant_speed,normal,0,no_load,cw,C1: 300 rpm,servo-app/lab-0.1
1781163512.9412055,43.308815002441406,C1_SPEED_300,C1_SPEED_300_R01_20260611_143748,delta-asda-b3-e,1591,RTSO|SO|OE|VE|QS|TR,3,0,370197190,299,21,0.08967,21,0.050211,301,49,4270,2391,6000,,300,,,,constant_speed,normal,0,no_load,cw,C1: 300 rpm,servo-app/lab-0.1
1781163513.0416915,43.40930104255676,C1_SPEED_300,C1_SPEED_300_R01_20260611_143748,delta-asda-b3-e,1591,RTSO|SO|OE|VE|QS|TR,3,0,371044873,301,15,0.06405,15,0.035865,301,49,4270,2391,6000,,300,,,,constant_speed,normal,0,no_load,cw,C1: 300 rpm,servo-app/lab-0.1
1781163513.1417627,43.50937223434448,C1_SPEED_300,C1_SPEED_300_R01_20260611_143748,delta-asda-b3-e,1591,RTSO|SO|OE|VE|QS|TR,3,0,371883670,299,17,0.07259,17,0.040647,301,49,4270,2391,6000,,300,,,,constant_speed,normal,0,no_load,cw,C1: 300 rpm,servo-app/lab-0.1
1781163513.241932,43.60954141616821,C1_SPEED_300,C1_SPEED_300_R01_20260611_143748,delta-asda-b3-e,1591,RTSO|SO|OE|VE|QS|TR,3,0,372722795,301,18,0.07686,18,0.043038,300,49,4270,2391,6000,,300,,,,constant_speed,normal,0,no_load,cw,C1: 300 rpm,servo-app/lab-0.1
1781163513.3423939,43.71000337600708,C1_SPEED_300,C1_SPEED_300_R01_20260611_143748,delta-asda-b3-e,1591,RTSO|SO|OE|VE|QS|TR,3,0,373560644,299,21,0.08967,21,0.050211,301,49,4270,2391,6000,,300,,,,constant_speed,normal,0,no_load,cw,C1: 300 rpm,servo-app/lab-0.1
1781163513.4428635,43.81047296524048,C1_SPEED_300,C1_SPEED_300_R01_20260611_143748,delta-asda-b3-e,1591,RTSO|SO|OE|VE|QS|TR,3,0,374408595,300,17,0.07259,17,0.040647,301,49,4270,2391,6000,,300,,,,constant_speed,normal,0,no_load,cw,C1: 300 rpm,servo-app/lab-0.1
1781163513.5431433,43.91075277328491,C1_SPEED_300,C1_SPEED_300_R01_20260611_143748,delta-asda-b3-e,1591,RTSO|SO|OE|VE|QS|TR,3,0,375247194,300,18,0.07686,17,0.040647,301,49,4270,2391,6000,,300,,,,constant_speed,normal,0,no_load,cw,C1: 300 rpm,servo-app/lab-0.1
1781163513.6432607,44.01087021827698,C1_SPEED_300,C1_SPEED_300_R01_20260611_143748,delta-asda-b3-e,1591,RTSO|SO|OE|VE|QS|TR,3,0,376086161,301,18,0.07686,18,0.043038,301,49,4270,2391,6000,,300,,,,constant_speed,normal,0,no_load,cw,C1: 300 rpm,servo-app/lab-0.1
1781163513.7442205,44.11182999610901,C1_SPEED_300,C1_SPEED_300_R01_20260611_143748,delta-asda-b3-e,1591,RTSO|SO|OE|VE|QS|TR,3,0,376932936,299,22,0.09394,21,0.050211,301,49,4270,2391,6000,,300,,,,constant_speed,normal,0,no_load,cw,C1: 300 rpm,servo-app/lab-0.1
1781163513.84447,44.2120795249939,C1_SPEED_300,C1_SPEED_300_R01_20260611_143748,delta-asda-b3-e,1591,RTSO|SO|OE|VE|QS|TR,3,0,377772011,300,16,0.06832,17,0.040647,301,49,4270,2391,6000,,300,,,,constant_speed,normal,0,no_load,cw,C1: 300 rpm,servo-app/lab-0.1
1781163513.9448183,44.31242775917053,C1_SPEED_300,C1_SPEED_300_R01_20260611_143748,delta-asda-b3-e,1591,RTSO|SO|OE|VE|QS|TR,3,0,378618945,299,19,0.08113,18,0.043038,301,49,4270,2391,6000,,300,,,,constant_speed,normal,0,no_load,cw,C1: 300 rpm,servo-app/lab-0.1
1781163514.0451891,44.41279864311218,C1_SPEED_300,C1_SPEED_300_R01_20260611_143748,delta-asda-b3-e,1591,RTSO|SO|OE|VE|QS|TR,3,0,379458140,301,18,0.07686,17,0.040647,300,49,4270,2391,6000,,300,,,,constant_speed,normal,0,no_load,cw,C1: 300 rpm,servo-app/lab-0.1
1781163514.14573,44.51333951950073,C1_SPEED_300,C1_SPEED_300_R01_20260611_143748,delta-asda-b3-e,1591,RTSO|SO|OE|VE|QS|TR,3,0,380304470,299,24,0.10248,22,0.052602,300,49,4270,2391,6000,,300,,,,constant_speed,normal,0,no_load,cw,C1: 300 rpm,servo-app/lab-0.1
1781163514.24592,44.613529443740845,C1_SPEED_300,C1_SPEED_300_R01_20260611_143748,delta-asda-b3-e,1591,RTSO|SO|OE|VE|QS|TR,3,0,381144367,300,16,0.06832,16,0.038256,300,49,4270,2391,6000,,300,,,,constant_speed,normal,0,no_load,cw,C1: 300 rpm,servo-app/lab-0.1
1781163514.346944,44.71455359458923,C1_SPEED_300,C1_SPEED_300_R01_20260611_143748,delta-asda-b3-e,1591,RTSO|SO|OE|VE|QS|TR,3,0,381990649,299,19,0.08113,20,0.04782,301,49,4270,2391,6000,,300,,,,constant_speed,normal,0,no_load,cw,C1: 300 rpm,servo-app/lab-0.1
1781163514.447556,44.815165519714355,C1_SPEED_300,C1_SPEED_300_R01_20260611_143748,delta-asda-b3-e,1591,RTSO|SO|OE|VE|QS|TR,3,0,382838320,300,17,0.07259,18,0.043038,301,49,4270,2391,6000,,300,,,,constant_speed,normal,0,no_load,cw,C1: 300 rpm,servo-app/lab-0.1
1781163514.5479424,44.91555190086365,C1_SPEED_300,C1_SPEED_300_R01_20260611_143748,delta-asda-b3-e,1591,RTSO|SO|OE|VE|QS|TR,3,0,383676420,299,20,0.0854,22,0.052602,301,49,4270,2391,6000,,300,,,,constant_speed,normal,0,no_load,cw,C1: 300 rpm,servo-app/lab-0.1
1781163514.6484365,45.01604604721069,C1_SPEED_300,C1_SPEED_300_R01_20260611_143748,delta-asda-b3-e,1591,RTSO|SO|OE|VE|QS|TR,3,0,384516141,301,16,0.06832,17,0.040647,301,49,4270,2391,6000,,300,,,,constant_speed,normal,0,no_load,cw,C1: 300 rpm,servo-app/lab-0.1
1781163514.748633,45.11624240875244,C1_SPEED_300,C1_SPEED_300_R01_20260611_143748,delta-asda-b3-e,1591,RTSO|SO|OE|VE|QS|TR,3,0,385363153,299,16,0.06832,16,0.038256,301,49,4270,2391,6000,,300,,,,constant_speed,normal,0,no_load,cw,C1: 300 rpm,servo-app/lab-0.1
1781163514.8495822,45.21719169616699,C1_SPEED_300,C1_SPEED_300_R01_20260611_143748,delta-asda-b3-e,1591,RTSO|SO|OE|VE|QS|TR,3,0,386210272,300,20,0.0854,18,0.043038,301,49,4270,2391,6000,,300,,,,constant_speed,normal,0,no_load,cw,C1: 300 rpm,servo-app/lab-0.1
1781163514.949875,45.317484617233276,C1_SPEED_300,C1_SPEED_300_R01_20260611_143748,delta-asda-b3-e,1591,RTSO|SO|OE|VE|QS|TR,3,0,387048362,299,24,0.10248,21,0.050211,301,49,4270,2391,6000,,300,,,,constant_speed,normal,0,no_load,cw,C1: 300 rpm,servo-app/lab-0.1
1781163515.05049,45.41809940338135,C1_SPEED_300,C1_SPEED_300_R01_20260611_143748,delta-asda-b3-e,1591,RTSO|SO|OE|VE|QS|TR,3,0,387896775,302,15,0.06405,16,0.038256,301,49,4270,2391,6000,,300,,,,constant_speed,normal,0,no_load,cw,C1: 300 rpm,servo-app/lab-0.1
1781163515.1508803,45.518489837646484,C1_SPEED_300,C1_SPEED_300_R01_20260611_143748,delta-asda-b3-e,1591,RTSO|SO|OE|VE|QS|TR,3,0,388734918,299,19,0.08113,17,0.040647,301,49,4270,2391,6000,,300,,,,constant_speed,normal,0,no_load,cw,C1: 300 rpm,servo-app/lab-0.1
1781163515.251398,45.61900758743286,C1_SPEED_300,C1_SPEED_300_R01_20260611_143748,delta-asda-b3-e,1591,RTSO|SO|OE|VE|QS|TR,3,0,389582913,301,19,0.08113,19,0.045429,301,49,4270,2391,6000,,300,,,,constant_speed,normal,0,no_load,cw,C1: 300 rpm,servo-app/lab-0.1
1781163515.3521006,45.71971011161804,C1_SPEED_300,C1_SPEED_300_R01_20260611_143748,delta-asda-b3-e,1591,RTSO|SO|OE|VE|QS|TR,3,0,390420241,299,24,0.10248,24,0.057384,301,49,4270,2391,6000,,300,,,,constant_speed,normal,0,no_load,cw,C1: 300 rpm,servo-app/lab-0.1
1781163515.4529371,45.82054662704468,C1_SPEED_300,C1_SPEED_300_R01_20260611_143748,delta-asda-b3-e,1591,RTSO|SO|OE|VE|QS|TR,3,0,391268722,301,19,0.08113,18,0.043038,301,49,4270,2391,6000,,300,,,,constant_speed,normal,0,no_load,cw,C1: 300 rpm,servo-app/lab-0.1
1781163515.5534093,45.921018838882446,C1_SPEED_300,C1_SPEED_300_R01_20260611_143748,delta-asda-b3-e,1591,RTSO|SO|OE|VE|QS|TR,3,0,392107081,300,17,0.07259,17,0.040647,301,49,4270,2391,6000,,300,,,,constant_speed,normal,0,no_load,cw,C1: 300 rpm,servo-app/lab-0.1
1781163515.653857,46.02146649360657,C1_SPEED_300,C1_SPEED_300_R01_20260611_143748,delta-asda-b3-e,1591,RTSO|SO|OE|VE|QS|TR,3,0,392954735,301,18,0.07686,18,0.043038,301,49,4270,2391,6000,,300,,,,constant_speed,normal,0,no_load,cw,C1: 300 rpm,servo-app/lab-0.1
1781163515.7551823,46.12279176712036,C1_SPEED_300,C1_SPEED_300_R01_20260611_143748,delta-asda-b3-e,1591,RTSO|SO|OE|VE|QS|TR,3,0,393800917,299,26,0.11102,25,0.059775,302,49,4270,2391,6000,,300,,,,constant_speed,normal,0,no_load,cw,C1: 300 rpm,servo-app/lab-0.1
1781163515.8557506,46.22336006164551,C1_SPEED_300,C1_SPEED_300_R01_20260611_143748,delta-asda-b3-e,1591,RTSO|SO|OE|VE|QS|TR,3,0,394648936,301,18,0.07686,18,0.043038,301,49,4270,2391,6000,,300,,,,constant_speed,normal,0,no_load,cw,C1: 300 rpm,servo-app/lab-0.1
1781163515.9564407,46.324050188064575,C1_SPEED_300,C1_SPEED_300_R01_20260611_143748,delta-asda-b3-e,1591,RTSO|SO|OE|VE|QS|TR,3,0,395486905,299,20,0.0854,20,0.04782,301,49,4270,2391,6000,,300,,,,constant_speed,normal,0,no_load,cw,C1: 300 rpm,servo-app/lab-0.1
1781163516.056819,46.42442846298218,C1_SPEED_300,C1_SPEED_300_R01_20260611_143748,delta-asda-b3-e,1591,RTSO|SO|OE|VE|QS|TR,3,0,396335224,301,18,0.07686,19,0.045429,301,49,4270,2391,6000,,300,,,,constant_speed,normal,0,no_load,cw,C1: 300 rpm,servo-app/lab-0.1
1781163516.1568832,46.5244927406311,C1_SPEED_300,C1_SPEED_300_R01_20260611_143748,delta-asda-b3-e,1591,RTSO|SO|OE|VE|QS|TR,3,0,397172415,299,24,0.10248,26,0.062166,301,49,4270,2391,6000,,300,,,,constant_speed,normal,0,no_load,cw,C1: 300 rpm,servo-app/lab-0.1
1781163516.257242,46.62485146522522,C1_SPEED_300,C1_SPEED_300_R01_20260611_143748,delta-asda-b3-e,1591,RTSO|SO|OE|VE|QS|TR,3,0,398012877,301,17,0.07259,19,0.045429,301,49,4270,2391,6000,,300,,,,constant_speed,normal,0,no_load,cw,C1: 300 rpm,servo-app/lab-0.1
1781163516.3578541,46.72546362876892,C1_SPEED_300,C1_SPEED_300_R01_20260611_143748,delta-asda-b3-e,1591,RTSO|SO|OE|VE|QS|TR,3,0,398858529,299,19,0.08113,20,0.04782,301,49,4270,2391,6000,,300,,,,constant_speed,normal,0,no_load,cw,C1: 300 rpm,servo-app/lab-0.1
1781163516.4583592,46.825968742370605,C1_SPEED_300,C1_SPEED_300_R01_20260611_143748,delta-asda-b3-e,1591,RTSO|SO|OE|VE|QS|TR,3,0,399698306,300,17,0.07259,19,0.045429,301,49,4270,2391,6000,,300,,,,constant_speed,normal,0,no_load,cw,C1: 300 rpm,servo-app/lab-0.1
1781163516.5587,46.92630958557129,C1_SPEED_300,C1_SPEED_300_R01_20260611_143748,delta-asda-b3-e,1591,RTSO|SO|OE|VE|QS|TR,3,0,400544502,299,22,0.09394,22,0.052602,301,49,4270,2391,6000,,300,,,,constant_speed,normal,0,no_load,cw,C1: 300 rpm,servo-app/lab-0.1
1781163516.6590886,47.02669811248779,C1_SPEED_300,C1_SPEED_300_R01_20260611_143748,delta-asda-b3-e,1591,RTSO|SO|OE|VE|QS|TR,3,0,401384467,300,18,0.07686,18,0.043038,301,49,4270,2391,6000,,300,,,,constant_speed,normal,0,no_load,cw,C1: 300 rpm,servo-app/lab-0.1
1781163516.759744,47.12735342979431,C1_SPEED_300,C1_SPEED_300_R01_20260611_143748,delta-asda-b3-e,1591,RTSO|SO|OE|VE|QS|TR,3,0,402230900,299,20,0.0854,18,0.043038,302,49,4270,2391,6000,,300,,,,constant_speed,normal,0,no_load,cw,C1: 300 rpm,servo-app/lab-0.1
1781163516.860868,47.228477478027344,C1_SPEED_300,C1_SPEED_300_R01_20260611_143748,delta-asda-b3-e,1591,RTSO|SO|OE|VE|QS|TR,3,0,403078573,301,19,0.08113,18,0.043038,301,49,4270,2391,6000,,300,,,,constant_speed,normal,0,no_load,cw,C1: 300 rpm,servo-app/lab-0.1
1781163516.9613934,47.32900285720825,C1_SPEED_300,C1_SPEED_300_R01_20260611_143748,delta-asda-b3-e,1591,RTSO|SO|OE|VE|QS|TR,3,0,403916238,299,22,0.09394,23,0.054993,301,49,4270,2391,6000,,300,,,,constant_speed,normal,0,no_load,cw,C1: 300 rpm,servo-app/lab-0.1
1781163517.062008,47.429617404937744,C1_SPEED_300,C1_SPEED_300_R01_20260611_143748,delta-asda-b3-e,1591,RTSO|SO|OE|VE|QS|TR,3,0,404790521,301,19,0.08113,18,0.043038,301,49,4270,2391,6000,,300,,,,constant_speed,normal,0,no_load,cw,C1: 300 rpm,servo-app/lab-0.1
1781163517.1623302,47.52993965148926,C1_SPEED_300,C1_SPEED_300_R01_20260611_143748,delta-asda-b3-e,1591,RTSO|SO|OE|VE|QS|TR,3,0,405602728,299,19,0.08113,19,0.045429,301,49,4270,2391,6000,,300,,,,constant_speed,normal,0,no_load,cw,C1: 300 rpm,servo-app/lab-0.1
1781163517.2624016,47.63001108169556,C1_SPEED_300,C1_SPEED_300_R01_20260611_143748,delta-asda-b3-e,1591,RTSO|SO|OE|VE|QS|TR,3,0,406442683,301,17,0.07259,18,0.043038,301,49,4270,2391,6000,,300,,,,constant_speed,normal,0,no_load,cw,C1: 300 rpm,servo-app/lab-0.1
1781163517.3629506,47.730560064315796,C1_SPEED_300,C1_SPEED_300_R01_20260611_143748,delta-asda-b3-e,1591,RTSO|SO|OE|VE|QS|TR,3,0,407288186,299,23,0.09821,23,0.054993,300,49,4270,2391,6000,,300,,,,constant_speed,normal,0,no_load,cw,C1: 300 rpm,servo-app/lab-0.1
1781163517.4630733,47.8306827545166,C1_SPEED_300,C1_SPEED_300_R01_20260611_143748,delta-asda-b3-e,1591,RTSO|SO|OE|VE|QS|TR,3,0,408128568,301,18,0.07686,18,0.043038,301,49,4270,2391,6000,,300,,,,constant_speed,normal,0,no_load,cw,C1: 300 rpm,servo-app/lab-0.1
1781163517.5633507,47.930960178375244,C1_SPEED_300,C1_SPEED_300_R01_20260611_143748,delta-asda-b3-e,1591,RTSO|SO|OE|VE|QS|TR,3,0,408975000,300,19,0.08113,19,0.045429,301,49,4270,2391,6000,,300,,,,constant_speed,normal,0,no_load,cw,C1: 300 rpm,servo-app/lab-0.1
1781163517.6770427,48.044652223587036,C1_SPEED_300,C1_SPEED_300_R01_20260611_143748,delta-asda-b3-e,1591,RTSO|SO|OE|VE|QS|TR,3,0,409923160,300,18,0.07686,19,0.045429,301,49,4270,2391,6000,,300,,,,constant_speed,normal,0,no_load,cw,C1: 300 rpm,servo-app/lab-0.1
1781163517.7778273,48.14543676376343,C1_SPEED_300,C1_SPEED_300_R01_20260611_143748,delta-asda-b3-e,1591,RTSO|SO|OE|VE|QS|TR,3,0,410769228,300,18,0.07686,20,0.04782,302,49,4270,2391,6000,,300,,,,constant_speed,normal,0,no_load,cw,C1: 300 rpm,servo-app/lab-0.1
1781163517.87817,48.245779514312744,C1_SPEED_300,C1_SPEED_300_R01_20260611_143748,delta-asda-b3-e,1591,RTSO|SO|OE|VE|QS|TR,3,0,411609572,300,16,0.06832,19,0.045429,301,49,4270,2391,6000,,300,,,,constant_speed,normal,0,no_load,cw,C1: 300 rpm,servo-app/lab-0.1
1781163517.9793143,48.346923828125,C1_SPEED_300,C1_SPEED_300_R01_20260611_143748,delta-asda-b3-e,1591,RTSO|SO|OE|VE|QS|TR,3,0,412455630,300,17,0.07259,16,0.038256,301,49,4270,2391,6000,,300,,,,constant_speed,normal,0,no_load,cw,C1: 300 rpm,servo-app/lab-0.1
1781163518.0794163,48.447025775909424,C1_SPEED_300,C1_SPEED_300_R01_20260611_143748,delta-asda-b3-e,1591,RTSO|SO|OE|VE|QS|TR,3,0,413295681,300,16,0.06832,17,0.040647,301,49,4270,2391,6000,,300,,,,constant_speed,normal,0,no_load,cw,C1: 300 rpm,servo-app/lab-0.1
1781163518.179524,48.547133445739746,C1_SPEED_300,C1_SPEED_300_R01_20260611_143748,delta-asda-b3-e,1591,RTSO|SO|OE|VE|QS|TR,3,0,414132754,300,20,0.0854,19,0.045429,301,49,4270,2391,6000,,300,,,,constant_speed,normal,0,no_load,cw,C1: 300 rpm,servo-app/lab-0.1
1781163518.279681,48.64729046821594,C1_SPEED_300,C1_SPEED_300_R01_20260611_143748,delta-asda-b3-e,1591,RTSO|SO|OE|VE|QS|TR,3,0,414981564,300,19,0.08113,18,0.043038,301,49,4270,2391,6000,,300,,,,constant_speed,normal,0,no_load,cw,C1: 300 rpm,servo-app/lab-0.1
1781163518.3802004,48.74780988693237,C1_SPEED_300,C1_SPEED_300_R01_20260611_143748,delta-asda-b3-e,1591,RTSO|SO|OE|VE|QS|TR,3,0,415819332,301,18,0.07686,16,0.038256,301,49,4270,2391,6000,,300,,,,constant_speed,normal,0,no_load,cw,C1: 300 rpm,servo-app/lab-0.1
1781163518.4806976,48.84830713272095,C1_SPEED_300,C1_SPEED_300_R01_20260611_143748,delta-asda-b3-e,1591,RTSO|SO|OE|VE|QS|TR,3,0,416667408,301,17,0.07259,17,0.040647,301,49,4270,2391,6000,,300,,,,constant_speed,normal,0,no_load,cw,C1: 300 rpm,servo-app/lab-0.1
1781163518.5810196,48.94862914085388,C1_SPEED_300,C1_SPEED_300_R01_20260611_143748,delta-asda-b3-e,1591,RTSO|SO|OE|VE|QS|TR,3,0,417505345,301,20,0.0854,19,0.045429,301,49,4270,2391,6000,,300,,,,constant_speed,normal,0,no_load,cw,C1: 300 rpm,servo-app/lab-0.1
1781163518.6812284,49.04883790016174,C1_SPEED_300,C1_SPEED_300_R01_20260611_143748,delta-asda-b3-e,1591,RTSO|SO|OE|VE|QS|TR,3,0,418345077,300,18,0.07686,18,0.043038,301,49,4270,2391,6000,,300,,,,constant_speed,normal,0,no_load,cw,C1: 300 rpm,servo-app/lab-0.1
1781163518.7816696,49.14927911758423,C1_SPEED_300,C1_SPEED_300_R01_20260611_143748,delta-asda-b3-e,1591,RTSO|SO|OE|VE|QS|TR,3,0,419199983,300,17,0.07259,17,0.040647,302,49,4270,2391,6000,,300,,,,constant_speed,normal,0,no_load,cw,C1: 300 rpm,servo-app/lab-0.1
1781163518.8818426,49.249452114105225,C1_SPEED_300,C1_SPEED_300_R01_20260611_143748,delta-asda-b3-e,1591,RTSO|SO|OE|VE|QS|TR,3,0,420031260,301,14,0.05978,15,0.035865,302,49,4270,2391,6000,,300,,,,constant_speed,normal,0,no_load,cw,C1: 300 rpm,servo-app/lab-0.1
1781163518.982261,49.349870443344116,C1_SPEED_300,C1_SPEED_300_R01_20260611_143748,delta-asda-b3-e,1591,RTSO|SO|OE|VE|QS|TR,3,0,420868818,301,19,0.08113,20,0.04782,301,49,4270,2391,6000,,300,,,,constant_speed,normal,0,no_load,cw,C1: 300 rpm,servo-app/lab-0.1
1781163519.0831163,49.4507257938385,C1_SPEED_300,C1_SPEED_300_R01_20260611_143748,delta-asda-b3-e,1591,RTSO|SO|OE|VE|QS|TR,3,0,421717706,301,19,0.08113,19,0.045429,301,49,4270,2391,6000,,300,,,,constant_speed,normal,0,no_load,cw,C1: 300 rpm,servo-app/lab-0.1
1781163519.1836581,49.55126762390137,C1_SPEED_300,C1_SPEED_300_R01_20260611_143748,delta-asda-b3-e,1591,RTSO|SO|OE|VE|QS|TR,3,0,422563468,300,18,0.07686,19,0.045429,301,49,4270,2391,6000,,300,,,,constant_speed,normal,0,no_load,cw,C1: 300 rpm,servo-app/lab-0.1
1781163519.284176,49.65178561210632,C1_SPEED_300,C1_SPEED_300_R01_20260611_143748,delta-asda-b3-e,1591,RTSO|SO|OE|VE|QS|TR,3,0,423403229,300,16,0.06832,16,0.038256,301,49,4270,2391,6000,,300,,,,constant_speed,normal,0,no_load,cw,C1: 300 rpm,servo-app/lab-0.1
1781163519.3842552,49.75186467170715,C1_SPEED_300,C1_SPEED_300_R01_20260611_143748,delta-asda-b3-e,1591,RTSO|SO|OE|VE|QS|TR,3,0,424241048,301,20,0.0854,18,0.043038,301,49,4270,2391,6000,,300,,,,constant_speed,normal,0,no_load,cw,C1: 300 rpm,servo-app/lab-0.1
1781163519.4846702,49.85227966308594,C1_SPEED_300,C1_SPEED_300_R01_20260611_143748,delta-asda-b3-e,1591,RTSO|SO|OE|VE|QS|TR,3,0,425081091,301,19,0.08113,19,0.045429,301,49,4270,2391,6000,,300,,,,constant_speed,normal,0,no_load,cw,C1: 300 rpm,servo-app/lab-0.1
1781163519.584836,49.95244550704956,C1_SPEED_300,C1_SPEED_300_R01_20260611_143748,delta-asda-b3-e,1591,RTSO|SO|OE|VE|QS|TR,3,0,425927377,300,19,0.08113,18,0.043038,301,49,4270,2391,6000,,300,,,,constant_speed,normal,0,no_load,cw,C1: 300 rpm,servo-app/lab-0.1
1781163519.6852083,50.052817821502686,C1_SPEED_300,C1_SPEED_300_R01_20260611_143748,delta-asda-b3-e,1591,RTSO|SO|OE|VE|QS|TR,3,0,426766514,300,19,0.08113,17,0.040647,301,49,4270,2391,6000,,300,,,,constant_speed,normal,0,no_load,cw,C1: 300 rpm,servo-app/lab-0.1
1781163519.7853334,50.15294289588928,C1_SPEED_300,C1_SPEED_300_R01_20260611_143748,delta-asda-b3-e,1591,RTSO|SO|OE|VE|QS|TR,3,0,427604192,300,20,0.0854,21,0.050211,301,49,4270,2391,6000,,300,,,,constant_speed,normal,0,no_load,cw,C1: 300 rpm,servo-app/lab-0.1
1781163519.8861105,50.25372004508972,C1_SPEED_300,C1_SPEED_300_R01_20260611_143748,delta-asda-b3-e,1591,RTSO|SO|OE|VE|QS|TR,3,0,428452871,301,19,0.08113,19,0.045429,301,49,4270,2391,6000,,300,,,,constant_speed,normal,0,no_load,cw,C1: 300 rpm,servo-app/lab-0.1
1781163519.98657,50.35417938232422,C1_SPEED_300,C1_SPEED_300_R01_20260611_143748,delta-asda-b3-e,1591,RTSO|SO|OE|VE|QS|TR,3,0,429290363,300,20,0.0854,18,0.043038,301,49,4270,2391,6000,,300,,,,constant_speed,normal,0,no_load,cw,C1: 300 rpm,servo-app/lab-0.1
1781163520.0866864,50.45429587364197,C1_SPEED_300,C1_SPEED_300_R01_20260611_143748,delta-asda-b3-e,1591,RTSO|SO|OE|VE|QS|TR,3,0,430138467,300,18,0.07686,19,0.045429,301,49,4270,2391,6000,,300,,,,constant_speed,normal,0,no_load,cw,C1: 300 rpm,servo-app/lab-0.1
1781163520.1872396,50.55484914779663,C1_SPEED_300,C1_SPEED_300_R01_20260611_143748,delta-asda-b3-e,1591,RTSO|SO|OE|VE|QS|TR,3,0,430975634,301,20,0.0854,20,0.04782,301,49,4270,2391,6000,,300,,,,constant_speed,normal,0,no_load,cw,C1: 300 rpm,servo-app/lab-0.1
1781163520.2876434,50.6552529335022,C1_SPEED_300,C1_SPEED_300_R01_20260611_143748,delta-asda-b3-e,1591,RTSO|SO|OE|VE|QS|TR,3,0,431824213,300,21,0.08967,21,0.050211,301,49,4270,2391,6000,,300,,,,constant_speed,normal,0,no_load,cw,C1: 300 rpm,servo-app/lab-0.1
1781163520.387865,50.75547456741333,C1_SPEED_300,C1_SPEED_300_R01_20260611_143748,delta-asda-b3-e,1591,RTSO|SO|OE|VE|QS|TR,3,0,432662212,301,19,0.08113,20,0.04782,301,49,4270,2391,6000,,300,,,,constant_speed,normal,0,no_load,cw,C1: 300 rpm,servo-app/lab-0.1
1781163520.487935,50.855544567108154,C1_SPEED_300,C1_SPEED_300_R01_20260611_143748,delta-asda-b3-e,1591,RTSO|SO|OE|VE|QS|TR,3,0,433501648,300,17,0.07259,18,0.043038,301,49,4270,2391,6000,,300,,,,constant_speed,normal,0,no_load,cw,C1: 300 rpm,servo-app/lab-0.1
1781163520.588537,50.956146478652954,C1_SPEED_300,C1_SPEED_300_R01_20260611_143748,delta-asda-b3-e,1591,RTSO|SO|OE|VE|QS|TR,3,0,434339659,301,21,0.08967,20,0.04782,301,49,4270,2391,6000,,300,,,,constant_speed,normal,0,no_load,cw,C1: 300 rpm,servo-app/lab-0.1
1781163520.6893835,51.05699300765991,C1_SPEED_300,C1_SPEED_300_R01_20260611_143748,delta-asda-b3-e,1591,RTSO|SO|OE|VE|QS|TR,3,0,435187745,300,21,0.08967,20,0.04782,301,49,4270,2391,6000,,300,,,,constant_speed,normal,0,no_load,cw,C1: 300 rpm,servo-app/lab-0.1
1781163520.7897058,51.157315254211426,C1_SPEED_300,C1_SPEED_300_R01_20260611_143748,delta-asda-b3-e,1591,RTSO|SO|OE|VE|QS|TR,3,0,436034194,301,21,0.08967,20,0.04782,301,49,4270,2391,6000,,300,,,,constant_speed,normal,0,no_load,cw,C1: 300 rpm,servo-app/lab-0.1
1781163520.8903923,51.25800180435181,C1_SPEED_300,C1_SPEED_300_R01_20260611_143748,delta-asda-b3-e,1591,RTSO|SO|OE|VE|QS|TR,3,0,436874048,301,17,0.07259,17,0.040647,301,49,4270,2391,6000,,300,,,,constant_speed,normal,0,no_load,cw,C1: 300 rpm,servo-app/lab-0.1
1781163520.9908216,51.35843110084534,C1_SPEED_300,C1_SPEED_300_R01_20260611_143748,delta-asda-b3-e,1591,RTSO|SO|OE|VE|QS|TR,3,0,437720175,301,20,0.0854,20,0.04782,301,49,4270,2391,6000,,300,,,,constant_speed,normal,0,no_load,cw,C1: 300 rpm,servo-app/lab-0.1
1781163521.0910962,51.45870566368103,C1_SPEED_300,C1_SPEED_300_R01_20260611_143748,delta-asda-b3-e,1591,RTSO|SO|OE|VE|QS|TR,3,0,438560441,300,20,0.0854,20,0.04782,300,49,4270,2391,6000,,300,,,,constant_speed,normal,0,no_load,cw,C1: 300 rpm,servo-app/lab-0.1
1781163521.1914754,51.55908489227295,C1_SPEED_300,C1_SPEED_300_R01_20260611_143748,delta-asda-b3-e,1591,RTSO|SO|OE|VE|QS|TR,3,0,439406463,301,19,0.08113,19,0.045429,300,49,4270,2391,6000,,300,,,,constant_speed,normal,0,no_load,cw,C1: 300 rpm,servo-app/lab-0.1
1781163521.2920995,51.659708976745605,C1_SPEED_300,C1_SPEED_300_R01_20260611_143748,delta-asda-b3-e,1591,RTSO|SO|OE|VE|QS|TR,3,0,440246179,300,17,0.07259,17,0.040647,300,49,4270,2391,6000,,300,,,,constant_speed,normal,0,no_load,cw,C1: 300 rpm,servo-app/lab-0.1
1781163521.392411,51.76002049446106,C1_SPEED_300,C1_SPEED_300_R01_20260611_143748,delta-asda-b3-e,1591,RTSO|SO|OE|VE|QS|TR,3,0,441084309,301,18,0.07686,19,0.045429,300,49,4270,2391,6000,,300,,,,constant_speed,normal,0,no_load,cw,C1: 300 rpm,servo-app/lab-0.1
1781163521.492846,51.86045551300049,C1_SPEED_300,C1_SPEED_300_R01_20260611_143748,delta-asda-b3-e,1591,RTSO|SO|OE|VE|QS|TR,3,0,441932512,300,18,0.07686,19,0.045429,301,49,4270,2391,6000,,300,,,,constant_speed,normal,0,no_load,cw,C1: 300 rpm,servo-app/lab-0.1
1781163521.5930552,51.96066474914551,C1_SPEED_300,C1_SPEED_300_R01_20260611_143748,delta-asda-b3-e,1591,RTSO|SO|OE|VE|QS|TR,3,0,442770493,300,20,0.0854,18,0.043038,301,49,4270,2391,6000,,300,,,,constant_speed,normal,0,no_load,cw,C1: 300 rpm,servo-app/lab-0.1
1781163521.69357,52.061179399490356,C1_SPEED_300,C1_SPEED_300_R01_20260611_143748,delta-asda-b3-e,1591,RTSO|SO|OE|VE|QS|TR,3,0,443609552,300,19,0.08113,18,0.043038,300,49,4270,2391,6000,,300,,,,constant_speed,normal,0,no_load,cw,C1: 300 rpm,servo-app/lab-0.1
1781163521.7939124,52.161521911621094,C1_SPEED_300,C1_SPEED_300_R01_20260611_143748,delta-asda-b3-e,1591,RTSO|SO|OE|VE|QS|TR,3,0,444455957,301,20,0.0854,19,0.045429,301,49,4270,2391,6000,,300,,,,constant_speed,normal,0,no_load,cw,C1: 300 rpm,servo-app/lab-0.1
1781163521.8947177,52.26232719421387,C1_SPEED_300,C1_SPEED_300_R01_20260611_143748,delta-asda-b3-e,1591,RTSO|SO|OE|VE|QS|TR,3,0,445304627,300,18,0.07686,18,0.043038,301,49,4270,2391,6000,,300,,,,constant_speed,normal,0,no_load,cw,C1: 300 rpm,servo-app/lab-0.1
1781163521.994879,52.36248850822449,C1_SPEED_300,C1_SPEED_300_R01_20260611_143748,delta-asda-b3-e,1591,RTSO|SO|OE|VE|QS|TR,3,0,446142235,300,21,0.08967,20,0.04782,301,49,4270,2391,6000,,300,,,,constant_speed,normal,0,no_load,cw,C1: 300 rpm,servo-app/lab-0.1
1781163522.0951996,52.46280908584595,C1_SPEED_300,C1_SPEED_300_R01_20260611_143748,delta-asda-b3-e,1591,RTSO|SO|OE|VE|QS|TR,3,0,446981838,299,19,0.08113,18,0.043038,301,49,4270,2391,6000,,300,,,,constant_speed,normal,0,no_load,cw,C1: 300 rpm,servo-app/lab-0.1
1781163522.195318,52.56292748451233,C1_SPEED_300,C1_SPEED_300_R01_20260611_143748,delta-asda-b3-e,1591,RTSO|SO|OE|VE|QS|TR,3,0,447819338,300,19,0.08113,18,0.043038,301,49,4270,2391,6000,,300,,,,constant_speed,normal,0,no_load,cw,C1: 300 rpm,servo-app/lab-0.1
1781163522.2955801,52.66318964958191,C1_SPEED_300,C1_SPEED_300_R01_20260611_143748,delta-asda-b3-e,1591,RTSO|SO|OE|VE|QS|TR,3,0,448667809,300,19,0.08113,21,0.050211,300,49,4270,2391,6000,,300,,,,constant_speed,normal,0,no_load,cw,C1: 300 rpm,servo-app/lab-0.1
1781163522.395758,52.76336741447449,C1_SPEED_300,C1_SPEED_300_R01_20260611_143748,delta-asda-b3-e,1591,RTSO|SO|OE|VE|QS|TR,3,0,449506096,301,19,0.08113,20,0.04782,300,49,4270,2391,6000,,300,,,,constant_speed,normal,0,no_load,cw,C1: 300 rpm,servo-app/lab-0.1
1781163522.4960265,52.8636360168457,C1_SPEED_300,C1_SPEED_300_R01_20260611_143748,delta-asda-b3-e,1591,RTSO|SO|OE|VE|QS|TR,3,0,450361816,299,16,0.06832,17,0.040647,301,49,4270,2391,6000,,300,,,,constant_speed,normal,0,no_load,cw,C1: 300 rpm,servo-app/lab-0.1
1781163522.5965476,52.96415710449219,C1_SPEED_300,C1_SPEED_300_R01_20260611_143748,delta-asda-b3-e,1591,RTSO|SO|OE|VE|QS|TR,3,0,451191667,300,17,0.07259,18,0.043038,301,49,4270,2391,6000,,300,,,,constant_speed,normal,0,no_load,cw,C1: 300 rpm,servo-app/lab-0.1
1781163522.6966703,53.06427979469299,C1_SPEED_300,C1_SPEED_300_R01_20260611_143748,delta-asda-b3-e,1591,RTSO|SO|OE|VE|QS|TR,3,0,452031243,300,19,0.08113,20,0.04782,301,49,4270,2391,6000,,300,,,,constant_speed,normal,0,no_load,cw,C1: 300 rpm,servo-app/lab-0.1
1781163522.7969987,53.16460824012756,C1_SPEED_300,C1_SPEED_300_R01_20260611_143748,delta-asda-b3-e,1591,RTSO|SO|OE|VE|QS|TR,3,0,452869420,300,18,0.07686,19,0.045429,301,49,4270,2391,6000,,300,,,,constant_speed,normal,0,no_load,cw,C1: 300 rpm,servo-app/lab-0.1
1781163522.8970933,53.264702796936035,C1_SPEED_300,C1_SPEED_300_R01_20260611_143748,delta-asda-b3-e,1591,RTSO|SO|OE|VE|QS|TR,3,0,453709107,300,17,0.07259,18,0.043038,301,49,4270,2391,6000,,300,,,,constant_speed,normal,0,no_load,cw,C1: 300 rpm,servo-app/lab-0.1
1781163522.9974124,53.36502194404602,C1_SPEED_300,C1_SPEED_300_R01_20260611_143748,delta-asda-b3-e,1591,RTSO|SO|OE|VE|QS|TR,3,0,454546654,300,18,0.07686,21,0.050211,301,49,4270,2391,6000,,300,,,,constant_speed,normal,0,no_load,cw,C1: 300 rpm,servo-app/lab-0.1
1781163523.0981476,53.46575713157654,C1_SPEED_300,C1_SPEED_300_R01_20260611_143748,delta-asda-b3-e,1591,RTSO|SO|OE|VE|QS|TR,3,0,455395016,299,19,0.08113,20,0.04782,301,49,4270,2391,6000,,300,,,,constant_speed,normal,0,no_load,cw,C1: 300 rpm,servo-app/lab-0.1
1781163523.1985898,53.56619930267334,C1_SPEED_300,C1_SPEED_300_R01_20260611_143748,delta-asda-b3-e,1591,RTSO|SO|OE|VE|QS|TR,3,0,456232736,300,18,0.07686,20,0.04782,301,49,4270,2391,6000,,300,,,,constant_speed,normal,0,no_load,cw,C1: 300 rpm,servo-app/lab-0.1
1781163523.2987092,53.66631865501404,C1_SPEED_300,C1_SPEED_300_R01_20260611_143748,delta-asda-b3-e,1591,RTSO|SO|OE|VE|QS|TR,3,0,457080630,300,16,0.06832,16,0.038256,301,49,4270,2391,6000,,300,,,,constant_speed,normal,0,no_load,cw,C1: 300 rpm,servo-app/lab-0.1
1781163523.399121,53.766730546951294,C1_SPEED_300,C1_SPEED_300_R01_20260611_143748,delta-asda-b3-e,1591,RTSO|SO|OE|VE|QS|TR,3,0,457918988,300,17,0.07259,16,0.038256,301,49,4270,2391,6000,,300,,,,constant_speed,normal,0,no_load,cw,C1: 300 rpm,servo-app/lab-0.1
1781163523.499435,53.86704444885254,C1_SPEED_300,C1_SPEED_300_R01_20260611_143748,delta-asda-b3-e,1591,RTSO|SO|OE|VE|QS|TR,3,0,458758472,299,19,0.08113,18,0.043038,301,49,4270,2391,6000,,300,,,,constant_speed,normal,0,no_load,cw,C1: 300 rpm,servo-app/lab-0.1
1781163523.6001124,53.967721939086914,C1_SPEED_300,C1_SPEED_300_R01_20260611_143748,delta-asda-b3-e,1591,RTSO|SO|OE|VE|QS|TR,3,0,459604942,300,20,0.0854,19,0.045429,300,49,4270,2391,6000,,300,,,,constant_speed,normal,0,no_load,cw,C1: 300 rpm,servo-app/lab-0.1
1781163523.7003918,54.06800127029419,C1_SPEED_300,C1_SPEED_300_R01_20260611_143748,delta-asda-b3-e,1591,RTSO|SO|OE|VE|QS|TR,3,0,460443937,300,18,0.07686,16,0.038256,301,49,4270,2391,6000,,300,,,,constant_speed,normal,0,no_load,cw,C1: 300 rpm,servo-app/lab-0.1
1781163523.8008559,54.16846537590027,C1_SPEED_300,C1_SPEED_300_R01_20260611_143748,delta-asda-b3-e,1591,RTSO|SO|OE|VE|QS|TR,3,0,461290487,301,17,0.07259,18,0.043038,302,49,4270,2391,6000,,300,,,,constant_speed,normal,0,no_load,cw,C1: 300 rpm,servo-app/lab-0.1
1781163523.9014134,54.269022941589355,C1_SPEED_300,C1_SPEED_300_R01_20260611_143748,delta-asda-b3-e,1591,RTSO|SO|OE|VE|QS|TR,3,0,462130630,300,19,0.08113,19,0.045429,301,49,4270,2391,6000,,300,,,,constant_speed,normal,0,no_load,cw,C1: 300 rpm,servo-app/lab-0.1
1781163524.0016158,54.36922526359558,C1_SPEED_300,C1_SPEED_300_R01_20260611_143748,delta-asda-b3-e,1591,RTSO|SO|OE|VE|QS|TR,3,0,462968335,300,20,0.0854,21,0.050211,301,49,4270,2391,6000,,300,,,,constant_speed,normal,0,no_load,cw,C1: 300 rpm,servo-app/lab-0.1
1781163524.1019702,54.46957969665527,C1_SPEED_300,C1_SPEED_300_R01_20260611_143748,delta-asda-b3-e,1591,RTSO|SO|OE|VE|QS|TR,3,0,463816156,299,18,0.07686,18,0.043038,301,49,4270,2391,6000,,300,,,,constant_speed,normal,0,no_load,cw,C1: 300 rpm,servo-app/lab-0.1
1781163524.202366,54.56997561454773,C1_SPEED_300,C1_SPEED_300_R01_20260611_143748,delta-asda-b3-e,1591,RTSO|SO|OE|VE|QS|TR,3,0,464653970,301,19,0.08113,18,0.043038,301,49,4270,2391,6000,,300,,,,constant_speed,normal,0,no_load,cw,C1: 300 rpm,servo-app/lab-0.1
1781163524.3029125,54.6705219745636,C1_SPEED_300,C1_SPEED_300_R01_20260611_143748,delta-asda-b3-e,1591,RTSO|SO|OE|VE|QS|TR,3,0,465502342,300,18,0.07686,19,0.045429,301,49,4270,2391,6000,,300,,,,constant_speed,normal,0,no_load,cw,C1: 300 rpm,servo-app/lab-0.1
1781163524.4034429,54.77105236053467,C1_SPEED_300,C1_SPEED_300_R01_20260611_143748,delta-asda-b3-e,1591,RTSO|SO|OE|VE|QS|TR,3,0,466340733,301,19,0.08113,20,0.04782,301,49,4270,2391,6000,,300,,,,constant_speed,normal,0,no_load,cw,C1: 300 rpm,servo-app/lab-0.1
1781163524.5043263,54.87193584442139,C1_SPEED_300,C1_SPEED_300_R01_20260611_143748,delta-asda-b3-e,1591,RTSO|SO|OE|VE|QS|TR,3,0,467187886,299,19,0.08113,18,0.043038,301,49,4270,2391,6000,,300,,,,constant_speed,normal,0,no_load,cw,C1: 300 rpm,servo-app/lab-0.1
1781163524.6044278,54.97203731536865,C1_SPEED_300,C1_SPEED_300_R01_20260611_143748,delta-asda-b3-e,1591,RTSO|SO|OE|VE|QS|TR,3,0,468026240,300,17,0.07259,17,0.040647,301,49,4270,2391,6000,,300,,,,constant_speed,normal,0,no_load,cw,C1: 300 rpm,servo-app/lab-0.1
1781163524.7049963,55.07260584831238,C1_SPEED_300,C1_SPEED_300_R01_20260611_143748,delta-asda-b3-e,1591,RTSO|SO|OE|VE|QS|TR,3,0,468874246,300,18,0.07686,18,0.043038,301,49,4270,2391,6000,,300,,,,constant_speed,normal,0,no_load,cw,C1: 300 rpm,servo-app/lab-0.1
1781163524.8054197,55.17302918434143,C1_SPEED_300,C1_SPEED_300_R01_20260611_143748,delta-asda-b3-e,1591,RTSO|SO|OE|VE|QS|TR,3,0,469712500,300,20,0.0854,19,0.045429,301,49,4270,2391,6000,,300,,,,constant_speed,normal,0,no_load,cw,C1: 300 rpm,servo-app/lab-0.1
1781163524.9060168,55.27362632751465,C1_SPEED_300,C1_SPEED_300_R01_20260611_143748,delta-asda-b3-e,1591,RTSO|SO|OE|VE|QS|TR,3,0,470560420,300,16,0.06832,17,0.040647,301,49,4270,2391,6000,,300,,,,constant_speed,normal,0,no_load,cw,C1: 300 rpm,servo-app/lab-0.1
1781163525.0064807,55.37409019470215,C1_SPEED_300,C1_SPEED_300_R01_20260611_143748,delta-asda-b3-e,1591,RTSO|SO|OE|VE|QS|TR,3,0,471398106,300,17,0.07259,18,0.043038,301,49,4270,2391,6000,,300,,,,constant_speed,normal,0,no_load,cw,C1: 300 rpm,servo-app/lab-0.1
1781163525.1070201,55.474629640579224,C1_SPEED_300,C1_SPEED_300_R01_20260611_143748,delta-asda-b3-e,1591,RTSO|SO|OE|VE|QS|TR,3,0,472246294,299,18,0.07686,20,0.04782,301,49,4270,2391,6000,,300,,,,constant_speed,normal,0,no_load,cw,C1: 300 rpm,servo-app/lab-0.1
1781163525.2075226,55.57513213157654,C1_SPEED_300,C1_SPEED_300_R01_20260611_143748,delta-asda-b3-e,1591,RTSO|SO|OE|VE|QS|TR,3,0,473084357,300,18,0.07686,21,0.050211,301,49,4270,2391,6000,,300,,,,constant_speed,normal,0,no_load,cw,C1: 300 rpm,servo-app/lab-0.1
1781163525.3080945,55.67570400238037,C1_SPEED_300,C1_SPEED_300_R01_20260611_143748,delta-asda-b3-e,1591,RTSO|SO|OE|VE|QS|TR,3,0,473932004,299,16,0.06832,17,0.040647,301,49,4270,2391,6000,,300,,,,constant_speed,normal,0,no_load,cw,C1: 300 rpm,servo-app/lab-0.1
1781163525.4085014,55.776110887527466,C1_SPEED_300,C1_SPEED_300_R01_20260611_143748,delta-asda-b3-e,1591,RTSO|SO|OE|VE|QS|TR,3,0,474770511,300,15,0.06405,16,0.038256,301,49,4270,2391,6000,,300,,,,constant_speed,normal,0,no_load,cw,C1: 300 rpm,servo-app/lab-0.1
1781163525.5088975,55.8765070438385,C1_SPEED_300,C1_SPEED_300_R01_20260611_143748,delta-asda-b3-e,1591,RTSO|SO|OE|VE|QS|TR,3,0,475618133,299,19,0.08113,17,0.040647,301,49,4270,2391,6000,,300,,,,constant_speed,normal,0,no_load,cw,C1: 300 rpm,servo-app/lab-0.1
1781163525.6092393,55.9768488407135,C1_SPEED_300,C1_SPEED_300_R01_20260611_143748,delta-asda-b3-e,1591,RTSO|SO|OE|VE|QS|TR,3,0,476456291,300,20,0.0854,18,0.043038,301,49,4270,2391,6000,,300,,,,constant_speed,normal,0,no_load,cw,C1: 300 rpm,servo-app/lab-0.1
1781163525.7100217,56.07763123512268,C1_SPEED_300,C1_SPEED_300_R01_20260611_143748,delta-asda-b3-e,1591,RTSO|SO|OE|VE|QS|TR,3,0,477303829,300,16,0.06832,15,0.035865,301,49,4270,2391,6000,,300,,,,constant_speed,normal,0,no_load,cw,C1: 300 rpm,servo-app/lab-0.1
1781163525.8104866,56.1780960559845,C1_SPEED_300,C1_SPEED_300_R01_20260611_143748,delta-asda-b3-e,1591,RTSO|SO|OE|VE|QS|TR,3,0,478142087,301,17,0.07259,17,0.040647,301,49,4270,2391,6000,,300,,,,constant_speed,normal,0,no_load,cw,C1: 300 rpm,servo-app/lab-0.1
1781163525.9108891,56.27849864959717,C1_SPEED_300,C1_SPEED_300_R01_20260611_143748,delta-asda-b3-e,1591,RTSO|SO|OE|VE|QS|TR,3,0,478990523,300,17,0.07259,17,0.040647,301,49,4270,2391,6000,,300,,,,constant_speed,normal,0,no_load,cw,C1: 300 rpm,servo-app/lab-0.1
1781163526.0112946,56.37890410423279,C1_SPEED_300,C1_SPEED_300_R01_20260611_143748,delta-asda-b3-e,1591,RTSO|SO|OE|VE|QS|TR,3,0,479828159,300,20,0.0854,20,0.04782,301,49,4270,2391,6000,,300,,,,constant_speed,normal,0,no_load,cw,C1: 300 rpm,servo-app/lab-0.1
1781163526.1119108,56.479520320892334,C1_SPEED_300,C1_SPEED_300_R01_20260611_143748,delta-asda-b3-e,1591,RTSO|SO|OE|VE|QS|TR,3,0,480675919,300,18,0.07686,17,0.040647,301,49,4270,2391,6000,,300,,,,constant_speed,normal,0,no_load,cw,C1: 300 rpm,servo-app/lab-0.1
1781163526.2121882,56.57979774475098,C1_SPEED_300,C1_SPEED_300_R01_20260611_143748,delta-asda-b3-e,1591,RTSO|SO|OE|VE|QS|TR,3,0,481514249,301,17,0.07259,16,0.038256,301,49,4270,2391,6000,,300,,,,constant_speed,normal,0,no_load,cw,C1: 300 rpm,servo-app/lab-0.1
1781163526.3126295,56.68023896217346,C1_SPEED_300,C1_SPEED_300_R01_20260611_143748,delta-asda-b3-e,1591,RTSO|SO|OE|VE|QS|TR,3,0,482353909,300,17,0.07259,19,0.045429,301,49,4270,2391,6000,,300,,,,constant_speed,normal,0,no_load,cw,C1: 300 rpm,servo-app/lab-0.1
1781163526.4131165,56.780725955963135,C1_SPEED_300,C1_SPEED_300_R01_20260611_143748,delta-asda-b3-e,1591,RTSO|SO|OE|VE|QS|TR,3,0,483200736,300,20,0.0854,19,0.045429,301,49,4270,2391,6000,,300,,,,constant_speed,normal,0,no_load,cw,C1: 300 rpm,servo-app/lab-0.1
1781163526.5131886,56.88079810142517,C1_SPEED_300,C1_SPEED_300_R01_20260611_143748,delta-asda-b3-e,1591,RTSO|SO|OE|VE|QS|TR,3,0,484039415,300,20,0.0854,18,0.043038,301,49,4270,2391,6000,,300,,,,constant_speed,normal,0,no_load,cw,C1: 300 rpm,servo-app/lab-0.1
1781163526.6135178,56.98112726211548,C1_SPEED_300,C1_SPEED_300_R01_20260611_143748,delta-asda-b3-e,1591,RTSO|SO|OE|VE|QS|TR,3,0,484877904,300,16,0.06832,16,0.038256,301,49,4270,2391,6000,,300,,,,constant_speed,normal,0,no_load,cw,C1: 300 rpm,servo-app/lab-0.1
1781163526.7139785,57.08158802986145,C1_SPEED_300,C1_SPEED_300_R01_20260611_143748,delta-asda-b3-e,1591,RTSO|SO|OE|VE|QS|TR,3,0,485725985,300,19,0.08113,18,0.043038,301,49,4270,2391,6000,,300,,,,constant_speed,normal,0,no_load,cw,C1: 300 rpm,servo-app/lab-0.1
1781163526.8144846,57.18209409713745,C1_SPEED_300,C1_SPEED_300_R01_20260611_143748,delta-asda-b3-e,1591,RTSO|SO|OE|VE|QS|TR,3,0,486563996,300,22,0.09394,21,0.050211,301,49,4270,2391,6000,,300,,,,constant_speed,normal,0,no_load,cw,C1: 300 rpm,servo-app/lab-0.1
1781163526.9149857,57.28259515762329,C1_SPEED_300,C1_SPEED_300_R01_20260611_143748,delta-asda-b3-e,1591,RTSO|SO|OE|VE|QS|TR,3,0,487411782,300,18,0.07686,19,0.045429,301,49,4270,2391,6000,,300,,,,constant_speed,normal,0,no_load,cw,C1: 300 rpm,servo-app/lab-0.1
1781163527.0155628,57.383172273635864,C1_SPEED_300,C1_SPEED_300_R01_20260611_143748,delta-asda-b3-e,1591,RTSO|SO|OE|VE|QS|TR,3,0,488249610,300,17,0.07259,17,0.040647,301,49,4270,2391,6000,,300,,,,constant_speed,normal,0,no_load,cw,C1: 300 rpm,servo-app/lab-0.1
1781163527.115636,57.483245611190796,C1_SPEED_300,C1_SPEED_300_R01_20260611_143748,delta-asda-b3-e,1591,RTSO|SO|OE|VE|QS|TR,3,0,489089381,300,19,0.08113,19,0.045429,301,49,4270,2391,6000,,300,,,,constant_speed,normal,0,no_load,cw,C1: 300 rpm,servo-app/lab-0.1
1781163527.2159429,57.58355236053467,C1_SPEED_300,C1_SPEED_300_R01_20260611_143748,delta-asda-b3-e,1591,RTSO|SO|OE|VE|QS|TR,3,0,489935987,301,18,0.07686,20,0.04782,301,49,4270,2391,6000,,300,,,,constant_speed,normal,0,no_load,cw,C1: 300 rpm,servo-app/lab-0.1
1781163527.3164682,57.684077739715576,C1_SPEED_300,C1_SPEED_300_R01_20260611_143748,delta-asda-b3-e,1591,RTSO|SO|OE|VE|QS|TR,3,0,490775143,300,18,0.07686,19,0.045429,301,49,4270,2391,6000,,300,,,,constant_speed,normal,0,no_load,cw,C1: 300 rpm,servo-app/lab-0.1
1781163527.4166496,57.78425908088684,C1_SPEED_300,C1_SPEED_300_R01_20260611_143748,delta-asda-b3-e,1591,RTSO|SO|OE|VE|QS|TR,3,0,491622142,300,15,0.06405,16,0.038256,301,49,4270,2391,6000,,300,,,,constant_speed,normal,0,no_load,cw,C1: 300 rpm,servo-app/lab-0.1
1781163527.5169592,57.88456869125366,C1_SPEED_300,C1_SPEED_300_R01_20260611_143748,delta-asda-b3-e,1591,RTSO|SO|OE|VE|QS|TR,3,0,492461191,300,18,0.07686,19,0.045429,301,49,4270,2391,6000,,300,,,,constant_speed,normal,0,no_load,cw,C1: 300 rpm,servo-app/lab-0.1
1781163527.617089,57.98469853401184,C1_SPEED_300,C1_SPEED_300_R01_20260611_143748,delta-asda-b3-e,1591,RTSO|SO|OE|VE|QS|TR,3,0,493299395,300,19,0.08113,19,0.045429,301,49,4270,2391,6000,,300,,,,constant_speed,normal,0,no_load,cw,C1: 300 rpm,servo-app/lab-0.1
1781163527.7174454,58.085054874420166,C1_SPEED_300,C1_SPEED_300_R01_20260611_143748,delta-asda-b3-e,1591,RTSO|SO|OE|VE|QS|TR,3,0,494138646,300,17,0.07259,18,0.043038,300,49,4270,2391,6000,,300,,,,constant_speed,normal,0,no_load,cw,C1: 300 rpm,servo-app/lab-0.1
1781163527.8178267,58.1854362487793,C1_SPEED_300,C1_SPEED_300_R01_20260611_143748,delta-asda-b3-e,1591,RTSO|SO|OE|VE|QS|TR,3,0,494985385,301,17,0.07259,16,0.038256,301,49,4270,2391,6000,,300,,,,constant_speed,normal,0,no_load,cw,C1: 300 rpm,servo-app/lab-0.1
1781163527.9181182,58.285727739334106,C1_SPEED_300,C1_SPEED_300_R01_20260611_143748,delta-asda-b3-e,1591,RTSO|SO|OE|VE|QS|TR,3,0,495825154,300,18,0.07686,18,0.043038,301,49,4270,2391,6000,,300,,,,constant_speed,normal,0,no_load,cw,C1: 300 rpm,servo-app/lab-0.1
1781163528.018221,58.38583040237427,C1_SPEED_300,C1_SPEED_300_R01_20260611_143748,delta-asda-b3-e,1591,RTSO|SO|OE|VE|QS|TR,3,0,496662868,300,21,0.08967,19,0.045429,300,49,4270,2391,6000,,300,,,,constant_speed,normal,0,no_load,cw,C1: 300 rpm,servo-app/lab-0.1
1781163528.1182964,58.48590588569641,C1_SPEED_300,C1_SPEED_300_R01_20260611_143748,delta-asda-b3-e,1591,RTSO|SO|OE|VE|QS|TR,3,0,497502051,299,18,0.07686,18,0.043038,301,49,4270,2391,6000,,300,,,,constant_speed,normal,0,no_load,cw,C1: 300 rpm,servo-app/lab-0.1
1781163528.2184916,58.586101055145264,C1_SPEED_300,C1_SPEED_300_R01_20260611_143748,delta-asda-b3-e,1591,RTSO|SO|OE|VE|QS|TR,3,0,498340704,301,16,0.06832,16,0.038256,300,49,4270,2391,6000,,300,,,,constant_speed,normal,0,no_load,cw,C1: 300 rpm,servo-app/lab-0.1
1781163528.318625,58.68623447418213,C1_SPEED_300,C1_SPEED_300_R01_20260611_143748,delta-asda-b3-e,1591,RTSO|SO|OE|VE|QS|TR,3,0,499180092,300,18,0.07686,19,0.045429,300,49,4270,2391,6000,,300,,,,constant_speed,normal,0,no_load,cw,C1: 300 rpm,servo-app/lab-0.1
1781163528.4194572,58.78706669807434,C1_SPEED_300,C1_SPEED_300_R01_20260611_143748,delta-asda-b3-e,1591,RTSO|SO|OE|VE|QS|TR,3,0,500026870,300,21,0.08967,18,0.043038,300,49,4270,2391,6000,,300,,,,constant_speed,normal,0,no_load,cw,C1: 300 rpm,servo-app/lab-0.1
1781163528.5198915,58.88750100135803,C1_SPEED_300,C1_SPEED_300_R01_20260611_143748,delta-asda-b3-e,1591,RTSO|SO|OE|VE|QS|TR,3,0,500924129,299,19,0.08113,21,0.050211,300,49,4270,2391,6000,,300,,,,constant_speed,normal,0,no_load,cw,C1: 300 rpm,servo-app/lab-0.1
1781163528.620272,58.98788142204285,C1_SPEED_300,C1_SPEED_300_R01_20260611_143748,delta-asda-b3-e,1591,RTSO|SO|OE|VE|QS|TR,3,0,501712584,301,16,0.06832,17,0.040647,300,49,4270,2391,6000,,300,,,,constant_speed,normal,0,no_load,cw,C1: 300 rpm,servo-app/lab-0.1
1781163528.7208133,59.088422775268555,C1_SPEED_300,C1_SPEED_300_R01_20260611_143748,delta-asda-b3-e,1591,RTSO|SO|OE|VE|QS|TR,3,0,502552309,301,18,0.07686,18,0.043038,300,49,4270,2391,6000,,300,,,,constant_speed,normal,0,no_load,cw,C1: 300 rpm,servo-app/lab-0.1
1781163528.8213284,59.18893790245056,C1_SPEED_300,C1_SPEED_300_R01_20260611_143748,delta-asda-b3-e,1591,RTSO|SO|OE|VE|QS|TR,3,0,503398841,301,20,0.0854,19,0.045429,301,49,4270,2391,6000,,300,,,,constant_speed,normal,0,no_load,cw,C1: 300 rpm,servo-app/lab-0.1
1781163528.9219909,59.28960037231445,C1_SPEED_300,C1_SPEED_300_R01_20260611_143748,delta-asda-b3-e,1591,RTSO|SO|OE|VE|QS|TR,3,0,504246575,300,19,0.08113,18,0.043038,301,49,4270,2391,6000,,300,,,,constant_speed,normal,0,no_load,cw,C1: 300 rpm,servo-app/lab-0.1
1781163529.022406,59.390015602111816,C1_SPEED_300,C1_SPEED_300_R01_20260611_143748,delta-asda-b3-e,1591,RTSO|SO|OE|VE|QS|TR,3,0,505084624,301,17,0.07259,16,0.038256,301,49,4270,2391,6000,,300,,,,constant_speed,normal,0,no_load,cw,C1: 300 rpm,servo-app/lab-0.1
1781163529.1228764,59.49048590660095,C1_SPEED_300,C1_SPEED_300_R01_20260611_143748,delta-asda-b3-e,1591,RTSO|SO|OE|VE|QS|TR,3,0,505932676,300,20,0.0854,19,0.045429,301,49,4270,2391,6000,,300,,,,constant_speed,normal,0,no_load,cw,C1: 300 rpm,servo-app/lab-0.1
1781163529.2234552,59.59106469154358,C1_SPEED_300,C1_SPEED_300_R01_20260611_143748,delta-asda-b3-e,1591,RTSO|SO|OE|VE|QS|TR,3,0,506771105,301,19,0.08113,20,0.04782,301,49,4270,2391,6000,,300,,,,constant_speed,normal,0,no_load,cw,C1: 300 rpm,servo-app/lab-0.1
1781163529.324506,59.69211554527283,C1_SPEED_300,C1_SPEED_300_R01_20260611_143748,delta-asda-b3-e,1591,RTSO|SO|OE|VE|QS|TR,3,0,507618286,300,21,0.08967,19,0.045429,301,49,4270,2391,6000,,300,,,,constant_speed,normal,0,no_load,cw,C1: 300 rpm,servo-app/lab-0.1
1781163529.4247568,59.79236626625061,C1_SPEED_300,C1_SPEED_300_R01_20260611_143748,delta-asda-b3-e,1591,RTSO|SO|OE|VE|QS|TR,3,0,508457056,300,18,0.07686,17,0.040647,301,49,4270,2391,6000,,300,,,,constant_speed,normal,0,no_load,cw,C1: 300 rpm,servo-app/lab-0.1
1781163529.524942,59.89255142211914,C1_SPEED_300,C1_SPEED_300_R01_20260611_143748,delta-asda-b3-e,1591,RTSO|SO|OE|VE|QS|TR,3,0,509304345,300,19,0.08113,19,0.045429,301,49,4270,2391,6000,,300,,,,constant_speed,normal,0,no_load,cw,C1: 300 rpm,servo-app/lab-0.1
1781163529.6253924,59.99300193786621,C1_SPEED_300,C1_SPEED_300_R01_20260611_143748,delta-asda-b3-e,5687,RTSO|SO|OE|VE|QS|TR|ACK,3,0,509621089,1,11,0.04697,12,0.028692,300,49,4270,2391,6000,,300,,,,constant_speed,normal,0,no_load,cw,C1: 300 rpm,servo-app/lab-0.1
