ts,t,experiment_id,session_id,device_id,statusword,statusword_flags,mode_display,error_code,position,velocity,current,current_A,torque,torque_Nm,dc_bus_voltage,drive_temp,rated_current,rated_torque,max_motor_speed,target_position,target_velocity,target_torque,acceleration_cmd,deceleration_cmd,regime_label,risk_label,is_artificial_anomaly,load_type,direction,operator_comment,software_version
1781162606.0456088,0.0,A3_ROTATE_ONE_DIR,A3_ROTATE_ONE_DIR_R01_20260611_142325,delta-asda-b3-e,1591,RTSO|SO|OE|VE|QS|TR,3,0,613672,301,14,0.05978,14,0.033474,302,49,4270,2391,6000,,300,,,,constant_speed,normal,0,no_load,cw,A3: rotate CW low speed,servo-app/lab-0.1
1781162606.1461678,0.10055899620056152,A3_ROTATE_ONE_DIR,A3_ROTATE_ONE_DIR_R01_20260611_142325,delta-asda-b3-e,1591,RTSO|SO|OE|VE|QS|TR,3,0,1459802,301,18,0.07686,17,0.040647,302,49,4270,2391,6000,,300,,,,constant_speed,normal,0,no_load,cw,A3: rotate CW low speed,servo-app/lab-0.1
1781162606.2468543,0.20124554634094238,A3_ROTATE_ONE_DIR,A3_ROTATE_ONE_DIR_R01_20260611_142325,delta-asda-b3-e,1591,RTSO|SO|OE|VE|QS|TR,3,0,2308481,300,17,0.07259,16,0.038256,302,49,4270,2391,6000,,300,,,,constant_speed,normal,0,no_load,cw,A3: rotate CW low speed,servo-app/lab-0.1
1781162606.3472877,0.3016788959503174,A3_ROTATE_ONE_DIR,A3_ROTATE_ONE_DIR_R01_20260611_142325,delta-asda-b3-e,1591,RTSO|SO|OE|VE|QS|TR,3,0,3145823,300,18,0.07686,16,0.038256,302,49,4270,2391,6000,,300,,,,constant_speed,normal,0,no_load,cw,A3: rotate CW low speed,servo-app/lab-0.1
1781162606.447421,0.4018123149871826,A3_ROTATE_ONE_DIR,A3_ROTATE_ONE_DIR_R01_20260611_142325,delta-asda-b3-e,1591,RTSO|SO|OE|VE|QS|TR,3,0,3985588,300,16,0.06832,15,0.035865,302,49,4270,2391,6000,,300,,,,constant_speed,normal,0,no_load,cw,A3: rotate CW low speed,servo-app/lab-0.1
1781162606.5476482,0.5020394325256348,A3_ROTATE_ONE_DIR,A3_ROTATE_ONE_DIR_R01_20260611_142325,delta-asda-b3-e,1591,RTSO|SO|OE|VE|QS|TR,3,0,4823503,301,16,0.06832,17,0.040647,302,49,4270,2391,6000,,300,,,,constant_speed,normal,0,no_load,cw,A3: rotate CW low speed,servo-app/lab-0.1
1781162606.6486173,0.603008508682251,A3_ROTATE_ONE_DIR,A3_ROTATE_ONE_DIR_R01_20260611_142325,delta-asda-b3-e,1591,RTSO|SO|OE|VE|QS|TR,3,0,5671804,300,18,0.07686,17,0.040647,302,49,4270,2391,6000,,300,,,,constant_speed,normal,0,no_load,cw,A3: rotate CW low speed,servo-app/lab-0.1
1781162606.7491853,0.7035765647888184,A3_ROTATE_ONE_DIR,A3_ROTATE_ONE_DIR_R01_20260611_142325,delta-asda-b3-e,1591,RTSO|SO|OE|VE|QS|TR,3,0,6518108,300,17,0.07259,18,0.043038,302,49,4270,2391,6000,,300,,,,constant_speed,normal,0,no_load,cw,A3: rotate CW low speed,servo-app/lab-0.1
1781162606.8496244,0.8040156364440918,A3_ROTATE_ONE_DIR,A3_ROTATE_ONE_DIR_R01_20260611_142325,delta-asda-b3-e,1591,RTSO|SO|OE|VE|QS|TR,3,0,7357206,300,15,0.06405,16,0.038256,302,49,4270,2391,6000,,300,,,,constant_speed,normal,0,no_load,cw,A3: rotate CW low speed,servo-app/lab-0.1
1781162606.9499567,0.9043478965759277,A3_ROTATE_ONE_DIR,A3_ROTATE_ONE_DIR_R01_20260611_142325,delta-asda-b3-e,1591,RTSO|SO|OE|VE|QS|TR,3,0,8203427,300,18,0.07686,19,0.045429,302,49,4270,2391,6000,,300,,,,constant_speed,normal,0,no_load,cw,A3: rotate CW low speed,servo-app/lab-0.1
1781162607.050515,1.004906177520752,A3_ROTATE_ONE_DIR,A3_ROTATE_ONE_DIR_R01_20260611_142325,delta-asda-b3-e,1591,RTSO|SO|OE|VE|QS|TR,3,0,9043836,301,15,0.06405,16,0.038256,302,49,4270,2391,6000,,300,,,,constant_speed,normal,0,no_load,cw,A3: rotate CW low speed,servo-app/lab-0.1
1781162607.151086,1.1054773330688477,A3_ROTATE_ONE_DIR,A3_ROTATE_ONE_DIR_R01_20260611_142325,delta-asda-b3-e,1591,RTSO|SO|OE|VE|QS|TR,3,0,9889747,300,19,0.08113,18,0.043038,302,49,4270,2391,6000,,300,,,,constant_speed,normal,0,no_load,cw,A3: rotate CW low speed,servo-app/lab-0.1
1781162607.2511582,1.2055494785308838,A3_ROTATE_ONE_DIR,A3_ROTATE_ONE_DIR_R01_20260611_142325,delta-asda-b3-e,1591,RTSO|SO|OE|VE|QS|TR,3,0,10729566,300,16,0.06832,14,0.033474,302,49,4270,2391,6000,,300,,,,constant_speed,normal,0,no_load,cw,A3: rotate CW low speed,servo-app/lab-0.1
1781162607.3514435,1.3058347702026367,A3_ROTATE_ONE_DIR,A3_ROTATE_ONE_DIR_R01_20260611_142325,delta-asda-b3-e,1591,RTSO|SO|OE|VE|QS|TR,3,0,11566860,301,18,0.07686,18,0.043038,302,49,4270,2391,6000,,300,,,,constant_speed,normal,0,no_load,cw,A3: rotate CW low speed,servo-app/lab-0.1
1781162607.4520605,1.40645170211792,A3_ROTATE_ONE_DIR,A3_ROTATE_ONE_DIR_R01_20260611_142325,delta-asda-b3-e,1591,RTSO|SO|OE|VE|QS|TR,3,0,12415477,300,18,0.07686,18,0.043038,302,49,4270,2391,6000,,300,,,,constant_speed,normal,0,no_load,cw,A3: rotate CW low speed,servo-app/lab-0.1
1781162607.5525062,1.5068974494934082,A3_ROTATE_ONE_DIR,A3_ROTATE_ONE_DIR_R01_20260611_142325,delta-asda-b3-e,1591,RTSO|SO|OE|VE|QS|TR,3,0,13253584,301,18,0.07686,16,0.038256,302,49,4270,2391,6000,,300,,,,constant_speed,normal,0,no_load,cw,A3: rotate CW low speed,servo-app/lab-0.1
1781162607.6529422,1.6073334217071533,A3_ROTATE_ONE_DIR,A3_ROTATE_ONE_DIR_R01_20260611_142325,delta-asda-b3-e,1591,RTSO|SO|OE|VE|QS|TR,3,0,14092909,300,16,0.06832,16,0.038256,302,49,4270,2391,6000,,300,,,,constant_speed,normal,0,no_load,cw,A3: rotate CW low speed,servo-app/lab-0.1
1781162607.7535295,1.707920789718628,A3_ROTATE_ONE_DIR,A3_ROTATE_ONE_DIR_R01_20260611_142325,delta-asda-b3-e,1591,RTSO|SO|OE|VE|QS|TR,3,0,14947874,301,18,0.07686,18,0.043038,302,49,4270,2391,6000,,300,,,,constant_speed,normal,0,no_load,cw,A3: rotate CW low speed,servo-app/lab-0.1
1781162607.8538911,1.8082823753356934,A3_ROTATE_ONE_DIR,A3_ROTATE_ONE_DIR_R01_20260611_142325,delta-asda-b3-e,1591,RTSO|SO|OE|VE|QS|TR,3,0,15779008,300,20,0.0854,19,0.045429,302,49,4270,2391,6000,,300,,,,constant_speed,normal,0,no_load,cw,A3: rotate CW low speed,servo-app/lab-0.1
1781162607.954214,1.9086053371429443,A3_ROTATE_ONE_DIR,A3_ROTATE_ONE_DIR_R01_20260611_142325,delta-asda-b3-e,1591,RTSO|SO|OE|VE|QS|TR,3,0,16625539,301,17,0.07259,17,0.040647,302,49,4270,2391,6000,,300,,,,constant_speed,normal,0,no_load,cw,A3: rotate CW low speed,servo-app/lab-0.1
1781162608.054587,2.0089781284332275,A3_ROTATE_ONE_DIR,A3_ROTATE_ONE_DIR_R01_20260611_142325,delta-asda-b3-e,1591,RTSO|SO|OE|VE|QS|TR,3,0,17465327,301,14,0.05978,15,0.035865,302,49,4270,2391,6000,,300,,,,constant_speed,normal,0,no_load,cw,A3: rotate CW low speed,servo-app/lab-0.1
1781162608.1547601,2.1091513633728027,A3_ROTATE_ONE_DIR,A3_ROTATE_ONE_DIR_R01_20260611_142325,delta-asda-b3-e,1591,RTSO|SO|OE|VE|QS|TR,3,0,18302876,301,19,0.08113,18,0.043038,302,49,4270,2391,6000,,300,,,,constant_speed,normal,0,no_load,cw,A3: rotate CW low speed,servo-app/lab-0.1
1781162608.2554681,2.2098593711853027,A3_ROTATE_ONE_DIR,A3_ROTATE_ONE_DIR_R01_20260611_142325,delta-asda-b3-e,1591,RTSO|SO|OE|VE|QS|TR,3,0,19151486,300,17,0.07259,17,0.040647,302,49,4270,2391,6000,,300,,,,constant_speed,normal,0,no_load,cw,A3: rotate CW low speed,servo-app/lab-0.1
1781162608.35567,2.31006121635437,A3_ROTATE_ONE_DIR,A3_ROTATE_ONE_DIR_R01_20260611_142325,delta-asda-b3-e,1591,RTSO|SO|OE|VE|QS|TR,3,0,19989011,300,18,0.07686,18,0.043038,302,49,4270,2391,6000,,300,,,,constant_speed,normal,0,no_load,cw,A3: rotate CW low speed,servo-app/lab-0.1
1781162608.4559488,2.4103400707244873,A3_ROTATE_ONE_DIR,A3_ROTATE_ONE_DIR_R01_20260611_142325,delta-asda-b3-e,1591,RTSO|SO|OE|VE|QS|TR,3,0,20836924,300,18,0.07686,16,0.038256,302,49,4270,2391,6000,,300,,,,constant_speed,normal,0,no_load,cw,A3: rotate CW low speed,servo-app/lab-0.1
1781162608.5563347,2.510725975036621,A3_ROTATE_ONE_DIR,A3_ROTATE_ONE_DIR_R01_20260611_142325,delta-asda-b3-e,1591,RTSO|SO|OE|VE|QS|TR,3,0,21675174,301,17,0.07259,16,0.038256,302,49,4270,2391,6000,,300,,,,constant_speed,normal,0,no_load,cw,A3: rotate CW low speed,servo-app/lab-0.1
1781162608.6566775,2.6110687255859375,A3_ROTATE_ONE_DIR,A3_ROTATE_ONE_DIR_R01_20260611_142325,delta-asda-b3-e,1591,RTSO|SO|OE|VE|QS|TR,3,0,22514804,300,20,0.0854,19,0.045429,302,49,4270,2391,6000,,300,,,,constant_speed,normal,0,no_load,cw,A3: rotate CW low speed,servo-app/lab-0.1
1781162608.7570193,2.7114105224609375,A3_ROTATE_ONE_DIR,A3_ROTATE_ONE_DIR_R01_20260611_142325,delta-asda-b3-e,1591,RTSO|SO|OE|VE|QS|TR,3,0,23428237,300,19,0.08113,19,0.045429,302,49,4270,2391,6000,,300,,,,constant_speed,normal,0,no_load,cw,A3: rotate CW low speed,servo-app/lab-0.1
1781162608.8574588,2.811850070953369,A3_ROTATE_ONE_DIR,A3_ROTATE_ONE_DIR_R01_20260611_142325,delta-asda-b3-e,1591,RTSO|SO|OE|VE|QS|TR,3,0,24200181,300,17,0.07259,16,0.038256,302,49,4270,2391,6000,,300,,,,constant_speed,normal,0,no_load,cw,A3: rotate CW low speed,servo-app/lab-0.1
1781162608.9579983,2.9123895168304443,A3_ROTATE_ONE_DIR,A3_ROTATE_ONE_DIR_R01_20260611_142325,delta-asda-b3-e,1591,RTSO|SO|OE|VE|QS|TR,3,0,25046518,300,18,0.07686,20,0.04782,302,49,4270,2391,6000,,300,,,,constant_speed,normal,0,no_load,cw,A3: rotate CW low speed,servo-app/lab-0.1
1781162609.0585504,3.012941598892212,A3_ROTATE_ONE_DIR,A3_ROTATE_ONE_DIR_R01_20260611_142325,delta-asda-b3-e,1591,RTSO|SO|OE|VE|QS|TR,3,0,25886824,300,18,0.07686,18,0.043038,302,49,4270,2391,6000,,300,,,,constant_speed,normal,0,no_load,cw,A3: rotate CW low speed,servo-app/lab-0.1
1781162609.159109,3.1135003566741943,A3_ROTATE_ONE_DIR,A3_ROTATE_ONE_DIR_R01_20260611_142325,delta-asda-b3-e,1591,RTSO|SO|OE|VE|QS|TR,3,0,26732799,300,19,0.08113,20,0.04782,302,49,4270,2391,6000,,300,,,,constant_speed,normal,0,no_load,cw,A3: rotate CW low speed,servo-app/lab-0.1
1781162609.2592702,3.2136614322662354,A3_ROTATE_ONE_DIR,A3_ROTATE_ONE_DIR_R01_20260611_142325,delta-asda-b3-e,1591,RTSO|SO|OE|VE|QS|TR,3,0,27572362,299,16,0.06832,17,0.040647,302,49,4270,2391,6000,,300,,,,constant_speed,normal,0,no_load,cw,A3: rotate CW low speed,servo-app/lab-0.1
1781162609.3597982,3.3141894340515137,A3_ROTATE_ONE_DIR,A3_ROTATE_ONE_DIR_R01_20260611_142325,delta-asda-b3-e,1591,RTSO|SO|OE|VE|QS|TR,3,0,28409999,300,15,0.06405,18,0.043038,302,49,4270,2391,6000,,300,,,,constant_speed,normal,0,no_load,cw,A3: rotate CW low speed,servo-app/lab-0.1
1781162609.4602761,3.4146673679351807,A3_ROTATE_ONE_DIR,A3_ROTATE_ONE_DIR_R01_20260611_142325,delta-asda-b3-e,1591,RTSO|SO|OE|VE|QS|TR,3,0,29258432,300,18,0.07686,17,0.040647,302,49,4270,2391,6000,,300,,,,constant_speed,normal,0,no_load,cw,A3: rotate CW low speed,servo-app/lab-0.1
1781162609.5604415,3.5148327350616455,A3_ROTATE_ONE_DIR,A3_ROTATE_ONE_DIR_R01_20260611_142325,delta-asda-b3-e,1591,RTSO|SO|OE|VE|QS|TR,3,0,30096770,301,17,0.07259,17,0.040647,302,49,4270,2391,6000,,300,,,,constant_speed,normal,0,no_load,cw,A3: rotate CW low speed,servo-app/lab-0.1
1781162609.6608171,3.615208387374878,A3_ROTATE_ONE_DIR,A3_ROTATE_ONE_DIR_R01_20260611_142325,delta-asda-b3-e,1591,RTSO|SO|OE|VE|QS|TR,3,0,30935772,299,17,0.07259,17,0.040647,302,49,4270,2391,6000,,300,,,,constant_speed,normal,0,no_load,cw,A3: rotate CW low speed,servo-app/lab-0.1
1781162609.7610571,3.7154483795166016,A3_ROTATE_ONE_DIR,A3_ROTATE_ONE_DIR_R01_20260611_142325,delta-asda-b3-e,1591,RTSO|SO|OE|VE|QS|TR,3,0,31807561,300,16,0.06832,17,0.040647,302,49,4270,2391,6000,,300,,,,constant_speed,normal,0,no_load,cw,A3: rotate CW low speed,servo-app/lab-0.1
1781162609.8614666,3.8158578872680664,A3_ROTATE_ONE_DIR,A3_ROTATE_ONE_DIR_R01_20260611_142325,delta-asda-b3-e,1591,RTSO|SO|OE|VE|QS|TR,3,0,32621897,300,19,0.08113,18,0.043038,302,49,4270,2391,6000,,300,,,,constant_speed,normal,0,no_load,cw,A3: rotate CW low speed,servo-app/lab-0.1
1781162609.9619038,3.916295051574707,A3_ROTATE_ONE_DIR,A3_ROTATE_ONE_DIR_R01_20260611_142325,delta-asda-b3-e,1591,RTSO|SO|OE|VE|QS|TR,3,0,33468531,301,18,0.07686,17,0.040647,302,49,4270,2391,6000,,300,,,,constant_speed,normal,0,no_load,cw,A3: rotate CW low speed,servo-app/lab-0.1
1781162610.0625157,4.016906976699829,A3_ROTATE_ONE_DIR,A3_ROTATE_ONE_DIR_R01_20260611_142325,delta-asda-b3-e,1591,RTSO|SO|OE|VE|QS|TR,3,0,34308119,300,16,0.06832,15,0.035865,302,49,4270,2391,6000,,300,,,,constant_speed,normal,0,no_load,cw,A3: rotate CW low speed,servo-app/lab-0.1
1781162610.1637301,4.118121385574341,A3_ROTATE_ONE_DIR,A3_ROTATE_ONE_DIR_R01_20260611_142325,delta-asda-b3-e,1591,RTSO|SO|OE|VE|QS|TR,3,0,35154155,300,18,0.07686,19,0.045429,302,49,4270,2391,6000,,300,,,,constant_speed,normal,0,no_load,cw,A3: rotate CW low speed,servo-app/lab-0.1
1781162610.2638445,4.218235731124878,A3_ROTATE_ONE_DIR,A3_ROTATE_ONE_DIR_R01_20260611_142325,delta-asda-b3-e,1591,RTSO|SO|OE|VE|QS|TR,3,0,35994151,300,17,0.07259,18,0.043038,302,49,4270,2391,6000,,300,,,,constant_speed,normal,0,no_load,cw,A3: rotate CW low speed,servo-app/lab-0.1
1781162610.3644385,4.318829774856567,A3_ROTATE_ONE_DIR,A3_ROTATE_ONE_DIR_R01_20260611_142325,delta-asda-b3-e,1591,RTSO|SO|OE|VE|QS|TR,3,0,36840411,300,19,0.08113,18,0.043038,302,49,4270,2391,6000,,300,,,,constant_speed,normal,0,no_load,cw,A3: rotate CW low speed,servo-app/lab-0.1
1781162610.464832,4.419223308563232,A3_ROTATE_ONE_DIR,A3_ROTATE_ONE_DIR_R01_20260611_142325,delta-asda-b3-e,1591,RTSO|SO|OE|VE|QS|TR,3,0,37679832,300,16,0.06832,17,0.040647,302,49,4270,2391,6000,,300,,,,constant_speed,normal,0,no_load,cw,A3: rotate CW low speed,servo-app/lab-0.1
1781162610.5652764,4.519667625427246,A3_ROTATE_ONE_DIR,A3_ROTATE_ONE_DIR_R01_20260611_142325,delta-asda-b3-e,1591,RTSO|SO|OE|VE|QS|TR,3,0,38526634,300,16,0.06832,16,0.038256,302,49,4270,2391,6000,,300,,,,constant_speed,normal,0,no_load,cw,A3: rotate CW low speed,servo-app/lab-0.1
1781162610.666069,4.620460271835327,A3_ROTATE_ONE_DIR,A3_ROTATE_ONE_DIR_R01_20260611_142325,delta-asda-b3-e,1591,RTSO|SO|OE|VE|QS|TR,3,0,39374257,299,19,0.08113,18,0.043038,301,49,4270,2391,6000,,300,,,,constant_speed,normal,0,no_load,cw,A3: rotate CW low speed,servo-app/lab-0.1
1781162610.766457,4.720848321914673,A3_ROTATE_ONE_DIR,A3_ROTATE_ONE_DIR_R01_20260611_142325,delta-asda-b3-e,1591,RTSO|SO|OE|VE|QS|TR,3,0,40212486,300,18,0.07686,19,0.045429,302,49,4270,2391,6000,,300,,,,constant_speed,normal,0,no_load,cw,A3: rotate CW low speed,servo-app/lab-0.1
1781162610.8670864,4.821477651596069,A3_ROTATE_ONE_DIR,A3_ROTATE_ONE_DIR_R01_20260611_142325,delta-asda-b3-e,1591,RTSO|SO|OE|VE|QS|TR,3,0,41059832,300,16,0.06832,18,0.043038,302,49,4270,2391,6000,,300,,,,constant_speed,normal,0,no_load,cw,A3: rotate CW low speed,servo-app/lab-0.1
1781162610.9674208,4.921812057495117,A3_ROTATE_ONE_DIR,A3_ROTATE_ONE_DIR_R01_20260611_142325,delta-asda-b3-e,1591,RTSO|SO|OE|VE|QS|TR,3,0,41898084,300,14,0.05978,17,0.040647,302,49,4270,2391,6000,,300,,,,constant_speed,normal,0,no_load,cw,A3: rotate CW low speed,servo-app/lab-0.1
1781162611.0679784,5.022369623184204,A3_ROTATE_ONE_DIR,A3_ROTATE_ONE_DIR_R01_20260611_142325,delta-asda-b3-e,1591,RTSO|SO|OE|VE|QS|TR,3,0,42738147,300,18,0.07686,19,0.045429,302,49,4270,2391,6000,,300,,,,constant_speed,normal,0,no_load,cw,A3: rotate CW low speed,servo-app/lab-0.1
1781162611.1683917,5.122782945632935,A3_ROTATE_ONE_DIR,A3_ROTATE_ONE_DIR_R01_20260611_142325,delta-asda-b3-e,1591,RTSO|SO|OE|VE|QS|TR,3,0,43584205,300,17,0.07259,19,0.045429,302,49,4270,2391,6000,,300,,,,constant_speed,normal,0,no_load,cw,A3: rotate CW low speed,servo-app/lab-0.1
1781162611.2687573,5.223148584365845,A3_ROTATE_ONE_DIR,A3_ROTATE_ONE_DIR_R01_20260611_142325,delta-asda-b3-e,1591,RTSO|SO|OE|VE|QS|TR,3,0,44423458,299,16,0.06832,17,0.040647,302,49,4270,2391,6000,,300,,,,constant_speed,normal,0,no_load,cw,A3: rotate CW low speed,servo-app/lab-0.1
1781162611.3690765,5.32346773147583,A3_ROTATE_ONE_DIR,A3_ROTATE_ONE_DIR_R01_20260611_142325,delta-asda-b3-e,1591,RTSO|SO|OE|VE|QS|TR,3,0,45270008,301,15,0.06405,15,0.035865,302,49,4270,2391,6000,,300,,,,constant_speed,normal,0,no_load,cw,A3: rotate CW low speed,servo-app/lab-0.1
1781162611.4696453,5.424036502838135,A3_ROTATE_ONE_DIR,A3_ROTATE_ONE_DIR_R01_20260611_142325,delta-asda-b3-e,1591,RTSO|SO|OE|VE|QS|TR,3,0,46109734,300,17,0.07259,18,0.043038,302,49,4270,2391,6000,,300,,,,constant_speed,normal,0,no_load,cw,A3: rotate CW low speed,servo-app/lab-0.1
1781162611.5700507,5.524441957473755,A3_ROTATE_ONE_DIR,A3_ROTATE_ONE_DIR_R01_20260611_142325,delta-asda-b3-e,1591,RTSO|SO|OE|VE|QS|TR,3,0,46956560,300,18,0.07686,16,0.038256,302,49,4270,2391,6000,,300,,,,constant_speed,normal,0,no_load,cw,A3: rotate CW low speed,servo-app/lab-0.1
1781162611.6701899,5.6245810985565186,A3_ROTATE_ONE_DIR,A3_ROTATE_ONE_DIR_R01_20260611_142325,delta-asda-b3-e,1591,RTSO|SO|OE|VE|QS|TR,3,0,47795247,299,18,0.07686,15,0.035865,301,49,4270,2391,6000,,300,,,,constant_speed,normal,0,no_load,cw,A3: rotate CW low speed,servo-app/lab-0.1
1781162611.7709491,5.725340366363525,A3_ROTATE_ONE_DIR,A3_ROTATE_ONE_DIR_R01_20260611_142325,delta-asda-b3-e,1591,RTSO|SO|OE|VE|QS|TR,3,0,48633699,300,16,0.06832,15,0.035865,302,49,4270,2391,6000,,300,,,,constant_speed,normal,0,no_load,cw,A3: rotate CW low speed,servo-app/lab-0.1
1781162611.871516,5.825907230377197,A3_ROTATE_ONE_DIR,A3_ROTATE_ONE_DIR_R01_20260611_142325,delta-asda-b3-e,1591,RTSO|SO|OE|VE|QS|TR,3,0,49481823,301,17,0.07259,16,0.038256,302,49,4270,2391,6000,,300,,,,constant_speed,normal,0,no_load,cw,A3: rotate CW low speed,servo-app/lab-0.1
1781162611.9718943,5.9262855052948,A3_ROTATE_ONE_DIR,A3_ROTATE_ONE_DIR_R01_20260611_142325,delta-asda-b3-e,1591,RTSO|SO|OE|VE|QS|TR,3,0,50319933,300,19,0.08113,19,0.045429,301,49,4270,2391,6000,,300,,,,constant_speed,normal,0,no_load,cw,A3: rotate CW low speed,servo-app/lab-0.1
1781162612.072198,6.0265891551971436,A3_ROTATE_ONE_DIR,A3_ROTATE_ONE_DIR_R01_20260611_142325,delta-asda-b3-e,1591,RTSO|SO|OE|VE|QS|TR,3,0,51167887,300,15,0.06405,15,0.035865,301,49,4270,2391,6000,,300,,,,constant_speed,normal,0,no_load,cw,A3: rotate CW low speed,servo-app/lab-0.1
1781162612.1725621,6.126953363418579,A3_ROTATE_ONE_DIR,A3_ROTATE_ONE_DIR_R01_20260611_142325,delta-asda-b3-e,1591,RTSO|SO|OE|VE|QS|TR,3,0,52005627,301,16,0.06832,15,0.035865,302,49,4270,2391,6000,,300,,,,constant_speed,normal,0,no_load,cw,A3: rotate CW low speed,servo-app/lab-0.1
1781162612.2727003,6.227091550827026,A3_ROTATE_ONE_DIR,A3_ROTATE_ONE_DIR_R01_20260611_142325,delta-asda-b3-e,1591,RTSO|SO|OE|VE|QS|TR,3,0,52845393,300,18,0.07686,18,0.043038,301,49,4270,2391,6000,,300,,,,constant_speed,normal,0,no_load,cw,A3: rotate CW low speed,servo-app/lab-0.1
1781162612.3727903,6.327181577682495,A3_ROTATE_ONE_DIR,A3_ROTATE_ONE_DIR_R01_20260611_142325,delta-asda-b3-e,1591,RTSO|SO|OE|VE|QS|TR,3,0,53683496,301,18,0.07686,19,0.045429,302,49,4270,2391,6000,,300,,,,constant_speed,normal,0,no_load,cw,A3: rotate CW low speed,servo-app/lab-0.1
1781162612.4731383,6.427529573440552,A3_ROTATE_ONE_DIR,A3_ROTATE_ONE_DIR_R01_20260611_142325,delta-asda-b3-e,1591,RTSO|SO|OE|VE|QS|TR,3,0,54531239,300,15,0.06405,16,0.038256,302,49,4270,2391,6000,,300,,,,constant_speed,normal,0,no_load,cw,A3: rotate CW low speed,servo-app/lab-0.1
1781162612.5739062,6.528297424316406,A3_ROTATE_ONE_DIR,A3_ROTATE_ONE_DIR_R01_20260611_142325,delta-asda-b3-e,1591,RTSO|SO|OE|VE|QS|TR,3,0,55369772,301,15,0.06405,15,0.035865,301,49,4270,2391,6000,,300,,,,constant_speed,normal,0,no_load,cw,A3: rotate CW low speed,servo-app/lab-0.1
1781162612.6747823,6.629173517227173,A3_ROTATE_ONE_DIR,A3_ROTATE_ONE_DIR_R01_20260611_142325,delta-asda-b3-e,1591,RTSO|SO|OE|VE|QS|TR,3,0,56225669,300,19,0.08113,19,0.045429,301,49,4270,2391,6000,,300,,,,constant_speed,normal,0,no_load,cw,A3: rotate CW low speed,servo-app/lab-0.1
1781162612.7752714,6.729662656784058,A3_ROTATE_ONE_DIR,A3_ROTATE_ONE_DIR_R01_20260611_142325,delta-asda-b3-e,1591,RTSO|SO|OE|VE|QS|TR,3,0,57063849,300,19,0.08113,20,0.04782,301,49,4270,2391,6000,,300,,,,constant_speed,normal,0,no_load,cw,A3: rotate CW low speed,servo-app/lab-0.1
1781162612.8757877,6.83017897605896,A3_ROTATE_ONE_DIR,A3_ROTATE_ONE_DIR_R01_20260611_142325,delta-asda-b3-e,1591,RTSO|SO|OE|VE|QS|TR,3,0,57903076,300,15,0.06405,17,0.040647,302,49,4270,2391,6000,,300,,,,constant_speed,normal,0,no_load,cw,A3: rotate CW low speed,servo-app/lab-0.1
1781162612.9768696,6.931260824203491,A3_ROTATE_ONE_DIR,A3_ROTATE_ONE_DIR_R01_20260611_142325,delta-asda-b3-e,1591,RTSO|SO|OE|VE|QS|TR,3,0,58749760,301,15,0.06405,17,0.040647,301,49,4270,2391,6000,,300,,,,constant_speed,normal,0,no_load,cw,A3: rotate CW low speed,servo-app/lab-0.1
1781162613.077342,7.031733274459839,A3_ROTATE_ONE_DIR,A3_ROTATE_ONE_DIR_R01_20260611_142325,delta-asda-b3-e,1591,RTSO|SO|OE|VE|QS|TR,3,0,59597976,300,17,0.07259,19,0.045429,302,49,4270,2391,6000,,300,,,,constant_speed,normal,0,no_load,cw,A3: rotate CW low speed,servo-app/lab-0.1
1781162613.1779783,7.132369518280029,A3_ROTATE_ONE_DIR,A3_ROTATE_ONE_DIR_R01_20260611_142325,delta-asda-b3-e,1591,RTSO|SO|OE|VE|QS|TR,3,0,60435655,300,17,0.07259,19,0.045429,302,49,4270,2391,6000,,300,,,,constant_speed,normal,0,no_load,cw,A3: rotate CW low speed,servo-app/lab-0.1
1781162613.278304,7.2326953411102295,A3_ROTATE_ONE_DIR,A3_ROTATE_ONE_DIR_R01_20260611_142325,delta-asda-b3-e,1591,RTSO|SO|OE|VE|QS|TR,3,0,61283241,299,17,0.07259,18,0.043038,302,49,4270,2391,6000,,300,,,,constant_speed,normal,0,no_load,cw,A3: rotate CW low speed,servo-app/lab-0.1
1781162613.3784025,7.332793712615967,A3_ROTATE_ONE_DIR,A3_ROTATE_ONE_DIR_R01_20260611_142325,delta-asda-b3-e,1591,RTSO|SO|OE|VE|QS|TR,3,0,62121803,301,12,0.05124,14,0.033474,302,49,4270,2391,6000,,300,,,,constant_speed,normal,0,no_load,cw,A3: rotate CW low speed,servo-app/lab-0.1
1781162613.4789457,7.433336973190308,A3_ROTATE_ONE_DIR,A3_ROTATE_ONE_DIR_R01_20260611_142325,delta-asda-b3-e,1591,RTSO|SO|OE|VE|QS|TR,3,0,62961292,300,17,0.07259,18,0.043038,302,49,4270,2391,6000,,300,,,,constant_speed,normal,0,no_load,cw,A3: rotate CW low speed,servo-app/lab-0.1
1781162613.5795949,7.5339860916137695,A3_ROTATE_ONE_DIR,A3_ROTATE_ONE_DIR_R01_20260611_142325,delta-asda-b3-e,1591,RTSO|SO|OE|VE|QS|TR,3,0,63808088,300,17,0.07259,15,0.035865,302,49,4270,2391,6000,,300,,,,constant_speed,normal,0,no_load,cw,A3: rotate CW low speed,servo-app/lab-0.1
1781162613.6805458,7.634937047958374,A3_ROTATE_ONE_DIR,A3_ROTATE_ONE_DIR_R01_20260611_142325,delta-asda-b3-e,1591,RTSO|SO|OE|VE|QS|TR,3,0,64655077,300,19,0.08113,18,0.043038,302,49,4270,2391,6000,,300,,,,constant_speed,normal,0,no_load,cw,A3: rotate CW low speed,servo-app/lab-0.1
1781162613.7807434,7.735134601593018,A3_ROTATE_ONE_DIR,A3_ROTATE_ONE_DIR_R01_20260611_142325,delta-asda-b3-e,1591,RTSO|SO|OE|VE|QS|TR,3,0,65493708,301,16,0.06832,16,0.038256,302,49,4270,2391,6000,,300,,,,constant_speed,normal,0,no_load,cw,A3: rotate CW low speed,servo-app/lab-0.1
1781162613.8811288,7.835520029067993,A3_ROTATE_ONE_DIR,A3_ROTATE_ONE_DIR_R01_20260611_142325,delta-asda-b3-e,1591,RTSO|SO|OE|VE|QS|TR,3,0,66341917,301,17,0.07259,16,0.038256,302,49,4270,2391,6000,,300,,,,constant_speed,normal,0,no_load,cw,A3: rotate CW low speed,servo-app/lab-0.1
1781162613.9814935,7.935884714126587,A3_ROTATE_ONE_DIR,A3_ROTATE_ONE_DIR_R01_20260611_142325,delta-asda-b3-e,1591,RTSO|SO|OE|VE|QS|TR,3,0,67179866,301,20,0.0854,20,0.04782,302,49,4270,2391,6000,,300,,,,constant_speed,normal,0,no_load,cw,A3: rotate CW low speed,servo-app/lab-0.1
1781162614.081585,8.03597617149353,A3_ROTATE_ONE_DIR,A3_ROTATE_ONE_DIR_R01_20260611_142325,delta-asda-b3-e,1591,RTSO|SO|OE|VE|QS|TR,3,0,68019282,300,19,0.08113,18,0.043038,302,49,4270,2391,6000,,300,,,,constant_speed,normal,0,no_load,cw,A3: rotate CW low speed,servo-app/lab-0.1
1781162614.1817167,8.136107921600342,A3_ROTATE_ONE_DIR,A3_ROTATE_ONE_DIR_R01_20260611_142325,delta-asda-b3-e,1591,RTSO|SO|OE|VE|QS|TR,3,0,68857225,301,16,0.06832,16,0.038256,302,49,4270,2391,6000,,300,,,,constant_speed,normal,0,no_load,cw,A3: rotate CW low speed,servo-app/lab-0.1
1781162614.2820334,8.236424684524536,A3_ROTATE_ONE_DIR,A3_ROTATE_ONE_DIR_R01_20260611_142325,delta-asda-b3-e,1591,RTSO|SO|OE|VE|QS|TR,3,0,69696902,300,17,0.07259,17,0.040647,302,49,4270,2391,6000,,300,,,,constant_speed,normal,0,no_load,cw,A3: rotate CW low speed,servo-app/lab-0.1
1781162614.3825092,8.336900472640991,A3_ROTATE_ONE_DIR,A3_ROTATE_ONE_DIR_R01_20260611_142325,delta-asda-b3-e,1591,RTSO|SO|OE|VE|QS|TR,3,0,70543694,301,19,0.08113,19,0.045429,302,49,4270,2391,6000,,300,,,,constant_speed,normal,0,no_load,cw,A3: rotate CW low speed,servo-app/lab-0.1
1781162614.4831638,8.437555074691772,A3_ROTATE_ONE_DIR,A3_ROTATE_ONE_DIR_R01_20260611_142325,delta-asda-b3-e,1591,RTSO|SO|OE|VE|QS|TR,3,0,71391093,300,18,0.07686,17,0.040647,302,49,4270,2391,6000,,300,,,,constant_speed,normal,0,no_load,cw,A3: rotate CW low speed,servo-app/lab-0.1
1781162614.5835443,8.537935495376587,A3_ROTATE_ONE_DIR,A3_ROTATE_ONE_DIR_R01_20260611_142325,delta-asda-b3-e,1591,RTSO|SO|OE|VE|QS|TR,3,0,72229776,301,15,0.06405,15,0.035865,302,49,4270,2391,6000,,300,,,,constant_speed,normal,0,no_load,cw,A3: rotate CW low speed,servo-app/lab-0.1
1781162614.683775,8.638166189193726,A3_ROTATE_ONE_DIR,A3_ROTATE_ONE_DIR_R01_20260611_142325,delta-asda-b3-e,1591,RTSO|SO|OE|VE|QS|TR,3,0,73068773,300,19,0.08113,19,0.045429,302,49,4270,2391,6000,,300,,,,constant_speed,normal,0,no_load,cw,A3: rotate CW low speed,servo-app/lab-0.1
1781162614.7839975,8.738388776779175,A3_ROTATE_ONE_DIR,A3_ROTATE_ONE_DIR_R01_20260611_142325,delta-asda-b3-e,1591,RTSO|SO|OE|VE|QS|TR,3,0,73907018,300,20,0.0854,19,0.045429,302,49,4270,2391,6000,,300,,,,constant_speed,normal,0,no_load,cw,A3: rotate CW low speed,servo-app/lab-0.1
1781162614.8845117,8.838902950286865,A3_ROTATE_ONE_DIR,A3_ROTATE_ONE_DIR_R01_20260611_142325,delta-asda-b3-e,1591,RTSO|SO|OE|VE|QS|TR,3,0,74754710,300,20,0.0854,18,0.043038,302,49,4270,2391,6000,,300,,,,constant_speed,normal,0,no_load,cw,A3: rotate CW low speed,servo-app/lab-0.1
1781162614.9846265,8.93901777267456,A3_ROTATE_ONE_DIR,A3_ROTATE_ONE_DIR_R01_20260611_142325,delta-asda-b3-e,1591,RTSO|SO|OE|VE|QS|TR,3,0,75593105,301,16,0.06832,15,0.035865,302,49,4270,2391,6000,,300,,,,constant_speed,normal,0,no_load,cw,A3: rotate CW low speed,servo-app/lab-0.1
1781162615.0852637,9.039654970169067,A3_ROTATE_ONE_DIR,A3_ROTATE_ONE_DIR_R01_20260611_142325,delta-asda-b3-e,1591,RTSO|SO|OE|VE|QS|TR,3,0,76440973,299,19,0.08113,19,0.045429,302,49,4270,2391,6000,,300,,,,constant_speed,normal,0,no_load,cw,A3: rotate CW low speed,servo-app/lab-0.1
1781162615.1853604,9.139751672744751,A3_ROTATE_ONE_DIR,A3_ROTATE_ONE_DIR_R01_20260611_142325,delta-asda-b3-e,1591,RTSO|SO|OE|VE|QS|TR,3,0,77278814,300,20,0.0854,20,0.04782,302,49,4270,2391,6000,,300,,,,constant_speed,normal,0,no_load,cw,A3: rotate CW low speed,servo-app/lab-0.1
1781162615.2855592,9.23995041847229,A3_ROTATE_ONE_DIR,A3_ROTATE_ONE_DIR_R01_20260611_142325,delta-asda-b3-e,1591,RTSO|SO|OE|VE|QS|TR,3,0,78117943,299,19,0.08113,19,0.045429,302,49,4270,2391,6000,,300,,,,constant_speed,normal,0,no_load,cw,A3: rotate CW low speed,servo-app/lab-0.1
1781162615.3863482,9.340739488601685,A3_ROTATE_ONE_DIR,A3_ROTATE_ONE_DIR_R01_20260611_142325,delta-asda-b3-e,1591,RTSO|SO|OE|VE|QS|TR,3,0,78965268,301,14,0.05978,15,0.035865,302,49,4270,2391,6000,,300,,,,constant_speed,normal,0,no_load,cw,A3: rotate CW low speed,servo-app/lab-0.1
1781162615.486548,9.44093918800354,A3_ROTATE_ONE_DIR,A3_ROTATE_ONE_DIR_R01_20260611_142325,delta-asda-b3-e,1591,RTSO|SO|OE|VE|QS|TR,3,0,79804320,299,18,0.07686,20,0.04782,302,49,4270,2391,6000,,300,,,,constant_speed,normal,0,no_load,cw,A3: rotate CW low speed,servo-app/lab-0.1
1781162615.5869746,9.5413658618927,A3_ROTATE_ONE_DIR,A3_ROTATE_ONE_DIR_R01_20260611_142325,delta-asda-b3-e,1591,RTSO|SO|OE|VE|QS|TR,3,0,80642788,300,19,0.08113,21,0.050211,302,49,4270,2391,6000,,300,,,,constant_speed,normal,0,no_load,cw,A3: rotate CW low speed,servo-app/lab-0.1
1781162615.6875515,9.641942739486694,A3_ROTATE_ONE_DIR,A3_ROTATE_ONE_DIR_R01_20260611_142325,delta-asda-b3-e,1591,RTSO|SO|OE|VE|QS|TR,3,0,81489657,299,18,0.07686,19,0.045429,302,49,4270,2391,6000,,300,,,,constant_speed,normal,0,no_load,cw,A3: rotate CW low speed,servo-app/lab-0.1
1781162615.7877994,9.742190599441528,A3_ROTATE_ONE_DIR,A3_ROTATE_ONE_DIR_R01_20260611_142325,delta-asda-b3-e,1591,RTSO|SO|OE|VE|QS|TR,3,0,82328619,300,14,0.05978,15,0.035865,302,49,4270,2391,6000,,300,,,,constant_speed,normal,0,no_load,cw,A3: rotate CW low speed,servo-app/lab-0.1
1781162615.8882418,9.84263300895691,A3_ROTATE_ONE_DIR,A3_ROTATE_ONE_DIR_R01_20260611_142325,delta-asda-b3-e,1591,RTSO|SO|OE|VE|QS|TR,3,0,83176533,300,17,0.07259,16,0.038256,302,49,4270,2391,6000,,300,,,,constant_speed,normal,0,no_load,cw,A3: rotate CW low speed,servo-app/lab-0.1
1781162615.9887073,9.943098545074463,A3_ROTATE_ONE_DIR,A3_ROTATE_ONE_DIR_R01_20260611_142325,delta-asda-b3-e,1591,RTSO|SO|OE|VE|QS|TR,3,0,84014471,300,20,0.0854,18,0.043038,302,49,4270,2391,6000,,300,,,,constant_speed,normal,0,no_load,cw,A3: rotate CW low speed,servo-app/lab-0.1
1781162616.089171,10.043562173843384,A3_ROTATE_ONE_DIR,A3_ROTATE_ONE_DIR_R01_20260611_142325,delta-asda-b3-e,1591,RTSO|SO|OE|VE|QS|TR,3,0,84862014,299,20,0.0854,18,0.043038,302,49,4270,2391,6000,,300,,,,constant_speed,normal,0,no_load,cw,A3: rotate CW low speed,servo-app/lab-0.1
1781162616.1894395,10.1438307762146,A3_ROTATE_ONE_DIR,A3_ROTATE_ONE_DIR_R01_20260611_142325,delta-asda-b3-e,1591,RTSO|SO|OE|VE|QS|TR,3,0,85700336,300,15,0.06405,15,0.035865,302,49,4270,2391,6000,,300,,,,constant_speed,normal,0,no_load,cw,A3: rotate CW low speed,servo-app/lab-0.1
1781162616.2898405,10.244231700897217,A3_ROTATE_ONE_DIR,A3_ROTATE_ONE_DIR_R01_20260611_142325,delta-asda-b3-e,1591,RTSO|SO|OE|VE|QS|TR,3,0,86539800,300,17,0.07259,16,0.038256,302,49,4270,2391,6000,,300,,,,constant_speed,normal,0,no_load,cw,A3: rotate CW low speed,servo-app/lab-0.1
1781162616.3906097,10.345000982284546,A3_ROTATE_ONE_DIR,A3_ROTATE_ONE_DIR_R01_20260611_142325,delta-asda-b3-e,1591,RTSO|SO|OE|VE|QS|TR,3,0,87386767,301,20,0.0854,20,0.04782,302,49,4270,2391,6000,,300,,,,constant_speed,normal,0,no_load,cw,A3: rotate CW low speed,servo-app/lab-0.1
1781162616.4908907,10.445281982421875,A3_ROTATE_ONE_DIR,A3_ROTATE_ONE_DIR_R01_20260611_142325,delta-asda-b3-e,1591,RTSO|SO|OE|VE|QS|TR,3,0,88225419,300,21,0.08967,21,0.050211,302,49,4270,2391,6000,,300,,,,constant_speed,normal,0,no_load,cw,A3: rotate CW low speed,servo-app/lab-0.1
1781162616.5913897,10.545780897140503,A3_ROTATE_ONE_DIR,A3_ROTATE_ONE_DIR_R01_20260611_142325,delta-asda-b3-e,1591,RTSO|SO|OE|VE|QS|TR,3,0,89072833,300,16,0.06832,16,0.038256,302,49,4270,2391,6000,,300,,,,constant_speed,normal,0,no_load,cw,A3: rotate CW low speed,servo-app/lab-0.1
1781162616.6918628,10.646254062652588,A3_ROTATE_ONE_DIR,A3_ROTATE_ONE_DIR_R01_20260611_142325,delta-asda-b3-e,1591,RTSO|SO|OE|VE|QS|TR,3,0,89911500,299,19,0.08113,19,0.045429,302,49,4270,2391,6000,,300,,,,constant_speed,normal,0,no_load,cw,A3: rotate CW low speed,servo-app/lab-0.1
1781162616.7924201,10.746811389923096,A3_ROTATE_ONE_DIR,A3_ROTATE_ONE_DIR_R01_20260611_142325,delta-asda-b3-e,1591,RTSO|SO|OE|VE|QS|TR,3,0,90758437,300,19,0.08113,19,0.045429,302,49,4270,2391,6000,,300,,,,constant_speed,normal,0,no_load,cw,A3: rotate CW low speed,servo-app/lab-0.1
1781162616.8928187,10.847209930419922,A3_ROTATE_ONE_DIR,A3_ROTATE_ONE_DIR_R01_20260611_142325,delta-asda-b3-e,1591,RTSO|SO|OE|VE|QS|TR,3,0,91597615,300,22,0.09394,21,0.050211,302,49,4270,2391,6000,,300,,,,constant_speed,normal,0,no_load,cw,A3: rotate CW low speed,servo-app/lab-0.1
1781162616.9932575,10.947648763656616,A3_ROTATE_ONE_DIR,A3_ROTATE_ONE_DIR_R01_20260611_142325,delta-asda-b3-e,1591,RTSO|SO|OE|VE|QS|TR,3,0,92444539,300,17,0.07259,15,0.035865,302,49,4270,2391,6000,,300,,,,constant_speed,normal,0,no_load,cw,A3: rotate CW low speed,servo-app/lab-0.1
1781162617.0939639,11.048355102539062,A3_ROTATE_ONE_DIR,A3_ROTATE_ONE_DIR_R01_20260611_142325,delta-asda-b3-e,1591,RTSO|SO|OE|VE|QS|TR,3,0,93283718,299,20,0.0854,20,0.04782,302,49,4270,2391,6000,,300,,,,constant_speed,normal,0,no_load,cw,A3: rotate CW low speed,servo-app/lab-0.1
1781162617.194202,11.148593187332153,A3_ROTATE_ONE_DIR,A3_ROTATE_ONE_DIR_R01_20260611_142325,delta-asda-b3-e,1591,RTSO|SO|OE|VE|QS|TR,3,0,94130207,300,19,0.08113,19,0.045429,302,49,4270,2391,6000,,300,,,,constant_speed,normal,0,no_load,cw,A3: rotate CW low speed,servo-app/lab-0.1
1781162617.2943022,11.248693466186523,A3_ROTATE_ONE_DIR,A3_ROTATE_ONE_DIR_R01_20260611_142325,delta-asda-b3-e,1591,RTSO|SO|OE|VE|QS|TR,3,0,94969082,299,21,0.08967,20,0.04782,302,49,4270,2391,6000,,300,,,,constant_speed,normal,0,no_load,cw,A3: rotate CW low speed,servo-app/lab-0.1
1781162617.3946583,11.34904956817627,A3_ROTATE_ONE_DIR,A3_ROTATE_ONE_DIR_R01_20260611_142325,delta-asda-b3-e,1591,RTSO|SO|OE|VE|QS|TR,3,0,95808410,300,14,0.05978,13,0.031083,302,49,4270,2391,6000,,300,,,,constant_speed,normal,0,no_load,cw,A3: rotate CW low speed,servo-app/lab-0.1
1781162617.4947302,11.449121475219727,A3_ROTATE_ONE_DIR,A3_ROTATE_ONE_DIR_R01_20260611_142325,delta-asda-b3-e,1591,RTSO|SO|OE|VE|QS|TR,3,0,96647057,299,20,0.0854,18,0.043038,302,49,4270,2391,6000,,300,,,,constant_speed,normal,0,no_load,cw,A3: rotate CW low speed,servo-app/lab-0.1
1781162617.5949824,11.549373626708984,A3_ROTATE_ONE_DIR,A3_ROTATE_ONE_DIR_R01_20260611_142325,delta-asda-b3-e,1591,RTSO|SO|OE|VE|QS|TR,3,0,97485734,300,21,0.08967,20,0.04782,302,49,4270,2391,6000,,300,,,,constant_speed,normal,0,no_load,cw,A3: rotate CW low speed,servo-app/lab-0.1
1781162617.695637,11.650028228759766,A3_ROTATE_ONE_DIR,A3_ROTATE_ONE_DIR_R01_20260611_142325,delta-asda-b3-e,1591,RTSO|SO|OE|VE|QS|TR,3,0,98332494,299,20,0.0854,22,0.052602,302,49,4270,2391,6000,,300,,,,constant_speed,normal,0,no_load,cw,A3: rotate CW low speed,servo-app/lab-0.1
1781162617.8230948,11.777486085891724,A3_ROTATE_ONE_DIR,A3_ROTATE_ONE_DIR_R01_20260611_142325,delta-asda-b3-e,1591,RTSO|SO|OE|VE|QS|TR,3,0,99625100,301,18,0.07686,18,0.043038,302,49,4270,2391,6000,,300,,,,constant_speed,normal,0,no_load,cw,A3: rotate CW low speed,servo-app/lab-0.1
1781162617.9233794,11.87777066230774,A3_ROTATE_ONE_DIR,A3_ROTATE_ONE_DIR_R01_20260611_142325,delta-asda-b3-e,1591,RTSO|SO|OE|VE|QS|TR,3,0,100245128,299,19,0.08113,18,0.043038,302,49,4270,2391,6000,,300,,,,constant_speed,normal,0,no_load,cw,A3: rotate CW low speed,servo-app/lab-0.1
1781162618.023982,11.978373289108276,A3_ROTATE_ONE_DIR,A3_ROTATE_ONE_DIR_R01_20260611_142325,delta-asda-b3-e,1591,RTSO|SO|OE|VE|QS|TR,3,0,101092751,300,19,0.08113,18,0.043038,302,49,4270,2391,6000,,300,,,,constant_speed,normal,0,no_load,cw,A3: rotate CW low speed,servo-app/lab-0.1
1781162618.1245632,12.078954458236694,A3_ROTATE_ONE_DIR,A3_ROTATE_ONE_DIR_R01_20260611_142325,delta-asda-b3-e,1591,RTSO|SO|OE|VE|QS|TR,3,0,101930522,299,21,0.08967,21,0.050211,302,49,4270,2391,6000,,300,,,,constant_speed,normal,0,no_load,cw,A3: rotate CW low speed,servo-app/lab-0.1
1781162618.2247968,12.179188013076782,A3_ROTATE_ONE_DIR,A3_ROTATE_ONE_DIR_R01_20260611_142325,delta-asda-b3-e,1591,RTSO|SO|OE|VE|QS|TR,3,0,102771058,301,17,0.07259,16,0.038256,302,49,4270,2391,6000,,300,,,,constant_speed,normal,0,no_load,cw,A3: rotate CW low speed,servo-app/lab-0.1
1781162618.3248978,12.27928900718689,A3_ROTATE_ONE_DIR,A3_ROTATE_ONE_DIR_R01_20260611_142325,delta-asda-b3-e,1591,RTSO|SO|OE|VE|QS|TR,3,0,103608455,299,19,0.08113,18,0.043038,302,49,4270,2391,6000,,300,,,,constant_speed,normal,0,no_load,cw,A3: rotate CW low speed,servo-app/lab-0.1
1781162618.4253683,12.379759550094604,A3_ROTATE_ONE_DIR,A3_ROTATE_ONE_DIR_R01_20260611_142325,delta-asda-b3-e,1591,RTSO|SO|OE|VE|QS|TR,3,0,104456646,300,17,0.07259,18,0.043038,302,49,4270,2391,6000,,300,,,,constant_speed,normal,0,no_load,cw,A3: rotate CW low speed,servo-app/lab-0.1
1781162618.5258558,12.480247020721436,A3_ROTATE_ONE_DIR,A3_ROTATE_ONE_DIR_R01_20260611_142325,delta-asda-b3-e,1591,RTSO|SO|OE|VE|QS|TR,3,0,105293822,299,22,0.09394,23,0.054993,301,49,4270,2391,6000,,300,,,,constant_speed,normal,0,no_load,cw,A3: rotate CW low speed,servo-app/lab-0.1
1781162618.626434,12.580825328826904,A3_ROTATE_ONE_DIR,A3_ROTATE_ONE_DIR_R01_20260611_142325,delta-asda-b3-e,1591,RTSO|SO|OE|VE|QS|TR,3,0,106142666,300,15,0.06405,16,0.038256,302,49,4270,2391,6000,,300,,,,constant_speed,normal,0,no_load,cw,A3: rotate CW low speed,servo-app/lab-0.1
1781162618.7265315,12.680922746658325,A3_ROTATE_ONE_DIR,A3_ROTATE_ONE_DIR_R01_20260611_142325,delta-asda-b3-e,1591,RTSO|SO|OE|VE|QS|TR,3,0,106980517,299,15,0.06405,18,0.043038,302,49,4270,2391,6000,,300,,,,constant_speed,normal,0,no_load,cw,A3: rotate CW low speed,servo-app/lab-0.1
1781162618.8272805,12.78167176246643,A3_ROTATE_ONE_DIR,A3_ROTATE_ONE_DIR_R01_20260611_142325,delta-asda-b3-e,1591,RTSO|SO|OE|VE|QS|TR,3,0,107828282,300,18,0.07686,17,0.040647,302,49,4270,2391,6000,,300,,,,constant_speed,normal,0,no_load,cw,A3: rotate CW low speed,servo-app/lab-0.1
1781162618.9278433,12.882234573364258,A3_ROTATE_ONE_DIR,A3_ROTATE_ONE_DIR_R01_20260611_142325,delta-asda-b3-e,1591,RTSO|SO|OE|VE|QS|TR,3,0,108665873,299,21,0.08967,23,0.054993,302,49,4270,2391,6000,,300,,,,constant_speed,normal,0,no_load,cw,A3: rotate CW low speed,servo-app/lab-0.1
1781162619.0284543,12.982845544815063,A3_ROTATE_ONE_DIR,A3_ROTATE_ONE_DIR_R01_20260611_142325,delta-asda-b3-e,1591,RTSO|SO|OE|VE|QS|TR,3,0,109514309,300,17,0.07259,16,0.038256,302,49,4270,2391,6000,,300,,,,constant_speed,normal,0,no_load,cw,A3: rotate CW low speed,servo-app/lab-0.1
1781162619.129197,13.083588123321533,A3_ROTATE_ONE_DIR,A3_ROTATE_ONE_DIR_R01_20260611_142325,delta-asda-b3-e,1591,RTSO|SO|OE|VE|QS|TR,3,0,110360372,299,18,0.07686,17,0.040647,302,49,4270,2391,6000,,300,,,,constant_speed,normal,0,no_load,cw,A3: rotate CW low speed,servo-app/lab-0.1
1781162619.2296216,13.18401288986206,A3_ROTATE_ONE_DIR,A3_ROTATE_ONE_DIR_R01_20260611_142325,delta-asda-b3-e,1591,RTSO|SO|OE|VE|QS|TR,3,0,111200617,301,16,0.06832,16,0.038256,302,49,4270,2391,6000,,300,,,,constant_speed,normal,0,no_load,cw,A3: rotate CW low speed,servo-app/lab-0.1
1781162619.3297894,13.284180641174316,A3_ROTATE_ONE_DIR,A3_ROTATE_ONE_DIR_R01_20260611_142325,delta-asda-b3-e,1591,RTSO|SO|OE|VE|QS|TR,3,0,112037610,299,22,0.09394,22,0.052602,302,49,4270,2391,6000,,300,,,,constant_speed,normal,0,no_load,cw,A3: rotate CW low speed,servo-app/lab-0.1
1781162619.4301195,13.38451075553894,A3_ROTATE_ONE_DIR,A3_ROTATE_ONE_DIR_R01_20260611_142325,delta-asda-b3-e,1591,RTSO|SO|OE|VE|QS|TR,3,0,112886618,300,17,0.07259,17,0.040647,302,49,4270,2391,6000,,300,,,,constant_speed,normal,0,no_load,cw,A3: rotate CW low speed,servo-app/lab-0.1
1781162619.5310094,13.485400676727295,A3_ROTATE_ONE_DIR,A3_ROTATE_ONE_DIR_R01_20260611_142325,delta-asda-b3-e,1591,RTSO|SO|OE|VE|QS|TR,3,0,113723906,300,17,0.07259,18,0.043038,302,49,4270,2391,6000,,300,,,,constant_speed,normal,0,no_load,cw,A3: rotate CW low speed,servo-app/lab-0.1
1781162619.631125,13.585516214370728,A3_ROTATE_ONE_DIR,A3_ROTATE_ONE_DIR_R01_20260611_142325,delta-asda-b3-e,1591,RTSO|SO|OE|VE|QS|TR,3,0,114563861,300,16,0.06832,16,0.038256,302,49,4270,2391,6000,,300,,,,constant_speed,normal,0,no_load,cw,A3: rotate CW low speed,servo-app/lab-0.1
1781162619.731385,13.685776233673096,A3_ROTATE_ONE_DIR,A3_ROTATE_ONE_DIR_R01_20260611_142325,delta-asda-b3-e,1591,RTSO|SO|OE|VE|QS|TR,3,0,115410168,300,21,0.08967,21,0.050211,302,49,4270,2391,6000,,300,,,,constant_speed,normal,0,no_load,cw,A3: rotate CW low speed,servo-app/lab-0.1
1781162619.8320272,13.786418437957764,A3_ROTATE_ONE_DIR,A3_ROTATE_ONE_DIR_R01_20260611_142325,delta-asda-b3-e,1591,RTSO|SO|OE|VE|QS|TR,3,0,116250142,300,19,0.08113,19,0.045429,302,49,4270,2391,6000,,300,,,,constant_speed,normal,0,no_load,cw,A3: rotate CW low speed,servo-app/lab-0.1
1781162619.932498,13.886889219284058,A3_ROTATE_ONE_DIR,A3_ROTATE_ONE_DIR_R01_20260611_142325,delta-asda-b3-e,1591,RTSO|SO|OE|VE|QS|TR,3,0,117096218,299,19,0.08113,17,0.040647,302,49,4270,2391,6000,,300,,,,constant_speed,normal,0,no_load,cw,A3: rotate CW low speed,servo-app/lab-0.1
1781162620.0330305,13.987421751022339,A3_ROTATE_ONE_DIR,A3_ROTATE_ONE_DIR_R01_20260611_142325,delta-asda-b3-e,1591,RTSO|SO|OE|VE|QS|TR,3,0,117935870,300,16,0.06832,17,0.040647,302,49,4270,2391,6000,,300,,,,constant_speed,normal,0,no_load,cw,A3: rotate CW low speed,servo-app/lab-0.1
1781162620.1331275,14.087518692016602,A3_ROTATE_ONE_DIR,A3_ROTATE_ONE_DIR_R01_20260611_142325,delta-asda-b3-e,1591,RTSO|SO|OE|VE|QS|TR,3,0,118781861,299,20,0.0854,19,0.045429,302,49,4270,2391,6000,,300,,,,constant_speed,normal,0,no_load,cw,A3: rotate CW low speed,servo-app/lab-0.1
1781162620.233665,14.188056230545044,A3_ROTATE_ONE_DIR,A3_ROTATE_ONE_DIR_R01_20260611_142325,delta-asda-b3-e,1591,RTSO|SO|OE|VE|QS|TR,3,0,119622505,300,17,0.07259,16,0.038256,302,49,4270,2391,6000,,300,,,,constant_speed,normal,0,no_load,cw,A3: rotate CW low speed,servo-app/lab-0.1
1781162620.3348238,14.289215087890625,A3_ROTATE_ONE_DIR,A3_ROTATE_ONE_DIR_R01_20260611_142325,delta-asda-b3-e,1591,RTSO|SO|OE|VE|QS|TR,3,0,120476329,299,16,0.06832,18,0.043038,302,49,4270,2391,6000,,300,,,,constant_speed,normal,0,no_load,cw,A3: rotate CW low speed,servo-app/lab-0.1
1781162620.4349291,14.389320373535156,A3_ROTATE_ONE_DIR,A3_ROTATE_ONE_DIR_R01_20260611_142325,delta-asda-b3-e,1591,RTSO|SO|OE|VE|QS|TR,3,0,121307893,299,16,0.06832,17,0.040647,302,49,4270,2391,6000,,300,,,,constant_speed,normal,0,no_load,cw,A3: rotate CW low speed,servo-app/lab-0.1
1781162620.53547,14.489861249923706,A3_ROTATE_ONE_DIR,A3_ROTATE_ONE_DIR_R01_20260611_142325,delta-asda-b3-e,1591,RTSO|SO|OE|VE|QS|TR,3,0,122153690,300,20,0.0854,22,0.052602,302,49,4270,2391,6000,,300,,,,constant_speed,normal,0,no_load,cw,A3: rotate CW low speed,servo-app/lab-0.1
1781162620.6362994,14.590690612792969,A3_ROTATE_ONE_DIR,A3_ROTATE_ONE_DIR_R01_20260611_142325,delta-asda-b3-e,1591,RTSO|SO|OE|VE|QS|TR,3,0,123002394,300,16,0.06832,16,0.038256,302,49,4270,2391,6000,,300,,,,constant_speed,normal,0,no_load,cw,A3: rotate CW low speed,servo-app/lab-0.1
1781162620.736442,14.690833330154419,A3_ROTATE_ONE_DIR,A3_ROTATE_ONE_DIR_R01_20260611_142325,delta-asda-b3-e,1591,RTSO|SO|OE|VE|QS|TR,3,0,123840227,299,18,0.07686,17,0.040647,302,49,4270,2391,6000,,300,,,,constant_speed,normal,0,no_load,cw,A3: rotate CW low speed,servo-app/lab-0.1
1781162620.8366542,14.791045427322388,A3_ROTATE_ONE_DIR,A3_ROTATE_ONE_DIR_R01_20260611_142325,delta-asda-b3-e,1591,RTSO|SO|OE|VE|QS|TR,3,0,124679566,299,16,0.06832,17,0.040647,302,49,4270,2391,6000,,300,,,,constant_speed,normal,0,no_load,cw,A3: rotate CW low speed,servo-app/lab-0.1
1781162620.9367416,14.891132831573486,A3_ROTATE_ONE_DIR,A3_ROTATE_ONE_DIR_R01_20260611_142325,delta-asda-b3-e,1591,RTSO|SO|OE|VE|QS|TR,3,0,125517183,299,19,0.08113,19,0.045429,302,49,4270,2391,6000,,300,,,,constant_speed,normal,0,no_load,cw,A3: rotate CW low speed,servo-app/lab-0.1
1781162621.0377145,14.992105722427368,A3_ROTATE_ONE_DIR,A3_ROTATE_ONE_DIR_R01_20260611_142325,delta-asda-b3-e,1591,RTSO|SO|OE|VE|QS|TR,3,0,126365815,300,17,0.07259,16,0.038256,302,49,4270,2391,6000,,300,,,,constant_speed,normal,0,no_load,cw,A3: rotate CW low speed,servo-app/lab-0.1
1781162621.1383336,15.092724800109863,A3_ROTATE_ONE_DIR,A3_ROTATE_ONE_DIR_R01_20260611_142325,delta-asda-b3-e,1591,RTSO|SO|OE|VE|QS|TR,3,0,127211815,300,17,0.07259,17,0.040647,301,49,4270,2391,6000,,300,,,,constant_speed,normal,0,no_load,cw,A3: rotate CW low speed,servo-app/lab-0.1
1781162621.2389834,15.193374633789062,A3_ROTATE_ONE_DIR,A3_ROTATE_ONE_DIR_R01_20260611_142325,delta-asda-b3-e,1591,RTSO|SO|OE|VE|QS|TR,3,0,128051967,300,14,0.05978,14,0.033474,301,49,4270,2391,6000,,300,,,,constant_speed,normal,0,no_load,cw,A3: rotate CW low speed,servo-app/lab-0.1
1781162621.3391376,15.29352879524231,A3_ROTATE_ONE_DIR,A3_ROTATE_ONE_DIR_R01_20260611_142325,delta-asda-b3-e,1591,RTSO|SO|OE|VE|QS|TR,3,0,128889011,300,20,0.0854,19,0.045429,302,49,4270,2391,6000,,300,,,,constant_speed,normal,0,no_load,cw,A3: rotate CW low speed,servo-app/lab-0.1
1781162621.4394977,15.3938889503479,A3_ROTATE_ONE_DIR,A3_ROTATE_ONE_DIR_R01_20260611_142325,delta-asda-b3-e,1591,RTSO|SO|OE|VE|QS|TR,3,0,129737883,300,16,0.06832,17,0.040647,301,49,4270,2391,6000,,300,,,,constant_speed,normal,0,no_load,cw,A3: rotate CW low speed,servo-app/lab-0.1
1781162621.5404983,15.494889497756958,A3_ROTATE_ONE_DIR,A3_ROTATE_ONE_DIR_R01_20260611_142325,delta-asda-b3-e,1591,RTSO|SO|OE|VE|QS|TR,3,0,130583930,301,16,0.06832,17,0.040647,302,49,4270,2391,6000,,300,,,,constant_speed,normal,0,no_load,cw,A3: rotate CW low speed,servo-app/lab-0.1
1781162621.6408825,15.595273733139038,A3_ROTATE_ONE_DIR,A3_ROTATE_ONE_DIR_R01_20260611_142325,delta-asda-b3-e,1591,RTSO|SO|OE|VE|QS|TR,3,0,131423734,301,15,0.06405,16,0.038256,302,49,4270,2391,6000,,300,,,,constant_speed,normal,0,no_load,cw,A3: rotate CW low speed,servo-app/lab-0.1
1781162621.7409372,15.6953284740448,A3_ROTATE_ONE_DIR,A3_ROTATE_ONE_DIR_R01_20260611_142325,delta-asda-b3-e,1591,RTSO|SO|OE|VE|QS|TR,3,0,132261692,301,17,0.07259,18,0.043038,302,49,4270,2391,6000,,300,,,,constant_speed,normal,0,no_load,cw,A3: rotate CW low speed,servo-app/lab-0.1
1781162621.8411865,15.795577764511108,A3_ROTATE_ONE_DIR,A3_ROTATE_ONE_DIR_R01_20260611_142325,delta-asda-b3-e,1591,RTSO|SO|OE|VE|QS|TR,3,0,133109870,300,18,0.07686,18,0.043038,302,49,4270,2391,6000,,300,,,,constant_speed,normal,0,no_load,cw,A3: rotate CW low speed,servo-app/lab-0.1
1781162621.9419456,15.896336793899536,A3_ROTATE_ONE_DIR,A3_ROTATE_ONE_DIR_R01_20260611_142325,delta-asda-b3-e,1591,RTSO|SO|OE|VE|QS|TR,3,0,133947724,300,17,0.07259,18,0.043038,302,49,4270,2391,6000,,300,,,,constant_speed,normal,0,no_load,cw,A3: rotate CW low speed,servo-app/lab-0.1
1781162622.0430324,15.997423648834229,A3_ROTATE_ONE_DIR,A3_ROTATE_ONE_DIR_R01_20260611_142325,delta-asda-b3-e,1591,RTSO|SO|OE|VE|QS|TR,3,0,134795867,301,16,0.06832,14,0.033474,302,49,4270,2391,6000,,300,,,,constant_speed,normal,0,no_load,cw,A3: rotate CW low speed,servo-app/lab-0.1
1781162622.1432755,16.09766674041748,A3_ROTATE_ONE_DIR,A3_ROTATE_ONE_DIR_R01_20260611_142325,delta-asda-b3-e,1591,RTSO|SO|OE|VE|QS|TR,3,0,135641887,300,18,0.07686,19,0.045429,301,49,4270,2391,6000,,300,,,,constant_speed,normal,0,no_load,cw,A3: rotate CW low speed,servo-app/lab-0.1
1781162622.243361,16.197752237319946,A3_ROTATE_ONE_DIR,A3_ROTATE_ONE_DIR_R01_20260611_142325,delta-asda-b3-e,1591,RTSO|SO|OE|VE|QS|TR,3,0,136482349,300,16,0.06832,15,0.035865,302,49,4270,2391,6000,,300,,,,constant_speed,normal,0,no_load,cw,A3: rotate CW low speed,servo-app/lab-0.1
1781162622.3437142,16.298105478286743,A3_ROTATE_ONE_DIR,A3_ROTATE_ONE_DIR_R01_20260611_142325,delta-asda-b3-e,1591,RTSO|SO|OE|VE|QS|TR,3,0,137319507,300,18,0.07686,16,0.038256,301,49,4270,2391,6000,,300,,,,constant_speed,normal,0,no_load,cw,A3: rotate CW low speed,servo-app/lab-0.1
1781162622.444143,16.398534297943115,A3_ROTATE_ONE_DIR,A3_ROTATE_ONE_DIR_R01_20260611_142325,delta-asda-b3-e,1591,RTSO|SO|OE|VE|QS|TR,3,0,138167748,300,16,0.06832,16,0.038256,302,49,4270,2391,6000,,300,,,,constant_speed,normal,0,no_load,cw,A3: rotate CW low speed,servo-app/lab-0.1
1781162622.5444891,16.49888038635254,A3_ROTATE_ONE_DIR,A3_ROTATE_ONE_DIR_R01_20260611_142325,delta-asda-b3-e,1591,RTSO|SO|OE|VE|QS|TR,3,0,139005502,301,17,0.07259,19,0.045429,302,49,4270,2391,6000,,300,,,,constant_speed,normal,0,no_load,cw,A3: rotate CW low speed,servo-app/lab-0.1
1781162622.645786,16.60017728805542,A3_ROTATE_ONE_DIR,A3_ROTATE_ONE_DIR_R01_20260611_142325,delta-asda-b3-e,1591,RTSO|SO|OE|VE|QS|TR,3,0,139854039,300,15,0.06405,16,0.038256,302,49,4270,2391,6000,,300,,,,constant_speed,normal,0,no_load,cw,A3: rotate CW low speed,servo-app/lab-0.1
1781162622.7462025,16.70059370994568,A3_ROTATE_ONE_DIR,A3_ROTATE_ONE_DIR_R01_20260611_142325,delta-asda-b3-e,1591,RTSO|SO|OE|VE|QS|TR,3,0,140691870,300,16,0.06832,19,0.045429,302,49,4270,2391,6000,,300,,,,constant_speed,normal,0,no_load,cw,A3: rotate CW low speed,servo-app/lab-0.1
1781162622.8470178,16.801409006118774,A3_ROTATE_ONE_DIR,A3_ROTATE_ONE_DIR_R01_20260611_142325,delta-asda-b3-e,1591,RTSO|SO|OE|VE|QS|TR,3,0,141547841,300,15,0.06405,14,0.033474,302,49,4270,2391,6000,,300,,,,constant_speed,normal,0,no_load,cw,A3: rotate CW low speed,servo-app/lab-0.1
1781162622.9473436,16.901734828948975,A3_ROTATE_ONE_DIR,A3_ROTATE_ONE_DIR_R01_20260611_142325,delta-asda-b3-e,1591,RTSO|SO|OE|VE|QS|TR,3,0,142385628,300,19,0.08113,17,0.040647,301,49,4270,2391,6000,,300,,,,constant_speed,normal,0,no_load,cw,A3: rotate CW low speed,servo-app/lab-0.1
1781162623.0477724,17.002163648605347,A3_ROTATE_ONE_DIR,A3_ROTATE_ONE_DIR_R01_20260611_142325,delta-asda-b3-e,1591,RTSO|SO|OE|VE|QS|TR,3,0,143226009,301,16,0.06832,14,0.033474,302,49,4270,2391,6000,,300,,,,constant_speed,normal,0,no_load,cw,A3: rotate CW low speed,servo-app/lab-0.1
1781162623.147866,17.102257251739502,A3_ROTATE_ONE_DIR,A3_ROTATE_ONE_DIR_R01_20260611_142325,delta-asda-b3-e,1591,RTSO|SO|OE|VE|QS|TR,3,0,144071938,301,18,0.07686,18,0.043038,302,49,4270,2391,6000,,300,,,,constant_speed,normal,0,no_load,cw,A3: rotate CW low speed,servo-app/lab-0.1
1781162623.2480617,17.202452898025513,A3_ROTATE_ONE_DIR,A3_ROTATE_ONE_DIR_R01_20260611_142325,delta-asda-b3-e,1591,RTSO|SO|OE|VE|QS|TR,3,0,144945575,300,16,0.06832,15,0.035865,301,49,4270,2391,6000,,300,,,,constant_speed,normal,0,no_load,cw,A3: rotate CW low speed,servo-app/lab-0.1
1781162623.3484251,17.30281639099121,A3_ROTATE_ONE_DIR,A3_ROTATE_ONE_DIR_R01_20260611_142325,delta-asda-b3-e,1591,RTSO|SO|OE|VE|QS|TR,3,0,145749165,301,18,0.07686,19,0.045429,302,49,4270,2391,6000,,300,,,,constant_speed,normal,0,no_load,cw,A3: rotate CW low speed,servo-app/lab-0.1
1781162623.4490166,17.40340781211853,A3_ROTATE_ONE_DIR,A3_ROTATE_ONE_DIR_R01_20260611_142325,delta-asda-b3-e,1591,RTSO|SO|OE|VE|QS|TR,3,0,146597929,301,17,0.07259,17,0.040647,302,49,4270,2391,6000,,300,,,,constant_speed,normal,0,no_load,cw,A3: rotate CW low speed,servo-app/lab-0.1
1781162623.5492516,17.503642797470093,A3_ROTATE_ONE_DIR,A3_ROTATE_ONE_DIR_R01_20260611_142325,delta-asda-b3-e,1591,RTSO|SO|OE|VE|QS|TR,3,0,147427282,301,17,0.07259,17,0.040647,302,49,4270,2391,6000,,300,,,,constant_speed,normal,0,no_load,cw,A3: rotate CW low speed,servo-app/lab-0.1
1781162623.6497197,17.604110956192017,A3_ROTATE_ONE_DIR,A3_ROTATE_ONE_DIR_R01_20260611_142325,delta-asda-b3-e,1591,RTSO|SO|OE|VE|QS|TR,3,0,148275287,301,16,0.06832,15,0.035865,302,49,4270,2391,6000,,300,,,,constant_speed,normal,0,no_load,cw,A3: rotate CW low speed,servo-app/lab-0.1
1781162623.750247,17.704638242721558,A3_ROTATE_ONE_DIR,A3_ROTATE_ONE_DIR_R01_20260611_142325,delta-asda-b3-e,1591,RTSO|SO|OE|VE|QS|TR,3,0,149113370,301,19,0.08113,19,0.045429,302,49,4270,2391,6000,,300,,,,constant_speed,normal,0,no_load,cw,A3: rotate CW low speed,servo-app/lab-0.1
1781162623.8505876,17.804978847503662,A3_ROTATE_ONE_DIR,A3_ROTATE_ONE_DIR_R01_20260611_142325,delta-asda-b3-e,1591,RTSO|SO|OE|VE|QS|TR,3,0,149961494,300,19,0.08113,20,0.04782,302,49,4270,2391,6000,,300,,,,constant_speed,normal,0,no_load,cw,A3: rotate CW low speed,servo-app/lab-0.1
1781162623.950999,17.90539026260376,A3_ROTATE_ONE_DIR,A3_ROTATE_ONE_DIR_R01_20260611_142325,delta-asda-b3-e,1591,RTSO|SO|OE|VE|QS|TR,3,0,150799362,301,19,0.08113,18,0.043038,302,49,4270,2391,6000,,300,,,,constant_speed,normal,0,no_load,cw,A3: rotate CW low speed,servo-app/lab-0.1
1781162624.0515063,18.005897521972656,A3_ROTATE_ONE_DIR,A3_ROTATE_ONE_DIR_R01_20260611_142325,delta-asda-b3-e,1591,RTSO|SO|OE|VE|QS|TR,3,0,151647662,301,14,0.05978,14,0.033474,302,49,4270,2391,6000,,300,,,,constant_speed,normal,0,no_load,cw,A3: rotate CW low speed,servo-app/lab-0.1
1781162624.1521077,18.106498956680298,A3_ROTATE_ONE_DIR,A3_ROTATE_ONE_DIR_R01_20260611_142325,delta-asda-b3-e,1591,RTSO|SO|OE|VE|QS|TR,3,0,152493645,301,20,0.0854,19,0.045429,302,49,4270,2391,6000,,300,,,,constant_speed,normal,0,no_load,cw,A3: rotate CW low speed,servo-app/lab-0.1
1781162624.2524483,18.206839561462402,A3_ROTATE_ONE_DIR,A3_ROTATE_ONE_DIR_R01_20260611_142325,delta-asda-b3-e,1591,RTSO|SO|OE|VE|QS|TR,3,0,153333862,300,20,0.0854,18,0.043038,302,49,4270,2391,6000,,300,,,,constant_speed,normal,0,no_load,cw,A3: rotate CW low speed,servo-app/lab-0.1
1781162624.3530998,18.307491064071655,A3_ROTATE_ONE_DIR,A3_ROTATE_ONE_DIR_R01_20260611_142325,delta-asda-b3-e,1591,RTSO|SO|OE|VE|QS|TR,3,0,154179549,300,19,0.08113,19,0.045429,302,49,4270,2391,6000,,300,,,,constant_speed,normal,0,no_load,cw,A3: rotate CW low speed,servo-app/lab-0.1
1781162624.4534388,18.407829999923706,A3_ROTATE_ONE_DIR,A3_ROTATE_ONE_DIR_R01_20260611_142325,delta-asda-b3-e,1591,RTSO|SO|OE|VE|QS|TR,3,0,155019270,300,17,0.07259,16,0.038256,302,49,4270,2391,6000,,300,,,,constant_speed,normal,0,no_load,cw,A3: rotate CW low speed,servo-app/lab-0.1
1781162624.5535374,18.507928609848022,A3_ROTATE_ONE_DIR,A3_ROTATE_ONE_DIR_R01_20260611_142325,delta-asda-b3-e,1591,RTSO|SO|OE|VE|QS|TR,3,0,155857402,301,17,0.07259,18,0.043038,302,49,4270,2391,6000,,300,,,,constant_speed,normal,0,no_load,cw,A3: rotate CW low speed,servo-app/lab-0.1
1781162624.655654,18.610045194625854,A3_ROTATE_ONE_DIR,A3_ROTATE_ONE_DIR_R01_20260611_142325,delta-asda-b3-e,1591,RTSO|SO|OE|VE|QS|TR,3,0,156713904,300,17,0.07259,18,0.043038,302,49,4270,2391,6000,,300,,,,constant_speed,normal,0,no_load,cw,A3: rotate CW low speed,servo-app/lab-0.1
1781162624.7557962,18.710187435150146,A3_ROTATE_ONE_DIR,A3_ROTATE_ONE_DIR_R01_20260611_142325,delta-asda-b3-e,1591,RTSO|SO|OE|VE|QS|TR,3,0,157551816,300,18,0.07686,19,0.045429,302,49,4270,2391,6000,,300,,,,constant_speed,normal,0,no_load,cw,A3: rotate CW low speed,servo-app/lab-0.1
1781162624.8559668,18.81035804748535,A3_ROTATE_ONE_DIR,A3_ROTATE_ONE_DIR_R01_20260611_142325,delta-asda-b3-e,1591,RTSO|SO|OE|VE|QS|TR,3,0,158390891,300,15,0.06405,16,0.038256,302,49,4270,2391,6000,,300,,,,constant_speed,normal,0,no_load,cw,A3: rotate CW low speed,servo-app/lab-0.1
1781162624.9563243,18.910715579986572,A3_ROTATE_ONE_DIR,A3_ROTATE_ONE_DIR_R01_20260611_142325,delta-asda-b3-e,1591,RTSO|SO|OE|VE|QS|TR,3,0,159237322,300,18,0.07686,18,0.043038,302,49,4270,2391,6000,,300,,,,constant_speed,normal,0,no_load,cw,A3: rotate CW low speed,servo-app/lab-0.1
1781162625.0568852,19.011276483535767,A3_ROTATE_ONE_DIR,A3_ROTATE_ONE_DIR_R01_20260611_142325,delta-asda-b3-e,1591,RTSO|SO|OE|VE|QS|TR,3,0,160077639,300,17,0.07259,17,0.040647,302,49,4270,2391,6000,,300,,,,constant_speed,normal,0,no_load,cw,A3: rotate CW low speed,servo-app/lab-0.1
1781162625.1571553,19.111546516418457,A3_ROTATE_ONE_DIR,A3_ROTATE_ONE_DIR_R01_20260611_142325,delta-asda-b3-e,1591,RTSO|SO|OE|VE|QS|TR,3,0,160923507,300,19,0.08113,17,0.040647,301,49,4270,2391,6000,,300,,,,constant_speed,normal,0,no_load,cw,A3: rotate CW low speed,servo-app/lab-0.1
1781162625.2574027,19.211793899536133,A3_ROTATE_ONE_DIR,A3_ROTATE_ONE_DIR_R01_20260611_142325,delta-asda-b3-e,1591,RTSO|SO|OE|VE|QS|TR,3,0,161763217,300,17,0.07259,15,0.035865,302,49,4270,2391,6000,,300,,,,constant_speed,normal,0,no_load,cw,A3: rotate CW low speed,servo-app/lab-0.1
1781162625.3575475,19.311938762664795,A3_ROTATE_ONE_DIR,A3_ROTATE_ONE_DIR_R01_20260611_142325,delta-asda-b3-e,1591,RTSO|SO|OE|VE|QS|TR,3,0,162600768,301,19,0.08113,18,0.043038,302,49,4270,2391,6000,,300,,,,constant_speed,normal,0,no_load,cw,A3: rotate CW low speed,servo-app/lab-0.1
1781162625.4583075,19.41269874572754,A3_ROTATE_ONE_DIR,A3_ROTATE_ONE_DIR_R01_20260611_142325,delta-asda-b3-e,1591,RTSO|SO|OE|VE|QS|TR,3,0,163449272,300,20,0.0854,19,0.045429,302,49,4270,2391,6000,,300,,,,constant_speed,normal,0,no_load,cw,A3: rotate CW low speed,servo-app/lab-0.1
1781162625.5589545,19.51334571838379,A3_ROTATE_ONE_DIR,A3_ROTATE_ONE_DIR_R01_20260611_142325,delta-asda-b3-e,1591,RTSO|SO|OE|VE|QS|TR,3,0,164287451,301,18,0.07686,18,0.043038,302,49,4270,2391,6000,,300,,,,constant_speed,normal,0,no_load,cw,A3: rotate CW low speed,servo-app/lab-0.1
1781162625.659278,19.6136691570282,A3_ROTATE_ONE_DIR,A3_ROTATE_ONE_DIR_R01_20260611_142325,delta-asda-b3-e,1591,RTSO|SO|OE|VE|QS|TR,3,0,165135033,300,17,0.07259,17,0.040647,302,49,4270,2391,6000,,300,,,,constant_speed,normal,0,no_load,cw,A3: rotate CW low speed,servo-app/lab-0.1
1781162625.7596421,19.714033365249634,A3_ROTATE_ONE_DIR,A3_ROTATE_ONE_DIR_R01_20260611_142325,delta-asda-b3-e,1591,RTSO|SO|OE|VE|QS|TR,3,0,165973299,301,17,0.07259,18,0.043038,302,49,4270,2391,6000,,300,,,,constant_speed,normal,0,no_load,cw,A3: rotate CW low speed,servo-app/lab-0.1
1781162625.8599808,19.814372062683105,A3_ROTATE_ONE_DIR,A3_ROTATE_ONE_DIR_R01_20260611_142325,delta-asda-b3-e,1591,RTSO|SO|OE|VE|QS|TR,3,0,166821260,300,20,0.0854,19,0.045429,302,49,4270,2391,6000,,300,,,,constant_speed,normal,0,no_load,cw,A3: rotate CW low speed,servo-app/lab-0.1
1781162625.9603386,19.914729833602905,A3_ROTATE_ONE_DIR,A3_ROTATE_ONE_DIR_R01_20260611_142325,delta-asda-b3-e,1591,RTSO|SO|OE|VE|QS|TR,3,0,167659349,300,19,0.08113,19,0.045429,302,49,4270,2391,6000,,300,,,,constant_speed,normal,0,no_load,cw,A3: rotate CW low speed,servo-app/lab-0.1
1781162626.0615199,20.015911102294922,A3_ROTATE_ONE_DIR,A3_ROTATE_ONE_DIR_R01_20260611_142325,delta-asda-b3-e,1591,RTSO|SO|OE|VE|QS|TR,3,0,168507453,300,16,0.06832,15,0.035865,302,49,4270,2391,6000,,300,,,,constant_speed,normal,0,no_load,cw,A3: rotate CW low speed,servo-app/lab-0.1
1781162626.1622534,20.116644620895386,A3_ROTATE_ONE_DIR,A3_ROTATE_ONE_DIR_R01_20260611_142325,delta-asda-b3-e,1591,RTSO|SO|OE|VE|QS|TR,3,0,169353422,300,18,0.07686,19,0.045429,301,49,4270,2391,6000,,300,,,,constant_speed,normal,0,no_load,cw,A3: rotate CW low speed,servo-app/lab-0.1
1781162626.2625742,20.216965436935425,A3_ROTATE_ONE_DIR,A3_ROTATE_ONE_DIR_R01_20260611_142325,delta-asda-b3-e,1591,RTSO|SO|OE|VE|QS|TR,3,0,170193413,299,19,0.08113,19,0.045429,302,49,4270,2391,6000,,300,,,,constant_speed,normal,0,no_load,cw,A3: rotate CW low speed,servo-app/lab-0.1
1781162626.363759,20.318150281906128,A3_ROTATE_ONE_DIR,A3_ROTATE_ONE_DIR_R01_20260611_142325,delta-asda-b3-e,1591,RTSO|SO|OE|VE|QS|TR,3,0,171039449,300,18,0.07686,19,0.045429,302,49,4270,2391,6000,,300,,,,constant_speed,normal,0,no_load,cw,A3: rotate CW low speed,servo-app/lab-0.1
1781162626.4638577,20.418248891830444,A3_ROTATE_ONE_DIR,A3_ROTATE_ONE_DIR_R01_20260611_142325,delta-asda-b3-e,1591,RTSO|SO|OE|VE|QS|TR,3,0,171878942,299,17,0.07259,18,0.043038,301,49,4270,2391,6000,,300,,,,constant_speed,normal,0,no_load,cw,A3: rotate CW low speed,servo-app/lab-0.1
1781162626.5641937,20.518584966659546,A3_ROTATE_ONE_DIR,A3_ROTATE_ONE_DIR_R01_20260611_142325,delta-asda-b3-e,1591,RTSO|SO|OE|VE|QS|TR,3,0,172725713,300,14,0.05978,17,0.040647,302,49,4270,2391,6000,,300,,,,constant_speed,normal,0,no_load,cw,A3: rotate CW low speed,servo-app/lab-0.1
1781162626.6647708,20.61916208267212,A3_ROTATE_ONE_DIR,A3_ROTATE_ONE_DIR_R01_20260611_142325,delta-asda-b3-e,1591,RTSO|SO|OE|VE|QS|TR,3,0,173565078,299,17,0.07259,19,0.045429,302,49,4270,2391,6000,,300,,,,constant_speed,normal,0,no_load,cw,A3: rotate CW low speed,servo-app/lab-0.1
1781162626.7653596,20.71975088119507,A3_ROTATE_ONE_DIR,A3_ROTATE_ONE_DIR_R01_20260611_142325,delta-asda-b3-e,1591,RTSO|SO|OE|VE|QS|TR,3,0,174411506,300,19,0.08113,20,0.04782,302,49,4270,2391,6000,,300,,,,constant_speed,normal,0,no_load,cw,A3: rotate CW low speed,servo-app/lab-0.1
1781162626.8659687,20.82035994529724,A3_ROTATE_ONE_DIR,A3_ROTATE_ONE_DIR_R01_20260611_142325,delta-asda-b3-e,1591,RTSO|SO|OE|VE|QS|TR,3,0,175250553,299,16,0.06832,17,0.040647,302,49,4270,2391,6000,,300,,,,constant_speed,normal,0,no_load,cw,A3: rotate CW low speed,servo-app/lab-0.1
1781162626.9660642,20.92045545578003,A3_ROTATE_ONE_DIR,A3_ROTATE_ONE_DIR_R01_20260611_142325,delta-asda-b3-e,1591,RTSO|SO|OE|VE|QS|TR,3,0,176088766,300,18,0.07686,18,0.043038,301,49,4270,2391,6000,,300,,,,constant_speed,normal,0,no_load,cw,A3: rotate CW low speed,servo-app/lab-0.1
1781162627.0664518,21.020843029022217,A3_ROTATE_ONE_DIR,A3_ROTATE_ONE_DIR_R01_20260611_142325,delta-asda-b3-e,1591,RTSO|SO|OE|VE|QS|TR,3,0,176937294,300,17,0.07259,17,0.040647,301,49,4270,2391,6000,,300,,,,constant_speed,normal,0,no_load,cw,A3: rotate CW low speed,servo-app/lab-0.1
1781162627.1667001,21.12109136581421,A3_ROTATE_ONE_DIR,A3_ROTATE_ONE_DIR_R01_20260611_142325,delta-asda-b3-e,1591,RTSO|SO|OE|VE|QS|TR,3,0,177774915,300,20,0.0854,19,0.045429,301,49,4270,2391,6000,,300,,,,constant_speed,normal,0,no_load,cw,A3: rotate CW low speed,servo-app/lab-0.1
1781162627.2668538,21.221245050430298,A3_ROTATE_ONE_DIR,A3_ROTATE_ONE_DIR_R01_20260611_142325,delta-asda-b3-e,1591,RTSO|SO|OE|VE|QS|TR,3,0,178614332,299,16,0.06832,15,0.035865,301,49,4270,2391,6000,,300,,,,constant_speed,normal,0,no_load,cw,A3: rotate CW low speed,servo-app/lab-0.1
1781162627.3677852,21.322176456451416,A3_ROTATE_ONE_DIR,A3_ROTATE_ONE_DIR_R01_20260611_142325,delta-asda-b3-e,1591,RTSO|SO|OE|VE|QS|TR,3,0,179460711,301,16,0.06832,17,0.040647,301,49,4270,2391,6000,,300,,,,constant_speed,normal,0,no_load,cw,A3: rotate CW low speed,servo-app/lab-0.1
1781162627.4684095,21.42280077934265,A3_ROTATE_ONE_DIR,A3_ROTATE_ONE_DIR_R01_20260611_142325,delta-asda-b3-e,1591,RTSO|SO|OE|VE|QS|TR,3,0,180308969,300,18,0.07686,18,0.043038,301,49,4270,2391,6000,,300,,,,constant_speed,normal,0,no_load,cw,A3: rotate CW low speed,servo-app/lab-0.1
1781162627.568788,21.523179292678833,A3_ROTATE_ONE_DIR,A3_ROTATE_ONE_DIR_R01_20260611_142325,delta-asda-b3-e,1591,RTSO|SO|OE|VE|QS|TR,3,0,181147354,301,19,0.08113,18,0.043038,302,49,4270,2391,6000,,300,,,,constant_speed,normal,0,no_load,cw,A3: rotate CW low speed,servo-app/lab-0.1
1781162627.6690323,21.62342357635498,A3_ROTATE_ONE_DIR,A3_ROTATE_ONE_DIR_R01_20260611_142325,delta-asda-b3-e,1591,RTSO|SO|OE|VE|QS|TR,3,0,181986153,300,17,0.07259,16,0.038256,302,49,4270,2391,6000,,300,,,,constant_speed,normal,0,no_load,cw,A3: rotate CW low speed,servo-app/lab-0.1
1781162627.7691407,21.72353196144104,A3_ROTATE_ONE_DIR,A3_ROTATE_ONE_DIR_R01_20260611_142325,delta-asda-b3-e,1591,RTSO|SO|OE|VE|QS|TR,3,0,182824575,300,16,0.06832,17,0.040647,302,49,4270,2391,6000,,300,,,,constant_speed,normal,0,no_load,cw,A3: rotate CW low speed,servo-app/lab-0.1
1781162627.869582,21.823973178863525,A3_ROTATE_ONE_DIR,A3_ROTATE_ONE_DIR_R01_20260611_142325,delta-asda-b3-e,1591,RTSO|SO|OE|VE|QS|TR,3,0,183681068,300,17,0.07259,18,0.043038,302,49,4270,2391,6000,,300,,,,constant_speed,normal,0,no_load,cw,A3: rotate CW low speed,servo-app/lab-0.1
1781162627.9702373,21.924628496170044,A3_ROTATE_ONE_DIR,A3_ROTATE_ONE_DIR_R01_20260611_142325,delta-asda-b3-e,1591,RTSO|SO|OE|VE|QS|TR,3,0,184519215,300,19,0.08113,19,0.045429,302,49,4270,2391,6000,,300,,,,constant_speed,normal,0,no_load,cw,A3: rotate CW low speed,servo-app/lab-0.1
1781162628.0708988,22.02529001235962,A3_ROTATE_ONE_DIR,A3_ROTATE_ONE_DIR_R01_20260611_142325,delta-asda-b3-e,1591,RTSO|SO|OE|VE|QS|TR,3,0,185358744,300,17,0.07259,16,0.038256,301,49,4270,2391,6000,,300,,,,constant_speed,normal,0,no_load,cw,A3: rotate CW low speed,servo-app/lab-0.1
1781162628.1716468,22.126038074493408,A3_ROTATE_ONE_DIR,A3_ROTATE_ONE_DIR_R01_20260611_142325,delta-asda-b3-e,1591,RTSO|SO|OE|VE|QS|TR,3,0,186204895,300,17,0.07259,16,0.038256,302,49,4270,2391,6000,,300,,,,constant_speed,normal,0,no_load,cw,A3: rotate CW low speed,servo-app/lab-0.1
1781162628.2720797,22.226470947265625,A3_ROTATE_ONE_DIR,A3_ROTATE_ONE_DIR_R01_20260611_142325,delta-asda-b3-e,1591,RTSO|SO|OE|VE|QS|TR,3,0,187044695,299,19,0.08113,17,0.040647,301,49,4270,2391,6000,,300,,,,constant_speed,normal,0,no_load,cw,A3: rotate CW low speed,servo-app/lab-0.1
1781162628.3723907,22.32678198814392,A3_ROTATE_ONE_DIR,A3_ROTATE_ONE_DIR_R01_20260611_142325,delta-asda-b3-e,1591,RTSO|SO|OE|VE|QS|TR,3,0,187891015,300,17,0.07259,18,0.043038,301,49,4270,2391,6000,,300,,,,constant_speed,normal,0,no_load,cw,A3: rotate CW low speed,servo-app/lab-0.1
1781162628.472981,22.427372217178345,A3_ROTATE_ONE_DIR,A3_ROTATE_ONE_DIR_R01_20260611_142325,delta-asda-b3-e,1591,RTSO|SO|OE|VE|QS|TR,3,0,188730322,300,17,0.07259,17,0.040647,302,49,4270,2391,6000,,300,,,,constant_speed,normal,0,no_load,cw,A3: rotate CW low speed,servo-app/lab-0.1
1781162628.5732818,22.52767300605774,A3_ROTATE_ONE_DIR,A3_ROTATE_ONE_DIR_R01_20260611_142325,delta-asda-b3-e,1591,RTSO|SO|OE|VE|QS|TR,3,0,189568920,300,15,0.06405,15,0.035865,302,49,4270,2391,6000,,300,,,,constant_speed,normal,0,no_load,cw,A3: rotate CW low speed,servo-app/lab-0.1
1781162628.6735196,22.62791085243225,A3_ROTATE_ONE_DIR,A3_ROTATE_ONE_DIR_R01_20260611_142325,delta-asda-b3-e,1591,RTSO|SO|OE|VE|QS|TR,3,0,190416409,299,17,0.07259,19,0.045429,302,49,4270,2391,6000,,300,,,,constant_speed,normal,0,no_load,cw,A3: rotate CW low speed,servo-app/lab-0.1
1781162628.7739556,22.728346824645996,A3_ROTATE_ONE_DIR,A3_ROTATE_ONE_DIR_R01_20260611_142325,delta-asda-b3-e,1591,RTSO|SO|OE|VE|QS|TR,3,0,191254511,300,19,0.08113,21,0.050211,302,49,4270,2391,6000,,300,,,,constant_speed,normal,0,no_load,cw,A3: rotate CW low speed,servo-app/lab-0.1
1781162628.8744636,22.82885479927063,A3_ROTATE_ONE_DIR,A3_ROTATE_ONE_DIR_R01_20260611_142325,delta-asda-b3-e,1591,RTSO|SO|OE|VE|QS|TR,3,0,192102107,300,15,0.06405,15,0.035865,302,49,4270,2391,6000,,300,,,,constant_speed,normal,0,no_load,cw,A3: rotate CW low speed,servo-app/lab-0.1
1781162628.974938,22.92932915687561,A3_ROTATE_ONE_DIR,A3_ROTATE_ONE_DIR_R01_20260611_142325,delta-asda-b3-e,1591,RTSO|SO|OE|VE|QS|TR,3,0,192940458,301,14,0.05978,15,0.035865,302,49,4270,2391,6000,,300,,,,constant_speed,normal,0,no_load,cw,A3: rotate CW low speed,servo-app/lab-0.1
1781162629.075285,23.02967619895935,A3_ROTATE_ONE_DIR,A3_ROTATE_ONE_DIR_R01_20260611_142325,delta-asda-b3-e,1591,RTSO|SO|OE|VE|QS|TR,3,0,193788722,300,17,0.07259,15,0.035865,302,49,4270,2391,6000,,300,,,,constant_speed,normal,0,no_load,cw,A3: rotate CW low speed,servo-app/lab-0.1
1781162629.1755726,23.129963874816895,A3_ROTATE_ONE_DIR,A3_ROTATE_ONE_DIR_R01_20260611_142325,delta-asda-b3-e,1591,RTSO|SO|OE|VE|QS|TR,3,0,194626340,300,20,0.0854,19,0.045429,302,49,4270,2391,6000,,300,,,,constant_speed,normal,0,no_load,cw,A3: rotate CW low speed,servo-app/lab-0.1
1781162629.275712,23.230103254318237,A3_ROTATE_ONE_DIR,A3_ROTATE_ONE_DIR_R01_20260611_142325,delta-asda-b3-e,1591,RTSO|SO|OE|VE|QS|TR,3,0,195465624,299,18,0.07686,18,0.043038,301,49,4270,2391,6000,,300,,,,constant_speed,normal,0,no_load,cw,A3: rotate CW low speed,servo-app/lab-0.1
1781162629.3761127,23.330503940582275,A3_ROTATE_ONE_DIR,A3_ROTATE_ONE_DIR_R01_20260611_142325,delta-asda-b3-e,1591,RTSO|SO|OE|VE|QS|TR,3,0,196304065,301,16,0.06832,14,0.033474,302,49,4270,2391,6000,,300,,,,constant_speed,normal,0,no_load,cw,A3: rotate CW low speed,servo-app/lab-0.1
1781162629.4773412,23.431732416152954,A3_ROTATE_ONE_DIR,A3_ROTATE_ONE_DIR_R01_20260611_142325,delta-asda-b3-e,1591,RTSO|SO|OE|VE|QS|TR,3,0,197160441,300,18,0.07686,18,0.043038,302,49,4270,2391,6000,,300,,,,constant_speed,normal,0,no_load,cw,A3: rotate CW low speed,servo-app/lab-0.1
1781162629.5779533,23.532344579696655,A3_ROTATE_ONE_DIR,A3_ROTATE_ONE_DIR_R01_20260611_142325,delta-asda-b3-e,1591,RTSO|SO|OE|VE|QS|TR,3,0,197998782,300,18,0.07686,19,0.045429,302,49,4270,2391,6000,,300,,,,constant_speed,normal,0,no_load,cw,A3: rotate CW low speed,servo-app/lab-0.1
1781162629.6780732,23.63246440887451,A3_ROTATE_ONE_DIR,A3_ROTATE_ONE_DIR_R01_20260611_142325,delta-asda-b3-e,1591,RTSO|SO|OE|VE|QS|TR,3,0,198837490,300,18,0.07686,18,0.043038,302,49,4270,2391,6000,,300,,,,constant_speed,normal,0,no_load,cw,A3: rotate CW low speed,servo-app/lab-0.1
1781162629.7781582,23.73254942893982,A3_ROTATE_ONE_DIR,A3_ROTATE_ONE_DIR_R01_20260611_142325,delta-asda-b3-e,1591,RTSO|SO|OE|VE|QS|TR,3,0,199676150,301,16,0.06832,15,0.035865,302,49,4270,2391,6000,,300,,,,constant_speed,normal,0,no_load,cw,A3: rotate CW low speed,servo-app/lab-0.1
1781162629.878808,23.83319926261902,A3_ROTATE_ONE_DIR,A3_ROTATE_ONE_DIR_R01_20260611_142325,delta-asda-b3-e,1591,RTSO|SO|OE|VE|QS|TR,3,0,200524258,301,17,0.07259,17,0.040647,302,49,4270,2391,6000,,300,,,,constant_speed,normal,0,no_load,cw,A3: rotate CW low speed,servo-app/lab-0.1
1781162629.9789565,23.933347702026367,A3_ROTATE_ONE_DIR,A3_ROTATE_ONE_DIR_R01_20260611_142325,delta-asda-b3-e,1591,RTSO|SO|OE|VE|QS|TR,3,0,201362254,301,19,0.08113,20,0.04782,302,49,4270,2391,6000,,300,,,,constant_speed,normal,0,no_load,cw,A3: rotate CW low speed,servo-app/lab-0.1
1781162630.079605,24.03399634361267,A3_ROTATE_ONE_DIR,A3_ROTATE_ONE_DIR_R01_20260611_142325,delta-asda-b3-e,1591,RTSO|SO|OE|VE|QS|TR,3,0,202210210,300,16,0.06832,17,0.040647,302,49,4270,2391,6000,,300,,,,constant_speed,normal,0,no_load,cw,A3: rotate CW low speed,servo-app/lab-0.1
1781162630.1800833,24.134474515914917,A3_ROTATE_ONE_DIR,A3_ROTATE_ONE_DIR_R01_20260611_142325,delta-asda-b3-e,1591,RTSO|SO|OE|VE|QS|TR,3,0,203048112,301,16,0.06832,16,0.038256,302,49,4270,2391,6000,,300,,,,constant_speed,normal,0,no_load,cw,A3: rotate CW low speed,servo-app/lab-0.1
1781162630.2802365,24.234627723693848,A3_ROTATE_ONE_DIR,A3_ROTATE_ONE_DIR_R01_20260611_142325,delta-asda-b3-e,1591,RTSO|SO|OE|VE|QS|TR,3,0,203887755,300,18,0.07686,18,0.043038,302,49,4270,2391,6000,,300,,,,constant_speed,normal,0,no_load,cw,A3: rotate CW low speed,servo-app/lab-0.1
1781162630.3808568,24.33524799346924,A3_ROTATE_ONE_DIR,A3_ROTATE_ONE_DIR_R01_20260611_142325,delta-asda-b3-e,1591,RTSO|SO|OE|VE|QS|TR,3,0,204734394,301,18,0.07686,17,0.040647,301,49,4270,2391,6000,,300,,,,constant_speed,normal,0,no_load,cw,A3: rotate CW low speed,servo-app/lab-0.1
1781162630.481282,24.435673236846924,A3_ROTATE_ONE_DIR,A3_ROTATE_ONE_DIR_R01_20260611_142325,delta-asda-b3-e,1591,RTSO|SO|OE|VE|QS|TR,3,0,205581875,300,19,0.08113,17,0.040647,301,49,4270,2391,6000,,300,,,,constant_speed,normal,0,no_load,cw,A3: rotate CW low speed,servo-app/lab-0.1
1781162630.581742,24.536133289337158,A3_ROTATE_ONE_DIR,A3_ROTATE_ONE_DIR_R01_20260611_142325,delta-asda-b3-e,1591,RTSO|SO|OE|VE|QS|TR,3,0,206420578,300,15,0.06405,15,0.035865,302,49,4270,2391,6000,,300,,,,constant_speed,normal,0,no_load,cw,A3: rotate CW low speed,servo-app/lab-0.1
1781162630.6820748,24.636466026306152,A3_ROTATE_ONE_DIR,A3_ROTATE_ONE_DIR_R01_20260611_142325,delta-asda-b3-e,1591,RTSO|SO|OE|VE|QS|TR,3,0,207259543,300,18,0.07686,19,0.045429,302,49,4270,2391,6000,,300,,,,constant_speed,normal,0,no_load,cw,A3: rotate CW low speed,servo-app/lab-0.1
1781162630.7826889,24.737080097198486,A3_ROTATE_ONE_DIR,A3_ROTATE_ONE_DIR_R01_20260611_142325,delta-asda-b3-e,1591,RTSO|SO|OE|VE|QS|TR,3,0,208106053,300,20,0.0854,21,0.050211,302,49,4270,2391,6000,,300,,,,constant_speed,normal,0,no_load,cw,A3: rotate CW low speed,servo-app/lab-0.1
1781162630.883021,24.837412357330322,A3_ROTATE_ONE_DIR,A3_ROTATE_ONE_DIR_R01_20260611_142325,delta-asda-b3-e,1591,RTSO|SO|OE|VE|QS|TR,3,0,208945462,300,17,0.07259,17,0.040647,302,49,4270,2391,6000,,300,,,,constant_speed,normal,0,no_load,cw,A3: rotate CW low speed,servo-app/lab-0.1
1781162630.98356,24.93795132637024,A3_ROTATE_ONE_DIR,A3_ROTATE_ONE_DIR_R01_20260611_142325,delta-asda-b3-e,1591,RTSO|SO|OE|VE|QS|TR,3,0,209792204,301,16,0.06832,17,0.040647,302,49,4270,2391,6000,,300,,,,constant_speed,normal,0,no_load,cw,A3: rotate CW low speed,servo-app/lab-0.1
1781162631.084326,25.03871726989746,A3_ROTATE_ONE_DIR,A3_ROTATE_ONE_DIR_R01_20260611_142325,delta-asda-b3-e,1591,RTSO|SO|OE|VE|QS|TR,3,0,210640191,300,17,0.07259,19,0.045429,302,49,4270,2391,6000,,300,,,,constant_speed,normal,0,no_load,cw,A3: rotate CW low speed,servo-app/lab-0.1
1781162631.1844347,25.1388258934021,A3_ROTATE_ONE_DIR,A3_ROTATE_ONE_DIR_R01_20260611_142325,delta-asda-b3-e,1591,RTSO|SO|OE|VE|QS|TR,3,0,211477908,300,20,0.0854,21,0.050211,302,49,4270,2391,6000,,300,,,,constant_speed,normal,0,no_load,cw,A3: rotate CW low speed,servo-app/lab-0.1
1781162631.2845674,25.238958597183228,A3_ROTATE_ONE_DIR,A3_ROTATE_ONE_DIR_R01_20260611_142325,delta-asda-b3-e,1591,RTSO|SO|OE|VE|QS|TR,3,0,212317127,299,18,0.07686,17,0.040647,302,49,4270,2391,6000,,300,,,,constant_speed,normal,0,no_load,cw,A3: rotate CW low speed,servo-app/lab-0.1
1781162631.3846884,25.33907961845398,A3_ROTATE_ONE_DIR,A3_ROTATE_ONE_DIR_R01_20260611_142325,delta-asda-b3-e,1591,RTSO|SO|OE|VE|QS|TR,3,0,213155978,301,15,0.06405,14,0.033474,302,49,4270,2391,6000,,300,,,,constant_speed,normal,0,no_load,cw,A3: rotate CW low speed,servo-app/lab-0.1
1781162631.484884,25.43927526473999,A3_ROTATE_ONE_DIR,A3_ROTATE_ONE_DIR_R01_20260611_142325,delta-asda-b3-e,1591,RTSO|SO|OE|VE|QS|TR,3,0,213995159,300,18,0.07686,18,0.043038,302,49,4270,2391,6000,,300,,,,constant_speed,normal,0,no_load,cw,A3: rotate CW low speed,servo-app/lab-0.1
1781162631.584997,25.539388179779053,A3_ROTATE_ONE_DIR,A3_ROTATE_ONE_DIR_R01_20260611_142325,delta-asda-b3-e,1591,RTSO|SO|OE|VE|QS|TR,3,0,214833549,300,19,0.08113,19,0.045429,302,49,4270,2391,6000,,300,,,,constant_speed,normal,0,no_load,cw,A3: rotate CW low speed,servo-app/lab-0.1
1781162631.685176,25.639567136764526,A3_ROTATE_ONE_DIR,A3_ROTATE_ONE_DIR_R01_20260611_142325,delta-asda-b3-e,1591,RTSO|SO|OE|VE|QS|TR,3,0,215672207,299,19,0.08113,18,0.043038,302,49,4270,2391,6000,,300,,,,constant_speed,normal,0,no_load,cw,A3: rotate CW low speed,servo-app/lab-0.1
1781162631.7852805,25.73967170715332,A3_ROTATE_ONE_DIR,A3_ROTATE_ONE_DIR_R01_20260611_142325,delta-asda-b3-e,1591,RTSO|SO|OE|VE|QS|TR,3,0,216510986,300,15,0.06405,15,0.035865,302,49,4270,2391,6000,,300,,,,constant_speed,normal,0,no_load,cw,A3: rotate CW low speed,servo-app/lab-0.1
1781162631.8854983,25.839889526367188,A3_ROTATE_ONE_DIR,A3_ROTATE_ONE_DIR_R01_20260611_142325,delta-asda-b3-e,1591,RTSO|SO|OE|VE|QS|TR,3,0,217359011,300,16,0.06832,15,0.035865,302,49,4270,2391,6000,,300,,,,constant_speed,normal,0,no_load,cw,A3: rotate CW low speed,servo-app/lab-0.1
1781162631.985696,25.94008731842041,A3_ROTATE_ONE_DIR,A3_ROTATE_ONE_DIR_R01_20260611_142325,delta-asda-b3-e,1591,RTSO|SO|OE|VE|QS|TR,3,0,218188555,300,20,0.0854,20,0.04782,301,49,4270,2391,6000,,300,,,,constant_speed,normal,0,no_load,cw,A3: rotate CW low speed,servo-app/lab-0.1
1781162632.086688,26.04107928276062,A3_ROTATE_ONE_DIR,A3_ROTATE_ONE_DIR_R01_20260611_142325,delta-asda-b3-e,1591,RTSO|SO|OE|VE|QS|TR,3,0,219044641,300,19,0.08113,18,0.043038,302,49,4270,2391,6000,,300,,,,constant_speed,normal,0,no_load,cw,A3: rotate CW low speed,servo-app/lab-0.1
1781162632.1872032,26.141594409942627,A3_ROTATE_ONE_DIR,A3_ROTATE_ONE_DIR_R01_20260611_142325,delta-asda-b3-e,1591,RTSO|SO|OE|VE|QS|TR,3,0,219891171,300,17,0.07259,17,0.040647,302,49,4270,2391,6000,,300,,,,constant_speed,normal,0,no_load,cw,A3: rotate CW low speed,servo-app/lab-0.1
1781162632.287601,26.241992235183716,A3_ROTATE_ONE_DIR,A3_ROTATE_ONE_DIR_R01_20260611_142325,delta-asda-b3-e,1591,RTSO|SO|OE|VE|QS|TR,3,0,220730732,300,16,0.06832,18,0.043038,302,49,4270,2391,6000,,300,,,,constant_speed,normal,0,no_load,cw,A3: rotate CW low speed,servo-app/lab-0.1
1781162632.388245,26.342636346817017,A3_ROTATE_ONE_DIR,A3_ROTATE_ONE_DIR_R01_20260611_142325,delta-asda-b3-e,1591,RTSO|SO|OE|VE|QS|TR,3,0,221569176,301,18,0.07686,19,0.045429,302,49,4270,2391,6000,,300,,,,constant_speed,normal,0,no_load,cw,A3: rotate CW low speed,servo-app/lab-0.1
1781162632.4897428,26.4441339969635,A3_ROTATE_ONE_DIR,A3_ROTATE_ONE_DIR_R01_20260611_142325,delta-asda-b3-e,1591,RTSO|SO|OE|VE|QS|TR,3,0,222424843,299,21,0.08967,20,0.04782,302,49,4270,2391,6000,,300,,,,constant_speed,normal,0,no_load,cw,A3: rotate CW low speed,servo-app/lab-0.1
1781162632.5903873,26.54477858543396,A3_ROTATE_ONE_DIR,A3_ROTATE_ONE_DIR_R01_20260611_142325,delta-asda-b3-e,1591,RTSO|SO|OE|VE|QS|TR,3,0,223272107,300,16,0.06832,15,0.035865,302,49,4270,2391,6000,,300,,,,constant_speed,normal,0,no_load,cw,A3: rotate CW low speed,servo-app/lab-0.1
1781162632.6909754,26.645366668701172,A3_ROTATE_ONE_DIR,A3_ROTATE_ONE_DIR_R01_20260611_142325,delta-asda-b3-e,1591,RTSO|SO|OE|VE|QS|TR,3,0,224110879,299,20,0.0854,19,0.045429,302,49,4270,2391,6000,,300,,,,constant_speed,normal,0,no_load,cw,A3: rotate CW low speed,servo-app/lab-0.1
1781162632.7913756,26.74576687812805,A3_ROTATE_ONE_DIR,A3_ROTATE_ONE_DIR_R01_20260611_142325,delta-asda-b3-e,1591,RTSO|SO|OE|VE|QS|TR,3,0,224957660,300,19,0.08113,20,0.04782,302,49,4270,2391,6000,,300,,,,constant_speed,normal,0,no_load,cw,A3: rotate CW low speed,servo-app/lab-0.1
1781162632.8915267,26.84591794013977,A3_ROTATE_ONE_DIR,A3_ROTATE_ONE_DIR_R01_20260611_142325,delta-asda-b3-e,1591,RTSO|SO|OE|VE|QS|TR,3,0,225796844,300,19,0.08113,19,0.045429,302,49,4270,2391,6000,,300,,,,constant_speed,normal,0,no_load,cw,A3: rotate CW low speed,servo-app/lab-0.1
1781162632.9920537,26.946444988250732,A3_ROTATE_ONE_DIR,A3_ROTATE_ONE_DIR_R01_20260611_142325,delta-asda-b3-e,1591,RTSO|SO|OE|VE|QS|TR,3,0,226635352,300,18,0.07686,18,0.043038,301,49,4270,2391,6000,,300,,,,constant_speed,normal,0,no_load,cw,A3: rotate CW low speed,servo-app/lab-0.1
1781162633.0926096,27.047000885009766,A3_ROTATE_ONE_DIR,A3_ROTATE_ONE_DIR_R01_20260611_142325,delta-asda-b3-e,1591,RTSO|SO|OE|VE|QS|TR,3,0,227482955,299,19,0.08113,20,0.04782,302,49,4270,2391,6000,,300,,,,constant_speed,normal,0,no_load,cw,A3: rotate CW low speed,servo-app/lab-0.1
1781162633.192698,27.14708924293518,A3_ROTATE_ONE_DIR,A3_ROTATE_ONE_DIR_R01_20260611_142325,delta-asda-b3-e,1591,RTSO|SO|OE|VE|QS|TR,3,0,228321017,300,19,0.08113,22,0.052602,301,49,4270,2391,6000,,300,,,,constant_speed,normal,0,no_load,cw,A3: rotate CW low speed,servo-app/lab-0.1
1781162633.2930706,27.247461795806885,A3_ROTATE_ONE_DIR,A3_ROTATE_ONE_DIR_R01_20260611_142325,delta-asda-b3-e,1591,RTSO|SO|OE|VE|QS|TR,3,0,229159991,299,20,0.0854,21,0.050211,302,49,4270,2391,6000,,300,,,,constant_speed,normal,0,no_load,cw,A3: rotate CW low speed,servo-app/lab-0.1
1781162633.3938906,27.348281860351562,A3_ROTATE_ONE_DIR,A3_ROTATE_ONE_DIR_R01_20260611_142325,delta-asda-b3-e,1591,RTSO|SO|OE|VE|QS|TR,3,0,230007567,301,14,0.05978,15,0.035865,301,49,4270,2391,6000,,300,,,,constant_speed,normal,0,no_load,cw,A3: rotate CW low speed,servo-app/lab-0.1
1781162633.494421,27.448812246322632,A3_ROTATE_ONE_DIR,A3_ROTATE_ONE_DIR_R01_20260611_142325,delta-asda-b3-e,1591,RTSO|SO|OE|VE|QS|TR,3,0,230854634,299,19,0.08113,19,0.045429,301,49,4270,2391,6000,,300,,,,constant_speed,normal,0,no_load,cw,A3: rotate CW low speed,servo-app/lab-0.1
1781162633.5944865,27.548877716064453,A3_ROTATE_ONE_DIR,A3_ROTATE_ONE_DIR_R01_20260611_142325,delta-asda-b3-e,1591,RTSO|SO|OE|VE|QS|TR,3,0,231693270,300,20,0.0854,20,0.04782,301,49,4270,2391,6000,,300,,,,constant_speed,normal,0,no_load,cw,A3: rotate CW low speed,servo-app/lab-0.1
1781162633.6950285,27.6494197845459,A3_ROTATE_ONE_DIR,A3_ROTATE_ONE_DIR_R01_20260611_142325,delta-asda-b3-e,1591,RTSO|SO|OE|VE|QS|TR,3,0,232531748,299,20,0.0854,19,0.045429,301,49,4270,2391,6000,,300,,,,constant_speed,normal,0,no_load,cw,A3: rotate CW low speed,servo-app/lab-0.1
1781162633.795234,27.749625205993652,A3_ROTATE_ONE_DIR,A3_ROTATE_ONE_DIR_R01_20260611_142325,delta-asda-b3-e,1591,RTSO|SO|OE|VE|QS|TR,3,0,233370847,300,16,0.06832,16,0.038256,302,49,4270,2391,6000,,300,,,,constant_speed,normal,0,no_load,cw,A3: rotate CW low speed,servo-app/lab-0.1
1781162633.8958285,27.8502197265625,A3_ROTATE_ONE_DIR,A3_ROTATE_ONE_DIR_R01_20260611_142325,delta-asda-b3-e,1591,RTSO|SO|OE|VE|QS|TR,3,0,234218558,300,17,0.07259,16,0.038256,302,49,4270,2391,6000,,300,,,,constant_speed,normal,0,no_load,cw,A3: rotate CW low speed,servo-app/lab-0.1
1781162633.99608,27.95047116279602,A3_ROTATE_ONE_DIR,A3_ROTATE_ONE_DIR_R01_20260611_142325,delta-asda-b3-e,1591,RTSO|SO|OE|VE|QS|TR,3,0,235056660,300,20,0.0854,18,0.043038,302,49,4270,2391,6000,,300,,,,constant_speed,normal,0,no_load,cw,A3: rotate CW low speed,servo-app/lab-0.1
1781162634.0962596,28.05065083503723,A3_ROTATE_ONE_DIR,A3_ROTATE_ONE_DIR_R01_20260611_142325,delta-asda-b3-e,1591,RTSO|SO|OE|VE|QS|TR,3,0,235887351,299,20,0.0854,19,0.045429,302,49,4270,2391,6000,,300,,,,constant_speed,normal,0,no_load,cw,A3: rotate CW low speed,servo-app/lab-0.1
1781162634.1965349,28.150926113128662,A3_ROTATE_ONE_DIR,A3_ROTATE_ONE_DIR_R01_20260611_142325,delta-asda-b3-e,1591,RTSO|SO|OE|VE|QS|TR,3,0,236742632,300,16,0.06832,17,0.040647,302,49,4270,2391,6000,,300,,,,constant_speed,normal,0,no_load,cw,A3: rotate CW low speed,servo-app/lab-0.1
1781162634.2976208,28.252012014389038,A3_ROTATE_ONE_DIR,A3_ROTATE_ONE_DIR_R01_20260611_142325,delta-asda-b3-e,1591,RTSO|SO|OE|VE|QS|TR,3,0,237590261,299,18,0.07686,18,0.043038,302,49,4270,2391,6000,,300,,,,constant_speed,normal,0,no_load,cw,A3: rotate CW low speed,servo-app/lab-0.1
1781162634.3982427,28.352633953094482,A3_ROTATE_ONE_DIR,A3_ROTATE_ONE_DIR_R01_20260611_142325,delta-asda-b3-e,1591,RTSO|SO|OE|VE|QS|TR,3,0,238429090,301,20,0.0854,19,0.045429,301,49,4270,2391,6000,,300,,,,constant_speed,normal,0,no_load,cw,A3: rotate CW low speed,servo-app/lab-0.1
1781162634.498782,28.45317316055298,A3_ROTATE_ONE_DIR,A3_ROTATE_ONE_DIR_R01_20260611_142325,delta-asda-b3-e,1591,RTSO|SO|OE|VE|QS|TR,3,0,239275881,299,22,0.09394,21,0.050211,301,49,4270,2391,6000,,300,,,,constant_speed,normal,0,no_load,cw,A3: rotate CW low speed,servo-app/lab-0.1
1781162634.5989454,28.55333662033081,A3_ROTATE_ONE_DIR,A3_ROTATE_ONE_DIR_R01_20260611_142325,delta-asda-b3-e,1591,RTSO|SO|OE|VE|QS|TR,3,0,240115043,300,16,0.06832,16,0.038256,301,49,4270,2391,6000,,300,,,,constant_speed,normal,0,no_load,cw,A3: rotate CW low speed,servo-app/lab-0.1
1781162634.699577,28.653968334197998,A3_ROTATE_ONE_DIR,A3_ROTATE_ONE_DIR_R01_20260611_142325,delta-asda-b3-e,1591,RTSO|SO|OE|VE|QS|TR,3,0,240961990,299,19,0.08113,17,0.040647,301,49,4270,2391,6000,,300,,,,constant_speed,normal,0,no_load,cw,A3: rotate CW low speed,servo-app/lab-0.1
1781162634.7996814,28.754072666168213,A3_ROTATE_ONE_DIR,A3_ROTATE_ONE_DIR_R01_20260611_142325,delta-asda-b3-e,1591,RTSO|SO|OE|VE|QS|TR,3,0,241800747,300,19,0.08113,19,0.045429,302,49,4270,2391,6000,,300,,,,constant_speed,normal,0,no_load,cw,A3: rotate CW low speed,servo-app/lab-0.1
1781162634.900171,28.854562282562256,A3_ROTATE_ONE_DIR,A3_ROTATE_ONE_DIR_R01_20260611_142325,delta-asda-b3-e,1591,RTSO|SO|OE|VE|QS|TR,3,0,242639660,299,21,0.08967,20,0.04782,302,49,4270,2391,6000,,300,,,,constant_speed,normal,0,no_load,cw,A3: rotate CW low speed,servo-app/lab-0.1
1781162635.0002358,28.95462703704834,A3_ROTATE_ONE_DIR,A3_ROTATE_ONE_DIR_R01_20260611_142325,delta-asda-b3-e,1591,RTSO|SO|OE|VE|QS|TR,3,0,243478334,300,19,0.08113,18,0.043038,301,49,4270,2391,6000,,300,,,,constant_speed,normal,0,no_load,cw,A3: rotate CW low speed,servo-app/lab-0.1
1781162635.1006372,29.055028438568115,A3_ROTATE_ONE_DIR,A3_ROTATE_ONE_DIR_R01_20260611_142325,delta-asda-b3-e,1591,RTSO|SO|OE|VE|QS|TR,3,0,244325579,298,18,0.07686,19,0.045429,302,49,4270,2391,6000,,300,,,,constant_speed,normal,0,no_load,cw,A3: rotate CW low speed,servo-app/lab-0.1
1781162635.2012808,29.155672073364258,A3_ROTATE_ONE_DIR,A3_ROTATE_ONE_DIR_R01_20260611_142325,delta-asda-b3-e,1591,RTSO|SO|OE|VE|QS|TR,3,0,245164147,300,20,0.0854,19,0.045429,301,49,4270,2391,6000,,300,,,,constant_speed,normal,0,no_load,cw,A3: rotate CW low speed,servo-app/lab-0.1
1781162635.3021166,29.256507873535156,A3_ROTATE_ONE_DIR,A3_ROTATE_ONE_DIR_R01_20260611_142325,delta-asda-b3-e,1591,RTSO|SO|OE|VE|QS|TR,3,0,246011119,299,22,0.09394,22,0.052602,302,49,4270,2391,6000,,300,,,,constant_speed,normal,0,no_load,cw,A3: rotate CW low speed,servo-app/lab-0.1
1781162635.402789,29.35718035697937,A3_ROTATE_ONE_DIR,A3_ROTATE_ONE_DIR_R01_20260611_142325,delta-asda-b3-e,1591,RTSO|SO|OE|VE|QS|TR,3,0,246859038,300,13,0.05551,15,0.035865,302,49,4270,2391,6000,,300,,,,constant_speed,normal,0,no_load,cw,A3: rotate CW low speed,servo-app/lab-0.1
1781162635.5033045,29.457695722579956,A3_ROTATE_ONE_DIR,A3_ROTATE_ONE_DIR_R01_20260611_142325,delta-asda-b3-e,1591,RTSO|SO|OE|VE|QS|TR,3,0,247697293,298,17,0.07259,18,0.043038,302,49,4270,2391,6000,,300,,,,constant_speed,normal,0,no_load,cw,A3: rotate CW low speed,servo-app/lab-0.1
1781162635.6038256,29.55821681022644,A3_ROTATE_ONE_DIR,A3_ROTATE_ONE_DIR_R01_20260611_142325,delta-asda-b3-e,1591,RTSO|SO|OE|VE|QS|TR,3,0,248544553,299,19,0.08113,19,0.045429,302,49,4270,2391,6000,,300,,,,constant_speed,normal,0,no_load,cw,A3: rotate CW low speed,servo-app/lab-0.1
1781162635.7042649,29.658656120300293,A3_ROTATE_ONE_DIR,A3_ROTATE_ONE_DIR_R01_20260611_142325,delta-asda-b3-e,1591,RTSO|SO|OE|VE|QS|TR,3,0,249382955,299,19,0.08113,20,0.04782,301,49,4270,2391,6000,,300,,,,constant_speed,normal,0,no_load,cw,A3: rotate CW low speed,servo-app/lab-0.1
1781162635.8047185,29.75910973548889,A3_ROTATE_ONE_DIR,A3_ROTATE_ONE_DIR_R01_20260611_142325,delta-asda-b3-e,1591,RTSO|SO|OE|VE|QS|TR,3,0,250230723,300,15,0.06405,14,0.033474,302,49,4270,2391,6000,,300,,,,constant_speed,normal,0,no_load,cw,A3: rotate CW low speed,servo-app/lab-0.1
1781162635.904897,29.859288215637207,A3_ROTATE_ONE_DIR,A3_ROTATE_ONE_DIR_R01_20260611_142325,delta-asda-b3-e,1591,RTSO|SO|OE|VE|QS|TR,3,0,251078056,299,17,0.07259,15,0.035865,301,49,4270,2391,6000,,300,,,,constant_speed,normal,0,no_load,cw,A3: rotate CW low speed,servo-app/lab-0.1
1781162636.0050333,29.95942449569702,A3_ROTATE_ONE_DIR,A3_ROTATE_ONE_DIR_R01_20260611_142325,delta-asda-b3-e,1591,RTSO|SO|OE|VE|QS|TR,3,0,251908042,300,19,0.08113,17,0.040647,302,49,4270,2391,6000,,300,,,,constant_speed,normal,0,no_load,cw,A3: rotate CW low speed,servo-app/lab-0.1
1781162636.1052787,30.059669971466064,A3_ROTATE_ONE_DIR,A3_ROTATE_ONE_DIR_R01_20260611_142325,delta-asda-b3-e,1591,RTSO|SO|OE|VE|QS|TR,3,0,252754988,299,20,0.0854,20,0.04782,301,49,4270,2391,6000,,300,,,,constant_speed,normal,0,no_load,cw,A3: rotate CW low speed,servo-app/lab-0.1
1781162636.205744,30.16013526916504,A3_ROTATE_ONE_DIR,A3_ROTATE_ONE_DIR_R01_20260611_142325,delta-asda-b3-e,1591,RTSO|SO|OE|VE|QS|TR,3,0,253594230,301,15,0.06405,14,0.033474,301,49,4270,2391,6000,,300,,,,constant_speed,normal,0,no_load,cw,A3: rotate CW low speed,servo-app/lab-0.1
1781162636.3059437,30.260334968566895,A3_ROTATE_ONE_DIR,A3_ROTATE_ONE_DIR_R01_20260611_142325,delta-asda-b3-e,1591,RTSO|SO|OE|VE|QS|TR,3,0,254432977,299,17,0.07259,17,0.040647,302,49,4270,2391,6000,,300,,,,constant_speed,normal,0,no_load,cw,A3: rotate CW low speed,servo-app/lab-0.1
1781162636.4062343,30.360625505447388,A3_ROTATE_ONE_DIR,A3_ROTATE_ONE_DIR_R01_20260611_142325,delta-asda-b3-e,1591,RTSO|SO|OE|VE|QS|TR,3,0,255272102,301,19,0.08113,19,0.045429,301,49,4270,2391,6000,,300,,,,constant_speed,normal,0,no_load,cw,A3: rotate CW low speed,servo-app/lab-0.1
1781162636.506738,30.461129188537598,A3_ROTATE_ONE_DIR,A3_ROTATE_ONE_DIR_R01_20260611_142325,delta-asda-b3-e,1591,RTSO|SO|OE|VE|QS|TR,3,0,256118477,299,22,0.09394,22,0.052602,301,49,4270,2391,6000,,300,,,,constant_speed,normal,0,no_load,cw,A3: rotate CW low speed,servo-app/lab-0.1
1781162636.6071374,30.56152868270874,A3_ROTATE_ONE_DIR,A3_ROTATE_ONE_DIR_R01_20260611_142325,delta-asda-b3-e,1591,RTSO|SO|OE|VE|QS|TR,3,0,256957931,300,16,0.06832,16,0.038256,301,49,4270,2391,6000,,300,,,,constant_speed,normal,0,no_load,cw,A3: rotate CW low speed,servo-app/lab-0.1
1781162636.7075384,30.661929607391357,A3_ROTATE_ONE_DIR,A3_ROTATE_ONE_DIR_R01_20260611_142325,delta-asda-b3-e,1591,RTSO|SO|OE|VE|QS|TR,3,0,257804937,300,16,0.06832,16,0.038256,301,49,4270,2391,6000,,300,,,,constant_speed,normal,0,no_load,cw,A3: rotate CW low speed,servo-app/lab-0.1
1781162636.8076603,30.762051582336426,A3_ROTATE_ONE_DIR,A3_ROTATE_ONE_DIR_R01_20260611_142325,delta-asda-b3-e,1591,RTSO|SO|OE|VE|QS|TR,3,0,258643914,301,17,0.07259,18,0.043038,302,49,4270,2391,6000,,300,,,,constant_speed,normal,0,no_load,cw,A3: rotate CW low speed,servo-app/lab-0.1
1781162636.9080336,30.862424850463867,A3_ROTATE_ONE_DIR,A3_ROTATE_ONE_DIR_R01_20260611_142325,delta-asda-b3-e,1591,RTSO|SO|OE|VE|QS|TR,3,0,259482401,299,20,0.0854,21,0.050211,302,49,4270,2391,6000,,300,,,,constant_speed,normal,0,no_load,cw,A3: rotate CW low speed,servo-app/lab-0.1
1781162637.0086348,30.96302604675293,A3_ROTATE_ONE_DIR,A3_ROTATE_ONE_DIR_R01_20260611_142325,delta-asda-b3-e,1591,RTSO|SO|OE|VE|QS|TR,3,0,260329853,300,16,0.06832,16,0.038256,302,49,4270,2391,6000,,300,,,,constant_speed,normal,0,no_load,cw,A3: rotate CW low speed,servo-app/lab-0.1
1781162637.1090884,31.06347966194153,A3_ROTATE_ONE_DIR,A3_ROTATE_ONE_DIR_R01_20260611_142325,delta-asda-b3-e,1591,RTSO|SO|OE|VE|QS|TR,3,0,261168394,299,18,0.07686,18,0.043038,301,49,4270,2391,6000,,300,,,,constant_speed,normal,0,no_load,cw,A3: rotate CW low speed,servo-app/lab-0.1
1781162637.209525,31.16391634941101,A3_ROTATE_ONE_DIR,A3_ROTATE_ONE_DIR_R01_20260611_142325,delta-asda-b3-e,1591,RTSO|SO|OE|VE|QS|TR,3,0,262015877,301,17,0.07259,17,0.040647,301,49,4270,2391,6000,,300,,,,constant_speed,normal,0,no_load,cw,A3: rotate CW low speed,servo-app/lab-0.1
1781162637.3098361,31.264227390289307,A3_ROTATE_ONE_DIR,A3_ROTATE_ONE_DIR_R01_20260611_142325,delta-asda-b3-e,1591,RTSO|SO|OE|VE|QS|TR,3,0,262845678,299,21,0.08967,20,0.04782,301,49,4270,2391,6000,,300,,,,constant_speed,normal,0,no_load,cw,A3: rotate CW low speed,servo-app/lab-0.1
1781162637.4101071,31.364498376846313,A3_ROTATE_ONE_DIR,A3_ROTATE_ONE_DIR_R01_20260611_142325,delta-asda-b3-e,1591,RTSO|SO|OE|VE|QS|TR,3,0,263693888,300,14,0.05978,15,0.035865,301,49,4270,2391,6000,,300,,,,constant_speed,normal,0,no_load,cw,A3: rotate CW low speed,servo-app/lab-0.1
1781162637.5101717,31.46456289291382,A3_ROTATE_ONE_DIR,A3_ROTATE_ONE_DIR_R01_20260611_142325,delta-asda-b3-e,1591,RTSO|SO|OE|VE|QS|TR,3,0,264531786,299,17,0.07259,18,0.043038,302,49,4270,2391,6000,,300,,,,constant_speed,normal,0,no_load,cw,A3: rotate CW low speed,servo-app/lab-0.1
1781162637.6107688,31.565160036087036,A3_ROTATE_ONE_DIR,A3_ROTATE_ONE_DIR_R01_20260611_142325,delta-asda-b3-e,1591,RTSO|SO|OE|VE|QS|TR,3,0,265379318,300,17,0.07259,19,0.045429,302,49,4270,2391,6000,,300,,,,constant_speed,normal,0,no_load,cw,A3: rotate CW low speed,servo-app/lab-0.1
1781162637.7111535,31.665544748306274,A3_ROTATE_ONE_DIR,A3_ROTATE_ONE_DIR_R01_20260611_142325,delta-asda-b3-e,1591,RTSO|SO|OE|VE|QS|TR,3,0,266217608,299,20,0.0854,22,0.052602,301,49,4270,2391,6000,,300,,,,constant_speed,normal,0,no_load,cw,A3: rotate CW low speed,servo-app/lab-0.1
1781162637.8118143,31.766205549240112,A3_ROTATE_ONE_DIR,A3_ROTATE_ONE_DIR_R01_20260611_142325,delta-asda-b3-e,1591,RTSO|SO|OE|VE|QS|TR,3,0,267065586,300,15,0.06405,17,0.040647,302,49,4270,2391,6000,,300,,,,constant_speed,normal,0,no_load,cw,A3: rotate CW low speed,servo-app/lab-0.1
1781162637.9120314,31.866422653198242,A3_ROTATE_ONE_DIR,A3_ROTATE_ONE_DIR_R01_20260611_142325,delta-asda-b3-e,1591,RTSO|SO|OE|VE|QS|TR,3,0,267904248,299,17,0.07259,15,0.035865,302,49,4270,2391,6000,,300,,,,constant_speed,normal,0,no_load,cw,A3: rotate CW low speed,servo-app/lab-0.1
1781162638.012478,31.966869354248047,A3_ROTATE_ONE_DIR,A3_ROTATE_ONE_DIR_R01_20260611_142325,delta-asda-b3-e,1591,RTSO|SO|OE|VE|QS|TR,3,0,268751162,300,18,0.07686,18,0.043038,302,49,4270,2391,6000,,300,,,,constant_speed,normal,0,no_load,cw,A3: rotate CW low speed,servo-app/lab-0.1
1781162638.112987,32.067378282547,A3_ROTATE_ONE_DIR,A3_ROTATE_ONE_DIR_R01_20260611_142325,delta-asda-b3-e,1591,RTSO|SO|OE|VE|QS|TR,3,0,269589493,299,21,0.08967,22,0.052602,302,49,4270,2391,6000,,300,,,,constant_speed,normal,0,no_load,cw,A3: rotate CW low speed,servo-app/lab-0.1
1781162638.2132397,32.16763091087341,A3_ROTATE_ONE_DIR,A3_ROTATE_ONE_DIR_R01_20260611_142325,delta-asda-b3-e,1591,RTSO|SO|OE|VE|QS|TR,3,0,270429225,301,14,0.05978,15,0.035865,301,49,4270,2391,6000,,300,,,,constant_speed,normal,0,no_load,cw,A3: rotate CW low speed,servo-app/lab-0.1
1781162638.3137805,32.26817178726196,A3_ROTATE_ONE_DIR,A3_ROTATE_ONE_DIR_R01_20260611_142325,delta-asda-b3-e,1591,RTSO|SO|OE|VE|QS|TR,3,0,271275898,299,17,0.07259,16,0.038256,302,49,4270,2391,6000,,300,,,,constant_speed,normal,0,no_load,cw,A3: rotate CW low speed,servo-app/lab-0.1
1781162638.4141414,32.36853265762329,A3_ROTATE_ONE_DIR,A3_ROTATE_ONE_DIR_R01_20260611_142325,delta-asda-b3-e,1591,RTSO|SO|OE|VE|QS|TR,3,0,272115340,301,18,0.07686,16,0.038256,302,49,4270,2391,6000,,300,,,,constant_speed,normal,0,no_load,cw,A3: rotate CW low speed,servo-app/lab-0.1
1781162638.5142448,32.46863603591919,A3_ROTATE_ONE_DIR,A3_ROTATE_ONE_DIR_R01_20260611_142325,delta-asda-b3-e,1591,RTSO|SO|OE|VE|QS|TR,3,0,272952895,299,23,0.09821,21,0.050211,301,49,4270,2391,6000,,300,,,,constant_speed,normal,0,no_load,cw,A3: rotate CW low speed,servo-app/lab-0.1
1781162638.615134,32.56952524185181,A3_ROTATE_ONE_DIR,A3_ROTATE_ONE_DIR_R01_20260611_142325,delta-asda-b3-e,1591,RTSO|SO|OE|VE|QS|TR,3,0,273792737,300,15,0.06405,13,0.031083,302,49,4270,2391,6000,,300,,,,constant_speed,normal,0,no_load,cw,A3: rotate CW low speed,servo-app/lab-0.1
1781162638.7156923,32.67008352279663,A3_ROTATE_ONE_DIR,A3_ROTATE_ONE_DIR_R01_20260611_142325,delta-asda-b3-e,1591,RTSO|SO|OE|VE|QS|TR,3,0,274647947,300,17,0.07259,16,0.038256,301,49,4270,2391,6000,,300,,,,constant_speed,normal,0,no_load,cw,A3: rotate CW low speed,servo-app/lab-0.1
1781162638.8157673,32.770158529281616,A3_ROTATE_ONE_DIR,A3_ROTATE_ONE_DIR_R01_20260611_142325,delta-asda-b3-e,1591,RTSO|SO|OE|VE|QS|TR,3,0,275487103,301,17,0.07259,17,0.040647,301,49,4270,2391,6000,,300,,,,constant_speed,normal,0,no_load,cw,A3: rotate CW low speed,servo-app/lab-0.1
1781162638.9163756,32.87076687812805,A3_ROTATE_ONE_DIR,A3_ROTATE_ONE_DIR_R01_20260611_142325,delta-asda-b3-e,1591,RTSO|SO|OE|VE|QS|TR,3,0,276325199,299,21,0.08967,21,0.050211,302,49,4270,2391,6000,,300,,,,constant_speed,normal,0,no_load,cw,A3: rotate CW low speed,servo-app/lab-0.1
1781162639.0170257,32.97141695022583,A3_ROTATE_ONE_DIR,A3_ROTATE_ONE_DIR_R01_20260611_142325,delta-asda-b3-e,1591,RTSO|SO|OE|VE|QS|TR,3,0,277173104,301,16,0.06832,15,0.035865,302,49,4270,2391,6000,,300,,,,constant_speed,normal,0,no_load,cw,A3: rotate CW low speed,servo-app/lab-0.1
1781162639.1172583,33.0716495513916,A3_ROTATE_ONE_DIR,A3_ROTATE_ONE_DIR_R01_20260611_142325,delta-asda-b3-e,1591,RTSO|SO|OE|VE|QS|TR,3,0,278011267,299,18,0.07686,17,0.040647,301,49,4270,2391,6000,,300,,,,constant_speed,normal,0,no_load,cw,A3: rotate CW low speed,servo-app/lab-0.1
1781162639.2182353,33.17262649536133,A3_ROTATE_ONE_DIR,A3_ROTATE_ONE_DIR_R01_20260611_142325,delta-asda-b3-e,1591,RTSO|SO|OE|VE|QS|TR,3,0,278859360,301,16,0.06832,16,0.038256,301,49,4270,2391,6000,,300,,,,constant_speed,normal,0,no_load,cw,A3: rotate CW low speed,servo-app/lab-0.1
1781162639.31828,33.27267122268677,A3_ROTATE_ONE_DIR,A3_ROTATE_ONE_DIR_R01_20260611_142325,delta-asda-b3-e,1591,RTSO|SO|OE|VE|QS|TR,3,0,279696989,299,22,0.09394,22,0.052602,301,49,4270,2391,6000,,300,,,,constant_speed,normal,0,no_load,cw,A3: rotate CW low speed,servo-app/lab-0.1
1781162639.4188025,33.37319374084473,A3_ROTATE_ONE_DIR,A3_ROTATE_ONE_DIR_R01_20260611_142325,delta-asda-b3-e,1591,RTSO|SO|OE|VE|QS|TR,3,0,280545643,301,18,0.07686,16,0.038256,301,49,4270,2391,6000,,300,,,,constant_speed,normal,0,no_load,cw,A3: rotate CW low speed,servo-app/lab-0.1
1781162639.519249,33.47364020347595,A3_ROTATE_ONE_DIR,A3_ROTATE_ONE_DIR_R01_20260611_142325,delta-asda-b3-e,1591,RTSO|SO|OE|VE|QS|TR,3,0,281383102,299,20,0.0854,18,0.043038,301,49,4270,2391,6000,,300,,,,constant_speed,normal,0,no_load,cw,A3: rotate CW low speed,servo-app/lab-0.1
1781162639.6199849,33.57437610626221,A3_ROTATE_ONE_DIR,A3_ROTATE_ONE_DIR_R01_20260611_142325,delta-asda-b3-e,1591,RTSO|SO|OE|VE|QS|TR,3,0,282231073,300,18,0.07686,18,0.043038,301,49,4270,2391,6000,,300,,,,constant_speed,normal,0,no_load,cw,A3: rotate CW low speed,servo-app/lab-0.1
1781162639.721118,33.675509214401245,A3_ROTATE_ONE_DIR,A3_ROTATE_ONE_DIR_R01_20260611_142325,delta-asda-b3-e,1591,RTSO|SO|OE|VE|QS|TR,3,0,283077495,300,21,0.08967,22,0.052602,301,49,4270,2391,6000,,300,,,,constant_speed,normal,0,no_load,cw,A3: rotate CW low speed,servo-app/lab-0.1
1781162639.8211827,33.77557396888733,A3_ROTATE_ONE_DIR,A3_ROTATE_ONE_DIR_R01_20260611_142325,delta-asda-b3-e,1591,RTSO|SO|OE|VE|QS|TR,3,0,283917409,301,16,0.06832,17,0.040647,302,49,4270,2391,6000,,300,,,,constant_speed,normal,0,no_load,cw,A3: rotate CW low speed,servo-app/lab-0.1
1781162639.92202,33.8764111995697,A3_ROTATE_ONE_DIR,A3_ROTATE_ONE_DIR_R01_20260611_142325,delta-asda-b3-e,1591,RTSO|SO|OE|VE|QS|TR,3,0,284763843,299,18,0.07686,18,0.043038,302,49,4270,2391,6000,,300,,,,constant_speed,normal,0,no_load,cw,A3: rotate CW low speed,servo-app/lab-0.1
1781162640.0221255,33.97651672363281,A3_ROTATE_ONE_DIR,A3_ROTATE_ONE_DIR_R01_20260611_142325,delta-asda-b3-e,1591,RTSO|SO|OE|VE|QS|TR,3,0,285602912,300,16,0.06832,18,0.043038,301,49,4270,2391,6000,,300,,,,constant_speed,normal,0,no_load,cw,A3: rotate CW low speed,servo-app/lab-0.1
1781162640.1223238,34.07671499252319,A3_ROTATE_ONE_DIR,A3_ROTATE_ONE_DIR_R01_20260611_142325,delta-asda-b3-e,1591,RTSO|SO|OE|VE|QS|TR,3,0,286440858,299,21,0.08967,21,0.050211,302,49,4270,2391,6000,,300,,,,constant_speed,normal,0,no_load,cw,A3: rotate CW low speed,servo-app/lab-0.1
1781162640.2228603,34.17725157737732,A3_ROTATE_ONE_DIR,A3_ROTATE_ONE_DIR_R01_20260611_142325,delta-asda-b3-e,1591,RTSO|SO|OE|VE|QS|TR,3,0,287289584,301,15,0.06405,14,0.033474,301,49,4270,2391,6000,,300,,,,constant_speed,normal,0,no_load,cw,A3: rotate CW low speed,servo-app/lab-0.1
1781162640.3233511,34.27774238586426,A3_ROTATE_ONE_DIR,A3_ROTATE_ONE_DIR_R01_20260611_142325,delta-asda-b3-e,1591,RTSO|SO|OE|VE|QS|TR,3,0,288127206,299,17,0.07259,16,0.038256,301,49,4270,2391,6000,,300,,,,constant_speed,normal,0,no_load,cw,A3: rotate CW low speed,servo-app/lab-0.1
1781162640.4238462,34.37823748588562,A3_ROTATE_ONE_DIR,A3_ROTATE_ONE_DIR_R01_20260611_142325,delta-asda-b3-e,1591,RTSO|SO|OE|VE|QS|TR,3,0,288975365,301,19,0.08113,17,0.040647,302,49,4270,2391,6000,,300,,,,constant_speed,normal,0,no_load,cw,A3: rotate CW low speed,servo-app/lab-0.1
1781162640.524124,34.47851514816284,A3_ROTATE_ONE_DIR,A3_ROTATE_ONE_DIR_R01_20260611_142325,delta-asda-b3-e,1591,RTSO|SO|OE|VE|QS|TR,3,0,289812522,299,23,0.09821,22,0.052602,302,49,4270,2391,6000,,300,,,,constant_speed,normal,0,no_load,cw,A3: rotate CW low speed,servo-app/lab-0.1
1781162640.624418,34.57880926132202,A3_ROTATE_ONE_DIR,A3_ROTATE_ONE_DIR_R01_20260611_142325,delta-asda-b3-e,1591,RTSO|SO|OE|VE|QS|TR,3,0,290661358,301,18,0.07686,17,0.040647,301,49,4270,2391,6000,,300,,,,constant_speed,normal,0,no_load,cw,A3: rotate CW low speed,servo-app/lab-0.1
1781162640.7245042,34.678895473480225,A3_ROTATE_ONE_DIR,A3_ROTATE_ONE_DIR_R01_20260611_142325,delta-asda-b3-e,1591,RTSO|SO|OE|VE|QS|TR,3,0,291490941,300,17,0.07259,17,0.040647,301,49,4270,2391,6000,,300,,,,constant_speed,normal,0,no_load,cw,A3: rotate CW low speed,servo-app/lab-0.1
1781162640.824571,34.77896213531494,A3_ROTATE_ONE_DIR,A3_ROTATE_ONE_DIR_R01_20260611_142325,delta-asda-b3-e,1591,RTSO|SO|OE|VE|QS|TR,3,0,292338777,301,17,0.07259,17,0.040647,302,49,4270,2391,6000,,300,,,,constant_speed,normal,0,no_load,cw,A3: rotate CW low speed,servo-app/lab-0.1
1781162640.9251006,34.87949180603027,A3_ROTATE_ONE_DIR,A3_ROTATE_ONE_DIR_R01_20260611_142325,delta-asda-b3-e,1591,RTSO|SO|OE|VE|QS|TR,3,0,293176408,299,23,0.09821,22,0.052602,302,49,4270,2391,6000,,300,,,,constant_speed,normal,0,no_load,cw,A3: rotate CW low speed,servo-app/lab-0.1
1781162641.025184,34.97957515716553,A3_ROTATE_ONE_DIR,A3_ROTATE_ONE_DIR_R01_20260611_142325,delta-asda-b3-e,1591,RTSO|SO|OE|VE|QS|TR,3,0,294016252,301,17,0.07259,17,0.040647,302,49,4270,2391,6000,,300,,,,constant_speed,normal,0,no_load,cw,A3: rotate CW low speed,servo-app/lab-0.1
1781162641.1254423,35.07983350753784,A3_ROTATE_ONE_DIR,A3_ROTATE_ONE_DIR_R01_20260611_142325,delta-asda-b3-e,1591,RTSO|SO|OE|VE|QS|TR,3,0,294862495,299,19,0.08113,18,0.043038,301,49,4270,2391,6000,,300,,,,constant_speed,normal,0,no_load,cw,A3: rotate CW low speed,servo-app/lab-0.1
1781162641.2262363,35.1806275844574,A3_ROTATE_ONE_DIR,A3_ROTATE_ONE_DIR_R01_20260611_142325,delta-asda-b3-e,1591,RTSO|SO|OE|VE|QS|TR,3,0,295719468,301,18,0.07686,16,0.038256,301,49,4270,2391,6000,,300,,,,constant_speed,normal,0,no_load,cw,A3: rotate CW low speed,servo-app/lab-0.1
1781162641.3265843,35.280975580215454,A3_ROTATE_ONE_DIR,A3_ROTATE_ONE_DIR_R01_20260611_142325,delta-asda-b3-e,1591,RTSO|SO|OE|VE|QS|TR,3,0,296548185,299,23,0.09821,22,0.052602,301,49,4270,2391,6000,,300,,,,constant_speed,normal,0,no_load,cw,A3: rotate CW low speed,servo-app/lab-0.1
1781162641.4272232,35.381614446640015,A3_ROTATE_ONE_DIR,A3_ROTATE_ONE_DIR_R01_20260611_142325,delta-asda-b3-e,1591,RTSO|SO|OE|VE|QS|TR,3,0,297388782,300,18,0.07686,18,0.043038,301,49,4270,2391,6000,,300,,,,constant_speed,normal,0,no_load,cw,A3: rotate CW low speed,servo-app/lab-0.1
1781162641.5276241,35.48201537132263,A3_ROTATE_ONE_DIR,A3_ROTATE_ONE_DIR_R01_20260611_142325,delta-asda-b3-e,1591,RTSO|SO|OE|VE|QS|TR,3,0,298234353,299,20,0.0854,19,0.045429,301,49,4270,2391,6000,,300,,,,constant_speed,normal,0,no_load,cw,A3: rotate CW low speed,servo-app/lab-0.1
1781162641.6282222,35.582613468170166,A3_ROTATE_ONE_DIR,A3_ROTATE_ONE_DIR_R01_20260611_142325,delta-asda-b3-e,1591,RTSO|SO|OE|VE|QS|TR,3,0,299074312,300,19,0.08113,19,0.045429,302,49,4270,2391,6000,,300,,,,constant_speed,normal,0,no_load,cw,A3: rotate CW low speed,servo-app/lab-0.1
1781162641.7283103,35.682701587677,A3_ROTATE_ONE_DIR,A3_ROTATE_ONE_DIR_R01_20260611_142325,delta-asda-b3-e,1591,RTSO|SO|OE|VE|QS|TR,3,0,299912116,300,23,0.09821,22,0.052602,301,49,4270,2391,6000,,300,,,,constant_speed,normal,0,no_load,cw,A3: rotate CW low speed,servo-app/lab-0.1
1781162641.8286767,35.78306794166565,A3_ROTATE_ONE_DIR,A3_ROTATE_ONE_DIR_R01_20260611_142325,delta-asda-b3-e,1591,RTSO|SO|OE|VE|QS|TR,3,0,300760492,300,18,0.07686,17,0.040647,302,49,4270,2391,6000,,300,,,,constant_speed,normal,0,no_load,cw,A3: rotate CW low speed,servo-app/lab-0.1
1781162641.9322293,35.88662052154541,A3_ROTATE_ONE_DIR,A3_ROTATE_ONE_DIR_R01_20260611_142325,delta-asda-b3-e,1591,RTSO|SO|OE|VE|QS|TR,3,0,301623306,299,17,0.07259,17,0.040647,301,49,4270,2391,6000,,300,,,,constant_speed,normal,0,no_load,cw,A3: rotate CW low speed,servo-app/lab-0.1
1781162642.0329757,35.987366914749146,A3_ROTATE_ONE_DIR,A3_ROTATE_ONE_DIR_R01_20260611_142325,delta-asda-b3-e,1591,RTSO|SO|OE|VE|QS|TR,3,0,302471198,300,17,0.07259,16,0.038256,301,49,4270,2391,6000,,300,,,,constant_speed,normal,0,no_load,cw,A3: rotate CW low speed,servo-app/lab-0.1
1781162642.1337726,36.08816385269165,A3_ROTATE_ONE_DIR,A3_ROTATE_ONE_DIR_R01_20260611_142325,delta-asda-b3-e,1591,RTSO|SO|OE|VE|QS|TR,3,0,303317193,300,21,0.08967,20,0.04782,301,49,4270,2391,6000,,300,,,,constant_speed,normal,0,no_load,cw,A3: rotate CW low speed,servo-app/lab-0.1
1781162642.2341447,36.188535928726196,A3_ROTATE_ONE_DIR,A3_ROTATE_ONE_DIR_R01_20260611_142325,delta-asda-b3-e,1591,RTSO|SO|OE|VE|QS|TR,3,0,304157820,301,17,0.07259,17,0.040647,302,49,4270,2391,6000,,300,,,,constant_speed,normal,0,no_load,cw,A3: rotate CW low speed,servo-app/lab-0.1
1781162642.334265,36.28865623474121,A3_ROTATE_ONE_DIR,A3_ROTATE_ONE_DIR_R01_20260611_142325,delta-asda-b3-e,1591,RTSO|SO|OE|VE|QS|TR,3,0,304995073,299,18,0.07686,19,0.045429,301,49,4270,2391,6000,,300,,,,constant_speed,normal,0,no_load,cw,A3: rotate CW low speed,servo-app/lab-0.1
1781162642.4346397,36.38903093338013,A3_ROTATE_ONE_DIR,A3_ROTATE_ONE_DIR_R01_20260611_142325,delta-asda-b3-e,1591,RTSO|SO|OE|VE|QS|TR,3,0,305843425,300,17,0.07259,17,0.040647,301,49,4270,2391,6000,,300,,,,constant_speed,normal,0,no_load,cw,A3: rotate CW low speed,servo-app/lab-0.1
1781162642.5347579,36.48914909362793,A3_ROTATE_ONE_DIR,A3_ROTATE_ONE_DIR_R01_20260611_142325,delta-asda-b3-e,1591,RTSO|SO|OE|VE|QS|TR,3,0,306680708,300,20,0.0854,20,0.04782,301,49,4270,2391,6000,,300,,,,constant_speed,normal,0,no_load,cw,A3: rotate CW low speed,servo-app/lab-0.1
1781162642.635196,36.58958721160889,A3_ROTATE_ONE_DIR,A3_ROTATE_ONE_DIR_R01_20260611_142325,delta-asda-b3-e,1591,RTSO|SO|OE|VE|QS|TR,3,0,307521160,301,18,0.07686,18,0.043038,301,49,4270,2391,6000,,300,,,,constant_speed,normal,0,no_load,cw,A3: rotate CW low speed,servo-app/lab-0.1
1781162642.7352679,36.689659118652344,A3_ROTATE_ONE_DIR,A3_ROTATE_ONE_DIR_R01_20260611_142325,delta-asda-b3-e,1591,RTSO|SO|OE|VE|QS|TR,3,0,308359033,300,18,0.07686,18,0.043038,301,49,4270,2391,6000,,300,,,,constant_speed,normal,0,no_load,cw,A3: rotate CW low speed,servo-app/lab-0.1
1781162642.8355372,36.7899284362793,A3_ROTATE_ONE_DIR,A3_ROTATE_ONE_DIR_R01_20260611_142325,delta-asda-b3-e,1591,RTSO|SO|OE|VE|QS|TR,3,0,309206916,300,17,0.07259,17,0.040647,301,49,4270,2391,6000,,300,,,,constant_speed,normal,0,no_load,cw,A3: rotate CW low speed,servo-app/lab-0.1
1781162642.9361973,36.8905885219574,A3_ROTATE_ONE_DIR,A3_ROTATE_ONE_DIR_R01_20260611_142325,delta-asda-b3-e,1591,RTSO|SO|OE|VE|QS|TR,3,0,310069415,299,20,0.0854,21,0.050211,301,49,4270,2391,6000,,300,,,,constant_speed,normal,0,no_load,cw,A3: rotate CW low speed,servo-app/lab-0.1
1781162643.036593,36.990984201431274,A3_ROTATE_ONE_DIR,A3_ROTATE_ONE_DIR_R01_20260611_142325,delta-asda-b3-e,1591,RTSO|SO|OE|VE|QS|TR,3,0,310893011,300,17,0.07259,17,0.040647,301,49,4270,2391,6000,,300,,,,constant_speed,normal,0,no_load,cw,A3: rotate CW low speed,servo-app/lab-0.1
1781162643.1370068,37.09139800071716,A3_ROTATE_ONE_DIR,A3_ROTATE_ONE_DIR_R01_20260611_142325,delta-asda-b3-e,1591,RTSO|SO|OE|VE|QS|TR,3,0,311730665,300,18,0.07686,18,0.043038,301,49,4270,2391,6000,,300,,,,constant_speed,normal,0,no_load,cw,A3: rotate CW low speed,servo-app/lab-0.1
1781162643.2373264,37.19171762466431,A3_ROTATE_ONE_DIR,A3_ROTATE_ONE_DIR_R01_20260611_142325,delta-asda-b3-e,1591,RTSO|SO|OE|VE|QS|TR,3,0,312570863,300,15,0.06405,15,0.035865,301,49,4270,2391,6000,,300,,,,constant_speed,normal,0,no_load,cw,A3: rotate CW low speed,servo-app/lab-0.1
1781162643.337891,37.29228234291077,A3_ROTATE_ONE_DIR,A3_ROTATE_ONE_DIR_R01_20260611_142325,delta-asda-b3-e,1591,RTSO|SO|OE|VE|QS|TR,3,0,313416083,299,20,0.0854,22,0.052602,301,49,4270,2391,6000,,300,,,,constant_speed,normal,0,no_load,cw,A3: rotate CW low speed,servo-app/lab-0.1
1781162643.4381907,37.392581939697266,A3_ROTATE_ONE_DIR,A3_ROTATE_ONE_DIR_R01_20260611_142325,delta-asda-b3-e,1591,RTSO|SO|OE|VE|QS|TR,3,0,314256627,300,18,0.07686,17,0.040647,301,49,4270,2391,6000,,300,,,,constant_speed,normal,0,no_load,cw,A3: rotate CW low speed,servo-app/lab-0.1
1781162643.5387545,37.49314570426941,A3_ROTATE_ONE_DIR,A3_ROTATE_ONE_DIR_R01_20260611_142325,delta-asda-b3-e,1591,RTSO|SO|OE|VE|QS|TR,3,0,315102515,300,17,0.07259,18,0.043038,301,49,4270,2391,6000,,300,,,,constant_speed,normal,0,no_load,cw,A3: rotate CW low speed,servo-app/lab-0.1
1781162643.6398416,37.59423279762268,A3_ROTATE_ONE_DIR,A3_ROTATE_ONE_DIR_R01_20260611_142325,delta-asda-b3-e,1591,RTSO|SO|OE|VE|QS|TR,3,0,315950769,300,15,0.06405,16,0.038256,302,49,4270,2391,6000,,300,,,,constant_speed,normal,0,no_load,cw,A3: rotate CW low speed,servo-app/lab-0.1
1781162643.7400525,37.694443702697754,A3_ROTATE_ONE_DIR,A3_ROTATE_ONE_DIR_R01_20260611_142325,delta-asda-b3-e,1591,RTSO|SO|OE|VE|QS|TR,3,0,316788616,300,18,0.07686,20,0.04782,301,49,4270,2391,6000,,300,,,,constant_speed,normal,0,no_load,cw,A3: rotate CW low speed,servo-app/lab-0.1
1781162643.8401668,37.79455804824829,A3_ROTATE_ONE_DIR,A3_ROTATE_ONE_DIR_R01_20260611_142325,delta-asda-b3-e,1591,RTSO|SO|OE|VE|QS|TR,3,0,317628420,300,15,0.06405,18,0.043038,302,49,4270,2391,6000,,300,,,,constant_speed,normal,0,no_load,cw,A3: rotate CW low speed,servo-app/lab-0.1
1781162643.941254,37.89564514160156,A3_ROTATE_ONE_DIR,A3_ROTATE_ONE_DIR_R01_20260611_142325,delta-asda-b3-e,1591,RTSO|SO|OE|VE|QS|TR,3,0,318474675,299,18,0.07686,18,0.043038,301,49,4270,2391,6000,,300,,,,constant_speed,normal,0,no_load,cw,A3: rotate CW low speed,servo-app/lab-0.1
1781162644.0413818,37.99577307701111,A3_ROTATE_ONE_DIR,A3_ROTATE_ONE_DIR_R01_20260611_142325,delta-asda-b3-e,1591,RTSO|SO|OE|VE|QS|TR,3,0,319314375,300,15,0.06405,16,0.038256,301,49,4270,2391,6000,,300,,,,constant_speed,normal,0,no_load,cw,A3: rotate CW low speed,servo-app/lab-0.1
1781162644.1423392,38.09673047065735,A3_ROTATE_ONE_DIR,A3_ROTATE_ONE_DIR_R01_20260611_142325,delta-asda-b3-e,1591,RTSO|SO|OE|VE|QS|TR,3,0,320168784,300,20,0.0854,20,0.04782,301,49,4270,2391,6000,,300,,,,constant_speed,normal,0,no_load,cw,A3: rotate CW low speed,servo-app/lab-0.1
1781162644.2425377,38.19692897796631,A3_ROTATE_ONE_DIR,A3_ROTATE_ONE_DIR_R01_20260611_142325,delta-asda-b3-e,1591,RTSO|SO|OE|VE|QS|TR,3,0,321009242,300,16,0.06832,15,0.035865,301,49,4270,2391,6000,,300,,,,constant_speed,normal,0,no_load,cw,A3: rotate CW low speed,servo-app/lab-0.1
1781162644.3428488,38.297240018844604,A3_ROTATE_ONE_DIR,A3_ROTATE_ONE_DIR_R01_20260611_142325,delta-asda-b3-e,1591,RTSO|SO|OE|VE|QS|TR,3,0,321846492,300,18,0.07686,17,0.040647,301,49,4270,2391,6000,,300,,,,constant_speed,normal,0,no_load,cw,A3: rotate CW low speed,servo-app/lab-0.1
1781162644.4429715,38.39736270904541,A3_ROTATE_ONE_DIR,A3_ROTATE_ONE_DIR_R01_20260611_142325,delta-asda-b3-e,1591,RTSO|SO|OE|VE|QS|TR,3,0,322686328,300,15,0.06405,15,0.035865,301,49,4270,2391,6000,,300,,,,constant_speed,normal,0,no_load,cw,A3: rotate CW low speed,servo-app/lab-0.1
1781162644.5435586,38.497949838638306,A3_ROTATE_ONE_DIR,A3_ROTATE_ONE_DIR_R01_20260611_142325,delta-asda-b3-e,1591,RTSO|SO|OE|VE|QS|TR,3,0,323523960,301,17,0.07259,18,0.043038,301,49,4270,2391,6000,,300,,,,constant_speed,normal,0,no_load,cw,A3: rotate CW low speed,servo-app/lab-0.1
1781162644.6436434,38.598034620285034,A3_ROTATE_ONE_DIR,A3_ROTATE_ONE_DIR_R01_20260611_142325,delta-asda-b3-e,1591,RTSO|SO|OE|VE|QS|TR,3,0,324372641,301,18,0.07686,18,0.043038,301,49,4270,2391,6000,,300,,,,constant_speed,normal,0,no_load,cw,A3: rotate CW low speed,servo-app/lab-0.1
1781162644.7439046,38.6982958316803,A3_ROTATE_ONE_DIR,A3_ROTATE_ONE_DIR_R01_20260611_142325,delta-asda-b3-e,1591,RTSO|SO|OE|VE|QS|TR,3,0,325210534,300,17,0.07259,18,0.043038,302,49,4270,2391,6000,,300,,,,constant_speed,normal,0,no_load,cw,A3: rotate CW low speed,servo-app/lab-0.1
1781162644.8444343,38.79882550239563,A3_ROTATE_ONE_DIR,A3_ROTATE_ONE_DIR_R01_20260611_142325,delta-asda-b3-e,1591,RTSO|SO|OE|VE|QS|TR,3,0,326049804,300,16,0.06832,17,0.040647,301,49,4270,2391,6000,,300,,,,constant_speed,normal,0,no_load,cw,A3: rotate CW low speed,servo-app/lab-0.1
1781162644.9447057,38.899096965789795,A3_ROTATE_ONE_DIR,A3_ROTATE_ONE_DIR_R01_20260611_142325,delta-asda-b3-e,1591,RTSO|SO|OE|VE|QS|TR,3,0,326895869,300,20,0.0854,20,0.04782,301,49,4270,2391,6000,,300,,,,constant_speed,normal,0,no_load,cw,A3: rotate CW low speed,servo-app/lab-0.1
1781162645.0449686,38.99935984611511,A3_ROTATE_ONE_DIR,A3_ROTATE_ONE_DIR_R01_20260611_142325,delta-asda-b3-e,1591,RTSO|SO|OE|VE|QS|TR,3,0,327736260,301,16,0.06832,17,0.040647,302,49,4270,2391,6000,,300,,,,constant_speed,normal,0,no_load,cw,A3: rotate CW low speed,servo-app/lab-0.1
1781162645.1453323,39.09972357749939,A3_ROTATE_ONE_DIR,A3_ROTATE_ONE_DIR_R01_20260611_142325,delta-asda-b3-e,1591,RTSO|SO|OE|VE|QS|TR,3,0,328573883,300,18,0.07686,19,0.045429,302,49,4270,2391,6000,,300,,,,constant_speed,normal,0,no_load,cw,A3: rotate CW low speed,servo-app/lab-0.1
1781162645.2453961,39.19978737831116,A3_ROTATE_ONE_DIR,A3_ROTATE_ONE_DIR_R01_20260611_142325,delta-asda-b3-e,1591,RTSO|SO|OE|VE|QS|TR,3,0,329413939,300,15,0.06405,14,0.033474,302,49,4270,2391,6000,,300,,,,constant_speed,normal,0,no_load,cw,A3: rotate CW low speed,servo-app/lab-0.1
1781162645.345462,39.29985332489014,A3_ROTATE_ONE_DIR,A3_ROTATE_ONE_DIR_R01_20260611_142325,delta-asda-b3-e,1591,RTSO|SO|OE|VE|QS|TR,3,0,330250954,300,21,0.08967,21,0.050211,302,49,4270,2391,6000,,300,,,,constant_speed,normal,0,no_load,cw,A3: rotate CW low speed,servo-app/lab-0.1
1781162645.4455833,39.39997458457947,A3_ROTATE_ONE_DIR,A3_ROTATE_ONE_DIR_R01_20260611_142325,delta-asda-b3-e,1591,RTSO|SO|OE|VE|QS|TR,3,0,331099810,300,17,0.07259,17,0.040647,302,49,4270,2391,6000,,300,,,,constant_speed,normal,0,no_load,cw,A3: rotate CW low speed,servo-app/lab-0.1
1781162645.5456488,39.50004005432129,A3_ROTATE_ONE_DIR,A3_ROTATE_ONE_DIR_R01_20260611_142325,delta-asda-b3-e,1591,RTSO|SO|OE|VE|QS|TR,3,0,331937585,301,17,0.07259,17,0.040647,302,49,4270,2391,6000,,300,,,,constant_speed,normal,0,no_load,cw,A3: rotate CW low speed,servo-app/lab-0.1
1781162645.645939,39.6003303527832,A3_ROTATE_ONE_DIR,A3_ROTATE_ONE_DIR_R01_20260611_142325,delta-asda-b3-e,1591,RTSO|SO|OE|VE|QS|TR,3,0,332777279,300,16,0.06832,15,0.035865,302,49,4270,2391,6000,,300,,,,constant_speed,normal,0,no_load,cw,A3: rotate CW low speed,servo-app/lab-0.1
1781162645.746059,39.70045018196106,A3_ROTATE_ONE_DIR,A3_ROTATE_ONE_DIR_R01_20260611_142325,delta-asda-b3-e,1591,RTSO|SO|OE|VE|QS|TR,3,0,333615186,301,19,0.08113,19,0.045429,302,49,4270,2391,6000,,300,,,,constant_speed,normal,0,no_load,cw,A3: rotate CW low speed,servo-app/lab-0.1
1781162645.8462694,39.800660610198975,A3_ROTATE_ONE_DIR,A3_ROTATE_ONE_DIR_R01_20260611_142325,delta-asda-b3-e,1591,RTSO|SO|OE|VE|QS|TR,3,0,334454938,300,17,0.07259,18,0.043038,302,49,4270,2391,6000,,300,,,,constant_speed,normal,0,no_load,cw,A3: rotate CW low speed,servo-app/lab-0.1
1781162645.9464865,39.900877714157104,A3_ROTATE_ONE_DIR,A3_ROTATE_ONE_DIR_R01_20260611_142325,delta-asda-b3-e,1591,RTSO|SO|OE|VE|QS|TR,3,0,335301180,300,19,0.08113,18,0.043038,302,49,4270,2391,6000,,300,,,,constant_speed,normal,0,no_load,cw,A3: rotate CW low speed,servo-app/lab-0.1
1781162646.046645,40.001036167144775,A3_ROTATE_ONE_DIR,A3_ROTATE_ONE_DIR_R01_20260611_142325,delta-asda-b3-e,1591,RTSO|SO|OE|VE|QS|TR,3,0,336140976,301,16,0.06832,15,0.035865,302,49,4270,2391,6000,,300,,,,constant_speed,normal,0,no_load,cw,A3: rotate CW low speed,servo-app/lab-0.1
1781162646.1471941,40.101585388183594,A3_ROTATE_ONE_DIR,A3_ROTATE_ONE_DIR_R01_20260611_142325,delta-asda-b3-e,1591,RTSO|SO|OE|VE|QS|TR,3,0,336970184,301,19,0.08113,19,0.045429,301,49,4270,2391,6000,,300,,,,constant_speed,normal,0,no_load,cw,A3: rotate CW low speed,servo-app/lab-0.1
1781162646.2476861,40.20207738876343,A3_ROTATE_ONE_DIR,A3_ROTATE_ONE_DIR_R01_20260611_142325,delta-asda-b3-e,1591,RTSO|SO|OE|VE|QS|TR,3,0,337827358,300,17,0.07259,17,0.040647,302,49,4270,2391,6000,,300,,,,constant_speed,normal,0,no_load,cw,A3: rotate CW low speed,servo-app/lab-0.1
1781162646.3477883,40.30217957496643,A3_ROTATE_ONE_DIR,A3_ROTATE_ONE_DIR_R01_20260611_142325,delta-asda-b3-e,1591,RTSO|SO|OE|VE|QS|TR,3,0,338664608,300,18,0.07686,18,0.043038,302,49,4270,2391,6000,,300,,,,constant_speed,normal,0,no_load,cw,A3: rotate CW low speed,servo-app/lab-0.1
1781162646.4483762,40.40276741981506,A3_ROTATE_ONE_DIR,A3_ROTATE_ONE_DIR_R01_20260611_142325,delta-asda-b3-e,1591,RTSO|SO|OE|VE|QS|TR,3,0,339504361,300,16,0.06832,16,0.038256,302,49,4270,2391,6000,,300,,,,constant_speed,normal,0,no_load,cw,A3: rotate CW low speed,servo-app/lab-0.1
1781162646.558496,40.51288723945618,A3_ROTATE_ONE_DIR,A3_ROTATE_ONE_DIR_R01_20260611_142325,delta-asda-b3-e,1591,RTSO|SO|OE|VE|QS|TR,3,0,340972339,301,17,0.07259,18,0.043038,302,49,4270,2391,6000,,300,,,,constant_speed,normal,0,no_load,cw,A3: rotate CW low speed,servo-app/lab-0.1
1781162646.6623476,40.61673879623413,A3_ROTATE_ONE_DIR,A3_ROTATE_ONE_DIR_R01_20260611_142325,delta-asda-b3-e,1591,RTSO|SO|OE|VE|QS|TR,3,0,341299550,300,20,0.0854,18,0.043038,302,49,4270,2391,6000,,300,,,,constant_speed,normal,0,no_load,cw,A3: rotate CW low speed,servo-app/lab-0.1
1781162646.7636027,40.71799397468567,A3_ROTATE_ONE_DIR,A3_ROTATE_ONE_DIR_R01_20260611_142325,delta-asda-b3-e,1591,RTSO|SO|OE|VE|QS|TR,3,0,342154478,300,19,0.08113,19,0.045429,302,49,4270,2391,6000,,300,,,,constant_speed,normal,0,no_load,cw,A3: rotate CW low speed,servo-app/lab-0.1
1781162646.864225,40.81861615180969,A3_ROTATE_ONE_DIR,A3_ROTATE_ONE_DIR_R01_20260611_142325,delta-asda-b3-e,1591,RTSO|SO|OE|VE|QS|TR,3,0,342993433,300,18,0.07686,18,0.043038,302,49,4270,2391,6000,,300,,,,constant_speed,normal,0,no_load,cw,A3: rotate CW low speed,servo-app/lab-0.1
1781162646.9645886,40.91897988319397,A3_ROTATE_ONE_DIR,A3_ROTATE_ONE_DIR_R01_20260611_142325,delta-asda-b3-e,1591,RTSO|SO|OE|VE|QS|TR,3,0,343831557,301,18,0.07686,19,0.045429,302,49,4270,2391,6000,,300,,,,constant_speed,normal,0,no_load,cw,A3: rotate CW low speed,servo-app/lab-0.1
1781162647.0646524,41.01904368400574,A3_ROTATE_ONE_DIR,A3_ROTATE_ONE_DIR_R01_20260611_142325,delta-asda-b3-e,1591,RTSO|SO|OE|VE|QS|TR,3,0,344680236,300,18,0.07686,20,0.04782,302,49,4270,2391,6000,,300,,,,constant_speed,normal,0,no_load,cw,A3: rotate CW low speed,servo-app/lab-0.1
1781162647.1651566,41.119547843933105,A3_ROTATE_ONE_DIR,A3_ROTATE_ONE_DIR_R01_20260611_142325,delta-asda-b3-e,1591,RTSO|SO|OE|VE|QS|TR,3,0,345517913,300,19,0.08113,20,0.04782,302,49,4270,2391,6000,,300,,,,constant_speed,normal,0,no_load,cw,A3: rotate CW low speed,servo-app/lab-0.1
1781162647.2653975,41.219788789749146,A3_ROTATE_ONE_DIR,A3_ROTATE_ONE_DIR_R01_20260611_142325,delta-asda-b3-e,1591,RTSO|SO|OE|VE|QS|TR,3,0,346357384,299,18,0.07686,17,0.040647,302,49,4270,2391,6000,,300,,,,constant_speed,normal,0,no_load,cw,A3: rotate CW low speed,servo-app/lab-0.1
1781162647.3656106,41.32000184059143,A3_ROTATE_ONE_DIR,A3_ROTATE_ONE_DIR_R01_20260611_142325,delta-asda-b3-e,1591,RTSO|SO|OE|VE|QS|TR,3,0,347203494,300,17,0.07259,17,0.040647,302,49,4270,2391,6000,,300,,,,constant_speed,normal,0,no_load,cw,A3: rotate CW low speed,servo-app/lab-0.1
1781162647.4656856,41.420076847076416,A3_ROTATE_ONE_DIR,A3_ROTATE_ONE_DIR_R01_20260611_142325,delta-asda-b3-e,1591,RTSO|SO|OE|VE|QS|TR,3,0,348043507,300,20,0.0854,19,0.045429,301,49,4270,2391,6000,,300,,,,constant_speed,normal,0,no_load,cw,A3: rotate CW low speed,servo-app/lab-0.1
1781162647.5664551,41.520846366882324,A3_ROTATE_ONE_DIR,A3_ROTATE_ONE_DIR_R01_20260611_142325,delta-asda-b3-e,1591,RTSO|SO|OE|VE|QS|TR,3,0,348890254,300,18,0.07686,17,0.040647,302,49,4270,2391,6000,,300,,,,constant_speed,normal,0,no_load,cw,A3: rotate CW low speed,servo-app/lab-0.1
1781162647.6667,41.62109112739563,A3_ROTATE_ONE_DIR,A3_ROTATE_ONE_DIR_R01_20260611_142325,delta-asda-b3-e,1591,RTSO|SO|OE|VE|QS|TR,3,0,349729093,299,18,0.07686,18,0.043038,302,49,4270,2391,6000,,300,,,,constant_speed,normal,0,no_load,cw,A3: rotate CW low speed,servo-app/lab-0.1
1781162647.766938,41.72132921218872,A3_ROTATE_ONE_DIR,A3_ROTATE_ONE_DIR_R01_20260611_142325,delta-asda-b3-e,1591,RTSO|SO|OE|VE|QS|TR,3,0,350567345,300,17,0.07259,16,0.038256,302,49,4270,2391,6000,,300,,,,constant_speed,normal,0,no_load,cw,A3: rotate CW low speed,servo-app/lab-0.1
1781162647.8671052,41.82149648666382,A3_ROTATE_ONE_DIR,A3_ROTATE_ONE_DIR_R01_20260611_142325,delta-asda-b3-e,1591,RTSO|SO|OE|VE|QS|TR,3,0,351406945,300,18,0.07686,18,0.043038,302,49,4270,2391,6000,,300,,,,constant_speed,normal,0,no_load,cw,A3: rotate CW low speed,servo-app/lab-0.1
1781162647.9673824,41.92177367210388,A3_ROTATE_ONE_DIR,A3_ROTATE_ONE_DIR_R01_20260611_142325,delta-asda-b3-e,1591,RTSO|SO|OE|VE|QS|TR,3,0,352245161,300,19,0.08113,19,0.045429,302,49,4270,2391,6000,,300,,,,constant_speed,normal,0,no_load,cw,A3: rotate CW low speed,servo-app/lab-0.1
1781162648.0674586,42.02184987068176,A3_ROTATE_ONE_DIR,A3_ROTATE_ONE_DIR_R01_20260611_142325,delta-asda-b3-e,1591,RTSO|SO|OE|VE|QS|TR,3,0,353084765,300,17,0.07259,17,0.040647,301,49,4270,2391,6000,,300,,,,constant_speed,normal,0,no_load,cw,A3: rotate CW low speed,servo-app/lab-0.1
1781162648.1675289,42.121920108795166,A3_ROTATE_ONE_DIR,A3_ROTATE_ONE_DIR_R01_20260611_142325,delta-asda-b3-e,1591,RTSO|SO|OE|VE|QS|TR,3,0,353922379,300,17,0.07259,18,0.043038,302,49,4270,2391,6000,,300,,,,constant_speed,normal,0,no_load,cw,A3: rotate CW low speed,servo-app/lab-0.1
1781162648.2680843,42.22247552871704,A3_ROTATE_ONE_DIR,A3_ROTATE_ONE_DIR_R01_20260611_142325,delta-asda-b3-e,1591,RTSO|SO|OE|VE|QS|TR,3,0,354770666,299,17,0.07259,19,0.045429,302,49,4270,2391,6000,,300,,,,constant_speed,normal,0,no_load,cw,A3: rotate CW low speed,servo-app/lab-0.1
1781162648.3687077,42.32309889793396,A3_ROTATE_ONE_DIR,A3_ROTATE_ONE_DIR_R01_20260611_142325,delta-asda-b3-e,1591,RTSO|SO|OE|VE|QS|TR,3,0,355616936,300,18,0.07686,19,0.045429,302,49,4270,2391,6000,,300,,,,constant_speed,normal,0,no_load,cw,A3: rotate CW low speed,servo-app/lab-0.1
1781162648.4691954,42.42358660697937,A3_ROTATE_ONE_DIR,A3_ROTATE_ONE_DIR_R01_20260611_142325,delta-asda-b3-e,1591,RTSO|SO|OE|VE|QS|TR,3,0,356456303,299,15,0.06405,16,0.038256,302,49,4270,2391,6000,,300,,,,constant_speed,normal,0,no_load,cw,A3: rotate CW low speed,servo-app/lab-0.1
1781162648.569365,42.52375626564026,A3_ROTATE_ONE_DIR,A3_ROTATE_ONE_DIR_R01_20260611_142325,delta-asda-b3-e,1591,RTSO|SO|OE|VE|QS|TR,3,0,357294732,300,15,0.06405,16,0.038256,301,49,4270,2391,6000,,300,,,,constant_speed,normal,0,no_load,cw,A3: rotate CW low speed,servo-app/lab-0.1
1781162648.6697714,42.624162673950195,A3_ROTATE_ONE_DIR,A3_ROTATE_ONE_DIR_R01_20260611_142325,delta-asda-b3-e,1591,RTSO|SO|OE|VE|QS|TR,3,0,358142415,299,18,0.07686,18,0.043038,301,49,4270,2391,6000,,300,,,,constant_speed,normal,0,no_load,cw,A3: rotate CW low speed,servo-app/lab-0.1
1781162648.7705722,42.724963426589966,A3_ROTATE_ONE_DIR,A3_ROTATE_ONE_DIR_R01_20260611_142325,delta-asda-b3-e,1591,RTSO|SO|OE|VE|QS|TR,3,0,358988945,300,18,0.07686,16,0.038256,302,49,4270,2391,6000,,300,,,,constant_speed,normal,0,no_load,cw,A3: rotate CW low speed,servo-app/lab-0.1
1781162648.8708665,42.825257778167725,A3_ROTATE_ONE_DIR,A3_ROTATE_ONE_DIR_R01_20260611_142325,delta-asda-b3-e,1591,RTSO|SO|OE|VE|QS|TR,3,0,359827969,300,17,0.07259,15,0.035865,302,49,4270,2391,6000,,300,,,,constant_speed,normal,0,no_load,cw,A3: rotate CW low speed,servo-app/lab-0.1
1781162648.9711463,42.92553758621216,A3_ROTATE_ONE_DIR,A3_ROTATE_ONE_DIR_R01_20260611_142325,delta-asda-b3-e,1591,RTSO|SO|OE|VE|QS|TR,3,0,360666251,300,15,0.06405,14,0.033474,302,49,4270,2391,6000,,300,,,,constant_speed,normal,0,no_load,cw,A3: rotate CW low speed,servo-app/lab-0.1
1781162649.0718853,43.02627658843994,A3_ROTATE_ONE_DIR,A3_ROTATE_ONE_DIR_R01_20260611_142325,delta-asda-b3-e,1591,RTSO|SO|OE|VE|QS|TR,3,0,361514698,300,18,0.07686,18,0.043038,301,49,4270,2391,6000,,300,,,,constant_speed,normal,0,no_load,cw,A3: rotate CW low speed,servo-app/lab-0.1
1781162649.1723635,43.12675476074219,A3_ROTATE_ONE_DIR,A3_ROTATE_ONE_DIR_R01_20260611_142325,delta-asda-b3-e,1591,RTSO|SO|OE|VE|QS|TR,3,0,362352411,300,19,0.08113,18,0.043038,302,49,4270,2391,6000,,300,,,,constant_speed,normal,0,no_load,cw,A3: rotate CW low speed,servo-app/lab-0.1
1781162649.2727475,43.22713875770569,A3_ROTATE_ONE_DIR,A3_ROTATE_ONE_DIR_R01_20260611_142325,delta-asda-b3-e,1591,RTSO|SO|OE|VE|QS|TR,3,0,363200118,300,18,0.07686,17,0.040647,301,49,4270,2391,6000,,300,,,,constant_speed,normal,0,no_load,cw,A3: rotate CW low speed,servo-app/lab-0.1
1781162649.3729546,43.327345848083496,A3_ROTATE_ONE_DIR,A3_ROTATE_ONE_DIR_R01_20260611_142325,delta-asda-b3-e,1591,RTSO|SO|OE|VE|QS|TR,3,0,364038271,301,16,0.06832,16,0.038256,301,49,4270,2391,6000,,300,,,,constant_speed,normal,0,no_load,cw,A3: rotate CW low speed,servo-app/lab-0.1
1781162649.473503,43.42789435386658,A3_ROTATE_ONE_DIR,A3_ROTATE_ONE_DIR_R01_20260611_142325,delta-asda-b3-e,1591,RTSO|SO|OE|VE|QS|TR,3,0,364878039,300,18,0.07686,18,0.043038,301,49,4270,2391,6000,,300,,,,constant_speed,normal,0,no_load,cw,A3: rotate CW low speed,servo-app/lab-0.1
1781162649.5736828,43.52807402610779,A3_ROTATE_ONE_DIR,A3_ROTATE_ONE_DIR_R01_20260611_142325,delta-asda-b3-e,1591,RTSO|SO|OE|VE|QS|TR,3,0,365724965,301,19,0.08113,19,0.045429,301,49,4270,2391,6000,,300,,,,constant_speed,normal,0,no_load,cw,A3: rotate CW low speed,servo-app/lab-0.1
1781162649.6739178,43.62830901145935,A3_ROTATE_ONE_DIR,A3_ROTATE_ONE_DIR_R01_20260611_142325,delta-asda-b3-e,1591,RTSO|SO|OE|VE|QS|TR,3,0,366563629,299,17,0.07259,17,0.040647,301,49,4270,2391,6000,,300,,,,constant_speed,normal,0,no_load,cw,A3: rotate CW low speed,servo-app/lab-0.1
1781162649.7746408,43.729032039642334,A3_ROTATE_ONE_DIR,A3_ROTATE_ONE_DIR_R01_20260611_142325,delta-asda-b3-e,1591,RTSO|SO|OE|VE|QS|TR,3,0,367410520,300,16,0.06832,15,0.035865,301,49,4270,2391,6000,,300,,,,constant_speed,normal,0,no_load,cw,A3: rotate CW low speed,servo-app/lab-0.1
1781162649.8751059,43.82949709892273,A3_ROTATE_ONE_DIR,A3_ROTATE_ONE_DIR_R01_20260611_142325,delta-asda-b3-e,1591,RTSO|SO|OE|VE|QS|TR,3,0,368250174,300,16,0.06832,18,0.043038,301,49,4270,2391,6000,,300,,,,constant_speed,normal,0,no_load,cw,A3: rotate CW low speed,servo-app/lab-0.1
1781162649.9755738,43.929965019226074,A3_ROTATE_ONE_DIR,A3_ROTATE_ONE_DIR_R01_20260611_142325,delta-asda-b3-e,1591,RTSO|SO|OE|VE|QS|TR,3,0,369088354,300,20,0.0854,20,0.04782,301,49,4270,2391,6000,,300,,,,constant_speed,normal,0,no_load,cw,A3: rotate CW low speed,servo-app/lab-0.1
1781162650.075649,44.03004026412964,A3_ROTATE_ONE_DIR,A3_ROTATE_ONE_DIR_R01_20260611_142325,delta-asda-b3-e,1591,RTSO|SO|OE|VE|QS|TR,3,0,369936197,300,17,0.07259,16,0.038256,301,49,4270,2391,6000,,300,,,,constant_speed,normal,0,no_load,cw,A3: rotate CW low speed,servo-app/lab-0.1
1781162650.175853,44.13024425506592,A3_ROTATE_ONE_DIR,A3_ROTATE_ONE_DIR_R01_20260611_142325,delta-asda-b3-e,1591,RTSO|SO|OE|VE|QS|TR,3,0,370773881,300,17,0.07259,16,0.038256,301,49,4270,2391,6000,,300,,,,constant_speed,normal,0,no_load,cw,A3: rotate CW low speed,servo-app/lab-0.1
1781162650.2762947,44.23068594932556,A3_ROTATE_ONE_DIR,A3_ROTATE_ONE_DIR_R01_20260611_142325,delta-asda-b3-e,1591,RTSO|SO|OE|VE|QS|TR,3,0,371613719,299,19,0.08113,18,0.043038,302,49,4270,2391,6000,,300,,,,constant_speed,normal,0,no_load,cw,A3: rotate CW low speed,servo-app/lab-0.1
1781162650.3774488,44.33184003829956,A3_ROTATE_ONE_DIR,A3_ROTATE_ONE_DIR_R01_20260611_142325,delta-asda-b3-e,1591,RTSO|SO|OE|VE|QS|TR,3,0,372460196,300,18,0.07686,18,0.043038,302,49,4270,2391,6000,,300,,,,constant_speed,normal,0,no_load,cw,A3: rotate CW low speed,servo-app/lab-0.1
1781162650.4777832,44.43217444419861,A3_ROTATE_ONE_DIR,A3_ROTATE_ONE_DIR_R01_20260611_142325,delta-asda-b3-e,1591,RTSO|SO|OE|VE|QS|TR,3,0,373307806,300,16,0.06832,18,0.043038,301,49,4270,2391,6000,,300,,,,constant_speed,normal,0,no_load,cw,A3: rotate CW low speed,servo-app/lab-0.1
1781162650.5780647,44.532455921173096,A3_ROTATE_ONE_DIR,A3_ROTATE_ONE_DIR_R01_20260611_142325,delta-asda-b3-e,1591,RTSO|SO|OE|VE|QS|TR,3,0,374146359,300,14,0.05978,16,0.038256,301,49,4270,2391,6000,,300,,,,constant_speed,normal,0,no_load,cw,A3: rotate CW low speed,servo-app/lab-0.1
1781162650.678413,44.63280415534973,A3_ROTATE_ONE_DIR,A3_ROTATE_ONE_DIR_R01_20260611_142325,delta-asda-b3-e,1591,RTSO|SO|OE|VE|QS|TR,3,0,374985497,300,17,0.07259,20,0.04782,301,49,4270,2391,6000,,300,,,,constant_speed,normal,0,no_load,cw,A3: rotate CW low speed,servo-app/lab-0.1
1781162650.7788732,44.733264446258545,A3_ROTATE_ONE_DIR,A3_ROTATE_ONE_DIR_R01_20260611_142325,delta-asda-b3-e,1591,RTSO|SO|OE|VE|QS|TR,3,0,375832030,300,16,0.06832,17,0.040647,302,49,4270,2391,6000,,300,,,,constant_speed,normal,0,no_load,cw,A3: rotate CW low speed,servo-app/lab-0.1
1781162650.8794882,44.833879470825195,A3_ROTATE_ONE_DIR,A3_ROTATE_ONE_DIR_R01_20260611_142325,delta-asda-b3-e,1591,RTSO|SO|OE|VE|QS|TR,3,0,376671229,300,15,0.06405,17,0.040647,302,49,4270,2391,6000,,300,,,,constant_speed,normal,0,no_load,cw,A3: rotate CW low speed,servo-app/lab-0.1
1781162650.9798498,44.93424105644226,A3_ROTATE_ONE_DIR,A3_ROTATE_ONE_DIR_R01_20260611_142325,delta-asda-b3-e,1591,RTSO|SO|OE|VE|QS|TR,3,0,377517977,301,16,0.06832,14,0.033474,302,49,4270,2391,6000,,300,,,,constant_speed,normal,0,no_load,cw,A3: rotate CW low speed,servo-app/lab-0.1
1781162651.0799391,45.03433036804199,A3_ROTATE_ONE_DIR,A3_ROTATE_ONE_DIR_R01_20260611_142325,delta-asda-b3-e,1591,RTSO|SO|OE|VE|QS|TR,3,0,378357782,300,18,0.07686,17,0.040647,301,49,4270,2391,6000,,300,,,,constant_speed,normal,0,no_load,cw,A3: rotate CW low speed,servo-app/lab-0.1
1781162651.1800568,45.13444805145264,A3_ROTATE_ONE_DIR,A3_ROTATE_ONE_DIR_R01_20260611_142325,delta-asda-b3-e,1591,RTSO|SO|OE|VE|QS|TR,3,0,379195451,300,20,0.0854,19,0.045429,301,49,4270,2391,6000,,300,,,,constant_speed,normal,0,no_load,cw,A3: rotate CW low speed,servo-app/lab-0.1
1781162651.2806277,45.23501896858215,A3_ROTATE_ONE_DIR,A3_ROTATE_ONE_DIR_R01_20260611_142325,delta-asda-b3-e,1591,RTSO|SO|OE|VE|QS|TR,3,0,380043010,300,18,0.07686,17,0.040647,301,49,4270,2391,6000,,300,,,,constant_speed,normal,0,no_load,cw,A3: rotate CW low speed,servo-app/lab-0.1
1781162651.380976,45.33536720275879,A3_ROTATE_ONE_DIR,A3_ROTATE_ONE_DIR_R01_20260611_142325,delta-asda-b3-e,1591,RTSO|SO|OE|VE|QS|TR,3,0,380881581,301,14,0.05978,14,0.033474,302,49,4270,2391,6000,,300,,,,constant_speed,normal,0,no_load,cw,A3: rotate CW low speed,servo-app/lab-0.1
1781162651.4810953,45.43548655509949,A3_ROTATE_ONE_DIR,A3_ROTATE_ONE_DIR_R01_20260611_142325,delta-asda-b3-e,1591,RTSO|SO|OE|VE|QS|TR,3,0,381721053,300,19,0.08113,17,0.040647,302,49,4270,2391,6000,,300,,,,constant_speed,normal,0,no_load,cw,A3: rotate CW low speed,servo-app/lab-0.1
1781162651.5814536,45.535844802856445,A3_ROTATE_ONE_DIR,A3_ROTATE_ONE_DIR_R01_20260611_142325,delta-asda-b3-e,1591,RTSO|SO|OE|VE|QS|TR,3,0,382559447,300,18,0.07686,17,0.040647,301,49,4270,2391,6000,,300,,,,constant_speed,normal,0,no_load,cw,A3: rotate CW low speed,servo-app/lab-0.1
1781162651.6816034,45.63599467277527,A3_ROTATE_ONE_DIR,A3_ROTATE_ONE_DIR_R01_20260611_142325,delta-asda-b3-e,1591,RTSO|SO|OE|VE|QS|TR,3,0,383398133,300,18,0.07686,17,0.040647,302,49,4270,2391,6000,,300,,,,constant_speed,normal,0,no_load,cw,A3: rotate CW low speed,servo-app/lab-0.1
1781162651.7823734,45.736764669418335,A3_ROTATE_ONE_DIR,A3_ROTATE_ONE_DIR_R01_20260611_142325,delta-asda-b3-e,1591,RTSO|SO|OE|VE|QS|TR,3,0,384245143,301,17,0.07259,15,0.035865,302,49,4270,2391,6000,,300,,,,constant_speed,normal,0,no_load,cw,A3: rotate CW low speed,servo-app/lab-0.1
1781162651.8827415,45.837132692337036,A3_ROTATE_ONE_DIR,A3_ROTATE_ONE_DIR_R01_20260611_142325,delta-asda-b3-e,1591,RTSO|SO|OE|VE|QS|TR,3,0,385093353,301,17,0.07259,17,0.040647,301,49,4270,2391,6000,,300,,,,constant_speed,normal,0,no_load,cw,A3: rotate CW low speed,servo-app/lab-0.1
1781162651.9829612,45.937352418899536,A3_ROTATE_ONE_DIR,A3_ROTATE_ONE_DIR_R01_20260611_142325,delta-asda-b3-e,1591,RTSO|SO|OE|VE|QS|TR,3,0,385939865,301,18,0.07686,19,0.045429,302,49,4270,2391,6000,,300,,,,constant_speed,normal,0,no_load,cw,A3: rotate CW low speed,servo-app/lab-0.1
1781162652.0832295,46.03762078285217,A3_ROTATE_ONE_DIR,A3_ROTATE_ONE_DIR_R01_20260611_142325,delta-asda-b3-e,1591,RTSO|SO|OE|VE|QS|TR,3,0,386770773,300,18,0.07686,18,0.043038,302,49,4270,2391,6000,,300,,,,constant_speed,normal,0,no_load,cw,A3: rotate CW low speed,servo-app/lab-0.1
1781162652.1834366,46.13782787322998,A3_ROTATE_ONE_DIR,A3_ROTATE_ONE_DIR_R01_20260611_142325,delta-asda-b3-e,1591,RTSO|SO|OE|VE|QS|TR,3,0,387608676,301,15,0.06405,16,0.038256,301,49,4270,2391,6000,,300,,,,constant_speed,normal,0,no_load,cw,A3: rotate CW low speed,servo-app/lab-0.1
1781162652.283749,46.23814034461975,A3_ROTATE_ONE_DIR,A3_ROTATE_ONE_DIR_R01_20260611_142325,delta-asda-b3-e,1591,RTSO|SO|OE|VE|QS|TR,3,0,388456857,300,19,0.08113,19,0.045429,302,49,4270,2391,6000,,300,,,,constant_speed,normal,0,no_load,cw,A3: rotate CW low speed,servo-app/lab-0.1
1781162652.383991,46.33838224411011,A3_ROTATE_ONE_DIR,A3_ROTATE_ONE_DIR_R01_20260611_142325,delta-asda-b3-e,1591,RTSO|SO|OE|VE|QS|TR,3,0,389295152,301,19,0.08113,19,0.045429,301,49,4270,2391,6000,,300,,,,constant_speed,normal,0,no_load,cw,A3: rotate CW low speed,servo-app/lab-0.1
1781162652.4841719,46.438563108444214,A3_ROTATE_ONE_DIR,A3_ROTATE_ONE_DIR_R01_20260611_142325,delta-asda-b3-e,1591,RTSO|SO|OE|VE|QS|TR,3,0,390134213,300,17,0.07259,17,0.040647,302,49,4270,2391,6000,,300,,,,constant_speed,normal,0,no_load,cw,A3: rotate CW low speed,servo-app/lab-0.1
1781162652.5853002,46.53969144821167,A3_ROTATE_ONE_DIR,A3_ROTATE_ONE_DIR_R01_20260611_142325,delta-asda-b3-e,1591,RTSO|SO|OE|VE|QS|TR,3,0,390981209,301,17,0.07259,15,0.035865,301,49,4270,2391,6000,,300,,,,constant_speed,normal,0,no_load,cw,A3: rotate CW low speed,servo-app/lab-0.1
1781162652.685831,46.6402223110199,A3_ROTATE_ONE_DIR,A3_ROTATE_ONE_DIR_R01_20260611_142325,delta-asda-b3-e,1591,RTSO|SO|OE|VE|QS|TR,3,0,391828649,300,19,0.08113,18,0.043038,302,49,4270,2391,6000,,300,,,,constant_speed,normal,0,no_load,cw,A3: rotate CW low speed,servo-app/lab-0.1
1781162652.7860165,46.74040770530701,A3_ROTATE_ONE_DIR,A3_ROTATE_ONE_DIR_R01_20260611_142325,delta-asda-b3-e,1591,RTSO|SO|OE|VE|QS|TR,3,0,392666870,300,19,0.08113,18,0.043038,302,49,4270,2391,6000,,300,,,,constant_speed,normal,0,no_load,cw,A3: rotate CW low speed,servo-app/lab-0.1
1781162652.886181,46.840572357177734,A3_ROTATE_ONE_DIR,A3_ROTATE_ONE_DIR_R01_20260611_142325,delta-asda-b3-e,1591,RTSO|SO|OE|VE|QS|TR,3,0,393506141,300,20,0.0854,19,0.045429,301,49,4270,2391,6000,,300,,,,constant_speed,normal,0,no_load,cw,A3: rotate CW low speed,servo-app/lab-0.1
1781162652.9862607,46.94065189361572,A3_ROTATE_ONE_DIR,A3_ROTATE_ONE_DIR_R01_20260611_142325,delta-asda-b3-e,1591,RTSO|SO|OE|VE|QS|TR,3,0,394344525,301,15,0.06405,15,0.035865,301,49,4270,2391,6000,,300,,,,constant_speed,normal,0,no_load,cw,A3: rotate CW low speed,servo-app/lab-0.1
1781162653.0864768,47.040868043899536,A3_ROTATE_ONE_DIR,A3_ROTATE_ONE_DIR_R01_20260611_142325,delta-asda-b3-e,1591,RTSO|SO|OE|VE|QS|TR,3,0,395184164,300,19,0.08113,18,0.043038,301,49,4270,2391,6000,,300,,,,constant_speed,normal,0,no_load,cw,A3: rotate CW low speed,servo-app/lab-0.1
1781162653.1883798,47.14277100563049,A3_ROTATE_ONE_DIR,A3_ROTATE_ONE_DIR_R01_20260611_142325,delta-asda-b3-e,1591,RTSO|SO|OE|VE|QS|TR,3,0,396038636,300,19,0.08113,20,0.04782,301,49,4270,2391,6000,,300,,,,constant_speed,normal,0,no_load,cw,A3: rotate CW low speed,servo-app/lab-0.1
1781162653.2892213,47.24361252784729,A3_ROTATE_ONE_DIR,A3_ROTATE_ONE_DIR_R01_20260611_142325,delta-asda-b3-e,1591,RTSO|SO|OE|VE|QS|TR,3,0,396886083,299,19,0.08113,20,0.04782,302,49,4270,2391,6000,,300,,,,constant_speed,normal,0,no_load,cw,A3: rotate CW low speed,servo-app/lab-0.1
1781162653.3896534,47.34404468536377,A3_ROTATE_ONE_DIR,A3_ROTATE_ONE_DIR_R01_20260611_142325,delta-asda-b3-e,1591,RTSO|SO|OE|VE|QS|TR,3,0,397733435,301,15,0.06405,14,0.033474,301,49,4270,2391,6000,,300,,,,constant_speed,normal,0,no_load,cw,A3: rotate CW low speed,servo-app/lab-0.1
1781162653.4900954,47.44448661804199,A3_ROTATE_ONE_DIR,A3_ROTATE_ONE_DIR_R01_20260611_142325,delta-asda-b3-e,1591,RTSO|SO|OE|VE|QS|TR,3,0,398572546,300,18,0.07686,17,0.040647,301,49,4270,2391,6000,,300,,,,constant_speed,normal,0,no_load,cw,A3: rotate CW low speed,servo-app/lab-0.1
1781162653.590889,47.54528021812439,A3_ROTATE_ONE_DIR,A3_ROTATE_ONE_DIR_R01_20260611_142325,delta-asda-b3-e,1591,RTSO|SO|OE|VE|QS|TR,3,0,399419422,300,19,0.08113,19,0.045429,301,49,4270,2391,6000,,300,,,,constant_speed,normal,0,no_load,cw,A3: rotate CW low speed,servo-app/lab-0.1
1781162653.6918335,47.64622473716736,A3_ROTATE_ONE_DIR,A3_ROTATE_ONE_DIR_R01_20260611_142325,delta-asda-b3-e,1591,RTSO|SO|OE|VE|QS|TR,3,0,400266293,300,20,0.0854,21,0.050211,301,49,4270,2391,6000,,300,,,,constant_speed,normal,0,no_load,cw,A3: rotate CW low speed,servo-app/lab-0.1
1781162653.7927086,47.74709987640381,A3_ROTATE_ONE_DIR,A3_ROTATE_ONE_DIR_R01_20260611_142325,delta-asda-b3-e,1591,RTSO|SO|OE|VE|QS|TR,3,0,401113655,301,17,0.07259,16,0.038256,302,49,4270,2391,6000,,300,,,,constant_speed,normal,0,no_load,cw,A3: rotate CW low speed,servo-app/lab-0.1
1781162653.8928983,47.84728956222534,A3_ROTATE_ONE_DIR,A3_ROTATE_ONE_DIR_R01_20260611_142325,delta-asda-b3-e,1591,RTSO|SO|OE|VE|QS|TR,3,0,401953293,300,19,0.08113,18,0.043038,301,49,4270,2391,6000,,300,,,,constant_speed,normal,0,no_load,cw,A3: rotate CW low speed,servo-app/lab-0.1
1781162653.9933372,47.947728395462036,A3_ROTATE_ONE_DIR,A3_ROTATE_ONE_DIR_R01_20260611_142325,delta-asda-b3-e,1591,RTSO|SO|OE|VE|QS|TR,3,0,402799777,300,20,0.0854,20,0.04782,301,49,4270,2391,6000,,300,,,,constant_speed,normal,0,no_load,cw,A3: rotate CW low speed,servo-app/lab-0.1
1781162654.0936503,48.048041582107544,A3_ROTATE_ONE_DIR,A3_ROTATE_ONE_DIR_R01_20260611_142325,delta-asda-b3-e,1591,RTSO|SO|OE|VE|QS|TR,3,0,403630414,299,21,0.08967,21,0.050211,301,49,4270,2391,6000,,300,,,,constant_speed,normal,0,no_load,cw,A3: rotate CW low speed,servo-app/lab-0.1
1781162654.19378,48.148171186447144,A3_ROTATE_ONE_DIR,A3_ROTATE_ONE_DIR_R01_20260611_142325,delta-asda-b3-e,1591,RTSO|SO|OE|VE|QS|TR,3,0,404485442,300,17,0.07259,16,0.038256,301,49,4270,2391,6000,,300,,,,constant_speed,normal,0,no_load,cw,A3: rotate CW low speed,servo-app/lab-0.1
1781162654.2938578,48.24824905395508,A3_ROTATE_ONE_DIR,A3_ROTATE_ONE_DIR_R01_20260611_142325,delta-asda-b3-e,1591,RTSO|SO|OE|VE|QS|TR,3,0,405316551,300,18,0.07686,19,0.045429,301,49,4270,2391,6000,,300,,,,constant_speed,normal,0,no_load,cw,A3: rotate CW low speed,servo-app/lab-0.1
1781162654.394286,48.34867715835571,A3_ROTATE_ONE_DIR,A3_ROTATE_ONE_DIR_R01_20260611_142325,delta-asda-b3-e,1591,RTSO|SO|OE|VE|QS|TR,3,0,406155236,301,19,0.08113,20,0.04782,301,49,4270,2391,6000,,300,,,,constant_speed,normal,0,no_load,cw,A3: rotate CW low speed,servo-app/lab-0.1
1781162654.4947765,48.44916772842407,A3_ROTATE_ONE_DIR,A3_ROTATE_ONE_DIR_R01_20260611_142325,delta-asda-b3-e,1591,RTSO|SO|OE|VE|QS|TR,3,0,407002162,299,21,0.08967,20,0.04782,301,49,4270,2391,6000,,300,,,,constant_speed,normal,0,no_load,cw,A3: rotate CW low speed,servo-app/lab-0.1
1781162654.5952013,48.5495924949646,A3_ROTATE_ONE_DIR,A3_ROTATE_ONE_DIR_R01_20260611_142325,delta-asda-b3-e,1591,RTSO|SO|OE|VE|QS|TR,3,0,407841062,300,18,0.07686,16,0.038256,301,49,4270,2391,6000,,300,,,,constant_speed,normal,0,no_load,cw,A3: rotate CW low speed,servo-app/lab-0.1
1781162654.6955428,48.64993405342102,A3_ROTATE_ONE_DIR,A3_ROTATE_ONE_DIR_R01_20260611_142325,delta-asda-b3-e,1591,RTSO|SO|OE|VE|QS|TR,3,0,408679870,299,20,0.0854,19,0.045429,301,49,4270,2391,6000,,300,,,,constant_speed,normal,0,no_load,cw,A3: rotate CW low speed,servo-app/lab-0.1
1781162654.795926,48.750317335128784,A3_ROTATE_ONE_DIR,A3_ROTATE_ONE_DIR_R01_20260611_142325,delta-asda-b3-e,1591,RTSO|SO|OE|VE|QS|TR,3,0,409526763,300,20,0.0854,19,0.045429,301,49,4270,2391,6000,,300,,,,constant_speed,normal,0,no_load,cw,A3: rotate CW low speed,servo-app/lab-0.1
1781162654.8961847,48.85057592391968,A3_ROTATE_ONE_DIR,A3_ROTATE_ONE_DIR_R01_20260611_142325,delta-asda-b3-e,1591,RTSO|SO|OE|VE|QS|TR,3,0,410365830,299,21,0.08967,20,0.04782,300,49,4270,2391,6000,,300,,,,constant_speed,normal,0,no_load,cw,A3: rotate CW low speed,servo-app/lab-0.1
1781162654.996321,48.95071220397949,A3_ROTATE_ONE_DIR,A3_ROTATE_ONE_DIR_R01_20260611_142325,delta-asda-b3-e,1591,RTSO|SO|OE|VE|QS|TR,3,0,411204348,300,15,0.06405,15,0.035865,301,49,4270,2391,6000,,300,,,,constant_speed,normal,0,no_load,cw,A3: rotate CW low speed,servo-app/lab-0.1
1781162655.0966144,49.051005601882935,A3_ROTATE_ONE_DIR,A3_ROTATE_ONE_DIR_R01_20260611_142325,delta-asda-b3-e,1591,RTSO|SO|OE|VE|QS|TR,3,0,412043673,299,19,0.08113,19,0.045429,301,49,4270,2391,6000,,300,,,,constant_speed,normal,0,no_load,cw,A3: rotate CW low speed,servo-app/lab-0.1
1781162655.197179,49.151570320129395,A3_ROTATE_ONE_DIR,A3_ROTATE_ONE_DIR_R01_20260611_142325,delta-asda-b3-e,1591,RTSO|SO|OE|VE|QS|TR,3,0,412890161,300,19,0.08113,20,0.04782,301,49,4270,2391,6000,,300,,,,constant_speed,normal,0,no_load,cw,A3: rotate CW low speed,servo-app/lab-0.1
1781162655.2974207,49.25181198120117,A3_ROTATE_ONE_DIR,A3_ROTATE_ONE_DIR_R01_20260611_142325,delta-asda-b3-e,1591,RTSO|SO|OE|VE|QS|TR,3,0,413728969,299,21,0.08967,22,0.052602,301,49,4270,2391,6000,,300,,,,constant_speed,normal,0,no_load,cw,A3: rotate CW low speed,servo-app/lab-0.1
1781162655.398116,49.35250735282898,A3_ROTATE_ONE_DIR,A3_ROTATE_ONE_DIR_R01_20260611_142325,delta-asda-b3-e,1591,RTSO|SO|OE|VE|QS|TR,3,0,414576619,300,14,0.05978,15,0.035865,301,49,4270,2391,6000,,300,,,,constant_speed,normal,0,no_load,cw,A3: rotate CW low speed,servo-app/lab-0.1
1781162655.49848,49.452871322631836,A3_ROTATE_ONE_DIR,A3_ROTATE_ONE_DIR_R01_20260611_142325,delta-asda-b3-e,1591,RTSO|SO|OE|VE|QS|TR,3,0,415415280,299,18,0.07686,19,0.045429,301,49,4270,2391,6000,,300,,,,constant_speed,normal,0,no_load,cw,A3: rotate CW low speed,servo-app/lab-0.1
1781162655.5987206,49.55311179161072,A3_ROTATE_ONE_DIR,A3_ROTATE_ONE_DIR_R01_20260611_142325,delta-asda-b3-e,1591,RTSO|SO|OE|VE|QS|TR,3,0,416254011,299,18,0.07686,20,0.04782,300,49,4270,2391,6000,,300,,,,constant_speed,normal,0,no_load,cw,A3: rotate CW low speed,servo-app/lab-0.1
1781162655.6994002,49.653791427612305,A3_ROTATE_ONE_DIR,A3_ROTATE_ONE_DIR_R01_20260611_142325,delta-asda-b3-e,1591,RTSO|SO|OE|VE|QS|TR,3,0,417100718,299,21,0.08967,21,0.050211,301,49,4270,2391,6000,,300,,,,constant_speed,normal,0,no_load,cw,A3: rotate CW low speed,servo-app/lab-0.1
1781162655.7997038,49.75409507751465,A3_ROTATE_ONE_DIR,A3_ROTATE_ONE_DIR_R01_20260611_142325,delta-asda-b3-e,1591,RTSO|SO|OE|VE|QS|TR,3,0,417948247,300,15,0.06405,14,0.033474,302,49,4270,2391,6000,,300,,,,constant_speed,normal,0,no_load,cw,A3: rotate CW low speed,servo-app/lab-0.1
1781162655.899812,49.85420322418213,A3_ROTATE_ONE_DIR,A3_ROTATE_ONE_DIR_R01_20260611_142325,delta-asda-b3-e,1591,RTSO|SO|OE|VE|QS|TR,3,0,418787611,299,16,0.06832,16,0.038256,302,49,4270,2391,6000,,300,,,,constant_speed,normal,0,no_load,cw,A3: rotate CW low speed,servo-app/lab-0.1
1781162656.0003192,49.954710483551025,A3_ROTATE_ONE_DIR,A3_ROTATE_ONE_DIR_R01_20260611_142325,delta-asda-b3-e,1591,RTSO|SO|OE|VE|QS|TR,3,0,419625756,300,19,0.08113,18,0.043038,301,49,4270,2391,6000,,300,,,,constant_speed,normal,0,no_load,cw,A3: rotate CW low speed,servo-app/lab-0.1
1781162656.1003706,50.05476188659668,A3_ROTATE_ONE_DIR,A3_ROTATE_ONE_DIR_R01_20260611_142325,delta-asda-b3-e,1591,RTSO|SO|OE|VE|QS|TR,3,0,420464598,299,20,0.0854,19,0.045429,301,49,4270,2391,6000,,300,,,,constant_speed,normal,0,no_load,cw,A3: rotate CW low speed,servo-app/lab-0.1
1781162656.2007017,50.15509295463562,A3_ROTATE_ONE_DIR,A3_ROTATE_ONE_DIR_R01_20260611_142325,delta-asda-b3-e,1591,RTSO|SO|OE|VE|QS|TR,3,0,421303266,300,16,0.06832,15,0.035865,301,49,4270,2391,6000,,300,,,,constant_speed,normal,0,no_load,cw,A3: rotate CW low speed,servo-app/lab-0.1
1781162656.3008635,50.2552547454834,A3_ROTATE_ONE_DIR,A3_ROTATE_ONE_DIR_R01_20260611_142325,delta-asda-b3-e,1591,RTSO|SO|OE|VE|QS|TR,3,0,422150847,299,18,0.07686,17,0.040647,301,49,4270,2391,6000,,300,,,,constant_speed,normal,0,no_load,cw,A3: rotate CW low speed,servo-app/lab-0.1
1781162656.4009948,50.35538601875305,A3_ROTATE_ONE_DIR,A3_ROTATE_ONE_DIR_R01_20260611_142325,delta-asda-b3-e,1591,RTSO|SO|OE|VE|QS|TR,3,0,422989735,300,18,0.07686,18,0.043038,301,49,4270,2391,6000,,300,,,,constant_speed,normal,0,no_load,cw,A3: rotate CW low speed,servo-app/lab-0.1
1781162656.5016267,50.45601797103882,A3_ROTATE_ONE_DIR,A3_ROTATE_ONE_DIR_R01_20260611_142325,delta-asda-b3-e,1591,RTSO|SO|OE|VE|QS|TR,3,0,423827951,299,20,0.0854,21,0.050211,301,49,4270,2391,6000,,300,,,,constant_speed,normal,0,no_load,cw,A3: rotate CW low speed,servo-app/lab-0.1
1781162656.602025,50.556416273117065,A3_ROTATE_ONE_DIR,A3_ROTATE_ONE_DIR_R01_20260611_142325,delta-asda-b3-e,1591,RTSO|SO|OE|VE|QS|TR,3,0,424675504,300,16,0.06832,17,0.040647,301,49,4270,2391,6000,,300,,,,constant_speed,normal,0,no_load,cw,A3: rotate CW low speed,servo-app/lab-0.1
1781162656.7020938,50.656485080718994,A3_ROTATE_ONE_DIR,A3_ROTATE_ONE_DIR_R01_20260611_142325,delta-asda-b3-e,1591,RTSO|SO|OE|VE|QS|TR,3,0,425514224,299,17,0.07259,17,0.040647,301,49,4270,2391,6000,,300,,,,constant_speed,normal,0,no_load,cw,A3: rotate CW low speed,servo-app/lab-0.1
1781162656.8024592,50.756850481033325,A3_ROTATE_ONE_DIR,A3_ROTATE_ONE_DIR_R01_20260611_142325,delta-asda-b3-e,1591,RTSO|SO|OE|VE|QS|TR,3,0,426352981,300,19,0.08113,18,0.043038,302,49,4270,2391,6000,,300,,,,constant_speed,normal,0,no_load,cw,A3: rotate CW low speed,servo-app/lab-0.1
1781162656.9028852,50.85727643966675,A3_ROTATE_ONE_DIR,A3_ROTATE_ONE_DIR_R01_20260611_142325,delta-asda-b3-e,1591,RTSO|SO|OE|VE|QS|TR,3,0,427200217,299,21,0.08967,20,0.04782,301,49,4270,2391,6000,,300,,,,constant_speed,normal,0,no_load,cw,A3: rotate CW low speed,servo-app/lab-0.1
1781162657.0034306,50.9578218460083,A3_ROTATE_ONE_DIR,A3_ROTATE_ONE_DIR_R01_20260611_142325,delta-asda-b3-e,1591,RTSO|SO|OE|VE|QS|TR,3,0,428038903,300,17,0.07259,16,0.038256,301,49,4270,2391,6000,,300,,,,constant_speed,normal,0,no_load,cw,A3: rotate CW low speed,servo-app/lab-0.1
1781162657.1035397,51.0579309463501,A3_ROTATE_ONE_DIR,A3_ROTATE_ONE_DIR_R01_20260611_142325,delta-asda-b3-e,1591,RTSO|SO|OE|VE|QS|TR,3,0,428877909,299,19,0.08113,18,0.043038,301,49,4270,2391,6000,,300,,,,constant_speed,normal,0,no_load,cw,A3: rotate CW low speed,servo-app/lab-0.1
1781162657.2036636,51.1580548286438,A3_ROTATE_ONE_DIR,A3_ROTATE_ONE_DIR_R01_20260611_142325,delta-asda-b3-e,1591,RTSO|SO|OE|VE|QS|TR,3,0,429716491,300,18,0.07686,18,0.043038,301,49,4270,2391,6000,,300,,,,constant_speed,normal,0,no_load,cw,A3: rotate CW low speed,servo-app/lab-0.1
1781162657.3037372,51.25812840461731,A3_ROTATE_ONE_DIR,A3_ROTATE_ONE_DIR_R01_20260611_142325,delta-asda-b3-e,1591,RTSO|SO|OE|VE|QS|TR,3,0,430555043,299,21,0.08967,21,0.050211,301,49,4270,2391,6000,,300,,,,constant_speed,normal,0,no_load,cw,A3: rotate CW low speed,servo-app/lab-0.1
1781162657.4039903,51.358381509780884,A3_ROTATE_ONE_DIR,A3_ROTATE_ONE_DIR_R01_20260611_142325,delta-asda-b3-e,1591,RTSO|SO|OE|VE|QS|TR,3,0,431403020,300,17,0.07259,15,0.035865,301,49,4270,2391,6000,,300,,,,constant_speed,normal,0,no_load,cw,A3: rotate CW low speed,servo-app/lab-0.1
1781162657.5045364,51.458927631378174,A3_ROTATE_ONE_DIR,A3_ROTATE_ONE_DIR_R01_20260611_142325,delta-asda-b3-e,1591,RTSO|SO|OE|VE|QS|TR,3,0,432241320,299,18,0.07686,18,0.043038,301,49,4270,2391,6000,,300,,,,constant_speed,normal,0,no_load,cw,A3: rotate CW low speed,servo-app/lab-0.1
1781162657.604948,51.55933928489685,A3_ROTATE_ONE_DIR,A3_ROTATE_ONE_DIR_R01_20260611_142325,delta-asda-b3-e,1591,RTSO|SO|OE|VE|QS|TR,3,0,433088610,300,20,0.0854,19,0.045429,301,49,4270,2391,6000,,300,,,,constant_speed,normal,0,no_load,cw,A3: rotate CW low speed,servo-app/lab-0.1
1781162657.7050252,51.65941643714905,A3_ROTATE_ONE_DIR,A3_ROTATE_ONE_DIR_R01_20260611_142325,delta-asda-b3-e,1591,RTSO|SO|OE|VE|QS|TR,3,0,433926924,299,22,0.09394,21,0.050211,301,49,4270,2391,6000,,300,,,,constant_speed,normal,0,no_load,cw,A3: rotate CW low speed,servo-app/lab-0.1
1781162657.805486,51.75987720489502,A3_ROTATE_ONE_DIR,A3_ROTATE_ONE_DIR_R01_20260611_142325,delta-asda-b3-e,1591,RTSO|SO|OE|VE|QS|TR,3,0,434766250,300,18,0.07686,16,0.038256,302,49,4270,2391,6000,,300,,,,constant_speed,normal,0,no_load,cw,A3: rotate CW low speed,servo-app/lab-0.1
1781162657.905762,51.86015319824219,A3_ROTATE_ONE_DIR,A3_ROTATE_ONE_DIR_R01_20260611_142325,delta-asda-b3-e,1591,RTSO|SO|OE|VE|QS|TR,3,0,435613671,299,17,0.07259,16,0.038256,302,49,4270,2391,6000,,300,,,,constant_speed,normal,0,no_load,cw,A3: rotate CW low speed,servo-app/lab-0.1
1781162658.0063226,51.9607138633728,A3_ROTATE_ONE_DIR,A3_ROTATE_ONE_DIR_R01_20260611_142325,delta-asda-b3-e,1591,RTSO|SO|OE|VE|QS|TR,3,0,436451995,300,19,0.08113,19,0.045429,302,49,4270,2391,6000,,300,,,,constant_speed,normal,0,no_load,cw,A3: rotate CW low speed,servo-app/lab-0.1
1781162658.1065013,52.0608925819397,A3_ROTATE_ONE_DIR,A3_ROTATE_ONE_DIR_R01_20260611_142325,delta-asda-b3-e,1591,RTSO|SO|OE|VE|QS|TR,3,0,437290602,298,21,0.08967,20,0.04782,302,49,4270,2391,6000,,300,,,,constant_speed,normal,0,no_load,cw,A3: rotate CW low speed,servo-app/lab-0.1
1781162658.206995,52.161386251449585,A3_ROTATE_ONE_DIR,A3_ROTATE_ONE_DIR_R01_20260611_142325,delta-asda-b3-e,1591,RTSO|SO|OE|VE|QS|TR,3,0,438138089,300,14,0.05978,16,0.038256,301,49,4270,2391,6000,,300,,,,constant_speed,normal,0,no_load,cw,A3: rotate CW low speed,servo-app/lab-0.1
1781162658.3075507,52.26194190979004,A3_ROTATE_ONE_DIR,A3_ROTATE_ONE_DIR_R01_20260611_142325,delta-asda-b3-e,1591,RTSO|SO|OE|VE|QS|TR,3,0,438976960,299,17,0.07259,18,0.043038,301,49,4270,2391,6000,,300,,,,constant_speed,normal,0,no_load,cw,A3: rotate CW low speed,servo-app/lab-0.1
1781162658.4076595,52.36205077171326,A3_ROTATE_ONE_DIR,A3_ROTATE_ONE_DIR_R01_20260611_142325,delta-asda-b3-e,1591,RTSO|SO|OE|VE|QS|TR,3,0,439816063,300,17,0.07259,19,0.045429,301,49,4270,2391,6000,,300,,,,constant_speed,normal,0,no_load,cw,A3: rotate CW low speed,servo-app/lab-0.1
1781162658.5120075,52.4663987159729,A3_ROTATE_ONE_DIR,A3_ROTATE_ONE_DIR_R01_20260611_142325,delta-asda-b3-e,1591,RTSO|SO|OE|VE|QS|TR,3,0,440695773,299,21,0.08967,22,0.052602,301,49,4270,2391,6000,,300,,,,constant_speed,normal,0,no_load,cw,A3: rotate CW low speed,servo-app/lab-0.1
1781162658.6121795,52.56657075881958,A3_ROTATE_ONE_DIR,A3_ROTATE_ONE_DIR_R01_20260611_142325,delta-asda-b3-e,1591,RTSO|SO|OE|VE|QS|TR,3,0,441535387,301,16,0.06832,16,0.038256,301,49,4270,2391,6000,,300,,,,constant_speed,normal,0,no_load,cw,A3: rotate CW low speed,servo-app/lab-0.1
1781162658.7136748,52.66806602478027,A3_ROTATE_ONE_DIR,A3_ROTATE_ONE_DIR_R01_20260611_142325,delta-asda-b3-e,1591,RTSO|SO|OE|VE|QS|TR,3,0,442382414,300,16,0.06832,17,0.040647,301,49,4270,2391,6000,,300,,,,constant_speed,normal,0,no_load,cw,A3: rotate CW low speed,servo-app/lab-0.1
1781162658.8137467,52.76813793182373,A3_ROTATE_ONE_DIR,A3_ROTATE_ONE_DIR_R01_20260611_142325,delta-asda-b3-e,1591,RTSO|SO|OE|VE|QS|TR,3,0,443229949,301,18,0.07686,18,0.043038,301,49,4270,2391,6000,,300,,,,constant_speed,normal,0,no_load,cw,A3: rotate CW low speed,servo-app/lab-0.1
1781162658.9142723,52.86866354942322,A3_ROTATE_ONE_DIR,A3_ROTATE_ONE_DIR_R01_20260611_142325,delta-asda-b3-e,1591,RTSO|SO|OE|VE|QS|TR,3,0,444068116,299,23,0.09821,22,0.052602,301,49,4270,2391,6000,,300,,,,constant_speed,normal,0,no_load,cw,A3: rotate CW low speed,servo-app/lab-0.1
1781162659.014745,52.969136238098145,A3_ROTATE_ONE_DIR,A3_ROTATE_ONE_DIR_R01_20260611_142325,delta-asda-b3-e,1591,RTSO|SO|OE|VE|QS|TR,3,0,444907341,300,16,0.06832,16,0.038256,301,49,4270,2391,6000,,300,,,,constant_speed,normal,0,no_load,cw,A3: rotate CW low speed,servo-app/lab-0.1
1781162659.115006,53.06939721107483,A3_ROTATE_ONE_DIR,A3_ROTATE_ONE_DIR_R01_20260611_142325,delta-asda-b3-e,1591,RTSO|SO|OE|VE|QS|TR,3,0,445754152,299,20,0.0854,18,0.043038,301,49,4270,2391,6000,,300,,,,constant_speed,normal,0,no_load,cw,A3: rotate CW low speed,servo-app/lab-0.1
1781162659.2153406,53.169731855392456,A3_ROTATE_ONE_DIR,A3_ROTATE_ONE_DIR_R01_20260611_142325,delta-asda-b3-e,1591,RTSO|SO|OE|VE|QS|TR,3,0,446593569,301,18,0.07686,17,0.040647,301,49,4270,2391,6000,,300,,,,constant_speed,normal,0,no_load,cw,A3: rotate CW low speed,servo-app/lab-0.1
1781162659.3163843,53.27077555656433,A3_ROTATE_ONE_DIR,A3_ROTATE_ONE_DIR_R01_20260611_142325,delta-asda-b3-e,1591,RTSO|SO|OE|VE|QS|TR,3,0,447439715,299,23,0.09821,23,0.054993,301,49,4270,2391,6000,,300,,,,constant_speed,normal,0,no_load,cw,A3: rotate CW low speed,servo-app/lab-0.1
1781162659.4165998,53.37099099159241,A3_ROTATE_ONE_DIR,A3_ROTATE_ONE_DIR_R01_20260611_142325,delta-asda-b3-e,1591,RTSO|SO|OE|VE|QS|TR,3,0,448279794,301,16,0.06832,15,0.035865,301,49,4270,2391,6000,,300,,,,constant_speed,normal,0,no_load,cw,A3: rotate CW low speed,servo-app/lab-0.1
1781162659.5170956,53.47148680686951,A3_ROTATE_ONE_DIR,A3_ROTATE_ONE_DIR_R01_20260611_142325,delta-asda-b3-e,1591,RTSO|SO|OE|VE|QS|TR,3,0,449125928,299,19,0.08113,20,0.04782,301,49,4270,2391,6000,,300,,,,constant_speed,normal,0,no_load,cw,A3: rotate CW low speed,servo-app/lab-0.1
1781162659.617214,53.57160520553589,A3_ROTATE_ONE_DIR,A3_ROTATE_ONE_DIR_R01_20260611_142325,delta-asda-b3-e,1591,RTSO|SO|OE|VE|QS|TR,3,0,449965377,300,17,0.07259,20,0.04782,301,49,4270,2391,6000,,300,,,,constant_speed,normal,0,no_load,cw,A3: rotate CW low speed,servo-app/lab-0.1
1781162659.7174618,53.67185306549072,A3_ROTATE_ONE_DIR,A3_ROTATE_ONE_DIR_R01_20260611_142325,delta-asda-b3-e,1591,RTSO|SO|OE|VE|QS|TR,3,0,450803432,300,20,0.0854,22,0.052602,301,49,4270,2391,6000,,300,,,,constant_speed,normal,0,no_load,cw,A3: rotate CW low speed,servo-app/lab-0.1
1781162659.8176098,53.77200102806091,A3_ROTATE_ONE_DIR,A3_ROTATE_ONE_DIR_R01_20260611_142325,delta-asda-b3-e,1591,RTSO|SO|OE|VE|QS|TR,3,0,451643218,301,16,0.06832,17,0.040647,301,49,4270,2391,6000,,300,,,,constant_speed,normal,0,no_load,cw,A3: rotate CW low speed,servo-app/lab-0.1
1781162659.9182944,53.87268567085266,A3_ROTATE_ONE_DIR,A3_ROTATE_ONE_DIR_R01_20260611_142325,delta-asda-b3-e,1591,RTSO|SO|OE|VE|QS|TR,3,0,452490054,299,15,0.06405,16,0.038256,301,49,4270,2391,6000,,300,,,,constant_speed,normal,0,no_load,cw,A3: rotate CW low speed,servo-app/lab-0.1
1781162660.0184343,53.97282552719116,A3_ROTATE_ONE_DIR,A3_ROTATE_ONE_DIR_R01_20260611_142325,delta-asda-b3-e,1591,RTSO|SO|OE|VE|QS|TR,3,0,453328873,300,19,0.08113,18,0.043038,301,49,4270,2391,6000,,300,,,,constant_speed,normal,0,no_load,cw,A3: rotate CW low speed,servo-app/lab-0.1
1781162660.1187465,54.07313776016235,A3_ROTATE_ONE_DIR,A3_ROTATE_ONE_DIR_R01_20260611_142325,delta-asda-b3-e,1591,RTSO|SO|OE|VE|QS|TR,3,0,454166898,299,20,0.0854,22,0.052602,301,49,4270,2391,6000,,300,,,,constant_speed,normal,0,no_load,cw,A3: rotate CW low speed,servo-app/lab-0.1
1781162660.2189925,54.173383712768555,A3_ROTATE_ONE_DIR,A3_ROTATE_ONE_DIR_R01_20260611_142325,delta-asda-b3-e,1591,RTSO|SO|OE|VE|QS|TR,3,0,455015321,301,15,0.06405,14,0.033474,301,49,4270,2391,6000,,300,,,,constant_speed,normal,0,no_load,cw,A3: rotate CW low speed,servo-app/lab-0.1
1781162660.3195982,54.27398943901062,A3_ROTATE_ONE_DIR,A3_ROTATE_ONE_DIR_R01_20260611_142325,delta-asda-b3-e,1591,RTSO|SO|OE|VE|QS|TR,3,0,455853392,299,16,0.06832,17,0.040647,301,49,4270,2391,6000,,300,,,,constant_speed,normal,0,no_load,cw,A3: rotate CW low speed,servo-app/lab-0.1
1781162660.4201787,54.3745698928833,A3_ROTATE_ONE_DIR,A3_ROTATE_ONE_DIR_R01_20260611_142325,delta-asda-b3-e,1591,RTSO|SO|OE|VE|QS|TR,3,0,456701352,301,18,0.07686,16,0.038256,301,49,4270,2391,6000,,300,,,,constant_speed,normal,0,no_load,cw,A3: rotate CW low speed,servo-app/lab-0.1
1781162660.5208232,54.47521448135376,A3_ROTATE_ONE_DIR,A3_ROTATE_ONE_DIR_R01_20260611_142325,delta-asda-b3-e,1591,RTSO|SO|OE|VE|QS|TR,3,0,457547043,299,22,0.09394,22,0.052602,301,49,4270,2391,6000,,300,,,,constant_speed,normal,0,no_load,cw,A3: rotate CW low speed,servo-app/lab-0.1
1781162660.621018,54.575409173965454,A3_ROTATE_ONE_DIR,A3_ROTATE_ONE_DIR_R01_20260611_142325,delta-asda-b3-e,1591,RTSO|SO|OE|VE|QS|TR,3,0,458429321,301,17,0.07259,17,0.040647,301,49,4270,2391,6000,,300,,,,constant_speed,normal,0,no_load,cw,A3: rotate CW low speed,servo-app/lab-0.1
1781162660.721279,54.67567014694214,A3_ROTATE_ONE_DIR,A3_ROTATE_ONE_DIR_R01_20260611_142325,delta-asda-b3-e,1591,RTSO|SO|OE|VE|QS|TR,3,0,459225460,300,16,0.06832,17,0.040647,301,49,4270,2391,6000,,300,,,,constant_speed,normal,0,no_load,cw,A3: rotate CW low speed,servo-app/lab-0.1
1781162660.8214722,54.77586340904236,A3_ROTATE_ONE_DIR,A3_ROTATE_ONE_DIR_R01_20260611_142325,delta-asda-b3-e,1591,RTSO|SO|OE|VE|QS|TR,3,0,460064669,301,18,0.07686,18,0.043038,301,49,4270,2391,6000,,300,,,,constant_speed,normal,0,no_load,cw,A3: rotate CW low speed,servo-app/lab-0.1
1781162660.9229362,54.87732744216919,A3_ROTATE_ONE_DIR,A3_ROTATE_ONE_DIR_R01_20260611_142325,delta-asda-b3-e,1591,RTSO|SO|OE|VE|QS|TR,3,0,460919328,299,22,0.09394,23,0.054993,301,49,4270,2391,6000,,300,,,,constant_speed,normal,0,no_load,cw,A3: rotate CW low speed,servo-app/lab-0.1
1781162661.0233333,54.97772455215454,A3_ROTATE_ONE_DIR,A3_ROTATE_ONE_DIR_R01_20260611_142325,delta-asda-b3-e,1591,RTSO|SO|OE|VE|QS|TR,3,0,461758989,301,18,0.07686,18,0.043038,301,49,4270,2391,6000,,300,,,,constant_speed,normal,0,no_load,cw,A3: rotate CW low speed,servo-app/lab-0.1
1781162661.1238346,55.07822585105896,A3_ROTATE_ONE_DIR,A3_ROTATE_ONE_DIR_R01_20260611_142325,delta-asda-b3-e,1591,RTSO|SO|OE|VE|QS|TR,3,0,462605426,299,18,0.07686,18,0.043038,301,49,4270,2391,6000,,300,,,,constant_speed,normal,0,no_load,cw,A3: rotate CW low speed,servo-app/lab-0.1
1781162661.224128,55.1785192489624,A3_ROTATE_ONE_DIR,A3_ROTATE_ONE_DIR_R01_20260611_142325,delta-asda-b3-e,1591,RTSO|SO|OE|VE|QS|TR,3,0,463445342,301,18,0.07686,17,0.040647,301,49,4270,2391,6000,,300,,,,constant_speed,normal,0,no_load,cw,A3: rotate CW low speed,servo-app/lab-0.1
1781162661.324357,55.27874827384949,A3_ROTATE_ONE_DIR,A3_ROTATE_ONE_DIR_R01_20260611_142325,delta-asda-b3-e,1591,RTSO|SO|OE|VE|QS|TR,3,0,464282531,299,24,0.10248,24,0.057384,301,49,4270,2391,6000,,300,,,,constant_speed,normal,0,no_load,cw,A3: rotate CW low speed,servo-app/lab-0.1
1781162661.4246807,55.379071950912476,A3_ROTATE_ONE_DIR,A3_ROTATE_ONE_DIR_R01_20260611_142325,delta-asda-b3-e,1591,RTSO|SO|OE|VE|QS|TR,3,0,465122882,301,18,0.07686,17,0.040647,301,49,4270,2391,6000,,300,,,,constant_speed,normal,0,no_load,cw,A3: rotate CW low speed,servo-app/lab-0.1
1781162661.5249302,55.47932147979736,A3_ROTATE_ONE_DIR,A3_ROTATE_ONE_DIR_R01_20260611_142325,delta-asda-b3-e,1591,RTSO|SO|OE|VE|QS|TR,3,0,465968576,299,20,0.0854,19,0.045429,300,49,4270,2391,6000,,300,,,,constant_speed,normal,0,no_load,cw,A3: rotate CW low speed,servo-app/lab-0.1
1781162661.626375,55.58076620101929,A3_ROTATE_ONE_DIR,A3_ROTATE_ONE_DIR_R01_20260611_142325,delta-asda-b3-e,1591,RTSO|SO|OE|VE|QS|TR,3,0,466816718,300,19,0.08113,19,0.045429,301,49,4270,2391,6000,,300,,,,constant_speed,normal,0,no_load,cw,A3: rotate CW low speed,servo-app/lab-0.1
1781162661.7270184,55.68140959739685,A3_ROTATE_ONE_DIR,A3_ROTATE_ONE_DIR_R01_20260611_142325,delta-asda-b3-e,1591,RTSO|SO|OE|VE|QS|TR,3,0,467662970,300,21,0.08967,24,0.057384,301,49,4270,2391,6000,,300,,,,constant_speed,normal,0,no_load,cw,A3: rotate CW low speed,servo-app/lab-0.1
1781162661.827185,55.78157615661621,A3_ROTATE_ONE_DIR,A3_ROTATE_ONE_DIR_R01_20260611_142325,delta-asda-b3-e,1591,RTSO|SO|OE|VE|QS|TR,3,0,468502979,300,18,0.07686,19,0.045429,302,49,4270,2391,6000,,300,,,,constant_speed,normal,0,no_load,cw,A3: rotate CW low speed,servo-app/lab-0.1
1781162661.9277482,55.882139444351196,A3_ROTATE_ONE_DIR,A3_ROTATE_ONE_DIR_R01_20260611_142325,delta-asda-b3-e,1591,RTSO|SO|OE|VE|QS|TR,3,0,469341021,299,18,0.07686,20,0.04782,301,49,4270,2391,6000,,300,,,,constant_speed,normal,0,no_load,cw,A3: rotate CW low speed,servo-app/lab-0.1
1781162662.0280323,55.982423543930054,A3_ROTATE_ONE_DIR,A3_ROTATE_ONE_DIR_R01_20260611_142325,delta-asda-b3-e,1591,RTSO|SO|OE|VE|QS|TR,3,0,470197082,300,19,0.08113,19,0.045429,301,49,4270,2391,6000,,300,,,,constant_speed,normal,0,no_load,cw,A3: rotate CW low speed,servo-app/lab-0.1
1781162662.1281266,56.082517862319946,A3_ROTATE_ONE_DIR,A3_ROTATE_ONE_DIR_R01_20260611_142325,delta-asda-b3-e,1591,RTSO|SO|OE|VE|QS|TR,3,0,471026488,299,20,0.0854,22,0.052602,301,49,4270,2391,6000,,300,,,,constant_speed,normal,0,no_load,cw,A3: rotate CW low speed,servo-app/lab-0.1
1781162662.2291305,56.18352174758911,A3_ROTATE_ONE_DIR,A3_ROTATE_ONE_DIR_R01_20260611_142325,delta-asda-b3-e,1591,RTSO|SO|OE|VE|QS|TR,3,0,471875490,301,16,0.06832,16,0.038256,301,49,4270,2391,6000,,300,,,,constant_speed,normal,0,no_load,cw,A3: rotate CW low speed,servo-app/lab-0.1
1781162662.3294058,56.28379702568054,A3_ROTATE_ONE_DIR,A3_ROTATE_ONE_DIR_R01_20260611_142325,delta-asda-b3-e,1591,RTSO|SO|OE|VE|QS|TR,3,0,472712879,299,18,0.07686,18,0.043038,301,49,4270,2391,6000,,300,,,,constant_speed,normal,0,no_load,cw,A3: rotate CW low speed,servo-app/lab-0.1
1781162662.430262,56.38465332984924,A3_ROTATE_ONE_DIR,A3_ROTATE_ONE_DIR_R01_20260611_142325,delta-asda-b3-e,1591,RTSO|SO|OE|VE|QS|TR,3,0,473561163,300,17,0.07259,16,0.038256,301,49,4270,2391,6000,,300,,,,constant_speed,normal,0,no_load,cw,A3: rotate CW low speed,servo-app/lab-0.1
1781162662.530395,56.48478627204895,A3_ROTATE_ONE_DIR,A3_ROTATE_ONE_DIR_R01_20260611_142325,delta-asda-b3-e,1591,RTSO|SO|OE|VE|QS|TR,3,0,474398271,299,21,0.08967,19,0.045429,301,49,4270,2391,6000,,300,,,,constant_speed,normal,0,no_load,cw,A3: rotate CW low speed,servo-app/lab-0.1
1781162662.6310055,56.5853967666626,A3_ROTATE_ONE_DIR,A3_ROTATE_ONE_DIR_R01_20260611_142325,delta-asda-b3-e,1591,RTSO|SO|OE|VE|QS|TR,3,0,475247105,301,18,0.07686,18,0.043038,301,49,4270,2391,6000,,300,,,,constant_speed,normal,0,no_load,cw,A3: rotate CW low speed,servo-app/lab-0.1
1781162662.7316067,56.68599796295166,A3_ROTATE_ONE_DIR,A3_ROTATE_ONE_DIR_R01_20260611_142325,delta-asda-b3-e,1591,RTSO|SO|OE|VE|QS|TR,3,0,476093505,300,17,0.07259,17,0.040647,301,49,4270,2391,6000,,300,,,,constant_speed,normal,0,no_load,cw,A3: rotate CW low speed,servo-app/lab-0.1
1781162662.832593,56.78698420524597,A3_ROTATE_ONE_DIR,A3_ROTATE_ONE_DIR_R01_20260611_142325,delta-asda-b3-e,1591,RTSO|SO|OE|VE|QS|TR,3,0,476932920,300,19,0.08113,19,0.045429,302,49,4270,2391,6000,,300,,,,constant_speed,normal,0,no_load,cw,A3: rotate CW low speed,servo-app/lab-0.1
1781162662.9329348,56.88732600212097,A3_ROTATE_ONE_DIR,A3_ROTATE_ONE_DIR_R01_20260611_142325,delta-asda-b3-e,1591,RTSO|SO|OE|VE|QS|TR,3,0,477778851,299,21,0.08967,22,0.052602,301,49,4270,2391,6000,,300,,,,constant_speed,normal,0,no_load,cw,A3: rotate CW low speed,servo-app/lab-0.1
1781162663.033138,56.987529277801514,A3_ROTATE_ONE_DIR,A3_ROTATE_ONE_DIR_R01_20260611_142325,delta-asda-b3-e,1591,RTSO|SO|OE|VE|QS|TR,3,0,478618921,301,19,0.08113,18,0.043038,301,49,4270,2391,6000,,300,,,,constant_speed,normal,0,no_load,cw,A3: rotate CW low speed,servo-app/lab-0.1
1781162663.1332688,57.08766007423401,A3_ROTATE_ONE_DIR,A3_ROTATE_ONE_DIR_R01_20260611_142325,delta-asda-b3-e,1591,RTSO|SO|OE|VE|QS|TR,3,0,479456685,299,19,0.08113,19,0.045429,301,49,4270,2391,6000,,300,,,,constant_speed,normal,0,no_load,cw,A3: rotate CW low speed,servo-app/lab-0.1
1781162663.233726,57.188117265701294,A3_ROTATE_ONE_DIR,A3_ROTATE_ONE_DIR_R01_20260611_142325,delta-asda-b3-e,1591,RTSO|SO|OE|VE|QS|TR,3,0,480296927,301,17,0.07259,17,0.040647,301,49,4270,2391,6000,,300,,,,constant_speed,normal,0,no_load,cw,A3: rotate CW low speed,servo-app/lab-0.1
1781162663.3348439,57.28923511505127,A3_ROTATE_ONE_DIR,A3_ROTATE_ONE_DIR_R01_20260611_142325,delta-asda-b3-e,1591,RTSO|SO|OE|VE|QS|TR,3,0,481150558,299,23,0.09821,22,0.052602,301,49,4270,2391,6000,,300,,,,constant_speed,normal,0,no_load,cw,A3: rotate CW low speed,servo-app/lab-0.1
1781162663.435354,57.389745235443115,A3_ROTATE_ONE_DIR,A3_ROTATE_ONE_DIR_R01_20260611_142325,delta-asda-b3-e,1591,RTSO|SO|OE|VE|QS|TR,3,0,481991137,300,20,0.0854,19,0.045429,302,49,4270,2391,6000,,300,,,,constant_speed,normal,0,no_load,cw,A3: rotate CW low speed,servo-app/lab-0.1
1781162663.535699,57.490090131759644,A3_ROTATE_ONE_DIR,A3_ROTATE_ONE_DIR_R01_20260611_142325,delta-asda-b3-e,1591,RTSO|SO|OE|VE|QS|TR,3,0,482836879,299,16,0.06832,18,0.043038,302,49,4270,2391,6000,,300,,,,constant_speed,normal,0,no_load,cw,A3: rotate CW low speed,servo-app/lab-0.1
1781162663.6364243,57.59081554412842,A3_ROTATE_ONE_DIR,A3_ROTATE_ONE_DIR_R01_20260611_142325,delta-asda-b3-e,1591,RTSO|SO|OE|VE|QS|TR,3,0,483676851,300,17,0.07259,17,0.040647,302,49,4270,2391,6000,,300,,,,constant_speed,normal,0,no_load,cw,A3: rotate CW low speed,servo-app/lab-0.1
1781162663.7370448,57.69143605232239,A3_ROTATE_ONE_DIR,A3_ROTATE_ONE_DIR_R01_20260611_142325,delta-asda-b3-e,1591,RTSO|SO|OE|VE|QS|TR,3,0,484522950,300,20,0.0854,21,0.050211,302,49,4270,2391,6000,,300,,,,constant_speed,normal,0,no_load,cw,A3: rotate CW low speed,servo-app/lab-0.1
1781162663.837523,57.791914224624634,A3_ROTATE_ONE_DIR,A3_ROTATE_ONE_DIR_R01_20260611_142325,delta-asda-b3-e,1591,RTSO|SO|OE|VE|QS|TR,3,0,485362893,300,17,0.07259,19,0.045429,302,49,4270,2391,6000,,300,,,,constant_speed,normal,0,no_load,cw,A3: rotate CW low speed,servo-app/lab-0.1
1781162663.9379854,57.89237666130066,A3_ROTATE_ONE_DIR,A3_ROTATE_ONE_DIR_R01_20260611_142325,delta-asda-b3-e,1591,RTSO|SO|OE|VE|QS|TR,3,0,486209077,299,16,0.06832,17,0.040647,302,49,4270,2391,6000,,300,,,,constant_speed,normal,0,no_load,cw,A3: rotate CW low speed,servo-app/lab-0.1
1781162664.0384498,57.99284100532532,A3_ROTATE_ONE_DIR,A3_ROTATE_ONE_DIR_R01_20260611_142325,delta-asda-b3-e,1591,RTSO|SO|OE|VE|QS|TR,3,0,487048708,300,15,0.06405,16,0.038256,302,49,4270,2391,6000,,300,,,,constant_speed,normal,0,no_load,cw,A3: rotate CW low speed,servo-app/lab-0.1
1781162664.138866,58.093257188797,A3_ROTATE_ONE_DIR,A3_ROTATE_ONE_DIR_R01_20260611_142325,delta-asda-b3-e,1591,RTSO|SO|OE|VE|QS|TR,3,0,487894664,299,20,0.0854,19,0.045429,302,49,4270,2391,6000,,300,,,,constant_speed,normal,0,no_load,cw,A3: rotate CW low speed,servo-app/lab-0.1
1781162664.2391524,58.193543672561646,A3_ROTATE_ONE_DIR,A3_ROTATE_ONE_DIR_R01_20260611_142325,delta-asda-b3-e,1591,RTSO|SO|OE|VE|QS|TR,3,0,488735267,300,16,0.06832,16,0.038256,302,49,4270,2391,6000,,300,,,,constant_speed,normal,0,no_load,cw,A3: rotate CW low speed,servo-app/lab-0.1
1781162664.3395026,58.293893814086914,A3_ROTATE_ONE_DIR,A3_ROTATE_ONE_DIR_R01_20260611_142325,delta-asda-b3-e,1591,RTSO|SO|OE|VE|QS|TR,3,0,489572490,299,18,0.07686,18,0.043038,302,49,4270,2391,6000,,300,,,,constant_speed,normal,0,no_load,cw,A3: rotate CW low speed,servo-app/lab-0.1
1781162664.4400811,58.39447236061096,A3_ROTATE_ONE_DIR,A3_ROTATE_ONE_DIR_R01_20260611_142325,delta-asda-b3-e,1591,RTSO|SO|OE|VE|QS|TR,3,0,490420767,300,15,0.06405,14,0.033474,302,49,4270,2391,6000,,300,,,,constant_speed,normal,0,no_load,cw,A3: rotate CW low speed,servo-app/lab-0.1
1781162664.5407238,58.49511504173279,A3_ROTATE_ONE_DIR,A3_ROTATE_ONE_DIR_R01_20260611_142325,delta-asda-b3-e,1591,RTSO|SO|OE|VE|QS|TR,3,0,491258143,300,20,0.0854,18,0.043038,301,49,4270,2391,6000,,300,,,,constant_speed,normal,0,no_load,cw,A3: rotate CW low speed,servo-app/lab-0.1
1781162664.6421459,58.5965371131897,A3_ROTATE_ONE_DIR,A3_ROTATE_ONE_DIR_R01_20260611_142325,delta-asda-b3-e,1591,RTSO|SO|OE|VE|QS|TR,3,0,492115387,301,17,0.07259,17,0.040647,301,49,4270,2391,6000,,300,,,,constant_speed,normal,0,no_load,cw,A3: rotate CW low speed,servo-app/lab-0.1
1781162664.743249,58.69764018058777,A3_ROTATE_ONE_DIR,A3_ROTATE_ONE_DIR_R01_20260611_142325,delta-asda-b3-e,1591,RTSO|SO|OE|VE|QS|TR,3,0,492961758,300,16,0.06832,15,0.035865,302,49,4270,2391,6000,,300,,,,constant_speed,normal,0,no_load,cw,A3: rotate CW low speed,servo-app/lab-0.1
1781162664.8436644,58.79805564880371,A3_ROTATE_ONE_DIR,A3_ROTATE_ONE_DIR_R01_20260611_142325,delta-asda-b3-e,1591,RTSO|SO|OE|VE|QS|TR,3,0,493801008,300,17,0.07259,17,0.040647,302,49,4270,2391,6000,,300,,,,constant_speed,normal,0,no_load,cw,A3: rotate CW low speed,servo-app/lab-0.1
1781162664.944126,58.89851713180542,A3_ROTATE_ONE_DIR,A3_ROTATE_ONE_DIR_R01_20260611_142325,delta-asda-b3-e,1591,RTSO|SO|OE|VE|QS|TR,3,0,494647028,300,20,0.0854,21,0.050211,302,49,4270,2391,6000,,300,,,,constant_speed,normal,0,no_load,cw,A3: rotate CW low speed,servo-app/lab-0.1
1781162665.044322,58.99871325492859,A3_ROTATE_ONE_DIR,A3_ROTATE_ONE_DIR_R01_20260611_142325,delta-asda-b3-e,1591,RTSO|SO|OE|VE|QS|TR,3,0,495487361,301,16,0.06832,17,0.040647,301,49,4270,2391,6000,,300,,,,constant_speed,normal,0,no_load,cw,A3: rotate CW low speed,servo-app/lab-0.1
1781162665.144788,59.0991792678833,A3_ROTATE_ONE_DIR,A3_ROTATE_ONE_DIR_R01_20260611_142325,delta-asda-b3-e,1591,RTSO|SO|OE|VE|QS|TR,3,0,496325024,300,17,0.07259,16,0.038256,301,49,4270,2391,6000,,300,,,,constant_speed,normal,0,no_load,cw,A3: rotate CW low speed,servo-app/lab-0.1
1781162665.2461352,59.20052647590637,A3_ROTATE_ONE_DIR,A3_ROTATE_ONE_DIR_R01_20260611_142325,delta-asda-b3-e,1591,RTSO|SO|OE|VE|QS|TR,3,0,497181807,300,16,0.06832,16,0.038256,301,49,4270,2391,6000,,300,,,,constant_speed,normal,0,no_load,cw,A3: rotate CW low speed,servo-app/lab-0.1
1781162665.346927,59.30131816864014,A3_ROTATE_ONE_DIR,A3_ROTATE_ONE_DIR_R01_20260611_142325,delta-asda-b3-e,1591,RTSO|SO|OE|VE|QS|TR,3,0,498027162,300,20,0.0854,22,0.052602,301,49,4270,2391,6000,,300,,,,constant_speed,normal,0,no_load,cw,A3: rotate CW low speed,servo-app/lab-0.1
1781162665.4474704,59.40186166763306,A3_ROTATE_ONE_DIR,A3_ROTATE_ONE_DIR_R01_20260611_142325,delta-asda-b3-e,1591,RTSO|SO|OE|VE|QS|TR,3,0,498884349,300,18,0.07686,19,0.045429,301,49,4270,2391,6000,,300,,,,constant_speed,normal,0,no_load,cw,A3: rotate CW low speed,servo-app/lab-0.1
1781162665.547841,59.50223231315613,A3_ROTATE_ONE_DIR,A3_ROTATE_ONE_DIR_R01_20260611_142325,delta-asda-b3-e,1591,RTSO|SO|OE|VE|QS|TR,3,0,499705326,301,17,0.07259,18,0.043038,301,49,4270,2391,6000,,300,,,,constant_speed,normal,0,no_load,cw,A3: rotate CW low speed,servo-app/lab-0.1
1781162665.6488676,59.60325884819031,A3_ROTATE_ONE_DIR,A3_ROTATE_ONE_DIR_R01_20260611_142325,delta-asda-b3-e,1591,RTSO|SO|OE|VE|QS|TR,3,0,500553388,300,15,0.06405,17,0.040647,301,49,4270,2391,6000,,300,,,,constant_speed,normal,0,no_load,cw,A3: rotate CW low speed,servo-app/lab-0.1
1781162665.7490473,59.70343852043152,A3_ROTATE_ONE_DIR,A3_ROTATE_ONE_DIR_R01_20260611_142325,delta-asda-b3-e,1591,RTSO|SO|OE|VE|QS|TR,3,0,501399690,300,19,0.08113,19,0.045429,301,49,4270,2391,6000,,300,,,,constant_speed,normal,0,no_load,cw,A3: rotate CW low speed,servo-app/lab-0.1
1781162665.8493958,59.80378699302673,A3_ROTATE_ONE_DIR,A3_ROTATE_ONE_DIR_R01_20260611_142325,delta-asda-b3-e,1591,RTSO|SO|OE|VE|QS|TR,3,0,502239453,300,19,0.08113,18,0.043038,301,49,4270,2391,6000,,300,,,,constant_speed,normal,0,no_load,cw,A3: rotate CW low speed,servo-app/lab-0.1
1781162665.9496891,59.904080390930176,A3_ROTATE_ONE_DIR,A3_ROTATE_ONE_DIR_R01_20260611_142325,delta-asda-b3-e,1591,RTSO|SO|OE|VE|QS|TR,3,0,503077391,300,18,0.07686,18,0.043038,301,49,4270,2391,6000,,300,,,,constant_speed,normal,0,no_load,cw,A3: rotate CW low speed,servo-app/lab-0.1
1781162666.0500975,60.004488706588745,A3_ROTATE_ONE_DIR,A3_ROTATE_ONE_DIR_R01_20260611_142325,delta-asda-b3-e,1591,RTSO|SO|OE|VE|QS|TR,3,0,503925585,301,16,0.06832,14,0.033474,301,49,4270,2391,6000,,300,,,,constant_speed,normal,0,no_load,cw,A3: rotate CW low speed,servo-app/lab-0.1
1781162666.1503758,60.104767084121704,A3_ROTATE_ONE_DIR,A3_ROTATE_ONE_DIR_R01_20260611_142325,delta-asda-b3-e,1591,RTSO|SO|OE|VE|QS|TR,3,0,504763202,301,19,0.08113,18,0.043038,301,49,4270,2391,6000,,300,,,,constant_speed,normal,0,no_load,cw,A3: rotate CW low speed,servo-app/lab-0.1
1781162666.2509348,60.205326080322266,A3_ROTATE_ONE_DIR,A3_ROTATE_ONE_DIR_R01_20260611_142325,delta-asda-b3-e,1591,RTSO|SO|OE|VE|QS|TR,3,0,505612015,301,17,0.07259,17,0.040647,301,49,4270,2391,6000,,300,,,,constant_speed,normal,0,no_load,cw,A3: rotate CW low speed,servo-app/lab-0.1
1781162666.3509996,60.30539083480835,A3_ROTATE_ONE_DIR,A3_ROTATE_ONE_DIR_R01_20260611_142325,delta-asda-b3-e,1591,RTSO|SO|OE|VE|QS|TR,3,0,506449292,300,18,0.07686,17,0.040647,301,49,4270,2391,6000,,300,,,,constant_speed,normal,0,no_load,cw,A3: rotate CW low speed,servo-app/lab-0.1
1781162666.4512475,60.405638694763184,A3_ROTATE_ONE_DIR,A3_ROTATE_ONE_DIR_R01_20260611_142325,delta-asda-b3-e,1591,RTSO|SO|OE|VE|QS|TR,3,0,507289061,300,16,0.06832,15,0.035865,301,49,4270,2391,6000,,300,,,,constant_speed,normal,0,no_load,cw,A3: rotate CW low speed,servo-app/lab-0.1
1781162666.5522466,60.50663781166077,A3_ROTATE_ONE_DIR,A3_ROTATE_ONE_DIR_R01_20260611_142325,delta-asda-b3-e,1591,RTSO|SO|OE|VE|QS|TR,3,0,508135395,302,18,0.07686,18,0.043038,301,49,4270,2391,6000,,300,,,,constant_speed,normal,0,no_load,cw,A3: rotate CW low speed,servo-app/lab-0.1
1781162666.6527588,60.607150077819824,A3_ROTATE_ONE_DIR,A3_ROTATE_ONE_DIR_R01_20260611_142325,delta-asda-b3-e,1591,RTSO|SO|OE|VE|QS|TR,3,0,508975419,301,18,0.07686,17,0.040647,301,49,4270,2391,6000,,300,,,,constant_speed,normal,0,no_load,cw,A3: rotate CW low speed,servo-app/lab-0.1
1781162666.7533178,60.707709074020386,A3_ROTATE_ONE_DIR,A3_ROTATE_ONE_DIR_R01_20260611_142325,delta-asda-b3-e,1591,RTSO|SO|OE|VE|QS|TR,3,0,509821796,301,18,0.07686,17,0.040647,301,49,4270,2391,6000,,300,,,,constant_speed,normal,0,no_load,cw,A3: rotate CW low speed,servo-app/lab-0.1
1781162666.854156,60.808547258377075,A3_ROTATE_ONE_DIR,A3_ROTATE_ONE_DIR_R01_20260611_142325,delta-asda-b3-e,1591,RTSO|SO|OE|VE|QS|TR,3,0,510669368,300,17,0.07259,17,0.040647,301,49,4270,2391,6000,,300,,,,constant_speed,normal,0,no_load,cw,A3: rotate CW low speed,servo-app/lab-0.1
1781162666.9546976,60.90908885002136,A3_ROTATE_ONE_DIR,A3_ROTATE_ONE_DIR_R01_20260611_142325,delta-asda-b3-e,1591,RTSO|SO|OE|VE|QS|TR,3,0,511507160,301,18,0.07686,18,0.043038,301,49,4270,2391,6000,,300,,,,constant_speed,normal,0,no_load,cw,A3: rotate CW low speed,servo-app/lab-0.1
1781162667.0554316,61.009822845458984,A3_ROTATE_ONE_DIR,A3_ROTATE_ONE_DIR_R01_20260611_142325,delta-asda-b3-e,1591,RTSO|SO|OE|VE|QS|TR,3,0,512355964,301,20,0.0854,18,0.043038,301,49,4270,2391,6000,,300,,,,constant_speed,normal,0,no_load,cw,A3: rotate CW low speed,servo-app/lab-0.1
1781162667.1555424,61.109933614730835,A3_ROTATE_ONE_DIR,A3_ROTATE_ONE_DIR_R01_20260611_142325,delta-asda-b3-e,1591,RTSO|SO|OE|VE|QS|TR,3,0,513193514,301,19,0.08113,17,0.040647,301,49,4270,2391,6000,,300,,,,constant_speed,normal,0,no_load,cw,A3: rotate CW low speed,servo-app/lab-0.1
1781162667.2559867,61.21037793159485,A3_ROTATE_ONE_DIR,A3_ROTATE_ONE_DIR_R01_20260611_142325,delta-asda-b3-e,1591,RTSO|SO|OE|VE|QS|TR,3,0,514041680,300,16,0.06832,16,0.038256,301,49,4270,2391,6000,,300,,,,constant_speed,normal,0,no_load,cw,A3: rotate CW low speed,servo-app/lab-0.1
1781162667.3561394,61.31053066253662,A3_ROTATE_ONE_DIR,A3_ROTATE_ONE_DIR_R01_20260611_142325,delta-asda-b3-e,1591,RTSO|SO|OE|VE|QS|TR,3,0,514878978,301,19,0.08113,18,0.043038,301,49,4270,2391,6000,,300,,,,constant_speed,normal,0,no_load,cw,A3: rotate CW low speed,servo-app/lab-0.1
1781162667.4565518,61.410943031311035,A3_ROTATE_ONE_DIR,A3_ROTATE_ONE_DIR_R01_20260611_142325,delta-asda-b3-e,1591,RTSO|SO|OE|VE|QS|TR,3,0,515719230,300,18,0.07686,19,0.045429,301,49,4270,2391,6000,,300,,,,constant_speed,normal,0,no_load,cw,A3: rotate CW low speed,servo-app/lab-0.1
1781162667.5574143,61.51180553436279,A3_ROTATE_ONE_DIR,A3_ROTATE_ONE_DIR_R01_20260611_142325,delta-asda-b3-e,1591,RTSO|SO|OE|VE|QS|TR,3,0,516565696,301,17,0.07259,18,0.043038,301,49,4270,2391,6000,,300,,,,constant_speed,normal,0,no_load,cw,A3: rotate CW low speed,servo-app/lab-0.1
1781162667.6577485,61.61213970184326,A3_ROTATE_ONE_DIR,A3_ROTATE_ONE_DIR_R01_20260611_142325,delta-asda-b3-e,1591,RTSO|SO|OE|VE|QS|TR,3,0,517405037,300,16,0.06832,17,0.040647,301,49,4270,2391,6000,,300,,,,constant_speed,normal,0,no_load,cw,A3: rotate CW low speed,servo-app/lab-0.1
1781162667.7583287,61.71271991729736,A3_ROTATE_ONE_DIR,A3_ROTATE_ONE_DIR_R01_20260611_142325,delta-asda-b3-e,1591,RTSO|SO|OE|VE|QS|TR,3,0,518251463,300,16,0.06832,17,0.040647,302,49,4270,2391,6000,,300,,,,constant_speed,normal,0,no_load,cw,A3: rotate CW low speed,servo-app/lab-0.1
1781162667.8587525,61.813143730163574,A3_ROTATE_ONE_DIR,A3_ROTATE_ONE_DIR_R01_20260611_142325,delta-asda-b3-e,1591,RTSO|SO|OE|VE|QS|TR,3,0,519091080,300,17,0.07259,18,0.043038,302,49,4270,2391,6000,,300,,,,constant_speed,normal,0,no_load,cw,A3: rotate CW low speed,servo-app/lab-0.1
1781162667.9590924,61.91348361968994,A3_ROTATE_ONE_DIR,A3_ROTATE_ONE_DIR_R01_20260611_142325,delta-asda-b3-e,1591,RTSO|SO|OE|VE|QS|TR,3,0,519937481,300,19,0.08113,19,0.045429,301,49,4270,2391,6000,,300,,,,constant_speed,normal,0,no_load,cw,A3: rotate CW low speed,servo-app/lab-0.1
1781162668.0595515,62.01394271850586,A3_ROTATE_ONE_DIR,A3_ROTATE_ONE_DIR_R01_20260611_142325,delta-asda-b3-e,1591,RTSO|SO|OE|VE|QS|TR,3,0,520777232,300,15,0.06405,14,0.033474,301,49,4270,2391,6000,,300,,,,constant_speed,normal,0,no_load,cw,A3: rotate CW low speed,servo-app/lab-0.1
1781162668.1601403,62.11453151702881,A3_ROTATE_ONE_DIR,A3_ROTATE_ONE_DIR_R01_20260611_142325,delta-asda-b3-e,1591,RTSO|SO|OE|VE|QS|TR,3,0,521623164,301,19,0.08113,18,0.043038,301,49,4270,2391,6000,,300,,,,constant_speed,normal,0,no_load,cw,A3: rotate CW low speed,servo-app/lab-0.1
1781162668.2612386,62.2156298160553,A3_ROTATE_ONE_DIR,A3_ROTATE_ONE_DIR_R01_20260611_142325,delta-asda-b3-e,1591,RTSO|SO|OE|VE|QS|TR,3,0,522471662,300,19,0.08113,19,0.045429,301,49,4270,2391,6000,,300,,,,constant_speed,normal,0,no_load,cw,A3: rotate CW low speed,servo-app/lab-0.1
1781162668.3619044,62.3162956237793,A3_ROTATE_ONE_DIR,A3_ROTATE_ONE_DIR_R01_20260611_142325,delta-asda-b3-e,1591,RTSO|SO|OE|VE|QS|TR,3,0,523317692,301,20,0.0854,20,0.04782,301,49,4270,2391,6000,,300,,,,constant_speed,normal,0,no_load,cw,A3: rotate CW low speed,servo-app/lab-0.1
1781162668.462269,62.41666030883789,A3_ROTATE_ONE_DIR,A3_ROTATE_ONE_DIR_R01_20260611_142325,delta-asda-b3-e,1591,RTSO|SO|OE|VE|QS|TR,3,0,524157355,300,16,0.06832,15,0.035865,302,49,4270,2391,6000,,300,,,,constant_speed,normal,0,no_load,cw,A3: rotate CW low speed,servo-app/lab-0.1
1781162668.5623415,62.516732692718506,A3_ROTATE_ONE_DIR,A3_ROTATE_ONE_DIR_R01_20260611_142325,delta-asda-b3-e,1591,RTSO|SO|OE|VE|QS|TR,3,0,524995634,301,17,0.07259,17,0.040647,301,49,4270,2391,6000,,300,,,,constant_speed,normal,0,no_load,cw,A3: rotate CW low speed,servo-app/lab-0.1
1781162668.6629236,62.61731481552124,A3_ROTATE_ONE_DIR,A3_ROTATE_ONE_DIR_R01_20260611_142325,delta-asda-b3-e,1591,RTSO|SO|OE|VE|QS|TR,3,0,525835210,300,19,0.08113,18,0.043038,301,49,4270,2391,6000,,300,,,,constant_speed,normal,0,no_load,cw,A3: rotate CW low speed,servo-app/lab-0.1
1781162668.7630703,62.717461585998535,A3_ROTATE_ONE_DIR,A3_ROTATE_ONE_DIR_R01_20260611_142325,delta-asda-b3-e,1591,RTSO|SO|OE|VE|QS|TR,3,0,526681675,300,20,0.0854,19,0.045429,302,49,4270,2391,6000,,300,,,,constant_speed,normal,0,no_load,cw,A3: rotate CW low speed,servo-app/lab-0.1
1781162668.8631516,62.81754279136658,A3_ROTATE_ONE_DIR,A3_ROTATE_ONE_DIR_R01_20260611_142325,delta-asda-b3-e,1591,RTSO|SO|OE|VE|QS|TR,3,0,527520724,300,17,0.07259,18,0.043038,302,49,4270,2391,6000,,300,,,,constant_speed,normal,0,no_load,cw,A3: rotate CW low speed,servo-app/lab-0.1
1781162668.9643023,62.91869354248047,A3_ROTATE_ONE_DIR,A3_ROTATE_ONE_DIR_R01_20260611_142325,delta-asda-b3-e,1591,RTSO|SO|OE|VE|QS|TR,3,0,528367162,300,17,0.07259,17,0.040647,301,49,4270,2391,6000,,300,,,,constant_speed,normal,0,no_load,cw,A3: rotate CW low speed,servo-app/lab-0.1
1781162669.0650408,63.019432067871094,A3_ROTATE_ONE_DIR,A3_ROTATE_ONE_DIR_R01_20260611_142325,delta-asda-b3-e,1591,RTSO|SO|OE|VE|QS|TR,3,0,529215796,300,19,0.08113,19,0.045429,301,49,4270,2391,6000,,300,,,,constant_speed,normal,0,no_load,cw,A3: rotate CW low speed,servo-app/lab-0.1
1781162669.1656015,63.11999273300171,A3_ROTATE_ONE_DIR,A3_ROTATE_ONE_DIR_R01_20260611_142325,delta-asda-b3-e,1591,RTSO|SO|OE|VE|QS|TR,3,0,530053405,300,20,0.0854,20,0.04782,300,49,4270,2391,6000,,300,,,,constant_speed,normal,0,no_load,cw,A3: rotate CW low speed,servo-app/lab-0.1
1781162669.265846,63.220237255096436,A3_ROTATE_ONE_DIR,A3_ROTATE_ONE_DIR_R01_20260611_142325,delta-asda-b3-e,1591,RTSO|SO|OE|VE|QS|TR,3,0,530892938,299,17,0.07259,17,0.040647,301,49,4270,2391,6000,,300,,,,constant_speed,normal,0,no_load,cw,A3: rotate CW low speed,servo-app/lab-0.1
1781162669.3664827,63.320873975753784,A3_ROTATE_ONE_DIR,A3_ROTATE_ONE_DIR_R01_20260611_142325,delta-asda-b3-e,1591,RTSO|SO|OE|VE|QS|TR,3,0,531738947,300,16,0.06832,18,0.043038,301,49,4270,2391,6000,,300,,,,constant_speed,normal,0,no_load,cw,A3: rotate CW low speed,servo-app/lab-0.1
1781162669.4665308,63.42092204093933,A3_ROTATE_ONE_DIR,A3_ROTATE_ONE_DIR_R01_20260611_142325,delta-asda-b3-e,1591,RTSO|SO|OE|VE|QS|TR,3,0,532578977,300,19,0.08113,20,0.04782,301,49,4270,2391,6000,,300,,,,constant_speed,normal,0,no_load,cw,A3: rotate CW low speed,servo-app/lab-0.1
1781162669.5673406,63.52173185348511,A3_ROTATE_ONE_DIR,A3_ROTATE_ONE_DIR_R01_20260611_142325,delta-asda-b3-e,1591,RTSO|SO|OE|VE|QS|TR,3,0,533425743,300,18,0.07686,18,0.043038,301,49,4270,2391,6000,,300,,,,constant_speed,normal,0,no_load,cw,A3: rotate CW low speed,servo-app/lab-0.1
1781162669.667481,63.62187218666077,A3_ROTATE_ONE_DIR,A3_ROTATE_ONE_DIR_R01_20260611_142325,delta-asda-b3-e,1591,RTSO|SO|OE|VE|QS|TR,3,0,534264619,299,17,0.07259,17,0.040647,302,49,4270,2391,6000,,300,,,,constant_speed,normal,0,no_load,cw,A3: rotate CW low speed,servo-app/lab-0.1
1781162669.7675674,63.72195863723755,A3_ROTATE_ONE_DIR,A3_ROTATE_ONE_DIR_R01_20260611_142325,delta-asda-b3-e,1591,RTSO|SO|OE|VE|QS|TR,3,0,535102851,300,17,0.07259,19,0.045429,301,49,4270,2391,6000,,300,,,,constant_speed,normal,0,no_load,cw,A3: rotate CW low speed,servo-app/lab-0.1
1781162669.867765,63.82215619087219,A3_ROTATE_ONE_DIR,A3_ROTATE_ONE_DIR_R01_20260611_142325,delta-asda-b3-e,1591,RTSO|SO|OE|VE|QS|TR,3,0,535942453,300,17,0.07259,19,0.045429,301,49,4270,2391,6000,,300,,,,constant_speed,normal,0,no_load,cw,A3: rotate CW low speed,servo-app/lab-0.1
1781162669.968093,63.922484159469604,A3_ROTATE_ONE_DIR,A3_ROTATE_ONE_DIR_R01_20260611_142325,delta-asda-b3-e,1591,RTSO|SO|OE|VE|QS|TR,3,0,536789032,300,17,0.07259,18,0.043038,301,49,4270,2391,6000,,300,,,,constant_speed,normal,0,no_load,cw,A3: rotate CW low speed,servo-app/lab-0.1
1781162670.068253,64.02264428138733,A3_ROTATE_ONE_DIR,A3_ROTATE_ONE_DIR_R01_20260611_142325,delta-asda-b3-e,1591,RTSO|SO|OE|VE|QS|TR,3,0,537628627,300,15,0.06405,17,0.040647,301,49,4270,2391,6000,,300,,,,constant_speed,normal,0,no_load,cw,A3: rotate CW low speed,servo-app/lab-0.1
1781162670.1686325,64.12302374839783,A3_ROTATE_ONE_DIR,A3_ROTATE_ONE_DIR_R01_20260611_142325,delta-asda-b3-e,1591,RTSO|SO|OE|VE|QS|TR,3,0,538466207,300,17,0.07259,17,0.040647,301,49,4270,2391,6000,,300,,,,constant_speed,normal,0,no_load,cw,A3: rotate CW low speed,servo-app/lab-0.1
1781162670.2690392,64.22343039512634,A3_ROTATE_ONE_DIR,A3_ROTATE_ONE_DIR_R01_20260611_142325,delta-asda-b3-e,1591,RTSO|SO|OE|VE|QS|TR,3,0,539314546,299,19,0.08113,18,0.043038,301,49,4270,2391,6000,,300,,,,constant_speed,normal,0,no_load,cw,A3: rotate CW low speed,servo-app/lab-0.1
1781162670.3693767,64.32376790046692,A3_ROTATE_ONE_DIR,A3_ROTATE_ONE_DIR_R01_20260611_142325,delta-asda-b3-e,1591,RTSO|SO|OE|VE|QS|TR,3,0,540152453,300,18,0.07686,17,0.040647,301,49,4270,2391,6000,,300,,,,constant_speed,normal,0,no_load,cw,A3: rotate CW low speed,servo-app/lab-0.1
1781162670.4696083,64.42399954795837,A3_ROTATE_ONE_DIR,A3_ROTATE_ONE_DIR_R01_20260611_142325,delta-asda-b3-e,1591,RTSO|SO|OE|VE|QS|TR,3,0,540991799,300,17,0.07259,16,0.038256,301,49,4270,2391,6000,,300,,,,constant_speed,normal,0,no_load,cw,A3: rotate CW low speed,servo-app/lab-0.1
1781162670.570043,64.52443432807922,A3_ROTATE_ONE_DIR,A3_ROTATE_ONE_DIR_R01_20260611_142325,delta-asda-b3-e,1591,RTSO|SO|OE|VE|QS|TR,3,0,541838566,301,17,0.07259,16,0.038256,301,49,4270,2391,6000,,300,,,,constant_speed,normal,0,no_load,cw,A3: rotate CW low speed,servo-app/lab-0.1
1781162670.6702294,64.62462067604065,A3_ROTATE_ONE_DIR,A3_ROTATE_ONE_DIR_R01_20260611_142325,delta-asda-b3-e,1591,RTSO|SO|OE|VE|QS|TR,3,0,542677955,300,19,0.08113,18,0.043038,301,49,4270,2391,6000,,300,,,,constant_speed,normal,0,no_load,cw,A3: rotate CW low speed,servo-app/lab-0.1
1781162670.7705867,64.72497797012329,A3_ROTATE_ONE_DIR,A3_ROTATE_ONE_DIR_R01_20260611_142325,delta-asda-b3-e,1591,RTSO|SO|OE|VE|QS|TR,3,0,543516088,300,20,0.0854,19,0.045429,301,49,4270,2391,6000,,300,,,,constant_speed,normal,0,no_load,cw,A3: rotate CW low speed,servo-app/lab-0.1
1781162670.8708196,64.82521080970764,A3_ROTATE_ONE_DIR,A3_ROTATE_ONE_DIR_R01_20260611_142325,delta-asda-b3-e,1591,RTSO|SO|OE|VE|QS|TR,3,0,544355119,300,18,0.07686,17,0.040647,301,49,4270,2391,6000,,300,,,,constant_speed,normal,0,no_load,cw,A3: rotate CW low speed,servo-app/lab-0.1
1781162670.9725974,64.92698860168457,A3_ROTATE_ONE_DIR,A3_ROTATE_ONE_DIR_R01_20260611_142325,delta-asda-b3-e,1591,RTSO|SO|OE|VE|QS|TR,3,0,545210188,301,16,0.06832,15,0.035865,301,49,4270,2391,6000,,300,,,,constant_speed,normal,0,no_load,cw,A3: rotate CW low speed,servo-app/lab-0.1
1781162671.0729203,65.02731156349182,A3_ROTATE_ONE_DIR,A3_ROTATE_ONE_DIR_R01_20260611_142325,delta-asda-b3-e,1591,RTSO|SO|OE|VE|QS|TR,3,0,546075494,300,16,0.06832,17,0.040647,301,49,4270,2391,6000,,300,,,,constant_speed,normal,0,no_load,cw,A3: rotate CW low speed,servo-app/lab-0.1
1781162671.1734252,65.12781643867493,A3_ROTATE_ONE_DIR,A3_ROTATE_ONE_DIR_R01_20260611_142325,delta-asda-b3-e,1591,RTSO|SO|OE|VE|QS|TR,3,0,546896424,300,19,0.08113,19,0.045429,301,49,4270,2391,6000,,300,,,,constant_speed,normal,0,no_load,cw,A3: rotate CW low speed,servo-app/lab-0.1
1781162671.2746122,65.22900342941284,A3_ROTATE_ONE_DIR,A3_ROTATE_ONE_DIR_R01_20260611_142325,delta-asda-b3-e,1591,RTSO|SO|OE|VE|QS|TR,3,0,547744078,299,19,0.08113,18,0.043038,301,49,4270,2391,6000,,300,,,,constant_speed,normal,0,no_load,cw,A3: rotate CW low speed,servo-app/lab-0.1
1781162671.3753674,65.329758644104,A3_ROTATE_ONE_DIR,A3_ROTATE_ONE_DIR_R01_20260611_142325,delta-asda-b3-e,1591,RTSO|SO|OE|VE|QS|TR,3,0,548590463,301,16,0.06832,16,0.038256,301,49,4270,2391,6000,,300,,,,constant_speed,normal,0,no_load,cw,A3: rotate CW low speed,servo-app/lab-0.1
1781162671.4758246,65.43021583557129,A3_ROTATE_ONE_DIR,A3_ROTATE_ONE_DIR_R01_20260611_142325,delta-asda-b3-e,1591,RTSO|SO|OE|VE|QS|TR,3,0,549438492,300,18,0.07686,20,0.04782,301,49,4270,2391,6000,,300,,,,constant_speed,normal,0,no_load,cw,A3: rotate CW low speed,servo-app/lab-0.1
1781162671.5760722,65.53046345710754,A3_ROTATE_ONE_DIR,A3_ROTATE_ONE_DIR_R01_20260611_142325,delta-asda-b3-e,1591,RTSO|SO|OE|VE|QS|TR,3,0,550276823,300,19,0.08113,21,0.050211,301,49,4270,2391,6000,,300,,,,constant_speed,normal,0,no_load,cw,A3: rotate CW low speed,servo-app/lab-0.1
1781162671.6766346,65.63102579116821,A3_ROTATE_ONE_DIR,A3_ROTATE_ONE_DIR_R01_20260611_142325,delta-asda-b3-e,1591,RTSO|SO|OE|VE|QS|TR,3,0,551115471,299,18,0.07686,20,0.04782,301,49,4270,2391,6000,,300,,,,constant_speed,normal,0,no_load,cw,A3: rotate CW low speed,servo-app/lab-0.1
1781162671.7775774,65.73196864128113,A3_ROTATE_ONE_DIR,A3_ROTATE_ONE_DIR_R01_20260611_142325,delta-asda-b3-e,1591,RTSO|SO|OE|VE|QS|TR,3,0,551962395,300,15,0.06405,17,0.040647,301,49,4270,2391,6000,,300,,,,constant_speed,normal,0,no_load,cw,A3: rotate CW low speed,servo-app/lab-0.1
1781162671.8777833,65.83217453956604,A3_ROTATE_ONE_DIR,A3_ROTATE_ONE_DIR_R01_20260611_142325,delta-asda-b3-e,1591,RTSO|SO|OE|VE|QS|TR,3,0,552802092,300,17,0.07259,18,0.043038,301,49,4270,2391,6000,,300,,,,constant_speed,normal,0,no_load,cw,A3: rotate CW low speed,servo-app/lab-0.1
1781162671.9783275,65.9327187538147,A3_ROTATE_ONE_DIR,A3_ROTATE_ONE_DIR_R01_20260611_142325,delta-asda-b3-e,1591,RTSO|SO|OE|VE|QS|TR,3,0,553648662,300,19,0.08113,19,0.045429,301,49,4270,2391,6000,,300,,,,constant_speed,normal,0,no_load,cw,A3: rotate CW low speed,servo-app/lab-0.1
1781162672.0787203,66.03311157226562,A3_ROTATE_ONE_DIR,A3_ROTATE_ONE_DIR_R01_20260611_142325,delta-asda-b3-e,1591,RTSO|SO|OE|VE|QS|TR,3,0,554488241,300,18,0.07686,16,0.038256,301,49,4270,2391,6000,,300,,,,constant_speed,normal,0,no_load,cw,A3: rotate CW low speed,servo-app/lab-0.1
1781162672.1790235,66.13341474533081,A3_ROTATE_ONE_DIR,A3_ROTATE_ONE_DIR_R01_20260611_142325,delta-asda-b3-e,1591,RTSO|SO|OE|VE|QS|TR,3,0,555326053,300,17,0.07259,16,0.038256,301,49,4270,2391,6000,,300,,,,constant_speed,normal,0,no_load,cw,A3: rotate CW low speed,servo-app/lab-0.1
1781162672.279964,66.23435521125793,A3_ROTATE_ONE_DIR,A3_ROTATE_ONE_DIR_R01_20260611_142325,delta-asda-b3-e,1591,RTSO|SO|OE|VE|QS|TR,3,0,556182629,300,19,0.08113,18,0.043038,301,49,4270,2391,6000,,300,,,,constant_speed,normal,0,no_load,cw,A3: rotate CW low speed,servo-app/lab-0.1
1781162672.3802717,66.33466291427612,A3_ROTATE_ONE_DIR,A3_ROTATE_ONE_DIR_R01_20260611_142325,delta-asda-b3-e,1591,RTSO|SO|OE|VE|QS|TR,3,0,557020823,301,17,0.07259,17,0.040647,300,49,4270,2391,6000,,300,,,,constant_speed,normal,0,no_load,cw,A3: rotate CW low speed,servo-app/lab-0.1
1781162672.6797068,66.63409805297852,A3_ROTATE_ONE_DIR,A3_ROTATE_ONE_DIR_R01_20260611_142325,delta-asda-b3-e,1591,RTSO|SO|OE|VE|QS|TR,3,0,559529272,300,18,0.07686,16,0.038256,301,49,4270,2391,6000,,300,,,,constant_speed,normal,0,no_load,cw,A3: rotate CW low speed,servo-app/lab-0.1
1781162672.7799225,66.73431372642517,A3_ROTATE_ONE_DIR,A3_ROTATE_ONE_DIR_R01_20260611_142325,delta-asda-b3-e,1591,RTSO|SO|OE|VE|QS|TR,3,0,560367470,300,20,0.0854,18,0.043038,301,49,4270,2391,6000,,300,,,,constant_speed,normal,0,no_load,cw,A3: rotate CW low speed,servo-app/lab-0.1
1781162672.8804944,66.834885597229,A3_ROTATE_ONE_DIR,A3_ROTATE_ONE_DIR_R01_20260611_142325,delta-asda-b3-e,1591,RTSO|SO|OE|VE|QS|TR,3,0,561215099,301,17,0.07259,17,0.040647,301,49,4270,2391,6000,,300,,,,constant_speed,normal,0,no_load,cw,A3: rotate CW low speed,servo-app/lab-0.1
1781162672.9810798,66.93547105789185,A3_ROTATE_ONE_DIR,A3_ROTATE_ONE_DIR_R01_20260611_142325,delta-asda-b3-e,1591,RTSO|SO|OE|VE|QS|TR,3,0,562061894,301,16,0.06832,16,0.038256,301,49,4270,2391,6000,,300,,,,constant_speed,normal,0,no_load,cw,A3: rotate CW low speed,servo-app/lab-0.1
1781162673.08144,67.03583121299744,A3_ROTATE_ONE_DIR,A3_ROTATE_ONE_DIR_R01_20260611_142325,delta-asda-b3-e,1591,RTSO|SO|OE|VE|QS|TR,3,0,562901779,300,16,0.06832,18,0.043038,301,49,4270,2391,6000,,300,,,,constant_speed,normal,0,no_load,cw,A3: rotate CW low speed,servo-app/lab-0.1
1781162673.1817398,67.13613104820251,A3_ROTATE_ONE_DIR,A3_ROTATE_ONE_DIR_R01_20260611_142325,delta-asda-b3-e,1591,RTSO|SO|OE|VE|QS|TR,3,0,563739426,300,20,0.0854,19,0.045429,301,49,4270,2391,6000,,300,,,,constant_speed,normal,0,no_load,cw,A3: rotate CW low speed,servo-app/lab-0.1
1781162673.2820013,67.23639249801636,A3_ROTATE_ONE_DIR,A3_ROTATE_ONE_DIR_R01_20260611_142325,delta-asda-b3-e,1591,RTSO|SO|OE|VE|QS|TR,3,0,564587167,300,17,0.07259,18,0.043038,301,49,4270,2391,6000,,300,,,,constant_speed,normal,0,no_load,cw,A3: rotate CW low speed,servo-app/lab-0.1
1781162673.3821716,67.33656287193298,A3_ROTATE_ONE_DIR,A3_ROTATE_ONE_DIR_R01_20260611_142325,delta-asda-b3-e,1591,RTSO|SO|OE|VE|QS|TR,3,0,565425676,301,15,0.06405,15,0.035865,301,49,4270,2391,6000,,300,,,,constant_speed,normal,0,no_load,cw,A3: rotate CW low speed,servo-app/lab-0.1
1781162673.4823585,67.43674969673157,A3_ROTATE_ONE_DIR,A3_ROTATE_ONE_DIR_R01_20260611_142325,delta-asda-b3-e,1591,RTSO|SO|OE|VE|QS|TR,3,0,566265203,300,18,0.07686,18,0.043038,301,49,4270,2391,6000,,300,,,,constant_speed,normal,0,no_load,cw,A3: rotate CW low speed,servo-app/lab-0.1
1781162673.5834863,67.53787755966187,A3_ROTATE_ONE_DIR,A3_ROTATE_ONE_DIR_R01_20260611_142325,delta-asda-b3-e,1591,RTSO|SO|OE|VE|QS|TR,3,0,567111951,300,19,0.08113,18,0.043038,301,49,4270,2391,6000,,300,,,,constant_speed,normal,0,no_load,cw,A3: rotate CW low speed,servo-app/lab-0.1
1781162673.6839843,67.63837552070618,A3_ROTATE_ONE_DIR,A3_ROTATE_ONE_DIR_R01_20260611_142325,delta-asda-b3-e,1591,RTSO|SO|OE|VE|QS|TR,3,0,567950637,300,19,0.08113,18,0.043038,301,49,4270,2391,6000,,300,,,,constant_speed,normal,0,no_load,cw,A3: rotate CW low speed,servo-app/lab-0.1
1781162673.7841346,67.73852586746216,A3_ROTATE_ONE_DIR,A3_ROTATE_ONE_DIR_R01_20260611_142325,delta-asda-b3-e,1591,RTSO|SO|OE|VE|QS|TR,3,0,568797587,300,16,0.06832,17,0.040647,301,49,4270,2391,6000,,300,,,,constant_speed,normal,0,no_load,cw,A3: rotate CW low speed,servo-app/lab-0.1
1781162673.884633,67.83902430534363,A3_ROTATE_ONE_DIR,A3_ROTATE_ONE_DIR_R01_20260611_142325,delta-asda-b3-e,1591,RTSO|SO|OE|VE|QS|TR,3,0,569637340,301,17,0.07259,16,0.038256,301,49,4270,2391,6000,,300,,,,constant_speed,normal,0,no_load,cw,A3: rotate CW low speed,servo-app/lab-0.1
1781162673.984758,67.93914914131165,A3_ROTATE_ONE_DIR,A3_ROTATE_ONE_DIR_R01_20260611_142325,delta-asda-b3-e,1591,RTSO|SO|OE|VE|QS|TR,3,0,570475364,300,19,0.08113,19,0.045429,301,49,4270,2391,6000,,300,,,,constant_speed,normal,0,no_load,cw,A3: rotate CW low speed,servo-app/lab-0.1
1781162674.0849674,68.03935861587524,A3_ROTATE_ONE_DIR,A3_ROTATE_ONE_DIR_R01_20260611_142325,delta-asda-b3-e,1591,RTSO|SO|OE|VE|QS|TR,3,0,571323099,300,17,0.07259,17,0.040647,301,49,4270,2391,6000,,300,,,,constant_speed,normal,0,no_load,cw,A3: rotate CW low speed,servo-app/lab-0.1
1781162674.1853952,68.1397864818573,A3_ROTATE_ONE_DIR,A3_ROTATE_ONE_DIR_R01_20260611_142325,delta-asda-b3-e,1591,RTSO|SO|OE|VE|QS|TR,3,0,572160965,300,16,0.06832,17,0.040647,301,49,4270,2391,6000,,300,,,,constant_speed,normal,0,no_load,cw,A3: rotate CW low speed,servo-app/lab-0.1
1781162674.2866178,68.2410089969635,A3_ROTATE_ONE_DIR,A3_ROTATE_ONE_DIR_R01_20260611_142325,delta-asda-b3-e,1591,RTSO|SO|OE|VE|QS|TR,3,0,573009002,300,18,0.07686,19,0.045429,301,49,4270,2391,6000,,300,,,,constant_speed,normal,0,no_load,cw,A3: rotate CW low speed,servo-app/lab-0.1
1781162674.3871338,68.34152507781982,A3_ROTATE_ONE_DIR,A3_ROTATE_ONE_DIR_R01_20260611_142325,delta-asda-b3-e,1591,RTSO|SO|OE|VE|QS|TR,3,0,573855788,301,18,0.07686,18,0.043038,301,49,4270,2391,6000,,300,,,,constant_speed,normal,0,no_load,cw,A3: rotate CW low speed,servo-app/lab-0.1
1781162674.4874344,68.44182562828064,A3_ROTATE_ONE_DIR,A3_ROTATE_ONE_DIR_R01_20260611_142325,delta-asda-b3-e,1591,RTSO|SO|OE|VE|QS|TR,3,0,574694734,300,18,0.07686,18,0.043038,301,49,4270,2391,6000,,300,,,,constant_speed,normal,0,no_load,cw,A3: rotate CW low speed,servo-app/lab-0.1
1781162674.5889616,68.54335284233093,A3_ROTATE_ONE_DIR,A3_ROTATE_ONE_DIR_R01_20260611_142325,delta-asda-b3-e,1591,RTSO|SO|OE|VE|QS|TR,3,0,575550195,301,17,0.07259,16,0.038256,301,49,4270,2391,6000,,300,,,,constant_speed,normal,0,no_load,cw,A3: rotate CW low speed,servo-app/lab-0.1
1781162674.6900263,68.64441752433777,A3_ROTATE_ONE_DIR,A3_ROTATE_ONE_DIR_R01_20260611_142325,delta-asda-b3-e,1591,RTSO|SO|OE|VE|QS|TR,3,0,576389149,300,17,0.07259,17,0.040647,301,49,4270,2391,6000,,300,,,,constant_speed,normal,0,no_load,cw,A3: rotate CW low speed,servo-app/lab-0.1
1781162674.7904544,68.7448456287384,A3_ROTATE_ONE_DIR,A3_ROTATE_ONE_DIR_R01_20260611_142325,delta-asda-b3-e,1591,RTSO|SO|OE|VE|QS|TR,3,0,577235957,301,21,0.08967,21,0.050211,301,49,4270,2391,6000,,300,,,,constant_speed,normal,0,no_load,cw,A3: rotate CW low speed,servo-app/lab-0.1
1781162674.8917747,68.84616589546204,A3_ROTATE_ONE_DIR,A3_ROTATE_ONE_DIR_R01_20260611_142325,delta-asda-b3-e,1591,RTSO|SO|OE|VE|QS|TR,3,0,578083635,301,19,0.08113,18,0.043038,301,49,4270,2391,6000,,300,,,,constant_speed,normal,0,no_load,cw,A3: rotate CW low speed,servo-app/lab-0.1
1781162674.992032,68.94642329216003,A3_ROTATE_ONE_DIR,A3_ROTATE_ONE_DIR_R01_20260611_142325,delta-asda-b3-e,1591,RTSO|SO|OE|VE|QS|TR,3,0,578930453,301,16,0.06832,17,0.040647,301,49,4270,2391,6000,,300,,,,constant_speed,normal,0,no_load,cw,A3: rotate CW low speed,servo-app/lab-0.1
1781162675.0922678,69.04665899276733,A3_ROTATE_ONE_DIR,A3_ROTATE_ONE_DIR_R01_20260611_142325,delta-asda-b3-e,1591,RTSO|SO|OE|VE|QS|TR,3,0,579769944,300,19,0.08113,19,0.045429,301,49,4270,2391,6000,,300,,,,constant_speed,normal,0,no_load,cw,A3: rotate CW low speed,servo-app/lab-0.1
1781162675.1929758,69.14736700057983,A3_ROTATE_ONE_DIR,A3_ROTATE_ONE_DIR_R01_20260611_142325,delta-asda-b3-e,1591,RTSO|SO|OE|VE|QS|TR,3,0,580607753,300,22,0.09394,22,0.052602,301,49,4270,2391,6000,,300,,,,constant_speed,normal,0,no_load,cw,A3: rotate CW low speed,servo-app/lab-0.1
1781162675.2931905,69.24758172035217,A3_ROTATE_ONE_DIR,A3_ROTATE_ONE_DIR_R01_20260611_142325,delta-asda-b3-e,1591,RTSO|SO|OE|VE|QS|TR,3,0,581455097,299,22,0.09394,20,0.04782,301,49,4270,2391,6000,,300,,,,constant_speed,normal,0,no_load,cw,A3: rotate CW low speed,servo-app/lab-0.1
1781162675.3936973,69.34808850288391,A3_ROTATE_ONE_DIR,A3_ROTATE_ONE_DIR_R01_20260611_142325,delta-asda-b3-e,1591,RTSO|SO|OE|VE|QS|TR,3,0,582294088,301,18,0.07686,16,0.038256,301,49,4270,2391,6000,,300,,,,constant_speed,normal,0,no_load,cw,A3: rotate CW low speed,servo-app/lab-0.1
1781162675.493999,69.44839024543762,A3_ROTATE_ONE_DIR,A3_ROTATE_ONE_DIR_R01_20260611_142325,delta-asda-b3-e,1591,RTSO|SO|OE|VE|QS|TR,3,0,583133150,300,19,0.08113,19,0.045429,301,49,4270,2391,6000,,300,,,,constant_speed,normal,0,no_load,cw,A3: rotate CW low speed,servo-app/lab-0.1
1781162675.5945354,69.54892659187317,A3_ROTATE_ONE_DIR,A3_ROTATE_ONE_DIR_R01_20260611_142325,delta-asda-b3-e,1591,RTSO|SO|OE|VE|QS|TR,3,0,583979959,300,21,0.08967,21,0.050211,301,49,4270,2391,6000,,300,,,,constant_speed,normal,0,no_load,cw,A3: rotate CW low speed,servo-app/lab-0.1
1781162675.6952934,69.64968466758728,A3_ROTATE_ONE_DIR,A3_ROTATE_ONE_DIR_R01_20260611_142325,delta-asda-b3-e,1591,RTSO|SO|OE|VE|QS|TR,3,0,584826724,299,21,0.08967,22,0.052602,301,49,4270,2391,6000,,300,,,,constant_speed,normal,0,no_load,cw,A3: rotate CW low speed,servo-app/lab-0.1
1781162675.79567,69.75006127357483,A3_ROTATE_ONE_DIR,A3_ROTATE_ONE_DIR_R01_20260611_142325,delta-asda-b3-e,1591,RTSO|SO|OE|VE|QS|TR,3,0,585665701,300,18,0.07686,18,0.043038,302,49,4270,2391,6000,,300,,,,constant_speed,normal,0,no_load,cw,A3: rotate CW low speed,servo-app/lab-0.1
1781162675.8962388,69.85063004493713,A3_ROTATE_ONE_DIR,A3_ROTATE_ONE_DIR_R01_20260611_142325,delta-asda-b3-e,1591,RTSO|SO|OE|VE|QS|TR,3,0,586513701,300,16,0.06832,17,0.040647,302,49,4270,2391,6000,,300,,,,constant_speed,normal,0,no_load,cw,A3: rotate CW low speed,servo-app/lab-0.1
1781162675.9967437,69.95113492012024,A3_ROTATE_ONE_DIR,A3_ROTATE_ONE_DIR_R01_20260611_142325,delta-asda-b3-e,1591,RTSO|SO|OE|VE|QS|TR,3,0,587351783,300,20,0.0854,21,0.050211,301,49,4270,2391,6000,,300,,,,constant_speed,normal,0,no_load,cw,A3: rotate CW low speed,servo-app/lab-0.1
1781162676.096992,70.05138325691223,A3_ROTATE_ONE_DIR,A3_ROTATE_ONE_DIR_R01_20260611_142325,delta-asda-b3-e,1591,RTSO|SO|OE|VE|QS|TR,3,0,588190856,299,20,0.0854,21,0.050211,301,49,4270,2391,6000,,300,,,,constant_speed,normal,0,no_load,cw,A3: rotate CW low speed,servo-app/lab-0.1
1781162676.1973255,70.15171670913696,A3_ROTATE_ONE_DIR,A3_ROTATE_ONE_DIR_R01_20260611_142325,delta-asda-b3-e,1591,RTSO|SO|OE|VE|QS|TR,3,0,589029240,300,15,0.06405,17,0.040647,301,49,4270,2391,6000,,300,,,,constant_speed,normal,0,no_load,cw,A3: rotate CW low speed,servo-app/lab-0.1
1781162676.2978914,70.25228261947632,A3_ROTATE_ONE_DIR,A3_ROTATE_ONE_DIR_R01_20260611_142325,delta-asda-b3-e,1591,RTSO|SO|OE|VE|QS|TR,3,0,589877043,299,18,0.07686,17,0.040647,301,49,4270,2391,6000,,300,,,,constant_speed,normal,0,no_load,cw,A3: rotate CW low speed,servo-app/lab-0.1
1781162676.3985436,70.35293483734131,A3_ROTATE_ONE_DIR,A3_ROTATE_ONE_DIR_R01_20260611_142325,delta-asda-b3-e,1591,RTSO|SO|OE|VE|QS|TR,3,0,590724132,301,17,0.07259,17,0.040647,301,49,4270,2391,6000,,300,,,,constant_speed,normal,0,no_load,cw,A3: rotate CW low speed,servo-app/lab-0.1
1781162676.4990427,70.45343399047852,A3_ROTATE_ONE_DIR,A3_ROTATE_ONE_DIR_R01_20260611_142325,delta-asda-b3-e,1591,RTSO|SO|OE|VE|QS|TR,3,0,591570921,299,22,0.09394,21,0.050211,302,49,4270,2391,6000,,300,,,,constant_speed,normal,0,no_load,cw,A3: rotate CW low speed,servo-app/lab-0.1
1781162676.599714,70.55410528182983,A3_ROTATE_ONE_DIR,A3_ROTATE_ONE_DIR_R01_20260611_142325,delta-asda-b3-e,1591,RTSO|SO|OE|VE|QS|TR,3,0,592409932,300,18,0.07686,17,0.040647,302,49,4270,2391,6000,,300,,,,constant_speed,normal,0,no_load,cw,A3: rotate CW low speed,servo-app/lab-0.1
1781162676.700075,70.65446615219116,A3_ROTATE_ONE_DIR,A3_ROTATE_ONE_DIR_R01_20260611_142325,delta-asda-b3-e,1591,RTSO|SO|OE|VE|QS|TR,3,0,593248756,299,18,0.07686,18,0.043038,302,49,4270,2391,6000,,300,,,,constant_speed,normal,0,no_load,cw,A3: rotate CW low speed,servo-app/lab-0.1
1781162676.8003163,70.75470757484436,A3_ROTATE_ONE_DIR,A3_ROTATE_ONE_DIR_R01_20260611_142325,delta-asda-b3-e,1591,RTSO|SO|OE|VE|QS|TR,3,0,594095818,300,20,0.0854,20,0.04782,302,49,4270,2391,6000,,300,,,,constant_speed,normal,0,no_load,cw,A3: rotate CW low speed,servo-app/lab-0.1
1781162676.9007032,70.85509443283081,A3_ROTATE_ONE_DIR,A3_ROTATE_ONE_DIR_R01_20260611_142325,delta-asda-b3-e,1591,RTSO|SO|OE|VE|QS|TR,3,0,594943188,299,20,0.0854,20,0.04782,301,49,4270,2391,6000,,300,,,,constant_speed,normal,0,no_load,cw,A3: rotate CW low speed,servo-app/lab-0.1
1781162677.001073,70.95546412467957,A3_ROTATE_ONE_DIR,A3_ROTATE_ONE_DIR_R01_20260611_142325,delta-asda-b3-e,1591,RTSO|SO|OE|VE|QS|TR,3,0,595781795,300,18,0.07686,18,0.043038,301,49,4270,2391,6000,,300,,,,constant_speed,normal,0,no_load,cw,A3: rotate CW low speed,servo-app/lab-0.1
1781162677.101149,71.05554032325745,A3_ROTATE_ONE_DIR,A3_ROTATE_ONE_DIR_R01_20260611_142325,delta-asda-b3-e,1591,RTSO|SO|OE|VE|QS|TR,3,0,596620911,299,17,0.07259,18,0.043038,301,49,4270,2391,6000,,300,,,,constant_speed,normal,0,no_load,cw,A3: rotate CW low speed,servo-app/lab-0.1
1781162677.207894,71.16228532791138,A3_ROTATE_ONE_DIR,A3_ROTATE_ONE_DIR_R01_20260611_142325,delta-asda-b3-e,1591,RTSO|SO|OE|VE|QS|TR,3,0,598088595,299,18,0.07686,17,0.040647,301,49,4270,2391,6000,,300,,,,constant_speed,normal,0,no_load,cw,A3: rotate CW low speed,servo-app/lab-0.1
1781162677.3133643,71.26775550842285,A3_ROTATE_ONE_DIR,A3_ROTATE_ONE_DIR_R01_20260611_142325,delta-asda-b3-e,1591,RTSO|SO|OE|VE|QS|TR,3,0,598398209,299,23,0.09821,21,0.050211,301,49,4270,2391,6000,,300,,,,constant_speed,normal,0,no_load,cw,A3: rotate CW low speed,servo-app/lab-0.1
1781162677.4144247,71.36881589889526,A3_ROTATE_ONE_DIR,A3_ROTATE_ONE_DIR_R01_20260611_142325,delta-asda-b3-e,1591,RTSO|SO|OE|VE|QS|TR,3,0,599246477,300,15,0.06405,16,0.038256,301,49,4270,2391,6000,,300,,,,constant_speed,normal,0,no_load,cw,A3: rotate CW low speed,servo-app/lab-0.1
1781162677.5146458,71.46903705596924,A3_ROTATE_ONE_DIR,A3_ROTATE_ONE_DIR_R01_20260611_142325,delta-asda-b3-e,1591,RTSO|SO|OE|VE|QS|TR,3,0,600109483,299,18,0.07686,17,0.040647,301,49,4270,2391,6000,,300,,,,constant_speed,normal,0,no_load,cw,A3: rotate CW low speed,servo-app/lab-0.1
1781162677.6157622,71.57015347480774,A3_ROTATE_ONE_DIR,A3_ROTATE_ONE_DIR_R01_20260611_142325,delta-asda-b3-e,1591,RTSO|SO|OE|VE|QS|TR,3,0,600932068,300,18,0.07686,18,0.043038,301,49,4270,2391,6000,,300,,,,constant_speed,normal,0,no_load,cw,A3: rotate CW low speed,servo-app/lab-0.1
1781162677.7163138,71.67070508003235,A3_ROTATE_ONE_DIR,A3_ROTATE_ONE_DIR_R01_20260611_142325,delta-asda-b3-e,1591,RTSO|SO|OE|VE|QS|TR,3,0,601778575,299,20,0.0854,21,0.050211,301,49,4270,2391,6000,,300,,,,constant_speed,normal,0,no_load,cw,A3: rotate CW low speed,servo-app/lab-0.1
1781162677.8168821,71.7712733745575,A3_ROTATE_ONE_DIR,A3_ROTATE_ONE_DIR_R01_20260611_142325,delta-asda-b3-e,1591,RTSO|SO|OE|VE|QS|TR,3,0,602618262,301,14,0.05978,15,0.035865,301,49,4270,2391,6000,,300,,,,constant_speed,normal,0,no_load,cw,A3: rotate CW low speed,servo-app/lab-0.1
1781162677.916955,71.87134623527527,A3_ROTATE_ONE_DIR,A3_ROTATE_ONE_DIR_R01_20260611_142325,delta-asda-b3-e,1591,RTSO|SO|OE|VE|QS|TR,3,0,603456907,299,16,0.06832,17,0.040647,301,49,4270,2391,6000,,300,,,,constant_speed,normal,0,no_load,cw,A3: rotate CW low speed,servo-app/lab-0.1
1781162678.0174487,71.97183990478516,A3_ROTATE_ONE_DIR,A3_ROTATE_ONE_DIR_R01_20260611_142325,delta-asda-b3-e,1591,RTSO|SO|OE|VE|QS|TR,3,0,604303946,300,18,0.07686,17,0.040647,301,49,4270,2391,6000,,300,,,,constant_speed,normal,0,no_load,cw,A3: rotate CW low speed,servo-app/lab-0.1
1781162678.1178916,72.0722827911377,A3_ROTATE_ONE_DIR,A3_ROTATE_ONE_DIR_R01_20260611_142325,delta-asda-b3-e,1591,RTSO|SO|OE|VE|QS|TR,3,0,605167310,299,22,0.09394,21,0.050211,301,49,4270,2391,6000,,300,,,,constant_speed,normal,0,no_load,cw,A3: rotate CW low speed,servo-app/lab-0.1
1781162678.2180943,72.17248558998108,A3_ROTATE_ONE_DIR,A3_ROTATE_ONE_DIR_R01_20260611_142325,delta-asda-b3-e,1591,RTSO|SO|OE|VE|QS|TR,3,0,605990341,302,15,0.06405,15,0.035865,301,49,4270,2391,6000,,300,,,,constant_speed,normal,0,no_load,cw,A3: rotate CW low speed,servo-app/lab-0.1
1781162678.3190463,72.2734375,A3_ROTATE_ONE_DIR,A3_ROTATE_ONE_DIR_R01_20260611_142325,delta-asda-b3-e,1591,RTSO|SO|OE|VE|QS|TR,3,0,606837022,300,17,0.07259,18,0.043038,301,49,4270,2391,6000,,300,,,,constant_speed,normal,0,no_load,cw,A3: rotate CW low speed,servo-app/lab-0.1
1781162678.4198835,72.37427473068237,A3_ROTATE_ONE_DIR,A3_ROTATE_ONE_DIR_R01_20260611_142325,delta-asda-b3-e,1591,RTSO|SO|OE|VE|QS|TR,3,0,607676497,301,18,0.07686,18,0.043038,301,49,4270,2391,6000,,300,,,,constant_speed,normal,0,no_load,cw,A3: rotate CW low speed,servo-app/lab-0.1
1781162678.520443,72.47483420372009,A3_ROTATE_ONE_DIR,A3_ROTATE_ONE_DIR_R01_20260611_142325,delta-asda-b3-e,1591,RTSO|SO|OE|VE|QS|TR,3,0,608522389,299,22,0.09394,22,0.052602,301,49,4270,2391,6000,,300,,,,constant_speed,normal,0,no_load,cw,A3: rotate CW low speed,servo-app/lab-0.1
1781162678.6208243,72.57521557807922,A3_ROTATE_ONE_DIR,A3_ROTATE_ONE_DIR_R01_20260611_142325,delta-asda-b3-e,1591,RTSO|SO|OE|VE|QS|TR,3,0,609362366,301,17,0.07259,16,0.038256,301,49,4270,2391,6000,,300,,,,constant_speed,normal,0,no_load,cw,A3: rotate CW low speed,servo-app/lab-0.1
1781162678.7209506,72.67534184455872,A3_ROTATE_ONE_DIR,A3_ROTATE_ONE_DIR_R01_20260611_142325,delta-asda-b3-e,1591,RTSO|SO|OE|VE|QS|TR,3,0,610200734,300,17,0.07259,17,0.040647,301,49,4270,2391,6000,,300,,,,constant_speed,normal,0,no_load,cw,A3: rotate CW low speed,servo-app/lab-0.1
1781162678.8218722,72.77626347541809,A3_ROTATE_ONE_DIR,A3_ROTATE_ONE_DIR_R01_20260611_142325,delta-asda-b3-e,1591,RTSO|SO|OE|VE|QS|TR,3,0,611056800,301,18,0.07686,16,0.038256,301,49,4270,2391,6000,,300,,,,constant_speed,normal,0,no_load,cw,A3: rotate CW low speed,servo-app/lab-0.1
1781162678.9222264,72.8766176700592,A3_ROTATE_ONE_DIR,A3_ROTATE_ONE_DIR_R01_20260611_142325,delta-asda-b3-e,1591,RTSO|SO|OE|VE|QS|TR,3,0,611894636,299,23,0.09821,22,0.052602,301,49,4270,2391,6000,,300,,,,constant_speed,normal,0,no_load,cw,A3: rotate CW low speed,servo-app/lab-0.1
1781162679.0227954,72.97718667984009,A3_ROTATE_ONE_DIR,A3_ROTATE_ONE_DIR_R01_20260611_142325,delta-asda-b3-e,1591,RTSO|SO|OE|VE|QS|TR,3,0,612734203,301,18,0.07686,16,0.038256,301,49,4270,2391,6000,,300,,,,constant_speed,normal,0,no_load,cw,A3: rotate CW low speed,servo-app/lab-0.1
1781162679.1233668,73.07775807380676,A3_ROTATE_ONE_DIR,A3_ROTATE_ONE_DIR_R01_20260611_142325,delta-asda-b3-e,1591,RTSO|SO|OE|VE|QS|TR,3,0,613580679,299,17,0.07259,17,0.040647,301,49,4270,2391,6000,,300,,,,constant_speed,normal,0,no_load,cw,A3: rotate CW low speed,servo-app/lab-0.1
1781162679.2239714,73.17836260795593,A3_ROTATE_ONE_DIR,A3_ROTATE_ONE_DIR_R01_20260611_142325,delta-asda-b3-e,1591,RTSO|SO|OE|VE|QS|TR,3,0,614420538,301,17,0.07259,17,0.040647,301,49,4270,2391,6000,,300,,,,constant_speed,normal,0,no_load,cw,A3: rotate CW low speed,servo-app/lab-0.1
1781162679.3244698,73.2788610458374,A3_ROTATE_ONE_DIR,A3_ROTATE_ONE_DIR_R01_20260611_142325,delta-asda-b3-e,1591,RTSO|SO|OE|VE|QS|TR,3,0,615266211,299,23,0.09821,24,0.057384,301,49,4270,2391,6000,,300,,,,constant_speed,normal,0,no_load,cw,A3: rotate CW low speed,servo-app/lab-0.1
1781162679.424704,73.37909531593323,A3_ROTATE_ONE_DIR,A3_ROTATE_ONE_DIR_R01_20260611_142325,delta-asda-b3-e,1591,RTSO|SO|OE|VE|QS|TR,3,0,616106648,301,17,0.07259,18,0.043038,301,49,4270,2391,6000,,300,,,,constant_speed,normal,0,no_load,cw,A3: rotate CW low speed,servo-app/lab-0.1
1781162679.5252047,73.47959589958191,A3_ROTATE_ONE_DIR,A3_ROTATE_ONE_DIR_R01_20260611_142325,delta-asda-b3-e,1591,RTSO|SO|OE|VE|QS|TR,3,0,616952418,299,18,0.07686,18,0.043038,301,49,4270,2391,6000,,300,,,,constant_speed,normal,0,no_load,cw,A3: rotate CW low speed,servo-app/lab-0.1
1781162679.625814,73.58020520210266,A3_ROTATE_ONE_DIR,A3_ROTATE_ONE_DIR_R01_20260611_142325,delta-asda-b3-e,1591,RTSO|SO|OE|VE|QS|TR,3,0,617792170,300,17,0.07259,18,0.043038,301,49,4270,2391,6000,,300,,,,constant_speed,normal,0,no_load,cw,A3: rotate CW low speed,servo-app/lab-0.1
1781162679.7259235,73.68031477928162,A3_ROTATE_ONE_DIR,A3_ROTATE_ONE_DIR_R01_20260611_142325,delta-asda-b3-e,1591,RTSO|SO|OE|VE|QS|TR,3,0,618630067,300,20,0.0854,21,0.050211,301,49,4270,2391,6000,,300,,,,constant_speed,normal,0,no_load,cw,A3: rotate CW low speed,servo-app/lab-0.1
1781162679.826519,73.78091025352478,A3_ROTATE_ONE_DIR,A3_ROTATE_ONE_DIR_R01_20260611_142325,delta-asda-b3-e,1591,RTSO|SO|OE|VE|QS|TR,3,0,619478390,301,18,0.07686,17,0.040647,302,49,4270,2391,6000,,300,,,,constant_speed,normal,0,no_load,cw,A3: rotate CW low speed,servo-app/lab-0.1
1781162679.9276404,73.88203167915344,A3_ROTATE_ONE_DIR,A3_ROTATE_ONE_DIR_R01_20260611_142325,delta-asda-b3-e,1591,RTSO|SO|OE|VE|QS|TR,3,0,620324846,299,18,0.07686,16,0.038256,301,49,4270,2391,6000,,300,,,,constant_speed,normal,0,no_load,cw,A3: rotate CW low speed,servo-app/lab-0.1
1781162680.0280058,73.98239707946777,A3_ROTATE_ONE_DIR,A3_ROTATE_ONE_DIR_R01_20260611_142325,delta-asda-b3-e,1591,RTSO|SO|OE|VE|QS|TR,3,0,621164011,301,17,0.07259,17,0.040647,301,49,4270,2391,6000,,300,,,,constant_speed,normal,0,no_load,cw,A3: rotate CW low speed,servo-app/lab-0.1
1781162680.1284544,74.08284568786621,A3_ROTATE_ONE_DIR,A3_ROTATE_ONE_DIR_R01_20260611_142325,delta-asda-b3-e,1591,RTSO|SO|OE|VE|QS|TR,3,0,622010193,299,22,0.09394,22,0.052602,301,49,4270,2391,6000,,300,,,,constant_speed,normal,0,no_load,cw,A3: rotate CW low speed,servo-app/lab-0.1
1781162680.228694,74.18308520317078,A3_ROTATE_ONE_DIR,A3_ROTATE_ONE_DIR_R01_20260611_142325,delta-asda-b3-e,1591,RTSO|SO|OE|VE|QS|TR,3,0,622850706,302,16,0.06832,16,0.038256,301,49,4270,2391,6000,,300,,,,constant_speed,normal,0,no_load,cw,A3: rotate CW low speed,servo-app/lab-0.1
1781162680.3294394,74.2838306427002,A3_ROTATE_ONE_DIR,A3_ROTATE_ONE_DIR_R01_20260611_142325,delta-asda-b3-e,1591,RTSO|SO|OE|VE|QS|TR,3,0,623696620,299,18,0.07686,19,0.045429,301,49,4270,2391,6000,,300,,,,constant_speed,normal,0,no_load,cw,A3: rotate CW low speed,servo-app/lab-0.1
1781162680.4300396,74.38443088531494,A3_ROTATE_ONE_DIR,A3_ROTATE_ONE_DIR_R01_20260611_142325,delta-asda-b3-e,1591,RTSO|SO|OE|VE|QS|TR,3,0,624544929,300,17,0.07259,18,0.043038,301,49,4270,2391,6000,,300,,,,constant_speed,normal,0,no_load,cw,A3: rotate CW low speed,servo-app/lab-0.1
1781162680.5306554,74.48504662513733,A3_ROTATE_ONE_DIR,A3_ROTATE_ONE_DIR_R01_20260611_142325,delta-asda-b3-e,1591,RTSO|SO|OE|VE|QS|TR,3,0,625382076,299,21,0.08967,23,0.054993,301,49,4270,2391,6000,,300,,,,constant_speed,normal,0,no_load,cw,A3: rotate CW low speed,servo-app/lab-0.1
1781162680.631253,74.5856442451477,A3_ROTATE_ONE_DIR,A3_ROTATE_ONE_DIR_R01_20260611_142325,delta-asda-b3-e,1591,RTSO|SO|OE|VE|QS|TR,3,0,626230911,300,18,0.07686,17,0.040647,301,49,4270,2391,6000,,300,,,,constant_speed,normal,0,no_load,cw,A3: rotate CW low speed,servo-app/lab-0.1
1781162680.731401,74.6857922077179,A3_ROTATE_ONE_DIR,A3_ROTATE_ONE_DIR_R01_20260611_142325,delta-asda-b3-e,1591,RTSO|SO|OE|VE|QS|TR,3,0,627068879,300,19,0.08113,18,0.043038,301,49,4270,2391,6000,,300,,,,constant_speed,normal,0,no_load,cw,A3: rotate CW low speed,servo-app/lab-0.1
1781162680.8320339,74.78642511367798,A3_ROTATE_ONE_DIR,A3_ROTATE_ONE_DIR_R01_20260611_142325,delta-asda-b3-e,1591,RTSO|SO|OE|VE|QS|TR,3,0,627908298,300,18,0.07686,18,0.043038,301,49,4270,2391,6000,,300,,,,constant_speed,normal,0,no_load,cw,A3: rotate CW low speed,servo-app/lab-0.1
1781162680.9321842,74.88657546043396,A3_ROTATE_ONE_DIR,A3_ROTATE_ONE_DIR_R01_20260611_142325,delta-asda-b3-e,1591,RTSO|SO|OE|VE|QS|TR,3,0,628754105,299,23,0.09821,22,0.052602,301,49,4270,2391,6000,,300,,,,constant_speed,normal,0,no_load,cw,A3: rotate CW low speed,servo-app/lab-0.1
1781162681.0324726,74.98686385154724,A3_ROTATE_ONE_DIR,A3_ROTATE_ONE_DIR_R01_20260611_142325,delta-asda-b3-e,1591,RTSO|SO|OE|VE|QS|TR,3,0,629594148,300,18,0.07686,17,0.040647,301,49,4270,2391,6000,,300,,,,constant_speed,normal,0,no_load,cw,A3: rotate CW low speed,servo-app/lab-0.1
1781162681.1345212,75.08891248703003,A3_ROTATE_ONE_DIR,A3_ROTATE_ONE_DIR_R01_20260611_142325,delta-asda-b3-e,1591,RTSO|SO|OE|VE|QS|TR,3,0,630448561,299,18,0.07686,19,0.045429,301,49,4270,2391,6000,,300,,,,constant_speed,normal,0,no_load,cw,A3: rotate CW low speed,servo-app/lab-0.1
1781162681.2346644,75.18905568122864,A3_ROTATE_ONE_DIR,A3_ROTATE_ONE_DIR_R01_20260611_142325,delta-asda-b3-e,1591,RTSO|SO|OE|VE|QS|TR,3,0,631288827,300,15,0.06405,17,0.040647,301,49,4270,2391,6000,,300,,,,constant_speed,normal,0,no_load,cw,A3: rotate CW low speed,servo-app/lab-0.1
1781162681.335278,75.28966927528381,A3_ROTATE_ONE_DIR,A3_ROTATE_ONE_DIR_R01_20260611_142325,delta-asda-b3-e,1591,RTSO|SO|OE|VE|QS|TR,3,0,632134050,299,22,0.09394,22,0.052602,301,49,4270,2391,6000,,300,,,,constant_speed,normal,0,no_load,cw,A3: rotate CW low speed,servo-app/lab-0.1
1781162681.435519,75.38991022109985,A3_ROTATE_ONE_DIR,A3_ROTATE_ONE_DIR_R01_20260611_142325,delta-asda-b3-e,1591,RTSO|SO|OE|VE|QS|TR,3,0,632974684,300,18,0.07686,19,0.045429,301,49,4270,2391,6000,,300,,,,constant_speed,normal,0,no_load,cw,A3: rotate CW low speed,servo-app/lab-0.1
1781162681.5369043,75.49129557609558,A3_ROTATE_ONE_DIR,A3_ROTATE_ONE_DIR_R01_20260611_142325,delta-asda-b3-e,1591,RTSO|SO|OE|VE|QS|TR,3,0,633828654,300,18,0.07686,18,0.043038,301,49,4270,2391,6000,,300,,,,constant_speed,normal,0,no_load,cw,A3: rotate CW low speed,servo-app/lab-0.1
1781162681.6380107,75.59240198135376,A3_ROTATE_ONE_DIR,A3_ROTATE_ONE_DIR_R01_20260611_142325,delta-asda-b3-e,1591,RTSO|SO|OE|VE|QS|TR,3,0,634668604,300,16,0.06832,17,0.040647,301,49,4270,2391,6000,,300,,,,constant_speed,normal,0,no_load,cw,A3: rotate CW low speed,servo-app/lab-0.1
1781162681.7392337,75.69362497329712,A3_ROTATE_ONE_DIR,A3_ROTATE_ONE_DIR_R01_20260611_142325,delta-asda-b3-e,1591,RTSO|SO|OE|VE|QS|TR,3,0,635523212,300,21,0.08967,22,0.052602,301,49,4270,2391,6000,,300,,,,constant_speed,normal,0,no_load,cw,A3: rotate CW low speed,servo-app/lab-0.1
1781162681.8398807,75.79427194595337,A3_ROTATE_ONE_DIR,A3_ROTATE_ONE_DIR_R01_20260611_142325,delta-asda-b3-e,1591,RTSO|SO|OE|VE|QS|TR,3,0,636363107,300,19,0.08113,19,0.045429,301,49,4270,2391,6000,,300,,,,constant_speed,normal,0,no_load,cw,A3: rotate CW low speed,servo-app/lab-0.1
1781162681.9404197,75.89481091499329,A3_ROTATE_ONE_DIR,A3_ROTATE_ONE_DIR_R01_20260611_142325,delta-asda-b3-e,1591,RTSO|SO|OE|VE|QS|TR,3,0,637209412,299,18,0.07686,19,0.045429,301,49,4270,2391,6000,,300,,,,constant_speed,normal,0,no_load,cw,A3: rotate CW low speed,servo-app/lab-0.1
1781162682.0407662,75.99515748023987,A3_ROTATE_ONE_DIR,A3_ROTATE_ONE_DIR_R01_20260611_142325,delta-asda-b3-e,1591,RTSO|SO|OE|VE|QS|TR,3,0,638049097,300,17,0.07259,17,0.040647,301,49,4270,2391,6000,,300,,,,constant_speed,normal,0,no_load,cw,A3: rotate CW low speed,servo-app/lab-0.1
1781162682.141058,76.09544920921326,A3_ROTATE_ONE_DIR,A3_ROTATE_ONE_DIR_R01_20260611_142325,delta-asda-b3-e,1591,RTSO|SO|OE|VE|QS|TR,3,0,638886780,300,22,0.09394,21,0.050211,301,49,4270,2391,6000,,300,,,,constant_speed,normal,0,no_load,cw,A3: rotate CW low speed,servo-app/lab-0.1
1781162682.2417762,76.19616746902466,A3_ROTATE_ONE_DIR,A3_ROTATE_ONE_DIR_R01_20260611_142325,delta-asda-b3-e,1591,RTSO|SO|OE|VE|QS|TR,3,0,639735784,300,17,0.07259,18,0.043038,301,49,4270,2391,6000,,300,,,,constant_speed,normal,0,no_load,cw,A3: rotate CW low speed,servo-app/lab-0.1
1781162682.3422945,76.2966856956482,A3_ROTATE_ONE_DIR,A3_ROTATE_ONE_DIR_R01_20260611_142325,delta-asda-b3-e,1591,RTSO|SO|OE|VE|QS|TR,3,0,640589676,299,18,0.07686,19,0.045429,301,49,4270,2391,6000,,300,,,,constant_speed,normal,0,no_load,cw,A3: rotate CW low speed,servo-app/lab-0.1
1781162682.4427826,76.39717388153076,A3_ROTATE_ONE_DIR,A3_ROTATE_ONE_DIR_R01_20260611_142325,delta-asda-b3-e,1591,RTSO|SO|OE|VE|QS|TR,3,0,641421245,299,16,0.06832,16,0.038256,301,49,4270,2391,6000,,300,,,,constant_speed,normal,0,no_load,cw,A3: rotate CW low speed,servo-app/lab-0.1
1781162682.543006,76.49739718437195,A3_ROTATE_ONE_DIR,A3_ROTATE_ONE_DIR_R01_20260611_142325,delta-asda-b3-e,1591,RTSO|SO|OE|VE|QS|TR,3,0,642258654,300,19,0.08113,19,0.045429,301,49,4270,2391,6000,,300,,,,constant_speed,normal,0,no_load,cw,A3: rotate CW low speed,servo-app/lab-0.1
1781162682.644138,76.59852933883667,A3_ROTATE_ONE_DIR,A3_ROTATE_ONE_DIR_R01_20260611_142325,delta-asda-b3-e,1591,RTSO|SO|OE|VE|QS|TR,3,0,643115739,300,16,0.06832,18,0.043038,301,49,4270,2391,6000,,300,,,,constant_speed,normal,0,no_load,cw,A3: rotate CW low speed,servo-app/lab-0.1
1781162682.7445583,76.6989495754242,A3_ROTATE_ONE_DIR,A3_ROTATE_ONE_DIR_R01_20260611_142325,delta-asda-b3-e,1591,RTSO|SO|OE|VE|QS|TR,3,0,643953615,300,15,0.06405,18,0.043038,301,49,4270,2391,6000,,300,,,,constant_speed,normal,0,no_load,cw,A3: rotate CW low speed,servo-app/lab-0.1
1781162682.8451233,76.79951453208923,A3_ROTATE_ONE_DIR,A3_ROTATE_ONE_DIR_R01_20260611_142325,delta-asda-b3-e,1591,RTSO|SO|OE|VE|QS|TR,3,0,644801296,300,16,0.06832,16,0.038256,301,49,4270,2391,6000,,300,,,,constant_speed,normal,0,no_load,cw,A3: rotate CW low speed,servo-app/lab-0.1
1781162682.9457765,76.90016770362854,A3_ROTATE_ONE_DIR,A3_ROTATE_ONE_DIR_R01_20260611_142325,delta-asda-b3-e,1591,RTSO|SO|OE|VE|QS|TR,3,0,645638849,299,21,0.08967,22,0.052602,301,49,4270,2391,6000,,300,,,,constant_speed,normal,0,no_load,cw,A3: rotate CW low speed,servo-app/lab-0.1
1781162683.0474162,77.00180745124817,A3_ROTATE_ONE_DIR,A3_ROTATE_ONE_DIR_R01_20260611_142325,delta-asda-b3-e,1591,RTSO|SO|OE|VE|QS|TR,3,0,646496024,301,17,0.07259,16,0.038256,301,49,4270,2391,6000,,300,,,,constant_speed,normal,0,no_load,cw,A3: rotate CW low speed,servo-app/lab-0.1
1781162683.1477537,77.10214495658875,A3_ROTATE_ONE_DIR,A3_ROTATE_ONE_DIR_R01_20260611_142325,delta-asda-b3-e,1591,RTSO|SO|OE|VE|QS|TR,3,0,647333674,301,19,0.08113,19,0.045429,301,49,4270,2391,6000,,300,,,,constant_speed,normal,0,no_load,cw,A3: rotate CW low speed,servo-app/lab-0.1
1781162683.2478523,77.20224356651306,A3_ROTATE_ONE_DIR,A3_ROTATE_ONE_DIR_R01_20260611_142325,delta-asda-b3-e,1591,RTSO|SO|OE|VE|QS|TR,3,0,648173725,300,16,0.06832,15,0.035865,301,49,4270,2391,6000,,300,,,,constant_speed,normal,0,no_load,cw,A3: rotate CW low speed,servo-app/lab-0.1
1781162683.3479974,77.3023886680603,A3_ROTATE_ONE_DIR,A3_ROTATE_ONE_DIR_R01_20260611_142325,delta-asda-b3-e,1591,RTSO|SO|OE|VE|QS|TR,3,0,649010740,300,21,0.08967,20,0.04782,301,49,4270,2391,6000,,300,,,,constant_speed,normal,0,no_load,cw,A3: rotate CW low speed,servo-app/lab-0.1
1781162683.448406,77.40279722213745,A3_ROTATE_ONE_DIR,A3_ROTATE_ONE_DIR_R01_20260611_142325,delta-asda-b3-e,1591,RTSO|SO|OE|VE|QS|TR,3,0,649859631,300,18,0.07686,18,0.043038,301,49,4270,2391,6000,,300,,,,constant_speed,normal,0,no_load,cw,A3: rotate CW low speed,servo-app/lab-0.1
1781162683.5488946,77.50328588485718,A3_ROTATE_ONE_DIR,A3_ROTATE_ONE_DIR_R01_20260611_142325,delta-asda-b3-e,1591,RTSO|SO|OE|VE|QS|TR,3,0,650697379,301,18,0.07686,18,0.043038,301,49,4270,2391,6000,,300,,,,constant_speed,normal,0,no_load,cw,A3: rotate CW low speed,servo-app/lab-0.1
1781162683.6493022,77.60369348526001,A3_ROTATE_ONE_DIR,A3_ROTATE_ONE_DIR_R01_20260611_142325,delta-asda-b3-e,1591,RTSO|SO|OE|VE|QS|TR,3,0,651545562,301,16,0.06832,16,0.038256,301,49,4270,2391,6000,,300,,,,constant_speed,normal,0,no_load,cw,A3: rotate CW low speed,servo-app/lab-0.1
1781162683.750349,77.70474028587341,A3_ROTATE_ONE_DIR,A3_ROTATE_ONE_DIR_R01_20260611_142325,delta-asda-b3-e,1591,RTSO|SO|OE|VE|QS|TR,3,0,652391943,301,18,0.07686,19,0.045429,301,49,4270,2391,6000,,300,,,,constant_speed,normal,0,no_load,cw,A3: rotate CW low speed,servo-app/lab-0.1
1781162683.8509676,77.80535888671875,A3_ROTATE_ONE_DIR,A3_ROTATE_ONE_DIR_R01_20260611_142325,delta-asda-b3-e,1591,RTSO|SO|OE|VE|QS|TR,3,0,653231676,300,18,0.07686,19,0.045429,302,49,4270,2391,6000,,300,,,,constant_speed,normal,0,no_load,cw,A3: rotate CW low speed,servo-app/lab-0.1
1781162683.9512115,77.90560269355774,A3_ROTATE_ONE_DIR,A3_ROTATE_ONE_DIR_R01_20260611_142325,delta-asda-b3-e,1591,RTSO|SO|OE|VE|QS|TR,3,0,654077974,300,18,0.07686,17,0.040647,301,49,4270,2391,6000,,300,,,,constant_speed,normal,0,no_load,cw,A3: rotate CW low speed,servo-app/lab-0.1
1781162684.051562,78.00595331192017,A3_ROTATE_ONE_DIR,A3_ROTATE_ONE_DIR_R01_20260611_142325,delta-asda-b3-e,1591,RTSO|SO|OE|VE|QS|TR,3,0,654917759,301,15,0.06405,14,0.033474,301,49,4270,2391,6000,,300,,,,constant_speed,normal,0,no_load,cw,A3: rotate CW low speed,servo-app/lab-0.1
1781162684.1522388,78.1066300868988,A3_ROTATE_ONE_DIR,A3_ROTATE_ONE_DIR_R01_20260611_142325,delta-asda-b3-e,1591,RTSO|SO|OE|VE|QS|TR,3,0,655755304,301,19,0.08113,19,0.045429,301,49,4270,2391,6000,,300,,,,constant_speed,normal,0,no_load,cw,A3: rotate CW low speed,servo-app/lab-0.1
1781162684.2527921,78.20718336105347,A3_ROTATE_ONE_DIR,A3_ROTATE_ONE_DIR_R01_20260611_142325,delta-asda-b3-e,1591,RTSO|SO|OE|VE|QS|TR,3,0,656604081,300,17,0.07259,17,0.040647,301,49,4270,2391,6000,,300,,,,constant_speed,normal,0,no_load,cw,A3: rotate CW low speed,servo-app/lab-0.1
1781162684.353404,78.30779528617859,A3_ROTATE_ONE_DIR,A3_ROTATE_ONE_DIR_R01_20260611_142325,delta-asda-b3-e,1591,RTSO|SO|OE|VE|QS|TR,3,0,657449756,300,19,0.08113,19,0.045429,301,49,4270,2391,6000,,300,,,,constant_speed,normal,0,no_load,cw,A3: rotate CW low speed,servo-app/lab-0.1
1781162684.4538434,78.40823459625244,A3_ROTATE_ONE_DIR,A3_ROTATE_ONE_DIR_R01_20260611_142325,delta-asda-b3-e,1591,RTSO|SO|OE|VE|QS|TR,3,0,658289486,300,16,0.06832,18,0.043038,301,49,4270,2391,6000,,300,,,,constant_speed,normal,0,no_load,cw,A3: rotate CW low speed,servo-app/lab-0.1
1781162684.554354,78.50874519348145,A3_ROTATE_ONE_DIR,A3_ROTATE_ONE_DIR_R01_20260611_142325,delta-asda-b3-e,1591,RTSO|SO|OE|VE|QS|TR,3,0,659135816,301,16,0.06832,18,0.043038,301,49,4270,2391,6000,,300,,,,constant_speed,normal,0,no_load,cw,A3: rotate CW low speed,servo-app/lab-0.1
1781162684.6546922,78.60908341407776,A3_ROTATE_ONE_DIR,A3_ROTATE_ONE_DIR_R01_20260611_142325,delta-asda-b3-e,1591,RTSO|SO|OE|VE|QS|TR,3,0,659984171,300,19,0.08113,18,0.043038,301,49,4270,2391,6000,,300,,,,constant_speed,normal,0,no_load,cw,A3: rotate CW low speed,servo-app/lab-0.1
1781162684.7552843,78.70967555046082,A3_ROTATE_ONE_DIR,A3_ROTATE_ONE_DIR_R01_20260611_142325,delta-asda-b3-e,1591,RTSO|SO|OE|VE|QS|TR,3,0,660830481,300,19,0.08113,17,0.040647,301,49,4270,2391,6000,,300,,,,constant_speed,normal,0,no_load,cw,A3: rotate CW low speed,servo-app/lab-0.1
1781162684.8558486,78.81023979187012,A3_ROTATE_ONE_DIR,A3_ROTATE_ONE_DIR_R01_20260611_142325,delta-asda-b3-e,1591,RTSO|SO|OE|VE|QS|TR,3,0,661661208,300,17,0.07259,17,0.040647,302,49,4270,2391,6000,,300,,,,constant_speed,normal,0,no_load,cw,A3: rotate CW low speed,servo-app/lab-0.1
1781162684.9560478,78.91043901443481,A3_ROTATE_ONE_DIR,A3_ROTATE_ONE_DIR_R01_20260611_142325,delta-asda-b3-e,1591,RTSO|SO|OE|VE|QS|TR,3,0,662498970,300,20,0.0854,20,0.04782,301,49,4270,2391,6000,,300,,,,constant_speed,normal,0,no_load,cw,A3: rotate CW low speed,servo-app/lab-0.1
1781162685.0561457,79.0105369091034,A3_ROTATE_ONE_DIR,A3_ROTATE_ONE_DIR_R01_20260611_142325,delta-asda-b3-e,1591,RTSO|SO|OE|VE|QS|TR,3,0,663339371,301,17,0.07259,16,0.038256,301,49,4270,2391,6000,,300,,,,constant_speed,normal,0,no_load,cw,A3: rotate CW low speed,servo-app/lab-0.1
1781162685.1568532,79.11124444007874,A3_ROTATE_ONE_DIR,A3_ROTATE_ONE_DIR_R01_20260611_142325,delta-asda-b3-e,1591,RTSO|SO|OE|VE|QS|TR,3,0,664185260,301,20,0.0854,17,0.040647,302,49,4270,2391,6000,,300,,,,constant_speed,normal,0,no_load,cw,A3: rotate CW low speed,servo-app/lab-0.1
1781162685.257191,79.21158218383789,A3_ROTATE_ONE_DIR,A3_ROTATE_ONE_DIR_R01_20260611_142325,delta-asda-b3-e,1591,RTSO|SO|OE|VE|QS|TR,3,0,665033477,300,17,0.07259,17,0.040647,301,49,4270,2391,6000,,300,,,,constant_speed,normal,0,no_load,cw,A3: rotate CW low speed,servo-app/lab-0.1
1781162685.3573928,79.31178402900696,A3_ROTATE_ONE_DIR,A3_ROTATE_ONE_DIR_R01_20260611_142325,delta-asda-b3-e,1591,RTSO|SO|OE|VE|QS|TR,3,0,665870726,301,21,0.08967,21,0.050211,302,49,4270,2391,6000,,300,,,,constant_speed,normal,0,no_load,cw,A3: rotate CW low speed,servo-app/lab-0.1
1781162685.458008,79.41239929199219,A3_ROTATE_ONE_DIR,A3_ROTATE_ONE_DIR_R01_20260611_142325,delta-asda-b3-e,1591,RTSO|SO|OE|VE|QS|TR,3,0,666710936,300,19,0.08113,18,0.043038,301,49,4270,2391,6000,,300,,,,constant_speed,normal,0,no_load,cw,A3: rotate CW low speed,servo-app/lab-0.1
1781162685.558252,79.51264333724976,A3_ROTATE_ONE_DIR,A3_ROTATE_ONE_DIR_R01_20260611_142325,delta-asda-b3-e,1591,RTSO|SO|OE|VE|QS|TR,3,0,667557482,301,19,0.08113,18,0.043038,301,49,4270,2391,6000,,300,,,,constant_speed,normal,0,no_load,cw,A3: rotate CW low speed,servo-app/lab-0.1
1781162685.6588492,79.61324048042297,A3_ROTATE_ONE_DIR,A3_ROTATE_ONE_DIR_R01_20260611_142325,delta-asda-b3-e,1591,RTSO|SO|OE|VE|QS|TR,3,0,668396836,301,17,0.07259,17,0.040647,301,49,4270,2391,6000,,300,,,,constant_speed,normal,0,no_load,cw,A3: rotate CW low speed,servo-app/lab-0.1
1781162685.7591593,79.71355056762695,A3_ROTATE_ONE_DIR,A3_ROTATE_ONE_DIR_R01_20260611_142325,delta-asda-b3-e,1591,RTSO|SO|OE|VE|QS|TR,3,0,669243309,301,20,0.0854,20,0.04782,302,49,4270,2391,6000,,300,,,,constant_speed,normal,0,no_load,cw,A3: rotate CW low speed,servo-app/lab-0.1
1781162685.8595643,79.81395554542542,A3_ROTATE_ONE_DIR,A3_ROTATE_ONE_DIR_R01_20260611_142325,delta-asda-b3-e,1591,RTSO|SO|OE|VE|QS|TR,3,0,670082969,300,19,0.08113,19,0.045429,302,49,4270,2391,6000,,300,,,,constant_speed,normal,0,no_load,cw,A3: rotate CW low speed,servo-app/lab-0.1
1781162685.9606225,79.91501379013062,A3_ROTATE_ONE_DIR,A3_ROTATE_ONE_DIR_R01_20260611_142325,delta-asda-b3-e,1591,RTSO|SO|OE|VE|QS|TR,3,0,670929458,300,19,0.08113,20,0.04782,301,49,4270,2391,6000,,300,,,,constant_speed,normal,0,no_load,cw,A3: rotate CW low speed,servo-app/lab-0.1
1781162686.0612206,80.01561188697815,A3_ROTATE_ONE_DIR,A3_ROTATE_ONE_DIR_R01_20260611_142325,delta-asda-b3-e,1591,RTSO|SO|OE|VE|QS|TR,3,0,671769342,301,17,0.07259,16,0.038256,302,49,4270,2391,6000,,300,,,,constant_speed,normal,0,no_load,cw,A3: rotate CW low speed,servo-app/lab-0.1
1781162686.1619604,80.11635160446167,A3_ROTATE_ONE_DIR,A3_ROTATE_ONE_DIR_R01_20260611_142325,delta-asda-b3-e,1591,RTSO|SO|OE|VE|QS|TR,3,0,672615330,300,19,0.08113,18,0.043038,301,49,4270,2391,6000,,300,,,,constant_speed,normal,0,no_load,cw,A3: rotate CW low speed,servo-app/lab-0.1
1781162686.2626445,80.21703577041626,A3_ROTATE_ONE_DIR,A3_ROTATE_ONE_DIR_R01_20260611_142325,delta-asda-b3-e,1591,RTSO|SO|OE|VE|QS|TR,3,0,673463823,300,18,0.07686,19,0.045429,302,49,4270,2391,6000,,300,,,,constant_speed,normal,0,no_load,cw,A3: rotate CW low speed,servo-app/lab-0.1
1781162686.3630214,80.31741261482239,A3_ROTATE_ONE_DIR,A3_ROTATE_ONE_DIR_R01_20260611_142325,delta-asda-b3-e,1591,RTSO|SO|OE|VE|QS|TR,3,0,674301340,300,19,0.08113,19,0.045429,301,49,4270,2391,6000,,300,,,,constant_speed,normal,0,no_load,cw,A3: rotate CW low speed,servo-app/lab-0.1
1781162686.4631004,80.41749167442322,A3_ROTATE_ONE_DIR,A3_ROTATE_ONE_DIR_R01_20260611_142325,delta-asda-b3-e,1591,RTSO|SO|OE|VE|QS|TR,3,0,675140972,300,16,0.06832,16,0.038256,301,49,4270,2391,6000,,300,,,,constant_speed,normal,0,no_load,cw,A3: rotate CW low speed,servo-app/lab-0.1
1781162686.5641222,80.51851344108582,A3_ROTATE_ONE_DIR,A3_ROTATE_ONE_DIR_R01_20260611_142325,delta-asda-b3-e,1591,RTSO|SO|OE|VE|QS|TR,3,0,675995940,301,16,0.06832,17,0.040647,302,49,4270,2391,6000,,300,,,,constant_speed,normal,0,no_load,cw,A3: rotate CW low speed,servo-app/lab-0.1
1781162686.6642141,80.61860537528992,A3_ROTATE_ONE_DIR,A3_ROTATE_ONE_DIR_R01_20260611_142325,delta-asda-b3-e,1591,RTSO|SO|OE|VE|QS|TR,3,0,676827152,300,19,0.08113,20,0.04782,301,49,4270,2391,6000,,300,,,,constant_speed,normal,0,no_load,cw,A3: rotate CW low speed,servo-app/lab-0.1
1781162686.764622,80.71901321411133,A3_ROTATE_ONE_DIR,A3_ROTATE_ONE_DIR_R01_20260611_142325,delta-asda-b3-e,1591,RTSO|SO|OE|VE|QS|TR,3,0,677673569,300,18,0.07686,19,0.045429,302,49,4270,2391,6000,,300,,,,constant_speed,normal,0,no_load,cw,A3: rotate CW low speed,servo-app/lab-0.1
1781162686.865144,80.81953525543213,A3_ROTATE_ONE_DIR,A3_ROTATE_ONE_DIR_R01_20260611_142325,delta-asda-b3-e,1591,RTSO|SO|OE|VE|QS|TR,3,0,678512554,299,17,0.07259,17,0.040647,301,49,4270,2391,6000,,300,,,,constant_speed,normal,0,no_load,cw,A3: rotate CW low speed,servo-app/lab-0.1
1781162686.9652498,80.91964101791382,A3_ROTATE_ONE_DIR,A3_ROTATE_ONE_DIR_R01_20260611_142325,delta-asda-b3-e,1591,RTSO|SO|OE|VE|QS|TR,3,0,679350650,300,16,0.06832,18,0.043038,301,49,4270,2391,6000,,300,,,,constant_speed,normal,0,no_load,cw,A3: rotate CW low speed,servo-app/lab-0.1
1781162687.0653963,81.01978754997253,A3_ROTATE_ONE_DIR,A3_ROTATE_ONE_DIR_R01_20260611_142325,delta-asda-b3-e,1591,RTSO|SO|OE|VE|QS|TR,3,0,680199321,300,19,0.08113,17,0.040647,301,49,4270,2391,6000,,300,,,,constant_speed,normal,0,no_load,cw,A3: rotate CW low speed,servo-app/lab-0.1
1781162687.1655493,81.11994051933289,A3_ROTATE_ONE_DIR,A3_ROTATE_ONE_DIR_R01_20260611_142325,delta-asda-b3-e,1591,RTSO|SO|OE|VE|QS|TR,3,0,681036921,300,19,0.08113,18,0.043038,301,49,4270,2391,6000,,300,,,,constant_speed,normal,0,no_load,cw,A3: rotate CW low speed,servo-app/lab-0.1
1781162687.2656214,81.22001266479492,A3_ROTATE_ONE_DIR,A3_ROTATE_ONE_DIR_R01_20260611_142325,delta-asda-b3-e,1591,RTSO|SO|OE|VE|QS|TR,3,0,681876462,299,18,0.07686,16,0.038256,301,49,4270,2391,6000,,300,,,,constant_speed,normal,0,no_load,cw,A3: rotate CW low speed,servo-app/lab-0.1
1781162687.366405,81.320796251297,A3_ROTATE_ONE_DIR,A3_ROTATE_ONE_DIR_R01_20260611_142325,delta-asda-b3-e,1591,RTSO|SO|OE|VE|QS|TR,3,0,682722451,301,17,0.07259,17,0.040647,301,49,4270,2391,6000,,300,,,,constant_speed,normal,0,no_load,cw,A3: rotate CW low speed,servo-app/lab-0.1
1781162687.4664612,81.42085242271423,A3_ROTATE_ONE_DIR,A3_ROTATE_ONE_DIR_R01_20260611_142325,delta-asda-b3-e,1591,RTSO|SO|OE|VE|QS|TR,3,0,683562501,300,19,0.08113,19,0.045429,301,49,4270,2391,6000,,300,,,,constant_speed,normal,0,no_load,cw,A3: rotate CW low speed,servo-app/lab-0.1
1781162687.5670977,81.521488904953,A3_ROTATE_ONE_DIR,A3_ROTATE_ONE_DIR_R01_20260611_142325,delta-asda-b3-e,1591,RTSO|SO|OE|VE|QS|TR,3,0,684392458,301,19,0.08113,18,0.043038,301,49,4270,2391,6000,,300,,,,constant_speed,normal,0,no_load,cw,A3: rotate CW low speed,servo-app/lab-0.1
1781162687.6672058,81.62159705162048,A3_ROTATE_ONE_DIR,A3_ROTATE_ONE_DIR_R01_20260611_142325,delta-asda-b3-e,1591,RTSO|SO|OE|VE|QS|TR,3,0,685248261,300,18,0.07686,18,0.043038,301,49,4270,2391,6000,,300,,,,constant_speed,normal,0,no_load,cw,A3: rotate CW low speed,servo-app/lab-0.1
1781162687.7676644,81.72205567359924,A3_ROTATE_ONE_DIR,A3_ROTATE_ONE_DIR_R01_20260611_142325,delta-asda-b3-e,1591,RTSO|SO|OE|VE|QS|TR,3,0,686086466,300,18,0.07686,18,0.043038,301,49,4270,2391,6000,,300,,,,constant_speed,normal,0,no_load,cw,A3: rotate CW low speed,servo-app/lab-0.1
1781162687.8681915,81.8225827217102,A3_ROTATE_ONE_DIR,A3_ROTATE_ONE_DIR_R01_20260611_142325,delta-asda-b3-e,1591,RTSO|SO|OE|VE|QS|TR,3,0,686926094,300,18,0.07686,19,0.045429,302,49,4270,2391,6000,,300,,,,constant_speed,normal,0,no_load,cw,A3: rotate CW low speed,servo-app/lab-0.1
1781162687.9686735,81.92306470870972,A3_ROTATE_ONE_DIR,A3_ROTATE_ONE_DIR_R01_20260611_142325,delta-asda-b3-e,1591,RTSO|SO|OE|VE|QS|TR,3,0,687772720,301,19,0.08113,19,0.045429,301,49,4270,2391,6000,,300,,,,constant_speed,normal,0,no_load,cw,A3: rotate CW low speed,servo-app/lab-0.1
1781162688.0692012,82.02359247207642,A3_ROTATE_ONE_DIR,A3_ROTATE_ONE_DIR_R01_20260611_142325,delta-asda-b3-e,1591,RTSO|SO|OE|VE|QS|TR,3,0,688612359,300,17,0.07259,17,0.040647,301,49,4270,2391,6000,,300,,,,constant_speed,normal,0,no_load,cw,A3: rotate CW low speed,servo-app/lab-0.1
1781162688.1694171,82.12380838394165,A3_ROTATE_ONE_DIR,A3_ROTATE_ONE_DIR_R01_20260611_142325,delta-asda-b3-e,1591,RTSO|SO|OE|VE|QS|TR,3,0,689458351,300,17,0.07259,18,0.043038,301,49,4270,2391,6000,,300,,,,constant_speed,normal,0,no_load,cw,A3: rotate CW low speed,servo-app/lab-0.1
1781162688.269851,82.22424221038818,A3_ROTATE_ONE_DIR,A3_ROTATE_ONE_DIR_R01_20260611_142325,delta-asda-b3-e,1591,RTSO|SO|OE|VE|QS|TR,3,0,690298360,299,19,0.08113,19,0.045429,301,49,4270,2391,6000,,300,,,,constant_speed,normal,0,no_load,cw,A3: rotate CW low speed,servo-app/lab-0.1
1781162688.370237,82.3246283531189,A3_ROTATE_ONE_DIR,A3_ROTATE_ONE_DIR_R01_20260611_142325,delta-asda-b3-e,1591,RTSO|SO|OE|VE|QS|TR,3,0,691144529,300,20,0.0854,18,0.043038,301,49,4270,2391,6000,,300,,,,constant_speed,normal,0,no_load,cw,A3: rotate CW low speed,servo-app/lab-0.1
1781162688.4703772,82.42476844787598,A3_ROTATE_ONE_DIR,A3_ROTATE_ONE_DIR_R01_20260611_142325,delta-asda-b3-e,1591,RTSO|SO|OE|VE|QS|TR,3,0,691983961,300,18,0.07686,16,0.038256,301,49,4270,2391,6000,,300,,,,constant_speed,normal,0,no_load,cw,A3: rotate CW low speed,servo-app/lab-0.1
1781162688.5707846,82.52517580986023,A3_ROTATE_ONE_DIR,A3_ROTATE_ONE_DIR_R01_20260611_142325,delta-asda-b3-e,1591,RTSO|SO|OE|VE|QS|TR,3,0,692822334,300,17,0.07259,16,0.038256,301,49,4270,2391,6000,,300,,,,constant_speed,normal,0,no_load,cw,A3: rotate CW low speed,servo-app/lab-0.1
1781162688.6715233,82.62591457366943,A3_ROTATE_ONE_DIR,A3_ROTATE_ONE_DIR_R01_20260611_142325,delta-asda-b3-e,1591,RTSO|SO|OE|VE|QS|TR,3,0,693670021,299,20,0.0854,20,0.04782,301,49,4270,2391,6000,,300,,,,constant_speed,normal,0,no_load,cw,A3: rotate CW low speed,servo-app/lab-0.1
1781162688.77175,82.72614121437073,A3_ROTATE_ONE_DIR,A3_ROTATE_ONE_DIR_R01_20260611_142325,delta-asda-b3-e,1591,RTSO|SO|OE|VE|QS|TR,3,0,694508207,300,18,0.07686,19,0.045429,302,49,4270,2391,6000,,300,,,,constant_speed,normal,0,no_load,cw,A3: rotate CW low speed,servo-app/lab-0.1
1781162688.8722823,82.82667350769043,A3_ROTATE_ONE_DIR,A3_ROTATE_ONE_DIR_R01_20260611_142325,delta-asda-b3-e,1591,RTSO|SO|OE|VE|QS|TR,3,0,695355573,300,17,0.07259,18,0.043038,302,49,4270,2391,6000,,300,,,,constant_speed,normal,0,no_load,cw,A3: rotate CW low speed,servo-app/lab-0.1
1781162688.9729636,82.92735481262207,A3_ROTATE_ONE_DIR,A3_ROTATE_ONE_DIR_R01_20260611_142325,delta-asda-b3-e,1591,RTSO|SO|OE|VE|QS|TR,3,0,696193776,300,15,0.06405,18,0.043038,301,49,4270,2391,6000,,300,,,,constant_speed,normal,0,no_load,cw,A3: rotate CW low speed,servo-app/lab-0.1
1781162689.0732696,83.0276608467102,A3_ROTATE_ONE_DIR,A3_ROTATE_ONE_DIR_R01_20260611_142325,delta-asda-b3-e,1591,RTSO|SO|OE|VE|QS|TR,3,0,697042265,300,16,0.06832,19,0.045429,301,49,4270,2391,6000,,300,,,,constant_speed,normal,0,no_load,cw,A3: rotate CW low speed,servo-app/lab-0.1
1781162689.173661,83.12805223464966,A3_ROTATE_ONE_DIR,A3_ROTATE_ONE_DIR_R01_20260611_142325,delta-asda-b3-e,1591,RTSO|SO|OE|VE|QS|TR,3,0,697879946,300,18,0.07686,20,0.04782,301,49,4270,2391,6000,,300,,,,constant_speed,normal,0,no_load,cw,A3: rotate CW low speed,servo-app/lab-0.1
1781162689.273973,83.22836422920227,A3_ROTATE_ONE_DIR,A3_ROTATE_ONE_DIR_R01_20260611_142325,delta-asda-b3-e,1591,RTSO|SO|OE|VE|QS|TR,3,0,698719266,299,16,0.06832,18,0.043038,302,49,4270,2391,6000,,300,,,,constant_speed,normal,0,no_load,cw,A3: rotate CW low speed,servo-app/lab-0.1
1781162689.3747041,83.32909536361694,A3_ROTATE_ONE_DIR,A3_ROTATE_ONE_DIR_R01_20260611_142325,delta-asda-b3-e,1591,RTSO|SO|OE|VE|QS|TR,3,0,699565688,301,16,0.06832,16,0.038256,301,49,4270,2391,6000,,300,,,,constant_speed,normal,0,no_load,cw,A3: rotate CW low speed,servo-app/lab-0.1
1781162689.4751506,83.42954182624817,A3_ROTATE_ONE_DIR,A3_ROTATE_ONE_DIR_R01_20260611_142325,delta-asda-b3-e,1591,RTSO|SO|OE|VE|QS|TR,3,0,700405505,299,17,0.07259,17,0.040647,302,49,4270,2391,6000,,300,,,,constant_speed,normal,0,no_load,cw,A3: rotate CW low speed,servo-app/lab-0.1
1781162689.5753012,83.52969241142273,A3_ROTATE_ONE_DIR,A3_ROTATE_ONE_DIR_R01_20260611_142325,delta-asda-b3-e,1591,RTSO|SO|OE|VE|QS|TR,3,0,701252310,300,19,0.08113,18,0.043038,302,49,4270,2391,6000,,300,,,,constant_speed,normal,0,no_load,cw,A3: rotate CW low speed,servo-app/lab-0.1
1781162689.6758003,83.63019156455994,A3_ROTATE_ONE_DIR,A3_ROTATE_ONE_DIR_R01_20260611_142325,delta-asda-b3-e,1591,RTSO|SO|OE|VE|QS|TR,3,0,702091017,299,18,0.07686,17,0.040647,302,49,4270,2391,6000,,300,,,,constant_speed,normal,0,no_load,cw,A3: rotate CW low speed,servo-app/lab-0.1
1781162689.7762477,83.73063898086548,A3_ROTATE_ONE_DIR,A3_ROTATE_ONE_DIR_R01_20260611_142325,delta-asda-b3-e,1591,RTSO|SO|OE|VE|QS|TR,3,0,702929432,300,17,0.07259,16,0.038256,302,49,4270,2391,6000,,300,,,,constant_speed,normal,0,no_load,cw,A3: rotate CW low speed,servo-app/lab-0.1
1781162689.876447,83.83083820343018,A3_ROTATE_ONE_DIR,A3_ROTATE_ONE_DIR_R01_20260611_142325,delta-asda-b3-e,1591,RTSO|SO|OE|VE|QS|TR,3,0,703777477,300,18,0.07686,18,0.043038,301,49,4270,2391,6000,,300,,,,constant_speed,normal,0,no_load,cw,A3: rotate CW low speed,servo-app/lab-0.1
1781162689.977058,83.93144917488098,A3_ROTATE_ONE_DIR,A3_ROTATE_ONE_DIR_R01_20260611_142325,delta-asda-b3-e,1591,RTSO|SO|OE|VE|QS|TR,3,0,704615668,300,18,0.07686,19,0.045429,302,49,4270,2391,6000,,300,,,,constant_speed,normal,0,no_load,cw,A3: rotate CW low speed,servo-app/lab-0.1
1781162690.077659,84.03205013275146,A3_ROTATE_ONE_DIR,A3_ROTATE_ONE_DIR_R01_20260611_142325,delta-asda-b3-e,1591,RTSO|SO|OE|VE|QS|TR,3,0,705463646,300,16,0.06832,16,0.038256,301,49,4270,2391,6000,,300,,,,constant_speed,normal,0,no_load,cw,A3: rotate CW low speed,servo-app/lab-0.1
1781162690.1780863,84.13247752189636,A3_ROTATE_ONE_DIR,A3_ROTATE_ONE_DIR_R01_20260611_142325,delta-asda-b3-e,1591,RTSO|SO|OE|VE|QS|TR,3,0,706301331,300,15,0.06405,17,0.040647,301,49,4270,2391,6000,,300,,,,constant_speed,normal,0,no_load,cw,A3: rotate CW low speed,servo-app/lab-0.1
1781162690.278506,84.23289728164673,A3_ROTATE_ONE_DIR,A3_ROTATE_ONE_DIR_R01_20260611_142325,delta-asda-b3-e,1591,RTSO|SO|OE|VE|QS|TR,3,0,707149660,300,18,0.07686,18,0.043038,301,49,4270,2391,6000,,300,,,,constant_speed,normal,0,no_load,cw,A3: rotate CW low speed,servo-app/lab-0.1
1781162690.3786836,84.33307480812073,A3_ROTATE_ONE_DIR,A3_ROTATE_ONE_DIR_R01_20260611_142325,delta-asda-b3-e,1591,RTSO|SO|OE|VE|QS|TR,3,0,707996147,301,19,0.08113,18,0.043038,301,49,4270,2391,6000,,300,,,,constant_speed,normal,0,no_load,cw,A3: rotate CW low speed,servo-app/lab-0.1
1781162690.4794946,84.4338858127594,A3_ROTATE_ONE_DIR,A3_ROTATE_ONE_DIR_R01_20260611_142325,delta-asda-b3-e,1591,RTSO|SO|OE|VE|QS|TR,3,0,708835388,300,17,0.07259,17,0.040647,301,49,4270,2391,6000,,300,,,,constant_speed,normal,0,no_load,cw,A3: rotate CW low speed,servo-app/lab-0.1
1781162690.5796182,84.53400945663452,A3_ROTATE_ONE_DIR,A3_ROTATE_ONE_DIR_R01_20260611_142325,delta-asda-b3-e,1591,RTSO|SO|OE|VE|QS|TR,3,0,709673906,301,15,0.06405,15,0.035865,301,49,4270,2391,6000,,300,,,,constant_speed,normal,0,no_load,cw,A3: rotate CW low speed,servo-app/lab-0.1
1781162690.6798189,84.6342101097107,A3_ROTATE_ONE_DIR,A3_ROTATE_ONE_DIR_R01_20260611_142325,delta-asda-b3-e,1591,RTSO|SO|OE|VE|QS|TR,3,0,710513076,300,19,0.08113,19,0.045429,301,49,4270,2391,6000,,300,,,,constant_speed,normal,0,no_load,cw,A3: rotate CW low speed,servo-app/lab-0.1
1781162690.7799435,84.73433470726013,A3_ROTATE_ONE_DIR,A3_ROTATE_ONE_DIR_R01_20260611_142325,delta-asda-b3-e,1591,RTSO|SO|OE|VE|QS|TR,3,0,711351262,300,20,0.0854,18,0.043038,302,49,4270,2391,6000,,300,,,,constant_speed,normal,0,no_load,cw,A3: rotate CW low speed,servo-app/lab-0.1
1781162690.88059,84.83498120307922,A3_ROTATE_ONE_DIR,A3_ROTATE_ONE_DIR_R01_20260611_142325,delta-asda-b3-e,1591,RTSO|SO|OE|VE|QS|TR,3,0,712198783,300,17,0.07259,17,0.040647,302,49,4270,2391,6000,,300,,,,constant_speed,normal,0,no_load,cw,A3: rotate CW low speed,servo-app/lab-0.1
1781162690.980848,84.93523931503296,A3_ROTATE_ONE_DIR,A3_ROTATE_ONE_DIR_R01_20260611_142325,delta-asda-b3-e,1591,RTSO|SO|OE|VE|QS|TR,3,0,713037081,301,15,0.06405,15,0.035865,302,49,4270,2391,6000,,300,,,,constant_speed,normal,0,no_load,cw,A3: rotate CW low speed,servo-app/lab-0.1
1781162691.0810814,85.03547263145447,A3_ROTATE_ONE_DIR,A3_ROTATE_ONE_DIR_R01_20260611_142325,delta-asda-b3-e,1591,RTSO|SO|OE|VE|QS|TR,3,0,713876986,300,18,0.07686,18,0.043038,302,49,4270,2391,6000,,300,,,,constant_speed,normal,0,no_load,cw,A3: rotate CW low speed,servo-app/lab-0.1
1781162691.1815636,85.13595485687256,A3_ROTATE_ONE_DIR,A3_ROTATE_ONE_DIR_R01_20260611_142325,delta-asda-b3-e,1591,RTSO|SO|OE|VE|QS|TR,3,0,714722994,300,17,0.07259,19,0.045429,301,49,4270,2391,6000,,300,,,,constant_speed,normal,0,no_load,cw,A3: rotate CW low speed,servo-app/lab-0.1
1781162691.2823732,85.23676443099976,A3_ROTATE_ONE_DIR,A3_ROTATE_ONE_DIR_R01_20260611_142325,delta-asda-b3-e,1591,RTSO|SO|OE|VE|QS|TR,3,0,715604166,300,19,0.08113,19,0.045429,302,49,4270,2391,6000,,300,,,,constant_speed,normal,0,no_load,cw,A3: rotate CW low speed,servo-app/lab-0.1
1781162691.3825998,85.33699107170105,A3_ROTATE_ONE_DIR,A3_ROTATE_ONE_DIR_R01_20260611_142325,delta-asda-b3-e,1591,RTSO|SO|OE|VE|QS|TR,3,0,716409078,301,15,0.06405,15,0.035865,302,49,4270,2391,6000,,300,,,,constant_speed,normal,0,no_load,cw,A3: rotate CW low speed,servo-app/lab-0.1
1781162691.482796,85.43718719482422,A3_ROTATE_ONE_DIR,A3_ROTATE_ONE_DIR_R01_20260611_142325,delta-asda-b3-e,1591,RTSO|SO|OE|VE|QS|TR,3,0,717248655,300,17,0.07259,19,0.045429,302,49,4270,2391,6000,,300,,,,constant_speed,normal,0,no_load,cw,A3: rotate CW low speed,servo-app/lab-0.1
1781162691.5832212,85.5376124382019,A3_ROTATE_ONE_DIR,A3_ROTATE_ONE_DIR_R01_20260611_142325,delta-asda-b3-e,1591,RTSO|SO|OE|VE|QS|TR,3,0,718087030,300,17,0.07259,17,0.040647,302,49,4270,2391,6000,,300,,,,constant_speed,normal,0,no_load,cw,A3: rotate CW low speed,servo-app/lab-0.1
1781162691.6835687,85.6379599571228,A3_ROTATE_ONE_DIR,A3_ROTATE_ONE_DIR_R01_20260611_142325,delta-asda-b3-e,1591,RTSO|SO|OE|VE|QS|TR,3,0,718934064,300,18,0.07686,17,0.040647,302,49,4270,2391,6000,,300,,,,constant_speed,normal,0,no_load,cw,A3: rotate CW low speed,servo-app/lab-0.1
1781162691.7840965,85.7384877204895,A3_ROTATE_ONE_DIR,A3_ROTATE_ONE_DIR_R01_20260611_142325,delta-asda-b3-e,1591,RTSO|SO|OE|VE|QS|TR,3,0,719772656,300,16,0.06832,17,0.040647,302,49,4270,2391,6000,,300,,,,constant_speed,normal,0,no_load,cw,A3: rotate CW low speed,servo-app/lab-0.1
1781162691.8847284,85.83911967277527,A3_ROTATE_ONE_DIR,A3_ROTATE_ONE_DIR_R01_20260611_142325,delta-asda-b3-e,1591,RTSO|SO|OE|VE|QS|TR,3,0,720620690,301,17,0.07259,16,0.038256,302,49,4270,2391,6000,,300,,,,constant_speed,normal,0,no_load,cw,A3: rotate CW low speed,servo-app/lab-0.1
1781162691.985122,85.93951320648193,A3_ROTATE_ONE_DIR,A3_ROTATE_ONE_DIR_R01_20260611_142325,delta-asda-b3-e,1591,RTSO|SO|OE|VE|QS|TR,3,0,721458699,300,20,0.0854,19,0.045429,302,49,4270,2391,6000,,300,,,,constant_speed,normal,0,no_load,cw,A3: rotate CW low speed,servo-app/lab-0.1
1781162692.0857306,86.04012179374695,A3_ROTATE_ONE_DIR,A3_ROTATE_ONE_DIR_R01_20260611_142325,delta-asda-b3-e,1591,RTSO|SO|OE|VE|QS|TR,3,0,722306550,300,17,0.07259,16,0.038256,302,49,4270,2391,6000,,300,,,,constant_speed,normal,0,no_load,cw,A3: rotate CW low speed,servo-app/lab-0.1
1781162692.1858923,86.14028358459473,A3_ROTATE_ONE_DIR,A3_ROTATE_ONE_DIR_R01_20260611_142325,delta-asda-b3-e,1591,RTSO|SO|OE|VE|QS|TR,3,0,723152906,301,16,0.06832,16,0.038256,302,49,4270,2391,6000,,300,,,,constant_speed,normal,0,no_load,cw,A3: rotate CW low speed,servo-app/lab-0.1
1781162692.2867024,86.24109363555908,A3_ROTATE_ONE_DIR,A3_ROTATE_ONE_DIR_R01_20260611_142325,delta-asda-b3-e,1591,RTSO|SO|OE|VE|QS|TR,3,0,724001077,300,18,0.07686,19,0.045429,302,49,4270,2391,6000,,300,,,,constant_speed,normal,0,no_load,cw,A3: rotate CW low speed,servo-app/lab-0.1
1781162692.387117,86.34150815010071,A3_ROTATE_ONE_DIR,A3_ROTATE_ONE_DIR_R01_20260611_142325,delta-asda-b3-e,1591,RTSO|SO|OE|VE|QS|TR,3,0,724830911,301,18,0.07686,18,0.043038,302,49,4270,2391,6000,,300,,,,constant_speed,normal,0,no_load,cw,A3: rotate CW low speed,servo-app/lab-0.1
1781162692.4886193,86.44301056861877,A3_ROTATE_ONE_DIR,A3_ROTATE_ONE_DIR_R01_20260611_142325,delta-asda-b3-e,1591,RTSO|SO|OE|VE|QS|TR,3,0,725703604,300,19,0.08113,18,0.043038,302,49,4270,2391,6000,,300,,,,constant_speed,normal,0,no_load,cw,A3: rotate CW low speed,servo-app/lab-0.1
1781162692.5895216,86.54391288757324,A3_ROTATE_ONE_DIR,A3_ROTATE_ONE_DIR_R01_20260611_142325,delta-asda-b3-e,1591,RTSO|SO|OE|VE|QS|TR,3,0,726533924,301,17,0.07259,15,0.035865,302,49,4270,2391,6000,,300,,,,constant_speed,normal,0,no_load,cw,A3: rotate CW low speed,servo-app/lab-0.1
1781162692.690609,86.64500021934509,A3_ROTATE_ONE_DIR,A3_ROTATE_ONE_DIR_R01_20260611_142325,delta-asda-b3-e,1591,RTSO|SO|OE|VE|QS|TR,3,0,727381293,300,20,0.0854,20,0.04782,302,49,4270,2391,6000,,300,,,,constant_speed,normal,0,no_load,cw,A3: rotate CW low speed,servo-app/lab-0.1
1781162692.7916386,86.7460298538208,A3_ROTATE_ONE_DIR,A3_ROTATE_ONE_DIR_R01_20260611_142325,delta-asda-b3-e,1591,RTSO|SO|OE|VE|QS|TR,3,0,728227955,300,18,0.07686,21,0.050211,302,49,4270,2391,6000,,300,,,,constant_speed,normal,0,no_load,cw,A3: rotate CW low speed,servo-app/lab-0.1
1781162692.8927114,86.84710264205933,A3_ROTATE_ONE_DIR,A3_ROTATE_ONE_DIR_R01_20260611_142325,delta-asda-b3-e,1591,RTSO|SO|OE|VE|QS|TR,3,0,729075555,300,18,0.07686,19,0.045429,302,49,4270,2391,6000,,300,,,,constant_speed,normal,0,no_load,cw,A3: rotate CW low speed,servo-app/lab-0.1
1781162692.9931886,86.94757986068726,A3_ROTATE_ONE_DIR,A3_ROTATE_ONE_DIR_R01_20260611_142325,delta-asda-b3-e,1591,RTSO|SO|OE|VE|QS|TR,3,0,729913942,301,15,0.06405,16,0.038256,302,49,4270,2391,6000,,300,,,,constant_speed,normal,0,no_load,cw,A3: rotate CW low speed,servo-app/lab-0.1
1781162693.0937335,87.04812479019165,A3_ROTATE_ONE_DIR,A3_ROTATE_ONE_DIR_R01_20260611_142325,delta-asda-b3-e,1591,RTSO|SO|OE|VE|QS|TR,3,0,730761852,299,19,0.08113,18,0.043038,302,49,4270,2391,6000,,300,,,,constant_speed,normal,0,no_load,cw,A3: rotate CW low speed,servo-app/lab-0.1
1781162693.1942704,87.14866161346436,A3_ROTATE_ONE_DIR,A3_ROTATE_ONE_DIR_R01_20260611_142325,delta-asda-b3-e,1591,RTSO|SO|OE|VE|QS|TR,3,0,731599759,300,20,0.0854,20,0.04782,302,49,4270,2391,6000,,300,,,,constant_speed,normal,0,no_load,cw,A3: rotate CW low speed,servo-app/lab-0.1
1781162693.2947862,87.2491774559021,A3_ROTATE_ONE_DIR,A3_ROTATE_ONE_DIR_R01_20260611_142325,delta-asda-b3-e,1591,RTSO|SO|OE|VE|QS|TR,3,0,732447127,299,21,0.08967,17,0.040647,302,49,4270,2391,6000,,300,,,,constant_speed,normal,0,no_load,cw,A3: rotate CW low speed,servo-app/lab-0.1
1781162693.3958802,87.35027146339417,A3_ROTATE_ONE_DIR,A3_ROTATE_ONE_DIR_R01_20260611_142325,delta-asda-b3-e,1591,RTSO|SO|OE|VE|QS|TR,3,0,733294562,301,16,0.06832,16,0.038256,302,49,4270,2391,6000,,300,,,,constant_speed,normal,0,no_load,cw,A3: rotate CW low speed,servo-app/lab-0.1
1781162693.4964867,87.45087790489197,A3_ROTATE_ONE_DIR,A3_ROTATE_ONE_DIR_R01_20260611_142325,delta-asda-b3-e,1591,RTSO|SO|OE|VE|QS|TR,3,0,734141963,300,19,0.08113,20,0.04782,301,49,4270,2391,6000,,300,,,,constant_speed,normal,0,no_load,cw,A3: rotate CW low speed,servo-app/lab-0.1
1781162693.5971653,87.55155658721924,A3_ROTATE_ONE_DIR,A3_ROTATE_ONE_DIR_R01_20260611_142325,delta-asda-b3-e,1591,RTSO|SO|OE|VE|QS|TR,3,0,734980560,300,21,0.08967,20,0.04782,301,49,4270,2391,6000,,300,,,,constant_speed,normal,0,no_load,cw,A3: rotate CW low speed,servo-app/lab-0.1
1781162693.6977255,87.6521167755127,A3_ROTATE_ONE_DIR,A3_ROTATE_ONE_DIR_R01_20260611_142325,delta-asda-b3-e,1591,RTSO|SO|OE|VE|QS|TR,3,0,735827398,299,21,0.08967,20,0.04782,302,49,4270,2391,6000,,300,,,,constant_speed,normal,0,no_load,cw,A3: rotate CW low speed,servo-app/lab-0.1
1781162693.798032,87.75242328643799,A3_ROTATE_ONE_DIR,A3_ROTATE_ONE_DIR_R01_20260611_142325,delta-asda-b3-e,1591,RTSO|SO|OE|VE|QS|TR,3,0,736666416,300,17,0.07259,17,0.040647,302,49,4270,2391,6000,,300,,,,constant_speed,normal,0,no_load,cw,A3: rotate CW low speed,servo-app/lab-0.1
1781162693.8981504,87.85254168510437,A3_ROTATE_ONE_DIR,A3_ROTATE_ONE_DIR_R01_20260611_142325,delta-asda-b3-e,1591,RTSO|SO|OE|VE|QS|TR,3,0,737506014,300,17,0.07259,16,0.038256,302,49,4270,2391,6000,,300,,,,constant_speed,normal,0,no_load,cw,A3: rotate CW low speed,servo-app/lab-0.1
1781162693.9987726,87.9531638622284,A3_ROTATE_ONE_DIR,A3_ROTATE_ONE_DIR_R01_20260611_142325,delta-asda-b3-e,1591,RTSO|SO|OE|VE|QS|TR,3,0,738352406,300,21,0.08967,21,0.050211,302,49,4270,2391,6000,,300,,,,constant_speed,normal,0,no_load,cw,A3: rotate CW low speed,servo-app/lab-0.1
1781162694.099744,88.0541353225708,A3_ROTATE_ONE_DIR,A3_ROTATE_ONE_DIR_R01_20260611_142325,delta-asda-b3-e,1591,RTSO|SO|OE|VE|QS|TR,3,0,739199739,299,22,0.09394,20,0.04782,302,49,4270,2391,6000,,300,,,,constant_speed,normal,0,no_load,cw,A3: rotate CW low speed,servo-app/lab-0.1
1781162694.1999533,88.15434455871582,A3_ROTATE_ONE_DIR,A3_ROTATE_ONE_DIR_R01_20260611_142325,delta-asda-b3-e,1591,RTSO|SO|OE|VE|QS|TR,3,0,740038174,300,16,0.06832,14,0.033474,302,49,4270,2391,6000,,300,,,,constant_speed,normal,0,no_load,cw,A3: rotate CW low speed,servo-app/lab-0.1
1781162694.3005397,88.25493097305298,A3_ROTATE_ONE_DIR,A3_ROTATE_ONE_DIR_R01_20260611_142325,delta-asda-b3-e,1591,RTSO|SO|OE|VE|QS|TR,3,0,740885863,299,17,0.07259,18,0.043038,302,49,4270,2391,6000,,300,,,,constant_speed,normal,0,no_load,cw,A3: rotate CW low speed,servo-app/lab-0.1
1781162694.400648,88.35503935813904,A3_ROTATE_ONE_DIR,A3_ROTATE_ONE_DIR_R01_20260611_142325,delta-asda-b3-e,1591,RTSO|SO|OE|VE|QS|TR,3,0,741724617,300,18,0.07686,19,0.045429,302,49,4270,2391,6000,,300,,,,constant_speed,normal,0,no_load,cw,A3: rotate CW low speed,servo-app/lab-0.1
1781162694.500886,88.45527720451355,A3_ROTATE_ONE_DIR,A3_ROTATE_ONE_DIR_R01_20260611_142325,delta-asda-b3-e,1591,RTSO|SO|OE|VE|QS|TR,3,0,742563063,299,21,0.08967,21,0.050211,302,49,4270,2391,6000,,300,,,,constant_speed,normal,0,no_load,cw,A3: rotate CW low speed,servo-app/lab-0.1
1781162694.601671,88.5560622215271,A3_ROTATE_ONE_DIR,A3_ROTATE_ONE_DIR_R01_20260611_142325,delta-asda-b3-e,1591,RTSO|SO|OE|VE|QS|TR,3,0,743410350,300,16,0.06832,17,0.040647,302,49,4270,2391,6000,,300,,,,constant_speed,normal,0,no_load,cw,A3: rotate CW low speed,servo-app/lab-0.1
1781162694.701775,88.65616631507874,A3_ROTATE_ONE_DIR,A3_ROTATE_ONE_DIR_R01_20260611_142325,delta-asda-b3-e,1591,RTSO|SO|OE|VE|QS|TR,3,0,744249164,299,17,0.07259,19,0.045429,302,49,4270,2391,6000,,300,,,,constant_speed,normal,0,no_load,cw,A3: rotate CW low speed,servo-app/lab-0.1
1781162694.8028193,88.75721049308777,A3_ROTATE_ONE_DIR,A3_ROTATE_ONE_DIR_R01_20260611_142325,delta-asda-b3-e,1591,RTSO|SO|OE|VE|QS|TR,3,0,745096128,300,19,0.08113,19,0.045429,302,49,4270,2391,6000,,300,,,,constant_speed,normal,0,no_load,cw,A3: rotate CW low speed,servo-app/lab-0.1
1781162694.9031343,88.85752558708191,A3_ROTATE_ONE_DIR,A3_ROTATE_ONE_DIR_R01_20260611_142325,delta-asda-b3-e,1591,RTSO|SO|OE|VE|QS|TR,3,0,745935092,299,19,0.08113,19,0.045429,302,49,4270,2391,6000,,300,,,,constant_speed,normal,0,no_load,cw,A3: rotate CW low speed,servo-app/lab-0.1
1781162695.0036926,88.95808386802673,A3_ROTATE_ONE_DIR,A3_ROTATE_ONE_DIR_R01_20260611_142325,delta-asda-b3-e,1591,RTSO|SO|OE|VE|QS|TR,3,0,746782022,300,16,0.06832,14,0.033474,302,49,4270,2391,6000,,300,,,,constant_speed,normal,0,no_load,cw,A3: rotate CW low speed,servo-app/lab-0.1
1781162695.1043012,89.05869245529175,A3_ROTATE_ONE_DIR,A3_ROTATE_ONE_DIR_R01_20260611_142325,delta-asda-b3-e,1591,RTSO|SO|OE|VE|QS|TR,3,0,747621156,298,19,0.08113,17,0.040647,302,49,4270,2391,6000,,300,,,,constant_speed,normal,0,no_load,cw,A3: rotate CW low speed,servo-app/lab-0.1
1781162695.2045753,89.15896654129028,A3_ROTATE_ONE_DIR,A3_ROTATE_ONE_DIR_R01_20260611_142325,delta-asda-b3-e,1591,RTSO|SO|OE|VE|QS|TR,3,0,748467925,300,19,0.08113,18,0.043038,302,49,4270,2391,6000,,300,,,,constant_speed,normal,0,no_load,cw,A3: rotate CW low speed,servo-app/lab-0.1
1781162695.3049579,89.25934910774231,A3_ROTATE_ONE_DIR,A3_ROTATE_ONE_DIR_R01_20260611_142325,delta-asda-b3-e,1591,RTSO|SO|OE|VE|QS|TR,3,0,749306423,299,22,0.09394,22,0.052602,302,49,4270,2391,6000,,300,,,,constant_speed,normal,0,no_load,cw,A3: rotate CW low speed,servo-app/lab-0.1
1781162695.4051929,89.35958409309387,A3_ROTATE_ONE_DIR,A3_ROTATE_ONE_DIR_R01_20260611_142325,delta-asda-b3-e,1591,RTSO|SO|OE|VE|QS|TR,3,0,750145830,301,16,0.06832,16,0.038256,302,49,4270,2391,6000,,300,,,,constant_speed,normal,0,no_load,cw,A3: rotate CW low speed,servo-app/lab-0.1
1781162695.5057397,89.4601309299469,A3_ROTATE_ONE_DIR,A3_ROTATE_ONE_DIR_R01_20260611_142325,delta-asda-b3-e,1591,RTSO|SO|OE|VE|QS|TR,3,0,750992668,299,19,0.08113,19,0.045429,302,49,4270,2391,6000,,300,,,,constant_speed,normal,0,no_load,cw,A3: rotate CW low speed,servo-app/lab-0.1
1781162695.6059592,89.56035041809082,A3_ROTATE_ONE_DIR,A3_ROTATE_ONE_DIR_R01_20260611_142325,delta-asda-b3-e,1591,RTSO|SO|OE|VE|QS|TR,3,0,751831483,300,20,0.0854,20,0.04782,302,49,4270,2391,6000,,300,,,,constant_speed,normal,0,no_load,cw,A3: rotate CW low speed,servo-app/lab-0.1
1781162695.7063923,89.66078352928162,A3_ROTATE_ONE_DIR,A3_ROTATE_ONE_DIR_R01_20260611_142325,delta-asda-b3-e,1591,RTSO|SO|OE|VE|QS|TR,3,0,752678293,299,22,0.09394,22,0.052602,302,49,4270,2391,6000,,300,,,,constant_speed,normal,0,no_load,cw,A3: rotate CW low speed,servo-app/lab-0.1
1781162695.8070138,89.7614049911499,A3_ROTATE_ONE_DIR,A3_ROTATE_ONE_DIR_R01_20260611_142325,delta-asda-b3-e,1591,RTSO|SO|OE|VE|QS|TR,3,0,753517562,300,17,0.07259,18,0.043038,302,49,4270,2391,6000,,300,,,,constant_speed,normal,0,no_load,cw,A3: rotate CW low speed,servo-app/lab-0.1
1781162695.9073665,89.86175775527954,A3_ROTATE_ONE_DIR,A3_ROTATE_ONE_DIR_R01_20260611_142325,delta-asda-b3-e,1591,RTSO|SO|OE|VE|QS|TR,3,0,754365254,299,17,0.07259,17,0.040647,302,49,4270,2391,6000,,300,,,,constant_speed,normal,0,no_load,cw,A3: rotate CW low speed,servo-app/lab-0.1
1781162696.0083039,89.96269512176514,A3_ROTATE_ONE_DIR,A3_ROTATE_ONE_DIR_R01_20260611_142325,delta-asda-b3-e,5687,RTSO|SO|OE|VE|QS|TR|ACK,3,0,754925594,10,12,0.05124,12,0.028692,302,49,4270,2391,6000,,300,,,,constant_speed,normal,0,no_load,cw,A3: rotate CW low speed,servo-app/lab-0.1
