ts,t,experiment_id,session_id,device_id,statusword,statusword_flags,mode_display,error_code,position,velocity,current,current_A,torque,torque_Nm,dc_bus_voltage,drive_temp,rated_current,rated_torque,max_motor_speed,target_position,target_velocity,target_torque,acceleration_cmd,deceleration_cmd,regime_label,risk_label,is_artificial_anomaly,load_type,direction,operator_comment,software_version
1781163739.42803,0.0,C5_SPEED_1500,C5_SPEED_1500_R01_20260611_144217,delta-asda-b3-e,1591,RTSO|SO|OE|VE|QS|TR,3,0,746591633,1478,22,0.09394,21,0.050211,302,49,4270,2391,6000,,1500,,,,constant_speed,transition,0,no_load,cw,C5: 1500 rpm,servo-app/lab-0.1
1781163739.5284252,0.10039520263671875,C5_SPEED_1500,C5_SPEED_1500_R01_20260611_144217,delta-asda-b3-e,1591,RTSO|SO|OE|VE|QS|TR,3,0,750829238,1500,23,0.09821,22,0.052602,301,49,4270,2391,6000,,1500,,,,constant_speed,transition,0,no_load,cw,C5: 1500 rpm,servo-app/lab-0.1
1781163739.628968,0.20093798637390137,C5_SPEED_1500,C5_SPEED_1500_R01_20260611_144217,delta-asda-b3-e,1591,RTSO|SO|OE|VE|QS|TR,3,0,755023222,1500,24,0.10248,23,0.054993,302,49,4270,2391,6000,,1500,,,,constant_speed,transition,0,no_load,cw,C5: 1500 rpm,servo-app/lab-0.1
1781163739.7292259,0.3011958599090576,C5_SPEED_1500,C5_SPEED_1500_R01_20260611_144217,delta-asda-b3-e,1591,RTSO|SO|OE|VE|QS|TR,3,0,759259585,1499,26,0.11102,26,0.062166,301,49,4270,2391,6000,,1500,,,,constant_speed,transition,0,no_load,cw,C5: 1500 rpm,servo-app/lab-0.1
1781163739.829896,0.40186595916748047,C5_SPEED_1500,C5_SPEED_1500_R01_20260611_144217,delta-asda-b3-e,1591,RTSO|SO|OE|VE|QS|TR,3,0,763453342,1501,20,0.0854,19,0.045429,302,49,4270,2391,6000,,1500,,,,constant_speed,transition,0,no_load,cw,C5: 1500 rpm,servo-app/lab-0.1
1781163739.9304168,0.5023868083953857,C5_SPEED_1500,C5_SPEED_1500_R01_20260611_144217,delta-asda-b3-e,1591,RTSO|SO|OE|VE|QS|TR,3,0,767689904,1499,22,0.09394,24,0.057384,301,49,4270,2391,6000,,1500,,,,constant_speed,transition,0,no_load,cw,C5: 1500 rpm,servo-app/lab-0.1
1781163740.0307817,0.6027517318725586,C5_SPEED_1500,C5_SPEED_1500_R01_20260611_144217,delta-asda-b3-e,1591,RTSO|SO|OE|VE|QS|TR,3,0,771884290,1501,22,0.09394,23,0.054993,301,49,4270,2391,6000,,1500,,,,constant_speed,transition,0,no_load,cw,C5: 1500 rpm,servo-app/lab-0.1
1781163740.1310725,0.7030425071716309,C5_SPEED_1500,C5_SPEED_1500_R01_20260611_144217,delta-asda-b3-e,1591,RTSO|SO|OE|VE|QS|TR,3,0,776078442,1499,25,0.10675,25,0.059775,302,49,4270,2391,6000,,1500,,,,constant_speed,transition,0,no_load,cw,C5: 1500 rpm,servo-app/lab-0.1
1781163740.2319775,0.8039474487304688,C5_SPEED_1500,C5_SPEED_1500_R01_20260611_144217,delta-asda-b3-e,1591,RTSO|SO|OE|VE|QS|TR,3,0,780272473,1501,21,0.08967,21,0.050211,302,49,4270,2391,6000,,1500,,,,constant_speed,transition,0,no_load,cw,C5: 1500 rpm,servo-app/lab-0.1
1781163740.3325908,0.9045608043670654,C5_SPEED_1500,C5_SPEED_1500_R01_20260611_144217,delta-asda-b3-e,1591,RTSO|SO|OE|VE|QS|TR,3,0,784550658,1499,21,0.08967,22,0.052602,302,49,4270,2391,6000,,1500,,,,constant_speed,transition,0,no_load,cw,C5: 1500 rpm,servo-app/lab-0.1
1781163740.4339314,1.0059013366699219,C5_SPEED_1500,C5_SPEED_1500_R01_20260611_144217,delta-asda-b3-e,1591,RTSO|SO|OE|VE|QS|TR,3,0,788787185,1500,22,0.09394,22,0.052602,302,49,4270,2391,6000,,1500,,,,constant_speed,transition,0,no_load,cw,C5: 1500 rpm,servo-app/lab-0.1
1781163740.5346704,1.106640338897705,C5_SPEED_1500,C5_SPEED_1500_R01_20260611_144217,delta-asda-b3-e,1591,RTSO|SO|OE|VE|QS|TR,3,0,793022731,1499,23,0.09821,25,0.059775,302,49,4270,2391,6000,,1500,,,,constant_speed,transition,0,no_load,cw,C5: 1500 rpm,servo-app/lab-0.1
1781163740.635233,1.2072029113769531,C5_SPEED_1500,C5_SPEED_1500_R01_20260611_144217,delta-asda-b3-e,1591,RTSO|SO|OE|VE|QS|TR,3,0,797217387,1501,21,0.08967,22,0.052602,302,49,4270,2391,6000,,1500,,,,constant_speed,transition,0,no_load,cw,C5: 1500 rpm,servo-app/lab-0.1
1781163740.7355542,1.3075242042541504,C5_SPEED_1500,C5_SPEED_1500_R01_20260611_144217,delta-asda-b3-e,1591,RTSO|SO|OE|VE|QS|TR,3,0,801453330,1499,21,0.08967,23,0.054993,302,49,4270,2391,6000,,1500,,,,constant_speed,transition,0,no_load,cw,C5: 1500 rpm,servo-app/lab-0.1
1781163740.8357809,1.4077508449554443,C5_SPEED_1500,C5_SPEED_1500_R01_20260611_144217,delta-asda-b3-e,1591,RTSO|SO|OE|VE|QS|TR,3,0,805648112,1500,21,0.08967,20,0.04782,302,49,4270,2391,6000,,1500,,,,constant_speed,transition,0,no_load,cw,C5: 1500 rpm,servo-app/lab-0.1
1781163740.936386,1.5083560943603516,C5_SPEED_1500,C5_SPEED_1500_R01_20260611_144217,delta-asda-b3-e,1591,RTSO|SO|OE|VE|QS|TR,3,0,809883726,1499,22,0.09394,25,0.059775,302,49,4270,2391,6000,,1500,,,,constant_speed,transition,0,no_load,cw,C5: 1500 rpm,servo-app/lab-0.1
1781163741.0366142,1.6085841655731201,C5_SPEED_1500,C5_SPEED_1500_R01_20260611_144217,delta-asda-b3-e,1591,RTSO|SO|OE|VE|QS|TR,3,0,814120308,1500,21,0.08967,22,0.052602,302,49,4270,2391,6000,,1500,,,,constant_speed,transition,0,no_load,cw,C5: 1500 rpm,servo-app/lab-0.1
1781163741.136829,1.708798885345459,C5_SPEED_1500,C5_SPEED_1500_R01_20260611_144217,delta-asda-b3-e,1591,RTSO|SO|OE|VE|QS|TR,3,0,818272311,1499,21,0.08967,21,0.050211,302,49,4270,2391,6000,,1500,,,,constant_speed,transition,0,no_load,cw,C5: 1500 rpm,servo-app/lab-0.1
1781163741.23731,1.8092799186706543,C5_SPEED_1500,C5_SPEED_1500_R01_20260611_144217,delta-asda-b3-e,1591,RTSO|SO|OE|VE|QS|TR,3,0,822508839,1500,18,0.07686,21,0.050211,302,49,4270,2391,6000,,1500,,,,constant_speed,transition,0,no_load,cw,C5: 1500 rpm,servo-app/lab-0.1
1781163741.337736,1.9097058773040771,C5_SPEED_1500,C5_SPEED_1500_R01_20260611_144217,delta-asda-b3-e,1591,RTSO|SO|OE|VE|QS|TR,3,0,826702571,1499,22,0.09394,23,0.054993,302,49,4270,2391,6000,,1500,,,,constant_speed,transition,0,no_load,cw,C5: 1500 rpm,servo-app/lab-0.1
1781163741.4382849,2.0102548599243164,C5_SPEED_1500,C5_SPEED_1500_R01_20260611_144217,delta-asda-b3-e,1591,RTSO|SO|OE|VE|QS|TR,3,0,830939156,1500,22,0.09394,21,0.050211,302,49,4270,2391,6000,,1500,,,,constant_speed,transition,0,no_load,cw,C5: 1500 rpm,servo-app/lab-0.1
1781163741.5392628,2.1112327575683594,C5_SPEED_1500,C5_SPEED_1500_R01_20260611_144217,delta-asda-b3-e,1591,RTSO|SO|OE|VE|QS|TR,3,0,835175048,1499,22,0.09394,20,0.04782,302,49,4270,2391,6000,,1500,,,,constant_speed,transition,0,no_load,cw,C5: 1500 rpm,servo-app/lab-0.1
1781163741.639626,2.2115960121154785,C5_SPEED_1500,C5_SPEED_1500_R01_20260611_144217,delta-asda-b3-e,1591,RTSO|SO|OE|VE|QS|TR,3,0,839369787,1500,24,0.10248,18,0.043038,302,49,4270,2391,6000,,1500,,,,constant_speed,transition,0,no_load,cw,C5: 1500 rpm,servo-app/lab-0.1
1781163741.7401521,2.312122106552124,C5_SPEED_1500,C5_SPEED_1500_R01_20260611_144217,delta-asda-b3-e,1591,RTSO|SO|OE|VE|QS|TR,3,0,843563359,1499,20,0.0854,22,0.052602,302,49,4270,2391,6000,,1500,,,,constant_speed,transition,0,no_load,cw,C5: 1500 rpm,servo-app/lab-0.1
1781163741.840818,2.412787914276123,C5_SPEED_1500,C5_SPEED_1500_R01_20260611_144217,delta-asda-b3-e,1591,RTSO|SO|OE|VE|QS|TR,3,0,847800012,1501,22,0.09394,22,0.052602,302,49,4270,2391,6000,,1500,,,,constant_speed,transition,0,no_load,cw,C5: 1500 rpm,servo-app/lab-0.1
1781163741.9409096,2.5128796100616455,C5_SPEED_1500,C5_SPEED_1500_R01_20260611_144217,delta-asda-b3-e,1591,RTSO|SO|OE|VE|QS|TR,3,0,851994005,1499,23,0.09821,22,0.052602,302,49,4270,2391,6000,,1500,,,,constant_speed,transition,0,no_load,cw,C5: 1500 rpm,servo-app/lab-0.1
1781163742.0416844,2.613654375076294,C5_SPEED_1500,C5_SPEED_1500_R01_20260611_144217,delta-asda-b3-e,1591,RTSO|SO|OE|VE|QS|TR,3,0,856230680,1501,18,0.07686,19,0.045429,302,49,4270,2391,6000,,1500,,,,constant_speed,transition,0,no_load,cw,C5: 1500 rpm,servo-app/lab-0.1
1781163742.1420057,2.713975667953491,C5_SPEED_1500,C5_SPEED_1500_R01_20260611_144217,delta-asda-b3-e,1591,RTSO|SO|OE|VE|QS|TR,3,0,860424235,1499,21,0.08967,20,0.04782,301,49,4270,2391,6000,,1500,,,,constant_speed,transition,0,no_load,cw,C5: 1500 rpm,servo-app/lab-0.1
1781163742.2424307,2.8144006729125977,C5_SPEED_1500,C5_SPEED_1500_R01_20260611_144217,delta-asda-b3-e,1591,RTSO|SO|OE|VE|QS|TR,3,0,864661083,1501,20,0.0854,21,0.050211,302,49,4270,2391,6000,,1500,,,,constant_speed,transition,0,no_load,cw,C5: 1500 rpm,servo-app/lab-0.1
1781163742.3427746,2.9147446155548096,C5_SPEED_1500,C5_SPEED_1500_R01_20260611_144217,delta-asda-b3-e,1591,RTSO|SO|OE|VE|QS|TR,3,0,868854892,1499,22,0.09394,22,0.052602,302,49,4270,2391,6000,,1500,,,,constant_speed,transition,0,no_load,cw,C5: 1500 rpm,servo-app/lab-0.1
1781163742.443122,3.015091896057129,C5_SPEED_1500,C5_SPEED_1500_R01_20260611_144217,delta-asda-b3-e,1591,RTSO|SO|OE|VE|QS|TR,3,0,873049676,1501,21,0.08967,20,0.04782,302,49,4270,2391,6000,,1500,,,,constant_speed,transition,0,no_load,cw,C5: 1500 rpm,servo-app/lab-0.1
1781163742.5436425,3.115612506866455,C5_SPEED_1500,C5_SPEED_1500_R01_20260611_144217,delta-asda-b3-e,1591,RTSO|SO|OE|VE|QS|TR,3,0,877285102,1499,20,0.0854,21,0.050211,302,49,4270,2391,6000,,1500,,,,constant_speed,transition,0,no_load,cw,C5: 1500 rpm,servo-app/lab-0.1
1781163742.6439066,3.215876579284668,C5_SPEED_1500,C5_SPEED_1500_R01_20260611_144217,delta-asda-b3-e,1591,RTSO|SO|OE|VE|QS|TR,3,0,881480110,1501,21,0.08967,19,0.045429,302,49,4270,2391,6000,,1500,,,,constant_speed,transition,0,no_load,cw,C5: 1500 rpm,servo-app/lab-0.1
1781163742.7445068,3.316476821899414,C5_SPEED_1500,C5_SPEED_1500_R01_20260611_144217,delta-asda-b3-e,1591,RTSO|SO|OE|VE|QS|TR,3,0,885715765,1500,23,0.09821,23,0.054993,302,49,4270,2391,6000,,1500,,,,constant_speed,transition,0,no_load,cw,C5: 1500 rpm,servo-app/lab-0.1
1781163742.8451545,3.4171245098114014,C5_SPEED_1500,C5_SPEED_1500_R01_20260611_144217,delta-asda-b3-e,1591,RTSO|SO|OE|VE|QS|TR,3,0,889952775,1501,22,0.09394,19,0.045429,302,49,4270,2391,6000,,1500,,,,constant_speed,transition,0,no_load,cw,C5: 1500 rpm,servo-app/lab-0.1
1781163742.9461896,3.5181596279144287,C5_SPEED_1500,C5_SPEED_1500_R01_20260611_144217,delta-asda-b3-e,1591,RTSO|SO|OE|VE|QS|TR,3,0,894188083,1500,20,0.0854,19,0.045429,301,49,4270,2391,6000,,1500,,,,constant_speed,transition,0,no_load,cw,C5: 1500 rpm,servo-app/lab-0.1
1781163743.0462651,3.6182351112365723,C5_SPEED_1500,C5_SPEED_1500_R01_20260611_144217,delta-asda-b3-e,1591,RTSO|SO|OE|VE|QS|TR,3,0,898341233,1501,21,0.08967,21,0.050211,302,49,4270,2391,6000,,1500,,,,constant_speed,transition,0,no_load,cw,C5: 1500 rpm,servo-app/lab-0.1
1781163743.1467505,3.7187204360961914,C5_SPEED_1500,C5_SPEED_1500_R01_20260611_144217,delta-asda-b3-e,1591,RTSO|SO|OE|VE|QS|TR,3,0,902576645,1500,22,0.09394,23,0.054993,301,49,4270,2391,6000,,1500,,,,constant_speed,transition,0,no_load,cw,C5: 1500 rpm,servo-app/lab-0.1
1781163743.247171,3.819140911102295,C5_SPEED_1500,C5_SPEED_1500_R01_20260611_144217,delta-asda-b3-e,1591,RTSO|SO|OE|VE|QS|TR,3,0,906813496,1500,25,0.10675,24,0.057384,301,49,4270,2391,6000,,1500,,,,constant_speed,transition,0,no_load,cw,C5: 1500 rpm,servo-app/lab-0.1
1781163743.3475604,3.9195303916931152,C5_SPEED_1500,C5_SPEED_1500_R01_20260611_144217,delta-asda-b3-e,1591,RTSO|SO|OE|VE|QS|TR,3,0,911007014,1501,20,0.0854,20,0.04782,302,49,4270,2391,6000,,1500,,,,constant_speed,transition,0,no_load,cw,C5: 1500 rpm,servo-app/lab-0.1
1781163743.447686,4.01965594291687,C5_SPEED_1500,C5_SPEED_1500_R01_20260611_144217,delta-asda-b3-e,1591,RTSO|SO|OE|VE|QS|TR,3,0,915202010,1499,22,0.09394,22,0.052602,302,49,4270,2391,6000,,1500,,,,constant_speed,transition,0,no_load,cw,C5: 1500 rpm,servo-app/lab-0.1
1781163743.5480757,4.1200456619262695,C5_SPEED_1500,C5_SPEED_1500_R01_20260611_144217,delta-asda-b3-e,1591,RTSO|SO|OE|VE|QS|TR,3,0,919395667,1500,20,0.0854,22,0.052602,301,49,4270,2391,6000,,1500,,,,constant_speed,transition,0,no_load,cw,C5: 1500 rpm,servo-app/lab-0.1
1781163743.648232,4.2202019691467285,C5_SPEED_1500,C5_SPEED_1500_R01_20260611_144217,delta-asda-b3-e,1591,RTSO|SO|OE|VE|QS|TR,3,0,923590672,1500,25,0.10675,23,0.054993,301,49,4270,2391,6000,,1500,,,,constant_speed,transition,0,no_load,cw,C5: 1500 rpm,servo-app/lab-0.1
1781163743.7483242,4.320294141769409,C5_SPEED_1500,C5_SPEED_1500_R01_20260611_144217,delta-asda-b3-e,1591,RTSO|SO|OE|VE|QS|TR,3,0,927826185,1501,21,0.08967,22,0.052602,302,49,4270,2391,6000,,1500,,,,constant_speed,transition,0,no_load,cw,C5: 1500 rpm,servo-app/lab-0.1
1781163743.8487937,4.420763731002808,C5_SPEED_1500,C5_SPEED_1500_R01_20260611_144217,delta-asda-b3-e,1591,RTSO|SO|OE|VE|QS|TR,3,0,932021006,1500,24,0.10248,23,0.054993,302,49,4270,2391,6000,,1500,,,,constant_speed,transition,0,no_load,cw,C5: 1500 rpm,servo-app/lab-0.1
1781163743.9491806,4.521150588989258,C5_SPEED_1500,C5_SPEED_1500_R01_20260611_144217,delta-asda-b3-e,1591,RTSO|SO|OE|VE|QS|TR,3,0,936256791,1501,22,0.09394,24,0.057384,301,49,4270,2391,6000,,1500,,,,constant_speed,transition,0,no_load,cw,C5: 1500 rpm,servo-app/lab-0.1
1781163744.049321,4.621290922164917,C5_SPEED_1500,C5_SPEED_1500_R01_20260611_144217,delta-asda-b3-e,1591,RTSO|SO|OE|VE|QS|TR,3,0,940451257,1499,24,0.10248,25,0.059775,301,49,4270,2391,6000,,1500,,,,constant_speed,transition,0,no_load,cw,C5: 1500 rpm,servo-app/lab-0.1
1781163744.149511,4.721481084823608,C5_SPEED_1500,C5_SPEED_1500_R01_20260611_144217,delta-asda-b3-e,1591,RTSO|SO|OE|VE|QS|TR,3,0,944645190,1501,19,0.08113,19,0.045429,301,49,4270,2391,6000,,1500,,,,constant_speed,transition,0,no_load,cw,C5: 1500 rpm,servo-app/lab-0.1
1781163744.2499835,4.821953535079956,C5_SPEED_1500,C5_SPEED_1500_R01_20260611_144217,delta-asda-b3-e,1591,RTSO|SO|OE|VE|QS|TR,3,0,948839785,1500,21,0.08967,23,0.054993,301,49,4270,2391,6000,,1500,,,,constant_speed,transition,0,no_load,cw,C5: 1500 rpm,servo-app/lab-0.1
1781163744.3504071,4.922377109527588,C5_SPEED_1500,C5_SPEED_1500_R01_20260611_144217,delta-asda-b3-e,1591,RTSO|SO|OE|VE|QS|TR,3,0,953075873,1501,22,0.09394,24,0.057384,301,49,4270,2391,6000,,1500,,,,constant_speed,transition,0,no_load,cw,C5: 1500 rpm,servo-app/lab-0.1
1781163744.4506454,5.022615432739258,C5_SPEED_1500,C5_SPEED_1500_R01_20260611_144217,delta-asda-b3-e,1591,RTSO|SO|OE|VE|QS|TR,3,0,957270114,1499,25,0.10675,26,0.062166,301,49,4270,2391,6000,,1500,,,,constant_speed,transition,0,no_load,cw,C5: 1500 rpm,servo-app/lab-0.1
1781163744.550695,5.122664928436279,C5_SPEED_1500,C5_SPEED_1500_R01_20260611_144217,delta-asda-b3-e,1591,RTSO|SO|OE|VE|QS|TR,3,0,961464253,1501,21,0.08967,21,0.050211,301,49,4270,2391,6000,,1500,,,,constant_speed,transition,0,no_load,cw,C5: 1500 rpm,servo-app/lab-0.1
1781163744.650947,5.222917079925537,C5_SPEED_1500,C5_SPEED_1500_R01_20260611_144217,delta-asda-b3-e,1591,RTSO|SO|OE|VE|QS|TR,3,0,965658643,1500,22,0.09394,24,0.057384,301,49,4270,2391,6000,,1500,,,,constant_speed,transition,0,no_load,cw,C5: 1500 rpm,servo-app/lab-0.1
1781163744.7511241,5.323094129562378,C5_SPEED_1500,C5_SPEED_1500_R01_20260611_144217,delta-asda-b3-e,1591,RTSO|SO|OE|VE|QS|TR,3,0,969852871,1501,23,0.09821,23,0.054993,302,49,4270,2391,6000,,1500,,,,constant_speed,transition,0,no_load,cw,C5: 1500 rpm,servo-app/lab-0.1
1781163744.8522596,5.424229621887207,C5_SPEED_1500,C5_SPEED_1500_R01_20260611_144217,delta-asda-b3-e,1591,RTSO|SO|OE|VE|QS|TR,3,0,974130845,1499,26,0.11102,25,0.059775,302,49,4270,2391,6000,,1500,,,,constant_speed,transition,0,no_load,cw,C5: 1500 rpm,servo-app/lab-0.1
1781163744.9523385,5.524308443069458,C5_SPEED_1500,C5_SPEED_1500_R01_20260611_144217,delta-asda-b3-e,1591,RTSO|SO|OE|VE|QS|TR,3,0,978367377,1501,21,0.08967,20,0.04782,301,49,4270,2391,6000,,1500,,,,constant_speed,transition,0,no_load,cw,C5: 1500 rpm,servo-app/lab-0.1
1781163745.0527709,5.624740839004517,C5_SPEED_1500,C5_SPEED_1500_R01_20260611_144217,delta-asda-b3-e,1591,RTSO|SO|OE|VE|QS|TR,3,0,982519371,1499,23,0.09821,21,0.050211,301,49,4270,2391,6000,,1500,,,,constant_speed,transition,0,no_load,cw,C5: 1500 rpm,servo-app/lab-0.1
1781163745.1533322,5.725302219390869,C5_SPEED_1500,C5_SPEED_1500_R01_20260611_144217,delta-asda-b3-e,1591,RTSO|SO|OE|VE|QS|TR,3,0,986755769,1501,21,0.08967,21,0.050211,301,49,4270,2391,6000,,1500,,,,constant_speed,transition,0,no_load,cw,C5: 1500 rpm,servo-app/lab-0.1
1781163745.253661,5.8256309032440186,C5_SPEED_1500,C5_SPEED_1500_R01_20260611_144217,delta-asda-b3-e,1591,RTSO|SO|OE|VE|QS|TR,3,0,990949550,1499,25,0.10675,23,0.054993,301,49,4270,2391,6000,,1500,,,,constant_speed,transition,0,no_load,cw,C5: 1500 rpm,servo-app/lab-0.1
1781163745.3543205,5.926290512084961,C5_SPEED_1500,C5_SPEED_1500_R01_20260611_144217,delta-asda-b3-e,1591,RTSO|SO|OE|VE|QS|TR,3,0,995186224,1501,21,0.08967,21,0.050211,301,49,4270,2391,6000,,1500,,,,constant_speed,transition,0,no_load,cw,C5: 1500 rpm,servo-app/lab-0.1
1781163745.454981,6.02695107460022,C5_SPEED_1500,C5_SPEED_1500_R01_20260611_144217,delta-asda-b3-e,1591,RTSO|SO|OE|VE|QS|TR,3,0,999422067,1500,22,0.09394,23,0.054993,301,49,4270,2391,6000,,1500,,,,constant_speed,transition,0,no_load,cw,C5: 1500 rpm,servo-app/lab-0.1
1781163745.555564,6.127533912658691,C5_SPEED_1500,C5_SPEED_1500_R01_20260611_144217,delta-asda-b3-e,1591,RTSO|SO|OE|VE|QS|TR,3,0,1003616729,1501,20,0.0854,21,0.050211,301,49,4270,2391,6000,,1500,,,,constant_speed,transition,0,no_load,cw,C5: 1500 rpm,servo-app/lab-0.1
1781163745.6558244,6.227794408798218,C5_SPEED_1500,C5_SPEED_1500_R01_20260611_144217,delta-asda-b3-e,1591,RTSO|SO|OE|VE|QS|TR,3,0,1007810525,1499,24,0.10248,25,0.059775,301,49,4270,2391,6000,,1500,,,,constant_speed,transition,0,no_load,cw,C5: 1500 rpm,servo-app/lab-0.1
1781163745.7559516,6.327921628952026,C5_SPEED_1500,C5_SPEED_1500_R01_20260611_144217,delta-asda-b3-e,1591,RTSO|SO|OE|VE|QS|TR,3,0,1012005334,1501,22,0.09394,22,0.052602,301,49,4270,2391,6000,,1500,,,,constant_speed,transition,0,no_load,cw,C5: 1500 rpm,servo-app/lab-0.1
1781163745.856458,6.4284279346466064,C5_SPEED_1500,C5_SPEED_1500_R01_20260611_144217,delta-asda-b3-e,1591,RTSO|SO|OE|VE|QS|TR,3,0,1016241190,1500,21,0.08967,23,0.054993,301,49,4270,2391,6000,,1500,,,,constant_speed,transition,0,no_load,cw,C5: 1500 rpm,servo-app/lab-0.1
1781163745.956542,6.528512001037598,C5_SPEED_1500,C5_SPEED_1500_R01_20260611_144217,delta-asda-b3-e,1591,RTSO|SO|OE|VE|QS|TR,3,0,1020435691,1501,21,0.08967,22,0.052602,301,49,4270,2391,6000,,1500,,,,constant_speed,transition,0,no_load,cw,C5: 1500 rpm,servo-app/lab-0.1
1781163746.0566738,6.628643751144409,C5_SPEED_1500,C5_SPEED_1500_R01_20260611_144217,delta-asda-b3-e,1591,RTSO|SO|OE|VE|QS|TR,3,0,1024629361,1499,23,0.09821,24,0.057384,301,49,4270,2391,6000,,1500,,,,constant_speed,transition,0,no_load,cw,C5: 1500 rpm,servo-app/lab-0.1
1781163746.1571188,6.72908878326416,C5_SPEED_1500,C5_SPEED_1500_R01_20260611_144217,delta-asda-b3-e,1591,RTSO|SO|OE|VE|QS|TR,3,0,1028824110,1501,21,0.08967,23,0.054993,301,49,4270,2391,6000,,1500,,,,constant_speed,transition,0,no_load,cw,C5: 1500 rpm,servo-app/lab-0.1
1781163746.2577906,6.829760551452637,C5_SPEED_1500,C5_SPEED_1500_R01_20260611_144217,delta-asda-b3-e,1591,RTSO|SO|OE|VE|QS|TR,3,0,1033060021,1499,22,0.09394,24,0.057384,301,49,4270,2391,6000,,1500,,,,constant_speed,transition,0,no_load,cw,C5: 1500 rpm,servo-app/lab-0.1
1781163746.357871,6.929841041564941,C5_SPEED_1500,C5_SPEED_1500_R01_20260611_144217,delta-asda-b3-e,1591,RTSO|SO|OE|VE|QS|TR,3,0,1037254616,1500,18,0.07686,20,0.04782,302,49,4270,2391,6000,,1500,,,,constant_speed,transition,0,no_load,cw,C5: 1500 rpm,servo-app/lab-0.1
1781163746.4586535,7.030623435974121,C5_SPEED_1500,C5_SPEED_1500_R01_20260611_144217,delta-asda-b3-e,1591,RTSO|SO|OE|VE|QS|TR,3,0,1041490260,1499,23,0.09821,23,0.054993,301,49,4270,2391,6000,,1500,,,,constant_speed,transition,0,no_load,cw,C5: 1500 rpm,servo-app/lab-0.1
1781163746.5592735,7.131243467330933,C5_SPEED_1500,C5_SPEED_1500_R01_20260611_144217,delta-asda-b3-e,1591,RTSO|SO|OE|VE|QS|TR,3,0,1045726953,1501,22,0.09394,21,0.050211,301,49,4270,2391,6000,,1500,,,,constant_speed,transition,0,no_load,cw,C5: 1500 rpm,servo-app/lab-0.1
1781163746.659928,7.231898069381714,C5_SPEED_1500,C5_SPEED_1500_R01_20260611_144217,delta-asda-b3-e,1591,RTSO|SO|OE|VE|QS|TR,3,0,1049920819,1499,24,0.10248,23,0.054993,301,49,4270,2391,6000,,1500,,,,constant_speed,transition,0,no_load,cw,C5: 1500 rpm,servo-app/lab-0.1
1781163746.7601714,7.332141399383545,C5_SPEED_1500,C5_SPEED_1500_R01_20260611_144217,delta-asda-b3-e,1591,RTSO|SO|OE|VE|QS|TR,3,0,1054115473,1500,20,0.0854,19,0.045429,301,49,4270,2391,6000,,1500,,,,constant_speed,transition,0,no_load,cw,C5: 1500 rpm,servo-app/lab-0.1
1781163746.8607376,7.4327075481414795,C5_SPEED_1500,C5_SPEED_1500_R01_20260611_144217,delta-asda-b3-e,1591,RTSO|SO|OE|VE|QS|TR,3,0,1058351118,1499,20,0.0854,22,0.052602,302,49,4270,2391,6000,,1500,,,,constant_speed,transition,0,no_load,cw,C5: 1500 rpm,servo-app/lab-0.1
1781163746.9612963,7.533266305923462,C5_SPEED_1500,C5_SPEED_1500_R01_20260611_144217,delta-asda-b3-e,1591,RTSO|SO|OE|VE|QS|TR,3,0,1062587933,1501,21,0.08967,20,0.04782,301,49,4270,2391,6000,,1500,,,,constant_speed,transition,0,no_load,cw,C5: 1500 rpm,servo-app/lab-0.1
1781163747.0614471,7.633417129516602,C5_SPEED_1500,C5_SPEED_1500_R01_20260611_144217,delta-asda-b3-e,1591,RTSO|SO|OE|VE|QS|TR,3,0,1066781735,1499,19,0.08113,24,0.057384,301,49,4270,2391,6000,,1500,,,,constant_speed,transition,0,no_load,cw,C5: 1500 rpm,servo-app/lab-0.1
1781163747.1615255,7.733495473861694,C5_SPEED_1500,C5_SPEED_1500_R01_20260611_144217,delta-asda-b3-e,1591,RTSO|SO|OE|VE|QS|TR,3,0,1070976320,1501,22,0.09394,21,0.050211,302,49,4270,2391,6000,,1500,,,,constant_speed,transition,0,no_load,cw,C5: 1500 rpm,servo-app/lab-0.1
1781163747.2618234,7.83379340171814,C5_SPEED_1500,C5_SPEED_1500_R01_20260611_144217,delta-asda-b3-e,1591,RTSO|SO|OE|VE|QS|TR,3,0,1075169927,1499,20,0.0854,22,0.052602,301,49,4270,2391,6000,,1500,,,,constant_speed,transition,0,no_load,cw,C5: 1500 rpm,servo-app/lab-0.1
1781163747.362684,7.934653997421265,C5_SPEED_1500,C5_SPEED_1500_R01_20260611_144217,delta-asda-b3-e,1591,RTSO|SO|OE|VE|QS|TR,3,0,1079406821,1501,20,0.0854,21,0.050211,301,49,4270,2391,6000,,1500,,,,constant_speed,transition,0,no_load,cw,C5: 1500 rpm,servo-app/lab-0.1
1781163747.4627664,8.034736394882202,C5_SPEED_1500,C5_SPEED_1500_R01_20260611_144217,delta-asda-b3-e,1591,RTSO|SO|OE|VE|QS|TR,3,0,1083600526,1499,24,0.10248,24,0.057384,301,49,4270,2391,6000,,1500,,,,constant_speed,transition,0,no_load,cw,C5: 1500 rpm,servo-app/lab-0.1
1781163747.5628676,8.134837627410889,C5_SPEED_1500,C5_SPEED_1500_R01_20260611_144217,delta-asda-b3-e,1591,RTSO|SO|OE|VE|QS|TR,3,0,1087795282,1501,21,0.08967,22,0.052602,301,49,4270,2391,6000,,1500,,,,constant_speed,transition,0,no_load,cw,C5: 1500 rpm,servo-app/lab-0.1
1781163747.6633365,8.23530650138855,C5_SPEED_1500,C5_SPEED_1500_R01_20260611_144217,delta-asda-b3-e,1591,RTSO|SO|OE|VE|QS|TR,3,0,1091988922,1499,22,0.09394,19,0.045429,301,49,4270,2391,6000,,1500,,,,constant_speed,transition,0,no_load,cw,C5: 1500 rpm,servo-app/lab-0.1
1781163747.763768,8.335737943649292,C5_SPEED_1500,C5_SPEED_1500_R01_20260611_144217,delta-asda-b3-e,1591,RTSO|SO|OE|VE|QS|TR,3,0,1096225962,1501,23,0.09821,20,0.04782,301,49,4270,2391,6000,,1500,,,,constant_speed,transition,0,no_load,cw,C5: 1500 rpm,servo-app/lab-0.1
1781163747.8641527,8.43612265586853,C5_SPEED_1500,C5_SPEED_1500_R01_20260611_144217,delta-asda-b3-e,1591,RTSO|SO|OE|VE|QS|TR,3,0,1100419557,1499,22,0.09394,20,0.04782,301,49,4270,2391,6000,,1500,,,,constant_speed,transition,0,no_load,cw,C5: 1500 rpm,servo-app/lab-0.1
1781163747.9648964,8.536866426467896,C5_SPEED_1500,C5_SPEED_1500_R01_20260611_144217,delta-asda-b3-e,1591,RTSO|SO|OE|VE|QS|TR,3,0,1104656285,1501,25,0.10675,22,0.052602,301,49,4270,2391,6000,,1500,,,,constant_speed,transition,0,no_load,cw,C5: 1500 rpm,servo-app/lab-0.1
1781163748.0653322,8.637302160263062,C5_SPEED_1500,C5_SPEED_1500_R01_20260611_144217,delta-asda-b3-e,1591,RTSO|SO|OE|VE|QS|TR,3,0,1108849697,1499,20,0.0854,21,0.050211,301,49,4270,2391,6000,,1500,,,,constant_speed,transition,0,no_load,cw,C5: 1500 rpm,servo-app/lab-0.1
1781163748.1658494,8.73781943321228,C5_SPEED_1500,C5_SPEED_1500_R01_20260611_144217,delta-asda-b3-e,1591,RTSO|SO|OE|VE|QS|TR,3,0,1113086877,1501,22,0.09394,23,0.054993,301,49,4270,2391,6000,,1500,,,,constant_speed,transition,0,no_load,cw,C5: 1500 rpm,servo-app/lab-0.1
1781163748.2663271,8.838297128677368,C5_SPEED_1500,C5_SPEED_1500_R01_20260611_144217,delta-asda-b3-e,1591,RTSO|SO|OE|VE|QS|TR,3,0,1117322210,1500,23,0.09821,24,0.057384,301,49,4270,2391,6000,,1500,,,,constant_speed,transition,0,no_load,cw,C5: 1500 rpm,servo-app/lab-0.1
1781163748.3669298,8.938899755477905,C5_SPEED_1500,C5_SPEED_1500_R01_20260611_144217,delta-asda-b3-e,1591,RTSO|SO|OE|VE|QS|TR,3,0,1121517187,1500,24,0.10248,25,0.059775,301,49,4270,2391,6000,,1500,,,,constant_speed,transition,0,no_load,cw,C5: 1500 rpm,servo-app/lab-0.1
1781163748.467406,9.039376020431519,C5_SPEED_1500,C5_SPEED_1500_R01_20260611_144217,delta-asda-b3-e,1591,RTSO|SO|OE|VE|QS|TR,3,0,1125752667,1500,21,0.08967,19,0.045429,301,49,4270,2391,6000,,1500,,,,constant_speed,transition,0,no_load,cw,C5: 1500 rpm,servo-app/lab-0.1
1781163748.5683565,9.140326499938965,C5_SPEED_1500,C5_SPEED_1500_R01_20260611_144217,delta-asda-b3-e,1591,RTSO|SO|OE|VE|QS|TR,3,0,1129989568,1500,21,0.08967,25,0.059775,301,49,4270,2391,6000,,1500,,,,constant_speed,transition,0,no_load,cw,C5: 1500 rpm,servo-app/lab-0.1
1781163748.6689355,9.240905523300171,C5_SPEED_1500,C5_SPEED_1500_R01_20260611_144217,delta-asda-b3-e,1591,RTSO|SO|OE|VE|QS|TR,3,0,1134183263,1500,22,0.09394,24,0.057384,301,49,4270,2391,6000,,1500,,,,constant_speed,transition,0,no_load,cw,C5: 1500 rpm,servo-app/lab-0.1
1781163748.7695334,9.341503381729126,C5_SPEED_1500,C5_SPEED_1500_R01_20260611_144217,delta-asda-b3-e,1591,RTSO|SO|OE|VE|QS|TR,3,0,1138419737,1499,25,0.10675,26,0.062166,301,49,4270,2391,6000,,1500,,,,constant_speed,transition,0,no_load,cw,C5: 1500 rpm,servo-app/lab-0.1
1781163748.8698187,9.441788673400879,C5_SPEED_1500,C5_SPEED_1500_R01_20260611_144217,delta-asda-b3-e,1591,RTSO|SO|OE|VE|QS|TR,3,0,1142613686,1501,18,0.07686,21,0.050211,301,49,4270,2391,6000,,1500,,,,constant_speed,transition,0,no_load,cw,C5: 1500 rpm,servo-app/lab-0.1
1781163748.9701595,9.542129516601562,C5_SPEED_1500,C5_SPEED_1500_R01_20260611_144217,delta-asda-b3-e,1591,RTSO|SO|OE|VE|QS|TR,3,0,1146808405,1499,22,0.09394,22,0.052602,301,49,4270,2391,6000,,1500,,,,constant_speed,transition,0,no_load,cw,C5: 1500 rpm,servo-app/lab-0.1
1781163749.0706127,9.642582654953003,C5_SPEED_1500,C5_SPEED_1500_R01_20260611_144217,delta-asda-b3-e,1591,RTSO|SO|OE|VE|QS|TR,3,0,1151044349,1501,21,0.08967,23,0.054993,301,49,4270,2391,6000,,1500,,,,constant_speed,transition,0,no_load,cw,C5: 1500 rpm,servo-app/lab-0.1
1781163749.171035,9.74300503730774,C5_SPEED_1500,C5_SPEED_1500_R01_20260611_144217,delta-asda-b3-e,1591,RTSO|SO|OE|VE|QS|TR,3,0,1155238539,1498,23,0.09821,24,0.057384,301,49,4270,2391,6000,,1500,,,,constant_speed,transition,0,no_load,cw,C5: 1500 rpm,servo-app/lab-0.1
1781163749.2720323,9.84400224685669,C5_SPEED_1500,C5_SPEED_1500_R01_20260611_144217,delta-asda-b3-e,1591,RTSO|SO|OE|VE|QS|TR,3,0,1159474759,1501,19,0.08113,18,0.043038,301,49,4270,2391,6000,,1500,,,,constant_speed,transition,0,no_load,cw,C5: 1500 rpm,servo-app/lab-0.1
1781163749.3728073,9.944777250289917,C5_SPEED_1500,C5_SPEED_1500_R01_20260611_144217,delta-asda-b3-e,1591,RTSO|SO|OE|VE|QS|TR,3,0,1163710860,1499,22,0.09394,21,0.050211,301,49,4270,2391,6000,,1500,,,,constant_speed,transition,0,no_load,cw,C5: 1500 rpm,servo-app/lab-0.1
1781163749.4739082,10.045878171920776,C5_SPEED_1500,C5_SPEED_1500_R01_20260611_144217,delta-asda-b3-e,1591,RTSO|SO|OE|VE|QS|TR,3,0,1167947270,1501,20,0.0854,20,0.04782,301,49,4270,2391,6000,,1500,,,,constant_speed,transition,0,no_load,cw,C5: 1500 rpm,servo-app/lab-0.1
1781163749.5741794,10.146149396896362,C5_SPEED_1500,C5_SPEED_1500_R01_20260611_144217,delta-asda-b3-e,1591,RTSO|SO|OE|VE|QS|TR,3,0,1172141018,1499,27,0.11529,24,0.057384,301,49,4270,2391,6000,,1500,,,,constant_speed,transition,0,no_load,cw,C5: 1500 rpm,servo-app/lab-0.1
1781163749.674799,10.246768951416016,C5_SPEED_1500,C5_SPEED_1500_R01_20260611_144217,delta-asda-b3-e,1591,RTSO|SO|OE|VE|QS|TR,3,0,1176377789,1501,19,0.08113,21,0.050211,301,49,4270,2391,6000,,1500,,,,constant_speed,transition,0,no_load,cw,C5: 1500 rpm,servo-app/lab-0.1
1781163749.7748935,10.346863508224487,C5_SPEED_1500,C5_SPEED_1500_R01_20260611_144217,delta-asda-b3-e,1591,RTSO|SO|OE|VE|QS|TR,3,0,1180571790,1500,22,0.09394,22,0.052602,301,49,4270,2391,6000,,1500,,,,constant_speed,transition,0,no_load,cw,C5: 1500 rpm,servo-app/lab-0.1
1781163749.8753593,10.44732928276062,C5_SPEED_1500,C5_SPEED_1500_R01_20260611_144217,delta-asda-b3-e,1591,RTSO|SO|OE|VE|QS|TR,3,0,1184808269,1501,20,0.0854,20,0.04782,301,49,4270,2391,6000,,1500,,,,constant_speed,transition,0,no_load,cw,C5: 1500 rpm,servo-app/lab-0.1
1781163749.9766395,10.548609495162964,C5_SPEED_1500,C5_SPEED_1500_R01_20260611_144217,delta-asda-b3-e,1591,RTSO|SO|OE|VE|QS|TR,3,0,1189043782,1499,23,0.09821,24,0.057384,301,49,4270,2391,6000,,1500,,,,constant_speed,transition,0,no_load,cw,C5: 1500 rpm,servo-app/lab-0.1
1781163750.0769627,10.648932695388794,C5_SPEED_1500,C5_SPEED_1500_R01_20260611_144217,delta-asda-b3-e,1591,RTSO|SO|OE|VE|QS|TR,3,0,1193238651,1501,21,0.08967,20,0.04782,301,49,4270,2391,6000,,1500,,,,constant_speed,transition,0,no_load,cw,C5: 1500 rpm,servo-app/lab-0.1
1781163750.1773763,10.749346256256104,C5_SPEED_1500,C5_SPEED_1500_R01_20260611_144217,delta-asda-b3-e,1591,RTSO|SO|OE|VE|QS|TR,3,0,1197432770,1500,22,0.09394,20,0.04782,301,49,4270,2391,6000,,1500,,,,constant_speed,transition,0,no_load,cw,C5: 1500 rpm,servo-app/lab-0.1
1781163750.2777514,10.849721431732178,C5_SPEED_1500,C5_SPEED_1500_R01_20260611_144217,delta-asda-b3-e,1591,RTSO|SO|OE|VE|QS|TR,3,0,1201669151,1501,21,0.08967,18,0.043038,301,49,4270,2391,6000,,1500,,,,constant_speed,transition,0,no_load,cw,C5: 1500 rpm,servo-app/lab-0.1
1781163750.3783584,10.950328350067139,C5_SPEED_1500,C5_SPEED_1500_R01_20260611_144217,delta-asda-b3-e,1591,RTSO|SO|OE|VE|QS|TR,3,0,1206114408,1499,22,0.09394,20,0.04782,301,49,4270,2391,6000,,1500,,,,constant_speed,transition,0,no_load,cw,C5: 1500 rpm,servo-app/lab-0.1
1781163750.4785452,11.050515174865723,C5_SPEED_1500,C5_SPEED_1500_R01_20260611_144217,delta-asda-b3-e,1591,RTSO|SO|OE|VE|QS|TR,3,0,1210099687,1501,21,0.08967,18,0.043038,301,49,4270,2391,6000,,1500,,,,constant_speed,transition,0,no_load,cw,C5: 1500 rpm,servo-app/lab-0.1
1781163750.5788636,11.15083360671997,C5_SPEED_1500,C5_SPEED_1500_R01_20260611_144217,delta-asda-b3-e,1591,RTSO|SO|OE|VE|QS|TR,3,0,1214293709,1500,21,0.08967,21,0.050211,301,49,4270,2391,6000,,1500,,,,constant_speed,transition,0,no_load,cw,C5: 1500 rpm,servo-app/lab-0.1
1781163750.7431197,11.315089702606201,C5_SPEED_1500,C5_SPEED_1500_R01_20260611_144217,delta-asda-b3-e,1591,RTSO|SO|OE|VE|QS|TR,3,0,1221171914,1499,22,0.09394,24,0.057384,301,49,4270,2391,6000,,1500,,,,constant_speed,transition,0,no_load,cw,C5: 1500 rpm,servo-app/lab-0.1
1781163750.843433,11.415402889251709,C5_SPEED_1500,C5_SPEED_1500_R01_20260611_144217,delta-asda-b3-e,1591,RTSO|SO|OE|VE|QS|TR,3,0,1225408731,1501,22,0.09394,22,0.052602,301,49,4270,2391,6000,,1500,,,,constant_speed,transition,0,no_load,cw,C5: 1500 rpm,servo-app/lab-0.1
1781163750.9438133,11.515783309936523,C5_SPEED_1500,C5_SPEED_1500_R01_20260611_144217,delta-asda-b3-e,1591,RTSO|SO|OE|VE|QS|TR,3,0,1229602126,1499,21,0.08967,24,0.057384,301,49,4270,2391,6000,,1500,,,,constant_speed,transition,0,no_load,cw,C5: 1500 rpm,servo-app/lab-0.1
1781163751.04391,11.615880012512207,C5_SPEED_1500,C5_SPEED_1500_R01_20260611_144217,delta-asda-b3-e,1591,RTSO|SO|OE|VE|QS|TR,3,0,1233797141,1501,22,0.09394,20,0.04782,302,49,4270,2391,6000,,1500,,,,constant_speed,transition,0,no_load,cw,C5: 1500 rpm,servo-app/lab-0.1
1781163751.1464407,11.718410730361938,C5_SPEED_1500,C5_SPEED_1500_R01_20260611_144217,delta-asda-b3-e,1591,RTSO|SO|OE|VE|QS|TR,3,0,1238158765,1500,22,0.09394,21,0.050211,301,49,4270,2391,6000,,1500,,,,constant_speed,transition,0,no_load,cw,C5: 1500 rpm,servo-app/lab-0.1
1781163751.2469683,11.818938255310059,C5_SPEED_1500,C5_SPEED_1500_R01_20260611_144217,delta-asda-b3-e,1591,RTSO|SO|OE|VE|QS|TR,3,0,1242311803,1500,25,0.10675,21,0.050211,301,49,4270,2391,6000,,1500,,,,constant_speed,transition,0,no_load,cw,C5: 1500 rpm,servo-app/lab-0.1
1781163751.347269,11.919239044189453,C5_SPEED_1500,C5_SPEED_1500_R01_20260611_144217,delta-asda-b3-e,1591,RTSO|SO|OE|VE|QS|TR,3,0,1246547093,1500,23,0.09821,21,0.050211,301,49,4270,2391,6000,,1500,,,,constant_speed,transition,0,no_load,cw,C5: 1500 rpm,servo-app/lab-0.1
1781163751.4480698,12.020039796829224,C5_SPEED_1500,C5_SPEED_1500_R01_20260611_144217,delta-asda-b3-e,1591,RTSO|SO|OE|VE|QS|TR,3,0,1250742135,1500,20,0.0854,20,0.04782,301,49,4270,2391,6000,,1500,,,,constant_speed,transition,0,no_load,cw,C5: 1500 rpm,servo-app/lab-0.1
1781163751.5489066,12.120876550674438,C5_SPEED_1500,C5_SPEED_1500_R01_20260611_144217,delta-asda-b3-e,1591,RTSO|SO|OE|VE|QS|TR,3,0,1254977773,1501,22,0.09394,23,0.054993,302,49,4270,2391,6000,,1500,,,,constant_speed,transition,0,no_load,cw,C5: 1500 rpm,servo-app/lab-0.1
1781163751.649119,12.221088886260986,C5_SPEED_1500,C5_SPEED_1500_R01_20260611_144217,delta-asda-b3-e,1591,RTSO|SO|OE|VE|QS|TR,3,0,1259172543,1500,26,0.11102,25,0.059775,301,49,4270,2391,6000,,1500,,,,constant_speed,transition,0,no_load,cw,C5: 1500 rpm,servo-app/lab-0.1
1781163751.7496629,12.321632862091064,C5_SPEED_1500,C5_SPEED_1500_R01_20260611_144217,delta-asda-b3-e,1591,RTSO|SO|OE|VE|QS|TR,3,0,1263408297,1501,21,0.08967,20,0.04782,301,49,4270,2391,6000,,1500,,,,constant_speed,transition,0,no_load,cw,C5: 1500 rpm,servo-app/lab-0.1
1781163751.8504686,12.422438621520996,C5_SPEED_1500,C5_SPEED_1500_R01_20260611_144217,delta-asda-b3-e,1591,RTSO|SO|OE|VE|QS|TR,3,0,1267644730,1500,22,0.09394,23,0.054993,302,49,4270,2391,6000,,1500,,,,constant_speed,transition,0,no_load,cw,C5: 1500 rpm,servo-app/lab-0.1
1781163751.950611,12.522581100463867,C5_SPEED_1500,C5_SPEED_1500_R01_20260611_144217,delta-asda-b3-e,1591,RTSO|SO|OE|VE|QS|TR,3,0,1271838815,1501,22,0.09394,20,0.04782,301,49,4270,2391,6000,,1500,,,,constant_speed,transition,0,no_load,cw,C5: 1500 rpm,servo-app/lab-0.1
1781163752.0510802,12.623050212860107,C5_SPEED_1500,C5_SPEED_1500_R01_20260611_144217,delta-asda-b3-e,1591,RTSO|SO|OE|VE|QS|TR,3,0,1276033060,1499,26,0.11102,25,0.059775,301,49,4270,2391,6000,,1500,,,,constant_speed,transition,0,no_load,cw,C5: 1500 rpm,servo-app/lab-0.1
1781163752.1512702,12.72324013710022,C5_SPEED_1500,C5_SPEED_1500_R01_20260611_144217,delta-asda-b3-e,1591,RTSO|SO|OE|VE|QS|TR,3,0,1280227250,1501,21,0.08967,22,0.052602,302,49,4270,2391,6000,,1500,,,,constant_speed,transition,0,no_load,cw,C5: 1500 rpm,servo-app/lab-0.1
1781163752.251431,12.823400974273682,C5_SPEED_1500,C5_SPEED_1500_R01_20260611_144217,delta-asda-b3-e,1591,RTSO|SO|OE|VE|QS|TR,3,0,1284421668,1500,22,0.09394,24,0.057384,302,49,4270,2391,6000,,1500,,,,constant_speed,transition,0,no_load,cw,C5: 1500 rpm,servo-app/lab-0.1
1781163752.3519595,12.923929452896118,C5_SPEED_1500,C5_SPEED_1500_R01_20260611_144217,delta-asda-b3-e,1591,RTSO|SO|OE|VE|QS|TR,3,0,1288657936,1501,22,0.09394,20,0.04782,301,49,4270,2391,6000,,1500,,,,constant_speed,transition,0,no_load,cw,C5: 1500 rpm,servo-app/lab-0.1
1781163752.4530282,13.024998188018799,C5_SPEED_1500,C5_SPEED_1500_R01_20260611_144217,delta-asda-b3-e,1591,RTSO|SO|OE|VE|QS|TR,3,0,1292893867,1499,25,0.10675,25,0.059775,301,49,4270,2391,6000,,1500,,,,constant_speed,transition,0,no_load,cw,C5: 1500 rpm,servo-app/lab-0.1
1781163752.5532784,13.125248432159424,C5_SPEED_1500,C5_SPEED_1500_R01_20260611_144217,delta-asda-b3-e,1591,RTSO|SO|OE|VE|QS|TR,3,0,1297088471,1501,21,0.08967,21,0.050211,301,49,4270,2391,6000,,1500,,,,constant_speed,transition,0,no_load,cw,C5: 1500 rpm,servo-app/lab-0.1
1781163752.6537435,13.22571349143982,C5_SPEED_1500,C5_SPEED_1500_R01_20260611_144217,delta-asda-b3-e,1591,RTSO|SO|OE|VE|QS|TR,3,0,1301366232,1500,21,0.08967,23,0.054993,301,49,4270,2391,6000,,1500,,,,constant_speed,transition,0,no_load,cw,C5: 1500 rpm,servo-app/lab-0.1
1781163752.753948,13.325917959213257,C5_SPEED_1500,C5_SPEED_1500_R01_20260611_144217,delta-asda-b3-e,1591,RTSO|SO|OE|VE|QS|TR,3,0,1305518869,1501,20,0.0854,21,0.050211,301,49,4270,2391,6000,,1500,,,,constant_speed,transition,0,no_load,cw,C5: 1500 rpm,servo-app/lab-0.1
1781163752.854593,13.426563024520874,C5_SPEED_1500,C5_SPEED_1500_R01_20260611_144217,delta-asda-b3-e,1591,RTSO|SO|OE|VE|QS|TR,3,0,1309754521,1499,25,0.10675,25,0.059775,301,49,4270,2391,6000,,1500,,,,constant_speed,transition,0,no_load,cw,C5: 1500 rpm,servo-app/lab-0.1
1781163752.9557383,13.527708292007446,C5_SPEED_1500,C5_SPEED_1500_R01_20260611_144217,delta-asda-b3-e,1591,RTSO|SO|OE|VE|QS|TR,3,0,1313991255,1501,22,0.09394,22,0.052602,301,49,4270,2391,6000,,1500,,,,constant_speed,transition,0,no_load,cw,C5: 1500 rpm,servo-app/lab-0.1
1781163753.0562217,13.628191709518433,C5_SPEED_1500,C5_SPEED_1500_R01_20260611_144217,delta-asda-b3-e,1591,RTSO|SO|OE|VE|QS|TR,3,0,1318185098,1500,23,0.09821,22,0.052602,301,49,4270,2391,6000,,1500,,,,constant_speed,transition,0,no_load,cw,C5: 1500 rpm,servo-app/lab-0.1
1781163753.1568332,13.728803157806396,C5_SPEED_1500,C5_SPEED_1500_R01_20260611_144217,delta-asda-b3-e,1591,RTSO|SO|OE|VE|QS|TR,3,0,1322421707,1501,20,0.0854,23,0.054993,301,49,4270,2391,6000,,1500,,,,constant_speed,transition,0,no_load,cw,C5: 1500 rpm,servo-app/lab-0.1
1781163753.2571576,13.829127550125122,C5_SPEED_1500,C5_SPEED_1500_R01_20260611_144217,delta-asda-b3-e,1591,RTSO|SO|OE|VE|QS|TR,3,0,1326615515,1499,22,0.09394,26,0.062166,301,49,4270,2391,6000,,1500,,,,constant_speed,transition,0,no_load,cw,C5: 1500 rpm,servo-app/lab-0.1
1781163753.3572955,13.92926549911499,C5_SPEED_1500,C5_SPEED_1500_R01_20260611_144217,delta-asda-b3-e,1591,RTSO|SO|OE|VE|QS|TR,3,0,1330810265,1501,21,0.08967,22,0.052602,301,49,4270,2391,6000,,1500,,,,constant_speed,transition,0,no_load,cw,C5: 1500 rpm,servo-app/lab-0.1
1781163753.4579349,14.029904842376709,C5_SPEED_1500,C5_SPEED_1500_R01_20260611_144217,delta-asda-b3-e,1591,RTSO|SO|OE|VE|QS|TR,3,0,1335046149,1499,23,0.09821,21,0.050211,301,49,4270,2391,6000,,1500,,,,constant_speed,transition,0,no_load,cw,C5: 1500 rpm,servo-app/lab-0.1
1781163753.5580869,14.130056858062744,C5_SPEED_1500,C5_SPEED_1500_R01_20260611_144217,delta-asda-b3-e,1591,RTSO|SO|OE|VE|QS|TR,3,0,1339240690,1500,20,0.0854,20,0.04782,301,49,4270,2391,6000,,1500,,,,constant_speed,transition,0,no_load,cw,C5: 1500 rpm,servo-app/lab-0.1
1781163753.6584861,14.230456113815308,C5_SPEED_1500,C5_SPEED_1500_R01_20260611_144217,delta-asda-b3-e,1591,RTSO|SO|OE|VE|QS|TR,3,0,1343434461,1499,21,0.08967,23,0.054993,301,49,4270,2391,6000,,1500,,,,constant_speed,transition,0,no_load,cw,C5: 1500 rpm,servo-app/lab-0.1
1781163753.7589035,14.330873489379883,C5_SPEED_1500,C5_SPEED_1500_R01_20260611_144217,delta-asda-b3-e,1591,RTSO|SO|OE|VE|QS|TR,3,0,1347671144,1500,22,0.09394,21,0.050211,301,49,4270,2391,6000,,1500,,,,constant_speed,transition,0,no_load,cw,C5: 1500 rpm,servo-app/lab-0.1
1781163753.8590512,14.431021213531494,C5_SPEED_1500,C5_SPEED_1500_R01_20260611_144217,delta-asda-b3-e,1591,RTSO|SO|OE|VE|QS|TR,3,0,1351865006,1499,22,0.09394,22,0.052602,301,49,4270,2391,6000,,1500,,,,constant_speed,transition,0,no_load,cw,C5: 1500 rpm,servo-app/lab-0.1
1781163753.9596443,14.531614303588867,C5_SPEED_1500,C5_SPEED_1500_R01_20260611_144217,delta-asda-b3-e,1591,RTSO|SO|OE|VE|QS|TR,3,0,1356101471,1500,21,0.08967,20,0.04782,301,49,4270,2391,6000,,1500,,,,constant_speed,transition,0,no_load,cw,C5: 1500 rpm,servo-app/lab-0.1
1781163754.0603113,14.632281303405762,C5_SPEED_1500,C5_SPEED_1500_R01_20260611_144217,delta-asda-b3-e,1591,RTSO|SO|OE|VE|QS|TR,3,0,1360295096,1499,23,0.09821,24,0.057384,301,49,4270,2391,6000,,1500,,,,constant_speed,transition,0,no_load,cw,C5: 1500 rpm,servo-app/lab-0.1
1781163754.1609323,14.73290228843689,C5_SPEED_1500,C5_SPEED_1500_R01_20260611_144217,delta-asda-b3-e,1591,RTSO|SO|OE|VE|QS|TR,3,0,1364531881,1501,21,0.08967,22,0.052602,301,49,4270,2391,6000,,1500,,,,constant_speed,transition,0,no_load,cw,C5: 1500 rpm,servo-app/lab-0.1
1781163754.2863069,14.858276844024658,C5_SPEED_1500,C5_SPEED_1500_R01_20260611_144217,delta-asda-b3-e,1591,RTSO|SO|OE|VE|QS|TR,3,0,1370738625,1501,18,0.07686,21,0.050211,301,49,4270,2391,6000,,1500,,,,constant_speed,transition,0,no_load,cw,C5: 1500 rpm,servo-app/lab-0.1
1781163754.3865871,14.95855712890625,C5_SPEED_1500,C5_SPEED_1500_R01_20260611_144217,delta-asda-b3-e,1591,RTSO|SO|OE|VE|QS|TR,3,0,1374010277,1500,19,0.08113,20,0.04782,301,49,4270,2391,6000,,1500,,,,constant_speed,transition,0,no_load,cw,C5: 1500 rpm,servo-app/lab-0.1
1781163754.4867194,15.05868935585022,C5_SPEED_1500,C5_SPEED_1500_R01_20260611_144217,delta-asda-b3-e,1591,RTSO|SO|OE|VE|QS|TR,3,0,1378205644,1501,22,0.09394,21,0.050211,301,49,4270,2391,6000,,1500,,,,constant_speed,transition,0,no_load,cw,C5: 1500 rpm,servo-app/lab-0.1
1781163754.5872035,15.159173488616943,C5_SPEED_1500,C5_SPEED_1500_R01_20260611_144217,delta-asda-b3-e,1591,RTSO|SO|OE|VE|QS|TR,3,0,1382399195,1500,20,0.0854,22,0.052602,301,49,4270,2391,6000,,1500,,,,constant_speed,transition,0,no_load,cw,C5: 1500 rpm,servo-app/lab-0.1
1781163754.6878436,15.2598135471344,C5_SPEED_1500,C5_SPEED_1500_R01_20260611_144217,delta-asda-b3-e,1591,RTSO|SO|OE|VE|QS|TR,3,0,1386635863,1500,26,0.11102,24,0.057384,301,49,4270,2391,6000,,1500,,,,constant_speed,transition,0,no_load,cw,C5: 1500 rpm,servo-app/lab-0.1
1781163754.7881176,15.360087633132935,C5_SPEED_1500,C5_SPEED_1500_R01_20260611_144217,delta-asda-b3-e,1591,RTSO|SO|OE|VE|QS|TR,3,0,1390871223,1501,20,0.0854,20,0.04782,301,49,4270,2391,6000,,1500,,,,constant_speed,transition,0,no_load,cw,C5: 1500 rpm,servo-app/lab-0.1
1781163754.888747,15.460716962814331,C5_SPEED_1500,C5_SPEED_1500_R01_20260611_144217,delta-asda-b3-e,1591,RTSO|SO|OE|VE|QS|TR,3,0,1395066208,1500,22,0.09394,23,0.054993,301,49,4270,2391,6000,,1500,,,,constant_speed,transition,0,no_load,cw,C5: 1500 rpm,servo-app/lab-0.1
1781163754.9891195,15.561089515686035,C5_SPEED_1500,C5_SPEED_1500_R01_20260611_144217,delta-asda-b3-e,1591,RTSO|SO|OE|VE|QS|TR,3,0,1399260003,1500,23,0.09821,23,0.054993,301,49,4270,2391,6000,,1500,,,,constant_speed,transition,0,no_load,cw,C5: 1500 rpm,servo-app/lab-0.1
1781163755.0896716,15.661641597747803,C5_SPEED_1500,C5_SPEED_1500_R01_20260611_144217,delta-asda-b3-e,1591,RTSO|SO|OE|VE|QS|TR,3,0,1403496424,1499,26,0.11102,27,0.064557,301,49,4270,2391,6000,,1500,,,,constant_speed,transition,0,no_load,cw,C5: 1500 rpm,servo-app/lab-0.1
1781163755.1899216,15.761891603469849,C5_SPEED_1500,C5_SPEED_1500_R01_20260611_144217,delta-asda-b3-e,1591,RTSO|SO|OE|VE|QS|TR,3,0,1407690304,1501,19,0.08113,22,0.052602,301,49,4270,2391,6000,,1500,,,,constant_speed,transition,0,no_load,cw,C5: 1500 rpm,servo-app/lab-0.1
1781163755.2904131,15.862383127212524,C5_SPEED_1500,C5_SPEED_1500_R01_20260611_144217,delta-asda-b3-e,1591,RTSO|SO|OE|VE|QS|TR,3,0,1411885186,1500,21,0.08967,23,0.054993,301,49,4270,2391,6000,,1500,,,,constant_speed,transition,0,no_load,cw,C5: 1500 rpm,servo-app/lab-0.1
1781163755.390633,15.962603092193604,C5_SPEED_1500,C5_SPEED_1500_R01_20260611_144217,delta-asda-b3-e,1591,RTSO|SO|OE|VE|QS|TR,3,0,1416121126,1501,21,0.08967,23,0.054993,301,49,4270,2391,6000,,1500,,,,constant_speed,transition,0,no_load,cw,C5: 1500 rpm,servo-app/lab-0.1
1781163755.491546,16.06351590156555,C5_SPEED_1500,C5_SPEED_1500_R01_20260611_144217,delta-asda-b3-e,1591,RTSO|SO|OE|VE|QS|TR,3,0,1420357118,1499,24,0.10248,26,0.062166,301,49,4270,2391,6000,,1500,,,,constant_speed,transition,0,no_load,cw,C5: 1500 rpm,servo-app/lab-0.1
1781163755.5917804,16.163750410079956,C5_SPEED_1500,C5_SPEED_1500_R01_20260611_144217,delta-asda-b3-e,1591,RTSO|SO|OE|VE|QS|TR,3,0,1424551494,1501,21,0.08967,20,0.04782,301,49,4270,2391,6000,,1500,,,,constant_speed,transition,0,no_load,cw,C5: 1500 rpm,servo-app/lab-0.1
1781163755.693526,16.265496015548706,C5_SPEED_1500,C5_SPEED_1500_R01_20260611_144217,delta-asda-b3-e,1591,RTSO|SO|OE|VE|QS|TR,3,0,1428829617,1499,23,0.09821,20,0.04782,301,49,4270,2391,6000,,1500,,,,constant_speed,transition,0,no_load,cw,C5: 1500 rpm,servo-app/lab-0.1
1781163755.7941046,16.366074562072754,C5_SPEED_1500,C5_SPEED_1500_R01_20260611_144217,delta-asda-b3-e,1591,RTSO|SO|OE|VE|QS|TR,3,0,1433024182,1501,21,0.08967,21,0.050211,302,49,4270,2391,6000,,1500,,,,constant_speed,transition,0,no_load,cw,C5: 1500 rpm,servo-app/lab-0.1
1781163755.894536,16.466506004333496,C5_SPEED_1500,C5_SPEED_1500_R01_20260611_144217,delta-asda-b3-e,1591,RTSO|SO|OE|VE|QS|TR,3,0,1437259708,1499,25,0.10675,26,0.062166,301,49,4270,2391,6000,,1500,,,,constant_speed,transition,0,no_load,cw,C5: 1500 rpm,servo-app/lab-0.1
1781163755.9957054,16.567675352096558,C5_SPEED_1500,C5_SPEED_1500_R01_20260611_144217,delta-asda-b3-e,1591,RTSO|SO|OE|VE|QS|TR,3,0,1441496408,1501,21,0.08967,22,0.052602,301,49,4270,2391,6000,,1500,,,,constant_speed,transition,0,no_load,cw,C5: 1500 rpm,servo-app/lab-0.1
1781163756.096086,16.66805601119995,C5_SPEED_1500,C5_SPEED_1500_R01_20260611_144217,delta-asda-b3-e,1591,RTSO|SO|OE|VE|QS|TR,3,0,1445690480,1500,20,0.0854,23,0.054993,301,49,4270,2391,6000,,1500,,,,constant_speed,transition,0,no_load,cw,C5: 1500 rpm,servo-app/lab-0.1
1781163756.196658,16.768627882003784,C5_SPEED_1500,C5_SPEED_1500_R01_20260611_144217,delta-asda-b3-e,1591,RTSO|SO|OE|VE|QS|TR,3,0,1449926988,1500,21,0.08967,20,0.04782,301,49,4270,2391,6000,,1500,,,,constant_speed,transition,0,no_load,cw,C5: 1500 rpm,servo-app/lab-0.1
1781163756.29711,16.869080066680908,C5_SPEED_1500,C5_SPEED_1500_R01_20260611_144217,delta-asda-b3-e,1591,RTSO|SO|OE|VE|QS|TR,3,0,1454120514,1498,24,0.10248,24,0.057384,301,49,4270,2391,6000,,1500,,,,constant_speed,transition,0,no_load,cw,C5: 1500 rpm,servo-app/lab-0.1
1781163756.3973668,16.96933674812317,C5_SPEED_1500,C5_SPEED_1500_R01_20260611_144217,delta-asda-b3-e,1591,RTSO|SO|OE|VE|QS|TR,3,0,1458315383,1501,23,0.09821,21,0.050211,301,49,4270,2391,6000,,1500,,,,constant_speed,transition,0,no_load,cw,C5: 1500 rpm,servo-app/lab-0.1
1781163756.4974759,17.069445848464966,C5_SPEED_1500,C5_SPEED_1500_R01_20260611_144217,delta-asda-b3-e,1591,RTSO|SO|OE|VE|QS|TR,3,0,1462509496,1500,19,0.08113,21,0.050211,301,49,4270,2391,6000,,1500,,,,constant_speed,transition,0,no_load,cw,C5: 1500 rpm,servo-app/lab-0.1
1781163756.5976071,17.16957712173462,C5_SPEED_1500,C5_SPEED_1500_R01_20260611_144217,delta-asda-b3-e,1591,RTSO|SO|OE|VE|QS|TR,3,0,1466745942,1500,21,0.08967,21,0.050211,301,49,4270,2391,6000,,1500,,,,constant_speed,transition,0,no_load,cw,C5: 1500 rpm,servo-app/lab-0.1
1781163756.6981907,17.270160675048828,C5_SPEED_1500,C5_SPEED_1500_R01_20260611_144217,delta-asda-b3-e,1591,RTSO|SO|OE|VE|QS|TR,3,0,1470939479,1498,24,0.10248,23,0.054993,301,49,4270,2391,6000,,1500,,,,constant_speed,transition,0,no_load,cw,C5: 1500 rpm,servo-app/lab-0.1
1781163756.79879,17.370759963989258,C5_SPEED_1500,C5_SPEED_1500_R01_20260611_144217,delta-asda-b3-e,1591,RTSO|SO|OE|VE|QS|TR,3,0,1475176092,1500,22,0.09394,23,0.054993,301,49,4270,2391,6000,,1500,,,,constant_speed,transition,0,no_load,cw,C5: 1500 rpm,servo-app/lab-0.1
1781163756.8992832,17.471253156661987,C5_SPEED_1500,C5_SPEED_1500_R01_20260611_144217,delta-asda-b3-e,1591,RTSO|SO|OE|VE|QS|TR,3,0,1479370236,1499,22,0.09394,21,0.050211,301,49,4270,2391,6000,,1500,,,,constant_speed,transition,0,no_load,cw,C5: 1500 rpm,servo-app/lab-0.1
1781163756.999832,17.571801900863647,C5_SPEED_1500,C5_SPEED_1500_R01_20260611_144217,delta-asda-b3-e,1591,RTSO|SO|OE|VE|QS|TR,3,0,1483606676,1500,21,0.08967,21,0.050211,301,49,4270,2391,6000,,1500,,,,constant_speed,transition,0,no_load,cw,C5: 1500 rpm,servo-app/lab-0.1
1781163757.1003418,17.672311782836914,C5_SPEED_1500,C5_SPEED_1500_R01_20260611_144217,delta-asda-b3-e,1591,RTSO|SO|OE|VE|QS|TR,3,0,1487800093,1498,23,0.09821,25,0.059775,301,49,4270,2391,6000,,1500,,,,constant_speed,transition,0,no_load,cw,C5: 1500 rpm,servo-app/lab-0.1
1781163757.2009847,17.77295470237732,C5_SPEED_1500,C5_SPEED_1500_R01_20260611_144217,delta-asda-b3-e,1591,RTSO|SO|OE|VE|QS|TR,3,0,1492037057,1501,23,0.09821,22,0.052602,301,49,4270,2391,6000,,1500,,,,constant_speed,transition,0,no_load,cw,C5: 1500 rpm,servo-app/lab-0.1
1781163757.3017743,17.873744249343872,C5_SPEED_1500,C5_SPEED_1500_R01_20260611_144217,delta-asda-b3-e,1591,RTSO|SO|OE|VE|QS|TR,3,0,1496273062,1499,20,0.0854,23,0.054993,301,49,4270,2391,6000,,1500,,,,constant_speed,transition,0,no_load,cw,C5: 1500 rpm,servo-app/lab-0.1
1781163757.4020782,17.974048137664795,C5_SPEED_1500,C5_SPEED_1500_R01_20260611_144217,delta-asda-b3-e,1591,RTSO|SO|OE|VE|QS|TR,3,0,1500467598,1500,22,0.09394,20,0.04782,301,49,4270,2391,6000,,1500,,,,constant_speed,transition,0,no_load,cw,C5: 1500 rpm,servo-app/lab-0.1
1781163757.5027,18.07467007637024,C5_SPEED_1500,C5_SPEED_1500_R01_20260611_144217,delta-asda-b3-e,1591,RTSO|SO|OE|VE|QS|TR,3,0,1504702892,1499,21,0.08967,23,0.054993,301,49,4270,2391,6000,,1500,,,,constant_speed,transition,0,no_load,cw,C5: 1500 rpm,servo-app/lab-0.1
1781163757.6033654,18.17533540725708,C5_SPEED_1500,C5_SPEED_1500_R01_20260611_144217,delta-asda-b3-e,1591,RTSO|SO|OE|VE|QS|TR,3,0,1508939952,1501,21,0.08967,22,0.052602,301,49,4270,2391,6000,,1500,,,,constant_speed,transition,0,no_load,cw,C5: 1500 rpm,servo-app/lab-0.1
1781163757.704405,18.27637505531311,C5_SPEED_1500,C5_SPEED_1500_R01_20260611_144217,delta-asda-b3-e,1591,RTSO|SO|OE|VE|QS|TR,3,0,1513133771,1499,20,0.0854,22,0.052602,301,49,4270,2391,6000,,1500,,,,constant_speed,transition,0,no_load,cw,C5: 1500 rpm,servo-app/lab-0.1
1781163757.8050852,18.377055168151855,C5_SPEED_1500,C5_SPEED_1500_R01_20260611_144217,delta-asda-b3-e,1591,RTSO|SO|OE|VE|QS|TR,3,0,1517370502,1500,22,0.09394,21,0.050211,301,49,4270,2391,6000,,1500,,,,constant_speed,transition,0,no_load,cw,C5: 1500 rpm,servo-app/lab-0.1
1781163757.9052594,18.477229356765747,C5_SPEED_1500,C5_SPEED_1500_R01_20260611_144217,delta-asda-b3-e,1591,RTSO|SO|OE|VE|QS|TR,3,0,1521605654,1499,20,0.0854,19,0.045429,301,49,4270,2391,6000,,1500,,,,constant_speed,transition,0,no_load,cw,C5: 1500 rpm,servo-app/lab-0.1
1781163758.0081966,18.580166578292847,C5_SPEED_1500,C5_SPEED_1500_R01_20260611_144217,delta-asda-b3-e,1591,RTSO|SO|OE|VE|QS|TR,3,0,1525884853,1500,23,0.09821,20,0.04782,301,49,4270,2391,6000,,1500,,,,constant_speed,transition,0,no_load,cw,C5: 1500 rpm,servo-app/lab-0.1
1781163758.1085143,18.680484294891357,C5_SPEED_1500,C5_SPEED_1500_R01_20260611_144217,delta-asda-b3-e,1591,RTSO|SO|OE|VE|QS|TR,3,0,1530120566,1501,20,0.0854,22,0.052602,301,49,4270,2391,6000,,1500,,,,constant_speed,transition,0,no_load,cw,C5: 1500 rpm,servo-app/lab-0.1
1781163758.2089477,18.780917644500732,C5_SPEED_1500,C5_SPEED_1500_R01_20260611_144217,delta-asda-b3-e,1591,RTSO|SO|OE|VE|QS|TR,3,0,1534315094,1499,26,0.11102,24,0.057384,301,49,4270,2391,6000,,1500,,,,constant_speed,transition,0,no_load,cw,C5: 1500 rpm,servo-app/lab-0.1
1781163758.309215,18.881185054779053,C5_SPEED_1500,C5_SPEED_1500_R01_20260611_144217,delta-asda-b3-e,1591,RTSO|SO|OE|VE|QS|TR,3,0,1538508646,1501,21,0.08967,20,0.04782,301,49,4270,2391,6000,,1500,,,,constant_speed,transition,0,no_load,cw,C5: 1500 rpm,servo-app/lab-0.1
1781163758.4093647,18.981334686279297,C5_SPEED_1500,C5_SPEED_1500_R01_20260611_144217,delta-asda-b3-e,1591,RTSO|SO|OE|VE|QS|TR,3,0,1542703806,1500,22,0.09394,20,0.04782,301,49,4270,2391,6000,,1500,,,,constant_speed,transition,0,no_load,cw,C5: 1500 rpm,servo-app/lab-0.1
1781163758.5099995,19.081969499588013,C5_SPEED_1500,C5_SPEED_1500_R01_20260611_144217,delta-asda-b3-e,1591,RTSO|SO|OE|VE|QS|TR,3,0,1546939643,1501,20,0.0854,20,0.04782,302,49,4270,2391,6000,,1500,,,,constant_speed,transition,0,no_load,cw,C5: 1500 rpm,servo-app/lab-0.1
1781163758.6102376,19.182207584381104,C5_SPEED_1500,C5_SPEED_1500_R01_20260611_144217,delta-asda-b3-e,1591,RTSO|SO|OE|VE|QS|TR,3,0,1551134041,1499,24,0.10248,24,0.057384,301,49,4270,2391,6000,,1500,,,,constant_speed,transition,0,no_load,cw,C5: 1500 rpm,servo-app/lab-0.1
1781163758.7105656,19.282535552978516,C5_SPEED_1500,C5_SPEED_1500_R01_20260611_144217,delta-asda-b3-e,1591,RTSO|SO|OE|VE|QS|TR,3,0,1555369909,1501,19,0.08113,20,0.04782,301,49,4270,2391,6000,,1500,,,,constant_speed,transition,0,no_load,cw,C5: 1500 rpm,servo-app/lab-0.1
1781163758.810755,19.38272500038147,C5_SPEED_1500,C5_SPEED_1500_R01_20260611_144217,delta-asda-b3-e,1591,RTSO|SO|OE|VE|QS|TR,3,0,1559564454,1499,19,0.08113,22,0.052602,301,49,4270,2391,6000,,1500,,,,constant_speed,transition,0,no_load,cw,C5: 1500 rpm,servo-app/lab-0.1
1781163758.9109974,19.482967376708984,C5_SPEED_1500,C5_SPEED_1500_R01_20260611_144217,delta-asda-b3-e,1591,RTSO|SO|OE|VE|QS|TR,3,0,1563758688,1501,21,0.08967,19,0.045429,301,49,4270,2391,6000,,1500,,,,constant_speed,transition,0,no_load,cw,C5: 1500 rpm,servo-app/lab-0.1
1781163759.0114748,19.583444833755493,C5_SPEED_1500,C5_SPEED_1500_R01_20260611_144217,delta-asda-b3-e,1591,RTSO|SO|OE|VE|QS|TR,3,0,1567952798,1499,24,0.10248,26,0.062166,301,49,4270,2391,6000,,1500,,,,constant_speed,transition,0,no_load,cw,C5: 1500 rpm,servo-app/lab-0.1
1781163759.1120353,19.68400526046753,C5_SPEED_1500,C5_SPEED_1500_R01_20260611_144217,delta-asda-b3-e,1591,RTSO|SO|OE|VE|QS|TR,3,0,1572188958,1501,20,0.0854,19,0.045429,301,49,4270,2391,6000,,1500,,,,constant_speed,transition,0,no_load,cw,C5: 1500 rpm,servo-app/lab-0.1
1781163759.2121542,19.78412413597107,C5_SPEED_1500,C5_SPEED_1500_R01_20260611_144217,delta-asda-b3-e,1591,RTSO|SO|OE|VE|QS|TR,3,0,1576383407,1499,21,0.08967,22,0.052602,302,49,4270,2391,6000,,1500,,,,constant_speed,transition,0,no_load,cw,C5: 1500 rpm,servo-app/lab-0.1
1781163759.312463,19.884433031082153,C5_SPEED_1500,C5_SPEED_1500_R01_20260611_144217,delta-asda-b3-e,1591,RTSO|SO|OE|VE|QS|TR,3,0,1580577892,1501,21,0.08967,20,0.04782,301,49,4270,2391,6000,,1500,,,,constant_speed,transition,0,no_load,cw,C5: 1500 rpm,servo-app/lab-0.1
1781163759.4126785,19.98464846611023,C5_SPEED_1500,C5_SPEED_1500_R01_20260611_144217,delta-asda-b3-e,1591,RTSO|SO|OE|VE|QS|TR,3,0,1584813618,1499,25,0.10675,24,0.057384,301,49,4270,2391,6000,,1500,,,,constant_speed,transition,0,no_load,cw,C5: 1500 rpm,servo-app/lab-0.1
1781163759.5129573,20.084927320480347,C5_SPEED_1500,C5_SPEED_1500_R01_20260611_144217,delta-asda-b3-e,1591,RTSO|SO|OE|VE|QS|TR,3,0,1589008096,1502,20,0.0854,19,0.045429,301,49,4270,2391,6000,,1500,,,,constant_speed,transition,0,no_load,cw,C5: 1500 rpm,servo-app/lab-0.1
1781163759.6137655,20.18573546409607,C5_SPEED_1500,C5_SPEED_1500_R01_20260611_144217,delta-asda-b3-e,1591,RTSO|SO|OE|VE|QS|TR,3,0,1593244104,1500,23,0.09821,21,0.050211,301,49,4270,2391,6000,,1500,,,,constant_speed,transition,0,no_load,cw,C5: 1500 rpm,servo-app/lab-0.1
1781163759.7143528,20.286322832107544,C5_SPEED_1500,C5_SPEED_1500_R01_20260611_144217,delta-asda-b3-e,1591,RTSO|SO|OE|VE|QS|TR,3,0,1597480795,1501,22,0.09394,21,0.050211,301,49,4270,2391,6000,,1500,,,,constant_speed,transition,0,no_load,cw,C5: 1500 rpm,servo-app/lab-0.1
1781163759.8146033,20.386573314666748,C5_SPEED_1500,C5_SPEED_1500_R01_20260611_144217,delta-asda-b3-e,1591,RTSO|SO|OE|VE|QS|TR,3,0,1601674298,1499,25,0.10675,27,0.064557,301,49,4270,2391,6000,,1500,,,,constant_speed,transition,0,no_load,cw,C5: 1500 rpm,servo-app/lab-0.1
1781163759.9148188,20.486788749694824,C5_SPEED_1500,C5_SPEED_1500_R01_20260611_144217,delta-asda-b3-e,1591,RTSO|SO|OE|VE|QS|TR,3,0,1605868974,1501,22,0.09394,21,0.050211,301,49,4270,2391,6000,,1500,,,,constant_speed,transition,0,no_load,cw,C5: 1500 rpm,servo-app/lab-0.1
1781163760.0152166,20.587186574935913,C5_SPEED_1500,C5_SPEED_1500_R01_20260611_144217,delta-asda-b3-e,1591,RTSO|SO|OE|VE|QS|TR,3,0,1610063152,1500,21,0.08967,21,0.050211,301,49,4270,2391,6000,,1500,,,,constant_speed,transition,0,no_load,cw,C5: 1500 rpm,servo-app/lab-0.1
1781163760.1157424,20.68771243095398,C5_SPEED_1500,C5_SPEED_1500_R01_20260611_144217,delta-asda-b3-e,1591,RTSO|SO|OE|VE|QS|TR,3,0,1614299840,1501,22,0.09394,20,0.04782,301,49,4270,2391,6000,,1500,,,,constant_speed,transition,0,no_load,cw,C5: 1500 rpm,servo-app/lab-0.1
1781163760.2162263,20.788196325302124,C5_SPEED_1500,C5_SPEED_1500_R01_20260611_144217,delta-asda-b3-e,1591,RTSO|SO|OE|VE|QS|TR,3,0,1618493294,1499,25,0.10675,27,0.064557,301,49,4270,2391,6000,,1500,,,,constant_speed,transition,0,no_load,cw,C5: 1500 rpm,servo-app/lab-0.1
1781163760.3166623,20.88863229751587,C5_SPEED_1500,C5_SPEED_1500_R01_20260611_144217,delta-asda-b3-e,1591,RTSO|SO|OE|VE|QS|TR,3,0,1622730016,1501,22,0.09394,22,0.052602,301,49,4270,2391,6000,,1500,,,,constant_speed,transition,0,no_load,cw,C5: 1500 rpm,servo-app/lab-0.1
1781163760.417318,20.989288091659546,C5_SPEED_1500,C5_SPEED_1500_R01_20260611_144217,delta-asda-b3-e,1591,RTSO|SO|OE|VE|QS|TR,3,0,1626924167,1500,23,0.09821,22,0.052602,301,49,4270,2391,6000,,1500,,,,constant_speed,transition,0,no_load,cw,C5: 1500 rpm,servo-app/lab-0.1
1781163760.5183794,21.090349435806274,C5_SPEED_1500,C5_SPEED_1500_R01_20260611_144217,delta-asda-b3-e,1591,RTSO|SO|OE|VE|QS|TR,3,0,1631160720,1501,20,0.0854,20,0.04782,301,49,4270,2391,6000,,1500,,,,constant_speed,transition,0,no_load,cw,C5: 1500 rpm,servo-app/lab-0.1
1781163760.6195276,21.191497564315796,C5_SPEED_1500,C5_SPEED_1500_R01_20260611_144217,delta-asda-b3-e,1591,RTSO|SO|OE|VE|QS|TR,3,0,1635479816,1499,19,0.08113,21,0.050211,301,49,4270,2391,6000,,1500,,,,constant_speed,transition,0,no_load,cw,C5: 1500 rpm,servo-app/lab-0.1
1781163760.7197335,21.291703462600708,C5_SPEED_1500,C5_SPEED_1500_R01_20260611_144217,delta-asda-b3-e,1591,RTSO|SO|OE|VE|QS|TR,3,0,1639632812,1501,21,0.08967,22,0.052602,301,49,4270,2391,6000,,1500,,,,constant_speed,transition,0,no_load,cw,C5: 1500 rpm,servo-app/lab-0.1
1781163760.820297,21.392266988754272,C5_SPEED_1500,C5_SPEED_1500_R01_20260611_144217,delta-asda-b3-e,1591,RTSO|SO|OE|VE|QS|TR,3,0,1643826817,1500,22,0.09394,21,0.050211,301,49,4270,2391,6000,,1500,,,,constant_speed,transition,0,no_load,cw,C5: 1500 rpm,servo-app/lab-0.1
1781163760.9206574,21.492627382278442,C5_SPEED_1500,C5_SPEED_1500_R01_20260611_144217,delta-asda-b3-e,1591,RTSO|SO|OE|VE|QS|TR,3,0,1648063321,1500,19,0.08113,19,0.045429,301,49,4270,2391,6000,,1500,,,,constant_speed,transition,0,no_load,cw,C5: 1500 rpm,servo-app/lab-0.1
1781163761.0211208,21.593090772628784,C5_SPEED_1500,C5_SPEED_1500_R01_20260611_144217,delta-asda-b3-e,1591,RTSO|SO|OE|VE|QS|TR,3,0,1652256773,1499,23,0.09821,21,0.050211,301,49,4270,2391,6000,,1500,,,,constant_speed,transition,0,no_load,cw,C5: 1500 rpm,servo-app/lab-0.1
1781163761.121238,21.69320797920227,C5_SPEED_1500,C5_SPEED_1500_R01_20260611_144217,delta-asda-b3-e,1591,RTSO|SO|OE|VE|QS|TR,3,0,1656451687,1501,20,0.0854,21,0.050211,301,49,4270,2391,6000,,1500,,,,constant_speed,transition,0,no_load,cw,C5: 1500 rpm,servo-app/lab-0.1
1781163761.2213984,21.793368339538574,C5_SPEED_1500,C5_SPEED_1500_R01_20260611_144217,delta-asda-b3-e,1591,RTSO|SO|OE|VE|QS|TR,3,0,1660645829,1500,19,0.08113,22,0.052602,301,49,4270,2391,6000,,1500,,,,constant_speed,transition,0,no_load,cw,C5: 1500 rpm,servo-app/lab-0.1
1781163761.3222187,21.89418864250183,C5_SPEED_1500,C5_SPEED_1500_R01_20260611_144217,delta-asda-b3-e,1591,RTSO|SO|OE|VE|QS|TR,3,0,1664882370,1501,19,0.08113,21,0.050211,301,49,4270,2391,6000,,1500,,,,constant_speed,transition,0,no_load,cw,C5: 1500 rpm,servo-app/lab-0.1
1781163761.4228876,21.99485754966736,C5_SPEED_1500,C5_SPEED_1500_R01_20260611_144217,delta-asda-b3-e,1591,RTSO|SO|OE|VE|QS|TR,3,0,1669117714,1499,20,0.0854,17,0.040647,301,49,4270,2391,6000,,1500,,,,constant_speed,transition,0,no_load,cw,C5: 1500 rpm,servo-app/lab-0.1
1781163761.5230267,22.094996690750122,C5_SPEED_1500,C5_SPEED_1500_R01_20260611_144217,delta-asda-b3-e,1591,RTSO|SO|OE|VE|QS|TR,3,0,1673312691,1501,22,0.09394,21,0.050211,301,49,4270,2391,6000,,1500,,,,constant_speed,transition,0,no_load,cw,C5: 1500 rpm,servo-app/lab-0.1
1781163761.6260152,22.19798517227173,C5_SPEED_1500,C5_SPEED_1500_R01_20260611_144217,delta-asda-b3-e,1591,RTSO|SO|OE|VE|QS|TR,3,0,1677632353,1500,23,0.09821,21,0.050211,301,49,4270,2391,6000,,1500,,,,constant_speed,transition,0,no_load,cw,C5: 1500 rpm,servo-app/lab-0.1
1781163761.726307,22.298276901245117,C5_SPEED_1500,C5_SPEED_1500_R01_20260611_144217,delta-asda-b3-e,1591,RTSO|SO|OE|VE|QS|TR,3,0,1681827267,1500,24,0.10248,22,0.052602,301,49,4270,2391,6000,,1500,,,,constant_speed,transition,0,no_load,cw,C5: 1500 rpm,servo-app/lab-0.1
1781163761.8264031,22.398373126983643,C5_SPEED_1500,C5_SPEED_1500_R01_20260611_144217,delta-asda-b3-e,1591,RTSO|SO|OE|VE|QS|TR,3,0,1686020449,1499,20,0.0854,21,0.050211,301,49,4270,2391,6000,,1500,,,,constant_speed,transition,0,no_load,cw,C5: 1500 rpm,servo-app/lab-0.1
1781163761.9269853,22.498955249786377,C5_SPEED_1500,C5_SPEED_1500_R01_20260611_144217,delta-asda-b3-e,1591,RTSO|SO|OE|VE|QS|TR,3,0,1690257654,1501,23,0.09821,21,0.050211,301,49,4270,2391,6000,,1500,,,,constant_speed,transition,0,no_load,cw,C5: 1500 rpm,servo-app/lab-0.1
1781163762.0270736,22.599043607711792,C5_SPEED_1500,C5_SPEED_1500_R01_20260611_144217,delta-asda-b3-e,1591,RTSO|SO|OE|VE|QS|TR,3,0,1694451391,1500,22,0.09394,23,0.054993,301,49,4270,2391,6000,,1500,,,,constant_speed,transition,0,no_load,cw,C5: 1500 rpm,servo-app/lab-0.1
1781163762.127448,22.69941806793213,C5_SPEED_1500,C5_SPEED_1500_R01_20260611_144217,delta-asda-b3-e,1591,RTSO|SO|OE|VE|QS|TR,3,0,1698646334,1500,25,0.10675,22,0.052602,301,49,4270,2391,6000,,1500,,,,constant_speed,transition,0,no_load,cw,C5: 1500 rpm,servo-app/lab-0.1
1781163762.2281168,22.800086736679077,C5_SPEED_1500,C5_SPEED_1500_R01_20260611_144217,delta-asda-b3-e,1591,RTSO|SO|OE|VE|QS|TR,3,0,1702881449,1500,20,0.0854,19,0.045429,301,49,4270,2391,6000,,1500,,,,constant_speed,transition,0,no_load,cw,C5: 1500 rpm,servo-app/lab-0.1
1781163762.3284023,22.90037226676941,C5_SPEED_1500,C5_SPEED_1500_R01_20260611_144217,delta-asda-b3-e,1591,RTSO|SO|OE|VE|QS|TR,3,0,1707076603,1500,22,0.09394,25,0.059775,301,49,4270,2391,6000,,1500,,,,constant_speed,transition,0,no_load,cw,C5: 1500 rpm,servo-app/lab-0.1
1781163762.4285643,23.000534296035767,C5_SPEED_1500,C5_SPEED_1500_R01_20260611_144217,delta-asda-b3-e,1591,RTSO|SO|OE|VE|QS|TR,3,0,1711312348,1500,21,0.08967,22,0.052602,300,49,4270,2391,6000,,1500,,,,constant_speed,transition,0,no_load,cw,C5: 1500 rpm,servo-app/lab-0.1
1781163762.528964,23.10093402862549,C5_SPEED_1500,C5_SPEED_1500_R01_20260611_144217,delta-asda-b3-e,1591,RTSO|SO|OE|VE|QS|TR,3,0,1715506962,1498,25,0.10675,25,0.059775,301,49,4270,2391,6000,,1500,,,,constant_speed,transition,0,no_load,cw,C5: 1500 rpm,servo-app/lab-0.1
1781163762.6298876,23.201857566833496,C5_SPEED_1500,C5_SPEED_1500_R01_20260611_144217,delta-asda-b3-e,1591,RTSO|SO|OE|VE|QS|TR,3,0,1719742513,1501,20,0.0854,21,0.050211,301,49,4270,2391,6000,,1500,,,,constant_speed,transition,0,no_load,cw,C5: 1500 rpm,servo-app/lab-0.1
1781163762.730435,23.30240488052368,C5_SPEED_1500,C5_SPEED_1500_R01_20260611_144217,delta-asda-b3-e,1591,RTSO|SO|OE|VE|QS|TR,3,0,1723937272,1500,23,0.09821,23,0.054993,301,49,4270,2391,6000,,1500,,,,constant_speed,transition,0,no_load,cw,C5: 1500 rpm,servo-app/lab-0.1
1781163762.8307977,23.402767658233643,C5_SPEED_1500,C5_SPEED_1500_R01_20260611_144217,delta-asda-b3-e,1591,RTSO|SO|OE|VE|QS|TR,3,0,1728173354,1501,22,0.09394,21,0.050211,301,49,4270,2391,6000,,1500,,,,constant_speed,transition,0,no_load,cw,C5: 1500 rpm,servo-app/lab-0.1
1781163762.9310293,23.502999305725098,C5_SPEED_1500,C5_SPEED_1500_R01_20260611_144217,delta-asda-b3-e,1591,RTSO|SO|OE|VE|QS|TR,3,0,1732367564,1499,25,0.10675,26,0.062166,301,49,4270,2391,6000,,1500,,,,constant_speed,transition,0,no_load,cw,C5: 1500 rpm,servo-app/lab-0.1
1781163763.0313442,23.60331416130066,C5_SPEED_1500,C5_SPEED_1500_R01_20260611_144217,delta-asda-b3-e,1591,RTSO|SO|OE|VE|QS|TR,3,0,1736561562,1501,21,0.08967,20,0.04782,301,49,4270,2391,6000,,1500,,,,constant_speed,transition,0,no_load,cw,C5: 1500 rpm,servo-app/lab-0.1
1781163763.1317468,23.70371675491333,C5_SPEED_1500,C5_SPEED_1500_R01_20260611_144217,delta-asda-b3-e,1591,RTSO|SO|OE|VE|QS|TR,3,0,1740797963,1499,22,0.09394,22,0.052602,301,49,4270,2391,6000,,1500,,,,constant_speed,transition,0,no_load,cw,C5: 1500 rpm,servo-app/lab-0.1
1781163763.2327418,23.80471181869507,C5_SPEED_1500,C5_SPEED_1500_R01_20260611_144217,delta-asda-b3-e,1591,RTSO|SO|OE|VE|QS|TR,3,0,1745034458,1501,21,0.08967,21,0.050211,301,49,4270,2391,6000,,1500,,,,constant_speed,transition,0,no_load,cw,C5: 1500 rpm,servo-app/lab-0.1
1781163763.332864,23.904834032058716,C5_SPEED_1500,C5_SPEED_1500_R01_20260611_144217,delta-asda-b3-e,1591,RTSO|SO|OE|VE|QS|TR,3,0,1749228285,1498,26,0.11102,25,0.059775,301,49,4270,2391,6000,,1500,,,,constant_speed,transition,0,no_load,cw,C5: 1500 rpm,servo-app/lab-0.1
1781163763.432943,24.004913091659546,C5_SPEED_1500,C5_SPEED_1500_R01_20260611_144217,delta-asda-b3-e,1591,RTSO|SO|OE|VE|QS|TR,3,0,1753422706,1501,22,0.09394,21,0.050211,301,49,4270,2391,6000,,1500,,,,constant_speed,transition,0,no_load,cw,C5: 1500 rpm,servo-app/lab-0.1
1781163763.5332553,24.105225324630737,C5_SPEED_1500,C5_SPEED_1500_R01_20260611_144217,delta-asda-b3-e,1591,RTSO|SO|OE|VE|QS|TR,3,0,1757616757,1499,24,0.10248,22,0.052602,302,49,4270,2391,6000,,1500,,,,constant_speed,transition,0,no_load,cw,C5: 1500 rpm,servo-app/lab-0.1
1781163763.6340454,24.20601534843445,C5_SPEED_1500,C5_SPEED_1500_R01_20260611_144217,delta-asda-b3-e,1591,RTSO|SO|OE|VE|QS|TR,3,0,1761853287,1501,21,0.08967,23,0.054993,301,49,4270,2391,6000,,1500,,,,constant_speed,transition,0,no_load,cw,C5: 1500 rpm,servo-app/lab-0.1
1781163763.734299,24.30626893043518,C5_SPEED_1500,C5_SPEED_1500_R01_20260611_144217,delta-asda-b3-e,1591,RTSO|SO|OE|VE|QS|TR,3,0,1766047010,1498,27,0.11529,24,0.057384,301,49,4270,2391,6000,,1500,,,,constant_speed,transition,0,no_load,cw,C5: 1500 rpm,servo-app/lab-0.1
1781163763.8349004,24.406870365142822,C5_SPEED_1500,C5_SPEED_1500_R01_20260611_144217,delta-asda-b3-e,1591,RTSO|SO|OE|VE|QS|TR,3,0,1770283601,1501,22,0.09394,22,0.052602,302,49,4270,2391,6000,,1500,,,,constant_speed,transition,0,no_load,cw,C5: 1500 rpm,servo-app/lab-0.1
1781163763.9359589,24.5079288482666,C5_SPEED_1500,C5_SPEED_1500_R01_20260611_144217,delta-asda-b3-e,1591,RTSO|SO|OE|VE|QS|TR,3,0,1774519550,1499,21,0.08967,23,0.054993,301,49,4270,2391,6000,,1500,,,,constant_speed,transition,0,no_load,cw,C5: 1500 rpm,servo-app/lab-0.1
1781163764.036217,24.608186960220337,C5_SPEED_1500,C5_SPEED_1500_R01_20260611_144217,delta-asda-b3-e,1591,RTSO|SO|OE|VE|QS|TR,3,0,1778923861,1501,23,0.09821,19,0.045429,301,49,4270,2391,6000,,1500,,,,constant_speed,transition,0,no_load,cw,C5: 1500 rpm,servo-app/lab-0.1
1781163764.1366365,24.708606481552124,C5_SPEED_1500,C5_SPEED_1500_R01_20260611_144217,delta-asda-b3-e,1591,RTSO|SO|OE|VE|QS|TR,3,0,1782949925,1498,21,0.08967,23,0.054993,301,49,4270,2391,6000,,1500,,,,constant_speed,transition,0,no_load,cw,C5: 1500 rpm,servo-app/lab-0.1
1781163764.2368298,24.808799743652344,C5_SPEED_1500,C5_SPEED_1500_R01_20260611_144217,delta-asda-b3-e,1591,RTSO|SO|OE|VE|QS|TR,3,0,1787144556,1501,20,0.0854,21,0.050211,301,49,4270,2391,6000,,1500,,,,constant_speed,transition,0,no_load,cw,C5: 1500 rpm,servo-app/lab-0.1
1781163764.3368993,24.90886926651001,C5_SPEED_1500,C5_SPEED_1500_R01_20260611_144217,delta-asda-b3-e,1591,RTSO|SO|OE|VE|QS|TR,3,0,1791380480,1499,20,0.0854,20,0.04782,301,49,4270,2391,6000,,1500,,,,constant_speed,transition,0,no_load,cw,C5: 1500 rpm,servo-app/lab-0.1
1781163764.4372349,25.009204864501953,C5_SPEED_1500,C5_SPEED_1500_R01_20260611_144217,delta-asda-b3-e,1591,RTSO|SO|OE|VE|QS|TR,3,0,1795533173,1500,19,0.08113,21,0.050211,301,49,4270,2391,6000,,1500,,,,constant_speed,transition,0,no_load,cw,C5: 1500 rpm,servo-app/lab-0.1
1781163764.5378225,25.109792470932007,C5_SPEED_1500,C5_SPEED_1500_R01_20260611_144217,delta-asda-b3-e,1591,RTSO|SO|OE|VE|QS|TR,3,0,1799768640,1498,22,0.09394,24,0.057384,301,49,4270,2391,6000,,1500,,,,constant_speed,transition,0,no_load,cw,C5: 1500 rpm,servo-app/lab-0.1
1781163764.6389127,25.210882663726807,C5_SPEED_1500,C5_SPEED_1500_R01_20260611_144217,delta-asda-b3-e,1591,RTSO|SO|OE|VE|QS|TR,3,0,1804005257,1500,21,0.08967,19,0.045429,301,49,4270,2391,6000,,1500,,,,constant_speed,transition,0,no_load,cw,C5: 1500 rpm,servo-app/lab-0.1
1781163764.7390094,25.31097936630249,C5_SPEED_1500,C5_SPEED_1500_R01_20260611_144217,delta-asda-b3-e,1591,RTSO|SO|OE|VE|QS|TR,3,0,1808199283,1499,21,0.08967,21,0.050211,301,49,4270,2391,6000,,1500,,,,constant_speed,transition,0,no_load,cw,C5: 1500 rpm,servo-app/lab-0.1
1781163764.8396037,25.41157364845276,C5_SPEED_1500,C5_SPEED_1500_R01_20260611_144217,delta-asda-b3-e,1591,RTSO|SO|OE|VE|QS|TR,3,0,1812394026,1500,20,0.0854,20,0.04782,302,49,4270,2391,6000,,1500,,,,constant_speed,transition,0,no_load,cw,C5: 1500 rpm,servo-app/lab-0.1
1781163764.940093,25.512063026428223,C5_SPEED_1500,C5_SPEED_1500_R01_20260611_144217,delta-asda-b3-e,1591,RTSO|SO|OE|VE|QS|TR,3,0,1816629467,1499,22,0.09394,22,0.052602,301,49,4270,2391,6000,,1500,,,,constant_speed,transition,0,no_load,cw,C5: 1500 rpm,servo-app/lab-0.1
1781163765.0406542,25.612624168395996,C5_SPEED_1500,C5_SPEED_1500_R01_20260611_144217,delta-asda-b3-e,1591,RTSO|SO|OE|VE|QS|TR,3,0,1820866170,1501,21,0.08967,21,0.050211,302,49,4270,2391,6000,,1500,,,,constant_speed,transition,0,no_load,cw,C5: 1500 rpm,servo-app/lab-0.1
1781163765.1407971,25.712767124176025,C5_SPEED_1500,C5_SPEED_1500_R01_20260611_144217,delta-asda-b3-e,1591,RTSO|SO|OE|VE|QS|TR,3,0,1825060086,1499,24,0.10248,23,0.054993,301,49,4270,2391,6000,,1500,,,,constant_speed,transition,0,no_load,cw,C5: 1500 rpm,servo-app/lab-0.1
1781163765.2418857,25.81385564804077,C5_SPEED_1500,C5_SPEED_1500_R01_20260611_144217,delta-asda-b3-e,1591,RTSO|SO|OE|VE|QS|TR,3,0,1829296842,1501,20,0.0854,18,0.043038,301,49,4270,2391,6000,,1500,,,,constant_speed,transition,0,no_load,cw,C5: 1500 rpm,servo-app/lab-0.1
1781163765.34255,25.914520025253296,C5_SPEED_1500,C5_SPEED_1500_R01_20260611_144217,delta-asda-b3-e,1591,RTSO|SO|OE|VE|QS|TR,3,0,1833490462,1499,17,0.07259,22,0.052602,301,49,4270,2391,6000,,1500,,,,constant_speed,transition,0,no_load,cw,C5: 1500 rpm,servo-app/lab-0.1
1781163765.4429684,26.014938354492188,C5_SPEED_1500,C5_SPEED_1500_R01_20260611_144217,delta-asda-b3-e,1591,RTSO|SO|OE|VE|QS|TR,3,0,1837727214,1501,24,0.10248,21,0.050211,302,49,4270,2391,6000,,1500,,,,constant_speed,transition,0,no_load,cw,C5: 1500 rpm,servo-app/lab-0.1
1781163765.5435212,26.115491151809692,C5_SPEED_1500,C5_SPEED_1500_R01_20260611_144217,delta-asda-b3-e,1591,RTSO|SO|OE|VE|QS|TR,3,0,1841963002,1500,22,0.09394,20,0.04782,301,49,4270,2391,6000,,1500,,,,constant_speed,transition,0,no_load,cw,C5: 1500 rpm,servo-app/lab-0.1
1781163765.643882,26.21585202217102,C5_SPEED_1500,C5_SPEED_1500_R01_20260611_144217,delta-asda-b3-e,1591,RTSO|SO|OE|VE|QS|TR,3,0,1846157790,1501,22,0.09394,19,0.045429,301,49,4270,2391,6000,,1500,,,,constant_speed,transition,0,no_load,cw,C5: 1500 rpm,servo-app/lab-0.1
1781163765.7440727,26.31604266166687,C5_SPEED_1500,C5_SPEED_1500_R01_20260611_144217,delta-asda-b3-e,1591,RTSO|SO|OE|VE|QS|TR,3,0,1850351224,1499,22,0.09394,23,0.054993,302,49,4270,2391,6000,,1500,,,,constant_speed,transition,0,no_load,cw,C5: 1500 rpm,servo-app/lab-0.1
1781163765.8441443,26.416114330291748,C5_SPEED_1500,C5_SPEED_1500_R01_20260611_144217,delta-asda-b3-e,1591,RTSO|SO|OE|VE|QS|TR,3,0,1854546238,1501,21,0.08967,21,0.050211,301,49,4270,2391,6000,,1500,,,,constant_speed,transition,0,no_load,cw,C5: 1500 rpm,servo-app/lab-0.1
1781163765.9444447,26.516414642333984,C5_SPEED_1500,C5_SPEED_1500_R01_20260611_144217,delta-asda-b3-e,1591,RTSO|SO|OE|VE|QS|TR,3,0,1858739990,1500,22,0.09394,20,0.04782,301,49,4270,2391,6000,,1500,,,,constant_speed,transition,0,no_load,cw,C5: 1500 rpm,servo-app/lab-0.1
1781163766.044825,26.6167950630188,C5_SPEED_1500,C5_SPEED_1500_R01_20260611_144217,delta-asda-b3-e,1591,RTSO|SO|OE|VE|QS|TR,3,0,1862976964,1501,23,0.09821,22,0.052602,301,49,4270,2391,6000,,1500,,,,constant_speed,transition,0,no_load,cw,C5: 1500 rpm,servo-app/lab-0.1
1781163766.1453729,26.717342853546143,C5_SPEED_1500,C5_SPEED_1500_R01_20260611_144217,delta-asda-b3-e,1591,RTSO|SO|OE|VE|QS|TR,3,0,1867170362,1499,19,0.08113,21,0.050211,301,49,4270,2391,6000,,1500,,,,constant_speed,transition,0,no_load,cw,C5: 1500 rpm,servo-app/lab-0.1
1781163766.2454455,26.817415475845337,C5_SPEED_1500,C5_SPEED_1500_R01_20260611_144217,delta-asda-b3-e,1591,RTSO|SO|OE|VE|QS|TR,3,0,1871365396,1501,21,0.08967,22,0.052602,301,49,4270,2391,6000,,1500,,,,constant_speed,transition,0,no_load,cw,C5: 1500 rpm,servo-app/lab-0.1
1781163766.346167,26.918137073516846,C5_SPEED_1500,C5_SPEED_1500_R01_20260611_144217,delta-asda-b3-e,1591,RTSO|SO|OE|VE|QS|TR,3,0,1875600922,1500,22,0.09394,22,0.052602,301,49,4270,2391,6000,,1500,,,,constant_speed,transition,0,no_load,cw,C5: 1500 rpm,servo-app/lab-0.1
1781163766.4466832,27.01865315437317,C5_SPEED_1500,C5_SPEED_1500_R01_20260611_144217,delta-asda-b3-e,1591,RTSO|SO|OE|VE|QS|TR,3,0,1879795933,1501,22,0.09394,19,0.045429,301,49,4270,2391,6000,,1500,,,,constant_speed,transition,0,no_load,cw,C5: 1500 rpm,servo-app/lab-0.1
1781163766.5469325,27.118902444839478,C5_SPEED_1500,C5_SPEED_1500_R01_20260611_144217,delta-asda-b3-e,1591,RTSO|SO|OE|VE|QS|TR,3,0,1884031178,1500,19,0.08113,19,0.045429,301,49,4270,2391,6000,,1500,,,,constant_speed,transition,0,no_load,cw,C5: 1500 rpm,servo-app/lab-0.1
1781163766.647236,27.21920609474182,C5_SPEED_1500,C5_SPEED_1500_R01_20260611_144217,delta-asda-b3-e,1591,RTSO|SO|OE|VE|QS|TR,3,0,1888226311,1499,21,0.08967,21,0.050211,301,49,4270,2391,6000,,1500,,,,constant_speed,transition,0,no_load,cw,C5: 1500 rpm,servo-app/lab-0.1
1781163766.7474597,27.319429636001587,C5_SPEED_1500,C5_SPEED_1500_R01_20260611_144217,delta-asda-b3-e,1591,RTSO|SO|OE|VE|QS|TR,3,0,1892419837,1500,22,0.09394,22,0.052602,302,49,4270,2391,6000,,1500,,,,constant_speed,transition,0,no_load,cw,C5: 1500 rpm,servo-app/lab-0.1
1781163766.847671,27.41964101791382,C5_SPEED_1500,C5_SPEED_1500_R01_20260611_144217,delta-asda-b3-e,1591,RTSO|SO|OE|VE|QS|TR,3,0,1896656840,1500,25,0.10675,23,0.054993,302,49,4270,2391,6000,,1500,,,,constant_speed,transition,0,no_load,cw,C5: 1500 rpm,servo-app/lab-0.1
1781163766.9481263,27.52009630203247,C5_SPEED_1500,C5_SPEED_1500_R01_20260611_144217,delta-asda-b3-e,1591,RTSO|SO|OE|VE|QS|TR,3,0,1900850276,1500,20,0.0854,18,0.043038,301,49,4270,2391,6000,,1500,,,,constant_speed,transition,0,no_load,cw,C5: 1500 rpm,servo-app/lab-0.1
1781163767.0485444,27.620514392852783,C5_SPEED_1500,C5_SPEED_1500_R01_20260611_144217,delta-asda-b3-e,1591,RTSO|SO|OE|VE|QS|TR,3,0,1905045277,1501,24,0.10248,20,0.04782,301,49,4270,2391,6000,,1500,,,,constant_speed,transition,0,no_load,cw,C5: 1500 rpm,servo-app/lab-0.1
1781163767.1486855,27.72065544128418,C5_SPEED_1500,C5_SPEED_1500_R01_20260611_144217,delta-asda-b3-e,1591,RTSO|SO|OE|VE|QS|TR,3,0,1909280882,1501,19,0.08113,21,0.050211,301,49,4270,2391,6000,,1500,,,,constant_speed,transition,0,no_load,cw,C5: 1500 rpm,servo-app/lab-0.1
1781163767.24896,27.820930004119873,C5_SPEED_1500,C5_SPEED_1500_R01_20260611_144217,delta-asda-b3-e,1591,RTSO|SO|OE|VE|QS|TR,3,0,1913475699,1500,24,0.10248,24,0.057384,302,49,4270,2391,6000,,1500,,,,constant_speed,transition,0,no_load,cw,C5: 1500 rpm,servo-app/lab-0.1
1781163767.3495312,27.92150115966797,C5_SPEED_1500,C5_SPEED_1500_R01_20260611_144217,delta-asda-b3-e,1591,RTSO|SO|OE|VE|QS|TR,3,0,1917669283,1501,22,0.09394,20,0.04782,301,49,4270,2391,6000,,1500,,,,constant_speed,transition,0,no_load,cw,C5: 1500 rpm,servo-app/lab-0.1
1781163767.4502556,28.022225618362427,C5_SPEED_1500,C5_SPEED_1500_R01_20260611_144217,delta-asda-b3-e,1591,RTSO|SO|OE|VE|QS|TR,3,0,1921906012,1500,22,0.09394,23,0.054993,301,49,4270,2391,6000,,1500,,,,constant_speed,transition,0,no_load,cw,C5: 1500 rpm,servo-app/lab-0.1
1781163767.5508516,28.12282156944275,C5_SPEED_1500,C5_SPEED_1500_R01_20260611_144217,delta-asda-b3-e,1591,RTSO|SO|OE|VE|QS|TR,3,0,1926141999,1501,21,0.08967,23,0.054993,301,49,4270,2391,6000,,1500,,,,constant_speed,transition,0,no_load,cw,C5: 1500 rpm,servo-app/lab-0.1
1781163767.6518142,28.22378420829773,C5_SPEED_1500,C5_SPEED_1500_R01_20260611_144217,delta-asda-b3-e,1591,RTSO|SO|OE|VE|QS|TR,3,0,1930378139,1499,25,0.10675,25,0.059775,301,49,4270,2391,6000,,1500,,,,constant_speed,transition,0,no_load,cw,C5: 1500 rpm,servo-app/lab-0.1
1781163767.7521589,28.32412886619568,C5_SPEED_1500,C5_SPEED_1500_R01_20260611_144217,delta-asda-b3-e,1591,RTSO|SO|OE|VE|QS|TR,3,0,1934572461,1501,21,0.08967,18,0.043038,301,49,4270,2391,6000,,1500,,,,constant_speed,transition,0,no_load,cw,C5: 1500 rpm,servo-app/lab-0.1
1781163767.8526313,28.424601316452026,C5_SPEED_1500,C5_SPEED_1500_R01_20260611_144217,delta-asda-b3-e,1591,RTSO|SO|OE|VE|QS|TR,3,0,1938766699,1499,21,0.08967,23,0.054993,302,49,4270,2391,6000,,1500,,,,constant_speed,transition,0,no_load,cw,C5: 1500 rpm,servo-app/lab-0.1
1781163767.9535022,28.525472164154053,C5_SPEED_1500,C5_SPEED_1500_R01_20260611_144217,delta-asda-b3-e,1591,RTSO|SO|OE|VE|QS|TR,3,0,1943003048,1501,21,0.08967,21,0.050211,301,49,4270,2391,6000,,1500,,,,constant_speed,transition,0,no_load,cw,C5: 1500 rpm,servo-app/lab-0.1
1781163768.0535653,28.625535249710083,C5_SPEED_1500,C5_SPEED_1500_R01_20260611_144217,delta-asda-b3-e,1591,RTSO|SO|OE|VE|QS|TR,3,0,1947238826,1499,25,0.10675,24,0.057384,301,49,4270,2391,6000,,1500,,,,constant_speed,transition,0,no_load,cw,C5: 1500 rpm,servo-app/lab-0.1
1781163768.153733,28.72570300102234,C5_SPEED_1500,C5_SPEED_1500_R01_20260611_144217,delta-asda-b3-e,1591,RTSO|SO|OE|VE|QS|TR,3,0,1951391563,1501,21,0.08967,19,0.045429,301,49,4270,2391,6000,,1500,,,,constant_speed,transition,0,no_load,cw,C5: 1500 rpm,servo-app/lab-0.1
1781163768.2541115,28.82608151435852,C5_SPEED_1500,C5_SPEED_1500_R01_20260611_144217,delta-asda-b3-e,1591,RTSO|SO|OE|VE|QS|TR,3,0,1955627463,1499,22,0.09394,21,0.050211,301,49,4270,2391,6000,,1500,,,,constant_speed,transition,0,no_load,cw,C5: 1500 rpm,servo-app/lab-0.1
1781163768.3542657,28.926235675811768,C5_SPEED_1500,C5_SPEED_1500_R01_20260611_144217,delta-asda-b3-e,1591,RTSO|SO|OE|VE|QS|TR,3,0,1959821984,1501,21,0.08967,21,0.050211,301,49,4270,2391,6000,,1500,,,,constant_speed,transition,0,no_load,cw,C5: 1500 rpm,servo-app/lab-0.1
1781163768.4543989,29.026368856430054,C5_SPEED_1500,C5_SPEED_1500_R01_20260611_144217,delta-asda-b3-e,1591,RTSO|SO|OE|VE|QS|TR,3,0,1964015759,1499,25,0.10675,24,0.057384,301,49,4270,2391,6000,,1500,,,,constant_speed,transition,0,no_load,cw,C5: 1500 rpm,servo-app/lab-0.1
1781163768.5546997,29.12666964530945,C5_SPEED_1500,C5_SPEED_1500_R01_20260611_144217,delta-asda-b3-e,1591,RTSO|SO|OE|VE|QS|TR,3,0,1968210474,1501,21,0.08967,20,0.04782,301,49,4270,2391,6000,,1500,,,,constant_speed,transition,0,no_load,cw,C5: 1500 rpm,servo-app/lab-0.1
1781163768.6556377,29.22760772705078,C5_SPEED_1500,C5_SPEED_1500_R01_20260611_144217,delta-asda-b3-e,1591,RTSO|SO|OE|VE|QS|TR,3,0,1972488280,1500,22,0.09394,24,0.057384,301,49,4270,2391,6000,,1500,,,,constant_speed,transition,0,no_load,cw,C5: 1500 rpm,servo-app/lab-0.1
1781163768.7560046,29.327974557876587,C5_SPEED_1500,C5_SPEED_1500_R01_20260611_144217,delta-asda-b3-e,1591,RTSO|SO|OE|VE|QS|TR,3,0,1976682963,1501,21,0.08967,21,0.050211,301,49,4270,2391,6000,,1500,,,,constant_speed,transition,0,no_load,cw,C5: 1500 rpm,servo-app/lab-0.1
1781163768.8561926,29.428162574768066,C5_SPEED_1500,C5_SPEED_1500_R01_20260611_144217,delta-asda-b3-e,1591,RTSO|SO|OE|VE|QS|TR,3,0,1980876717,1499,22,0.09394,26,0.062166,301,49,4270,2391,6000,,1500,,,,constant_speed,transition,0,no_load,cw,C5: 1500 rpm,servo-app/lab-0.1
1781163768.956449,29.528419017791748,C5_SPEED_1500,C5_SPEED_1500_R01_20260611_144217,delta-asda-b3-e,1591,RTSO|SO|OE|VE|QS|TR,3,0,1985071475,1501,22,0.09394,19,0.045429,301,49,4270,2391,6000,,1500,,,,constant_speed,transition,0,no_load,cw,C5: 1500 rpm,servo-app/lab-0.1
1781163769.056674,29.62864398956299,C5_SPEED_1500,C5_SPEED_1500_R01_20260611_144217,delta-asda-b3-e,1591,RTSO|SO|OE|VE|QS|TR,3,0,1989265340,1500,21,0.08967,23,0.054993,301,49,4270,2391,6000,,1500,,,,constant_speed,transition,0,no_load,cw,C5: 1500 rpm,servo-app/lab-0.1
1781163769.1570256,29.72899556159973,C5_SPEED_1500,C5_SPEED_1500_R01_20260611_144217,delta-asda-b3-e,1591,RTSO|SO|OE|VE|QS|TR,3,0,1993501883,1501,20,0.0854,21,0.050211,301,49,4270,2391,6000,,1500,,,,constant_speed,transition,0,no_load,cw,C5: 1500 rpm,servo-app/lab-0.1
1781163769.2578976,29.829867601394653,C5_SPEED_1500,C5_SPEED_1500_R01_20260611_144217,delta-asda-b3-e,1591,RTSO|SO|OE|VE|QS|TR,3,0,1997737519,1499,23,0.09821,24,0.057384,301,49,4270,2391,6000,,1500,,,,constant_speed,transition,0,no_load,cw,C5: 1500 rpm,servo-app/lab-0.1
1781163769.3582768,29.930246829986572,C5_SPEED_1500,C5_SPEED_1500_R01_20260611_144217,delta-asda-b3-e,1591,RTSO|SO|OE|VE|QS|TR,3,0,2001932297,1501,22,0.09394,22,0.052602,301,49,4270,2391,6000,,1500,,,,constant_speed,transition,0,no_load,cw,C5: 1500 rpm,servo-app/lab-0.1
1781163769.4584396,30.030409574508667,C5_SPEED_1500,C5_SPEED_1500_R01_20260611_144217,delta-asda-b3-e,1591,RTSO|SO|OE|VE|QS|TR,3,0,2006126218,1499,22,0.09394,21,0.050211,301,49,4270,2391,6000,,1500,,,,constant_speed,transition,0,no_load,cw,C5: 1500 rpm,servo-app/lab-0.1
1781163769.5586588,30.13062882423401,C5_SPEED_1500,C5_SPEED_1500_R01_20260611_144217,delta-asda-b3-e,1591,RTSO|SO|OE|VE|QS|TR,3,0,2010320814,1500,20,0.0854,20,0.04782,301,49,4270,2391,6000,,1500,,,,constant_speed,transition,0,no_load,cw,C5: 1500 rpm,servo-app/lab-0.1
1781163769.659404,30.23137402534485,C5_SPEED_1500,C5_SPEED_1500_R01_20260611_144217,delta-asda-b3-e,1591,RTSO|SO|OE|VE|QS|TR,3,0,2014556392,1499,21,0.08967,23,0.054993,300,49,4270,2391,6000,,1500,,,,constant_speed,transition,0,no_load,cw,C5: 1500 rpm,servo-app/lab-0.1
1781163769.7599244,30.331894397735596,C5_SPEED_1500,C5_SPEED_1500_R01_20260611_144217,delta-asda-b3-e,1591,RTSO|SO|OE|VE|QS|TR,3,0,2018793169,1501,23,0.09821,22,0.052602,301,49,4270,2391,6000,,1500,,,,constant_speed,transition,0,no_load,cw,C5: 1500 rpm,servo-app/lab-0.1
1781163769.8602865,30.43225646018982,C5_SPEED_1500,C5_SPEED_1500_R01_20260611_144217,delta-asda-b3-e,1591,RTSO|SO|OE|VE|QS|TR,3,0,2022986985,1499,24,0.10248,22,0.052602,301,49,4270,2391,6000,,1500,,,,constant_speed,transition,0,no_load,cw,C5: 1500 rpm,servo-app/lab-0.1
1781163769.9609697,30.532939672470093,C5_SPEED_1500,C5_SPEED_1500_R01_20260611_144217,delta-asda-b3-e,1591,RTSO|SO|OE|VE|QS|TR,3,0,2027600929,1499,24,0.10248,25,0.059775,301,49,4270,2391,6000,,1500,,,,constant_speed,transition,0,no_load,cw,C5: 1500 rpm,servo-app/lab-0.1
1781163770.0615506,30.63352060317993,C5_SPEED_1500,C5_SPEED_1500_R01_20260611_144217,delta-asda-b3-e,1591,RTSO|SO|OE|VE|QS|TR,3,0,2031417240,1499,24,0.10248,21,0.050211,301,49,4270,2391,6000,,1500,,,,constant_speed,transition,0,no_load,cw,C5: 1500 rpm,servo-app/lab-0.1
1781163770.1617496,30.73371958732605,C5_SPEED_1500,C5_SPEED_1500_R01_20260611_144217,delta-asda-b3-e,1591,RTSO|SO|OE|VE|QS|TR,3,0,2035696110,1501,22,0.09394,22,0.052602,301,49,4270,2391,6000,,1500,,,,constant_speed,transition,0,no_load,cw,C5: 1500 rpm,servo-app/lab-0.1
1781163770.2620304,30.8340003490448,C5_SPEED_1500,C5_SPEED_1500_R01_20260611_144217,delta-asda-b3-e,1591,RTSO|SO|OE|VE|QS|TR,3,0,2039847863,1499,21,0.08967,24,0.057384,301,49,4270,2391,6000,,1500,,,,constant_speed,transition,0,no_load,cw,C5: 1500 rpm,servo-app/lab-0.1
1781163770.3624246,30.934394598007202,C5_SPEED_1500,C5_SPEED_1500_R01_20260611_144217,delta-asda-b3-e,1591,RTSO|SO|OE|VE|QS|TR,3,0,2044042442,1501,25,0.10675,21,0.050211,301,49,4270,2391,6000,,1500,,,,constant_speed,transition,0,no_load,cw,C5: 1500 rpm,servo-app/lab-0.1
1781163770.462682,31.0346519947052,C5_SPEED_1500,C5_SPEED_1500_R01_20260611_144217,delta-asda-b3-e,1591,RTSO|SO|OE|VE|QS|TR,3,0,2048236067,1499,18,0.07686,21,0.050211,301,49,4270,2391,6000,,1500,,,,constant_speed,transition,0,no_load,cw,C5: 1500 rpm,servo-app/lab-0.1
1781163770.5633206,31.13529062271118,C5_SPEED_1500,C5_SPEED_1500_R01_20260611_144217,delta-asda-b3-e,1591,RTSO|SO|OE|VE|QS|TR,3,0,2052473002,1501,22,0.09394,22,0.052602,301,49,4270,2391,6000,,1500,,,,constant_speed,transition,0,no_load,cw,C5: 1500 rpm,servo-app/lab-0.1
1781163770.66385,31.235820055007935,C5_SPEED_1500,C5_SPEED_1500_R01_20260611_144217,delta-asda-b3-e,1591,RTSO|SO|OE|VE|QS|TR,3,0,2056708647,1499,23,0.09821,21,0.050211,301,49,4270,2391,6000,,1500,,,,constant_speed,transition,0,no_load,cw,C5: 1500 rpm,servo-app/lab-0.1
1781163770.7643137,31.336283683776855,C5_SPEED_1500,C5_SPEED_1500_R01_20260611_144217,delta-asda-b3-e,1591,RTSO|SO|OE|VE|QS|TR,3,0,2060903498,1501,21,0.08967,22,0.052602,301,49,4270,2391,6000,,1500,,,,constant_speed,transition,0,no_load,cw,C5: 1500 rpm,servo-app/lab-0.1
1781163770.8644557,31.43642568588257,C5_SPEED_1500,C5_SPEED_1500_R01_20260611_144217,delta-asda-b3-e,1591,RTSO|SO|OE|VE|QS|TR,3,0,2065097020,1499,21,0.08967,23,0.054993,301,49,4270,2391,6000,,1500,,,,constant_speed,transition,0,no_load,cw,C5: 1500 rpm,servo-app/lab-0.1
1781163770.964581,31.536550998687744,C5_SPEED_1500,C5_SPEED_1500_R01_20260611_144217,delta-asda-b3-e,1591,RTSO|SO|OE|VE|QS|TR,3,0,2069292143,1501,21,0.08967,22,0.052602,301,49,4270,2391,6000,,1500,,,,constant_speed,transition,0,no_load,cw,C5: 1500 rpm,servo-app/lab-0.1
1781163771.0647476,31.636717557907104,C5_SPEED_1500,C5_SPEED_1500_R01_20260611_144217,delta-asda-b3-e,1591,RTSO|SO|OE|VE|QS|TR,3,0,2073485733,1499,23,0.09821,19,0.045429,301,49,4270,2391,6000,,1500,,,,constant_speed,transition,0,no_load,cw,C5: 1500 rpm,servo-app/lab-0.1
1781163771.1656122,31.737582206726074,C5_SPEED_1500,C5_SPEED_1500_R01_20260611_144217,delta-asda-b3-e,1591,RTSO|SO|OE|VE|QS|TR,3,0,2077722527,1501,23,0.09821,20,0.04782,301,49,4270,2391,6000,,1500,,,,constant_speed,transition,0,no_load,cw,C5: 1500 rpm,servo-app/lab-0.1
1781163771.2660644,31.8380343914032,C5_SPEED_1500,C5_SPEED_1500_R01_20260611_144217,delta-asda-b3-e,1591,RTSO|SO|OE|VE|QS|TR,3,0,2081957823,1499,20,0.0854,21,0.050211,301,49,4270,2391,6000,,1500,,,,constant_speed,transition,0,no_load,cw,C5: 1500 rpm,servo-app/lab-0.1
1781163771.3663228,31.938292741775513,C5_SPEED_1500,C5_SPEED_1500_R01_20260611_144217,delta-asda-b3-e,1591,RTSO|SO|OE|VE|QS|TR,3,0,2086153022,1501,22,0.09394,22,0.052602,301,49,4270,2391,6000,,1500,,,,constant_speed,transition,0,no_load,cw,C5: 1500 rpm,servo-app/lab-0.1
1781163771.4665675,32.03853750228882,C5_SPEED_1500,C5_SPEED_1500_R01_20260611_144217,delta-asda-b3-e,1591,RTSO|SO|OE|VE|QS|TR,3,0,2090346481,1499,23,0.09821,23,0.054993,301,49,4270,2391,6000,,1500,,,,constant_speed,transition,0,no_load,cw,C5: 1500 rpm,servo-app/lab-0.1
1781163771.566932,32.13890194892883,C5_SPEED_1500,C5_SPEED_1500_R01_20260611_144217,delta-asda-b3-e,1591,RTSO|SO|OE|VE|QS|TR,3,0,2094583390,1500,23,0.09821,23,0.054993,301,49,4270,2391,6000,,1500,,,,constant_speed,transition,0,no_load,cw,C5: 1500 rpm,servo-app/lab-0.1
1781163771.6670067,32.23897671699524,C5_SPEED_1500,C5_SPEED_1500_R01_20260611_144217,delta-asda-b3-e,1591,RTSO|SO|OE|VE|QS|TR,3,0,2098776822,1500,19,0.08113,21,0.050211,301,49,4270,2391,6000,,1500,,,,constant_speed,transition,0,no_load,cw,C5: 1500 rpm,servo-app/lab-0.1
1781163771.7672544,32.339224338531494,C5_SPEED_1500,C5_SPEED_1500_R01_20260611_144217,delta-asda-b3-e,1591,RTSO|SO|OE|VE|QS|TR,3,0,2102972003,1500,22,0.09394,22,0.052602,301,49,4270,2391,6000,,1500,,,,constant_speed,transition,0,no_load,cw,C5: 1500 rpm,servo-app/lab-0.1
1781163771.8676383,32.439608335494995,C5_SPEED_1500,C5_SPEED_1500_R01_20260611_144217,delta-asda-b3-e,1591,RTSO|SO|OE|VE|QS|TR,3,0,2107207380,1500,23,0.09821,23,0.054993,301,49,4270,2391,6000,,1500,,,,constant_speed,transition,0,no_load,cw,C5: 1500 rpm,servo-app/lab-0.1
1781163771.968219,32.540189027786255,C5_SPEED_1500,C5_SPEED_1500_R01_20260611_144217,delta-asda-b3-e,1591,RTSO|SO|OE|VE|QS|TR,3,0,2111402293,1500,27,0.11529,24,0.057384,301,49,4270,2391,6000,,1500,,,,constant_speed,transition,0,no_load,cw,C5: 1500 rpm,servo-app/lab-0.1
1781163772.0687935,32.64076352119446,C5_SPEED_1500,C5_SPEED_1500_R01_20260611_144217,delta-asda-b3-e,1591,RTSO|SO|OE|VE|QS|TR,3,0,2115637783,1500,19,0.08113,21,0.050211,301,49,4270,2391,6000,,1500,,,,constant_speed,transition,0,no_load,cw,C5: 1500 rpm,servo-app/lab-0.1
1781163772.1691601,32.741130113601685,C5_SPEED_1500,C5_SPEED_1500_R01_20260611_144217,delta-asda-b3-e,1591,RTSO|SO|OE|VE|QS|TR,3,0,2119832786,1500,24,0.10248,21,0.050211,301,49,4270,2391,6000,,1500,,,,constant_speed,transition,0,no_load,cw,C5: 1500 rpm,servo-app/lab-0.1
1781163772.2692559,32.84122586250305,C5_SPEED_1500,C5_SPEED_1500_R01_20260611_144217,delta-asda-b3-e,1591,RTSO|SO|OE|VE|QS|TR,3,0,2124026370,1500,21,0.08967,22,0.052602,301,49,4270,2391,6000,,1500,,,,constant_speed,transition,0,no_load,cw,C5: 1500 rpm,servo-app/lab-0.1
1781163772.3696296,32.94159960746765,C5_SPEED_1500,C5_SPEED_1500_R01_20260611_144217,delta-asda-b3-e,1591,RTSO|SO|OE|VE|QS|TR,3,0,2128221078,1499,26,0.11102,26,0.062166,301,49,4270,2391,6000,,1500,,,,constant_speed,transition,0,no_load,cw,C5: 1500 rpm,servo-app/lab-0.1
1781163772.4699643,33.04193425178528,C5_SPEED_1500,C5_SPEED_1500_R01_20260611_144217,delta-asda-b3-e,1591,RTSO|SO|OE|VE|QS|TR,3,0,2132456712,1500,18,0.07686,21,0.050211,301,49,4270,2391,6000,,1500,,,,constant_speed,transition,0,no_load,cw,C5: 1500 rpm,servo-app/lab-0.1
1781163772.5705066,33.1424765586853,C5_SPEED_1500,C5_SPEED_1500_R01_20260611_144217,delta-asda-b3-e,1591,RTSO|SO|OE|VE|QS|TR,3,0,2136651532,1499,21,0.08967,23,0.054993,301,49,4270,2391,6000,,1500,,,,constant_speed,transition,0,no_load,cw,C5: 1500 rpm,servo-app/lab-0.1
1781163772.671094,33.24306392669678,C5_SPEED_1500,C5_SPEED_1500_R01_20260611_144217,delta-asda-b3-e,1591,RTSO|SO|OE|VE|QS|TR,3,0,2140887405,1501,21,0.08967,21,0.050211,301,49,4270,2391,6000,,1500,,,,constant_speed,transition,0,no_load,cw,C5: 1500 rpm,servo-app/lab-0.1
1781163772.771325,33.343295097351074,C5_SPEED_1500,C5_SPEED_1500_R01_20260611_144217,delta-asda-b3-e,1591,RTSO|SO|OE|VE|QS|TR,3,0,2145081739,1498,23,0.09821,26,0.062166,301,49,4270,2391,6000,,1500,,,,constant_speed,transition,0,no_load,cw,C5: 1500 rpm,servo-app/lab-0.1
1781163772.871831,33.443800926208496,C5_SPEED_1500,C5_SPEED_1500_R01_20260611_144217,delta-asda-b3-e,1591,RTSO|SO|OE|VE|QS|TR,3,0,-2145649359,1501,19,0.08113,18,0.043038,301,49,4270,2391,6000,,1500,,,,constant_speed,transition,0,no_load,cw,C5: 1500 rpm,servo-app/lab-0.1
1781163772.9719253,33.54389524459839,C5_SPEED_1500,C5_SPEED_1500_R01_20260611_144217,delta-asda-b3-e,1591,RTSO|SO|OE|VE|QS|TR,3,0,-2141454956,1499,18,0.07686,21,0.050211,301,49,4270,2391,6000,,1500,,,,constant_speed,transition,0,no_load,cw,C5: 1500 rpm,servo-app/lab-0.1
1781163773.072479,33.64444899559021,C5_SPEED_1500,C5_SPEED_1500_R01_20260611_144217,delta-asda-b3-e,1591,RTSO|SO|OE|VE|QS|TR,3,0,-2137260783,1501,20,0.0854,21,0.050211,301,49,4270,2391,6000,,1500,,,,constant_speed,transition,0,no_load,cw,C5: 1500 rpm,servo-app/lab-0.1
1781163773.1726394,33.744609355926514,C5_SPEED_1500,C5_SPEED_1500_R01_20260611_144217,delta-asda-b3-e,1591,RTSO|SO|OE|VE|QS|TR,3,0,-2133066750,1498,24,0.10248,24,0.057384,301,49,4270,2391,6000,,1500,,,,constant_speed,transition,0,no_load,cw,C5: 1500 rpm,servo-app/lab-0.1
1781163773.2729132,33.84488320350647,C5_SPEED_1500,C5_SPEED_1500_R01_20260611_144217,delta-asda-b3-e,1591,RTSO|SO|OE|VE|QS|TR,3,0,-2128830389,1501,19,0.08113,19,0.045429,301,49,4270,2391,6000,,1500,,,,constant_speed,transition,0,no_load,cw,C5: 1500 rpm,servo-app/lab-0.1
1781163773.3731802,33.94515013694763,C5_SPEED_1500,C5_SPEED_1500_R01_20260611_144217,delta-asda-b3-e,1591,RTSO|SO|OE|VE|QS|TR,3,0,-2124636244,1499,21,0.08967,22,0.052602,301,49,4270,2391,6000,,1500,,,,constant_speed,transition,0,no_load,cw,C5: 1500 rpm,servo-app/lab-0.1
1781163773.4735956,34.045565605163574,C5_SPEED_1500,C5_SPEED_1500_R01_20260611_144217,delta-asda-b3-e,1591,RTSO|SO|OE|VE|QS|TR,3,0,-2120441863,1501,21,0.08967,21,0.050211,301,49,4270,2391,6000,,1500,,,,constant_speed,transition,0,no_load,cw,C5: 1500 rpm,servo-app/lab-0.1
1781163773.5738902,34.14586019515991,C5_SPEED_1500,C5_SPEED_1500_R01_20260611_144217,delta-asda-b3-e,1591,RTSO|SO|OE|VE|QS|TR,3,0,-2116206095,1498,25,0.10675,24,0.057384,301,49,4270,2391,6000,,1500,,,,constant_speed,transition,0,no_load,cw,C5: 1500 rpm,servo-app/lab-0.1
1781163773.674194,34.246164083480835,C5_SPEED_1500,C5_SPEED_1500_R01_20260611_144217,delta-asda-b3-e,1591,RTSO|SO|OE|VE|QS|TR,3,0,-2112011363,1501,21,0.08967,19,0.045429,301,49,4270,2391,6000,,1500,,,,constant_speed,transition,0,no_load,cw,C5: 1500 rpm,servo-app/lab-0.1
1781163773.774491,34.346461057662964,C5_SPEED_1500,C5_SPEED_1500_R01_20260611_144217,delta-asda-b3-e,1591,RTSO|SO|OE|VE|QS|TR,3,0,-2107817332,1499,22,0.09394,18,0.043038,301,49,4270,2391,6000,,1500,,,,constant_speed,transition,0,no_load,cw,C5: 1500 rpm,servo-app/lab-0.1
1781163773.8745644,34.446534395217896,C5_SPEED_1500,C5_SPEED_1500_R01_20260611_144217,delta-asda-b3-e,1591,RTSO|SO|OE|VE|QS|TR,3,0,-2103622844,1501,21,0.08967,20,0.04782,301,49,4270,2391,6000,,1500,,,,constant_speed,transition,0,no_load,cw,C5: 1500 rpm,servo-app/lab-0.1
1781163773.9746358,34.546605825424194,C5_SPEED_1500,C5_SPEED_1500_R01_20260611_144217,delta-asda-b3-e,1591,RTSO|SO|OE|VE|QS|TR,3,0,-2099429081,1499,25,0.10675,23,0.054993,301,49,4270,2391,6000,,1500,,,,constant_speed,transition,0,no_load,cw,C5: 1500 rpm,servo-app/lab-0.1
1781163774.0750785,34.647048473358154,C5_SPEED_1500,C5_SPEED_1500_R01_20260611_144217,delta-asda-b3-e,1591,RTSO|SO|OE|VE|QS|TR,3,0,-2095192330,1501,20,0.0854,19,0.045429,301,49,4270,2391,6000,,1500,,,,constant_speed,transition,0,no_load,cw,C5: 1500 rpm,servo-app/lab-0.1
1781163774.1751497,34.747119665145874,C5_SPEED_1500,C5_SPEED_1500_R01_20260611_144217,delta-asda-b3-e,1591,RTSO|SO|OE|VE|QS|TR,3,0,-2090998346,1500,20,0.0854,19,0.045429,301,49,4270,2391,6000,,1500,,,,constant_speed,transition,0,no_load,cw,C5: 1500 rpm,servo-app/lab-0.1
1781163774.2754607,34.84743070602417,C5_SPEED_1500,C5_SPEED_1500_R01_20260611_144217,delta-asda-b3-e,1591,RTSO|SO|OE|VE|QS|TR,3,0,-2086803862,1501,20,0.0854,20,0.04782,301,49,4270,2391,6000,,1500,,,,constant_speed,transition,0,no_load,cw,C5: 1500 rpm,servo-app/lab-0.1
1781163774.3759584,34.9479284286499,C5_SPEED_1500,C5_SPEED_1500_R01_20260611_144217,delta-asda-b3-e,1591,RTSO|SO|OE|VE|QS|TR,3,0,-2082568222,1499,22,0.09394,26,0.062166,301,49,4270,2391,6000,,1500,,,,constant_speed,transition,0,no_load,cw,C5: 1500 rpm,servo-app/lab-0.1
1781163774.4764595,35.04842948913574,C5_SPEED_1500,C5_SPEED_1500_R01_20260611_144217,delta-asda-b3-e,1591,RTSO|SO|OE|VE|QS|TR,3,0,-2078373420,1501,21,0.08967,21,0.050211,301,49,4270,2391,6000,,1500,,,,constant_speed,transition,0,no_load,cw,C5: 1500 rpm,servo-app/lab-0.1
1781163774.5773416,35.149311542510986,C5_SPEED_1500,C5_SPEED_1500_R01_20260611_144217,delta-asda-b3-e,1591,RTSO|SO|OE|VE|QS|TR,3,0,-2074137427,1500,20,0.0854,20,0.04782,301,49,4270,2391,6000,,1500,,,,constant_speed,transition,0,no_load,cw,C5: 1500 rpm,servo-app/lab-0.1
1781163774.6781309,35.25010085105896,C5_SPEED_1500,C5_SPEED_1500_R01_20260611_144217,delta-asda-b3-e,1591,RTSO|SO|OE|VE|QS|TR,3,0,-2069900957,1501,19,0.08113,20,0.04782,301,49,4270,2391,6000,,1500,,,,constant_speed,transition,0,no_load,cw,C5: 1500 rpm,servo-app/lab-0.1
1781163774.778709,35.35067892074585,C5_SPEED_1500,C5_SPEED_1500_R01_20260611_144217,delta-asda-b3-e,1591,RTSO|SO|OE|VE|QS|TR,3,0,-2065665334,1499,22,0.09394,23,0.054993,302,49,4270,2391,6000,,1500,,,,constant_speed,transition,0,no_load,cw,C5: 1500 rpm,servo-app/lab-0.1
1781163774.8790786,35.451048612594604,C5_SPEED_1500,C5_SPEED_1500_R01_20260611_144217,delta-asda-b3-e,1591,RTSO|SO|OE|VE|QS|TR,3,0,-2061470455,1501,21,0.08967,20,0.04782,301,49,4270,2391,6000,,1500,,,,constant_speed,transition,0,no_load,cw,C5: 1500 rpm,servo-app/lab-0.1
1781163774.979573,35.55154299736023,C5_SPEED_1500,C5_SPEED_1500_R01_20260611_144217,delta-asda-b3-e,1591,RTSO|SO|OE|VE|QS|TR,3,0,-2057276358,1500,21,0.08967,21,0.050211,301,49,4270,2391,6000,,1500,,,,constant_speed,transition,0,no_load,cw,C5: 1500 rpm,servo-app/lab-0.1
1781163775.0799134,35.651883363723755,C5_SPEED_1500,C5_SPEED_1500_R01_20260611_144217,delta-asda-b3-e,1591,RTSO|SO|OE|VE|QS|TR,3,0,-2053039988,1501,19,0.08113,20,0.04782,301,49,4270,2391,6000,,1500,,,,constant_speed,transition,0,no_load,cw,C5: 1500 rpm,servo-app/lab-0.1
1781163775.1806133,35.752583265304565,C5_SPEED_1500,C5_SPEED_1500_R01_20260611_144217,delta-asda-b3-e,1591,RTSO|SO|OE|VE|QS|TR,3,0,-2048804596,1499,23,0.09821,22,0.052602,301,49,4270,2391,6000,,1500,,,,constant_speed,transition,0,no_load,cw,C5: 1500 rpm,servo-app/lab-0.1
1781163775.2807186,35.8526885509491,C5_SPEED_1500,C5_SPEED_1500_R01_20260611_144217,delta-asda-b3-e,1591,RTSO|SO|OE|VE|QS|TR,3,0,-2044609605,1501,22,0.09394,22,0.052602,301,49,4270,2391,6000,,1500,,,,constant_speed,transition,0,no_load,cw,C5: 1500 rpm,servo-app/lab-0.1
1781163775.381247,35.95321702957153,C5_SPEED_1500,C5_SPEED_1500_R01_20260611_144217,delta-asda-b3-e,1591,RTSO|SO|OE|VE|QS|TR,3,0,-2040415621,1500,24,0.10248,21,0.050211,301,49,4270,2391,6000,,1500,,,,constant_speed,transition,0,no_load,cw,C5: 1500 rpm,servo-app/lab-0.1
1781163775.4819305,36.053900480270386,C5_SPEED_1500,C5_SPEED_1500_R01_20260611_144217,delta-asda-b3-e,1591,RTSO|SO|OE|VE|QS|TR,3,0,-2036179193,1501,20,0.0854,20,0.04782,301,49,4270,2391,6000,,1500,,,,constant_speed,transition,0,no_load,cw,C5: 1500 rpm,servo-app/lab-0.1
1781163775.5819979,36.15396785736084,C5_SPEED_1500,C5_SPEED_1500_R01_20260611_144217,delta-asda-b3-e,1591,RTSO|SO|OE|VE|QS|TR,3,0,-2031985602,1499,21,0.08967,22,0.052602,301,49,4270,2391,6000,,1500,,,,constant_speed,transition,0,no_load,cw,C5: 1500 rpm,servo-app/lab-0.1
1781163775.68244,36.25441002845764,C5_SPEED_1500,C5_SPEED_1500_R01_20260611_144217,delta-asda-b3-e,1591,RTSO|SO|OE|VE|QS|TR,3,0,-2027790555,1501,20,0.0854,20,0.04782,301,49,4270,2391,6000,,1500,,,,constant_speed,transition,0,no_load,cw,C5: 1500 rpm,servo-app/lab-0.1
1781163775.7825809,36.35455083847046,C5_SPEED_1500,C5_SPEED_1500_R01_20260611_144217,delta-asda-b3-e,1591,RTSO|SO|OE|VE|QS|TR,3,0,-2023470828,1500,22,0.09394,21,0.050211,302,49,4270,2391,6000,,1500,,,,constant_speed,transition,0,no_load,cw,C5: 1500 rpm,servo-app/lab-0.1
1781163775.8827045,36.45467448234558,C5_SPEED_1500,C5_SPEED_1500_R01_20260611_144217,delta-asda-b3-e,1591,RTSO|SO|OE|VE|QS|TR,3,0,-2019402107,1501,22,0.09394,20,0.04782,302,49,4270,2391,6000,,1500,,,,constant_speed,transition,0,no_load,cw,C5: 1500 rpm,servo-app/lab-0.1
1781163775.9830947,36.55506467819214,C5_SPEED_1500,C5_SPEED_1500_R01_20260611_144217,delta-asda-b3-e,1591,RTSO|SO|OE|VE|QS|TR,3,0,-2015166656,1499,18,0.07686,22,0.052602,301,49,4270,2391,6000,,1500,,,,constant_speed,transition,0,no_load,cw,C5: 1500 rpm,servo-app/lab-0.1
1781163776.0838187,36.65578866004944,C5_SPEED_1500,C5_SPEED_1500_R01_20260611_144217,delta-asda-b3-e,1591,RTSO|SO|OE|VE|QS|TR,3,0,-2010929530,1501,20,0.0854,19,0.045429,301,49,4270,2391,6000,,1500,,,,constant_speed,transition,0,no_load,cw,C5: 1500 rpm,servo-app/lab-0.1
1781163776.184607,36.756577014923096,C5_SPEED_1500,C5_SPEED_1500_R01_20260611_144217,delta-asda-b3-e,1591,RTSO|SO|OE|VE|QS|TR,3,0,-2006735773,1500,23,0.09821,23,0.054993,301,49,4270,2391,6000,,1500,,,,constant_speed,transition,0,no_load,cw,C5: 1500 rpm,servo-app/lab-0.1
1781163776.284721,36.856690883636475,C5_SPEED_1500,C5_SPEED_1500_R01_20260611_144217,delta-asda-b3-e,1591,RTSO|SO|OE|VE|QS|TR,3,0,-2002499093,1501,23,0.09821,23,0.054993,301,49,4270,2391,6000,,1500,,,,constant_speed,transition,0,no_load,cw,C5: 1500 rpm,servo-app/lab-0.1
1781163776.3850074,36.95697736740112,C5_SPEED_1500,C5_SPEED_1500_R01_20260611_144217,delta-asda-b3-e,1591,RTSO|SO|OE|VE|QS|TR,3,0,-1998263776,1500,20,0.0854,21,0.050211,301,49,4270,2391,6000,,1500,,,,constant_speed,transition,0,no_load,cw,C5: 1500 rpm,servo-app/lab-0.1
1781163776.4852674,37.05723738670349,C5_SPEED_1500,C5_SPEED_1500_R01_20260611_144217,delta-asda-b3-e,1591,RTSO|SO|OE|VE|QS|TR,3,0,-1994110511,1501,23,0.09821,20,0.04782,301,49,4270,2391,6000,,1500,,,,constant_speed,transition,0,no_load,cw,C5: 1500 rpm,servo-app/lab-0.1
1781163776.5858274,37.15779733657837,C5_SPEED_1500,C5_SPEED_1500_R01_20260611_144217,delta-asda-b3-e,1591,RTSO|SO|OE|VE|QS|TR,3,0,-1989874954,1500,21,0.08967,22,0.052602,301,49,4270,2391,6000,,1500,,,,constant_speed,transition,0,no_load,cw,C5: 1500 rpm,servo-app/lab-0.1
1781163776.6863215,37.258291482925415,C5_SPEED_1500,C5_SPEED_1500_R01_20260611_144217,delta-asda-b3-e,1591,RTSO|SO|OE|VE|QS|TR,3,0,-1985680111,1501,24,0.10248,21,0.050211,301,49,4270,2391,6000,,1500,,,,constant_speed,transition,0,no_load,cw,C5: 1500 rpm,servo-app/lab-0.1
1781163776.7864485,37.358418464660645,C5_SPEED_1500,C5_SPEED_1500_R01_20260611_144217,delta-asda-b3-e,1591,RTSO|SO|OE|VE|QS|TR,3,0,-1981486787,1500,20,0.0854,20,0.04782,301,49,4270,2391,6000,,1500,,,,constant_speed,transition,0,no_load,cw,C5: 1500 rpm,servo-app/lab-0.1
1781163776.8868957,37.45886564254761,C5_SPEED_1500,C5_SPEED_1500_R01_20260611_144217,delta-asda-b3-e,1591,RTSO|SO|OE|VE|QS|TR,3,0,-1977249515,1501,21,0.08967,23,0.054993,301,49,4270,2391,6000,,1500,,,,constant_speed,transition,0,no_load,cw,C5: 1500 rpm,servo-app/lab-0.1
1781163776.987971,37.5599410533905,C5_SPEED_1500,C5_SPEED_1500_R01_20260611_144217,delta-asda-b3-e,1591,RTSO|SO|OE|VE|QS|TR,3,0,-1973014065,1500,22,0.09394,23,0.054993,301,49,4270,2391,6000,,1500,,,,constant_speed,transition,0,no_load,cw,C5: 1500 rpm,servo-app/lab-0.1
1781163777.088293,37.66026306152344,C5_SPEED_1500,C5_SPEED_1500_R01_20260611_144217,delta-asda-b3-e,1591,RTSO|SO|OE|VE|QS|TR,3,0,-1968819246,1500,26,0.11102,24,0.057384,301,49,4270,2391,6000,,1500,,,,constant_speed,transition,0,no_load,cw,C5: 1500 rpm,servo-app/lab-0.1
1781163777.1883986,37.76036858558655,C5_SPEED_1500,C5_SPEED_1500_R01_20260611_144217,delta-asda-b3-e,1591,RTSO|SO|OE|VE|QS|TR,3,0,-1964625916,1500,20,0.0854,20,0.04782,301,49,4270,2391,6000,,1500,,,,constant_speed,transition,0,no_load,cw,C5: 1500 rpm,servo-app/lab-0.1
1781163777.288564,37.86053395271301,C5_SPEED_1500,C5_SPEED_1500_R01_20260611_144217,delta-asda-b3-e,1591,RTSO|SO|OE|VE|QS|TR,3,0,-1960430692,1500,26,0.11102,21,0.050211,301,49,4270,2391,6000,,1500,,,,constant_speed,transition,0,no_load,cw,C5: 1500 rpm,servo-app/lab-0.1
1781163777.388887,37.960856914520264,C5_SPEED_1500,C5_SPEED_1500_R01_20260611_144217,delta-asda-b3-e,1591,RTSO|SO|OE|VE|QS|TR,3,0,-1956237115,1500,22,0.09394,22,0.052602,301,49,4270,2391,6000,,1500,,,,constant_speed,transition,0,no_load,cw,C5: 1500 rpm,servo-app/lab-0.1
1781163777.4892092,38.06117916107178,C5_SPEED_1500,C5_SPEED_1500_R01_20260611_144217,delta-asda-b3-e,1591,RTSO|SO|OE|VE|QS|TR,3,0,-1952000475,1499,24,0.10248,25,0.059775,301,49,4270,2391,6000,,1500,,,,constant_speed,transition,0,no_load,cw,C5: 1500 rpm,servo-app/lab-0.1
1781163777.5893197,38.16128969192505,C5_SPEED_1500,C5_SPEED_1500_R01_20260611_144217,delta-asda-b3-e,1591,RTSO|SO|OE|VE|QS|TR,3,0,-1947806895,1500,20,0.0854,19,0.045429,301,49,4270,2391,6000,,1500,,,,constant_speed,transition,0,no_load,cw,C5: 1500 rpm,servo-app/lab-0.1
1781163777.6898687,38.26183867454529,C5_SPEED_1500,C5_SPEED_1500_R01_20260611_144217,delta-asda-b3-e,1591,RTSO|SO|OE|VE|QS|TR,3,0,-1943569897,1500,22,0.09394,24,0.057384,301,49,4270,2391,6000,,1500,,,,constant_speed,transition,0,no_load,cw,C5: 1500 rpm,servo-app/lab-0.1
1781163777.790501,38.36247110366821,C5_SPEED_1500,C5_SPEED_1500_R01_20260611_144217,delta-asda-b3-e,1591,RTSO|SO|OE|VE|QS|TR,3,0,-1939375997,1501,21,0.08967,22,0.052602,301,49,4270,2391,6000,,1500,,,,constant_speed,transition,0,no_load,cw,C5: 1500 rpm,servo-app/lab-0.1
1781163777.891849,38.46381902694702,C5_SPEED_1500,C5_SPEED_1500_R01_20260611_144217,delta-asda-b3-e,1591,RTSO|SO|OE|VE|QS|TR,3,0,-1935097971,1499,24,0.10248,23,0.054993,301,49,4270,2391,6000,,1500,,,,constant_speed,transition,0,no_load,cw,C5: 1500 rpm,servo-app/lab-0.1
1781163777.9924307,38.5644006729126,C5_SPEED_1500,C5_SPEED_1500_R01_20260611_144217,delta-asda-b3-e,1591,RTSO|SO|OE|VE|QS|TR,3,0,-1930903706,1501,20,0.0854,19,0.045429,301,49,4270,2391,6000,,1500,,,,constant_speed,transition,0,no_load,cw,C5: 1500 rpm,servo-app/lab-0.1
1781163778.0926456,38.664615631103516,C5_SPEED_1500,C5_SPEED_1500_R01_20260611_144217,delta-asda-b3-e,1591,RTSO|SO|OE|VE|QS|TR,3,0,-1926709314,1499,20,0.0854,21,0.050211,301,49,4270,2391,6000,,1500,,,,constant_speed,transition,0,no_load,cw,C5: 1500 rpm,servo-app/lab-0.1
1781163778.1930788,38.76504874229431,C5_SPEED_1500,C5_SPEED_1500_R01_20260611_144217,delta-asda-b3-e,1591,RTSO|SO|OE|VE|QS|TR,3,0,-1922473024,1501,21,0.08967,22,0.052602,301,49,4270,2391,6000,,1500,,,,constant_speed,transition,0,no_load,cw,C5: 1500 rpm,servo-app/lab-0.1
1781163778.2937543,38.865724325180054,C5_SPEED_1500,C5_SPEED_1500_R01_20260611_144217,delta-asda-b3-e,1591,RTSO|SO|OE|VE|QS|TR,3,0,-1918279203,1498,25,0.10675,24,0.057384,301,49,4270,2391,6000,,1500,,,,constant_speed,transition,0,no_load,cw,C5: 1500 rpm,servo-app/lab-0.1
1781163778.394023,38.96599292755127,C5_SPEED_1500,C5_SPEED_1500_R01_20260611_144217,delta-asda-b3-e,1591,RTSO|SO|OE|VE|QS|TR,3,0,-1914042609,1501,21,0.08967,20,0.04782,301,49,4270,2391,6000,,1500,,,,constant_speed,transition,0,no_load,cw,C5: 1500 rpm,servo-app/lab-0.1
1781163778.494215,39.066184997558594,C5_SPEED_1500,C5_SPEED_1500_R01_20260611_144217,delta-asda-b3-e,1591,RTSO|SO|OE|VE|QS|TR,3,0,-1909848527,1499,24,0.10248,21,0.050211,301,49,4270,2391,6000,,1500,,,,constant_speed,transition,0,no_load,cw,C5: 1500 rpm,servo-app/lab-0.1
1781163778.594573,39.16654300689697,C5_SPEED_1500,C5_SPEED_1500_R01_20260611_144217,delta-asda-b3-e,1591,RTSO|SO|OE|VE|QS|TR,3,0,-1905653986,1501,22,0.09394,20,0.04782,301,49,4270,2391,6000,,1500,,,,constant_speed,transition,0,no_load,cw,C5: 1500 rpm,servo-app/lab-0.1
1781163778.6948078,39.266777753829956,C5_SPEED_1500,C5_SPEED_1500_R01_20260611_144217,delta-asda-b3-e,1591,RTSO|SO|OE|VE|QS|TR,3,0,-1901418503,1499,26,0.11102,25,0.059775,301,49,4270,2391,6000,,1500,,,,constant_speed,transition,0,no_load,cw,C5: 1500 rpm,servo-app/lab-0.1
1781163778.795058,39.36702799797058,C5_SPEED_1500,C5_SPEED_1500_R01_20260611_144217,delta-asda-b3-e,1591,RTSO|SO|OE|VE|QS|TR,3,0,-1897223644,1501,24,0.10248,20,0.04782,301,49,4270,2391,6000,,1500,,,,constant_speed,transition,0,no_load,cw,C5: 1500 rpm,servo-app/lab-0.1
1781163778.8952985,39.46726846694946,C5_SPEED_1500,C5_SPEED_1500_R01_20260611_144217,delta-asda-b3-e,1591,RTSO|SO|OE|VE|QS|TR,3,0,-1893029604,1500,21,0.08967,21,0.050211,301,49,4270,2391,6000,,1500,,,,constant_speed,transition,0,no_load,cw,C5: 1500 rpm,servo-app/lab-0.1
1781163778.9957385,39.56770849227905,C5_SPEED_1500,C5_SPEED_1500_R01_20260611_144217,delta-asda-b3-e,1591,RTSO|SO|OE|VE|QS|TR,3,0,-1888834982,1501,21,0.08967,21,0.050211,301,49,4270,2391,6000,,1500,,,,constant_speed,transition,0,no_load,cw,C5: 1500 rpm,servo-app/lab-0.1
1781163779.096287,39.668256998062134,C5_SPEED_1500,C5_SPEED_1500_R01_20260611_144217,delta-asda-b3-e,1591,RTSO|SO|OE|VE|QS|TR,3,0,-1884599552,1499,24,0.10248,26,0.062166,301,49,4270,2391,6000,,1500,,,,constant_speed,transition,0,no_load,cw,C5: 1500 rpm,servo-app/lab-0.1
1781163779.1968462,39.768816232681274,C5_SPEED_1500,C5_SPEED_1500_R01_20260611_144217,delta-asda-b3-e,1591,RTSO|SO|OE|VE|QS|TR,3,0,-1880404789,1501,21,0.08967,22,0.052602,301,49,4270,2391,6000,,1500,,,,constant_speed,transition,0,no_load,cw,C5: 1500 rpm,servo-app/lab-0.1
1781163779.2969165,39.86888647079468,C5_SPEED_1500,C5_SPEED_1500_R01_20260611_144217,delta-asda-b3-e,1591,RTSO|SO|OE|VE|QS|TR,3,0,-1876168721,1500,21,0.08967,20,0.04782,301,49,4270,2391,6000,,1500,,,,constant_speed,transition,0,no_load,cw,C5: 1500 rpm,servo-app/lab-0.1
1781163779.3973763,39.96934628486633,C5_SPEED_1500,C5_SPEED_1500_R01_20260611_144217,delta-asda-b3-e,1591,RTSO|SO|OE|VE|QS|TR,3,0,-1871974173,1500,21,0.08967,20,0.04782,301,49,4270,2391,6000,,1500,,,,constant_speed,transition,0,no_load,cw,C5: 1500 rpm,servo-app/lab-0.1
1781163779.4976177,40.06958770751953,C5_SPEED_1500,C5_SPEED_1500_R01_20260611_144217,delta-asda-b3-e,1591,RTSO|SO|OE|VE|QS|TR,3,0,-1867780568,1499,23,0.09821,26,0.062166,301,49,4270,2391,6000,,1500,,,,constant_speed,transition,0,no_load,cw,C5: 1500 rpm,servo-app/lab-0.1
1781163779.5981126,40.170082569122314,C5_SPEED_1500,C5_SPEED_1500_R01_20260611_144217,delta-asda-b3-e,1591,RTSO|SO|OE|VE|QS|TR,3,0,-1863543792,1501,21,0.08967,21,0.050211,301,49,4270,2391,6000,,1500,,,,constant_speed,transition,0,no_load,cw,C5: 1500 rpm,servo-app/lab-0.1
1781163779.6981845,40.27015447616577,C5_SPEED_1500,C5_SPEED_1500_R01_20260611_144217,delta-asda-b3-e,1591,RTSO|SO|OE|VE|QS|TR,3,0,-1859349630,1500,22,0.09394,22,0.052602,301,49,4270,2391,6000,,1500,,,,constant_speed,transition,0,no_load,cw,C5: 1500 rpm,servo-app/lab-0.1
1781163779.798578,40.37054800987244,C5_SPEED_1500,C5_SPEED_1500_R01_20260611_144217,delta-asda-b3-e,1591,RTSO|SO|OE|VE|QS|TR,3,0,-1855155129,1500,21,0.08967,22,0.052602,301,49,4270,2391,6000,,1500,,,,constant_speed,transition,0,no_load,cw,C5: 1500 rpm,servo-app/lab-0.1
1781163779.8994462,40.47141623497009,C5_SPEED_1500,C5_SPEED_1500_R01_20260611_144217,delta-asda-b3-e,1591,RTSO|SO|OE|VE|QS|TR,3,0,-1850752207,1499,18,0.07686,21,0.050211,302,49,4270,2391,6000,,1500,,,,constant_speed,transition,0,no_load,cw,C5: 1500 rpm,servo-app/lab-0.1
1781163779.9997308,40.57170081138611,C5_SPEED_1500,C5_SPEED_1500_R01_20260611_144217,delta-asda-b3-e,1591,RTSO|SO|OE|VE|QS|TR,3,0,-1846724900,1501,21,0.08967,22,0.052602,301,49,4270,2391,6000,,1500,,,,constant_speed,transition,0,no_load,cw,C5: 1500 rpm,servo-app/lab-0.1
1781163780.1007168,40.67268681526184,C5_SPEED_1500,C5_SPEED_1500_R01_20260611_144217,delta-asda-b3-e,1591,RTSO|SO|OE|VE|QS|TR,3,0,-1842488903,1499,23,0.09821,22,0.052602,301,49,4270,2391,6000,,1500,,,,constant_speed,transition,0,no_load,cw,C5: 1500 rpm,servo-app/lab-0.1
1781163780.2010555,40.77302551269531,C5_SPEED_1500,C5_SPEED_1500_R01_20260611_144217,delta-asda-b3-e,1591,RTSO|SO|OE|VE|QS|TR,3,0,-1838252583,1500,22,0.09394,21,0.050211,301,49,4270,2391,6000,,1500,,,,constant_speed,transition,0,no_load,cw,C5: 1500 rpm,servo-app/lab-0.1
1781163780.3014503,40.87342023849487,C5_SPEED_1500,C5_SPEED_1500_R01_20260611_144217,delta-asda-b3-e,1591,RTSO|SO|OE|VE|QS|TR,3,0,-1834059091,1499,25,0.10675,25,0.059775,301,49,4270,2391,6000,,1500,,,,constant_speed,transition,0,no_load,cw,C5: 1500 rpm,servo-app/lab-0.1
1781163780.4017682,40.97373819351196,C5_SPEED_1500,C5_SPEED_1500_R01_20260611_144217,delta-asda-b3-e,1591,RTSO|SO|OE|VE|QS|TR,3,0,-1829864023,1501,20,0.0854,22,0.052602,301,49,4270,2391,6000,,1500,,,,constant_speed,transition,0,no_load,cw,C5: 1500 rpm,servo-app/lab-0.1
1781163780.5022974,41.07426738739014,C5_SPEED_1500,C5_SPEED_1500_R01_20260611_144217,delta-asda-b3-e,1591,RTSO|SO|OE|VE|QS|TR,3,0,-1825628056,1499,22,0.09394,24,0.057384,301,49,4270,2391,6000,,1500,,,,constant_speed,transition,0,no_load,cw,C5: 1500 rpm,servo-app/lab-0.1
1781163780.603443,41.17541289329529,C5_SPEED_1500,C5_SPEED_1500_R01_20260611_144217,delta-asda-b3-e,1591,RTSO|SO|OE|VE|QS|TR,3,0,-1821391614,1500,22,0.09394,20,0.04782,301,49,4270,2391,6000,,1500,,,,constant_speed,transition,0,no_load,cw,C5: 1500 rpm,servo-app/lab-0.1
1781163780.7035944,41.275564432144165,C5_SPEED_1500,C5_SPEED_1500_R01_20260611_144217,delta-asda-b3-e,1591,RTSO|SO|OE|VE|QS|TR,3,0,-1817198210,1499,20,0.0854,21,0.050211,301,49,4270,2391,6000,,1500,,,,constant_speed,transition,0,no_load,cw,C5: 1500 rpm,servo-app/lab-0.1
1781163780.8042026,41.37617254257202,C5_SPEED_1500,C5_SPEED_1500_R01_20260611_144217,delta-asda-b3-e,1591,RTSO|SO|OE|VE|QS|TR,3,0,-1812961098,1501,19,0.08113,22,0.052602,301,49,4270,2391,6000,,1500,,,,constant_speed,transition,0,no_load,cw,C5: 1500 rpm,servo-app/lab-0.1
1781163780.9044683,41.47643828392029,C5_SPEED_1500,C5_SPEED_1500_R01_20260611_144217,delta-asda-b3-e,1591,RTSO|SO|OE|VE|QS|TR,3,0,-1808767293,1499,22,0.09394,20,0.04782,301,49,4270,2391,6000,,1500,,,,constant_speed,transition,0,no_load,cw,C5: 1500 rpm,servo-app/lab-0.1
1781163781.004996,41.57696604728699,C5_SPEED_1500,C5_SPEED_1500_R01_20260611_144217,delta-asda-b3-e,1591,RTSO|SO|OE|VE|QS|TR,3,0,-1804530634,1500,21,0.08967,24,0.057384,301,49,4270,2391,6000,,1500,,,,constant_speed,transition,0,no_load,cw,C5: 1500 rpm,servo-app/lab-0.1
1781163781.1050363,41.677006244659424,C5_SPEED_1500,C5_SPEED_1500_R01_20260611_144217,delta-asda-b3-e,1591,RTSO|SO|OE|VE|QS|TR,3,0,-1800337373,1499,19,0.08113,20,0.04782,301,49,4270,2391,6000,,1500,,,,constant_speed,transition,0,no_load,cw,C5: 1500 rpm,servo-app/lab-0.1
1781163781.2052748,41.77724480628967,C5_SPEED_1500,C5_SPEED_1500_R01_20260611_144217,delta-asda-b3-e,1591,RTSO|SO|OE|VE|QS|TR,3,0,-1796142159,1501,21,0.08967,20,0.04782,301,49,4270,2391,6000,,1500,,,,constant_speed,transition,0,no_load,cw,C5: 1500 rpm,servo-app/lab-0.1
1781163781.3058257,41.877795696258545,C5_SPEED_1500,C5_SPEED_1500_R01_20260611_144217,delta-asda-b3-e,1591,RTSO|SO|OE|VE|QS|TR,3,0,-1791948421,1499,23,0.09821,23,0.054993,301,49,4270,2391,6000,,1500,,,,constant_speed,transition,0,no_load,cw,C5: 1500 rpm,servo-app/lab-0.1
1781163781.4063542,41.97832417488098,C5_SPEED_1500,C5_SPEED_1500_R01_20260611_144217,delta-asda-b3-e,1591,RTSO|SO|OE|VE|QS|TR,3,0,-1787711726,1500,24,0.10248,22,0.052602,301,49,4270,2391,6000,,1500,,,,constant_speed,transition,0,no_load,cw,C5: 1500 rpm,servo-app/lab-0.1
1781163781.5064285,42.07839846611023,C5_SPEED_1500,C5_SPEED_1500_R01_20260611_144217,delta-asda-b3-e,1591,RTSO|SO|OE|VE|QS|TR,3,0,-1783518461,1499,18,0.07686,20,0.04782,301,49,4270,2391,6000,,1500,,,,constant_speed,transition,0,no_load,cw,C5: 1500 rpm,servo-app/lab-0.1
1781163781.606972,42.17894196510315,C5_SPEED_1500,C5_SPEED_1500_R01_20260611_144217,delta-asda-b3-e,1591,RTSO|SO|OE|VE|QS|TR,3,0,-1779281150,1501,20,0.0854,20,0.04782,301,49,4270,2391,6000,,1500,,,,constant_speed,transition,0,no_load,cw,C5: 1500 rpm,servo-app/lab-0.1
1781163781.7075055,42.27947545051575,C5_SPEED_1500,C5_SPEED_1500_R01_20260611_144217,delta-asda-b3-e,1591,RTSO|SO|OE|VE|QS|TR,3,0,-1775087484,1500,22,0.09394,22,0.052602,301,49,4270,2391,6000,,1500,,,,constant_speed,transition,0,no_load,cw,C5: 1500 rpm,servo-app/lab-0.1
1781163781.808067,42.38003706932068,C5_SPEED_1500,C5_SPEED_1500_R01_20260611_144217,delta-asda-b3-e,1591,RTSO|SO|OE|VE|QS|TR,3,0,-1770850698,1500,24,0.10248,22,0.052602,301,49,4270,2391,6000,,1500,,,,constant_speed,transition,0,no_load,cw,C5: 1500 rpm,servo-app/lab-0.1
1781163781.908138,42.48010802268982,C5_SPEED_1500,C5_SPEED_1500_R01_20260611_144217,delta-asda-b3-e,1591,RTSO|SO|OE|VE|QS|TR,3,0,-1766657510,1500,19,0.08113,19,0.045429,301,49,4270,2391,6000,,1500,,,,constant_speed,transition,0,no_load,cw,C5: 1500 rpm,servo-app/lab-0.1
1781163782.0095022,42.58147215843201,C5_SPEED_1500,C5_SPEED_1500_R01_20260611_144217,delta-asda-b3-e,1591,RTSO|SO|OE|VE|QS|TR,3,0,-1762420457,1500,21,0.08967,21,0.050211,301,49,4270,2391,6000,,1500,,,,constant_speed,transition,0,no_load,cw,C5: 1500 rpm,servo-app/lab-0.1
1781163782.1101606,42.682130575180054,C5_SPEED_1500,C5_SPEED_1500_R01_20260611_144217,delta-asda-b3-e,1591,RTSO|SO|OE|VE|QS|TR,3,0,-1758184538,1501,20,0.0854,22,0.052602,301,49,4270,2391,6000,,1500,,,,constant_speed,transition,0,no_load,cw,C5: 1500 rpm,servo-app/lab-0.1
1781163782.2116175,42.78358745574951,C5_SPEED_1500,C5_SPEED_1500_R01_20260611_144217,delta-asda-b3-e,1591,RTSO|SO|OE|VE|QS|TR,3,0,-1753948266,1499,25,0.10675,23,0.054993,301,49,4270,2391,6000,,1500,,,,constant_speed,transition,0,no_load,cw,C5: 1500 rpm,servo-app/lab-0.1
1781163782.3119445,42.88391447067261,C5_SPEED_1500,C5_SPEED_1500_R01_20260611_144217,delta-asda-b3-e,1591,RTSO|SO|OE|VE|QS|TR,3,0,-1749712188,1501,20,0.0854,20,0.04782,301,49,4270,2391,6000,,1500,,,,constant_speed,transition,0,no_load,cw,C5: 1500 rpm,servo-app/lab-0.1
1781163782.4612813,43.03325128555298,C5_SPEED_1500,C5_SPEED_1500_R01_20260611_144217,delta-asda-b3-e,1591,RTSO|SO|OE|VE|QS|TR,3,0,-1741407474,1501,21,0.08967,22,0.052602,301,49,4270,2391,6000,,1500,,,,constant_speed,transition,0,no_load,cw,C5: 1500 rpm,servo-app/lab-0.1
1781163782.5619197,43.13388967514038,C5_SPEED_1500,C5_SPEED_1500_R01_20260611_144217,delta-asda-b3-e,1591,RTSO|SO|OE|VE|QS|TR,3,0,-1739226125,1501,20,0.0854,21,0.050211,301,49,4270,2391,6000,,1500,,,,constant_speed,transition,0,no_load,cw,C5: 1500 rpm,servo-app/lab-0.1
1781163782.6622384,43.23420834541321,C5_SPEED_1500,C5_SPEED_1500_R01_20260611_144217,delta-asda-b3-e,1591,RTSO|SO|OE|VE|QS|TR,3,0,-1735032340,1499,22,0.09394,23,0.054993,301,49,4270,2391,6000,,1500,,,,constant_speed,transition,0,no_load,cw,C5: 1500 rpm,servo-app/lab-0.1
1781163782.763105,43.33507490158081,C5_SPEED_1500,C5_SPEED_1500_R01_20260611_144217,delta-asda-b3-e,1591,RTSO|SO|OE|VE|QS|TR,3,0,-1730795718,1501,22,0.09394,20,0.04782,301,49,4270,2391,6000,,1500,,,,constant_speed,transition,0,no_load,cw,C5: 1500 rpm,servo-app/lab-0.1
1781163782.8636866,43.43565654754639,C5_SPEED_1500,C5_SPEED_1500_R01_20260611_144217,delta-asda-b3-e,1591,RTSO|SO|OE|VE|QS|TR,3,0,-1726602117,1499,21,0.08967,22,0.052602,301,49,4270,2391,6000,,1500,,,,constant_speed,transition,0,no_load,cw,C5: 1500 rpm,servo-app/lab-0.1
1781163782.9640803,43.53605031967163,C5_SPEED_1500,C5_SPEED_1500_R01_20260611_144217,delta-asda-b3-e,1591,RTSO|SO|OE|VE|QS|TR,3,0,-1722365173,1501,22,0.09394,21,0.050211,302,49,4270,2391,6000,,1500,,,,constant_speed,transition,0,no_load,cw,C5: 1500 rpm,servo-app/lab-0.1
1781163783.0666087,43.63857865333557,C5_SPEED_1500,C5_SPEED_1500_R01_20260611_144217,delta-asda-b3-e,1591,RTSO|SO|OE|VE|QS|TR,3,0,-1718087693,1499,23,0.09821,24,0.057384,301,49,4270,2391,6000,,1500,,,,constant_speed,transition,0,no_load,cw,C5: 1500 rpm,servo-app/lab-0.1
1781163783.167156,43.73912596702576,C5_SPEED_1500,C5_SPEED_1500_R01_20260611_144217,delta-asda-b3-e,1591,RTSO|SO|OE|VE|QS|TR,3,0,-1713850836,1500,26,0.11102,23,0.054993,301,49,4270,2391,6000,,1500,,,,constant_speed,transition,0,no_load,cw,C5: 1500 rpm,servo-app/lab-0.1
1781163783.267644,43.839613914489746,C5_SPEED_1500,C5_SPEED_1500_R01_20260611_144217,delta-asda-b3-e,1591,RTSO|SO|OE|VE|QS|TR,3,0,-1709657433,1499,20,0.0854,21,0.050211,301,49,4270,2391,6000,,1500,,,,constant_speed,transition,0,no_load,cw,C5: 1500 rpm,servo-app/lab-0.1
1781163783.3682497,43.94021964073181,C5_SPEED_1500,C5_SPEED_1500_R01_20260611_144217,delta-asda-b3-e,1591,RTSO|SO|OE|VE|QS|TR,3,0,-1705420309,1500,25,0.10675,22,0.052602,301,49,4270,2391,6000,,1500,,,,constant_speed,transition,0,no_load,cw,C5: 1500 rpm,servo-app/lab-0.1
1781163783.468529,44.04049897193909,C5_SPEED_1500,C5_SPEED_1500_R01_20260611_144217,delta-asda-b3-e,1591,RTSO|SO|OE|VE|QS|TR,3,0,-1701226872,1500,24,0.10248,24,0.057384,301,49,4270,2391,6000,,1500,,,,constant_speed,transition,0,no_load,cw,C5: 1500 rpm,servo-app/lab-0.1
1781163783.5694666,44.14143657684326,C5_SPEED_1500,C5_SPEED_1500_R01_20260611_144217,delta-asda-b3-e,1591,RTSO|SO|OE|VE|QS|TR,3,0,-1696990062,1499,26,0.11102,26,0.062166,301,49,4270,2391,6000,,1500,,,,constant_speed,transition,0,no_load,cw,C5: 1500 rpm,servo-app/lab-0.1
1781163783.6698618,44.24183177947998,C5_SPEED_1500,C5_SPEED_1500_R01_20260611_144217,delta-asda-b3-e,1591,RTSO|SO|OE|VE|QS|TR,3,0,-1692796385,1500,23,0.09821,20,0.04782,301,49,4270,2391,6000,,1500,,,,constant_speed,transition,0,no_load,cw,C5: 1500 rpm,servo-app/lab-0.1
1781163783.770414,44.34238409996033,C5_SPEED_1500,C5_SPEED_1500_R01_20260611_144217,delta-asda-b3-e,1591,RTSO|SO|OE|VE|QS|TR,3,0,-1688559546,1499,23,0.09821,23,0.054993,301,49,4270,2391,6000,,1500,,,,constant_speed,transition,0,no_load,cw,C5: 1500 rpm,servo-app/lab-0.1
1781163783.8707256,44.44269561767578,C5_SPEED_1500,C5_SPEED_1500_R01_20260611_144217,delta-asda-b3-e,1591,RTSO|SO|OE|VE|QS|TR,3,0,-1684365773,1500,20,0.0854,21,0.050211,301,49,4270,2391,6000,,1500,,,,constant_speed,transition,0,no_load,cw,C5: 1500 rpm,servo-app/lab-0.1
1781163783.9711347,44.54310464859009,C5_SPEED_1500,C5_SPEED_1500_R01_20260611_144217,delta-asda-b3-e,1591,RTSO|SO|OE|VE|QS|TR,3,0,-1680129529,1499,24,0.10248,24,0.057384,301,49,4270,2391,6000,,1500,,,,constant_speed,transition,0,no_load,cw,C5: 1500 rpm,servo-app/lab-0.1
1781163784.071594,44.643563985824585,C5_SPEED_1500,C5_SPEED_1500_R01_20260611_144217,delta-asda-b3-e,1591,RTSO|SO|OE|VE|QS|TR,3,0,-1675935457,1501,19,0.08113,18,0.043038,301,49,4270,2391,6000,,1500,,,,constant_speed,transition,0,no_load,cw,C5: 1500 rpm,servo-app/lab-0.1
1781163784.1717033,44.74367332458496,C5_SPEED_1500,C5_SPEED_1500_R01_20260611_144217,delta-asda-b3-e,1591,RTSO|SO|OE|VE|QS|TR,3,0,-1671740835,1499,21,0.08967,23,0.054993,301,49,4270,2391,6000,,1500,,,,constant_speed,transition,0,no_load,cw,C5: 1500 rpm,servo-app/lab-0.1
1781163784.2719176,44.84388756752014,C5_SPEED_1500,C5_SPEED_1500_R01_20260611_144217,delta-asda-b3-e,1591,RTSO|SO|OE|VE|QS|TR,3,0,-1667546868,1500,21,0.08967,22,0.052602,301,49,4270,2391,6000,,1500,,,,constant_speed,transition,0,no_load,cw,C5: 1500 rpm,servo-app/lab-0.1
1781163784.372031,44.94400095939636,C5_SPEED_1500,C5_SPEED_1500_R01_20260611_144217,delta-asda-b3-e,1591,RTSO|SO|OE|VE|QS|TR,3,0,-1663310666,1498,24,0.10248,25,0.059775,300,49,4270,2391,6000,,1500,,,,constant_speed,transition,0,no_load,cw,C5: 1500 rpm,servo-app/lab-0.1
1781163784.4721572,45.044127225875854,C5_SPEED_1500,C5_SPEED_1500_R01_20260611_144217,delta-asda-b3-e,1591,RTSO|SO|OE|VE|QS|TR,3,0,-1659116282,1501,18,0.07686,18,0.043038,301,49,4270,2391,6000,,1500,,,,constant_speed,transition,0,no_load,cw,C5: 1500 rpm,servo-app/lab-0.1
1781163784.5724306,45.14440059661865,C5_SPEED_1500,C5_SPEED_1500_R01_20260611_144217,delta-asda-b3-e,1591,RTSO|SO|OE|VE|QS|TR,3,0,-1654921884,1499,20,0.0854,21,0.050211,300,49,4270,2391,6000,,1500,,,,constant_speed,transition,0,no_load,cw,C5: 1500 rpm,servo-app/lab-0.1
1781163784.6725385,45.244508504867554,C5_SPEED_1500,C5_SPEED_1500_R01_20260611_144217,delta-asda-b3-e,1591,RTSO|SO|OE|VE|QS|TR,3,0,-1650727741,1501,20,0.0854,20,0.04782,301,49,4270,2391,6000,,1500,,,,constant_speed,transition,0,no_load,cw,C5: 1500 rpm,servo-app/lab-0.1
1781163784.7729115,45.344881534576416,C5_SPEED_1500,C5_SPEED_1500_R01_20260611_144217,delta-asda-b3-e,1591,RTSO|SO|OE|VE|QS|TR,3,0,-1646491820,1498,23,0.09821,24,0.057384,301,49,4270,2391,6000,,1500,,,,constant_speed,transition,0,no_load,cw,C5: 1500 rpm,servo-app/lab-0.1
1781163784.8730614,45.44503140449524,C5_SPEED_1500,C5_SPEED_1500_R01_20260611_144217,delta-asda-b3-e,1591,RTSO|SO|OE|VE|QS|TR,3,0,-1642297344,1501,20,0.0854,19,0.045429,300,49,4270,2391,6000,,1500,,,,constant_speed,transition,0,no_load,cw,C5: 1500 rpm,servo-app/lab-0.1
1781163784.9736574,45.54562735557556,C5_SPEED_1500,C5_SPEED_1500_R01_20260611_144217,delta-asda-b3-e,1591,RTSO|SO|OE|VE|QS|TR,3,0,-1638103186,1499,19,0.08113,21,0.050211,301,49,4270,2391,6000,,1500,,,,constant_speed,transition,0,no_load,cw,C5: 1500 rpm,servo-app/lab-0.1
1781163785.073723,45.64569306373596,C5_SPEED_1500,C5_SPEED_1500_R01_20260611_144217,delta-asda-b3-e,1591,RTSO|SO|OE|VE|QS|TR,3,0,-1633908811,1501,21,0.08967,21,0.050211,301,49,4270,2391,6000,,1500,,,,constant_speed,transition,0,no_load,cw,C5: 1500 rpm,servo-app/lab-0.1
1781163785.173904,45.74587392807007,C5_SPEED_1500,C5_SPEED_1500_R01_20260611_144217,delta-asda-b3-e,1591,RTSO|SO|OE|VE|QS|TR,3,0,-1629714862,1498,23,0.09821,24,0.057384,301,49,4270,2391,6000,,1500,,,,constant_speed,transition,0,no_load,cw,C5: 1500 rpm,servo-app/lab-0.1
1781163785.2742276,45.84619760513306,C5_SPEED_1500,C5_SPEED_1500_R01_20260611_144217,delta-asda-b3-e,1591,RTSO|SO|OE|VE|QS|TR,3,0,-1625478290,1501,20,0.0854,19,0.045429,300,49,4270,2391,6000,,1500,,,,constant_speed,transition,0,no_load,cw,C5: 1500 rpm,servo-app/lab-0.1
1781163785.3743467,45.946316719055176,C5_SPEED_1500,C5_SPEED_1500_R01_20260611_144217,delta-asda-b3-e,1591,RTSO|SO|OE|VE|QS|TR,3,0,-1621284266,1499,21,0.08967,20,0.04782,301,49,4270,2391,6000,,1500,,,,constant_speed,transition,0,no_load,cw,C5: 1500 rpm,servo-app/lab-0.1
1781163785.4748447,46.04681468009949,C5_SPEED_1500,C5_SPEED_1500_R01_20260611_144217,delta-asda-b3-e,1591,RTSO|SO|OE|VE|QS|TR,3,0,-1617089811,1501,21,0.08967,20,0.04782,301,49,4270,2391,6000,,1500,,,,constant_speed,transition,0,no_load,cw,C5: 1500 rpm,servo-app/lab-0.1
1781163785.5753195,46.147289514541626,C5_SPEED_1500,C5_SPEED_1500_R01_20260611_144217,delta-asda-b3-e,1591,RTSO|SO|OE|VE|QS|TR,3,0,-1612854127,1499,24,0.10248,24,0.057384,300,49,4270,2391,6000,,1500,,,,constant_speed,transition,0,no_load,cw,C5: 1500 rpm,servo-app/lab-0.1
1781163785.6770272,46.2489972114563,C5_SPEED_1500,C5_SPEED_1500_R01_20260611_144217,delta-asda-b3-e,1591,RTSO|SO|OE|VE|QS|TR,3,0,-1608575341,1501,20,0.0854,21,0.050211,300,49,4270,2391,6000,,1500,,,,constant_speed,transition,0,no_load,cw,C5: 1500 rpm,servo-app/lab-0.1
1781163785.7773588,46.3493287563324,C5_SPEED_1500,C5_SPEED_1500_R01_20260611_144217,delta-asda-b3-e,1591,RTSO|SO|OE|VE|QS|TR,3,0,-1604339292,1500,21,0.08967,22,0.052602,301,49,4270,2391,6000,,1500,,,,constant_speed,transition,0,no_load,cw,C5: 1500 rpm,servo-app/lab-0.1
1781163785.8785708,46.45054078102112,C5_SPEED_1500,C5_SPEED_1500_R01_20260611_144217,delta-asda-b3-e,1591,RTSO|SO|OE|VE|QS|TR,3,0,-1600144871,1501,19,0.08113,21,0.050211,301,49,4270,2391,6000,,1500,,,,constant_speed,transition,0,no_load,cw,C5: 1500 rpm,servo-app/lab-0.1
1781163785.9787486,46.550718545913696,C5_SPEED_1500,C5_SPEED_1500_R01_20260611_144217,delta-asda-b3-e,1591,RTSO|SO|OE|VE|QS|TR,3,0,-1595951251,1499,23,0.09821,25,0.059775,300,49,4270,2391,6000,,1500,,,,constant_speed,transition,0,no_load,cw,C5: 1500 rpm,servo-app/lab-0.1
1781163786.078976,46.65094590187073,C5_SPEED_1500,C5_SPEED_1500_R01_20260611_144217,delta-asda-b3-e,1591,RTSO|SO|OE|VE|QS|TR,3,0,-1591756429,1501,21,0.08967,22,0.052602,301,49,4270,2391,6000,,1500,,,,constant_speed,transition,0,no_load,cw,C5: 1500 rpm,servo-app/lab-0.1
1781163786.17957,46.75153994560242,C5_SPEED_1500,C5_SPEED_1500_R01_20260611_144217,delta-asda-b3-e,1591,RTSO|SO|OE|VE|QS|TR,3,0,-1587520321,1500,23,0.09821,20,0.04782,300,49,4270,2391,6000,,1500,,,,constant_speed,transition,0,no_load,cw,C5: 1500 rpm,servo-app/lab-0.1
1781163786.2797408,46.8517107963562,C5_SPEED_1500,C5_SPEED_1500_R01_20260611_144217,delta-asda-b3-e,1591,RTSO|SO|OE|VE|QS|TR,3,0,-1583325925,1501,18,0.07686,19,0.045429,301,49,4270,2391,6000,,1500,,,,constant_speed,transition,0,no_load,cw,C5: 1500 rpm,servo-app/lab-0.1
1781163786.3801653,46.95213532447815,C5_SPEED_1500,C5_SPEED_1500_R01_20260611_144217,delta-asda-b3-e,1591,RTSO|SO|OE|VE|QS|TR,3,0,-1579090314,1499,22,0.09394,23,0.054993,300,49,4270,2391,6000,,1500,,,,constant_speed,transition,0,no_load,cw,C5: 1500 rpm,servo-app/lab-0.1
1781163786.4805303,47.05250024795532,C5_SPEED_1500,C5_SPEED_1500_R01_20260611_144217,delta-asda-b3-e,1591,RTSO|SO|OE|VE|QS|TR,3,0,-1574811469,1501,21,0.08967,22,0.052602,301,49,4270,2391,6000,,1500,,,,constant_speed,transition,0,no_load,cw,C5: 1500 rpm,servo-app/lab-0.1
1781163786.5807402,47.15271019935608,C5_SPEED_1500,C5_SPEED_1500_R01_20260611_144217,delta-asda-b3-e,1591,RTSO|SO|OE|VE|QS|TR,3,0,-1570701293,1500,22,0.09394,21,0.050211,300,49,4270,2391,6000,,1500,,,,constant_speed,transition,0,no_load,cw,C5: 1500 rpm,servo-app/lab-0.1
1781163786.6818316,47.253801584243774,C5_SPEED_1500,C5_SPEED_1500_R01_20260611_144217,delta-asda-b3-e,1591,RTSO|SO|OE|VE|QS|TR,3,0,-1566465023,1501,20,0.0854,19,0.045429,301,49,4270,2391,6000,,1500,,,,constant_speed,transition,0,no_load,cw,C5: 1500 rpm,servo-app/lab-0.1
1781163786.78247,47.35443997383118,C5_SPEED_1500,C5_SPEED_1500_R01_20260611_144217,delta-asda-b3-e,1591,RTSO|SO|OE|VE|QS|TR,3,0,-1562229552,1499,22,0.09394,23,0.054993,301,49,4270,2391,6000,,1500,,,,constant_speed,transition,0,no_load,cw,C5: 1500 rpm,servo-app/lab-0.1
1781163786.8825538,47.45452380180359,C5_SPEED_1500,C5_SPEED_1500_R01_20260611_144217,delta-asda-b3-e,1591,RTSO|SO|OE|VE|QS|TR,3,0,-1558034580,1501,23,0.09821,22,0.052602,301,49,4270,2391,6000,,1500,,,,constant_speed,transition,0,no_load,cw,C5: 1500 rpm,servo-app/lab-0.1
1781163786.9831321,47.55510210990906,C5_SPEED_1500,C5_SPEED_1500_R01_20260611_144217,delta-asda-b3-e,1591,RTSO|SO|OE|VE|QS|TR,3,0,-1553798698,1500,22,0.09394,25,0.059775,301,49,4270,2391,6000,,1500,,,,constant_speed,transition,0,no_load,cw,C5: 1500 rpm,servo-app/lab-0.1
1781163787.0836542,47.65562415122986,C5_SPEED_1500,C5_SPEED_1500_R01_20260611_144217,delta-asda-b3-e,1591,RTSO|SO|OE|VE|QS|TR,3,0,-1549604106,1501,23,0.09821,21,0.050211,301,49,4270,2391,6000,,1500,,,,constant_speed,transition,0,no_load,cw,C5: 1500 rpm,servo-app/lab-0.1
1781163787.1838753,47.75584530830383,C5_SPEED_1500,C5_SPEED_1500_R01_20260611_144217,delta-asda-b3-e,1591,RTSO|SO|OE|VE|QS|TR,3,0,-1545410556,1499,22,0.09394,24,0.057384,301,49,4270,2391,6000,,1500,,,,constant_speed,transition,0,no_load,cw,C5: 1500 rpm,servo-app/lab-0.1
1781163787.2839973,47.8559672832489,C5_SPEED_1500,C5_SPEED_1500_R01_20260611_144217,delta-asda-b3-e,1591,RTSO|SO|OE|VE|QS|TR,3,0,-1541173446,1501,20,0.0854,22,0.052602,301,49,4270,2391,6000,,1500,,,,constant_speed,transition,0,no_load,cw,C5: 1500 rpm,servo-app/lab-0.1
1781163787.3841298,47.95609974861145,C5_SPEED_1500,C5_SPEED_1500_R01_20260611_144217,delta-asda-b3-e,1591,RTSO|SO|OE|VE|QS|TR,3,0,-1536979736,1500,23,0.09821,25,0.059775,301,49,4270,2391,6000,,1500,,,,constant_speed,transition,0,no_load,cw,C5: 1500 rpm,servo-app/lab-0.1
1781163787.4844756,48.056445598602295,C5_SPEED_1500,C5_SPEED_1500_R01_20260611_144217,delta-asda-b3-e,1591,RTSO|SO|OE|VE|QS|TR,3,0,-1532785068,1501,21,0.08967,20,0.04782,301,49,4270,2391,6000,,1500,,,,constant_speed,transition,0,no_load,cw,C5: 1500 rpm,servo-app/lab-0.1
1781163787.5845811,48.156551122665405,C5_SPEED_1500,C5_SPEED_1500_R01_20260611_144217,delta-asda-b3-e,1591,RTSO|SO|OE|VE|QS|TR,3,0,-1528591586,1499,20,0.0854,20,0.04782,301,49,4270,2391,6000,,1500,,,,constant_speed,transition,0,no_load,cw,C5: 1500 rpm,servo-app/lab-0.1
1781163787.6850624,48.25703239440918,C5_SPEED_1500,C5_SPEED_1500_R01_20260611_144217,delta-asda-b3-e,1591,RTSO|SO|OE|VE|QS|TR,3,0,-1524396474,1501,20,0.0854,23,0.054993,300,49,4270,2391,6000,,1500,,,,constant_speed,transition,0,no_load,cw,C5: 1500 rpm,servo-app/lab-0.1
1781163787.785815,48.35778498649597,C5_SPEED_1500,C5_SPEED_1500_R01_20260611_144217,delta-asda-b3-e,1591,RTSO|SO|OE|VE|QS|TR,3,0,-1520118899,1499,24,0.10248,22,0.052602,301,49,4270,2391,6000,,1500,,,,constant_speed,transition,0,no_load,cw,C5: 1500 rpm,servo-app/lab-0.1
1781163787.8860662,48.45803618431091,C5_SPEED_1500,C5_SPEED_1500_R01_20260611_144217,delta-asda-b3-e,1591,RTSO|SO|OE|VE|QS|TR,3,0,-1515924113,1501,23,0.09821,20,0.04782,301,49,4270,2391,6000,,1500,,,,constant_speed,transition,0,no_load,cw,C5: 1500 rpm,servo-app/lab-0.1
1781163787.9868553,48.55882525444031,C5_SPEED_1500,C5_SPEED_1500_R01_20260611_144217,delta-asda-b3-e,1591,RTSO|SO|OE|VE|QS|TR,3,0,-1511688840,1500,21,0.08967,21,0.050211,301,49,4270,2391,6000,,1500,,,,constant_speed,transition,0,no_load,cw,C5: 1500 rpm,servo-app/lab-0.1
1781163788.0870552,48.65902519226074,C5_SPEED_1500,C5_SPEED_1500_R01_20260611_144217,delta-asda-b3-e,1591,RTSO|SO|OE|VE|QS|TR,3,0,-1507535531,1501,21,0.08967,20,0.04782,301,49,4270,2391,6000,,1500,,,,constant_speed,transition,0,no_load,cw,C5: 1500 rpm,servo-app/lab-0.1
1781163788.1872716,48.759241580963135,C5_SPEED_1500,C5_SPEED_1500_R01_20260611_144217,delta-asda-b3-e,1591,RTSO|SO|OE|VE|QS|TR,3,0,-1503299996,1500,23,0.09821,22,0.052602,301,49,4270,2391,6000,,1500,,,,constant_speed,transition,0,no_load,cw,C5: 1500 rpm,servo-app/lab-0.1
1781163788.287843,48.85981297492981,C5_SPEED_1500,C5_SPEED_1500_R01_20260611_144217,delta-asda-b3-e,1591,RTSO|SO|OE|VE|QS|TR,3,0,-1499105169,1500,23,0.09821,23,0.054993,301,49,4270,2391,6000,,1500,,,,constant_speed,transition,0,no_load,cw,C5: 1500 rpm,servo-app/lab-0.1
1781163788.3881867,48.96015667915344,C5_SPEED_1500,C5_SPEED_1500_R01_20260611_144217,delta-asda-b3-e,1591,RTSO|SO|OE|VE|QS|TR,3,0,-1494869788,1500,20,0.0854,19,0.045429,301,49,4270,2391,6000,,1500,,,,constant_speed,transition,0,no_load,cw,C5: 1500 rpm,servo-app/lab-0.1
1781163788.48827,49.060240030288696,C5_SPEED_1500,C5_SPEED_1500_R01_20260611_144217,delta-asda-b3-e,1591,RTSO|SO|OE|VE|QS|TR,3,0,-1490674576,1500,24,0.10248,20,0.04782,301,49,4270,2391,6000,,1500,,,,constant_speed,transition,0,no_load,cw,C5: 1500 rpm,servo-app/lab-0.1
1781163788.5888612,49.16083121299744,C5_SPEED_1500,C5_SPEED_1500_R01_20260611_144217,delta-asda-b3-e,1591,RTSO|SO|OE|VE|QS|TR,3,0,-1486480924,1500,21,0.08967,23,0.054993,301,49,4270,2391,6000,,1500,,,,constant_speed,transition,0,no_load,cw,C5: 1500 rpm,servo-app/lab-0.1
1781163788.6896229,49.261592864990234,C5_SPEED_1500,C5_SPEED_1500_R01_20260611_144217,delta-asda-b3-e,1591,RTSO|SO|OE|VE|QS|TR,3,0,-1482244351,1500,26,0.11102,24,0.057384,301,49,4270,2391,6000,,1500,,,,constant_speed,transition,0,no_load,cw,C5: 1500 rpm,servo-app/lab-0.1
1781163788.7898319,49.361801862716675,C5_SPEED_1500,C5_SPEED_1500_R01_20260611_144217,delta-asda-b3-e,1591,RTSO|SO|OE|VE|QS|TR,3,0,-1478050885,1501,18,0.07686,21,0.050211,301,49,4270,2391,6000,,1500,,,,constant_speed,transition,0,no_load,cw,C5: 1500 rpm,servo-app/lab-0.1
1781163788.8908896,49.46285963058472,C5_SPEED_1500,C5_SPEED_1500_R01_20260611_144217,delta-asda-b3-e,1591,RTSO|SO|OE|VE|QS|TR,3,0,-1473813927,1500,22,0.09394,24,0.057384,301,49,4270,2391,6000,,1500,,,,constant_speed,transition,0,no_load,cw,C5: 1500 rpm,servo-app/lab-0.1
1781163788.9914198,49.56338977813721,C5_SPEED_1500,C5_SPEED_1500_R01_20260611_144217,delta-asda-b3-e,1591,RTSO|SO|OE|VE|QS|TR,3,0,-1469578009,1501,22,0.09394,22,0.052602,301,49,4270,2391,6000,,1500,,,,constant_speed,transition,0,no_load,cw,C5: 1500 rpm,servo-app/lab-0.1
1781163789.0914946,49.66346454620361,C5_SPEED_1500,C5_SPEED_1500_R01_20260611_144217,delta-asda-b3-e,1591,RTSO|SO|OE|VE|QS|TR,3,0,-1465383766,1499,27,0.11529,24,0.057384,301,49,4270,2391,6000,,1500,,,,constant_speed,transition,0,no_load,cw,C5: 1500 rpm,servo-app/lab-0.1
1781163789.1915603,49.763530254364014,C5_SPEED_1500,C5_SPEED_1500_R01_20260611_144217,delta-asda-b3-e,1591,RTSO|SO|OE|VE|QS|TR,3,0,-1461189661,1501,21,0.08967,18,0.043038,301,49,4270,2391,6000,,1500,,,,constant_speed,transition,0,no_load,cw,C5: 1500 rpm,servo-app/lab-0.1
1781163789.2916765,49.863646507263184,C5_SPEED_1500,C5_SPEED_1500_R01_20260611_144217,delta-asda-b3-e,1591,RTSO|SO|OE|VE|QS|TR,3,0,-1456995007,1499,22,0.09394,24,0.057384,301,49,4270,2391,6000,,1500,,,,constant_speed,transition,0,no_load,cw,C5: 1500 rpm,servo-app/lab-0.1
1781163789.3922467,49.96421670913696,C5_SPEED_1500,C5_SPEED_1500_R01_20260611_144217,delta-asda-b3-e,1591,RTSO|SO|OE|VE|QS|TR,3,0,-1452758881,1501,21,0.08967,21,0.050211,301,49,4270,2391,6000,,1500,,,,constant_speed,transition,0,no_load,cw,C5: 1500 rpm,servo-app/lab-0.1
1781163789.492521,50.06449103355408,C5_SPEED_1500,C5_SPEED_1500_R01_20260611_144217,delta-asda-b3-e,1591,RTSO|SO|OE|VE|QS|TR,3,0,-1448606730,1499,26,0.11102,25,0.059775,301,49,4270,2391,6000,,1500,,,,constant_speed,transition,0,no_load,cw,C5: 1500 rpm,servo-app/lab-0.1
1781163789.5926924,50.16466236114502,C5_SPEED_1500,C5_SPEED_1500_R01_20260611_144217,delta-asda-b3-e,1591,RTSO|SO|OE|VE|QS|TR,3,0,-1444370574,1501,20,0.0854,21,0.050211,301,49,4270,2391,6000,,1500,,,,constant_speed,transition,0,no_load,cw,C5: 1500 rpm,servo-app/lab-0.1
1781163789.6929612,50.264931201934814,C5_SPEED_1500,C5_SPEED_1500_R01_20260611_144217,delta-asda-b3-e,1591,RTSO|SO|OE|VE|QS|TR,3,0,-1440176146,1499,21,0.08967,20,0.04782,300,49,4270,2391,6000,,1500,,,,constant_speed,transition,0,no_load,cw,C5: 1500 rpm,servo-app/lab-0.1
1781163789.79329,50.365259885787964,C5_SPEED_1500,C5_SPEED_1500_R01_20260611_144217,delta-asda-b3-e,1591,RTSO|SO|OE|VE|QS|TR,3,0,-1435939902,1501,22,0.09394,22,0.052602,301,49,4270,2391,6000,,1500,,,,constant_speed,transition,0,no_load,cw,C5: 1500 rpm,servo-app/lab-0.1
1781163789.8939807,50.46595072746277,C5_SPEED_1500,C5_SPEED_1500_R01_20260611_144217,delta-asda-b3-e,1591,RTSO|SO|OE|VE|QS|TR,3,0,-1431746104,1498,26,0.11102,25,0.059775,301,49,4270,2391,6000,,1500,,,,constant_speed,transition,0,no_load,cw,C5: 1500 rpm,servo-app/lab-0.1
1781163789.9944305,50.5664005279541,C5_SPEED_1500,C5_SPEED_1500_R01_20260611_144217,delta-asda-b3-e,1591,RTSO|SO|OE|VE|QS|TR,3,0,-1427509611,1501,21,0.08967,20,0.04782,301,49,4270,2391,6000,,1500,,,,constant_speed,transition,0,no_load,cw,C5: 1500 rpm,servo-app/lab-0.1
1781163790.0951548,50.66712474822998,C5_SPEED_1500,C5_SPEED_1500_R01_20260611_144217,delta-asda-b3-e,1591,RTSO|SO|OE|VE|QS|TR,3,0,-1423273544,1499,22,0.09394,22,0.052602,301,49,4270,2391,6000,,1500,,,,constant_speed,transition,0,no_load,cw,C5: 1500 rpm,servo-app/lab-0.1
1781163790.196388,50.76835799217224,C5_SPEED_1500,C5_SPEED_1500_R01_20260611_144217,delta-asda-b3-e,1591,RTSO|SO|OE|VE|QS|TR,3,0,-1419037057,1500,22,0.09394,21,0.050211,301,49,4270,2391,6000,,1500,,,,constant_speed,transition,0,no_load,cw,C5: 1500 rpm,servo-app/lab-0.1
1781163790.2973504,50.86932039260864,C5_SPEED_1500,C5_SPEED_1500_R01_20260611_144217,delta-asda-b3-e,1591,RTSO|SO|OE|VE|QS|TR,3,0,-1414801588,1499,24,0.10248,26,0.062166,301,49,4270,2391,6000,,1500,,,,constant_speed,transition,0,no_load,cw,C5: 1500 rpm,servo-app/lab-0.1
1781163790.397892,50.96986198425293,C5_SPEED_1500,C5_SPEED_1500_R01_20260611_144217,delta-asda-b3-e,1591,RTSO|SO|OE|VE|QS|TR,3,0,-1410606709,1501,21,0.08967,20,0.04782,301,49,4270,2391,6000,,1500,,,,constant_speed,transition,0,no_load,cw,C5: 1500 rpm,servo-app/lab-0.1
1781163790.4983933,51.07036328315735,C5_SPEED_1500,C5_SPEED_1500_R01_20260611_144217,delta-asda-b3-e,1591,RTSO|SO|OE|VE|QS|TR,3,0,-1406328603,1500,22,0.09394,23,0.054993,301,49,4270,2391,6000,,1500,,,,constant_speed,transition,0,no_load,cw,C5: 1500 rpm,servo-app/lab-0.1
1781163790.5984676,51.1704375743866,C5_SPEED_1500,C5_SPEED_1500_R01_20260611_144217,delta-asda-b3-e,1591,RTSO|SO|OE|VE|QS|TR,3,0,-1402176071,1500,19,0.08113,22,0.052602,301,49,4270,2391,6000,,1500,,,,constant_speed,transition,0,no_load,cw,C5: 1500 rpm,servo-app/lab-0.1
1781163790.6989937,51.27096366882324,C5_SPEED_1500,C5_SPEED_1500_R01_20260611_144217,delta-asda-b3-e,1591,RTSO|SO|OE|VE|QS|TR,3,0,-1397940725,1499,22,0.09394,23,0.054993,301,49,4270,2391,6000,,1500,,,,constant_speed,transition,0,no_load,cw,C5: 1500 rpm,servo-app/lab-0.1
1781163790.800065,51.37203502655029,C5_SPEED_1500,C5_SPEED_1500_R01_20260611_144217,delta-asda-b3-e,1591,RTSO|SO|OE|VE|QS|TR,3,0,-1393703942,1501,23,0.09821,22,0.052602,301,49,4270,2391,6000,,1500,,,,constant_speed,transition,0,no_load,cw,C5: 1500 rpm,servo-app/lab-0.1
1781163790.9002607,51.472230672836304,C5_SPEED_1500,C5_SPEED_1500_R01_20260611_144217,delta-asda-b3-e,1591,RTSO|SO|OE|VE|QS|TR,3,0,-1389509832,1499,23,0.09821,22,0.052602,301,49,4270,2391,6000,,1500,,,,constant_speed,transition,0,no_load,cw,C5: 1500 rpm,servo-app/lab-0.1
1781163791.0003827,51.57235264778137,C5_SPEED_1500,C5_SPEED_1500_R01_20260611_144217,delta-asda-b3-e,1591,RTSO|SO|OE|VE|QS|TR,3,0,-1385315348,1500,21,0.08967,20,0.04782,301,49,4270,2391,6000,,1500,,,,constant_speed,transition,0,no_load,cw,C5: 1500 rpm,servo-app/lab-0.1
1781163791.10097,51.67294001579285,C5_SPEED_1500,C5_SPEED_1500_R01_20260611_144217,delta-asda-b3-e,1591,RTSO|SO|OE|VE|QS|TR,3,0,-1381121874,1499,24,0.10248,24,0.057384,301,49,4270,2391,6000,,1500,,,,constant_speed,transition,0,no_load,cw,C5: 1500 rpm,servo-app/lab-0.1
1781163791.2013311,51.773301124572754,C5_SPEED_1500,C5_SPEED_1500_R01_20260611_144217,delta-asda-b3-e,1591,RTSO|SO|OE|VE|QS|TR,3,0,-1376884993,1501,22,0.09394,22,0.052602,301,49,4270,2391,6000,,1500,,,,constant_speed,transition,0,no_load,cw,C5: 1500 rpm,servo-app/lab-0.1
1781163791.3014507,51.87342071533203,C5_SPEED_1500,C5_SPEED_1500_R01_20260611_144217,delta-asda-b3-e,1591,RTSO|SO|OE|VE|QS|TR,3,0,-1372690865,1499,21,0.08967,21,0.050211,301,49,4270,2391,6000,,1500,,,,constant_speed,transition,0,no_load,cw,C5: 1500 rpm,servo-app/lab-0.1
1781163791.4016087,51.973578691482544,C5_SPEED_1500,C5_SPEED_1500_R01_20260611_144217,delta-asda-b3-e,1591,RTSO|SO|OE|VE|QS|TR,3,0,-1368496342,1500,20,0.0854,19,0.045429,301,49,4270,2391,6000,,1500,,,,constant_speed,transition,0,no_load,cw,C5: 1500 rpm,servo-app/lab-0.1
1781163791.5022018,52.07417178153992,C5_SPEED_1500,C5_SPEED_1500_R01_20260611_144217,delta-asda-b3-e,1591,RTSO|SO|OE|VE|QS|TR,3,0,-1364261002,1499,24,0.10248,23,0.054993,301,49,4270,2391,6000,,1500,,,,constant_speed,transition,0,no_load,cw,C5: 1500 rpm,servo-app/lab-0.1
1781163791.6028178,52.174787759780884,C5_SPEED_1500,C5_SPEED_1500_R01_20260611_144217,delta-asda-b3-e,1591,RTSO|SO|OE|VE|QS|TR,3,0,-1360066033,1501,20,0.0854,22,0.052602,301,49,4270,2391,6000,,1500,,,,constant_speed,transition,0,no_load,cw,C5: 1500 rpm,servo-app/lab-0.1
1781163791.7032228,52.275192737579346,C5_SPEED_1500,C5_SPEED_1500_R01_20260611_144217,delta-asda-b3-e,1591,RTSO|SO|OE|VE|QS|TR,3,0,-1355830133,1499,20,0.0854,21,0.050211,301,49,4270,2391,6000,,1500,,,,constant_speed,transition,0,no_load,cw,C5: 1500 rpm,servo-app/lab-0.1
1781163791.8035877,52.37555766105652,C5_SPEED_1500,C5_SPEED_1500_R01_20260611_144217,delta-asda-b3-e,1591,RTSO|SO|OE|VE|QS|TR,3,0,-1351635603,1500,21,0.08967,21,0.050211,301,49,4270,2391,6000,,1500,,,,constant_speed,transition,0,no_load,cw,C5: 1500 rpm,servo-app/lab-0.1
1781163791.9045033,52.476473331451416,C5_SPEED_1500,C5_SPEED_1500_R01_20260611_144217,delta-asda-b3-e,1591,RTSO|SO|OE|VE|QS|TR,3,0,-1347400264,1499,21,0.08967,19,0.045429,301,49,4270,2391,6000,,1500,,,,constant_speed,transition,0,no_load,cw,C5: 1500 rpm,servo-app/lab-0.1
1781163792.004858,52.57682800292969,C5_SPEED_1500,C5_SPEED_1500_R01_20260611_144217,delta-asda-b3-e,1591,RTSO|SO|OE|VE|QS|TR,3,0,-1343205065,1501,19,0.08113,20,0.04782,301,49,4270,2391,6000,,1500,,,,constant_speed,transition,0,no_load,cw,C5: 1500 rpm,servo-app/lab-0.1
1781163792.1049685,52.67693853378296,C5_SPEED_1500,C5_SPEED_1500_R01_20260611_144217,delta-asda-b3-e,1591,RTSO|SO|OE|VE|QS|TR,3,0,-1339011156,1499,21,0.08967,22,0.052602,301,49,4270,2391,6000,,1500,,,,constant_speed,transition,0,no_load,cw,C5: 1500 rpm,servo-app/lab-0.1
1781163792.2050822,52.77705216407776,C5_SPEED_1500,C5_SPEED_1500_R01_20260611_144217,delta-asda-b3-e,1591,RTSO|SO|OE|VE|QS|TR,3,0,-1334774634,1500,20,0.0854,21,0.050211,301,49,4270,2391,6000,,1500,,,,constant_speed,transition,0,no_load,cw,C5: 1500 rpm,servo-app/lab-0.1
1781163792.3055563,52.87752628326416,C5_SPEED_1500,C5_SPEED_1500_R01_20260611_144217,delta-asda-b3-e,1591,RTSO|SO|OE|VE|QS|TR,3,0,-1330581359,1499,20,0.0854,20,0.04782,301,49,4270,2391,6000,,1500,,,,constant_speed,transition,0,no_load,cw,C5: 1500 rpm,servo-app/lab-0.1
1781163792.405665,52.9776349067688,C5_SPEED_1500,C5_SPEED_1500_R01_20260611_144217,delta-asda-b3-e,1591,RTSO|SO|OE|VE|QS|TR,3,0,-1326386047,1501,20,0.0854,23,0.054993,301,49,4270,2391,6000,,1500,,,,constant_speed,transition,0,no_load,cw,C5: 1500 rpm,servo-app/lab-0.1
1781163792.5057445,53.07771444320679,C5_SPEED_1500,C5_SPEED_1500_R01_20260611_144217,delta-asda-b3-e,1591,RTSO|SO|OE|VE|QS|TR,3,0,-1322192251,1499,21,0.08967,23,0.054993,301,49,4270,2391,6000,,1500,,,,constant_speed,transition,0,no_load,cw,C5: 1500 rpm,servo-app/lab-0.1
1781163792.6062012,53.178171157836914,C5_SPEED_1500,C5_SPEED_1500_R01_20260611_144217,delta-asda-b3-e,1591,RTSO|SO|OE|VE|QS|TR,3,0,-1317955601,1500,21,0.08967,22,0.052602,301,49,4270,2391,6000,,1500,,,,constant_speed,transition,0,no_load,cw,C5: 1500 rpm,servo-app/lab-0.1
1781163792.7067263,53.27869629859924,C5_SPEED_1500,C5_SPEED_1500_R01_20260611_144217,delta-asda-b3-e,1591,RTSO|SO|OE|VE|QS|TR,3,0,-1313762432,1499,19,0.08113,21,0.050211,301,49,4270,2391,6000,,1500,,,,constant_speed,transition,0,no_load,cw,C5: 1500 rpm,servo-app/lab-0.1
1781163792.8073208,53.37929081916809,C5_SPEED_1500,C5_SPEED_1500_R01_20260611_144217,delta-asda-b3-e,1591,RTSO|SO|OE|VE|QS|TR,3,0,-1309525265,1500,21,0.08967,21,0.050211,301,49,4270,2391,6000,,1500,,,,constant_speed,transition,0,no_load,cw,C5: 1500 rpm,servo-app/lab-0.1
1781163792.9079018,53.47987174987793,C5_SPEED_1500,C5_SPEED_1500_R01_20260611_144217,delta-asda-b3-e,1591,RTSO|SO|OE|VE|QS|TR,3,0,-1305331555,1499,22,0.09394,21,0.050211,301,49,4270,2391,6000,,1500,,,,constant_speed,transition,0,no_load,cw,C5: 1500 rpm,servo-app/lab-0.1
1781163793.0081975,53.58016753196716,C5_SPEED_1500,C5_SPEED_1500_R01_20260611_144217,delta-asda-b3-e,1591,RTSO|SO|OE|VE|QS|TR,3,0,-1301094836,1500,24,0.10248,22,0.052602,301,49,4270,2391,6000,,1500,,,,constant_speed,transition,0,no_load,cw,C5: 1500 rpm,servo-app/lab-0.1
1781163793.1083925,53.68036246299744,C5_SPEED_1500,C5_SPEED_1500_R01_20260611_144217,delta-asda-b3-e,1591,RTSO|SO|OE|VE|QS|TR,3,0,-1296901502,1500,18,0.07686,18,0.043038,301,49,4270,2391,6000,,1500,,,,constant_speed,transition,0,no_load,cw,C5: 1500 rpm,servo-app/lab-0.1
1781163793.2091002,53.78107023239136,C5_SPEED_1500,C5_SPEED_1500_R01_20260611_144217,delta-asda-b3-e,1591,RTSO|SO|OE|VE|QS|TR,3,0,-1292706262,1500,24,0.10248,20,0.04782,301,49,4270,2391,6000,,1500,,,,constant_speed,transition,0,no_load,cw,C5: 1500 rpm,servo-app/lab-0.1
1781163793.3094034,53.88137340545654,C5_SPEED_1500,C5_SPEED_1500_R01_20260611_144217,delta-asda-b3-e,1591,RTSO|SO|OE|VE|QS|TR,3,0,-1288470470,1500,23,0.09821,21,0.050211,301,49,4270,2391,6000,,1500,,,,constant_speed,transition,0,no_load,cw,C5: 1500 rpm,servo-app/lab-0.1
1781163793.4100091,53.98197913169861,C5_SPEED_1500,C5_SPEED_1500_R01_20260611_144217,delta-asda-b3-e,1591,RTSO|SO|OE|VE|QS|TR,3,0,-1284275895,1499,25,0.10675,24,0.057384,301,49,4270,2391,6000,,1500,,,,constant_speed,transition,0,no_load,cw,C5: 1500 rpm,servo-app/lab-0.1
1781163793.5101557,54.082125663757324,C5_SPEED_1500,C5_SPEED_1500_R01_20260611_144217,delta-asda-b3-e,1591,RTSO|SO|OE|VE|QS|TR,3,0,-1280040335,1501,20,0.0854,19,0.045429,301,49,4270,2391,6000,,1500,,,,constant_speed,transition,0,no_load,cw,C5: 1500 rpm,servo-app/lab-0.1
1781163793.6110578,54.18302774429321,C5_SPEED_1500,C5_SPEED_1500_R01_20260611_144217,delta-asda-b3-e,1591,RTSO|SO|OE|VE|QS|TR,3,0,-1275845431,1500,21,0.08967,21,0.050211,301,49,4270,2391,6000,,1500,,,,constant_speed,transition,0,no_load,cw,C5: 1500 rpm,servo-app/lab-0.1
1781163793.7111335,54.283103466033936,C5_SPEED_1500,C5_SPEED_1500_R01_20260611_144217,delta-asda-b3-e,1591,RTSO|SO|OE|VE|QS|TR,3,0,-1271609370,1501,21,0.08967,23,0.054993,301,49,4270,2391,6000,,1500,,,,constant_speed,transition,0,no_load,cw,C5: 1500 rpm,servo-app/lab-0.1
1781163793.812171,54.384140968322754,C5_SPEED_1500,C5_SPEED_1500_R01_20260611_144217,delta-asda-b3-e,1591,RTSO|SO|OE|VE|QS|TR,3,0,-1267373355,1499,24,0.10248,24,0.057384,301,49,4270,2391,6000,,1500,,,,constant_speed,transition,0,no_load,cw,C5: 1500 rpm,servo-app/lab-0.1
1781163793.9123669,54.484336853027344,C5_SPEED_1500,C5_SPEED_1500_R01_20260611_144217,delta-asda-b3-e,1591,RTSO|SO|OE|VE|QS|TR,3,0,-1263179076,1502,21,0.08967,22,0.052602,301,49,4270,2391,6000,,1500,,,,constant_speed,transition,0,no_load,cw,C5: 1500 rpm,servo-app/lab-0.1
1781163794.01252,54.584490060806274,C5_SPEED_1500,C5_SPEED_1500_R01_20260611_144217,delta-asda-b3-e,1591,RTSO|SO|OE|VE|QS|TR,3,0,-1258984596,1500,21,0.08967,22,0.052602,301,49,4270,2391,6000,,1500,,,,constant_speed,transition,0,no_load,cw,C5: 1500 rpm,servo-app/lab-0.1
1781163794.1127877,54.684757709503174,C5_SPEED_1500,C5_SPEED_1500_R01_20260611_144217,delta-asda-b3-e,1591,RTSO|SO|OE|VE|QS|TR,3,0,-1254790251,1501,20,0.0854,22,0.052602,301,49,4270,2391,6000,,1500,,,,constant_speed,transition,0,no_load,cw,C5: 1500 rpm,servo-app/lab-0.1
1781163794.2140076,54.785977602005005,C5_SPEED_1500,C5_SPEED_1500_R01_20260611_144217,delta-asda-b3-e,1591,RTSO|SO|OE|VE|QS|TR,3,0,-1250554488,1499,26,0.11102,25,0.059775,301,49,4270,2391,6000,,1500,,,,constant_speed,transition,0,no_load,cw,C5: 1500 rpm,servo-app/lab-0.1
1781163794.3151639,54.887133836746216,C5_SPEED_1500,C5_SPEED_1500_R01_20260611_144217,delta-asda-b3-e,1591,RTSO|SO|OE|VE|QS|TR,3,0,-1246276026,1501,21,0.08967,21,0.050211,301,49,4270,2391,6000,,1500,,,,constant_speed,transition,0,no_load,cw,C5: 1500 rpm,servo-app/lab-0.1
1781163794.416585,54.98855495452881,C5_SPEED_1500,C5_SPEED_1500_R01_20260611_144217,delta-asda-b3-e,1591,RTSO|SO|OE|VE|QS|TR,3,0,-1242039944,1500,20,0.0854,21,0.050211,301,49,4270,2391,6000,,1500,,,,constant_speed,transition,0,no_load,cw,C5: 1500 rpm,servo-app/lab-0.1
1781163794.5169146,55.088884592056274,C5_SPEED_1500,C5_SPEED_1500_R01_20260611_144217,delta-asda-b3-e,1591,RTSO|SO|OE|VE|QS|TR,3,0,-1237845235,1501,21,0.08967,21,0.050211,301,49,4270,2391,6000,,1500,,,,constant_speed,transition,0,no_load,cw,C5: 1500 rpm,servo-app/lab-0.1
1781163794.6172223,55.18919229507446,C5_SPEED_1500,C5_SPEED_1500_R01_20260611_144217,delta-asda-b3-e,1591,RTSO|SO|OE|VE|QS|TR,3,0,-1233609836,1499,25,0.10675,26,0.062166,301,49,4270,2391,6000,,1500,,,,constant_speed,transition,0,no_load,cw,C5: 1500 rpm,servo-app/lab-0.1
1781163794.7181857,55.29015564918518,C5_SPEED_1500,C5_SPEED_1500_R01_20260611_144217,delta-asda-b3-e,1591,RTSO|SO|OE|VE|QS|TR,3,0,-1229373124,1501,21,0.08967,22,0.052602,301,49,4270,2391,6000,,1500,,,,constant_speed,transition,0,no_load,cw,C5: 1500 rpm,servo-app/lab-0.1
1781163794.8185134,55.390483379364014,C5_SPEED_1500,C5_SPEED_1500_R01_20260611_144217,delta-asda-b3-e,1591,RTSO|SO|OE|VE|QS|TR,3,0,-1225179056,1500,22,0.09394,22,0.052602,301,49,4270,2391,6000,,1500,,,,constant_speed,transition,0,no_load,cw,C5: 1500 rpm,servo-app/lab-0.1
1781163794.9188368,55.49080681800842,C5_SPEED_1500,C5_SPEED_1500_R01_20260611_144217,delta-asda-b3-e,1591,RTSO|SO|OE|VE|QS|TR,3,0,-1220984458,1501,20,0.0854,20,0.04782,301,49,4270,2391,6000,,1500,,,,constant_speed,transition,0,no_load,cw,C5: 1500 rpm,servo-app/lab-0.1
1781163795.0192475,55.59121751785278,C5_SPEED_1500,C5_SPEED_1500_R01_20260611_144217,delta-asda-b3-e,1591,RTSO|SO|OE|VE|QS|TR,3,0,-1216749034,1499,22,0.09394,24,0.057384,301,49,4270,2391,6000,,1500,,,,constant_speed,transition,0,no_load,cw,C5: 1500 rpm,servo-app/lab-0.1
1781163795.119387,55.691356897354126,C5_SPEED_1500,C5_SPEED_1500_R01_20260611_144217,delta-asda-b3-e,1591,RTSO|SO|OE|VE|QS|TR,3,0,-1212554190,1501,22,0.09394,21,0.050211,301,49,4270,2391,6000,,1500,,,,constant_speed,transition,0,no_load,cw,C5: 1500 rpm,servo-app/lab-0.1
1781163795.2197526,55.791722536087036,C5_SPEED_1500,C5_SPEED_1500_R01_20260611_144217,delta-asda-b3-e,1591,RTSO|SO|OE|VE|QS|TR,3,0,-1208360055,1500,22,0.09394,20,0.04782,301,49,4270,2391,6000,,1500,,,,constant_speed,transition,0,no_load,cw,C5: 1500 rpm,servo-app/lab-0.1
1781163795.3198938,55.89186382293701,C5_SPEED_1500,C5_SPEED_1500_R01_20260611_144217,delta-asda-b3-e,1591,RTSO|SO|OE|VE|QS|TR,3,0,-1204165415,1501,19,0.08113,20,0.04782,301,49,4270,2391,6000,,1500,,,,constant_speed,transition,0,no_load,cw,C5: 1500 rpm,servo-app/lab-0.1
1781163795.4208913,55.99286127090454,C5_SPEED_1500,C5_SPEED_1500_R01_20260611_144217,delta-asda-b3-e,1591,RTSO|SO|OE|VE|QS|TR,3,0,-1199930051,1499,22,0.09394,23,0.054993,301,49,4270,2391,6000,,1500,,,,constant_speed,transition,0,no_load,cw,C5: 1500 rpm,servo-app/lab-0.1
1781163795.5214345,56.09340453147888,C5_SPEED_1500,C5_SPEED_1500_R01_20260611_144217,delta-asda-b3-e,1591,RTSO|SO|OE|VE|QS|TR,3,0,-1195693348,1501,23,0.09821,22,0.052602,301,49,4270,2391,6000,,1500,,,,constant_speed,transition,0,no_load,cw,C5: 1500 rpm,servo-app/lab-0.1
1781163795.6220896,56.19405961036682,C5_SPEED_1500,C5_SPEED_1500_R01_20260611_144217,delta-asda-b3-e,1591,RTSO|SO|OE|VE|QS|TR,3,0,-1191499315,1500,23,0.09821,23,0.054993,301,49,4270,2391,6000,,1500,,,,constant_speed,transition,0,no_load,cw,C5: 1500 rpm,servo-app/lab-0.1
1781163795.722638,56.29460787773132,C5_SPEED_1500,C5_SPEED_1500_R01_20260611_144217,delta-asda-b3-e,1591,RTSO|SO|OE|VE|QS|TR,3,0,-1187262761,1501,22,0.09394,20,0.04782,301,49,4270,2391,6000,,1500,,,,constant_speed,transition,0,no_load,cw,C5: 1500 rpm,servo-app/lab-0.1
1781163795.8235955,56.39556550979614,C5_SPEED_1500,C5_SPEED_1500_R01_20260611_144217,delta-asda-b3-e,1591,RTSO|SO|OE|VE|QS|TR,3,0,-1183027433,1499,22,0.09394,20,0.04782,301,49,4270,2391,6000,,1500,,,,constant_speed,transition,0,no_load,cw,C5: 1500 rpm,servo-app/lab-0.1
1781163795.923729,56.49569892883301,C5_SPEED_1500,C5_SPEED_1500_R01_20260611_144217,delta-asda-b3-e,1591,RTSO|SO|OE|VE|QS|TR,3,0,-1178832415,1501,21,0.08967,21,0.050211,301,49,4270,2391,6000,,1500,,,,constant_speed,transition,0,no_load,cw,C5: 1500 rpm,servo-app/lab-0.1
1781163796.0238018,56.59577178955078,C5_SPEED_1500,C5_SPEED_1500_R01_20260611_144217,delta-asda-b3-e,1591,RTSO|SO|OE|VE|QS|TR,3,0,-1174638412,1500,23,0.09821,22,0.052602,301,49,4270,2391,6000,,1500,,,,constant_speed,transition,0,no_load,cw,C5: 1500 rpm,servo-app/lab-0.1
1781163796.1242774,56.69624733924866,C5_SPEED_1500,C5_SPEED_1500_R01_20260611_144217,delta-asda-b3-e,1591,RTSO|SO|OE|VE|QS|TR,3,0,-1170401722,1501,21,0.08967,21,0.050211,301,49,4270,2391,6000,,1500,,,,constant_speed,transition,0,no_load,cw,C5: 1500 rpm,servo-app/lab-0.1
1781163796.224421,56.796391010284424,C5_SPEED_1500,C5_SPEED_1500_R01_20260611_144217,delta-asda-b3-e,1591,RTSO|SO|OE|VE|QS|TR,3,0,-1166208417,1499,21,0.08967,24,0.057384,300,49,4270,2391,6000,,1500,,,,constant_speed,transition,0,no_load,cw,C5: 1500 rpm,servo-app/lab-0.1
1781163796.324536,56.8965060710907,C5_SPEED_1500,C5_SPEED_1500_R01_20260611_144217,delta-asda-b3-e,1591,RTSO|SO|OE|VE|QS|TR,3,0,-1162013357,1501,20,0.0854,19,0.045429,301,49,4270,2391,6000,,1500,,,,constant_speed,transition,0,no_load,cw,C5: 1500 rpm,servo-app/lab-0.1
1781163796.4251306,56.997100591659546,C5_SPEED_1500,C5_SPEED_1500_R01_20260611_144217,delta-asda-b3-e,1591,RTSO|SO|OE|VE|QS|TR,3,0,-1157819459,1499,21,0.08967,22,0.052602,300,49,4270,2391,6000,,1500,,,,constant_speed,transition,0,no_load,cw,C5: 1500 rpm,servo-app/lab-0.1
1781163796.5257215,57.09769153594971,C5_SPEED_1500,C5_SPEED_1500_R01_20260611_144217,delta-asda-b3-e,1591,RTSO|SO|OE|VE|QS|TR,3,0,-1153582742,1501,22,0.09394,21,0.050211,301,49,4270,2391,6000,,1500,,,,constant_speed,transition,0,no_load,cw,C5: 1500 rpm,servo-app/lab-0.1
1781163796.6262012,57.19817113876343,C5_SPEED_1500,C5_SPEED_1500_R01_20260611_144217,delta-asda-b3-e,1591,RTSO|SO|OE|VE|QS|TR,3,0,-1149347588,1499,20,0.0854,21,0.050211,301,49,4270,2391,6000,,1500,,,,constant_speed,transition,0,no_load,cw,C5: 1500 rpm,servo-app/lab-0.1
1781163796.7267654,57.29873538017273,C5_SPEED_1500,C5_SPEED_1500_R01_20260611_144217,delta-asda-b3-e,1591,RTSO|SO|OE|VE|QS|TR,3,0,-1145152377,1501,21,0.08967,20,0.04782,301,49,4270,2391,6000,,1500,,,,constant_speed,transition,0,no_load,cw,C5: 1500 rpm,servo-app/lab-0.1
1781163796.8268948,57.39886474609375,C5_SPEED_1500,C5_SPEED_1500_R01_20260611_144217,delta-asda-b3-e,1591,RTSO|SO|OE|VE|QS|TR,3,0,-1140958610,1499,22,0.09394,20,0.04782,301,49,4270,2391,6000,,1500,,,,constant_speed,transition,0,no_load,cw,C5: 1500 rpm,servo-app/lab-0.1
1781163796.9271004,57.49907040596008,C5_SPEED_1500,C5_SPEED_1500_R01_20260611_144217,delta-asda-b3-e,1591,RTSO|SO|OE|VE|QS|TR,3,0,-1136721811,1500,23,0.09821,23,0.054993,301,49,4270,2391,6000,,1500,,,,constant_speed,transition,0,no_load,cw,C5: 1500 rpm,servo-app/lab-0.1
1781163797.0283341,57.6003041267395,C5_SPEED_1500,C5_SPEED_1500_R01_20260611_144217,delta-asda-b3-e,1591,RTSO|SO|OE|VE|QS|TR,3,0,-1132486660,1500,16,0.06832,19,0.045429,301,49,4270,2391,6000,,1500,,,,constant_speed,transition,0,no_load,cw,C5: 1500 rpm,servo-app/lab-0.1
1781163797.1284273,57.7003972530365,C5_SPEED_1500,C5_SPEED_1500_R01_20260611_144217,delta-asda-b3-e,1591,RTSO|SO|OE|VE|QS|TR,3,0,-1128291556,1500,24,0.10248,21,0.050211,300,49,4270,2391,6000,,1500,,,,constant_speed,transition,0,no_load,cw,C5: 1500 rpm,servo-app/lab-0.1
1781163797.2286177,57.80058765411377,C5_SPEED_1500,C5_SPEED_1500_R01_20260611_144217,delta-asda-b3-e,1591,RTSO|SO|OE|VE|QS|TR,3,0,-1124097734,1500,24,0.10248,22,0.052602,301,49,4270,2391,6000,,1500,,,,constant_speed,transition,0,no_load,cw,C5: 1500 rpm,servo-app/lab-0.1
1781163797.3294804,57.901450395584106,C5_SPEED_1500,C5_SPEED_1500_R01_20260611_144217,delta-asda-b3-e,1591,RTSO|SO|OE|VE|QS|TR,3,0,-1119693638,1498,27,0.11529,25,0.059775,301,49,4270,2391,6000,,1500,,,,constant_speed,transition,0,no_load,cw,C5: 1500 rpm,servo-app/lab-0.1
1781163797.4296136,58.00158357620239,C5_SPEED_1500,C5_SPEED_1500_R01_20260611_144217,delta-asda-b3-e,1591,RTSO|SO|OE|VE|QS|TR,3,0,-1115667615,1500,20,0.0854,19,0.045429,301,49,4270,2391,6000,,1500,,,,constant_speed,transition,0,no_load,cw,C5: 1500 rpm,servo-app/lab-0.1
1781163797.5300362,58.10200619697571,C5_SPEED_1500,C5_SPEED_1500_R01_20260611_144217,delta-asda-b3-e,1591,RTSO|SO|OE|VE|QS|TR,3,0,-1111388915,1500,22,0.09394,23,0.054993,301,49,4270,2391,6000,,1500,,,,constant_speed,transition,0,no_load,cw,C5: 1500 rpm,servo-app/lab-0.1
1781163797.6306367,58.20260667800903,C5_SPEED_1500,C5_SPEED_1500_R01_20260611_144217,delta-asda-b3-e,1591,RTSO|SO|OE|VE|QS|TR,3,0,-1107236855,1501,24,0.10248,22,0.052602,301,49,4270,2391,6000,,1500,,,,constant_speed,transition,0,no_load,cw,C5: 1500 rpm,servo-app/lab-0.1
1781163797.731528,58.30349802970886,C5_SPEED_1500,C5_SPEED_1500_R01_20260611_144217,delta-asda-b3-e,1591,RTSO|SO|OE|VE|QS|TR,3,0,-1103000450,1499,25,0.10675,26,0.062166,301,49,4270,2391,6000,,1500,,,,constant_speed,transition,0,no_load,cw,C5: 1500 rpm,servo-app/lab-0.1
1781163797.8317027,58.40367269515991,C5_SPEED_1500,C5_SPEED_1500_R01_20260611_144217,delta-asda-b3-e,1591,RTSO|SO|OE|VE|QS|TR,3,0,-1098806560,1501,21,0.08967,22,0.052602,301,49,4270,2391,6000,,1500,,,,constant_speed,transition,0,no_load,cw,C5: 1500 rpm,servo-app/lab-0.1
1781163797.9321685,58.504138469696045,C5_SPEED_1500,C5_SPEED_1500_R01_20260611_144217,delta-asda-b3-e,1591,RTSO|SO|OE|VE|QS|TR,3,0,-1094528184,1499,22,0.09394,21,0.050211,300,49,4270,2391,6000,,1500,,,,constant_speed,transition,0,no_load,cw,C5: 1500 rpm,servo-app/lab-0.1
1781163798.0330098,58.60497975349426,C5_SPEED_1500,C5_SPEED_1500_R01_20260611_144217,delta-asda-b3-e,1591,RTSO|SO|OE|VE|QS|TR,3,0,-1090375609,1501,24,0.10248,22,0.052602,301,49,4270,2391,6000,,1500,,,,constant_speed,transition,0,no_load,cw,C5: 1500 rpm,servo-app/lab-0.1
1781163798.1332538,58.70522379875183,C5_SPEED_1500,C5_SPEED_1500_R01_20260611_144217,delta-asda-b3-e,1591,RTSO|SO|OE|VE|QS|TR,3,0,-1086181510,1499,25,0.10675,25,0.059775,301,49,4270,2391,6000,,1500,,,,constant_speed,transition,0,no_load,cw,C5: 1500 rpm,servo-app/lab-0.1
1781163798.2335887,58.80555868148804,C5_SPEED_1500,C5_SPEED_1500_R01_20260611_144217,delta-asda-b3-e,1591,RTSO|SO|OE|VE|QS|TR,3,0,-1081945339,1501,21,0.08967,22,0.052602,301,49,4270,2391,6000,,1500,,,,constant_speed,transition,0,no_load,cw,C5: 1500 rpm,servo-app/lab-0.1
1781163798.3342798,58.90624976158142,C5_SPEED_1500,C5_SPEED_1500_R01_20260611_144217,delta-asda-b3-e,1591,RTSO|SO|OE|VE|QS|TR,3,0,-1077709335,1499,23,0.09821,23,0.054993,301,49,4270,2391,6000,,1500,,,,constant_speed,transition,0,no_load,cw,C5: 1500 rpm,servo-app/lab-0.1
1781163798.435174,59.0071439743042,C5_SPEED_1500,C5_SPEED_1500_R01_20260611_144217,delta-asda-b3-e,1591,RTSO|SO|OE|VE|QS|TR,3,0,-1073514650,1501,22,0.09394,23,0.054993,301,49,4270,2391,6000,,1500,,,,constant_speed,transition,0,no_load,cw,C5: 1500 rpm,servo-app/lab-0.1
1781163798.535541,59.107511043548584,C5_SPEED_1500,C5_SPEED_1500_R01_20260611_144217,delta-asda-b3-e,1591,RTSO|SO|OE|VE|QS|TR,3,0,-1069279104,1498,24,0.10248,26,0.062166,301,49,4270,2391,6000,,1500,,,,constant_speed,transition,0,no_load,cw,C5: 1500 rpm,servo-app/lab-0.1
1781163798.6357965,59.20776653289795,C5_SPEED_1500,C5_SPEED_1500_R01_20260611_144217,delta-asda-b3-e,1591,RTSO|SO|OE|VE|QS|TR,3,0,-1065000695,1501,21,0.08967,21,0.050211,301,49,4270,2391,6000,,1500,,,,constant_speed,transition,0,no_load,cw,C5: 1500 rpm,servo-app/lab-0.1
1781163798.7359374,59.30790734291077,C5_SPEED_1500,C5_SPEED_1500_R01_20260611_144217,delta-asda-b3-e,1591,RTSO|SO|OE|VE|QS|TR,3,0,-1060890501,1499,21,0.08967,22,0.052602,301,49,4270,2391,6000,,1500,,,,constant_speed,transition,0,no_load,cw,C5: 1500 rpm,servo-app/lab-0.1
1781163798.8363934,59.408363342285156,C5_SPEED_1500,C5_SPEED_1500_R01_20260611_144217,delta-asda-b3-e,1591,RTSO|SO|OE|VE|QS|TR,3,0,-1056486160,1500,19,0.08113,18,0.043038,301,49,4270,2391,6000,,1500,,,,constant_speed,transition,0,no_load,cw,C5: 1500 rpm,servo-app/lab-0.1
1781163798.936888,59.50885796546936,C5_SPEED_1500,C5_SPEED_1500_R01_20260611_144217,delta-asda-b3-e,1591,RTSO|SO|OE|VE|QS|TR,3,0,-1052460165,1498,24,0.10248,27,0.064557,301,49,4270,2391,6000,,1500,,,,constant_speed,transition,0,no_load,cw,C5: 1500 rpm,servo-app/lab-0.1
1781163799.0379317,59.609901666641235,C5_SPEED_1500,C5_SPEED_1500_R01_20260611_144217,delta-asda-b3-e,1591,RTSO|SO|OE|VE|QS|TR,3,0,-1048223615,1500,18,0.07686,22,0.052602,301,49,4270,2391,6000,,1500,,,,constant_speed,transition,0,no_load,cw,C5: 1500 rpm,servo-app/lab-0.1
1781163799.1380389,59.7100088596344,C5_SPEED_1500,C5_SPEED_1500_R01_20260611_144217,delta-asda-b3-e,1591,RTSO|SO|OE|VE|QS|TR,3,0,-1044029582,1499,21,0.08967,22,0.052602,301,49,4270,2391,6000,,1500,,,,constant_speed,transition,0,no_load,cw,C5: 1500 rpm,servo-app/lab-0.1
1781163799.2386909,59.81066083908081,C5_SPEED_1500,C5_SPEED_1500_R01_20260611_144217,delta-asda-b3-e,1591,RTSO|SO|OE|VE|QS|TR,3,0,-1039792944,1500,17,0.07259,21,0.050211,301,49,4270,2391,6000,,1500,,,,constant_speed,transition,0,no_load,cw,C5: 1500 rpm,servo-app/lab-0.1
1781163799.3391094,59.91107940673828,C5_SPEED_1500,C5_SPEED_1500_R01_20260611_144217,delta-asda-b3-e,1591,RTSO|SO|OE|VE|QS|TR,3,0,-1035599292,1498,22,0.09394,24,0.057384,301,49,4270,2391,6000,,1500,,,,constant_speed,transition,0,no_load,cw,C5: 1500 rpm,servo-app/lab-0.1
1781163799.43952,60.01148986816406,C5_SPEED_1500,C5_SPEED_1500_R01_20260611_144217,delta-asda-b3-e,5687,RTSO|SO|OE|VE|QS|TR|ACK,3,0,-1033852103,10,8,0.03416,9,0.021519,301,49,4270,2391,6000,,1500,,,,constant_speed,transition,0,no_load,cw,C5: 1500 rpm,servo-app/lab-0.1
