ts,t,experiment_id,session_id,device_id,statusword,statusword_flags,mode_display,error_code,position,velocity,current,current_A,torque,torque_Nm,dc_bus_voltage,drive_temp,rated_current,rated_torque,max_motor_speed,target_position,target_velocity,target_torque,acceleration_cmd,deceleration_cmd,regime_label,risk_label,is_artificial_anomaly,load_type,direction,operator_comment,software_version
1781163070.278897,0.0,B4_REVERSAL,B4_REVERSAL_R01_20260611_143109,delta-asda-b3-e,1591,RTSO|SO|OE|VE|QS|TR,3,0,1199279,598,21,0.08967,23,0.054993,301,49,4270,2391,6000,,600,,,,reversal,transition,0,no_load,both,B4: reversal,servo-app/lab-0.1
1781163070.3791387,0.10024166107177734,B4_REVERSAL,B4_REVERSAL_R01_20260611_143109,delta-asda-b3-e,1591,RTSO|SO|OE|VE|QS|TR,3,0,2877345,598,20,0.0854,19,0.045429,301,49,4270,2391,6000,,600,,,,reversal,transition,0,no_load,both,B4: reversal,servo-app/lab-0.1
1781163070.4795148,0.20061779022216797,B4_REVERSAL,B4_REVERSAL_R01_20260611_143109,delta-asda-b3-e,1591,RTSO|SO|OE|VE|QS|TR,3,0,4554513,598,21,0.08967,24,0.057384,301,49,4270,2391,6000,,600,,,,reversal,transition,0,no_load,both,B4: reversal,servo-app/lab-0.1
1781163070.5800464,0.3011493682861328,B4_REVERSAL,B4_REVERSAL_R01_20260611_143109,delta-asda-b3-e,1591,RTSO|SO|OE|VE|QS|TR,3,0,6249348,599,16,0.06832,18,0.043038,301,49,4270,2391,6000,,600,,,,reversal,transition,0,no_load,both,B4: reversal,servo-app/lab-0.1
1781163070.6801298,0.4012327194213867,B4_REVERSAL,B4_REVERSAL_R01_20260611_143109,delta-asda-b3-e,1591,RTSO|SO|OE|VE|QS|TR,3,0,7926779,598,27,0.11529,29,0.069339,301,49,4270,2391,6000,,600,,,,reversal,transition,0,no_load,both,B4: reversal,servo-app/lab-0.1
1781163070.7805865,0.5016894340515137,B4_REVERSAL,B4_REVERSAL_R01_20260611_143109,delta-asda-b3-e,1591,RTSO|SO|OE|VE|QS|TR,3,0,9621365,598,17,0.07259,17,0.040647,301,49,4270,2391,6000,,600,,,,reversal,transition,0,no_load,both,B4: reversal,servo-app/lab-0.1
1781163070.8809218,0.6020247936248779,B4_REVERSAL,B4_REVERSAL_R01_20260611_143109,delta-asda-b3-e,1591,RTSO|SO|OE|VE|QS|TR,3,0,11298624,598,27,0.11529,25,0.059775,301,49,4270,2391,6000,,600,,,,reversal,transition,0,no_load,both,B4: reversal,servo-app/lab-0.1
1781163070.9813728,0.7024757862091064,B4_REVERSAL,B4_REVERSAL_R01_20260611_143109,delta-asda-b3-e,1591,RTSO|SO|OE|VE|QS|TR,3,0,12993230,598,17,0.07259,17,0.040647,301,49,4270,2391,6000,,600,,,,reversal,transition,0,no_load,both,B4: reversal,servo-app/lab-0.1
1781163071.0818324,0.8029353618621826,B4_REVERSAL,B4_REVERSAL_R01_20260611_143109,delta-asda-b3-e,1591,RTSO|SO|OE|VE|QS|TR,3,0,14670739,599,26,0.11102,26,0.062166,301,49,4270,2391,6000,,600,,,,reversal,transition,0,no_load,both,B4: reversal,servo-app/lab-0.1
1781163071.1820736,0.9031765460968018,B4_REVERSAL,B4_REVERSAL_R01_20260611_143109,delta-asda-b3-e,1591,RTSO|SO|OE|VE|QS|TR,3,0,16349067,599,20,0.0854,22,0.052602,301,49,4270,2391,6000,,600,,,,reversal,transition,0,no_load,both,B4: reversal,servo-app/lab-0.1
1781163071.2822757,1.0033786296844482,B4_REVERSAL,B4_REVERSAL_R01_20260611_143109,delta-asda-b3-e,1591,RTSO|SO|OE|VE|QS|TR,3,0,18026167,598,20,0.0854,21,0.050211,301,49,4270,2391,6000,,600,,,,reversal,transition,0,no_load,both,B4: reversal,servo-app/lab-0.1
1781163071.3825889,1.103691816329956,B4_REVERSAL,B4_REVERSAL_R01_20260611_143109,delta-asda-b3-e,1591,RTSO|SO|OE|VE|QS|TR,3,0,19720989,599,21,0.08967,17,0.040647,301,49,4270,2391,6000,,600,,,,reversal,transition,0,no_load,both,B4: reversal,servo-app/lab-0.1
1781163071.482959,1.2040619850158691,B4_REVERSAL,B4_REVERSAL_R01_20260611_143109,delta-asda-b3-e,1591,RTSO|SO|OE|VE|QS|TR,3,0,21398108,598,18,0.07686,22,0.052602,301,49,4270,2391,6000,,600,,,,reversal,transition,0,no_load,both,B4: reversal,servo-app/lab-0.1
1781163071.5830147,1.3041176795959473,B4_REVERSAL,B4_REVERSAL_R01_20260611_143109,delta-asda-b3-e,1591,RTSO|SO|OE|VE|QS|TR,3,0,23076410,599,15,0.06405,17,0.040647,301,49,4270,2391,6000,,600,,,,reversal,transition,0,no_load,both,B4: reversal,servo-app/lab-0.1
1781163071.6835997,1.4047026634216309,B4_REVERSAL,B4_REVERSAL_R01_20260611_143109,delta-asda-b3-e,1591,RTSO|SO|OE|VE|QS|TR,3,0,24854159,599,17,0.07259,19,0.045429,301,49,4270,2391,6000,,600,,,,reversal,transition,0,no_load,both,B4: reversal,servo-app/lab-0.1
1781163071.7842424,1.505345344543457,B4_REVERSAL,B4_REVERSAL_R01_20260611_143109,delta-asda-b3-e,1591,RTSO|SO|OE|VE|QS|TR,3,0,26448283,599,15,0.06405,16,0.038256,301,49,4270,2391,6000,,600,,,,reversal,transition,0,no_load,both,B4: reversal,servo-app/lab-0.1
1781163071.8852797,1.6063826084136963,B4_REVERSAL,B4_REVERSAL_R01_20260611_143109,delta-asda-b3-e,1591,RTSO|SO|OE|VE|QS|TR,3,0,28142259,598,19,0.08113,21,0.050211,301,49,4270,2391,6000,,600,,,,reversal,transition,0,no_load,both,B4: reversal,servo-app/lab-0.1
1781163071.9855506,1.7066535949707031,B4_REVERSAL,B4_REVERSAL_R01_20260611_143109,delta-asda-b3-e,1591,RTSO|SO|OE|VE|QS|TR,3,0,29820206,599,19,0.08113,17,0.040647,301,49,4270,2391,6000,,600,,,,reversal,transition,0,no_load,both,B4: reversal,servo-app/lab-0.1
1781163072.0858173,1.8069202899932861,B4_REVERSAL,B4_REVERSAL_R01_20260611_143109,delta-asda-b3-e,1591,RTSO|SO|OE|VE|QS|TR,3,0,31514583,599,19,0.08113,21,0.050211,301,49,4270,2391,6000,,600,,,,reversal,transition,0,no_load,both,B4: reversal,servo-app/lab-0.1
1781163072.1867242,1.9078271389007568,B4_REVERSAL,B4_REVERSAL_R01_20260611_143109,delta-asda-b3-e,1591,RTSO|SO|OE|VE|QS|TR,3,0,33226245,599,16,0.06832,17,0.040647,301,49,4270,2391,6000,,600,,,,reversal,transition,0,no_load,both,B4: reversal,servo-app/lab-0.1
1781163072.2869675,2.008070468902588,B4_REVERSAL,B4_REVERSAL_R01_20260611_143109,delta-asda-b3-e,1591,RTSO|SO|OE|VE|QS|TR,3,0,34886648,599,19,0.08113,23,0.054993,301,49,4270,2391,6000,,600,,,,reversal,transition,0,no_load,both,B4: reversal,servo-app/lab-0.1
1781163072.387666,2.108768939971924,B4_REVERSAL,B4_REVERSAL_R01_20260611_143109,delta-asda-b3-e,1591,RTSO|SO|OE|VE|QS|TR,3,0,36581427,599,21,0.08967,17,0.040647,301,49,4270,2391,6000,,600,,,,reversal,transition,0,no_load,both,B4: reversal,servo-app/lab-0.1
1781163072.488691,2.209794044494629,B4_REVERSAL,B4_REVERSAL_R01_20260611_143109,delta-asda-b3-e,1591,RTSO|SO|OE|VE|QS|TR,3,0,38275410,599,18,0.07686,20,0.04782,301,49,4270,2391,6000,,600,,,,reversal,transition,0,no_load,both,B4: reversal,servo-app/lab-0.1
1781163072.5891542,2.3102571964263916,B4_REVERSAL,B4_REVERSAL_R01_20260611_143109,delta-asda-b3-e,1591,RTSO|SO|OE|VE|QS|TR,3,0,39953703,600,15,0.06405,17,0.040647,301,49,4270,2391,6000,,600,,,,reversal,transition,0,no_load,both,B4: reversal,servo-app/lab-0.1
1781163072.689673,2.410775899887085,B4_REVERSAL,B4_REVERSAL_R01_20260611_143109,delta-asda-b3-e,1591,RTSO|SO|OE|VE|QS|TR,3,0,41647572,599,20,0.0854,19,0.045429,302,49,4270,2391,6000,,600,,,,reversal,transition,0,no_load,both,B4: reversal,servo-app/lab-0.1
1781163072.7900662,2.511169195175171,B4_REVERSAL,B4_REVERSAL_R01_20260611_143109,delta-asda-b3-e,1591,RTSO|SO|OE|VE|QS|TR,3,0,43325537,599,21,0.08967,16,0.038256,301,49,4270,2391,6000,,600,,,,reversal,transition,0,no_load,both,B4: reversal,servo-app/lab-0.1
1781163072.8904886,2.6115915775299072,B4_REVERSAL,B4_REVERSAL_R01_20260611_143109,delta-asda-b3-e,1591,RTSO|SO|OE|VE|QS|TR,3,0,45002672,599,18,0.07686,18,0.043038,301,49,4270,2391,6000,,600,,,,reversal,transition,0,no_load,both,B4: reversal,servo-app/lab-0.1
1781163072.9919662,2.713069200515747,B4_REVERSAL,B4_REVERSAL_R01_20260611_143109,delta-asda-b3-e,1591,RTSO|SO|OE|VE|QS|TR,3,0,46764936,601,17,0.07259,17,0.040647,301,49,4270,2391,6000,,600,,,,reversal,transition,0,no_load,both,B4: reversal,servo-app/lab-0.1
1781163073.092375,2.8134779930114746,B4_REVERSAL,B4_REVERSAL_R01_20260611_143109,delta-asda-b3-e,1591,RTSO|SO|OE|VE|QS|TR,3,0,48392001,600,19,0.08113,17,0.040647,301,49,4270,2391,6000,,600,,,,reversal,transition,0,no_load,both,B4: reversal,servo-app/lab-0.1
1781163073.1928256,2.913928508758545,B4_REVERSAL,B4_REVERSAL_R01_20260611_143109,delta-asda-b3-e,1591,RTSO|SO|OE|VE|QS|TR,3,0,50086826,600,20,0.0854,15,0.035865,301,49,4270,2391,6000,,600,,,,reversal,transition,0,no_load,both,B4: reversal,servo-app/lab-0.1
1781163073.2932584,3.0143613815307617,B4_REVERSAL,B4_REVERSAL_R01_20260611_143109,delta-asda-b3-e,1591,RTSO|SO|OE|VE|QS|TR,3,0,51764071,600,20,0.0854,19,0.045429,301,49,4270,2391,6000,,600,,,,reversal,transition,0,no_load,both,B4: reversal,servo-app/lab-0.1
1781163073.3937693,3.1148722171783447,B4_REVERSAL,B4_REVERSAL_R01_20260611_143109,delta-asda-b3-e,1591,RTSO|SO|OE|VE|QS|TR,3,0,53458804,600,21,0.08967,21,0.050211,301,49,4270,2391,6000,,600,,,,reversal,transition,0,no_load,both,B4: reversal,servo-app/lab-0.1
1781163073.4943237,3.2154266834259033,B4_REVERSAL,B4_REVERSAL_R01_20260611_143109,delta-asda-b3-e,1591,RTSO|SO|OE|VE|QS|TR,3,0,55136171,601,18,0.07686,18,0.043038,301,49,4270,2391,6000,,600,,,,reversal,transition,0,no_load,both,B4: reversal,servo-app/lab-0.1
1781163073.5945485,3.3156514167785645,B4_REVERSAL,B4_REVERSAL_R01_20260611_143109,delta-asda-b3-e,1591,RTSO|SO|OE|VE|QS|TR,3,0,56814346,600,19,0.08113,17,0.040647,301,49,4270,2391,6000,,600,,,,reversal,transition,0,no_load,both,B4: reversal,servo-app/lab-0.1
1781163073.6949525,3.41605544090271,B4_REVERSAL,B4_REVERSAL_R01_20260611_143109,delta-asda-b3-e,1591,RTSO|SO|OE|VE|QS|TR,3,0,58508243,600,20,0.0854,16,0.038256,302,49,4270,2391,6000,,600,,,,reversal,transition,0,no_load,both,B4: reversal,servo-app/lab-0.1
1781163073.795142,3.516244888305664,B4_REVERSAL,B4_REVERSAL_R01_20260611_143109,delta-asda-b3-e,1591,RTSO|SO|OE|VE|QS|TR,3,0,60186214,600,20,0.0854,20,0.04782,302,49,4270,2391,6000,,600,,,,reversal,transition,0,no_load,both,B4: reversal,servo-app/lab-0.1
1781163073.8955672,3.6166701316833496,B4_REVERSAL,B4_REVERSAL_R01_20260611_143109,delta-asda-b3-e,1591,RTSO|SO|OE|VE|QS|TR,3,0,61863427,600,20,0.0854,22,0.052602,302,49,4270,2391,6000,,600,,,,reversal,transition,0,no_load,both,B4: reversal,servo-app/lab-0.1
1781163073.9960449,3.7171478271484375,B4_REVERSAL,B4_REVERSAL_R01_20260611_143109,delta-asda-b3-e,1591,RTSO|SO|OE|VE|QS|TR,3,0,63558358,601,15,0.06405,15,0.035865,302,49,4270,2391,6000,,600,,,,reversal,transition,0,no_load,both,B4: reversal,servo-app/lab-0.1
1781163074.0963914,3.8174943923950195,B4_REVERSAL,B4_REVERSAL_R01_20260611_143109,delta-asda-b3-e,1591,RTSO|SO|OE|VE|QS|TR,3,0,65235969,601,22,0.09394,17,0.040647,302,49,4270,2391,6000,,600,,,,reversal,transition,0,no_load,both,B4: reversal,servo-app/lab-0.1
1781163074.196838,3.917940855026245,B4_REVERSAL,B4_REVERSAL_R01_20260611_143109,delta-asda-b3-e,1591,RTSO|SO|OE|VE|QS|TR,3,0,66930658,600,19,0.08113,16,0.038256,302,49,4270,2391,6000,,600,,,,reversal,transition,0,no_load,both,B4: reversal,servo-app/lab-0.1
1781163074.2981663,4.019269227981567,B4_REVERSAL,B4_REVERSAL_R01_20260611_143109,delta-asda-b3-e,1591,RTSO|SO|OE|VE|QS|TR,3,0,68624788,600,19,0.08113,20,0.04782,301,49,4270,2391,6000,,600,,,,reversal,transition,0,no_load,both,B4: reversal,servo-app/lab-0.1
1781163074.3986,4.119703054428101,B4_REVERSAL,B4_REVERSAL_R01_20260611_143109,delta-asda-b3-e,1591,RTSO|SO|OE|VE|QS|TR,3,0,70319396,600,19,0.08113,18,0.043038,301,49,4270,2391,6000,,600,,,,reversal,transition,0,no_load,both,B4: reversal,servo-app/lab-0.1
1781163074.4993558,4.220458745956421,B4_REVERSAL,B4_REVERSAL_R01_20260611_143109,delta-asda-b3-e,1591,RTSO|SO|OE|VE|QS|TR,3,0,71996968,601,18,0.07686,17,0.040647,301,49,4270,2391,6000,,600,,,,reversal,transition,0,no_load,both,B4: reversal,servo-app/lab-0.1
1781163074.5996208,4.32072377204895,B4_REVERSAL,B4_REVERSAL_R01_20260611_143109,delta-asda-b3-e,1591,RTSO|SO|OE|VE|QS|TR,3,0,73691720,600,20,0.0854,20,0.04782,301,49,4270,2391,6000,,600,,,,reversal,transition,0,no_load,both,B4: reversal,servo-app/lab-0.1
1781163074.6997874,4.4208903312683105,B4_REVERSAL,B4_REVERSAL_R01_20260611_143109,delta-asda-b3-e,1591,RTSO|SO|OE|VE|QS|TR,3,0,75368861,600,19,0.08113,21,0.050211,301,49,4270,2391,6000,,600,,,,reversal,transition,0,no_load,both,B4: reversal,servo-app/lab-0.1
1781163074.8003025,4.521405458450317,B4_REVERSAL,B4_REVERSAL_R01_20260611_143109,delta-asda-b3-e,1591,RTSO|SO|OE|VE|QS|TR,3,0,77046808,600,19,0.08113,26,0.062166,301,49,4270,2391,6000,,600,,,,reversal,transition,0,no_load,both,B4: reversal,servo-app/lab-0.1
1781163074.9008794,4.6219823360443115,B4_REVERSAL,B4_REVERSAL_R01_20260611_143109,delta-asda-b3-e,1591,RTSO|SO|OE|VE|QS|TR,3,0,78740810,600,18,0.07686,19,0.045429,302,49,4270,2391,6000,,600,,,,reversal,transition,0,no_load,both,B4: reversal,servo-app/lab-0.1
1781163075.001377,4.722480058670044,B4_REVERSAL,B4_REVERSAL_R01_20260611_143109,delta-asda-b3-e,1591,RTSO|SO|OE|VE|QS|TR,3,0,80419069,601,24,0.10248,19,0.045429,301,49,4270,2391,6000,,600,,,,reversal,transition,0,no_load,both,B4: reversal,servo-app/lab-0.1
1781163075.101583,4.822685956954956,B4_REVERSAL,B4_REVERSAL_R01_20260611_143109,delta-asda-b3-e,1591,RTSO|SO|OE|VE|QS|TR,3,0,82113331,600,15,0.06405,16,0.038256,301,49,4270,2391,6000,,600,,,,reversal,transition,0,no_load,both,B4: reversal,servo-app/lab-0.1
1781163075.2016845,4.922787427902222,B4_REVERSAL,B4_REVERSAL_R01_20260611_143109,delta-asda-b3-e,1591,RTSO|SO|OE|VE|QS|TR,3,0,83791194,600,6,0.02562,13,0.031083,302,49,4270,2391,6000,,600,,,,reversal,transition,0,no_load,both,B4: reversal,servo-app/lab-0.1
1781163075.3029475,5.02405047416687,B4_REVERSAL,B4_REVERSAL_R01_20260611_143109,delta-asda-b3-e,1591,RTSO|SO|OE|VE|QS|TR,3,0,83035470,-597,-17,-0.07259,-18,-0.043038,302,49,4270,2391,6000,,600,,,,reversal,transition,0,no_load,both,B4: reversal,servo-app/lab-0.1
1781163075.4032514,5.124354362487793,B4_REVERSAL,B4_REVERSAL_R01_20260611_143109,delta-asda-b3-e,1591,RTSO|SO|OE|VE|QS|TR,3,0,81357313,-600,-19,-0.08113,-21,-0.050211,301,49,4270,2391,6000,,600,,,,reversal,transition,0,no_load,both,B4: reversal,servo-app/lab-0.1
1781163075.5033667,5.2244696617126465,B4_REVERSAL,B4_REVERSAL_R01_20260611_143109,delta-asda-b3-e,1591,RTSO|SO|OE|VE|QS|TR,3,0,79680010,-599,-18,-0.07686,-17,-0.040647,301,49,4270,2391,6000,,600,,,,reversal,transition,0,no_load,both,B4: reversal,servo-app/lab-0.1
1781163075.6034887,5.324591636657715,B4_REVERSAL,B4_REVERSAL_R01_20260611_143109,delta-asda-b3-e,1591,RTSO|SO|OE|VE|QS|TR,3,0,78001871,-599,-20,-0.0854,-18,-0.043038,301,49,4270,2391,6000,,600,,,,reversal,transition,0,no_load,both,B4: reversal,servo-app/lab-0.1
1781163075.703964,5.425066947937012,B4_REVERSAL,B4_REVERSAL_R01_20260611_143109,delta-asda-b3-e,1591,RTSO|SO|OE|VE|QS|TR,3,0,76291062,-599,-17,-0.07259,-17,-0.040647,301,49,4270,2391,6000,,600,,,,reversal,transition,0,no_load,both,B4: reversal,servo-app/lab-0.1
1781163075.8045092,5.525612115859985,B4_REVERSAL,B4_REVERSAL_R01_20260611_143109,delta-asda-b3-e,1591,RTSO|SO|OE|VE|QS|TR,3,0,74629878,-599,-20,-0.0854,-19,-0.045429,302,49,4270,2391,6000,,600,,,,reversal,transition,0,no_load,both,B4: reversal,servo-app/lab-0.1
1781163075.9048657,5.62596869468689,B4_REVERSAL,B4_REVERSAL_R01_20260611_143109,delta-asda-b3-e,1591,RTSO|SO|OE|VE|QS|TR,3,0,72935573,-599,-17,-0.07259,-17,-0.040647,301,49,4270,2391,6000,,600,,,,reversal,transition,0,no_load,both,B4: reversal,servo-app/lab-0.1
1781163076.0053775,5.726480484008789,B4_REVERSAL,B4_REVERSAL_R01_20260611_143109,delta-asda-b3-e,1591,RTSO|SO|OE|VE|QS|TR,3,0,71257653,-599,-21,-0.08967,-21,-0.050211,302,49,4270,2391,6000,,600,,,,reversal,transition,0,no_load,both,B4: reversal,servo-app/lab-0.1
1781163076.1062362,5.827339172363281,B4_REVERSAL,B4_REVERSAL_R01_20260611_143109,delta-asda-b3-e,1591,RTSO|SO|OE|VE|QS|TR,3,0,69563441,-599,-18,-0.07686,-17,-0.040647,302,49,4270,2391,6000,,600,,,,reversal,transition,0,no_load,both,B4: reversal,servo-app/lab-0.1
1781163076.2076125,5.928715467453003,B4_REVERSAL,B4_REVERSAL_R01_20260611_143109,delta-asda-b3-e,1591,RTSO|SO|OE|VE|QS|TR,3,0,67852192,-598,-22,-0.09394,-21,-0.050211,302,49,4270,2391,6000,,600,,,,reversal,transition,0,no_load,both,B4: reversal,servo-app/lab-0.1
1781163076.3077254,6.028828382492065,B4_REVERSAL,B4_REVERSAL_R01_20260611_143109,delta-asda-b3-e,1591,RTSO|SO|OE|VE|QS|TR,3,0,66174753,-599,-19,-0.08113,-19,-0.045429,301,49,4270,2391,6000,,600,,,,reversal,transition,0,no_load,both,B4: reversal,servo-app/lab-0.1
1781163076.4087982,6.129901170730591,B4_REVERSAL,B4_REVERSAL_R01_20260611_143109,delta-asda-b3-e,1591,RTSO|SO|OE|VE|QS|TR,3,0,64479701,-599,-21,-0.08967,-21,-0.050211,302,49,4270,2391,6000,,600,,,,reversal,transition,0,no_load,both,B4: reversal,servo-app/lab-0.1
1781163076.5093513,6.230454206466675,B4_REVERSAL,B4_REVERSAL_R01_20260611_143109,delta-asda-b3-e,1591,RTSO|SO|OE|VE|QS|TR,3,0,62802340,-599,-20,-0.0854,-18,-0.043038,301,49,4270,2391,6000,,600,,,,reversal,transition,0,no_load,both,B4: reversal,servo-app/lab-0.1
1781163076.6094365,6.3305394649505615,B4_REVERSAL,B4_REVERSAL_R01_20260611_143109,delta-asda-b3-e,1591,RTSO|SO|OE|VE|QS|TR,3,0,61124204,-599,-22,-0.09394,-20,-0.04782,302,49,4270,2391,6000,,600,,,,reversal,transition,0,no_load,both,B4: reversal,servo-app/lab-0.1
1781163076.7098827,6.430985689163208,B4_REVERSAL,B4_REVERSAL_R01_20260611_143109,delta-asda-b3-e,1591,RTSO|SO|OE|VE|QS|TR,3,0,59430291,-598,-27,-0.11529,-22,-0.052602,302,49,4270,2391,6000,,600,,,,reversal,transition,0,no_load,both,B4: reversal,servo-app/lab-0.1
1781163076.8103266,6.5314295291900635,B4_REVERSAL,B4_REVERSAL_R01_20260611_143109,delta-asda-b3-e,1591,RTSO|SO|OE|VE|QS|TR,3,0,57752238,-599,-24,-0.10248,-20,-0.04782,302,49,4270,2391,6000,,600,,,,reversal,transition,0,no_load,both,B4: reversal,servo-app/lab-0.1
1781163076.9106114,6.631714344024658,B4_REVERSAL,B4_REVERSAL_R01_20260611_143109,delta-asda-b3-e,1591,RTSO|SO|OE|VE|QS|TR,3,0,56057993,-599,-25,-0.10675,-18,-0.043038,302,49,4270,2391,6000,,600,,,,reversal,transition,0,no_load,both,B4: reversal,servo-app/lab-0.1
1781163077.0111415,6.732244491577148,B4_REVERSAL,B4_REVERSAL_R01_20260611_143109,delta-asda-b3-e,1591,RTSO|SO|OE|VE|QS|TR,3,0,54380127,-599,-21,-0.08967,-24,-0.057384,302,49,4270,2391,6000,,600,,,,reversal,transition,0,no_load,both,B4: reversal,servo-app/lab-0.1
1781163077.1115148,6.83261775970459,B4_REVERSAL,B4_REVERSAL_R01_20260611_143109,delta-asda-b3-e,1591,RTSO|SO|OE|VE|QS|TR,3,0,52702595,-599,-20,-0.0854,-18,-0.043038,302,49,4270,2391,6000,,600,,,,reversal,transition,0,no_load,both,B4: reversal,servo-app/lab-0.1
1781163077.212132,6.933234930038452,B4_REVERSAL,B4_REVERSAL_R01_20260611_143109,delta-asda-b3-e,1591,RTSO|SO|OE|VE|QS|TR,3,0,51008118,-598,-24,-0.10248,-22,-0.052602,302,49,4270,2391,6000,,600,,,,reversal,transition,0,no_load,both,B4: reversal,servo-app/lab-0.1
1781163077.3133395,7.03444242477417,B4_REVERSAL,B4_REVERSAL_R01_20260611_143109,delta-asda-b3-e,1591,RTSO|SO|OE|VE|QS|TR,3,0,49313797,-599,-22,-0.09394,-16,-0.038256,302,49,4270,2391,6000,,600,,,,reversal,transition,0,no_load,both,B4: reversal,servo-app/lab-0.1
1781163077.4134724,7.134575366973877,B4_REVERSAL,B4_REVERSAL_R01_20260611_143109,delta-asda-b3-e,1591,RTSO|SO|OE|VE|QS|TR,3,0,47635555,-599,-21,-0.08967,-21,-0.050211,301,49,4270,2391,6000,,600,,,,reversal,transition,0,no_load,both,B4: reversal,servo-app/lab-0.1
1781163077.5137682,7.23487114906311,B4_REVERSAL,B4_REVERSAL_R01_20260611_143109,delta-asda-b3-e,1591,RTSO|SO|OE|VE|QS|TR,3,0,45941351,-599,-20,-0.0854,-25,-0.059775,301,49,4270,2391,6000,,600,,,,reversal,transition,0,no_load,both,B4: reversal,servo-app/lab-0.1
1781163077.6141775,7.335280418395996,B4_REVERSAL,B4_REVERSAL_R01_20260611_143109,delta-asda-b3-e,1591,RTSO|SO|OE|VE|QS|TR,3,0,44263330,-599,-27,-0.11529,-24,-0.057384,302,49,4270,2391,6000,,600,,,,reversal,transition,0,no_load,both,B4: reversal,servo-app/lab-0.1
1781163077.7142482,7.435351133346558,B4_REVERSAL,B4_REVERSAL_R01_20260611_143109,delta-asda-b3-e,1591,RTSO|SO|OE|VE|QS|TR,3,0,42586131,-599,-19,-0.08113,-22,-0.052602,302,49,4270,2391,6000,,600,,,,reversal,transition,0,no_load,both,B4: reversal,servo-app/lab-0.1
1781163077.8144975,7.535600423812866,B4_REVERSAL,B4_REVERSAL_R01_20260611_143109,delta-asda-b3-e,1591,RTSO|SO|OE|VE|QS|TR,3,0,40840756,-600,-17,-0.07259,-19,-0.045429,302,49,4270,2391,6000,,600,,,,reversal,transition,0,no_load,both,B4: reversal,servo-app/lab-0.1
1781163077.9150634,7.636166334152222,B4_REVERSAL,B4_REVERSAL_R01_20260611_143109,delta-asda-b3-e,1591,RTSO|SO|OE|VE|QS|TR,3,0,39213707,-599,-18,-0.07686,-25,-0.059775,302,49,4270,2391,6000,,600,,,,reversal,transition,0,no_load,both,B4: reversal,servo-app/lab-0.1
1781163078.0154111,7.736514091491699,B4_REVERSAL,B4_REVERSAL_R01_20260611_143109,delta-asda-b3-e,1591,RTSO|SO|OE|VE|QS|TR,3,0,37535815,-599,-16,-0.06832,-17,-0.040647,302,49,4270,2391,6000,,600,,,,reversal,transition,0,no_load,both,B4: reversal,servo-app/lab-0.1
1781163078.1160502,7.837153196334839,B4_REVERSAL,B4_REVERSAL_R01_20260611_143109,delta-asda-b3-e,1591,RTSO|SO|OE|VE|QS|TR,3,0,35841558,-599,-22,-0.09394,-20,-0.04782,302,49,4270,2391,6000,,600,,,,reversal,transition,0,no_load,both,B4: reversal,servo-app/lab-0.1
1781163078.2162886,7.937391519546509,B4_REVERSAL,B4_REVERSAL_R01_20260611_143109,delta-asda-b3-e,1591,RTSO|SO|OE|VE|QS|TR,3,0,34163772,-599,-27,-0.11529,-28,-0.066948,301,49,4270,2391,6000,,600,,,,reversal,transition,0,no_load,both,B4: reversal,servo-app/lab-0.1
1781163078.316469,8.037571907043457,B4_REVERSAL,B4_REVERSAL_R01_20260611_143109,delta-asda-b3-e,1591,RTSO|SO|OE|VE|QS|TR,3,0,32486116,-599,-23,-0.09821,-22,-0.052602,302,49,4270,2391,6000,,600,,,,reversal,transition,0,no_load,both,B4: reversal,servo-app/lab-0.1
1781163078.4166012,8.137704133987427,B4_REVERSAL,B4_REVERSAL_R01_20260611_143109,delta-asda-b3-e,1591,RTSO|SO|OE|VE|QS|TR,3,0,30791212,-599,-22,-0.09394,-25,-0.059775,302,49,4270,2391,6000,,600,,,,reversal,transition,0,no_load,both,B4: reversal,servo-app/lab-0.1
1781163078.5168705,8.23797345161438,B4_REVERSAL,B4_REVERSAL_R01_20260611_143109,delta-asda-b3-e,1591,RTSO|SO|OE|VE|QS|TR,3,0,29113809,-599,-16,-0.06832,-18,-0.043038,302,49,4270,2391,6000,,600,,,,reversal,transition,0,no_load,both,B4: reversal,servo-app/lab-0.1
1781163078.617385,8.33848786354065,B4_REVERSAL,B4_REVERSAL_R01_20260611_143109,delta-asda-b3-e,1591,RTSO|SO|OE|VE|QS|TR,3,0,27435790,-599,-20,-0.0854,-21,-0.050211,302,49,4270,2391,6000,,600,,,,reversal,transition,0,no_load,both,B4: reversal,servo-app/lab-0.1
1781163078.720775,8.441877841949463,B4_REVERSAL,B4_REVERSAL_R01_20260611_143109,delta-asda-b3-e,1591,RTSO|SO|OE|VE|QS|TR,3,0,25657747,-600,-16,-0.06832,-16,-0.038256,302,49,4270,2391,6000,,600,,,,reversal,transition,0,no_load,both,B4: reversal,servo-app/lab-0.1
1781163078.8211734,8.542276382446289,B4_REVERSAL,B4_REVERSAL_R01_20260611_143109,delta-asda-b3-e,1591,RTSO|SO|OE|VE|QS|TR,3,0,24013127,-600,-16,-0.06832,-16,-0.038256,302,49,4270,2391,6000,,600,,,,reversal,transition,0,no_load,both,B4: reversal,servo-app/lab-0.1
1781163078.9220023,8.643105268478394,B4_REVERSAL,B4_REVERSAL_R01_20260611_143109,delta-asda-b3-e,1591,RTSO|SO|OE|VE|QS|TR,3,0,22318985,-600,-19,-0.08113,-19,-0.045429,302,49,4270,2391,6000,,600,,,,reversal,transition,0,no_load,both,B4: reversal,servo-app/lab-0.1
1781163079.0223382,8.743441104888916,B4_REVERSAL,B4_REVERSAL_R01_20260611_143109,delta-asda-b3-e,1591,RTSO|SO|OE|VE|QS|TR,3,0,20641014,-600,-23,-0.09821,-22,-0.052602,302,49,4270,2391,6000,,600,,,,reversal,transition,0,no_load,both,B4: reversal,servo-app/lab-0.1
1781163079.1229568,8.844059705734253,B4_REVERSAL,B4_REVERSAL_R01_20260611_143109,delta-asda-b3-e,1591,RTSO|SO|OE|VE|QS|TR,3,0,18946856,-600,-23,-0.09821,-18,-0.043038,301,49,4270,2391,6000,,600,,,,reversal,transition,0,no_load,both,B4: reversal,servo-app/lab-0.1
1781163079.2235322,8.944635152816772,B4_REVERSAL,B4_REVERSAL_R01_20260611_143109,delta-asda-b3-e,1591,RTSO|SO|OE|VE|QS|TR,3,0,17252123,-600,-20,-0.0854,-16,-0.038256,301,49,4270,2391,6000,,600,,,,reversal,transition,0,no_load,both,B4: reversal,servo-app/lab-0.1
1781163079.3238752,9.044978141784668,B4_REVERSAL,B4_REVERSAL_R01_20260611_143109,delta-asda-b3-e,1591,RTSO|SO|OE|VE|QS|TR,3,0,15507216,-600,-19,-0.08113,-18,-0.043038,302,49,4270,2391,6000,,600,,,,reversal,transition,0,no_load,both,B4: reversal,servo-app/lab-0.1
1781163079.4241085,9.145211458206177,B4_REVERSAL,B4_REVERSAL_R01_20260611_143109,delta-asda-b3-e,1591,RTSO|SO|OE|VE|QS|TR,3,0,13896389,-600,-19,-0.08113,-15,-0.035865,302,49,4270,2391,6000,,600,,,,reversal,transition,0,no_load,both,B4: reversal,servo-app/lab-0.1
1781163079.5242217,9.245324611663818,B4_REVERSAL,B4_REVERSAL_R01_20260611_143109,delta-asda-b3-e,1591,RTSO|SO|OE|VE|QS|TR,3,0,12218896,-600,-18,-0.07686,-16,-0.038256,301,49,4270,2391,6000,,600,,,,reversal,transition,0,no_load,both,B4: reversal,servo-app/lab-0.1
1781163079.6245613,9.345664262771606,B4_REVERSAL,B4_REVERSAL_R01_20260611_143109,delta-asda-b3-e,1591,RTSO|SO|OE|VE|QS|TR,3,0,10541064,-600,-21,-0.08967,-20,-0.04782,301,49,4270,2391,6000,,600,,,,reversal,transition,0,no_load,both,B4: reversal,servo-app/lab-0.1
1781163079.7246306,9.445733547210693,B4_REVERSAL,B4_REVERSAL_R01_20260611_143109,delta-asda-b3-e,1591,RTSO|SO|OE|VE|QS|TR,3,0,8863671,-600,-15,-0.06405,-17,-0.040647,301,49,4270,2391,6000,,600,,,,reversal,transition,0,no_load,both,B4: reversal,servo-app/lab-0.1
1781163079.8247075,9.545810461044312,B4_REVERSAL,B4_REVERSAL_R01_20260611_143109,delta-asda-b3-e,1591,RTSO|SO|OE|VE|QS|TR,3,0,7168629,-600,-23,-0.09821,-19,-0.045429,302,49,4270,2391,6000,,600,,,,reversal,transition,0,no_load,both,B4: reversal,servo-app/lab-0.1
1781163079.92534,9.646442890167236,B4_REVERSAL,B4_REVERSAL_R01_20260611_143109,delta-asda-b3-e,1591,RTSO|SO|OE|VE|QS|TR,3,0,5491280,-600,-20,-0.0854,-19,-0.045429,302,49,4270,2391,6000,,600,,,,reversal,transition,0,no_load,both,B4: reversal,servo-app/lab-0.1
1781163080.0259173,9.747020244598389,B4_REVERSAL,B4_REVERSAL_R01_20260611_143109,delta-asda-b3-e,1591,RTSO|SO|OE|VE|QS|TR,3,0,3796493,-600,-21,-0.08967,-25,-0.059775,301,49,4270,2391,6000,,600,,,,reversal,transition,0,no_load,both,B4: reversal,servo-app/lab-0.1
1781163080.1264522,9.847555160522461,B4_REVERSAL,B4_REVERSAL_R01_20260611_143109,delta-asda-b3-e,1591,RTSO|SO|OE|VE|QS|TR,3,0,2119202,-600,-28,-0.11956,-24,-0.057384,301,49,4270,2391,6000,,600,,,,reversal,transition,0,no_load,both,B4: reversal,servo-app/lab-0.1
1781163080.2265825,9.947685480117798,B4_REVERSAL,B4_REVERSAL_R01_20260611_143109,delta-asda-b3-e,567,RTSO|SO|OE|VE|QS,3,0,540820,-342,-5,-0.02135,-6,-0.014346,301,49,4270,2391,6000,,600,,,,reversal,transition,0,no_load,both,B4: reversal,servo-app/lab-0.1
1781163080.3266644,10.047767400741577,B4_REVERSAL,B4_REVERSAL_R01_20260611_143109,delta-asda-b3-e,1591,RTSO|SO|OE|VE|QS|TR,3,0,1917817,600,19,0.08113,14,0.033474,301,49,4270,2391,6000,,600,,,,reversal,transition,0,no_load,both,B4: reversal,servo-app/lab-0.1
1781163080.4269075,10.148010492324829,B4_REVERSAL,B4_REVERSAL_R01_20260611_143109,delta-asda-b3-e,1591,RTSO|SO|OE|VE|QS|TR,3,0,3612456,600,16,0.06832,17,0.040647,301,49,4270,2391,6000,,600,,,,reversal,transition,0,no_load,both,B4: reversal,servo-app/lab-0.1
1781163080.5272102,10.248313188552856,B4_REVERSAL,B4_REVERSAL_R01_20260611_143109,delta-asda-b3-e,1591,RTSO|SO|OE|VE|QS|TR,3,0,5289945,600,18,0.07686,16,0.038256,301,49,4270,2391,6000,,600,,,,reversal,transition,0,no_load,both,B4: reversal,servo-app/lab-0.1
1781163080.6277726,10.348875522613525,B4_REVERSAL,B4_REVERSAL_R01_20260611_143109,delta-asda-b3-e,1591,RTSO|SO|OE|VE|QS|TR,3,0,6984366,600,17,0.07259,25,0.059775,300,49,4270,2391,6000,,600,,,,reversal,transition,0,no_load,both,B4: reversal,servo-app/lab-0.1
1781163080.7283418,10.449444770812988,B4_REVERSAL,B4_REVERSAL_R01_20260611_143109,delta-asda-b3-e,1591,RTSO|SO|OE|VE|QS|TR,3,0,8678682,601,20,0.0854,23,0.054993,301,49,4270,2391,6000,,600,,,,reversal,transition,0,no_load,both,B4: reversal,servo-app/lab-0.1
1781163080.8287487,10.549851655960083,B4_REVERSAL,B4_REVERSAL_R01_20260611_143109,delta-asda-b3-e,1591,RTSO|SO|OE|VE|QS|TR,3,0,10356386,601,17,0.07259,18,0.043038,301,49,4270,2391,6000,,600,,,,reversal,transition,0,no_load,both,B4: reversal,servo-app/lab-0.1
1781163080.9290526,10.650155544281006,B4_REVERSAL,B4_REVERSAL_R01_20260611_143109,delta-asda-b3-e,1591,RTSO|SO|OE|VE|QS|TR,3,0,12034299,601,17,0.07259,21,0.050211,301,49,4270,2391,6000,,600,,,,reversal,transition,0,no_load,both,B4: reversal,servo-app/lab-0.1
1781163081.0293791,10.750482082366943,B4_REVERSAL,B4_REVERSAL_R01_20260611_143109,delta-asda-b3-e,1591,RTSO|SO|OE|VE|QS|TR,3,0,13711929,600,16,0.06832,19,0.045429,301,49,4270,2391,6000,,600,,,,reversal,transition,0,no_load,both,B4: reversal,servo-app/lab-0.1
1781163081.1297126,10.850815534591675,B4_REVERSAL,B4_REVERSAL_R01_20260611_143109,delta-asda-b3-e,1591,RTSO|SO|OE|VE|QS|TR,3,0,15406375,601,19,0.08113,17,0.040647,301,49,4270,2391,6000,,600,,,,reversal,transition,0,no_load,both,B4: reversal,servo-app/lab-0.1
1781163081.2300704,10.951173305511475,B4_REVERSAL,B4_REVERSAL_R01_20260611_143109,delta-asda-b3-e,1591,RTSO|SO|OE|VE|QS|TR,3,0,17083925,600,17,0.07259,19,0.045429,301,49,4270,2391,6000,,600,,,,reversal,transition,0,no_load,both,B4: reversal,servo-app/lab-0.1
1781163081.330605,11.051707983016968,B4_REVERSAL,B4_REVERSAL_R01_20260611_143109,delta-asda-b3-e,1591,RTSO|SO|OE|VE|QS|TR,3,0,18778459,601,14,0.05978,16,0.038256,301,49,4270,2391,6000,,600,,,,reversal,transition,0,no_load,both,B4: reversal,servo-app/lab-0.1
1781163081.4306667,11.151769638061523,B4_REVERSAL,B4_REVERSAL_R01_20260611_143109,delta-asda-b3-e,1591,RTSO|SO|OE|VE|QS|TR,3,0,20439543,601,15,0.06405,17,0.040647,301,49,4270,2391,6000,,600,,,,reversal,transition,0,no_load,both,B4: reversal,servo-app/lab-0.1
1781163081.530932,11.252034902572632,B4_REVERSAL,B4_REVERSAL_R01_20260611_143109,delta-asda-b3-e,1591,RTSO|SO|OE|VE|QS|TR,3,0,22133935,601,14,0.05978,16,0.038256,301,49,4270,2391,6000,,600,,,,reversal,transition,0,no_load,both,B4: reversal,servo-app/lab-0.1
1781163081.6314332,11.35253620147705,B4_REVERSAL,B4_REVERSAL_R01_20260611_143109,delta-asda-b3-e,1591,RTSO|SO|OE|VE|QS|TR,3,0,23811548,601,17,0.07259,20,0.04782,301,49,4270,2391,6000,,600,,,,reversal,transition,0,no_load,both,B4: reversal,servo-app/lab-0.1
1781163081.7320821,11.453185081481934,B4_REVERSAL,B4_REVERSAL_R01_20260611_143109,delta-asda-b3-e,1591,RTSO|SO|OE|VE|QS|TR,3,0,25505762,601,26,0.11102,23,0.054993,301,49,4270,2391,6000,,600,,,,reversal,transition,0,no_load,both,B4: reversal,servo-app/lab-0.1
1781163081.8326027,11.55370569229126,B4_REVERSAL,B4_REVERSAL_R01_20260611_143109,delta-asda-b3-e,1591,RTSO|SO|OE|VE|QS|TR,3,0,27183592,601,14,0.05978,16,0.038256,302,49,4270,2391,6000,,600,,,,reversal,transition,0,no_load,both,B4: reversal,servo-app/lab-0.1
1781163081.9329581,11.654061079025269,B4_REVERSAL,B4_REVERSAL_R01_20260611_143109,delta-asda-b3-e,1591,RTSO|SO|OE|VE|QS|TR,3,0,28878319,602,20,0.0854,20,0.04782,302,49,4270,2391,6000,,600,,,,reversal,transition,0,no_load,both,B4: reversal,servo-app/lab-0.1
1781163082.0852349,11.806337833404541,B4_REVERSAL,B4_REVERSAL_R01_20260611_143109,delta-asda-b3-e,1591,RTSO|SO|OE|VE|QS|TR,3,0,32149355,601,22,0.09394,25,0.059775,302,49,4270,2391,6000,,600,,,,reversal,transition,0,no_load,both,B4: reversal,servo-app/lab-0.1
1781163082.1855779,11.906680822372437,B4_REVERSAL,B4_REVERSAL_R01_20260611_143109,delta-asda-b3-e,1591,RTSO|SO|OE|VE|QS|TR,3,0,33122633,599,17,0.07259,18,0.043038,301,49,4270,2391,6000,,600,,,,reversal,transition,0,no_load,both,B4: reversal,servo-app/lab-0.1
1781163082.285827,12.006929874420166,B4_REVERSAL,B4_REVERSAL_R01_20260611_143109,delta-asda-b3-e,1591,RTSO|SO|OE|VE|QS|TR,3,0,34799719,598,25,0.10675,22,0.052602,302,49,4270,2391,6000,,600,,,,reversal,transition,0,no_load,both,B4: reversal,servo-app/lab-0.1
1781163082.3863592,12.107462167739868,B4_REVERSAL,B4_REVERSAL_R01_20260611_143109,delta-asda-b3-e,1591,RTSO|SO|OE|VE|QS|TR,3,0,36494507,598,17,0.07259,22,0.052602,302,49,4270,2391,6000,,600,,,,reversal,transition,0,no_load,both,B4: reversal,servo-app/lab-0.1
1781163082.4867828,12.2078857421875,B4_REVERSAL,B4_REVERSAL_R01_20260611_143109,delta-asda-b3-e,1591,RTSO|SO|OE|VE|QS|TR,3,0,38171550,598,26,0.11102,25,0.059775,302,49,4270,2391,6000,,600,,,,reversal,transition,0,no_load,both,B4: reversal,servo-app/lab-0.1
1781163082.5876148,12.308717727661133,B4_REVERSAL,B4_REVERSAL_R01_20260611_143109,delta-asda-b3-e,1591,RTSO|SO|OE|VE|QS|TR,3,0,39866599,599,18,0.07686,23,0.054993,302,49,4270,2391,6000,,600,,,,reversal,transition,0,no_load,both,B4: reversal,servo-app/lab-0.1
1781163082.6877785,12.408881425857544,B4_REVERSAL,B4_REVERSAL_R01_20260611_143109,delta-asda-b3-e,1591,RTSO|SO|OE|VE|QS|TR,3,0,41543773,598,21,0.08967,24,0.057384,302,49,4270,2391,6000,,600,,,,reversal,transition,0,no_load,both,B4: reversal,servo-app/lab-0.1
1781163082.7879732,12.509076118469238,B4_REVERSAL,B4_REVERSAL_R01_20260611_143109,delta-asda-b3-e,1591,RTSO|SO|OE|VE|QS|TR,3,0,43238375,598,22,0.09394,18,0.043038,302,49,4270,2391,6000,,600,,,,reversal,transition,0,no_load,both,B4: reversal,servo-app/lab-0.1
1781163082.8882782,12.609381198883057,B4_REVERSAL,B4_REVERSAL_R01_20260611_143109,delta-asda-b3-e,1591,RTSO|SO|OE|VE|QS|TR,3,0,44898872,598,22,0.09394,25,0.059775,302,49,4270,2391,6000,,600,,,,reversal,transition,0,no_load,both,B4: reversal,servo-app/lab-0.1
1781163082.9893425,12.710445404052734,B4_REVERSAL,B4_REVERSAL_R01_20260611_143109,delta-asda-b3-e,1591,RTSO|SO|OE|VE|QS|TR,3,0,46593568,598,17,0.07259,20,0.04782,302,49,4270,2391,6000,,600,,,,reversal,transition,0,no_load,both,B4: reversal,servo-app/lab-0.1
1781163083.0904105,12.811513423919678,B4_REVERSAL,B4_REVERSAL_R01_20260611_143109,delta-asda-b3-e,1591,RTSO|SO|OE|VE|QS|TR,3,0,48371911,600,24,0.10248,20,0.04782,302,49,4270,2391,6000,,600,,,,reversal,transition,0,no_load,both,B4: reversal,servo-app/lab-0.1
1781163083.191116,12.912219047546387,B4_REVERSAL,B4_REVERSAL_R01_20260611_143109,delta-asda-b3-e,1591,RTSO|SO|OE|VE|QS|TR,3,0,49982811,599,16,0.06832,18,0.043038,302,49,4270,2391,6000,,600,,,,reversal,transition,0,no_load,both,B4: reversal,servo-app/lab-0.1
1781163083.2929199,13.014022827148438,B4_REVERSAL,B4_REVERSAL_R01_20260611_143109,delta-asda-b3-e,1591,RTSO|SO|OE|VE|QS|TR,3,0,51727189,600,16,0.06832,16,0.038256,302,49,4270,2391,6000,,600,,,,reversal,transition,0,no_load,both,B4: reversal,servo-app/lab-0.1
1781163083.3930848,13.114187717437744,B4_REVERSAL,B4_REVERSAL_R01_20260611_143109,delta-asda-b3-e,1591,RTSO|SO|OE|VE|QS|TR,3,0,53371514,599,19,0.08113,22,0.052602,302,49,4270,2391,6000,,600,,,,reversal,transition,0,no_load,both,B4: reversal,servo-app/lab-0.1
1781163083.494456,13.215559005737305,B4_REVERSAL,B4_REVERSAL_R01_20260611_143109,delta-asda-b3-e,1591,RTSO|SO|OE|VE|QS|TR,3,0,55065539,600,18,0.07686,20,0.04782,302,49,4270,2391,6000,,600,,,,reversal,transition,0,no_load,both,B4: reversal,servo-app/lab-0.1
1781163083.5951045,13.31620740890503,B4_REVERSAL,B4_REVERSAL_R01_20260611_143109,delta-asda-b3-e,1591,RTSO|SO|OE|VE|QS|TR,3,0,56760645,600,14,0.05978,15,0.035865,302,49,4270,2391,6000,,600,,,,reversal,transition,0,no_load,both,B4: reversal,servo-app/lab-0.1
1781163083.6952543,13.416357278823853,B4_REVERSAL,B4_REVERSAL_R01_20260611_143109,delta-asda-b3-e,1591,RTSO|SO|OE|VE|QS|TR,3,0,58437729,599,24,0.10248,25,0.059775,302,49,4270,2391,6000,,600,,,,reversal,transition,0,no_load,both,B4: reversal,servo-app/lab-0.1
1781163083.79545,13.516552925109863,B4_REVERSAL,B4_REVERSAL_R01_20260611_143109,delta-asda-b3-e,1591,RTSO|SO|OE|VE|QS|TR,3,0,60115698,599,17,0.07259,20,0.04782,302,49,4270,2391,6000,,600,,,,reversal,transition,0,no_load,both,B4: reversal,servo-app/lab-0.1
1781163083.8955493,13.616652250289917,B4_REVERSAL,B4_REVERSAL_R01_20260611_143109,delta-asda-b3-e,1591,RTSO|SO|OE|VE|QS|TR,3,0,61792862,600,18,0.07686,20,0.04782,302,49,4270,2391,6000,,600,,,,reversal,transition,0,no_load,both,B4: reversal,servo-app/lab-0.1
1781163083.996159,13.717262029647827,B4_REVERSAL,B4_REVERSAL_R01_20260611_143109,delta-asda-b3-e,1591,RTSO|SO|OE|VE|QS|TR,3,0,63487764,600,16,0.06832,14,0.033474,302,49,4270,2391,6000,,600,,,,reversal,transition,0,no_load,both,B4: reversal,servo-app/lab-0.1
1781163084.0965414,13.817644357681274,B4_REVERSAL,B4_REVERSAL_R01_20260611_143109,delta-asda-b3-e,1591,RTSO|SO|OE|VE|QS|TR,3,0,65165380,600,22,0.09394,21,0.050211,302,49,4270,2391,6000,,600,,,,reversal,transition,0,no_load,both,B4: reversal,servo-app/lab-0.1
1781163084.1971962,13.918299198150635,B4_REVERSAL,B4_REVERSAL_R01_20260611_143109,delta-asda-b3-e,1591,RTSO|SO|OE|VE|QS|TR,3,0,66860153,600,20,0.0854,16,0.038256,302,49,4270,2391,6000,,600,,,,reversal,transition,0,no_load,both,B4: reversal,servo-app/lab-0.1
1781163084.2973082,14.01841115951538,B4_REVERSAL,B4_REVERSAL_R01_20260611_143109,delta-asda-b3-e,1591,RTSO|SO|OE|VE|QS|TR,3,0,68537428,600,17,0.07259,16,0.038256,302,49,4270,2391,6000,,600,,,,reversal,transition,0,no_load,both,B4: reversal,servo-app/lab-0.1
1781163084.3977585,14.118861436843872,B4_REVERSAL,B4_REVERSAL_R01_20260611_143109,delta-asda-b3-e,1591,RTSO|SO|OE|VE|QS|TR,3,0,70232113,600,22,0.09394,24,0.057384,302,49,4270,2391,6000,,600,,,,reversal,transition,0,no_load,both,B4: reversal,servo-app/lab-0.1
1781163084.4984515,14.219554424285889,B4_REVERSAL,B4_REVERSAL_R01_20260611_143109,delta-asda-b3-e,1591,RTSO|SO|OE|VE|QS|TR,3,0,71909480,600,17,0.07259,15,0.035865,302,49,4270,2391,6000,,600,,,,reversal,transition,0,no_load,both,B4: reversal,servo-app/lab-0.1
1781163084.5987885,14.319891452789307,B4_REVERSAL,B4_REVERSAL_R01_20260611_143109,delta-asda-b3-e,1591,RTSO|SO|OE|VE|QS|TR,3,0,73604476,600,17,0.07259,18,0.043038,302,49,4270,2391,6000,,600,,,,reversal,transition,0,no_load,both,B4: reversal,servo-app/lab-0.1
1781163084.699441,14.420543909072876,B4_REVERSAL,B4_REVERSAL_R01_20260611_143109,delta-asda-b3-e,1591,RTSO|SO|OE|VE|QS|TR,3,0,75281573,600,20,0.0854,26,0.062166,302,49,4270,2391,6000,,600,,,,reversal,transition,0,no_load,both,B4: reversal,servo-app/lab-0.1
1781163084.7996662,14.520769119262695,B4_REVERSAL,B4_REVERSAL_R01_20260611_143109,delta-asda-b3-e,1591,RTSO|SO|OE|VE|QS|TR,3,0,76959533,600,18,0.07686,18,0.043038,302,49,4270,2391,6000,,600,,,,reversal,transition,0,no_load,both,B4: reversal,servo-app/lab-0.1
1781163084.900114,14.621217012405396,B4_REVERSAL,B4_REVERSAL_R01_20260611_143109,delta-asda-b3-e,1591,RTSO|SO|OE|VE|QS|TR,3,0,78653511,600,18,0.07686,21,0.050211,302,49,4270,2391,6000,,600,,,,reversal,transition,0,no_load,both,B4: reversal,servo-app/lab-0.1
1781163085.0007215,14.721824407577515,B4_REVERSAL,B4_REVERSAL_R01_20260611_143109,delta-asda-b3-e,1591,RTSO|SO|OE|VE|QS|TR,3,0,80348496,601,16,0.06832,18,0.043038,302,49,4270,2391,6000,,600,,,,reversal,transition,0,no_load,both,B4: reversal,servo-app/lab-0.1
1781163085.1016452,14.822748184204102,B4_REVERSAL,B4_REVERSAL_R01_20260611_143109,delta-asda-b3-e,1591,RTSO|SO|OE|VE|QS|TR,3,0,82042862,601,21,0.08967,22,0.052602,302,49,4270,2391,6000,,600,,,,reversal,transition,0,no_load,both,B4: reversal,servo-app/lab-0.1
1781163085.2019036,14.923006534576416,B4_REVERSAL,B4_REVERSAL_R01_20260611_143109,delta-asda-b3-e,1591,RTSO|SO|OE|VE|QS|TR,3,0,83720790,600,21,0.08967,17,0.040647,302,49,4270,2391,6000,,600,,,,reversal,transition,0,no_load,both,B4: reversal,servo-app/lab-0.1
1781163085.3021321,15.023235082626343,B4_REVERSAL,B4_REVERSAL_R01_20260611_143109,delta-asda-b3-e,1591,RTSO|SO|OE|VE|QS|TR,3,0,83317123,-595,-17,-0.07259,-16,-0.038256,302,49,4270,2391,6000,,600,,,,reversal,transition,0,no_load,both,B4: reversal,servo-app/lab-0.1
1781163085.4025207,15.123623609542847,B4_REVERSAL,B4_REVERSAL_R01_20260611_143109,delta-asda-b3-e,1591,RTSO|SO|OE|VE|QS|TR,3,0,81639388,-600,-17,-0.07259,-14,-0.033474,302,49,4270,2391,6000,,600,,,,reversal,transition,0,no_load,both,B4: reversal,servo-app/lab-0.1
1781163085.502805,15.223907947540283,B4_REVERSAL,B4_REVERSAL_R01_20260611_143109,delta-asda-b3-e,1591,RTSO|SO|OE|VE|QS|TR,3,0,79945084,-601,-20,-0.0854,-19,-0.045429,302,49,4270,2391,6000,,600,,,,reversal,transition,0,no_load,both,B4: reversal,servo-app/lab-0.1
1781163085.6038284,15.324931383132935,B4_REVERSAL,B4_REVERSAL_R01_20260611_143109,delta-asda-b3-e,1591,RTSO|SO|OE|VE|QS|TR,3,0,78250115,-601,-17,-0.07259,-17,-0.040647,302,49,4270,2391,6000,,600,,,,reversal,transition,0,no_load,both,B4: reversal,servo-app/lab-0.1
1781163085.7044694,15.425572395324707,B4_REVERSAL,B4_REVERSAL_R01_20260611_143109,delta-asda-b3-e,1591,RTSO|SO|OE|VE|QS|TR,3,0,76572589,-601,-18,-0.07686,-17,-0.040647,302,49,4270,2391,6000,,600,,,,reversal,transition,0,no_load,both,B4: reversal,servo-app/lab-0.1
1781163085.80457,15.525672912597656,B4_REVERSAL,B4_REVERSAL_R01_20260611_143109,delta-asda-b3-e,1591,RTSO|SO|OE|VE|QS|TR,3,0,74860985,-600,-17,-0.07259,-17,-0.040647,302,49,4270,2391,6000,,600,,,,reversal,transition,0,no_load,both,B4: reversal,servo-app/lab-0.1
1781163085.9049597,15.626062631607056,B4_REVERSAL,B4_REVERSAL_R01_20260611_143109,delta-asda-b3-e,1591,RTSO|SO|OE|VE|QS|TR,3,0,73200624,-601,-18,-0.07686,-21,-0.050211,302,49,4270,2391,6000,,600,,,,reversal,transition,0,no_load,both,B4: reversal,servo-app/lab-0.1
1781163086.0053568,15.726459741592407,B4_REVERSAL,B4_REVERSAL_R01_20260611_143109,delta-asda-b3-e,1591,RTSO|SO|OE|VE|QS|TR,3,0,71522410,-601,-21,-0.08967,-19,-0.045429,302,49,4270,2391,6000,,600,,,,reversal,transition,0,no_load,both,B4: reversal,servo-app/lab-0.1
1781163086.1055276,15.826630592346191,B4_REVERSAL,B4_REVERSAL_R01_20260611_143109,delta-asda-b3-e,1591,RTSO|SO|OE|VE|QS|TR,3,0,69845071,-601,-18,-0.07686,-22,-0.052602,302,49,4270,2391,6000,,600,,,,reversal,transition,0,no_load,both,B4: reversal,servo-app/lab-0.1
1781163086.206201,15.927304029464722,B4_REVERSAL,B4_REVERSAL_R01_20260611_143109,delta-asda-b3-e,1591,RTSO|SO|OE|VE|QS|TR,3,0,68150076,-601,-19,-0.08113,-16,-0.038256,302,49,4270,2391,6000,,600,,,,reversal,transition,0,no_load,both,B4: reversal,servo-app/lab-0.1
1781163086.3065524,16.027655363082886,B4_REVERSAL,B4_REVERSAL_R01_20260611_143109,delta-asda-b3-e,1591,RTSO|SO|OE|VE|QS|TR,3,0,66456083,-600,-23,-0.09821,-21,-0.050211,302,49,4270,2391,6000,,600,,,,reversal,transition,0,no_load,both,B4: reversal,servo-app/lab-0.1
1781163086.4068341,16.127937078475952,B4_REVERSAL,B4_REVERSAL_R01_20260611_143109,delta-asda-b3-e,1591,RTSO|SO|OE|VE|QS|TR,3,0,64777976,-601,-20,-0.0854,-18,-0.043038,302,49,4270,2391,6000,,600,,,,reversal,transition,0,no_load,both,B4: reversal,servo-app/lab-0.1
1781163086.5077949,16.2288978099823,B4_REVERSAL,B4_REVERSAL_R01_20260611_143109,delta-asda-b3-e,1591,RTSO|SO|OE|VE|QS|TR,3,0,63083495,-601,-18,-0.07686,-17,-0.040647,302,49,4270,2391,6000,,600,,,,reversal,transition,0,no_load,both,B4: reversal,servo-app/lab-0.1
1781163086.6082442,16.329347133636475,B4_REVERSAL,B4_REVERSAL_R01_20260611_143109,delta-asda-b3-e,1591,RTSO|SO|OE|VE|QS|TR,3,0,61405478,-601,-18,-0.07686,-17,-0.040647,302,49,4270,2391,6000,,600,,,,reversal,transition,0,no_load,both,B4: reversal,servo-app/lab-0.1
1781163086.7083423,16.429445266723633,B4_REVERSAL,B4_REVERSAL_R01_20260611_143109,delta-asda-b3-e,1591,RTSO|SO|OE|VE|QS|TR,3,0,59727976,-601,-18,-0.07686,-17,-0.040647,302,49,4270,2391,6000,,600,,,,reversal,transition,0,no_load,both,B4: reversal,servo-app/lab-0.1
1781163086.808808,16.529911041259766,B4_REVERSAL,B4_REVERSAL_R01_20260611_143109,delta-asda-b3-e,1591,RTSO|SO|OE|VE|QS|TR,3,0,58033377,-600,-20,-0.0854,-18,-0.043038,302,49,4270,2391,6000,,600,,,,reversal,transition,0,no_load,both,B4: reversal,servo-app/lab-0.1
1781163086.909569,16.630671977996826,B4_REVERSAL,B4_REVERSAL_R01_20260611_143109,delta-asda-b3-e,1591,RTSO|SO|OE|VE|QS|TR,3,0,56356086,-601,-19,-0.08113,-18,-0.043038,302,49,4270,2391,6000,,600,,,,reversal,transition,0,no_load,both,B4: reversal,servo-app/lab-0.1
1781163087.0098486,16.73095154762268,B4_REVERSAL,B4_REVERSAL_R01_20260611_143109,delta-asda-b3-e,1591,RTSO|SO|OE|VE|QS|TR,3,0,54661223,-601,-22,-0.09394,-21,-0.050211,302,49,4270,2391,6000,,600,,,,reversal,transition,0,no_load,both,B4: reversal,servo-app/lab-0.1
1781163087.1118307,16.8329336643219,B4_REVERSAL,B4_REVERSAL_R01_20260611_143109,delta-asda-b3-e,1591,RTSO|SO|OE|VE|QS|TR,3,0,52967069,-600,-16,-0.06832,-19,-0.045429,302,49,4270,2391,6000,,600,,,,reversal,transition,0,no_load,both,B4: reversal,servo-app/lab-0.1
1781163087.2128255,16.93392848968506,B4_REVERSAL,B4_REVERSAL_R01_20260611_143109,delta-asda-b3-e,1591,RTSO|SO|OE|VE|QS|TR,3,0,51255482,-600,-18,-0.07686,-19,-0.045429,302,49,4270,2391,6000,,600,,,,reversal,transition,0,no_load,both,B4: reversal,servo-app/lab-0.1
1781163087.313131,17.034234046936035,B4_REVERSAL,B4_REVERSAL_R01_20260611_143109,delta-asda-b3-e,1591,RTSO|SO|OE|VE|QS|TR,3,0,49578330,-600,-20,-0.0854,-20,-0.04782,302,49,4270,2391,6000,,600,,,,reversal,transition,0,no_load,both,B4: reversal,servo-app/lab-0.1
1781163087.4133887,17.134491682052612,B4_REVERSAL,B4_REVERSAL_R01_20260611_143109,delta-asda-b3-e,1591,RTSO|SO|OE|VE|QS|TR,3,0,47900093,-601,-19,-0.08113,-18,-0.043038,302,49,4270,2391,6000,,600,,,,reversal,transition,0,no_load,both,B4: reversal,servo-app/lab-0.1
1781163087.5141044,17.235207319259644,B4_REVERSAL,B4_REVERSAL_R01_20260611_143109,delta-asda-b3-e,1591,RTSO|SO|OE|VE|QS|TR,3,0,46205753,-600,-17,-0.07259,-17,-0.040647,302,49,4270,2391,6000,,600,,,,reversal,transition,0,no_load,both,B4: reversal,servo-app/lab-0.1
1781163087.6144707,17.33557367324829,B4_REVERSAL,B4_REVERSAL_R01_20260611_143109,delta-asda-b3-e,1591,RTSO|SO|OE|VE|QS|TR,3,0,44527678,-600,-21,-0.08967,-18,-0.043038,301,49,4270,2391,6000,,600,,,,reversal,transition,0,no_load,both,B4: reversal,servo-app/lab-0.1
1781163087.7148278,17.435930728912354,B4_REVERSAL,B4_REVERSAL_R01_20260611_143109,delta-asda-b3-e,1591,RTSO|SO|OE|VE|QS|TR,3,0,42833538,-599,-22,-0.09394,-22,-0.052602,302,49,4270,2391,6000,,600,,,,reversal,transition,0,no_load,both,B4: reversal,servo-app/lab-0.1
1781163087.8151443,17.53624725341797,B4_REVERSAL,B4_REVERSAL_R01_20260611_143109,delta-asda-b3-e,1591,RTSO|SO|OE|VE|QS|TR,3,0,41155702,-599,-20,-0.0854,-19,-0.045429,302,49,4270,2391,6000,,600,,,,reversal,transition,0,no_load,both,B4: reversal,servo-app/lab-0.1
1781163087.9154017,17.636504650115967,B4_REVERSAL,B4_REVERSAL_R01_20260611_143109,delta-asda-b3-e,1591,RTSO|SO|OE|VE|QS|TR,3,0,39478203,-600,-17,-0.07259,-18,-0.043038,302,49,4270,2391,6000,,600,,,,reversal,transition,0,no_load,both,B4: reversal,servo-app/lab-0.1
1781163088.0157611,17.73686408996582,B4_REVERSAL,B4_REVERSAL_R01_20260611_143109,delta-asda-b3-e,1591,RTSO|SO|OE|VE|QS|TR,3,0,37783454,-600,-18,-0.07686,-22,-0.052602,302,49,4270,2391,6000,,600,,,,reversal,transition,0,no_load,both,B4: reversal,servo-app/lab-0.1
1781163088.11646,17.837563037872314,B4_REVERSAL,B4_REVERSAL_R01_20260611_143109,delta-asda-b3-e,1591,RTSO|SO|OE|VE|QS|TR,3,0,36106051,-600,-18,-0.07686,-17,-0.040647,302,49,4270,2391,6000,,600,,,,reversal,transition,0,no_load,both,B4: reversal,servo-app/lab-0.1
1781163088.2167425,17.937845468521118,B4_REVERSAL,B4_REVERSAL_R01_20260611_143109,delta-asda-b3-e,1591,RTSO|SO|OE|VE|QS|TR,3,0,34428006,-599,-19,-0.08113,-17,-0.040647,302,49,4270,2391,6000,,600,,,,reversal,transition,0,no_load,both,B4: reversal,servo-app/lab-0.1
1781163088.3172324,18.03833532333374,B4_REVERSAL,B4_REVERSAL_R01_20260611_143109,delta-asda-b3-e,1591,RTSO|SO|OE|VE|QS|TR,3,0,32734078,-599,-20,-0.0854,-20,-0.04782,301,49,4270,2391,6000,,600,,,,reversal,transition,0,no_load,both,B4: reversal,servo-app/lab-0.1
1781163088.417686,18.13878893852234,B4_REVERSAL,B4_REVERSAL_R01_20260611_143109,delta-asda-b3-e,1591,RTSO|SO|OE|VE|QS|TR,3,0,30972129,-599,-22,-0.09394,-18,-0.043038,302,49,4270,2391,6000,,600,,,,reversal,transition,0,no_load,both,B4: reversal,servo-app/lab-0.1
1781163088.5180917,18.239194631576538,B4_REVERSAL,B4_REVERSAL_R01_20260611_143109,delta-asda-b3-e,1591,RTSO|SO|OE|VE|QS|TR,3,0,29361569,-599,-18,-0.07686,-21,-0.050211,301,49,4270,2391,6000,,600,,,,reversal,transition,0,no_load,both,B4: reversal,servo-app/lab-0.1
1781163088.6186917,18.339794635772705,B4_REVERSAL,B4_REVERSAL_R01_20260611_143109,delta-asda-b3-e,1591,RTSO|SO|OE|VE|QS|TR,3,0,27666800,-599,-20,-0.0854,-20,-0.04782,301,49,4270,2391,6000,,600,,,,reversal,transition,0,no_load,both,B4: reversal,servo-app/lab-0.1
1781163088.7193246,18.440427541732788,B4_REVERSAL,B4_REVERSAL_R01_20260611_143109,delta-asda-b3-e,1591,RTSO|SO|OE|VE|QS|TR,3,0,25989496,-599,-19,-0.08113,-21,-0.050211,301,49,4270,2391,6000,,600,,,,reversal,transition,0,no_load,both,B4: reversal,servo-app/lab-0.1
1781163088.8200722,18.54117512702942,B4_REVERSAL,B4_REVERSAL_R01_20260611_143109,delta-asda-b3-e,1591,RTSO|SO|OE|VE|QS|TR,3,0,24294849,-599,-19,-0.08113,-20,-0.04782,301,49,4270,2391,6000,,600,,,,reversal,transition,0,no_load,both,B4: reversal,servo-app/lab-0.1
1781163088.9204342,18.641537189483643,B4_REVERSAL,B4_REVERSAL_R01_20260611_143109,delta-asda-b3-e,1591,RTSO|SO|OE|VE|QS|TR,3,0,22533606,-599,-25,-0.10675,-23,-0.054993,301,49,4270,2391,6000,,600,,,,reversal,transition,0,no_load,both,B4: reversal,servo-app/lab-0.1
1781163089.0209394,18.742042303085327,B4_REVERSAL,B4_REVERSAL_R01_20260611_143109,delta-asda-b3-e,1591,RTSO|SO|OE|VE|QS|TR,3,0,20922670,-599,-19,-0.08113,-21,-0.050211,302,49,4270,2391,6000,,600,,,,reversal,transition,0,no_load,both,B4: reversal,servo-app/lab-0.1
1781163089.1213646,18.842467546463013,B4_REVERSAL,B4_REVERSAL_R01_20260611_143109,delta-asda-b3-e,1591,RTSO|SO|OE|VE|QS|TR,3,0,19245181,-599,-22,-0.09394,-16,-0.038256,301,49,4270,2391,6000,,600,,,,reversal,transition,0,no_load,both,B4: reversal,servo-app/lab-0.1
1781163089.221636,18.942739009857178,B4_REVERSAL,B4_REVERSAL_R01_20260611_143109,delta-asda-b3-e,1591,RTSO|SO|OE|VE|QS|TR,3,0,17567274,-598,-25,-0.10675,-22,-0.052602,301,49,4270,2391,6000,,600,,,,reversal,transition,0,no_load,both,B4: reversal,servo-app/lab-0.1
1781163089.3221834,19.043286323547363,B4_REVERSAL,B4_REVERSAL_R01_20260611_143109,delta-asda-b3-e,1591,RTSO|SO|OE|VE|QS|TR,3,0,15873223,-599,-17,-0.07259,-17,-0.040647,301,49,4270,2391,6000,,600,,,,reversal,transition,0,no_load,both,B4: reversal,servo-app/lab-0.1
1781163089.4223979,19.143500804901123,B4_REVERSAL,B4_REVERSAL_R01_20260611_143109,delta-asda-b3-e,1591,RTSO|SO|OE|VE|QS|TR,3,0,14194867,-599,-21,-0.08967,-19,-0.045429,302,49,4270,2391,6000,,600,,,,reversal,transition,0,no_load,both,B4: reversal,servo-app/lab-0.1
1781163089.5228884,19.243991374969482,B4_REVERSAL,B4_REVERSAL_R01_20260611_143109,delta-asda-b3-e,1591,RTSO|SO|OE|VE|QS|TR,3,0,12517506,-599,-19,-0.08113,-16,-0.038256,301,49,4270,2391,6000,,600,,,,reversal,transition,0,no_load,both,B4: reversal,servo-app/lab-0.1
1781163089.6238642,19.344967126846313,B4_REVERSAL,B4_REVERSAL_R01_20260611_143109,delta-asda-b3-e,1591,RTSO|SO|OE|VE|QS|TR,3,0,10805900,-599,-19,-0.08113,-20,-0.04782,301,49,4270,2391,6000,,600,,,,reversal,transition,0,no_load,both,B4: reversal,servo-app/lab-0.1
1781163089.7245154,19.445618391036987,B4_REVERSAL,B4_REVERSAL_R01_20260611_143109,delta-asda-b3-e,1591,RTSO|SO|OE|VE|QS|TR,3,0,9111907,-598,-22,-0.09394,-19,-0.045429,302,49,4270,2391,6000,,600,,,,reversal,transition,0,no_load,both,B4: reversal,servo-app/lab-0.1
1781163089.824911,19.546014070510864,B4_REVERSAL,B4_REVERSAL_R01_20260611_143109,delta-asda-b3-e,1591,RTSO|SO|OE|VE|QS|TR,3,0,7433881,-599,-17,-0.07259,-24,-0.057384,302,49,4270,2391,6000,,600,,,,reversal,transition,0,no_load,both,B4: reversal,servo-app/lab-0.1
1781163089.9254284,19.646531343460083,B4_REVERSAL,B4_REVERSAL_R01_20260611_143109,delta-asda-b3-e,1591,RTSO|SO|OE|VE|QS|TR,3,0,5672727,-599,-18,-0.07686,-19,-0.045429,302,49,4270,2391,6000,,600,,,,reversal,transition,0,no_load,both,B4: reversal,servo-app/lab-0.1
1781163090.0261812,19.747284173965454,B4_REVERSAL,B4_REVERSAL_R01_20260611_143109,delta-asda-b3-e,1591,RTSO|SO|OE|VE|QS|TR,3,0,4061763,-599,-19,-0.08113,-20,-0.04782,302,49,4270,2391,6000,,600,,,,reversal,transition,0,no_load,both,B4: reversal,servo-app/lab-0.1
1781163090.126718,19.84782099723816,B4_REVERSAL,B4_REVERSAL_R01_20260611_143109,delta-asda-b3-e,1591,RTSO|SO|OE|VE|QS|TR,3,0,2384199,-599,-21,-0.08967,-18,-0.043038,302,49,4270,2391,6000,,600,,,,reversal,transition,0,no_load,both,B4: reversal,servo-app/lab-0.1
1781163090.2268524,19.94795536994934,B4_REVERSAL,B4_REVERSAL_R01_20260611_143109,delta-asda-b3-e,567,RTSO|SO|OE|VE|QS,3,0,708318,-519,-8,-0.03416,-7,-0.016737,302,49,4270,2391,6000,,600,,,,reversal,transition,0,no_load,both,B4: reversal,servo-app/lab-0.1
1781163090.3276472,20.048750162124634,B4_REVERSAL,B4_REVERSAL_R01_20260611_143109,delta-asda-b3-e,1591,RTSO|SO|OE|VE|QS|TR,3,0,1847352,599,15,0.06405,21,0.050211,302,49,4270,2391,6000,,600,,,,reversal,transition,0,no_load,both,B4: reversal,servo-app/lab-0.1
1781163090.4279106,20.14901351928711,B4_REVERSAL,B4_REVERSAL_R01_20260611_143109,delta-asda-b3-e,1591,RTSO|SO|OE|VE|QS|TR,3,0,3558768,600,21,0.08967,17,0.040647,302,49,4270,2391,6000,,600,,,,reversal,transition,0,no_load,both,B4: reversal,servo-app/lab-0.1
1781163090.5282552,20.24935817718506,B4_REVERSAL,B4_REVERSAL_R01_20260611_143109,delta-asda-b3-e,1591,RTSO|SO|OE|VE|QS|TR,3,0,5236268,600,18,0.07686,16,0.038256,302,49,4270,2391,6000,,600,,,,reversal,transition,0,no_load,both,B4: reversal,servo-app/lab-0.1
1781163090.6285203,20.349623203277588,B4_REVERSAL,B4_REVERSAL_R01_20260611_143109,delta-asda-b3-e,1591,RTSO|SO|OE|VE|QS|TR,3,0,6913841,600,18,0.07686,20,0.04782,302,49,4270,2391,6000,,600,,,,reversal,transition,0,no_load,both,B4: reversal,servo-app/lab-0.1
1781163090.7311256,20.452228546142578,B4_REVERSAL,B4_REVERSAL_R01_20260611_143109,delta-asda-b3-e,1591,RTSO|SO|OE|VE|QS|TR,3,0,8641746,600,20,0.0854,17,0.040647,302,49,4270,2391,6000,,600,,,,reversal,transition,0,no_load,both,B4: reversal,servo-app/lab-0.1
1781163090.8314247,20.55252766609192,B4_REVERSAL,B4_REVERSAL_R01_20260611_143109,delta-asda-b3-e,1591,RTSO|SO|OE|VE|QS|TR,3,0,10319408,600,15,0.06405,17,0.040647,302,49,4270,2391,6000,,600,,,,reversal,transition,0,no_load,both,B4: reversal,servo-app/lab-0.1
1781163090.9320445,20.65314745903015,B4_REVERSAL,B4_REVERSAL_R01_20260611_143109,delta-asda-b3-e,1591,RTSO|SO|OE|VE|QS|TR,3,0,12014177,601,14,0.05978,17,0.040647,301,49,4270,2391,6000,,600,,,,reversal,transition,0,no_load,both,B4: reversal,servo-app/lab-0.1
1781163091.0322149,20.753317832946777,B4_REVERSAL,B4_REVERSAL_R01_20260611_143109,delta-asda-b3-e,1591,RTSO|SO|OE|VE|QS|TR,3,0,13691803,600,23,0.09821,16,0.038256,301,49,4270,2391,6000,,600,,,,reversal,transition,0,no_load,both,B4: reversal,servo-app/lab-0.1
1781163091.1327457,20.853848695755005,B4_REVERSAL,B4_REVERSAL_R01_20260611_143109,delta-asda-b3-e,1591,RTSO|SO|OE|VE|QS|TR,3,0,15369428,601,22,0.09394,19,0.045429,302,49,4270,2391,6000,,600,,,,reversal,transition,0,no_load,both,B4: reversal,servo-app/lab-0.1
1781163091.2328403,20.953943252563477,B4_REVERSAL,B4_REVERSAL_R01_20260611_143109,delta-asda-b3-e,1591,RTSO|SO|OE|VE|QS|TR,3,0,17063838,600,27,0.11529,17,0.040647,301,49,4270,2391,6000,,600,,,,reversal,transition,0,no_load,both,B4: reversal,servo-app/lab-0.1
1781163091.3330152,21.054118156433105,B4_REVERSAL,B4_REVERSAL_R01_20260611_143109,delta-asda-b3-e,1591,RTSO|SO|OE|VE|QS|TR,3,0,18741473,601,14,0.05978,15,0.035865,302,49,4270,2391,6000,,600,,,,reversal,transition,0,no_load,both,B4: reversal,servo-app/lab-0.1
1781163091.4333289,21.15443181991577,B4_REVERSAL,B4_REVERSAL_R01_20260611_143109,delta-asda-b3-e,1591,RTSO|SO|OE|VE|QS|TR,3,0,20419450,601,14,0.05978,16,0.038256,302,49,4270,2391,6000,,600,,,,reversal,transition,0,no_load,both,B4: reversal,servo-app/lab-0.1
1781163091.5335295,21.254632472991943,B4_REVERSAL,B4_REVERSAL_R01_20260611_143109,delta-asda-b3-e,1591,RTSO|SO|OE|VE|QS|TR,3,0,22096991,601,20,0.0854,17,0.040647,302,49,4270,2391,6000,,600,,,,reversal,transition,0,no_load,both,B4: reversal,servo-app/lab-0.1
1781163091.6340296,21.355132579803467,B4_REVERSAL,B4_REVERSAL_R01_20260611_143109,delta-asda-b3-e,1591,RTSO|SO|OE|VE|QS|TR,3,0,23791450,601,21,0.08967,15,0.035865,302,49,4270,2391,6000,,600,,,,reversal,transition,0,no_load,both,B4: reversal,servo-app/lab-0.1
1781163091.734133,21.455235958099365,B4_REVERSAL,B4_REVERSAL_R01_20260611_143109,delta-asda-b3-e,1591,RTSO|SO|OE|VE|QS|TR,3,0,25468869,601,17,0.07259,17,0.040647,302,49,4270,2391,6000,,600,,,,reversal,transition,0,no_load,both,B4: reversal,servo-app/lab-0.1
1781163091.834788,21.555891036987305,B4_REVERSAL,B4_REVERSAL_R01_20260611_143109,delta-asda-b3-e,1591,RTSO|SO|OE|VE|QS|TR,3,0,27163471,601,21,0.08967,22,0.052602,302,49,4270,2391,6000,,600,,,,reversal,transition,0,no_load,both,B4: reversal,servo-app/lab-0.1
1781163091.9354975,21.65660047531128,B4_REVERSAL,B4_REVERSAL_R01_20260611_143109,delta-asda-b3-e,1591,RTSO|SO|OE|VE|QS|TR,3,0,28841331,602,17,0.07259,15,0.035865,302,49,4270,2391,6000,,600,,,,reversal,transition,0,no_load,both,B4: reversal,servo-app/lab-0.1
1781163092.0361066,21.757209539413452,B4_REVERSAL,B4_REVERSAL_R01_20260611_143109,delta-asda-b3-e,1591,RTSO|SO|OE|VE|QS|TR,3,0,30535742,601,19,0.08113,16,0.038256,302,49,4270,2391,6000,,600,,,,reversal,transition,0,no_load,both,B4: reversal,servo-app/lab-0.1
1781163092.1369648,21.858067750930786,B4_REVERSAL,B4_REVERSAL_R01_20260611_143109,delta-asda-b3-e,1591,RTSO|SO|OE|VE|QS|TR,3,0,32230236,601,17,0.07259,18,0.043038,302,49,4270,2391,6000,,600,,,,reversal,transition,0,no_load,both,B4: reversal,servo-app/lab-0.1
1781163092.2373986,21.95850157737732,B4_REVERSAL,B4_REVERSAL_R01_20260611_143109,delta-asda-b3-e,1591,RTSO|SO|OE|VE|QS|TR,3,0,33991810,601,16,0.06832,21,0.050211,302,49,4270,2391,6000,,600,,,,reversal,transition,0,no_load,both,B4: reversal,servo-app/lab-0.1
1781163092.3377688,22.058871746063232,B4_REVERSAL,B4_REVERSAL_R01_20260611_143109,delta-asda-b3-e,1591,RTSO|SO|OE|VE|QS|TR,3,0,35602417,602,16,0.06832,15,0.035865,301,49,4270,2391,6000,,600,,,,reversal,transition,0,no_load,both,B4: reversal,servo-app/lab-0.1
1781163092.4383104,22.15941333770752,B4_REVERSAL,B4_REVERSAL_R01_20260611_143109,delta-asda-b3-e,1591,RTSO|SO|OE|VE|QS|TR,3,0,37280246,601,16,0.06832,15,0.035865,302,49,4270,2391,6000,,600,,,,reversal,transition,0,no_load,both,B4: reversal,servo-app/lab-0.1
1781163092.5386293,22.259732246398926,B4_REVERSAL,B4_REVERSAL_R01_20260611_143109,delta-asda-b3-e,1591,RTSO|SO|OE|VE|QS|TR,3,0,38957792,601,19,0.08113,25,0.059775,302,49,4270,2391,6000,,600,,,,reversal,transition,0,no_load,both,B4: reversal,servo-app/lab-0.1
1781163092.639671,22.360774040222168,B4_REVERSAL,B4_REVERSAL_R01_20260611_143109,delta-asda-b3-e,1591,RTSO|SO|OE|VE|QS|TR,3,0,40652204,601,22,0.09394,17,0.040647,302,49,4270,2391,6000,,600,,,,reversal,transition,0,no_load,both,B4: reversal,servo-app/lab-0.1
1781163092.7402198,22.461322784423828,B4_REVERSAL,B4_REVERSAL_R01_20260611_143109,delta-asda-b3-e,1591,RTSO|SO|OE|VE|QS|TR,3,0,42346506,601,22,0.09394,19,0.045429,302,49,4270,2391,6000,,600,,,,reversal,transition,0,no_load,both,B4: reversal,servo-app/lab-0.1
1781163092.8412068,22.562309741973877,B4_REVERSAL,B4_REVERSAL_R01_20260611_143109,delta-asda-b3-e,1591,RTSO|SO|OE|VE|QS|TR,3,0,44041183,601,14,0.05978,19,0.045429,302,49,4270,2391,6000,,600,,,,reversal,transition,0,no_load,both,B4: reversal,servo-app/lab-0.1
1781163092.9419897,22.663092613220215,B4_REVERSAL,B4_REVERSAL_R01_20260611_143109,delta-asda-b3-e,1591,RTSO|SO|OE|VE|QS|TR,3,0,45735775,601,24,0.10248,20,0.04782,302,49,4270,2391,6000,,600,,,,reversal,transition,0,no_load,both,B4: reversal,servo-app/lab-0.1
1781163093.0424569,22.763559818267822,B4_REVERSAL,B4_REVERSAL_R01_20260611_143109,delta-asda-b3-e,1591,RTSO|SO|OE|VE|QS|TR,3,0,47413264,601,14,0.05978,17,0.040647,302,49,4270,2391,6000,,600,,,,reversal,transition,0,no_load,both,B4: reversal,servo-app/lab-0.1
1781163093.1428914,22.863994359970093,B4_REVERSAL,B4_REVERSAL_R01_20260611_143109,delta-asda-b3-e,1591,RTSO|SO|OE|VE|QS|TR,3,0,49090983,601,17,0.07259,18,0.043038,302,49,4270,2391,6000,,600,,,,reversal,transition,0,no_load,both,B4: reversal,servo-app/lab-0.1
1781163093.2431118,22.96421480178833,B4_REVERSAL,B4_REVERSAL_R01_20260611_143109,delta-asda-b3-e,1591,RTSO|SO|OE|VE|QS|TR,3,0,50785250,601,17,0.07259,19,0.045429,302,49,4270,2391,6000,,600,,,,reversal,transition,0,no_load,both,B4: reversal,servo-app/lab-0.1
1781163093.3438098,23.064912796020508,B4_REVERSAL,B4_REVERSAL_R01_20260611_143109,delta-asda-b3-e,1591,RTSO|SO|OE|VE|QS|TR,3,0,52463229,602,16,0.06832,17,0.040647,302,49,4270,2391,6000,,600,,,,reversal,transition,0,no_load,both,B4: reversal,servo-app/lab-0.1
1781163093.4442368,23.165339708328247,B4_REVERSAL,B4_REVERSAL_R01_20260611_143109,delta-asda-b3-e,1591,RTSO|SO|OE|VE|QS|TR,3,0,54157691,601,15,0.06405,16,0.038256,302,49,4270,2391,6000,,600,,,,reversal,transition,0,no_load,both,B4: reversal,servo-app/lab-0.1
1781163093.5447493,23.265852212905884,B4_REVERSAL,B4_REVERSAL_R01_20260611_143109,delta-asda-b3-e,1591,RTSO|SO|OE|VE|QS|TR,3,0,55835320,601,18,0.07686,24,0.057384,302,49,4270,2391,6000,,600,,,,reversal,transition,0,no_load,both,B4: reversal,servo-app/lab-0.1
1781163093.6454465,23.366549491882324,B4_REVERSAL,B4_REVERSAL_R01_20260611_143109,delta-asda-b3-e,1591,RTSO|SO|OE|VE|QS|TR,3,0,57529636,601,16,0.06832,20,0.04782,302,49,4270,2391,6000,,600,,,,reversal,transition,0,no_load,both,B4: reversal,servo-app/lab-0.1
1781163093.7458956,23.46699857711792,B4_REVERSAL,B4_REVERSAL_R01_20260611_143109,delta-asda-b3-e,1591,RTSO|SO|OE|VE|QS|TR,3,0,59223961,601,20,0.0854,20,0.04782,302,49,4270,2391,6000,,600,,,,reversal,transition,0,no_load,both,B4: reversal,servo-app/lab-0.1
1781163093.8468606,23.56796360015869,B4_REVERSAL,B4_REVERSAL_R01_20260611_143109,delta-asda-b3-e,1591,RTSO|SO|OE|VE|QS|TR,3,0,60901864,601,15,0.06405,14,0.033474,302,49,4270,2391,6000,,600,,,,reversal,transition,0,no_load,both,B4: reversal,servo-app/lab-0.1
1781163093.9475782,23.668681144714355,B4_REVERSAL,B4_REVERSAL_R01_20260611_143109,delta-asda-b3-e,1591,RTSO|SO|OE|VE|QS|TR,3,0,62596311,601,20,0.0854,21,0.050211,302,49,4270,2391,6000,,600,,,,reversal,transition,0,no_load,both,B4: reversal,servo-app/lab-0.1
1781163094.0484033,23.769506216049194,B4_REVERSAL,B4_REVERSAL_R01_20260611_143109,delta-asda-b3-e,1591,RTSO|SO|OE|VE|QS|TR,3,0,64290579,600,16,0.06832,15,0.035865,302,49,4270,2391,6000,,600,,,,reversal,transition,0,no_load,both,B4: reversal,servo-app/lab-0.1
1781163094.148759,23.869861841201782,B4_REVERSAL,B4_REVERSAL_R01_20260611_143109,delta-asda-b3-e,1591,RTSO|SO|OE|VE|QS|TR,3,0,65968259,600,19,0.08113,19,0.045429,302,49,4270,2391,6000,,600,,,,reversal,transition,0,no_load,both,B4: reversal,servo-app/lab-0.1
1781163094.2492096,23.97031259536743,B4_REVERSAL,B4_REVERSAL_R01_20260611_143109,delta-asda-b3-e,1591,RTSO|SO|OE|VE|QS|TR,3,0,67662586,600,15,0.06405,16,0.038256,302,49,4270,2391,6000,,600,,,,reversal,transition,0,no_load,both,B4: reversal,servo-app/lab-0.1
1781163094.349806,24.070909023284912,B4_REVERSAL,B4_REVERSAL_R01_20260611_143109,delta-asda-b3-e,1591,RTSO|SO|OE|VE|QS|TR,3,0,69357429,601,16,0.06832,17,0.040647,302,49,4270,2391,6000,,600,,,,reversal,transition,0,no_load,both,B4: reversal,servo-app/lab-0.1
1781163094.4499257,24.17102861404419,B4_REVERSAL,B4_REVERSAL_R01_20260611_143109,delta-asda-b3-e,1591,RTSO|SO|OE|VE|QS|TR,3,0,71034826,600,20,0.0854,16,0.038256,302,49,4270,2391,6000,,600,,,,reversal,transition,0,no_load,both,B4: reversal,servo-app/lab-0.1
1781163094.5503695,24.271472454071045,B4_REVERSAL,B4_REVERSAL_R01_20260611_143109,delta-asda-b3-e,1591,RTSO|SO|OE|VE|QS|TR,3,0,72762927,601,19,0.08113,18,0.043038,301,49,4270,2391,6000,,600,,,,reversal,transition,0,no_load,both,B4: reversal,servo-app/lab-0.1
1781163094.6512227,24.372325658798218,B4_REVERSAL,B4_REVERSAL_R01_20260611_143109,delta-asda-b3-e,1591,RTSO|SO|OE|VE|QS|TR,3,0,74406741,600,15,0.06405,15,0.035865,301,49,4270,2391,6000,,600,,,,reversal,transition,0,no_load,both,B4: reversal,servo-app/lab-0.1
1781163094.7522573,24.473360300064087,B4_REVERSAL,B4_REVERSAL_R01_20260611_143109,delta-asda-b3-e,1591,RTSO|SO|OE|VE|QS|TR,3,0,76101267,601,18,0.07686,19,0.045429,301,49,4270,2391,6000,,600,,,,reversal,transition,0,no_load,both,B4: reversal,servo-app/lab-0.1
1781163094.8528326,24.573935508728027,B4_REVERSAL,B4_REVERSAL_R01_20260611_143109,delta-asda-b3-e,1591,RTSO|SO|OE|VE|QS|TR,3,0,77795881,601,16,0.06832,16,0.038256,301,49,4270,2391,6000,,600,,,,reversal,transition,0,no_load,both,B4: reversal,servo-app/lab-0.1
1781163094.953446,24.674548864364624,B4_REVERSAL,B4_REVERSAL_R01_20260611_143109,delta-asda-b3-e,1591,RTSO|SO|OE|VE|QS|TR,3,0,79473503,600,19,0.08113,19,0.045429,301,49,4270,2391,6000,,600,,,,reversal,transition,0,no_load,both,B4: reversal,servo-app/lab-0.1
1781163095.053933,24.775035858154297,B4_REVERSAL,B4_REVERSAL_R01_20260611_143109,delta-asda-b3-e,1591,RTSO|SO|OE|VE|QS|TR,3,0,81151050,600,16,0.06832,15,0.035865,301,49,4270,2391,6000,,600,,,,reversal,transition,0,no_load,both,B4: reversal,servo-app/lab-0.1
1781163095.1543958,24.87549877166748,B4_REVERSAL,B4_REVERSAL_R01_20260611_143109,delta-asda-b3-e,1591,RTSO|SO|OE|VE|QS|TR,3,0,82845524,600,21,0.08967,22,0.052602,301,49,4270,2391,6000,,600,,,,reversal,transition,0,no_load,both,B4: reversal,servo-app/lab-0.1
1781163095.25482,24.97592306137085,B4_REVERSAL,B4_REVERSAL_R01_20260611_143109,delta-asda-b3-e,567,RTSO|SO|OE|VE|QS,3,0,84132962,-41,-27,-0.11529,-24,-0.057384,301,49,4270,2391,6000,,600,,,,reversal,transition,0,no_load,both,B4: reversal,servo-app/lab-0.1
1781163095.3551195,25.07622241973877,B4_REVERSAL,B4_REVERSAL_R01_20260611_143109,delta-asda-b3-e,1591,RTSO|SO|OE|VE|QS|TR,3,0,82492429,-599,-19,-0.08113,-23,-0.054993,301,49,4270,2391,6000,,600,,,,reversal,transition,0,no_load,both,B4: reversal,servo-app/lab-0.1
1781163095.4557009,25.176803827285767,B4_REVERSAL,B4_REVERSAL_R01_20260611_143109,delta-asda-b3-e,1591,RTSO|SO|OE|VE|QS|TR,3,0,80797939,-599,-19,-0.08113,-17,-0.040647,301,49,4270,2391,6000,,600,,,,reversal,transition,0,no_load,both,B4: reversal,servo-app/lab-0.1
1781163095.556497,25.277600049972534,B4_REVERSAL,B4_REVERSAL_R01_20260611_143109,delta-asda-b3-e,1591,RTSO|SO|OE|VE|QS|TR,3,0,79120541,-599,-28,-0.11956,-29,-0.069339,301,49,4270,2391,6000,,600,,,,reversal,transition,0,no_load,both,B4: reversal,servo-app/lab-0.1
1781163095.6568797,25.37798261642456,B4_REVERSAL,B4_REVERSAL_R01_20260611_143109,delta-asda-b3-e,1591,RTSO|SO|OE|VE|QS|TR,3,0,77442720,-599,-17,-0.07259,-16,-0.038256,301,49,4270,2391,6000,,600,,,,reversal,transition,0,no_load,both,B4: reversal,servo-app/lab-0.1
1781163095.757214,25.47831702232361,B4_REVERSAL,B4_REVERSAL_R01_20260611_143109,delta-asda-b3-e,1591,RTSO|SO|OE|VE|QS|TR,3,0,75748200,-600,-25,-0.10675,-26,-0.062166,301,49,4270,2391,6000,,600,,,,reversal,transition,0,no_load,both,B4: reversal,servo-app/lab-0.1
1781163095.857669,25.57877206802368,B4_REVERSAL,B4_REVERSAL_R01_20260611_143109,delta-asda-b3-e,1591,RTSO|SO|OE|VE|QS|TR,3,0,74070262,-599,-18,-0.07686,-19,-0.045429,301,49,4270,2391,6000,,600,,,,reversal,transition,0,no_load,both,B4: reversal,servo-app/lab-0.1
1781163095.9581869,25.67928981781006,B4_REVERSAL,B4_REVERSAL_R01_20260611_143109,delta-asda-b3-e,1591,RTSO|SO|OE|VE|QS|TR,3,0,72376091,-599,-20,-0.0854,-21,-0.050211,301,49,4270,2391,6000,,600,,,,reversal,transition,0,no_load,both,B4: reversal,servo-app/lab-0.1
1781163096.0592484,25.780351400375366,B4_REVERSAL,B4_REVERSAL_R01_20260611_143109,delta-asda-b3-e,1591,RTSO|SO|OE|VE|QS|TR,3,0,70681532,-599,-17,-0.07259,-18,-0.043038,301,49,4270,2391,6000,,600,,,,reversal,transition,0,no_load,both,B4: reversal,servo-app/lab-0.1
1781163096.160004,25.881106853485107,B4_REVERSAL,B4_REVERSAL_R01_20260611_143109,delta-asda-b3-e,1591,RTSO|SO|OE|VE|QS|TR,3,0,68953792,-600,-19,-0.08113,-18,-0.043038,301,49,4270,2391,6000,,600,,,,reversal,transition,0,no_load,both,B4: reversal,servo-app/lab-0.1
1781163096.2605941,25.98169708251953,B4_REVERSAL,B4_REVERSAL_R01_20260611_143109,delta-asda-b3-e,1591,RTSO|SO|OE|VE|QS|TR,3,0,67309089,-600,-21,-0.08967,-17,-0.040647,301,49,4270,2391,6000,,600,,,,reversal,transition,0,no_load,both,B4: reversal,servo-app/lab-0.1
1781163096.361045,26.08214783668518,B4_REVERSAL,B4_REVERSAL_R01_20260611_143109,delta-asda-b3-e,1591,RTSO|SO|OE|VE|QS|TR,3,0,65614867,-599,-20,-0.0854,-19,-0.045429,301,49,4270,2391,6000,,600,,,,reversal,transition,0,no_load,both,B4: reversal,servo-app/lab-0.1
1781163096.461439,26.182541847229004,B4_REVERSAL,B4_REVERSAL_R01_20260611_143109,delta-asda-b3-e,1591,RTSO|SO|OE|VE|QS|TR,3,0,63936784,-599,-18,-0.07686,-19,-0.045429,301,49,4270,2391,6000,,600,,,,reversal,transition,0,no_load,both,B4: reversal,servo-app/lab-0.1
1781163096.5620527,26.28315567970276,B4_REVERSAL,B4_REVERSAL_R01_20260611_143109,delta-asda-b3-e,1591,RTSO|SO|OE|VE|QS|TR,3,0,62242775,-599,-20,-0.0854,-23,-0.054993,301,49,4270,2391,6000,,600,,,,reversal,transition,0,no_load,both,B4: reversal,servo-app/lab-0.1
1781163096.6622126,26.383315563201904,B4_REVERSAL,B4_REVERSAL_R01_20260611_143109,delta-asda-b3-e,1591,RTSO|SO|OE|VE|QS|TR,3,0,60564860,-599,-16,-0.06832,-25,-0.059775,301,49,4270,2391,6000,,600,,,,reversal,transition,0,no_load,both,B4: reversal,servo-app/lab-0.1
1781163096.7634125,26.48451542854309,B4_REVERSAL,B4_REVERSAL_R01_20260611_143109,delta-asda-b3-e,1591,RTSO|SO|OE|VE|QS|TR,3,0,58870300,-600,-18,-0.07686,-19,-0.045429,301,49,4270,2391,6000,,600,,,,reversal,transition,0,no_load,both,B4: reversal,servo-app/lab-0.1
1781163096.8639498,26.585052728652954,B4_REVERSAL,B4_REVERSAL_R01_20260611_143109,delta-asda-b3-e,1591,RTSO|SO|OE|VE|QS|TR,3,0,57175675,-599,-14,-0.05978,-16,-0.038256,301,49,4270,2391,6000,,600,,,,reversal,transition,0,no_load,both,B4: reversal,servo-app/lab-0.1
1781163096.965262,26.686364889144897,B4_REVERSAL,B4_REVERSAL_R01_20260611_143109,delta-asda-b3-e,1591,RTSO|SO|OE|VE|QS|TR,3,0,55481431,-599,-21,-0.08967,-24,-0.057384,301,49,4270,2391,6000,,600,,,,reversal,transition,0,no_load,both,B4: reversal,servo-app/lab-0.1
1781163097.0658865,26.786989450454712,B4_REVERSAL,B4_REVERSAL_R01_20260611_143109,delta-asda-b3-e,1591,RTSO|SO|OE|VE|QS|TR,3,0,53787092,-599,-18,-0.07686,-17,-0.040647,301,49,4270,2391,6000,,600,,,,reversal,transition,0,no_load,both,B4: reversal,servo-app/lab-0.1
1781163097.1659539,26.887056827545166,B4_REVERSAL,B4_REVERSAL_R01_20260611_143109,delta-asda-b3-e,1591,RTSO|SO|OE|VE|QS|TR,3,0,52109307,-600,-18,-0.07686,-18,-0.043038,301,49,4270,2391,6000,,600,,,,reversal,transition,0,no_load,both,B4: reversal,servo-app/lab-0.1
1781163097.2660615,26.98716449737549,B4_REVERSAL,B4_REVERSAL_R01_20260611_143109,delta-asda-b3-e,1591,RTSO|SO|OE|VE|QS|TR,3,0,50431254,-600,-18,-0.07686,-16,-0.038256,300,49,4270,2391,6000,,600,,,,reversal,transition,0,no_load,both,B4: reversal,servo-app/lab-0.1
1781163097.3664482,27.08755111694336,B4_REVERSAL,B4_REVERSAL_R01_20260611_143109,delta-asda-b3-e,1591,RTSO|SO|OE|VE|QS|TR,3,0,48753752,-600,-23,-0.09821,-21,-0.050211,301,49,4270,2391,6000,,600,,,,reversal,transition,0,no_load,both,B4: reversal,servo-app/lab-0.1
1781163097.4667077,27.18781065940857,B4_REVERSAL,B4_REVERSAL_R01_20260611_143109,delta-asda-b3-e,1591,RTSO|SO|OE|VE|QS|TR,3,0,47059045,-599,-16,-0.06832,-16,-0.038256,301,49,4270,2391,6000,,600,,,,reversal,transition,0,no_load,both,B4: reversal,servo-app/lab-0.1
1781163097.5672944,27.288397312164307,B4_REVERSAL,B4_REVERSAL_R01_20260611_143109,delta-asda-b3-e,1591,RTSO|SO|OE|VE|QS|TR,3,0,45381701,-600,-17,-0.07259,-20,-0.04782,301,49,4270,2391,6000,,600,,,,reversal,transition,0,no_load,both,B4: reversal,servo-app/lab-0.1
1781163097.6675084,27.388611316680908,B4_REVERSAL,B4_REVERSAL_R01_20260611_143109,delta-asda-b3-e,1591,RTSO|SO|OE|VE|QS|TR,3,0,43703695,-600,-15,-0.06405,-15,-0.035865,301,49,4270,2391,6000,,600,,,,reversal,transition,0,no_load,both,B4: reversal,servo-app/lab-0.1
1781163097.7676752,27.488778114318848,B4_REVERSAL,B4_REVERSAL_R01_20260611_143109,delta-asda-b3-e,1591,RTSO|SO|OE|VE|QS|TR,3,0,42025979,-600,-18,-0.07686,-22,-0.052602,301,49,4270,2391,6000,,600,,,,reversal,transition,0,no_load,both,B4: reversal,servo-app/lab-0.1
1781163097.8682306,27.589333534240723,B4_REVERSAL,B4_REVERSAL_R01_20260611_143109,delta-asda-b3-e,1591,RTSO|SO|OE|VE|QS|TR,3,0,40331424,-599,-18,-0.07686,-17,-0.040647,301,49,4270,2391,6000,,600,,,,reversal,transition,0,no_load,both,B4: reversal,servo-app/lab-0.1
1781163097.9688797,27.689982652664185,B4_REVERSAL,B4_REVERSAL_R01_20260611_143109,delta-asda-b3-e,1591,RTSO|SO|OE|VE|QS|TR,3,0,38637130,-600,-18,-0.07686,-21,-0.050211,301,49,4270,2391,6000,,600,,,,reversal,transition,0,no_load,both,B4: reversal,servo-app/lab-0.1
1781163098.069323,27.790426015853882,B4_REVERSAL,B4_REVERSAL_R01_20260611_143109,delta-asda-b3-e,1591,RTSO|SO|OE|VE|QS|TR,3,0,36959523,-599,-19,-0.08113,-18,-0.043038,301,49,4270,2391,6000,,600,,,,reversal,transition,0,no_load,both,B4: reversal,servo-app/lab-0.1
1781163098.1694427,27.89054560661316,B4_REVERSAL,B4_REVERSAL_R01_20260611_143109,delta-asda-b3-e,1591,RTSO|SO|OE|VE|QS|TR,3,0,35281656,-600,-22,-0.09394,-18,-0.043038,301,49,4270,2391,6000,,600,,,,reversal,transition,0,no_load,both,B4: reversal,servo-app/lab-0.1
1781163098.2695587,27.99066162109375,B4_REVERSAL,B4_REVERSAL_R01_20260611_143109,delta-asda-b3-e,1591,RTSO|SO|OE|VE|QS|TR,3,0,33603703,-600,-17,-0.07259,-18,-0.043038,301,49,4270,2391,6000,,600,,,,reversal,transition,0,no_load,both,B4: reversal,servo-app/lab-0.1
1781163098.3705647,28.091667652130127,B4_REVERSAL,B4_REVERSAL_R01_20260611_143109,delta-asda-b3-e,1591,RTSO|SO|OE|VE|QS|TR,3,0,31909303,-600,-20,-0.0854,-19,-0.045429,301,49,4270,2391,6000,,600,,,,reversal,transition,0,no_load,both,B4: reversal,servo-app/lab-0.1
1781163098.4710076,28.192110538482666,B4_REVERSAL,B4_REVERSAL_R01_20260611_143109,delta-asda-b3-e,1591,RTSO|SO|OE|VE|QS|TR,3,0,30214685,-600,-19,-0.08113,-18,-0.043038,301,49,4270,2391,6000,,600,,,,reversal,transition,0,no_load,both,B4: reversal,servo-app/lab-0.1
1781163098.571232,28.292335033416748,B4_REVERSAL,B4_REVERSAL_R01_20260611_143109,delta-asda-b3-e,1591,RTSO|SO|OE|VE|QS|TR,3,0,28486748,-601,-14,-0.05978,-19,-0.045429,301,49,4270,2391,6000,,600,,,,reversal,transition,0,no_load,both,B4: reversal,servo-app/lab-0.1
1781163098.67179,28.392892837524414,B4_REVERSAL,B4_REVERSAL_R01_20260611_143109,delta-asda-b3-e,1591,RTSO|SO|OE|VE|QS|TR,3,0,26859259,-600,-21,-0.08967,-19,-0.045429,301,49,4270,2391,6000,,600,,,,reversal,transition,0,no_load,both,B4: reversal,servo-app/lab-0.1
1781163098.772029,28.49313187599182,B4_REVERSAL,B4_REVERSAL_R01_20260611_143109,delta-asda-b3-e,1591,RTSO|SO|OE|VE|QS|TR,3,0,25164701,-600,-18,-0.07686,-16,-0.038256,302,49,4270,2391,6000,,600,,,,reversal,transition,0,no_load,both,B4: reversal,servo-app/lab-0.1
1781163098.8722088,28.59331178665161,B4_REVERSAL,B4_REVERSAL_R01_20260611_143109,delta-asda-b3-e,1591,RTSO|SO|OE|VE|QS|TR,3,0,23486946,-600,-20,-0.0854,-18,-0.043038,302,49,4270,2391,6000,,600,,,,reversal,transition,0,no_load,both,B4: reversal,servo-app/lab-0.1
1781163098.9726615,28.693764448165894,B4_REVERSAL,B4_REVERSAL_R01_20260611_143109,delta-asda-b3-e,1591,RTSO|SO|OE|VE|QS|TR,3,0,21809422,-600,-20,-0.0854,-17,-0.040647,301,49,4270,2391,6000,,600,,,,reversal,transition,0,no_load,both,B4: reversal,servo-app/lab-0.1
1781163099.0727363,28.7938392162323,B4_REVERSAL,B4_REVERSAL_R01_20260611_143109,delta-asda-b3-e,1591,RTSO|SO|OE|VE|QS|TR,3,0,20131833,-600,-20,-0.0854,-23,-0.054993,301,49,4270,2391,6000,,600,,,,reversal,transition,0,no_load,both,B4: reversal,servo-app/lab-0.1
1781163099.173133,28.894235849380493,B4_REVERSAL,B4_REVERSAL_R01_20260611_143109,delta-asda-b3-e,1591,RTSO|SO|OE|VE|QS|TR,3,0,18420188,-601,-26,-0.11102,-20,-0.04782,302,49,4270,2391,6000,,600,,,,reversal,transition,0,no_load,both,B4: reversal,servo-app/lab-0.1
1781163099.2740018,28.995104789733887,B4_REVERSAL,B4_REVERSAL_R01_20260611_143109,delta-asda-b3-e,1591,RTSO|SO|OE|VE|QS|TR,3,0,16742401,-600,-21,-0.08967,-18,-0.043038,301,49,4270,2391,6000,,600,,,,reversal,transition,0,no_load,both,B4: reversal,servo-app/lab-0.1
1781163099.3747241,29.095827102661133,B4_REVERSAL,B4_REVERSAL_R01_20260611_143109,delta-asda-b3-e,1591,RTSO|SO|OE|VE|QS|TR,3,0,15047895,-601,-20,-0.0854,-16,-0.038256,301,49,4270,2391,6000,,600,,,,reversal,transition,0,no_load,both,B4: reversal,servo-app/lab-0.1
1781163099.475568,29.19667100906372,B4_REVERSAL,B4_REVERSAL_R01_20260611_143109,delta-asda-b3-e,1591,RTSO|SO|OE|VE|QS|TR,3,0,13370194,-600,-25,-0.10675,-22,-0.052602,301,49,4270,2391,6000,,600,,,,reversal,transition,0,no_load,both,B4: reversal,servo-app/lab-0.1
1781163099.5760107,29.29711365699768,B4_REVERSAL,B4_REVERSAL_R01_20260611_143109,delta-asda-b3-e,1591,RTSO|SO|OE|VE|QS|TR,3,0,11692682,-601,-18,-0.07686,-18,-0.043038,302,49,4270,2391,6000,,600,,,,reversal,transition,0,no_load,both,B4: reversal,servo-app/lab-0.1
1781163099.6765606,29.397663593292236,B4_REVERSAL,B4_REVERSAL_R01_20260611_143109,delta-asda-b3-e,1591,RTSO|SO|OE|VE|QS|TR,3,0,9997834,-601,-21,-0.08967,-20,-0.04782,301,49,4270,2391,6000,,600,,,,reversal,transition,0,no_load,both,B4: reversal,servo-app/lab-0.1
1781163099.7770784,29.498181343078613,B4_REVERSAL,B4_REVERSAL_R01_20260611_143109,delta-asda-b3-e,1591,RTSO|SO|OE|VE|QS|TR,3,0,8303287,-601,-18,-0.07686,-16,-0.038256,301,49,4270,2391,6000,,600,,,,reversal,transition,0,no_load,both,B4: reversal,servo-app/lab-0.1
1781163099.8774047,29.59850764274597,B4_REVERSAL,B4_REVERSAL_R01_20260611_143109,delta-asda-b3-e,1591,RTSO|SO|OE|VE|QS|TR,3,0,6625523,-601,-23,-0.09821,-20,-0.04782,302,49,4270,2391,6000,,600,,,,reversal,transition,0,no_load,both,B4: reversal,servo-app/lab-0.1
1781163099.978187,29.69929003715515,B4_REVERSAL,B4_REVERSAL_R01_20260611_143109,delta-asda-b3-e,1591,RTSO|SO|OE|VE|QS|TR,3,0,4931215,-601,-19,-0.08113,-18,-0.043038,301,49,4270,2391,6000,,600,,,,reversal,transition,0,no_load,both,B4: reversal,servo-app/lab-0.1
1781163100.0787835,29.799886465072632,B4_REVERSAL,B4_REVERSAL_R01_20260611_143109,delta-asda-b3-e,1591,RTSO|SO|OE|VE|QS|TR,3,0,3236766,-601,-17,-0.07259,-17,-0.040647,301,49,4270,2391,6000,,600,,,,reversal,transition,0,no_load,both,B4: reversal,servo-app/lab-0.1
1781163100.1792169,29.900319814682007,B4_REVERSAL,B4_REVERSAL_R01_20260611_143109,delta-asda-b3-e,1591,RTSO|SO|OE|VE|QS|TR,3,0,1558709,-602,-15,-0.06405,-19,-0.045429,301,49,4270,2391,6000,,600,,,,reversal,transition,0,no_load,both,B4: reversal,servo-app/lab-0.1
1781163100.2793338,30.000436782836914,B4_REVERSAL,B4_REVERSAL_R01_20260611_143109,delta-asda-b3-e,567,RTSO|SO|OE|VE|QS,3,0,988589,517,20,0.0854,19,0.045429,301,49,4270,2391,6000,,600,,,,reversal,transition,0,no_load,both,B4: reversal,servo-app/lab-0.1
1781163100.3794117,30.10051465034485,B4_REVERSAL,B4_REVERSAL_R01_20260611_143109,delta-asda-b3-e,1591,RTSO|SO|OE|VE|QS|TR,3,0,2667182,600,20,0.0854,20,0.04782,302,49,4270,2391,6000,,600,,,,reversal,transition,0,no_load,both,B4: reversal,servo-app/lab-0.1
1781163100.4799814,30.20108437538147,B4_REVERSAL,B4_REVERSAL_R01_20260611_143109,delta-asda-b3-e,1591,RTSO|SO|OE|VE|QS|TR,3,0,4344288,600,22,0.09394,21,0.050211,301,49,4270,2391,6000,,600,,,,reversal,transition,0,no_load,both,B4: reversal,servo-app/lab-0.1
1781163100.5804152,30.301518201828003,B4_REVERSAL,B4_REVERSAL_R01_20260611_143109,delta-asda-b3-e,1591,RTSO|SO|OE|VE|QS|TR,3,0,6038862,600,19,0.08113,16,0.038256,301,49,4270,2391,6000,,600,,,,reversal,transition,0,no_load,both,B4: reversal,servo-app/lab-0.1
1781163100.6808772,30.40198016166687,B4_REVERSAL,B4_REVERSAL_R01_20260611_143109,delta-asda-b3-e,1591,RTSO|SO|OE|VE|QS|TR,3,0,7783460,600,20,0.0854,20,0.04782,301,49,4270,2391,6000,,600,,,,reversal,transition,0,no_load,both,B4: reversal,servo-app/lab-0.1
1781163100.7810857,30.502188682556152,B4_REVERSAL,B4_REVERSAL_R01_20260611_143109,delta-asda-b3-e,1591,RTSO|SO|OE|VE|QS|TR,3,0,9411225,600,14,0.05978,19,0.045429,301,49,4270,2391,6000,,600,,,,reversal,transition,0,no_load,both,B4: reversal,servo-app/lab-0.1
1781163100.8813686,30.602471590042114,B4_REVERSAL,B4_REVERSAL_R01_20260611_143109,delta-asda-b3-e,1591,RTSO|SO|OE|VE|QS|TR,3,0,11088433,600,20,0.0854,19,0.045429,302,49,4270,2391,6000,,600,,,,reversal,transition,0,no_load,both,B4: reversal,servo-app/lab-0.1
1781163100.9815998,30.70270276069641,B4_REVERSAL,B4_REVERSAL_R01_20260611_143109,delta-asda-b3-e,1591,RTSO|SO|OE|VE|QS|TR,3,0,12766390,600,22,0.09394,23,0.054993,301,49,4270,2391,6000,,600,,,,reversal,transition,0,no_load,both,B4: reversal,servo-app/lab-0.1
1781163101.08202,30.803122997283936,B4_REVERSAL,B4_REVERSAL_R01_20260611_143109,delta-asda-b3-e,1591,RTSO|SO|OE|VE|QS|TR,3,0,14460346,600,21,0.08967,23,0.054993,301,49,4270,2391,6000,,600,,,,reversal,transition,0,no_load,both,B4: reversal,servo-app/lab-0.1
1781163101.1823819,30.90348482131958,B4_REVERSAL,B4_REVERSAL_R01_20260611_143109,delta-asda-b3-e,1591,RTSO|SO|OE|VE|QS|TR,3,0,16172267,600,18,0.07686,15,0.035865,301,49,4270,2391,6000,,600,,,,reversal,transition,0,no_load,both,B4: reversal,servo-app/lab-0.1
1781163101.282631,31.00373387336731,B4_REVERSAL,B4_REVERSAL_R01_20260611_143109,delta-asda-b3-e,1591,RTSO|SO|OE|VE|QS|TR,3,0,17816087,600,21,0.08967,22,0.052602,302,49,4270,2391,6000,,600,,,,reversal,transition,0,no_load,both,B4: reversal,servo-app/lab-0.1
1781163101.3833635,31.104466438293457,B4_REVERSAL,B4_REVERSAL_R01_20260611_143109,delta-asda-b3-e,1591,RTSO|SO|OE|VE|QS|TR,3,0,19510697,600,17,0.07259,24,0.057384,301,49,4270,2391,6000,,600,,,,reversal,transition,0,no_load,both,B4: reversal,servo-app/lab-0.1
1781163101.4837446,31.20484757423401,B4_REVERSAL,B4_REVERSAL_R01_20260611_143109,delta-asda-b3-e,1591,RTSO|SO|OE|VE|QS|TR,3,0,21188019,599,23,0.09821,21,0.050211,301,49,4270,2391,6000,,600,,,,reversal,transition,0,no_load,both,B4: reversal,servo-app/lab-0.1
1781163101.5841181,31.30522108078003,B4_REVERSAL,B4_REVERSAL_R01_20260611_143109,delta-asda-b3-e,1591,RTSO|SO|OE|VE|QS|TR,3,0,22882616,600,15,0.06405,17,0.040647,301,49,4270,2391,6000,,600,,,,reversal,transition,0,no_load,both,B4: reversal,servo-app/lab-0.1
1781163101.6841867,31.40528964996338,B4_REVERSAL,B4_REVERSAL_R01_20260611_143109,delta-asda-b3-e,1591,RTSO|SO|OE|VE|QS|TR,3,0,24560131,600,21,0.08967,21,0.050211,301,49,4270,2391,6000,,600,,,,reversal,transition,0,no_load,both,B4: reversal,servo-app/lab-0.1
1781163101.7846906,31.505793571472168,B4_REVERSAL,B4_REVERSAL_R01_20260611_143109,delta-asda-b3-e,1591,RTSO|SO|OE|VE|QS|TR,3,0,26254772,599,18,0.07686,18,0.043038,301,49,4270,2391,6000,,600,,,,reversal,transition,0,no_load,both,B4: reversal,servo-app/lab-0.1
1781163101.8853028,31.60640573501587,B4_REVERSAL,B4_REVERSAL_R01_20260611_143109,delta-asda-b3-e,1591,RTSO|SO|OE|VE|QS|TR,3,0,27931989,599,22,0.09394,20,0.04782,301,49,4270,2391,6000,,600,,,,reversal,transition,0,no_load,both,B4: reversal,servo-app/lab-0.1
1781163101.9863496,31.707452535629272,B4_REVERSAL,B4_REVERSAL_R01_20260611_143109,delta-asda-b3-e,1591,RTSO|SO|OE|VE|QS|TR,3,0,29626613,599,18,0.07686,21,0.050211,301,49,4270,2391,6000,,600,,,,reversal,transition,0,no_load,both,B4: reversal,servo-app/lab-0.1
1781163102.086694,31.807796955108643,B4_REVERSAL,B4_REVERSAL_R01_20260611_143109,delta-asda-b3-e,1591,RTSO|SO|OE|VE|QS|TR,3,0,31303882,599,21,0.08967,21,0.050211,301,49,4270,2391,6000,,600,,,,reversal,transition,0,no_load,both,B4: reversal,servo-app/lab-0.1
1781163102.188365,31.909467935562134,B4_REVERSAL,B4_REVERSAL_R01_20260611_143109,delta-asda-b3-e,1591,RTSO|SO|OE|VE|QS|TR,3,0,33015758,599,15,0.06405,17,0.040647,301,49,4270,2391,6000,,600,,,,reversal,transition,0,no_load,both,B4: reversal,servo-app/lab-0.1
1781163102.2894154,32.010518312454224,B4_REVERSAL,B4_REVERSAL_R01_20260611_143109,delta-asda-b3-e,1591,RTSO|SO|OE|VE|QS|TR,3,0,34709678,598,24,0.10248,22,0.052602,301,49,4270,2391,6000,,600,,,,reversal,transition,0,no_load,both,B4: reversal,servo-app/lab-0.1
1781163102.3901203,32.111223220825195,B4_REVERSAL,B4_REVERSAL_R01_20260611_143109,delta-asda-b3-e,1591,RTSO|SO|OE|VE|QS|TR,3,0,36404388,599,18,0.07686,17,0.040647,301,49,4270,2391,6000,,600,,,,reversal,transition,0,no_load,both,B4: reversal,servo-app/lab-0.1
1781163102.490884,32.211987018585205,B4_REVERSAL,B4_REVERSAL_R01_20260611_143109,delta-asda-b3-e,1591,RTSO|SO|OE|VE|QS|TR,3,0,38098291,598,23,0.09821,24,0.057384,301,49,4270,2391,6000,,600,,,,reversal,transition,0,no_load,both,B4: reversal,servo-app/lab-0.1
1781163102.5911224,32.312225341796875,B4_REVERSAL,B4_REVERSAL_R01_20260611_143109,delta-asda-b3-e,1591,RTSO|SO|OE|VE|QS|TR,3,0,39776402,599,23,0.09821,20,0.04782,301,49,4270,2391,6000,,600,,,,reversal,transition,0,no_load,both,B4: reversal,servo-app/lab-0.1
1781163102.6915402,32.41264319419861,B4_REVERSAL,B4_REVERSAL_R01_20260611_143109,delta-asda-b3-e,1591,RTSO|SO|OE|VE|QS|TR,3,0,41453781,599,27,0.11529,23,0.054993,301,49,4270,2391,6000,,600,,,,reversal,transition,0,no_load,both,B4: reversal,servo-app/lab-0.1
1781163102.792134,32.51323699951172,B4_REVERSAL,B4_REVERSAL_R01_20260611_143109,delta-asda-b3-e,1591,RTSO|SO|OE|VE|QS|TR,3,0,43148422,599,20,0.0854,21,0.050211,301,49,4270,2391,6000,,600,,,,reversal,transition,0,no_load,both,B4: reversal,servo-app/lab-0.1
1781163102.892432,32.613534927368164,B4_REVERSAL,B4_REVERSAL_R01_20260611_143109,delta-asda-b3-e,1591,RTSO|SO|OE|VE|QS|TR,3,0,44825623,598,25,0.10675,24,0.057384,301,49,4270,2391,6000,,600,,,,reversal,transition,0,no_load,both,B4: reversal,servo-app/lab-0.1
1781163102.9925375,32.713640451431274,B4_REVERSAL,B4_REVERSAL_R01_20260611_143109,delta-asda-b3-e,1591,RTSO|SO|OE|VE|QS|TR,3,0,46503589,598,20,0.0854,20,0.04782,301,49,4270,2391,6000,,600,,,,reversal,transition,0,no_load,both,B4: reversal,servo-app/lab-0.1
1781163103.0933645,32.814467430114746,B4_REVERSAL,B4_REVERSAL_R01_20260611_143109,delta-asda-b3-e,1591,RTSO|SO|OE|VE|QS|TR,3,0,48197813,599,22,0.09394,21,0.050211,301,49,4270,2391,6000,,600,,,,reversal,transition,0,no_load,both,B4: reversal,servo-app/lab-0.1
1781163103.1937714,32.91487431526184,B4_REVERSAL,B4_REVERSAL_R01_20260611_143109,delta-asda-b3-e,1591,RTSO|SO|OE|VE|QS|TR,3,0,49876159,599,19,0.08113,18,0.043038,301,49,4270,2391,6000,,600,,,,reversal,transition,0,no_load,both,B4: reversal,servo-app/lab-0.1
1781163103.2941694,33.01527237892151,B4_REVERSAL,B4_REVERSAL_R01_20260611_143109,delta-asda-b3-e,1591,RTSO|SO|OE|VE|QS|TR,3,0,51569867,598,28,0.11956,28,0.066948,301,49,4270,2391,6000,,600,,,,reversal,transition,0,no_load,both,B4: reversal,servo-app/lab-0.1
1781163103.4006617,33.12176465988159,B4_REVERSAL,B4_REVERSAL_R01_20260611_143109,delta-asda-b3-e,1591,RTSO|SO|OE|VE|QS|TR,3,0,53499434,600,16,0.06832,15,0.035865,301,49,4270,2391,6000,,600,,,,reversal,transition,0,no_load,both,B4: reversal,servo-app/lab-0.1
1781163103.5007386,33.22184157371521,B4_REVERSAL,B4_REVERSAL_R01_20260611_143109,delta-asda-b3-e,1591,RTSO|SO|OE|VE|QS|TR,3,0,55025423,599,15,0.06405,20,0.04782,301,49,4270,2391,6000,,600,,,,reversal,transition,0,no_load,both,B4: reversal,servo-app/lab-0.1
1781163103.6014402,33.322543144226074,B4_REVERSAL,B4_REVERSAL_R01_20260611_143109,delta-asda-b3-e,1591,RTSO|SO|OE|VE|QS|TR,3,0,56720573,600,15,0.06405,17,0.040647,301,49,4270,2391,6000,,600,,,,reversal,transition,0,no_load,both,B4: reversal,servo-app/lab-0.1
1781163103.7017038,33.42280673980713,B4_REVERSAL,B4_REVERSAL_R01_20260611_143109,delta-asda-b3-e,1591,RTSO|SO|OE|VE|QS|TR,3,0,58397707,599,20,0.0854,17,0.040647,301,49,4270,2391,6000,,600,,,,reversal,transition,0,no_load,both,B4: reversal,servo-app/lab-0.1
1781163103.8018446,33.522947549819946,B4_REVERSAL,B4_REVERSAL_R01_20260611_143109,delta-asda-b3-e,1591,RTSO|SO|OE|VE|QS|TR,3,0,60075623,599,17,0.07259,19,0.045429,301,49,4270,2391,6000,,600,,,,reversal,transition,0,no_load,both,B4: reversal,servo-app/lab-0.1
1781163103.9020019,33.62310481071472,B4_REVERSAL,B4_REVERSAL_R01_20260611_143109,delta-asda-b3-e,1591,RTSO|SO|OE|VE|QS|TR,3,0,61752840,599,17,0.07259,21,0.050211,301,49,4270,2391,6000,,600,,,,reversal,transition,0,no_load,both,B4: reversal,servo-app/lab-0.1
1781163104.0025704,33.72367334365845,B4_REVERSAL,B4_REVERSAL_R01_20260611_143109,delta-asda-b3-e,1591,RTSO|SO|OE|VE|QS|TR,3,0,63447640,599,16,0.06832,18,0.043038,301,49,4270,2391,6000,,600,,,,reversal,transition,0,no_load,both,B4: reversal,servo-app/lab-0.1
1781163104.1032307,33.82433366775513,B4_REVERSAL,B4_REVERSAL_R01_20260611_143109,delta-asda-b3-e,1591,RTSO|SO|OE|VE|QS|TR,3,0,65142085,600,19,0.08113,16,0.038256,301,49,4270,2391,6000,,600,,,,reversal,transition,0,no_load,both,B4: reversal,servo-app/lab-0.1
1781163104.2034647,33.92456769943237,B4_REVERSAL,B4_REVERSAL_R01_20260611_143109,delta-asda-b3-e,1591,RTSO|SO|OE|VE|QS|TR,3,0,66820111,599,19,0.08113,18,0.043038,301,49,4270,2391,6000,,600,,,,reversal,transition,0,no_load,both,B4: reversal,servo-app/lab-0.1
1781163104.3036242,34.02472710609436,B4_REVERSAL,B4_REVERSAL_R01_20260611_143109,delta-asda-b3-e,1591,RTSO|SO|OE|VE|QS|TR,3,0,68497331,599,18,0.07686,20,0.04782,301,49,4270,2391,6000,,600,,,,reversal,transition,0,no_load,both,B4: reversal,servo-app/lab-0.1
1781163104.4040654,34.125168323516846,B4_REVERSAL,B4_REVERSAL_R01_20260611_143109,delta-asda-b3-e,1591,RTSO|SO|OE|VE|QS|TR,3,0,70192070,599,19,0.08113,19,0.045429,301,49,4270,2391,6000,,600,,,,reversal,transition,0,no_load,both,B4: reversal,servo-app/lab-0.1
1781163104.50437,34.225472927093506,B4_REVERSAL,B4_REVERSAL_R01_20260611_143109,delta-asda-b3-e,1591,RTSO|SO|OE|VE|QS|TR,3,0,71869360,600,17,0.07259,17,0.040647,301,49,4270,2391,6000,,600,,,,reversal,transition,0,no_load,both,B4: reversal,servo-app/lab-0.1
1781163104.605028,34.326130867004395,B4_REVERSAL,B4_REVERSAL_R01_20260611_143109,delta-asda-b3-e,1591,RTSO|SO|OE|VE|QS|TR,3,0,73564428,600,17,0.07259,17,0.040647,301,49,4270,2391,6000,,600,,,,reversal,transition,0,no_load,both,B4: reversal,servo-app/lab-0.1
1781163104.7055585,34.42666149139404,B4_REVERSAL,B4_REVERSAL_R01_20260611_143109,delta-asda-b3-e,1591,RTSO|SO|OE|VE|QS|TR,3,0,75241488,600,17,0.07259,16,0.038256,301,49,4270,2391,6000,,600,,,,reversal,transition,0,no_load,both,B4: reversal,servo-app/lab-0.1
1781163104.806649,34.52775192260742,B4_REVERSAL,B4_REVERSAL_R01_20260611_143109,delta-asda-b3-e,1591,RTSO|SO|OE|VE|QS|TR,3,0,76936234,600,17,0.07259,18,0.043038,301,49,4270,2391,6000,,600,,,,reversal,transition,0,no_load,both,B4: reversal,servo-app/lab-0.1
1781163104.90717,34.628273010253906,B4_REVERSAL,B4_REVERSAL_R01_20260611_143109,delta-asda-b3-e,1591,RTSO|SO|OE|VE|QS|TR,3,0,78630235,600,18,0.07686,19,0.045429,301,49,4270,2391,6000,,600,,,,reversal,transition,0,no_load,both,B4: reversal,servo-app/lab-0.1
1781163105.008359,34.729461908340454,B4_REVERSAL,B4_REVERSAL_R01_20260611_143109,delta-asda-b3-e,1591,RTSO|SO|OE|VE|QS|TR,3,0,80325185,601,20,0.0854,17,0.040647,301,49,4270,2391,6000,,600,,,,reversal,transition,0,no_load,both,B4: reversal,servo-app/lab-0.1
1781163105.1088395,34.82994246482849,B4_REVERSAL,B4_REVERSAL_R01_20260611_143109,delta-asda-b3-e,1591,RTSO|SO|OE|VE|QS|TR,3,0,82002795,601,23,0.09821,17,0.040647,301,49,4270,2391,6000,,600,,,,reversal,transition,0,no_load,both,B4: reversal,servo-app/lab-0.1
1781163105.2090375,34.93014049530029,B4_REVERSAL,B4_REVERSAL_R01_20260611_143109,delta-asda-b3-e,1591,RTSO|SO|OE|VE|QS|TR,3,0,83697507,600,24,0.10248,23,0.054993,301,49,4270,2391,6000,,600,,,,reversal,transition,0,no_load,both,B4: reversal,servo-app/lab-0.1
1781163105.309443,35.03054594993591,B4_REVERSAL,B4_REVERSAL_R01_20260611_143109,delta-asda-b3-e,1591,RTSO|SO|OE|VE|QS|TR,3,0,83629642,-588,-17,-0.07259,-17,-0.040647,301,49,4270,2391,6000,,600,,,,reversal,transition,0,no_load,both,B4: reversal,servo-app/lab-0.1
1781163105.4101686,35.13127160072327,B4_REVERSAL,B4_REVERSAL_R01_20260611_143109,delta-asda-b3-e,1591,RTSO|SO|OE|VE|QS|TR,3,0,81935052,-601,-17,-0.07259,-16,-0.038256,301,49,4270,2391,6000,,600,,,,reversal,transition,0,no_load,both,B4: reversal,servo-app/lab-0.1
1781163105.5107043,35.231807231903076,B4_REVERSAL,B4_REVERSAL_R01_20260611_143109,delta-asda-b3-e,1591,RTSO|SO|OE|VE|QS|TR,3,0,80257779,-601,-18,-0.07686,-19,-0.045429,301,49,4270,2391,6000,,600,,,,reversal,transition,0,no_load,both,B4: reversal,servo-app/lab-0.1
1781163105.6110876,35.33219051361084,B4_REVERSAL,B4_REVERSAL_R01_20260611_143109,delta-asda-b3-e,1591,RTSO|SO|OE|VE|QS|TR,3,0,78579736,-602,-14,-0.05978,-17,-0.040647,301,49,4270,2391,6000,,600,,,,reversal,transition,0,no_load,both,B4: reversal,servo-app/lab-0.1
1781163105.7115684,35.432671308517456,B4_REVERSAL,B4_REVERSAL_R01_20260611_143109,delta-asda-b3-e,1591,RTSO|SO|OE|VE|QS|TR,3,0,76885187,-601,-18,-0.07686,-17,-0.040647,301,49,4270,2391,6000,,600,,,,reversal,transition,0,no_load,both,B4: reversal,servo-app/lab-0.1
1781163105.8117502,35.53285312652588,B4_REVERSAL,B4_REVERSAL_R01_20260611_143109,delta-asda-b3-e,1591,RTSO|SO|OE|VE|QS|TR,3,0,75207280,-601,-16,-0.06832,-18,-0.043038,301,49,4270,2391,6000,,600,,,,reversal,transition,0,no_load,both,B4: reversal,servo-app/lab-0.1
1781163105.912027,35.633129835128784,B4_REVERSAL,B4_REVERSAL_R01_20260611_143109,delta-asda-b3-e,1591,RTSO|SO|OE|VE|QS|TR,3,0,73529756,-600,-20,-0.0854,-16,-0.038256,301,49,4270,2391,6000,,600,,,,reversal,transition,0,no_load,both,B4: reversal,servo-app/lab-0.1
1781163106.0122538,35.73335671424866,B4_REVERSAL,B4_REVERSAL_R01_20260611_143109,delta-asda-b3-e,1591,RTSO|SO|OE|VE|QS|TR,3,0,71835413,-601,-15,-0.06405,-14,-0.033474,301,49,4270,2391,6000,,600,,,,reversal,transition,0,no_load,both,B4: reversal,servo-app/lab-0.1
1781163106.1124163,35.83351922035217,B4_REVERSAL,B4_REVERSAL_R01_20260611_143109,delta-asda-b3-e,1591,RTSO|SO|OE|VE|QS|TR,3,0,70157564,-601,-19,-0.08113,-19,-0.045429,301,49,4270,2391,6000,,600,,,,reversal,transition,0,no_load,both,B4: reversal,servo-app/lab-0.1
1781163106.2129884,35.934091329574585,B4_REVERSAL,B4_REVERSAL_R01_20260611_143109,delta-asda-b3-e,1591,RTSO|SO|OE|VE|QS|TR,3,0,68462908,-601,-16,-0.06832,-13,-0.031083,301,49,4270,2391,6000,,600,,,,reversal,transition,0,no_load,both,B4: reversal,servo-app/lab-0.1
1781163106.3132765,36.03437948226929,B4_REVERSAL,B4_REVERSAL_R01_20260611_143109,delta-asda-b3-e,1591,RTSO|SO|OE|VE|QS|TR,3,0,66785273,-600,-20,-0.0854,-18,-0.043038,300,49,4270,2391,6000,,600,,,,reversal,transition,0,no_load,both,B4: reversal,servo-app/lab-0.1
1781163106.41395,36.13505291938782,B4_REVERSAL,B4_REVERSAL_R01_20260611_143109,delta-asda-b3-e,1591,RTSO|SO|OE|VE|QS|TR,3,0,65107535,-601,-18,-0.07686,-16,-0.038256,301,49,4270,2391,6000,,600,,,,reversal,transition,0,no_load,both,B4: reversal,servo-app/lab-0.1
1781163106.514015,36.23511791229248,B4_REVERSAL,B4_REVERSAL_R01_20260611_143109,delta-asda-b3-e,1591,RTSO|SO|OE|VE|QS|TR,3,0,63430018,-600,-20,-0.0854,-18,-0.043038,301,49,4270,2391,6000,,600,,,,reversal,transition,0,no_load,both,B4: reversal,servo-app/lab-0.1
1781163106.615222,36.33632493019104,B4_REVERSAL,B4_REVERSAL_R01_20260611_143109,delta-asda-b3-e,1591,RTSO|SO|OE|VE|QS|TR,3,0,61701527,-601,-16,-0.06832,-16,-0.038256,301,49,4270,2391,6000,,600,,,,reversal,transition,0,no_load,both,B4: reversal,servo-app/lab-0.1
1781163106.71569,36.436792850494385,B4_REVERSAL,B4_REVERSAL_R01_20260611_143109,delta-asda-b3-e,1591,RTSO|SO|OE|VE|QS|TR,3,0,60040758,-600,-18,-0.07686,-20,-0.04782,301,49,4270,2391,6000,,600,,,,reversal,transition,0,no_load,both,B4: reversal,servo-app/lab-0.1
1781163106.81628,36.53738284111023,B4_REVERSAL,B4_REVERSAL_R01_20260611_143109,delta-asda-b3-e,1591,RTSO|SO|OE|VE|QS|TR,3,0,58345949,-601,-13,-0.05551,-16,-0.038256,301,49,4270,2391,6000,,600,,,,reversal,transition,0,no_load,both,B4: reversal,servo-app/lab-0.1
1781163106.9165142,36.637617111206055,B4_REVERSAL,B4_REVERSAL_R01_20260611_143109,delta-asda-b3-e,1591,RTSO|SO|OE|VE|QS|TR,3,0,56668651,-600,-21,-0.08967,-21,-0.050211,301,49,4270,2391,6000,,600,,,,reversal,transition,0,no_load,both,B4: reversal,servo-app/lab-0.1
1781163107.0165868,36.73768973350525,B4_REVERSAL,B4_REVERSAL_R01_20260611_143109,delta-asda-b3-e,1591,RTSO|SO|OE|VE|QS|TR,3,0,54990968,-601,-13,-0.05551,-16,-0.038256,301,49,4270,2391,6000,,600,,,,reversal,transition,0,no_load,both,B4: reversal,servo-app/lab-0.1
1781163107.117006,36.83810901641846,B4_REVERSAL,B4_REVERSAL_R01_20260611_143109,delta-asda-b3-e,1591,RTSO|SO|OE|VE|QS|TR,3,0,53313181,-601,-18,-0.07686,-20,-0.04782,301,49,4270,2391,6000,,600,,,,reversal,transition,0,no_load,both,B4: reversal,servo-app/lab-0.1
1781163107.217723,36.938825845718384,B4_REVERSAL,B4_REVERSAL_R01_20260611_143109,delta-asda-b3-e,1591,RTSO|SO|OE|VE|QS|TR,3,0,51618515,-601,-15,-0.06405,-14,-0.033474,301,49,4270,2391,6000,,600,,,,reversal,transition,0,no_load,both,B4: reversal,servo-app/lab-0.1
1781163107.3182318,37.039334774017334,B4_REVERSAL,B4_REVERSAL_R01_20260611_143109,delta-asda-b3-e,1591,RTSO|SO|OE|VE|QS|TR,3,0,49924163,-600,-22,-0.09394,-19,-0.045429,301,49,4270,2391,6000,,600,,,,reversal,transition,0,no_load,both,B4: reversal,servo-app/lab-0.1
1781163107.418561,37.13966393470764,B4_REVERSAL,B4_REVERSAL_R01_20260611_143109,delta-asda-b3-e,1591,RTSO|SO|OE|VE|QS|TR,3,0,48246429,-601,-17,-0.07259,-15,-0.035865,301,49,4270,2391,6000,,600,,,,reversal,transition,0,no_load,both,B4: reversal,servo-app/lab-0.1
1781163107.5186272,37.2397301197052,B4_REVERSAL,B4_REVERSAL_R01_20260611_143109,delta-asda-b3-e,1591,RTSO|SO|OE|VE|QS|TR,3,0,46568850,-601,-19,-0.08113,-17,-0.040647,301,49,4270,2391,6000,,600,,,,reversal,transition,0,no_load,both,B4: reversal,servo-app/lab-0.1
1781163107.6189928,37.34009575843811,B4_REVERSAL,B4_REVERSAL_R01_20260611_143109,delta-asda-b3-e,1591,RTSO|SO|OE|VE|QS|TR,3,0,44890648,-601,-15,-0.06405,-13,-0.031083,301,49,4270,2391,6000,,600,,,,reversal,transition,0,no_load,both,B4: reversal,servo-app/lab-0.1
1781163107.7197976,37.440900564193726,B4_REVERSAL,B4_REVERSAL_R01_20260611_143109,delta-asda-b3-e,1591,RTSO|SO|OE|VE|QS|TR,3,0,43196369,-601,-18,-0.07686,-18,-0.043038,301,49,4270,2391,6000,,600,,,,reversal,transition,0,no_load,both,B4: reversal,servo-app/lab-0.1
1781163107.8202775,37.541380405426025,B4_REVERSAL,B4_REVERSAL_R01_20260611_143109,delta-asda-b3-e,1591,RTSO|SO|OE|VE|QS|TR,3,0,41501438,-601,-15,-0.06405,-15,-0.035865,301,49,4270,2391,6000,,600,,,,reversal,transition,0,no_load,both,B4: reversal,servo-app/lab-0.1
1781163107.9210918,37.642194747924805,B4_REVERSAL,B4_REVERSAL_R01_20260611_143109,delta-asda-b3-e,1591,RTSO|SO|OE|VE|QS|TR,3,0,39807467,-600,-18,-0.07686,-19,-0.045429,301,49,4270,2391,6000,,600,,,,reversal,transition,0,no_load,both,B4: reversal,servo-app/lab-0.1
1781163108.0212543,37.74235725402832,B4_REVERSAL,B4_REVERSAL_R01_20260611_143109,delta-asda-b3-e,1591,RTSO|SO|OE|VE|QS|TR,3,0,38129459,-601,-16,-0.06832,-16,-0.038256,300,49,4270,2391,6000,,600,,,,reversal,transition,0,no_load,both,B4: reversal,servo-app/lab-0.1
1781163108.1216414,37.84274435043335,B4_REVERSAL,B4_REVERSAL_R01_20260611_143109,delta-asda-b3-e,1591,RTSO|SO|OE|VE|QS|TR,3,0,36451863,-600,-21,-0.08967,-20,-0.04782,301,49,4270,2391,6000,,600,,,,reversal,transition,0,no_load,both,B4: reversal,servo-app/lab-0.1
1781163108.22197,37.9430730342865,B4_REVERSAL,B4_REVERSAL_R01_20260611_143109,delta-asda-b3-e,1591,RTSO|SO|OE|VE|QS|TR,3,0,34773881,-601,-14,-0.05978,-14,-0.033474,301,49,4270,2391,6000,,600,,,,reversal,transition,0,no_load,both,B4: reversal,servo-app/lab-0.1
1781163108.3226957,38.04379868507385,B4_REVERSAL,B4_REVERSAL_R01_20260611_143109,delta-asda-b3-e,1591,RTSO|SO|OE|VE|QS|TR,3,0,33079647,-600,-22,-0.09394,-23,-0.054993,301,49,4270,2391,6000,,600,,,,reversal,transition,0,no_load,both,B4: reversal,servo-app/lab-0.1
1781163108.4228327,38.143935680389404,B4_REVERSAL,B4_REVERSAL_R01_20260611_143109,delta-asda-b3-e,1591,RTSO|SO|OE|VE|QS|TR,3,0,31401824,-600,-19,-0.08113,-17,-0.040647,301,49,4270,2391,6000,,600,,,,reversal,transition,0,no_load,both,B4: reversal,servo-app/lab-0.1
1781163108.5240846,38.245187520980835,B4_REVERSAL,B4_REVERSAL_R01_20260611_143109,delta-asda-b3-e,1591,RTSO|SO|OE|VE|QS|TR,3,0,29657161,-601,-23,-0.09821,-20,-0.04782,301,49,4270,2391,6000,,600,,,,reversal,transition,0,no_load,both,B4: reversal,servo-app/lab-0.1
1781163108.6245859,38.345688819885254,B4_REVERSAL,B4_REVERSAL_R01_20260611_143109,delta-asda-b3-e,1591,RTSO|SO|OE|VE|QS|TR,3,0,27928632,-601,-16,-0.06832,-14,-0.033474,301,49,4270,2391,6000,,600,,,,reversal,transition,0,no_load,both,B4: reversal,servo-app/lab-0.1
1781163108.724672,38.44577503204346,B4_REVERSAL,B4_REVERSAL_R01_20260611_143109,delta-asda-b3-e,1591,RTSO|SO|OE|VE|QS|TR,3,0,26335159,-600,-18,-0.07686,-19,-0.045429,301,49,4270,2391,6000,,600,,,,reversal,transition,0,no_load,both,B4: reversal,servo-app/lab-0.1
1781163108.825236,38.54633903503418,B4_REVERSAL,B4_REVERSAL_R01_20260611_143109,delta-asda-b3-e,1591,RTSO|SO|OE|VE|QS|TR,3,0,24640336,-600,-13,-0.05551,-16,-0.038256,301,49,4270,2391,6000,,600,,,,reversal,transition,0,no_load,both,B4: reversal,servo-app/lab-0.1
1781163108.925876,38.64697885513306,B4_REVERSAL,B4_REVERSAL_R01_20260611_143109,delta-asda-b3-e,1591,RTSO|SO|OE|VE|QS|TR,3,0,22946514,-600,-23,-0.09821,-17,-0.040647,301,49,4270,2391,6000,,600,,,,reversal,transition,0,no_load,both,B4: reversal,servo-app/lab-0.1
1781163109.026438,38.74754095077515,B4_REVERSAL,B4_REVERSAL_R01_20260611_143109,delta-asda-b3-e,1591,RTSO|SO|OE|VE|QS|TR,3,0,21268295,-601,-15,-0.06405,-16,-0.038256,301,49,4270,2391,6000,,600,,,,reversal,transition,0,no_load,both,B4: reversal,servo-app/lab-0.1
1781163109.1269205,38.848023414611816,B4_REVERSAL,B4_REVERSAL_R01_20260611_143109,delta-asda-b3-e,1591,RTSO|SO|OE|VE|QS|TR,3,0,19590908,-600,-20,-0.0854,-19,-0.045429,301,49,4270,2391,6000,,600,,,,reversal,transition,0,no_load,both,B4: reversal,servo-app/lab-0.1
1781163109.2274413,38.94854426383972,B4_REVERSAL,B4_REVERSAL_R01_20260611_143109,delta-asda-b3-e,1591,RTSO|SO|OE|VE|QS|TR,3,0,17896059,-601,-16,-0.06832,-13,-0.031083,301,49,4270,2391,6000,,600,,,,reversal,transition,0,no_load,both,B4: reversal,servo-app/lab-0.1
1781163109.327851,39.048954010009766,B4_REVERSAL,B4_REVERSAL_R01_20260611_143109,delta-asda-b3-e,1591,RTSO|SO|OE|VE|QS|TR,3,0,16218710,-600,-19,-0.08113,-19,-0.045429,301,49,4270,2391,6000,,600,,,,reversal,transition,0,no_load,both,B4: reversal,servo-app/lab-0.1
1781163109.4280171,39.14912009239197,B4_REVERSAL,B4_REVERSAL_R01_20260611_143109,delta-asda-b3-e,1591,RTSO|SO|OE|VE|QS|TR,3,0,14540819,-601,-16,-0.06832,-14,-0.033474,301,49,4270,2391,6000,,600,,,,reversal,transition,0,no_load,both,B4: reversal,servo-app/lab-0.1
1781163109.5281453,39.24924826622009,B4_REVERSAL,B4_REVERSAL_R01_20260611_143109,delta-asda-b3-e,1591,RTSO|SO|OE|VE|QS|TR,3,0,12846330,-601,-21,-0.08967,-20,-0.04782,301,49,4270,2391,6000,,600,,,,reversal,transition,0,no_load,both,B4: reversal,servo-app/lab-0.1
1781163109.6284213,39.34952425956726,B4_REVERSAL,B4_REVERSAL_R01_20260611_143109,delta-asda-b3-e,1591,RTSO|SO|OE|VE|QS|TR,3,0,11168254,-601,-15,-0.06405,-16,-0.038256,301,49,4270,2391,6000,,600,,,,reversal,transition,0,no_load,both,B4: reversal,servo-app/lab-0.1
1781163109.7291245,39.45022749900818,B4_REVERSAL,B4_REVERSAL_R01_20260611_143109,delta-asda-b3-e,1591,RTSO|SO|OE|VE|QS|TR,3,0,9490814,-601,-21,-0.08967,-24,-0.057384,301,49,4270,2391,6000,,600,,,,reversal,transition,0,no_load,both,B4: reversal,servo-app/lab-0.1
1781163109.8296366,39.55073952674866,B4_REVERSAL,B4_REVERSAL_R01_20260611_143109,delta-asda-b3-e,1591,RTSO|SO|OE|VE|QS|TR,3,0,7795970,-601,-21,-0.08967,-21,-0.050211,301,49,4270,2391,6000,,600,,,,reversal,transition,0,no_load,both,B4: reversal,servo-app/lab-0.1
1781163109.9300659,39.65116882324219,B4_REVERSAL,B4_REVERSAL_R01_20260611_143109,delta-asda-b3-e,1591,RTSO|SO|OE|VE|QS|TR,3,0,6051580,-601,-19,-0.08113,-18,-0.043038,301,49,4270,2391,6000,,600,,,,reversal,transition,0,no_load,both,B4: reversal,servo-app/lab-0.1
1781163110.030492,39.75159502029419,B4_REVERSAL,B4_REVERSAL_R01_20260611_143109,delta-asda-b3-e,1591,RTSO|SO|OE|VE|QS|TR,3,0,4423759,-601,-17,-0.07259,-16,-0.038256,301,49,4270,2391,6000,,600,,,,reversal,transition,0,no_load,both,B4: reversal,servo-app/lab-0.1
1781163110.1310196,39.85212254524231,B4_REVERSAL,B4_REVERSAL_R01_20260611_143109,delta-asda-b3-e,1591,RTSO|SO|OE|VE|QS|TR,3,0,2729616,-601,-18,-0.07686,-18,-0.043038,301,49,4270,2391,6000,,600,,,,reversal,transition,0,no_load,both,B4: reversal,servo-app/lab-0.1
1781163110.2313926,39.95249557495117,B4_REVERSAL,B4_REVERSAL_R01_20260611_143109,delta-asda-b3-e,1591,RTSO|SO|OE|VE|QS|TR,3,0,1051421,-601,-5,-0.02135,-15,-0.035865,301,49,4270,2391,6000,,600,,,,reversal,transition,0,no_load,both,B4: reversal,servo-app/lab-0.1
1781163110.331827,40.05292987823486,B4_REVERSAL,B4_REVERSAL_R01_20260611_143109,delta-asda-b3-e,1591,RTSO|SO|OE|VE|QS|TR,3,0,1790462,598,16,0.06832,17,0.040647,301,49,4270,2391,6000,,600,,,,reversal,transition,0,no_load,both,B4: reversal,servo-app/lab-0.1
1781163110.4322433,40.15334630012512,B4_REVERSAL,B4_REVERSAL_R01_20260611_143109,delta-asda-b3-e,1591,RTSO|SO|OE|VE|QS|TR,3,0,3485127,600,23,0.09821,24,0.057384,301,49,4270,2391,6000,,600,,,,reversal,transition,0,no_load,both,B4: reversal,servo-app/lab-0.1
1781163110.5327275,40.253830432891846,B4_REVERSAL,B4_REVERSAL_R01_20260611_143109,delta-asda-b3-e,1591,RTSO|SO|OE|VE|QS|TR,3,0,5162635,600,22,0.09394,18,0.043038,301,49,4270,2391,6000,,600,,,,reversal,transition,0,no_load,both,B4: reversal,servo-app/lab-0.1
1781163110.6332257,40.354328632354736,B4_REVERSAL,B4_REVERSAL_R01_20260611_143109,delta-asda-b3-e,1591,RTSO|SO|OE|VE|QS|TR,3,0,6857020,599,19,0.08113,18,0.043038,301,49,4270,2391,6000,,600,,,,reversal,transition,0,no_load,both,B4: reversal,servo-app/lab-0.1
1781163110.733662,40.45476484298706,B4_REVERSAL,B4_REVERSAL_R01_20260611_143109,delta-asda-b3-e,1591,RTSO|SO|OE|VE|QS|TR,3,0,8534482,600,16,0.06832,21,0.050211,301,49,4270,2391,6000,,600,,,,reversal,transition,0,no_load,both,B4: reversal,servo-app/lab-0.1
1781163110.833791,40.5548939704895,B4_REVERSAL,B4_REVERSAL_R01_20260611_143109,delta-asda-b3-e,1591,RTSO|SO|OE|VE|QS|TR,3,0,10212144,599,18,0.07686,18,0.043038,301,49,4270,2391,6000,,600,,,,reversal,transition,0,no_load,both,B4: reversal,servo-app/lab-0.1
1781163110.9340959,40.65519881248474,B4_REVERSAL,B4_REVERSAL_R01_20260611_143109,delta-asda-b3-e,1591,RTSO|SO|OE|VE|QS|TR,3,0,11889929,601,16,0.06832,18,0.043038,301,49,4270,2391,6000,,600,,,,reversal,transition,0,no_load,both,B4: reversal,servo-app/lab-0.1
1781163111.0346782,40.755781173706055,B4_REVERSAL,B4_REVERSAL_R01_20260611_143109,delta-asda-b3-e,1591,RTSO|SO|OE|VE|QS|TR,3,0,13584565,600,20,0.0854,22,0.052602,301,49,4270,2391,6000,,600,,,,reversal,transition,0,no_load,both,B4: reversal,servo-app/lab-0.1
1781163111.1349223,40.85602521896362,B4_REVERSAL,B4_REVERSAL_R01_20260611_143109,delta-asda-b3-e,1591,RTSO|SO|OE|VE|QS|TR,3,0,15262022,600,17,0.07259,18,0.043038,301,49,4270,2391,6000,,600,,,,reversal,transition,0,no_load,both,B4: reversal,servo-app/lab-0.1
1781163111.2350354,40.956138372421265,B4_REVERSAL,B4_REVERSAL_R01_20260611_143109,delta-asda-b3-e,1591,RTSO|SO|OE|VE|QS|TR,3,0,16939812,599,19,0.08113,22,0.052602,301,49,4270,2391,6000,,600,,,,reversal,transition,0,no_load,both,B4: reversal,servo-app/lab-0.1
1781163111.3351724,41.056275367736816,B4_REVERSAL,B4_REVERSAL_R01_20260611_143109,delta-asda-b3-e,1591,RTSO|SO|OE|VE|QS|TR,3,0,18633943,600,19,0.08113,16,0.038256,301,49,4270,2391,6000,,600,,,,reversal,transition,0,no_load,both,B4: reversal,servo-app/lab-0.1
1781163111.4357536,41.156856536865234,B4_REVERSAL,B4_REVERSAL_R01_20260611_143109,delta-asda-b3-e,1591,RTSO|SO|OE|VE|QS|TR,3,0,20311993,600,25,0.10675,21,0.050211,301,49,4270,2391,6000,,600,,,,reversal,transition,0,no_load,both,B4: reversal,servo-app/lab-0.1
1781163111.5358195,41.256922483444214,B4_REVERSAL,B4_REVERSAL_R01_20260611_143109,delta-asda-b3-e,1591,RTSO|SO|OE|VE|QS|TR,3,0,21989658,600,19,0.08113,19,0.045429,301,49,4270,2391,6000,,600,,,,reversal,transition,0,no_load,both,B4: reversal,servo-app/lab-0.1
1781163111.6361926,41.357295513153076,B4_REVERSAL,B4_REVERSAL_R01_20260611_143109,delta-asda-b3-e,1591,RTSO|SO|OE|VE|QS|TR,3,0,23667223,600,20,0.0854,18,0.043038,301,49,4270,2391,6000,,600,,,,reversal,transition,0,no_load,both,B4: reversal,servo-app/lab-0.1
1781163111.7365122,41.45761513710022,B4_REVERSAL,B4_REVERSAL_R01_20260611_143109,delta-asda-b3-e,1591,RTSO|SO|OE|VE|QS|TR,3,0,25361404,600,18,0.07686,15,0.035865,301,49,4270,2391,6000,,600,,,,reversal,transition,0,no_load,both,B4: reversal,servo-app/lab-0.1
1781163111.8369431,41.558046102523804,B4_REVERSAL,B4_REVERSAL_R01_20260611_143109,delta-asda-b3-e,1591,RTSO|SO|OE|VE|QS|TR,3,0,27039074,600,16,0.06832,17,0.040647,302,49,4270,2391,6000,,600,,,,reversal,transition,0,no_load,both,B4: reversal,servo-app/lab-0.1
1781163111.9372556,41.658358573913574,B4_REVERSAL,B4_REVERSAL_R01_20260611_143109,delta-asda-b3-e,1591,RTSO|SO|OE|VE|QS|TR,3,0,28733715,601,16,0.06832,13,0.031083,301,49,4270,2391,6000,,600,,,,reversal,transition,0,no_load,both,B4: reversal,servo-app/lab-0.1
1781163112.0376158,41.758718729019165,B4_REVERSAL,B4_REVERSAL_R01_20260611_143109,delta-asda-b3-e,1591,RTSO|SO|OE|VE|QS|TR,3,0,30411495,600,17,0.07259,23,0.054993,301,49,4270,2391,6000,,600,,,,reversal,transition,0,no_load,both,B4: reversal,servo-app/lab-0.1
1781163112.1377223,41.85882520675659,B4_REVERSAL,B4_REVERSAL_R01_20260611_143109,delta-asda-b3-e,1591,RTSO|SO|OE|VE|QS|TR,3,0,32088989,600,14,0.05978,15,0.035865,301,49,4270,2391,6000,,600,,,,reversal,transition,0,no_load,both,B4: reversal,servo-app/lab-0.1
1781163112.2383485,41.95945143699646,B4_REVERSAL,B4_REVERSAL_R01_20260611_143109,delta-asda-b3-e,1591,RTSO|SO|OE|VE|QS|TR,3,0,33783494,600,17,0.07259,19,0.045429,301,49,4270,2391,6000,,600,,,,reversal,transition,0,no_load,both,B4: reversal,servo-app/lab-0.1
1781163112.3390055,42.06010842323303,B4_REVERSAL,B4_REVERSAL_R01_20260611_143109,delta-asda-b3-e,1591,RTSO|SO|OE|VE|QS|TR,3,0,35461021,600,14,0.05978,17,0.040647,301,49,4270,2391,6000,,600,,,,reversal,transition,0,no_load,both,B4: reversal,servo-app/lab-0.1
1781163112.4393153,42.16041827201843,B4_REVERSAL,B4_REVERSAL_R01_20260611_143109,delta-asda-b3-e,1591,RTSO|SO|OE|VE|QS|TR,3,0,37155860,601,21,0.08967,19,0.045429,301,49,4270,2391,6000,,600,,,,reversal,transition,0,no_load,both,B4: reversal,servo-app/lab-0.1
1781163112.539486,42.26058888435364,B4_REVERSAL,B4_REVERSAL_R01_20260611_143109,delta-asda-b3-e,1591,RTSO|SO|OE|VE|QS|TR,3,0,38833438,600,19,0.08113,18,0.043038,301,49,4270,2391,6000,,600,,,,reversal,transition,0,no_load,both,B4: reversal,servo-app/lab-0.1
1781163112.6399157,42.361018657684326,B4_REVERSAL,B4_REVERSAL_R01_20260611_143109,delta-asda-b3-e,1591,RTSO|SO|OE|VE|QS|TR,3,0,40511019,600,19,0.08113,17,0.040647,301,49,4270,2391,6000,,600,,,,reversal,transition,0,no_load,both,B4: reversal,servo-app/lab-0.1
1781163112.7410207,42.46212363243103,B4_REVERSAL,B4_REVERSAL_R01_20260611_143109,delta-asda-b3-e,1591,RTSO|SO|OE|VE|QS|TR,3,0,42205329,601,14,0.05978,13,0.031083,301,49,4270,2391,6000,,600,,,,reversal,transition,0,no_load,both,B4: reversal,servo-app/lab-0.1
1781163112.8413506,42.562453508377075,B4_REVERSAL,B4_REVERSAL_R01_20260611_143109,delta-asda-b3-e,1591,RTSO|SO|OE|VE|QS|TR,3,0,43899840,601,18,0.07686,20,0.04782,302,49,4270,2391,6000,,600,,,,reversal,transition,0,no_load,both,B4: reversal,servo-app/lab-0.1
1781163112.9416225,42.6627254486084,B4_REVERSAL,B4_REVERSAL_R01_20260611_143109,delta-asda-b3-e,1591,RTSO|SO|OE|VE|QS|TR,3,0,45577708,601,18,0.07686,17,0.040647,301,49,4270,2391,6000,,600,,,,reversal,transition,0,no_load,both,B4: reversal,servo-app/lab-0.1
1781163113.041984,42.763087034225464,B4_REVERSAL,B4_REVERSAL_R01_20260611_143109,delta-asda-b3-e,1591,RTSO|SO|OE|VE|QS|TR,3,0,47255341,600,19,0.08113,21,0.050211,302,49,4270,2391,6000,,600,,,,reversal,transition,0,no_load,both,B4: reversal,servo-app/lab-0.1
1781163113.1430485,42.86415147781372,B4_REVERSAL,B4_REVERSAL_R01_20260611_143109,delta-asda-b3-e,1591,RTSO|SO|OE|VE|QS|TR,3,0,48949773,601,17,0.07259,14,0.033474,301,49,4270,2391,6000,,600,,,,reversal,transition,0,no_load,both,B4: reversal,servo-app/lab-0.1
1781163113.2433348,42.96443772315979,B4_REVERSAL,B4_REVERSAL_R01_20260611_143109,delta-asda-b3-e,1591,RTSO|SO|OE|VE|QS|TR,3,0,50644184,600,17,0.07259,18,0.043038,301,49,4270,2391,6000,,600,,,,reversal,transition,0,no_load,both,B4: reversal,servo-app/lab-0.1
1781163113.3437064,43.06480932235718,B4_REVERSAL,B4_REVERSAL_R01_20260611_143109,delta-asda-b3-e,1591,RTSO|SO|OE|VE|QS|TR,3,0,52321882,601,18,0.07686,17,0.040647,301,49,4270,2391,6000,,600,,,,reversal,transition,0,no_load,both,B4: reversal,servo-app/lab-0.1
1781163113.4438996,43.1650025844574,B4_REVERSAL,B4_REVERSAL_R01_20260611_143109,delta-asda-b3-e,1591,RTSO|SO|OE|VE|QS|TR,3,0,53999783,601,17,0.07259,20,0.04782,301,49,4270,2391,6000,,600,,,,reversal,transition,0,no_load,both,B4: reversal,servo-app/lab-0.1
1781163113.5444837,43.265586614608765,B4_REVERSAL,B4_REVERSAL_R01_20260611_143109,delta-asda-b3-e,1591,RTSO|SO|OE|VE|QS|TR,3,0,55694188,601,18,0.07686,18,0.043038,301,49,4270,2391,6000,,600,,,,reversal,transition,0,no_load,both,B4: reversal,servo-app/lab-0.1
1781163113.6447904,43.36589336395264,B4_REVERSAL,B4_REVERSAL_R01_20260611_143109,delta-asda-b3-e,1591,RTSO|SO|OE|VE|QS|TR,3,0,57455894,601,20,0.0854,18,0.043038,301,49,4270,2391,6000,,600,,,,reversal,transition,0,no_load,both,B4: reversal,servo-app/lab-0.1
1781163113.7453392,43.4664421081543,B4_REVERSAL,B4_REVERSAL_R01_20260611_143109,delta-asda-b3-e,1591,RTSO|SO|OE|VE|QS|TR,3,0,59066058,601,21,0.08967,18,0.043038,301,49,4270,2391,6000,,600,,,,reversal,transition,0,no_load,both,B4: reversal,servo-app/lab-0.1
1781163113.8464596,43.56756258010864,B4_REVERSAL,B4_REVERSAL_R01_20260611_143109,delta-asda-b3-e,1591,RTSO|SO|OE|VE|QS|TR,3,0,60760678,601,16,0.06832,20,0.04782,301,49,4270,2391,6000,,600,,,,reversal,transition,0,no_load,both,B4: reversal,servo-app/lab-0.1
1781163113.9468915,43.66799449920654,B4_REVERSAL,B4_REVERSAL_R01_20260611_143109,delta-asda-b3-e,1591,RTSO|SO|OE|VE|QS|TR,3,0,62438563,602,16,0.06832,16,0.038256,301,49,4270,2391,6000,,600,,,,reversal,transition,0,no_load,both,B4: reversal,servo-app/lab-0.1
1781163114.0474038,43.7685067653656,B4_REVERSAL,B4_REVERSAL_R01_20260611_143109,delta-asda-b3-e,1591,RTSO|SO|OE|VE|QS|TR,3,0,64132878,601,21,0.08967,16,0.038256,301,49,4270,2391,6000,,600,,,,reversal,transition,0,no_load,both,B4: reversal,servo-app/lab-0.1
1781163114.1477222,43.86882519721985,B4_REVERSAL,B4_REVERSAL_R01_20260611_143109,delta-asda-b3-e,1591,RTSO|SO|OE|VE|QS|TR,3,0,65810580,601,19,0.08113,17,0.040647,301,49,4270,2391,6000,,600,,,,reversal,transition,0,no_load,both,B4: reversal,servo-app/lab-0.1
1781163114.2481315,43.969234466552734,B4_REVERSAL,B4_REVERSAL_R01_20260611_143109,delta-asda-b3-e,1591,RTSO|SO|OE|VE|QS|TR,3,0,67488070,601,15,0.06405,15,0.035865,301,49,4270,2391,6000,,600,,,,reversal,transition,0,no_load,both,B4: reversal,servo-app/lab-0.1
1781163114.3486843,44.06978726387024,B4_REVERSAL,B4_REVERSAL_R01_20260611_143109,delta-asda-b3-e,1591,RTSO|SO|OE|VE|QS|TR,3,0,69182778,602,16,0.06832,17,0.040647,301,49,4270,2391,6000,,600,,,,reversal,transition,0,no_load,both,B4: reversal,servo-app/lab-0.1
1781163114.4489138,44.17001676559448,B4_REVERSAL,B4_REVERSAL_R01_20260611_143109,delta-asda-b3-e,1591,RTSO|SO|OE|VE|QS|TR,3,0,70860573,601,17,0.07259,17,0.040647,301,49,4270,2391,6000,,600,,,,reversal,transition,0,no_load,both,B4: reversal,servo-app/lab-0.1
1781163114.5494208,44.2705237865448,B4_REVERSAL,B4_REVERSAL_R01_20260611_143109,delta-asda-b3-e,1591,RTSO|SO|OE|VE|QS|TR,3,0,72554979,601,17,0.07259,18,0.043038,301,49,4270,2391,6000,,600,,,,reversal,transition,0,no_load,both,B4: reversal,servo-app/lab-0.1
1781163114.650381,44.37148404121399,B4_REVERSAL,B4_REVERSAL_R01_20260611_143109,delta-asda-b3-e,1591,RTSO|SO|OE|VE|QS|TR,3,0,74249315,601,21,0.08967,18,0.043038,301,49,4270,2391,6000,,600,,,,reversal,transition,0,no_load,both,B4: reversal,servo-app/lab-0.1
1781163114.7510078,44.472110748291016,B4_REVERSAL,B4_REVERSAL_R01_20260611_143109,delta-asda-b3-e,1591,RTSO|SO|OE|VE|QS|TR,3,0,75926824,601,19,0.08113,20,0.04782,301,49,4270,2391,6000,,600,,,,reversal,transition,0,no_load,both,B4: reversal,servo-app/lab-0.1
1781163114.8515878,44.57269072532654,B4_REVERSAL,B4_REVERSAL_R01_20260611_143109,delta-asda-b3-e,1591,RTSO|SO|OE|VE|QS|TR,3,0,77621476,601,17,0.07259,22,0.052602,301,49,4270,2391,6000,,600,,,,reversal,transition,0,no_load,both,B4: reversal,servo-app/lab-0.1
1781163114.952011,44.67311406135559,B4_REVERSAL,B4_REVERSAL_R01_20260611_143109,delta-asda-b3-e,1591,RTSO|SO|OE|VE|QS|TR,3,0,79299250,601,16,0.06832,19,0.045429,301,49,4270,2391,6000,,600,,,,reversal,transition,0,no_load,both,B4: reversal,servo-app/lab-0.1
1781163115.0524004,44.77350330352783,B4_REVERSAL,B4_REVERSAL_R01_20260611_143109,delta-asda-b3-e,1591,RTSO|SO|OE|VE|QS|TR,3,0,80993552,601,17,0.07259,21,0.050211,301,49,4270,2391,6000,,600,,,,reversal,transition,0,no_load,both,B4: reversal,servo-app/lab-0.1
1781163115.1525805,44.8736834526062,B4_REVERSAL,B4_REVERSAL_R01_20260611_143109,delta-asda-b3-e,1591,RTSO|SO|OE|VE|QS|TR,3,0,82671281,601,18,0.07686,21,0.050211,300,49,4270,2391,6000,,600,,,,reversal,transition,0,no_load,both,B4: reversal,servo-app/lab-0.1
1781163115.2750497,44.99615263938904,B4_REVERSAL,B4_REVERSAL_R01_20260611_143109,delta-asda-b3-e,1591,RTSO|SO|OE|VE|QS|TR,3,0,85455112,590,6,0.02562,5,0.011955,301,49,4270,2391,6000,,600,,,,reversal,transition,0,no_load,both,B4: reversal,servo-app/lab-0.1
1781163115.37563,45.09673285484314,B4_REVERSAL,B4_REVERSAL_R01_20260611_143109,delta-asda-b3-e,567,RTSO|SO|OE|VE|QS,3,0,85186831,-545,-15,-0.06405,-12,-0.028692,300,49,4270,2391,6000,,600,,,,reversal,transition,0,no_load,both,B4: reversal,servo-app/lab-0.1
1781163115.476251,45.19735383987427,B4_REVERSAL,B4_REVERSAL_R01_20260611_143109,delta-asda-b3-e,1591,RTSO|SO|OE|VE|QS|TR,3,0,83508738,-601,-22,-0.09394,-18,-0.043038,300,49,4270,2391,6000,,600,,,,reversal,transition,0,no_load,both,B4: reversal,servo-app/lab-0.1
1781163115.5764966,45.29759955406189,B4_REVERSAL,B4_REVERSAL_R01_20260611_143109,delta-asda-b3-e,1591,RTSO|SO|OE|VE|QS|TR,3,0,81831201,-601,-16,-0.06832,-15,-0.035865,300,49,4270,2391,6000,,600,,,,reversal,transition,0,no_load,both,B4: reversal,servo-app/lab-0.1
1781163115.6770988,45.39820170402527,B4_REVERSAL,B4_REVERSAL_R01_20260611_143109,delta-asda-b3-e,1591,RTSO|SO|OE|VE|QS|TR,3,0,80153690,-601,-19,-0.08113,-18,-0.043038,301,49,4270,2391,6000,,600,,,,reversal,transition,0,no_load,both,B4: reversal,servo-app/lab-0.1
1781163115.7772274,45.49833035469055,B4_REVERSAL,B4_REVERSAL_R01_20260611_143109,delta-asda-b3-e,1591,RTSO|SO|OE|VE|QS|TR,3,0,78458599,-602,-16,-0.06832,-15,-0.035865,301,49,4270,2391,6000,,600,,,,reversal,transition,0,no_load,both,B4: reversal,servo-app/lab-0.1
1781163115.8777227,45.59882569313049,B4_REVERSAL,B4_REVERSAL_R01_20260611_143109,delta-asda-b3-e,1591,RTSO|SO|OE|VE|QS|TR,3,0,76781084,-601,-20,-0.0854,-19,-0.045429,301,49,4270,2391,6000,,600,,,,reversal,transition,0,no_load,both,B4: reversal,servo-app/lab-0.1
1781163115.9781845,45.69928741455078,B4_REVERSAL,B4_REVERSAL_R01_20260611_143109,delta-asda-b3-e,1591,RTSO|SO|OE|VE|QS|TR,3,0,75103028,-602,-14,-0.05978,-14,-0.033474,301,49,4270,2391,6000,,600,,,,reversal,transition,0,no_load,both,B4: reversal,servo-app/lab-0.1
1781163116.0782924,45.79939532279968,B4_REVERSAL,B4_REVERSAL_R01_20260611_143109,delta-asda-b3-e,1591,RTSO|SO|OE|VE|QS|TR,3,0,73408902,-600,-20,-0.0854,-20,-0.04782,301,49,4270,2391,6000,,600,,,,reversal,transition,0,no_load,both,B4: reversal,servo-app/lab-0.1
1781163116.1784601,45.89956307411194,B4_REVERSAL,B4_REVERSAL_R01_20260611_143109,delta-asda-b3-e,1591,RTSO|SO|OE|VE|QS|TR,3,0,71731095,-601,-14,-0.05978,-15,-0.035865,301,49,4270,2391,6000,,600,,,,reversal,transition,0,no_load,both,B4: reversal,servo-app/lab-0.1
1781163116.2789137,46.00001668930054,B4_REVERSAL,B4_REVERSAL_R01_20260611_143109,delta-asda-b3-e,1591,RTSO|SO|OE|VE|QS|TR,3,0,70053382,-601,-19,-0.08113,-20,-0.04782,301,49,4270,2391,6000,,600,,,,reversal,transition,0,no_load,both,B4: reversal,servo-app/lab-0.1
1781163116.379262,46.10036492347717,B4_REVERSAL,B4_REVERSAL_R01_20260611_143109,delta-asda-b3-e,1591,RTSO|SO|OE|VE|QS|TR,3,0,68358630,-601,-19,-0.08113,-18,-0.043038,301,49,4270,2391,6000,,600,,,,reversal,transition,0,no_load,both,B4: reversal,servo-app/lab-0.1
1781163116.4796925,46.2007954120636,B4_REVERSAL,B4_REVERSAL_R01_20260611_143109,delta-asda-b3-e,1591,RTSO|SO|OE|VE|QS|TR,3,0,66681115,-600,-24,-0.10248,-21,-0.050211,301,49,4270,2391,6000,,600,,,,reversal,transition,0,no_load,both,B4: reversal,servo-app/lab-0.1
1781163116.5797558,46.30085873603821,B4_REVERSAL,B4_REVERSAL_R01_20260611_143109,delta-asda-b3-e,1591,RTSO|SO|OE|VE|QS|TR,3,0,65003309,-601,-15,-0.06405,-16,-0.038256,301,49,4270,2391,6000,,600,,,,reversal,transition,0,no_load,both,B4: reversal,servo-app/lab-0.1
1781163116.679936,46.40103888511658,B4_REVERSAL,B4_REVERSAL_R01_20260611_143109,delta-asda-b3-e,1591,RTSO|SO|OE|VE|QS|TR,3,0,63325736,-601,-22,-0.09394,-19,-0.045429,301,49,4270,2391,6000,,600,,,,reversal,transition,0,no_load,both,B4: reversal,servo-app/lab-0.1
1781163116.7804034,46.501506328582764,B4_REVERSAL,B4_REVERSAL_R01_20260611_143109,delta-asda-b3-e,1591,RTSO|SO|OE|VE|QS|TR,3,0,61630781,-601,-17,-0.07259,-16,-0.038256,301,49,4270,2391,6000,,600,,,,reversal,transition,0,no_load,both,B4: reversal,servo-app/lab-0.1
1781163116.880905,46.60200786590576,B4_REVERSAL,B4_REVERSAL_R01_20260611_143109,delta-asda-b3-e,1591,RTSO|SO|OE|VE|QS|TR,3,0,59953349,-600,-25,-0.10675,-22,-0.052602,301,49,4270,2391,6000,,600,,,,reversal,transition,0,no_load,both,B4: reversal,servo-app/lab-0.1
1781163116.9845037,46.70560669898987,B4_REVERSAL,B4_REVERSAL_R01_20260611_143109,delta-asda-b3-e,1591,RTSO|SO|OE|VE|QS|TR,3,0,58208308,-600,-17,-0.07259,-15,-0.035865,301,49,4270,2391,6000,,600,,,,reversal,transition,0,no_load,both,B4: reversal,servo-app/lab-0.1
1781163117.0848432,46.80594611167908,B4_REVERSAL,B4_REVERSAL_R01_20260611_143109,delta-asda-b3-e,1591,RTSO|SO|OE|VE|QS|TR,3,0,56531223,-600,-20,-0.0854,-20,-0.04782,301,49,4270,2391,6000,,600,,,,reversal,transition,0,no_load,both,B4: reversal,servo-app/lab-0.1
1781163117.1851869,46.90628981590271,B4_REVERSAL,B4_REVERSAL_R01_20260611_143109,delta-asda-b3-e,1591,RTSO|SO|OE|VE|QS|TR,3,0,54836341,-601,-15,-0.06405,-13,-0.031083,301,49,4270,2391,6000,,600,,,,reversal,transition,0,no_load,both,B4: reversal,servo-app/lab-0.1
1781163117.2857983,47.006901264190674,B4_REVERSAL,B4_REVERSAL_R01_20260611_143109,delta-asda-b3-e,1591,RTSO|SO|OE|VE|QS|TR,3,0,53041263,-600,-21,-0.08967,-21,-0.050211,301,49,4270,2391,6000,,600,,,,reversal,transition,0,no_load,both,B4: reversal,servo-app/lab-0.1
1781163117.3862007,47.107303619384766,B4_REVERSAL,B4_REVERSAL_R01_20260611_143109,delta-asda-b3-e,1591,RTSO|SO|OE|VE|QS|TR,3,0,51464002,-601,-17,-0.07259,-17,-0.040647,301,49,4270,2391,6000,,600,,,,reversal,transition,0,no_load,both,B4: reversal,servo-app/lab-0.1
1781163117.486483,47.20758605003357,B4_REVERSAL,B4_REVERSAL_R01_20260611_143109,delta-asda-b3-e,1591,RTSO|SO|OE|VE|QS|TR,3,0,49786643,-600,-21,-0.08967,-23,-0.054993,301,49,4270,2391,6000,,600,,,,reversal,transition,0,no_load,both,B4: reversal,servo-app/lab-0.1
1781163117.587031,47.30813384056091,B4_REVERSAL,B4_REVERSAL_R01_20260611_143109,delta-asda-b3-e,1591,RTSO|SO|OE|VE|QS|TR,3,0,48108793,-601,-15,-0.06405,-18,-0.043038,301,49,4270,2391,6000,,600,,,,reversal,transition,0,no_load,both,B4: reversal,servo-app/lab-0.1
1781163117.687132,47.40823483467102,B4_REVERSAL,B4_REVERSAL_R01_20260611_143109,delta-asda-b3-e,1591,RTSO|SO|OE|VE|QS|TR,3,0,46431113,-601,-19,-0.08113,-19,-0.045429,301,49,4270,2391,6000,,600,,,,reversal,transition,0,no_load,both,B4: reversal,servo-app/lab-0.1
1781163117.7877202,47.50882315635681,B4_REVERSAL,B4_REVERSAL_R01_20260611_143109,delta-asda-b3-e,1591,RTSO|SO|OE|VE|QS|TR,3,0,44736093,-601,-15,-0.06405,-19,-0.045429,301,49,4270,2391,6000,,600,,,,reversal,transition,0,no_load,both,B4: reversal,servo-app/lab-0.1
1781163117.8879516,47.60905456542969,B4_REVERSAL,B4_REVERSAL_R01_20260611_143109,delta-asda-b3-e,1591,RTSO|SO|OE|VE|QS|TR,3,0,43058683,-601,-20,-0.0854,-18,-0.043038,301,49,4270,2391,6000,,600,,,,reversal,transition,0,no_load,both,B4: reversal,servo-app/lab-0.1
1781163117.988546,47.709648847579956,B4_REVERSAL,B4_REVERSAL_R01_20260611_143109,delta-asda-b3-e,1591,RTSO|SO|OE|VE|QS|TR,3,0,41363833,-601,-14,-0.05978,-14,-0.033474,301,49,4270,2391,6000,,600,,,,reversal,transition,0,no_load,both,B4: reversal,servo-app/lab-0.1
1781163118.0888653,47.80996823310852,B4_REVERSAL,B4_REVERSAL_R01_20260611_143109,delta-asda-b3-e,1591,RTSO|SO|OE|VE|QS|TR,3,0,39686751,-600,-18,-0.07686,-19,-0.045429,301,49,4270,2391,6000,,600,,,,reversal,transition,0,no_load,both,B4: reversal,servo-app/lab-0.1
1781163118.189005,47.91010785102844,B4_REVERSAL,B4_REVERSAL_R01_20260611_143109,delta-asda-b3-e,1591,RTSO|SO|OE|VE|QS|TR,3,0,38008503,-601,-21,-0.08967,-15,-0.035865,301,49,4270,2391,6000,,600,,,,reversal,transition,0,no_load,both,B4: reversal,servo-app/lab-0.1
1781163118.2897446,48.01084756851196,B4_REVERSAL,B4_REVERSAL_R01_20260611_143109,delta-asda-b3-e,1591,RTSO|SO|OE|VE|QS|TR,3,0,36314331,-600,-19,-0.08113,-17,-0.040647,301,49,4270,2391,6000,,600,,,,reversal,transition,0,no_load,both,B4: reversal,servo-app/lab-0.1
1781163118.3900483,48.11115121841431,B4_REVERSAL,B4_REVERSAL_R01_20260611_143109,delta-asda-b3-e,1591,RTSO|SO|OE|VE|QS|TR,3,0,34636178,-601,-21,-0.08967,-17,-0.040647,301,49,4270,2391,6000,,600,,,,reversal,transition,0,no_load,both,B4: reversal,servo-app/lab-0.1
1781163118.4914315,48.21253442764282,B4_REVERSAL,B4_REVERSAL_R01_20260611_143109,delta-asda-b3-e,1591,RTSO|SO|OE|VE|QS|TR,3,0,32925371,-600,-20,-0.0854,-19,-0.045429,301,49,4270,2391,6000,,600,,,,reversal,transition,0,no_load,both,B4: reversal,servo-app/lab-0.1
1781163118.5916727,48.31277561187744,B4_REVERSAL,B4_REVERSAL_R01_20260611_143109,delta-asda-b3-e,1591,RTSO|SO|OE|VE|QS|TR,3,0,31247347,-601,-17,-0.07259,-15,-0.035865,301,49,4270,2391,6000,,600,,,,reversal,transition,0,no_load,both,B4: reversal,servo-app/lab-0.1
1781163118.692212,48.41331505775452,B4_REVERSAL,B4_REVERSAL_R01_20260611_143109,delta-asda-b3-e,1591,RTSO|SO|OE|VE|QS|TR,3,0,29569660,-601,-19,-0.08113,-17,-0.040647,301,49,4270,2391,6000,,600,,,,reversal,transition,0,no_load,both,B4: reversal,servo-app/lab-0.1
1781163118.7933815,48.51448440551758,B4_REVERSAL,B4_REVERSAL_R01_20260611_143109,delta-asda-b3-e,1591,RTSO|SO|OE|VE|QS|TR,3,0,27874833,-601,-17,-0.07259,-15,-0.035865,302,49,4270,2391,6000,,600,,,,reversal,transition,0,no_load,both,B4: reversal,servo-app/lab-0.1
1781163118.8935719,48.61467480659485,B4_REVERSAL,B4_REVERSAL_R01_20260611_143109,delta-asda-b3-e,1591,RTSO|SO|OE|VE|QS|TR,3,0,26180579,-601,-18,-0.07686,-18,-0.043038,301,49,4270,2391,6000,,600,,,,reversal,transition,0,no_load,both,B4: reversal,servo-app/lab-0.1
1781163118.9940877,48.71519064903259,B4_REVERSAL,B4_REVERSAL_R01_20260611_143109,delta-asda-b3-e,1591,RTSO|SO|OE|VE|QS|TR,3,0,24502688,-600,-17,-0.07259,-18,-0.043038,301,49,4270,2391,6000,,600,,,,reversal,transition,0,no_load,both,B4: reversal,servo-app/lab-0.1
1781163119.0946867,48.81578969955444,B4_REVERSAL,B4_REVERSAL_R01_20260611_143109,delta-asda-b3-e,1591,RTSO|SO|OE|VE|QS|TR,3,0,22707925,-600,-17,-0.07259,-19,-0.045429,301,49,4270,2391,6000,,600,,,,reversal,transition,0,no_load,both,B4: reversal,servo-app/lab-0.1
1781163119.1953478,48.91645073890686,B4_REVERSAL,B4_REVERSAL_R01_20260611_143109,delta-asda-b3-e,1591,RTSO|SO|OE|VE|QS|TR,3,0,21113667,-601,-18,-0.07686,-18,-0.043038,301,49,4270,2391,6000,,600,,,,reversal,transition,0,no_load,both,B4: reversal,servo-app/lab-0.1
1781163119.2959683,49.01707124710083,B4_REVERSAL,B4_REVERSAL_R01_20260611_143109,delta-asda-b3-e,1591,RTSO|SO|OE|VE|QS|TR,3,0,19453117,-600,-23,-0.09821,-20,-0.04782,302,49,4270,2391,6000,,600,,,,reversal,transition,0,no_load,both,B4: reversal,servo-app/lab-0.1
1781163119.3960693,49.11717224121094,B4_REVERSAL,B4_REVERSAL_R01_20260611_143109,delta-asda-b3-e,1591,RTSO|SO|OE|VE|QS|TR,3,0,17758220,-601,-21,-0.08967,-22,-0.052602,301,49,4270,2391,6000,,600,,,,reversal,transition,0,no_load,both,B4: reversal,servo-app/lab-0.1
1781163119.49678,49.21788287162781,B4_REVERSAL,B4_REVERSAL_R01_20260611_143109,delta-asda-b3-e,1591,RTSO|SO|OE|VE|QS|TR,3,0,16064200,-600,-21,-0.08967,-19,-0.045429,301,49,4270,2391,6000,,600,,,,reversal,transition,0,no_load,both,B4: reversal,servo-app/lab-0.1
1781163119.5971282,49.31823110580444,B4_REVERSAL,B4_REVERSAL_R01_20260611_143109,delta-asda-b3-e,1591,RTSO|SO|OE|VE|QS|TR,3,0,14386059,-601,-20,-0.0854,-17,-0.040647,301,49,4270,2391,6000,,600,,,,reversal,transition,0,no_load,both,B4: reversal,servo-app/lab-0.1
1781163119.6981978,49.41930079460144,B4_REVERSAL,B4_REVERSAL_R01_20260611_143109,delta-asda-b3-e,1591,RTSO|SO|OE|VE|QS|TR,3,0,12691646,-600,-21,-0.08967,-18,-0.043038,301,49,4270,2391,6000,,600,,,,reversal,transition,0,no_load,both,B4: reversal,servo-app/lab-0.1
1781163119.7990541,49.52015709877014,B4_REVERSAL,B4_REVERSAL_R01_20260611_143109,delta-asda-b3-e,1591,RTSO|SO|OE|VE|QS|TR,3,0,10996848,-600,-23,-0.09821,-23,-0.054993,302,49,4270,2391,6000,,600,,,,reversal,transition,0,no_load,both,B4: reversal,servo-app/lab-0.1
1781163119.8994184,49.62052130699158,B4_REVERSAL,B4_REVERSAL_R01_20260611_143109,delta-asda-b3-e,1591,RTSO|SO|OE|VE|QS|TR,3,0,9302702,-600,-18,-0.07686,-20,-0.04782,301,49,4270,2391,6000,,600,,,,reversal,transition,0,no_load,both,B4: reversal,servo-app/lab-0.1
1781163120.0000546,49.72115755081177,B4_REVERSAL,B4_REVERSAL_R01_20260611_143109,delta-asda-b3-e,1591,RTSO|SO|OE|VE|QS|TR,3,0,7624891,-600,-26,-0.11102,-24,-0.057384,301,49,4270,2391,6000,,600,,,,reversal,transition,0,no_load,both,B4: reversal,servo-app/lab-0.1
1781163120.1004295,49.82153248786926,B4_REVERSAL,B4_REVERSAL_R01_20260611_143109,delta-asda-b3-e,1591,RTSO|SO|OE|VE|QS|TR,3,0,5930691,-600,-17,-0.07259,-16,-0.038256,301,49,4270,2391,6000,,600,,,,reversal,transition,0,no_load,both,B4: reversal,servo-app/lab-0.1
1781163120.2012162,49.922319173812866,B4_REVERSAL,B4_REVERSAL_R01_20260611_143109,delta-asda-b3-e,1591,RTSO|SO|OE|VE|QS|TR,3,0,4235929,-600,-20,-0.0854,-17,-0.040647,301,49,4270,2391,6000,,600,,,,reversal,transition,0,no_load,both,B4: reversal,servo-app/lab-0.1
1781163120.3016796,50.02278256416321,B4_REVERSAL,B4_REVERSAL_R01_20260611_143109,delta-asda-b3-e,1591,RTSO|SO|OE|VE|QS|TR,3,0,2558544,-600,-19,-0.08113,-24,-0.057384,301,49,4270,2391,6000,,600,,,,reversal,transition,0,no_load,both,B4: reversal,servo-app/lab-0.1
1781163120.4024274,50.12353038787842,B4_REVERSAL,B4_REVERSAL_R01_20260611_143109,delta-asda-b3-e,1591,RTSO|SO|OE|VE|QS|TR,3,0,2744235,591,15,0.06405,17,0.040647,301,49,4270,2391,6000,,600,,,,reversal,transition,0,no_load,both,B4: reversal,servo-app/lab-0.1
1781163120.5058022,50.22690510749817,B4_REVERSAL,B4_REVERSAL_R01_20260611_143109,delta-asda-b3-e,1591,RTSO|SO|OE|VE|QS|TR,3,0,4471703,599,23,0.09821,26,0.062166,301,49,4270,2391,6000,,600,,,,reversal,transition,0,no_load,both,B4: reversal,servo-app/lab-0.1
1781163120.6060278,50.32713079452515,B4_REVERSAL,B4_REVERSAL_R01_20260611_143109,delta-asda-b3-e,1591,RTSO|SO|OE|VE|QS|TR,3,0,6149428,600,18,0.07686,18,0.043038,301,49,4270,2391,6000,,600,,,,reversal,transition,0,no_load,both,B4: reversal,servo-app/lab-0.1
1781163120.7065113,50.42761421203613,B4_REVERSAL,B4_REVERSAL_R01_20260611_143109,delta-asda-b3-e,1591,RTSO|SO|OE|VE|QS|TR,3,0,7843691,599,32,0.13664,27,0.064557,301,49,4270,2391,6000,,600,,,,reversal,transition,0,no_load,both,B4: reversal,servo-app/lab-0.1
1781163120.8071992,50.52830219268799,B4_REVERSAL,B4_REVERSAL_R01_20260611_143109,delta-asda-b3-e,1591,RTSO|SO|OE|VE|QS|TR,3,0,9538342,599,19,0.08113,20,0.04782,301,49,4270,2391,6000,,600,,,,reversal,transition,0,no_load,both,B4: reversal,servo-app/lab-0.1
1781163120.9075263,50.628629207611084,B4_REVERSAL,B4_REVERSAL_R01_20260611_143109,delta-asda-b3-e,1591,RTSO|SO|OE|VE|QS|TR,3,0,11215616,599,26,0.11102,25,0.059775,301,49,4270,2391,6000,,600,,,,reversal,transition,0,no_load,both,B4: reversal,servo-app/lab-0.1
1781163121.0081718,50.72927474975586,B4_REVERSAL,B4_REVERSAL_R01_20260611_143109,delta-asda-b3-e,1591,RTSO|SO|OE|VE|QS|TR,3,0,12893578,599,19,0.08113,19,0.045429,301,49,4270,2391,6000,,600,,,,reversal,transition,0,no_load,both,B4: reversal,servo-app/lab-0.1
1781163121.1083539,50.82945680618286,B4_REVERSAL,B4_REVERSAL_R01_20260611_143109,delta-asda-b3-e,1591,RTSO|SO|OE|VE|QS|TR,3,0,14570911,599,21,0.08967,22,0.052602,300,49,4270,2391,6000,,600,,,,reversal,transition,0,no_load,both,B4: reversal,servo-app/lab-0.1
1781163121.208611,50.92971396446228,B4_REVERSAL,B4_REVERSAL_R01_20260611_143109,delta-asda-b3-e,1591,RTSO|SO|OE|VE|QS|TR,3,0,16266054,599,22,0.09394,17,0.040647,300,49,4270,2391,6000,,600,,,,reversal,transition,0,no_load,both,B4: reversal,servo-app/lab-0.1
1781163121.3090754,51.03017830848694,B4_REVERSAL,B4_REVERSAL_R01_20260611_143109,delta-asda-b3-e,1591,RTSO|SO|OE|VE|QS|TR,3,0,17943180,598,21,0.08967,21,0.050211,301,49,4270,2391,6000,,600,,,,reversal,transition,0,no_load,both,B4: reversal,servo-app/lab-0.1
1781163121.409622,51.13072490692139,B4_REVERSAL,B4_REVERSAL_R01_20260611_143109,delta-asda-b3-e,1591,RTSO|SO|OE|VE|QS|TR,3,0,19637913,599,21,0.08967,20,0.04782,301,49,4270,2391,6000,,600,,,,reversal,transition,0,no_load,both,B4: reversal,servo-app/lab-0.1
1781163121.5100014,51.231104373931885,B4_REVERSAL,B4_REVERSAL_R01_20260611_143109,delta-asda-b3-e,1591,RTSO|SO|OE|VE|QS|TR,3,0,21298391,598,24,0.10248,25,0.059775,301,49,4270,2391,6000,,600,,,,reversal,transition,0,no_load,both,B4: reversal,servo-app/lab-0.1
1781163121.6104977,51.33160066604614,B4_REVERSAL,B4_REVERSAL_R01_20260611_143109,delta-asda-b3-e,1591,RTSO|SO|OE|VE|QS|TR,3,0,23009893,599,17,0.07259,17,0.040647,301,49,4270,2391,6000,,600,,,,reversal,transition,0,no_load,both,B4: reversal,servo-app/lab-0.1
1781163121.7109525,51.43205547332764,B4_REVERSAL,B4_REVERSAL_R01_20260611_143109,delta-asda-b3-e,1591,RTSO|SO|OE|VE|QS|TR,3,0,24687212,598,26,0.11102,24,0.057384,301,49,4270,2391,6000,,600,,,,reversal,transition,0,no_load,both,B4: reversal,servo-app/lab-0.1
1781163121.8111107,51.53221368789673,B4_REVERSAL,B4_REVERSAL_R01_20260611_143109,delta-asda-b3-e,1591,RTSO|SO|OE|VE|QS|TR,3,0,26365106,598,19,0.08113,17,0.040647,301,49,4270,2391,6000,,600,,,,reversal,transition,0,no_load,both,B4: reversal,servo-app/lab-0.1
1781163121.9120026,51.633105516433716,B4_REVERSAL,B4_REVERSAL_R01_20260611_143109,delta-asda-b3-e,1591,RTSO|SO|OE|VE|QS|TR,3,0,28059014,598,26,0.11102,27,0.064557,300,49,4270,2391,6000,,600,,,,reversal,transition,0,no_load,both,B4: reversal,servo-app/lab-0.1
1781163122.012464,51.733566999435425,B4_REVERSAL,B4_REVERSAL_R01_20260611_143109,delta-asda-b3-e,1591,RTSO|SO|OE|VE|QS|TR,3,0,29753623,598,17,0.07259,19,0.045429,300,49,4270,2391,6000,,600,,,,reversal,transition,0,no_load,both,B4: reversal,servo-app/lab-0.1
1781163122.112944,51.834046840667725,B4_REVERSAL,B4_REVERSAL_R01_20260611_143109,delta-asda-b3-e,1591,RTSO|SO|OE|VE|QS|TR,3,0,31431121,599,24,0.10248,24,0.057384,300,49,4270,2391,6000,,600,,,,reversal,transition,0,no_load,both,B4: reversal,servo-app/lab-0.1
1781163122.2134864,51.93458938598633,B4_REVERSAL,B4_REVERSAL_R01_20260611_143109,delta-asda-b3-e,1591,RTSO|SO|OE|VE|QS|TR,3,0,33126121,599,21,0.08967,18,0.043038,301,49,4270,2391,6000,,600,,,,reversal,transition,0,no_load,both,B4: reversal,servo-app/lab-0.1
1781163122.313923,52.03502583503723,B4_REVERSAL,B4_REVERSAL_R01_20260611_143109,delta-asda-b3-e,1591,RTSO|SO|OE|VE|QS|TR,3,0,34803249,598,24,0.10248,21,0.050211,300,49,4270,2391,6000,,600,,,,reversal,transition,0,no_load,both,B4: reversal,servo-app/lab-0.1
1781163122.4143708,52.13547372817993,B4_REVERSAL,B4_REVERSAL_R01_20260611_143109,delta-asda-b3-e,1591,RTSO|SO|OE|VE|QS|TR,3,0,36497999,598,24,0.10248,22,0.052602,300,49,4270,2391,6000,,600,,,,reversal,transition,0,no_load,both,B4: reversal,servo-app/lab-0.1
1781163122.5148778,52.23598074913025,B4_REVERSAL,B4_REVERSAL_R01_20260611_143109,delta-asda-b3-e,1591,RTSO|SO|OE|VE|QS|TR,3,0,38175124,598,18,0.07686,18,0.043038,300,49,4270,2391,6000,,600,,,,reversal,transition,0,no_load,both,B4: reversal,servo-app/lab-0.1
1781163122.6154814,52.3365843296051,B4_REVERSAL,B4_REVERSAL_R01_20260611_143109,delta-asda-b3-e,1591,RTSO|SO|OE|VE|QS|TR,3,0,39870173,599,18,0.07686,15,0.035865,300,49,4270,2391,6000,,600,,,,reversal,transition,0,no_load,both,B4: reversal,servo-app/lab-0.1
1781163122.7157464,52.43684935569763,B4_REVERSAL,B4_REVERSAL_R01_20260611_143109,delta-asda-b3-e,1591,RTSO|SO|OE|VE|QS|TR,3,0,41547366,598,26,0.11102,28,0.066948,300,49,4270,2391,6000,,600,,,,reversal,transition,0,no_load,both,B4: reversal,servo-app/lab-0.1
1781163122.8162117,52.537314653396606,B4_REVERSAL,B4_REVERSAL_R01_20260611_143109,delta-asda-b3-e,1591,RTSO|SO|OE|VE|QS|TR,3,0,43242036,599,15,0.06405,17,0.040647,301,49,4270,2391,6000,,600,,,,reversal,transition,0,no_load,both,B4: reversal,servo-app/lab-0.1
1781163122.9166367,52.63773965835571,B4_REVERSAL,B4_REVERSAL_R01_20260611_143109,delta-asda-b3-e,1591,RTSO|SO|OE|VE|QS|TR,3,0,44919230,598,19,0.08113,29,0.069339,301,49,4270,2391,6000,,600,,,,reversal,transition,0,no_load,both,B4: reversal,servo-app/lab-0.1
1781163123.0170257,52.738128662109375,B4_REVERSAL,B4_REVERSAL_R01_20260611_143109,delta-asda-b3-e,1591,RTSO|SO|OE|VE|QS|TR,3,0,46630782,599,20,0.0854,21,0.050211,300,49,4270,2391,6000,,600,,,,reversal,transition,0,no_load,both,B4: reversal,servo-app/lab-0.1
1781163123.117228,52.8383309841156,B4_REVERSAL,B4_REVERSAL_R01_20260611_143109,delta-asda-b3-e,1591,RTSO|SO|OE|VE|QS|TR,3,0,48291603,599,19,0.08113,25,0.059775,301,49,4270,2391,6000,,600,,,,reversal,transition,0,no_load,both,B4: reversal,servo-app/lab-0.1
1781163123.2174342,52.93853712081909,B4_REVERSAL,B4_REVERSAL_R01_20260611_143109,delta-asda-b3-e,1591,RTSO|SO|OE|VE|QS|TR,3,0,49969780,599,17,0.07259,18,0.043038,301,49,4270,2391,6000,,600,,,,reversal,transition,0,no_load,both,B4: reversal,servo-app/lab-0.1
1781163123.3182254,53.0393283367157,B4_REVERSAL,B4_REVERSAL_R01_20260611_143109,delta-asda-b3-e,1591,RTSO|SO|OE|VE|QS|TR,3,0,51663672,599,19,0.08113,20,0.04782,301,49,4270,2391,6000,,600,,,,reversal,transition,0,no_load,both,B4: reversal,servo-app/lab-0.1
1781163123.4185555,53.13965845108032,B4_REVERSAL,B4_REVERSAL_R01_20260611_143109,delta-asda-b3-e,1591,RTSO|SO|OE|VE|QS|TR,3,0,53341655,599,22,0.09394,25,0.059775,301,49,4270,2391,6000,,600,,,,reversal,transition,0,no_load,both,B4: reversal,servo-app/lab-0.1
1781163123.5196922,53.24079513549805,B4_REVERSAL,B4_REVERSAL_R01_20260611_143109,delta-asda-b3-e,1591,RTSO|SO|OE|VE|QS|TR,3,0,55035620,599,20,0.0854,23,0.054993,301,49,4270,2391,6000,,600,,,,reversal,transition,0,no_load,both,B4: reversal,servo-app/lab-0.1
1781163123.6199465,53.34104943275452,B4_REVERSAL,B4_REVERSAL_R01_20260611_143109,delta-asda-b3-e,1591,RTSO|SO|OE|VE|QS|TR,3,0,56713935,600,17,0.07259,16,0.038256,301,49,4270,2391,6000,,600,,,,reversal,transition,0,no_load,both,B4: reversal,servo-app/lab-0.1
1781163123.7204704,53.44157338142395,B4_REVERSAL,B4_REVERSAL_R01_20260611_143109,delta-asda-b3-e,1591,RTSO|SO|OE|VE|QS|TR,3,0,58407821,599,19,0.08113,21,0.050211,301,49,4270,2391,6000,,600,,,,reversal,transition,0,no_load,both,B4: reversal,servo-app/lab-0.1
1781163123.8210344,53.54213738441467,B4_REVERSAL,B4_REVERSAL_R01_20260611_143109,delta-asda-b3-e,1591,RTSO|SO|OE|VE|QS|TR,3,0,60085756,599,16,0.06832,14,0.033474,301,49,4270,2391,6000,,600,,,,reversal,transition,0,no_load,both,B4: reversal,servo-app/lab-0.1
1781163123.9215417,53.64264464378357,B4_REVERSAL,B4_REVERSAL_R01_20260611_143109,delta-asda-b3-e,1591,RTSO|SO|OE|VE|QS|TR,3,0,61779732,599,18,0.07686,19,0.045429,301,49,4270,2391,6000,,600,,,,reversal,transition,0,no_load,both,B4: reversal,servo-app/lab-0.1
1781163124.0219104,53.74301338195801,B4_REVERSAL,B4_REVERSAL_R01_20260611_143109,delta-asda-b3-e,1591,RTSO|SO|OE|VE|QS|TR,3,0,63457777,600,17,0.07259,17,0.040647,301,49,4270,2391,6000,,600,,,,reversal,transition,0,no_load,both,B4: reversal,servo-app/lab-0.1
1781163124.1225643,53.84366726875305,B4_REVERSAL,B4_REVERSAL_R01_20260611_143109,delta-asda-b3-e,1591,RTSO|SO|OE|VE|QS|TR,3,0,65202706,600,19,0.08113,18,0.043038,301,49,4270,2391,6000,,600,,,,reversal,transition,0,no_load,both,B4: reversal,servo-app/lab-0.1
1781163124.2227445,53.94384741783142,B4_REVERSAL,B4_REVERSAL_R01_20260611_143109,delta-asda-b3-e,1591,RTSO|SO|OE|VE|QS|TR,3,0,66830223,599,16,0.06832,16,0.038256,301,49,4270,2391,6000,,600,,,,reversal,transition,0,no_load,both,B4: reversal,servo-app/lab-0.1
1781163124.3229873,54.044090270996094,B4_REVERSAL,B4_REVERSAL_R01_20260611_143109,delta-asda-b3-e,1591,RTSO|SO|OE|VE|QS|TR,3,0,68524276,600,22,0.09394,19,0.045429,301,49,4270,2391,6000,,600,,,,reversal,transition,0,no_load,both,B4: reversal,servo-app/lab-0.1
1781163124.423111,54.144213914871216,B4_REVERSAL,B4_REVERSAL_R01_20260611_143109,delta-asda-b3-e,1591,RTSO|SO|OE|VE|QS|TR,3,0,70185358,599,21,0.08967,23,0.054993,301,49,4270,2391,6000,,600,,,,reversal,transition,0,no_load,both,B4: reversal,servo-app/lab-0.1
1781163124.5237222,54.2448251247406,B4_REVERSAL,B4_REVERSAL_R01_20260611_143109,delta-asda-b3-e,1591,RTSO|SO|OE|VE|QS|TR,3,0,71879478,600,20,0.0854,18,0.043038,301,49,4270,2391,6000,,600,,,,reversal,transition,0,no_load,both,B4: reversal,servo-app/lab-0.1
1781163124.6240764,54.345179319381714,B4_REVERSAL,B4_REVERSAL_R01_20260611_143109,delta-asda-b3-e,1591,RTSO|SO|OE|VE|QS|TR,3,0,73557717,600,21,0.08967,16,0.038256,301,49,4270,2391,6000,,600,,,,reversal,transition,0,no_load,both,B4: reversal,servo-app/lab-0.1
1781163124.7246552,54.44575810432434,B4_REVERSAL,B4_REVERSAL_R01_20260611_143109,delta-asda-b3-e,1591,RTSO|SO|OE|VE|QS|TR,3,0,75251594,600,17,0.07259,17,0.040647,301,49,4270,2391,6000,,600,,,,reversal,transition,0,no_load,both,B4: reversal,servo-app/lab-0.1
1781163124.8248138,54.54591679573059,B4_REVERSAL,B4_REVERSAL_R01_20260611_143109,delta-asda-b3-e,1591,RTSO|SO|OE|VE|QS|TR,3,0,76929576,600,21,0.08967,21,0.050211,301,49,4270,2391,6000,,600,,,,reversal,transition,0,no_load,both,B4: reversal,servo-app/lab-0.1
1781163124.925189,54.646291971206665,B4_REVERSAL,B4_REVERSAL_R01_20260611_143109,delta-asda-b3-e,1591,RTSO|SO|OE|VE|QS|TR,3,0,78606734,600,16,0.06832,19,0.045429,301,49,4270,2391,6000,,600,,,,reversal,transition,0,no_load,both,B4: reversal,servo-app/lab-0.1
1781163125.0262208,54.747323751449585,B4_REVERSAL,B4_REVERSAL_R01_20260611_143109,delta-asda-b3-e,1591,RTSO|SO|OE|VE|QS|TR,3,0,80301708,600,21,0.08967,18,0.043038,301,49,4270,2391,6000,,600,,,,reversal,transition,0,no_load,both,B4: reversal,servo-app/lab-0.1
1781163125.1270795,54.84818243980408,B4_REVERSAL,B4_REVERSAL_R01_20260611_143109,delta-asda-b3-e,1591,RTSO|SO|OE|VE|QS|TR,3,0,81996152,601,20,0.0854,18,0.043038,301,49,4270,2391,6000,,600,,,,reversal,transition,0,no_load,both,B4: reversal,servo-app/lab-0.1
1781163125.2275832,54.94868612289429,B4_REVERSAL,B4_REVERSAL_R01_20260611_143109,delta-asda-b3-e,1591,RTSO|SO|OE|VE|QS|TR,3,0,83690917,600,19,0.08113,16,0.038256,301,49,4270,2391,6000,,600,,,,reversal,transition,0,no_load,both,B4: reversal,servo-app/lab-0.1
1781163125.3286371,55.04974007606506,B4_REVERSAL,B4_REVERSAL_R01_20260611_143109,delta-asda-b3-e,1591,RTSO|SO|OE|VE|QS|TR,3,0,85383631,583,7,0.02989,8,0.019128,301,49,4270,2391,6000,,600,,,,reversal,transition,0,no_load,both,B4: reversal,servo-app/lab-0.1
1781163125.4299119,55.15101480484009,B4_REVERSAL,B4_REVERSAL_R01_20260611_143109,delta-asda-b3-e,1591,RTSO|SO|OE|VE|QS|TR,3,0,84361588,-599,-19,-0.08113,-17,-0.040647,300,49,4270,2391,6000,,600,,,,reversal,transition,0,no_load,both,B4: reversal,servo-app/lab-0.1
1781163125.5302372,55.25134015083313,B4_REVERSAL,B4_REVERSAL_R01_20260611_143109,delta-asda-b3-e,1591,RTSO|SO|OE|VE|QS|TR,3,0,82684049,-600,-18,-0.07686,-17,-0.040647,301,49,4270,2391,6000,,600,,,,reversal,transition,0,no_load,both,B4: reversal,servo-app/lab-0.1
1781163125.631062,55.35216498374939,B4_REVERSAL,B4_REVERSAL_R01_20260611_143109,delta-asda-b3-e,1591,RTSO|SO|OE|VE|QS|TR,3,0,80989382,-600,-19,-0.08113,-17,-0.040647,301,49,4270,2391,6000,,600,,,,reversal,transition,0,no_load,both,B4: reversal,servo-app/lab-0.1
1781163125.7312748,55.452377796173096,B4_REVERSAL,B4_REVERSAL_R01_20260611_143109,delta-asda-b3-e,1591,RTSO|SO|OE|VE|QS|TR,3,0,79311862,-600,-24,-0.10248,-24,-0.057384,301,49,4270,2391,6000,,600,,,,reversal,transition,0,no_load,both,B4: reversal,servo-app/lab-0.1
1781163125.83194,55.55304288864136,B4_REVERSAL,B4_REVERSAL_R01_20260611_143109,delta-asda-b3-e,1591,RTSO|SO|OE|VE|QS|TR,3,0,77617188,-600,-19,-0.08113,-16,-0.038256,301,49,4270,2391,6000,,600,,,,reversal,transition,0,no_load,both,B4: reversal,servo-app/lab-0.1
1781163125.9320116,55.653114557266235,B4_REVERSAL,B4_REVERSAL_R01_20260611_143109,delta-asda-b3-e,1591,RTSO|SO|OE|VE|QS|TR,3,0,75939742,-600,-19,-0.08113,-19,-0.045429,301,49,4270,2391,6000,,600,,,,reversal,transition,0,no_load,both,B4: reversal,servo-app/lab-0.1
1781163126.0323882,55.753491163253784,B4_REVERSAL,B4_REVERSAL_R01_20260611_143109,delta-asda-b3-e,1591,RTSO|SO|OE|VE|QS|TR,3,0,74261488,-600,-20,-0.0854,-21,-0.050211,301,49,4270,2391,6000,,600,,,,reversal,transition,0,no_load,both,B4: reversal,servo-app/lab-0.1
1781163126.1331487,55.85425162315369,B4_REVERSAL,B4_REVERSAL_R01_20260611_143109,delta-asda-b3-e,1591,RTSO|SO|OE|VE|QS|TR,3,0,72567413,-600,-20,-0.0854,-18,-0.043038,300,49,4270,2391,6000,,600,,,,reversal,transition,0,no_load,both,B4: reversal,servo-app/lab-0.1
1781163126.2335868,55.954689741134644,B4_REVERSAL,B4_REVERSAL_R01_20260611_143109,delta-asda-b3-e,1591,RTSO|SO|OE|VE|QS|TR,3,0,70872656,-600,-19,-0.08113,-22,-0.052602,301,49,4270,2391,6000,,600,,,,reversal,transition,0,no_load,both,B4: reversal,servo-app/lab-0.1
1781163126.334146,56.055248975753784,B4_REVERSAL,B4_REVERSAL_R01_20260611_143109,delta-asda-b3-e,1591,RTSO|SO|OE|VE|QS|TR,3,0,69195446,-600,-27,-0.11529,-20,-0.04782,301,49,4270,2391,6000,,600,,,,reversal,transition,0,no_load,both,B4: reversal,servo-app/lab-0.1
1781163126.4344494,56.15555238723755,B4_REVERSAL,B4_REVERSAL_R01_20260611_143109,delta-asda-b3-e,1591,RTSO|SO|OE|VE|QS|TR,3,0,67500568,-600,-20,-0.0854,-22,-0.052602,301,49,4270,2391,6000,,600,,,,reversal,transition,0,no_load,both,B4: reversal,servo-app/lab-0.1
1781163126.5346465,56.255749464035034,B4_REVERSAL,B4_REVERSAL_R01_20260611_143109,delta-asda-b3-e,1591,RTSO|SO|OE|VE|QS|TR,3,0,65822893,-600,-18,-0.07686,-17,-0.040647,301,49,4270,2391,6000,,600,,,,reversal,transition,0,no_load,both,B4: reversal,servo-app/lab-0.1
1781163126.6347203,56.355823278427124,B4_REVERSAL,B4_REVERSAL_R01_20260611_143109,delta-asda-b3-e,1591,RTSO|SO|OE|VE|QS|TR,3,0,64144898,-600,-20,-0.0854,-20,-0.04782,300,49,4270,2391,6000,,600,,,,reversal,transition,0,no_load,both,B4: reversal,servo-app/lab-0.1
1781163126.73499,56.456092834472656,B4_REVERSAL,B4_REVERSAL_R01_20260611_143109,delta-asda-b3-e,1591,RTSO|SO|OE|VE|QS|TR,3,0,62467399,-600,-18,-0.07686,-21,-0.050211,301,49,4270,2391,6000,,600,,,,reversal,transition,0,no_load,both,B4: reversal,servo-app/lab-0.1
1781163126.9718401,56.69294309616089,B4_REVERSAL,B4_REVERSAL_R01_20260611_143109,delta-asda-b3-e,1591,RTSO|SO|OE|VE|QS|TR,3,0,58490645,-601,-13,-0.05551,-14,-0.033474,301,49,4270,2391,6000,,600,,,,reversal,transition,0,no_load,both,B4: reversal,servo-app/lab-0.1
1781163127.073002,56.794105052948,B4_REVERSAL,B4_REVERSAL_R01_20260611_143109,delta-asda-b3-e,1591,RTSO|SO|OE|VE|QS|TR,3,0,56796289,-601,-17,-0.07259,-18,-0.043038,301,49,4270,2391,6000,,600,,,,reversal,transition,0,no_load,both,B4: reversal,servo-app/lab-0.1
1781163127.1735487,56.894651651382446,B4_REVERSAL,B4_REVERSAL_R01_20260611_143109,delta-asda-b3-e,1591,RTSO|SO|OE|VE|QS|TR,3,0,55102080,-601,-16,-0.06832,-18,-0.043038,301,49,4270,2391,6000,,600,,,,reversal,transition,0,no_load,both,B4: reversal,servo-app/lab-0.1
1781163127.2740722,56.99517512321472,B4_REVERSAL,B4_REVERSAL_R01_20260611_143109,delta-asda-b3-e,1591,RTSO|SO|OE|VE|QS|TR,3,0,53424188,-601,-20,-0.0854,-18,-0.043038,301,49,4270,2391,6000,,600,,,,reversal,transition,0,no_load,both,B4: reversal,servo-app/lab-0.1
1781163127.3742967,57.095399618148804,B4_REVERSAL,B4_REVERSAL_R01_20260611_143109,delta-asda-b3-e,1591,RTSO|SO|OE|VE|QS|TR,3,0,51729547,-601,-14,-0.05978,-16,-0.038256,301,49,4270,2391,6000,,600,,,,reversal,transition,0,no_load,both,B4: reversal,servo-app/lab-0.1
1781163127.4747126,57.195815563201904,B4_REVERSAL,B4_REVERSAL_R01_20260611_143109,delta-asda-b3-e,1591,RTSO|SO|OE|VE|QS|TR,3,0,50051896,-601,-18,-0.07686,-18,-0.043038,301,49,4270,2391,6000,,600,,,,reversal,transition,0,no_load,both,B4: reversal,servo-app/lab-0.1
1781163127.574817,57.29591989517212,B4_REVERSAL,B4_REVERSAL_R01_20260611_143109,delta-asda-b3-e,1591,RTSO|SO|OE|VE|QS|TR,3,0,48374094,-601,-14,-0.05978,-16,-0.038256,301,49,4270,2391,6000,,600,,,,reversal,transition,0,no_load,both,B4: reversal,servo-app/lab-0.1
1781163127.675428,57.396530866622925,B4_REVERSAL,B4_REVERSAL_R01_20260611_143109,delta-asda-b3-e,1591,RTSO|SO|OE|VE|QS|TR,3,0,46679844,-601,-20,-0.0854,-21,-0.050211,301,49,4270,2391,6000,,600,,,,reversal,transition,0,no_load,both,B4: reversal,servo-app/lab-0.1
1781163127.775797,57.49689984321594,B4_REVERSAL,B4_REVERSAL_R01_20260611_143109,delta-asda-b3-e,1591,RTSO|SO|OE|VE|QS|TR,3,0,45001771,-602,-13,-0.05551,-14,-0.033474,301,49,4270,2391,6000,,600,,,,reversal,transition,0,no_load,both,B4: reversal,servo-app/lab-0.1
1781163127.8764148,57.59751772880554,B4_REVERSAL,B4_REVERSAL_R01_20260611_143109,delta-asda-b3-e,1591,RTSO|SO|OE|VE|QS|TR,3,0,43324169,-601,-21,-0.08967,-21,-0.050211,301,49,4270,2391,6000,,600,,,,reversal,transition,0,no_load,both,B4: reversal,servo-app/lab-0.1
1781163127.977535,57.69863796234131,B4_REVERSAL,B4_REVERSAL_R01_20260611_143109,delta-asda-b3-e,1591,RTSO|SO|OE|VE|QS|TR,3,0,41612580,-601,-14,-0.05978,-13,-0.031083,301,49,4270,2391,6000,,600,,,,reversal,transition,0,no_load,both,B4: reversal,servo-app/lab-0.1
1781163128.0781949,57.79929780960083,B4_REVERSAL,B4_REVERSAL_R01_20260611_143109,delta-asda-b3-e,1591,RTSO|SO|OE|VE|QS|TR,3,0,39918390,-600,-22,-0.09394,-23,-0.054993,301,49,4270,2391,6000,,600,,,,reversal,transition,0,no_load,both,B4: reversal,servo-app/lab-0.1
1781163128.1784906,57.89959359169006,B4_REVERSAL,B4_REVERSAL_R01_20260611_143109,delta-asda-b3-e,1591,RTSO|SO|OE|VE|QS|TR,3,0,38240721,-601,-15,-0.06405,-14,-0.033474,301,49,4270,2391,6000,,600,,,,reversal,transition,0,no_load,both,B4: reversal,servo-app/lab-0.1
1781163128.2790012,58.00010418891907,B4_REVERSAL,B4_REVERSAL_R01_20260611_143109,delta-asda-b3-e,1591,RTSO|SO|OE|VE|QS|TR,3,0,36562899,-601,-21,-0.08967,-18,-0.043038,301,49,4270,2391,6000,,600,,,,reversal,transition,0,no_load,both,B4: reversal,servo-app/lab-0.1
1781163128.3793864,58.100489377975464,B4_REVERSAL,B4_REVERSAL_R01_20260611_143109,delta-asda-b3-e,1591,RTSO|SO|OE|VE|QS|TR,3,0,34868263,-601,-16,-0.06832,-15,-0.035865,301,49,4270,2391,6000,,600,,,,reversal,transition,0,no_load,both,B4: reversal,servo-app/lab-0.1
1781163128.4797304,58.200833320617676,B4_REVERSAL,B4_REVERSAL_R01_20260611_143109,delta-asda-b3-e,1591,RTSO|SO|OE|VE|QS|TR,3,0,33207365,-601,-21,-0.08967,-20,-0.04782,301,49,4270,2391,6000,,600,,,,reversal,transition,0,no_load,both,B4: reversal,servo-app/lab-0.1
1781163128.5803058,58.301408767700195,B4_REVERSAL,B4_REVERSAL_R01_20260611_143109,delta-asda-b3-e,1591,RTSO|SO|OE|VE|QS|TR,3,0,31512853,-600,-16,-0.06832,-15,-0.035865,301,49,4270,2391,6000,,600,,,,reversal,transition,0,no_load,both,B4: reversal,servo-app/lab-0.1
1781163128.680501,58.40160393714905,B4_REVERSAL,B4_REVERSAL_R01_20260611_143109,delta-asda-b3-e,1591,RTSO|SO|OE|VE|QS|TR,3,0,29818592,-600,-19,-0.08113,-22,-0.052602,301,49,4270,2391,6000,,600,,,,reversal,transition,0,no_load,both,B4: reversal,servo-app/lab-0.1
1781163128.7812853,58.50238823890686,B4_REVERSAL,B4_REVERSAL_R01_20260611_143109,delta-asda-b3-e,1591,RTSO|SO|OE|VE|QS|TR,3,0,28123630,-601,-13,-0.05551,-16,-0.038256,301,49,4270,2391,6000,,600,,,,reversal,transition,0,no_load,both,B4: reversal,servo-app/lab-0.1
1781163128.8814485,58.60255146026611,B4_REVERSAL,B4_REVERSAL_R01_20260611_143109,delta-asda-b3-e,1591,RTSO|SO|OE|VE|QS|TR,3,0,26446186,-600,-18,-0.07686,-20,-0.04782,301,49,4270,2391,6000,,600,,,,reversal,transition,0,no_load,both,B4: reversal,servo-app/lab-0.1
1781163128.9820192,58.70312213897705,B4_REVERSAL,B4_REVERSAL_R01_20260611_143109,delta-asda-b3-e,1591,RTSO|SO|OE|VE|QS|TR,3,0,24768108,-601,-13,-0.05551,-15,-0.035865,301,49,4270,2391,6000,,600,,,,reversal,transition,0,no_load,both,B4: reversal,servo-app/lab-0.1
1781163129.0824623,58.80356526374817,B4_REVERSAL,B4_REVERSAL_R01_20260611_143109,delta-asda-b3-e,1591,RTSO|SO|OE|VE|QS|TR,3,0,23090875,-600,-20,-0.0854,-21,-0.050211,301,49,4270,2391,6000,,600,,,,reversal,transition,0,no_load,both,B4: reversal,servo-app/lab-0.1
1781163129.1830046,58.90410757064819,B4_REVERSAL,B4_REVERSAL_R01_20260611_143109,delta-asda-b3-e,1591,RTSO|SO|OE|VE|QS|TR,3,0,21396303,-601,-16,-0.06832,-15,-0.035865,301,49,4270,2391,6000,,600,,,,reversal,transition,0,no_load,both,B4: reversal,servo-app/lab-0.1
1781163129.283661,59.00476384162903,B4_REVERSAL,B4_REVERSAL_R01_20260611_143109,delta-asda-b3-e,1591,RTSO|SO|OE|VE|QS|TR,3,0,19701866,-601,-21,-0.08967,-18,-0.043038,300,49,4270,2391,6000,,600,,,,reversal,transition,0,no_load,both,B4: reversal,servo-app/lab-0.1
1781163129.3838394,59.104942321777344,B4_REVERSAL,B4_REVERSAL_R01_20260611_143109,delta-asda-b3-e,1591,RTSO|SO|OE|VE|QS|TR,3,0,18023937,-601,-16,-0.06832,-14,-0.033474,301,49,4270,2391,6000,,600,,,,reversal,transition,0,no_load,both,B4: reversal,servo-app/lab-0.1
1781163129.4843745,59.205477476119995,B4_REVERSAL,B4_REVERSAL_R01_20260611_143109,delta-asda-b3-e,1591,RTSO|SO|OE|VE|QS|TR,3,0,16346428,-600,-21,-0.08967,-19,-0.045429,301,49,4270,2391,6000,,600,,,,reversal,transition,0,no_load,both,B4: reversal,servo-app/lab-0.1
1781163129.5855865,59.306689500808716,B4_REVERSAL,B4_REVERSAL_R01_20260611_143109,delta-asda-b3-e,1591,RTSO|SO|OE|VE|QS|TR,3,0,14635050,-601,-16,-0.06832,-17,-0.040647,300,49,4270,2391,6000,,600,,,,reversal,transition,0,no_load,both,B4: reversal,servo-app/lab-0.1
1781163129.6861174,59.40722036361694,B4_REVERSAL,B4_REVERSAL_R01_20260611_143109,delta-asda-b3-e,1591,RTSO|SO|OE|VE|QS|TR,3,0,12957381,-601,-19,-0.08113,-20,-0.04782,301,49,4270,2391,6000,,600,,,,reversal,transition,0,no_load,both,B4: reversal,servo-app/lab-0.1
1781163129.786812,59.507915019989014,B4_REVERSAL,B4_REVERSAL_R01_20260611_143109,delta-asda-b3-e,1591,RTSO|SO|OE|VE|QS|TR,3,0,11262351,-601,-14,-0.05978,-15,-0.035865,301,49,4270,2391,6000,,600,,,,reversal,transition,0,no_load,both,B4: reversal,servo-app/lab-0.1
1781163129.8870413,59.60814428329468,B4_REVERSAL,B4_REVERSAL_R01_20260611_143109,delta-asda-b3-e,1591,RTSO|SO|OE|VE|QS|TR,3,0,9584995,-600,-18,-0.07686,-19,-0.045429,301,49,4270,2391,6000,,600,,,,reversal,transition,0,no_load,both,B4: reversal,servo-app/lab-0.1
1781163129.988183,59.70928597450256,B4_REVERSAL,B4_REVERSAL_R01_20260611_143109,delta-asda-b3-e,1591,RTSO|SO|OE|VE|QS|TR,3,0,7890117,-601,-16,-0.06832,-14,-0.033474,301,49,4270,2391,6000,,600,,,,reversal,transition,0,no_load,both,B4: reversal,servo-app/lab-0.1
1781163130.0885687,59.80967164039612,B4_REVERSAL,B4_REVERSAL_R01_20260611_143109,delta-asda-b3-e,1591,RTSO|SO|OE|VE|QS|TR,3,0,6196291,-600,-19,-0.08113,-19,-0.045429,301,49,4270,2391,6000,,600,,,,reversal,transition,0,no_load,both,B4: reversal,servo-app/lab-0.1
1781163130.1892974,59.910400390625,B4_REVERSAL,B4_REVERSAL_R01_20260611_143109,delta-asda-b3-e,1591,RTSO|SO|OE|VE|QS|TR,3,0,4501343,-601,-16,-0.06832,-15,-0.035865,300,49,4270,2391,6000,,600,,,,reversal,transition,0,no_load,both,B4: reversal,servo-app/lab-0.1
1781163130.2897723,60.01087522506714,B4_REVERSAL,B4_REVERSAL_R01_20260611_143109,delta-asda-b3-e,1591,RTSO|SO|OE|VE|QS|TR,3,0,2823878,-600,-21,-0.08967,-20,-0.04782,301,49,4270,2391,6000,,600,,,,reversal,transition,0,no_load,both,B4: reversal,servo-app/lab-0.1
1781163130.390354,60.111456871032715,B4_REVERSAL,B4_REVERSAL_R01_20260611_143109,delta-asda-b3-e,1591,RTSO|SO|OE|VE|QS|TR,3,0,2455306,553,17,0.07259,19,0.045429,300,49,4270,2391,6000,,600,,,,reversal,transition,0,no_load,both,B4: reversal,servo-app/lab-0.1
1781163130.4910057,60.21210861206055,B4_REVERSAL,B4_REVERSAL_R01_20260611_143109,delta-asda-b3-e,1591,RTSO|SO|OE|VE|QS|TR,3,0,4149922,599,16,0.06832,17,0.040647,300,49,4270,2391,6000,,600,,,,reversal,transition,0,no_load,both,B4: reversal,servo-app/lab-0.1
1781163130.5911396,60.31224250793457,B4_REVERSAL,B4_REVERSAL_R01_20260611_143109,delta-asda-b3-e,1591,RTSO|SO|OE|VE|QS|TR,3,0,5827419,599,18,0.07686,19,0.045429,301,49,4270,2391,6000,,600,,,,reversal,transition,0,no_load,both,B4: reversal,servo-app/lab-0.1
1781163130.691833,60.412935972213745,B4_REVERSAL,B4_REVERSAL_R01_20260611_143109,delta-asda-b3-e,1591,RTSO|SO|OE|VE|QS|TR,3,0,7521513,599,17,0.07259,17,0.040647,300,49,4270,2391,6000,,600,,,,reversal,transition,0,no_load,both,B4: reversal,servo-app/lab-0.1
1781163130.7923198,60.51342272758484,B4_REVERSAL,B4_REVERSAL_R01_20260611_143109,delta-asda-b3-e,1591,RTSO|SO|OE|VE|QS|TR,3,0,9199716,600,21,0.08967,17,0.040647,300,49,4270,2391,6000,,600,,,,reversal,transition,0,no_load,both,B4: reversal,servo-app/lab-0.1
1781163130.8929057,60.61400866508484,B4_REVERSAL,B4_REVERSAL_R01_20260611_143109,delta-asda-b3-e,1591,RTSO|SO|OE|VE|QS|TR,3,0,10893886,600,19,0.08113,17,0.040647,300,49,4270,2391,6000,,600,,,,reversal,transition,0,no_load,both,B4: reversal,servo-app/lab-0.1
1781163130.9930785,60.714181423187256,B4_REVERSAL,B4_REVERSAL_R01_20260611_143109,delta-asda-b3-e,1591,RTSO|SO|OE|VE|QS|TR,3,0,12571731,600,20,0.0854,17,0.040647,300,49,4270,2391,6000,,600,,,,reversal,transition,0,no_load,both,B4: reversal,servo-app/lab-0.1
1781163131.0937371,60.81484007835388,B4_REVERSAL,B4_REVERSAL_R01_20260611_143109,delta-asda-b3-e,1591,RTSO|SO|OE|VE|QS|TR,3,0,14265846,600,18,0.07686,18,0.043038,300,49,4270,2391,6000,,600,,,,reversal,transition,0,no_load,both,B4: reversal,servo-app/lab-0.1
1781163131.194259,60.9153618812561,B4_REVERSAL,B4_REVERSAL_R01_20260611_143109,delta-asda-b3-e,1591,RTSO|SO|OE|VE|QS|TR,3,0,15943841,600,17,0.07259,20,0.04782,300,49,4270,2391,6000,,600,,,,reversal,transition,0,no_load,both,B4: reversal,servo-app/lab-0.1
1781163131.2949495,61.01605248451233,B4_REVERSAL,B4_REVERSAL_R01_20260611_143109,delta-asda-b3-e,1591,RTSO|SO|OE|VE|QS|TR,3,0,17638381,601,21,0.08967,21,0.050211,300,49,4270,2391,6000,,600,,,,reversal,transition,0,no_load,both,B4: reversal,servo-app/lab-0.1
1781163131.3955374,61.11664032936096,B4_REVERSAL,B4_REVERSAL_R01_20260611_143109,delta-asda-b3-e,1591,RTSO|SO|OE|VE|QS|TR,3,0,19332984,600,18,0.07686,17,0.040647,300,49,4270,2391,6000,,600,,,,reversal,transition,0,no_load,both,B4: reversal,servo-app/lab-0.1
1781163131.4961188,61.21722173690796,B4_REVERSAL,B4_REVERSAL_R01_20260611_143109,delta-asda-b3-e,1591,RTSO|SO|OE|VE|QS|TR,3,0,21010409,600,17,0.07259,17,0.040647,300,49,4270,2391,6000,,600,,,,reversal,transition,0,no_load,both,B4: reversal,servo-app/lab-0.1
1781163131.5966845,61.317787408828735,B4_REVERSAL,B4_REVERSAL_R01_20260611_143109,delta-asda-b3-e,1591,RTSO|SO|OE|VE|QS|TR,3,0,22705001,600,20,0.0854,21,0.050211,300,49,4270,2391,6000,,600,,,,reversal,transition,0,no_load,both,B4: reversal,servo-app/lab-0.1
1781163131.69691,61.418012857437134,B4_REVERSAL,B4_REVERSAL_R01_20260611_143109,delta-asda-b3-e,1591,RTSO|SO|OE|VE|QS|TR,3,0,24382368,600,20,0.0854,20,0.04782,300,49,4270,2391,6000,,600,,,,reversal,transition,0,no_load,both,B4: reversal,servo-app/lab-0.1
1781163131.7973752,61.51847815513611,B4_REVERSAL,B4_REVERSAL_R01_20260611_143109,delta-asda-b3-e,1591,RTSO|SO|OE|VE|QS|TR,3,0,26060519,601,20,0.0854,20,0.04782,300,49,4270,2391,6000,,600,,,,reversal,transition,0,no_load,both,B4: reversal,servo-app/lab-0.1
1781163131.897629,61.61873197555542,B4_REVERSAL,B4_REVERSAL_R01_20260611_143109,delta-asda-b3-e,1591,RTSO|SO|OE|VE|QS|TR,3,0,27754522,600,25,0.10675,20,0.04782,300,49,4270,2391,6000,,600,,,,reversal,transition,0,no_load,both,B4: reversal,servo-app/lab-0.1
1781163131.99777,61.718873023986816,B4_REVERSAL,B4_REVERSAL_R01_20260611_143109,delta-asda-b3-e,1591,RTSO|SO|OE|VE|QS|TR,3,0,29432477,600,20,0.0854,20,0.04782,300,49,4270,2391,6000,,600,,,,reversal,transition,0,no_load,both,B4: reversal,servo-app/lab-0.1
1781163132.0978394,61.8189423084259,B4_REVERSAL,B4_REVERSAL_R01_20260611_143109,delta-asda-b3-e,1591,RTSO|SO|OE|VE|QS|TR,3,0,31109721,600,20,0.0854,19,0.045429,300,49,4270,2391,6000,,600,,,,reversal,transition,0,no_load,both,B4: reversal,servo-app/lab-0.1
1781163132.1980696,61.919172525405884,B4_REVERSAL,B4_REVERSAL_R01_20260611_143109,delta-asda-b3-e,1591,RTSO|SO|OE|VE|QS|TR,3,0,32787851,601,18,0.07686,19,0.045429,300,49,4270,2391,6000,,600,,,,reversal,transition,0,no_load,both,B4: reversal,servo-app/lab-0.1
1781163132.298479,62.01958203315735,B4_REVERSAL,B4_REVERSAL_R01_20260611_143109,delta-asda-b3-e,1591,RTSO|SO|OE|VE|QS|TR,3,0,34482249,600,23,0.09821,25,0.059775,300,49,4270,2391,6000,,600,,,,reversal,transition,0,no_load,both,B4: reversal,servo-app/lab-0.1
1781163132.3989549,62.120057821273804,B4_REVERSAL,B4_REVERSAL_R01_20260611_143109,delta-asda-b3-e,1591,RTSO|SO|OE|VE|QS|TR,3,0,36160065,600,18,0.07686,18,0.043038,300,49,4270,2391,6000,,600,,,,reversal,transition,0,no_load,both,B4: reversal,servo-app/lab-0.1
1781163132.4994707,62.22057366371155,B4_REVERSAL,B4_REVERSAL_R01_20260611_143109,delta-asda-b3-e,1591,RTSO|SO|OE|VE|QS|TR,3,0,37854179,600,20,0.0854,19,0.045429,300,49,4270,2391,6000,,600,,,,reversal,transition,0,no_load,both,B4: reversal,servo-app/lab-0.1
1781163132.599905,62.32100796699524,B4_REVERSAL,B4_REVERSAL_R01_20260611_143109,delta-asda-b3-e,1591,RTSO|SO|OE|VE|QS|TR,3,0,39531963,600,19,0.08113,24,0.057384,300,49,4270,2391,6000,,600,,,,reversal,transition,0,no_load,both,B4: reversal,servo-app/lab-0.1
1781163132.700482,62.42158484458923,B4_REVERSAL,B4_REVERSAL_R01_20260611_143109,delta-asda-b3-e,1591,RTSO|SO|OE|VE|QS|TR,3,0,41226216,600,22,0.09394,22,0.052602,300,49,4270,2391,6000,,600,,,,reversal,transition,0,no_load,both,B4: reversal,servo-app/lab-0.1
1781163132.8010006,62.52210354804993,B4_REVERSAL,B4_REVERSAL_R01_20260611_143109,delta-asda-b3-e,1591,RTSO|SO|OE|VE|QS|TR,3,0,42904312,600,24,0.10248,24,0.057384,300,49,4270,2391,6000,,600,,,,reversal,transition,0,no_load,both,B4: reversal,servo-app/lab-0.1
1781163132.9012194,62.62232232093811,B4_REVERSAL,B4_REVERSAL_R01_20260611_143109,delta-asda-b3-e,1591,RTSO|SO|OE|VE|QS|TR,3,0,44581495,600,21,0.08967,23,0.054993,300,49,4270,2391,6000,,600,,,,reversal,transition,0,no_load,both,B4: reversal,servo-app/lab-0.1
1781163133.0012982,62.72240114212036,B4_REVERSAL,B4_REVERSAL_R01_20260611_143109,delta-asda-b3-e,1591,RTSO|SO|OE|VE|QS|TR,3,0,46259473,600,24,0.10248,20,0.04782,300,49,4270,2391,6000,,600,,,,reversal,transition,0,no_load,both,B4: reversal,servo-app/lab-0.1
1781163133.101483,62.82258605957031,B4_REVERSAL,B4_REVERSAL_R01_20260611_143109,delta-asda-b3-e,1591,RTSO|SO|OE|VE|QS|TR,3,0,47936691,600,22,0.09394,21,0.050211,300,49,4270,2391,6000,,600,,,,reversal,transition,0,no_load,both,B4: reversal,servo-app/lab-0.1
1781163133.2015836,62.92268657684326,B4_REVERSAL,B4_REVERSAL_R01_20260611_143109,delta-asda-b3-e,1591,RTSO|SO|OE|VE|QS|TR,3,0,49631729,601,16,0.06832,17,0.040647,300,49,4270,2391,6000,,600,,,,reversal,transition,0,no_load,both,B4: reversal,servo-app/lab-0.1
1781163133.30178,63.02288293838501,B4_REVERSAL,B4_REVERSAL_R01_20260611_143109,delta-asda-b3-e,1591,RTSO|SO|OE|VE|QS|TR,3,0,51309189,600,23,0.09821,24,0.057384,300,49,4270,2391,6000,,600,,,,reversal,transition,0,no_load,both,B4: reversal,servo-app/lab-0.1
1781163133.4018452,63.12294816970825,B4_REVERSAL,B4_REVERSAL_R01_20260611_143109,delta-asda-b3-e,1591,RTSO|SO|OE|VE|QS|TR,3,0,52987013,600,19,0.08113,19,0.045429,300,49,4270,2391,6000,,600,,,,reversal,transition,0,no_load,both,B4: reversal,servo-app/lab-0.1
1781163133.5020301,63.2231330871582,B4_REVERSAL,B4_REVERSAL_R01_20260611_143109,delta-asda-b3-e,1591,RTSO|SO|OE|VE|QS|TR,3,0,54664359,600,22,0.09394,19,0.045429,300,49,4270,2391,6000,,600,,,,reversal,transition,0,no_load,both,B4: reversal,servo-app/lab-0.1
1781163133.6025321,63.32363510131836,B4_REVERSAL,B4_REVERSAL_R01_20260611_143109,delta-asda-b3-e,1591,RTSO|SO|OE|VE|QS|TR,3,0,56358916,600,21,0.08967,21,0.050211,300,49,4270,2391,6000,,600,,,,reversal,transition,0,no_load,both,B4: reversal,servo-app/lab-0.1
1781163133.7028613,63.42396426200867,B4_REVERSAL,B4_REVERSAL_R01_20260611_143109,delta-asda-b3-e,1591,RTSO|SO|OE|VE|QS|TR,3,0,58036419,600,21,0.08967,24,0.057384,300,49,4270,2391,6000,,600,,,,reversal,transition,0,no_load,both,B4: reversal,servo-app/lab-0.1
1781163133.8031247,63.52422761917114,B4_REVERSAL,B4_REVERSAL_R01_20260611_143109,delta-asda-b3-e,1591,RTSO|SO|OE|VE|QS|TR,3,0,59714422,600,20,0.0854,23,0.054993,300,49,4270,2391,6000,,600,,,,reversal,transition,0,no_load,both,B4: reversal,servo-app/lab-0.1
1781163133.9034688,63.624571800231934,B4_REVERSAL,B4_REVERSAL_R01_20260611_143109,delta-asda-b3-e,1591,RTSO|SO|OE|VE|QS|TR,3,0,61391653,600,20,0.0854,22,0.052602,300,49,4270,2391,6000,,600,,,,reversal,transition,0,no_load,both,B4: reversal,servo-app/lab-0.1
1781163134.0036173,63.72472023963928,B4_REVERSAL,B4_REVERSAL_R01_20260611_143109,delta-asda-b3-e,1591,RTSO|SO|OE|VE|QS|TR,3,0,63086388,600,21,0.08967,25,0.059775,300,49,4270,2391,6000,,600,,,,reversal,transition,0,no_load,both,B4: reversal,servo-app/lab-0.1
1781163134.103861,63.82496404647827,B4_REVERSAL,B4_REVERSAL_R01_20260611_143109,delta-asda-b3-e,1591,RTSO|SO|OE|VE|QS|TR,3,0,64763590,600,22,0.09394,24,0.057384,300,49,4270,2391,6000,,600,,,,reversal,transition,0,no_load,both,B4: reversal,servo-app/lab-0.1
1781163134.204154,63.925256967544556,B4_REVERSAL,B4_REVERSAL_R01_20260611_143109,delta-asda-b3-e,1591,RTSO|SO|OE|VE|QS|TR,3,0,66441882,601,20,0.0854,19,0.045429,300,49,4270,2391,6000,,600,,,,reversal,transition,0,no_load,both,B4: reversal,servo-app/lab-0.1
1781163134.3047316,64.02583456039429,B4_REVERSAL,B4_REVERSAL_R01_20260611_143109,delta-asda-b3-e,1591,RTSO|SO|OE|VE|QS|TR,3,0,68136064,600,24,0.10248,26,0.062166,300,49,4270,2391,6000,,600,,,,reversal,transition,0,no_load,both,B4: reversal,servo-app/lab-0.1
1781163134.4052882,64.12639117240906,B4_REVERSAL,B4_REVERSAL_R01_20260611_143109,delta-asda-b3-e,1591,RTSO|SO|OE|VE|QS|TR,3,0,69813916,600,19,0.08113,17,0.040647,300,49,4270,2391,6000,,600,,,,reversal,transition,0,no_load,both,B4: reversal,servo-app/lab-0.1
1781163134.5241926,64.24529552459717,B4_REVERSAL,B4_REVERSAL_R01_20260611_143109,delta-asda-b3-e,1591,RTSO|SO|OE|VE|QS|TR,3,0,72044532,601,19,0.08113,19,0.045429,300,49,4270,2391,6000,,600,,,,reversal,transition,0,no_load,both,B4: reversal,servo-app/lab-0.1
1781163134.6247268,64.3458297252655,B4_REVERSAL,B4_REVERSAL_R01_20260611_143109,delta-asda-b3-e,1591,RTSO|SO|OE|VE|QS|TR,3,0,73504062,600,16,0.06832,17,0.040647,300,49,4270,2391,6000,,600,,,,reversal,transition,0,no_load,both,B4: reversal,servo-app/lab-0.1
1781163134.7252772,64.44638013839722,B4_REVERSAL,B4_REVERSAL_R01_20260611_143109,delta-asda-b3-e,1591,RTSO|SO|OE|VE|QS|TR,3,0,75181126,599,28,0.11956,26,0.062166,300,49,4270,2391,6000,,600,,,,reversal,transition,0,no_load,both,B4: reversal,servo-app/lab-0.1
1781163134.8257568,64.54685974121094,B4_REVERSAL,B4_REVERSAL_R01_20260611_143109,delta-asda-b3-e,1591,RTSO|SO|OE|VE|QS|TR,3,0,76875893,599,19,0.08113,22,0.052602,301,49,4270,2391,6000,,600,,,,reversal,transition,0,no_load,both,B4: reversal,servo-app/lab-0.1
1781163134.92635,64.64745306968689,B4_REVERSAL,B4_REVERSAL_R01_20260611_143109,delta-asda-b3-e,1591,RTSO|SO|OE|VE|QS|TR,3,0,78569844,599,26,0.11102,23,0.054993,301,49,4270,2391,6000,,600,,,,reversal,transition,0,no_load,both,B4: reversal,servo-app/lab-0.1
1781163135.026942,64.74804496765137,B4_REVERSAL,B4_REVERSAL_R01_20260611_143109,delta-asda-b3-e,1591,RTSO|SO|OE|VE|QS|TR,3,0,80247944,600,15,0.06405,18,0.043038,300,49,4270,2391,6000,,600,,,,reversal,transition,0,no_load,both,B4: reversal,servo-app/lab-0.1
1781163135.1272347,64.84833765029907,B4_REVERSAL,B4_REVERSAL_R01_20260611_143109,delta-asda-b3-e,1591,RTSO|SO|OE|VE|QS|TR,3,0,81925543,600,19,0.08113,20,0.04782,300,49,4270,2391,6000,,600,,,,reversal,transition,0,no_load,both,B4: reversal,servo-app/lab-0.1
1781163135.22788,64.94898295402527,B4_REVERSAL,B4_REVERSAL_R01_20260611_143109,delta-asda-b3-e,1591,RTSO|SO|OE|VE|QS|TR,3,0,83620385,600,16,0.06832,22,0.052602,301,49,4270,2391,6000,,600,,,,reversal,transition,0,no_load,both,B4: reversal,servo-app/lab-0.1
1781163135.3288295,65.0499324798584,B4_REVERSAL,B4_REVERSAL_R01_20260611_143109,delta-asda-b3-e,1591,RTSO|SO|OE|VE|QS|TR,3,0,85314457,600,5,0.02135,15,0.035865,300,49,4270,2391,6000,,600,,,,reversal,transition,0,no_load,both,B4: reversal,servo-app/lab-0.1
1781163135.429426,65.15052890777588,B4_REVERSAL,B4_REVERSAL_R01_20260611_143109,delta-asda-b3-e,1591,RTSO|SO|OE|VE|QS|TR,3,0,84559634,-597,-24,-0.10248,-26,-0.062166,301,49,4270,2391,6000,,600,,,,reversal,transition,0,no_load,both,B4: reversal,servo-app/lab-0.1
1781163135.5299644,65.25106739997864,B4_REVERSAL,B4_REVERSAL_R01_20260611_143109,delta-asda-b3-e,1591,RTSO|SO|OE|VE|QS|TR,3,0,82882257,-599,-21,-0.08967,-19,-0.045429,301,49,4270,2391,6000,,600,,,,reversal,transition,0,no_load,both,B4: reversal,servo-app/lab-0.1
1781163135.630533,65.35163593292236,B4_REVERSAL,B4_REVERSAL_R01_20260611_143109,delta-asda-b3-e,1591,RTSO|SO|OE|VE|QS|TR,3,0,81187417,-599,-17,-0.07259,-23,-0.054993,301,49,4270,2391,6000,,600,,,,reversal,transition,0,no_load,both,B4: reversal,servo-app/lab-0.1
1781163135.7308142,65.45191717147827,B4_REVERSAL,B4_REVERSAL_R01_20260611_143109,delta-asda-b3-e,1591,RTSO|SO|OE|VE|QS|TR,3,0,79526782,-599,-19,-0.08113,-20,-0.04782,301,49,4270,2391,6000,,600,,,,reversal,transition,0,no_load,both,B4: reversal,servo-app/lab-0.1
1781163135.8310134,65.55211639404297,B4_REVERSAL,B4_REVERSAL_R01_20260611_143109,delta-asda-b3-e,1591,RTSO|SO|OE|VE|QS|TR,3,0,77831923,-599,-17,-0.07259,-20,-0.04782,301,49,4270,2391,6000,,600,,,,reversal,transition,0,no_load,both,B4: reversal,servo-app/lab-0.1
1781163135.931812,65.65291500091553,B4_REVERSAL,B4_REVERSAL_R01_20260611_143109,delta-asda-b3-e,1591,RTSO|SO|OE|VE|QS|TR,3,0,76137944,-598,-21,-0.08967,-20,-0.04782,301,49,4270,2391,6000,,600,,,,reversal,transition,0,no_load,both,B4: reversal,servo-app/lab-0.1
1781163136.0329218,65.75402474403381,B4_REVERSAL,B4_REVERSAL_R01_20260611_143109,delta-asda-b3-e,1591,RTSO|SO|OE|VE|QS|TR,3,0,74443013,-599,-17,-0.07259,-15,-0.035865,301,49,4270,2391,6000,,600,,,,reversal,transition,0,no_load,both,B4: reversal,servo-app/lab-0.1
1781163136.1336854,65.85478830337524,B4_REVERSAL,B4_REVERSAL_R01_20260611_143109,delta-asda-b3-e,1591,RTSO|SO|OE|VE|QS|TR,3,0,72748808,-599,-17,-0.07259,-18,-0.043038,301,49,4270,2391,6000,,600,,,,reversal,transition,0,no_load,both,B4: reversal,servo-app/lab-0.1
1781163136.2346995,65.95580244064331,B4_REVERSAL,B4_REVERSAL_R01_20260611_143109,delta-asda-b3-e,1591,RTSO|SO|OE|VE|QS|TR,3,0,71054126,-599,-21,-0.08967,-23,-0.054993,301,49,4270,2391,6000,,600,,,,reversal,transition,0,no_load,both,B4: reversal,servo-app/lab-0.1
1781163136.3352754,66.05637836456299,B4_REVERSAL,B4_REVERSAL_R01_20260611_143109,delta-asda-b3-e,1591,RTSO|SO|OE|VE|QS|TR,3,0,69376712,-599,-21,-0.08967,-17,-0.040647,301,49,4270,2391,6000,,600,,,,reversal,transition,0,no_load,both,B4: reversal,servo-app/lab-0.1
1781163136.435799,66.15690183639526,B4_REVERSAL,B4_REVERSAL_R01_20260611_143109,delta-asda-b3-e,1591,RTSO|SO|OE|VE|QS|TR,3,0,67682126,-599,-18,-0.07686,-22,-0.052602,301,49,4270,2391,6000,,600,,,,reversal,transition,0,no_load,both,B4: reversal,servo-app/lab-0.1
1781163136.5360498,66.25715279579163,B4_REVERSAL,B4_REVERSAL_R01_20260611_143109,delta-asda-b3-e,1591,RTSO|SO|OE|VE|QS|TR,3,0,66004427,-600,-16,-0.06832,-16,-0.038256,301,49,4270,2391,6000,,600,,,,reversal,transition,0,no_load,both,B4: reversal,servo-app/lab-0.1
1781163136.6362107,66.35731363296509,B4_REVERSAL,B4_REVERSAL_R01_20260611_143109,delta-asda-b3-e,1591,RTSO|SO|OE|VE|QS|TR,3,0,64326318,-599,-21,-0.08967,-18,-0.043038,301,49,4270,2391,6000,,600,,,,reversal,transition,0,no_load,both,B4: reversal,servo-app/lab-0.1
1781163136.738073,66.4591760635376,B4_REVERSAL,B4_REVERSAL_R01_20260611_143109,delta-asda-b3-e,1591,RTSO|SO|OE|VE|QS|TR,3,0,62615302,-600,-17,-0.07259,-16,-0.038256,301,49,4270,2391,6000,,600,,,,reversal,transition,0,no_load,both,B4: reversal,servo-app/lab-0.1
1781163136.83826,66.55936288833618,B4_REVERSAL,B4_REVERSAL_R01_20260611_143109,delta-asda-b3-e,1591,RTSO|SO|OE|VE|QS|TR,3,0,60937386,-599,-20,-0.0854,-18,-0.043038,302,49,4270,2391,6000,,600,,,,reversal,transition,0,no_load,both,B4: reversal,servo-app/lab-0.1
1781163136.9391432,66.66024613380432,B4_REVERSAL,B4_REVERSAL_R01_20260611_143109,delta-asda-b3-e,1591,RTSO|SO|OE|VE|QS|TR,3,0,59243246,-600,-17,-0.07259,-17,-0.040647,301,49,4270,2391,6000,,600,,,,reversal,transition,0,no_load,both,B4: reversal,servo-app/lab-0.1
1781163137.039361,66.76046395301819,B4_REVERSAL,B4_REVERSAL_R01_20260611_143109,delta-asda-b3-e,1591,RTSO|SO|OE|VE|QS|TR,3,0,57565026,-600,-23,-0.09821,-20,-0.04782,301,49,4270,2391,6000,,600,,,,reversal,transition,0,no_load,both,B4: reversal,servo-app/lab-0.1
1781163137.1397276,66.86083054542542,B4_REVERSAL,B4_REVERSAL_R01_20260611_143109,delta-asda-b3-e,1591,RTSO|SO|OE|VE|QS|TR,3,0,55870881,-600,-17,-0.07259,-17,-0.040647,301,49,4270,2391,6000,,600,,,,reversal,transition,0,no_load,both,B4: reversal,servo-app/lab-0.1
1781163137.2398677,66.9609706401825,B4_REVERSAL,B4_REVERSAL_R01_20260611_143109,delta-asda-b3-e,1591,RTSO|SO|OE|VE|QS|TR,3,0,54192896,-600,-16,-0.06832,-18,-0.043038,301,49,4270,2391,6000,,600,,,,reversal,transition,0,no_load,both,B4: reversal,servo-app/lab-0.1
1781163137.340469,67.06157183647156,B4_REVERSAL,B4_REVERSAL_R01_20260611_143109,delta-asda-b3-e,1591,RTSO|SO|OE|VE|QS|TR,3,0,52515534,-600,-28,-0.11956,-27,-0.064557,301,49,4270,2391,6000,,600,,,,reversal,transition,0,no_load,both,B4: reversal,servo-app/lab-0.1
1781163137.441233,67.16233587265015,B4_REVERSAL,B4_REVERSAL_R01_20260611_143109,delta-asda-b3-e,1591,RTSO|SO|OE|VE|QS|TR,3,0,50820871,-600,-22,-0.09394,-21,-0.050211,301,49,4270,2391,6000,,600,,,,reversal,transition,0,no_load,both,B4: reversal,servo-app/lab-0.1
1781163137.5418255,67.26292848587036,B4_REVERSAL,B4_REVERSAL_R01_20260611_143109,delta-asda-b3-e,1591,RTSO|SO|OE|VE|QS|TR,3,0,49126294,-600,-23,-0.09821,-18,-0.043038,301,49,4270,2391,6000,,600,,,,reversal,transition,0,no_load,both,B4: reversal,servo-app/lab-0.1
1781163137.6423943,67.36349725723267,B4_REVERSAL,B4_REVERSAL_R01_20260611_143109,delta-asda-b3-e,1591,RTSO|SO|OE|VE|QS|TR,3,0,47448294,-600,-21,-0.08967,-24,-0.057384,301,49,4270,2391,6000,,600,,,,reversal,transition,0,no_load,both,B4: reversal,servo-app/lab-0.1
1781163137.7428422,67.46394515037537,B4_REVERSAL,B4_REVERSAL_R01_20260611_143109,delta-asda-b3-e,1591,RTSO|SO|OE|VE|QS|TR,3,0,45753988,-600,-26,-0.11102,-17,-0.040647,301,49,4270,2391,6000,,600,,,,reversal,transition,0,no_load,both,B4: reversal,servo-app/lab-0.1
1781163137.8434496,67.56455254554749,B4_REVERSAL,B4_REVERSAL_R01_20260611_143109,delta-asda-b3-e,1591,RTSO|SO|OE|VE|QS|TR,3,0,44076147,-600,-22,-0.09394,-25,-0.059775,302,49,4270,2391,6000,,600,,,,reversal,transition,0,no_load,both,B4: reversal,servo-app/lab-0.1
1781163137.9435687,67.6646716594696,B4_REVERSAL,B4_REVERSAL_R01_20260611_143109,delta-asda-b3-e,1591,RTSO|SO|OE|VE|QS|TR,3,0,42398750,-600,-24,-0.10248,-21,-0.050211,301,49,4270,2391,6000,,600,,,,reversal,transition,0,no_load,both,B4: reversal,servo-app/lab-0.1
1781163138.043677,67.76478004455566,B4_REVERSAL,B4_REVERSAL_R01_20260611_143109,delta-asda-b3-e,1591,RTSO|SO|OE|VE|QS|TR,3,0,40703731,-600,-18,-0.07686,-25,-0.059775,301,49,4270,2391,6000,,600,,,,reversal,transition,0,no_load,both,B4: reversal,servo-app/lab-0.1
1781163138.1444433,67.86554622650146,B4_REVERSAL,B4_REVERSAL_R01_20260611_143109,delta-asda-b3-e,1591,RTSO|SO|OE|VE|QS|TR,3,0,39026391,-600,-18,-0.07686,-18,-0.043038,301,49,4270,2391,6000,,600,,,,reversal,transition,0,no_load,both,B4: reversal,servo-app/lab-0.1
1781163138.244631,67.96573400497437,B4_REVERSAL,B4_REVERSAL_R01_20260611_143109,delta-asda-b3-e,1591,RTSO|SO|OE|VE|QS|TR,3,0,37331598,-600,-20,-0.0854,-16,-0.038256,301,49,4270,2391,6000,,600,,,,reversal,transition,0,no_load,both,B4: reversal,servo-app/lab-0.1
1781163138.3453233,68.06642627716064,B4_REVERSAL,B4_REVERSAL_R01_20260611_143109,delta-asda-b3-e,1591,RTSO|SO|OE|VE|QS|TR,3,0,35654293,-600,-21,-0.08967,-25,-0.059775,301,49,4270,2391,6000,,600,,,,reversal,transition,0,no_load,both,B4: reversal,servo-app/lab-0.1
1781163138.4458482,68.1669511795044,B4_REVERSAL,B4_REVERSAL_R01_20260611_143109,delta-asda-b3-e,1591,RTSO|SO|OE|VE|QS|TR,3,0,33959428,-600,-15,-0.06405,-15,-0.035865,301,49,4270,2391,6000,,600,,,,reversal,transition,0,no_load,both,B4: reversal,servo-app/lab-0.1
1781163138.546464,68.26756691932678,B4_REVERSAL,B4_REVERSAL_R01_20260611_143109,delta-asda-b3-e,1591,RTSO|SO|OE|VE|QS|TR,3,0,32265023,-600,-21,-0.08967,-21,-0.050211,301,49,4270,2391,6000,,600,,,,reversal,transition,0,no_load,both,B4: reversal,servo-app/lab-0.1
1781163138.6466134,68.36771631240845,B4_REVERSAL,B4_REVERSAL_R01_20260611_143109,delta-asda-b3-e,1591,RTSO|SO|OE|VE|QS|TR,3,0,30520019,-600,-14,-0.05978,-22,-0.052602,301,49,4270,2391,6000,,600,,,,reversal,transition,0,no_load,both,B4: reversal,servo-app/lab-0.1
1781163138.7476182,68.46872115135193,B4_REVERSAL,B4_REVERSAL_R01_20260611_143109,delta-asda-b3-e,1591,RTSO|SO|OE|VE|QS|TR,3,0,28892830,-600,-27,-0.11529,-26,-0.062166,301,49,4270,2391,6000,,600,,,,reversal,transition,0,no_load,both,B4: reversal,servo-app/lab-0.1
1781163138.8477645,68.56886744499207,B4_REVERSAL,B4_REVERSAL_R01_20260611_143109,delta-asda-b3-e,1591,RTSO|SO|OE|VE|QS|TR,3,0,27215036,-599,-17,-0.07259,-16,-0.038256,301,49,4270,2391,6000,,600,,,,reversal,transition,0,no_load,both,B4: reversal,servo-app/lab-0.1
1781163138.9483168,68.66941976547241,B4_REVERSAL,B4_REVERSAL_R01_20260611_143109,delta-asda-b3-e,1591,RTSO|SO|OE|VE|QS|TR,3,0,25537435,-600,-19,-0.08113,-23,-0.054993,301,49,4270,2391,6000,,600,,,,reversal,transition,0,no_load,both,B4: reversal,servo-app/lab-0.1
1781163139.0485036,68.769606590271,B4_REVERSAL,B4_REVERSAL_R01_20260611_143109,delta-asda-b3-e,1591,RTSO|SO|OE|VE|QS|TR,3,0,23859368,-600,-17,-0.07259,-15,-0.035865,301,49,4270,2391,6000,,600,,,,reversal,transition,0,no_load,both,B4: reversal,servo-app/lab-0.1
1781163139.1486313,68.86973428726196,B4_REVERSAL,B4_REVERSAL_R01_20260611_143109,delta-asda-b3-e,1591,RTSO|SO|OE|VE|QS|TR,3,0,22165255,-600,-25,-0.10675,-26,-0.062166,301,49,4270,2391,6000,,600,,,,reversal,transition,0,no_load,both,B4: reversal,servo-app/lab-0.1
1781163139.2498884,68.97099137306213,B4_REVERSAL,B4_REVERSAL_R01_20260611_143109,delta-asda-b3-e,1591,RTSO|SO|OE|VE|QS|TR,3,0,20470568,-600,-22,-0.09394,-23,-0.054993,301,49,4270,2391,6000,,600,,,,reversal,transition,0,no_load,both,B4: reversal,servo-app/lab-0.1
1781163139.3503444,69.07144737243652,B4_REVERSAL,B4_REVERSAL_R01_20260611_143109,delta-asda-b3-e,1591,RTSO|SO|OE|VE|QS|TR,3,0,18793283,-599,-19,-0.08113,-20,-0.04782,301,49,4270,2391,6000,,600,,,,reversal,transition,0,no_load,both,B4: reversal,servo-app/lab-0.1
1781163139.4507391,69.17184209823608,B4_REVERSAL,B4_REVERSAL_R01_20260611_143109,delta-asda-b3-e,1591,RTSO|SO|OE|VE|QS|TR,3,0,17064840,-600,-17,-0.07259,-18,-0.043038,301,49,4270,2391,6000,,600,,,,reversal,transition,0,no_load,both,B4: reversal,servo-app/lab-0.1
1781163139.5510464,69.27214932441711,B4_REVERSAL,B4_REVERSAL_R01_20260611_143109,delta-asda-b3-e,1591,RTSO|SO|OE|VE|QS|TR,3,0,15420807,-600,-18,-0.07686,-20,-0.04782,301,49,4270,2391,6000,,600,,,,reversal,transition,0,no_load,both,B4: reversal,servo-app/lab-0.1
1781163139.6511943,69.3722972869873,B4_REVERSAL,B4_REVERSAL_R01_20260611_143109,delta-asda-b3-e,1591,RTSO|SO|OE|VE|QS|TR,3,0,13742777,-600,-22,-0.09394,-18,-0.043038,301,49,4270,2391,6000,,600,,,,reversal,transition,0,no_load,both,B4: reversal,servo-app/lab-0.1
1781163139.751883,69.4729859828949,B4_REVERSAL,B4_REVERSAL_R01_20260611_143109,delta-asda-b3-e,1591,RTSO|SO|OE|VE|QS|TR,3,0,12048597,-599,-20,-0.0854,-21,-0.050211,301,49,4270,2391,6000,,600,,,,reversal,transition,0,no_load,both,B4: reversal,servo-app/lab-0.1
1781163139.8527217,69.57382464408875,B4_REVERSAL,B4_REVERSAL_R01_20260611_143109,delta-asda-b3-e,1591,RTSO|SO|OE|VE|QS|TR,3,0,10354048,-599,-16,-0.06832,-17,-0.040647,301,49,4270,2391,6000,,600,,,,reversal,transition,0,no_load,both,B4: reversal,servo-app/lab-0.1
1781163139.9532278,69.67433071136475,B4_REVERSAL,B4_REVERSAL_R01_20260611_143109,delta-asda-b3-e,1591,RTSO|SO|OE|VE|QS|TR,3,0,8676360,-600,-17,-0.07259,-16,-0.038256,301,49,4270,2391,6000,,600,,,,reversal,transition,0,no_load,both,B4: reversal,servo-app/lab-0.1
1781163140.053308,69.77441096305847,B4_REVERSAL,B4_REVERSAL_R01_20260611_143109,delta-asda-b3-e,1591,RTSO|SO|OE|VE|QS|TR,3,0,6998338,-600,-17,-0.07259,-19,-0.045429,301,49,4270,2391,6000,,600,,,,reversal,transition,0,no_load,both,B4: reversal,servo-app/lab-0.1
1781163140.1534991,69.87460207939148,B4_REVERSAL,B4_REVERSAL_R01_20260611_143109,delta-asda-b3-e,1591,RTSO|SO|OE|VE|QS|TR,3,0,5320968,-600,-20,-0.0854,-18,-0.043038,301,49,4270,2391,6000,,600,,,,reversal,transition,0,no_load,both,B4: reversal,servo-app/lab-0.1
1781163140.2540336,69.9751365184784,B4_REVERSAL,B4_REVERSAL_R01_20260611_143109,delta-asda-b3-e,1591,RTSO|SO|OE|VE|QS|TR,3,0,3626363,-599,-19,-0.08113,-22,-0.052602,301,49,4270,2391,6000,,600,,,,reversal,transition,0,no_load,both,B4: reversal,servo-app/lab-0.1
1781163140.3541038,70.0752067565918,B4_REVERSAL,B4_REVERSAL_R01_20260611_143109,delta-asda-b3-e,567,RTSO|SO|OE|VE|QS,3,0,2061232,-319,-7,-0.02989,-8,-0.019128,301,49,4270,2391,6000,,600,,,,reversal,transition,0,no_load,both,B4: reversal,servo-app/lab-0.1
1781163140.454683,70.17578601837158,B4_REVERSAL,B4_REVERSAL_R01_20260611_143109,delta-asda-b3-e,1591,RTSO|SO|OE|VE|QS|TR,3,0,3475454,600,17,0.07259,21,0.050211,301,49,4270,2391,6000,,600,,,,reversal,transition,0,no_load,both,B4: reversal,servo-app/lab-0.1
1781163140.5550826,70.27618551254272,B4_REVERSAL,B4_REVERSAL_R01_20260611_143109,delta-asda-b3-e,1591,RTSO|SO|OE|VE|QS|TR,3,0,5152856,600,15,0.06405,15,0.035865,301,49,4270,2391,6000,,600,,,,reversal,transition,0,no_load,both,B4: reversal,servo-app/lab-0.1
1781163140.6556714,70.37677431106567,B4_REVERSAL,B4_REVERSAL_R01_20260611_143109,delta-asda-b3-e,1591,RTSO|SO|OE|VE|QS|TR,3,0,6847146,599,22,0.09394,25,0.059775,301,49,4270,2391,6000,,600,,,,reversal,transition,0,no_load,both,B4: reversal,servo-app/lab-0.1
1781163140.7567396,70.4778425693512,B4_REVERSAL,B4_REVERSAL_R01_20260611_143109,delta-asda-b3-e,1591,RTSO|SO|OE|VE|QS|TR,3,0,8541415,600,14,0.05978,17,0.040647,301,49,4270,2391,6000,,600,,,,reversal,transition,0,no_load,both,B4: reversal,servo-app/lab-0.1
1781163140.857137,70.57823991775513,B4_REVERSAL,B4_REVERSAL_R01_20260611_143109,delta-asda-b3-e,1591,RTSO|SO|OE|VE|QS|TR,3,0,10219042,599,21,0.08967,24,0.057384,301,49,4270,2391,6000,,600,,,,reversal,transition,0,no_load,both,B4: reversal,servo-app/lab-0.1
1781163140.95722,70.6783230304718,B4_REVERSAL,B4_REVERSAL_R01_20260611_143109,delta-asda-b3-e,1591,RTSO|SO|OE|VE|QS|TR,3,0,11896836,601,17,0.07259,13,0.031083,300,49,4270,2391,6000,,600,,,,reversal,transition,0,no_load,both,B4: reversal,servo-app/lab-0.1
1781163141.0584695,70.77957248687744,B4_REVERSAL,B4_REVERSAL_R01_20260611_143109,delta-asda-b3-e,1591,RTSO|SO|OE|VE|QS|TR,3,0,13591487,600,20,0.0854,22,0.052602,300,49,4270,2391,6000,,600,,,,reversal,transition,0,no_load,both,B4: reversal,servo-app/lab-0.1
1781163141.1590328,70.88013577461243,B4_REVERSAL,B4_REVERSAL_R01_20260611_143109,delta-asda-b3-e,1591,RTSO|SO|OE|VE|QS|TR,3,0,15285729,600,15,0.06405,16,0.038256,300,49,4270,2391,6000,,600,,,,reversal,transition,0,no_load,both,B4: reversal,servo-app/lab-0.1
1781163141.2600806,70.98118352890015,B4_REVERSAL,B4_REVERSAL_R01_20260611_143109,delta-asda-b3-e,1591,RTSO|SO|OE|VE|QS|TR,3,0,16980235,600,18,0.07686,21,0.050211,301,49,4270,2391,6000,,600,,,,reversal,transition,0,no_load,both,B4: reversal,servo-app/lab-0.1
1781163141.360603,71.0817060470581,B4_REVERSAL,B4_REVERSAL_R01_20260611_143109,delta-asda-b3-e,1591,RTSO|SO|OE|VE|QS|TR,3,0,18657679,600,14,0.05978,20,0.04782,301,49,4270,2391,6000,,600,,,,reversal,transition,0,no_load,both,B4: reversal,servo-app/lab-0.1
1781163141.4621136,71.18321657180786,B4_REVERSAL,B4_REVERSAL_R01_20260611_143109,delta-asda-b3-e,1591,RTSO|SO|OE|VE|QS|TR,3,0,20369371,601,18,0.07686,22,0.052602,301,49,4270,2391,6000,,600,,,,reversal,transition,0,no_load,both,B4: reversal,servo-app/lab-0.1
1781163141.5626557,71.2837586402893,B4_REVERSAL,B4_REVERSAL_R01_20260611_143109,delta-asda-b3-e,1591,RTSO|SO|OE|VE|QS|TR,3,0,22063736,601,19,0.08113,17,0.040647,300,49,4270,2391,6000,,600,,,,reversal,transition,0,no_load,both,B4: reversal,servo-app/lab-0.1
1781163141.6631606,71.38426351547241,B4_REVERSAL,B4_REVERSAL_R01_20260611_143109,delta-asda-b3-e,1591,RTSO|SO|OE|VE|QS|TR,3,0,23741347,600,20,0.0854,15,0.035865,300,49,4270,2391,6000,,600,,,,reversal,transition,0,no_load,both,B4: reversal,servo-app/lab-0.1
1781163141.763969,71.48507189750671,B4_REVERSAL,B4_REVERSAL_R01_20260611_143109,delta-asda-b3-e,1591,RTSO|SO|OE|VE|QS|TR,3,0,25435654,601,17,0.07259,16,0.038256,301,49,4270,2391,6000,,600,,,,reversal,transition,0,no_load,both,B4: reversal,servo-app/lab-0.1
1781163141.8651853,71.58628821372986,B4_REVERSAL,B4_REVERSAL_R01_20260611_143109,delta-asda-b3-e,1591,RTSO|SO|OE|VE|QS|TR,3,0,27130137,601,17,0.07259,19,0.045429,301,49,4270,2391,6000,,600,,,,reversal,transition,0,no_load,both,B4: reversal,servo-app/lab-0.1
1781163141.9658525,71.68695545196533,B4_REVERSAL,B4_REVERSAL_R01_20260611_143109,delta-asda-b3-e,1591,RTSO|SO|OE|VE|QS|TR,3,0,28824896,601,17,0.07259,16,0.038256,301,49,4270,2391,6000,,600,,,,reversal,transition,0,no_load,both,B4: reversal,servo-app/lab-0.1
1781163142.066218,71.78732085227966,B4_REVERSAL,B4_REVERSAL_R01_20260611_143109,delta-asda-b3-e,1591,RTSO|SO|OE|VE|QS|TR,3,0,30502484,600,22,0.09394,21,0.050211,301,49,4270,2391,6000,,600,,,,reversal,transition,0,no_load,both,B4: reversal,servo-app/lab-0.1
1781163142.1669078,71.88801074028015,B4_REVERSAL,B4_REVERSAL_R01_20260611_143109,delta-asda-b3-e,1591,RTSO|SO|OE|VE|QS|TR,3,0,32196984,601,17,0.07259,20,0.04782,301,49,4270,2391,6000,,600,,,,reversal,transition,0,no_load,both,B4: reversal,servo-app/lab-0.1
1781163142.2677245,71.98882746696472,B4_REVERSAL,B4_REVERSAL_R01_20260611_143109,delta-asda-b3-e,1591,RTSO|SO|OE|VE|QS|TR,3,0,33891323,600,23,0.09821,18,0.043038,301,49,4270,2391,6000,,600,,,,reversal,transition,0,no_load,both,B4: reversal,servo-app/lab-0.1
1781163142.368583,72.08968591690063,B4_REVERSAL,B4_REVERSAL_R01_20260611_143109,delta-asda-b3-e,1591,RTSO|SO|OE|VE|QS|TR,3,0,35569095,601,16,0.06832,15,0.035865,301,49,4270,2391,6000,,600,,,,reversal,transition,0,no_load,both,B4: reversal,servo-app/lab-0.1
1781163142.469123,72.19022583961487,B4_REVERSAL,B4_REVERSAL_R01_20260611_143109,delta-asda-b3-e,1591,RTSO|SO|OE|VE|QS|TR,3,0,37263847,601,15,0.06405,16,0.038256,301,49,4270,2391,6000,,600,,,,reversal,transition,0,no_load,both,B4: reversal,servo-app/lab-0.1
1781163142.5696774,72.29078030586243,B4_REVERSAL,B4_REVERSAL_R01_20260611_143109,delta-asda-b3-e,1591,RTSO|SO|OE|VE|QS|TR,3,0,38958198,601,16,0.06832,20,0.04782,301,49,4270,2391,6000,,600,,,,reversal,transition,0,no_load,both,B4: reversal,servo-app/lab-0.1
1781163142.6699781,72.39108109474182,B4_REVERSAL,B4_REVERSAL_R01_20260611_143109,delta-asda-b3-e,1591,RTSO|SO|OE|VE|QS|TR,3,0,40635742,601,25,0.10675,19,0.045429,300,49,4270,2391,6000,,600,,,,reversal,transition,0,no_load,both,B4: reversal,servo-app/lab-0.1
1781163142.7705286,72.49163150787354,B4_REVERSAL,B4_REVERSAL_R01_20260611_143109,delta-asda-b3-e,1591,RTSO|SO|OE|VE|QS|TR,3,0,42313239,601,16,0.06832,20,0.04782,301,49,4270,2391,6000,,600,,,,reversal,transition,0,no_load,both,B4: reversal,servo-app/lab-0.1
1781163142.870766,72.59186887741089,B4_REVERSAL,B4_REVERSAL_R01_20260611_143109,delta-asda-b3-e,1591,RTSO|SO|OE|VE|QS|TR,3,0,44007886,602,17,0.07259,20,0.04782,301,49,4270,2391,6000,,600,,,,reversal,transition,0,no_load,both,B4: reversal,servo-app/lab-0.1
1781163142.9715335,72.69263648986816,B4_REVERSAL,B4_REVERSAL_R01_20260611_143109,delta-asda-b3-e,1591,RTSO|SO|OE|VE|QS|TR,3,0,45685738,602,17,0.07259,22,0.052602,301,49,4270,2391,6000,,600,,,,reversal,transition,0,no_load,both,B4: reversal,servo-app/lab-0.1
1781163143.0718977,72.7930006980896,B4_REVERSAL,B4_REVERSAL_R01_20260611_143109,delta-asda-b3-e,1591,RTSO|SO|OE|VE|QS|TR,3,0,47380082,601,17,0.07259,16,0.038256,301,49,4270,2391,6000,,600,,,,reversal,transition,0,no_load,both,B4: reversal,servo-app/lab-0.1
1781163143.1726384,72.89374136924744,B4_REVERSAL,B4_REVERSAL_R01_20260611_143109,delta-asda-b3-e,1591,RTSO|SO|OE|VE|QS|TR,3,0,49074624,601,17,0.07259,17,0.040647,301,49,4270,2391,6000,,600,,,,reversal,transition,0,no_load,both,B4: reversal,servo-app/lab-0.1
1781163143.2728488,72.99395179748535,B4_REVERSAL,B4_REVERSAL_R01_20260611_143109,delta-asda-b3-e,1591,RTSO|SO|OE|VE|QS|TR,3,0,50752078,601,15,0.06405,22,0.052602,301,49,4270,2391,6000,,600,,,,reversal,transition,0,no_load,both,B4: reversal,servo-app/lab-0.1
1781163143.3738618,73.09496474266052,B4_REVERSAL,B4_REVERSAL_R01_20260611_143109,delta-asda-b3-e,1591,RTSO|SO|OE|VE|QS|TR,3,0,52446848,602,17,0.07259,15,0.035865,301,49,4270,2391,6000,,600,,,,reversal,transition,0,no_load,both,B4: reversal,servo-app/lab-0.1
1781163143.473999,73.19510197639465,B4_REVERSAL,B4_REVERSAL_R01_20260611_143109,delta-asda-b3-e,1591,RTSO|SO|OE|VE|QS|TR,3,0,54124556,601,15,0.06405,19,0.045429,301,49,4270,2391,6000,,600,,,,reversal,transition,0,no_load,both,B4: reversal,servo-app/lab-0.1
1781163143.5741022,73.29520511627197,B4_REVERSAL,B4_REVERSAL_R01_20260611_143109,delta-asda-b3-e,1591,RTSO|SO|OE|VE|QS|TR,3,0,55785304,601,18,0.07686,21,0.050211,301,49,4270,2391,6000,,600,,,,reversal,transition,0,no_load,both,B4: reversal,servo-app/lab-0.1
1781163143.6746945,73.39579749107361,B4_REVERSAL,B4_REVERSAL_R01_20260611_143109,delta-asda-b3-e,1591,RTSO|SO|OE|VE|QS|TR,3,0,57479662,601,19,0.08113,21,0.050211,301,49,4270,2391,6000,,600,,,,reversal,transition,0,no_load,both,B4: reversal,servo-app/lab-0.1
1781163143.7749882,73.49609112739563,B4_REVERSAL,B4_REVERSAL_R01_20260611_143109,delta-asda-b3-e,1591,RTSO|SO|OE|VE|QS|TR,3,0,59173950,601,24,0.10248,22,0.052602,301,49,4270,2391,6000,,600,,,,reversal,transition,0,no_load,both,B4: reversal,servo-app/lab-0.1
1781163143.8754547,73.5965576171875,B4_REVERSAL,B4_REVERSAL_R01_20260611_143109,delta-asda-b3-e,1591,RTSO|SO|OE|VE|QS|TR,3,0,60851889,601,16,0.06832,20,0.04782,301,49,4270,2391,6000,,600,,,,reversal,transition,0,no_load,both,B4: reversal,servo-app/lab-0.1
1781163143.9762733,73.6973762512207,B4_REVERSAL,B4_REVERSAL_R01_20260611_143109,delta-asda-b3-e,1591,RTSO|SO|OE|VE|QS|TR,3,0,62546443,601,21,0.08967,18,0.043038,301,49,4270,2391,6000,,600,,,,reversal,transition,0,no_load,both,B4: reversal,servo-app/lab-0.1
1781163144.076526,73.79762887954712,B4_REVERSAL,B4_REVERSAL_R01_20260611_143109,delta-asda-b3-e,1591,RTSO|SO|OE|VE|QS|TR,3,0,64223903,601,16,0.06832,16,0.038256,301,49,4270,2391,6000,,600,,,,reversal,transition,0,no_load,both,B4: reversal,servo-app/lab-0.1
1781163144.1769216,73.898024559021,B4_REVERSAL,B4_REVERSAL_R01_20260611_143109,delta-asda-b3-e,1591,RTSO|SO|OE|VE|QS|TR,3,0,65918362,601,18,0.07686,22,0.052602,301,49,4270,2391,6000,,600,,,,reversal,transition,0,no_load,both,B4: reversal,servo-app/lab-0.1
1781163144.2778234,73.9989264011383,B4_REVERSAL,B4_REVERSAL_R01_20260611_143109,delta-asda-b3-e,1591,RTSO|SO|OE|VE|QS|TR,3,0,67612622,601,17,0.07259,17,0.040647,301,49,4270,2391,6000,,600,,,,reversal,transition,0,no_load,both,B4: reversal,servo-app/lab-0.1
1781163144.3782847,74.09938764572144,B4_REVERSAL,B4_REVERSAL_R01_20260611_143109,delta-asda-b3-e,1591,RTSO|SO|OE|VE|QS|TR,3,0,69290665,601,17,0.07259,17,0.040647,301,49,4270,2391,6000,,600,,,,reversal,transition,0,no_load,both,B4: reversal,servo-app/lab-0.1
1781163144.4788313,74.19993424415588,B4_REVERSAL,B4_REVERSAL_R01_20260611_143109,delta-asda-b3-e,1591,RTSO|SO|OE|VE|QS|TR,3,0,71001726,600,19,0.08113,16,0.038256,301,49,4270,2391,6000,,600,,,,reversal,transition,0,no_load,both,B4: reversal,servo-app/lab-0.1
1781163144.578939,74.3000419139862,B4_REVERSAL,B4_REVERSAL_R01_20260611_143109,delta-asda-b3-e,1591,RTSO|SO|OE|VE|QS|TR,3,0,72662685,601,17,0.07259,18,0.043038,301,49,4270,2391,6000,,600,,,,reversal,transition,0,no_load,both,B4: reversal,servo-app/lab-0.1
1781163144.6794446,74.40054750442505,B4_REVERSAL,B4_REVERSAL_R01_20260611_143109,delta-asda-b3-e,1591,RTSO|SO|OE|VE|QS|TR,3,0,74340127,600,14,0.05978,18,0.043038,301,49,4270,2391,6000,,600,,,,reversal,transition,0,no_load,both,B4: reversal,servo-app/lab-0.1
1781163144.7800856,74.50118851661682,B4_REVERSAL,B4_REVERSAL_R01_20260611_143109,delta-asda-b3-e,1591,RTSO|SO|OE|VE|QS|TR,3,0,76034525,601,20,0.0854,20,0.04782,301,49,4270,2391,6000,,600,,,,reversal,transition,0,no_load,both,B4: reversal,servo-app/lab-0.1
1781163144.8803167,74.60141968727112,B4_REVERSAL,B4_REVERSAL_R01_20260611_143109,delta-asda-b3-e,1591,RTSO|SO|OE|VE|QS|TR,3,0,77712399,601,14,0.05978,15,0.035865,301,49,4270,2391,6000,,600,,,,reversal,transition,0,no_load,both,B4: reversal,servo-app/lab-0.1
1781163144.980448,74.70155096054077,B4_REVERSAL,B4_REVERSAL_R01_20260611_143109,delta-asda-b3-e,1591,RTSO|SO|OE|VE|QS|TR,3,0,79390101,601,19,0.08113,19,0.045429,301,49,4270,2391,6000,,600,,,,reversal,transition,0,no_load,both,B4: reversal,servo-app/lab-0.1
1781163145.0810182,74.80212116241455,B4_REVERSAL,B4_REVERSAL_R01_20260611_143109,delta-asda-b3-e,1591,RTSO|SO|OE|VE|QS|TR,3,0,81067575,600,15,0.06405,16,0.038256,301,49,4270,2391,6000,,600,,,,reversal,transition,0,no_load,both,B4: reversal,servo-app/lab-0.1
1781163145.1814103,74.90251326560974,B4_REVERSAL,B4_REVERSAL_R01_20260611_143109,delta-asda-b3-e,1591,RTSO|SO|OE|VE|QS|TR,3,0,82762028,600,21,0.08967,21,0.050211,301,49,4270,2391,6000,,600,,,,reversal,transition,0,no_load,both,B4: reversal,servo-app/lab-0.1
1781163145.281901,75.0030038356781,B4_REVERSAL,B4_REVERSAL_R01_20260611_143109,delta-asda-b3-e,1591,RTSO|SO|OE|VE|QS|TR,3,0,84456386,601,14,0.05978,15,0.035865,301,49,4270,2391,6000,,600,,,,reversal,transition,0,no_load,both,B4: reversal,servo-app/lab-0.1
1781163145.3820188,75.10312175750732,B4_REVERSAL,B4_REVERSAL_R01_20260611_143109,delta-asda-b3-e,567,RTSO|SO|OE|VE|QS,3,0,85429493,-339,-18,-0.07686,-24,-0.057384,301,49,4270,2391,6000,,600,,,,reversal,transition,0,no_load,both,B4: reversal,servo-app/lab-0.1
1781163145.482622,75.20372486114502,B4_REVERSAL,B4_REVERSAL_R01_20260611_143109,delta-asda-b3-e,1591,RTSO|SO|OE|VE|QS|TR,3,0,83733988,-601,-20,-0.0854,-21,-0.050211,301,49,4270,2391,6000,,600,,,,reversal,transition,0,no_load,both,B4: reversal,servo-app/lab-0.1
1781163145.583248,75.30435085296631,B4_REVERSAL,B4_REVERSAL_R01_20260611_143109,delta-asda-b3-e,1591,RTSO|SO|OE|VE|QS|TR,3,0,82056433,-601,-19,-0.08113,-19,-0.045429,301,49,4270,2391,6000,,600,,,,reversal,transition,0,no_load,both,B4: reversal,servo-app/lab-0.1
1781163145.6834738,75.40457677841187,B4_REVERSAL,B4_REVERSAL_R01_20260611_143109,delta-asda-b3-e,1591,RTSO|SO|OE|VE|QS|TR,3,0,80378992,-600,-19,-0.08113,-23,-0.054993,301,49,4270,2391,6000,,600,,,,reversal,transition,0,no_load,both,B4: reversal,servo-app/lab-0.1
1781163145.7838433,75.50494623184204,B4_REVERSAL,B4_REVERSAL_R01_20260611_143109,delta-asda-b3-e,1591,RTSO|SO|OE|VE|QS|TR,3,0,78684254,-602,-19,-0.08113,-21,-0.050211,301,49,4270,2391,6000,,600,,,,reversal,transition,0,no_load,both,B4: reversal,servo-app/lab-0.1
1781163145.8844085,75.60551142692566,B4_REVERSAL,B4_REVERSAL_R01_20260611_143109,delta-asda-b3-e,1591,RTSO|SO|OE|VE|QS|TR,3,0,77006403,-601,-19,-0.08113,-17,-0.040647,301,49,4270,2391,6000,,600,,,,reversal,transition,0,no_load,both,B4: reversal,servo-app/lab-0.1
1781163145.985138,75.70624089241028,B4_REVERSAL,B4_REVERSAL_R01_20260611_143109,delta-asda-b3-e,1591,RTSO|SO|OE|VE|QS|TR,3,0,75311777,-601,-15,-0.06405,-16,-0.038256,301,49,4270,2391,6000,,600,,,,reversal,transition,0,no_load,both,B4: reversal,servo-app/lab-0.1
1781163146.085655,75.80675792694092,B4_REVERSAL,B4_REVERSAL_R01_20260611_143109,delta-asda-b3-e,1591,RTSO|SO|OE|VE|QS|TR,3,0,73634118,-601,-18,-0.07686,-19,-0.045429,301,49,4270,2391,6000,,600,,,,reversal,transition,0,no_load,both,B4: reversal,servo-app/lab-0.1
1781163146.1862092,75.9073121547699,B4_REVERSAL,B4_REVERSAL_R01_20260611_143109,delta-asda-b3-e,1591,RTSO|SO|OE|VE|QS|TR,3,0,71939891,-601,-16,-0.06832,-18,-0.043038,301,49,4270,2391,6000,,600,,,,reversal,transition,0,no_load,both,B4: reversal,servo-app/lab-0.1
1781163146.2866075,76.00771045684814,B4_REVERSAL,B4_REVERSAL_R01_20260611_143109,delta-asda-b3-e,1591,RTSO|SO|OE|VE|QS|TR,3,0,70262107,-601,-19,-0.08113,-18,-0.043038,301,49,4270,2391,6000,,600,,,,reversal,transition,0,no_load,both,B4: reversal,servo-app/lab-0.1
1781163146.3880196,76.10912251472473,B4_REVERSAL,B4_REVERSAL_R01_20260611_143109,delta-asda-b3-e,1591,RTSO|SO|OE|VE|QS|TR,3,0,68550597,-601,-15,-0.06405,-17,-0.040647,301,49,4270,2391,6000,,600,,,,reversal,transition,0,no_load,both,B4: reversal,servo-app/lab-0.1
1781163146.4882178,76.20932078361511,B4_REVERSAL,B4_REVERSAL_R01_20260611_143109,delta-asda-b3-e,1591,RTSO|SO|OE|VE|QS|TR,3,0,66872939,-601,-17,-0.07259,-19,-0.045429,301,49,4270,2391,6000,,600,,,,reversal,transition,0,no_load,both,B4: reversal,servo-app/lab-0.1
1781163146.5887797,76.30988264083862,B4_REVERSAL,B4_REVERSAL_R01_20260611_143109,delta-asda-b3-e,1591,RTSO|SO|OE|VE|QS|TR,3,0,65178418,-601,-18,-0.07686,-16,-0.038256,301,49,4270,2391,6000,,600,,,,reversal,transition,0,no_load,both,B4: reversal,servo-app/lab-0.1
1781163146.6891372,76.41024017333984,B4_REVERSAL,B4_REVERSAL_R01_20260611_143109,delta-asda-b3-e,1591,RTSO|SO|OE|VE|QS|TR,3,0,63500968,-600,-20,-0.0854,-20,-0.04782,301,49,4270,2391,6000,,600,,,,reversal,transition,0,no_load,both,B4: reversal,servo-app/lab-0.1
1781163146.7896664,76.51076936721802,B4_REVERSAL,B4_REVERSAL_R01_20260611_143109,delta-asda-b3-e,1591,RTSO|SO|OE|VE|QS|TR,3,0,61822962,-601,-13,-0.05551,-15,-0.035865,302,49,4270,2391,6000,,600,,,,reversal,transition,0,no_load,both,B4: reversal,servo-app/lab-0.1
1781163146.8901384,76.6112413406372,B4_REVERSAL,B4_REVERSAL_R01_20260611_143109,delta-asda-b3-e,1591,RTSO|SO|OE|VE|QS|TR,3,0,60128464,-601,-17,-0.07259,-17,-0.040647,302,49,4270,2391,6000,,600,,,,reversal,transition,0,no_load,both,B4: reversal,servo-app/lab-0.1
1781163146.9905646,76.71166753768921,B4_REVERSAL,B4_REVERSAL_R01_20260611_143109,delta-asda-b3-e,1591,RTSO|SO|OE|VE|QS|TR,3,0,58450563,-601,-14,-0.05978,-13,-0.031083,301,49,4270,2391,6000,,600,,,,reversal,transition,0,no_load,both,B4: reversal,servo-app/lab-0.1
1781163147.091819,76.81292200088501,B4_REVERSAL,B4_REVERSAL_R01_20260611_143109,delta-asda-b3-e,1591,RTSO|SO|OE|VE|QS|TR,3,0,56739442,-601,-18,-0.07686,-18,-0.043038,301,49,4270,2391,6000,,600,,,,reversal,transition,0,no_load,both,B4: reversal,servo-app/lab-0.1
1781163147.1923969,76.91349983215332,B4_REVERSAL,B4_REVERSAL_R01_20260611_143109,delta-asda-b3-e,1591,RTSO|SO|OE|VE|QS|TR,3,0,55061861,-601,-14,-0.05978,-14,-0.033474,301,49,4270,2391,6000,,600,,,,reversal,transition,0,no_load,both,B4: reversal,servo-app/lab-0.1
1781163147.2935524,77.0146553516388,B4_REVERSAL,B4_REVERSAL_R01_20260611_143109,delta-asda-b3-e,1591,RTSO|SO|OE|VE|QS|TR,3,0,53367233,-601,-22,-0.09394,-22,-0.052602,301,49,4270,2391,6000,,600,,,,reversal,transition,0,no_load,both,B4: reversal,servo-app/lab-0.1
1781163147.3946006,77.11570358276367,B4_REVERSAL,B4_REVERSAL_R01_20260611_143109,delta-asda-b3-e,1591,RTSO|SO|OE|VE|QS|TR,3,0,51672527,-601,-14,-0.05978,-15,-0.035865,301,49,4270,2391,6000,,600,,,,reversal,transition,0,no_load,both,B4: reversal,servo-app/lab-0.1
1781163147.4955916,77.21669459342957,B4_REVERSAL,B4_REVERSAL_R01_20260611_143109,delta-asda-b3-e,1591,RTSO|SO|OE|VE|QS|TR,3,0,49894348,-600,-20,-0.0854,-17,-0.040647,301,49,4270,2391,6000,,600,,,,reversal,transition,0,no_load,both,B4: reversal,servo-app/lab-0.1
1781163147.595909,77.3170120716095,B4_REVERSAL,B4_REVERSAL_R01_20260611_143109,delta-asda-b3-e,1591,RTSO|SO|OE|VE|QS|TR,3,0,48283629,-600,-16,-0.06832,-17,-0.040647,301,49,4270,2391,6000,,600,,,,reversal,transition,0,no_load,both,B4: reversal,servo-app/lab-0.1
1781163147.696081,77.4171838760376,B4_REVERSAL,B4_REVERSAL_R01_20260611_143109,delta-asda-b3-e,1591,RTSO|SO|OE|VE|QS|TR,3,0,46606128,-600,-20,-0.0854,-19,-0.045429,301,49,4270,2391,6000,,600,,,,reversal,transition,0,no_load,both,B4: reversal,servo-app/lab-0.1
1781163147.7961636,77.51726651191711,B4_REVERSAL,B4_REVERSAL_R01_20260611_143109,delta-asda-b3-e,1591,RTSO|SO|OE|VE|QS|TR,3,0,44927963,-601,-16,-0.06832,-15,-0.035865,301,49,4270,2391,6000,,600,,,,reversal,transition,0,no_load,both,B4: reversal,servo-app/lab-0.1
1781163147.8966591,77.61776208877563,B4_REVERSAL,B4_REVERSAL_R01_20260611_143109,delta-asda-b3-e,1591,RTSO|SO|OE|VE|QS|TR,3,0,43250457,-600,-20,-0.0854,-18,-0.043038,301,49,4270,2391,6000,,600,,,,reversal,transition,0,no_load,both,B4: reversal,servo-app/lab-0.1
1781163147.9967954,77.71789836883545,B4_REVERSAL,B4_REVERSAL_R01_20260611_143109,delta-asda-b3-e,1591,RTSO|SO|OE|VE|QS|TR,3,0,41572432,-601,-17,-0.07259,-18,-0.043038,301,49,4270,2391,6000,,600,,,,reversal,transition,0,no_load,both,B4: reversal,servo-app/lab-0.1
1781163148.0974157,77.81851863861084,B4_REVERSAL,B4_REVERSAL_R01_20260611_143109,delta-asda-b3-e,1591,RTSO|SO|OE|VE|QS|TR,3,0,39878326,-600,-20,-0.0854,-22,-0.052602,301,49,4270,2391,6000,,600,,,,reversal,transition,0,no_load,both,B4: reversal,servo-app/lab-0.1
1781163148.1979651,77.91906809806824,B4_REVERSAL,B4_REVERSAL_R01_20260611_143109,delta-asda-b3-e,1591,RTSO|SO|OE|VE|QS|TR,3,0,38183779,-601,-14,-0.05978,-14,-0.033474,302,49,4270,2391,6000,,600,,,,reversal,transition,0,no_load,both,B4: reversal,servo-app/lab-0.1
1781163148.2989607,78.02006363868713,B4_REVERSAL,B4_REVERSAL_R01_20260611_143109,delta-asda-b3-e,1591,RTSO|SO|OE|VE|QS|TR,3,0,36489272,-600,-20,-0.0854,-21,-0.050211,302,49,4270,2391,6000,,600,,,,reversal,transition,0,no_load,both,B4: reversal,servo-app/lab-0.1
1781163148.3995357,78.1206386089325,B4_REVERSAL,B4_REVERSAL_R01_20260611_143109,delta-asda-b3-e,1591,RTSO|SO|OE|VE|QS|TR,3,0,34811371,-601,-16,-0.06832,-15,-0.035865,301,49,4270,2391,6000,,600,,,,reversal,transition,0,no_load,both,B4: reversal,servo-app/lab-0.1
1781163148.499734,78.22083687782288,B4_REVERSAL,B4_REVERSAL_R01_20260611_143109,delta-asda-b3-e,1591,RTSO|SO|OE|VE|QS|TR,3,0,33133779,-600,-18,-0.07686,-20,-0.04782,302,49,4270,2391,6000,,600,,,,reversal,transition,0,no_load,both,B4: reversal,servo-app/lab-0.1
1781163148.59987,78.32097291946411,B4_REVERSAL,B4_REVERSAL_R01_20260611_143109,delta-asda-b3-e,1591,RTSO|SO|OE|VE|QS|TR,3,0,31422524,-601,-15,-0.06405,-17,-0.040647,301,49,4270,2391,6000,,600,,,,reversal,transition,0,no_load,both,B4: reversal,servo-app/lab-0.1
1781163148.7005334,78.42163634300232,B4_REVERSAL,B4_REVERSAL_R01_20260611_143109,delta-asda-b3-e,1591,RTSO|SO|OE|VE|QS|TR,3,0,29744905,-601,-20,-0.0854,-19,-0.045429,301,49,4270,2391,6000,,600,,,,reversal,transition,0,no_load,both,B4: reversal,servo-app/lab-0.1
1781163148.800716,78.52181887626648,B4_REVERSAL,B4_REVERSAL_R01_20260611_143109,delta-asda-b3-e,1591,RTSO|SO|OE|VE|QS|TR,3,0,28066733,-601,-17,-0.07259,-17,-0.040647,302,49,4270,2391,6000,,600,,,,reversal,transition,0,no_load,both,B4: reversal,servo-app/lab-0.1
1781163148.9013336,78.6224365234375,B4_REVERSAL,B4_REVERSAL_R01_20260611_143109,delta-asda-b3-e,1591,RTSO|SO|OE|VE|QS|TR,3,0,26389269,-601,-22,-0.09394,-19,-0.045429,301,49,4270,2391,6000,,600,,,,reversal,transition,0,no_load,both,B4: reversal,servo-app/lab-0.1
1781163149.0015762,78.7226791381836,B4_REVERSAL,B4_REVERSAL_R01_20260611_143109,delta-asda-b3-e,1591,RTSO|SO|OE|VE|QS|TR,3,0,24711224,-601,-19,-0.08113,-17,-0.040647,301,49,4270,2391,6000,,600,,,,reversal,transition,0,no_load,both,B4: reversal,servo-app/lab-0.1
1781163149.1021917,78.8232946395874,B4_REVERSAL,B4_REVERSAL_R01_20260611_143109,delta-asda-b3-e,1591,RTSO|SO|OE|VE|QS|TR,3,0,23017252,-600,-21,-0.08967,-20,-0.04782,301,49,4270,2391,6000,,600,,,,reversal,transition,0,no_load,both,B4: reversal,servo-app/lab-0.1
1781163149.2027092,78.9238121509552,B4_REVERSAL,B4_REVERSAL_R01_20260611_143109,delta-asda-b3-e,1591,RTSO|SO|OE|VE|QS|TR,3,0,21339229,-601,-19,-0.08113,-18,-0.043038,301,49,4270,2391,6000,,600,,,,reversal,transition,0,no_load,both,B4: reversal,servo-app/lab-0.1
1781163149.302925,79.02402806282043,B4_REVERSAL,B4_REVERSAL_R01_20260611_143109,delta-asda-b3-e,1591,RTSO|SO|OE|VE|QS|TR,3,0,19644855,-600,-19,-0.08113,-20,-0.04782,301,49,4270,2391,6000,,600,,,,reversal,transition,0,no_load,both,B4: reversal,servo-app/lab-0.1
1781163149.4031236,79.1242265701294,B4_REVERSAL,B4_REVERSAL_R01_20260611_143109,delta-asda-b3-e,1591,RTSO|SO|OE|VE|QS|TR,3,0,17966839,-601,-14,-0.05978,-17,-0.040647,301,49,4270,2391,6000,,600,,,,reversal,transition,0,no_load,both,B4: reversal,servo-app/lab-0.1
1781163149.5037737,79.22487664222717,B4_REVERSAL,B4_REVERSAL_R01_20260611_143109,delta-asda-b3-e,1591,RTSO|SO|OE|VE|QS|TR,3,0,16272672,-600,-19,-0.08113,-18,-0.043038,301,49,4270,2391,6000,,600,,,,reversal,transition,0,no_load,both,B4: reversal,servo-app/lab-0.1
1781163149.6043952,79.32549810409546,B4_REVERSAL,B4_REVERSAL_R01_20260611_143109,delta-asda-b3-e,1591,RTSO|SO|OE|VE|QS|TR,3,0,14594852,-600,-18,-0.07686,-16,-0.038256,301,49,4270,2391,6000,,600,,,,reversal,transition,0,no_load,both,B4: reversal,servo-app/lab-0.1
1781163149.7054212,79.42652416229248,B4_REVERSAL,B4_REVERSAL_R01_20260611_143109,delta-asda-b3-e,1591,RTSO|SO|OE|VE|QS|TR,3,0,12900347,-601,-19,-0.08113,-22,-0.052602,301,49,4270,2391,6000,,600,,,,reversal,transition,0,no_load,both,B4: reversal,servo-app/lab-0.1
1781163149.8058202,79.52692317962646,B4_REVERSAL,B4_REVERSAL_R01_20260611_143109,delta-asda-b3-e,1591,RTSO|SO|OE|VE|QS|TR,3,0,11205457,-601,-15,-0.06405,-16,-0.038256,301,49,4270,2391,6000,,600,,,,reversal,transition,0,no_load,both,B4: reversal,servo-app/lab-0.1
1781163149.9062152,79.6273181438446,B4_REVERSAL,B4_REVERSAL_R01_20260611_143109,delta-asda-b3-e,1591,RTSO|SO|OE|VE|QS|TR,3,0,9528071,-600,-18,-0.07686,-18,-0.043038,301,49,4270,2391,6000,,600,,,,reversal,transition,0,no_load,both,B4: reversal,servo-app/lab-0.1
1781163150.0071657,79.72826862335205,B4_REVERSAL,B4_REVERSAL_R01_20260611_143109,delta-asda-b3-e,1591,RTSO|SO|OE|VE|QS|TR,3,0,7833260,-600,-16,-0.06832,-17,-0.040647,301,49,4270,2391,6000,,600,,,,reversal,transition,0,no_load,both,B4: reversal,servo-app/lab-0.1
1781163150.1076832,79.82878613471985,B4_REVERSAL,B4_REVERSAL_R01_20260611_143109,delta-asda-b3-e,1591,RTSO|SO|OE|VE|QS|TR,3,0,6156120,-600,-17,-0.07259,-20,-0.04782,301,49,4270,2391,6000,,600,,,,reversal,transition,0,no_load,both,B4: reversal,servo-app/lab-0.1
1781163150.2082458,79.9293487071991,B4_REVERSAL,B4_REVERSAL_R01_20260611_143109,delta-asda-b3-e,1591,RTSO|SO|OE|VE|QS|TR,3,0,4461157,-601,-16,-0.06832,-17,-0.040647,301,49,4270,2391,6000,,600,,,,reversal,transition,0,no_load,both,B4: reversal,servo-app/lab-0.1
1781163150.3084383,80.02954125404358,B4_REVERSAL,B4_REVERSAL_R01_20260611_143109,delta-asda-b3-e,1591,RTSO|SO|OE|VE|QS|TR,3,0,2783789,-600,-18,-0.07686,-18,-0.043038,301,49,4270,2391,6000,,600,,,,reversal,transition,0,no_load,both,B4: reversal,servo-app/lab-0.1
1781163150.409112,80.13021492958069,B4_REVERSAL,B4_REVERSAL_R01_20260611_143109,delta-asda-b3-e,1591,RTSO|SO|OE|VE|QS|TR,3,0,2633524,577,22,0.09394,19,0.045429,301,49,4270,2391,6000,,600,,,,reversal,transition,0,no_load,both,B4: reversal,servo-app/lab-0.1
1781163150.509604,80.23070693016052,B4_REVERSAL,B4_REVERSAL_R01_20260611_143109,delta-asda-b3-e,1591,RTSO|SO|OE|VE|QS|TR,3,0,4311164,600,22,0.09394,20,0.04782,301,49,4270,2391,6000,,600,,,,reversal,transition,0,no_load,both,B4: reversal,servo-app/lab-0.1
1781163150.6099296,80.33103251457214,B4_REVERSAL,B4_REVERSAL_R01_20260611_143109,delta-asda-b3-e,1591,RTSO|SO|OE|VE|QS|TR,3,0,6005479,600,21,0.08967,19,0.045429,301,49,4270,2391,6000,,600,,,,reversal,transition,0,no_load,both,B4: reversal,servo-app/lab-0.1
1781163150.7104309,80.43153381347656,B4_REVERSAL,B4_REVERSAL_R01_20260611_143109,delta-asda-b3-e,1591,RTSO|SO|OE|VE|QS|TR,3,0,7683031,601,20,0.0854,19,0.045429,300,49,4270,2391,6000,,600,,,,reversal,transition,0,no_load,both,B4: reversal,servo-app/lab-0.1
1781163150.8106942,80.53179717063904,B4_REVERSAL,B4_REVERSAL_R01_20260611_143109,delta-asda-b3-e,1591,RTSO|SO|OE|VE|QS|TR,3,0,9377928,600,17,0.07259,16,0.038256,301,49,4270,2391,6000,,600,,,,reversal,transition,0,no_load,both,B4: reversal,servo-app/lab-0.1
1781163150.911168,80.63227105140686,B4_REVERSAL,B4_REVERSAL_R01_20260611_143109,delta-asda-b3-e,1591,RTSO|SO|OE|VE|QS|TR,3,0,11055113,600,20,0.0854,22,0.052602,301,49,4270,2391,6000,,600,,,,reversal,transition,0,no_load,both,B4: reversal,servo-app/lab-0.1
1781163151.011609,80.73271203041077,B4_REVERSAL,B4_REVERSAL_R01_20260611_143109,delta-asda-b3-e,1591,RTSO|SO|OE|VE|QS|TR,3,0,12733097,600,21,0.08967,20,0.04782,301,49,4270,2391,6000,,600,,,,reversal,transition,0,no_load,both,B4: reversal,servo-app/lab-0.1
1781163151.112228,80.83333086967468,B4_REVERSAL,B4_REVERSAL_R01_20260611_143109,delta-asda-b3-e,1591,RTSO|SO|OE|VE|QS|TR,3,0,14427068,600,20,0.0854,23,0.054993,300,49,4270,2391,6000,,600,,,,reversal,transition,0,no_load,both,B4: reversal,servo-app/lab-0.1
1781163151.21296,80.93406295776367,B4_REVERSAL,B4_REVERSAL_R01_20260611_143109,delta-asda-b3-e,1591,RTSO|SO|OE|VE|QS|TR,3,0,16122200,600,16,0.06832,17,0.040647,301,49,4270,2391,6000,,600,,,,reversal,transition,0,no_load,both,B4: reversal,servo-app/lab-0.1
1781163151.3130991,81.03420209884644,B4_REVERSAL,B4_REVERSAL_R01_20260611_143109,delta-asda-b3-e,1591,RTSO|SO|OE|VE|QS|TR,3,0,17799578,600,20,0.0854,22,0.052602,300,49,4270,2391,6000,,600,,,,reversal,transition,0,no_load,both,B4: reversal,servo-app/lab-0.1
1781163151.4132304,81.13433337211609,B4_REVERSAL,B4_REVERSAL_R01_20260611_143109,delta-asda-b3-e,1591,RTSO|SO|OE|VE|QS|TR,3,0,19477470,600,21,0.08967,21,0.050211,300,49,4270,2391,6000,,600,,,,reversal,transition,0,no_load,both,B4: reversal,servo-app/lab-0.1
1781163151.5134144,81.23451733589172,B4_REVERSAL,B4_REVERSAL_R01_20260611_143109,delta-asda-b3-e,1591,RTSO|SO|OE|VE|QS|TR,3,0,21154773,600,23,0.09821,22,0.052602,300,49,4270,2391,6000,,600,,,,reversal,transition,0,no_load,both,B4: reversal,servo-app/lab-0.1
1781163151.613643,81.33474588394165,B4_REVERSAL,B4_REVERSAL_R01_20260611_143109,delta-asda-b3-e,1591,RTSO|SO|OE|VE|QS|TR,3,0,22832616,600,15,0.06405,17,0.040647,300,49,4270,2391,6000,,600,,,,reversal,transition,0,no_load,both,B4: reversal,servo-app/lab-0.1
1781163151.7142212,81.43532419204712,B4_REVERSAL,B4_REVERSAL_R01_20260611_143109,delta-asda-b3-e,1591,RTSO|SO|OE|VE|QS|TR,3,0,24526846,600,21,0.08967,20,0.04782,300,49,4270,2391,6000,,600,,,,reversal,transition,0,no_load,both,B4: reversal,servo-app/lab-0.1
1781163151.814563,81.53566598892212,B4_REVERSAL,B4_REVERSAL_R01_20260611_143109,delta-asda-b3-e,1591,RTSO|SO|OE|VE|QS|TR,3,0,26204805,600,18,0.07686,19,0.045429,301,49,4270,2391,6000,,600,,,,reversal,transition,0,no_load,both,B4: reversal,servo-app/lab-0.1
1781163151.9147308,81.63583374023438,B4_REVERSAL,B4_REVERSAL_R01_20260611_143109,delta-asda-b3-e,1591,RTSO|SO|OE|VE|QS|TR,3,0,27882049,599,22,0.09394,21,0.050211,300,49,4270,2391,6000,,600,,,,reversal,transition,0,no_load,both,B4: reversal,servo-app/lab-0.1
1781163152.015152,81.73625493049622,B4_REVERSAL,B4_REVERSAL_R01_20260611_143109,delta-asda-b3-e,1591,RTSO|SO|OE|VE|QS|TR,3,0,29576718,599,19,0.08113,19,0.045429,300,49,4270,2391,6000,,600,,,,reversal,transition,0,no_load,both,B4: reversal,servo-app/lab-0.1
1781163152.1157687,81.83687162399292,B4_REVERSAL,B4_REVERSAL_R01_20260611_143109,delta-asda-b3-e,1591,RTSO|SO|OE|VE|QS|TR,3,0,31270696,599,21,0.08967,22,0.052602,300,49,4270,2391,6000,,600,,,,reversal,transition,0,no_load,both,B4: reversal,servo-app/lab-0.1
1781163152.2165446,81.93764758110046,B4_REVERSAL,B4_REVERSAL_R01_20260611_143109,delta-asda-b3-e,1591,RTSO|SO|OE|VE|QS|TR,3,0,32949038,600,17,0.07259,17,0.040647,300,49,4270,2391,6000,,600,,,,reversal,transition,0,no_load,both,B4: reversal,servo-app/lab-0.1
1781163152.316836,82.03793907165527,B4_REVERSAL,B4_REVERSAL_R01_20260611_143109,delta-asda-b3-e,1591,RTSO|SO|OE|VE|QS|TR,3,0,34643060,599,21,0.08967,22,0.052602,300,49,4270,2391,6000,,600,,,,reversal,transition,0,no_load,both,B4: reversal,servo-app/lab-0.1
1781163152.417493,82.13859605789185,B4_REVERSAL,B4_REVERSAL_R01_20260611_143109,delta-asda-b3-e,1591,RTSO|SO|OE|VE|QS|TR,3,0,36321015,599,16,0.06832,18,0.043038,301,49,4270,2391,6000,,600,,,,reversal,transition,0,no_load,both,B4: reversal,servo-app/lab-0.1
1781163152.517729,82.23883199691772,B4_REVERSAL,B4_REVERSAL_R01_20260611_143109,delta-asda-b3-e,1591,RTSO|SO|OE|VE|QS|TR,3,0,38014973,599,24,0.10248,22,0.052602,301,49,4270,2391,6000,,600,,,,reversal,transition,0,no_load,both,B4: reversal,servo-app/lab-0.1
1781163152.6182566,82.33935952186584,B4_REVERSAL,B4_REVERSAL_R01_20260611_143109,delta-asda-b3-e,1591,RTSO|SO|OE|VE|QS|TR,3,0,39692899,599,17,0.07259,17,0.040647,301,49,4270,2391,6000,,600,,,,reversal,transition,0,no_load,both,B4: reversal,servo-app/lab-0.1
1781163152.7191658,82.4402687549591,B4_REVERSAL,B4_REVERSAL_R01_20260611_143109,delta-asda-b3-e,1591,RTSO|SO|OE|VE|QS|TR,3,0,41387143,599,21,0.08967,20,0.04782,301,49,4270,2391,6000,,600,,,,reversal,transition,0,no_load,both,B4: reversal,servo-app/lab-0.1
1781163152.8195682,82.5406711101532,B4_REVERSAL,B4_REVERSAL_R01_20260611_143109,delta-asda-b3-e,1591,RTSO|SO|OE|VE|QS|TR,3,0,43081718,599,18,0.07686,19,0.045429,301,49,4270,2391,6000,,600,,,,reversal,transition,0,no_load,both,B4: reversal,servo-app/lab-0.1
1781163152.9200735,82.64117646217346,B4_REVERSAL,B4_REVERSAL_R01_20260611_143109,delta-asda-b3-e,1591,RTSO|SO|OE|VE|QS|TR,3,0,44809136,598,25,0.10675,28,0.066948,301,49,4270,2391,6000,,600,,,,reversal,transition,0,no_load,both,B4: reversal,servo-app/lab-0.1
1781163153.0208569,82.74195981025696,B4_REVERSAL,B4_REVERSAL_R01_20260611_143109,delta-asda-b3-e,1591,RTSO|SO|OE|VE|QS|TR,3,0,46453684,599,21,0.08967,18,0.043038,301,49,4270,2391,6000,,600,,,,reversal,transition,0,no_load,both,B4: reversal,servo-app/lab-0.1
1781163153.1209118,82.8420147895813,B4_REVERSAL,B4_REVERSAL_R01_20260611_143109,delta-asda-b3-e,1591,RTSO|SO|OE|VE|QS|TR,3,0,48131056,599,20,0.0854,20,0.04782,301,49,4270,2391,6000,,600,,,,reversal,transition,0,no_load,both,B4: reversal,servo-app/lab-0.1
1781163153.221336,82.94243884086609,B4_REVERSAL,B4_REVERSAL_R01_20260611_143109,delta-asda-b3-e,1591,RTSO|SO|OE|VE|QS|TR,3,0,49809434,600,21,0.08967,16,0.038256,301,49,4270,2391,6000,,600,,,,reversal,transition,0,no_load,both,B4: reversal,servo-app/lab-0.1
1781163153.3219805,83.04308342933655,B4_REVERSAL,B4_REVERSAL_R01_20260611_143109,delta-asda-b3-e,1591,RTSO|SO|OE|VE|QS|TR,3,0,51503307,598,25,0.10675,22,0.052602,301,49,4270,2391,6000,,600,,,,reversal,transition,0,no_load,both,B4: reversal,servo-app/lab-0.1
1781163153.422265,83.14336800575256,B4_REVERSAL,B4_REVERSAL_R01_20260611_143109,delta-asda-b3-e,1591,RTSO|SO|OE|VE|QS|TR,3,0,53181349,599,18,0.07686,18,0.043038,301,49,4270,2391,6000,,600,,,,reversal,transition,0,no_load,both,B4: reversal,servo-app/lab-0.1
1781163153.5224538,83.24355673789978,B4_REVERSAL,B4_REVERSAL_R01_20260611_143109,delta-asda-b3-e,1591,RTSO|SO|OE|VE|QS|TR,3,0,54858478,598,25,0.10675,27,0.064557,301,49,4270,2391,6000,,600,,,,reversal,transition,0,no_load,both,B4: reversal,servo-app/lab-0.1
1781163153.6229901,83.34409308433533,B4_REVERSAL,B4_REVERSAL_R01_20260611_143109,delta-asda-b3-e,1591,RTSO|SO|OE|VE|QS|TR,3,0,56553346,599,24,0.10248,18,0.043038,301,49,4270,2391,6000,,600,,,,reversal,transition,0,no_load,both,B4: reversal,servo-app/lab-0.1
1781163153.7233477,83.44445061683655,B4_REVERSAL,B4_REVERSAL_R01_20260611_143109,delta-asda-b3-e,1591,RTSO|SO|OE|VE|QS|TR,3,0,58230711,599,24,0.10248,22,0.052602,301,49,4270,2391,6000,,600,,,,reversal,transition,0,no_load,both,B4: reversal,servo-app/lab-0.1
1781163153.823843,83.54494595527649,B4_REVERSAL,B4_REVERSAL_R01_20260611_143109,delta-asda-b3-e,1591,RTSO|SO|OE|VE|QS|TR,3,0,59908555,598,20,0.0854,17,0.040647,302,49,4270,2391,6000,,600,,,,reversal,transition,0,no_load,both,B4: reversal,servo-app/lab-0.1
1781163153.924374,83.6454770565033,B4_REVERSAL,B4_REVERSAL_R01_20260611_143109,delta-asda-b3-e,1591,RTSO|SO|OE|VE|QS|TR,3,0,61602485,598,26,0.11102,28,0.066948,301,49,4270,2391,6000,,600,,,,reversal,transition,0,no_load,both,B4: reversal,servo-app/lab-0.1
1781163154.0253935,83.7464964389801,B4_REVERSAL,B4_REVERSAL_R01_20260611_143109,delta-asda-b3-e,1591,RTSO|SO|OE|VE|QS|TR,3,0,63297089,598,18,0.07686,18,0.043038,301,49,4270,2391,6000,,600,,,,reversal,transition,0,no_load,both,B4: reversal,servo-app/lab-0.1
1781163154.1255882,83.8466911315918,B4_REVERSAL,B4_REVERSAL_R01_20260611_143109,delta-asda-b3-e,1591,RTSO|SO|OE|VE|QS|TR,3,0,64974561,599,21,0.08967,23,0.054993,302,49,4270,2391,6000,,600,,,,reversal,transition,0,no_load,both,B4: reversal,servo-app/lab-0.1
1781163154.225937,83.94703984260559,B4_REVERSAL,B4_REVERSAL_R01_20260611_143109,delta-asda-b3-e,1591,RTSO|SO|OE|VE|QS|TR,3,0,66669586,599,17,0.07259,21,0.050211,302,49,4270,2391,6000,,600,,,,reversal,transition,0,no_load,both,B4: reversal,servo-app/lab-0.1
1781163154.3264701,84.04757308959961,B4_REVERSAL,B4_REVERSAL_R01_20260611_143109,delta-asda-b3-e,1591,RTSO|SO|OE|VE|QS|TR,3,0,68346658,598,24,0.10248,24,0.057384,302,49,4270,2391,6000,,600,,,,reversal,transition,0,no_load,both,B4: reversal,servo-app/lab-0.1
1781163154.4272554,84.14835834503174,B4_REVERSAL,B4_REVERSAL_R01_20260611_143109,delta-asda-b3-e,1591,RTSO|SO|OE|VE|QS|TR,3,0,70041422,598,19,0.08113,19,0.045429,302,49,4270,2391,6000,,600,,,,reversal,transition,0,no_load,both,B4: reversal,servo-app/lab-0.1
1781163154.5274994,84.2486023902893,B4_REVERSAL,B4_REVERSAL_R01_20260611_143109,delta-asda-b3-e,1591,RTSO|SO|OE|VE|QS|TR,3,0,71718504,598,19,0.08113,23,0.054993,302,49,4270,2391,6000,,600,,,,reversal,transition,0,no_load,both,B4: reversal,servo-app/lab-0.1
1781163154.627603,84.34870600700378,B4_REVERSAL,B4_REVERSAL_R01_20260611_143109,delta-asda-b3-e,1591,RTSO|SO|OE|VE|QS|TR,3,0,73396757,599,18,0.07686,19,0.045429,302,49,4270,2391,6000,,600,,,,reversal,transition,0,no_load,both,B4: reversal,servo-app/lab-0.1
1781163154.7278395,84.44894242286682,B4_REVERSAL,B4_REVERSAL_R01_20260611_143109,delta-asda-b3-e,1591,RTSO|SO|OE|VE|QS|TR,3,0,75090739,598,26,0.11102,24,0.057384,302,49,4270,2391,6000,,600,,,,reversal,transition,0,no_load,both,B4: reversal,servo-app/lab-0.1
1781163154.8285618,84.54966473579407,B4_REVERSAL,B4_REVERSAL_R01_20260611_143109,delta-asda-b3-e,1591,RTSO|SO|OE|VE|QS|TR,3,0,76768604,598,18,0.07686,21,0.050211,302,49,4270,2391,6000,,600,,,,reversal,transition,0,no_load,both,B4: reversal,servo-app/lab-0.1
1781163154.9290407,84.65014362335205,B4_REVERSAL,B4_REVERSAL_R01_20260611_143109,delta-asda-b3-e,1591,RTSO|SO|OE|VE|QS|TR,3,0,78462559,598,23,0.09821,24,0.057384,302,49,4270,2391,6000,,600,,,,reversal,transition,0,no_load,both,B4: reversal,servo-app/lab-0.1
1781163155.029441,84.75054407119751,B4_REVERSAL,B4_REVERSAL_R01_20260611_143109,delta-asda-b3-e,1591,RTSO|SO|OE|VE|QS|TR,3,0,80140516,598,22,0.09394,21,0.050211,302,49,4270,2391,6000,,600,,,,reversal,transition,0,no_load,both,B4: reversal,servo-app/lab-0.1
1781163155.1296086,84.85071158409119,B4_REVERSAL,B4_REVERSAL_R01_20260611_143109,delta-asda-b3-e,1591,RTSO|SO|OE|VE|QS|TR,3,0,81818082,599,19,0.08113,21,0.050211,301,49,4270,2391,6000,,600,,,,reversal,transition,0,no_load,both,B4: reversal,servo-app/lab-0.1
1781163155.2299442,84.95104718208313,B4_REVERSAL,B4_REVERSAL_R01_20260611_143109,delta-asda-b3-e,1591,RTSO|SO|OE|VE|QS|TR,3,0,83513077,599,21,0.08967,20,0.04782,301,49,4270,2391,6000,,600,,,,reversal,transition,0,no_load,both,B4: reversal,servo-app/lab-0.1
1781163155.3303502,85.05145311355591,B4_REVERSAL,B4_REVERSAL_R01_20260611_143109,delta-asda-b3-e,1591,RTSO|SO|OE|VE|QS|TR,3,0,85190176,599,23,0.09821,25,0.059775,301,49,4270,2391,6000,,600,,,,reversal,transition,0,no_load,both,B4: reversal,servo-app/lab-0.1
1781163155.430446,85.15154886245728,B4_REVERSAL,B4_REVERSAL_R01_20260611_143109,delta-asda-b3-e,1591,RTSO|SO|OE|VE|QS|TR,3,0,84854071,-594,-21,-0.08967,-20,-0.04782,301,49,4270,2391,6000,,600,,,,reversal,transition,0,no_load,both,B4: reversal,servo-app/lab-0.1
1781163155.5313594,85.25246238708496,B4_REVERSAL,B4_REVERSAL_R01_20260611_143109,delta-asda-b3-e,1591,RTSO|SO|OE|VE|QS|TR,3,0,83143427,-600,-20,-0.0854,-18,-0.043038,301,49,4270,2391,,,600,,,,reversal,transition,0,no_load,both,B4: reversal,servo-app/lab-0.1
1781163155.6472075,85.36831045150757,B4_REVERSAL,B4_REVERSAL_R01_20260611_143109,delta-asda-b3-e,1591,RTSO|SO|OE|VE|QS|TR,3,0,81214422,-599,-21,-0.08967,-24,-0.057384,301,49,4270,2391,6000,,600,,,,reversal,transition,0,no_load,both,B4: reversal,servo-app/lab-0.1
1781163155.7478216,85.4689245223999,B4_REVERSAL,B4_REVERSAL_R01_20260611_143109,delta-asda-b3-e,1591,RTSO|SO|OE|VE|QS|TR,3,0,79537056,-599,-17,-0.07259,-21,-0.050211,302,49,4270,2391,6000,,600,,,,reversal,transition,0,no_load,both,B4: reversal,servo-app/lab-0.1
1781163155.848059,85.56916189193726,B4_REVERSAL,B4_REVERSAL_R01_20260611_143109,delta-asda-b3-e,1591,RTSO|SO|OE|VE|QS|TR,3,0,77842213,-598,-21,-0.08967,-23,-0.054993,302,49,4270,2391,6000,,600,,,,reversal,transition,0,no_load,both,B4: reversal,servo-app/lab-0.1
1781163155.9486065,85.66970944404602,B4_REVERSAL,B4_REVERSAL_R01_20260611_143109,delta-asda-b3-e,1591,RTSO|SO|OE|VE|QS|TR,3,0,76164976,-598,-22,-0.09394,-21,-0.050211,301,49,4270,2391,6000,,600,,,,reversal,transition,0,no_load,both,B4: reversal,servo-app/lab-0.1
1781163156.0488937,85.7699966430664,B4_REVERSAL,B4_REVERSAL_R01_20260611_143109,delta-asda-b3-e,1591,RTSO|SO|OE|VE|QS|TR,3,0,74486842,-599,-20,-0.0854,-21,-0.050211,301,49,4270,2391,6000,,600,,,,reversal,transition,0,no_load,both,B4: reversal,servo-app/lab-0.1
1781163156.1490228,85.87012577056885,B4_REVERSAL,B4_REVERSAL_R01_20260611_143109,delta-asda-b3-e,1591,RTSO|SO|OE|VE|QS|TR,3,0,72792640,-599,-25,-0.10675,-20,-0.04782,300,49,4270,2391,6000,,600,,,,reversal,transition,0,no_load,both,B4: reversal,servo-app/lab-0.1
1781163156.249685,85.97078800201416,B4_REVERSAL,B4_REVERSAL_R01_20260611_143109,delta-asda-b3-e,1591,RTSO|SO|OE|VE|QS|TR,3,0,71030899,-599,-21,-0.08967,-25,-0.059775,301,49,4270,2391,6000,,600,,,,reversal,transition,0,no_load,both,B4: reversal,servo-app/lab-0.1
1781163156.3509398,86.07204270362854,B4_REVERSAL,B4_REVERSAL_R01_20260611_143109,delta-asda-b3-e,1591,RTSO|SO|OE|VE|QS|TR,3,0,69403789,-599,-20,-0.0854,-22,-0.052602,301,49,4270,2391,6000,,600,,,,reversal,transition,0,no_load,both,B4: reversal,servo-app/lab-0.1
1781163156.4512353,86.1723382472992,B4_REVERSAL,B4_REVERSAL_R01_20260611_143109,delta-asda-b3-e,1591,RTSO|SO|OE|VE|QS|TR,3,0,67725973,-599,-18,-0.07686,-18,-0.043038,301,49,4270,2391,6000,,600,,,,reversal,transition,0,no_load,both,B4: reversal,servo-app/lab-0.1
1781163156.5518425,86.27294540405273,B4_REVERSAL,B4_REVERSAL_R01_20260611_143109,delta-asda-b3-e,1591,RTSO|SO|OE|VE|QS|TR,3,0,66048353,-599,-15,-0.06405,-19,-0.045429,301,49,4270,2391,6000,,600,,,,reversal,transition,0,no_load,both,B4: reversal,servo-app/lab-0.1
1781163156.6520529,86.37315583229065,B4_REVERSAL,B4_REVERSAL_R01_20260611_143109,delta-asda-b3-e,1591,RTSO|SO|OE|VE|QS|TR,3,0,64336628,-599,-21,-0.08967,-19,-0.045429,301,49,4270,2391,6000,,600,,,,reversal,transition,0,no_load,both,B4: reversal,servo-app/lab-0.1
1781163156.7526684,86.47377133369446,B4_REVERSAL,B4_REVERSAL_R01_20260611_143109,delta-asda-b3-e,1591,RTSO|SO|OE|VE|QS|TR,3,0,62675964,-599,-23,-0.09821,-24,-0.057384,301,49,4270,2391,6000,,600,,,,reversal,transition,0,no_load,both,B4: reversal,servo-app/lab-0.1
1781163156.8538935,86.57499647140503,B4_REVERSAL,B4_REVERSAL_R01_20260611_143109,delta-asda-b3-e,1591,RTSO|SO|OE|VE|QS|TR,3,0,60964443,-599,-19,-0.08113,-20,-0.04782,301,49,4270,2391,6000,,600,,,,reversal,transition,0,no_load,both,B4: reversal,servo-app/lab-0.1
1781163156.9540305,86.67513346672058,B4_REVERSAL,B4_REVERSAL_R01_20260611_143109,delta-asda-b3-e,1591,RTSO|SO|OE|VE|QS|TR,3,0,59287179,-599,-17,-0.07259,-15,-0.035865,300,49,4270,2391,6000,,600,,,,reversal,transition,0,no_load,both,B4: reversal,servo-app/lab-0.1
1781163157.0543146,86.77541756629944,B4_REVERSAL,B4_REVERSAL_R01_20260611_143109,delta-asda-b3-e,1591,RTSO|SO|OE|VE|QS|TR,3,0,57608959,-600,-18,-0.07686,-24,-0.057384,300,49,4270,2391,6000,,600,,,,reversal,transition,0,no_load,both,B4: reversal,servo-app/lab-0.1
1781163157.1546233,86.87572622299194,B4_REVERSAL,B4_REVERSAL_R01_20260611_143109,delta-asda-b3-e,1591,RTSO|SO|OE|VE|QS|TR,3,0,55931573,-599,-22,-0.09394,-18,-0.043038,300,49,4270,2391,6000,,600,,,,reversal,transition,0,no_load,both,B4: reversal,servo-app/lab-0.1
1781163157.255656,86.97675895690918,B4_REVERSAL,B4_REVERSAL_R01_20260611_143109,delta-asda-b3-e,1591,RTSO|SO|OE|VE|QS|TR,3,0,54236833,-600,-23,-0.09821,-25,-0.059775,300,49,4270,2391,6000,,600,,,,reversal,transition,0,no_load,both,B4: reversal,servo-app/lab-0.1
1781163157.3564248,87.07752776145935,B4_REVERSAL,B4_REVERSAL_R01_20260611_143109,delta-asda-b3-e,1591,RTSO|SO|OE|VE|QS|TR,3,0,52542619,-599,-20,-0.0854,-22,-0.052602,300,49,4270,2391,6000,,600,,,,reversal,transition,0,no_load,both,B4: reversal,servo-app/lab-0.1
1781163157.4573781,87.17848110198975,B4_REVERSAL,B4_REVERSAL_R01_20260611_143109,delta-asda-b3-e,1591,RTSO|SO|OE|VE|QS|TR,3,0,50847935,-600,-21,-0.08967,-17,-0.040647,301,49,4270,2391,6000,,600,,,,reversal,transition,0,no_load,both,B4: reversal,servo-app/lab-0.1
1781163157.5592375,87.28034043312073,B4_REVERSAL,B4_REVERSAL_R01_20260611_143109,delta-asda-b3-e,1591,RTSO|SO|OE|VE|QS|TR,3,0,49136632,-600,-24,-0.10248,-25,-0.059775,301,49,4270,2391,6000,,600,,,,reversal,transition,0,no_load,both,B4: reversal,servo-app/lab-0.1
1781163157.6597435,87.38084650039673,B4_REVERSAL,B4_REVERSAL_R01_20260611_143109,delta-asda-b3-e,1591,RTSO|SO|OE|VE|QS|TR,3,0,47458600,-600,-22,-0.09394,-20,-0.04782,300,49,4270,2391,6000,,600,,,,reversal,transition,0,no_load,both,B4: reversal,servo-app/lab-0.1
1781163157.760787,87.48188996315002,B4_REVERSAL,B4_REVERSAL_R01_20260611_143109,delta-asda-b3-e,1591,RTSO|SO|OE|VE|QS|TR,3,0,45764277,-600,-25,-0.10675,-16,-0.038256,301,49,4270,2391,6000,,600,,,,reversal,transition,0,no_load,both,B4: reversal,servo-app/lab-0.1
1781163157.8612943,87.58239722251892,B4_REVERSAL,B4_REVERSAL_R01_20260611_143109,delta-asda-b3-e,1591,RTSO|SO|OE|VE|QS|TR,3,0,44069615,-600,-21,-0.08967,-19,-0.045429,301,49,4270,2391,6000,,600,,,,reversal,transition,0,no_load,both,B4: reversal,servo-app/lab-0.1
1781163157.9613986,87.68250155448914,B4_REVERSAL,B4_REVERSAL_R01_20260611_143109,delta-asda-b3-e,1591,RTSO|SO|OE|VE|QS|TR,3,0,42392261,-600,-25,-0.10675,-26,-0.062166,300,49,4270,2391,6000,,600,,,,reversal,transition,0,no_load,both,B4: reversal,servo-app/lab-0.1
1781163158.0620136,87.78311657905579,B4_REVERSAL,B4_REVERSAL_R01_20260611_143109,delta-asda-b3-e,1591,RTSO|SO|OE|VE|QS|TR,3,0,40697182,-600,-20,-0.0854,-17,-0.040647,300,49,4270,2391,6000,,600,,,,reversal,transition,0,no_load,both,B4: reversal,servo-app/lab-0.1
1781163158.1626084,87.88371133804321,B4_REVERSAL,B4_REVERSAL_R01_20260611_143109,delta-asda-b3-e,1591,RTSO|SO|OE|VE|QS|TR,3,0,39019842,-600,-21,-0.08967,-18,-0.043038,300,49,4270,2391,6000,,600,,,,reversal,transition,0,no_load,both,B4: reversal,servo-app/lab-0.1
1781163158.2629452,87.98404812812805,B4_REVERSAL,B4_REVERSAL_R01_20260611_143109,delta-asda-b3-e,1591,RTSO|SO|OE|VE|QS|TR,3,0,37325068,-600,-22,-0.09394,-22,-0.052602,300,49,4270,2391,6000,,600,,,,reversal,transition,0,no_load,both,B4: reversal,servo-app/lab-0.1
1781163158.3633404,88.08444333076477,B4_REVERSAL,B4_REVERSAL_R01_20260611_143109,delta-asda-b3-e,1591,RTSO|SO|OE|VE|QS|TR,3,0,35647765,-600,-20,-0.0854,-20,-0.04782,301,49,4270,2391,6000,,600,,,,reversal,transition,0,no_load,both,B4: reversal,servo-app/lab-0.1
1781163158.4637036,88.18480658531189,B4_REVERSAL,B4_REVERSAL_R01_20260611_143109,delta-asda-b3-e,1591,RTSO|SO|OE|VE|QS|TR,3,0,33969741,-600,-15,-0.06405,-22,-0.052602,300,49,4270,2391,6000,,600,,,,reversal,transition,0,no_load,both,B4: reversal,servo-app/lab-0.1
1781163158.5640962,88.28519916534424,B4_REVERSAL,B4_REVERSAL_R01_20260611_143109,delta-asda-b3-e,1591,RTSO|SO|OE|VE|QS|TR,3,0,32275300,-600,-20,-0.0854,-21,-0.050211,301,49,4270,2391,6000,,600,,,,reversal,transition,0,no_load,both,B4: reversal,servo-app/lab-0.1
1781163158.6646562,88.38575911521912,B4_REVERSAL,B4_REVERSAL_R01_20260611_143109,delta-asda-b3-e,1591,RTSO|SO|OE|VE|QS|TR,3,0,30597297,-600,-17,-0.07259,-19,-0.045429,300,49,4270,2391,6000,,600,,,,reversal,transition,0,no_load,both,B4: reversal,servo-app/lab-0.1
1781163158.7651196,88.48622250556946,B4_REVERSAL,B4_REVERSAL_R01_20260611_143109,delta-asda-b3-e,1591,RTSO|SO|OE|VE|QS|TR,3,0,28903075,-600,-25,-0.10675,-26,-0.062166,301,49,4270,2391,6000,,600,,,,reversal,transition,0,no_load,both,B4: reversal,servo-app/lab-0.1
1781163158.8657663,88.58686923980713,B4_REVERSAL,B4_REVERSAL_R01_20260611_143109,delta-asda-b3-e,1591,RTSO|SO|OE|VE|QS|TR,3,0,27225303,-599,-21,-0.08967,-19,-0.045429,301,49,4270,2391,6000,,600,,,,reversal,transition,0,no_load,both,B4: reversal,servo-app/lab-0.1
1781163158.9658818,88.68698477745056,B4_REVERSAL,B4_REVERSAL_R01_20260611_143109,delta-asda-b3-e,1591,RTSO|SO|OE|VE|QS|TR,3,0,25547735,-600,-22,-0.09394,-26,-0.062166,300,49,4270,2391,6000,,600,,,,reversal,transition,0,no_load,both,B4: reversal,servo-app/lab-0.1
1781163159.0665064,88.78760933876038,B4_REVERSAL,B4_REVERSAL_R01_20260611_143109,delta-asda-b3-e,1591,RTSO|SO|OE|VE|QS|TR,3,0,23852866,-600,-17,-0.07259,-19,-0.045429,301,49,4270,2391,6000,,600,,,,reversal,transition,0,no_load,both,B4: reversal,servo-app/lab-0.1
1781163159.1668932,88.88799619674683,B4_REVERSAL,B4_REVERSAL_R01_20260611_143109,delta-asda-b3-e,1591,RTSO|SO|OE|VE|QS|TR,3,0,22158764,-600,-28,-0.11956,-27,-0.064557,301,49,4270,2391,6000,,600,,,,reversal,transition,0,no_load,both,B4: reversal,servo-app/lab-0.1
1781163159.2672307,88.9883337020874,B4_REVERSAL,B4_REVERSAL_R01_20260611_143109,delta-asda-b3-e,1591,RTSO|SO|OE|VE|QS|TR,3,0,20480840,-600,-18,-0.07686,-24,-0.057384,300,49,4270,2391,6000,,600,,,,reversal,transition,0,no_load,both,B4: reversal,servo-app/lab-0.1
1781163159.367523,89.08862590789795,B4_REVERSAL,B4_REVERSAL_R01_20260611_143109,delta-asda-b3-e,1591,RTSO|SO|OE|VE|QS|TR,3,0,18803541,-599,-18,-0.07686,-21,-0.050211,300,49,4270,2391,6000,,600,,,,reversal,transition,0,no_load,both,B4: reversal,servo-app/lab-0.1
1781163159.4683611,89.18946409225464,B4_REVERSAL,B4_REVERSAL_R01_20260611_143109,delta-asda-b3-e,1591,RTSO|SO|OE|VE|QS|TR,3,0,17108686,-600,-20,-0.0854,-20,-0.04782,301,49,4270,2391,6000,,600,,,,reversal,transition,0,no_load,both,B4: reversal,servo-app/lab-0.1
1781163159.568524,89.28962683677673,B4_REVERSAL,B4_REVERSAL_R01_20260611_143109,delta-asda-b3-e,1591,RTSO|SO|OE|VE|QS|TR,3,0,15431156,-600,-19,-0.08113,-22,-0.052602,301,49,4270,2391,6000,,600,,,,reversal,transition,0,no_load,both,B4: reversal,servo-app/lab-0.1
1781163159.6687887,89.38989162445068,B4_REVERSAL,B4_REVERSAL_R01_20260611_143109,delta-asda-b3-e,1591,RTSO|SO|OE|VE|QS|TR,3,0,13753081,-600,-19,-0.08113,-18,-0.043038,301,49,4270,2391,6000,,600,,,,reversal,transition,0,no_load,both,B4: reversal,servo-app/lab-0.1
1781163159.7697556,89.49085855484009,B4_REVERSAL,B4_REVERSAL_R01_20260611_143109,delta-asda-b3-e,1591,RTSO|SO|OE|VE|QS|TR,3,0,12058943,-599,-20,-0.0854,-23,-0.054993,301,49,4270,2391,6000,,600,,,,reversal,transition,0,no_load,both,B4: reversal,servo-app/lab-0.1
1781163159.870352,89.59145498275757,B4_REVERSAL,B4_REVERSAL_R01_20260611_143109,delta-asda-b3-e,1591,RTSO|SO|OE|VE|QS|TR,3,0,10364357,-599,-22,-0.09394,-23,-0.054993,301,49,4270,2391,6000,,600,,,,reversal,transition,0,no_load,both,B4: reversal,servo-app/lab-0.1
1781163159.9707737,89.69187664985657,B4_REVERSAL,B4_REVERSAL_R01_20260611_143109,delta-asda-b3-e,1591,RTSO|SO|OE|VE|QS|TR,3,0,8686676,-600,-20,-0.0854,-19,-0.045429,301,49,4270,2391,6000,,600,,,,reversal,transition,0,no_load,both,B4: reversal,servo-app/lab-0.1
1781163160.0708916,89.79199457168579,B4_REVERSAL,B4_REVERSAL_R01_20260611_143109,delta-asda-b3-e,1591,RTSO|SO|OE|VE|QS|TR,3,0,7008620,-600,-21,-0.08967,-21,-0.050211,301,49,4270,2391,6000,,600,,,,reversal,transition,0,no_load,both,B4: reversal,servo-app/lab-0.1
1781163160.1711495,89.89225244522095,B4_REVERSAL,B4_REVERSAL_R01_20260611_143109,delta-asda-b3-e,1591,RTSO|SO|OE|VE|QS|TR,3,0,5314482,-600,-20,-0.0854,-22,-0.052602,301,49,4270,2391,6000,,600,,,,reversal,transition,0,no_load,both,B4: reversal,servo-app/lab-0.1
1781163160.271601,89.99270391464233,B4_REVERSAL,B4_REVERSAL_R01_20260611_143109,delta-asda-b3-e,5687,RTSO|SO|OE|VE|QS|TR|ACK,3,0,4663228,-2,-8,-0.03416,-8,-0.019128,301,49,4270,2391,6000,,600,,,,reversal,transition,0,no_load,both,B4: reversal,servo-app/lab-0.1
