ts,t,experiment_id,session_id,device_id,statusword,statusword_flags,mode_display,error_code,position,velocity,current,current_A,torque,torque_Nm,dc_bus_voltage,drive_temp,rated_current,rated_torque,max_motor_speed,target_position,target_velocity,target_torque,acceleration_cmd,deceleration_cmd,regime_label,risk_label,is_artificial_anomaly,load_type,direction,operator_comment,software_version
1781172426.9954615,0.0,C4_SPEED_1200,C4_SPEED_1200_R02_20260611_170706,delta-asda-b3-e,567,RTSO|SO|OE|VE|QS,3,0,-1274477445,896,19,0.08113,18,0.043038,308,47,4270,2391,6000,,1200,,,,constant_speed,transition,0,no_load,cw,C4: 1200 rpm,servo-app/lab-0.1
1781172427.0959156,0.10045409202575684,C4_SPEED_1200,C4_SPEED_1200_R02_20260611_170706,delta-asda-b3-e,1591,RTSO|SO|OE|VE|QS|TR,3,0,-1271186489,1199,22,0.09394,23,0.054993,308,47,4270,2391,6000,,1200,,,,constant_speed,transition,0,no_load,cw,C4: 1200 rpm,servo-app/lab-0.1
1781172427.196099,0.2006375789642334,C4_SPEED_1200,C4_SPEED_1200_R02_20260611_170706,delta-asda-b3-e,1591,RTSO|SO|OE|VE|QS|TR,3,0,-1267764321,1199,21,0.08967,22,0.052602,308,47,4270,2391,6000,,1200,,,,constant_speed,transition,0,no_load,cw,C4: 1200 rpm,servo-app/lab-0.1
1781172427.2965407,0.30107927322387695,C4_SPEED_1200,C4_SPEED_1200_R02_20260611_170706,delta-asda-b3-e,1591,RTSO|SO|OE|VE|QS|TR,3,0,-1264408739,1200,21,0.08967,21,0.050211,308,47,4270,2391,6000,,1200,,,,constant_speed,transition,0,no_load,cw,C4: 1200 rpm,servo-app/lab-0.1
1781172427.3970473,0.40158581733703613,C4_SPEED_1200,C4_SPEED_1200_R02_20260611_170706,delta-asda-b3-e,1591,RTSO|SO|OE|VE|QS|TR,3,0,-1261053382,1199,21,0.08967,21,0.050211,308,47,4270,2391,6000,,1200,,,,constant_speed,transition,0,no_load,cw,C4: 1200 rpm,servo-app/lab-0.1
1781172427.497417,0.501955509185791,C4_SPEED_1200,C4_SPEED_1200_R02_20260611_170706,delta-asda-b3-e,1591,RTSO|SO|OE|VE|QS|TR,3,0,-1257630745,1200,21,0.08967,21,0.050211,308,47,4270,2391,6000,,1200,,,,constant_speed,transition,0,no_load,cw,C4: 1200 rpm,servo-app/lab-0.1
1781172427.5977666,0.6023051738739014,C4_SPEED_1200,C4_SPEED_1200_R02_20260611_170706,delta-asda-b3-e,1591,RTSO|SO|OE|VE|QS|TR,3,0,-1254275443,1199,17,0.07259,20,0.04782,308,47,4270,2391,6000,,1200,,,,constant_speed,transition,0,no_load,cw,C4: 1200 rpm,servo-app/lab-0.1
1781172427.6982038,0.702742338180542,C4_SPEED_1200,C4_SPEED_1200_R02_20260611_170706,delta-asda-b3-e,1591,RTSO|SO|OE|VE|QS|TR,3,0,-1250920324,1199,15,0.06405,19,0.045429,308,47,4270,2391,6000,,1200,,,,constant_speed,transition,0,no_load,cw,C4: 1200 rpm,servo-app/lab-0.1
1781172427.7982304,0.8027689456939697,C4_SPEED_1200,C4_SPEED_1200_R02_20260611_170706,delta-asda-b3-e,1591,RTSO|SO|OE|VE|QS|TR,3,0,-1247598246,1200,21,0.08967,22,0.052602,308,47,4270,2391,6000,,1200,,,,constant_speed,transition,0,no_load,cw,C4: 1200 rpm,servo-app/lab-0.1
1781172427.8982594,0.9027979373931885,C4_SPEED_1200,C4_SPEED_1200_R02_20260611_170706,delta-asda-b3-e,1591,RTSO|SO|OE|VE|QS|TR,3,0,-1244209406,1199,20,0.0854,20,0.04782,308,47,4270,2391,6000,,1200,,,,constant_speed,transition,0,no_load,cw,C4: 1200 rpm,servo-app/lab-0.1
1781172427.9986982,1.0032367706298828,C4_SPEED_1200,C4_SPEED_1200_R02_20260611_170706,delta-asda-b3-e,1591,RTSO|SO|OE|VE|QS|TR,3,0,-1240820321,1200,23,0.09821,21,0.050211,308,47,4270,2391,6000,,1200,,,,constant_speed,transition,0,no_load,cw,C4: 1200 rpm,servo-app/lab-0.1
1781172428.0989795,1.103518009185791,C4_SPEED_1200,C4_SPEED_1200_R02_20260611_170706,delta-asda-b3-e,1591,RTSO|SO|OE|VE|QS|TR,3,0,-1237465035,1199,18,0.07686,18,0.043038,308,47,4270,2391,6000,,1200,,,,constant_speed,transition,0,no_load,cw,C4: 1200 rpm,servo-app/lab-0.1
1781172428.199831,1.2043695449829102,C4_SPEED_1200,C4_SPEED_1200_R02_20260611_170706,delta-asda-b3-e,1591,RTSO|SO|OE|VE|QS|TR,3,0,-1234076388,1199,17,0.07259,21,0.050211,308,47,4270,2391,6000,,1200,,,,constant_speed,transition,0,no_load,cw,C4: 1200 rpm,servo-app/lab-0.1
1781172428.2999377,1.304476261138916,C4_SPEED_1200,C4_SPEED_1200_R02_20260611_170706,delta-asda-b3-e,1591,RTSO|SO|OE|VE|QS|TR,3,0,-1230787803,1200,21,0.08967,21,0.050211,308,47,4270,2391,6000,,1200,,,,constant_speed,transition,0,no_load,cw,C4: 1200 rpm,servo-app/lab-0.1
1781172428.4000244,1.4045629501342773,C4_SPEED_1200,C4_SPEED_1200_R02_20260611_170706,delta-asda-b3-e,1591,RTSO|SO|OE|VE|QS|TR,3,0,-1227398955,1199,12,0.05124,21,0.050211,308,47,4270,2391,6000,,1200,,,,constant_speed,transition,0,no_load,cw,C4: 1200 rpm,servo-app/lab-0.1
1781172428.5007792,1.5053176879882812,C4_SPEED_1200,C4_SPEED_1200_R02_20260611_170706,delta-asda-b3-e,1591,RTSO|SO|OE|VE|QS|TR,3,0,-1224009818,1200,14,0.05978,18,0.043038,308,47,4270,2391,6000,,1200,,,,constant_speed,transition,0,no_load,cw,C4: 1200 rpm,servo-app/lab-0.1
1781172428.6013155,1.6058540344238281,C4_SPEED_1200,C4_SPEED_1200_R02_20260611_170706,delta-asda-b3-e,1591,RTSO|SO|OE|VE|QS|TR,3,0,-1220587401,1200,17,0.07259,22,0.052602,308,47,4270,2391,6000,,1200,,,,constant_speed,transition,0,no_load,cw,C4: 1200 rpm,servo-app/lab-0.1
1781172428.7013814,1.7059199810028076,C4_SPEED_1200,C4_SPEED_1200_R02_20260611_170706,delta-asda-b3-e,1591,RTSO|SO|OE|VE|QS|TR,3,0,-1217232256,1200,23,0.09821,24,0.057384,308,47,4270,2391,6000,,1200,,,,constant_speed,transition,0,no_load,cw,C4: 1200 rpm,servo-app/lab-0.1
1781172428.801422,1.8059606552124023,C4_SPEED_1200,C4_SPEED_1200_R02_20260611_170706,delta-asda-b3-e,1591,RTSO|SO|OE|VE|QS|TR,3,0,-1213910288,1200,21,0.08967,20,0.04782,309,47,4270,2391,6000,,1200,,,,constant_speed,transition,0,no_load,cw,C4: 1200 rpm,servo-app/lab-0.1
1781172428.9014666,1.9060051441192627,C4_SPEED_1200,C4_SPEED_1200_R02_20260611_170706,delta-asda-b3-e,1591,RTSO|SO|OE|VE|QS|TR,3,0,-1210521435,1200,17,0.07259,17,0.040647,308,47,4270,2391,6000,,1200,,,,constant_speed,transition,0,no_load,cw,C4: 1200 rpm,servo-app/lab-0.1
1781172429.001919,2.006457567214966,C4_SPEED_1200,C4_SPEED_1200_R02_20260611_170706,delta-asda-b3-e,1591,RTSO|SO|OE|VE|QS|TR,3,0,-1207165706,1200,20,0.0854,14,0.033474,308,47,4270,2391,6000,,1200,,,,constant_speed,transition,0,no_load,cw,C4: 1200 rpm,servo-app/lab-0.1
1781172429.1022146,2.10675311088562,C4_SPEED_1200,C4_SPEED_1200_R02_20260611_170706,delta-asda-b3-e,1591,RTSO|SO|OE|VE|QS|TR,3,0,-1203776857,1200,18,0.07686,15,0.035865,308,47,4270,2391,6000,,1200,,,,constant_speed,transition,0,no_load,cw,C4: 1200 rpm,servo-app/lab-0.1
1781172429.202248,2.206786632537842,C4_SPEED_1200,C4_SPEED_1200_R02_20260611_170706,delta-asda-b3-e,1591,RTSO|SO|OE|VE|QS|TR,3,0,-1200455317,1200,19,0.08113,17,0.040647,308,47,4270,2391,6000,,1200,,,,constant_speed,transition,0,no_load,cw,C4: 1200 rpm,servo-app/lab-0.1
1781172429.3027513,2.3072898387908936,C4_SPEED_1200,C4_SPEED_1200_R02_20260611_170706,delta-asda-b3-e,1591,RTSO|SO|OE|VE|QS|TR,3,0,-1197066183,1200,18,0.07686,21,0.050211,308,47,4270,2391,6000,,1200,,,,constant_speed,transition,0,no_load,cw,C4: 1200 rpm,servo-app/lab-0.1
1781172429.4032164,2.407754898071289,C4_SPEED_1200,C4_SPEED_1200_R02_20260611_170706,delta-asda-b3-e,1591,RTSO|SO|OE|VE|QS|TR,3,0,-1193710909,1200,19,0.08113,20,0.04782,308,47,4270,2391,6000,,1200,,,,constant_speed,transition,0,no_load,cw,C4: 1200 rpm,servo-app/lab-0.1
1781172429.503615,2.5081534385681152,C4_SPEED_1200,C4_SPEED_1200_R02_20260611_170706,delta-asda-b3-e,1591,RTSO|SO|OE|VE|QS|TR,3,0,-1190388796,1200,24,0.10248,20,0.04782,308,47,4270,2391,6000,,1200,,,,constant_speed,transition,0,no_load,cw,C4: 1200 rpm,servo-app/lab-0.1
1781172429.603831,2.6083695888519287,C4_SPEED_1200,C4_SPEED_1200_R02_20260611_170706,delta-asda-b3-e,1591,RTSO|SO|OE|VE|QS|TR,3,0,-1187033545,1200,15,0.06405,17,0.040647,308,47,4270,2391,6000,,1200,,,,constant_speed,transition,0,no_load,cw,C4: 1200 rpm,servo-app/lab-0.1
1781172429.7040784,2.7086169719696045,C4_SPEED_1200,C4_SPEED_1200_R02_20260611_170706,delta-asda-b3-e,1591,RTSO|SO|OE|VE|QS|TR,3,0,-1183644733,1200,18,0.07686,16,0.038256,309,47,4270,2391,6000,,1200,,,,constant_speed,transition,0,no_load,cw,C4: 1200 rpm,servo-app/lab-0.1
1781172429.8043153,2.8088538646698,C4_SPEED_1200,C4_SPEED_1200_R02_20260611_170706,delta-asda-b3-e,1591,RTSO|SO|OE|VE|QS|TR,3,0,-1180221971,1201,19,0.08113,20,0.04782,309,47,4270,2391,6000,,1200,,,,constant_speed,transition,0,no_load,cw,C4: 1200 rpm,servo-app/lab-0.1
1781172429.9043493,2.9088878631591797,C4_SPEED_1200,C4_SPEED_1200_R02_20260611_170706,delta-asda-b3-e,1591,RTSO|SO|OE|VE|QS|TR,3,0,-1176900293,1200,19,0.08113,22,0.052602,308,47,4270,2391,6000,,1200,,,,constant_speed,transition,0,no_load,cw,C4: 1200 rpm,servo-app/lab-0.1
1781172430.0044222,3.008960723876953,C4_SPEED_1200,C4_SPEED_1200_R02_20260611_170706,delta-asda-b3-e,1591,RTSO|SO|OE|VE|QS|TR,3,0,-1173510958,1201,19,0.08113,18,0.043038,308,47,4270,2391,6000,,1200,,,,constant_speed,transition,0,no_load,cw,C4: 1200 rpm,servo-app/lab-0.1
1781172430.10459,3.109128475189209,C4_SPEED_1200,C4_SPEED_1200_R02_20260611_170706,delta-asda-b3-e,1591,RTSO|SO|OE|VE|QS|TR,3,0,-1170155689,1200,19,0.08113,20,0.04782,308,47,4270,2391,6000,,1200,,,,constant_speed,transition,0,no_load,cw,C4: 1200 rpm,servo-app/lab-0.1
1781172430.2046337,3.209172248840332,C4_SPEED_1200,C4_SPEED_1200_R02_20260611_170706,delta-asda-b3-e,1591,RTSO|SO|OE|VE|QS|TR,3,0,-1166867750,1200,21,0.08967,14,0.033474,308,47,4270,2391,6000,,1200,,,,constant_speed,transition,0,no_load,cw,C4: 1200 rpm,servo-app/lab-0.1
1781172430.3053212,3.3098597526550293,C4_SPEED_1200,C4_SPEED_1200_R02_20260611_170706,delta-asda-b3-e,1591,RTSO|SO|OE|VE|QS|TR,3,0,-1163411412,1201,20,0.0854,20,0.04782,308,47,4270,2391,6000,,1200,,,,constant_speed,transition,0,no_load,cw,C4: 1200 rpm,servo-app/lab-0.1
1781172430.405761,3.41029953956604,C4_SPEED_1200,C4_SPEED_1200_R02_20260611_170706,delta-asda-b3-e,1591,RTSO|SO|OE|VE|QS|TR,3,0,-1160089779,1200,19,0.08113,18,0.043038,308,47,4270,2391,6000,,1200,,,,constant_speed,transition,0,no_load,cw,C4: 1200 rpm,servo-app/lab-0.1
1781172430.505791,3.510329484939575,C4_SPEED_1200,C4_SPEED_1200_R02_20260611_170706,delta-asda-b3-e,1591,RTSO|SO|OE|VE|QS|TR,3,0,-1156700470,1201,19,0.08113,19,0.045429,308,47,4270,2391,6000,,1200,,,,constant_speed,transition,0,no_load,cw,C4: 1200 rpm,servo-app/lab-0.1
1781172430.6061509,3.610689401626587,C4_SPEED_1200,C4_SPEED_1200_R02_20260611_170706,delta-asda-b3-e,1591,RTSO|SO|OE|VE|QS|TR,3,0,-1153345224,1200,19,0.08113,20,0.04782,308,47,4270,2391,6000,,1200,,,,constant_speed,transition,0,no_load,cw,C4: 1200 rpm,servo-app/lab-0.1
1781172430.7063398,3.710878372192383,C4_SPEED_1200,C4_SPEED_1200_R02_20260611_170706,delta-asda-b3-e,1591,RTSO|SO|OE|VE|QS|TR,3,0,-1150023557,1201,19,0.08113,18,0.043038,308,47,4270,2391,6000,,1200,,,,constant_speed,transition,0,no_load,cw,C4: 1200 rpm,servo-app/lab-0.1
1781172430.8067887,3.8113272190093994,C4_SPEED_1200,C4_SPEED_1200_R02_20260611_170706,delta-asda-b3-e,1591,RTSO|SO|OE|VE|QS|TR,3,0,-1146668091,1201,19,0.08113,19,0.045429,308,47,4270,2391,6000,,1200,,,,constant_speed,transition,0,no_load,cw,C4: 1200 rpm,servo-app/lab-0.1
1781172430.9072325,3.911771059036255,C4_SPEED_1200,C4_SPEED_1200_R02_20260611_170706,delta-asda-b3-e,1591,RTSO|SO|OE|VE|QS|TR,3,0,-1143279175,1200,19,0.08113,23,0.054993,308,47,4270,2391,6000,,1200,,,,constant_speed,transition,0,no_load,cw,C4: 1200 rpm,servo-app/lab-0.1
1781172431.0079362,4.012474775314331,C4_SPEED_1200,C4_SPEED_1200_R02_20260611_170706,delta-asda-b3-e,1591,RTSO|SO|OE|VE|QS|TR,3,0,-1139856314,1201,19,0.08113,19,0.045429,308,47,4270,2391,6000,,1200,,,,constant_speed,transition,0,no_load,cw,C4: 1200 rpm,servo-app/lab-0.1
1781172431.1083226,4.112861156463623,C4_SPEED_1200,C4_SPEED_1200_R02_20260611_170706,delta-asda-b3-e,1591,RTSO|SO|OE|VE|QS|TR,3,0,-1136534655,1200,19,0.08113,20,0.04782,308,47,4270,2391,6000,,1200,,,,constant_speed,transition,0,no_load,cw,C4: 1200 rpm,servo-app/lab-0.1
1781172431.2088778,4.213416337966919,C4_SPEED_1200,C4_SPEED_1200_R02_20260611_170706,delta-asda-b3-e,1591,RTSO|SO|OE|VE|QS|TR,3,0,-1133145710,1201,18,0.07686,20,0.04782,308,47,4270,2391,6000,,1200,,,,constant_speed,transition,0,no_load,cw,C4: 1200 rpm,servo-app/lab-0.1
1781172431.309903,4.314441442489624,C4_SPEED_1200,C4_SPEED_1200_R02_20260611_170706,delta-asda-b3-e,1591,RTSO|SO|OE|VE|QS|TR,3,0,-1129723224,1201,19,0.08113,19,0.045429,308,47,4270,2391,6000,,1200,,,,constant_speed,transition,0,no_load,cw,C4: 1200 rpm,servo-app/lab-0.1
1781172431.4100873,4.414625883102417,C4_SPEED_1200,C4_SPEED_1200_R02_20260611_170706,delta-asda-b3-e,1591,RTSO|SO|OE|VE|QS|TR,3,0,-1126401493,1200,19,0.08113,19,0.045429,308,47,4270,2391,6000,,1200,,,,constant_speed,transition,0,no_load,cw,C4: 1200 rpm,servo-app/lab-0.1
1781172431.5105739,4.515112400054932,C4_SPEED_1200,C4_SPEED_1200_R02_20260611_170706,delta-asda-b3-e,1591,RTSO|SO|OE|VE|QS|TR,3,0,-1122978613,1201,21,0.08967,19,0.045429,308,47,4270,2391,6000,,1200,,,,constant_speed,transition,0,no_load,cw,C4: 1200 rpm,servo-app/lab-0.1
1781172431.6107574,4.615295886993408,C4_SPEED_1200,C4_SPEED_1200_R02_20260611_170706,delta-asda-b3-e,1591,RTSO|SO|OE|VE|QS|TR,3,0,-1119657059,1201,18,0.07686,20,0.04782,308,47,4270,2391,6000,,1200,,,,constant_speed,transition,0,no_load,cw,C4: 1200 rpm,servo-app/lab-0.1
1781172431.711157,4.71569561958313,C4_SPEED_1200,C4_SPEED_1200_R02_20260611_170706,delta-asda-b3-e,1591,RTSO|SO|OE|VE|QS|TR,3,0,-1116301612,1201,21,0.08967,18,0.043038,308,47,4270,2391,6000,,1200,,,,constant_speed,transition,0,no_load,cw,C4: 1200 rpm,servo-app/lab-0.1
1781172431.811194,4.815732479095459,C4_SPEED_1200,C4_SPEED_1200_R02_20260611_170706,delta-asda-b3-e,1591,RTSO|SO|OE|VE|QS|TR,3,0,-1112912683,1201,20,0.0854,19,0.045429,308,47,4270,2391,6000,,1200,,,,constant_speed,transition,0,no_load,cw,C4: 1200 rpm,servo-app/lab-0.1
1781172431.9112864,4.915824890136719,C4_SPEED_1200,C4_SPEED_1200_R02_20260611_170706,delta-asda-b3-e,1591,RTSO|SO|OE|VE|QS|TR,3,0,-1109557381,1201,19,0.08113,18,0.043038,308,47,4270,2391,6000,,1200,,,,constant_speed,transition,0,no_load,cw,C4: 1200 rpm,servo-app/lab-0.1
1781172432.011459,5.015997648239136,C4_SPEED_1200,C4_SPEED_1200_R02_20260611_170706,delta-asda-b3-e,1591,RTSO|SO|OE|VE|QS|TR,3,0,-1106168070,1201,19,0.08113,20,0.04782,308,47,4270,2391,6000,,1200,,,,constant_speed,transition,0,no_load,cw,C4: 1200 rpm,servo-app/lab-0.1
1781172432.1115596,5.116098165512085,C4_SPEED_1200,C4_SPEED_1200_R02_20260611_170706,delta-asda-b3-e,1591,RTSO|SO|OE|VE|QS|TR,3,0,-1102846498,1201,20,0.0854,19,0.045429,308,47,4270,2391,6000,,1200,,,,constant_speed,transition,0,no_load,cw,C4: 1200 rpm,servo-app/lab-0.1
1781172432.2118073,5.21634578704834,C4_SPEED_1200,C4_SPEED_1200_R02_20260611_170706,delta-asda-b3-e,1591,RTSO|SO|OE|VE|QS|TR,3,0,-1099491041,1202,19,0.08113,17,0.040647,308,47,4270,2391,6000,,1200,,,,constant_speed,transition,0,no_load,cw,C4: 1200 rpm,servo-app/lab-0.1
1781172432.312255,5.316793441772461,C4_SPEED_1200,C4_SPEED_1200_R02_20260611_170706,delta-asda-b3-e,1591,RTSO|SO|OE|VE|QS|TR,3,0,-1096102108,1201,21,0.08967,21,0.050211,308,47,4270,2391,6000,,1200,,,,constant_speed,transition,0,no_load,cw,C4: 1200 rpm,servo-app/lab-0.1
1781172432.4123366,5.416875123977661,C4_SPEED_1200,C4_SPEED_1200_R02_20260611_170706,delta-asda-b3-e,1591,RTSO|SO|OE|VE|QS|TR,3,0,-1092746772,1201,19,0.08113,19,0.045429,308,47,4270,2391,6000,,1200,,,,constant_speed,transition,0,no_load,cw,C4: 1200 rpm,servo-app/lab-0.1
1781172432.5124123,5.516950845718384,C4_SPEED_1200,C4_SPEED_1200_R02_20260611_170706,delta-asda-b3-e,1591,RTSO|SO|OE|VE|QS|TR,3,0,-1089357465,1201,20,0.0854,20,0.04782,308,47,4270,2391,6000,,1200,,,,constant_speed,transition,0,no_load,cw,C4: 1200 rpm,servo-app/lab-0.1
1781172432.612594,5.6171324253082275,C4_SPEED_1200,C4_SPEED_1200_R02_20260611_170706,delta-asda-b3-e,1591,RTSO|SO|OE|VE|QS|TR,3,0,-1086002275,1201,21,0.08967,20,0.04782,308,47,4270,2391,6000,,1200,,,,constant_speed,transition,0,no_load,cw,C4: 1200 rpm,servo-app/lab-0.1
1781172432.7132726,5.717811107635498,C4_SPEED_1200,C4_SPEED_1200_R02_20260611_170706,delta-asda-b3-e,1591,RTSO|SO|OE|VE|QS|TR,3,0,-1082613128,1202,20,0.0854,21,0.050211,308,47,4270,2391,6000,,1200,,,,constant_speed,transition,0,no_load,cw,C4: 1200 rpm,servo-app/lab-0.1
1781172432.8134315,5.817970037460327,C4_SPEED_1200,C4_SPEED_1200_R02_20260611_170706,delta-asda-b3-e,1591,RTSO|SO|OE|VE|QS|TR,3,0,-1079257916,1201,21,0.08967,21,0.050211,308,47,4270,2391,6000,,1200,,,,constant_speed,transition,0,no_load,cw,C4: 1200 rpm,servo-app/lab-0.1
1781172432.9139278,5.918466329574585,C4_SPEED_1200,C4_SPEED_1200_R02_20260611_170706,delta-asda-b3-e,1591,RTSO|SO|OE|VE|QS|TR,3,0,-1075936165,1201,19,0.08113,19,0.045429,308,47,4270,2391,6000,,1200,,,,constant_speed,transition,0,no_load,cw,C4: 1200 rpm,servo-app/lab-0.1
1781172433.0141196,6.01865816116333,C4_SPEED_1200,C4_SPEED_1200_R02_20260611_170706,delta-asda-b3-e,1591,RTSO|SO|OE|VE|QS|TR,3,0,-1072580589,1201,19,0.08113,20,0.04782,308,47,4270,2391,6000,,1200,,,,constant_speed,transition,0,no_load,cw,C4: 1200 rpm,servo-app/lab-0.1
1781172433.1141737,6.1187121868133545,C4_SPEED_1200,C4_SPEED_1200_R02_20260611_170706,delta-asda-b3-e,1591,RTSO|SO|OE|VE|QS|TR,3,0,-1069191747,1201,20,0.0854,20,0.04782,308,47,4270,2391,6000,,1200,,,,constant_speed,transition,0,no_load,cw,C4: 1200 rpm,servo-app/lab-0.1
1781172433.2147455,6.2192840576171875,C4_SPEED_1200,C4_SPEED_1200_R02_20260611_170706,delta-asda-b3-e,1591,RTSO|SO|OE|VE|QS|TR,3,0,-1065869802,1202,21,0.08967,20,0.04782,308,47,4270,2391,6000,,1200,,,,constant_speed,transition,0,no_load,cw,C4: 1200 rpm,servo-app/lab-0.1
1781172433.3148274,6.319365978240967,C4_SPEED_1200,C4_SPEED_1200_R02_20260611_170706,delta-asda-b3-e,1591,RTSO|SO|OE|VE|QS|TR,3,0,-1062480954,1201,21,0.08967,22,0.052602,307,47,4270,2391,6000,,1200,,,,constant_speed,transition,0,no_load,cw,C4: 1200 rpm,servo-app/lab-0.1
1781172433.4148672,6.419405698776245,C4_SPEED_1200,C4_SPEED_1200_R02_20260611_170706,delta-asda-b3-e,1591,RTSO|SO|OE|VE|QS|TR,3,0,-1059091926,1202,20,0.0854,19,0.045429,308,47,4270,2391,6000,,1200,,,,constant_speed,transition,0,no_load,cw,C4: 1200 rpm,servo-app/lab-0.1
1781172433.5153875,6.519926071166992,C4_SPEED_1200,C4_SPEED_1200_R02_20260611_170706,delta-asda-b3-e,1591,RTSO|SO|OE|VE|QS|TR,3,0,-1055736407,1201,17,0.07259,21,0.050211,307,47,4270,2391,6000,,1200,,,,constant_speed,transition,0,no_load,cw,C4: 1200 rpm,servo-app/lab-0.1
1781172433.616117,6.620655536651611,C4_SPEED_1200,C4_SPEED_1200_R02_20260611_170706,delta-asda-b3-e,1591,RTSO|SO|OE|VE|QS|TR,3,0,-1052347603,1201,22,0.09394,20,0.04782,308,47,4270,2391,6000,,1200,,,,constant_speed,transition,0,no_load,cw,C4: 1200 rpm,servo-app/lab-0.1
1781172433.716147,6.7206854820251465,C4_SPEED_1200,C4_SPEED_1200_R02_20260611_170706,delta-asda-b3-e,1591,RTSO|SO|OE|VE|QS|TR,3,0,-1048992022,1202,20,0.0854,21,0.050211,308,47,4270,2391,6000,,1200,,,,constant_speed,transition,0,no_load,cw,C4: 1200 rpm,servo-app/lab-0.1
1781172433.8164995,6.821038007736206,C4_SPEED_1200,C4_SPEED_1200_R02_20260611_170706,delta-asda-b3-e,1591,RTSO|SO|OE|VE|QS|TR,3,0,-1045636811,1201,20,0.0854,22,0.052602,308,47,4270,2391,6000,,1200,,,,constant_speed,transition,0,no_load,cw,C4: 1200 rpm,servo-app/lab-0.1
1781172433.9171896,6.921728134155273,C4_SPEED_1200,C4_SPEED_1200_R02_20260611_170706,delta-asda-b3-e,1591,RTSO|SO|OE|VE|QS|TR,3,0,-1042281377,1202,21,0.08967,20,0.04782,308,47,4270,2391,6000,,1200,,,,constant_speed,transition,0,no_load,cw,C4: 1200 rpm,servo-app/lab-0.1
1781172434.0173466,7.02188515663147,C4_SPEED_1200,C4_SPEED_1200_R02_20260611_170706,delta-asda-b3-e,1591,RTSO|SO|OE|VE|QS|TR,3,0,-1038892313,1201,17,0.07259,17,0.040647,308,47,4270,2391,6000,,1200,,,,constant_speed,transition,0,no_load,cw,C4: 1200 rpm,servo-app/lab-0.1
1781172434.117853,7.12239146232605,C4_SPEED_1200,C4_SPEED_1200_R02_20260611_170706,delta-asda-b3-e,1591,RTSO|SO|OE|VE|QS|TR,3,0,-1035537135,1201,16,0.06832,21,0.050211,308,47,4270,2391,6000,,1200,,,,constant_speed,transition,0,no_load,cw,C4: 1200 rpm,servo-app/lab-0.1
1781172434.2182496,7.222788095474243,C4_SPEED_1200,C4_SPEED_1200_R02_20260611_170706,delta-asda-b3-e,1591,RTSO|SO|OE|VE|QS|TR,3,0,-1032181552,1201,17,0.07259,21,0.050211,308,47,4270,2391,6000,,1200,,,,constant_speed,transition,0,no_load,cw,C4: 1200 rpm,servo-app/lab-0.1
1781172434.3185127,7.32305121421814,C4_SPEED_1200,C4_SPEED_1200_R02_20260611_170706,delta-asda-b3-e,1591,RTSO|SO|OE|VE|QS|TR,3,0,-1028792829,1201,21,0.08967,20,0.04782,308,47,4270,2391,6000,,1200,,,,constant_speed,transition,0,no_load,cw,C4: 1200 rpm,servo-app/lab-0.1
1781172434.4186335,7.4231719970703125,C4_SPEED_1200,C4_SPEED_1200_R02_20260611_170706,delta-asda-b3-e,1591,RTSO|SO|OE|VE|QS|TR,3,0,-1025403649,1202,20,0.0854,20,0.04782,308,47,4270,2391,6000,,1200,,,,constant_speed,transition,0,no_load,cw,C4: 1200 rpm,servo-app/lab-0.1
1781172434.518871,7.523409605026245,C4_SPEED_1200,C4_SPEED_1200_R02_20260611_170706,delta-asda-b3-e,1591,RTSO|SO|OE|VE|QS|TR,3,0,-1022081798,1201,24,0.10248,21,0.050211,308,47,4270,2391,6000,,1200,,,,constant_speed,transition,0,no_load,cw,C4: 1200 rpm,servo-app/lab-0.1
1781172434.6191504,7.6236889362335205,C4_SPEED_1200,C4_SPEED_1200_R02_20260611_170706,delta-asda-b3-e,1591,RTSO|SO|OE|VE|QS|TR,3,0,-1018693000,1201,23,0.09821,19,0.045429,308,47,4270,2391,6000,,1200,,,,constant_speed,transition,0,no_load,cw,C4: 1200 rpm,servo-app/lab-0.1
1781172434.7192588,7.72379732131958,C4_SPEED_1200,C4_SPEED_1200_R02_20260611_170706,delta-asda-b3-e,1591,RTSO|SO|OE|VE|QS|TR,3,0,-1015371102,1201,16,0.06832,19,0.045429,308,47,4270,2391,6000,,1200,,,,constant_speed,transition,0,no_load,cw,C4: 1200 rpm,servo-app/lab-0.1
1781172434.8192897,7.823828220367432,C4_SPEED_1200,C4_SPEED_1200_R02_20260611_170706,delta-asda-b3-e,1591,RTSO|SO|OE|VE|QS|TR,3,0,-1011948692,1201,20,0.0854,21,0.050211,308,47,4270,2391,6000,,1200,,,,constant_speed,transition,0,no_load,cw,C4: 1200 rpm,servo-app/lab-0.1
1781172434.919915,7.924453496932983,C4_SPEED_1200,C4_SPEED_1200_R02_20260611_170706,delta-asda-b3-e,1591,RTSO|SO|OE|VE|QS|TR,3,0,-1008626731,1202,16,0.06832,17,0.040647,308,47,4270,2391,6000,,1200,,,,constant_speed,transition,0,no_load,cw,C4: 1200 rpm,servo-app/lab-0.1
1781172435.020338,8.024876594543457,C4_SPEED_1200,C4_SPEED_1200_R02_20260611_170706,delta-asda-b3-e,1591,RTSO|SO|OE|VE|QS|TR,3,0,-1005204101,1201,23,0.09821,19,0.045429,308,47,4270,2391,6000,,1200,,,,constant_speed,transition,0,no_load,cw,C4: 1200 rpm,servo-app/lab-0.1
1781172435.1211202,8.125658750534058,C4_SPEED_1200,C4_SPEED_1200_R02_20260611_170706,delta-asda-b3-e,1591,RTSO|SO|OE|VE|QS|TR,3,0,-1001848802,1201,22,0.09394,23,0.054993,308,47,4270,2391,6000,,1200,,,,constant_speed,transition,0,no_load,cw,C4: 1200 rpm,servo-app/lab-0.1
1781172435.22149,8.226028442382812,C4_SPEED_1200,C4_SPEED_1200_R02_20260611_170706,delta-asda-b3-e,1591,RTSO|SO|OE|VE|QS|TR,3,0,-998459826,1201,21,0.08967,19,0.045429,308,47,4270,2391,6000,,1200,,,,constant_speed,transition,0,no_load,cw,C4: 1200 rpm,servo-app/lab-0.1
1781172435.3217204,8.326258897781372,C4_SPEED_1200,C4_SPEED_1200_R02_20260611_170706,delta-asda-b3-e,1591,RTSO|SO|OE|VE|QS|TR,3,0,-995138194,1201,20,0.0854,19,0.045429,308,47,4270,2391,6000,,1200,,,,constant_speed,transition,0,no_load,cw,C4: 1200 rpm,servo-app/lab-0.1
1781172435.4217465,8.426285028457642,C4_SPEED_1200,C4_SPEED_1200_R02_20260611_170706,delta-asda-b3-e,1591,RTSO|SO|OE|VE|QS|TR,3,0,-991782556,1202,23,0.09821,20,0.04782,308,47,4270,2391,6000,,1200,,,,constant_speed,transition,0,no_load,cw,C4: 1200 rpm,servo-app/lab-0.1
1781172435.5222044,8.526742935180664,C4_SPEED_1200,C4_SPEED_1200_R02_20260611_170706,delta-asda-b3-e,1591,RTSO|SO|OE|VE|QS|TR,3,0,-988427141,1201,21,0.08967,23,0.054993,308,47,4270,2391,6000,,1200,,,,constant_speed,transition,0,no_load,cw,C4: 1200 rpm,servo-app/lab-0.1
1781172435.6224384,8.62697696685791,C4_SPEED_1200,C4_SPEED_1200_R02_20260611_170706,delta-asda-b3-e,1591,RTSO|SO|OE|VE|QS|TR,3,0,-985038275,1201,19,0.08113,18,0.043038,308,47,4270,2391,6000,,1200,,,,constant_speed,transition,0,no_load,cw,C4: 1200 rpm,servo-app/lab-0.1
1781172435.7227607,8.727299213409424,C4_SPEED_1200,C4_SPEED_1200_R02_20260611_170706,delta-asda-b3-e,1591,RTSO|SO|OE|VE|QS|TR,3,0,-981649351,1201,21,0.08967,21,0.050211,308,47,4270,2391,6000,,1200,,,,constant_speed,transition,0,no_load,cw,C4: 1200 rpm,servo-app/lab-0.1
1781172435.8232992,8.827837705612183,C4_SPEED_1200,C4_SPEED_1200_R02_20260611_170706,delta-asda-b3-e,1591,RTSO|SO|OE|VE|QS|TR,3,0,-978327703,1201,22,0.09394,21,0.050211,308,47,4270,2391,6000,,1200,,,,constant_speed,transition,0,no_load,cw,C4: 1200 rpm,servo-app/lab-0.1
1781172435.9238288,8.928367376327515,C4_SPEED_1200,C4_SPEED_1200_R02_20260611_170706,delta-asda-b3-e,1591,RTSO|SO|OE|VE|QS|TR,3,0,-974938526,1201,21,0.08967,21,0.050211,308,47,4270,2391,6000,,1200,,,,constant_speed,transition,0,no_load,cw,C4: 1200 rpm,servo-app/lab-0.1
1781172436.0242708,9.028809309005737,C4_SPEED_1200,C4_SPEED_1200_R02_20260611_170706,delta-asda-b3-e,1591,RTSO|SO|OE|VE|QS|TR,3,0,-971583102,1201,21,0.08967,19,0.045429,308,47,4270,2391,6000,,1200,,,,constant_speed,transition,0,no_load,cw,C4: 1200 rpm,servo-app/lab-0.1
1781172436.124636,9.12917447090149,C4_SPEED_1200,C4_SPEED_1200_R02_20260611_170706,delta-asda-b3-e,1591,RTSO|SO|OE|VE|QS|TR,3,0,-968160699,1200,19,0.08113,21,0.050211,308,47,4270,2391,6000,,1200,,,,constant_speed,transition,0,no_load,cw,C4: 1200 rpm,servo-app/lab-0.1
1781172436.225178,9.229716539382935,C4_SPEED_1200,C4_SPEED_1200_R02_20260611_170706,delta-asda-b3-e,1591,RTSO|SO|OE|VE|QS|TR,3,0,-964805422,1200,20,0.0854,21,0.050211,308,47,4270,2391,6000,,1200,,,,constant_speed,transition,0,no_load,cw,C4: 1200 rpm,servo-app/lab-0.1
1781172436.3253107,9.329849243164062,C4_SPEED_1200,C4_SPEED_1200_R02_20260611_170706,delta-asda-b3-e,1591,RTSO|SO|OE|VE|QS|TR,3,0,-961450209,1200,19,0.08113,21,0.050211,308,47,4270,2391,6000,,1200,,,,constant_speed,transition,0,no_load,cw,C4: 1200 rpm,servo-app/lab-0.1
1781172436.4253724,9.429910898208618,C4_SPEED_1200,C4_SPEED_1200_R02_20260611_170706,delta-asda-b3-e,1591,RTSO|SO|OE|VE|QS|TR,3,0,-958094589,1200,20,0.0854,21,0.050211,308,47,4270,2391,6000,,1200,,,,constant_speed,transition,0,no_load,cw,C4: 1200 rpm,servo-app/lab-0.1
1781172436.5256867,9.530225276947021,C4_SPEED_1200,C4_SPEED_1200_R02_20260611_170706,delta-asda-b3-e,1591,RTSO|SO|OE|VE|QS|TR,3,0,-954739201,1200,22,0.09394,22,0.052602,308,47,4270,2391,6000,,1200,,,,constant_speed,transition,0,no_load,cw,C4: 1200 rpm,servo-app/lab-0.1
1781172436.6258118,9.630350351333618,C4_SPEED_1200,C4_SPEED_1200_R02_20260611_170706,delta-asda-b3-e,1591,RTSO|SO|OE|VE|QS|TR,3,0,-951383789,1201,21,0.08967,20,0.04782,308,47,4270,2391,6000,,1200,,,,constant_speed,transition,0,no_load,cw,C4: 1200 rpm,servo-app/lab-0.1
1781172436.726542,9.731080532073975,C4_SPEED_1200,C4_SPEED_1200_R02_20260611_170706,delta-asda-b3-e,1591,RTSO|SO|OE|VE|QS|TR,3,0,-947995026,1200,22,0.09394,20,0.04782,308,47,4270,2391,6000,,1200,,,,constant_speed,transition,0,no_load,cw,C4: 1200 rpm,servo-app/lab-0.1
1781172436.826973,9.831511497497559,C4_SPEED_1200,C4_SPEED_1200_R02_20260611_170706,delta-asda-b3-e,1591,RTSO|SO|OE|VE|QS|TR,3,0,-944606317,1200,19,0.08113,20,0.04782,308,47,4270,2391,6000,,1200,,,,constant_speed,transition,0,no_load,cw,C4: 1200 rpm,servo-app/lab-0.1
1781172436.927535,9.932073593139648,C4_SPEED_1200,C4_SPEED_1200_R02_20260611_170706,delta-asda-b3-e,1591,RTSO|SO|OE|VE|QS|TR,3,0,-941250729,1200,21,0.08967,21,0.050211,308,47,4270,2391,6000,,1200,,,,constant_speed,transition,0,no_load,cw,C4: 1200 rpm,servo-app/lab-0.1
1781172437.0278811,10.032419681549072,C4_SPEED_1200,C4_SPEED_1200_R02_20260611_170706,delta-asda-b3-e,1591,RTSO|SO|OE|VE|QS|TR,3,0,-937861850,1200,21,0.08967,20,0.04782,308,47,4270,2391,6000,,1200,,,,constant_speed,transition,0,no_load,cw,C4: 1200 rpm,servo-app/lab-0.1
1781172437.1282098,10.132748365402222,C4_SPEED_1200,C4_SPEED_1200_R02_20260611_170706,delta-asda-b3-e,1591,RTSO|SO|OE|VE|QS|TR,3,0,-934573333,1200,20,0.0854,20,0.04782,307,47,4270,2391,6000,,1200,,,,constant_speed,transition,0,no_load,cw,C4: 1200 rpm,servo-app/lab-0.1
1781172437.2286417,10.233180284500122,C4_SPEED_1200,C4_SPEED_1200_R02_20260611_170706,delta-asda-b3-e,1591,RTSO|SO|OE|VE|QS|TR,3,0,-931151103,1200,20,0.0854,21,0.050211,308,47,4270,2391,6000,,1200,,,,constant_speed,transition,0,no_load,cw,C4: 1200 rpm,servo-app/lab-0.1
1781172437.3289404,10.333478927612305,C4_SPEED_1200,C4_SPEED_1200_R02_20260611_170706,delta-asda-b3-e,1591,RTSO|SO|OE|VE|QS|TR,3,0,-927762307,1200,19,0.08113,21,0.050211,308,47,4270,2391,6000,,1200,,,,constant_speed,transition,0,no_load,cw,C4: 1200 rpm,servo-app/lab-0.1
1781172437.4291847,10.433723211288452,C4_SPEED_1200,C4_SPEED_1200_R02_20260611_170706,delta-asda-b3-e,1591,RTSO|SO|OE|VE|QS|TR,3,0,-924473809,1200,20,0.0854,21,0.050211,308,47,4270,2391,6000,,1200,,,,constant_speed,transition,0,no_load,cw,C4: 1200 rpm,servo-app/lab-0.1
1781172437.529268,10.533806562423706,C4_SPEED_1200,C4_SPEED_1200_R02_20260611_170706,delta-asda-b3-e,1591,RTSO|SO|OE|VE|QS|TR,3,0,-921051420,1200,22,0.09394,20,0.04782,308,47,4270,2391,6000,,1200,,,,constant_speed,transition,0,no_load,cw,C4: 1200 rpm,servo-app/lab-0.1
1781172437.629345,10.633883476257324,C4_SPEED_1200,C4_SPEED_1200_R02_20260611_170706,delta-asda-b3-e,1591,RTSO|SO|OE|VE|QS|TR,3,0,-917695846,1200,22,0.09394,20,0.04782,308,47,4270,2391,6000,,1200,,,,constant_speed,transition,0,no_load,cw,C4: 1200 rpm,servo-app/lab-0.1
1781172437.7296371,10.734175682067871,C4_SPEED_1200,C4_SPEED_1200_R02_20260611_170706,delta-asda-b3-e,1591,RTSO|SO|OE|VE|QS|TR,3,0,-914307063,1200,21,0.08967,22,0.052602,308,47,4270,2391,6000,,1200,,,,constant_speed,transition,0,no_load,cw,C4: 1200 rpm,servo-app/lab-0.1
1781172437.8296797,10.834218263626099,C4_SPEED_1200,C4_SPEED_1200_R02_20260611_170706,delta-asda-b3-e,1591,RTSO|SO|OE|VE|QS|TR,3,0,-911018976,1200,20,0.0854,20,0.04782,308,47,4270,2391,6000,,1200,,,,constant_speed,transition,0,no_load,cw,C4: 1200 rpm,servo-app/lab-0.1
1781172437.9300103,10.93454885482788,C4_SPEED_1200,C4_SPEED_1200_R02_20260611_170706,delta-asda-b3-e,1591,RTSO|SO|OE|VE|QS|TR,3,0,-907596303,1200,21,0.08967,21,0.050211,308,47,4270,2391,6000,,1200,,,,constant_speed,transition,0,no_load,cw,C4: 1200 rpm,servo-app/lab-0.1
1781172438.030396,11.034934520721436,C4_SPEED_1200,C4_SPEED_1200_R02_20260611_170706,delta-asda-b3-e,1591,RTSO|SO|OE|VE|QS|TR,3,0,-904274470,1200,21,0.08967,20,0.04782,308,47,4270,2391,6000,,1200,,,,constant_speed,transition,0,no_load,cw,C4: 1200 rpm,servo-app/lab-0.1
1781172438.130437,11.13497543334961,C4_SPEED_1200,C4_SPEED_1200_R02_20260611_170706,delta-asda-b3-e,1591,RTSO|SO|OE|VE|QS|TR,3,0,-900885319,1200,20,0.0854,21,0.050211,308,47,4270,2391,6000,,1200,,,,constant_speed,transition,0,no_load,cw,C4: 1200 rpm,servo-app/lab-0.1
1781172438.2304668,11.235005378723145,C4_SPEED_1200,C4_SPEED_1200_R02_20260611_170706,delta-asda-b3-e,1591,RTSO|SO|OE|VE|QS|TR,3,0,-897496575,1200,23,0.09821,22,0.052602,308,47,4270,2391,6000,,1200,,,,constant_speed,transition,0,no_load,cw,C4: 1200 rpm,servo-app/lab-0.1
1781172438.3309867,11.335525274276733,C4_SPEED_1200,C4_SPEED_1200_R02_20260611_170706,delta-asda-b3-e,1591,RTSO|SO|OE|VE|QS|TR,3,0,-894141211,1200,19,0.08113,19,0.045429,308,47,4270,2391,6000,,1200,,,,constant_speed,transition,0,no_load,cw,C4: 1200 rpm,servo-app/lab-0.1
1781172438.4310606,11.435599088668823,C4_SPEED_1200,C4_SPEED_1200_R02_20260611_170706,delta-asda-b3-e,1591,RTSO|SO|OE|VE|QS|TR,3,0,-890819317,1200,21,0.08967,21,0.050211,308,47,4270,2391,6000,,1200,,,,constant_speed,transition,0,no_load,cw,C4: 1200 rpm,servo-app/lab-0.1
1781172438.5311613,11.535699844360352,C4_SPEED_1200,C4_SPEED_1200_R02_20260611_170706,delta-asda-b3-e,1591,RTSO|SO|OE|VE|QS|TR,3,0,-887463945,1199,21,0.08967,20,0.04782,308,47,4270,2391,6000,,1200,,,,constant_speed,transition,0,no_load,cw,C4: 1200 rpm,servo-app/lab-0.1
1781172438.631299,11.63583755493164,C4_SPEED_1200,C4_SPEED_1200_R02_20260611_170706,delta-asda-b3-e,1591,RTSO|SO|OE|VE|QS|TR,3,0,-884108351,1200,21,0.08967,19,0.045429,308,47,4270,2391,6000,,1200,,,,constant_speed,transition,0,no_load,cw,C4: 1200 rpm,servo-app/lab-0.1
1781172438.7316515,11.7361900806427,C4_SPEED_1200,C4_SPEED_1200_R02_20260611_170706,delta-asda-b3-e,1591,RTSO|SO|OE|VE|QS|TR,3,0,-880686135,1199,23,0.09821,23,0.054993,308,47,4270,2391,6000,,1200,,,,constant_speed,transition,0,no_load,cw,C4: 1200 rpm,servo-app/lab-0.1
1781172438.8318248,11.836363315582275,C4_SPEED_1200,C4_SPEED_1200_R02_20260611_170706,delta-asda-b3-e,1591,RTSO|SO|OE|VE|QS|TR,3,0,-877330776,1200,21,0.08967,20,0.04782,308,47,4270,2391,6000,,1200,,,,constant_speed,transition,0,no_load,cw,C4: 1200 rpm,servo-app/lab-0.1
1781172438.9318805,11.936419010162354,C4_SPEED_1200,C4_SPEED_1200_R02_20260611_170706,delta-asda-b3-e,1591,RTSO|SO|OE|VE|QS|TR,3,0,-873975372,1200,19,0.08113,20,0.04782,308,47,4270,2391,6000,,1200,,,,constant_speed,transition,0,no_load,cw,C4: 1200 rpm,servo-app/lab-0.1
1781172439.0323822,12.03692078590393,C4_SPEED_1200,C4_SPEED_1200_R02_20260611_170706,delta-asda-b3-e,1591,RTSO|SO|OE|VE|QS|TR,3,0,-870620012,1199,18,0.07686,20,0.04782,308,47,4270,2391,6000,,1200,,,,constant_speed,transition,0,no_load,cw,C4: 1200 rpm,servo-app/lab-0.1
1781172439.1326885,12.137227058410645,C4_SPEED_1200,C4_SPEED_1200_R02_20260611_170706,delta-asda-b3-e,1591,RTSO|SO|OE|VE|QS|TR,3,0,-867297911,1200,20,0.0854,21,0.050211,308,47,4270,2391,6000,,1200,,,,constant_speed,transition,0,no_load,cw,C4: 1200 rpm,servo-app/lab-0.1
1781172439.2327337,12.237272262573242,C4_SPEED_1200,C4_SPEED_1200_R02_20260611_170706,delta-asda-b3-e,1591,RTSO|SO|OE|VE|QS|TR,3,0,-863942698,1200,21,0.08967,21,0.050211,308,47,4270,2391,6000,,1200,,,,constant_speed,transition,0,no_load,cw,C4: 1200 rpm,servo-app/lab-0.1
1781172439.333105,12.33764362335205,C4_SPEED_1200,C4_SPEED_1200_R02_20260611_170706,delta-asda-b3-e,1591,RTSO|SO|OE|VE|QS|TR,3,0,-860520309,1200,18,0.07686,20,0.04782,308,47,4270,2391,6000,,1200,,,,constant_speed,transition,0,no_load,cw,C4: 1200 rpm,servo-app/lab-0.1
1781172439.4335623,12.438100814819336,C4_SPEED_1200,C4_SPEED_1200_R02_20260611_170706,delta-asda-b3-e,1591,RTSO|SO|OE|VE|QS|TR,3,0,-857164914,1199,21,0.08967,20,0.04782,308,47,4270,2391,6000,,1200,,,,constant_speed,transition,0,no_load,cw,C4: 1200 rpm,servo-app/lab-0.1
1781172439.5340493,12.538587808609009,C4_SPEED_1200,C4_SPEED_1200_R02_20260611_170706,delta-asda-b3-e,1591,RTSO|SO|OE|VE|QS|TR,3,0,-853776062,1199,18,0.07686,19,0.045429,308,47,4270,2391,6000,,1200,,,,constant_speed,transition,0,no_load,cw,C4: 1200 rpm,servo-app/lab-0.1
1781172439.6343772,12.638915777206421,C4_SPEED_1200,C4_SPEED_1200_R02_20260611_170706,delta-asda-b3-e,1591,RTSO|SO|OE|VE|QS|TR,3,0,-850387023,1199,20,0.0854,20,0.04782,308,47,4270,2391,6000,,1200,,,,constant_speed,transition,0,no_load,cw,C4: 1200 rpm,servo-app/lab-0.1
1781172439.7344842,12.739022731781006,C4_SPEED_1200,C4_SPEED_1200_R02_20260611_170706,delta-asda-b3-e,1591,RTSO|SO|OE|VE|QS|TR,3,0,-847031841,1199,17,0.07259,22,0.052602,308,47,4270,2391,6000,,1200,,,,constant_speed,transition,0,no_load,cw,C4: 1200 rpm,servo-app/lab-0.1
1781172439.834551,12.839089632034302,C4_SPEED_1200,C4_SPEED_1200_R02_20260611_170706,delta-asda-b3-e,1591,RTSO|SO|OE|VE|QS|TR,3,0,-843709836,1199,21,0.08967,21,0.050211,308,47,4270,2391,6000,,1200,,,,constant_speed,transition,0,no_load,cw,C4: 1200 rpm,servo-app/lab-0.1
1781172439.9347472,12.93928575515747,C4_SPEED_1200,C4_SPEED_1200_R02_20260611_170706,delta-asda-b3-e,1591,RTSO|SO|OE|VE|QS|TR,3,0,-840387960,1199,20,0.0854,23,0.054993,308,47,4270,2391,6000,,1200,,,,constant_speed,transition,0,no_load,cw,C4: 1200 rpm,servo-app/lab-0.1
1781172440.035342,13.039880514144897,C4_SPEED_1200,C4_SPEED_1200_R02_20260611_170706,delta-asda-b3-e,1591,RTSO|SO|OE|VE|QS|TR,3,0,-836999120,1199,19,0.08113,23,0.054993,308,47,4270,2391,6000,,1200,,,,constant_speed,transition,0,no_load,cw,C4: 1200 rpm,servo-app/lab-0.1
1781172440.1353662,13.139904737472534,C4_SPEED_1200,C4_SPEED_1200_R02_20260611_170706,delta-asda-b3-e,1591,RTSO|SO|OE|VE|QS|TR,3,0,-833643595,1199,22,0.09394,21,0.050211,308,47,4270,2391,6000,,1200,,,,constant_speed,transition,0,no_load,cw,C4: 1200 rpm,servo-app/lab-0.1
1781172440.235396,13.23993444442749,C4_SPEED_1200,C4_SPEED_1200_R02_20260611_170706,delta-asda-b3-e,1591,RTSO|SO|OE|VE|QS|TR,3,0,-830255017,1199,22,0.09394,24,0.057384,308,47,4270,2391,6000,,1200,,,,constant_speed,transition,0,no_load,cw,C4: 1200 rpm,servo-app/lab-0.1
1781172440.3354955,13.340034008026123,C4_SPEED_1200,C4_SPEED_1200_R02_20260611_170706,delta-asda-b3-e,1591,RTSO|SO|OE|VE|QS|TR,3,0,-826866001,1199,19,0.08113,21,0.050211,308,47,4270,2391,6000,,1200,,,,constant_speed,transition,0,no_load,cw,C4: 1200 rpm,servo-app/lab-0.1
1781172440.4357917,13.440330266952515,C4_SPEED_1200,C4_SPEED_1200_R02_20260611_170706,delta-asda-b3-e,1591,RTSO|SO|OE|VE|QS|TR,3,0,-823510619,1199,20,0.0854,21,0.050211,308,47,4270,2391,6000,,1200,,,,constant_speed,transition,0,no_load,cw,C4: 1200 rpm,servo-app/lab-0.1
1781172440.5361805,13.540719032287598,C4_SPEED_1200,C4_SPEED_1200_R02_20260611_170706,delta-asda-b3-e,1591,RTSO|SO|OE|VE|QS|TR,3,0,-820155234,1199,20,0.0854,18,0.043038,308,47,4270,2391,6000,,1200,,,,constant_speed,transition,0,no_load,cw,C4: 1200 rpm,servo-app/lab-0.1
1781172440.6363394,13.640877962112427,C4_SPEED_1200,C4_SPEED_1200_R02_20260611_170706,delta-asda-b3-e,1591,RTSO|SO|OE|VE|QS|TR,3,0,-816833166,1199,20,0.0854,22,0.052602,308,47,4270,2391,6000,,1200,,,,constant_speed,transition,0,no_load,cw,C4: 1200 rpm,servo-app/lab-0.1
1781172440.7365236,13.74106216430664,C4_SPEED_1200,C4_SPEED_1200_R02_20260611_170706,delta-asda-b3-e,1591,RTSO|SO|OE|VE|QS|TR,3,0,-813411011,1199,22,0.09394,23,0.054993,308,47,4270,2391,6000,,1200,,,,constant_speed,transition,0,no_load,cw,C4: 1200 rpm,servo-app/lab-0.1
1781172440.836971,13.841509580612183,C4_SPEED_1200,C4_SPEED_1200_R02_20260611_170706,delta-asda-b3-e,1591,RTSO|SO|OE|VE|QS|TR,3,0,-810055438,1200,21,0.08967,18,0.043038,308,47,4270,2391,6000,,1200,,,,constant_speed,transition,0,no_load,cw,C4: 1200 rpm,servo-app/lab-0.1
1781172440.9371214,13.941659927368164,C4_SPEED_1200,C4_SPEED_1200_R02_20260611_170706,delta-asda-b3-e,1591,RTSO|SO|OE|VE|QS|TR,3,0,-806733593,1199,22,0.09394,20,0.04782,308,47,4270,2391,6000,,1200,,,,constant_speed,transition,0,no_load,cw,C4: 1200 rpm,servo-app/lab-0.1
1781172441.0377188,14.042257308959961,C4_SPEED_1200,C4_SPEED_1200_R02_20260611_170706,delta-asda-b3-e,1591,RTSO|SO|OE|VE|QS|TR,3,0,-803344669,1199,19,0.08113,22,0.052602,308,47,4270,2391,6000,,1200,,,,constant_speed,transition,0,no_load,cw,C4: 1200 rpm,servo-app/lab-0.1
1781172441.1378794,14.142417907714844,C4_SPEED_1200,C4_SPEED_1200_R02_20260611_170706,delta-asda-b3-e,1591,RTSO|SO|OE|VE|QS|TR,3,0,-799955680,1199,20,0.0854,20,0.04782,308,47,4270,2391,6000,,1200,,,,constant_speed,transition,0,no_load,cw,C4: 1200 rpm,servo-app/lab-0.1
1781172441.2381718,14.24271035194397,C4_SPEED_1200,C4_SPEED_1200_R02_20260611_170706,delta-asda-b3-e,1591,RTSO|SO|OE|VE|QS|TR,3,0,-796634069,1199,21,0.08967,21,0.050211,307,47,4270,2391,6000,,1200,,,,constant_speed,transition,0,no_load,cw,C4: 1200 rpm,servo-app/lab-0.1
1781172441.3386831,14.343221664428711,C4_SPEED_1200,C4_SPEED_1200_R02_20260611_170706,delta-asda-b3-e,1591,RTSO|SO|OE|VE|QS|TR,3,0,-793211388,1200,21,0.08967,21,0.050211,307,47,4270,2391,6000,,1200,,,,constant_speed,transition,0,no_load,cw,C4: 1200 rpm,servo-app/lab-0.1
1781172441.4389954,14.443533897399902,C4_SPEED_1200,C4_SPEED_1200_R02_20260611_170706,delta-asda-b3-e,1591,RTSO|SO|OE|VE|QS|TR,3,0,-789856034,1200,21,0.08967,21,0.050211,307,47,4270,2391,6000,,1200,,,,constant_speed,transition,0,no_load,cw,C4: 1200 rpm,servo-app/lab-0.1
1781172441.5394123,14.54395079612732,C4_SPEED_1200,C4_SPEED_1200_R02_20260611_170706,delta-asda-b3-e,1591,RTSO|SO|OE|VE|QS|TR,3,0,-786466973,1200,20,0.0854,20,0.04782,308,47,4270,2391,6000,,1200,,,,constant_speed,transition,0,no_load,cw,C4: 1200 rpm,servo-app/lab-0.1
1781172441.6396177,14.644156217575073,C4_SPEED_1200,C4_SPEED_1200_R02_20260611_170706,delta-asda-b3-e,1591,RTSO|SO|OE|VE|QS|TR,3,0,-783111596,1199,21,0.08967,20,0.04782,308,47,4270,2391,6000,,1200,,,,constant_speed,transition,0,no_load,cw,C4: 1200 rpm,servo-app/lab-0.1
1781172441.7396474,14.74418592453003,C4_SPEED_1200,C4_SPEED_1200_R02_20260611_170706,delta-asda-b3-e,1591,RTSO|SO|OE|VE|QS|TR,3,0,-779789997,1199,21,0.08967,21,0.050211,307,47,4270,2391,6000,,1200,,,,constant_speed,transition,0,no_load,cw,C4: 1200 rpm,servo-app/lab-0.1
1781172441.8399382,14.844476699829102,C4_SPEED_1200,C4_SPEED_1200_R02_20260611_170706,delta-asda-b3-e,1591,RTSO|SO|OE|VE|QS|TR,3,0,-776434404,1200,22,0.09394,20,0.04782,308,47,4270,2391,6000,,1200,,,,constant_speed,transition,0,no_load,cw,C4: 1200 rpm,servo-app/lab-0.1
1781172441.940294,14.944832563400269,C4_SPEED_1200,C4_SPEED_1200_R02_20260611_170706,delta-asda-b3-e,1591,RTSO|SO|OE|VE|QS|TR,3,0,-773112639,1199,21,0.08967,21,0.050211,308,47,4270,2391,6000,,1200,,,,constant_speed,transition,0,no_load,cw,C4: 1200 rpm,servo-app/lab-0.1
1781172442.0403903,15.044928789138794,C4_SPEED_1200,C4_SPEED_1200_R02_20260611_170706,delta-asda-b3-e,1591,RTSO|SO|OE|VE|QS|TR,3,0,-769689963,1200,20,0.0854,20,0.04782,307,47,4270,2391,6000,,1200,,,,constant_speed,transition,0,no_load,cw,C4: 1200 rpm,servo-app/lab-0.1
1781172442.1410391,15.145577669143677,C4_SPEED_1200,C4_SPEED_1200_R02_20260611_170706,delta-asda-b3-e,1591,RTSO|SO|OE|VE|QS|TR,3,0,-766301071,1199,21,0.08967,21,0.050211,308,47,4270,2391,6000,,1200,,,,constant_speed,transition,0,no_load,cw,C4: 1200 rpm,servo-app/lab-0.1
1781172442.2413948,15.245933294296265,C4_SPEED_1200,C4_SPEED_1200_R02_20260611_170706,delta-asda-b3-e,1591,RTSO|SO|OE|VE|QS|TR,3,0,-762945931,1199,20,0.0854,20,0.04782,308,47,4270,2391,6000,,1200,,,,constant_speed,transition,0,no_load,cw,C4: 1200 rpm,servo-app/lab-0.1
1781172442.3415728,15.346111297607422,C4_SPEED_1200,C4_SPEED_1200_R02_20260611_170706,delta-asda-b3-e,1591,RTSO|SO|OE|VE|QS|TR,3,0,-759590294,1200,21,0.08967,20,0.04782,308,47,4270,2391,6000,,1200,,,,constant_speed,transition,0,no_load,cw,C4: 1200 rpm,servo-app/lab-0.1
1781172442.4419236,15.446462154388428,C4_SPEED_1200,C4_SPEED_1200_R02_20260611_170706,delta-asda-b3-e,1591,RTSO|SO|OE|VE|QS|TR,3,0,-756134496,1199,22,0.09394,22,0.052602,308,47,4270,2391,6000,,1200,,,,constant_speed,transition,0,no_load,cw,C4: 1200 rpm,servo-app/lab-0.1
1781172442.5421047,15.546643257141113,C4_SPEED_1200,C4_SPEED_1200_R02_20260611_170706,delta-asda-b3-e,1591,RTSO|SO|OE|VE|QS|TR,3,0,-752845969,1200,21,0.08967,20,0.04782,307,47,4270,2391,6000,,1200,,,,constant_speed,transition,0,no_load,cw,C4: 1200 rpm,servo-app/lab-0.1
1781172442.6425939,15.647132396697998,C4_SPEED_1200,C4_SPEED_1200_R02_20260611_170706,delta-asda-b3-e,1591,RTSO|SO|OE|VE|QS|TR,3,0,-749457151,1199,21,0.08967,20,0.04782,307,47,4270,2391,6000,,1200,,,,constant_speed,transition,0,no_load,cw,C4: 1200 rpm,servo-app/lab-0.1
1781172442.7428925,15.74743103981018,C4_SPEED_1200,C4_SPEED_1200_R02_20260611_170706,delta-asda-b3-e,1591,RTSO|SO|OE|VE|QS|TR,3,0,-746135563,1199,20,0.0854,21,0.050211,307,47,4270,2391,6000,,1200,,,,constant_speed,transition,0,no_load,cw,C4: 1200 rpm,servo-app/lab-0.1
1781172442.843058,15.847596645355225,C4_SPEED_1200,C4_SPEED_1200_R02_20260611_170706,delta-asda-b3-e,1591,RTSO|SO|OE|VE|QS|TR,3,0,-742746443,1200,21,0.08967,21,0.050211,308,47,4270,2391,6000,,1200,,,,constant_speed,transition,0,no_load,cw,C4: 1200 rpm,servo-app/lab-0.1
1781172442.943562,15.948100566864014,C4_SPEED_1200,C4_SPEED_1200_R02_20260611_170706,delta-asda-b3-e,1591,RTSO|SO|OE|VE|QS|TR,3,0,-739391069,1199,23,0.09821,21,0.050211,308,47,4270,2391,6000,,1200,,,,constant_speed,transition,0,no_load,cw,C4: 1200 rpm,servo-app/lab-0.1
1781172443.0439734,16.04851198196411,C4_SPEED_1200,C4_SPEED_1200_R02_20260611_170706,delta-asda-b3-e,1591,RTSO|SO|OE|VE|QS|TR,3,0,-736035488,1200,20,0.0854,20,0.04782,308,47,4270,2391,6000,,1200,,,,constant_speed,transition,0,no_load,cw,C4: 1200 rpm,servo-app/lab-0.1
1781172443.1440492,16.148587703704834,C4_SPEED_1200,C4_SPEED_1200_R02_20260611_170706,delta-asda-b3-e,1591,RTSO|SO|OE|VE|QS|TR,3,0,-732680215,1199,22,0.09394,20,0.04782,308,47,4270,2391,6000,,1200,,,,constant_speed,transition,0,no_load,cw,C4: 1200 rpm,servo-app/lab-0.1
1781172443.2442992,16.24883770942688,C4_SPEED_1200,C4_SPEED_1200_R02_20260611_170706,delta-asda-b3-e,1591,RTSO|SO|OE|VE|QS|TR,3,0,-729325097,1199,20,0.0854,21,0.050211,307,47,4270,2391,6000,,1200,,,,constant_speed,transition,0,no_load,cw,C4: 1200 rpm,servo-app/lab-0.1
1781172443.3446112,16.349149703979492,C4_SPEED_1200,C4_SPEED_1200_R02_20260611_170706,delta-asda-b3-e,1591,RTSO|SO|OE|VE|QS|TR,3,0,-725935947,1200,21,0.08967,20,0.04782,308,47,4270,2391,6000,,1200,,,,constant_speed,transition,0,no_load,cw,C4: 1200 rpm,servo-app/lab-0.1
1781172443.445053,16.449591636657715,C4_SPEED_1200,C4_SPEED_1200_R02_20260611_170706,delta-asda-b3-e,1591,RTSO|SO|OE|VE|QS|TR,3,0,-722547100,1199,20,0.0854,21,0.050211,308,47,4270,2391,6000,,1200,,,,constant_speed,transition,0,no_load,cw,C4: 1200 rpm,servo-app/lab-0.1
1781172443.5457568,16.55029535293579,C4_SPEED_1200,C4_SPEED_1200_R02_20260611_170706,delta-asda-b3-e,1591,RTSO|SO|OE|VE|QS|TR,3,0,-719224978,1200,20,0.0854,20,0.04782,308,47,4270,2391,6000,,1200,,,,constant_speed,transition,0,no_load,cw,C4: 1200 rpm,servo-app/lab-0.1
1781172443.6461613,16.650699853897095,C4_SPEED_1200,C4_SPEED_1200_R02_20260611_170706,delta-asda-b3-e,1591,RTSO|SO|OE|VE|QS|TR,3,0,-715836165,1200,21,0.08967,22,0.052602,308,47,4270,2391,6000,,1200,,,,constant_speed,transition,0,no_load,cw,C4: 1200 rpm,servo-app/lab-0.1
1781172443.7466872,16.75122570991516,C4_SPEED_1200,C4_SPEED_1200_R02_20260611_170706,delta-asda-b3-e,1591,RTSO|SO|OE|VE|QS|TR,3,0,-712480971,1200,21,0.08967,20,0.04782,308,47,4270,2391,6000,,1200,,,,constant_speed,transition,0,no_load,cw,C4: 1200 rpm,servo-app/lab-0.1
1781172443.8468666,16.851405143737793,C4_SPEED_1200,C4_SPEED_1200_R02_20260611_170706,delta-asda-b3-e,1591,RTSO|SO|OE|VE|QS|TR,3,0,-709091906,1200,21,0.08967,22,0.052602,308,47,4270,2391,6000,,1200,,,,constant_speed,transition,0,no_load,cw,C4: 1200 rpm,servo-app/lab-0.1
1781172443.9470694,16.951607942581177,C4_SPEED_1200,C4_SPEED_1200_R02_20260611_170706,delta-asda-b3-e,1591,RTSO|SO|OE|VE|QS|TR,3,0,-705736617,1199,22,0.09394,22,0.052602,308,47,4270,2391,6000,,1200,,,,constant_speed,transition,0,no_load,cw,C4: 1200 rpm,servo-app/lab-0.1
1781172444.0471845,17.05172300338745,C4_SPEED_1200,C4_SPEED_1200_R02_20260611_170706,delta-asda-b3-e,1591,RTSO|SO|OE|VE|QS|TR,3,0,-702380896,1200,21,0.08967,21,0.050211,308,47,4270,2391,6000,,1200,,,,constant_speed,transition,0,no_load,cw,C4: 1200 rpm,servo-app/lab-0.1
1781172444.1473792,17.151917695999146,C4_SPEED_1200,C4_SPEED_1200_R02_20260611_170706,delta-asda-b3-e,1591,RTSO|SO|OE|VE|QS|TR,3,0,-698992111,1200,21,0.08967,21,0.050211,308,47,4270,2391,6000,,1200,,,,constant_speed,transition,0,no_load,cw,C4: 1200 rpm,servo-app/lab-0.1
1781172444.2475755,17.252114057540894,C4_SPEED_1200,C4_SPEED_1200_R02_20260611_170706,delta-asda-b3-e,1591,RTSO|SO|OE|VE|QS|TR,3,0,-695603220,1200,19,0.08113,21,0.050211,308,47,4270,2391,6000,,1200,,,,constant_speed,transition,0,no_load,cw,C4: 1200 rpm,servo-app/lab-0.1
1781172444.3477578,17.352296352386475,C4_SPEED_1200,C4_SPEED_1200_R02_20260611_170706,delta-asda-b3-e,1591,RTSO|SO|OE|VE|QS|TR,3,0,-692314936,1200,21,0.08967,21,0.050211,308,47,4270,2391,6000,,1200,,,,constant_speed,transition,0,no_load,cw,C4: 1200 rpm,servo-app/lab-0.1
1781172444.4478571,17.45239567756653,C4_SPEED_1200,C4_SPEED_1200_R02_20260611_170706,delta-asda-b3-e,1591,RTSO|SO|OE|VE|QS|TR,3,0,-688959613,1199,22,0.09394,22,0.052602,308,47,4270,2391,6000,,1200,,,,constant_speed,transition,0,no_load,cw,C4: 1200 rpm,servo-app/lab-0.1
1781172444.548075,17.552613496780396,C4_SPEED_1200,C4_SPEED_1200_R02_20260611_170706,delta-asda-b3-e,1591,RTSO|SO|OE|VE|QS|TR,3,0,-685536727,1200,20,0.0854,22,0.052602,308,47,4270,2391,6000,,1200,,,,constant_speed,transition,0,no_load,cw,C4: 1200 rpm,servo-app/lab-0.1
1781172444.6484182,17.65295672416687,C4_SPEED_1200,C4_SPEED_1200_R02_20260611_170706,delta-asda-b3-e,1591,RTSO|SO|OE|VE|QS|TR,3,0,-682215117,1200,21,0.08967,22,0.052602,308,47,4270,2391,6000,,1200,,,,constant_speed,transition,0,no_load,cw,C4: 1200 rpm,servo-app/lab-0.1
1781172444.7490702,17.75360870361328,C4_SPEED_1200,C4_SPEED_1200_R02_20260611_170706,delta-asda-b3-e,1591,RTSO|SO|OE|VE|QS|TR,3,0,-678792633,1200,24,0.10248,22,0.052602,308,47,4270,2391,6000,,1200,,,,constant_speed,transition,0,no_load,cw,C4: 1200 rpm,servo-app/lab-0.1
1781172444.8491173,17.85365581512451,C4_SPEED_1200,C4_SPEED_1200_R02_20260611_170706,delta-asda-b3-e,1591,RTSO|SO|OE|VE|QS|TR,3,0,-675437235,1200,17,0.07259,22,0.052602,308,47,4270,2391,6000,,1200,,,,constant_speed,transition,0,no_load,cw,C4: 1200 rpm,servo-app/lab-0.1
1781172444.9494212,17.953959703445435,C4_SPEED_1200,C4_SPEED_1200_R02_20260611_170706,delta-asda-b3-e,1591,RTSO|SO|OE|VE|QS|TR,3,0,-672081966,1200,20,0.0854,21,0.050211,308,47,4270,2391,6000,,1200,,,,constant_speed,transition,0,no_load,cw,C4: 1200 rpm,servo-app/lab-0.1
1781172445.0495126,18.054051160812378,C4_SPEED_1200,C4_SPEED_1200_R02_20260611_170706,delta-asda-b3-e,1591,RTSO|SO|OE|VE|QS|TR,3,0,-668692663,1200,22,0.09394,18,0.043038,308,47,4270,2391,6000,,1200,,,,constant_speed,transition,0,no_load,cw,C4: 1200 rpm,servo-app/lab-0.1
1781172445.14979,18.15432858467102,C4_SPEED_1200,C4_SPEED_1200_R02_20260611_170706,delta-asda-b3-e,1591,RTSO|SO|OE|VE|QS|TR,3,0,-665371057,1200,21,0.08967,21,0.050211,308,47,4270,2391,6000,,1200,,,,constant_speed,transition,0,no_load,cw,C4: 1200 rpm,servo-app/lab-0.1
1781172445.2501576,18.254696130752563,C4_SPEED_1200,C4_SPEED_1200_R02_20260611_170706,delta-asda-b3-e,1591,RTSO|SO|OE|VE|QS|TR,3,0,-661982106,1200,18,0.07686,21,0.050211,308,47,4270,2391,6000,,1200,,,,constant_speed,transition,0,no_load,cw,C4: 1200 rpm,servo-app/lab-0.1
1781172445.35069,18.355228424072266,C4_SPEED_1200,C4_SPEED_1200_R02_20260611_170706,delta-asda-b3-e,1591,RTSO|SO|OE|VE|QS|TR,3,0,-658593184,1200,21,0.08967,25,0.059775,308,47,4270,2391,6000,,1200,,,,constant_speed,transition,0,no_load,cw,C4: 1200 rpm,servo-app/lab-0.1
1781172445.4512842,18.455822706222534,C4_SPEED_1200,C4_SPEED_1200_R02_20260611_170706,delta-asda-b3-e,1591,RTSO|SO|OE|VE|QS|TR,3,0,-655305000,1200,21,0.08967,21,0.050211,308,47,4270,2391,6000,,1200,,,,constant_speed,transition,0,no_load,cw,C4: 1200 rpm,servo-app/lab-0.1
1781172445.5513709,18.555909395217896,C4_SPEED_1200,C4_SPEED_1200_R02_20260611_170706,delta-asda-b3-e,1591,RTSO|SO|OE|VE|QS|TR,3,0,-651915735,1200,23,0.09821,22,0.052602,308,47,4270,2391,6000,,1200,,,,constant_speed,transition,0,no_load,cw,C4: 1200 rpm,servo-app/lab-0.1
1781172445.6518538,18.656392335891724,C4_SPEED_1200,C4_SPEED_1200_R02_20260611_170706,delta-asda-b3-e,1591,RTSO|SO|OE|VE|QS|TR,3,0,-648527045,1200,15,0.06405,23,0.054993,308,47,4270,2391,6000,,1200,,,,constant_speed,transition,0,no_load,cw,C4: 1200 rpm,servo-app/lab-0.1
1781172445.752106,18.75664448738098,C4_SPEED_1200,C4_SPEED_1200_R02_20260611_170706,delta-asda-b3-e,1591,RTSO|SO|OE|VE|QS|TR,3,0,-645138088,1200,21,0.08967,21,0.050211,308,47,4270,2391,6000,,1200,,,,constant_speed,transition,0,no_load,cw,C4: 1200 rpm,servo-app/lab-0.1
1781172445.8521495,18.856688022613525,C4_SPEED_1200,C4_SPEED_1200_R02_20260611_170706,delta-asda-b3-e,1591,RTSO|SO|OE|VE|QS|TR,3,0,-641782751,1200,20,0.0854,18,0.043038,308,47,4270,2391,6000,,1200,,,,constant_speed,transition,0,no_load,cw,C4: 1200 rpm,servo-app/lab-0.1
1781172445.9521756,18.956714153289795,C4_SPEED_1200,C4_SPEED_1200_R02_20260611_170706,delta-asda-b3-e,1591,RTSO|SO|OE|VE|QS|TR,3,0,-638427424,1200,21,0.08967,22,0.052602,308,47,4270,2391,6000,,1200,,,,constant_speed,transition,0,no_load,cw,C4: 1200 rpm,servo-app/lab-0.1
1781172446.0525553,19.057093858718872,C4_SPEED_1200,C4_SPEED_1200_R02_20260611_170706,delta-asda-b3-e,1591,RTSO|SO|OE|VE|QS|TR,3,0,-635071782,1200,24,0.10248,21,0.050211,308,47,4270,2391,6000,,1200,,,,constant_speed,transition,0,no_load,cw,C4: 1200 rpm,servo-app/lab-0.1
1781172446.152738,19.15727663040161,C4_SPEED_1200,C4_SPEED_1200_R02_20260611_170706,delta-asda-b3-e,1591,RTSO|SO|OE|VE|QS|TR,3,0,-631716668,1199,20,0.0854,19,0.045429,308,47,4270,2391,6000,,1200,,,,constant_speed,transition,0,no_load,cw,C4: 1200 rpm,servo-app/lab-0.1
1781172446.2530925,19.257631063461304,C4_SPEED_1200,C4_SPEED_1200_R02_20260611_170706,delta-asda-b3-e,1591,RTSO|SO|OE|VE|QS|TR,3,0,-628327649,1200,24,0.10248,23,0.054993,308,47,4270,2391,6000,,1200,,,,constant_speed,transition,0,no_load,cw,C4: 1200 rpm,servo-app/lab-0.1
1781172446.353638,19.358176469802856,C4_SPEED_1200,C4_SPEED_1200_R02_20260611_170706,delta-asda-b3-e,1591,RTSO|SO|OE|VE|QS|TR,3,0,-625005879,1200,24,0.10248,24,0.057384,308,47,4270,2391,6000,,1200,,,,constant_speed,transition,0,no_load,cw,C4: 1200 rpm,servo-app/lab-0.1
1781172446.4536922,19.45823073387146,C4_SPEED_1200,C4_SPEED_1200_R02_20260611_170706,delta-asda-b3-e,1591,RTSO|SO|OE|VE|QS|TR,3,0,-621583387,1200,21,0.08967,24,0.057384,308,47,4270,2391,6000,,1200,,,,constant_speed,transition,0,no_load,cw,C4: 1200 rpm,servo-app/lab-0.1
1781172446.5541117,19.558650255203247,C4_SPEED_1200,C4_SPEED_1200_R02_20260611_170706,delta-asda-b3-e,1591,RTSO|SO|OE|VE|QS|TR,3,0,-618261368,1200,18,0.07686,21,0.050211,308,47,4270,2391,6000,,1200,,,,constant_speed,transition,0,no_load,cw,C4: 1200 rpm,servo-app/lab-0.1
1781172446.6544373,19.658975839614868,C4_SPEED_1200,C4_SPEED_1200_R02_20260611_170706,delta-asda-b3-e,1591,RTSO|SO|OE|VE|QS|TR,3,0,-614872600,1200,21,0.08967,21,0.050211,308,47,4270,2391,6000,,1200,,,,constant_speed,transition,0,no_load,cw,C4: 1200 rpm,servo-app/lab-0.1
1781172446.7548473,19.75938582420349,C4_SPEED_1200,C4_SPEED_1200_R02_20260611_170706,delta-asda-b3-e,1591,RTSO|SO|OE|VE|QS|TR,3,0,-611517146,1200,24,0.10248,17,0.040647,308,47,4270,2391,6000,,1200,,,,constant_speed,transition,0,no_load,cw,C4: 1200 rpm,servo-app/lab-0.1
1781172446.8553643,19.85990285873413,C4_SPEED_1200,C4_SPEED_1200_R02_20260611_170706,delta-asda-b3-e,1591,RTSO|SO|OE|VE|QS|TR,3,0,-608161780,1200,24,0.10248,23,0.054993,308,47,4270,2391,6000,,1200,,,,constant_speed,transition,0,no_load,cw,C4: 1200 rpm,servo-app/lab-0.1
1781172446.955666,19.960204601287842,C4_SPEED_1200,C4_SPEED_1200_R02_20260611_170706,delta-asda-b3-e,1591,RTSO|SO|OE|VE|QS|TR,3,0,-604739208,1200,22,0.09394,17,0.040647,308,47,4270,2391,6000,,1200,,,,constant_speed,transition,0,no_load,cw,C4: 1200 rpm,servo-app/lab-0.1
1781172447.0557935,20.06033205986023,C4_SPEED_1200,C4_SPEED_1200_R02_20260611_170706,delta-asda-b3-e,1591,RTSO|SO|OE|VE|QS|TR,3,0,-601417220,1200,20,0.0854,22,0.052602,308,47,4270,2391,6000,,1200,,,,constant_speed,transition,0,no_load,cw,C4: 1200 rpm,servo-app/lab-0.1
1781172447.156005,20.16054344177246,C4_SPEED_1200,C4_SPEED_1200_R02_20260611_170706,delta-asda-b3-e,1591,RTSO|SO|OE|VE|QS|TR,3,0,-598028479,1200,21,0.08967,25,0.059775,308,47,4270,2391,6000,,1200,,,,constant_speed,transition,0,no_load,cw,C4: 1200 rpm,servo-app/lab-0.1
1781172447.2563689,20.260907411575317,C4_SPEED_1200,C4_SPEED_1200_R02_20260611_170706,delta-asda-b3-e,1591,RTSO|SO|OE|VE|QS|TR,3,0,-594706571,1200,21,0.08967,21,0.050211,308,47,4270,2391,6000,,1200,,,,constant_speed,transition,0,no_load,cw,C4: 1200 rpm,servo-app/lab-0.1
1781172447.356826,20.361364603042603,C4_SPEED_1200,C4_SPEED_1200_R02_20260611_170706,delta-asda-b3-e,1591,RTSO|SO|OE|VE|QS|TR,3,0,-591284120,1200,22,0.09394,22,0.052602,308,47,4270,2391,6000,,1200,,,,constant_speed,transition,0,no_load,cw,C4: 1200 rpm,servo-app/lab-0.1
1781172447.457221,20.461759567260742,C4_SPEED_1200,C4_SPEED_1200_R02_20260611_170706,delta-asda-b3-e,1591,RTSO|SO|OE|VE|QS|TR,3,0,-587928669,1201,20,0.0854,22,0.052602,308,47,4270,2391,6000,,1200,,,,constant_speed,transition,0,no_load,cw,C4: 1200 rpm,servo-app/lab-0.1
1781172447.5572577,20.561796188354492,C4_SPEED_1200,C4_SPEED_1200_R02_20260611_170706,delta-asda-b3-e,1591,RTSO|SO|OE|VE|QS|TR,3,0,-584606750,1200,21,0.08967,22,0.052602,308,47,4270,2391,6000,,1200,,,,constant_speed,transition,0,no_load,cw,C4: 1200 rpm,servo-app/lab-0.1
1781172447.6577613,20.662299871444702,C4_SPEED_1200,C4_SPEED_1200_R02_20260611_170706,delta-asda-b3-e,1591,RTSO|SO|OE|VE|QS|TR,3,0,-581184403,1200,19,0.08113,20,0.04782,308,47,4270,2391,6000,,1200,,,,constant_speed,transition,0,no_load,cw,C4: 1200 rpm,servo-app/lab-0.1
1781172447.7581692,20.762707710266113,C4_SPEED_1200,C4_SPEED_1200_R02_20260611_170706,delta-asda-b3-e,1591,RTSO|SO|OE|VE|QS|TR,3,0,-577828872,1200,21,0.08967,22,0.052602,307,47,4270,2391,6000,,1200,,,,constant_speed,transition,0,no_load,cw,C4: 1200 rpm,servo-app/lab-0.1
1781172447.8585722,20.863110780715942,C4_SPEED_1200,C4_SPEED_1200_R02_20260611_170706,delta-asda-b3-e,1591,RTSO|SO|OE|VE|QS|TR,3,0,-574473576,1200,22,0.09394,22,0.052602,308,47,4270,2391,6000,,1200,,,,constant_speed,transition,0,no_load,cw,C4: 1200 rpm,servo-app/lab-0.1
1781172447.9585936,20.96313214302063,C4_SPEED_1200,C4_SPEED_1200_R02_20260611_170706,delta-asda-b3-e,1591,RTSO|SO|OE|VE|QS|TR,3,0,-571084499,1201,20,0.0854,21,0.050211,308,47,4270,2391,6000,,1200,,,,constant_speed,transition,0,no_load,cw,C4: 1200 rpm,servo-app/lab-0.1
1781172448.0587416,21.06328010559082,C4_SPEED_1200,C4_SPEED_1200_R02_20260611_170706,delta-asda-b3-e,1591,RTSO|SO|OE|VE|QS|TR,3,0,-567762623,1200,20,0.0854,21,0.050211,308,47,4270,2391,6000,,1200,,,,constant_speed,transition,0,no_load,cw,C4: 1200 rpm,servo-app/lab-0.1
1781172448.158903,21.16344141960144,C4_SPEED_1200,C4_SPEED_1200_R02_20260611_170706,delta-asda-b3-e,1591,RTSO|SO|OE|VE|QS|TR,3,0,-564440988,1200,21,0.08967,22,0.052602,307,47,4270,2391,6000,,1200,,,,constant_speed,transition,0,no_load,cw,C4: 1200 rpm,servo-app/lab-0.1
1781172448.259294,21.263832569122314,C4_SPEED_1200,C4_SPEED_1200_R02_20260611_170706,delta-asda-b3-e,1591,RTSO|SO|OE|VE|QS|TR,3,0,-561018356,1200,21,0.08967,22,0.052602,307,47,4270,2391,6000,,1200,,,,constant_speed,transition,0,no_load,cw,C4: 1200 rpm,servo-app/lab-0.1
1781172448.359501,21.364039421081543,C4_SPEED_1200,C4_SPEED_1200_R02_20260611_170706,delta-asda-b3-e,1591,RTSO|SO|OE|VE|QS|TR,3,0,-557696614,1200,23,0.09821,23,0.054993,308,47,4270,2391,6000,,1200,,,,constant_speed,transition,0,no_load,cw,C4: 1200 rpm,servo-app/lab-0.1
1781172448.459668,21.46420645713806,C4_SPEED_1200,C4_SPEED_1200_R02_20260611_170706,delta-asda-b3-e,1591,RTSO|SO|OE|VE|QS|TR,3,0,-554273949,1201,21,0.08967,19,0.045429,308,47,4270,2391,6000,,1200,,,,constant_speed,transition,0,no_load,cw,C4: 1200 rpm,servo-app/lab-0.1
1781172448.5599115,21.56445002555847,C4_SPEED_1200,C4_SPEED_1200_R02_20260611_170706,delta-asda-b3-e,1591,RTSO|SO|OE|VE|QS|TR,3,0,-550918557,1200,20,0.0854,20,0.04782,308,47,4270,2391,6000,,1200,,,,constant_speed,transition,0,no_load,cw,C4: 1200 rpm,servo-app/lab-0.1
1781172448.6603012,21.66483974456787,C4_SPEED_1200,C4_SPEED_1200_R02_20260611_170706,delta-asda-b3-e,1591,RTSO|SO|OE|VE|QS|TR,3,0,-547563341,1200,19,0.08113,19,0.045429,307,47,4270,2391,6000,,1200,,,,constant_speed,transition,0,no_load,cw,C4: 1200 rpm,servo-app/lab-0.1
1781172448.7603712,21.764909744262695,C4_SPEED_1200,C4_SPEED_1200_R02_20260611_170706,delta-asda-b3-e,1591,RTSO|SO|OE|VE|QS|TR,3,0,-544207887,1200,21,0.08967,20,0.04782,307,47,4270,2391,6000,,1200,,,,constant_speed,transition,0,no_load,cw,C4: 1200 rpm,servo-app/lab-0.1
1781172448.8605125,21.86505103111267,C4_SPEED_1200,C4_SPEED_1200_R02_20260611_170706,delta-asda-b3-e,1591,RTSO|SO|OE|VE|QS|TR,3,0,-540852653,1200,21,0.08967,21,0.050211,308,47,4270,2391,6000,,1200,,,,constant_speed,transition,0,no_load,cw,C4: 1200 rpm,servo-app/lab-0.1
1781172448.9607208,21.965259313583374,C4_SPEED_1200,C4_SPEED_1200_R02_20260611_170706,delta-asda-b3-e,1591,RTSO|SO|OE|VE|QS|TR,3,0,-537463504,1201,20,0.0854,20,0.04782,308,47,4270,2391,6000,,1200,,,,constant_speed,transition,0,no_load,cw,C4: 1200 rpm,servo-app/lab-0.1
1781172449.0609148,22.06545329093933,C4_SPEED_1200,C4_SPEED_1200_R02_20260611_170706,delta-asda-b3-e,1591,RTSO|SO|OE|VE|QS|TR,3,0,-534108076,1200,20,0.0854,19,0.045429,308,47,4270,2391,6000,,1200,,,,constant_speed,transition,0,no_load,cw,C4: 1200 rpm,servo-app/lab-0.1
1781172449.1617281,22.166266679763794,C4_SPEED_1200,C4_SPEED_1200_R02_20260611_170706,delta-asda-b3-e,1591,RTSO|SO|OE|VE|QS|TR,3,0,-530719236,1201,19,0.08113,19,0.045429,308,47,4270,2391,6000,,1200,,,,constant_speed,transition,0,no_load,cw,C4: 1200 rpm,servo-app/lab-0.1
1781172449.2617557,22.266294240951538,C4_SPEED_1200,C4_SPEED_1200_R02_20260611_170706,delta-asda-b3-e,1591,RTSO|SO|OE|VE|QS|TR,3,0,-527363858,1201,21,0.08967,21,0.050211,307,47,4270,2391,6000,,1200,,,,constant_speed,transition,0,no_load,cw,C4: 1200 rpm,servo-app/lab-0.1
1781172449.3618135,22.366352081298828,C4_SPEED_1200,C4_SPEED_1200_R02_20260611_170706,delta-asda-b3-e,1591,RTSO|SO|OE|VE|QS|TR,3,0,-524008570,1200,20,0.0854,21,0.050211,308,47,4270,2391,6000,,1200,,,,constant_speed,transition,0,no_load,cw,C4: 1200 rpm,servo-app/lab-0.1
1781172449.4619057,22.46644425392151,C4_SPEED_1200,C4_SPEED_1200_R02_20260611_170706,delta-asda-b3-e,1591,RTSO|SO|OE|VE|QS|TR,3,0,-520720096,1201,20,0.0854,20,0.04782,308,47,4270,2391,6000,,1200,,,,constant_speed,transition,0,no_load,cw,C4: 1200 rpm,servo-app/lab-0.1
1781172449.5623064,22.566844940185547,C4_SPEED_1200,C4_SPEED_1200_R02_20260611_170706,delta-asda-b3-e,1591,RTSO|SO|OE|VE|QS|TR,3,0,-517297535,1201,20,0.0854,20,0.04782,308,47,4270,2391,6000,,1200,,,,constant_speed,transition,0,no_load,cw,C4: 1200 rpm,servo-app/lab-0.1
1781172449.662792,22.667330503463745,C4_SPEED_1200,C4_SPEED_1200_R02_20260611_170706,delta-asda-b3-e,1591,RTSO|SO|OE|VE|QS|TR,3,0,-513942306,1201,19,0.08113,20,0.04782,307,47,4270,2391,6000,,1200,,,,constant_speed,transition,0,no_load,cw,C4: 1200 rpm,servo-app/lab-0.1
1781172449.7631564,22.76769495010376,C4_SPEED_1200,C4_SPEED_1200_R02_20260611_170706,delta-asda-b3-e,1591,RTSO|SO|OE|VE|QS|TR,3,0,-510586930,1200,21,0.08967,20,0.04782,308,47,4270,2391,6000,,1200,,,,constant_speed,transition,0,no_load,cw,C4: 1200 rpm,servo-app/lab-0.1
1781172449.8638916,22.868430137634277,C4_SPEED_1200,C4_SPEED_1200_R02_20260611_170706,delta-asda-b3-e,1591,RTSO|SO|OE|VE|QS|TR,3,0,-507198081,1200,21,0.08967,21,0.050211,308,47,4270,2391,6000,,1200,,,,constant_speed,transition,0,no_load,cw,C4: 1200 rpm,servo-app/lab-0.1
1781172449.9644861,22.969024658203125,C4_SPEED_1200,C4_SPEED_1200_R02_20260611_170706,delta-asda-b3-e,1591,RTSO|SO|OE|VE|QS|TR,3,0,-503808764,1201,19,0.08113,20,0.04782,308,47,4270,2391,6000,,1200,,,,constant_speed,transition,0,no_load,cw,C4: 1200 rpm,servo-app/lab-0.1
1781172450.0645733,23.069111824035645,C4_SPEED_1200,C4_SPEED_1200_R02_20260611_170706,delta-asda-b3-e,1591,RTSO|SO|OE|VE|QS|TR,3,0,-500487029,1201,20,0.0854,21,0.050211,308,47,4270,2391,6000,,1200,,,,constant_speed,transition,0,no_load,cw,C4: 1200 rpm,servo-app/lab-0.1
1781172450.1647646,23.16930317878723,C4_SPEED_1200,C4_SPEED_1200_R02_20260611_170706,delta-asda-b3-e,1591,RTSO|SO|OE|VE|QS|TR,3,0,-497098082,1201,18,0.07686,19,0.045429,308,47,4270,2391,6000,,1200,,,,constant_speed,transition,0,no_load,cw,C4: 1200 rpm,servo-app/lab-0.1
1781172450.2649956,23.26953411102295,C4_SPEED_1200,C4_SPEED_1200_R02_20260611_170706,delta-asda-b3-e,1591,RTSO|SO|OE|VE|QS|TR,3,0,-493709177,1201,19,0.08113,20,0.04782,308,47,4270,2391,6000,,1200,,,,constant_speed,transition,0,no_load,cw,C4: 1200 rpm,servo-app/lab-0.1
1781172450.3655086,23.370047092437744,C4_SPEED_1200,C4_SPEED_1200_R02_20260611_170706,delta-asda-b3-e,1591,RTSO|SO|OE|VE|QS|TR,3,0,-490387509,1200,21,0.08967,20,0.04782,308,47,4270,2391,6000,,1200,,,,constant_speed,transition,0,no_load,cw,C4: 1200 rpm,servo-app/lab-0.1
1781172450.4658833,23.47042179107666,C4_SPEED_1200,C4_SPEED_1200_R02_20260611_170706,delta-asda-b3-e,1591,RTSO|SO|OE|VE|QS|TR,3,0,-487031764,1201,19,0.08113,21,0.050211,308,47,4270,2391,6000,,1200,,,,constant_speed,transition,0,no_load,cw,C4: 1200 rpm,servo-app/lab-0.1
1781172450.5661085,23.57064700126648,C4_SPEED_1200,C4_SPEED_1200_R02_20260611_170706,delta-asda-b3-e,1591,RTSO|SO|OE|VE|QS|TR,3,0,-483609218,1201,19,0.08113,20,0.04782,308,47,4270,2391,6000,,1200,,,,constant_speed,transition,0,no_load,cw,C4: 1200 rpm,servo-app/lab-0.1
1781172450.6662798,23.670818328857422,C4_SPEED_1200,C4_SPEED_1200_R02_20260611_170706,delta-asda-b3-e,1591,RTSO|SO|OE|VE|QS|TR,3,0,-480253807,1201,15,0.06405,19,0.045429,308,47,4270,2391,6000,,1200,,,,constant_speed,transition,0,no_load,cw,C4: 1200 rpm,servo-app/lab-0.1
1781172450.7665195,23.771058082580566,C4_SPEED_1200,C4_SPEED_1200_R02_20260611_170706,delta-asda-b3-e,1591,RTSO|SO|OE|VE|QS|TR,3,0,-476932181,1201,17,0.07259,19,0.045429,308,47,4270,2391,6000,,1200,,,,constant_speed,transition,0,no_load,cw,C4: 1200 rpm,servo-app/lab-0.1
1781172450.866568,23.87110662460327,C4_SPEED_1200,C4_SPEED_1200_R02_20260611_170706,delta-asda-b3-e,1591,RTSO|SO|OE|VE|QS|TR,3,0,-473576973,1200,20,0.0854,21,0.050211,308,47,4270,2391,6000,,1200,,,,constant_speed,transition,0,no_load,cw,C4: 1200 rpm,servo-app/lab-0.1
1781172450.9670131,23.971551656723022,C4_SPEED_1200,C4_SPEED_1200_R02_20260611_170706,delta-asda-b3-e,1591,RTSO|SO|OE|VE|QS|TR,3,0,-470154137,1201,19,0.08113,19,0.045429,308,47,4270,2391,6000,,1200,,,,constant_speed,transition,0,no_load,cw,C4: 1200 rpm,servo-app/lab-0.1
1781172451.0672815,24.07182002067566,C4_SPEED_1200,C4_SPEED_1200_R02_20260611_170706,delta-asda-b3-e,1591,RTSO|SO|OE|VE|QS|TR,3,0,-466865929,1201,21,0.08967,20,0.04782,308,47,4270,2391,6000,,1200,,,,constant_speed,transition,0,no_load,cw,C4: 1200 rpm,servo-app/lab-0.1
1781172451.1677701,24.172308683395386,C4_SPEED_1200,C4_SPEED_1200_R02_20260611_170706,delta-asda-b3-e,1591,RTSO|SO|OE|VE|QS|TR,3,0,-463409743,1201,12,0.05124,16,0.038256,308,47,4270,2391,6000,,1200,,,,constant_speed,transition,0,no_load,cw,C4: 1200 rpm,servo-app/lab-0.1
1781172451.2681792,24.272717714309692,C4_SPEED_1200,C4_SPEED_1200_R02_20260611_170706,delta-asda-b3-e,1591,RTSO|SO|OE|VE|QS|TR,3,0,-460054594,1201,18,0.07686,19,0.045429,308,47,4270,2391,6000,,1200,,,,constant_speed,transition,0,no_load,cw,C4: 1200 rpm,servo-app/lab-0.1
1781172451.3686378,24.373176336288452,C4_SPEED_1200,C4_SPEED_1200_R02_20260611_170706,delta-asda-b3-e,1591,RTSO|SO|OE|VE|QS|TR,3,0,-456732936,1201,17,0.07259,18,0.043038,308,47,4270,2391,6000,,1200,,,,constant_speed,transition,0,no_load,cw,C4: 1200 rpm,servo-app/lab-0.1
1781172451.4691353,24.473673820495605,C4_SPEED_1200,C4_SPEED_1200_R02_20260611_170706,delta-asda-b3-e,1591,RTSO|SO|OE|VE|QS|TR,3,0,-453343627,1201,15,0.06405,19,0.045429,308,47,4270,2391,6000,,1200,,,,constant_speed,transition,0,no_load,cw,C4: 1200 rpm,servo-app/lab-0.1
1781172451.5692205,24.573759078979492,C4_SPEED_1200,C4_SPEED_1200_R02_20260611_170706,delta-asda-b3-e,1591,RTSO|SO|OE|VE|QS|TR,3,0,-449954688,1201,18,0.07686,19,0.045429,308,47,4270,2391,6000,,1200,,,,constant_speed,transition,0,no_load,cw,C4: 1200 rpm,servo-app/lab-0.1
1781172451.6699345,24.67447304725647,C4_SPEED_1200,C4_SPEED_1200_R02_20260611_170706,delta-asda-b3-e,1591,RTSO|SO|OE|VE|QS|TR,3,0,-446565578,1201,19,0.08113,21,0.050211,308,47,4270,2391,6000,,1200,,,,constant_speed,transition,0,no_load,cw,C4: 1200 rpm,servo-app/lab-0.1
1781172451.7701662,24.774704694747925,C4_SPEED_1200,C4_SPEED_1200_R02_20260611_170706,delta-asda-b3-e,1591,RTSO|SO|OE|VE|QS|TR,3,0,-443210445,1201,19,0.08113,18,0.043038,308,47,4270,2391,6000,,1200,,,,constant_speed,transition,0,no_load,cw,C4: 1200 rpm,servo-app/lab-0.1
1781172451.8703082,24.874846696853638,C4_SPEED_1200,C4_SPEED_1200_R02_20260611_170706,delta-asda-b3-e,1591,RTSO|SO|OE|VE|QS|TR,3,0,-439855153,1201,19,0.08113,18,0.043038,308,47,4270,2391,6000,,1200,,,,constant_speed,transition,0,no_load,cw,C4: 1200 rpm,servo-app/lab-0.1
1781172451.9708736,24.975412130355835,C4_SPEED_1200,C4_SPEED_1200_R02_20260611_170706,delta-asda-b3-e,1591,RTSO|SO|OE|VE|QS|TR,3,0,-436533107,1201,20,0.0854,18,0.043038,308,47,4270,2391,6000,,1200,,,,constant_speed,transition,0,no_load,cw,C4: 1200 rpm,servo-app/lab-0.1
1781172452.070997,25.075535535812378,C4_SPEED_1200,C4_SPEED_1200_R02_20260611_170706,delta-asda-b3-e,1591,RTSO|SO|OE|VE|QS|TR,3,0,-433144138,1201,14,0.05978,20,0.04782,308,47,4270,2391,6000,,1200,,,,constant_speed,transition,0,no_load,cw,C4: 1200 rpm,servo-app/lab-0.1
1781172452.1715071,25.176045656204224,C4_SPEED_1200,C4_SPEED_1200_R02_20260611_170706,delta-asda-b3-e,1591,RTSO|SO|OE|VE|QS|TR,3,0,-429755074,1201,19,0.08113,17,0.040647,307,47,4270,2391,6000,,1200,,,,constant_speed,transition,0,no_load,cw,C4: 1200 rpm,servo-app/lab-0.1
1781172452.271578,25.276116609573364,C4_SPEED_1200,C4_SPEED_1200_R02_20260611_170706,delta-asda-b3-e,1591,RTSO|SO|OE|VE|QS|TR,3,0,-426433489,1201,22,0.09394,18,0.043038,308,47,4270,2391,6000,,1200,,,,constant_speed,transition,0,no_load,cw,C4: 1200 rpm,servo-app/lab-0.1
1781172452.372332,25.37687063217163,C4_SPEED_1200,C4_SPEED_1200_R02_20260611_170706,delta-asda-b3-e,1591,RTSO|SO|OE|VE|QS|TR,3,0,-423044639,1201,18,0.07686,15,0.035865,308,47,4270,2391,6000,,1200,,,,constant_speed,transition,0,no_load,cw,C4: 1200 rpm,servo-app/lab-0.1
1781172452.4725213,25.477059841156006,C4_SPEED_1200,C4_SPEED_1200_R02_20260611_170706,delta-asda-b3-e,1591,RTSO|SO|OE|VE|QS|TR,3,0,-419688989,1201,20,0.0854,20,0.04782,308,47,4270,2391,6000,,1200,,,,constant_speed,transition,0,no_load,cw,C4: 1200 rpm,servo-app/lab-0.1
1781172452.5727787,25.577317237854004,C4_SPEED_1200,C4_SPEED_1200_R02_20260611_170706,delta-asda-b3-e,1591,RTSO|SO|OE|VE|QS|TR,3,0,-416266718,1200,19,0.08113,18,0.043038,308,47,4270,2391,6000,,1200,,,,constant_speed,transition,0,no_load,cw,C4: 1200 rpm,servo-app/lab-0.1
1781172452.6729796,25.677518129348755,C4_SPEED_1200,C4_SPEED_1200_R02_20260611_170706,delta-asda-b3-e,1591,RTSO|SO|OE|VE|QS|TR,3,0,-412978140,1201,22,0.09394,17,0.040647,308,47,4270,2391,6000,,1200,,,,constant_speed,transition,0,no_load,cw,C4: 1200 rpm,servo-app/lab-0.1
1781172452.7731605,25.77769899368286,C4_SPEED_1200,C4_SPEED_1200_R02_20260611_170706,delta-asda-b3-e,1591,RTSO|SO|OE|VE|QS|TR,3,0,-409555956,1200,21,0.08967,19,0.045429,308,47,4270,2391,6000,,1200,,,,constant_speed,transition,0,no_load,cw,C4: 1200 rpm,servo-app/lab-0.1
1781172452.873363,25.877901554107666,C4_SPEED_1200,C4_SPEED_1200_R02_20260611_170706,delta-asda-b3-e,1591,RTSO|SO|OE|VE|QS|TR,3,0,-406267670,1201,21,0.08967,19,0.045429,308,47,4270,2391,6000,,1200,,,,constant_speed,transition,0,no_load,cw,C4: 1200 rpm,servo-app/lab-0.1
1781172452.973926,25.978464603424072,C4_SPEED_1200,C4_SPEED_1200_R02_20260611_170706,delta-asda-b3-e,1591,RTSO|SO|OE|VE|QS|TR,3,0,-402878529,1201,18,0.07686,18,0.043038,308,47,4270,2391,6000,,1200,,,,constant_speed,transition,0,no_load,cw,C4: 1200 rpm,servo-app/lab-0.1
1781172453.074502,26.07904052734375,C4_SPEED_1200,C4_SPEED_1200_R02_20260611_170706,delta-asda-b3-e,1591,RTSO|SO|OE|VE|QS|TR,3,0,-399489694,1200,20,0.0854,21,0.050211,308,47,4270,2391,6000,,1200,,,,constant_speed,transition,0,no_load,cw,C4: 1200 rpm,servo-app/lab-0.1
1781172453.1749847,26.179523229599,C4_SPEED_1200,C4_SPEED_1200_R02_20260611_170706,delta-asda-b3-e,1591,RTSO|SO|OE|VE|QS|TR,3,0,-396100634,1200,18,0.07686,19,0.045429,307,47,4270,2391,6000,,1200,,,,constant_speed,transition,0,no_load,cw,C4: 1200 rpm,servo-app/lab-0.1
1781172453.275309,26.279847621917725,C4_SPEED_1200,C4_SPEED_1200_R02_20260611_170706,delta-asda-b3-e,1591,RTSO|SO|OE|VE|QS|TR,3,0,-392745452,1200,20,0.0854,22,0.052602,308,47,4270,2391,6000,,1200,,,,constant_speed,transition,0,no_load,cw,C4: 1200 rpm,servo-app/lab-0.1
1781172453.375442,26.37998056411743,C4_SPEED_1200,C4_SPEED_1200_R02_20260611_170706,delta-asda-b3-e,1591,RTSO|SO|OE|VE|QS|TR,3,0,-389390086,1200,20,0.0854,18,0.043038,307,47,4270,2391,6000,,1200,,,,constant_speed,transition,0,no_load,cw,C4: 1200 rpm,servo-app/lab-0.1
1781172453.4757853,26.480323791503906,C4_SPEED_1200,C4_SPEED_1200_R02_20260611_170706,delta-asda-b3-e,1591,RTSO|SO|OE|VE|QS|TR,3,0,-386001122,1200,20,0.0854,20,0.04782,308,47,4270,2391,6000,,1200,,,,constant_speed,transition,0,no_load,cw,C4: 1200 rpm,servo-app/lab-0.1
1781172453.5758133,26.58035182952881,C4_SPEED_1200,C4_SPEED_1200_R02_20260611_170706,delta-asda-b3-e,1591,RTSO|SO|OE|VE|QS|TR,3,0,-382612384,1199,19,0.08113,19,0.045429,307,47,4270,2391,6000,,1200,,,,constant_speed,transition,0,no_load,cw,C4: 1200 rpm,servo-app/lab-0.1
1781172453.6762164,26.680754899978638,C4_SPEED_1200,C4_SPEED_1200_R02_20260611_170706,delta-asda-b3-e,1591,RTSO|SO|OE|VE|QS|TR,3,0,-379290293,1200,20,0.0854,20,0.04782,307,47,4270,2391,6000,,1200,,,,constant_speed,transition,0,no_load,cw,C4: 1200 rpm,servo-app/lab-0.1
1781172453.7767508,26.78128933906555,C4_SPEED_1200,C4_SPEED_1200_R02_20260611_170706,delta-asda-b3-e,1591,RTSO|SO|OE|VE|QS|TR,3,0,-375868202,1199,22,0.09394,21,0.050211,308,47,4270,2391,6000,,1200,,,,constant_speed,transition,0,no_load,cw,C4: 1200 rpm,servo-app/lab-0.1
1781172453.876853,26.881391525268555,C4_SPEED_1200,C4_SPEED_1200_R02_20260611_170706,delta-asda-b3-e,1591,RTSO|SO|OE|VE|QS|TR,3,0,-372512687,1200,21,0.08967,19,0.045429,308,47,4270,2391,6000,,1200,,,,constant_speed,transition,0,no_load,cw,C4: 1200 rpm,servo-app/lab-0.1
1781172453.9772742,26.981812715530396,C4_SPEED_1200,C4_SPEED_1200_R02_20260611_170706,delta-asda-b3-e,1591,RTSO|SO|OE|VE|QS|TR,3,0,-369190668,1199,23,0.09821,20,0.04782,308,47,4270,2391,6000,,1200,,,,constant_speed,transition,0,no_load,cw,C4: 1200 rpm,servo-app/lab-0.1
1781172454.0774274,27.081965923309326,C4_SPEED_1200,C4_SPEED_1200_R02_20260611_170706,delta-asda-b3-e,1591,RTSO|SO|OE|VE|QS|TR,3,0,-365801935,1199,22,0.09394,20,0.04782,308,47,4270,2391,6000,,1200,,,,constant_speed,transition,0,no_load,cw,C4: 1200 rpm,servo-app/lab-0.1
1781172454.1778467,27.182385206222534,C4_SPEED_1200,C4_SPEED_1200_R02_20260611_170706,delta-asda-b3-e,1591,RTSO|SO|OE|VE|QS|TR,3,0,-362412927,1199,23,0.09821,22,0.052602,308,47,4270,2391,6000,,1200,,,,constant_speed,transition,0,no_load,cw,C4: 1200 rpm,servo-app/lab-0.1
1781172454.2782397,27.28277826309204,C4_SPEED_1200,C4_SPEED_1200_R02_20260611_170706,delta-asda-b3-e,1591,RTSO|SO|OE|VE|QS|TR,3,0,-359057788,1199,24,0.10248,23,0.054993,307,47,4270,2391,6000,,1200,,,,constant_speed,transition,0,no_load,cw,C4: 1200 rpm,servo-app/lab-0.1
1781172454.3784306,27.38296914100647,C4_SPEED_1200,C4_SPEED_1200_R02_20260611_170706,delta-asda-b3-e,1591,RTSO|SO|OE|VE|QS|TR,3,0,-355735731,1200,21,0.08967,20,0.04782,308,47,4270,2391,6000,,1200,,,,constant_speed,transition,0,no_load,cw,C4: 1200 rpm,servo-app/lab-0.1
1781172454.4789555,27.48349404335022,C4_SPEED_1200,C4_SPEED_1200_R02_20260611_170706,delta-asda-b3-e,1591,RTSO|SO|OE|VE|QS|TR,3,0,-352380252,1199,20,0.0854,19,0.045429,307,47,4270,2391,6000,,1200,,,,constant_speed,transition,0,no_load,cw,C4: 1200 rpm,servo-app/lab-0.1
1781172454.579215,27.58375358581543,C4_SPEED_1200,C4_SPEED_1200_R02_20260611_170706,delta-asda-b3-e,1591,RTSO|SO|OE|VE|QS|TR,3,0,-348957942,1199,22,0.09394,19,0.045429,308,47,4270,2391,6000,,1200,,,,constant_speed,transition,0,no_load,cw,C4: 1200 rpm,servo-app/lab-0.1
1781172454.6795263,27.684064865112305,C4_SPEED_1200,C4_SPEED_1200_R02_20260611_170706,delta-asda-b3-e,1591,RTSO|SO|OE|VE|QS|TR,3,0,-345602503,1199,24,0.10248,20,0.04782,308,47,4270,2391,6000,,1200,,,,constant_speed,transition,0,no_load,cw,C4: 1200 rpm,servo-app/lab-0.1
1781172454.7800264,27.784564971923828,C4_SPEED_1200,C4_SPEED_1200_R02_20260611_170706,delta-asda-b3-e,1591,RTSO|SO|OE|VE|QS|TR,3,0,-342247373,1199,24,0.10248,20,0.04782,308,47,4270,2391,6000,,1200,,,,constant_speed,transition,0,no_load,cw,C4: 1200 rpm,servo-app/lab-0.1
1781172454.880057,27.8845956325531,C4_SPEED_1200,C4_SPEED_1200_R02_20260611_170706,delta-asda-b3-e,1591,RTSO|SO|OE|VE|QS|TR,3,0,-338858248,1199,27,0.11529,24,0.057384,308,47,4270,2391,6000,,1200,,,,constant_speed,transition,0,no_load,cw,C4: 1200 rpm,servo-app/lab-0.1
1781172454.9803848,27.984923362731934,C4_SPEED_1200,C4_SPEED_1200_R02_20260611_170706,delta-asda-b3-e,1591,RTSO|SO|OE|VE|QS|TR,3,0,-335536401,1199,23,0.09821,20,0.04782,307,47,4270,2391,6000,,1200,,,,constant_speed,transition,0,no_load,cw,C4: 1200 rpm,servo-app/lab-0.1
1781172455.0808,28.085338592529297,C4_SPEED_1200,C4_SPEED_1200_R02_20260611_170706,delta-asda-b3-e,1591,RTSO|SO|OE|VE|QS|TR,3,0,-332113948,1199,22,0.09394,22,0.052602,308,47,4270,2391,6000,,1200,,,,constant_speed,transition,0,no_load,cw,C4: 1200 rpm,servo-app/lab-0.1
1781172455.1809547,28.185493230819702,C4_SPEED_1200,C4_SPEED_1200_R02_20260611_170706,delta-asda-b3-e,1591,RTSO|SO|OE|VE|QS|TR,3,0,-328825642,1199,23,0.09821,20,0.04782,308,47,4270,2391,6000,,1200,,,,constant_speed,transition,0,no_load,cw,C4: 1200 rpm,servo-app/lab-0.1
1781172455.2814605,28.285999059677124,C4_SPEED_1200,C4_SPEED_1200_R02_20260611_170706,delta-asda-b3-e,1591,RTSO|SO|OE|VE|QS|TR,3,0,-325470465,1199,23,0.09821,24,0.057384,308,47,4270,2391,6000,,1200,,,,constant_speed,transition,0,no_load,cw,C4: 1200 rpm,servo-app/lab-0.1
1781172455.3818626,28.386401176452637,C4_SPEED_1200,C4_SPEED_1200_R02_20260611_170706,delta-asda-b3-e,1591,RTSO|SO|OE|VE|QS|TR,3,0,-322014278,1199,24,0.10248,25,0.059775,308,47,4270,2391,6000,,1200,,,,constant_speed,transition,0,no_load,cw,C4: 1200 rpm,servo-app/lab-0.1
1781172455.4820125,28.48655104637146,C4_SPEED_1200,C4_SPEED_1200_R02_20260611_170706,delta-asda-b3-e,1591,RTSO|SO|OE|VE|QS|TR,3,0,-318692370,1199,23,0.09821,23,0.054993,308,47,4270,2391,6000,,1200,,,,constant_speed,transition,0,no_load,cw,C4: 1200 rpm,servo-app/lab-0.1
1781172455.58213,28.586668491363525,C4_SPEED_1200,C4_SPEED_1200_R02_20260611_170706,delta-asda-b3-e,1591,RTSO|SO|OE|VE|QS|TR,3,0,-315336936,1199,23,0.09821,21,0.050211,308,47,4270,2391,6000,,1200,,,,constant_speed,transition,0,no_load,cw,C4: 1200 rpm,servo-app/lab-0.1
1781172455.6821966,28.686735153198242,C4_SPEED_1200,C4_SPEED_1200_R02_20260611_170706,delta-asda-b3-e,1591,RTSO|SO|OE|VE|QS|TR,3,0,-311948110,1199,27,0.11529,24,0.057384,308,47,4270,2391,6000,,1200,,,,constant_speed,transition,0,no_load,cw,C4: 1200 rpm,servo-app/lab-0.1
1781172455.7827308,28.787269353866577,C4_SPEED_1200,C4_SPEED_1200_R02_20260611_170706,delta-asda-b3-e,1591,RTSO|SO|OE|VE|QS|TR,3,0,-308593006,1198,23,0.09821,23,0.054993,308,47,4270,2391,6000,,1200,,,,constant_speed,transition,0,no_load,cw,C4: 1200 rpm,servo-app/lab-0.1
1781172455.883212,28.88775062561035,C4_SPEED_1200,C4_SPEED_1200_R02_20260611_170706,delta-asda-b3-e,1591,RTSO|SO|OE|VE|QS|TR,3,0,-305237344,1199,25,0.10675,23,0.054993,308,47,4270,2391,6000,,1200,,,,constant_speed,transition,0,no_load,cw,C4: 1200 rpm,servo-app/lab-0.1
1781172455.9837205,28.988259077072144,C4_SPEED_1200,C4_SPEED_1200_R02_20260611_170706,delta-asda-b3-e,1591,RTSO|SO|OE|VE|QS|TR,3,0,-301815076,1198,22,0.09394,24,0.057384,308,47,4270,2391,6000,,1200,,,,constant_speed,transition,0,no_load,cw,C4: 1200 rpm,servo-app/lab-0.1
1781172456.0839121,29.08845067024231,C4_SPEED_1200,C4_SPEED_1200_R02_20260611_170706,delta-asda-b3-e,1591,RTSO|SO|OE|VE|QS|TR,3,0,-298459558,1199,23,0.09821,22,0.052602,307,47,4270,2391,6000,,1200,,,,constant_speed,transition,0,no_load,cw,C4: 1200 rpm,servo-app/lab-0.1
1781172456.1843631,29.188901662826538,C4_SPEED_1200,C4_SPEED_1200_R02_20260611_170706,delta-asda-b3-e,1591,RTSO|SO|OE|VE|QS|TR,3,0,-295171192,1199,25,0.10675,25,0.059775,308,47,4270,2391,6000,,1200,,,,constant_speed,transition,0,no_load,cw,C4: 1200 rpm,servo-app/lab-0.1
1781172456.284533,29.289071559906006,C4_SPEED_1200,C4_SPEED_1200_R02_20260611_170706,delta-asda-b3-e,1591,RTSO|SO|OE|VE|QS|TR,3,0,-291749121,1198,26,0.11102,23,0.054993,308,47,4270,2391,6000,,1200,,,,constant_speed,transition,0,no_load,cw,C4: 1200 rpm,servo-app/lab-0.1
1781172456.3849697,29.38950824737549,C4_SPEED_1200,C4_SPEED_1200_R02_20260611_170706,delta-asda-b3-e,1591,RTSO|SO|OE|VE|QS|TR,3,0,-288360005,1199,24,0.10248,21,0.050211,308,47,4270,2391,6000,,1200,,,,constant_speed,transition,0,no_load,cw,C4: 1200 rpm,servo-app/lab-0.1
1781172456.485423,29.489961624145508,C4_SPEED_1200,C4_SPEED_1200_R02_20260611_170706,delta-asda-b3-e,1591,RTSO|SO|OE|VE|QS|TR,3,0,-285038100,1198,25,0.10675,28,0.066948,308,47,4270,2391,6000,,1200,,,,constant_speed,transition,0,no_load,cw,C4: 1200 rpm,servo-app/lab-0.1
1781172456.5855453,29.590083837509155,C4_SPEED_1200,C4_SPEED_1200_R02_20260611_170706,delta-asda-b3-e,1591,RTSO|SO|OE|VE|QS|TR,3,0,-281682576,1199,25,0.10675,23,0.054993,308,47,4270,2391,6000,,1200,,,,constant_speed,transition,0,no_load,cw,C4: 1200 rpm,servo-app/lab-0.1
1781172456.6860223,29.690560817718506,C4_SPEED_1200,C4_SPEED_1200_R02_20260611_170706,delta-asda-b3-e,1591,RTSO|SO|OE|VE|QS|TR,3,0,-278260360,1198,24,0.10248,24,0.057384,308,47,4270,2391,6000,,1200,,,,constant_speed,transition,0,no_load,cw,C4: 1200 rpm,servo-app/lab-0.1
1781172456.7865882,29.79112672805786,C4_SPEED_1200,C4_SPEED_1200_R02_20260611_170706,delta-asda-b3-e,1591,RTSO|SO|OE|VE|QS|TR,3,0,-274905187,1198,22,0.09394,25,0.059775,308,47,4270,2391,6000,,1200,,,,constant_speed,transition,0,no_load,cw,C4: 1200 rpm,servo-app/lab-0.1
1781172456.8869355,29.89147400856018,C4_SPEED_1200,C4_SPEED_1200_R02_20260611_170706,delta-asda-b3-e,1591,RTSO|SO|OE|VE|QS|TR,3,0,-271583029,1199,26,0.11102,23,0.054993,308,47,4270,2391,6000,,1200,,,,constant_speed,transition,0,no_load,cw,C4: 1200 rpm,servo-app/lab-0.1
1781172456.9875047,29.992043256759644,C4_SPEED_1200,C4_SPEED_1200_R02_20260611_170706,delta-asda-b3-e,1591,RTSO|SO|OE|VE|QS|TR,3,0,-268227686,1198,27,0.11529,26,0.062166,308,47,4270,2391,6000,,1200,,,,constant_speed,transition,0,no_load,cw,C4: 1200 rpm,servo-app/lab-0.1
1781172457.087649,30.092187643051147,C4_SPEED_1200,C4_SPEED_1200_R02_20260611_170706,delta-asda-b3-e,1591,RTSO|SO|OE|VE|QS|TR,3,0,-264838712,1199,24,0.10248,25,0.059775,308,47,4270,2391,6000,,1200,,,,constant_speed,transition,0,no_load,cw,C4: 1200 rpm,servo-app/lab-0.1
1781172457.1877415,30.192280054092407,C4_SPEED_1200,C4_SPEED_1200_R02_20260611_170706,delta-asda-b3-e,1591,RTSO|SO|OE|VE|QS|TR,3,0,-261416433,1199,25,0.10675,25,0.059775,308,47,4270,2391,6000,,1200,,,,constant_speed,transition,0,no_load,cw,C4: 1200 rpm,servo-app/lab-0.1
1781172457.2880385,30.292577028274536,C4_SPEED_1200,C4_SPEED_1200_R02_20260611_170706,delta-asda-b3-e,1591,RTSO|SO|OE|VE|QS|TR,3,0,-258128327,1198,23,0.09821,24,0.057384,308,47,4270,2391,6000,,1200,,,,constant_speed,transition,0,no_load,cw,C4: 1200 rpm,servo-app/lab-0.1
1781172457.38839,30.39292860031128,C4_SPEED_1200,C4_SPEED_1200_R02_20260611_170706,delta-asda-b3-e,1591,RTSO|SO|OE|VE|QS|TR,3,0,-254705681,1199,23,0.09821,24,0.057384,308,47,4270,2391,6000,,1200,,,,constant_speed,transition,0,no_load,cw,C4: 1200 rpm,servo-app/lab-0.1
1781172457.4888537,30.4933922290802,C4_SPEED_1200,C4_SPEED_1200_R02_20260611_170706,delta-asda-b3-e,1591,RTSO|SO|OE|VE|QS|TR,3,0,-251350298,1199,23,0.09821,23,0.054993,308,47,4270,2391,6000,,1200,,,,constant_speed,transition,0,no_load,cw,C4: 1200 rpm,servo-app/lab-0.1
1781172457.5893197,30.593858242034912,C4_SPEED_1200,C4_SPEED_1200_R02_20260611_170706,delta-asda-b3-e,1591,RTSO|SO|OE|VE|QS|TR,3,0,-247961166,1199,23,0.09821,25,0.059775,308,47,4270,2391,6000,,1200,,,,constant_speed,transition,0,no_load,cw,C4: 1200 rpm,servo-app/lab-0.1
1781172457.6893601,30.693898677825928,C4_SPEED_1200,C4_SPEED_1200_R02_20260611_170706,delta-asda-b3-e,1591,RTSO|SO|OE|VE|QS|TR,3,0,-244639537,1199,25,0.10675,24,0.057384,308,47,4270,2391,6000,,1200,,,,constant_speed,transition,0,no_load,cw,C4: 1200 rpm,servo-app/lab-0.1
1781172457.7895803,30.794118881225586,C4_SPEED_1200,C4_SPEED_1200_R02_20260611_170706,delta-asda-b3-e,1591,RTSO|SO|OE|VE|QS|TR,3,0,-241217104,1199,22,0.09394,23,0.054993,308,47,4270,2391,6000,,1200,,,,constant_speed,transition,0,no_load,cw,C4: 1200 rpm,servo-app/lab-0.1
1781172457.889965,30.894503593444824,C4_SPEED_1200,C4_SPEED_1200_R02_20260611_170706,delta-asda-b3-e,1591,RTSO|SO|OE|VE|QS|TR,3,0,-237895164,1199,23,0.09821,25,0.059775,308,47,4270,2391,6000,,1200,,,,constant_speed,transition,0,no_load,cw,C4: 1200 rpm,servo-app/lab-0.1
1781172457.9901748,30.994713306427002,C4_SPEED_1200,C4_SPEED_1200_R02_20260611_170706,delta-asda-b3-e,1591,RTSO|SO|OE|VE|QS|TR,3,0,-234506228,1199,21,0.08967,24,0.057384,308,47,4270,2391,6000,,1200,,,,constant_speed,transition,0,no_load,cw,C4: 1200 rpm,servo-app/lab-0.1
1781172458.0903971,31.094935655593872,C4_SPEED_1200,C4_SPEED_1200_R02_20260611_170706,delta-asda-b3-e,1591,RTSO|SO|OE|VE|QS|TR,3,0,-231150637,1199,23,0.09821,24,0.057384,308,47,4270,2391,6000,,1200,,,,constant_speed,transition,0,no_load,cw,C4: 1200 rpm,servo-app/lab-0.1
1781172458.191062,31.195600509643555,C4_SPEED_1200,C4_SPEED_1200_R02_20260611_170706,delta-asda-b3-e,1591,RTSO|SO|OE|VE|QS|TR,3,0,-227795408,1199,23,0.09821,24,0.057384,307,47,4270,2391,6000,,1200,,,,constant_speed,transition,0,no_load,cw,C4: 1200 rpm,servo-app/lab-0.1
1781172458.2918098,31.296348333358765,C4_SPEED_1200,C4_SPEED_1200_R02_20260611_170706,delta-asda-b3-e,1591,RTSO|SO|OE|VE|QS|TR,3,0,-224406520,1199,23,0.09821,24,0.057384,308,47,4270,2391,6000,,1200,,,,constant_speed,transition,0,no_load,cw,C4: 1200 rpm,servo-app/lab-0.1
1781172458.3921149,31.396653413772583,C4_SPEED_1200,C4_SPEED_1200_R02_20260611_170706,delta-asda-b3-e,1591,RTSO|SO|OE|VE|QS|TR,3,0,-221084629,1199,24,0.10248,24,0.057384,308,47,4270,2391,6000,,1200,,,,constant_speed,transition,0,no_load,cw,C4: 1200 rpm,servo-app/lab-0.1
1781172458.4922345,31.49677300453186,C4_SPEED_1200,C4_SPEED_1200_R02_20260611_170706,delta-asda-b3-e,1591,RTSO|SO|OE|VE|QS|TR,3,0,-217695755,1199,23,0.09821,24,0.057384,308,47,4270,2391,6000,,1200,,,,constant_speed,transition,0,no_load,cw,C4: 1200 rpm,servo-app/lab-0.1
1781172458.5925722,31.597110748291016,C4_SPEED_1200,C4_SPEED_1200_R02_20260611_170706,delta-asda-b3-e,1591,RTSO|SO|OE|VE|QS|TR,3,0,-214273124,1199,22,0.09394,22,0.052602,308,47,4270,2391,6000,,1200,,,,constant_speed,transition,0,no_load,cw,C4: 1200 rpm,servo-app/lab-0.1
1781172458.6929464,31.697484970092773,C4_SPEED_1200,C4_SPEED_1200_R02_20260611_170706,delta-asda-b3-e,1591,RTSO|SO|OE|VE|QS|TR,3,0,-210917928,1199,22,0.09394,23,0.054993,308,47,4270,2391,6000,,1200,,,,constant_speed,transition,0,no_load,cw,C4: 1200 rpm,servo-app/lab-0.1
1781172458.793112,31.797650575637817,C4_SPEED_1200,C4_SPEED_1200_R02_20260611_170706,delta-asda-b3-e,1591,RTSO|SO|OE|VE|QS|TR,3,0,-207629560,1199,21,0.08967,23,0.054993,308,47,4270,2391,6000,,1200,,,,constant_speed,transition,0,no_load,cw,C4: 1200 rpm,servo-app/lab-0.1
1781172458.893374,31.89791250228882,C4_SPEED_1200,C4_SPEED_1200_R02_20260611_170706,delta-asda-b3-e,1591,RTSO|SO|OE|VE|QS|TR,3,0,-204207046,1199,23,0.09821,22,0.052602,308,47,4270,2391,6000,,1200,,,,constant_speed,transition,0,no_load,cw,C4: 1200 rpm,servo-app/lab-0.1
1781172458.9935164,31.99805498123169,C4_SPEED_1200,C4_SPEED_1200_R02_20260611_170706,delta-asda-b3-e,1591,RTSO|SO|OE|VE|QS|TR,3,0,-200851708,1199,20,0.0854,20,0.04782,308,47,4270,2391,6000,,1200,,,,constant_speed,transition,0,no_load,cw,C4: 1200 rpm,servo-app/lab-0.1
1781172459.0940146,32.09855318069458,C4_SPEED_1200,C4_SPEED_1200_R02_20260611_170706,delta-asda-b3-e,1591,RTSO|SO|OE|VE|QS|TR,3,0,-197462655,1199,21,0.08967,22,0.052602,308,47,4270,2391,6000,,1200,,,,constant_speed,transition,0,no_load,cw,C4: 1200 rpm,servo-app/lab-0.1
1781172459.1944294,32.198967933654785,C4_SPEED_1200,C4_SPEED_1200_R02_20260611_170706,delta-asda-b3-e,1591,RTSO|SO|OE|VE|QS|TR,3,0,-194107471,1199,23,0.09821,24,0.057384,307,47,4270,2391,6000,,1200,,,,constant_speed,transition,0,no_load,cw,C4: 1200 rpm,servo-app/lab-0.1
1781172459.295198,32.29973649978638,C4_SPEED_1200,C4_SPEED_1200_R02_20260611_170706,delta-asda-b3-e,1591,RTSO|SO|OE|VE|QS|TR,3,0,-190718440,1200,21,0.08967,21,0.050211,307,47,4270,2391,6000,,1200,,,,constant_speed,transition,0,no_load,cw,C4: 1200 rpm,servo-app/lab-0.1
1781172459.3959997,32.400538206100464,C4_SPEED_1200,C4_SPEED_1200_R02_20260611_170706,delta-asda-b3-e,1591,RTSO|SO|OE|VE|QS|TR,3,0,-187396563,1199,22,0.09394,22,0.052602,307,47,4270,2391,6000,,1200,,,,constant_speed,transition,0,no_load,cw,C4: 1200 rpm,servo-app/lab-0.1
1781172459.4963012,32.500839710235596,C4_SPEED_1200,C4_SPEED_1200_R02_20260611_170706,delta-asda-b3-e,1591,RTSO|SO|OE|VE|QS|TR,3,0,-184041232,1199,19,0.08113,21,0.050211,308,47,4270,2391,6000,,1200,,,,constant_speed,transition,0,no_load,cw,C4: 1200 rpm,servo-app/lab-0.1
1781172459.5964518,32.600990295410156,C4_SPEED_1200,C4_SPEED_1200_R02_20260611_170706,delta-asda-b3-e,1591,RTSO|SO|OE|VE|QS|TR,3,0,-180618660,1199,21,0.08967,21,0.050211,308,47,4270,2391,6000,,1200,,,,constant_speed,transition,0,no_load,cw,C4: 1200 rpm,servo-app/lab-0.1
1781172459.6964781,32.701016664505005,C4_SPEED_1200,C4_SPEED_1200_R02_20260611_170706,delta-asda-b3-e,1591,RTSO|SO|OE|VE|QS|TR,3,0,-177330586,1199,23,0.09821,23,0.054993,308,47,4270,2391,6000,,1200,,,,constant_speed,transition,0,no_load,cw,C4: 1200 rpm,servo-app/lab-0.1
1781172459.7968018,32.80134034156799,C4_SPEED_1200,C4_SPEED_1200_R02_20260611_170706,delta-asda-b3-e,1591,RTSO|SO|OE|VE|QS|TR,3,0,-173907982,1200,21,0.08967,21,0.050211,307,47,4270,2391,6000,,1200,,,,constant_speed,transition,0,no_load,cw,C4: 1200 rpm,servo-app/lab-0.1
1781172459.8968623,32.90140080451965,C4_SPEED_1200,C4_SPEED_1200_R02_20260611_170706,delta-asda-b3-e,1591,RTSO|SO|OE|VE|QS|TR,3,0,-170552603,1199,20,0.0854,21,0.050211,307,47,4270,2391,6000,,1200,,,,constant_speed,transition,0,no_load,cw,C4: 1200 rpm,servo-app/lab-0.1
1781172459.996949,33.001487493515015,C4_SPEED_1200,C4_SPEED_1200_R02_20260611_170706,delta-asda-b3-e,1591,RTSO|SO|OE|VE|QS|TR,3,0,-167163521,1200,20,0.0854,18,0.043038,307,47,4270,2391,6000,,1200,,,,constant_speed,transition,0,no_load,cw,C4: 1200 rpm,servo-app/lab-0.1
1781172460.0973775,33.10191607475281,C4_SPEED_1200,C4_SPEED_1200_R02_20260611_170706,delta-asda-b3-e,1591,RTSO|SO|OE|VE|QS|TR,3,0,-163808172,1199,20,0.0854,19,0.045429,308,47,4270,2391,6000,,1200,,,,constant_speed,transition,0,no_load,cw,C4: 1200 rpm,servo-app/lab-0.1
1781172460.197803,33.20234155654907,C4_SPEED_1200,C4_SPEED_1200_R02_20260611_170706,delta-asda-b3-e,1591,RTSO|SO|OE|VE|QS|TR,3,0,-160452988,1199,20,0.0854,21,0.050211,307,47,4270,2391,6000,,1200,,,,constant_speed,transition,0,no_load,cw,C4: 1200 rpm,servo-app/lab-0.1
1781172460.2983184,33.30285692214966,C4_SPEED_1200,C4_SPEED_1200_R02_20260611_170706,delta-asda-b3-e,1591,RTSO|SO|OE|VE|QS|TR,3,0,-157097405,1200,21,0.08967,20,0.04782,307,47,4270,2391,6000,,1200,,,,constant_speed,transition,0,no_load,cw,C4: 1200 rpm,servo-app/lab-0.1
1781172460.3984225,33.402961015701294,C4_SPEED_1200,C4_SPEED_1200_R02_20260611_170706,delta-asda-b3-e,1591,RTSO|SO|OE|VE|QS|TR,3,0,-153708497,1199,20,0.0854,21,0.050211,307,47,4270,2391,6000,,1200,,,,constant_speed,transition,0,no_load,cw,C4: 1200 rpm,servo-app/lab-0.1
1781172460.4986699,33.50320839881897,C4_SPEED_1200,C4_SPEED_1200_R02_20260611_170706,delta-asda-b3-e,1591,RTSO|SO|OE|VE|QS|TR,3,0,-150319349,1200,20,0.0854,19,0.045429,307,47,4270,2391,6000,,1200,,,,constant_speed,transition,0,no_load,cw,C4: 1200 rpm,servo-app/lab-0.1
1781172460.598916,33.60345458984375,C4_SPEED_1200,C4_SPEED_1200_R02_20260611_170706,delta-asda-b3-e,1591,RTSO|SO|OE|VE|QS|TR,3,0,-146997662,1200,20,0.0854,20,0.04782,307,47,4270,2391,6000,,1200,,,,constant_speed,transition,0,no_load,cw,C4: 1200 rpm,servo-app/lab-0.1
1781172460.6989455,33.70348405838013,C4_SPEED_1200,C4_SPEED_1200_R02_20260611_170706,delta-asda-b3-e,1591,RTSO|SO|OE|VE|QS|TR,3,0,-143608953,1199,17,0.07259,19,0.045429,307,47,4270,2391,6000,,1200,,,,constant_speed,transition,0,no_load,cw,C4: 1200 rpm,servo-app/lab-0.1
1781172460.7993813,33.80391979217529,C4_SPEED_1200,C4_SPEED_1200_R02_20260611_170706,delta-asda-b3-e,1591,RTSO|SO|OE|VE|QS|TR,3,0,-140253324,1200,20,0.0854,19,0.045429,308,47,4270,2391,6000,,1200,,,,constant_speed,transition,0,no_load,cw,C4: 1200 rpm,servo-app/lab-0.1
1781172460.8994205,33.90395903587341,C4_SPEED_1200,C4_SPEED_1200_R02_20260611_170706,delta-asda-b3-e,1591,RTSO|SO|OE|VE|QS|TR,3,0,-136931615,1199,20,0.0854,21,0.050211,307,47,4270,2391,6000,,1200,,,,constant_speed,transition,0,no_load,cw,C4: 1200 rpm,servo-app/lab-0.1
1781172460.9995828,34.00412130355835,C4_SPEED_1200,C4_SPEED_1200_R02_20260611_170706,delta-asda-b3-e,1591,RTSO|SO|OE|VE|QS|TR,3,0,-133576081,1200,19,0.08113,18,0.043038,307,47,4270,2391,6000,,1200,,,,constant_speed,transition,0,no_load,cw,C4: 1200 rpm,servo-app/lab-0.1
1781172461.0997345,34.104273080825806,C4_SPEED_1200,C4_SPEED_1200_R02_20260611_170706,delta-asda-b3-e,1591,RTSO|SO|OE|VE|QS|TR,3,0,-130153558,1200,16,0.06832,19,0.045429,307,47,4270,2391,6000,,1200,,,,constant_speed,transition,0,no_load,cw,C4: 1200 rpm,servo-app/lab-0.1
1781172461.200483,34.20502161979675,C4_SPEED_1200,C4_SPEED_1200_R02_20260611_170706,delta-asda-b3-e,1591,RTSO|SO|OE|VE|QS|TR,3,0,-126831975,1199,18,0.07686,22,0.052602,307,47,4270,2391,6000,,1200,,,,constant_speed,transition,0,no_load,cw,C4: 1200 rpm,servo-app/lab-0.1
1781172461.3006704,34.305208921432495,C4_SPEED_1200,C4_SPEED_1200_R02_20260611_170706,delta-asda-b3-e,1591,RTSO|SO|OE|VE|QS|TR,3,0,-123442778,1200,20,0.0854,20,0.04782,308,47,4270,2391,6000,,1200,,,,constant_speed,transition,0,no_load,cw,C4: 1200 rpm,servo-app/lab-0.1
1781172461.401498,34.406036615371704,C4_SPEED_1200,C4_SPEED_1200_R02_20260611_170706,delta-asda-b3-e,1591,RTSO|SO|OE|VE|QS|TR,3,0,-120053908,1199,22,0.09394,21,0.050211,308,47,4270,2391,6000,,1200,,,,constant_speed,transition,0,no_load,cw,C4: 1200 rpm,servo-app/lab-0.1
1781172461.502198,34.506736516952515,C4_SPEED_1200,C4_SPEED_1200_R02_20260611_170706,delta-asda-b3-e,1591,RTSO|SO|OE|VE|QS|TR,3,0,-116664702,1200,22,0.09394,18,0.043038,307,47,4270,2391,6000,,1200,,,,constant_speed,transition,0,no_load,cw,C4: 1200 rpm,servo-app/lab-0.1
1781172461.602311,34.60684943199158,C4_SPEED_1200,C4_SPEED_1200_R02_20260611_170706,delta-asda-b3-e,1591,RTSO|SO|OE|VE|QS|TR,3,0,-113309447,1200,20,0.0854,17,0.040647,307,47,4270,2391,6000,,1200,,,,constant_speed,transition,0,no_load,cw,C4: 1200 rpm,servo-app/lab-0.1
1781172461.7026052,34.707143783569336,C4_SPEED_1200,C4_SPEED_1200_R02_20260611_170706,delta-asda-b3-e,1591,RTSO|SO|OE|VE|QS|TR,3,0,-109954325,1200,21,0.08967,19,0.045429,307,47,4270,2391,6000,,1200,,,,constant_speed,transition,0,no_load,cw,C4: 1200 rpm,servo-app/lab-0.1
1781172461.8029933,34.80753183364868,C4_SPEED_1200,C4_SPEED_1200_R02_20260611_170706,delta-asda-b3-e,1591,RTSO|SO|OE|VE|QS|TR,3,0,-106565201,1200,21,0.08967,17,0.040647,308,47,4270,2391,6000,,1200,,,,constant_speed,transition,0,no_load,cw,C4: 1200 rpm,servo-app/lab-0.1
1781172461.9034429,34.907981395721436,C4_SPEED_1200,C4_SPEED_1200_R02_20260611_170706,delta-asda-b3-e,1591,RTSO|SO|OE|VE|QS|TR,3,0,-103243518,1199,19,0.08113,19,0.045429,308,47,4270,2391,6000,,1200,,,,constant_speed,transition,0,no_load,cw,C4: 1200 rpm,servo-app/lab-0.1
1781172462.0040514,35.00858998298645,C4_SPEED_1200,C4_SPEED_1200_R02_20260611_170706,delta-asda-b3-e,1591,RTSO|SO|OE|VE|QS|TR,3,0,-99820604,1201,17,0.07259,15,0.035865,307,47,4270,2391,6000,,1200,,,,constant_speed,transition,0,no_load,cw,C4: 1200 rpm,servo-app/lab-0.1
1781172462.1045663,35.10910487174988,C4_SPEED_1200,C4_SPEED_1200_R02_20260611_170706,delta-asda-b3-e,1591,RTSO|SO|OE|VE|QS|TR,3,0,-96465403,1200,19,0.08113,21,0.050211,307,47,4270,2391,6000,,1200,,,,constant_speed,transition,0,no_load,cw,C4: 1200 rpm,servo-app/lab-0.1
1781172462.2050648,35.20960330963135,C4_SPEED_1200,C4_SPEED_1200_R02_20260611_170706,delta-asda-b3-e,1591,RTSO|SO|OE|VE|QS|TR,3,0,-93143854,1200,20,0.0854,20,0.04782,307,47,4270,2391,6000,,1200,,,,constant_speed,transition,0,no_load,cw,C4: 1200 rpm,servo-app/lab-0.1
1781172462.3053458,35.30988430976868,C4_SPEED_1200,C4_SPEED_1200_R02_20260611_170706,delta-asda-b3-e,1591,RTSO|SO|OE|VE|QS|TR,3,0,-89721087,1201,19,0.08113,19,0.045429,307,47,4270,2391,6000,,1200,,,,constant_speed,transition,0,no_load,cw,C4: 1200 rpm,servo-app/lab-0.1
1781172462.4054625,35.410001039505005,C4_SPEED_1200,C4_SPEED_1200_R02_20260611_170706,delta-asda-b3-e,1591,RTSO|SO|OE|VE|QS|TR,3,0,-86365778,1200,20,0.0854,22,0.052602,307,47,4270,2391,6000,,1200,,,,constant_speed,transition,0,no_load,cw,C4: 1200 rpm,servo-app/lab-0.1
1781172462.5058222,35.51036071777344,C4_SPEED_1200,C4_SPEED_1200_R02_20260611_170706,delta-asda-b3-e,1591,RTSO|SO|OE|VE|QS|TR,3,0,-82976415,1201,19,0.08113,20,0.04782,307,47,4270,2391,6000,,1200,,,,constant_speed,transition,0,no_load,cw,C4: 1200 rpm,servo-app/lab-0.1
1781172462.6061502,35.61068868637085,C4_SPEED_1200,C4_SPEED_1200_R02_20260611_170706,delta-asda-b3-e,1591,RTSO|SO|OE|VE|QS|TR,3,0,-79654778,1200,22,0.09394,23,0.054993,307,47,4270,2391,6000,,1200,,,,constant_speed,transition,0,no_load,cw,C4: 1200 rpm,servo-app/lab-0.1
1781172462.7063937,35.71093225479126,C4_SPEED_1200,C4_SPEED_1200_R02_20260611_170706,delta-asda-b3-e,1591,RTSO|SO|OE|VE|QS|TR,3,0,-76299535,1201,18,0.07686,19,0.045429,307,47,4270,2391,6000,,1200,,,,constant_speed,transition,0,no_load,cw,C4: 1200 rpm,servo-app/lab-0.1
1781172462.8065233,35.81106185913086,C4_SPEED_1200,C4_SPEED_1200_R02_20260611_170706,delta-asda-b3-e,1591,RTSO|SO|OE|VE|QS|TR,3,0,-72910460,1201,19,0.08113,17,0.040647,308,47,4270,2391,6000,,1200,,,,constant_speed,transition,0,no_load,cw,C4: 1200 rpm,servo-app/lab-0.1
1781172462.9070616,35.91160011291504,C4_SPEED_1200,C4_SPEED_1200_R02_20260611_170706,delta-asda-b3-e,1591,RTSO|SO|OE|VE|QS|TR,3,0,-69588797,1200,23,0.09821,21,0.050211,307,47,4270,2391,6000,,1200,,,,constant_speed,transition,0,no_load,cw,C4: 1200 rpm,servo-app/lab-0.1
1781172463.007189,36.01172757148743,C4_SPEED_1200,C4_SPEED_1200_R02_20260611_170706,delta-asda-b3-e,1591,RTSO|SO|OE|VE|QS|TR,3,0,-66165894,1201,19,0.08113,19,0.045429,307,47,4270,2391,6000,,1200,,,,constant_speed,transition,0,no_load,cw,C4: 1200 rpm,servo-app/lab-0.1
1781172463.107274,36.111812591552734,C4_SPEED_1200,C4_SPEED_1200_R02_20260611_170706,delta-asda-b3-e,1591,RTSO|SO|OE|VE|QS|TR,3,0,-62810679,1201,20,0.0854,18,0.043038,307,47,4270,2391,6000,,1200,,,,constant_speed,transition,0,no_load,cw,C4: 1200 rpm,servo-app/lab-0.1
1781172463.2079067,36.21244525909424,C4_SPEED_1200,C4_SPEED_1200_R02_20260611_170706,delta-asda-b3-e,1591,RTSO|SO|OE|VE|QS|TR,3,0,-59455390,1201,18,0.07686,18,0.043038,307,47,4270,2391,6000,,1200,,,,constant_speed,transition,0,no_load,cw,C4: 1200 rpm,servo-app/lab-0.1
1781172463.308336,36.31287455558777,C4_SPEED_1200,C4_SPEED_1200_R02_20260611_170706,delta-asda-b3-e,1591,RTSO|SO|OE|VE|QS|TR,3,0,-56066418,1201,19,0.08113,19,0.045429,307,47,4270,2391,6000,,1200,,,,constant_speed,transition,0,no_load,cw,C4: 1200 rpm,servo-app/lab-0.1
1781172463.4086876,36.41322612762451,C4_SPEED_1200,C4_SPEED_1200_R02_20260611_170706,delta-asda-b3-e,1591,RTSO|SO|OE|VE|QS|TR,3,0,-52744781,1200,19,0.08113,18,0.043038,307,47,4270,2391,6000,,1200,,,,constant_speed,transition,0,no_load,cw,C4: 1200 rpm,servo-app/lab-0.1
1781172463.509202,36.51374053955078,C4_SPEED_1200,C4_SPEED_1200_R02_20260611_170706,delta-asda-b3-e,1591,RTSO|SO|OE|VE|QS|TR,3,0,-49321860,1201,19,0.08113,18,0.043038,307,47,4270,2391,6000,,1200,,,,constant_speed,transition,0,no_load,cw,C4: 1200 rpm,servo-app/lab-0.1
1781172463.609222,36.613760471343994,C4_SPEED_1200,C4_SPEED_1200_R02_20260611_170706,delta-asda-b3-e,1591,RTSO|SO|OE|VE|QS|TR,3,0,-45966575,1201,18,0.07686,19,0.045429,307,47,4270,2391,6000,,1200,,,,constant_speed,transition,0,no_load,cw,C4: 1200 rpm,servo-app/lab-0.1
1781172463.7094479,36.71398639678955,C4_SPEED_1200,C4_SPEED_1200_R02_20260611_170706,delta-asda-b3-e,1591,RTSO|SO|OE|VE|QS|TR,3,0,-42644824,1201,18,0.07686,18,0.043038,308,47,4270,2391,6000,,1200,,,,constant_speed,transition,0,no_load,cw,C4: 1200 rpm,servo-app/lab-0.1
1781172463.8100593,36.814597845077515,C4_SPEED_1200,C4_SPEED_1200_R02_20260611_170706,delta-asda-b3-e,1591,RTSO|SO|OE|VE|QS|TR,3,0,-39255845,1201,19,0.08113,19,0.045429,307,47,4270,2391,6000,,1200,,,,constant_speed,transition,0,no_load,cw,C4: 1200 rpm,servo-app/lab-0.1
1781172463.9100912,36.91462969779968,C4_SPEED_1200,C4_SPEED_1200_R02_20260611_170706,delta-asda-b3-e,1591,RTSO|SO|OE|VE|QS|TR,3,0,-35900548,1201,18,0.07686,19,0.045429,308,47,4270,2391,6000,,1200,,,,constant_speed,transition,0,no_load,cw,C4: 1200 rpm,servo-app/lab-0.1
1781172464.01053,37.01506853103638,C4_SPEED_1200,C4_SPEED_1200_R02_20260611_170706,delta-asda-b3-e,1591,RTSO|SO|OE|VE|QS|TR,3,0,-32511271,1201,18,0.07686,19,0.045429,307,47,4270,2391,6000,,1200,,,,constant_speed,transition,0,no_load,cw,C4: 1200 rpm,servo-app/lab-0.1
1781172464.1112914,37.115829944610596,C4_SPEED_1200,C4_SPEED_1200_R02_20260611_170706,delta-asda-b3-e,1591,RTSO|SO|OE|VE|QS|TR,3,0,-29122428,1201,19,0.08113,19,0.045429,307,47,4270,2391,6000,,1200,,,,constant_speed,transition,0,no_load,cw,C4: 1200 rpm,servo-app/lab-0.1
1781172464.2117114,37.21624994277954,C4_SPEED_1200,C4_SPEED_1200_R02_20260611_170706,delta-asda-b3-e,1591,RTSO|SO|OE|VE|QS|TR,3,0,-25800589,1201,19,0.08113,19,0.045429,307,47,4270,2391,6000,,1200,,,,constant_speed,transition,0,no_load,cw,C4: 1200 rpm,servo-app/lab-0.1
1781172464.3120432,37.31658172607422,C4_SPEED_1200,C4_SPEED_1200_R02_20260611_170706,delta-asda-b3-e,1591,RTSO|SO|OE|VE|QS|TR,3,0,-22445304,1201,19,0.08113,19,0.045429,307,47,4270,2391,6000,,1200,,,,constant_speed,transition,0,no_load,cw,C4: 1200 rpm,servo-app/lab-0.1
1781172464.4127166,37.41725516319275,C4_SPEED_1200,C4_SPEED_1200_R02_20260611_170706,delta-asda-b3-e,1591,RTSO|SO|OE|VE|QS|TR,3,0,-19056429,1201,18,0.07686,19,0.045429,307,47,4270,2391,6000,,1200,,,,constant_speed,transition,0,no_load,cw,C4: 1200 rpm,servo-app/lab-0.1
1781172464.5129025,37.51744103431702,C4_SPEED_1200,C4_SPEED_1200_R02_20260611_170706,delta-asda-b3-e,1591,RTSO|SO|OE|VE|QS|TR,3,0,-15667182,1201,19,0.08113,19,0.045429,307,47,4270,2391,6000,,1200,,,,constant_speed,transition,0,no_load,cw,C4: 1200 rpm,servo-app/lab-0.1
1781172464.613182,37.61772060394287,C4_SPEED_1200,C4_SPEED_1200_R02_20260611_170706,delta-asda-b3-e,1591,RTSO|SO|OE|VE|QS|TR,3,0,-12345538,1201,20,0.0854,19,0.045429,307,47,4270,2391,6000,,1200,,,,constant_speed,transition,0,no_load,cw,C4: 1200 rpm,servo-app/lab-0.1
1781172464.713224,37.71776247024536,C4_SPEED_1200,C4_SPEED_1200_R02_20260611_170706,delta-asda-b3-e,1591,RTSO|SO|OE|VE|QS|TR,3,0,-8956468,1202,21,0.08967,20,0.04782,307,47,4270,2391,6000,,1200,,,,constant_speed,transition,0,no_load,cw,C4: 1200 rpm,servo-app/lab-0.1
1781172464.8137443,37.81828284263611,C4_SPEED_1200,C4_SPEED_1200_R02_20260611_170706,delta-asda-b3-e,1591,RTSO|SO|OE|VE|QS|TR,3,0,-5601161,1201,21,0.08967,19,0.045429,308,47,4270,2391,6000,,1200,,,,constant_speed,transition,0,no_load,cw,C4: 1200 rpm,servo-app/lab-0.1
1781172464.9141424,37.918680906295776,C4_SPEED_1200,C4_SPEED_1200_R02_20260611_170706,delta-asda-b3-e,1591,RTSO|SO|OE|VE|QS|TR,3,0,-2212202,1201,20,0.0854,19,0.045429,307,47,4270,2391,6000,,1200,,,,constant_speed,transition,0,no_load,cw,C4: 1200 rpm,servo-app/lab-0.1
1781172465.0144038,38.01894235610962,C4_SPEED_1200,C4_SPEED_1200_R02_20260611_170706,delta-asda-b3-e,1591,RTSO|SO|OE|VE|QS|TR,3,0,1143417,1201,20,0.0854,19,0.045429,307,47,4270,2391,6000,,1200,,,,constant_speed,transition,0,no_load,cw,C4: 1200 rpm,servo-app/lab-0.1
1781172465.1144958,38.11903429031372,C4_SPEED_1200,C4_SPEED_1200_R02_20260611_170706,delta-asda-b3-e,1591,RTSO|SO|OE|VE|QS|TR,3,0,4532220,1201,20,0.0854,20,0.04782,307,47,4270,2391,6000,,1200,,,,constant_speed,transition,0,no_load,cw,C4: 1200 rpm,servo-app/lab-0.1
1781172465.2148297,38.21936821937561,C4_SPEED_1200,C4_SPEED_1200_R02_20260611_170706,delta-asda-b3-e,1591,RTSO|SO|OE|VE|QS|TR,3,0,7887796,1202,21,0.08967,19,0.045429,307,47,4270,2391,6000,,1200,,,,constant_speed,transition,0,no_load,cw,C4: 1200 rpm,servo-app/lab-0.1
1781172465.3152382,38.31977677345276,C4_SPEED_1200,C4_SPEED_1200_R02_20260611_170706,delta-asda-b3-e,1591,RTSO|SO|OE|VE|QS|TR,3,0,11243005,1201,20,0.0854,21,0.050211,307,47,4270,2391,6000,,1200,,,,constant_speed,transition,0,no_load,cw,C4: 1200 rpm,servo-app/lab-0.1
1781172465.4157302,38.42026877403259,C4_SPEED_1200,C4_SPEED_1200_R02_20260611_170706,delta-asda-b3-e,1591,RTSO|SO|OE|VE|QS|TR,3,0,14598393,1201,20,0.0854,19,0.045429,307,47,4270,2391,6000,,1200,,,,constant_speed,transition,0,no_load,cw,C4: 1200 rpm,servo-app/lab-0.1
1781172465.51608,38.5206184387207,C4_SPEED_1200,C4_SPEED_1200_R02_20260611_170706,delta-asda-b3-e,1591,RTSO|SO|OE|VE|QS|TR,3,0,18021198,1201,20,0.0854,21,0.050211,307,47,4270,2391,6000,,1200,,,,constant_speed,transition,0,no_load,cw,C4: 1200 rpm,servo-app/lab-0.1
1781172465.6167917,38.62133026123047,C4_SPEED_1200,C4_SPEED_1200_R02_20260611_170706,delta-asda-b3-e,1591,RTSO|SO|OE|VE|QS|TR,3,0,21342753,1201,20,0.0854,19,0.045429,307,47,4270,2391,6000,,1200,,,,constant_speed,transition,0,no_load,cw,C4: 1200 rpm,servo-app/lab-0.1
1781172465.7168157,38.721354246139526,C4_SPEED_1200,C4_SPEED_1200_R02_20260611_170706,delta-asda-b3-e,1591,RTSO|SO|OE|VE|QS|TR,3,0,24765444,1201,18,0.07686,21,0.050211,307,47,4270,2391,6000,,1200,,,,constant_speed,transition,0,no_load,cw,C4: 1200 rpm,servo-app/lab-0.1
1781172465.8174684,38.822006940841675,C4_SPEED_1200,C4_SPEED_1200_R02_20260611_170706,delta-asda-b3-e,1591,RTSO|SO|OE|VE|QS|TR,3,0,28120629,1201,23,0.09821,20,0.04782,308,47,4270,2391,6000,,1200,,,,constant_speed,transition,0,no_load,cw,C4: 1200 rpm,servo-app/lab-0.1
1781172465.917792,38.92233061790466,C4_SPEED_1200,C4_SPEED_1200_R02_20260611_170706,delta-asda-b3-e,1591,RTSO|SO|OE|VE|QS|TR,3,0,31476128,1202,18,0.07686,20,0.04782,307,47,4270,2391,6000,,1200,,,,constant_speed,transition,0,no_load,cw,C4: 1200 rpm,servo-app/lab-0.1
1781172466.0181918,39.022730350494385,C4_SPEED_1200,C4_SPEED_1200_R02_20260611_170706,delta-asda-b3-e,1591,RTSO|SO|OE|VE|QS|TR,3,0,34831626,1201,18,0.07686,20,0.04782,307,47,4270,2391,6000,,1200,,,,constant_speed,transition,0,no_load,cw,C4: 1200 rpm,servo-app/lab-0.1
1781172466.1186073,39.12314581871033,C4_SPEED_1200,C4_SPEED_1200_R02_20260611_170706,delta-asda-b3-e,1591,RTSO|SO|OE|VE|QS|TR,3,0,38220449,1201,22,0.09394,20,0.04782,307,47,4270,2391,6000,,1200,,,,constant_speed,transition,0,no_load,cw,C4: 1200 rpm,servo-app/lab-0.1
1781172466.21882,39.22335863113403,C4_SPEED_1200,C4_SPEED_1200_R02_20260611_170706,delta-asda-b3-e,1591,RTSO|SO|OE|VE|QS|TR,3,0,41575985,1201,23,0.09821,21,0.050211,307,47,4270,2391,6000,,1200,,,,constant_speed,transition,0,no_load,cw,C4: 1200 rpm,servo-app/lab-0.1
1781172466.319098,39.323636531829834,C4_SPEED_1200,C4_SPEED_1200_R02_20260611_170706,delta-asda-b3-e,1591,RTSO|SO|OE|VE|QS|TR,3,0,44964738,1201,21,0.08967,22,0.052602,307,47,4270,2391,6000,,1200,,,,constant_speed,transition,0,no_load,cw,C4: 1200 rpm,servo-app/lab-0.1
1781172466.419255,39.42379355430603,C4_SPEED_1200,C4_SPEED_1200_R02_20260611_170706,delta-asda-b3-e,1591,RTSO|SO|OE|VE|QS|TR,3,0,48320353,1202,19,0.08113,19,0.045429,307,47,4270,2391,6000,,1200,,,,constant_speed,transition,0,no_load,cw,C4: 1200 rpm,servo-app/lab-0.1
1781172466.519845,39.524383544921875,C4_SPEED_1200,C4_SPEED_1200_R02_20260611_170706,delta-asda-b3-e,1591,RTSO|SO|OE|VE|QS|TR,3,0,51675770,1201,19,0.08113,20,0.04782,307,47,4270,2391,6000,,1200,,,,constant_speed,transition,0,no_load,cw,C4: 1200 rpm,servo-app/lab-0.1
1781172466.6202254,39.62476396560669,C4_SPEED_1200,C4_SPEED_1200_R02_20260611_170706,delta-asda-b3-e,1591,RTSO|SO|OE|VE|QS|TR,3,0,55031025,1201,22,0.09394,19,0.045429,307,47,4270,2391,6000,,1200,,,,constant_speed,transition,0,no_load,cw,C4: 1200 rpm,servo-app/lab-0.1
1781172466.7204828,39.72502136230469,C4_SPEED_1200,C4_SPEED_1200_R02_20260611_170706,delta-asda-b3-e,1591,RTSO|SO|OE|VE|QS|TR,3,0,58420109,1201,21,0.08967,23,0.054993,307,47,4270,2391,6000,,1200,,,,constant_speed,transition,0,no_load,cw,C4: 1200 rpm,servo-app/lab-0.1
1781172466.8205237,39.82506227493286,C4_SPEED_1200,C4_SPEED_1200_R02_20260611_170706,delta-asda-b3-e,1591,RTSO|SO|OE|VE|QS|TR,3,0,61775291,1201,23,0.09821,22,0.052602,307,47,4270,2391,6000,,1200,,,,constant_speed,transition,0,no_load,cw,C4: 1200 rpm,servo-app/lab-0.1
1781172466.9206092,39.92514777183533,C4_SPEED_1200,C4_SPEED_1200_R02_20260611_170706,delta-asda-b3-e,1591,RTSO|SO|OE|VE|QS|TR,3,0,65130883,1202,18,0.07686,17,0.040647,308,47,4270,2391,6000,,1200,,,,constant_speed,transition,0,no_load,cw,C4: 1200 rpm,servo-app/lab-0.1
1781172467.020629,40.02516746520996,C4_SPEED_1200,C4_SPEED_1200_R02_20260611_170706,delta-asda-b3-e,1591,RTSO|SO|OE|VE|QS|TR,3,0,68419093,1201,20,0.0854,19,0.045429,307,47,4270,2391,6000,,1200,,,,constant_speed,transition,0,no_load,cw,C4: 1200 rpm,servo-app/lab-0.1
1781172467.120792,40.125330448150635,C4_SPEED_1200,C4_SPEED_1200_R02_20260611_170706,delta-asda-b3-e,1591,RTSO|SO|OE|VE|QS|TR,3,0,71807931,1201,23,0.09821,23,0.054993,307,47,4270,2391,6000,,1200,,,,constant_speed,transition,0,no_load,cw,C4: 1200 rpm,servo-app/lab-0.1
1781172467.220894,40.22543263435364,C4_SPEED_1200,C4_SPEED_1200_R02_20260611_170706,delta-asda-b3-e,1591,RTSO|SO|OE|VE|QS|TR,3,0,75230641,1201,22,0.09394,21,0.050211,307,47,4270,2391,6000,,1200,,,,constant_speed,transition,0,no_load,cw,C4: 1200 rpm,servo-app/lab-0.1
1781172467.3210464,40.32558488845825,C4_SPEED_1200,C4_SPEED_1200_R02_20260611_170706,delta-asda-b3-e,1591,RTSO|SO|OE|VE|QS|TR,3,0,78585853,1201,21,0.08967,21,0.050211,307,47,4270,2391,6000,,1200,,,,constant_speed,transition,0,no_load,cw,C4: 1200 rpm,servo-app/lab-0.1
1781172467.4215043,40.426042795181274,C4_SPEED_1200,C4_SPEED_1200_R02_20260611_170706,delta-asda-b3-e,1591,RTSO|SO|OE|VE|QS|TR,3,0,81874208,1202,18,0.07686,21,0.050211,308,47,4270,2391,6000,,1200,,,,constant_speed,transition,0,no_load,cw,C4: 1200 rpm,servo-app/lab-0.1
1781172467.5216537,40.52619218826294,C4_SPEED_1200,C4_SPEED_1200_R02_20260611_170706,delta-asda-b3-e,1591,RTSO|SO|OE|VE|QS|TR,3,0,85263277,1201,23,0.09821,22,0.052602,308,47,4270,2391,6000,,1200,,,,constant_speed,transition,0,no_load,cw,C4: 1200 rpm,servo-app/lab-0.1
1781172467.6224794,40.627017974853516,C4_SPEED_1200,C4_SPEED_1200_R02_20260611_170706,delta-asda-b3-e,1591,RTSO|SO|OE|VE|QS|TR,3,0,88685743,1201,21,0.08967,22,0.052602,308,47,4270,2391,6000,,1200,,,,constant_speed,transition,0,no_load,cw,C4: 1200 rpm,servo-app/lab-0.1
1781172467.722984,40.72752261161804,C4_SPEED_1200,C4_SPEED_1200_R02_20260611_170706,delta-asda-b3-e,1591,RTSO|SO|OE|VE|QS|TR,3,0,92074704,1201,20,0.0854,23,0.054993,308,47,4270,2391,6000,,1200,,,,constant_speed,transition,0,no_load,cw,C4: 1200 rpm,servo-app/lab-0.1
1781172467.8230062,40.82754468917847,C4_SPEED_1200,C4_SPEED_1200_R02_20260611_170706,delta-asda-b3-e,1591,RTSO|SO|OE|VE|QS|TR,3,0,95396366,1201,21,0.08967,20,0.04782,308,47,4270,2391,6000,,1200,,,,constant_speed,transition,0,no_load,cw,C4: 1200 rpm,servo-app/lab-0.1
1781172467.923745,40.92828345298767,C4_SPEED_1200,C4_SPEED_1200_R02_20260611_170706,delta-asda-b3-e,1591,RTSO|SO|OE|VE|QS|TR,3,0,98819009,1201,22,0.09394,21,0.050211,308,47,4270,2391,6000,,1200,,,,constant_speed,transition,0,no_load,cw,C4: 1200 rpm,servo-app/lab-0.1
1781172468.024279,41.028817653656006,C4_SPEED_1200,C4_SPEED_1200_R02_20260611_170706,delta-asda-b3-e,1591,RTSO|SO|OE|VE|QS|TR,3,0,102107363,1201,18,0.07686,24,0.057384,308,47,4270,2391,6000,,1200,,,,constant_speed,transition,0,no_load,cw,C4: 1200 rpm,servo-app/lab-0.1
1781172468.1245592,41.12909770011902,C4_SPEED_1200,C4_SPEED_1200_R02_20260611_170706,delta-asda-b3-e,1591,RTSO|SO|OE|VE|QS|TR,3,0,105529742,1201,20,0.0854,20,0.04782,308,47,4270,2391,6000,,1200,,,,constant_speed,transition,0,no_load,cw,C4: 1200 rpm,servo-app/lab-0.1
1781172468.2246284,41.229166984558105,C4_SPEED_1200,C4_SPEED_1200_R02_20260611_170706,delta-asda-b3-e,1591,RTSO|SO|OE|VE|QS|TR,3,0,108818050,1201,19,0.08113,18,0.043038,308,47,4270,2391,6000,,1200,,,,constant_speed,transition,0,no_load,cw,C4: 1200 rpm,servo-app/lab-0.1
1781172468.3249257,41.32946419715881,C4_SPEED_1200,C4_SPEED_1200_R02_20260611_170706,delta-asda-b3-e,1591,RTSO|SO|OE|VE|QS|TR,3,0,112206773,1201,22,0.09394,22,0.052602,308,47,4270,2391,6000,,1200,,,,constant_speed,transition,0,no_load,cw,C4: 1200 rpm,servo-app/lab-0.1
1781172468.4252477,41.42978620529175,C4_SPEED_1200,C4_SPEED_1200_R02_20260611_170706,delta-asda-b3-e,1591,RTSO|SO|OE|VE|QS|TR,3,0,115595925,1201,20,0.0854,20,0.04782,307,47,4270,2391,6000,,1200,,,,constant_speed,transition,0,no_load,cw,C4: 1200 rpm,servo-app/lab-0.1
1781172468.5253904,41.5299289226532,C4_SPEED_1200,C4_SPEED_1200_R02_20260611_170706,delta-asda-b3-e,1591,RTSO|SO|OE|VE|QS|TR,3,0,118917798,1201,21,0.08967,19,0.045429,308,47,4270,2391,6000,,1200,,,,constant_speed,transition,0,no_load,cw,C4: 1200 rpm,servo-app/lab-0.1
1781172468.6255386,41.63007712364197,C4_SPEED_1200,C4_SPEED_1200_R02_20260611_170706,delta-asda-b3-e,1591,RTSO|SO|OE|VE|QS|TR,3,0,122407210,1200,20,0.0854,20,0.04782,308,47,4270,2391,6000,,1200,,,,constant_speed,transition,0,no_load,cw,C4: 1200 rpm,servo-app/lab-0.1
1781172468.7259817,41.730520248413086,C4_SPEED_1200,C4_SPEED_1200_R02_20260611_170706,delta-asda-b3-e,1591,RTSO|SO|OE|VE|QS|TR,3,0,125695506,1200,22,0.09394,20,0.04782,308,47,4270,2391,6000,,1200,,,,constant_speed,transition,0,no_load,cw,C4: 1200 rpm,servo-app/lab-0.1
1781172468.82609,41.830628633499146,C4_SPEED_1200,C4_SPEED_1200_R02_20260611_170706,delta-asda-b3-e,1591,RTSO|SO|OE|VE|QS|TR,3,0,129084215,1200,20,0.0854,20,0.04782,308,47,4270,2391,6000,,1200,,,,constant_speed,transition,0,no_load,cw,C4: 1200 rpm,servo-app/lab-0.1
1781172468.9265802,41.93111872673035,C4_SPEED_1200,C4_SPEED_1200_R02_20260611_170706,delta-asda-b3-e,1591,RTSO|SO|OE|VE|QS|TR,3,0,132439839,1200,21,0.08967,22,0.052602,308,47,4270,2391,6000,,1200,,,,constant_speed,transition,0,no_load,cw,C4: 1200 rpm,servo-app/lab-0.1
1781172469.026606,42.03114461898804,C4_SPEED_1200,C4_SPEED_1200_R02_20260611_170706,delta-asda-b3-e,1591,RTSO|SO|OE|VE|QS|TR,3,0,135761741,1200,21,0.08967,22,0.052602,308,47,4270,2391,6000,,1200,,,,constant_speed,transition,0,no_load,cw,C4: 1200 rpm,servo-app/lab-0.1
1781172469.1270287,42.13156723976135,C4_SPEED_1200,C4_SPEED_1200_R02_20260611_170706,delta-asda-b3-e,1591,RTSO|SO|OE|VE|QS|TR,3,0,139184180,1200,20,0.0854,21,0.050211,307,47,4270,2391,6000,,1200,,,,constant_speed,transition,0,no_load,cw,C4: 1200 rpm,servo-app/lab-0.1
1781172469.227493,42.23203158378601,C4_SPEED_1200,C4_SPEED_1200_R02_20260611_170706,delta-asda-b3-e,1591,RTSO|SO|OE|VE|QS|TR,3,0,142472464,1200,20,0.0854,21,0.050211,307,47,4270,2391,6000,,1200,,,,constant_speed,transition,0,no_load,cw,C4: 1200 rpm,servo-app/lab-0.1
1781172469.327617,42.33215546607971,C4_SPEED_1200,C4_SPEED_1200_R02_20260611_170706,delta-asda-b3-e,1591,RTSO|SO|OE|VE|QS|TR,3,0,145894641,1200,19,0.08113,21,0.050211,307,47,4270,2391,6000,,1200,,,,constant_speed,transition,0,no_load,cw,C4: 1200 rpm,servo-app/lab-0.1
1781172469.427773,42.43231153488159,C4_SPEED_1200,C4_SPEED_1200_R02_20260611_170706,delta-asda-b3-e,1591,RTSO|SO|OE|VE|QS|TR,3,0,149183269,1201,20,0.0854,24,0.057384,308,47,4270,2391,6000,,1200,,,,constant_speed,transition,0,no_load,cw,C4: 1200 rpm,servo-app/lab-0.1
1781172469.528064,42.53260254859924,C4_SPEED_1200,C4_SPEED_1200_R02_20260611_170706,delta-asda-b3-e,1591,RTSO|SO|OE|VE|QS|TR,3,0,152605623,1200,21,0.08967,21,0.050211,307,47,4270,2391,6000,,1200,,,,constant_speed,transition,0,no_load,cw,C4: 1200 rpm,servo-app/lab-0.1
1781172469.628547,42.63308548927307,C4_SPEED_1200,C4_SPEED_1200_R02_20260611_170706,delta-asda-b3-e,1591,RTSO|SO|OE|VE|QS|TR,3,0,155994613,1200,21,0.08967,20,0.04782,307,47,4270,2391,6000,,1200,,,,constant_speed,transition,0,no_load,cw,C4: 1200 rpm,servo-app/lab-0.1
1781172469.7287285,42.733267068862915,C4_SPEED_1200,C4_SPEED_1200_R02_20260611_170706,delta-asda-b3-e,1591,RTSO|SO|OE|VE|QS|TR,3,0,159349898,1200,22,0.09394,20,0.04782,307,47,4270,2391,6000,,1200,,,,constant_speed,transition,0,no_load,cw,C4: 1200 rpm,servo-app/lab-0.1
1781172469.8289082,42.833446741104126,C4_SPEED_1200,C4_SPEED_1200_R02_20260611_170706,delta-asda-b3-e,1591,RTSO|SO|OE|VE|QS|TR,3,0,162738623,1200,21,0.08967,19,0.045429,308,47,4270,2391,6000,,1200,,,,constant_speed,transition,0,no_load,cw,C4: 1200 rpm,servo-app/lab-0.1
1781172469.9293213,42.93385982513428,C4_SPEED_1200,C4_SPEED_1200_R02_20260611_170706,delta-asda-b3-e,1591,RTSO|SO|OE|VE|QS|TR,3,0,166094151,1200,21,0.08967,20,0.04782,307,47,4270,2391,6000,,1200,,,,constant_speed,transition,0,no_load,cw,C4: 1200 rpm,servo-app/lab-0.1
1781172470.0296638,43.034202337265015,C4_SPEED_1200,C4_SPEED_1200_R02_20260611_170706,delta-asda-b3-e,1591,RTSO|SO|OE|VE|QS|TR,3,0,169449559,1200,21,0.08967,21,0.050211,307,47,4270,2391,6000,,1200,,,,constant_speed,transition,0,no_load,cw,C4: 1200 rpm,servo-app/lab-0.1
1781172470.1300297,43.134568214416504,C4_SPEED_1200,C4_SPEED_1200_R02_20260611_170706,delta-asda-b3-e,1591,RTSO|SO|OE|VE|QS|TR,3,0,172805066,1200,21,0.08967,20,0.04782,307,47,4270,2391,6000,,1200,,,,constant_speed,transition,0,no_load,cw,C4: 1200 rpm,servo-app/lab-0.1
1781172470.2304058,43.234944343566895,C4_SPEED_1200,C4_SPEED_1200_R02_20260611_170706,delta-asda-b3-e,1591,RTSO|SO|OE|VE|QS|TR,3,0,176160321,1200,22,0.09394,20,0.04782,307,47,4270,2391,6000,,1200,,,,constant_speed,transition,0,no_load,cw,C4: 1200 rpm,servo-app/lab-0.1
1781172470.330582,43.33512043952942,C4_SPEED_1200,C4_SPEED_1200_R02_20260611_170706,delta-asda-b3-e,1591,RTSO|SO|OE|VE|QS|TR,3,0,179515559,1200,20,0.0854,20,0.04782,307,47,4270,2391,6000,,1200,,,,constant_speed,transition,0,no_load,cw,C4: 1200 rpm,servo-app/lab-0.1
1781172470.430814,43.43535256385803,C4_SPEED_1200,C4_SPEED_1200_R02_20260611_170706,delta-asda-b3-e,1591,RTSO|SO|OE|VE|QS|TR,3,0,182904608,1200,20,0.0854,20,0.04782,307,47,4270,2391,6000,,1200,,,,constant_speed,transition,0,no_load,cw,C4: 1200 rpm,servo-app/lab-0.1
1781172470.5312538,43.53579235076904,C4_SPEED_1200,C4_SPEED_1200_R02_20260611_170706,delta-asda-b3-e,1591,RTSO|SO|OE|VE|QS|TR,3,0,186259973,1199,21,0.08967,21,0.050211,307,47,4270,2391,6000,,1200,,,,constant_speed,transition,0,no_load,cw,C4: 1200 rpm,servo-app/lab-0.1
1781172470.6313033,43.635841846466064,C4_SPEED_1200,C4_SPEED_1200_R02_20260611_170706,delta-asda-b3-e,1591,RTSO|SO|OE|VE|QS|TR,3,0,189649132,1200,20,0.0854,23,0.054993,307,47,4270,2391,6000,,1200,,,,constant_speed,transition,0,no_load,cw,C4: 1200 rpm,servo-app/lab-0.1
1781172470.7317033,43.736241817474365,C4_SPEED_1200,C4_SPEED_1200_R02_20260611_170706,delta-asda-b3-e,1591,RTSO|SO|OE|VE|QS|TR,3,0,192937205,1200,21,0.08967,20,0.04782,307,47,4270,2391,6000,,1200,,,,constant_speed,transition,0,no_load,cw,C4: 1200 rpm,servo-app/lab-0.1
1781172470.8322225,43.83676099777222,C4_SPEED_1200,C4_SPEED_1200_R02_20260611_170706,delta-asda-b3-e,1591,RTSO|SO|OE|VE|QS|TR,3,0,196359652,1200,20,0.0854,19,0.045429,308,47,4270,2391,6000,,1200,,,,constant_speed,transition,0,no_load,cw,C4: 1200 rpm,servo-app/lab-0.1
1781172470.9325128,43.93705129623413,C4_SPEED_1200,C4_SPEED_1200_R02_20260611_170706,delta-asda-b3-e,1591,RTSO|SO|OE|VE|QS|TR,3,0,199715139,1200,19,0.08113,20,0.04782,308,47,4270,2391,6000,,1200,,,,constant_speed,transition,0,no_load,cw,C4: 1200 rpm,servo-app/lab-0.1
1781172471.0327356,44.03727412223816,C4_SPEED_1200,C4_SPEED_1200_R02_20260611_170706,delta-asda-b3-e,1591,RTSO|SO|OE|VE|QS|TR,3,0,203070525,1199,21,0.08967,20,0.04782,308,47,4270,2391,6000,,1200,,,,constant_speed,transition,0,no_load,cw,C4: 1200 rpm,servo-app/lab-0.1
1781172471.133204,44.13774251937866,C4_SPEED_1200,C4_SPEED_1200_R02_20260611_170706,delta-asda-b3-e,1591,RTSO|SO|OE|VE|QS|TR,3,0,206459686,1200,20,0.0854,22,0.052602,307,47,4270,2391,6000,,1200,,,,constant_speed,transition,0,no_load,cw,C4: 1200 rpm,servo-app/lab-0.1
1781172471.2334452,44.23798370361328,C4_SPEED_1200,C4_SPEED_1200_R02_20260611_170706,delta-asda-b3-e,1591,RTSO|SO|OE|VE|QS|TR,3,0,209814845,1200,22,0.09394,22,0.052602,307,47,4270,2391,6000,,1200,,,,constant_speed,transition,0,no_load,cw,C4: 1200 rpm,servo-app/lab-0.1
1781172471.3338163,44.33835482597351,C4_SPEED_1200,C4_SPEED_1200_R02_20260611_170706,delta-asda-b3-e,1591,RTSO|SO|OE|VE|QS|TR,3,0,213203760,1200,18,0.07686,20,0.04782,307,47,4270,2391,6000,,1200,,,,constant_speed,transition,0,no_load,cw,C4: 1200 rpm,servo-app/lab-0.1
1781172471.434134,44.43867254257202,C4_SPEED_1200,C4_SPEED_1200_R02_20260611_170706,delta-asda-b3-e,1591,RTSO|SO|OE|VE|QS|TR,3,0,216559194,1200,19,0.08113,20,0.04782,307,47,4270,2391,6000,,1200,,,,constant_speed,transition,0,no_load,cw,C4: 1200 rpm,servo-app/lab-0.1
1781172471.5346477,44.539186239242554,C4_SPEED_1200,C4_SPEED_1200_R02_20260611_170706,delta-asda-b3-e,1591,RTSO|SO|OE|VE|QS|TR,3,0,219914516,1199,20,0.0854,20,0.04782,307,47,4270,2391,6000,,1200,,,,constant_speed,transition,0,no_load,cw,C4: 1200 rpm,servo-app/lab-0.1
1781172471.635064,44.63960242271423,C4_SPEED_1200,C4_SPEED_1200_R02_20260611_170706,delta-asda-b3-e,1591,RTSO|SO|OE|VE|QS|TR,3,0,223337003,1199,17,0.07259,19,0.045429,307,47,4270,2391,6000,,1200,,,,constant_speed,transition,0,no_load,cw,C4: 1200 rpm,servo-app/lab-0.1
1781172471.7352164,44.73975491523743,C4_SPEED_1200,C4_SPEED_1200_R02_20260611_170706,delta-asda-b3-e,1591,RTSO|SO|OE|VE|QS|TR,3,0,226658699,1199,22,0.09394,22,0.052602,307,47,4270,2391,6000,,1200,,,,constant_speed,transition,0,no_load,cw,C4: 1200 rpm,servo-app/lab-0.1
1781172471.835403,44.83994150161743,C4_SPEED_1200,C4_SPEED_1200_R02_20260611_170706,delta-asda-b3-e,1591,RTSO|SO|OE|VE|QS|TR,3,0,230047623,1199,20,0.0854,18,0.043038,308,47,4270,2391,6000,,1200,,,,constant_speed,transition,0,no_load,cw,C4: 1200 rpm,servo-app/lab-0.1
1781172471.9360359,44.940574407577515,C4_SPEED_1200,C4_SPEED_1200_R02_20260611_170706,delta-asda-b3-e,1591,RTSO|SO|OE|VE|QS|TR,3,0,233402983,1199,23,0.09821,20,0.04782,308,47,4270,2391,6000,,1200,,,,constant_speed,transition,0,no_load,cw,C4: 1200 rpm,servo-app/lab-0.1
1781172472.0362577,45.04079627990723,C4_SPEED_1200,C4_SPEED_1200_R02_20260611_170706,delta-asda-b3-e,1591,RTSO|SO|OE|VE|QS|TR,3,0,236758389,1199,18,0.07686,20,0.04782,308,47,4270,2391,6000,,1200,,,,constant_speed,transition,0,no_load,cw,C4: 1200 rpm,servo-app/lab-0.1
1781172472.1362972,45.140835762023926,C4_SPEED_1200,C4_SPEED_1200_R02_20260611_170706,delta-asda-b3-e,1591,RTSO|SO|OE|VE|QS|TR,3,0,240113934,1199,21,0.08967,19,0.045429,307,47,4270,2391,6000,,1200,,,,constant_speed,transition,0,no_load,cw,C4: 1200 rpm,servo-app/lab-0.1
1781172472.2366898,45.241228342056274,C4_SPEED_1200,C4_SPEED_1200_R02_20260611_170706,delta-asda-b3-e,1591,RTSO|SO|OE|VE|QS|TR,3,0,243502581,1199,22,0.09394,23,0.054993,307,47,4270,2391,6000,,1200,,,,constant_speed,transition,0,no_load,cw,C4: 1200 rpm,servo-app/lab-0.1
1781172472.336796,45.34133458137512,C4_SPEED_1200,C4_SPEED_1200_R02_20260611_170706,delta-asda-b3-e,1591,RTSO|SO|OE|VE|QS|TR,3,0,246824619,1200,19,0.08113,19,0.045429,307,47,4270,2391,6000,,1200,,,,constant_speed,transition,0,no_load,cw,C4: 1200 rpm,servo-app/lab-0.1
1781172472.4373279,45.441866397857666,C4_SPEED_1200,C4_SPEED_1200_R02_20260611_170706,delta-asda-b3-e,1591,RTSO|SO|OE|VE|QS|TR,3,0,250180009,1199,21,0.08967,21,0.050211,307,47,4270,2391,6000,,1200,,,,constant_speed,transition,0,no_load,cw,C4: 1200 rpm,servo-app/lab-0.1
1781172472.5377088,45.54224729537964,C4_SPEED_1200,C4_SPEED_1200_R02_20260611_170706,delta-asda-b3-e,1591,RTSO|SO|OE|VE|QS|TR,3,0,253602415,1199,17,0.07259,17,0.040647,307,47,4270,2391,6000,,1200,,,,constant_speed,transition,0,no_load,cw,C4: 1200 rpm,servo-app/lab-0.1
1781172472.6379611,45.642499685287476,C4_SPEED_1200,C4_SPEED_1200_R02_20260611_170706,delta-asda-b3-e,1591,RTSO|SO|OE|VE|QS|TR,3,0,256957890,1199,21,0.08967,21,0.050211,307,47,4270,2391,6000,,1200,,,,constant_speed,transition,0,no_load,cw,C4: 1200 rpm,servo-app/lab-0.1
1781172472.7380545,45.74259305000305,C4_SPEED_1200,C4_SPEED_1200_R02_20260611_170706,delta-asda-b3-e,1591,RTSO|SO|OE|VE|QS|TR,3,0,260313026,1199,20,0.0854,23,0.054993,307,47,4270,2391,6000,,1200,,,,constant_speed,transition,0,no_load,cw,C4: 1200 rpm,servo-app/lab-0.1
1781172472.8382533,45.84279179573059,C4_SPEED_1200,C4_SPEED_1200_R02_20260611_170706,delta-asda-b3-e,1591,RTSO|SO|OE|VE|QS|TR,3,0,263668551,1200,21,0.08967,23,0.054993,307,47,4270,2391,6000,,1200,,,,constant_speed,transition,0,no_load,cw,C4: 1200 rpm,servo-app/lab-0.1
1781172472.9385555,45.94309401512146,C4_SPEED_1200,C4_SPEED_1200_R02_20260611_170706,delta-asda-b3-e,1591,RTSO|SO|OE|VE|QS|TR,3,0,267057424,1199,21,0.08967,22,0.052602,307,47,4270,2391,6000,,1200,,,,constant_speed,transition,0,no_load,cw,C4: 1200 rpm,servo-app/lab-0.1
1781172473.0386758,46.043214321136475,C4_SPEED_1200,C4_SPEED_1200_R02_20260611_170706,delta-asda-b3-e,1591,RTSO|SO|OE|VE|QS|TR,3,0,270379247,1199,21,0.08967,16,0.038256,307,47,4270,2391,6000,,1200,,,,constant_speed,transition,0,no_load,cw,C4: 1200 rpm,servo-app/lab-0.1
1781172473.1387012,46.14323973655701,C4_SPEED_1200,C4_SPEED_1200_R02_20260611_170706,delta-asda-b3-e,1591,RTSO|SO|OE|VE|QS|TR,3,0,273768306,1199,20,0.0854,17,0.040647,307,47,4270,2391,6000,,1200,,,,constant_speed,transition,0,no_load,cw,C4: 1200 rpm,servo-app/lab-0.1
1781172473.2388194,46.24335789680481,C4_SPEED_1200,C4_SPEED_1200_R02_20260611_170706,delta-asda-b3-e,1591,RTSO|SO|OE|VE|QS|TR,3,0,277123458,1199,23,0.09821,22,0.052602,307,47,4270,2391,6000,,1200,,,,constant_speed,transition,0,no_load,cw,C4: 1200 rpm,servo-app/lab-0.1
1781172473.339041,46.34357953071594,C4_SPEED_1200,C4_SPEED_1200_R02_20260611_170706,delta-asda-b3-e,1591,RTSO|SO|OE|VE|QS|TR,3,0,280479069,1200,21,0.08967,18,0.043038,307,47,4270,2391,6000,,1200,,,,constant_speed,transition,0,no_load,cw,C4: 1200 rpm,servo-app/lab-0.1
1781172473.439308,46.443846464157104,C4_SPEED_1200,C4_SPEED_1200_R02_20260611_170706,delta-asda-b3-e,1591,RTSO|SO|OE|VE|QS|TR,3,0,283868001,1199,21,0.08967,20,0.04782,307,47,4270,2391,6000,,1200,,,,constant_speed,transition,0,no_load,cw,C4: 1200 rpm,servo-app/lab-0.1
1781172473.539623,46.544161558151245,C4_SPEED_1200,C4_SPEED_1200_R02_20260611_170706,delta-asda-b3-e,1591,RTSO|SO|OE|VE|QS|TR,3,0,287156307,1199,18,0.07686,21,0.050211,307,47,4270,2391,6000,,1200,,,,constant_speed,transition,0,no_load,cw,C4: 1200 rpm,servo-app/lab-0.1
1781172473.6399372,46.64447569847107,C4_SPEED_1200,C4_SPEED_1200_R02_20260611_170706,delta-asda-b3-e,1591,RTSO|SO|OE|VE|QS|TR,3,0,290578860,1199,20,0.0854,20,0.04782,307,47,4270,2391,6000,,1200,,,,constant_speed,transition,0,no_load,cw,C4: 1200 rpm,servo-app/lab-0.1
1781172473.7402613,46.744799852371216,C4_SPEED_1200,C4_SPEED_1200_R02_20260611_170706,delta-asda-b3-e,1591,RTSO|SO|OE|VE|QS|TR,3,0,293967566,1199,20,0.0854,20,0.04782,308,47,4270,2391,6000,,1200,,,,constant_speed,transition,0,no_load,cw,C4: 1200 rpm,servo-app/lab-0.1
1781172473.840628,46.84516644477844,C4_SPEED_1200,C4_SPEED_1200_R02_20260611_170706,delta-asda-b3-e,1591,RTSO|SO|OE|VE|QS|TR,3,0,297323170,1200,20,0.0854,20,0.04782,308,47,4270,2391,6000,,1200,,,,constant_speed,transition,0,no_load,cw,C4: 1200 rpm,servo-app/lab-0.1
1781172473.9409268,46.945465326309204,C4_SPEED_1200,C4_SPEED_1200_R02_20260611_170706,delta-asda-b3-e,1591,RTSO|SO|OE|VE|QS|TR,3,0,300712084,1200,21,0.08967,21,0.050211,307,47,4270,2391,6000,,1200,,,,constant_speed,transition,0,no_load,cw,C4: 1200 rpm,servo-app/lab-0.1
1781172474.0409756,47.04551410675049,C4_SPEED_1200,C4_SPEED_1200_R02_20260611_170706,delta-asda-b3-e,1591,RTSO|SO|OE|VE|QS|TR,3,0,304000333,1199,21,0.08967,18,0.043038,308,47,4270,2391,6000,,1200,,,,constant_speed,transition,0,no_load,cw,C4: 1200 rpm,servo-app/lab-0.1
1781172474.1410296,47.14556813240051,C4_SPEED_1200,C4_SPEED_1200_R02_20260611_170706,delta-asda-b3-e,1591,RTSO|SO|OE|VE|QS|TR,3,0,307422872,1200,20,0.0854,20,0.04782,307,47,4270,2391,6000,,1200,,,,constant_speed,transition,0,no_load,cw,C4: 1200 rpm,servo-app/lab-0.1
1781172474.2413554,47.24589395523071,C4_SPEED_1200,C4_SPEED_1200_R02_20260611_170706,delta-asda-b3-e,1591,RTSO|SO|OE|VE|QS|TR,3,0,310777975,1199,20,0.0854,21,0.050211,307,47,4270,2391,6000,,1200,,,,constant_speed,transition,0,no_load,cw,C4: 1200 rpm,servo-app/lab-0.1
1781172474.3418615,47.346400022506714,C4_SPEED_1200,C4_SPEED_1200_R02_20260611_170706,delta-asda-b3-e,1591,RTSO|SO|OE|VE|QS|TR,3,0,314100038,1200,21,0.08967,20,0.04782,307,47,4270,2391,6000,,1200,,,,constant_speed,transition,0,no_load,cw,C4: 1200 rpm,servo-app/lab-0.1
1781172474.4419234,47.44646191596985,C4_SPEED_1200,C4_SPEED_1200_R02_20260611_170706,delta-asda-b3-e,1591,RTSO|SO|OE|VE|QS|TR,3,0,317556055,1200,21,0.08967,21,0.050211,308,47,4270,2391,6000,,1200,,,,constant_speed,transition,0,no_load,cw,C4: 1200 rpm,servo-app/lab-0.1
1781172474.5423005,47.546838998794556,C4_SPEED_1200,C4_SPEED_1200_R02_20260611_170706,delta-asda-b3-e,1591,RTSO|SO|OE|VE|QS|TR,3,0,320844474,1200,19,0.08113,20,0.04782,308,47,4270,2391,6000,,1200,,,,constant_speed,transition,0,no_load,cw,C4: 1200 rpm,servo-app/lab-0.1
1781172474.6428993,47.64743781089783,C4_SPEED_1200,C4_SPEED_1200_R02_20260611_170706,delta-asda-b3-e,1591,RTSO|SO|OE|VE|QS|TR,3,0,324233373,1200,20,0.0854,20,0.04782,307,47,4270,2391,6000,,1200,,,,constant_speed,transition,0,no_load,cw,C4: 1200 rpm,servo-app/lab-0.1
1781172474.7433465,47.74788498878479,C4_SPEED_1200,C4_SPEED_1200_R02_20260611_170706,delta-asda-b3-e,1591,RTSO|SO|OE|VE|QS|TR,3,0,327622093,1199,20,0.0854,20,0.04782,307,47,4270,2391,6000,,1200,,,,constant_speed,transition,0,no_load,cw,C4: 1200 rpm,servo-app/lab-0.1
1781172474.8434167,47.84795522689819,C4_SPEED_1200,C4_SPEED_1200_R02_20260611_170706,delta-asda-b3-e,1591,RTSO|SO|OE|VE|QS|TR,3,0,330977691,1200,21,0.08967,20,0.04782,308,47,4270,2391,6000,,1200,,,,constant_speed,transition,0,no_load,cw,C4: 1200 rpm,servo-app/lab-0.1
1781172474.943691,47.94822955131531,C4_SPEED_1200,C4_SPEED_1200_R02_20260611_170706,delta-asda-b3-e,1591,RTSO|SO|OE|VE|QS|TR,3,0,334265906,1200,20,0.0854,21,0.050211,307,47,4270,2391,6000,,1200,,,,constant_speed,transition,0,no_load,cw,C4: 1200 rpm,servo-app/lab-0.1
1781172475.043726,48.048264503479004,C4_SPEED_1200,C4_SPEED_1200_R02_20260611_170706,delta-asda-b3-e,1591,RTSO|SO|OE|VE|QS|TR,3,0,337654997,1200,20,0.0854,20,0.04782,308,47,4270,2391,6000,,1200,,,,constant_speed,transition,0,no_load,cw,C4: 1200 rpm,servo-app/lab-0.1
1781172475.1442475,48.14878606796265,C4_SPEED_1200,C4_SPEED_1200_R02_20260611_170706,delta-asda-b3-e,1591,RTSO|SO|OE|VE|QS|TR,3,0,341043930,1200,22,0.09394,20,0.04782,307,47,4270,2391,6000,,1200,,,,constant_speed,transition,0,no_load,cw,C4: 1200 rpm,servo-app/lab-0.1
1781172475.244975,48.24951362609863,C4_SPEED_1200,C4_SPEED_1200_R02_20260611_170706,delta-asda-b3-e,1591,RTSO|SO|OE|VE|QS|TR,3,0,344399029,1199,20,0.0854,20,0.04782,308,47,4270,2391,6000,,1200,,,,constant_speed,transition,0,no_load,cw,C4: 1200 rpm,servo-app/lab-0.1
1781172475.345274,48.349812507629395,C4_SPEED_1200,C4_SPEED_1200_R02_20260611_170706,delta-asda-b3-e,1591,RTSO|SO|OE|VE|QS|TR,3,0,347754621,1200,20,0.0854,21,0.050211,307,47,4270,2391,6000,,1200,,,,constant_speed,transition,0,no_load,cw,C4: 1200 rpm,servo-app/lab-0.1
1781172475.4458642,48.45040273666382,C4_SPEED_1200,C4_SPEED_1200_R02_20260611_170706,delta-asda-b3-e,1591,RTSO|SO|OE|VE|QS|TR,3,0,351143457,1199,22,0.09394,21,0.050211,307,47,4270,2391,6000,,1200,,,,constant_speed,transition,0,no_load,cw,C4: 1200 rpm,servo-app/lab-0.1
1781172475.5460079,48.550546407699585,C4_SPEED_1200,C4_SPEED_1200_R02_20260611_170706,delta-asda-b3-e,1591,RTSO|SO|OE|VE|QS|TR,3,0,354532642,1200,22,0.09394,21,0.050211,307,47,4270,2391,6000,,1200,,,,constant_speed,transition,0,no_load,cw,C4: 1200 rpm,servo-app/lab-0.1
1781172475.6462402,48.65077877044678,C4_SPEED_1200,C4_SPEED_1200_R02_20260611_170706,delta-asda-b3-e,1591,RTSO|SO|OE|VE|QS|TR,3,0,357921434,1200,23,0.09821,21,0.050211,307,47,4270,2391,6000,,1200,,,,constant_speed,transition,0,no_load,cw,C4: 1200 rpm,servo-app/lab-0.1
1781172475.7469275,48.751466035842896,C4_SPEED_1200,C4_SPEED_1200_R02_20260611_170706,delta-asda-b3-e,1591,RTSO|SO|OE|VE|QS|TR,3,0,361243082,1200,21,0.08967,21,0.050211,307,47,4270,2391,6000,,1200,,,,constant_speed,transition,0,no_load,cw,C4: 1200 rpm,servo-app/lab-0.1
1781172475.8471146,48.85165309906006,C4_SPEED_1200,C4_SPEED_1200_R02_20260611_170706,delta-asda-b3-e,1591,RTSO|SO|OE|VE|QS|TR,3,0,364665730,1200,22,0.09394,21,0.050211,307,47,4270,2391,6000,,1200,,,,constant_speed,transition,0,no_load,cw,C4: 1200 rpm,servo-app/lab-0.1
1781172475.9473987,48.951937198638916,C4_SPEED_1200,C4_SPEED_1200_R02_20260611_170706,delta-asda-b3-e,1591,RTSO|SO|OE|VE|QS|TR,3,0,367987503,1199,22,0.09394,23,0.054993,307,47,4270,2391,6000,,1200,,,,constant_speed,transition,0,no_load,cw,C4: 1200 rpm,servo-app/lab-0.1
1781172476.0475476,49.05208611488342,C4_SPEED_1200,C4_SPEED_1200_R02_20260611_170706,delta-asda-b3-e,1591,RTSO|SO|OE|VE|QS|TR,3,0,371343185,1200,21,0.08967,20,0.04782,307,47,4270,2391,6000,,1200,,,,constant_speed,transition,0,no_load,cw,C4: 1200 rpm,servo-app/lab-0.1
1781172476.1476943,49.15223288536072,C4_SPEED_1200,C4_SPEED_1200_R02_20260611_170706,delta-asda-b3-e,1591,RTSO|SO|OE|VE|QS|TR,3,0,374731987,1200,22,0.09394,22,0.052602,307,47,4270,2391,6000,,1200,,,,constant_speed,transition,0,no_load,cw,C4: 1200 rpm,servo-app/lab-0.1
1781172476.2478004,49.252338886260986,C4_SPEED_1200,C4_SPEED_1200_R02_20260611_170706,delta-asda-b3-e,1591,RTSO|SO|OE|VE|QS|TR,3,0,378087239,1200,21,0.08967,21,0.050211,307,47,4270,2391,6000,,1200,,,,constant_speed,transition,0,no_load,cw,C4: 1200 rpm,servo-app/lab-0.1
1781172476.3479419,49.35248041152954,C4_SPEED_1200,C4_SPEED_1200_R02_20260611_170706,delta-asda-b3-e,1591,RTSO|SO|OE|VE|QS|TR,3,0,381442731,1200,22,0.09394,21,0.050211,307,47,4270,2391,6000,,1200,,,,constant_speed,transition,0,no_load,cw,C4: 1200 rpm,servo-app/lab-0.1
1781172476.4487967,49.45333528518677,C4_SPEED_1200,C4_SPEED_1200_R02_20260611_170706,delta-asda-b3-e,1591,RTSO|SO|OE|VE|QS|TR,3,0,384797965,1199,22,0.09394,23,0.054993,307,47,4270,2391,6000,,1200,,,,constant_speed,transition,0,no_load,cw,C4: 1200 rpm,servo-app/lab-0.1
1781172476.5492523,49.553790807724,C4_SPEED_1200,C4_SPEED_1200_R02_20260611_170706,delta-asda-b3-e,1591,RTSO|SO|OE|VE|QS|TR,3,0,388187251,1200,21,0.08967,21,0.050211,307,47,4270,2391,6000,,1200,,,,constant_speed,transition,0,no_load,cw,C4: 1200 rpm,servo-app/lab-0.1
1781172476.6494396,49.65397810935974,C4_SPEED_1200,C4_SPEED_1200_R02_20260611_170706,delta-asda-b3-e,1591,RTSO|SO|OE|VE|QS|TR,3,0,391542404,1200,22,0.09394,23,0.054993,307,47,4270,2391,6000,,1200,,,,constant_speed,transition,0,no_load,cw,C4: 1200 rpm,servo-app/lab-0.1
1781172476.7499456,49.75448417663574,C4_SPEED_1200,C4_SPEED_1200_R02_20260611_170706,delta-asda-b3-e,1591,RTSO|SO|OE|VE|QS|TR,3,0,394964803,1200,19,0.08113,19,0.045429,307,47,4270,2391,6000,,1200,,,,constant_speed,transition,0,no_load,cw,C4: 1200 rpm,servo-app/lab-0.1
1781172476.8500583,49.854596853256226,C4_SPEED_1200,C4_SPEED_1200_R02_20260611_170706,delta-asda-b3-e,1591,RTSO|SO|OE|VE|QS|TR,3,0,398320175,1200,23,0.09821,20,0.04782,308,47,4270,2391,6000,,1200,,,,constant_speed,transition,0,no_load,cw,C4: 1200 rpm,servo-app/lab-0.1
1781172476.9504704,49.95500898361206,C4_SPEED_1200,C4_SPEED_1200_R02_20260611_170706,delta-asda-b3-e,1591,RTSO|SO|OE|VE|QS|TR,3,0,401675453,1199,18,0.07686,22,0.052602,307,47,4270,2391,6000,,1200,,,,constant_speed,transition,0,no_load,cw,C4: 1200 rpm,servo-app/lab-0.1
1781172477.050658,50.05519652366638,C4_SPEED_1200,C4_SPEED_1200_R02_20260611_170706,delta-asda-b3-e,1591,RTSO|SO|OE|VE|QS|TR,3,0,405031216,1200,19,0.08113,22,0.052602,307,47,4270,2391,6000,,1200,,,,constant_speed,transition,0,no_load,cw,C4: 1200 rpm,servo-app/lab-0.1
1781172477.1511152,50.15565371513367,C4_SPEED_1200,C4_SPEED_1200_R02_20260611_170706,delta-asda-b3-e,1591,RTSO|SO|OE|VE|QS|TR,3,0,408419903,1200,24,0.10248,20,0.04782,307,47,4270,2391,6000,,1200,,,,constant_speed,transition,0,no_load,cw,C4: 1200 rpm,servo-app/lab-0.1
1781172477.251426,50.255964517593384,C4_SPEED_1200,C4_SPEED_1200_R02_20260611_170706,delta-asda-b3-e,1591,RTSO|SO|OE|VE|QS|TR,3,0,411775360,1200,21,0.08967,22,0.052602,307,47,4270,2391,6000,,1200,,,,constant_speed,transition,0,no_load,cw,C4: 1200 rpm,servo-app/lab-0.1
1781172477.3515735,50.356112003326416,C4_SPEED_1200,C4_SPEED_1200_R02_20260611_170706,delta-asda-b3-e,1591,RTSO|SO|OE|VE|QS|TR,3,0,415130699,1200,20,0.0854,21,0.050211,307,47,4270,2391,6000,,1200,,,,constant_speed,transition,0,no_load,cw,C4: 1200 rpm,servo-app/lab-0.1
1781172477.4520576,50.45659613609314,C4_SPEED_1200,C4_SPEED_1200_R02_20260611_170706,delta-asda-b3-e,1591,RTSO|SO|OE|VE|QS|TR,3,0,418519571,1200,15,0.06405,21,0.050211,307,47,4270,2391,6000,,1200,,,,constant_speed,transition,0,no_load,cw,C4: 1200 rpm,servo-app/lab-0.1
1781172477.5525155,50.55705404281616,C4_SPEED_1200,C4_SPEED_1200_R02_20260611_170706,delta-asda-b3-e,1591,RTSO|SO|OE|VE|QS|TR,3,0,421875252,1200,21,0.08967,17,0.040647,307,47,4270,2391,6000,,1200,,,,constant_speed,transition,0,no_load,cw,C4: 1200 rpm,servo-app/lab-0.1
1781172477.6525671,50.657105684280396,C4_SPEED_1200,C4_SPEED_1200_R02_20260611_170706,delta-asda-b3-e,1591,RTSO|SO|OE|VE|QS|TR,3,0,425196889,1199,21,0.08967,23,0.054993,307,47,4270,2391,6000,,1200,,,,constant_speed,transition,0,no_load,cw,C4: 1200 rpm,servo-app/lab-0.1
1781172477.752691,50.7572295665741,C4_SPEED_1200,C4_SPEED_1200_R02_20260611_170706,delta-asda-b3-e,1591,RTSO|SO|OE|VE|QS|TR,3,0,428585887,1200,20,0.0854,24,0.057384,307,47,4270,2391,6000,,1200,,,,constant_speed,transition,0,no_load,cw,C4: 1200 rpm,servo-app/lab-0.1
1781172477.8528981,50.857436656951904,C4_SPEED_1200,C4_SPEED_1200_R02_20260611_170706,delta-asda-b3-e,1591,RTSO|SO|OE|VE|QS|TR,3,0,431907641,1200,22,0.09394,19,0.045429,307,47,4270,2391,6000,,1200,,,,constant_speed,transition,0,no_load,cw,C4: 1200 rpm,servo-app/lab-0.1
1781172477.9530582,50.95759677886963,C4_SPEED_1200,C4_SPEED_1200_R02_20260611_170706,delta-asda-b3-e,1591,RTSO|SO|OE|VE|QS|TR,3,0,435262895,1200,21,0.08967,22,0.052602,307,47,4270,2391,6000,,1200,,,,constant_speed,transition,0,no_load,cw,C4: 1200 rpm,servo-app/lab-0.1
1781172478.0532598,51.05779838562012,C4_SPEED_1200,C4_SPEED_1200_R02_20260611_170706,delta-asda-b3-e,1591,RTSO|SO|OE|VE|QS|TR,3,0,438652142,1200,18,0.07686,20,0.04782,307,47,4270,2391,6000,,1200,,,,constant_speed,transition,0,no_load,cw,C4: 1200 rpm,servo-app/lab-0.1
1781172478.1540256,51.15856409072876,C4_SPEED_1200,C4_SPEED_1200_R02_20260611_170706,delta-asda-b3-e,1591,RTSO|SO|OE|VE|QS|TR,3,0,442040896,1200,24,0.10248,23,0.054993,307,47,4270,2391,6000,,1200,,,,constant_speed,transition,0,no_load,cw,C4: 1200 rpm,servo-app/lab-0.1
1781172478.2545288,51.25906729698181,C4_SPEED_1200,C4_SPEED_1200_R02_20260611_170706,delta-asda-b3-e,1591,RTSO|SO|OE|VE|QS|TR,3,0,445429974,1200,20,0.0854,21,0.050211,307,47,4270,2391,6000,,1200,,,,constant_speed,transition,0,no_load,cw,C4: 1200 rpm,servo-app/lab-0.1
1781172478.3547049,51.359243392944336,C4_SPEED_1200,C4_SPEED_1200_R02_20260611_170706,delta-asda-b3-e,1591,RTSO|SO|OE|VE|QS|TR,3,0,448751715,1200,22,0.09394,26,0.062166,307,47,4270,2391,6000,,1200,,,,constant_speed,transition,0,no_load,cw,C4: 1200 rpm,servo-app/lab-0.1
1781172478.455336,51.459874629974365,C4_SPEED_1200,C4_SPEED_1200_R02_20260611_170706,delta-asda-b3-e,1591,RTSO|SO|OE|VE|QS|TR,3,0,452174244,1200,21,0.08967,18,0.043038,307,47,4270,2391,6000,,1200,,,,constant_speed,transition,0,no_load,cw,C4: 1200 rpm,servo-app/lab-0.1
1781172478.5558958,51.560434341430664,C4_SPEED_1200,C4_SPEED_1200_R02_20260611_170706,delta-asda-b3-e,1591,RTSO|SO|OE|VE|QS|TR,3,0,455496276,1200,23,0.09821,24,0.057384,307,47,4270,2391,6000,,1200,,,,constant_speed,transition,0,no_load,cw,C4: 1200 rpm,servo-app/lab-0.1
1781172478.6563945,51.66093301773071,C4_SPEED_1200,C4_SPEED_1200_R02_20260611_170706,delta-asda-b3-e,1591,RTSO|SO|OE|VE|QS|TR,3,0,458918604,1200,22,0.09394,21,0.050211,307,47,4270,2391,6000,,1200,,,,constant_speed,transition,0,no_load,cw,C4: 1200 rpm,servo-app/lab-0.1
1781172478.7568305,51.76136898994446,C4_SPEED_1200,C4_SPEED_1200_R02_20260611_170706,delta-asda-b3-e,1591,RTSO|SO|OE|VE|QS|TR,3,0,462240525,1200,26,0.11102,19,0.045429,307,47,4270,2391,6000,,1200,,,,constant_speed,transition,0,no_load,cw,C4: 1200 rpm,servo-app/lab-0.1
1781172478.8573298,51.861868381500244,C4_SPEED_1200,C4_SPEED_1200_R02_20260611_170706,delta-asda-b3-e,1591,RTSO|SO|OE|VE|QS|TR,3,0,465662972,1200,23,0.09821,22,0.052602,307,47,4270,2391,6000,,1200,,,,constant_speed,transition,0,no_load,cw,C4: 1200 rpm,servo-app/lab-0.1
1781172478.9581265,51.96266508102417,C4_SPEED_1200,C4_SPEED_1200_R02_20260611_170706,delta-asda-b3-e,1591,RTSO|SO|OE|VE|QS|TR,3,0,469051983,1201,20,0.0854,20,0.04782,307,47,4270,2391,6000,,1200,,,,constant_speed,transition,0,no_load,cw,C4: 1200 rpm,servo-app/lab-0.1
1781172479.0583196,52.06285810470581,C4_SPEED_1200,C4_SPEED_1200_R02_20260611_170706,delta-asda-b3-e,1591,RTSO|SO|OE|VE|QS|TR,3,0,472407451,1200,21,0.08967,23,0.054993,307,47,4270,2391,6000,,1200,,,,constant_speed,transition,0,no_load,cw,C4: 1200 rpm,servo-app/lab-0.1
1781172479.1588542,52.163392782211304,C4_SPEED_1200,C4_SPEED_1200_R02_20260611_170706,delta-asda-b3-e,1591,RTSO|SO|OE|VE|QS|TR,3,0,475695500,1200,22,0.09394,21,0.050211,307,47,4270,2391,6000,,1200,,,,constant_speed,transition,0,no_load,cw,C4: 1200 rpm,servo-app/lab-0.1
1781172479.2590532,52.26359176635742,C4_SPEED_1200,C4_SPEED_1200_R02_20260611_170706,delta-asda-b3-e,1591,RTSO|SO|OE|VE|QS|TR,3,0,479151715,1200,20,0.0854,22,0.052602,307,47,4270,2391,6000,,1200,,,,constant_speed,transition,0,no_load,cw,C4: 1200 rpm,servo-app/lab-0.1
1781172479.3593054,52.36384391784668,C4_SPEED_1200,C4_SPEED_1200_R02_20260611_170706,delta-asda-b3-e,1591,RTSO|SO|OE|VE|QS|TR,3,0,482507018,1200,22,0.09394,23,0.054993,307,47,4270,2391,6000,,1200,,,,constant_speed,transition,0,no_load,cw,C4: 1200 rpm,servo-app/lab-0.1
1781172479.4594076,52.46394610404968,C4_SPEED_1200,C4_SPEED_1200_R02_20260611_170706,delta-asda-b3-e,1591,RTSO|SO|OE|VE|QS|TR,3,0,485828919,1201,19,0.08113,21,0.050211,307,47,4270,2391,6000,,1200,,,,constant_speed,transition,0,no_load,cw,C4: 1200 rpm,servo-app/lab-0.1
1781172479.5598235,52.56436204910278,C4_SPEED_1200,C4_SPEED_1200_R02_20260611_170706,delta-asda-b3-e,1591,RTSO|SO|OE|VE|QS|TR,3,0,489150872,1200,21,0.08967,22,0.052602,307,47,4270,2391,6000,,1200,,,,constant_speed,transition,0,no_load,cw,C4: 1200 rpm,servo-app/lab-0.1
1781172479.660093,52.664631605148315,C4_SPEED_1200,C4_SPEED_1200_R02_20260611_170706,delta-asda-b3-e,1591,RTSO|SO|OE|VE|QS|TR,3,0,492573177,1200,20,0.0854,22,0.052602,307,47,4270,2391,6000,,1200,,,,constant_speed,transition,0,no_load,cw,C4: 1200 rpm,servo-app/lab-0.1
1781172479.7608511,52.76538968086243,C4_SPEED_1200,C4_SPEED_1200_R02_20260611_170706,delta-asda-b3-e,1591,RTSO|SO|OE|VE|QS|TR,3,0,495928701,1200,21,0.08967,22,0.052602,307,47,4270,2391,6000,,1200,,,,constant_speed,transition,0,no_load,cw,C4: 1200 rpm,servo-app/lab-0.1
1781172479.8611684,52.86570692062378,C4_SPEED_1200,C4_SPEED_1200_R02_20260611_170706,delta-asda-b3-e,1591,RTSO|SO|OE|VE|QS|TR,3,0,499351045,1200,20,0.0854,20,0.04782,307,47,4270,2391,6000,,1200,,,,constant_speed,transition,0,no_load,cw,C4: 1200 rpm,servo-app/lab-0.1
1781172479.961277,52.96581554412842,C4_SPEED_1200,C4_SPEED_1200_R02_20260611_170706,delta-asda-b3-e,1591,RTSO|SO|OE|VE|QS|TR,3,0,502639456,1201,20,0.0854,21,0.050211,307,47,4270,2391,6000,,1200,,,,constant_speed,transition,0,no_load,cw,C4: 1200 rpm,servo-app/lab-0.1
1781172480.061397,53.06593561172485,C4_SPEED_1200,C4_SPEED_1200_R02_20260611_170706,delta-asda-b3-e,1591,RTSO|SO|OE|VE|QS|TR,3,0,506028467,1200,21,0.08967,21,0.050211,308,47,4270,2391,6000,,1200,,,,constant_speed,transition,0,no_load,cw,C4: 1200 rpm,servo-app/lab-0.1
1781172480.1614325,53.16597104072571,C4_SPEED_1200,C4_SPEED_1200_R02_20260611_170706,delta-asda-b3-e,1591,RTSO|SO|OE|VE|QS|TR,3,0,509350099,1200,20,0.0854,20,0.04782,307,47,4270,2391,6000,,1200,,,,constant_speed,transition,0,no_load,cw,C4: 1200 rpm,servo-app/lab-0.1
1781172480.2617931,53.26633167266846,C4_SPEED_1200,C4_SPEED_1200_R02_20260611_170706,delta-asda-b3-e,1591,RTSO|SO|OE|VE|QS|TR,3,0,512739115,1200,21,0.08967,22,0.052602,307,47,4270,2391,6000,,1200,,,,constant_speed,transition,0,no_load,cw,C4: 1200 rpm,servo-app/lab-0.1
1781172480.3622243,53.36676287651062,C4_SPEED_1200,C4_SPEED_1200_R02_20260611_170706,delta-asda-b3-e,1591,RTSO|SO|OE|VE|QS|TR,3,0,516161514,1200,21,0.08967,21,0.050211,307,47,4270,2391,6000,,1200,,,,constant_speed,transition,0,no_load,cw,C4: 1200 rpm,servo-app/lab-0.1
1781172480.462767,53.467305421829224,C4_SPEED_1200,C4_SPEED_1200_R02_20260611_170706,delta-asda-b3-e,1591,RTSO|SO|OE|VE|QS|TR,3,0,519483515,1201,20,0.0854,18,0.043038,307,47,4270,2391,6000,,1200,,,,constant_speed,transition,0,no_load,cw,C4: 1200 rpm,servo-app/lab-0.1
1781172480.5631824,53.567720890045166,C4_SPEED_1200,C4_SPEED_1200_R02_20260611_170706,delta-asda-b3-e,1591,RTSO|SO|OE|VE|QS|TR,3,0,522872568,1201,20,0.0854,19,0.045429,307,47,4270,2391,6000,,1200,,,,constant_speed,transition,0,no_load,cw,C4: 1200 rpm,servo-app/lab-0.1
1781172480.6633036,53.6678421497345,C4_SPEED_1200,C4_SPEED_1200_R02_20260611_170706,delta-asda-b3-e,1591,RTSO|SO|OE|VE|QS|TR,3,0,526261471,1201,19,0.08113,19,0.045429,307,47,4270,2391,6000,,1200,,,,constant_speed,transition,0,no_load,cw,C4: 1200 rpm,servo-app/lab-0.1
1781172480.763337,53.76787543296814,C4_SPEED_1200,C4_SPEED_1200_R02_20260611_170706,delta-asda-b3-e,1591,RTSO|SO|OE|VE|QS|TR,3,0,529616811,1201,19,0.08113,19,0.045429,307,47,4270,2391,6000,,1200,,,,constant_speed,transition,0,no_load,cw,C4: 1200 rpm,servo-app/lab-0.1
1781172480.863845,53.86838364601135,C4_SPEED_1200,C4_SPEED_1200_R02_20260611_170706,delta-asda-b3-e,1591,RTSO|SO|OE|VE|QS|TR,3,0,532938470,1200,20,0.0854,21,0.050211,308,47,4270,2391,6000,,1200,,,,constant_speed,transition,0,no_load,cw,C4: 1200 rpm,servo-app/lab-0.1
1781172480.9639847,53.968523263931274,C4_SPEED_1200,C4_SPEED_1200_R02_20260611_170706,delta-asda-b3-e,1591,RTSO|SO|OE|VE|QS|TR,3,0,536294095,1201,20,0.0854,19,0.045429,307,47,4270,2391,6000,,1200,,,,constant_speed,transition,0,no_load,cw,C4: 1200 rpm,servo-app/lab-0.1
1781172481.0642226,54.068761110305786,C4_SPEED_1200,C4_SPEED_1200_R02_20260611_170706,delta-asda-b3-e,1591,RTSO|SO|OE|VE|QS|TR,3,0,539716748,1201,19,0.08113,20,0.04782,307,47,4270,2391,6000,,1200,,,,constant_speed,transition,0,no_load,cw,C4: 1200 rpm,servo-app/lab-0.1
1781172481.164284,54.16882252693176,C4_SPEED_1200,C4_SPEED_1200_R02_20260611_170706,delta-asda-b3-e,1591,RTSO|SO|OE|VE|QS|TR,3,0,543072092,1201,18,0.07686,18,0.043038,307,47,4270,2391,6000,,1200,,,,constant_speed,transition,0,no_load,cw,C4: 1200 rpm,servo-app/lab-0.1
1781172481.264646,54.269184589385986,C4_SPEED_1200,C4_SPEED_1200_R02_20260611_170706,delta-asda-b3-e,1591,RTSO|SO|OE|VE|QS|TR,3,0,546427322,1201,19,0.08113,20,0.04782,307,47,4270,2391,6000,,1200,,,,constant_speed,transition,0,no_load,cw,C4: 1200 rpm,servo-app/lab-0.1
1781172481.3650558,54.36959433555603,C4_SPEED_1200,C4_SPEED_1200_R02_20260611_170706,delta-asda-b3-e,1591,RTSO|SO|OE|VE|QS|TR,3,0,549748960,1200,21,0.08967,21,0.050211,307,47,4270,2391,6000,,1200,,,,constant_speed,transition,0,no_load,cw,C4: 1200 rpm,servo-app/lab-0.1
1781172481.46533,54.469868421554565,C4_SPEED_1200,C4_SPEED_1200_R02_20260611_170706,delta-asda-b3-e,1591,RTSO|SO|OE|VE|QS|TR,3,0,553138269,1201,21,0.08967,20,0.04782,307,47,4270,2391,6000,,1200,,,,constant_speed,transition,0,no_load,cw,C4: 1200 rpm,servo-app/lab-0.1
1781172481.5655894,54.570127964019775,C4_SPEED_1200,C4_SPEED_1200_R02_20260611_170706,delta-asda-b3-e,1591,RTSO|SO|OE|VE|QS|TR,3,0,556493633,1201,20,0.0854,20,0.04782,307,47,4270,2391,6000,,1200,,,,constant_speed,transition,0,no_load,cw,C4: 1200 rpm,servo-app/lab-0.1
1781172481.6660662,54.67060470581055,C4_SPEED_1200,C4_SPEED_1200_R02_20260611_170706,delta-asda-b3-e,1591,RTSO|SO|OE|VE|QS|TR,3,0,559916243,1201,17,0.07259,19,0.045429,307,47,4270,2391,6000,,1200,,,,constant_speed,transition,0,no_load,cw,C4: 1200 rpm,servo-app/lab-0.1
1781172481.766324,54.7708625793457,C4_SPEED_1200,C4_SPEED_1200_R02_20260611_170706,delta-asda-b3-e,1591,RTSO|SO|OE|VE|QS|TR,3,0,563237918,1201,19,0.08113,21,0.050211,307,47,4270,2391,6000,,1200,,,,constant_speed,transition,0,no_load,cw,C4: 1200 rpm,servo-app/lab-0.1
1781172481.866352,54.870890617370605,C4_SPEED_1200,C4_SPEED_1200_R02_20260611_170706,delta-asda-b3-e,1591,RTSO|SO|OE|VE|QS|TR,3,0,566626738,1200,18,0.07686,19,0.045429,307,47,4270,2391,6000,,1200,,,,constant_speed,transition,0,no_load,cw,C4: 1200 rpm,servo-app/lab-0.1
1781172481.9664044,54.970942974090576,C4_SPEED_1200,C4_SPEED_1200_R02_20260611_170706,delta-asda-b3-e,1591,RTSO|SO|OE|VE|QS|TR,3,0,569982450,1201,19,0.08113,20,0.04782,307,47,4270,2391,6000,,1200,,,,constant_speed,transition,0,no_load,cw,C4: 1200 rpm,servo-app/lab-0.1
1781172482.0667307,55.071269273757935,C4_SPEED_1200,C4_SPEED_1200_R02_20260611_170706,delta-asda-b3-e,1591,RTSO|SO|OE|VE|QS|TR,3,0,573270635,1201,20,0.0854,19,0.045429,307,47,4270,2391,6000,,1200,,,,constant_speed,transition,0,no_load,cw,C4: 1200 rpm,servo-app/lab-0.1
1781172482.1671634,55.17170190811157,C4_SPEED_1200,C4_SPEED_1200_R02_20260611_170706,delta-asda-b3-e,1591,RTSO|SO|OE|VE|QS|TR,3,0,576726796,1201,17,0.07259,17,0.040647,307,47,4270,2391,6000,,1200,,,,constant_speed,transition,0,no_load,cw,C4: 1200 rpm,servo-app/lab-0.1
1781172482.2672873,55.27182579040527,C4_SPEED_1200,C4_SPEED_1200_R02_20260611_170706,delta-asda-b3-e,1591,RTSO|SO|OE|VE|QS|TR,3,0,580048452,1201,18,0.07686,20,0.04782,307,47,4270,2391,6000,,1200,,,,constant_speed,transition,0,no_load,cw,C4: 1200 rpm,servo-app/lab-0.1
1781172482.3675992,55.372137784957886,C4_SPEED_1200,C4_SPEED_1200_R02_20260611_170706,delta-asda-b3-e,1591,RTSO|SO|OE|VE|QS|TR,3,0,583403702,1201,17,0.07259,20,0.04782,307,47,4270,2391,6000,,1200,,,,constant_speed,transition,0,no_load,cw,C4: 1200 rpm,servo-app/lab-0.1
1781172482.4679809,55.472519397735596,C4_SPEED_1200,C4_SPEED_1200_R02_20260611_170706,delta-asda-b3-e,1591,RTSO|SO|OE|VE|QS|TR,3,0,586792949,1201,19,0.08113,19,0.045429,307,47,4270,2391,6000,,1200,,,,constant_speed,transition,0,no_load,cw,C4: 1200 rpm,servo-app/lab-0.1
1781172482.5684683,55.57300686836243,C4_SPEED_1200,C4_SPEED_1200_R02_20260611_170706,delta-asda-b3-e,1591,RTSO|SO|OE|VE|QS|TR,3,0,590181842,1201,20,0.0854,19,0.045429,307,47,4270,2391,6000,,1200,,,,constant_speed,transition,0,no_load,cw,C4: 1200 rpm,servo-app/lab-0.1
1781172482.6689854,55.673523902893066,C4_SPEED_1200,C4_SPEED_1200_R02_20260611_170706,delta-asda-b3-e,1591,RTSO|SO|OE|VE|QS|TR,3,0,593503717,1201,17,0.07259,19,0.045429,307,47,4270,2391,6000,,1200,,,,constant_speed,transition,0,no_load,cw,C4: 1200 rpm,servo-app/lab-0.1
1781172482.7691255,55.77366399765015,C4_SPEED_1200,C4_SPEED_1200_R02_20260611_170706,delta-asda-b3-e,1591,RTSO|SO|OE|VE|QS|TR,3,0,596925965,1201,18,0.07686,18,0.043038,307,47,4270,2391,6000,,1200,,,,constant_speed,transition,0,no_load,cw,C4: 1200 rpm,servo-app/lab-0.1
1781172482.869591,55.8741295337677,C4_SPEED_1200,C4_SPEED_1200_R02_20260611_170706,delta-asda-b3-e,1591,RTSO|SO|OE|VE|QS|TR,3,0,600281260,1201,21,0.08967,18,0.043038,307,47,4270,2391,6000,,1200,,,,constant_speed,transition,0,no_load,cw,C4: 1200 rpm,servo-app/lab-0.1
1781172482.969871,55.97440958023071,C4_SPEED_1200,C4_SPEED_1200_R02_20260611_170706,delta-asda-b3-e,1591,RTSO|SO|OE|VE|QS|TR,3,0,603603456,1201,19,0.08113,19,0.045429,307,47,4270,2391,6000,,1200,,,,constant_speed,transition,0,no_load,cw,C4: 1200 rpm,servo-app/lab-0.1
1781172483.0701697,56.074708223342896,C4_SPEED_1200,C4_SPEED_1200_R02_20260611_170706,delta-asda-b3-e,1591,RTSO|SO|OE|VE|QS|TR,3,0,606992318,1201,23,0.09821,18,0.043038,307,47,4270,2391,6000,,1200,,,,constant_speed,transition,0,no_load,cw,C4: 1200 rpm,servo-app/lab-0.1
1781172483.1706924,56.175230979919434,C4_SPEED_1200,C4_SPEED_1200_R02_20260611_170706,delta-asda-b3-e,1591,RTSO|SO|OE|VE|QS|TR,3,0,610381435,1201,20,0.0854,19,0.045429,307,47,4270,2391,6000,,1200,,,,constant_speed,transition,0,no_load,cw,C4: 1200 rpm,servo-app/lab-0.1
1781172483.2710514,56.27558994293213,C4_SPEED_1200,C4_SPEED_1200_R02_20260611_170706,delta-asda-b3-e,1591,RTSO|SO|OE|VE|QS|TR,3,0,613770165,1201,19,0.08113,22,0.052602,307,47,4270,2391,6000,,1200,,,,constant_speed,transition,0,no_load,cw,C4: 1200 rpm,servo-app/lab-0.1
1781172483.3712873,56.37582588195801,C4_SPEED_1200,C4_SPEED_1200_R02_20260611_170706,delta-asda-b3-e,1591,RTSO|SO|OE|VE|QS|TR,3,0,617091794,1201,17,0.07259,14,0.033474,308,47,4270,2391,6000,,1200,,,,constant_speed,transition,0,no_load,cw,C4: 1200 rpm,servo-app/lab-0.1
1781172483.4714704,56.476008892059326,C4_SPEED_1200,C4_SPEED_1200_R02_20260611_170706,delta-asda-b3-e,1591,RTSO|SO|OE|VE|QS|TR,3,0,620481158,1201,22,0.09394,16,0.038256,307,47,4270,2391,6000,,1200,,,,constant_speed,transition,0,no_load,cw,C4: 1200 rpm,servo-app/lab-0.1
1781172483.5719738,56.57651233673096,C4_SPEED_1200,C4_SPEED_1200_R02_20260611_170706,delta-asda-b3-e,1591,RTSO|SO|OE|VE|QS|TR,3,0,623802818,1201,20,0.0854,19,0.045429,307,47,4270,2391,6000,,1200,,,,constant_speed,transition,0,no_load,cw,C4: 1200 rpm,servo-app/lab-0.1
1781172483.6720657,56.67660427093506,C4_SPEED_1200,C4_SPEED_1200_R02_20260611_170706,delta-asda-b3-e,1591,RTSO|SO|OE|VE|QS|TR,3,0,627158349,1201,18,0.07686,20,0.04782,307,47,4270,2391,6000,,1200,,,,constant_speed,transition,0,no_load,cw,C4: 1200 rpm,servo-app/lab-0.1
1781172483.7727892,56.7773277759552,C4_SPEED_1200,C4_SPEED_1200_R02_20260611_170706,delta-asda-b3-e,1591,RTSO|SO|OE|VE|QS|TR,3,0,630547008,1201,16,0.06832,20,0.04782,307,47,4270,2391,6000,,1200,,,,constant_speed,transition,0,no_load,cw,C4: 1200 rpm,servo-app/lab-0.1
1781172483.872934,56.87747263908386,C4_SPEED_1200,C4_SPEED_1200_R02_20260611_170706,delta-asda-b3-e,1591,RTSO|SO|OE|VE|QS|TR,3,0,633902335,1201,20,0.0854,15,0.035865,307,47,4270,2391,6000,,1200,,,,constant_speed,transition,0,no_load,cw,C4: 1200 rpm,servo-app/lab-0.1
1781172483.9730084,56.97754693031311,C4_SPEED_1200,C4_SPEED_1200_R02_20260611_170706,delta-asda-b3-e,1591,RTSO|SO|OE|VE|QS|TR,3,0,637224384,1201,18,0.07686,18,0.043038,307,47,4270,2391,6000,,1200,,,,constant_speed,transition,0,no_load,cw,C4: 1200 rpm,servo-app/lab-0.1
1781172484.0730662,57.0776047706604,C4_SPEED_1200,C4_SPEED_1200_R02_20260611_170706,delta-asda-b3-e,1591,RTSO|SO|OE|VE|QS|TR,3,0,640613254,1200,19,0.08113,18,0.043038,307,47,4270,2391,6000,,1200,,,,constant_speed,transition,0,no_load,cw,C4: 1200 rpm,servo-app/lab-0.1
1781172484.1735535,57.17809200286865,C4_SPEED_1200,C4_SPEED_1200_R02_20260611_170706,delta-asda-b3-e,1591,RTSO|SO|OE|VE|QS|TR,3,0,644035913,1201,18,0.07686,18,0.043038,307,47,4270,2391,6000,,1200,,,,constant_speed,transition,0,no_load,cw,C4: 1200 rpm,servo-app/lab-0.1
1781172484.2737691,57.27830767631531,C4_SPEED_1200,C4_SPEED_1200_R02_20260611_170706,delta-asda-b3-e,1591,RTSO|SO|OE|VE|QS|TR,3,0,647357553,1201,22,0.09394,21,0.050211,307,47,4270,2391,6000,,1200,,,,constant_speed,transition,0,no_load,cw,C4: 1200 rpm,servo-app/lab-0.1
1781172484.3741486,57.378687143325806,C4_SPEED_1200,C4_SPEED_1200_R02_20260611_170706,delta-asda-b3-e,1591,RTSO|SO|OE|VE|QS|TR,3,0,650780003,1201,21,0.08967,16,0.038256,307,47,4270,2391,6000,,1200,,,,constant_speed,transition,0,no_load,cw,C4: 1200 rpm,servo-app/lab-0.1
1781172484.4743009,57.47883939743042,C4_SPEED_1200,C4_SPEED_1200_R02_20260611_170706,delta-asda-b3-e,1591,RTSO|SO|OE|VE|QS|TR,3,0,654135557,1200,19,0.08113,20,0.04782,307,47,4270,2391,6000,,1200,,,,constant_speed,transition,0,no_load,cw,C4: 1200 rpm,servo-app/lab-0.1
1781172484.574582,57.57912063598633,C4_SPEED_1200,C4_SPEED_1200_R02_20260611_170706,delta-asda-b3-e,1591,RTSO|SO|OE|VE|QS|TR,3,0,657457336,1200,22,0.09394,19,0.045429,307,47,4270,2391,6000,,1200,,,,constant_speed,transition,0,no_load,cw,C4: 1200 rpm,servo-app/lab-0.1
1781172484.6746814,57.67921996116638,C4_SPEED_1200,C4_SPEED_1200_R02_20260611_170706,delta-asda-b3-e,1591,RTSO|SO|OE|VE|QS|TR,3,0,660812920,1201,18,0.07686,20,0.04782,307,47,4270,2391,6000,,1200,,,,constant_speed,transition,0,no_load,cw,C4: 1200 rpm,servo-app/lab-0.1
1781172484.7747266,57.77926516532898,C4_SPEED_1200,C4_SPEED_1200_R02_20260611_170706,delta-asda-b3-e,1591,RTSO|SO|OE|VE|QS|TR,3,0,664201583,1200,20,0.0854,21,0.050211,307,47,4270,2391,6000,,1200,,,,constant_speed,transition,0,no_load,cw,C4: 1200 rpm,servo-app/lab-0.1
1781172484.8748424,57.87938094139099,C4_SPEED_1200,C4_SPEED_1200_R02_20260611_170706,delta-asda-b3-e,1591,RTSO|SO|OE|VE|QS|TR,3,0,667556971,1200,19,0.08113,19,0.045429,307,47,4270,2391,6000,,1200,,,,constant_speed,transition,0,no_load,cw,C4: 1200 rpm,servo-app/lab-0.1
1781172484.9751434,57.979681968688965,C4_SPEED_1200,C4_SPEED_1200_R02_20260611_170706,delta-asda-b3-e,1591,RTSO|SO|OE|VE|QS|TR,3,0,670945941,1200,20,0.0854,18,0.043038,307,47,4270,2391,6000,,1200,,,,constant_speed,transition,0,no_load,cw,C4: 1200 rpm,servo-app/lab-0.1
1781172485.0757432,58.08028173446655,C4_SPEED_1200,C4_SPEED_1200_R02_20260611_170706,delta-asda-b3-e,1591,RTSO|SO|OE|VE|QS|TR,3,0,674301262,1200,19,0.08113,19,0.045429,307,47,4270,2391,6000,,1200,,,,constant_speed,transition,0,no_load,cw,C4: 1200 rpm,servo-app/lab-0.1
1781172485.175876,58.18041443824768,C4_SPEED_1200,C4_SPEED_1200_R02_20260611_170706,delta-asda-b3-e,1591,RTSO|SO|OE|VE|QS|TR,3,0,677623322,1201,19,0.08113,20,0.04782,307,47,4270,2391,6000,,1200,,,,constant_speed,transition,0,no_load,cw,C4: 1200 rpm,servo-app/lab-0.1
1781172485.276001,58.28053951263428,C4_SPEED_1200,C4_SPEED_1200_R02_20260611_170706,delta-asda-b3-e,1591,RTSO|SO|OE|VE|QS|TR,3,0,680944929,1200,21,0.08967,23,0.054993,307,47,4270,2391,6000,,1200,,,,constant_speed,transition,0,no_load,cw,C4: 1200 rpm,servo-app/lab-0.1
1781172485.3760898,58.38062834739685,C4_SPEED_1200,C4_SPEED_1200_R02_20260611_170706,delta-asda-b3-e,1591,RTSO|SO|OE|VE|QS|TR,3,0,684367393,1200,20,0.0854,18,0.043038,307,47,4270,2391,6000,,1200,,,,constant_speed,transition,0,no_load,cw,C4: 1200 rpm,servo-app/lab-0.1
1781172485.4763732,58.48091173171997,C4_SPEED_1200,C4_SPEED_1200_R02_20260611_170706,delta-asda-b3-e,1591,RTSO|SO|OE|VE|QS|TR,3,0,687689362,1200,20,0.0854,24,0.057384,307,47,4270,2391,6000,,1200,,,,constant_speed,transition,0,no_load,cw,C4: 1200 rpm,servo-app/lab-0.1
1781172485.5767047,58.58124327659607,C4_SPEED_1200,C4_SPEED_1200_R02_20260611_170706,delta-asda-b3-e,1591,RTSO|SO|OE|VE|QS|TR,3,0,691145140,1199,20,0.0854,19,0.045429,307,47,4270,2391,6000,,1200,,,,constant_speed,transition,0,no_load,cw,C4: 1200 rpm,servo-app/lab-0.1
1781172485.6769848,58.68152332305908,C4_SPEED_1200,C4_SPEED_1200_R02_20260611_170706,delta-asda-b3-e,1591,RTSO|SO|OE|VE|QS|TR,3,0,694467210,1200,22,0.09394,19,0.045429,307,47,4270,2391,6000,,1200,,,,constant_speed,transition,0,no_load,cw,C4: 1200 rpm,servo-app/lab-0.1
1781172485.7774367,58.78197526931763,C4_SPEED_1200,C4_SPEED_1200_R02_20260611_170706,delta-asda-b3-e,1591,RTSO|SO|OE|VE|QS|TR,3,0,697822402,1200,20,0.0854,19,0.045429,307,47,4270,2391,6000,,1200,,,,constant_speed,transition,0,no_load,cw,C4: 1200 rpm,servo-app/lab-0.1
1781172485.877995,58.88253355026245,C4_SPEED_1200,C4_SPEED_1200_R02_20260611_170706,delta-asda-b3-e,1591,RTSO|SO|OE|VE|QS|TR,3,0,701177863,1200,22,0.09394,19,0.045429,307,47,4270,2391,6000,,1200,,,,constant_speed,transition,0,no_load,cw,C4: 1200 rpm,servo-app/lab-0.1
1781172485.9782858,58.98282432556152,C4_SPEED_1200,C4_SPEED_1200_R02_20260611_170706,delta-asda-b3-e,1591,RTSO|SO|OE|VE|QS|TR,3,0,704566821,1200,20,0.0854,20,0.04782,307,47,4270,2391,6000,,1200,,,,constant_speed,transition,0,no_load,cw,C4: 1200 rpm,servo-app/lab-0.1
1781172486.0793598,59.083898305892944,C4_SPEED_1200,C4_SPEED_1200_R02_20260611_170706,delta-asda-b3-e,1591,RTSO|SO|OE|VE|QS|TR,3,0,707989042,1199,22,0.09394,19,0.045429,307,47,4270,2391,6000,,1200,,,,constant_speed,transition,0,no_load,cw,C4: 1200 rpm,servo-app/lab-0.1
1781172486.179845,59.18438363075256,C4_SPEED_1200,C4_SPEED_1200_R02_20260611_170706,delta-asda-b3-e,1591,RTSO|SO|OE|VE|QS|TR,3,0,711344534,1199,22,0.09394,20,0.04782,307,47,4270,2391,6000,,1200,,,,constant_speed,transition,0,no_load,cw,C4: 1200 rpm,servo-app/lab-0.1
1781172486.2802289,59.284767389297485,C4_SPEED_1200,C4_SPEED_1200_R02_20260611_170706,delta-asda-b3-e,1591,RTSO|SO|OE|VE|QS|TR,3,0,714699587,1199,24,0.10248,23,0.054993,307,47,4270,2391,6000,,1200,,,,constant_speed,transition,0,no_load,cw,C4: 1200 rpm,servo-app/lab-0.1
1781172486.380395,59.38493347167969,C4_SPEED_1200,C4_SPEED_1200_R02_20260611_170706,delta-asda-b3-e,1591,RTSO|SO|OE|VE|QS|TR,3,0,718088674,1199,25,0.10675,24,0.057384,307,47,4270,2391,6000,,1200,,,,constant_speed,transition,0,no_load,cw,C4: 1200 rpm,servo-app/lab-0.1
1781172486.4808784,59.485416889190674,C4_SPEED_1200,C4_SPEED_1200_R02_20260611_170706,delta-asda-b3-e,1591,RTSO|SO|OE|VE|QS|TR,3,0,721377101,1199,21,0.08967,21,0.050211,307,47,4270,2391,6000,,1200,,,,constant_speed,transition,0,no_load,cw,C4: 1200 rpm,servo-app/lab-0.1
1781172486.5810854,59.58562397956848,C4_SPEED_1200,C4_SPEED_1200_R02_20260611_170706,delta-asda-b3-e,1591,RTSO|SO|OE|VE|QS|TR,3,0,724765913,1199,21,0.08967,19,0.045429,307,47,4270,2391,6000,,1200,,,,constant_speed,transition,0,no_load,cw,C4: 1200 rpm,servo-app/lab-0.1
1781172486.6817868,59.68632531166077,C4_SPEED_1200,C4_SPEED_1200_R02_20260611_170706,delta-asda-b3-e,1591,RTSO|SO|OE|VE|QS|TR,3,0,728188369,1199,24,0.10248,22,0.052602,307,47,4270,2391,6000,,1200,,,,constant_speed,transition,0,no_load,cw,C4: 1200 rpm,servo-app/lab-0.1
1781172486.782074,59.78661251068115,C4_SPEED_1200,C4_SPEED_1200_R02_20260611_170706,delta-asda-b3-e,1591,RTSO|SO|OE|VE|QS|TR,3,0,731543491,1199,23,0.09821,23,0.054993,307,47,4270,2391,6000,,1200,,,,constant_speed,transition,0,no_load,cw,C4: 1200 rpm,servo-app/lab-0.1
1781172486.882304,59.886842489242554,C4_SPEED_1200,C4_SPEED_1200_R02_20260611_170706,delta-asda-b3-e,1591,RTSO|SO|OE|VE|QS|TR,3,0,734932669,1199,23,0.09821,23,0.054993,307,47,4270,2391,6000,,1200,,,,constant_speed,transition,0,no_load,cw,C4: 1200 rpm,servo-app/lab-0.1
1781172486.9828002,59.98733878135681,C4_SPEED_1200,C4_SPEED_1200_R02_20260611_170706,delta-asda-b3-e,567,RTSO|SO|OE|VE|QS,3,0,738043714,716,4,0.01708,4,0.009564,307,47,4270,2391,6000,,1200,,,,constant_speed,transition,0,no_load,cw,C4: 1200 rpm,servo-app/lab-0.1
