ts,t,experiment_id,session_id,device_id,statusword,statusword_flags,mode_display,error_code,position,velocity,current,current_A,torque,torque_Nm,dc_bus_voltage,drive_temp,rated_current,rated_torque,max_motor_speed,target_position,target_velocity,target_torque,acceleration_cmd,deceleration_cmd,regime_label,risk_label,is_artificial_anomaly,load_type,direction,operator_comment,software_version
1781163163.251475,0.0,B5_CYCLIC,B5_CYCLIC_R01_20260611_143242,delta-asda-b3-e,1591,RTSO|SO|OE|VE|QS|TR,3,0,5758596,599,18,0.07686,18,0.043038,301,49,4270,2391,6000,,600,,,,cyclic,transition,0,no_load,both,B5: cyclic back-and-forth,servo-app/lab-0.1
1781163163.3521063,0.1006312370300293,B5_CYCLIC,B5_CYCLIC_R01_20260611_143242,delta-asda-b3-e,1591,RTSO|SO|OE|VE|QS|TR,3,0,7452399,599,17,0.07259,24,0.057384,301,49,4270,2391,6000,,600,,,,cyclic,transition,0,no_load,both,B5: cyclic back-and-forth,servo-app/lab-0.1
1781163163.453156,0.20168089866638184,B5_CYCLIC,B5_CYCLIC_R01_20260611_143242,delta-asda-b3-e,1591,RTSO|SO|OE|VE|QS|TR,3,0,9147187,600,16,0.06832,18,0.043038,301,49,4270,2391,6000,,600,,,,cyclic,transition,0,no_load,both,B5: cyclic back-and-forth,servo-app/lab-0.1
1781163163.553761,0.30228590965270996,B5_CYCLIC,B5_CYCLIC_R01_20260611_143242,delta-asda-b3-e,1591,RTSO|SO|OE|VE|QS|TR,3,0,10824687,599,20,0.0854,20,0.04782,301,49,4270,2391,6000,,600,,,,cyclic,transition,0,no_load,both,B5: cyclic back-and-forth,servo-app/lab-0.1
1781163163.6538293,0.40235424041748047,B5_CYCLIC,B5_CYCLIC_R01_20260611_143242,delta-asda-b3-e,1591,RTSO|SO|OE|VE|QS|TR,3,0,12502427,600,18,0.07686,18,0.043038,301,49,4270,2391,6000,,600,,,,cyclic,transition,0,no_load,both,B5: cyclic back-and-forth,servo-app/lab-0.1
1781163163.754453,0.5029778480529785,B5_CYCLIC,B5_CYCLIC_R01_20260611_143242,delta-asda-b3-e,1591,RTSO|SO|OE|VE|QS|TR,3,0,14196589,599,18,0.07686,22,0.052602,301,49,4270,2391,6000,,600,,,,cyclic,transition,0,no_load,both,B5: cyclic back-and-forth,servo-app/lab-0.1
1781163163.8545597,0.6030845642089844,B5_CYCLIC,B5_CYCLIC_R01_20260611_143242,delta-asda-b3-e,1591,RTSO|SO|OE|VE|QS|TR,3,0,15874446,600,17,0.07259,17,0.040647,302,49,4270,2391,6000,,600,,,,cyclic,transition,0,no_load,both,B5: cyclic back-and-forth,servo-app/lab-0.1
1781163163.9551964,0.703721284866333,B5_CYCLIC,B5_CYCLIC_R01_20260611_143242,delta-asda-b3-e,1591,RTSO|SO|OE|VE|QS|TR,3,0,17568978,600,17,0.07259,16,0.038256,301,49,4270,2391,6000,,600,,,,cyclic,transition,0,no_load,both,B5: cyclic back-and-forth,servo-app/lab-0.1
1781163164.0556695,0.804194450378418,B5_CYCLIC,B5_CYCLIC_R01_20260611_143242,delta-asda-b3-e,1591,RTSO|SO|OE|VE|QS|TR,3,0,19263561,600,19,0.08113,20,0.04782,301,49,4270,2391,6000,,600,,,,cyclic,transition,0,no_load,both,B5: cyclic back-and-forth,servo-app/lab-0.1
1781163164.1559777,0.9045026302337646,B5_CYCLIC,B5_CYCLIC_R01_20260611_143242,delta-asda-b3-e,1591,RTSO|SO|OE|VE|QS|TR,3,0,20940935,599,18,0.07686,18,0.043038,301,49,4270,2391,6000,,600,,,,cyclic,transition,0,no_load,both,B5: cyclic back-and-forth,servo-app/lab-0.1
1781163164.256565,1.0050899982452393,B5_CYCLIC,B5_CYCLIC_R01_20260611_143242,delta-asda-b3-e,1591,RTSO|SO|OE|VE|QS|TR,3,0,22618734,600,17,0.07259,18,0.043038,301,49,4270,2391,6000,,600,,,,cyclic,transition,0,no_load,both,B5: cyclic back-and-forth,servo-app/lab-0.1
1781163164.3571136,1.1056385040283203,B5_CYCLIC,B5_CYCLIC_R01_20260611_143242,delta-asda-b3-e,1591,RTSO|SO|OE|VE|QS|TR,3,0,24312785,600,16,0.06832,16,0.038256,301,49,4270,2391,6000,,600,,,,cyclic,transition,0,no_load,both,B5: cyclic back-and-forth,servo-app/lab-0.1
1781163164.4580176,1.2065424919128418,B5_CYCLIC,B5_CYCLIC_R01_20260611_143242,delta-asda-b3-e,1591,RTSO|SO|OE|VE|QS|TR,3,0,26007762,600,17,0.07259,17,0.040647,301,49,4270,2391,6000,,600,,,,cyclic,transition,0,no_load,both,B5: cyclic back-and-forth,servo-app/lab-0.1
1781163164.558584,1.3071088790893555,B5_CYCLIC,B5_CYCLIC_R01_20260611_143242,delta-asda-b3-e,1591,RTSO|SO|OE|VE|QS|TR,3,0,27685096,600,18,0.07686,18,0.043038,301,49,4270,2391,6000,,600,,,,cyclic,transition,0,no_load,both,B5: cyclic back-and-forth,servo-app/lab-0.1
1781163164.6586986,1.4072234630584717,B5_CYCLIC,B5_CYCLIC_R01_20260611_143242,delta-asda-b3-e,1591,RTSO|SO|OE|VE|QS|TR,3,0,29362958,600,20,0.0854,18,0.043038,301,49,4270,2391,6000,,600,,,,cyclic,transition,0,no_load,both,B5: cyclic back-and-forth,servo-app/lab-0.1
1781163164.7591555,1.5076804161071777,B5_CYCLIC,B5_CYCLIC_R01_20260611_143242,delta-asda-b3-e,1591,RTSO|SO|OE|VE|QS|TR,3,0,31057046,600,20,0.0854,18,0.043038,301,49,4270,2391,6000,,600,,,,cyclic,transition,0,no_load,both,B5: cyclic back-and-forth,servo-app/lab-0.1
1781163164.8595757,1.6081006526947021,B5_CYCLIC,B5_CYCLIC_R01_20260611_143242,delta-asda-b3-e,1591,RTSO|SO|OE|VE|QS|TR,3,0,32751861,601,18,0.07686,18,0.043038,301,49,4270,2391,6000,,600,,,,cyclic,transition,0,no_load,both,B5: cyclic back-and-forth,servo-app/lab-0.1
1781163164.959951,1.7084758281707764,B5_CYCLIC,B5_CYCLIC_R01_20260611_143242,delta-asda-b3-e,1591,RTSO|SO|OE|VE|QS|TR,3,0,34412747,600,18,0.07686,17,0.040647,301,49,4270,2391,6000,,600,,,,cyclic,transition,0,no_load,both,B5: cyclic back-and-forth,servo-app/lab-0.1
1781163165.0600579,1.8085827827453613,B5_CYCLIC,B5_CYCLIC_R01_20260611_143242,delta-asda-b3-e,1591,RTSO|SO|OE|VE|QS|TR,3,0,36107345,600,18,0.07686,19,0.045429,300,49,4270,2391,6000,,600,,,,cyclic,transition,0,no_load,both,B5: cyclic back-and-forth,servo-app/lab-0.1
1781163165.160584,1.9091088771820068,B5_CYCLIC,B5_CYCLIC_R01_20260611_143242,delta-asda-b3-e,1591,RTSO|SO|OE|VE|QS|TR,3,0,37784709,600,19,0.08113,17,0.040647,301,49,4270,2391,6000,,600,,,,cyclic,transition,0,no_load,both,B5: cyclic back-and-forth,servo-app/lab-0.1
1781163165.2610397,2.0095646381378174,B5_CYCLIC,B5_CYCLIC_R01_20260611_143242,delta-asda-b3-e,1591,RTSO|SO|OE|VE|QS|TR,3,0,39479305,600,20,0.0854,19,0.045429,301,49,4270,2391,6000,,600,,,,cyclic,transition,0,no_load,both,B5: cyclic back-and-forth,servo-app/lab-0.1
1781163165.3612964,2.109821319580078,B5_CYCLIC,B5_CYCLIC_R01_20260611_143242,delta-asda-b3-e,1591,RTSO|SO|OE|VE|QS|TR,3,0,41156682,600,17,0.07259,19,0.045429,301,49,4270,2391,6000,,600,,,,cyclic,transition,0,no_load,both,B5: cyclic back-and-forth,servo-app/lab-0.1
1781163165.4619055,2.210430383682251,B5_CYCLIC,B5_CYCLIC_R01_20260611_143242,delta-asda-b3-e,1591,RTSO|SO|OE|VE|QS|TR,3,0,42851709,601,18,0.07686,19,0.045429,300,49,4270,2391,6000,,600,,,,cyclic,transition,0,no_load,both,B5: cyclic back-and-forth,servo-app/lab-0.1
1781163165.5620027,2.3105275630950928,B5_CYCLIC,B5_CYCLIC_R01_20260611_143242,delta-asda-b3-e,1591,RTSO|SO|OE|VE|QS|TR,3,0,44512114,600,19,0.08113,17,0.040647,301,49,4270,2391,6000,,600,,,,cyclic,transition,0,no_load,both,B5: cyclic back-and-forth,servo-app/lab-0.1
1781163165.6623917,2.410916566848755,B5_CYCLIC,B5_CYCLIC_R01_20260611_143242,delta-asda-b3-e,1591,RTSO|SO|OE|VE|QS|TR,3,0,46206886,601,19,0.08113,17,0.040647,301,49,4270,2391,6000,,600,,,,cyclic,transition,0,no_load,both,B5: cyclic back-and-forth,servo-app/lab-0.1
1781163165.763201,2.511725902557373,B5_CYCLIC,B5_CYCLIC_R01_20260611_143242,delta-asda-b3-e,1591,RTSO|SO|OE|VE|QS|TR,3,0,47900937,600,19,0.08113,18,0.043038,301,49,4270,2391,6000,,600,,,,cyclic,transition,0,no_load,both,B5: cyclic back-and-forth,servo-app/lab-0.1
1781163165.8672292,2.6157541275024414,B5_CYCLIC,B5_CYCLIC_R01_20260611_143242,delta-asda-b3-e,1591,RTSO|SO|OE|VE|QS|TR,3,0,49629525,601,17,0.07259,18,0.043038,301,49,4270,2391,6000,,600,,,,cyclic,transition,0,no_load,both,B5: cyclic back-and-forth,servo-app/lab-0.1
1781163165.9674938,2.7160186767578125,B5_CYCLIC,B5_CYCLIC_R01_20260611_143242,delta-asda-b3-e,1591,RTSO|SO|OE|VE|QS|TR,3,0,51340459,600,23,0.09821,21,0.050211,301,49,4270,2391,6000,,600,,,,cyclic,transition,0,no_load,both,B5: cyclic back-and-forth,servo-app/lab-0.1
1781163166.0680742,2.816599130630493,B5_CYCLIC,B5_CYCLIC_R01_20260611_143242,delta-asda-b3-e,1591,RTSO|SO|OE|VE|QS|TR,3,0,53018292,600,19,0.08113,18,0.043038,301,49,4270,2391,6000,,600,,,,cyclic,transition,0,no_load,both,B5: cyclic back-and-forth,servo-app/lab-0.1
1781163166.1690454,2.9175703525543213,B5_CYCLIC,B5_CYCLIC_R01_20260611_143242,delta-asda-b3-e,1591,RTSO|SO|OE|VE|QS|TR,3,0,54712359,600,18,0.07686,20,0.04782,301,49,4270,2391,6000,,600,,,,cyclic,transition,0,no_load,both,B5: cyclic back-and-forth,servo-app/lab-0.1
1781163166.2695022,3.0180270671844482,B5_CYCLIC,B5_CYCLIC_R01_20260611_143242,delta-asda-b3-e,1591,RTSO|SO|OE|VE|QS|TR,3,0,56390164,600,22,0.09394,21,0.050211,300,49,4270,2391,6000,,600,,,,cyclic,transition,0,no_load,both,B5: cyclic back-and-forth,servo-app/lab-0.1
1781163166.369778,3.118302822113037,B5_CYCLIC,B5_CYCLIC_R01_20260611_143242,delta-asda-b3-e,1591,RTSO|SO|OE|VE|QS|TR,3,0,58067681,600,25,0.10675,19,0.045429,301,49,4270,2391,6000,,600,,,,cyclic,transition,0,no_load,both,B5: cyclic back-and-forth,servo-app/lab-0.1
1781163166.4711692,3.219694137573242,B5_CYCLIC,B5_CYCLIC_R01_20260611_143242,delta-asda-b3-e,1591,RTSO|SO|OE|VE|QS|TR,3,0,59779139,599,20,0.0854,21,0.050211,301,49,4270,2391,6000,,600,,,,cyclic,transition,0,no_load,both,B5: cyclic back-and-forth,servo-app/lab-0.1
1781163166.5717988,3.3203237056732178,B5_CYCLIC,B5_CYCLIC_R01_20260611_143242,delta-asda-b3-e,1591,RTSO|SO|OE|VE|QS|TR,3,0,61473154,599,23,0.09821,23,0.054993,300,49,4270,2391,6000,,600,,,,cyclic,transition,0,no_load,both,B5: cyclic back-and-forth,servo-app/lab-0.1
1781163166.672402,3.420926809310913,B5_CYCLIC,B5_CYCLIC_R01_20260611_143242,delta-asda-b3-e,1591,RTSO|SO|OE|VE|QS|TR,3,0,63151075,599,21,0.08967,24,0.057384,301,49,4270,2391,6000,,600,,,,cyclic,transition,0,no_load,both,B5: cyclic back-and-forth,servo-app/lab-0.1
1781163166.7729843,3.5215091705322266,B5_CYCLIC,B5_CYCLIC_R01_20260611_143242,delta-asda-b3-e,1591,RTSO|SO|OE|VE|QS|TR,3,0,64845112,599,23,0.09821,21,0.050211,301,49,4270,2391,6000,,600,,,,cyclic,transition,0,no_load,both,B5: cyclic back-and-forth,servo-app/lab-0.1
1781163166.8734503,3.6219751834869385,B5_CYCLIC,B5_CYCLIC_R01_20260611_143242,delta-asda-b3-e,1591,RTSO|SO|OE|VE|QS|TR,3,0,66523466,600,16,0.06832,18,0.043038,301,49,4270,2391,6000,,600,,,,cyclic,transition,0,no_load,both,B5: cyclic back-and-forth,servo-app/lab-0.1
1781163166.9738047,3.722329616546631,B5_CYCLIC,B5_CYCLIC_R01_20260611_143242,delta-asda-b3-e,1591,RTSO|SO|OE|VE|QS|TR,3,0,68200741,599,21,0.08967,23,0.054993,301,49,4270,2391,6000,,600,,,,cyclic,transition,0,no_load,both,B5: cyclic back-and-forth,servo-app/lab-0.1
1781163167.0742207,3.8227455615997314,B5_CYCLIC,B5_CYCLIC_R01_20260611_143242,delta-asda-b3-e,1591,RTSO|SO|OE|VE|QS|TR,3,0,69895381,599,18,0.07686,17,0.040647,301,49,4270,2391,6000,,600,,,,cyclic,transition,0,no_load,both,B5: cyclic back-and-forth,servo-app/lab-0.1
1781163167.1743119,3.9228367805480957,B5_CYCLIC,B5_CYCLIC_R01_20260611_143242,delta-asda-b3-e,1591,RTSO|SO|OE|VE|QS|TR,3,0,71656049,598,23,0.09821,22,0.052602,301,49,4270,2391,6000,,600,,,,cyclic,transition,0,no_load,both,B5: cyclic back-and-forth,servo-app/lab-0.1
1781163167.2744074,4.022932291030884,B5_CYCLIC,B5_CYCLIC_R01_20260611_143242,delta-asda-b3-e,1591,RTSO|SO|OE|VE|QS|TR,3,0,73250539,599,19,0.08113,21,0.050211,301,49,4270,2391,6000,,600,,,,cyclic,transition,0,no_load,both,B5: cyclic back-and-forth,servo-app/lab-0.1
1781163167.3747916,4.123316526412964,B5_CYCLIC,B5_CYCLIC_R01_20260611_143242,delta-asda-b3-e,1591,RTSO|SO|OE|VE|QS|TR,3,0,74928064,599,23,0.09821,23,0.054993,301,49,4270,2391,6000,,600,,,,cyclic,transition,0,no_load,both,B5: cyclic back-and-forth,servo-app/lab-0.1
1781163167.4754999,4.224024772644043,B5_CYCLIC,B5_CYCLIC_R01_20260611_143242,delta-asda-b3-e,1591,RTSO|SO|OE|VE|QS|TR,3,0,76605932,599,19,0.08113,18,0.043038,301,49,4270,2391,6000,,600,,,,cyclic,transition,0,no_load,both,B5: cyclic back-and-forth,servo-app/lab-0.1
1781163167.5759234,4.324448347091675,B5_CYCLIC,B5_CYCLIC_R01_20260611_143242,delta-asda-b3-e,1591,RTSO|SO|OE|VE|QS|TR,3,0,78299891,599,26,0.11102,22,0.052602,300,49,4270,2391,6000,,600,,,,cyclic,transition,0,no_load,both,B5: cyclic back-and-forth,servo-app/lab-0.1
1781163167.6766791,4.425204038619995,B5_CYCLIC,B5_CYCLIC_R01_20260611_143242,delta-asda-b3-e,1591,RTSO|SO|OE|VE|QS|TR,3,0,79994571,599,20,0.0854,23,0.054993,300,49,4270,2391,6000,,600,,,,cyclic,transition,0,no_load,both,B5: cyclic back-and-forth,servo-app/lab-0.1
1781163167.7773092,4.525834083557129,B5_CYCLIC,B5_CYCLIC_R01_20260611_143242,delta-asda-b3-e,1591,RTSO|SO|OE|VE|QS|TR,3,0,81688618,599,21,0.08967,22,0.052602,301,49,4270,2391,6000,,600,,,,cyclic,transition,0,no_load,both,B5: cyclic back-and-forth,servo-app/lab-0.1
1781163167.877602,4.626127004623413,B5_CYCLIC,B5_CYCLIC_R01_20260611_143242,delta-asda-b3-e,1591,RTSO|SO|OE|VE|QS|TR,3,0,83366964,599,17,0.07259,18,0.043038,301,49,4270,2391,6000,,600,,,,cyclic,transition,0,no_load,both,B5: cyclic back-and-forth,servo-app/lab-0.1
1781163167.977704,4.726228952407837,B5_CYCLIC,B5_CYCLIC_R01_20260611_143242,delta-asda-b3-e,1591,RTSO|SO|OE|VE|QS|TR,3,0,85044154,598,23,0.09821,25,0.059775,301,49,4270,2391,6000,,600,,,,cyclic,transition,0,no_load,both,B5: cyclic back-and-forth,servo-app/lab-0.1
1781163168.07787,4.82639479637146,B5_CYCLIC,B5_CYCLIC_R01_20260611_143242,delta-asda-b3-e,1591,RTSO|SO|OE|VE|QS|TR,3,0,86722175,599,18,0.07686,19,0.045429,301,49,4270,2391,6000,,600,,,,cyclic,transition,0,no_load,both,B5: cyclic back-and-forth,servo-app/lab-0.1
1781163168.1781104,4.926635265350342,B5_CYCLIC,B5_CYCLIC_R01_20260611_143242,delta-asda-b3-e,1591,RTSO|SO|OE|VE|QS|TR,3,0,88416038,598,20,0.0854,23,0.054993,301,49,4270,2391,6000,,600,,,,cyclic,transition,0,no_load,both,B5: cyclic back-and-forth,servo-app/lab-0.1
1781163168.2781765,5.0267014503479,B5_CYCLIC,B5_CYCLIC_R01_20260611_143242,delta-asda-b3-e,1591,RTSO|SO|OE|VE|QS|TR,3,0,90094077,599,17,0.07259,17,0.040647,301,49,4270,2391,6000,,600,,,,cyclic,transition,0,no_load,both,B5: cyclic back-and-forth,servo-app/lab-0.1
1781163168.3785655,5.1270904541015625,B5_CYCLIC,B5_CYCLIC_R01_20260611_143242,delta-asda-b3-e,1591,RTSO|SO|OE|VE|QS|TR,3,0,91771516,599,22,0.09394,23,0.054993,301,49,4270,2391,6000,,600,,,,cyclic,transition,0,no_load,both,B5: cyclic back-and-forth,servo-app/lab-0.1
1781163168.4788392,5.2273640632629395,B5_CYCLIC,B5_CYCLIC_R01_20260611_143242,delta-asda-b3-e,1591,RTSO|SO|OE|VE|QS|TR,3,0,93449345,598,20,0.0854,19,0.045429,301,49,4270,2391,6000,,600,,,,cyclic,transition,0,no_load,both,B5: cyclic back-and-forth,servo-app/lab-0.1
1781163168.5792267,5.327751636505127,B5_CYCLIC,B5_CYCLIC_R01_20260611_143242,delta-asda-b3-e,1591,RTSO|SO|OE|VE|QS|TR,3,0,95143307,598,22,0.09394,24,0.057384,301,49,4270,2391,6000,,600,,,,cyclic,transition,0,no_load,both,B5: cyclic back-and-forth,servo-app/lab-0.1
1781163168.679663,5.428187847137451,B5_CYCLIC,B5_CYCLIC_R01_20260611_143242,delta-asda-b3-e,1591,RTSO|SO|OE|VE|QS|TR,3,0,96821226,598,22,0.09394,20,0.04782,301,49,4270,2391,6000,,600,,,,cyclic,transition,0,no_load,both,B5: cyclic back-and-forth,servo-app/lab-0.1
1781163168.7804177,5.528942584991455,B5_CYCLIC,B5_CYCLIC_R01_20260611_143242,delta-asda-b3-e,1591,RTSO|SO|OE|VE|QS|TR,3,0,98515311,599,22,0.09394,21,0.050211,301,49,4270,2391,6000,,600,,,,cyclic,transition,0,no_load,both,B5: cyclic back-and-forth,servo-app/lab-0.1
1781163168.8809786,5.629503488540649,B5_CYCLIC,B5_CYCLIC_R01_20260611_143242,delta-asda-b3-e,1591,RTSO|SO|OE|VE|QS|TR,3,0,100193673,599,18,0.07686,19,0.045429,301,49,4270,2391,6000,,600,,,,cyclic,transition,0,no_load,both,B5: cyclic back-and-forth,servo-app/lab-0.1
1781163168.9814985,5.730023384094238,B5_CYCLIC,B5_CYCLIC_R01_20260611_143242,delta-asda-b3-e,1591,RTSO|SO|OE|VE|QS|TR,3,0,101904225,598,24,0.10248,27,0.064557,301,49,4270,2391,6000,,600,,,,cyclic,transition,0,no_load,both,B5: cyclic back-and-forth,servo-app/lab-0.1
1781163169.0821776,5.830702543258667,B5_CYCLIC,B5_CYCLIC_R01_20260611_143242,delta-asda-b3-e,1591,RTSO|SO|OE|VE|QS|TR,3,0,103582337,599,20,0.0854,19,0.045429,301,49,4270,2391,6000,,600,,,,cyclic,transition,0,no_load,both,B5: cyclic back-and-forth,servo-app/lab-0.1
1781163169.1828535,5.931378364562988,B5_CYCLIC,B5_CYCLIC_R01_20260611_143242,delta-asda-b3-e,1591,RTSO|SO|OE|VE|QS|TR,3,0,105259396,598,25,0.10675,23,0.054993,301,49,4270,2391,6000,,600,,,,cyclic,transition,0,no_load,both,B5: cyclic back-and-forth,servo-app/lab-0.1
1781163169.2830164,6.031541347503662,B5_CYCLIC,B5_CYCLIC_R01_20260611_143242,delta-asda-b3-e,1591,RTSO|SO|OE|VE|QS|TR,3,0,106937674,599,15,0.06405,18,0.043038,301,49,4270,2391,6000,,600,,,,cyclic,transition,0,no_load,both,B5: cyclic back-and-forth,servo-app/lab-0.1
1781163169.383467,6.131991863250732,B5_CYCLIC,B5_CYCLIC_R01_20260611_143242,delta-asda-b3-e,1591,RTSO|SO|OE|VE|QS|TR,3,0,108631685,599,19,0.08113,20,0.04782,301,49,4270,2391,6000,,600,,,,cyclic,transition,0,no_load,both,B5: cyclic back-and-forth,servo-app/lab-0.1
1781163169.4840667,6.23259162902832,B5_CYCLIC,B5_CYCLIC_R01_20260611_143242,delta-asda-b3-e,1591,RTSO|SO|OE|VE|QS|TR,3,0,110326268,598,19,0.08113,25,0.059775,301,49,4270,2391,6000,,600,,,,cyclic,transition,0,no_load,both,B5: cyclic back-and-forth,servo-app/lab-0.1
1781163169.584267,6.332791805267334,B5_CYCLIC,B5_CYCLIC_R01_20260611_143242,delta-asda-b3-e,1591,RTSO|SO|OE|VE|QS|TR,3,0,112003516,598,22,0.09394,21,0.050211,301,49,4270,2391,6000,,600,,,,cyclic,transition,0,no_load,both,B5: cyclic back-and-forth,servo-app/lab-0.1
1781163169.685251,6.433775901794434,B5_CYCLIC,B5_CYCLIC_R01_20260611_143242,delta-asda-b3-e,1591,RTSO|SO|OE|VE|QS|TR,3,0,113698143,598,17,0.07259,18,0.043038,301,49,4270,2391,6000,,600,,,,cyclic,transition,0,no_load,both,B5: cyclic back-and-forth,servo-app/lab-0.1
1781163169.7856019,6.5341267585754395,B5_CYCLIC,B5_CYCLIC_R01_20260611_143242,delta-asda-b3-e,1591,RTSO|SO|OE|VE|QS|TR,3,0,115375753,599,18,0.07686,19,0.045429,301,49,4270,2391,6000,,600,,,,cyclic,transition,0,no_load,both,B5: cyclic back-and-forth,servo-app/lab-0.1
1781163169.8857825,6.634307384490967,B5_CYCLIC,B5_CYCLIC_R01_20260611_143242,delta-asda-b3-e,1591,RTSO|SO|OE|VE|QS|TR,3,0,117053979,599,18,0.07686,21,0.050211,301,49,4270,2391,6000,,600,,,,cyclic,transition,0,no_load,both,B5: cyclic back-and-forth,servo-app/lab-0.1
1781163169.9860058,6.734530687332153,B5_CYCLIC,B5_CYCLIC_R01_20260611_143242,delta-asda-b3-e,1591,RTSO|SO|OE|VE|QS|TR,3,0,118731108,598,20,0.0854,22,0.052602,301,49,4270,2391,6000,,600,,,,cyclic,transition,0,no_load,both,B5: cyclic back-and-forth,servo-app/lab-0.1
1781163170.086866,6.83539080619812,B5_CYCLIC,B5_CYCLIC_R01_20260611_143242,delta-asda-b3-e,1591,RTSO|SO|OE|VE|QS|TR,3,0,120425912,599,18,0.07686,22,0.052602,301,49,4270,2391,6000,,600,,,,cyclic,transition,0,no_load,both,B5: cyclic back-and-forth,servo-app/lab-0.1
1781163170.18742,6.9359447956085205,B5_CYCLIC,B5_CYCLIC_R01_20260611_143242,delta-asda-b3-e,1591,RTSO|SO|OE|VE|QS|TR,3,0,122119768,598,21,0.08967,21,0.050211,301,49,4270,2391,6000,,600,,,,cyclic,transition,0,no_load,both,B5: cyclic back-and-forth,servo-app/lab-0.1
1781163170.2876582,7.03618311882019,B5_CYCLIC,B5_CYCLIC_R01_20260611_143242,delta-asda-b3-e,1591,RTSO|SO|OE|VE|QS|TR,3,0,123798091,599,16,0.06832,16,0.038256,301,49,4270,2391,6000,,600,,,,cyclic,transition,0,no_load,both,B5: cyclic back-and-forth,servo-app/lab-0.1
1781163170.387938,7.136462926864624,B5_CYCLIC,B5_CYCLIC_R01_20260611_143242,delta-asda-b3-e,1591,RTSO|SO|OE|VE|QS|TR,3,0,125475249,599,18,0.07686,20,0.04782,301,49,4270,2391,6000,,600,,,,cyclic,transition,0,no_load,both,B5: cyclic back-and-forth,servo-app/lab-0.1
1781163170.488152,7.236676931381226,B5_CYCLIC,B5_CYCLIC_R01_20260611_143242,delta-asda-b3-e,1591,RTSO|SO|OE|VE|QS|TR,3,0,127169910,599,15,0.06405,17,0.040647,301,49,4270,2391,6000,,600,,,,cyclic,transition,0,no_load,both,B5: cyclic back-and-forth,servo-app/lab-0.1
1781163170.588283,7.3368079662323,B5_CYCLIC,B5_CYCLIC_R01_20260611_143242,delta-asda-b3-e,1591,RTSO|SO|OE|VE|QS|TR,3,0,128847069,599,21,0.08967,21,0.050211,301,49,4270,2391,6000,,600,,,,cyclic,transition,0,no_load,both,B5: cyclic back-and-forth,servo-app/lab-0.1
1781163170.6888485,7.437373399734497,B5_CYCLIC,B5_CYCLIC_R01_20260611_143242,delta-asda-b3-e,1591,RTSO|SO|OE|VE|QS|TR,3,0,130525077,599,16,0.06832,17,0.040647,301,49,4270,2391,6000,,600,,,,cyclic,transition,0,no_load,both,B5: cyclic back-and-forth,servo-app/lab-0.1
1781163170.789545,7.5380699634552,B5_CYCLIC,B5_CYCLIC_R01_20260611_143242,delta-asda-b3-e,1591,RTSO|SO|OE|VE|QS|TR,3,0,132202695,599,19,0.08113,19,0.045429,301,49,4270,2391,6000,,600,,,,cyclic,transition,0,no_load,both,B5: cyclic back-and-forth,servo-app/lab-0.1
1781163170.8900616,7.638586521148682,B5_CYCLIC,B5_CYCLIC_R01_20260611_143242,delta-asda-b3-e,1591,RTSO|SO|OE|VE|QS|TR,3,0,133897571,599,25,0.10675,20,0.04782,301,49,4270,2391,6000,,600,,,,cyclic,transition,0,no_load,both,B5: cyclic back-and-forth,servo-app/lab-0.1
1781163170.9901788,7.738703727722168,B5_CYCLIC,B5_CYCLIC_R01_20260611_143242,delta-asda-b3-e,1591,RTSO|SO|OE|VE|QS|TR,3,0,135574728,599,19,0.08113,21,0.050211,301,49,4270,2391,6000,,600,,,,cyclic,transition,0,no_load,both,B5: cyclic back-and-forth,servo-app/lab-0.1
1781163171.0906358,7.839160680770874,B5_CYCLIC,B5_CYCLIC_R01_20260611_143242,delta-asda-b3-e,1591,RTSO|SO|OE|VE|QS|TR,3,0,137269552,599,15,0.06405,17,0.040647,301,49,4270,2391,6000,,600,,,,cyclic,transition,0,no_load,both,B5: cyclic back-and-forth,servo-app/lab-0.1
1781163171.191139,7.939663887023926,B5_CYCLIC,B5_CYCLIC_R01_20260611_143242,delta-asda-b3-e,1591,RTSO|SO|OE|VE|QS|TR,3,0,138963524,600,22,0.09394,16,0.038256,301,49,4270,2391,6000,,600,,,,cyclic,transition,0,no_load,both,B5: cyclic back-and-forth,servo-app/lab-0.1
1781163171.291574,8.040098905563354,B5_CYCLIC,B5_CYCLIC_R01_20260611_143242,delta-asda-b3-e,1591,RTSO|SO|OE|VE|QS|TR,3,0,140641838,600,18,0.07686,14,0.033474,301,49,4270,2391,6000,,600,,,,cyclic,transition,0,no_load,both,B5: cyclic back-and-forth,servo-app/lab-0.1
1781163171.3917022,8.14022707939148,B5_CYCLIC,B5_CYCLIC_R01_20260611_143242,delta-asda-b3-e,1591,RTSO|SO|OE|VE|QS|TR,3,0,142318917,599,20,0.0854,19,0.045429,302,49,4270,2391,6000,,600,,,,cyclic,transition,0,no_load,both,B5: cyclic back-and-forth,servo-app/lab-0.1
1781163171.492247,8.240772008895874,B5_CYCLIC,B5_CYCLIC_R01_20260611_143242,delta-asda-b3-e,1591,RTSO|SO|OE|VE|QS|TR,3,0,144013701,600,19,0.08113,15,0.035865,302,49,4270,2391,6000,,600,,,,cyclic,transition,0,no_load,both,B5: cyclic back-and-forth,servo-app/lab-0.1
1781163171.592572,8.341096878051758,B5_CYCLIC,B5_CYCLIC_R01_20260611_143242,delta-asda-b3-e,1591,RTSO|SO|OE|VE|QS|TR,3,0,145690881,600,22,0.09394,24,0.057384,301,49,4270,2391,6000,,600,,,,cyclic,transition,0,no_load,both,B5: cyclic back-and-forth,servo-app/lab-0.1
1781163171.6926606,8.441185474395752,B5_CYCLIC,B5_CYCLIC_R01_20260611_143242,delta-asda-b3-e,1591,RTSO|SO|OE|VE|QS|TR,3,0,147368949,600,15,0.06405,21,0.050211,302,49,4270,2391,6000,,600,,,,cyclic,transition,0,no_load,both,B5: cyclic back-and-forth,servo-app/lab-0.1
1781163171.7931523,8.541677236557007,B5_CYCLIC,B5_CYCLIC_R01_20260611_143242,delta-asda-b3-e,1591,RTSO|SO|OE|VE|QS|TR,3,0,149063405,600,25,0.10675,22,0.052602,302,49,4270,2391,6000,,600,,,,cyclic,transition,0,no_load,both,B5: cyclic back-and-forth,servo-app/lab-0.1
1781163171.8933976,8.64192247390747,B5_CYCLIC,B5_CYCLIC_R01_20260611_143242,delta-asda-b3-e,1591,RTSO|SO|OE|VE|QS|TR,3,0,150741367,600,23,0.09821,23,0.054993,301,49,4270,2391,6000,,600,,,,cyclic,transition,0,no_load,both,B5: cyclic back-and-forth,servo-app/lab-0.1
1781163171.9938748,8.7423996925354,B5_CYCLIC,B5_CYCLIC_R01_20260611_143242,delta-asda-b3-e,1591,RTSO|SO|OE|VE|QS|TR,3,0,152418639,600,20,0.0854,21,0.050211,301,49,4270,2391,6000,,600,,,,cyclic,transition,0,no_load,both,B5: cyclic back-and-forth,servo-app/lab-0.1
1781163172.0945697,8.84309458732605,B5_CYCLIC,B5_CYCLIC_R01_20260611_143242,delta-asda-b3-e,1591,RTSO|SO|OE|VE|QS|TR,3,0,154113370,600,17,0.07259,17,0.040647,302,49,4270,2391,6000,,600,,,,cyclic,transition,0,no_load,both,B5: cyclic back-and-forth,servo-app/lab-0.1
1781163172.1946862,8.943211078643799,B5_CYCLIC,B5_CYCLIC_R01_20260611_143242,delta-asda-b3-e,1591,RTSO|SO|OE|VE|QS|TR,3,0,155790687,600,24,0.10248,20,0.04782,302,49,4270,2391,6000,,600,,,,cyclic,transition,0,no_load,both,B5: cyclic back-and-forth,servo-app/lab-0.1
1781163172.2955236,9.044048547744751,B5_CYCLIC,B5_CYCLIC_R01_20260611_143242,delta-asda-b3-e,1591,RTSO|SO|OE|VE|QS|TR,3,0,157485677,600,22,0.09394,17,0.040647,301,49,4270,2391,6000,,600,,,,cyclic,transition,0,no_load,both,B5: cyclic back-and-forth,servo-app/lab-0.1
1781163172.3956935,9.144218444824219,B5_CYCLIC,B5_CYCLIC_R01_20260611_143242,delta-asda-b3-e,1591,RTSO|SO|OE|VE|QS|TR,3,0,159162774,600,20,0.0854,20,0.04782,301,49,4270,2391,6000,,600,,,,cyclic,transition,0,no_load,both,B5: cyclic back-and-forth,servo-app/lab-0.1
1781163172.495827,9.244351863861084,B5_CYCLIC,B5_CYCLIC_R01_20260611_143242,delta-asda-b3-e,1591,RTSO|SO|OE|VE|QS|TR,3,0,160840745,600,15,0.06405,16,0.038256,301,49,4270,2391,6000,,600,,,,cyclic,transition,0,no_load,both,B5: cyclic back-and-forth,servo-app/lab-0.1
1781163172.5961902,9.344715118408203,B5_CYCLIC,B5_CYCLIC_R01_20260611_143242,delta-asda-b3-e,1591,RTSO|SO|OE|VE|QS|TR,3,0,162534722,600,20,0.0854,22,0.052602,301,49,4270,2391,6000,,600,,,,cyclic,transition,0,no_load,both,B5: cyclic back-and-forth,servo-app/lab-0.1
1781163172.6963384,9.444863319396973,B5_CYCLIC,B5_CYCLIC_R01_20260611_143242,delta-asda-b3-e,1591,RTSO|SO|OE|VE|QS|TR,3,0,164212905,601,18,0.07686,18,0.043038,301,49,4270,2391,6000,,600,,,,cyclic,transition,0,no_load,both,B5: cyclic back-and-forth,servo-app/lab-0.1
1781163172.7964072,9.544932126998901,B5_CYCLIC,B5_CYCLIC_R01_20260611_143242,delta-asda-b3-e,1591,RTSO|SO|OE|VE|QS|TR,3,0,165890470,601,21,0.08967,20,0.04782,302,49,4270,2391,6000,,600,,,,cyclic,transition,0,no_load,both,B5: cyclic back-and-forth,servo-app/lab-0.1
1781163172.896574,9.64509892463684,B5_CYCLIC,B5_CYCLIC_R01_20260611_143242,delta-asda-b3-e,1591,RTSO|SO|OE|VE|QS|TR,3,0,167568380,600,23,0.09821,25,0.059775,301,49,4270,2391,6000,,600,,,,cyclic,transition,0,no_load,both,B5: cyclic back-and-forth,servo-app/lab-0.1
1781163172.9968503,9.745375156402588,B5_CYCLIC,B5_CYCLIC_R01_20260611_143242,delta-asda-b3-e,1591,RTSO|SO|OE|VE|QS|TR,3,0,169245712,600,20,0.0854,19,0.045429,301,49,4270,2391,6000,,600,,,,cyclic,transition,0,no_load,both,B5: cyclic back-and-forth,servo-app/lab-0.1
1781163173.0973704,9.845895290374756,B5_CYCLIC,B5_CYCLIC_R01_20260611_143242,delta-asda-b3-e,1591,RTSO|SO|OE|VE|QS|TR,3,0,170940356,600,17,0.07259,17,0.040647,301,49,4270,2391,6000,,600,,,,cyclic,transition,0,no_load,both,B5: cyclic back-and-forth,servo-app/lab-0.1
1781163173.1979568,9.946481704711914,B5_CYCLIC,B5_CYCLIC_R01_20260611_143242,delta-asda-b3-e,567,RTSO|SO|OE|VE|QS,3,0,172462281,248,-11,-0.04697,2,0.004782,301,49,4270,2391,6000,,600,,,,cyclic,transition,0,no_load,both,B5: cyclic back-and-forth,servo-app/lab-0.1
1781163173.2987173,10.047242164611816,B5_CYCLIC,B5_CYCLIC_R01_20260611_143242,delta-asda-b3-e,1591,RTSO|SO|OE|VE|QS|TR,3,0,170990406,-601,-22,-0.09394,-18,-0.043038,301,49,4270,2391,6000,,600,,,,cyclic,transition,0,no_load,both,B5: cyclic back-and-forth,servo-app/lab-0.1
1781163173.3990026,10.14752745628357,B5_CYCLIC,B5_CYCLIC_R01_20260611_143242,delta-asda-b3-e,1591,RTSO|SO|OE|VE|QS|TR,3,0,169312648,-601,-16,-0.06832,-18,-0.043038,301,49,4270,2391,6000,,600,,,,cyclic,transition,0,no_load,both,B5: cyclic back-and-forth,servo-app/lab-0.1
1781163173.4998374,10.248362302780151,B5_CYCLIC,B5_CYCLIC_R01_20260611_143242,delta-asda-b3-e,1591,RTSO|SO|OE|VE|QS|TR,3,0,167618260,-601,-16,-0.06832,-17,-0.040647,301,49,4270,2391,6000,,600,,,,cyclic,transition,0,no_load,both,B5: cyclic back-and-forth,servo-app/lab-0.1
1781163173.5999355,10.34846043586731,B5_CYCLIC,B5_CYCLIC_R01_20260611_143242,delta-asda-b3-e,1591,RTSO|SO|OE|VE|QS|TR,3,0,165940445,-601,-15,-0.06405,-16,-0.038256,301,49,4270,2391,6000,,600,,,,cyclic,transition,0,no_load,both,B5: cyclic back-and-forth,servo-app/lab-0.1
1781163173.700681,10.449205875396729,B5_CYCLIC,B5_CYCLIC_R01_20260611_143242,delta-asda-b3-e,1591,RTSO|SO|OE|VE|QS|TR,3,0,164246128,-600,-20,-0.0854,-23,-0.054993,301,49,4270,2391,6000,,600,,,,cyclic,transition,0,no_load,both,B5: cyclic back-and-forth,servo-app/lab-0.1
1781163173.800992,10.549516916275024,B5_CYCLIC,B5_CYCLIC_R01_20260611_143242,delta-asda-b3-e,1591,RTSO|SO|OE|VE|QS|TR,3,0,162568253,-602,-13,-0.05551,-16,-0.038256,301,49,4270,2391,6000,,600,,,,cyclic,transition,0,no_load,both,B5: cyclic back-and-forth,servo-app/lab-0.1
1781163173.901242,10.64976692199707,B5_CYCLIC,B5_CYCLIC_R01_20260611_143242,delta-asda-b3-e,1591,RTSO|SO|OE|VE|QS|TR,3,0,160873610,-601,-17,-0.07259,-20,-0.04782,301,49,4270,2391,6000,,600,,,,cyclic,transition,0,no_load,both,B5: cyclic back-and-forth,servo-app/lab-0.1
1781163174.0015671,10.750092029571533,B5_CYCLIC,B5_CYCLIC_R01_20260611_143242,delta-asda-b3-e,1591,RTSO|SO|OE|VE|QS|TR,3,0,157283295,-600,-23,-0.09821,-21,-0.050211,301,49,4270,2391,6000,,600,,,,cyclic,transition,0,no_load,both,B5: cyclic back-and-forth,servo-app/lab-0.1
1781163174.1628585,10.911383390426636,B5_CYCLIC,B5_CYCLIC_R01_20260611_143242,delta-asda-b3-e,1591,RTSO|SO|OE|VE|QS|TR,3,0,156495271,-600,-17,-0.07259,-22,-0.052602,301,49,4270,2391,6000,,600,,,,cyclic,transition,0,no_load,both,B5: cyclic back-and-forth,servo-app/lab-0.1
1781163174.2635686,11.012093544006348,B5_CYCLIC,B5_CYCLIC_R01_20260611_143242,delta-asda-b3-e,1591,RTSO|SO|OE|VE|QS|TR,3,0,154800519,-600,-19,-0.08113,-20,-0.04782,301,49,4270,2391,6000,,600,,,,cyclic,transition,0,no_load,both,B5: cyclic back-and-forth,servo-app/lab-0.1
1781163174.3646355,11.113160371780396,B5_CYCLIC,B5_CYCLIC_R01_20260611_143242,delta-asda-b3-e,1591,RTSO|SO|OE|VE|QS|TR,3,0,153106407,-600,-20,-0.0854,-20,-0.04782,301,49,4270,2391,6000,,600,,,,cyclic,transition,0,no_load,both,B5: cyclic back-and-forth,servo-app/lab-0.1
1781163174.4650688,11.21359372138977,B5_CYCLIC,B5_CYCLIC_R01_20260611_143242,delta-asda-b3-e,1591,RTSO|SO|OE|VE|QS|TR,3,0,151411585,-600,-20,-0.0854,-20,-0.04782,300,49,4270,2391,6000,,600,,,,cyclic,transition,0,no_load,both,B5: cyclic back-and-forth,servo-app/lab-0.1
1781163174.5653965,11.313921451568604,B5_CYCLIC,B5_CYCLIC_R01_20260611_143242,delta-asda-b3-e,1591,RTSO|SO|OE|VE|QS|TR,3,0,149733979,-600,-27,-0.11529,-28,-0.066948,300,49,4270,2391,6000,,600,,,,cyclic,transition,0,no_load,both,B5: cyclic back-and-forth,servo-app/lab-0.1
1781163174.66572,11.414244890213013,B5_CYCLIC,B5_CYCLIC_R01_20260611_143242,delta-asda-b3-e,1591,RTSO|SO|OE|VE|QS|TR,3,0,148056007,-600,-17,-0.07259,-17,-0.040647,300,49,4270,2391,6000,,600,,,,cyclic,transition,0,no_load,both,B5: cyclic back-and-forth,servo-app/lab-0.1
1781163174.7662098,11.514734745025635,B5_CYCLIC,B5_CYCLIC_R01_20260611_143242,delta-asda-b3-e,1591,RTSO|SO|OE|VE|QS|TR,3,0,146378481,-600,-18,-0.07686,-17,-0.040647,300,49,4270,2391,6000,,600,,,,cyclic,transition,0,no_load,both,B5: cyclic back-and-forth,servo-app/lab-0.1
1781163174.8666463,11.615171194076538,B5_CYCLIC,B5_CYCLIC_R01_20260611_143242,delta-asda-b3-e,1591,RTSO|SO|OE|VE|QS|TR,3,0,144683910,-600,-21,-0.08967,-17,-0.040647,300,49,4270,2391,6000,,600,,,,cyclic,transition,0,no_load,both,B5: cyclic back-and-forth,servo-app/lab-0.1
1781163174.966767,11.715291976928711,B5_CYCLIC,B5_CYCLIC_R01_20260611_143242,delta-asda-b3-e,1591,RTSO|SO|OE|VE|QS|TR,3,0,143006360,-600,-26,-0.11102,-27,-0.064557,300,49,4270,2391,6000,,600,,,,cyclic,transition,0,no_load,both,B5: cyclic back-and-forth,servo-app/lab-0.1
1781163175.06687,11.815394878387451,B5_CYCLIC,B5_CYCLIC_R01_20260611_143242,delta-asda-b3-e,1591,RTSO|SO|OE|VE|QS|TR,3,0,141328215,-600,-16,-0.06832,-19,-0.045429,300,49,4270,2391,6000,,600,,,,cyclic,transition,0,no_load,both,B5: cyclic back-and-forth,servo-app/lab-0.1
1781163175.1672974,11.915822267532349,B5_CYCLIC,B5_CYCLIC_R01_20260611_143242,delta-asda-b3-e,1591,RTSO|SO|OE|VE|QS|TR,3,0,139634107,-600,-26,-0.11102,-17,-0.040647,300,49,4270,2391,6000,,600,,,,cyclic,transition,0,no_load,both,B5: cyclic back-and-forth,servo-app/lab-0.1
1781163175.2676883,12.016213178634644,B5_CYCLIC,B5_CYCLIC_R01_20260611_143242,delta-asda-b3-e,1591,RTSO|SO|OE|VE|QS|TR,3,0,137956142,-600,-22,-0.09394,-18,-0.043038,300,49,4270,2391,6000,,600,,,,cyclic,transition,0,no_load,both,B5: cyclic back-and-forth,servo-app/lab-0.1
1781163175.3680518,12.116576671600342,B5_CYCLIC,B5_CYCLIC_R01_20260611_143242,delta-asda-b3-e,1591,RTSO|SO|OE|VE|QS|TR,3,0,136295600,-600,-22,-0.09394,-19,-0.045429,300,49,4270,2391,6000,,600,,,,cyclic,transition,0,no_load,both,B5: cyclic back-and-forth,servo-app/lab-0.1
1781163175.4682763,12.216801166534424,B5_CYCLIC,B5_CYCLIC_R01_20260611_143242,delta-asda-b3-e,1591,RTSO|SO|OE|VE|QS|TR,3,0,134583980,-600,-17,-0.07259,-16,-0.038256,299,49,4270,2391,6000,,600,,,,cyclic,transition,0,no_load,both,B5: cyclic back-and-forth,servo-app/lab-0.1
1781163175.56849,12.317014932632446,B5_CYCLIC,B5_CYCLIC_R01_20260611_143242,delta-asda-b3-e,1591,RTSO|SO|OE|VE|QS|TR,3,0,132906357,-600,-23,-0.09821,-24,-0.057384,301,49,4270,2391,6000,,600,,,,cyclic,transition,0,no_load,both,B5: cyclic back-and-forth,servo-app/lab-0.1
1781163175.669048,12.417572975158691,B5_CYCLIC,B5_CYCLIC_R01_20260611_143242,delta-asda-b3-e,1591,RTSO|SO|OE|VE|QS|TR,3,0,131228353,-600,-15,-0.06405,-16,-0.038256,300,49,4270,2391,6000,,600,,,,cyclic,transition,0,no_load,both,B5: cyclic back-and-forth,servo-app/lab-0.1
1781163175.7693324,12.517857313156128,B5_CYCLIC,B5_CYCLIC_R01_20260611_143242,delta-asda-b3-e,1591,RTSO|SO|OE|VE|QS|TR,3,0,129534156,-600,-23,-0.09821,-25,-0.059775,301,49,4270,2391,6000,,600,,,,cyclic,transition,0,no_load,both,B5: cyclic back-and-forth,servo-app/lab-0.1
1781163175.8698473,12.618372201919556,B5_CYCLIC,B5_CYCLIC_R01_20260611_143242,delta-asda-b3-e,1591,RTSO|SO|OE|VE|QS|TR,3,0,127856363,-599,-20,-0.0854,-20,-0.04782,301,49,4270,2391,6000,,600,,,,cyclic,transition,0,no_load,both,B5: cyclic back-and-forth,servo-app/lab-0.1
1781163175.9703207,12.71884560585022,B5_CYCLIC,B5_CYCLIC_R01_20260611_143242,delta-asda-b3-e,1591,RTSO|SO|OE|VE|QS|TR,3,0,126094892,-600,-20,-0.0854,-21,-0.050211,301,49,4270,2391,6000,,600,,,,cyclic,transition,0,no_load,both,B5: cyclic back-and-forth,servo-app/lab-0.1
1781163176.0704944,12.819019317626953,B5_CYCLIC,B5_CYCLIC_R01_20260611_143242,delta-asda-b3-e,1591,RTSO|SO|OE|VE|QS|TR,3,0,124483903,-600,-22,-0.09394,-20,-0.04782,302,49,4270,2391,6000,,600,,,,cyclic,transition,0,no_load,both,B5: cyclic back-and-forth,servo-app/lab-0.1
1781163176.171073,12.919597864151001,B5_CYCLIC,B5_CYCLIC_R01_20260611_143242,delta-asda-b3-e,1591,RTSO|SO|OE|VE|QS|TR,3,0,122806529,-600,-25,-0.10675,-19,-0.045429,301,49,4270,2391,6000,,600,,,,cyclic,transition,0,no_load,both,B5: cyclic back-and-forth,servo-app/lab-0.1
1781163176.2712133,13.01973819732666,B5_CYCLIC,B5_CYCLIC_R01_20260611_143242,delta-asda-b3-e,1591,RTSO|SO|OE|VE|QS|TR,3,0,121128573,-600,-17,-0.07259,-23,-0.054993,300,49,4270,2391,6000,,600,,,,cyclic,transition,0,no_load,both,B5: cyclic back-and-forth,servo-app/lab-0.1
1781163176.371888,13.120412826538086,B5_CYCLIC,B5_CYCLIC_R01_20260611_143242,delta-asda-b3-e,1591,RTSO|SO|OE|VE|QS|TR,3,0,119434523,-599,-18,-0.07686,-19,-0.045429,300,49,4270,2391,6000,,600,,,,cyclic,transition,0,no_load,both,B5: cyclic back-and-forth,servo-app/lab-0.1
1781163176.4720194,13.220544338226318,B5_CYCLIC,B5_CYCLIC_R01_20260611_143242,delta-asda-b3-e,1591,RTSO|SO|OE|VE|QS|TR,3,0,117756314,-600,-17,-0.07259,-18,-0.043038,300,49,4270,2391,6000,,600,,,,cyclic,transition,0,no_load,both,B5: cyclic back-and-forth,servo-app/lab-0.1
1781163176.5724647,13.320989608764648,B5_CYCLIC,B5_CYCLIC_R01_20260611_143242,delta-asda-b3-e,1591,RTSO|SO|OE|VE|QS|TR,3,0,116062048,-600,-20,-0.0854,-18,-0.043038,300,49,4270,2391,6000,,600,,,,cyclic,transition,0,no_load,both,B5: cyclic back-and-forth,servo-app/lab-0.1
1781163176.672724,13.42124891281128,B5_CYCLIC,B5_CYCLIC_R01_20260611_143242,delta-asda-b3-e,1591,RTSO|SO|OE|VE|QS|TR,3,0,114384044,-600,-20,-0.0854,-17,-0.040647,300,49,4270,2391,6000,,600,,,,cyclic,transition,0,no_load,both,B5: cyclic back-and-forth,servo-app/lab-0.1
1781163176.773571,13.522095918655396,B5_CYCLIC,B5_CYCLIC_R01_20260611_143242,delta-asda-b3-e,1591,RTSO|SO|OE|VE|QS|TR,3,0,112689899,-599,-22,-0.09394,-27,-0.064557,300,49,4270,2391,6000,,600,,,,cyclic,transition,0,no_load,both,B5: cyclic back-and-forth,servo-app/lab-0.1
1781163176.8741136,13.622638463973999,B5_CYCLIC,B5_CYCLIC_R01_20260611_143242,delta-asda-b3-e,1591,RTSO|SO|OE|VE|QS|TR,3,0,111012105,-599,-22,-0.09394,-17,-0.040647,301,49,4270,2391,6000,,600,,,,cyclic,transition,0,no_load,both,B5: cyclic back-and-forth,servo-app/lab-0.1
1781163176.9744668,13.722991704940796,B5_CYCLIC,B5_CYCLIC_R01_20260611_143242,delta-asda-b3-e,1591,RTSO|SO|OE|VE|QS|TR,3,0,109317602,-600,-23,-0.09821,-23,-0.054993,300,49,4270,2391,6000,,600,,,,cyclic,transition,0,no_load,both,B5: cyclic back-and-forth,servo-app/lab-0.1
1781163177.0746331,13.823158025741577,B5_CYCLIC,B5_CYCLIC_R01_20260611_143242,delta-asda-b3-e,1591,RTSO|SO|OE|VE|QS|TR,3,0,107639641,-599,-21,-0.08967,-19,-0.045429,300,49,4270,2391,6000,,600,,,,cyclic,transition,0,no_load,both,B5: cyclic back-and-forth,servo-app/lab-0.1
1781163177.175178,13.923702955245972,B5_CYCLIC,B5_CYCLIC_R01_20260611_143242,delta-asda-b3-e,1591,RTSO|SO|OE|VE|QS|TR,3,0,105962243,-600,-27,-0.11529,-27,-0.064557,301,49,4270,2391,6000,,600,,,,cyclic,transition,0,no_load,both,B5: cyclic back-and-forth,servo-app/lab-0.1
1781163177.2756596,14.024184465408325,B5_CYCLIC,B5_CYCLIC_R01_20260611_143242,delta-asda-b3-e,1591,RTSO|SO|OE|VE|QS|TR,3,0,104267641,-599,-17,-0.07259,-17,-0.040647,300,49,4270,2391,6000,,600,,,,cyclic,transition,0,no_load,both,B5: cyclic back-and-forth,servo-app/lab-0.1
1781163177.37586,14.124384880065918,B5_CYCLIC,B5_CYCLIC_R01_20260611_143242,delta-asda-b3-e,1591,RTSO|SO|OE|VE|QS|TR,3,0,102590306,-599,-18,-0.07686,-22,-0.052602,301,49,4270,2391,6000,,600,,,,cyclic,transition,0,no_load,both,B5: cyclic back-and-forth,servo-app/lab-0.1
1781163177.476285,14.224809885025024,B5_CYCLIC,B5_CYCLIC_R01_20260611_143242,delta-asda-b3-e,1591,RTSO|SO|OE|VE|QS|TR,3,0,100895382,-600,-23,-0.09821,-18,-0.043038,300,49,4270,2391,6000,,600,,,,cyclic,transition,0,no_load,both,B5: cyclic back-and-forth,servo-app/lab-0.1
1781163177.5764441,14.324969053268433,B5_CYCLIC,B5_CYCLIC_R01_20260611_143242,delta-asda-b3-e,1591,RTSO|SO|OE|VE|QS|TR,3,0,99217908,-599,-23,-0.09821,-19,-0.045429,301,49,4270,2391,6000,,600,,,,cyclic,transition,0,no_load,both,B5: cyclic back-and-forth,servo-app/lab-0.1
1781163177.6768866,14.425411462783813,B5_CYCLIC,B5_CYCLIC_R01_20260611_143242,delta-asda-b3-e,1591,RTSO|SO|OE|VE|QS|TR,3,0,97539797,-599,-18,-0.07686,-22,-0.052602,301,49,4270,2391,6000,,600,,,,cyclic,transition,0,no_load,both,B5: cyclic back-and-forth,servo-app/lab-0.1
1781163177.7770455,14.525570392608643,B5_CYCLIC,B5_CYCLIC_R01_20260611_143242,delta-asda-b3-e,1591,RTSO|SO|OE|VE|QS|TR,3,0,95862463,-599,-22,-0.09394,-21,-0.050211,301,49,4270,2391,6000,,600,,,,cyclic,transition,0,no_load,both,B5: cyclic back-and-forth,servo-app/lab-0.1
1781163177.8773298,14.625854730606079,B5_CYCLIC,B5_CYCLIC_R01_20260611_143242,delta-asda-b3-e,1591,RTSO|SO|OE|VE|QS|TR,3,0,94167831,-599,-16,-0.06832,-19,-0.045429,301,49,4270,2391,6000,,600,,,,cyclic,transition,0,no_load,both,B5: cyclic back-and-forth,servo-app/lab-0.1
1781163177.9778457,14.726370573043823,B5_CYCLIC,B5_CYCLIC_R01_20260611_143242,delta-asda-b3-e,1591,RTSO|SO|OE|VE|QS|TR,3,0,92490071,-600,-22,-0.09394,-19,-0.045429,301,49,4270,2391,6000,,600,,,,cyclic,transition,0,no_load,both,B5: cyclic back-and-forth,servo-app/lab-0.1
1781163178.0782285,14.826753377914429,B5_CYCLIC,B5_CYCLIC_R01_20260611_143242,delta-asda-b3-e,1591,RTSO|SO|OE|VE|QS|TR,3,0,90694857,-599,-20,-0.0854,-16,-0.038256,301,49,4270,2391,6000,,600,,,,cyclic,transition,0,no_load,both,B5: cyclic back-and-forth,servo-app/lab-0.1
1781163178.178762,14.927286863327026,B5_CYCLIC,B5_CYCLIC_R01_20260611_143242,delta-asda-b3-e,1591,RTSO|SO|OE|VE|QS|TR,3,0,89117957,-599,-23,-0.09821,-25,-0.059775,301,49,4270,2391,6000,,600,,,,cyclic,transition,0,no_load,both,B5: cyclic back-and-forth,servo-app/lab-0.1
1781163178.2791557,15.02768063545227,B5_CYCLIC,B5_CYCLIC_R01_20260611_143242,delta-asda-b3-e,1591,RTSO|SO|OE|VE|QS|TR,3,0,87423483,-599,-20,-0.0854,-19,-0.045429,301,49,4270,2391,6000,,600,,,,cyclic,transition,0,no_load,both,B5: cyclic back-and-forth,servo-app/lab-0.1
1781163178.379718,15.12824296951294,B5_CYCLIC,B5_CYCLIC_R01_20260611_143242,delta-asda-b3-e,1591,RTSO|SO|OE|VE|QS|TR,3,0,85745962,-599,-18,-0.07686,-23,-0.054993,301,49,4270,2391,6000,,600,,,,cyclic,transition,0,no_load,both,B5: cyclic back-and-forth,servo-app/lab-0.1
1781163178.480154,15.228678941726685,B5_CYCLIC,B5_CYCLIC_R01_20260611_143242,delta-asda-b3-e,1591,RTSO|SO|OE|VE|QS|TR,3,0,84067778,-599,-21,-0.08967,-21,-0.050211,301,49,4270,2391,6000,,600,,,,cyclic,transition,0,no_load,both,B5: cyclic back-and-forth,servo-app/lab-0.1
1781163178.644606,15.393131017684937,B5_CYCLIC,B5_CYCLIC_R01_20260611_143242,delta-asda-b3-e,1591,RTSO|SO|OE|VE|QS|TR,3,0,81298892,-599,-25,-0.10675,-21,-0.050211,301,49,4270,2391,6000,,600,,,,cyclic,transition,0,no_load,both,B5: cyclic back-and-forth,servo-app/lab-0.1
1781163178.745189,15.493713855743408,B5_CYCLIC,B5_CYCLIC_R01_20260611_143242,delta-asda-b3-e,1591,RTSO|SO|OE|VE|QS|TR,3,0,79621528,-599,-18,-0.07686,-19,-0.045429,301,49,4270,2391,6000,,600,,,,cyclic,transition,0,no_load,both,B5: cyclic back-and-forth,servo-app/lab-0.1
1781163178.845912,15.594436883926392,B5_CYCLIC,B5_CYCLIC_R01_20260611_143242,delta-asda-b3-e,1591,RTSO|SO|OE|VE|QS|TR,3,0,77926627,-599,-22,-0.09394,-21,-0.050211,301,49,4270,2391,6000,,600,,,,cyclic,transition,0,no_load,both,B5: cyclic back-and-forth,servo-app/lab-0.1
1781163178.946385,15.694909811019897,B5_CYCLIC,B5_CYCLIC_R01_20260611_143242,delta-asda-b3-e,1591,RTSO|SO|OE|VE|QS|TR,3,0,76232750,-598,-18,-0.07686,-19,-0.045429,301,49,4270,2391,6000,,600,,,,cyclic,transition,0,no_load,both,B5: cyclic back-and-forth,servo-app/lab-0.1
1781163179.047332,15.795856952667236,B5_CYCLIC,B5_CYCLIC_R01_20260611_143242,delta-asda-b3-e,1591,RTSO|SO|OE|VE|QS|TR,3,0,74521310,-599,-29,-0.12383,-23,-0.054993,301,49,4270,2391,6000,,600,,,,cyclic,transition,0,no_load,both,B5: cyclic back-and-forth,servo-app/lab-0.1
1781163179.1476388,15.896163702011108,B5_CYCLIC,B5_CYCLIC_R01_20260611_143242,delta-asda-b3-e,1591,RTSO|SO|OE|VE|QS|TR,3,0,72860453,-599,-19,-0.08113,-18,-0.043038,301,49,4270,2391,6000,,600,,,,cyclic,transition,0,no_load,both,B5: cyclic back-and-forth,servo-app/lab-0.1
1781163179.248154,15.996678829193115,B5_CYCLIC,B5_CYCLIC_R01_20260611_143242,delta-asda-b3-e,1591,RTSO|SO|OE|VE|QS|TR,3,0,71165890,-599,-20,-0.0854,-22,-0.052602,301,49,4270,2391,6000,,600,,,,cyclic,transition,0,no_load,both,B5: cyclic back-and-forth,servo-app/lab-0.1
1781163179.348783,16.097307920455933,B5_CYCLIC,B5_CYCLIC_R01_20260611_143242,delta-asda-b3-e,1591,RTSO|SO|OE|VE|QS|TR,3,0,69488447,-599,-22,-0.09394,-23,-0.054993,301,49,4270,2391,6000,,600,,,,cyclic,transition,0,no_load,both,B5: cyclic back-and-forth,servo-app/lab-0.1
1781163179.4493518,16.197876691818237,B5_CYCLIC,B5_CYCLIC_R01_20260611_143242,delta-asda-b3-e,1591,RTSO|SO|OE|VE|QS|TR,3,0,67793880,-598,-24,-0.10248,-27,-0.064557,301,49,4270,2391,6000,,600,,,,cyclic,transition,0,no_load,both,B5: cyclic back-and-forth,servo-app/lab-0.1
1781163179.5500467,16.298571586608887,B5_CYCLIC,B5_CYCLIC_R01_20260611_143242,delta-asda-b3-e,1591,RTSO|SO|OE|VE|QS|TR,3,0,66116357,-599,-21,-0.08967,-17,-0.040647,301,49,4270,2391,6000,,600,,,,cyclic,transition,0,no_load,both,B5: cyclic back-and-forth,servo-app/lab-0.1
1781163179.6504016,16.398926496505737,B5_CYCLIC,B5_CYCLIC_R01_20260611_143242,delta-asda-b3-e,1591,RTSO|SO|OE|VE|QS|TR,3,0,64421357,-599,-22,-0.09394,-20,-0.04782,301,49,4270,2391,6000,,600,,,,cyclic,transition,0,no_load,both,B5: cyclic back-and-forth,servo-app/lab-0.1
1781163179.7505906,16.499115467071533,B5_CYCLIC,B5_CYCLIC_R01_20260611_143242,delta-asda-b3-e,1591,RTSO|SO|OE|VE|QS|TR,3,0,62743925,-599,-19,-0.08113,-18,-0.043038,301,49,4270,2391,6000,,600,,,,cyclic,transition,0,no_load,both,B5: cyclic back-and-forth,servo-app/lab-0.1
1781163179.8510745,16.599599361419678,B5_CYCLIC,B5_CYCLIC_R01_20260611_143242,delta-asda-b3-e,1591,RTSO|SO|OE|VE|QS|TR,3,0,61065853,-598,-25,-0.10675,-25,-0.059775,301,49,4270,2391,6000,,600,,,,cyclic,transition,0,no_load,both,B5: cyclic back-and-forth,servo-app/lab-0.1
1781163179.9515357,16.700060606002808,B5_CYCLIC,B5_CYCLIC_R01_20260611_143242,delta-asda-b3-e,1591,RTSO|SO|OE|VE|QS|TR,3,0,59371900,-598,-27,-0.11529,-19,-0.045429,301,49,4270,2391,6000,,600,,,,cyclic,transition,0,no_load,both,B5: cyclic back-and-forth,servo-app/lab-0.1
1781163180.0518162,16.80034112930298,B5_CYCLIC,B5_CYCLIC_R01_20260611_143242,delta-asda-b3-e,1591,RTSO|SO|OE|VE|QS|TR,3,0,57693752,-599,-19,-0.08113,-24,-0.057384,301,49,4270,2391,6000,,600,,,,cyclic,transition,0,no_load,both,B5: cyclic back-and-forth,servo-app/lab-0.1
1781163180.1538043,16.902329206466675,B5_CYCLIC,B5_CYCLIC_R01_20260611_143242,delta-asda-b3-e,1591,RTSO|SO|OE|VE|QS|TR,3,0,55982759,-599,-23,-0.09821,-24,-0.057384,301,49,4270,2391,6000,,600,,,,cyclic,transition,0,no_load,both,B5: cyclic back-and-forth,servo-app/lab-0.1
1781163180.2539659,17.002490758895874,B5_CYCLIC,B5_CYCLIC_R01_20260611_143242,delta-asda-b3-e,1591,RTSO|SO|OE|VE|QS|TR,3,0,54304834,-599,-22,-0.09394,-20,-0.04782,301,49,4270,2391,6000,,600,,,,cyclic,transition,0,no_load,both,B5: cyclic back-and-forth,servo-app/lab-0.1
1781163180.3544059,17.102930784225464,B5_CYCLIC,B5_CYCLIC_R01_20260611_143242,delta-asda-b3-e,1591,RTSO|SO|OE|VE|QS|TR,3,0,52610611,-599,-22,-0.09394,-16,-0.038256,301,49,4270,2391,6000,,600,,,,cyclic,transition,0,no_load,both,B5: cyclic back-and-forth,servo-app/lab-0.1
1781163180.455125,17.20364999771118,B5_CYCLIC,B5_CYCLIC_R01_20260611_143242,delta-asda-b3-e,1591,RTSO|SO|OE|VE|QS|TR,3,0,50932806,-599,-16,-0.06832,-19,-0.045429,301,49,4270,2391,6000,,600,,,,cyclic,transition,0,no_load,both,B5: cyclic back-and-forth,servo-app/lab-0.1
1781163180.5556505,17.30417537689209,B5_CYCLIC,B5_CYCLIC_R01_20260611_143242,delta-asda-b3-e,1591,RTSO|SO|OE|VE|QS|TR,3,0,49238331,-600,-20,-0.0854,-17,-0.040647,301,49,4270,2391,6000,,600,,,,cyclic,transition,0,no_load,both,B5: cyclic back-and-forth,servo-app/lab-0.1
1781163180.6557856,17.40431046485901,B5_CYCLIC,B5_CYCLIC_R01_20260611_143242,delta-asda-b3-e,1591,RTSO|SO|OE|VE|QS|TR,3,0,47560239,-599,-16,-0.06832,-17,-0.040647,301,49,4270,2391,6000,,600,,,,cyclic,transition,0,no_load,both,B5: cyclic back-and-forth,servo-app/lab-0.1
1781163180.756338,17.504862785339355,B5_CYCLIC,B5_CYCLIC_R01_20260611_143242,delta-asda-b3-e,1591,RTSO|SO|OE|VE|QS|TR,3,0,45865970,-600,-21,-0.08967,-22,-0.052602,301,49,4270,2391,6000,,600,,,,cyclic,transition,0,no_load,both,B5: cyclic back-and-forth,servo-app/lab-0.1
1781163180.8569307,17.60545563697815,B5_CYCLIC,B5_CYCLIC_R01_20260611_143242,delta-asda-b3-e,1591,RTSO|SO|OE|VE|QS|TR,3,0,44204760,-599,-25,-0.10675,-19,-0.045429,301,49,4270,2391,6000,,600,,,,cyclic,transition,0,no_load,both,B5: cyclic back-and-forth,servo-app/lab-0.1
1781163180.957338,17.705862998962402,B5_CYCLIC,B5_CYCLIC_R01_20260611_143242,delta-asda-b3-e,1591,RTSO|SO|OE|VE|QS|TR,3,0,42493984,-599,-18,-0.07686,-18,-0.043038,301,49,4270,2391,6000,,600,,,,cyclic,transition,0,no_load,both,B5: cyclic back-and-forth,servo-app/lab-0.1
1781163181.0574613,17.805986166000366,B5_CYCLIC,B5_CYCLIC_R01_20260611_143242,delta-asda-b3-e,1591,RTSO|SO|OE|VE|QS|TR,3,0,40815714,-600,-17,-0.07259,-17,-0.040647,301,49,4270,2391,6000,,600,,,,cyclic,transition,0,no_load,both,B5: cyclic back-and-forth,servo-app/lab-0.1
1781163181.1577342,17.906259059906006,B5_CYCLIC,B5_CYCLIC_R01_20260611_143242,delta-asda-b3-e,1591,RTSO|SO|OE|VE|QS|TR,3,0,39121573,-600,-22,-0.09394,-20,-0.04782,301,49,4270,2391,6000,,600,,,,cyclic,transition,0,no_load,both,B5: cyclic back-and-forth,servo-app/lab-0.1
1781163181.2579079,18.00643277168274,B5_CYCLIC,B5_CYCLIC_R01_20260611_143242,delta-asda-b3-e,1591,RTSO|SO|OE|VE|QS|TR,3,0,37460419,-600,-28,-0.11956,-21,-0.050211,301,49,4270,2391,6000,,600,,,,cyclic,transition,0,no_load,both,B5: cyclic back-and-forth,servo-app/lab-0.1
1781163181.3583827,18.106907606124878,B5_CYCLIC,B5_CYCLIC_R01_20260611_143242,delta-asda-b3-e,1591,RTSO|SO|OE|VE|QS|TR,3,0,35766204,-599,-21,-0.08967,-26,-0.062166,301,49,4270,2391,6000,,600,,,,cyclic,transition,0,no_load,both,B5: cyclic back-and-forth,servo-app/lab-0.1
1781163181.45892,18.20744490623474,B5_CYCLIC,B5_CYCLIC_R01_20260611_143242,delta-asda-b3-e,1591,RTSO|SO|OE|VE|QS|TR,3,0,34088354,-599,-18,-0.07686,-17,-0.040647,301,49,4270,2391,6000,,600,,,,cyclic,transition,0,no_load,both,B5: cyclic back-and-forth,servo-app/lab-0.1
1781163181.5594134,18.30793833732605,B5_CYCLIC,B5_CYCLIC_R01_20260611_143242,delta-asda-b3-e,1591,RTSO|SO|OE|VE|QS|TR,3,0,32393847,-600,-18,-0.07686,-19,-0.045429,301,49,4270,2391,6000,,600,,,,cyclic,transition,0,no_load,both,B5: cyclic back-and-forth,servo-app/lab-0.1
1781163181.659866,18.408390998840332,B5_CYCLIC,B5_CYCLIC_R01_20260611_143242,delta-asda-b3-e,1591,RTSO|SO|OE|VE|QS|TR,3,0,30715788,-600,-20,-0.0854,-19,-0.045429,301,49,4270,2391,6000,,600,,,,cyclic,transition,0,no_load,both,B5: cyclic back-and-forth,servo-app/lab-0.1
1781163181.760029,18.508553981781006,B5_CYCLIC,B5_CYCLIC_R01_20260611_143242,delta-asda-b3-e,1591,RTSO|SO|OE|VE|QS|TR,3,0,29038320,-600,-18,-0.07686,-20,-0.04782,301,49,4270,2391,6000,,600,,,,cyclic,transition,0,no_load,both,B5: cyclic back-and-forth,servo-app/lab-0.1
1781163181.8602707,18.608795642852783,B5_CYCLIC,B5_CYCLIC_R01_20260611_143242,delta-asda-b3-e,1591,RTSO|SO|OE|VE|QS|TR,3,0,27343654,-599,-20,-0.0854,-20,-0.04782,300,49,4270,2391,6000,,600,,,,cyclic,transition,0,no_load,both,B5: cyclic back-and-forth,servo-app/lab-0.1
1781163181.9607427,18.709267616271973,B5_CYCLIC,B5_CYCLIC_R01_20260611_143242,delta-asda-b3-e,1591,RTSO|SO|OE|VE|QS|TR,3,0,25666312,-600,-19,-0.08113,-16,-0.038256,301,49,4270,2391,6000,,600,,,,cyclic,transition,0,no_load,both,B5: cyclic back-and-forth,servo-app/lab-0.1
1781163182.060952,18.809476852416992,B5_CYCLIC,B5_CYCLIC_R01_20260611_143242,delta-asda-b3-e,1591,RTSO|SO|OE|VE|QS|TR,3,0,23988080,-600,-18,-0.07686,-18,-0.043038,301,49,4270,2391,6000,,600,,,,cyclic,transition,0,no_load,both,B5: cyclic back-and-forth,servo-app/lab-0.1
1781163182.1611736,18.909698486328125,B5_CYCLIC,B5_CYCLIC_R01_20260611_143242,delta-asda-b3-e,1591,RTSO|SO|OE|VE|QS|TR,3,0,22310736,-600,-18,-0.07686,-17,-0.040647,301,49,4270,2391,6000,,600,,,,cyclic,transition,0,no_load,both,B5: cyclic back-and-forth,servo-app/lab-0.1
1781163182.261336,19.00986099243164,B5_CYCLIC,B5_CYCLIC_R01_20260611_143242,delta-asda-b3-e,1591,RTSO|SO|OE|VE|QS|TR,3,0,20615972,-600,-19,-0.08113,-19,-0.045429,301,49,4270,2391,6000,,600,,,,cyclic,transition,0,no_load,both,B5: cyclic back-and-forth,servo-app/lab-0.1
1781163182.361629,19.110153913497925,B5_CYCLIC,B5_CYCLIC_R01_20260611_143242,delta-asda-b3-e,1591,RTSO|SO|OE|VE|QS|TR,3,0,18938645,-600,-23,-0.09821,-21,-0.050211,301,49,4270,2391,6000,,600,,,,cyclic,transition,0,no_load,both,B5: cyclic back-and-forth,servo-app/lab-0.1
1781163182.462005,19.210529804229736,B5_CYCLIC,B5_CYCLIC_R01_20260611_143242,delta-asda-b3-e,1591,RTSO|SO|OE|VE|QS|TR,3,0,17260735,-600,-25,-0.10675,-18,-0.043038,301,49,4270,2391,6000,,600,,,,cyclic,transition,0,no_load,both,B5: cyclic back-and-forth,servo-app/lab-0.1
1781163182.562523,19.311047792434692,B5_CYCLIC,B5_CYCLIC_R01_20260611_143242,delta-asda-b3-e,1591,RTSO|SO|OE|VE|QS|TR,3,0,15566260,-600,-23,-0.09821,-20,-0.04782,301,49,4270,2391,6000,,600,,,,cyclic,transition,0,no_load,both,B5: cyclic back-and-forth,servo-app/lab-0.1
1781163182.6627314,19.411256313323975,B5_CYCLIC,B5_CYCLIC_R01_20260611_143242,delta-asda-b3-e,1591,RTSO|SO|OE|VE|QS|TR,3,0,13888211,-600,-18,-0.07686,-21,-0.050211,301,49,4270,2391,6000,,600,,,,cyclic,transition,0,no_load,both,B5: cyclic back-and-forth,servo-app/lab-0.1
1781163182.7629144,19.511439323425293,B5_CYCLIC,B5_CYCLIC_R01_20260611_143242,delta-asda-b3-e,1591,RTSO|SO|OE|VE|QS|TR,3,0,12210690,-600,-16,-0.06832,-20,-0.04782,301,49,4270,2391,6000,,600,,,,cyclic,transition,0,no_load,both,B5: cyclic back-and-forth,servo-app/lab-0.1
1781163182.8631172,19.611642122268677,B5_CYCLIC,B5_CYCLIC_R01_20260611_143242,delta-asda-b3-e,1591,RTSO|SO|OE|VE|QS|TR,3,0,10532812,-600,-18,-0.07686,-21,-0.050211,301,49,4270,2391,6000,,600,,,,cyclic,transition,0,no_load,both,B5: cyclic back-and-forth,servo-app/lab-0.1
1781163182.9632967,19.71182155609131,B5_CYCLIC,B5_CYCLIC_R01_20260611_143242,delta-asda-b3-e,1591,RTSO|SO|OE|VE|QS|TR,3,0,8838620,-600,-25,-0.10675,-19,-0.045429,301,49,4270,2391,6000,,600,,,,cyclic,transition,0,no_load,both,B5: cyclic back-and-forth,servo-app/lab-0.1
1781163183.0641525,19.81267738342285,B5_CYCLIC,B5_CYCLIC_R01_20260611_143242,delta-asda-b3-e,1591,RTSO|SO|OE|VE|QS|TR,3,0,7160362,-600,-16,-0.06832,-15,-0.035865,301,49,4270,2391,6000,,600,,,,cyclic,transition,0,no_load,both,B5: cyclic back-and-forth,servo-app/lab-0.1
1781163183.1644247,19.912949562072754,B5_CYCLIC,B5_CYCLIC_R01_20260611_143242,delta-asda-b3-e,1591,RTSO|SO|OE|VE|QS|TR,3,0,5449434,-600,-21,-0.08967,-21,-0.050211,301,49,4270,2391,6000,,600,,,,cyclic,transition,0,no_load,both,B5: cyclic back-and-forth,servo-app/lab-0.1
1781163183.2646623,20.013187170028687,B5_CYCLIC,B5_CYCLIC_R01_20260611_143242,delta-asda-b3-e,1591,RTSO|SO|OE|VE|QS|TR,3,0,5869210,595,20,0.0854,19,0.045429,301,49,4270,2391,6000,,600,,,,cyclic,transition,0,no_load,both,B5: cyclic back-and-forth,servo-app/lab-0.1
1781163183.3653002,20.11382508277893,B5_CYCLIC,B5_CYCLIC_R01_20260611_143242,delta-asda-b3-e,1591,RTSO|SO|OE|VE|QS|TR,3,0,7563275,600,18,0.07686,18,0.043038,301,49,4270,2391,6000,,600,,,,cyclic,transition,0,no_load,both,B5: cyclic back-and-forth,servo-app/lab-0.1
1781163183.4659493,20.214474201202393,B5_CYCLIC,B5_CYCLIC_R01_20260611_143242,delta-asda-b3-e,1591,RTSO|SO|OE|VE|QS|TR,3,0,9241260,601,19,0.08113,17,0.040647,301,49,4270,2391,6000,,600,,,,cyclic,transition,0,no_load,both,B5: cyclic back-and-forth,servo-app/lab-0.1
1781163183.566933,20.315457820892334,B5_CYCLIC,B5_CYCLIC_R01_20260611_143242,delta-asda-b3-e,1591,RTSO|SO|OE|VE|QS|TR,3,0,10935369,600,19,0.08113,20,0.04782,301,49,4270,2391,6000,,600,,,,cyclic,transition,0,no_load,both,B5: cyclic back-and-forth,servo-app/lab-0.1
1781163183.667189,20.415713787078857,B5_CYCLIC,B5_CYCLIC_R01_20260611_143242,delta-asda-b3-e,1591,RTSO|SO|OE|VE|QS|TR,3,0,12613267,600,21,0.08967,18,0.043038,301,49,4270,2391,6000,,600,,,,cyclic,transition,0,no_load,both,B5: cyclic back-and-forth,servo-app/lab-0.1
1781163183.767382,20.515906810760498,B5_CYCLIC,B5_CYCLIC_R01_20260611_143242,delta-asda-b3-e,1591,RTSO|SO|OE|VE|QS|TR,3,0,14307346,600,20,0.0854,19,0.045429,301,49,4270,2391,6000,,600,,,,cyclic,transition,0,no_load,both,B5: cyclic back-and-forth,servo-app/lab-0.1
1781163183.8694475,20.617972373962402,B5_CYCLIC,B5_CYCLIC_R01_20260611_143242,delta-asda-b3-e,1591,RTSO|SO|OE|VE|QS|TR,3,0,16002281,601,18,0.07686,17,0.040647,301,49,4270,2391,6000,,600,,,,cyclic,transition,0,no_load,both,B5: cyclic back-and-forth,servo-app/lab-0.1
1781163183.9696436,20.71816849708557,B5_CYCLIC,B5_CYCLIC_R01_20260611_143242,delta-asda-b3-e,1591,RTSO|SO|OE|VE|QS|TR,3,0,17696667,600,18,0.07686,19,0.045429,301,49,4270,2391,6000,,600,,,,cyclic,transition,0,no_load,both,B5: cyclic back-and-forth,servo-app/lab-0.1
1781163184.0701218,20.818646669387817,B5_CYCLIC,B5_CYCLIC_R01_20260611_143242,delta-asda-b3-e,1591,RTSO|SO|OE|VE|QS|TR,3,0,19374464,600,18,0.07686,18,0.043038,300,49,4270,2391,6000,,600,,,,cyclic,transition,0,no_load,both,B5: cyclic back-and-forth,servo-app/lab-0.1
1781163184.170673,20.91919779777527,B5_CYCLIC,B5_CYCLIC_R01_20260611_143242,delta-asda-b3-e,1591,RTSO|SO|OE|VE|QS|TR,3,0,21068641,600,19,0.08113,23,0.054993,300,49,4270,2391,6000,,600,,,,cyclic,transition,0,no_load,both,B5: cyclic back-and-forth,servo-app/lab-0.1
1781163184.27122,21.019744873046875,B5_CYCLIC,B5_CYCLIC_R01_20260611_143242,delta-asda-b3-e,1591,RTSO|SO|OE|VE|QS|TR,3,0,22746421,600,21,0.08967,21,0.050211,300,49,4270,2391,6000,,600,,,,cyclic,transition,0,no_load,both,B5: cyclic back-and-forth,servo-app/lab-0.1
1781163184.3723953,21.120920181274414,B5_CYCLIC,B5_CYCLIC_R01_20260611_143242,delta-asda-b3-e,1591,RTSO|SO|OE|VE|QS|TR,3,0,24457453,600,25,0.10675,25,0.059775,300,49,4270,2391,6000,,600,,,,cyclic,transition,0,no_load,both,B5: cyclic back-and-forth,servo-app/lab-0.1
1781163184.4730008,21.2215256690979,B5_CYCLIC,B5_CYCLIC_R01_20260611_143242,delta-asda-b3-e,1591,RTSO|SO|OE|VE|QS|TR,3,0,26135562,601,20,0.0854,20,0.04782,300,49,4270,2391,6000,,600,,,,cyclic,transition,0,no_load,both,B5: cyclic back-and-forth,servo-app/lab-0.1
1781163184.573551,21.322075843811035,B5_CYCLIC,B5_CYCLIC_R01_20260611_143242,delta-asda-b3-e,1591,RTSO|SO|OE|VE|QS|TR,3,0,27829572,600,26,0.11102,24,0.057384,300,49,4270,2391,6000,,600,,,,cyclic,transition,0,no_load,both,B5: cyclic back-and-forth,servo-app/lab-0.1
1781163184.6738594,21.42238426208496,B5_CYCLIC,B5_CYCLIC_R01_20260611_143242,delta-asda-b3-e,1591,RTSO|SO|OE|VE|QS|TR,3,0,29507530,600,18,0.07686,19,0.045429,300,49,4270,2391,6000,,600,,,,cyclic,transition,0,no_load,both,B5: cyclic back-and-forth,servo-app/lab-0.1
1781163184.7741237,21.522648572921753,B5_CYCLIC,B5_CYCLIC_R01_20260611_143242,delta-asda-b3-e,1591,RTSO|SO|OE|VE|QS|TR,3,0,31167951,600,23,0.09821,20,0.04782,300,49,4270,2391,6000,,600,,,,cyclic,transition,0,no_load,both,B5: cyclic back-and-forth,servo-app/lab-0.1
1781163184.8751025,21.623627424240112,B5_CYCLIC,B5_CYCLIC_R01_20260611_143242,delta-asda-b3-e,1591,RTSO|SO|OE|VE|QS|TR,3,0,32879824,601,15,0.06405,17,0.040647,301,49,4270,2391,6000,,600,,,,cyclic,transition,0,no_load,both,B5: cyclic back-and-forth,servo-app/lab-0.1
1781163184.9752567,21.72378158569336,B5_CYCLIC,B5_CYCLIC_R01_20260611_143242,delta-asda-b3-e,1591,RTSO|SO|OE|VE|QS|TR,3,0,34557244,600,18,0.07686,19,0.045429,300,49,4270,2391,6000,,600,,,,cyclic,transition,0,no_load,both,B5: cyclic back-and-forth,servo-app/lab-0.1
1781163185.0761793,21.82470417022705,B5_CYCLIC,B5_CYCLIC_R01_20260611_143242,delta-asda-b3-e,1591,RTSO|SO|OE|VE|QS|TR,3,0,36251882,600,21,0.08967,21,0.050211,300,49,4270,2391,6000,,600,,,,cyclic,transition,0,no_load,both,B5: cyclic back-and-forth,servo-app/lab-0.1
1781163185.1763468,21.924871683120728,B5_CYCLIC,B5_CYCLIC_R01_20260611_143242,delta-asda-b3-e,1591,RTSO|SO|OE|VE|QS|TR,3,0,37929159,600,21,0.08967,21,0.050211,300,49,4270,2391,6000,,600,,,,cyclic,transition,0,no_load,both,B5: cyclic back-and-forth,servo-app/lab-0.1
1781163185.2770662,22.025591135025024,B5_CYCLIC,B5_CYCLIC_R01_20260611_143242,delta-asda-b3-e,1591,RTSO|SO|OE|VE|QS|TR,3,0,39623758,600,17,0.07259,18,0.043038,300,49,4270,2391,6000,,600,,,,cyclic,transition,0,no_load,both,B5: cyclic back-and-forth,servo-app/lab-0.1
1781163185.3776262,22.126151084899902,B5_CYCLIC,B5_CYCLIC_R01_20260611_143242,delta-asda-b3-e,1591,RTSO|SO|OE|VE|QS|TR,3,0,41317999,600,24,0.10248,25,0.059775,300,49,4270,2391,6000,,600,,,,cyclic,transition,0,no_load,both,B5: cyclic back-and-forth,servo-app/lab-0.1
1781163185.4783556,22.22688055038452,B5_CYCLIC,B5_CYCLIC_R01_20260611_143242,delta-asda-b3-e,1591,RTSO|SO|OE|VE|QS|TR,3,0,43012700,599,17,0.07259,18,0.043038,300,49,4270,2391,6000,,600,,,,cyclic,transition,0,no_load,both,B5: cyclic back-and-forth,servo-app/lab-0.1
1781163185.578641,22.327165842056274,B5_CYCLIC,B5_CYCLIC_R01_20260611_143242,delta-asda-b3-e,1591,RTSO|SO|OE|VE|QS|TR,3,0,44673177,599,27,0.11529,25,0.059775,300,49,4270,2391,6000,,600,,,,cyclic,transition,0,no_load,both,B5: cyclic back-and-forth,servo-app/lab-0.1
1781163185.6789198,22.42744469642639,B5_CYCLIC,B5_CYCLIC_R01_20260611_143242,delta-asda-b3-e,1591,RTSO|SO|OE|VE|QS|TR,3,0,46367883,599,18,0.07686,18,0.043038,300,49,4270,2391,6000,,600,,,,cyclic,transition,0,no_load,both,B5: cyclic back-and-forth,servo-app/lab-0.1
1781163185.7796361,22.52816104888916,B5_CYCLIC,B5_CYCLIC_R01_20260611_143242,delta-asda-b3-e,1591,RTSO|SO|OE|VE|QS|TR,3,0,48061892,599,22,0.09394,24,0.057384,301,49,4270,2391,6000,,600,,,,cyclic,transition,0,no_load,both,B5: cyclic back-and-forth,servo-app/lab-0.1
1781163185.8797555,22.62828040122986,B5_CYCLIC,B5_CYCLIC_R01_20260611_143242,delta-asda-b3-e,1591,RTSO|SO|OE|VE|QS|TR,3,0,49740258,600,17,0.07259,17,0.040647,300,49,4270,2391,6000,,600,,,,cyclic,transition,0,no_load,both,B5: cyclic back-and-forth,servo-app/lab-0.1
1781163185.9805892,22.729114055633545,B5_CYCLIC,B5_CYCLIC_R01_20260611_143242,delta-asda-b3-e,1591,RTSO|SO|OE|VE|QS|TR,3,0,51417530,599,21,0.08967,21,0.050211,300,49,4270,2391,6000,,600,,,,cyclic,transition,0,no_load,both,B5: cyclic back-and-forth,servo-app/lab-0.1
1781163186.081015,22.829540014266968,B5_CYCLIC,B5_CYCLIC_R01_20260611_143242,delta-asda-b3-e,1591,RTSO|SO|OE|VE|QS|TR,3,0,53112126,599,18,0.07686,18,0.043038,300,49,4270,2391,6000,,600,,,,cyclic,transition,0,no_load,both,B5: cyclic back-and-forth,servo-app/lab-0.1
1781163186.1812115,22.929736375808716,B5_CYCLIC,B5_CYCLIC_R01_20260611_143242,delta-asda-b3-e,1591,RTSO|SO|OE|VE|QS|TR,3,0,54789373,599,21,0.08967,22,0.052602,300,49,4270,2391,6000,,600,,,,cyclic,transition,0,no_load,both,B5: cyclic back-and-forth,servo-app/lab-0.1
1781163186.2814167,23.02994155883789,B5_CYCLIC,B5_CYCLIC_R01_20260611_143242,delta-asda-b3-e,1591,RTSO|SO|OE|VE|QS|TR,3,0,56484028,599,16,0.06832,16,0.038256,300,49,4270,2391,6000,,600,,,,cyclic,transition,0,no_load,both,B5: cyclic back-and-forth,servo-app/lab-0.1
1781163186.382126,23.130650997161865,B5_CYCLIC,B5_CYCLIC_R01_20260611_143242,delta-asda-b3-e,1591,RTSO|SO|OE|VE|QS|TR,3,0,58178257,599,23,0.09821,23,0.054993,300,49,4270,2391,6000,,600,,,,cyclic,transition,0,no_load,both,B5: cyclic back-and-forth,servo-app/lab-0.1
1781163186.4826643,23.231189250946045,B5_CYCLIC,B5_CYCLIC_R01_20260611_143242,delta-asda-b3-e,1591,RTSO|SO|OE|VE|QS|TR,3,0,59856128,599,17,0.07259,17,0.040647,300,49,4270,2391,6000,,600,,,,cyclic,transition,0,no_load,both,B5: cyclic back-and-forth,servo-app/lab-0.1
1781163186.5831227,23.331647634506226,B5_CYCLIC,B5_CYCLIC_R01_20260611_143242,delta-asda-b3-e,1591,RTSO|SO|OE|VE|QS|TR,3,0,61533380,599,23,0.09821,23,0.054993,300,49,4270,2391,6000,,600,,,,cyclic,transition,0,no_load,both,B5: cyclic back-and-forth,servo-app/lab-0.1
1781163186.6840045,23.43252944946289,B5_CYCLIC,B5_CYCLIC_R01_20260611_143242,delta-asda-b3-e,1591,RTSO|SO|OE|VE|QS|TR,3,0,63228055,599,20,0.0854,21,0.050211,300,49,4270,2391,6000,,600,,,,cyclic,transition,0,no_load,both,B5: cyclic back-and-forth,servo-app/lab-0.1
1781163186.7842972,23.532822132110596,B5_CYCLIC,B5_CYCLIC_R01_20260611_143242,delta-asda-b3-e,1591,RTSO|SO|OE|VE|QS|TR,3,0,64905393,599,21,0.08967,24,0.057384,300,49,4270,2391,6000,,600,,,,cyclic,transition,0,no_load,both,B5: cyclic back-and-forth,servo-app/lab-0.1
1781163186.8847487,23.633273601531982,B5_CYCLIC,B5_CYCLIC_R01_20260611_143242,delta-asda-b3-e,1591,RTSO|SO|OE|VE|QS|TR,3,0,66600522,600,18,0.07686,16,0.038256,300,49,4270,2391,6000,,600,,,,cyclic,transition,0,no_load,both,B5: cyclic back-and-forth,servo-app/lab-0.1
1781163186.9850647,23.73358964920044,B5_CYCLIC,B5_CYCLIC_R01_20260611_143242,delta-asda-b3-e,1591,RTSO|SO|OE|VE|QS|TR,3,0,68344431,598,22,0.09394,22,0.052602,300,49,4270,2391,6000,,600,,,,cyclic,transition,0,no_load,both,B5: cyclic back-and-forth,servo-app/lab-0.1
1781163187.0854993,23.83402419090271,B5_CYCLIC,B5_CYCLIC_R01_20260611_143242,delta-asda-b3-e,1591,RTSO|SO|OE|VE|QS|TR,3,0,69972478,599,21,0.08967,19,0.045429,300,49,4270,2391,6000,,600,,,,cyclic,transition,0,no_load,both,B5: cyclic back-and-forth,servo-app/lab-0.1
1781163187.1856515,23.934176445007324,B5_CYCLIC,B5_CYCLIC_R01_20260611_143242,delta-asda-b3-e,1591,RTSO|SO|OE|VE|QS|TR,3,0,71649541,598,26,0.11102,21,0.050211,300,49,4270,2391,6000,,600,,,,cyclic,transition,0,no_load,both,B5: cyclic back-and-forth,servo-app/lab-0.1
1781163187.2858148,24.034339666366577,B5_CYCLIC,B5_CYCLIC_R01_20260611_143242,delta-asda-b3-e,1591,RTSO|SO|OE|VE|QS|TR,3,0,73327692,599,19,0.08113,16,0.038256,300,49,4270,2391,6000,,600,,,,cyclic,transition,0,no_load,both,B5: cyclic back-and-forth,servo-app/lab-0.1
1781163187.3864539,24.134978771209717,B5_CYCLIC,B5_CYCLIC_R01_20260611_143242,delta-asda-b3-e,1591,RTSO|SO|OE|VE|QS|TR,3,0,75021778,599,22,0.09394,22,0.052602,300,49,4270,2391,6000,,600,,,,cyclic,transition,0,no_load,both,B5: cyclic back-and-forth,servo-app/lab-0.1
1781163187.487051,24.235575914382935,B5_CYCLIC,B5_CYCLIC_R01_20260611_143242,delta-asda-b3-e,1591,RTSO|SO|OE|VE|QS|TR,3,0,76699670,598,18,0.07686,18,0.043038,300,49,4270,2391,6000,,600,,,,cyclic,transition,0,no_load,both,B5: cyclic back-and-forth,servo-app/lab-0.1
1781163187.5872517,24.335776567459106,B5_CYCLIC,B5_CYCLIC_R01_20260611_143242,delta-asda-b3-e,1591,RTSO|SO|OE|VE|QS|TR,3,0,78360161,598,22,0.09394,22,0.052602,300,49,4270,2391,6000,,600,,,,cyclic,transition,0,no_load,both,B5: cyclic back-and-forth,servo-app/lab-0.1
1781163187.688133,24.436657905578613,B5_CYCLIC,B5_CYCLIC_R01_20260611_143242,delta-asda-b3-e,1591,RTSO|SO|OE|VE|QS|TR,3,0,80071490,598,22,0.09394,23,0.054993,300,49,4270,2391,6000,,600,,,,cyclic,transition,0,no_load,both,B5: cyclic back-and-forth,servo-app/lab-0.1
1781163187.7884202,24.536945104599,B5_CYCLIC,B5_CYCLIC_R01_20260611_143242,delta-asda-b3-e,1591,RTSO|SO|OE|VE|QS|TR,3,0,81765630,599,22,0.09394,23,0.054993,301,49,4270,2391,6000,,600,,,,cyclic,transition,0,no_load,both,B5: cyclic back-and-forth,servo-app/lab-0.1
1781163187.888619,24.637143850326538,B5_CYCLIC,B5_CYCLIC_R01_20260611_143242,delta-asda-b3-e,1591,RTSO|SO|OE|VE|QS|TR,3,0,83443999,599,15,0.06405,18,0.043038,300,49,4270,2391,6000,,600,,,,cyclic,transition,0,no_load,both,B5: cyclic back-and-forth,servo-app/lab-0.1
1781163187.9888556,24.737380504608154,B5_CYCLIC,B5_CYCLIC_R01_20260611_143242,delta-asda-b3-e,1591,RTSO|SO|OE|VE|QS|TR,3,0,85121072,598,23,0.09821,23,0.054993,300,49,4270,2391,6000,,600,,,,cyclic,transition,0,no_load,both,B5: cyclic back-and-forth,servo-app/lab-0.1
1781163188.0894442,24.837969064712524,B5_CYCLIC,B5_CYCLIC_R01_20260611_143242,delta-asda-b3-e,1591,RTSO|SO|OE|VE|QS|TR,3,0,86815858,598,22,0.09394,21,0.050211,300,49,4270,2391,6000,,600,,,,cyclic,transition,0,no_load,both,B5: cyclic back-and-forth,servo-app/lab-0.1
1781163188.189661,24.938185930252075,B5_CYCLIC,B5_CYCLIC_R01_20260611_143242,delta-asda-b3-e,1591,RTSO|SO|OE|VE|QS|TR,3,0,88509616,598,24,0.10248,22,0.052602,301,49,4270,2391,6000,,600,,,,cyclic,transition,0,no_load,both,B5: cyclic back-and-forth,servo-app/lab-0.1
1781163188.2902195,25.03874444961548,B5_CYCLIC,B5_CYCLIC_R01_20260611_143242,delta-asda-b3-e,1591,RTSO|SO|OE|VE|QS|TR,3,0,90171187,599,17,0.07259,18,0.043038,301,49,4270,2391,6000,,600,,,,cyclic,transition,0,no_load,both,B5: cyclic back-and-forth,servo-app/lab-0.1
1781163188.3914275,25.139952421188354,B5_CYCLIC,B5_CYCLIC_R01_20260611_143242,delta-asda-b3-e,1591,RTSO|SO|OE|VE|QS|TR,3,0,91881870,598,19,0.08113,22,0.052602,301,49,4270,2391,6000,,600,,,,cyclic,transition,0,no_load,both,B5: cyclic back-and-forth,servo-app/lab-0.1
1781163188.4919143,25.24043917655945,B5_CYCLIC,B5_CYCLIC_R01_20260611_143242,delta-asda-b3-e,1591,RTSO|SO|OE|VE|QS|TR,3,0,93559728,598,19,0.08113,17,0.040647,301,49,4270,2391,6000,,600,,,,cyclic,transition,0,no_load,both,B5: cyclic back-and-forth,servo-app/lab-0.1
1781163188.5920374,25.340562343597412,B5_CYCLIC,B5_CYCLIC_R01_20260611_143242,delta-asda-b3-e,1591,RTSO|SO|OE|VE|QS|TR,3,0,95236961,598,20,0.0854,21,0.050211,301,49,4270,2391,6000,,600,,,,cyclic,transition,0,no_load,both,B5: cyclic back-and-forth,servo-app/lab-0.1
1781163188.6926544,25.441179275512695,B5_CYCLIC,B5_CYCLIC_R01_20260611_143242,delta-asda-b3-e,1591,RTSO|SO|OE|VE|QS|TR,3,0,96931630,599,20,0.0854,23,0.054993,301,49,4270,2391,6000,,600,,,,cyclic,transition,0,no_load,both,B5: cyclic back-and-forth,servo-app/lab-0.1
1781163188.7927532,25.54127812385559,B5_CYCLIC,B5_CYCLIC_R01_20260611_143242,delta-asda-b3-e,1591,RTSO|SO|OE|VE|QS|TR,3,0,98609197,599,19,0.08113,20,0.04782,301,49,4270,2391,6000,,600,,,,cyclic,transition,0,no_load,both,B5: cyclic back-and-forth,servo-app/lab-0.1
1781163188.8932533,25.641778230667114,B5_CYCLIC,B5_CYCLIC_R01_20260611_143242,delta-asda-b3-e,1591,RTSO|SO|OE|VE|QS|TR,3,0,100287403,599,19,0.08113,16,0.038256,301,49,4270,2391,6000,,600,,,,cyclic,transition,0,no_load,both,B5: cyclic back-and-forth,servo-app/lab-0.1
1781163188.9933531,25.741878032684326,B5_CYCLIC,B5_CYCLIC_R01_20260611_143242,delta-asda-b3-e,1591,RTSO|SO|OE|VE|QS|TR,3,0,101964512,598,22,0.09394,23,0.054993,301,49,4270,2391,6000,,600,,,,cyclic,transition,0,no_load,both,B5: cyclic back-and-forth,servo-app/lab-0.1
1781163189.0938268,25.84235167503357,B5_CYCLIC,B5_CYCLIC_R01_20260611_143242,delta-asda-b3-e,1591,RTSO|SO|OE|VE|QS|TR,3,0,103659346,599,19,0.08113,19,0.045429,301,49,4270,2391,6000,,600,,,,cyclic,transition,0,no_load,both,B5: cyclic back-and-forth,servo-app/lab-0.1
1781163189.1942983,25.9428231716156,B5_CYCLIC,B5_CYCLIC_R01_20260611_143242,delta-asda-b3-e,1591,RTSO|SO|OE|VE|QS|TR,3,0,105336437,599,23,0.09821,24,0.057384,301,49,4270,2391,6000,,600,,,,cyclic,transition,0,no_load,both,B5: cyclic back-and-forth,servo-app/lab-0.1
1781163189.2945077,26.0430326461792,B5_CYCLIC,B5_CYCLIC_R01_20260611_143242,delta-asda-b3-e,1591,RTSO|SO|OE|VE|QS|TR,3,0,107031575,599,19,0.08113,22,0.052602,301,49,4270,2391,6000,,600,,,,cyclic,transition,0,no_load,both,B5: cyclic back-and-forth,servo-app/lab-0.1
1781163189.3951042,26.14362907409668,B5_CYCLIC,B5_CYCLIC_R01_20260611_143242,delta-asda-b3-e,1591,RTSO|SO|OE|VE|QS|TR,3,0,108708690,599,22,0.09394,20,0.04782,300,49,4270,2391,6000,,600,,,,cyclic,transition,0,no_load,both,B5: cyclic back-and-forth,servo-app/lab-0.1
1781163189.4962323,26.244757175445557,B5_CYCLIC,B5_CYCLIC_R01_20260611_143242,delta-asda-b3-e,1591,RTSO|SO|OE|VE|QS|TR,3,0,110403436,599,22,0.09394,19,0.045429,301,49,4270,2391,6000,,600,,,,cyclic,transition,0,no_load,both,B5: cyclic back-and-forth,servo-app/lab-0.1
1781163189.5963366,26.34486150741577,B5_CYCLIC,B5_CYCLIC_R01_20260611_143242,delta-asda-b3-e,1591,RTSO|SO|OE|VE|QS|TR,3,0,112080651,599,24,0.10248,21,0.050211,300,49,4270,2391,6000,,600,,,,cyclic,transition,0,no_load,both,B5: cyclic back-and-forth,servo-app/lab-0.1
1781163189.6969705,26.44549536705017,B5_CYCLIC,B5_CYCLIC_R01_20260611_143242,delta-asda-b3-e,1591,RTSO|SO|OE|VE|QS|TR,3,0,113775422,599,16,0.06832,15,0.035865,301,49,4270,2391,6000,,600,,,,cyclic,transition,0,no_load,both,B5: cyclic back-and-forth,servo-app/lab-0.1
1781163189.797597,26.546121835708618,B5_CYCLIC,B5_CYCLIC_R01_20260611_143242,delta-asda-b3-e,1591,RTSO|SO|OE|VE|QS|TR,3,0,115469866,600,19,0.08113,21,0.050211,301,49,4270,2391,6000,,600,,,,cyclic,transition,0,no_load,both,B5: cyclic back-and-forth,servo-app/lab-0.1
1781163189.8978758,26.646400690078735,B5_CYCLIC,B5_CYCLIC_R01_20260611_143242,delta-asda-b3-e,1591,RTSO|SO|OE|VE|QS|TR,3,0,117147934,599,25,0.10675,19,0.045429,301,49,4270,2391,6000,,600,,,,cyclic,transition,0,no_load,both,B5: cyclic back-and-forth,servo-app/lab-0.1
1781163189.9979455,26.74647045135498,B5_CYCLIC,B5_CYCLIC_R01_20260611_143242,delta-asda-b3-e,1591,RTSO|SO|OE|VE|QS|TR,3,0,118825153,599,22,0.09394,19,0.045429,301,49,4270,2391,6000,,600,,,,cyclic,transition,0,no_load,both,B5: cyclic back-and-forth,servo-app/lab-0.1
1781163190.0983038,26.84682869911194,B5_CYCLIC,B5_CYCLIC_R01_20260611_143242,delta-asda-b3-e,1591,RTSO|SO|OE|VE|QS|TR,3,0,120503114,599,19,0.08113,18,0.043038,301,49,4270,2391,6000,,600,,,,cyclic,transition,0,no_load,both,B5: cyclic back-and-forth,servo-app/lab-0.1
1781163190.19859,26.947114944458008,B5_CYCLIC,B5_CYCLIC_R01_20260611_143242,delta-asda-b3-e,1591,RTSO|SO|OE|VE|QS|TR,3,0,122247694,601,17,0.07259,15,0.035865,301,49,4270,2391,6000,,600,,,,cyclic,transition,0,no_load,both,B5: cyclic back-and-forth,servo-app/lab-0.1
1781163190.2988615,27.047386407852173,B5_CYCLIC,B5_CYCLIC_R01_20260611_143242,delta-asda-b3-e,1591,RTSO|SO|OE|VE|QS|TR,3,0,123875411,600,23,0.09821,17,0.040647,300,49,4270,2391,6000,,600,,,,cyclic,transition,0,no_load,both,B5: cyclic back-and-forth,servo-app/lab-0.1
1781163190.3990304,27.147555351257324,B5_CYCLIC,B5_CYCLIC_R01_20260611_143242,delta-asda-b3-e,1591,RTSO|SO|OE|VE|QS|TR,3,0,125552543,599,19,0.08113,21,0.050211,300,49,4270,2391,6000,,600,,,,cyclic,transition,0,no_load,both,B5: cyclic back-and-forth,servo-app/lab-0.1
1781163190.499605,27.248129844665527,B5_CYCLIC,B5_CYCLIC_R01_20260611_143242,delta-asda-b3-e,1591,RTSO|SO|OE|VE|QS|TR,3,0,127247269,600,21,0.08967,21,0.050211,300,49,4270,2391,6000,,600,,,,cyclic,transition,0,no_load,both,B5: cyclic back-and-forth,servo-app/lab-0.1
1781163190.5996947,27.348219633102417,B5_CYCLIC,B5_CYCLIC_R01_20260611_143242,delta-asda-b3-e,1591,RTSO|SO|OE|VE|QS|TR,3,0,128924444,600,19,0.08113,26,0.062166,300,49,4270,2391,6000,,600,,,,cyclic,transition,0,no_load,both,B5: cyclic back-and-forth,servo-app/lab-0.1
1781163190.6999762,27.448501110076904,B5_CYCLIC,B5_CYCLIC_R01_20260611_143242,delta-asda-b3-e,1591,RTSO|SO|OE|VE|QS|TR,3,0,130602524,600,18,0.07686,19,0.045429,300,49,4270,2391,6000,,600,,,,cyclic,transition,0,no_load,both,B5: cyclic back-and-forth,servo-app/lab-0.1
1781163190.800711,27.549235820770264,B5_CYCLIC,B5_CYCLIC_R01_20260611_143242,delta-asda-b3-e,1591,RTSO|SO|OE|VE|QS|TR,3,0,132296953,600,19,0.08113,20,0.04782,301,49,4270,2391,6000,,600,,,,cyclic,transition,0,no_load,both,B5: cyclic back-and-forth,servo-app/lab-0.1
1781163190.9013002,27.64982509613037,B5_CYCLIC,B5_CYCLIC_R01_20260611_143242,delta-asda-b3-e,1591,RTSO|SO|OE|VE|QS|TR,3,0,133974938,600,18,0.07686,20,0.04782,301,49,4270,2391,6000,,600,,,,cyclic,transition,0,no_load,both,B5: cyclic back-and-forth,servo-app/lab-0.1
1781163191.0018399,27.750364780426025,B5_CYCLIC,B5_CYCLIC_R01_20260611_143242,delta-asda-b3-e,1591,RTSO|SO|OE|VE|QS|TR,3,0,135668959,600,17,0.07259,21,0.050211,301,49,4270,2391,6000,,600,,,,cyclic,transition,0,no_load,both,B5: cyclic back-and-forth,servo-app/lab-0.1
1781163191.1019459,27.850470781326294,B5_CYCLIC,B5_CYCLIC_R01_20260611_143242,delta-asda-b3-e,1591,RTSO|SO|OE|VE|QS|TR,3,0,137346874,600,16,0.06832,19,0.045429,300,49,4270,2391,6000,,600,,,,cyclic,transition,0,no_load,both,B5: cyclic back-and-forth,servo-app/lab-0.1
1781163191.2024424,27.95096731185913,B5_CYCLIC,B5_CYCLIC_R01_20260611_143242,delta-asda-b3-e,1591,RTSO|SO|OE|VE|QS|TR,3,0,139041111,601,14,0.05978,16,0.038256,301,49,4270,2391,6000,,600,,,,cyclic,transition,0,no_load,both,B5: cyclic back-and-forth,servo-app/lab-0.1
1781163191.3026836,28.05120849609375,B5_CYCLIC,B5_CYCLIC_R01_20260611_143242,delta-asda-b3-e,1591,RTSO|SO|OE|VE|QS|TR,3,0,140719263,600,19,0.08113,21,0.050211,300,49,4270,2391,6000,,600,,,,cyclic,transition,0,no_load,both,B5: cyclic back-and-forth,servo-app/lab-0.1
1781163191.4028172,28.151342153549194,B5_CYCLIC,B5_CYCLIC_R01_20260611_143242,delta-asda-b3-e,1591,RTSO|SO|OE|VE|QS|TR,3,0,142396368,600,23,0.09821,25,0.059775,300,49,4270,2391,6000,,600,,,,cyclic,transition,0,no_load,both,B5: cyclic back-and-forth,servo-app/lab-0.1
1781163191.5030043,28.251529216766357,B5_CYCLIC,B5_CYCLIC_R01_20260611_143242,delta-asda-b3-e,1591,RTSO|SO|OE|VE|QS|TR,3,0,144074295,600,20,0.0854,17,0.040647,300,49,4270,2391,6000,,600,,,,cyclic,transition,0,no_load,both,B5: cyclic back-and-forth,servo-app/lab-0.1
1781163191.6032827,28.351807594299316,B5_CYCLIC,B5_CYCLIC_R01_20260611_143242,delta-asda-b3-e,1591,RTSO|SO|OE|VE|QS|TR,3,0,145751516,600,21,0.08967,19,0.045429,300,49,4270,2391,6000,,600,,,,cyclic,transition,0,no_load,both,B5: cyclic back-and-forth,servo-app/lab-0.1
1781163191.7034066,28.451931476593018,B5_CYCLIC,B5_CYCLIC_R01_20260611_143242,delta-asda-b3-e,1591,RTSO|SO|OE|VE|QS|TR,3,0,147429614,601,16,0.06832,16,0.038256,300,49,4270,2391,6000,,600,,,,cyclic,transition,0,no_load,both,B5: cyclic back-and-forth,servo-app/lab-0.1
1781163191.803635,28.552159786224365,B5_CYCLIC,B5_CYCLIC_R01_20260611_143242,delta-asda-b3-e,1591,RTSO|SO|OE|VE|QS|TR,3,0,149124070,601,20,0.0854,19,0.045429,300,49,4270,2391,6000,,600,,,,cyclic,transition,0,no_load,both,B5: cyclic back-and-forth,servo-app/lab-0.1
1781163191.904031,28.6525559425354,B5_CYCLIC,B5_CYCLIC_R01_20260611_143242,delta-asda-b3-e,1591,RTSO|SO|OE|VE|QS|TR,3,0,150801931,600,21,0.08967,21,0.050211,300,49,4270,2391,6000,,600,,,,cyclic,transition,0,no_load,both,B5: cyclic back-and-forth,servo-app/lab-0.1
1781163192.004158,28.75268292427063,B5_CYCLIC,B5_CYCLIC_R01_20260611_143242,delta-asda-b3-e,1591,RTSO|SO|OE|VE|QS|TR,3,0,152479250,600,23,0.09821,21,0.050211,300,49,4270,2391,6000,,600,,,,cyclic,transition,0,no_load,both,B5: cyclic back-and-forth,servo-app/lab-0.1
1781163192.104445,28.852969884872437,B5_CYCLIC,B5_CYCLIC_R01_20260611_143242,delta-asda-b3-e,1591,RTSO|SO|OE|VE|QS|TR,3,0,154173901,600,18,0.07686,18,0.043038,300,49,4270,2391,6000,,600,,,,cyclic,transition,0,no_load,both,B5: cyclic back-and-forth,servo-app/lab-0.1
1781163192.240432,28.988956928253174,B5_CYCLIC,B5_CYCLIC_R01_20260611_143242,delta-asda-b3-e,1591,RTSO|SO|OE|VE|QS|TR,3,0,157747447,600,19,0.08113,19,0.045429,300,49,4270,2391,6000,,600,,,,cyclic,transition,0,no_load,both,B5: cyclic back-and-forth,servo-app/lab-0.1
1781163192.3551066,29.103631496429443,B5_CYCLIC,B5_CYCLIC_R01_20260611_143242,delta-asda-b3-e,1591,RTSO|SO|OE|VE|QS|TR,3,0,158368422,600,18,0.07686,16,0.038256,300,49,4270,2391,6000,,600,,,,cyclic,transition,0,no_load,both,B5: cyclic back-and-forth,servo-app/lab-0.1
1781163192.4561398,29.204664707183838,B5_CYCLIC,B5_CYCLIC_R01_20260611_143242,delta-asda-b3-e,1591,RTSO|SO|OE|VE|QS|TR,3,0,160063173,601,19,0.08113,17,0.040647,300,49,4270,2391,6000,,600,,,,cyclic,transition,0,no_load,both,B5: cyclic back-and-forth,servo-app/lab-0.1
1781163192.5566862,29.305211067199707,B5_CYCLIC,B5_CYCLIC_R01_20260611_143242,delta-asda-b3-e,1591,RTSO|SO|OE|VE|QS|TR,3,0,161757581,600,17,0.07259,16,0.038256,300,49,4270,2391,6000,,600,,,,cyclic,transition,0,no_load,both,B5: cyclic back-and-forth,servo-app/lab-0.1
1781163192.6571848,29.405709743499756,B5_CYCLIC,B5_CYCLIC_R01_20260611_143242,delta-asda-b3-e,1591,RTSO|SO|OE|VE|QS|TR,3,0,163435274,600,18,0.07686,21,0.050211,300,49,4270,2391,6000,,600,,,,cyclic,transition,0,no_load,both,B5: cyclic back-and-forth,servo-app/lab-0.1
1781163192.7573314,29.50585627555847,B5_CYCLIC,B5_CYCLIC_R01_20260611_143242,delta-asda-b3-e,1591,RTSO|SO|OE|VE|QS|TR,3,0,165112776,600,17,0.07259,18,0.043038,300,49,4270,2391,6000,,600,,,,cyclic,transition,0,no_load,both,B5: cyclic back-and-forth,servo-app/lab-0.1
1781163192.8577397,29.60626459121704,B5_CYCLIC,B5_CYCLIC_R01_20260611_143242,delta-asda-b3-e,1591,RTSO|SO|OE|VE|QS|TR,3,0,166807213,600,19,0.08113,18,0.043038,300,49,4270,2391,6000,,600,,,,cyclic,transition,0,no_load,both,B5: cyclic back-and-forth,servo-app/lab-0.1
1781163192.9580524,29.70657730102539,B5_CYCLIC,B5_CYCLIC_R01_20260611_143242,delta-asda-b3-e,1591,RTSO|SO|OE|VE|QS|TR,3,0,168484962,600,21,0.08967,17,0.040647,300,49,4270,2391,6000,,600,,,,cyclic,transition,0,no_load,both,B5: cyclic back-and-forth,servo-app/lab-0.1
1781163193.0583673,29.806892156600952,B5_CYCLIC,B5_CYCLIC_R01_20260611_143242,delta-asda-b3-e,1591,RTSO|SO|OE|VE|QS|TR,3,0,170162874,600,20,0.0854,19,0.045429,300,49,4270,2391,6000,,600,,,,cyclic,transition,0,no_load,both,B5: cyclic back-and-forth,servo-app/lab-0.1
1781163193.1592367,29.907761573791504,B5_CYCLIC,B5_CYCLIC_R01_20260611_143242,delta-asda-b3-e,1591,RTSO|SO|OE|VE|QS|TR,3,0,171856937,599,17,0.07259,17,0.040647,300,49,4270,2391,6000,,600,,,,cyclic,transition,0,no_load,both,B5: cyclic back-and-forth,servo-app/lab-0.1
1781163193.2593493,30.007874250411987,B5_CYCLIC,B5_CYCLIC_R01_20260611_143242,delta-asda-b3-e,1591,RTSO|SO|OE|VE|QS|TR,3,0,171722036,-588,-17,-0.07259,-22,-0.052602,300,49,4270,2391,6000,,600,,,,cyclic,transition,0,no_load,both,B5: cyclic back-and-forth,servo-app/lab-0.1
1781163193.3597476,30.108272552490234,B5_CYCLIC,B5_CYCLIC_R01_20260611_143242,delta-asda-b3-e,1591,RTSO|SO|OE|VE|QS|TR,3,0,170027877,-599,-21,-0.08967,-20,-0.04782,300,49,4270,2391,6000,,600,,,,cyclic,transition,0,no_load,both,B5: cyclic back-and-forth,servo-app/lab-0.1
1781163193.4600456,30.20857048034668,B5_CYCLIC,B5_CYCLIC_R01_20260611_143242,delta-asda-b3-e,1591,RTSO|SO|OE|VE|QS|TR,3,0,168350291,-599,-22,-0.09394,-19,-0.045429,300,49,4270,2391,6000,,600,,,,cyclic,transition,0,no_load,both,B5: cyclic back-and-forth,servo-app/lab-0.1
1781163193.5604644,30.30898928642273,B5_CYCLIC,B5_CYCLIC_R01_20260611_143242,delta-asda-b3-e,1591,RTSO|SO|OE|VE|QS|TR,3,0,166672645,-600,-19,-0.08113,-19,-0.045429,300,49,4270,2391,6000,,600,,,,cyclic,transition,0,no_load,both,B5: cyclic back-and-forth,servo-app/lab-0.1
1781163193.6606772,30.409202098846436,B5_CYCLIC,B5_CYCLIC_R01_20260611_143242,delta-asda-b3-e,1591,RTSO|SO|OE|VE|QS|TR,3,0,164977749,-599,-19,-0.08113,-18,-0.043038,300,49,4270,2391,6000,,600,,,,cyclic,transition,0,no_load,both,B5: cyclic back-and-forth,servo-app/lab-0.1
1781163193.7609646,30.5094895362854,B5_CYCLIC,B5_CYCLIC_R01_20260611_143242,delta-asda-b3-e,1591,RTSO|SO|OE|VE|QS|TR,3,0,163300264,-600,-22,-0.09394,-22,-0.052602,300,49,4270,2391,6000,,600,,,,cyclic,transition,0,no_load,both,B5: cyclic back-and-forth,servo-app/lab-0.1
1781163193.8610709,30.609595775604248,B5_CYCLIC,B5_CYCLIC_R01_20260611_143242,delta-asda-b3-e,1591,RTSO|SO|OE|VE|QS|TR,3,0,161622299,-599,-23,-0.09821,-22,-0.052602,300,49,4270,2391,6000,,600,,,,cyclic,transition,0,no_load,both,B5: cyclic back-and-forth,servo-app/lab-0.1
1781163193.9615352,30.710060119628906,B5_CYCLIC,B5_CYCLIC_R01_20260611_143242,delta-asda-b3-e,1591,RTSO|SO|OE|VE|QS|TR,3,0,159928249,-599,-17,-0.07259,-21,-0.050211,300,49,4270,2391,6000,,600,,,,cyclic,transition,0,no_load,both,B5: cyclic back-and-forth,servo-app/lab-0.1
1781163194.0621142,30.810639142990112,B5_CYCLIC,B5_CYCLIC_R01_20260611_143242,delta-asda-b3-e,1591,RTSO|SO|OE|VE|QS|TR,3,0,158249969,-600,-20,-0.0854,-23,-0.054993,300,49,4270,2391,6000,,600,,,,cyclic,transition,0,no_load,both,B5: cyclic back-and-forth,servo-app/lab-0.1
1781163194.1625934,30.911118268966675,B5_CYCLIC,B5_CYCLIC_R01_20260611_143242,delta-asda-b3-e,1591,RTSO|SO|OE|VE|QS|TR,3,0,156555898,-600,-22,-0.09394,-23,-0.054993,300,49,4270,2391,6000,,600,,,,cyclic,transition,0,no_load,both,B5: cyclic back-and-forth,servo-app/lab-0.1
1781163194.2630172,31.011542081832886,B5_CYCLIC,B5_CYCLIC_R01_20260611_143242,delta-asda-b3-e,1591,RTSO|SO|OE|VE|QS|TR,3,0,154877910,-600,-18,-0.07686,-20,-0.04782,300,49,4270,2391,6000,,600,,,,cyclic,transition,0,no_load,both,B5: cyclic back-and-forth,servo-app/lab-0.1
1781163194.363359,31.111883878707886,B5_CYCLIC,B5_CYCLIC_R01_20260611_143242,delta-asda-b3-e,1591,RTSO|SO|OE|VE|QS|TR,3,0,153200544,-599,-22,-0.09394,-23,-0.054993,300,49,4270,2391,6000,,600,,,,cyclic,transition,0,no_load,both,B5: cyclic back-and-forth,servo-app/lab-0.1
1781163194.4636908,31.212215662002563,B5_CYCLIC,B5_CYCLIC_R01_20260611_143242,delta-asda-b3-e,1591,RTSO|SO|OE|VE|QS|TR,3,0,151505896,-600,-23,-0.09821,-21,-0.050211,300,49,4270,2391,6000,,600,,,,cyclic,transition,0,no_load,both,B5: cyclic back-and-forth,servo-app/lab-0.1
1781163194.564192,31.312716960906982,B5_CYCLIC,B5_CYCLIC_R01_20260611_143242,delta-asda-b3-e,1591,RTSO|SO|OE|VE|QS|TR,3,0,149828230,-600,-26,-0.11102,-23,-0.054993,300,49,4270,2391,6000,,600,,,,cyclic,transition,0,no_load,both,B5: cyclic back-and-forth,servo-app/lab-0.1
1781163194.6642778,31.412802696228027,B5_CYCLIC,B5_CYCLIC_R01_20260611_143242,delta-asda-b3-e,1591,RTSO|SO|OE|VE|QS|TR,3,0,148150139,-600,-21,-0.08967,-20,-0.04782,300,49,4270,2391,6000,,600,,,,cyclic,transition,0,no_load,both,B5: cyclic back-and-forth,servo-app/lab-0.1
1781163194.764728,31.51325297355652,B5_CYCLIC,B5_CYCLIC_R01_20260611_143242,delta-asda-b3-e,1591,RTSO|SO|OE|VE|QS|TR,3,0,146388640,-600,-19,-0.08113,-27,-0.064557,300,49,4270,2391,6000,,600,,,,cyclic,transition,0,no_load,both,B5: cyclic back-and-forth,servo-app/lab-0.1
1781163194.8647954,31.613320350646973,B5_CYCLIC,B5_CYCLIC_R01_20260611_143242,delta-asda-b3-e,1591,RTSO|SO|OE|VE|QS|TR,3,0,144777965,-600,-21,-0.08967,-20,-0.04782,300,49,4270,2391,6000,,600,,,,cyclic,transition,0,no_load,both,B5: cyclic back-and-forth,servo-app/lab-0.1
1781163194.9653482,31.713873147964478,B5_CYCLIC,B5_CYCLIC_R01_20260611_143242,delta-asda-b3-e,1591,RTSO|SO|OE|VE|QS|TR,3,0,143100597,-600,-18,-0.07686,-21,-0.050211,300,49,4270,2391,6000,,600,,,,cyclic,transition,0,no_load,both,B5: cyclic back-and-forth,servo-app/lab-0.1
1781163195.0654292,31.81395411491394,B5_CYCLIC,B5_CYCLIC_R01_20260611_143242,delta-asda-b3-e,1591,RTSO|SO|OE|VE|QS|TR,3,0,141422347,-600,-16,-0.06832,-20,-0.04782,300,49,4270,2391,6000,,600,,,,cyclic,transition,0,no_load,both,B5: cyclic back-and-forth,servo-app/lab-0.1
1781163195.1659443,31.914469242095947,B5_CYCLIC,B5_CYCLIC_R01_20260611_143242,delta-asda-b3-e,1591,RTSO|SO|OE|VE|QS|TR,3,0,139728209,-600,-22,-0.09394,-19,-0.045429,300,49,4270,2391,6000,,600,,,,cyclic,transition,0,no_load,both,B5: cyclic back-and-forth,servo-app/lab-0.1
1781163195.2660346,32.014559507369995,B5_CYCLIC,B5_CYCLIC_R01_20260611_143242,delta-asda-b3-e,1591,RTSO|SO|OE|VE|QS|TR,3,0,138050201,-600,-17,-0.07259,-17,-0.040647,300,49,4270,2391,6000,,600,,,,cyclic,transition,0,no_load,both,B5: cyclic back-and-forth,servo-app/lab-0.1
1781163195.3663237,32.114848613739014,B5_CYCLIC,B5_CYCLIC_R01_20260611_143242,delta-asda-b3-e,1591,RTSO|SO|OE|VE|QS|TR,3,0,136372840,-600,-16,-0.06832,-20,-0.04782,300,49,4270,2391,6000,,600,,,,cyclic,transition,0,no_load,both,B5: cyclic back-and-forth,servo-app/lab-0.1
1781163195.4671066,32.21563148498535,B5_CYCLIC,B5_CYCLIC_R01_20260611_143242,delta-asda-b3-e,1591,RTSO|SO|OE|VE|QS|TR,3,0,134678122,-600,-22,-0.09394,-25,-0.059775,300,49,4270,2391,6000,,600,,,,cyclic,transition,0,no_load,both,B5: cyclic back-and-forth,servo-app/lab-0.1
1781163195.5675387,32.31606364250183,B5_CYCLIC,B5_CYCLIC_R01_20260611_143242,delta-asda-b3-e,1591,RTSO|SO|OE|VE|QS|TR,3,0,133000443,-600,-23,-0.09821,-26,-0.062166,300,49,4270,2391,6000,,600,,,,cyclic,transition,0,no_load,both,B5: cyclic back-and-forth,servo-app/lab-0.1
1781163195.6680028,32.41652774810791,B5_CYCLIC,B5_CYCLIC_R01_20260611_143242,delta-asda-b3-e,1591,RTSO|SO|OE|VE|QS|TR,3,0,131305601,-600,-15,-0.06405,-16,-0.038256,300,49,4270,2391,6000,,600,,,,cyclic,transition,0,no_load,both,B5: cyclic back-and-forth,servo-app/lab-0.1
1781163195.7685795,32.517104387283325,B5_CYCLIC,B5_CYCLIC_R01_20260611_143242,delta-asda-b3-e,1591,RTSO|SO|OE|VE|QS|TR,3,0,129611337,-600,-19,-0.08113,-18,-0.043038,300,49,4270,2391,6000,,600,,,,cyclic,transition,0,no_load,both,B5: cyclic back-and-forth,servo-app/lab-0.1
1781163195.8686838,32.61720871925354,B5_CYCLIC,B5_CYCLIC_R01_20260611_143242,delta-asda-b3-e,1591,RTSO|SO|OE|VE|QS|TR,3,0,127933536,-600,-18,-0.07686,-16,-0.038256,300,49,4270,2391,6000,,600,,,,cyclic,transition,0,no_load,both,B5: cyclic back-and-forth,servo-app/lab-0.1
1781163195.9697433,32.718268156051636,B5_CYCLIC,B5_CYCLIC_R01_20260611_143242,delta-asda-b3-e,1591,RTSO|SO|OE|VE|QS|TR,3,0,126155356,-600,-18,-0.07686,-18,-0.043038,300,49,4270,2391,6000,,600,,,,cyclic,transition,0,no_load,both,B5: cyclic back-and-forth,servo-app/lab-0.1
1781163196.0709972,32.81952214241028,B5_CYCLIC,B5_CYCLIC_R01_20260611_143242,delta-asda-b3-e,1591,RTSO|SO|OE|VE|QS|TR,3,0,124544303,-600,-20,-0.0854,-21,-0.050211,300,49,4270,2391,6000,,600,,,,cyclic,transition,0,no_load,both,B5: cyclic back-and-forth,servo-app/lab-0.1
1781163196.1711068,32.91963171958923,B5_CYCLIC,B5_CYCLIC_R01_20260611_143242,delta-asda-b3-e,1591,RTSO|SO|OE|VE|QS|TR,3,0,122866951,-600,-19,-0.08113,-20,-0.04782,300,49,4270,2391,6000,,600,,,,cyclic,transition,0,no_load,both,B5: cyclic back-and-forth,servo-app/lab-0.1
1781163196.2716763,33.020201206207275,B5_CYCLIC,B5_CYCLIC_R01_20260611_143242,delta-asda-b3-e,1591,RTSO|SO|OE|VE|QS|TR,3,0,121155434,-600,-23,-0.09821,-22,-0.052602,300,49,4270,2391,6000,,600,,,,cyclic,transition,0,no_load,both,B5: cyclic back-and-forth,servo-app/lab-0.1
1781163196.371974,33.12049889564514,B5_CYCLIC,B5_CYCLIC_R01_20260611_143242,delta-asda-b3-e,1591,RTSO|SO|OE|VE|QS|TR,3,0,119494957,-600,-19,-0.08113,-20,-0.04782,300,49,4270,2391,6000,,600,,,,cyclic,transition,0,no_load,both,B5: cyclic back-and-forth,servo-app/lab-0.1
1781163196.4723153,33.22084021568298,B5_CYCLIC,B5_CYCLIC_R01_20260611_143242,delta-asda-b3-e,1591,RTSO|SO|OE|VE|QS|TR,3,0,117816808,-600,-18,-0.07686,-17,-0.040647,300,49,4270,2391,6000,,600,,,,cyclic,transition,0,no_load,both,B5: cyclic back-and-forth,servo-app/lab-0.1
1781163196.5727174,33.321242332458496,B5_CYCLIC,B5_CYCLIC_R01_20260611_143242,delta-asda-b3-e,1591,RTSO|SO|OE|VE|QS|TR,3,0,116122426,-600,-17,-0.07259,-19,-0.045429,300,49,4270,2391,6000,,600,,,,cyclic,transition,0,no_load,both,B5: cyclic back-and-forth,servo-app/lab-0.1
1781163196.6730893,33.42161417007446,B5_CYCLIC,B5_CYCLIC_R01_20260611_143242,delta-asda-b3-e,1591,RTSO|SO|OE|VE|QS|TR,3,0,114444446,-600,-19,-0.08113,-18,-0.043038,300,49,4270,2391,6000,,600,,,,cyclic,transition,0,no_load,both,B5: cyclic back-and-forth,servo-app/lab-0.1
1781163196.773289,33.52181386947632,B5_CYCLIC,B5_CYCLIC_R01_20260611_143242,delta-asda-b3-e,1591,RTSO|SO|OE|VE|QS|TR,3,0,112766999,-600,-21,-0.08967,-21,-0.050211,300,49,4270,2391,6000,,600,,,,cyclic,transition,0,no_load,both,B5: cyclic back-and-forth,servo-app/lab-0.1
1781163196.873685,33.622209787368774,B5_CYCLIC,B5_CYCLIC_R01_20260611_143242,delta-asda-b3-e,1591,RTSO|SO|OE|VE|QS|TR,3,0,111072488,-599,-20,-0.0854,-20,-0.04782,300,49,4270,2391,6000,,600,,,,cyclic,transition,0,no_load,both,B5: cyclic back-and-forth,servo-app/lab-0.1
1781163196.9739957,33.72252058982849,B5_CYCLIC,B5_CYCLIC_R01_20260611_143242,delta-asda-b3-e,1591,RTSO|SO|OE|VE|QS|TR,3,0,109394873,-600,-19,-0.08113,-17,-0.040647,299,49,4270,2391,6000,,600,,,,cyclic,transition,0,no_load,both,B5: cyclic back-and-forth,servo-app/lab-0.1
1781163197.0743103,33.822835206985474,B5_CYCLIC,B5_CYCLIC_R01_20260611_143242,delta-asda-b3-e,1591,RTSO|SO|OE|VE|QS|TR,3,0,107716807,-600,-21,-0.08967,-21,-0.050211,299,49,4270,2391,6000,,600,,,,cyclic,transition,0,no_load,both,B5: cyclic back-and-forth,servo-app/lab-0.1
1781163197.1748652,33.92339015007019,B5_CYCLIC,B5_CYCLIC_R01_20260611_143242,delta-asda-b3-e,1591,RTSO|SO|OE|VE|QS|TR,3,0,106022721,-600,-19,-0.08113,-23,-0.054993,300,49,4270,2391,6000,,600,,,,cyclic,transition,0,no_load,both,B5: cyclic back-and-forth,servo-app/lab-0.1
1781163197.2754092,34.02393412590027,B5_CYCLIC,B5_CYCLIC_R01_20260611_143242,delta-asda-b3-e,1591,RTSO|SO|OE|VE|QS|TR,3,0,104277856,-599,-23,-0.09821,-17,-0.040647,300,49,4270,2391,6000,,600,,,,cyclic,transition,0,no_load,both,B5: cyclic back-and-forth,servo-app/lab-0.1
1781163197.3758821,34.124407052993774,B5_CYCLIC,B5_CYCLIC_R01_20260611_143242,delta-asda-b3-e,1591,RTSO|SO|OE|VE|QS|TR,3,0,102650788,-599,-22,-0.09394,-27,-0.064557,300,49,4270,2391,6000,,600,,,,cyclic,transition,0,no_load,both,B5: cyclic back-and-forth,servo-app/lab-0.1
1781163197.4762287,34.224753618240356,B5_CYCLIC,B5_CYCLIC_R01_20260611_143242,delta-asda-b3-e,1591,RTSO|SO|OE|VE|QS|TR,3,0,100972621,-600,-21,-0.08967,-15,-0.035865,300,49,4270,2391,6000,,600,,,,cyclic,transition,0,no_load,both,B5: cyclic back-and-forth,servo-app/lab-0.1
1781163197.5766065,34.3251314163208,B5_CYCLIC,B5_CYCLIC_R01_20260611_143242,delta-asda-b3-e,1591,RTSO|SO|OE|VE|QS|TR,3,0,99278321,-600,-19,-0.08113,-18,-0.043038,300,49,4270,2391,6000,,600,,,,cyclic,transition,0,no_load,both,B5: cyclic back-and-forth,servo-app/lab-0.1
1781163197.6772106,34.42573547363281,B5_CYCLIC,B5_CYCLIC_R01_20260611_143242,delta-asda-b3-e,1591,RTSO|SO|OE|VE|QS|TR,3,0,97600242,-600,-22,-0.09394,-21,-0.050211,300,49,4270,2391,6000,,600,,,,cyclic,transition,0,no_load,both,B5: cyclic back-and-forth,servo-app/lab-0.1
1781163197.7777286,34.52625346183777,B5_CYCLIC,B5_CYCLIC_R01_20260611_143242,delta-asda-b3-e,1591,RTSO|SO|OE|VE|QS|TR,3,0,95906084,-599,-20,-0.0854,-19,-0.045429,300,49,4270,2391,6000,,600,,,,cyclic,transition,0,no_load,both,B5: cyclic back-and-forth,servo-app/lab-0.1
1781163197.878198,34.62672281265259,B5_CYCLIC,B5_CYCLIC_R01_20260611_143242,delta-asda-b3-e,1591,RTSO|SO|OE|VE|QS|TR,3,0,94228246,-599,-20,-0.0854,-20,-0.04782,300,49,4270,2391,6000,,600,,,,cyclic,transition,0,no_load,both,B5: cyclic back-and-forth,servo-app/lab-0.1
1781163197.978809,34.72733402252197,B5_CYCLIC,B5_CYCLIC_R01_20260611_143242,delta-asda-b3-e,1591,RTSO|SO|OE|VE|QS|TR,3,0,92533744,-600,-20,-0.0854,-19,-0.045429,300,49,4270,2391,6000,,600,,,,cyclic,transition,0,no_load,both,B5: cyclic back-and-forth,servo-app/lab-0.1
1781163198.0793006,34.82782554626465,B5_CYCLIC,B5_CYCLIC_R01_20260611_143242,delta-asda-b3-e,1591,RTSO|SO|OE|VE|QS|TR,3,0,90855791,-599,-20,-0.0854,-19,-0.045429,299,49,4270,2391,6000,,600,,,,cyclic,transition,0,no_load,both,B5: cyclic back-and-forth,servo-app/lab-0.1
1781163198.1793683,34.92789316177368,B5_CYCLIC,B5_CYCLIC_R01_20260611_143242,delta-asda-b3-e,1591,RTSO|SO|OE|VE|QS|TR,3,0,89178396,-600,-20,-0.0854,-18,-0.043038,300,49,4270,2391,6000,,600,,,,cyclic,transition,0,no_load,both,B5: cyclic back-and-forth,servo-app/lab-0.1
1781163198.279972,35.028496980667114,B5_CYCLIC,B5_CYCLIC_R01_20260611_143242,delta-asda-b3-e,1591,RTSO|SO|OE|VE|QS|TR,3,0,87483809,-599,-17,-0.07259,-16,-0.038256,300,49,4270,2391,6000,,600,,,,cyclic,transition,0,no_load,both,B5: cyclic back-and-forth,servo-app/lab-0.1
1781163198.3800404,35.128565311431885,B5_CYCLIC,B5_CYCLIC_R01_20260611_143242,delta-asda-b3-e,1591,RTSO|SO|OE|VE|QS|TR,3,0,85806380,-599,-25,-0.10675,-22,-0.052602,300,49,4270,2391,6000,,600,,,,cyclic,transition,0,no_load,both,B5: cyclic back-and-forth,servo-app/lab-0.1
1781163198.4806483,35.22917318344116,B5_CYCLIC,B5_CYCLIC_R01_20260611_143242,delta-asda-b3-e,1591,RTSO|SO|OE|VE|QS|TR,3,0,84111401,-600,-17,-0.07259,-20,-0.04782,299,49,4270,2391,6000,,600,,,,cyclic,transition,0,no_load,both,B5: cyclic back-and-forth,servo-app/lab-0.1
1781163198.5808666,35.32939147949219,B5_CYCLIC,B5_CYCLIC_R01_20260611_143242,delta-asda-b3-e,1591,RTSO|SO|OE|VE|QS|TR,3,0,82433909,-599,-20,-0.0854,-20,-0.04782,300,49,4270,2391,6000,,600,,,,cyclic,transition,0,no_load,both,B5: cyclic back-and-forth,servo-app/lab-0.1
1781163198.6811209,35.42964577674866,B5_CYCLIC,B5_CYCLIC_R01_20260611_143242,delta-asda-b3-e,1591,RTSO|SO|OE|VE|QS|TR,3,0,80755915,-599,-17,-0.07259,-18,-0.043038,300,49,4270,2391,6000,,600,,,,cyclic,transition,0,no_load,both,B5: cyclic back-and-forth,servo-app/lab-0.1
1781163198.7814097,35.5299346446991,B5_CYCLIC,B5_CYCLIC_R01_20260611_143242,delta-asda-b3-e,1591,RTSO|SO|OE|VE|QS|TR,3,0,79061858,-599,-22,-0.09394,-20,-0.04782,300,49,4270,2391,6000,,600,,,,cyclic,transition,0,no_load,both,B5: cyclic back-and-forth,servo-app/lab-0.1
1781163198.881893,35.630417823791504,B5_CYCLIC,B5_CYCLIC_R01_20260611_143242,delta-asda-b3-e,1591,RTSO|SO|OE|VE|QS|TR,3,0,77383982,-599,-18,-0.07686,-16,-0.038256,300,49,4270,2391,6000,,600,,,,cyclic,transition,0,no_load,both,B5: cyclic back-and-forth,servo-app/lab-0.1
1781163198.9822912,35.73081612586975,B5_CYCLIC,B5_CYCLIC_R01_20260611_143242,delta-asda-b3-e,1591,RTSO|SO|OE|VE|QS|TR,3,0,75706213,-600,-21,-0.08967,-21,-0.050211,300,49,4270,2391,6000,,600,,,,cyclic,transition,0,no_load,both,B5: cyclic back-and-forth,servo-app/lab-0.1
1781163199.0827317,35.8312566280365,B5_CYCLIC,B5_CYCLIC_R01_20260611_143242,delta-asda-b3-e,1591,RTSO|SO|OE|VE|QS|TR,3,0,74011603,-599,-17,-0.07259,-18,-0.043038,300,49,4270,2391,6000,,600,,,,cyclic,transition,0,no_load,both,B5: cyclic back-and-forth,servo-app/lab-0.1
1781163199.1834064,35.931931257247925,B5_CYCLIC,B5_CYCLIC_R01_20260611_143242,delta-asda-b3-e,1591,RTSO|SO|OE|VE|QS|TR,3,0,72334121,-599,-25,-0.10675,-23,-0.054993,300,49,4270,2391,6000,,600,,,,cyclic,transition,0,no_load,both,B5: cyclic back-and-forth,servo-app/lab-0.1
1781163199.2837481,36.032273054122925,B5_CYCLIC,B5_CYCLIC_R01_20260611_143242,delta-asda-b3-e,1591,RTSO|SO|OE|VE|QS|TR,3,0,70639667,-599,-19,-0.08113,-20,-0.04782,300,49,4270,2391,6000,,600,,,,cyclic,transition,0,no_load,both,B5: cyclic back-and-forth,servo-app/lab-0.1
1781163199.3842187,36.13274359703064,B5_CYCLIC,B5_CYCLIC_R01_20260611_143242,delta-asda-b3-e,1591,RTSO|SO|OE|VE|QS|TR,3,0,68962162,-600,-18,-0.07686,-23,-0.054993,300,49,4270,2391,6000,,600,,,,cyclic,transition,0,no_load,both,B5: cyclic back-and-forth,servo-app/lab-0.1
1781163199.484616,36.23314094543457,B5_CYCLIC,B5_CYCLIC_R01_20260611_143242,delta-asda-b3-e,1591,RTSO|SO|OE|VE|QS|TR,3,0,67267173,-600,-16,-0.06832,-17,-0.040647,300,49,4270,2391,6000,,600,,,,cyclic,transition,0,no_load,both,B5: cyclic back-and-forth,servo-app/lab-0.1
1781163199.5853806,36.33390545845032,B5_CYCLIC,B5_CYCLIC_R01_20260611_143242,delta-asda-b3-e,1591,RTSO|SO|OE|VE|QS|TR,3,0,65556140,-600,-18,-0.07686,-18,-0.043038,300,49,4270,2391,6000,,600,,,,cyclic,transition,0,no_load,both,B5: cyclic back-and-forth,servo-app/lab-0.1
1781163199.6856446,36.43416953086853,B5_CYCLIC,B5_CYCLIC_R01_20260611_143242,delta-asda-b3-e,1591,RTSO|SO|OE|VE|QS|TR,3,0,63894916,-599,-19,-0.08113,-17,-0.040647,300,49,4270,2391,6000,,600,,,,cyclic,transition,0,no_load,both,B5: cyclic back-and-forth,servo-app/lab-0.1
1781163199.7867775,36.53530240058899,B5_CYCLIC,B5_CYCLIC_R01_20260611_143242,delta-asda-b3-e,1591,RTSO|SO|OE|VE|QS|TR,3,0,62200777,-599,-19,-0.08113,-26,-0.062166,300,49,4270,2391,6000,,600,,,,cyclic,transition,0,no_load,both,B5: cyclic back-and-forth,servo-app/lab-0.1
1781163199.8875825,36.636107444763184,B5_CYCLIC,B5_CYCLIC_R01_20260611_143242,delta-asda-b3-e,1591,RTSO|SO|OE|VE|QS|TR,3,0,60522831,-599,-20,-0.0854,-17,-0.040647,301,49,4270,2391,6000,,600,,,,cyclic,transition,0,no_load,both,B5: cyclic back-and-forth,servo-app/lab-0.1
1781163199.9879444,36.73646926879883,B5_CYCLIC,B5_CYCLIC_R01_20260611_143242,delta-asda-b3-e,1591,RTSO|SO|OE|VE|QS|TR,3,0,58828261,-600,-17,-0.07259,-20,-0.04782,300,49,4270,2391,6000,,600,,,,cyclic,transition,0,no_load,both,B5: cyclic back-and-forth,servo-app/lab-0.1
1781163200.088816,36.83734083175659,B5_CYCLIC,B5_CYCLIC_R01_20260611_143242,delta-asda-b3-e,1591,RTSO|SO|OE|VE|QS|TR,3,0,57133707,-599,-14,-0.05978,-19,-0.045429,300,49,4270,2391,6000,,600,,,,cyclic,transition,0,no_load,both,B5: cyclic back-and-forth,servo-app/lab-0.1
1781163200.1890893,36.93761420249939,B5_CYCLIC,B5_CYCLIC_R01_20260611_143242,delta-asda-b3-e,1591,RTSO|SO|OE|VE|QS|TR,3,0,55456187,-600,-20,-0.0854,-23,-0.054993,300,49,4270,2391,6000,,600,,,,cyclic,transition,0,no_load,both,B5: cyclic back-and-forth,servo-app/lab-0.1
1781163200.289924,37.03844881057739,B5_CYCLIC,B5_CYCLIC_R01_20260611_143242,delta-asda-b3-e,1591,RTSO|SO|OE|VE|QS|TR,3,0,53761860,-599,-27,-0.11529,-23,-0.054993,300,49,4270,2391,6000,,600,,,,cyclic,transition,0,no_load,both,B5: cyclic back-and-forth,servo-app/lab-0.1
1781163200.3902671,37.13879203796387,B5_CYCLIC,B5_CYCLIC_R01_20260611_143242,delta-asda-b3-e,1591,RTSO|SO|OE|VE|QS|TR,3,0,52084027,-600,-22,-0.09394,-18,-0.043038,301,49,4270,2391,6000,,600,,,,cyclic,transition,0,no_load,both,B5: cyclic back-and-forth,servo-app/lab-0.1
1781163200.4904537,37.23897862434387,B5_CYCLIC,B5_CYCLIC_R01_20260611_143242,delta-asda-b3-e,1591,RTSO|SO|OE|VE|QS|TR,3,0,50406021,-600,-21,-0.08967,-18,-0.043038,301,49,4270,2391,6000,,600,,,,cyclic,transition,0,no_load,both,B5: cyclic back-and-forth,servo-app/lab-0.1
1781163200.5910382,37.3395631313324,B5_CYCLIC,B5_CYCLIC_R01_20260611_143242,delta-asda-b3-e,1591,RTSO|SO|OE|VE|QS|TR,3,0,48711695,-600,-19,-0.08113,-19,-0.045429,300,49,4270,2391,6000,,600,,,,cyclic,transition,0,no_load,both,B5: cyclic back-and-forth,servo-app/lab-0.1
1781163200.6912875,37.439812421798706,B5_CYCLIC,B5_CYCLIC_R01_20260611_143242,delta-asda-b3-e,1591,RTSO|SO|OE|VE|QS|TR,3,0,47033826,-599,-18,-0.07686,-21,-0.050211,300,49,4270,2391,6000,,600,,,,cyclic,transition,0,no_load,both,B5: cyclic back-and-forth,servo-app/lab-0.1
1781163200.7916558,37.540180683135986,B5_CYCLIC,B5_CYCLIC_R01_20260611_143242,delta-asda-b3-e,1591,RTSO|SO|OE|VE|QS|TR,3,0,45339680,-600,-17,-0.07259,-18,-0.043038,301,49,4270,2391,6000,,600,,,,cyclic,transition,0,no_load,both,B5: cyclic back-and-forth,servo-app/lab-0.1
1781163200.8917246,37.640249490737915,B5_CYCLIC,B5_CYCLIC_R01_20260611_143242,delta-asda-b3-e,1591,RTSO|SO|OE|VE|QS|TR,3,0,43661667,-600,-16,-0.06832,-19,-0.045429,301,49,4270,2391,6000,,600,,,,cyclic,transition,0,no_load,both,B5: cyclic back-and-forth,servo-app/lab-0.1
1781163200.9920394,37.74056434631348,B5_CYCLIC,B5_CYCLIC_R01_20260611_143242,delta-asda-b3-e,1591,RTSO|SO|OE|VE|QS|TR,3,0,41899866,-601,-21,-0.08967,-26,-0.062166,300,49,4270,2391,6000,,600,,,,cyclic,transition,0,no_load,both,B5: cyclic back-and-forth,servo-app/lab-0.1
1781163201.0925446,37.84106945991516,B5_CYCLIC,B5_CYCLIC_R01_20260611_143242,delta-asda-b3-e,1591,RTSO|SO|OE|VE|QS|TR,3,0,40306133,-600,-17,-0.07259,-16,-0.038256,300,49,4270,2391,6000,,600,,,,cyclic,transition,0,no_load,both,B5: cyclic back-and-forth,servo-app/lab-0.1
1781163201.1927724,37.94129729270935,B5_CYCLIC,B5_CYCLIC_R01_20260611_143242,delta-asda-b3-e,1591,RTSO|SO|OE|VE|QS|TR,3,0,38611790,-600,-16,-0.06832,-20,-0.04782,300,49,4270,2391,6000,,600,,,,cyclic,transition,0,no_load,both,B5: cyclic back-and-forth,servo-app/lab-0.1
1781163201.2932343,38.04175925254822,B5_CYCLIC,B5_CYCLIC_R01_20260611_143242,delta-asda-b3-e,1591,RTSO|SO|OE|VE|QS|TR,3,0,36934207,-599,-21,-0.08967,-24,-0.057384,300,49,4270,2391,6000,,600,,,,cyclic,transition,0,no_load,both,B5: cyclic back-and-forth,servo-app/lab-0.1
1781163201.3936238,38.14214873313904,B5_CYCLIC,B5_CYCLIC_R01_20260611_143242,delta-asda-b3-e,1591,RTSO|SO|OE|VE|QS|TR,3,0,35239463,-601,-15,-0.06405,-18,-0.043038,300,49,4270,2391,6000,,600,,,,cyclic,transition,0,no_load,both,B5: cyclic back-and-forth,servo-app/lab-0.1
1781163201.4938314,38.242356300354004,B5_CYCLIC,B5_CYCLIC_R01_20260611_143242,delta-asda-b3-e,1591,RTSO|SO|OE|VE|QS|TR,3,0,33561573,-600,-18,-0.07686,-17,-0.040647,301,49,4270,2391,6000,,600,,,,cyclic,transition,0,no_load,both,B5: cyclic back-and-forth,servo-app/lab-0.1
1781163201.5942183,38.342743158340454,B5_CYCLIC,B5_CYCLIC_R01_20260611_143242,delta-asda-b3-e,1591,RTSO|SO|OE|VE|QS|TR,3,0,31883960,-600,-21,-0.08967,-20,-0.04782,300,49,4270,2391,6000,,600,,,,cyclic,transition,0,no_load,both,B5: cyclic back-and-forth,servo-app/lab-0.1
1781163201.694406,38.442930936813354,B5_CYCLIC,B5_CYCLIC_R01_20260611_143242,delta-asda-b3-e,1591,RTSO|SO|OE|VE|QS|TR,3,0,30206188,-600,-16,-0.06832,-18,-0.043038,300,49,4270,2391,6000,,600,,,,cyclic,transition,0,no_load,both,B5: cyclic back-and-forth,servo-app/lab-0.1
1781163201.7947533,38.543278217315674,B5_CYCLIC,B5_CYCLIC_R01_20260611_143242,delta-asda-b3-e,1591,RTSO|SO|OE|VE|QS|TR,3,0,28511958,-600,-21,-0.08967,-19,-0.045429,300,49,4270,2391,6000,,600,,,,cyclic,transition,0,no_load,both,B5: cyclic back-and-forth,servo-app/lab-0.1
1781163201.8952634,38.64378833770752,B5_CYCLIC,B5_CYCLIC_R01_20260611_143242,delta-asda-b3-e,1591,RTSO|SO|OE|VE|QS|TR,3,0,26833940,-600,-16,-0.06832,-16,-0.038256,300,49,4270,2391,6000,,600,,,,cyclic,transition,0,no_load,both,B5: cyclic back-and-forth,servo-app/lab-0.1
1781163201.995608,38.74413299560547,B5_CYCLIC,B5_CYCLIC_R01_20260611_143242,delta-asda-b3-e,1591,RTSO|SO|OE|VE|QS|TR,3,0,25139407,-601,-21,-0.08967,-24,-0.057384,301,49,4270,2391,6000,,600,,,,cyclic,transition,0,no_load,both,B5: cyclic back-and-forth,servo-app/lab-0.1
1781163202.0962245,38.844749450683594,B5_CYCLIC,B5_CYCLIC_R01_20260611_143242,delta-asda-b3-e,1591,RTSO|SO|OE|VE|QS|TR,3,0,23461661,-600,-19,-0.08113,-18,-0.043038,300,49,4270,2391,6000,,600,,,,cyclic,transition,0,no_load,both,B5: cyclic back-and-forth,servo-app/lab-0.1
1781163202.1975498,38.94607472419739,B5_CYCLIC,B5_CYCLIC_R01_20260611_143242,delta-asda-b3-e,1591,RTSO|SO|OE|VE|QS|TR,3,0,21767276,-601,-25,-0.10675,-20,-0.04782,300,49,4270,2391,6000,,600,,,,cyclic,transition,0,no_load,both,B5: cyclic back-and-forth,servo-app/lab-0.1
1781163202.2985299,39.04705476760864,B5_CYCLIC,B5_CYCLIC_R01_20260611_143242,delta-asda-b3-e,1591,RTSO|SO|OE|VE|QS|TR,3,0,20072834,-601,-20,-0.0854,-16,-0.038256,300,49,4270,2391,6000,,600,,,,cyclic,transition,0,no_load,both,B5: cyclic back-and-forth,servo-app/lab-0.1
1781163202.3989043,39.14742922782898,B5_CYCLIC,B5_CYCLIC_R01_20260611_143242,delta-asda-b3-e,1591,RTSO|SO|OE|VE|QS|TR,3,0,18377989,-602,-20,-0.0854,-16,-0.038256,300,49,4270,2391,6000,,600,,,,cyclic,transition,0,no_load,both,B5: cyclic back-and-forth,servo-app/lab-0.1
1781163202.4990406,39.247565507888794,B5_CYCLIC,B5_CYCLIC_R01_20260611_143242,delta-asda-b3-e,1591,RTSO|SO|OE|VE|QS|TR,3,0,16700345,-601,-20,-0.0854,-16,-0.038256,300,49,4270,2391,6000,,600,,,,cyclic,transition,0,no_load,both,B5: cyclic back-and-forth,servo-app/lab-0.1
1781163202.599109,39.347633838653564,B5_CYCLIC,B5_CYCLIC_R01_20260611_143242,delta-asda-b3-e,1591,RTSO|SO|OE|VE|QS|TR,3,0,15022599,-601,-18,-0.07686,-18,-0.043038,300,49,4270,2391,6000,,600,,,,cyclic,transition,0,no_load,both,B5: cyclic back-and-forth,servo-app/lab-0.1
1781163202.6992192,39.44774413108826,B5_CYCLIC,B5_CYCLIC_R01_20260611_143242,delta-asda-b3-e,1591,RTSO|SO|OE|VE|QS|TR,3,0,13344941,-600,-20,-0.0854,-19,-0.045429,300,49,4270,2391,6000,,600,,,,cyclic,transition,0,no_load,both,B5: cyclic back-and-forth,servo-app/lab-0.1
1781163202.799427,39.5479519367218,B5_CYCLIC,B5_CYCLIC_R01_20260611_143242,delta-asda-b3-e,1591,RTSO|SO|OE|VE|QS|TR,3,0,11667337,-601,-17,-0.07259,-18,-0.043038,300,49,4270,2391,6000,,600,,,,cyclic,transition,0,no_load,both,B5: cyclic back-and-forth,servo-app/lab-0.1
1781163202.8999705,39.64849543571472,B5_CYCLIC,B5_CYCLIC_R01_20260611_143242,delta-asda-b3-e,1591,RTSO|SO|OE|VE|QS|TR,3,0,9972456,-601,-23,-0.09821,-22,-0.052602,300,49,4270,2391,6000,,600,,,,cyclic,transition,0,no_load,both,B5: cyclic back-and-forth,servo-app/lab-0.1
1781163203.000826,39.749350786209106,B5_CYCLIC,B5_CYCLIC_R01_20260611_143242,delta-asda-b3-e,1591,RTSO|SO|OE|VE|QS|TR,3,0,8277926,-601,-17,-0.07259,-19,-0.045429,300,49,4270,2391,6000,,600,,,,cyclic,transition,0,no_load,both,B5: cyclic back-and-forth,servo-app/lab-0.1
1781163203.1009696,39.84949445724487,B5_CYCLIC,B5_CYCLIC_R01_20260611_143242,delta-asda-b3-e,1591,RTSO|SO|OE|VE|QS|TR,3,0,6600137,-601,-21,-0.08967,-21,-0.050211,300,49,4270,2391,6000,,600,,,,cyclic,transition,0,no_load,both,B5: cyclic back-and-forth,servo-app/lab-0.1
1781163203.2010756,39.94960045814514,B5_CYCLIC,B5_CYCLIC_R01_20260611_143242,delta-asda-b3-e,567,RTSO|SO|OE|VE|QS,3,0,4969641,-450,-5,-0.02135,-5,-0.011955,300,49,4270,2391,6000,,600,,,,cyclic,transition,0,no_load,both,B5: cyclic back-and-forth,servo-app/lab-0.1
1781163203.3015254,40.050050258636475,B5_CYCLIC,B5_CYCLIC_R01_20260611_143242,delta-asda-b3-e,1591,RTSO|SO|OE|VE|QS|TR,3,0,6264985,599,18,0.07686,20,0.04782,300,49,4270,2391,6000,,600,,,,cyclic,transition,0,no_load,both,B5: cyclic back-and-forth,servo-app/lab-0.1
1781163203.402047,40.15057182312012,B5_CYCLIC,B5_CYCLIC_R01_20260611_143242,delta-asda-b3-e,1591,RTSO|SO|OE|VE|QS|TR,3,0,7925354,598,29,0.12383,27,0.064557,300,49,4270,2391,6000,,600,,,,cyclic,transition,0,no_load,both,B5: cyclic back-and-forth,servo-app/lab-0.1
1781163203.5030658,40.251590728759766,B5_CYCLIC,B5_CYCLIC_R01_20260611_143242,delta-asda-b3-e,1591,RTSO|SO|OE|VE|QS|TR,3,0,9619835,598,19,0.08113,25,0.059775,300,49,4270,2391,6000,,600,,,,cyclic,transition,0,no_load,both,B5: cyclic back-and-forth,servo-app/lab-0.1
1781163203.6037052,40.352230072021484,B5_CYCLIC,B5_CYCLIC_R01_20260611_143242,delta-asda-b3-e,1591,RTSO|SO|OE|VE|QS|TR,3,0,11313770,598,25,0.10675,27,0.064557,300,49,4270,2391,6000,,600,,,,cyclic,transition,0,no_load,both,B5: cyclic back-and-forth,servo-app/lab-0.1
1781163203.7042513,40.452776193618774,B5_CYCLIC,B5_CYCLIC_R01_20260611_143242,delta-asda-b3-e,1591,RTSO|SO|OE|VE|QS|TR,3,0,12991712,598,19,0.08113,19,0.045429,300,49,4270,2391,6000,,600,,,,cyclic,transition,0,no_load,both,B5: cyclic back-and-forth,servo-app/lab-0.1
1781163203.8043249,40.552849769592285,B5_CYCLIC,B5_CYCLIC_R01_20260611_143242,delta-asda-b3-e,1591,RTSO|SO|OE|VE|QS|TR,3,0,14669236,599,22,0.09394,23,0.054993,300,49,4270,2391,6000,,600,,,,cyclic,transition,0,no_load,both,B5: cyclic back-and-forth,servo-app/lab-0.1
1781163203.9048195,40.65334439277649,B5_CYCLIC,B5_CYCLIC_R01_20260611_143242,delta-asda-b3-e,1591,RTSO|SO|OE|VE|QS|TR,3,0,16364300,599,18,0.07686,19,0.045429,300,49,4270,2391,6000,,600,,,,cyclic,transition,0,no_load,both,B5: cyclic back-and-forth,servo-app/lab-0.1
1781163204.0050874,40.75361227989197,B5_CYCLIC,B5_CYCLIC_R01_20260611_143242,delta-asda-b3-e,1591,RTSO|SO|OE|VE|QS|TR,3,0,18041417,598,18,0.07686,22,0.052602,300,49,4270,2391,6000,,600,,,,cyclic,transition,0,no_load,both,B5: cyclic back-and-forth,servo-app/lab-0.1
1781163204.105206,40.85373091697693,B5_CYCLIC,B5_CYCLIC_R01_20260611_143242,delta-asda-b3-e,1591,RTSO|SO|OE|VE|QS|TR,3,0,19719469,598,17,0.07259,18,0.043038,300,49,4270,2391,6000,,600,,,,cyclic,transition,0,no_load,both,B5: cyclic back-and-forth,servo-app/lab-0.1
1781163204.2057269,40.954251766204834,B5_CYCLIC,B5_CYCLIC_R01_20260611_143242,delta-asda-b3-e,1591,RTSO|SO|OE|VE|QS|TR,3,0,21413285,598,19,0.08113,21,0.050211,300,49,4270,2391,6000,,600,,,,cyclic,transition,0,no_load,both,B5: cyclic back-and-forth,servo-app/lab-0.1
1781163204.3063118,41.05483675003052,B5_CYCLIC,B5_CYCLIC_R01_20260611_143242,delta-asda-b3-e,1591,RTSO|SO|OE|VE|QS|TR,3,0,23091625,599,15,0.06405,17,0.040647,300,49,4270,2391,6000,,600,,,,cyclic,transition,0,no_load,both,B5: cyclic back-and-forth,servo-app/lab-0.1
1781163204.406471,41.154995918273926,B5_CYCLIC,B5_CYCLIC_R01_20260611_143242,delta-asda-b3-e,1591,RTSO|SO|OE|VE|QS|TR,3,0,24768813,598,24,0.10248,27,0.064557,300,49,4270,2391,6000,,600,,,,cyclic,transition,0,no_load,both,B5: cyclic back-and-forth,servo-app/lab-0.1
1781163204.5070567,41.25558161735535,B5_CYCLIC,B5_CYCLIC_R01_20260611_143242,delta-asda-b3-e,1591,RTSO|SO|OE|VE|QS|TR,3,0,26463450,599,18,0.07686,18,0.043038,300,49,4270,2391,6000,,600,,,,cyclic,transition,0,no_load,both,B5: cyclic back-and-forth,servo-app/lab-0.1
1781163204.6072943,41.35581922531128,B5_CYCLIC,B5_CYCLIC_R01_20260611_143242,delta-asda-b3-e,1591,RTSO|SO|OE|VE|QS|TR,3,0,28140676,598,24,0.10248,29,0.069339,300,49,4270,2391,6000,,600,,,,cyclic,transition,0,no_load,both,B5: cyclic back-and-forth,servo-app/lab-0.1
1781163204.708361,41.45688581466675,B5_CYCLIC,B5_CYCLIC_R01_20260611_143242,delta-asda-b3-e,1591,RTSO|SO|OE|VE|QS|TR,3,0,29835436,599,18,0.07686,17,0.040647,300,49,4270,2391,6000,,600,,,,cyclic,transition,0,no_load,both,B5: cyclic back-and-forth,servo-app/lab-0.1
1781163204.8084466,41.55697154998779,B5_CYCLIC,B5_CYCLIC_R01_20260611_143242,delta-asda-b3-e,1591,RTSO|SO|OE|VE|QS|TR,3,0,31529836,599,24,0.10248,25,0.059775,301,49,4270,2391,6000,,600,,,,cyclic,transition,0,no_load,both,B5: cyclic back-and-forth,servo-app/lab-0.1
1781163204.908996,41.65752100944519,B5_CYCLIC,B5_CYCLIC_R01_20260611_143242,delta-asda-b3-e,1591,RTSO|SO|OE|VE|QS|TR,3,0,33207961,599,18,0.07686,20,0.04782,300,49,4270,2391,6000,,600,,,,cyclic,transition,0,no_load,both,B5: cyclic back-and-forth,servo-app/lab-0.1
1781163205.0091038,41.75762867927551,B5_CYCLIC,B5_CYCLIC_R01_20260611_143242,delta-asda-b3-e,1591,RTSO|SO|OE|VE|QS|TR,3,0,34885134,599,23,0.09821,17,0.040647,300,49,4270,2391,6000,,600,,,,cyclic,transition,0,no_load,both,B5: cyclic back-and-forth,servo-app/lab-0.1
1781163205.109611,41.85813593864441,B5_CYCLIC,B5_CYCLIC_R01_20260611_143242,delta-asda-b3-e,1591,RTSO|SO|OE|VE|QS|TR,3,0,36563137,599,22,0.09394,22,0.052602,300,49,4270,2391,6000,,600,,,,cyclic,transition,0,no_load,both,B5: cyclic back-and-forth,servo-app/lab-0.1
1781163205.210702,41.959226846694946,B5_CYCLIC,B5_CYCLIC_R01_20260611_143242,delta-asda-b3-e,1591,RTSO|SO|OE|VE|QS|TR,3,0,38273932,599,21,0.08967,18,0.043038,301,49,4270,2391,6000,,600,,,,cyclic,transition,0,no_load,both,B5: cyclic back-and-forth,servo-app/lab-0.1
1781163205.3111076,42.059632539749146,B5_CYCLIC,B5_CYCLIC_R01_20260611_143242,delta-asda-b3-e,1591,RTSO|SO|OE|VE|QS|TR,3,0,39952231,600,21,0.08967,17,0.040647,300,49,4270,2391,6000,,600,,,,cyclic,transition,0,no_load,both,B5: cyclic back-and-forth,servo-app/lab-0.1
1781163205.4115543,42.16007924079895,B5_CYCLIC,B5_CYCLIC_R01_20260611_143242,delta-asda-b3-e,1591,RTSO|SO|OE|VE|QS|TR,3,0,41629328,599,18,0.07686,24,0.057384,300,49,4270,2391,6000,,600,,,,cyclic,transition,0,no_load,both,B5: cyclic back-and-forth,servo-app/lab-0.1
1781163205.5116737,42.26019859313965,B5_CYCLIC,B5_CYCLIC_R01_20260611_143242,delta-asda-b3-e,1591,RTSO|SO|OE|VE|QS|TR,3,0,43324049,599,17,0.07259,14,0.033474,301,49,4270,2391,6000,,600,,,,cyclic,transition,0,no_load,both,B5: cyclic back-and-forth,servo-app/lab-0.1
1781163205.612318,42.36084294319153,B5_CYCLIC,B5_CYCLIC_R01_20260611_143242,delta-asda-b3-e,1591,RTSO|SO|OE|VE|QS|TR,3,0,45001214,599,18,0.07686,23,0.054993,301,49,4270,2391,6000,,600,,,,cyclic,transition,0,no_load,both,B5: cyclic back-and-forth,servo-app/lab-0.1
1781163205.7124903,42.46101522445679,B5_CYCLIC,B5_CYCLIC_R01_20260611_143242,delta-asda-b3-e,1591,RTSO|SO|OE|VE|QS|TR,3,0,46679278,600,19,0.08113,17,0.040647,301,49,4270,2391,6000,,600,,,,cyclic,transition,0,no_load,both,B5: cyclic back-and-forth,servo-app/lab-0.1
1781163205.8134377,42.561962604522705,B5_CYCLIC,B5_CYCLIC_R01_20260611_143242,delta-asda-b3-e,1591,RTSO|SO|OE|VE|QS|TR,3,0,48373702,600,20,0.0854,22,0.052602,301,49,4270,2391,6000,,600,,,,cyclic,transition,0,no_load,both,B5: cyclic back-and-forth,servo-app/lab-0.1
1781163205.913592,42.66211700439453,B5_CYCLIC,B5_CYCLIC_R01_20260611_143242,delta-asda-b3-e,1591,RTSO|SO|OE|VE|QS|TR,3,0,50068538,600,18,0.07686,16,0.038256,301,49,4270,2391,6000,,600,,,,cyclic,transition,0,no_load,both,B5: cyclic back-and-forth,servo-app/lab-0.1
1781163206.0150316,42.763556480407715,B5_CYCLIC,B5_CYCLIC_R01_20260611_143242,delta-asda-b3-e,1591,RTSO|SO|OE|VE|QS|TR,3,0,51762617,600,17,0.07259,19,0.045429,301,49,4270,2391,6000,,600,,,,cyclic,transition,0,no_load,both,B5: cyclic back-and-forth,servo-app/lab-0.1
1781163206.1155255,42.86405038833618,B5_CYCLIC,B5_CYCLIC_R01_20260611_143242,delta-asda-b3-e,1591,RTSO|SO|OE|VE|QS|TR,3,0,53440477,600,20,0.0854,19,0.045429,301,49,4270,2391,6000,,600,,,,cyclic,transition,0,no_load,both,B5: cyclic back-and-forth,servo-app/lab-0.1
1781163206.2162755,42.9648003578186,B5_CYCLIC,B5_CYCLIC_R01_20260611_143242,delta-asda-b3-e,1591,RTSO|SO|OE|VE|QS|TR,3,0,55134695,600,23,0.09821,19,0.045429,301,49,4270,2391,6000,,600,,,,cyclic,transition,0,no_load,both,B5: cyclic back-and-forth,servo-app/lab-0.1
1781163206.316803,43.065327882766724,B5_CYCLIC,B5_CYCLIC_R01_20260611_143242,delta-asda-b3-e,1591,RTSO|SO|OE|VE|QS|TR,3,0,56829691,600,22,0.09394,20,0.04782,301,49,4270,2391,6000,,600,,,,cyclic,transition,0,no_load,both,B5: cyclic back-and-forth,servo-app/lab-0.1
1781163206.4172544,43.16577935218811,B5_CYCLIC,B5_CYCLIC_R01_20260611_143242,delta-asda-b3-e,1591,RTSO|SO|OE|VE|QS|TR,3,0,58506743,600,17,0.07259,16,0.038256,301,49,4270,2391,6000,,600,,,,cyclic,transition,0,no_load,both,B5: cyclic back-and-forth,servo-app/lab-0.1
1781163206.5176098,43.26613473892212,B5_CYCLIC,B5_CYCLIC_R01_20260611_143242,delta-asda-b3-e,1591,RTSO|SO|OE|VE|QS|TR,3,0,60184678,600,20,0.0854,20,0.04782,301,49,4270,2391,6000,,600,,,,cyclic,transition,0,no_load,both,B5: cyclic back-and-forth,servo-app/lab-0.1
1781163206.6181226,43.366647481918335,B5_CYCLIC,B5_CYCLIC_R01_20260611_143242,delta-asda-b3-e,1591,RTSO|SO|OE|VE|QS|TR,3,0,61878716,600,20,0.0854,17,0.040647,301,49,4270,2391,6000,,600,,,,cyclic,transition,0,no_load,both,B5: cyclic back-and-forth,servo-app/lab-0.1
1781163206.718896,43.46742081642151,B5_CYCLIC,B5_CYCLIC_R01_20260611_143242,delta-asda-b3-e,1591,RTSO|SO|OE|VE|QS|TR,3,0,63573708,601,18,0.07686,21,0.050211,301,49,4270,2391,6000,,600,,,,cyclic,transition,0,no_load,both,B5: cyclic back-and-forth,servo-app/lab-0.1
1781163206.8193367,43.567861557006836,B5_CYCLIC,B5_CYCLIC_R01_20260611_143242,delta-asda-b3-e,1591,RTSO|SO|OE|VE|QS|TR,3,0,65268075,601,20,0.0854,18,0.043038,301,49,4270,2391,6000,,600,,,,cyclic,transition,0,no_load,both,B5: cyclic back-and-forth,servo-app/lab-0.1
1781163206.9195054,43.66803026199341,B5_CYCLIC,B5_CYCLIC_R01_20260611_143242,delta-asda-b3-e,1591,RTSO|SO|OE|VE|QS|TR,3,0,66929128,600,16,0.06832,16,0.038256,301,49,4270,2391,6000,,600,,,,cyclic,transition,0,no_load,both,B5: cyclic back-and-forth,servo-app/lab-0.1
1781163207.0197992,43.76832413673401,B5_CYCLIC,B5_CYCLIC_R01_20260611_143242,delta-asda-b3-e,1591,RTSO|SO|OE|VE|QS|TR,3,0,68623270,600,23,0.09821,17,0.040647,301,49,4270,2391,6000,,600,,,,cyclic,transition,0,no_load,both,B5: cyclic back-and-forth,servo-app/lab-0.1
1781163207.1201794,43.868704319000244,B5_CYCLIC,B5_CYCLIC_R01_20260611_143242,delta-asda-b3-e,1591,RTSO|SO|OE|VE|QS|TR,3,0,70301124,600,19,0.08113,21,0.050211,301,49,4270,2391,6000,,600,,,,cyclic,transition,0,no_load,both,B5: cyclic back-and-forth,servo-app/lab-0.1
1781163207.2208161,43.96934103965759,B5_CYCLIC,B5_CYCLIC_R01_20260611_143242,delta-asda-b3-e,1591,RTSO|SO|OE|VE|QS|TR,3,0,71978640,601,21,0.08967,22,0.052602,301,49,4270,2391,6000,,600,,,,cyclic,transition,0,no_load,both,B5: cyclic back-and-forth,servo-app/lab-0.1
1781163207.321834,44.070358991622925,B5_CYCLIC,B5_CYCLIC_R01_20260611_143242,delta-asda-b3-e,1591,RTSO|SO|OE|VE|QS|TR,3,0,73690232,600,23,0.09821,21,0.050211,301,49,4270,2391,6000,,600,,,,cyclic,transition,0,no_load,both,B5: cyclic back-and-forth,servo-app/lab-0.1
1781163207.4226892,44.17121410369873,B5_CYCLIC,B5_CYCLIC_R01_20260611_143242,delta-asda-b3-e,1591,RTSO|SO|OE|VE|QS|TR,3,0,75367409,600,19,0.08113,17,0.040647,301,49,4270,2391,6000,,600,,,,cyclic,transition,0,no_load,both,B5: cyclic back-and-forth,servo-app/lab-0.1
1781163207.5232878,44.27181267738342,B5_CYCLIC,B5_CYCLIC_R01_20260611_143242,delta-asda-b3-e,1591,RTSO|SO|OE|VE|QS|TR,3,0,77062132,600,19,0.08113,21,0.050211,301,49,4270,2391,6000,,600,,,,cyclic,transition,0,no_load,both,B5: cyclic back-and-forth,servo-app/lab-0.1
1781163207.6235147,44.372039556503296,B5_CYCLIC,B5_CYCLIC_R01_20260611_143242,delta-asda-b3-e,1591,RTSO|SO|OE|VE|QS|TR,3,0,78722535,600,22,0.09394,20,0.04782,301,49,4270,2391,6000,,600,,,,cyclic,transition,0,no_load,both,B5: cyclic back-and-forth,servo-app/lab-0.1
1781163207.7240067,44.47253155708313,B5_CYCLIC,B5_CYCLIC_R01_20260611_143242,delta-asda-b3-e,1591,RTSO|SO|OE|VE|QS|TR,3,0,80434366,601,20,0.0854,17,0.040647,301,49,4270,2391,6000,,600,,,,cyclic,transition,0,no_load,both,B5: cyclic back-and-forth,servo-app/lab-0.1
1781163207.8248003,44.57332515716553,B5_CYCLIC,B5_CYCLIC_R01_20260611_143242,delta-asda-b3-e,1591,RTSO|SO|OE|VE|QS|TR,3,0,82128626,600,16,0.06832,17,0.040647,301,49,4270,2391,6000,,600,,,,cyclic,transition,0,no_load,both,B5: cyclic back-and-forth,servo-app/lab-0.1
1781163207.9251945,44.67371940612793,B5_CYCLIC,B5_CYCLIC_R01_20260611_143242,delta-asda-b3-e,1591,RTSO|SO|OE|VE|QS|TR,3,0,83806519,600,19,0.08113,18,0.043038,301,49,4270,2391,6000,,600,,,,cyclic,transition,0,no_load,both,B5: cyclic back-and-forth,servo-app/lab-0.1
1781163208.0264359,44.77496075630188,B5_CYCLIC,B5_CYCLIC_R01_20260611_143242,delta-asda-b3-e,1591,RTSO|SO|OE|VE|QS|TR,3,0,85500577,600,20,0.0854,20,0.04782,301,49,4270,2391,6000,,600,,,,cyclic,transition,0,no_load,both,B5: cyclic back-and-forth,servo-app/lab-0.1
1781163208.1269715,44.87549638748169,B5_CYCLIC,B5_CYCLIC_R01_20260611_143242,delta-asda-b3-e,1591,RTSO|SO|OE|VE|QS|TR,3,0,87195218,600,16,0.06832,18,0.043038,301,49,4270,2391,6000,,600,,,,cyclic,transition,0,no_load,both,B5: cyclic back-and-forth,servo-app/lab-0.1
1781163208.22743,44.97595500946045,B5_CYCLIC,B5_CYCLIC_R01_20260611_143242,delta-asda-b3-e,1591,RTSO|SO|OE|VE|QS|TR,3,0,88872871,601,14,0.05978,16,0.038256,301,49,4270,2391,6000,,600,,,,cyclic,transition,0,no_load,both,B5: cyclic back-and-forth,servo-app/lab-0.1
1781163208.3277798,45.07630467414856,B5_CYCLIC,B5_CYCLIC_R01_20260611_143242,delta-asda-b3-e,1591,RTSO|SO|OE|VE|QS|TR,3,0,90550672,600,26,0.11102,22,0.052602,301,49,4270,2391,6000,,600,,,,cyclic,transition,0,no_load,both,B5: cyclic back-and-forth,servo-app/lab-0.1
1781163208.428555,45.177079916000366,B5_CYCLIC,B5_CYCLIC_R01_20260611_143242,delta-asda-b3-e,1591,RTSO|SO|OE|VE|QS|TR,3,0,92244668,600,17,0.07259,18,0.043038,300,49,4270,2391,6000,,600,,,,cyclic,transition,0,no_load,both,B5: cyclic back-and-forth,servo-app/lab-0.1
1781163208.5286748,45.27719974517822,B5_CYCLIC,B5_CYCLIC_R01_20260611_143242,delta-asda-b3-e,1591,RTSO|SO|OE|VE|QS|TR,3,0,93939267,600,21,0.08967,21,0.050211,301,49,4270,2391,6000,,600,,,,cyclic,transition,0,no_load,both,B5: cyclic back-and-forth,servo-app/lab-0.1
1781163208.6292408,45.37776565551758,B5_CYCLIC,B5_CYCLIC_R01_20260611_143242,delta-asda-b3-e,1591,RTSO|SO|OE|VE|QS|TR,3,0,95616672,600,14,0.05978,17,0.040647,301,49,4270,2391,6000,,600,,,,cyclic,transition,0,no_load,both,B5: cyclic back-and-forth,servo-app/lab-0.1
1781163208.729724,45.478248834609985,B5_CYCLIC,B5_CYCLIC_R01_20260611_143242,delta-asda-b3-e,1591,RTSO|SO|OE|VE|QS|TR,3,0,97294879,601,23,0.09821,22,0.052602,301,49,4270,2391,6000,,600,,,,cyclic,transition,0,no_load,both,B5: cyclic back-and-forth,servo-app/lab-0.1
1781163208.83047,45.57899498939514,B5_CYCLIC,B5_CYCLIC_R01_20260611_143242,delta-asda-b3-e,1591,RTSO|SO|OE|VE|QS|TR,3,0,98989010,600,15,0.06405,18,0.043038,301,49,4270,2391,6000,,600,,,,cyclic,transition,0,no_load,both,B5: cyclic back-and-forth,servo-app/lab-0.1
1781163208.9307232,45.679248094558716,B5_CYCLIC,B5_CYCLIC_R01_20260611_143242,delta-asda-b3-e,1591,RTSO|SO|OE|VE|QS|TR,3,0,100666942,600,18,0.07686,21,0.050211,301,49,4270,2391,6000,,600,,,,cyclic,transition,0,no_load,both,B5: cyclic back-and-forth,servo-app/lab-0.1
1781163209.0310943,45.779619216918945,B5_CYCLIC,B5_CYCLIC_R01_20260611_143242,delta-asda-b3-e,1591,RTSO|SO|OE|VE|QS|TR,3,0,102360990,600,17,0.07259,22,0.052602,300,49,4270,2391,6000,,600,,,,cyclic,transition,0,no_load,both,B5: cyclic back-and-forth,servo-app/lab-0.1
1781163209.1316197,45.88014459609985,B5_CYCLIC,B5_CYCLIC_R01_20260611_143242,delta-asda-b3-e,1591,RTSO|SO|OE|VE|QS|TR,3,0,104038917,600,17,0.07259,17,0.040647,301,49,4270,2391,6000,,600,,,,cyclic,transition,0,no_load,both,B5: cyclic back-and-forth,servo-app/lab-0.1
1781163209.2321012,45.98062610626221,B5_CYCLIC,B5_CYCLIC_R01_20260611_143242,delta-asda-b3-e,1591,RTSO|SO|OE|VE|QS|TR,3,0,105733428,600,13,0.05551,13,0.031083,301,49,4270,2391,6000,,600,,,,cyclic,transition,0,no_load,both,B5: cyclic back-and-forth,servo-app/lab-0.1
1781163209.332981,46.08150601387024,B5_CYCLIC,B5_CYCLIC_R01_20260611_143242,delta-asda-b3-e,1591,RTSO|SO|OE|VE|QS|TR,3,0,107427814,599,23,0.09821,21,0.050211,301,49,4270,2391,6000,,600,,,,cyclic,transition,0,no_load,both,B5: cyclic back-and-forth,servo-app/lab-0.1
1781163209.4331372,46.18166208267212,B5_CYCLIC,B5_CYCLIC_R01_20260611_143242,delta-asda-b3-e,1591,RTSO|SO|OE|VE|QS|TR,3,0,109205778,600,17,0.07259,14,0.033474,301,49,4270,2391,6000,,600,,,,cyclic,transition,0,no_load,both,B5: cyclic back-and-forth,servo-app/lab-0.1
1781163209.5337813,46.28230619430542,B5_CYCLIC,B5_CYCLIC_R01_20260611_143242,delta-asda-b3-e,1591,RTSO|SO|OE|VE|QS|TR,3,0,110799677,599,24,0.10248,21,0.050211,301,49,4270,2391,6000,,600,,,,cyclic,transition,0,no_load,both,B5: cyclic back-and-forth,servo-app/lab-0.1
1781163209.6349196,46.3834445476532,B5_CYCLIC,B5_CYCLIC_R01_20260611_143242,delta-asda-b3-e,1591,RTSO|SO|OE|VE|QS|TR,3,0,112494028,600,15,0.06405,15,0.035865,301,49,4270,2391,6000,,600,,,,cyclic,transition,0,no_load,both,B5: cyclic back-and-forth,servo-app/lab-0.1
1781163209.735054,46.48357892036438,B5_CYCLIC,B5_CYCLIC_R01_20260611_143242,delta-asda-b3-e,1591,RTSO|SO|OE|VE|QS|TR,3,0,114172112,600,22,0.09394,23,0.054993,301,49,4270,2391,6000,,600,,,,cyclic,transition,0,no_load,both,B5: cyclic back-and-forth,servo-app/lab-0.1
1781163209.835552,46.58407688140869,B5_CYCLIC,B5_CYCLIC_R01_20260611_143242,delta-asda-b3-e,1591,RTSO|SO|OE|VE|QS|TR,3,0,115849469,600,15,0.06405,16,0.038256,301,49,4270,2391,6000,,600,,,,cyclic,transition,0,no_load,both,B5: cyclic back-and-forth,servo-app/lab-0.1
1781163209.9365382,46.685063123703,B5_CYCLIC,B5_CYCLIC_R01_20260611_143242,delta-asda-b3-e,1591,RTSO|SO|OE|VE|QS|TR,3,0,117560830,600,21,0.08967,22,0.052602,301,49,4270,2391,6000,,600,,,,cyclic,transition,0,no_load,both,B5: cyclic back-and-forth,servo-app/lab-0.1
1781163210.0375872,46.78611207008362,B5_CYCLIC,B5_CYCLIC_R01_20260611_143242,delta-asda-b3-e,1591,RTSO|SO|OE|VE|QS|TR,3,0,119238150,600,17,0.07259,20,0.04782,301,49,4270,2391,6000,,600,,,,cyclic,transition,0,no_load,both,B5: cyclic back-and-forth,servo-app/lab-0.1
1781163210.1380475,46.88657236099243,B5_CYCLIC,B5_CYCLIC_R01_20260611_143242,delta-asda-b3-e,1591,RTSO|SO|OE|VE|QS|TR,3,0,120932995,600,20,0.0854,20,0.04782,301,49,4270,2391,6000,,600,,,,cyclic,transition,0,no_load,both,B5: cyclic back-and-forth,servo-app/lab-0.1
1781163210.2382624,46.98678731918335,B5_CYCLIC,B5_CYCLIC_R01_20260611_143242,delta-asda-b3-e,1591,RTSO|SO|OE|VE|QS|TR,3,0,122610637,600,14,0.05978,18,0.043038,301,49,4270,2391,6000,,600,,,,cyclic,transition,0,no_load,both,B5: cyclic back-and-forth,servo-app/lab-0.1
1781163210.3387978,47.08732271194458,B5_CYCLIC,B5_CYCLIC_R01_20260611_143242,delta-asda-b3-e,1591,RTSO|SO|OE|VE|QS|TR,3,0,124304957,600,17,0.07259,21,0.050211,301,49,4270,2391,6000,,600,,,,cyclic,transition,0,no_load,both,B5: cyclic back-and-forth,servo-app/lab-0.1
1781163210.439037,47.187561988830566,B5_CYCLIC,B5_CYCLIC_R01_20260611_143242,delta-asda-b3-e,1591,RTSO|SO|OE|VE|QS|TR,3,0,125982427,600,18,0.07686,13,0.031083,301,49,4270,2391,6000,,600,,,,cyclic,transition,0,no_load,both,B5: cyclic back-and-forth,servo-app/lab-0.1
1781163210.5394475,47.28797245025635,B5_CYCLIC,B5_CYCLIC_R01_20260611_143242,delta-asda-b3-e,1591,RTSO|SO|OE|VE|QS|TR,3,0,127660083,600,17,0.07259,22,0.052602,301,49,4270,2391,6000,,600,,,,cyclic,transition,0,no_load,both,B5: cyclic back-and-forth,servo-app/lab-0.1
1781163210.6396575,47.388182401657104,B5_CYCLIC,B5_CYCLIC_R01_20260611_143242,delta-asda-b3-e,1591,RTSO|SO|OE|VE|QS|TR,3,0,129337826,601,16,0.06832,15,0.035865,300,49,4270,2391,6000,,600,,,,cyclic,transition,0,no_load,both,B5: cyclic back-and-forth,servo-app/lab-0.1
1781163210.7402499,47.48877477645874,B5_CYCLIC,B5_CYCLIC_R01_20260611_143242,delta-asda-b3-e,1591,RTSO|SO|OE|VE|QS|TR,3,0,131032512,600,18,0.07686,19,0.045429,301,49,4270,2391,6000,,600,,,,cyclic,transition,0,no_load,both,B5: cyclic back-and-forth,servo-app/lab-0.1
1781163210.840788,47.58931279182434,B5_CYCLIC,B5_CYCLIC_R01_20260611_143242,delta-asda-b3-e,1591,RTSO|SO|OE|VE|QS|TR,3,0,132726779,600,19,0.08113,17,0.040647,301,49,4270,2391,6000,,600,,,,cyclic,transition,0,no_load,both,B5: cyclic back-and-forth,servo-app/lab-0.1
1781163210.9416468,47.69017171859741,B5_CYCLIC,B5_CYCLIC_R01_20260611_143242,delta-asda-b3-e,1591,RTSO|SO|OE|VE|QS|TR,3,0,134404519,600,18,0.07686,19,0.045429,300,49,4270,2391,6000,,600,,,,cyclic,transition,0,no_load,both,B5: cyclic back-and-forth,servo-app/lab-0.1
1781163211.0422888,47.7908136844635,B5_CYCLIC,B5_CYCLIC_R01_20260611_143242,delta-asda-b3-e,1591,RTSO|SO|OE|VE|QS|TR,3,0,136098680,600,13,0.05551,17,0.040647,300,49,4270,2391,6000,,600,,,,cyclic,transition,0,no_load,both,B5: cyclic back-and-forth,servo-app/lab-0.1
1781163211.1427274,47.891252279281616,B5_CYCLIC,B5_CYCLIC_R01_20260611_143242,delta-asda-b3-e,1591,RTSO|SO|OE|VE|QS|TR,3,0,137793607,600,17,0.07259,23,0.054993,300,49,4270,2391,6000,,600,,,,cyclic,transition,0,no_load,both,B5: cyclic back-and-forth,servo-app/lab-0.1
1781163211.2432501,47.991775035858154,B5_CYCLIC,B5_CYCLIC_R01_20260611_143242,delta-asda-b3-e,1591,RTSO|SO|OE|VE|QS|TR,3,0,139471134,600,15,0.06405,19,0.045429,300,49,4270,2391,6000,,600,,,,cyclic,transition,0,no_load,both,B5: cyclic back-and-forth,servo-app/lab-0.1
1781163211.343626,48.092150926589966,B5_CYCLIC,B5_CYCLIC_R01_20260611_143242,delta-asda-b3-e,1591,RTSO|SO|OE|VE|QS|TR,3,0,141148748,600,17,0.07259,19,0.045429,300,49,4270,2391,6000,,600,,,,cyclic,transition,0,no_load,both,B5: cyclic back-and-forth,servo-app/lab-0.1
1781163211.4439864,48.192511320114136,B5_CYCLIC,B5_CYCLIC_R01_20260611_143242,delta-asda-b3-e,1591,RTSO|SO|OE|VE|QS|TR,3,0,142842996,600,17,0.07259,18,0.043038,300,49,4270,2391,6000,,600,,,,cyclic,transition,0,no_load,both,B5: cyclic back-and-forth,servo-app/lab-0.1
1781163211.5440614,48.29258632659912,B5_CYCLIC,B5_CYCLIC_R01_20260611_143242,delta-asda-b3-e,1591,RTSO|SO|OE|VE|QS|TR,3,0,144520649,600,17,0.07259,15,0.035865,300,49,4270,2391,6000,,600,,,,cyclic,transition,0,no_load,both,B5: cyclic back-and-forth,servo-app/lab-0.1
1781163211.6444786,48.39300346374512,B5_CYCLIC,B5_CYCLIC_R01_20260611_143242,delta-asda-b3-e,1591,RTSO|SO|OE|VE|QS|TR,3,0,146198559,601,15,0.06405,16,0.038256,301,49,4270,2391,6000,,600,,,,cyclic,transition,0,no_load,both,B5: cyclic back-and-forth,servo-app/lab-0.1
1781163211.7445796,48.493104457855225,B5_CYCLIC,B5_CYCLIC_R01_20260611_143242,delta-asda-b3-e,1591,RTSO|SO|OE|VE|QS|TR,3,0,147876208,600,20,0.0854,17,0.040647,300,49,4270,2391,6000,,600,,,,cyclic,transition,0,no_load,both,B5: cyclic back-and-forth,servo-app/lab-0.1
1781163211.844719,48.59324383735657,B5_CYCLIC,B5_CYCLIC_R01_20260611_143242,delta-asda-b3-e,1591,RTSO|SO|OE|VE|QS|TR,3,0,149553752,600,16,0.06832,15,0.035865,301,49,4270,2391,6000,,600,,,,cyclic,transition,0,no_load,both,B5: cyclic back-and-forth,servo-app/lab-0.1
1781163211.9448555,48.69338035583496,B5_CYCLIC,B5_CYCLIC_R01_20260611_143242,delta-asda-b3-e,1591,RTSO|SO|OE|VE|QS|TR,3,0,151248177,600,19,0.08113,25,0.059775,301,49,4270,2391,6000,,600,,,,cyclic,transition,0,no_load,both,B5: cyclic back-and-forth,servo-app/lab-0.1
1781163212.045103,48.793627977371216,B5_CYCLIC,B5_CYCLIC_R01_20260611_143242,delta-asda-b3-e,1591,RTSO|SO|OE|VE|QS|TR,3,0,152925741,601,15,0.06405,16,0.038256,301,49,4270,2391,6000,,600,,,,cyclic,transition,0,no_load,both,B5: cyclic back-and-forth,servo-app/lab-0.1
1781163212.1452293,48.89375424385071,B5_CYCLIC,B5_CYCLIC_R01_20260611_143242,delta-asda-b3-e,1591,RTSO|SO|OE|VE|QS|TR,3,0,154603769,601,16,0.06832,19,0.045429,300,49,4270,2391,6000,,600,,,,cyclic,transition,0,no_load,both,B5: cyclic back-and-forth,servo-app/lab-0.1
1781163212.2457814,48.994306325912476,B5_CYCLIC,B5_CYCLIC_R01_20260611_143242,delta-asda-b3-e,1591,RTSO|SO|OE|VE|QS|TR,3,0,156298136,601,20,0.0854,16,0.038256,301,49,4270,2391,6000,,600,,,,cyclic,transition,0,no_load,both,B5: cyclic back-and-forth,servo-app/lab-0.1
1781163212.3461041,49.09462904930115,B5_CYCLIC,B5_CYCLIC_R01_20260611_143242,delta-asda-b3-e,1591,RTSO|SO|OE|VE|QS|TR,3,0,157975711,600,15,0.06405,17,0.040647,301,49,4270,2391,6000,,600,,,,cyclic,transition,0,no_load,both,B5: cyclic back-and-forth,servo-app/lab-0.1
1781163212.4464908,49.19501566886902,B5_CYCLIC,B5_CYCLIC_R01_20260611_143242,delta-asda-b3-e,1591,RTSO|SO|OE|VE|QS|TR,3,0,159653202,601,15,0.06405,15,0.035865,301,49,4270,2391,6000,,600,,,,cyclic,transition,0,no_load,both,B5: cyclic back-and-forth,servo-app/lab-0.1
1781163212.5469074,49.295432329177856,B5_CYCLIC,B5_CYCLIC_R01_20260611_143242,delta-asda-b3-e,1591,RTSO|SO|OE|VE|QS|TR,3,0,161347701,601,16,0.06832,17,0.040647,300,49,4270,2391,6000,,600,,,,cyclic,transition,0,no_load,both,B5: cyclic back-and-forth,servo-app/lab-0.1
1781163212.6472666,49.39579153060913,B5_CYCLIC,B5_CYCLIC_R01_20260611_143242,delta-asda-b3-e,1591,RTSO|SO|OE|VE|QS|TR,3,0,163025620,601,15,0.06405,16,0.038256,300,49,4270,2391,6000,,600,,,,cyclic,transition,0,no_load,both,B5: cyclic back-and-forth,servo-app/lab-0.1
1781163212.747342,49.495867013931274,B5_CYCLIC,B5_CYCLIC_R01_20260611_143242,delta-asda-b3-e,1591,RTSO|SO|OE|VE|QS|TR,3,0,164703251,600,21,0.08967,19,0.045429,301,49,4270,2391,6000,,600,,,,cyclic,transition,0,no_load,both,B5: cyclic back-and-forth,servo-app/lab-0.1
1781163212.8478367,49.59636163711548,B5_CYCLIC,B5_CYCLIC_R01_20260611_143242,delta-asda-b3-e,1591,RTSO|SO|OE|VE|QS|TR,3,0,166397736,601,23,0.09821,21,0.050211,301,49,4270,2391,6000,,600,,,,cyclic,transition,0,no_load,both,B5: cyclic back-and-forth,servo-app/lab-0.1
1781163212.9486406,49.69716548919678,B5_CYCLIC,B5_CYCLIC_R01_20260611_143242,delta-asda-b3-e,1591,RTSO|SO|OE|VE|QS|TR,3,0,168075269,600,20,0.0854,22,0.052602,300,49,4270,2391,6000,,600,,,,cyclic,transition,0,no_load,both,B5: cyclic back-and-forth,servo-app/lab-0.1
1781163213.048718,49.797242879867554,B5_CYCLIC,B5_CYCLIC_R01_20260611_143242,delta-asda-b3-e,1591,RTSO|SO|OE|VE|QS|TR,3,0,169752904,601,16,0.06832,15,0.035865,300,49,4270,2391,6000,,600,,,,cyclic,transition,0,no_load,both,B5: cyclic back-and-forth,servo-app/lab-0.1
1781163213.1491616,49.89768648147583,B5_CYCLIC,B5_CYCLIC_R01_20260611_143242,delta-asda-b3-e,1591,RTSO|SO|OE|VE|QS|TR,3,0,171447712,601,15,0.06405,15,0.035865,301,49,4270,2391,6000,,600,,,,cyclic,transition,0,no_load,both,B5: cyclic back-and-forth,servo-app/lab-0.1
1781163213.2496388,49.99816370010376,B5_CYCLIC,B5_CYCLIC_R01_20260611_143242,delta-asda-b3-e,567,RTSO|SO|OE|VE|QS,3,0,171950494,-530,-19,-0.08113,-18,-0.043038,300,49,4270,2391,6000,,600,,,,cyclic,transition,0,no_load,both,B5: cyclic back-and-forth,servo-app/lab-0.1
1781163213.3505144,50.09903931617737,B5_CYCLIC,B5_CYCLIC_R01_20260611_143242,delta-asda-b3-e,1591,RTSO|SO|OE|VE|QS|TR,3,0,170255737,-599,-18,-0.07686,-18,-0.043038,301,49,4270,2391,6000,,600,,,,cyclic,transition,0,no_load,both,B5: cyclic back-and-forth,servo-app/lab-0.1
1781163213.4506145,50.19913935661316,B5_CYCLIC,B5_CYCLIC_R01_20260611_143242,delta-asda-b3-e,1591,RTSO|SO|OE|VE|QS|TR,3,0,168577995,-599,-25,-0.10675,-25,-0.059775,301,49,4270,2391,6000,,600,,,,cyclic,transition,0,no_load,both,B5: cyclic back-and-forth,servo-app/lab-0.1
1781163213.5510788,50.29960370063782,B5_CYCLIC,B5_CYCLIC_R01_20260611_143242,delta-asda-b3-e,1591,RTSO|SO|OE|VE|QS|TR,3,0,166883958,-599,-21,-0.08967,-17,-0.040647,301,49,4270,2391,6000,,600,,,,cyclic,transition,0,no_load,both,B5: cyclic back-and-forth,servo-app/lab-0.1
1781163213.651394,50.39991879463196,B5_CYCLIC,B5_CYCLIC_R01_20260611_143242,delta-asda-b3-e,1591,RTSO|SO|OE|VE|QS|TR,3,0,165205608,-599,-22,-0.09394,-21,-0.050211,301,49,4270,2391,6000,,600,,,,cyclic,transition,0,no_load,both,B5: cyclic back-and-forth,servo-app/lab-0.1
1781163213.752159,50.50068402290344,B5_CYCLIC,B5_CYCLIC_R01_20260611_143242,delta-asda-b3-e,1591,RTSO|SO|OE|VE|QS|TR,3,0,163511455,-599,-18,-0.07686,-21,-0.050211,301,49,4270,2391,6000,,600,,,,cyclic,transition,0,no_load,both,B5: cyclic back-and-forth,servo-app/lab-0.1
1781163213.8523402,50.60086512565613,B5_CYCLIC,B5_CYCLIC_R01_20260611_143242,delta-asda-b3-e,1591,RTSO|SO|OE|VE|QS|TR,3,0,161833296,-599,-20,-0.0854,-27,-0.064557,301,49,4270,2391,6000,,600,,,,cyclic,transition,0,no_load,both,B5: cyclic back-and-forth,servo-app/lab-0.1
1781163213.9524682,50.700993061065674,B5_CYCLIC,B5_CYCLIC_R01_20260611_143242,delta-asda-b3-e,1591,RTSO|SO|OE|VE|QS|TR,3,0,160156057,-598,-18,-0.07686,-22,-0.052602,301,49,4270,2391,6000,,600,,,,cyclic,transition,0,no_load,both,B5: cyclic back-and-forth,servo-app/lab-0.1
1781163214.052722,50.801246881484985,B5_CYCLIC,B5_CYCLIC_R01_20260611_143242,delta-asda-b3-e,1591,RTSO|SO|OE|VE|QS|TR,3,0,158478086,-599,-20,-0.0854,-22,-0.052602,301,49,4270,2391,6000,,600,,,,cyclic,transition,0,no_load,both,B5: cyclic back-and-forth,servo-app/lab-0.1
1781163214.1529355,50.90146040916443,B5_CYCLIC,B5_CYCLIC_R01_20260611_143242,delta-asda-b3-e,1591,RTSO|SO|OE|VE|QS|TR,3,0,156783851,-599,-20,-0.0854,-18,-0.043038,301,49,4270,2391,6000,,600,,,,cyclic,transition,0,no_load,both,B5: cyclic back-and-forth,servo-app/lab-0.1
1781163214.2530031,51.00152802467346,B5_CYCLIC,B5_CYCLIC_R01_20260611_143242,delta-asda-b3-e,1591,RTSO|SO|OE|VE|QS|TR,3,0,155105974,-599,-21,-0.08967,-20,-0.04782,301,49,4270,2391,6000,,600,,,,cyclic,transition,0,no_load,both,B5: cyclic back-and-forth,servo-app/lab-0.1
1781163214.3540368,51.102561712265015,B5_CYCLIC,B5_CYCLIC_R01_20260611_143242,delta-asda-b3-e,1591,RTSO|SO|OE|VE|QS|TR,3,0,153411853,-599,-18,-0.07686,-19,-0.045429,301,49,4270,2391,6000,,600,,,,cyclic,transition,0,no_load,both,B5: cyclic back-and-forth,servo-app/lab-0.1
1781163214.4545333,51.20305824279785,B5_CYCLIC,B5_CYCLIC_R01_20260611_143242,delta-asda-b3-e,1591,RTSO|SO|OE|VE|QS|TR,3,0,151734008,-598,-28,-0.11956,-23,-0.054993,301,49,4270,2391,6000,,600,,,,cyclic,transition,0,no_load,both,B5: cyclic back-and-forth,servo-app/lab-0.1
1781163214.5550518,51.303576707839966,B5_CYCLIC,B5_CYCLIC_R01_20260611_143242,delta-asda-b3-e,1591,RTSO|SO|OE|VE|QS|TR,3,0,150039894,-599,-19,-0.08113,-19,-0.045429,301,49,4270,2391,6000,,600,,,,cyclic,transition,0,no_load,both,B5: cyclic back-and-forth,servo-app/lab-0.1
1781163214.6554868,51.404011726379395,B5_CYCLIC,B5_CYCLIC_R01_20260611_143242,delta-asda-b3-e,1591,RTSO|SO|OE|VE|QS|TR,3,0,148361534,-599,-22,-0.09394,-25,-0.059775,301,49,4270,2391,6000,,600,,,,cyclic,transition,0,no_load,both,B5: cyclic back-and-forth,servo-app/lab-0.1
1781163214.755694,51.5042188167572,B5_CYCLIC,B5_CYCLIC_R01_20260611_143242,delta-asda-b3-e,1591,RTSO|SO|OE|VE|QS|TR,3,0,146684187,-599,-19,-0.08113,-20,-0.04782,301,49,4270,2391,6000,,600,,,,cyclic,transition,0,no_load,both,B5: cyclic back-and-forth,servo-app/lab-0.1
1781163214.856191,51.6047158241272,B5_CYCLIC,B5_CYCLIC_R01_20260611_143242,delta-asda-b3-e,1591,RTSO|SO|OE|VE|QS|TR,3,0,144989370,-599,-19,-0.08113,-22,-0.052602,301,49,4270,2391,6000,,600,,,,cyclic,transition,0,no_load,both,B5: cyclic back-and-forth,servo-app/lab-0.1
1781163214.9564812,51.70500612258911,B5_CYCLIC,B5_CYCLIC_R01_20260611_143242,delta-asda-b3-e,1591,RTSO|SO|OE|VE|QS|TR,3,0,143312118,-598,-17,-0.07259,-19,-0.045429,300,49,4270,2391,6000,,600,,,,cyclic,transition,0,no_load,both,B5: cyclic back-and-forth,servo-app/lab-0.1
1781163215.0566564,51.80518126487732,B5_CYCLIC,B5_CYCLIC_R01_20260611_143242,delta-asda-b3-e,1591,RTSO|SO|OE|VE|QS|TR,3,0,141650765,-599,-20,-0.0854,-22,-0.052602,300,49,4270,2391,6000,,600,,,,cyclic,transition,0,no_load,both,B5: cyclic back-and-forth,servo-app/lab-0.1
1781163215.157175,51.90569996833801,B5_CYCLIC,B5_CYCLIC_R01_20260611_143242,delta-asda-b3-e,1591,RTSO|SO|OE|VE|QS|TR,3,0,139939790,-599,-20,-0.0854,-20,-0.04782,300,49,4270,2391,6000,,600,,,,cyclic,transition,0,no_load,both,B5: cyclic back-and-forth,servo-app/lab-0.1
1781163215.2592704,52.007795333862305,B5_CYCLIC,B5_CYCLIC_R01_20260611_143242,delta-asda-b3-e,1591,RTSO|SO|OE|VE|QS|TR,3,0,138211624,-599,-25,-0.10675,-21,-0.050211,301,49,4270,2391,6000,,600,,,,cyclic,transition,0,no_load,both,B5: cyclic back-and-forth,servo-app/lab-0.1
1781163215.3601372,52.108662128448486,B5_CYCLIC,B5_CYCLIC_R01_20260611_143242,delta-asda-b3-e,1591,RTSO|SO|OE|VE|QS|TR,3,0,136534170,-599,-23,-0.09821,-22,-0.052602,300,49,4270,2391,6000,,600,,,,cyclic,transition,0,no_load,both,B5: cyclic back-and-forth,servo-app/lab-0.1
1781163215.4607818,52.209306716918945,B5_CYCLIC,B5_CYCLIC_R01_20260611_143242,delta-asda-b3-e,1591,RTSO|SO|OE|VE|QS|TR,3,0,134839620,-599,-22,-0.09394,-25,-0.059775,301,49,4270,2391,6000,,600,,,,cyclic,transition,0,no_load,both,B5: cyclic back-and-forth,servo-app/lab-0.1
1781163215.5612178,52.30974268913269,B5_CYCLIC,B5_CYCLIC_R01_20260611_143242,delta-asda-b3-e,1591,RTSO|SO|OE|VE|QS|TR,3,0,133161995,-599,-15,-0.06405,-15,-0.035865,301,49,4270,2391,6000,,600,,,,cyclic,transition,0,no_load,both,B5: cyclic back-and-forth,servo-app/lab-0.1
1781163215.6617162,52.41024112701416,B5_CYCLIC,B5_CYCLIC_R01_20260611_143242,delta-asda-b3-e,1591,RTSO|SO|OE|VE|QS|TR,3,0,131483801,-599,-27,-0.11529,-19,-0.045429,301,49,4270,2391,6000,,600,,,,cyclic,transition,0,no_load,both,B5: cyclic back-and-forth,servo-app/lab-0.1
1781163215.762057,52.510581970214844,B5_CYCLIC,B5_CYCLIC_R01_20260611_143242,delta-asda-b3-e,1591,RTSO|SO|OE|VE|QS|TR,3,0,129789594,-599,-22,-0.09394,-19,-0.045429,301,49,4270,2391,6000,,600,,,,cyclic,transition,0,no_load,both,B5: cyclic back-and-forth,servo-app/lab-0.1
1781163215.8622372,52.61076211929321,B5_CYCLIC,B5_CYCLIC_R01_20260611_143242,delta-asda-b3-e,1591,RTSO|SO|OE|VE|QS|TR,3,0,128111576,-599,-25,-0.10675,-24,-0.057384,301,49,4270,2391,6000,,600,,,,cyclic,transition,0,no_load,both,B5: cyclic back-and-forth,servo-app/lab-0.1
1781163215.9627383,52.71126317977905,B5_CYCLIC,B5_CYCLIC_R01_20260611_143242,delta-asda-b3-e,1591,RTSO|SO|OE|VE|QS|TR,3,0,126434351,-599,-20,-0.0854,-18,-0.043038,301,49,4270,2391,6000,,600,,,,cyclic,transition,0,no_load,both,B5: cyclic back-and-forth,servo-app/lab-0.1
1781163216.0628064,52.811331272125244,B5_CYCLIC,B5_CYCLIC_R01_20260611_143242,delta-asda-b3-e,1591,RTSO|SO|OE|VE|QS|TR,3,0,124739362,-600,-26,-0.11102,-23,-0.054993,301,49,4270,2391,6000,,600,,,,cyclic,transition,0,no_load,both,B5: cyclic back-and-forth,servo-app/lab-0.1
1781163216.1630063,52.91153120994568,B5_CYCLIC,B5_CYCLIC_R01_20260611_143242,delta-asda-b3-e,1591,RTSO|SO|OE|VE|QS|TR,3,0,123061932,-599,-18,-0.07686,-19,-0.045429,301,49,4270,2391,6000,,600,,,,cyclic,transition,0,no_load,both,B5: cyclic back-and-forth,servo-app/lab-0.1
1781163216.2636595,53.012184381484985,B5_CYCLIC,B5_CYCLIC_R01_20260611_143242,delta-asda-b3-e,1591,RTSO|SO|OE|VE|QS|TR,3,0,121383979,-599,-17,-0.07259,-25,-0.059775,301,49,4270,2391,6000,,600,,,,cyclic,transition,0,no_load,both,B5: cyclic back-and-forth,servo-app/lab-0.1
1781163216.3641343,53.112659215927124,B5_CYCLIC,B5_CYCLIC_R01_20260611_143242,delta-asda-b3-e,1591,RTSO|SO|OE|VE|QS|TR,3,0,119689756,-599,-21,-0.08967,-27,-0.064557,301,49,4270,2391,6000,,600,,,,cyclic,transition,0,no_load,both,B5: cyclic back-and-forth,servo-app/lab-0.1
1781163216.4643817,53.2129065990448,B5_CYCLIC,B5_CYCLIC_R01_20260611_143242,delta-asda-b3-e,1591,RTSO|SO|OE|VE|QS|TR,3,0,118011953,-599,-20,-0.0854,-25,-0.059775,301,49,4270,2391,6000,,600,,,,cyclic,transition,0,no_load,both,B5: cyclic back-and-forth,servo-app/lab-0.1
1781163216.564814,53.31333899497986,B5_CYCLIC,B5_CYCLIC_R01_20260611_143242,delta-asda-b3-e,1591,RTSO|SO|OE|VE|QS|TR,3,0,116317467,-600,-17,-0.07259,-16,-0.038256,301,49,4270,2391,6000,,600,,,,cyclic,transition,0,no_load,both,B5: cyclic back-and-forth,servo-app/lab-0.1
1781163216.6649687,53.413493633270264,B5_CYCLIC,B5_CYCLIC_R01_20260611_143242,delta-asda-b3-e,1591,RTSO|SO|OE|VE|QS|TR,3,0,114639416,-599,-21,-0.08967,-22,-0.052602,301,49,4270,2391,6000,,600,,,,cyclic,transition,0,no_load,both,B5: cyclic back-and-forth,servo-app/lab-0.1
1781163216.7653155,53.513840436935425,B5_CYCLIC,B5_CYCLIC_R01_20260611_143242,delta-asda-b3-e,1591,RTSO|SO|OE|VE|QS|TR,3,0,112961962,-600,-17,-0.07259,-17,-0.040647,301,49,4270,2391,6000,,600,,,,cyclic,transition,0,no_load,both,B5: cyclic back-and-forth,servo-app/lab-0.1
1781163216.865414,53.61393880844116,B5_CYCLIC,B5_CYCLIC_R01_20260611_143242,delta-asda-b3-e,1591,RTSO|SO|OE|VE|QS|TR,3,0,111284006,-599,-23,-0.09821,-23,-0.054993,301,49,4270,2391,6000,,600,,,,cyclic,transition,0,no_load,both,B5: cyclic back-and-forth,servo-app/lab-0.1
1781163216.965887,53.71441197395325,B5_CYCLIC,B5_CYCLIC_R01_20260611_143242,delta-asda-b3-e,1591,RTSO|SO|OE|VE|QS|TR,3,0,109589954,-599,-19,-0.08113,-18,-0.043038,301,49,4270,2391,6000,,600,,,,cyclic,transition,0,no_load,both,B5: cyclic back-and-forth,servo-app/lab-0.1
1781163217.0665114,53.81503629684448,B5_CYCLIC,B5_CYCLIC_R01_20260611_143242,delta-asda-b3-e,1591,RTSO|SO|OE|VE|QS|TR,3,0,107911726,-600,-21,-0.08967,-25,-0.059775,301,49,4270,2391,6000,,600,,,,cyclic,transition,0,no_load,both,B5: cyclic back-and-forth,servo-app/lab-0.1
1781163217.1668632,53.915388107299805,B5_CYCLIC,B5_CYCLIC_R01_20260611_143242,delta-asda-b3-e,1591,RTSO|SO|OE|VE|QS|TR,3,0,106217589,-600,-20,-0.0854,-20,-0.04782,301,49,4270,2391,6000,,600,,,,cyclic,transition,0,no_load,both,B5: cyclic back-and-forth,servo-app/lab-0.1
1781163217.2673953,54.01592016220093,B5_CYCLIC,B5_CYCLIC_R01_20260611_143242,delta-asda-b3-e,1591,RTSO|SO|OE|VE|QS|TR,3,0,104539634,-600,-16,-0.06832,-18,-0.043038,301,49,4270,2391,6000,,600,,,,cyclic,transition,0,no_load,both,B5: cyclic back-and-forth,servo-app/lab-0.1
1781163217.3684046,54.11692953109741,B5_CYCLIC,B5_CYCLIC_R01_20260611_143242,delta-asda-b3-e,1591,RTSO|SO|OE|VE|QS|TR,3,0,102845508,-600,-22,-0.09394,-21,-0.050211,301,49,4270,2391,6000,,600,,,,cyclic,transition,0,no_load,both,B5: cyclic back-and-forth,servo-app/lab-0.1
1781163217.4686863,54.21721124649048,B5_CYCLIC,B5_CYCLIC_R01_20260611_143242,delta-asda-b3-e,1591,RTSO|SO|OE|VE|QS|TR,3,0,101167640,-600,-22,-0.09394,-22,-0.052602,301,49,4270,2391,6000,,600,,,,cyclic,transition,0,no_load,both,B5: cyclic back-and-forth,servo-app/lab-0.1
1781163217.5688076,54.31733250617981,B5_CYCLIC,B5_CYCLIC_R01_20260611_143242,delta-asda-b3-e,1591,RTSO|SO|OE|VE|QS|TR,3,0,99489915,-600,-23,-0.09821,-19,-0.045429,301,49,4270,2391,6000,,600,,,,cyclic,transition,0,no_load,both,B5: cyclic back-and-forth,servo-app/lab-0.1
1781163217.6689365,54.41746139526367,B5_CYCLIC,B5_CYCLIC_R01_20260611_143242,delta-asda-b3-e,1591,RTSO|SO|OE|VE|QS|TR,3,0,97795060,-600,-18,-0.07686,-17,-0.040647,301,49,4270,2391,6000,,600,,,,cyclic,transition,0,no_load,both,B5: cyclic back-and-forth,servo-app/lab-0.1
1781163217.7697384,54.51826333999634,B5_CYCLIC,B5_CYCLIC_R01_20260611_143242,delta-asda-b3-e,1591,RTSO|SO|OE|VE|QS|TR,3,0,96100707,-600,-25,-0.10675,-18,-0.043038,301,49,4270,2391,6000,,600,,,,cyclic,transition,0,no_load,both,B5: cyclic back-and-forth,servo-app/lab-0.1
1781163217.8708432,54.61936807632446,B5_CYCLIC,B5_CYCLIC_R01_20260611_143242,delta-asda-b3-e,1591,RTSO|SO|OE|VE|QS|TR,3,0,94406052,-600,-20,-0.0854,-18,-0.043038,301,49,4270,2391,6000,,600,,,,cyclic,transition,0,no_load,both,B5: cyclic back-and-forth,servo-app/lab-0.1
1781163217.971331,54.71985578536987,B5_CYCLIC,B5_CYCLIC_R01_20260611_143242,delta-asda-b3-e,1591,RTSO|SO|OE|VE|QS|TR,3,0,92728586,-600,-21,-0.08967,-22,-0.052602,301,49,4270,2391,6000,,600,,,,cyclic,transition,0,no_load,both,B5: cyclic back-and-forth,servo-app/lab-0.1
1781163218.0718873,54.820412158966064,B5_CYCLIC,B5_CYCLIC_R01_20260611_143242,delta-asda-b3-e,1591,RTSO|SO|OE|VE|QS|TR,3,0,91050371,-600,-19,-0.08113,-18,-0.043038,301,49,4270,2391,6000,,600,,,,cyclic,transition,0,no_load,both,B5: cyclic back-and-forth,servo-app/lab-0.1
1781163218.172273,54.92079782485962,B5_CYCLIC,B5_CYCLIC_R01_20260611_143242,delta-asda-b3-e,1591,RTSO|SO|OE|VE|QS|TR,3,0,89356273,-600,-26,-0.11102,-20,-0.04782,301,49,4270,2391,6000,,600,,,,cyclic,transition,0,no_load,both,B5: cyclic back-and-forth,servo-app/lab-0.1
1781163218.2724335,55.0209584236145,B5_CYCLIC,B5_CYCLIC_R01_20260611_143242,delta-asda-b3-e,1591,RTSO|SO|OE|VE|QS|TR,3,0,87678253,-600,-24,-0.10248,-22,-0.052602,301,49,4270,2391,6000,,600,,,,cyclic,transition,0,no_load,both,B5: cyclic back-and-forth,servo-app/lab-0.1
1781163218.3726335,55.12115836143494,B5_CYCLIC,B5_CYCLIC_R01_20260611_143242,delta-asda-b3-e,1591,RTSO|SO|OE|VE|QS|TR,3,0,86000912,-600,-22,-0.09394,-19,-0.045429,301,49,4270,2391,6000,,600,,,,cyclic,transition,0,no_load,both,B5: cyclic back-and-forth,servo-app/lab-0.1
1781163218.4729996,55.221524477005005,B5_CYCLIC,B5_CYCLIC_R01_20260611_143242,delta-asda-b3-e,1591,RTSO|SO|OE|VE|QS|TR,3,0,84306115,-600,-15,-0.06405,-15,-0.035865,301,49,4270,2391,6000,,600,,,,cyclic,transition,0,no_load,both,B5: cyclic back-and-forth,servo-app/lab-0.1
1781163218.5733216,55.32184648513794,B5_CYCLIC,B5_CYCLIC_R01_20260611_143242,delta-asda-b3-e,1591,RTSO|SO|OE|VE|QS|TR,3,0,82628458,-600,-20,-0.0854,-21,-0.050211,301,49,4270,2391,6000,,600,,,,cyclic,transition,0,no_load,both,B5: cyclic back-and-forth,servo-app/lab-0.1
1781163218.6737165,55.42224144935608,B5_CYCLIC,B5_CYCLIC_R01_20260611_143242,delta-asda-b3-e,1591,RTSO|SO|OE|VE|QS|TR,3,0,80950509,-600,-21,-0.08967,-20,-0.04782,301,49,4270,2391,6000,,600,,,,cyclic,transition,0,no_load,both,B5: cyclic back-and-forth,servo-app/lab-0.1
1781163218.7738607,55.522385597229004,B5_CYCLIC,B5_CYCLIC_R01_20260611_143242,delta-asda-b3-e,1591,RTSO|SO|OE|VE|QS|TR,3,0,79289742,-600,-28,-0.11956,-22,-0.052602,301,49,4270,2391,6000,,600,,,,cyclic,transition,0,no_load,both,B5: cyclic back-and-forth,servo-app/lab-0.1
1781163218.8743527,55.62287759780884,B5_CYCLIC,B5_CYCLIC_R01_20260611_143242,delta-asda-b3-e,1591,RTSO|SO|OE|VE|QS|TR,3,0,77578411,-600,-21,-0.08967,-23,-0.054993,301,49,4270,2391,6000,,600,,,,cyclic,transition,0,no_load,both,B5: cyclic back-and-forth,servo-app/lab-0.1
1781163218.9751465,55.723671436309814,B5_CYCLIC,B5_CYCLIC_R01_20260611_143242,delta-asda-b3-e,1591,RTSO|SO|OE|VE|QS|TR,3,0,75884104,-600,-19,-0.08113,-19,-0.045429,301,49,4270,2391,6000,,600,,,,cyclic,transition,0,no_load,both,B5: cyclic back-and-forth,servo-app/lab-0.1
1781163219.0752554,55.82378029823303,B5_CYCLIC,B5_CYCLIC_R01_20260611_143242,delta-asda-b3-e,1591,RTSO|SO|OE|VE|QS|TR,3,0,74205968,-600,-18,-0.07686,-20,-0.04782,301,49,4270,2391,6000,,600,,,,cyclic,transition,0,no_load,both,B5: cyclic back-and-forth,servo-app/lab-0.1
1781163219.1765835,55.925108432769775,B5_CYCLIC,B5_CYCLIC_R01_20260611_143242,delta-asda-b3-e,1591,RTSO|SO|OE|VE|QS|TR,3,0,72511892,-600,-21,-0.08967,-21,-0.050211,301,49,4270,2391,6000,,600,,,,cyclic,transition,0,no_load,both,B5: cyclic back-and-forth,servo-app/lab-0.1
1781163219.2766573,56.025182247161865,B5_CYCLIC,B5_CYCLIC_R01_20260611_143242,delta-asda-b3-e,1591,RTSO|SO|OE|VE|QS|TR,3,0,70850747,-600,-24,-0.10248,-22,-0.052602,301,49,4270,2391,6000,,600,,,,cyclic,transition,0,no_load,both,B5: cyclic back-and-forth,servo-app/lab-0.1
1781163219.376825,56.12534999847412,B5_CYCLIC,B5_CYCLIC_R01_20260611_143242,delta-asda-b3-e,1591,RTSO|SO|OE|VE|QS|TR,3,0,69139976,-599,-23,-0.09821,-25,-0.059775,301,49,4270,2391,6000,,600,,,,cyclic,transition,0,no_load,both,B5: cyclic back-and-forth,servo-app/lab-0.1
1781163219.4776113,56.226136207580566,B5_CYCLIC,B5_CYCLIC_R01_20260611_143242,delta-asda-b3-e,1591,RTSO|SO|OE|VE|QS|TR,3,0,67461774,-600,-18,-0.07686,-18,-0.043038,301,49,4270,2391,6000,,600,,,,cyclic,transition,0,no_load,both,B5: cyclic back-and-forth,servo-app/lab-0.1
1781163219.577965,56.32648992538452,B5_CYCLIC,B5_CYCLIC_R01_20260611_143242,delta-asda-b3-e,1591,RTSO|SO|OE|VE|QS|TR,3,0,65767450,-600,-25,-0.10675,-23,-0.054993,301,49,4270,2391,6000,,600,,,,cyclic,transition,0,no_load,both,B5: cyclic back-and-forth,servo-app/lab-0.1
1781163219.6785083,56.42703318595886,B5_CYCLIC,B5_CYCLIC_R01_20260611_143242,delta-asda-b3-e,1591,RTSO|SO|OE|VE|QS|TR,3,0,64089383,-600,-18,-0.07686,-20,-0.04782,301,49,4270,2391,6000,,600,,,,cyclic,transition,0,no_load,both,B5: cyclic back-and-forth,servo-app/lab-0.1
1781163219.778926,56.52745079994202,B5_CYCLIC,B5_CYCLIC_R01_20260611_143242,delta-asda-b3-e,1591,RTSO|SO|OE|VE|QS|TR,3,0,62411964,-600,-19,-0.08113,-18,-0.043038,301,49,4270,2391,6000,,600,,,,cyclic,transition,0,no_load,both,B5: cyclic back-and-forth,servo-app/lab-0.1
1781163219.8793695,56.62789440155029,B5_CYCLIC,B5_CYCLIC_R01_20260611_143242,delta-asda-b3-e,1591,RTSO|SO|OE|VE|QS|TR,3,0,60717439,-599,-16,-0.06832,-22,-0.052602,301,49,4270,2391,6000,,600,,,,cyclic,transition,0,no_load,both,B5: cyclic back-and-forth,servo-app/lab-0.1
1781163219.9799056,56.72843050956726,B5_CYCLIC,B5_CYCLIC_R01_20260611_143242,delta-asda-b3-e,1591,RTSO|SO|OE|VE|QS|TR,3,0,59022988,-600,-18,-0.07686,-19,-0.045429,301,49,4270,2391,6000,,600,,,,cyclic,transition,0,no_load,both,B5: cyclic back-and-forth,servo-app/lab-0.1
1781163220.0805125,56.82903742790222,B5_CYCLIC,B5_CYCLIC_R01_20260611_143242,delta-asda-b3-e,1591,RTSO|SO|OE|VE|QS|TR,3,0,57344964,-600,-14,-0.05978,-16,-0.038256,301,49,4270,2391,6000,,600,,,,cyclic,transition,0,no_load,both,B5: cyclic back-and-forth,servo-app/lab-0.1
1781163220.180677,56.92920184135437,B5_CYCLIC,B5_CYCLIC_R01_20260611_143242,delta-asda-b3-e,1591,RTSO|SO|OE|VE|QS|TR,3,0,55667527,-600,-17,-0.07259,-19,-0.045429,301,49,4270,2391,6000,,600,,,,cyclic,transition,0,no_load,both,B5: cyclic back-and-forth,servo-app/lab-0.1
1781163220.2810724,57.02959728240967,B5_CYCLIC,B5_CYCLIC_R01_20260611_143242,delta-asda-b3-e,1591,RTSO|SO|OE|VE|QS|TR,3,0,53972929,-599,-19,-0.08113,-17,-0.040647,301,49,4270,2391,6000,,600,,,,cyclic,transition,0,no_load,both,B5: cyclic back-and-forth,servo-app/lab-0.1
1781163220.3817105,57.13023543357849,B5_CYCLIC,B5_CYCLIC_R01_20260611_143242,delta-asda-b3-e,1591,RTSO|SO|OE|VE|QS|TR,3,0,52295574,-599,-18,-0.07686,-19,-0.045429,301,49,4270,2391,6000,,600,,,,cyclic,transition,0,no_load,both,B5: cyclic back-and-forth,servo-app/lab-0.1
1781163220.482277,57.230801820755005,B5_CYCLIC,B5_CYCLIC_R01_20260611_143242,delta-asda-b3-e,1591,RTSO|SO|OE|VE|QS|TR,3,0,50600588,-600,-15,-0.06405,-21,-0.050211,301,49,4270,2391,6000,,600,,,,cyclic,transition,0,no_load,both,B5: cyclic back-and-forth,servo-app/lab-0.1
1781163220.5828352,57.33136010169983,B5_CYCLIC,B5_CYCLIC_R01_20260611_143242,delta-asda-b3-e,1591,RTSO|SO|OE|VE|QS|TR,3,0,48923103,-600,-23,-0.09821,-21,-0.050211,301,49,4270,2391,6000,,600,,,,cyclic,transition,0,no_load,both,B5: cyclic back-and-forth,servo-app/lab-0.1
1781163220.683381,57.43190598487854,B5_CYCLIC,B5_CYCLIC_R01_20260611_143242,delta-asda-b3-e,1591,RTSO|SO|OE|VE|QS|TR,3,0,47228303,-599,-17,-0.07259,-19,-0.045429,301,49,4270,2391,6000,,600,,,,cyclic,transition,0,no_load,both,B5: cyclic back-and-forth,servo-app/lab-0.1
1781163220.7838342,57.53235912322998,B5_CYCLIC,B5_CYCLIC_R01_20260611_143242,delta-asda-b3-e,1591,RTSO|SO|OE|VE|QS|TR,3,0,45534222,-599,-23,-0.09821,-19,-0.045429,301,49,4270,2391,6000,,600,,,,cyclic,transition,0,no_load,both,B5: cyclic back-and-forth,servo-app/lab-0.1
1781163220.8839145,57.632439374923706,B5_CYCLIC,B5_CYCLIC_R01_20260611_143242,delta-asda-b3-e,1591,RTSO|SO|OE|VE|QS|TR,3,0,43856368,-599,-16,-0.06832,-18,-0.043038,301,49,4270,2391,6000,,600,,,,cyclic,transition,0,no_load,both,B5: cyclic back-and-forth,servo-app/lab-0.1
1781163220.9840295,57.73255443572998,B5_CYCLIC,B5_CYCLIC_R01_20260611_143242,delta-asda-b3-e,1591,RTSO|SO|OE|VE|QS|TR,3,0,42178659,-600,-25,-0.10675,-20,-0.04782,301,49,4270,2391,6000,,600,,,,cyclic,transition,0,no_load,both,B5: cyclic back-and-forth,servo-app/lab-0.1
1781163221.0849764,57.83350133895874,B5_CYCLIC,B5_CYCLIC_R01_20260611_143242,delta-asda-b3-e,1591,RTSO|SO|OE|VE|QS|TR,3,0,40484004,-599,-15,-0.06405,-17,-0.040647,301,49,4270,2391,6000,,600,,,,cyclic,transition,0,no_load,both,B5: cyclic back-and-forth,servo-app/lab-0.1
1781163221.1850536,57.93357849121094,B5_CYCLIC,B5_CYCLIC_R01_20260611_143242,delta-asda-b3-e,1591,RTSO|SO|OE|VE|QS|TR,3,0,38823250,-600,-20,-0.0854,-19,-0.045429,300,49,4270,2391,6000,,600,,,,cyclic,transition,0,no_load,both,B5: cyclic back-and-forth,servo-app/lab-0.1
1781163221.2851875,58.03371238708496,B5_CYCLIC,B5_CYCLIC_R01_20260611_143242,delta-asda-b3-e,1591,RTSO|SO|OE|VE|QS|TR,3,0,37128714,-599,-21,-0.08967,-21,-0.050211,300,49,4270,2391,6000,,600,,,,cyclic,transition,0,no_load,both,B5: cyclic back-and-forth,servo-app/lab-0.1
1781163221.3856182,58.134143114089966,B5_CYCLIC,B5_CYCLIC_R01_20260611_143242,delta-asda-b3-e,1591,RTSO|SO|OE|VE|QS|TR,3,0,35451273,-600,-24,-0.10248,-18,-0.043038,301,49,4270,2391,6000,,600,,,,cyclic,transition,0,no_load,both,B5: cyclic back-and-forth,servo-app/lab-0.1
1781163221.4861627,58.2346875667572,B5_CYCLIC,B5_CYCLIC_R01_20260611_143242,delta-asda-b3-e,1591,RTSO|SO|OE|VE|QS|TR,3,0,33756293,-600,-16,-0.06832,-15,-0.035865,301,49,4270,2391,6000,,600,,,,cyclic,transition,0,no_load,both,B5: cyclic back-and-forth,servo-app/lab-0.1
1781163221.586346,58.3348708152771,B5_CYCLIC,B5_CYCLIC_R01_20260611_143242,delta-asda-b3-e,1591,RTSO|SO|OE|VE|QS|TR,3,0,32078839,-599,-19,-0.08113,-23,-0.054993,300,49,4270,2391,6000,,600,,,,cyclic,transition,0,no_load,both,B5: cyclic back-and-forth,servo-app/lab-0.1
1781163221.6874022,58.43592715263367,B5_CYCLIC,B5_CYCLIC_R01_20260611_143242,delta-asda-b3-e,1591,RTSO|SO|OE|VE|QS|TR,3,0,30384053,-599,-20,-0.0854,-17,-0.040647,301,49,4270,2391,6000,,600,,,,cyclic,transition,0,no_load,both,B5: cyclic back-and-forth,servo-app/lab-0.1
1781163221.7883813,58.536906242370605,B5_CYCLIC,B5_CYCLIC_R01_20260611_143242,delta-asda-b3-e,1591,RTSO|SO|OE|VE|QS|TR,3,0,28690011,-599,-23,-0.09821,-25,-0.059775,300,49,4270,2391,6000,,600,,,,cyclic,transition,0,no_load,both,B5: cyclic back-and-forth,servo-app/lab-0.1
1781163221.8885148,58.63703966140747,B5_CYCLIC,B5_CYCLIC_R01_20260611_143242,delta-asda-b3-e,1591,RTSO|SO|OE|VE|QS|TR,3,0,27012118,-599,-22,-0.09394,-19,-0.045429,300,49,4270,2391,6000,,600,,,,cyclic,transition,0,no_load,both,B5: cyclic back-and-forth,servo-app/lab-0.1
1781163221.9886408,58.737165689468384,B5_CYCLIC,B5_CYCLIC_R01_20260611_143242,delta-asda-b3-e,1591,RTSO|SO|OE|VE|QS|TR,3,0,25334334,-600,-22,-0.09394,-21,-0.050211,301,49,4270,2391,6000,,600,,,,cyclic,transition,0,no_load,both,B5: cyclic back-and-forth,servo-app/lab-0.1
1781163222.0887077,58.83723258972168,B5_CYCLIC,B5_CYCLIC_R01_20260611_143242,delta-asda-b3-e,1591,RTSO|SO|OE|VE|QS|TR,3,0,23656505,-599,-22,-0.09394,-17,-0.040647,300,49,4270,2391,6000,,600,,,,cyclic,transition,0,no_load,both,B5: cyclic back-and-forth,servo-app/lab-0.1
1781163222.1890285,58.93755340576172,B5_CYCLIC,B5_CYCLIC_R01_20260611_143242,delta-asda-b3-e,1591,RTSO|SO|OE|VE|QS|TR,3,0,21962243,-599,-27,-0.11529,-22,-0.052602,300,49,4270,2391,6000,,600,,,,cyclic,transition,0,no_load,both,B5: cyclic back-and-forth,servo-app/lab-0.1
1781163222.2894354,59.03796029090881,B5_CYCLIC,B5_CYCLIC_R01_20260611_143242,delta-asda-b3-e,1591,RTSO|SO|OE|VE|QS|TR,3,0,20301332,-599,-21,-0.08967,-20,-0.04782,300,49,4270,2391,6000,,600,,,,cyclic,transition,0,no_load,both,B5: cyclic back-and-forth,servo-app/lab-0.1
1781163222.389853,59.13837790489197,B5_CYCLIC,B5_CYCLIC_R01_20260611_143242,delta-asda-b3-e,1591,RTSO|SO|OE|VE|QS|TR,3,0,18607028,-600,-21,-0.08967,-20,-0.04782,300,49,4270,2391,6000,,600,,,,cyclic,transition,0,no_load,both,B5: cyclic back-and-forth,servo-app/lab-0.1
1781163222.490137,59.238662004470825,B5_CYCLIC,B5_CYCLIC_R01_20260611_143242,delta-asda-b3-e,1591,RTSO|SO|OE|VE|QS|TR,3,0,16912135,-600,-20,-0.0854,-19,-0.045429,301,49,4270,2391,6000,,600,,,,cyclic,transition,0,no_load,both,B5: cyclic back-and-forth,servo-app/lab-0.1
1781163222.5905857,59.33911061286926,B5_CYCLIC,B5_CYCLIC_R01_20260611_143242,delta-asda-b3-e,1591,RTSO|SO|OE|VE|QS|TR,3,0,15234742,-600,-18,-0.07686,-20,-0.04782,300,49,4270,2391,6000,,600,,,,cyclic,transition,0,no_load,both,B5: cyclic back-and-forth,servo-app/lab-0.1
1781163222.6909754,59.43950033187866,B5_CYCLIC,B5_CYCLIC_R01_20260611_143242,delta-asda-b3-e,1591,RTSO|SO|OE|VE|QS|TR,3,0,13539874,-599,-17,-0.07259,-19,-0.045429,300,49,4270,2391,6000,,600,,,,cyclic,transition,0,no_load,both,B5: cyclic back-and-forth,servo-app/lab-0.1
1781163222.7910976,59.53962254524231,B5_CYCLIC,B5_CYCLIC_R01_20260611_143242,delta-asda-b3-e,1591,RTSO|SO|OE|VE|QS|TR,3,0,11862570,-599,-20,-0.0854,-24,-0.057384,300,49,4270,2391,6000,,600,,,,cyclic,transition,0,no_load,both,B5: cyclic back-and-forth,servo-app/lab-0.1
1781163222.8912287,59.639753580093384,B5_CYCLIC,B5_CYCLIC_R01_20260611_143242,delta-asda-b3-e,1591,RTSO|SO|OE|VE|QS|TR,3,0,10184514,-600,-19,-0.08113,-22,-0.052602,301,49,4270,2391,6000,,600,,,,cyclic,transition,0,no_load,both,B5: cyclic back-and-forth,servo-app/lab-0.1
1781163222.9918115,59.740336418151855,B5_CYCLIC,B5_CYCLIC_R01_20260611_143242,delta-asda-b3-e,1591,RTSO|SO|OE|VE|QS|TR,3,0,8506774,-600,-21,-0.08967,-21,-0.050211,301,49,4270,2391,6000,,600,,,,cyclic,transition,0,no_load,both,B5: cyclic back-and-forth,servo-app/lab-0.1
1781163223.0919173,59.840442180633545,B5_CYCLIC,B5_CYCLIC_R01_20260611_143242,delta-asda-b3-e,1591,RTSO|SO|OE|VE|QS|TR,3,0,6812132,-599,-19,-0.08113,-21,-0.050211,301,49,4270,2391,6000,,600,,,,cyclic,transition,0,no_load,both,B5: cyclic back-and-forth,servo-app/lab-0.1
1781163223.1924398,59.940964698791504,B5_CYCLIC,B5_CYCLIC_R01_20260611_143242,delta-asda-b3-e,1591,RTSO|SO|OE|VE|QS|TR,3,0,5134598,-600,-19,-0.08113,-22,-0.052602,301,49,4270,2391,6000,,600,,,,cyclic,transition,0,no_load,both,B5: cyclic back-and-forth,servo-app/lab-0.1
1781163223.294001,60.04252600669861,B5_CYCLIC,B5_CYCLIC_R01_20260611_143242,delta-asda-b3-e,1591,RTSO|SO|OE|VE|QS|TR,3,0,5839394,598,18,0.07686,19,0.045429,301,49,4270,2391,6000,,600,,,,cyclic,transition,0,no_load,both,B5: cyclic back-and-forth,servo-app/lab-0.1
1781163223.3942175,60.142742395401,B5_CYCLIC,B5_CYCLIC_R01_20260611_143242,delta-asda-b3-e,1591,RTSO|SO|OE|VE|QS|TR,3,0,7516518,599,19,0.08113,23,0.054993,301,49,4270,2391,6000,,600,,,,cyclic,transition,0,no_load,both,B5: cyclic back-and-forth,servo-app/lab-0.1
1781163223.4947188,60.24324369430542,B5_CYCLIC,B5_CYCLIC_R01_20260611_143242,delta-asda-b3-e,1591,RTSO|SO|OE|VE|QS|TR,3,0,9194504,600,18,0.07686,20,0.04782,301,49,4270,2391,6000,,600,,,,cyclic,transition,0,no_load,both,B5: cyclic back-and-forth,servo-app/lab-0.1
1781163223.5951757,60.343700647354126,B5_CYCLIC,B5_CYCLIC_R01_20260611_143242,delta-asda-b3-e,1591,RTSO|SO|OE|VE|QS|TR,3,0,10888672,599,20,0.0854,20,0.04782,301,49,4270,2391,6000,,600,,,,cyclic,transition,0,no_load,both,B5: cyclic back-and-forth,servo-app/lab-0.1
1781163223.6959834,60.44450831413269,B5_CYCLIC,B5_CYCLIC_R01_20260611_143242,delta-asda-b3-e,1591,RTSO|SO|OE|VE|QS|TR,3,0,12583296,600,17,0.07259,17,0.040647,301,49,4270,2391,6000,,600,,,,cyclic,transition,0,no_load,both,B5: cyclic back-and-forth,servo-app/lab-0.1
1781163223.7960973,60.54462218284607,B5_CYCLIC,B5_CYCLIC_R01_20260611_143242,delta-asda-b3-e,1591,RTSO|SO|OE|VE|QS|TR,3,0,14260650,599,21,0.08967,25,0.059775,301,49,4270,2391,6000,,600,,,,cyclic,transition,0,no_load,both,B5: cyclic back-and-forth,servo-app/lab-0.1
1781163223.8961663,60.64469122886658,B5_CYCLIC,B5_CYCLIC_R01_20260611_143242,delta-asda-b3-e,1591,RTSO|SO|OE|VE|QS|TR,3,0,15938624,600,15,0.06405,18,0.043038,301,49,4270,2391,6000,,600,,,,cyclic,transition,0,no_load,both,B5: cyclic back-and-forth,servo-app/lab-0.1
1781163223.9967883,60.74531316757202,B5_CYCLIC,B5_CYCLIC_R01_20260611_143242,delta-asda-b3-e,1591,RTSO|SO|OE|VE|QS|TR,3,0,17616389,600,17,0.07259,18,0.043038,301,49,4270,2391,6000,,600,,,,cyclic,transition,0,no_load,both,B5: cyclic back-and-forth,servo-app/lab-0.1
1781163224.097443,60.84596800804138,B5_CYCLIC,B5_CYCLIC_R01_20260611_143242,delta-asda-b3-e,1591,RTSO|SO|OE|VE|QS|TR,3,0,19310972,600,23,0.09821,18,0.043038,301,49,4270,2391,6000,,600,,,,cyclic,transition,0,no_load,both,B5: cyclic back-and-forth,servo-app/lab-0.1
1781163224.1977303,60.94625520706177,B5_CYCLIC,B5_CYCLIC_R01_20260611_143242,delta-asda-b3-e,1591,RTSO|SO|OE|VE|QS|TR,3,0,20971599,600,16,0.06832,18,0.043038,301,49,4270,2391,6000,,600,,,,cyclic,transition,0,no_load,both,B5: cyclic back-and-forth,servo-app/lab-0.1
1781163224.2983057,61.04683065414429,B5_CYCLIC,B5_CYCLIC_R01_20260611_143242,delta-asda-b3-e,1591,RTSO|SO|OE|VE|QS|TR,3,0,22682938,600,18,0.07686,17,0.040647,300,49,4270,2391,6000,,600,,,,cyclic,transition,0,no_load,both,B5: cyclic back-and-forth,servo-app/lab-0.1
1781163224.3987536,61.14727854728699,B5_CYCLIC,B5_CYCLIC_R01_20260611_143242,delta-asda-b3-e,1591,RTSO|SO|OE|VE|QS|TR,3,0,24360297,600,20,0.0854,20,0.04782,301,49,4270,2391,6000,,600,,,,cyclic,transition,0,no_load,both,B5: cyclic back-and-forth,servo-app/lab-0.1
1781163224.4989014,61.2474262714386,B5_CYCLIC,B5_CYCLIC_R01_20260611_143242,delta-asda-b3-e,1591,RTSO|SO|OE|VE|QS|TR,3,0,26055268,601,17,0.07259,17,0.040647,301,49,4270,2391,6000,,600,,,,cyclic,transition,0,no_load,both,B5: cyclic back-and-forth,servo-app/lab-0.1
1781163224.5993626,61.34788751602173,B5_CYCLIC,B5_CYCLIC_R01_20260611_143242,delta-asda-b3-e,1591,RTSO|SO|OE|VE|QS|TR,3,0,27732586,600,22,0.09394,20,0.04782,301,49,4270,2391,6000,,600,,,,cyclic,transition,0,no_load,both,B5: cyclic back-and-forth,servo-app/lab-0.1
1781163224.6998837,61.44840860366821,B5_CYCLIC,B5_CYCLIC_R01_20260611_143242,delta-asda-b3-e,1591,RTSO|SO|OE|VE|QS|TR,3,0,29410471,600,19,0.08113,18,0.043038,301,49,4270,2391,6000,,600,,,,cyclic,transition,0,no_load,both,B5: cyclic back-and-forth,servo-app/lab-0.1
1781163224.800518,61.54904294013977,B5_CYCLIC,B5_CYCLIC_R01_20260611_143242,delta-asda-b3-e,1591,RTSO|SO|OE|VE|QS|TR,3,0,31104575,600,22,0.09394,23,0.054993,301,49,4270,2391,6000,,600,,,,cyclic,transition,0,no_load,both,B5: cyclic back-and-forth,servo-app/lab-0.1
1781163224.9005911,61.64911603927612,B5_CYCLIC,B5_CYCLIC_R01_20260611_143242,delta-asda-b3-e,1591,RTSO|SO|OE|VE|QS|TR,3,0,32782700,601,16,0.06832,16,0.038256,301,49,4270,2391,6000,,600,,,,cyclic,transition,0,no_load,both,B5: cyclic back-and-forth,servo-app/lab-0.1
1781163225.0008633,61.749388217926025,B5_CYCLIC,B5_CYCLIC_R01_20260611_143242,delta-asda-b3-e,1591,RTSO|SO|OE|VE|QS|TR,3,0,34443476,600,23,0.09821,18,0.043038,301,49,4270,2391,6000,,600,,,,cyclic,transition,0,no_load,both,B5: cyclic back-and-forth,servo-app/lab-0.1
1781163225.1014118,61.849936723709106,B5_CYCLIC,B5_CYCLIC_R01_20260611_143242,delta-asda-b3-e,1591,RTSO|SO|OE|VE|QS|TR,3,0,36154900,600,22,0.09394,19,0.045429,301,49,4270,2391,6000,,600,,,,cyclic,transition,0,no_load,both,B5: cyclic back-and-forth,servo-app/lab-0.1
1781163225.2017374,61.95026230812073,B5_CYCLIC,B5_CYCLIC_R01_20260611_143242,delta-asda-b3-e,1591,RTSO|SO|OE|VE|QS|TR,3,0,37832298,600,18,0.07686,17,0.040647,301,49,4270,2391,6000,,600,,,,cyclic,transition,0,no_load,both,B5: cyclic back-and-forth,servo-app/lab-0.1
1781163225.3018045,62.0503294467926,B5_CYCLIC,B5_CYCLIC_R01_20260611_143242,delta-asda-b3-e,1591,RTSO|SO|OE|VE|QS|TR,3,0,39510073,600,17,0.07259,18,0.043038,301,49,4270,2391,6000,,600,,,,cyclic,transition,0,no_load,both,B5: cyclic back-and-forth,servo-app/lab-0.1
1781163225.402598,62.15112280845642,B5_CYCLIC,B5_CYCLIC_R01_20260611_143242,delta-asda-b3-e,1591,RTSO|SO|OE|VE|QS|TR,3,0,41204342,600,19,0.08113,22,0.052602,301,49,4270,2391,6000,,600,,,,cyclic,transition,0,no_load,both,B5: cyclic back-and-forth,servo-app/lab-0.1
1781163225.5027094,62.25123429298401,B5_CYCLIC,B5_CYCLIC_R01_20260611_143242,delta-asda-b3-e,1591,RTSO|SO|OE|VE|QS|TR,3,0,42882430,601,15,0.06405,16,0.038256,301,49,4270,2391,6000,,600,,,,cyclic,transition,0,no_load,both,B5: cyclic back-and-forth,servo-app/lab-0.1
1781163225.602984,62.3515088558197,B5_CYCLIC,B5_CYCLIC_R01_20260611_143242,delta-asda-b3-e,1591,RTSO|SO|OE|VE|QS|TR,3,0,44576384,600,20,0.0854,22,0.052602,301,49,4270,2391,6000,,600,,,,cyclic,transition,0,no_load,both,B5: cyclic back-and-forth,servo-app/lab-0.1
1781163225.7033565,62.451881408691406,B5_CYCLIC,B5_CYCLIC_R01_20260611_143242,delta-asda-b3-e,1591,RTSO|SO|OE|VE|QS|TR,3,0,46254371,600,21,0.08967,23,0.054993,301,49,4270,2391,6000,,600,,,,cyclic,transition,0,no_load,both,B5: cyclic back-and-forth,servo-app/lab-0.1
1781163225.8039138,62.552438735961914,B5_CYCLIC,B5_CYCLIC_R01_20260611_143242,delta-asda-b3-e,1591,RTSO|SO|OE|VE|QS|TR,3,0,47931569,600,22,0.09394,23,0.054993,302,49,4270,2391,6000,,600,,,,cyclic,transition,0,no_load,both,B5: cyclic back-and-forth,servo-app/lab-0.1
1781163225.9039865,62.65251135826111,B5_CYCLIC,B5_CYCLIC_R01_20260611_143242,delta-asda-b3-e,1591,RTSO|SO|OE|VE|QS|TR,3,0,49626628,601,16,0.06832,17,0.040647,301,49,4270,2391,6000,,600,,,,cyclic,transition,0,no_load,both,B5: cyclic back-and-forth,servo-app/lab-0.1
1781163226.0040536,62.75257849693298,B5_CYCLIC,B5_CYCLIC_R01_20260611_143242,delta-asda-b3-e,1591,RTSO|SO|OE|VE|QS|TR,3,0,51304097,600,20,0.0854,19,0.045429,301,49,4270,2391,6000,,600,,,,cyclic,transition,0,no_load,both,B5: cyclic back-and-forth,servo-app/lab-0.1
1781163226.1041512,62.85267615318298,B5_CYCLIC,B5_CYCLIC_R01_20260611_143242,delta-asda-b3-e,1591,RTSO|SO|OE|VE|QS|TR,3,0,53048905,600,18,0.07686,20,0.04782,301,49,4270,2391,6000,,600,,,,cyclic,transition,0,no_load,both,B5: cyclic back-and-forth,servo-app/lab-0.1
1781163226.2042592,62.952784061431885,B5_CYCLIC,B5_CYCLIC_R01_20260611_143242,delta-asda-b3-e,1591,RTSO|SO|OE|VE|QS|TR,3,0,54659229,600,22,0.09394,18,0.043038,301,49,4270,2391,6000,,600,,,,cyclic,transition,0,no_load,both,B5: cyclic back-and-forth,servo-app/lab-0.1
1781163226.3044963,63.05302119255066,B5_CYCLIC,B5_CYCLIC_R01_20260611_143242,delta-asda-b3-e,1591,RTSO|SO|OE|VE|QS|TR,3,0,56337093,600,18,0.07686,15,0.035865,301,49,4270,2391,6000,,600,,,,cyclic,transition,0,no_load,both,B5: cyclic back-and-forth,servo-app/lab-0.1
1781163226.4062228,63.15474772453308,B5_CYCLIC,B5_CYCLIC_R01_20260611_143242,delta-asda-b3-e,1591,RTSO|SO|OE|VE|QS|TR,3,0,58048059,600,20,0.0854,21,0.050211,301,49,4270,2391,6000,,600,,,,cyclic,transition,0,no_load,both,B5: cyclic back-and-forth,servo-app/lab-0.1
1781163226.5069575,63.25548243522644,B5_CYCLIC,B5_CYCLIC_R01_20260611_143242,delta-asda-b3-e,1591,RTSO|SO|OE|VE|QS|TR,3,0,59742799,600,17,0.07259,19,0.045429,302,49,4270,2391,6000,,600,,,,cyclic,transition,0,no_load,both,B5: cyclic back-and-forth,servo-app/lab-0.1
1781163226.6072106,63.355735540390015,B5_CYCLIC,B5_CYCLIC_R01_20260611_143242,delta-asda-b3-e,1591,RTSO|SO|OE|VE|QS|TR,3,0,61420003,599,21,0.08967,21,0.050211,301,49,4270,2391,6000,,600,,,,cyclic,transition,0,no_load,both,B5: cyclic back-and-forth,servo-app/lab-0.1
1781163226.70758,63.45610499382019,B5_CYCLIC,B5_CYCLIC_R01_20260611_143242,delta-asda-b3-e,1591,RTSO|SO|OE|VE|QS|TR,3,0,63097974,600,21,0.08967,18,0.043038,302,49,4270,2391,6000,,600,,,,cyclic,transition,0,no_load,both,B5: cyclic back-and-forth,servo-app/lab-0.1
1781163226.8080792,63.5566041469574,B5_CYCLIC,B5_CYCLIC_R01_20260611_143242,delta-asda-b3-e,1591,RTSO|SO|OE|VE|QS|TR,3,0,64791898,599,20,0.0854,21,0.050211,301,49,4270,2391,6000,,600,,,,cyclic,transition,0,no_load,both,B5: cyclic back-and-forth,servo-app/lab-0.1
1781163226.90852,63.657044887542725,B5_CYCLIC,B5_CYCLIC_R01_20260611_143242,delta-asda-b3-e,1591,RTSO|SO|OE|VE|QS|TR,3,0,66470227,600,17,0.07259,15,0.035865,302,49,4270,2391,6000,,600,,,,cyclic,transition,0,no_load,both,B5: cyclic back-and-forth,servo-app/lab-0.1
1781163227.0090458,63.75757074356079,B5_CYCLIC,B5_CYCLIC_R01_20260611_143242,delta-asda-b3-e,1591,RTSO|SO|OE|VE|QS|TR,3,0,68147585,600,20,0.0854,20,0.04782,302,49,4270,2391,6000,,600,,,,cyclic,transition,0,no_load,both,B5: cyclic back-and-forth,servo-app/lab-0.1
1781163227.1098695,63.858394384384155,B5_CYCLIC,B5_CYCLIC_R01_20260611_143242,delta-asda-b3-e,1591,RTSO|SO|OE|VE|QS|TR,3,0,69842221,600,18,0.07686,23,0.054993,302,49,4270,2391,6000,,600,,,,cyclic,transition,0,no_load,both,B5: cyclic back-and-forth,servo-app/lab-0.1
1781163227.2099402,63.95846509933472,B5_CYCLIC,B5_CYCLIC_R01_20260611_143242,delta-asda-b3-e,1591,RTSO|SO|OE|VE|QS|TR,3,0,71519499,599,23,0.09821,24,0.057384,302,49,4270,2391,6000,,600,,,,cyclic,transition,0,no_load,both,B5: cyclic back-and-forth,servo-app/lab-0.1
1781163227.3101234,64.05864834785461,B5_CYCLIC,B5_CYCLIC_R01_20260611_143242,delta-asda-b3-e,1591,RTSO|SO|OE|VE|QS|TR,3,0,73214138,600,16,0.06832,16,0.038256,301,49,4270,2391,6000,,600,,,,cyclic,transition,0,no_load,both,B5: cyclic back-and-forth,servo-app/lab-0.1
1781163227.410661,64.15918588638306,B5_CYCLIC,B5_CYCLIC_R01_20260611_143242,delta-asda-b3-e,1591,RTSO|SO|OE|VE|QS|TR,3,0,74891683,600,20,0.0854,19,0.045429,301,49,4270,2391,6000,,600,,,,cyclic,transition,0,no_load,both,B5: cyclic back-and-forth,servo-app/lab-0.1
1781163227.5116274,64.2601523399353,B5_CYCLIC,B5_CYCLIC_R01_20260611_143242,delta-asda-b3-e,1591,RTSO|SO|OE|VE|QS|TR,3,0,76586354,599,17,0.07259,17,0.040647,301,49,4270,2391,6000,,600,,,,cyclic,transition,0,no_load,both,B5: cyclic back-and-forth,servo-app/lab-0.1
1781163227.6119964,64.36052131652832,B5_CYCLIC,B5_CYCLIC_R01_20260611_143242,delta-asda-b3-e,1591,RTSO|SO|OE|VE|QS|TR,3,0,78263555,599,22,0.09394,24,0.057384,302,49,4270,2391,6000,,600,,,,cyclic,transition,0,no_load,both,B5: cyclic back-and-forth,servo-app/lab-0.1
1781163227.712475,64.46099996566772,B5_CYCLIC,B5_CYCLIC_R01_20260611_143242,delta-asda-b3-e,1591,RTSO|SO|OE|VE|QS|TR,3,0,79958257,599,22,0.09394,20,0.04782,301,49,4270,2391,6000,,600,,,,cyclic,transition,0,no_load,both,B5: cyclic back-and-forth,servo-app/lab-0.1
1781163227.812739,64.56126379966736,B5_CYCLIC,B5_CYCLIC_R01_20260611_143242,delta-asda-b3-e,1591,RTSO|SO|OE|VE|QS|TR,3,0,81635552,599,21,0.08967,21,0.050211,302,49,4270,2391,6000,,600,,,,cyclic,transition,0,no_load,both,B5: cyclic back-and-forth,servo-app/lab-0.1
1781163227.912872,64.66139698028564,B5_CYCLIC,B5_CYCLIC_R01_20260611_143242,delta-asda-b3-e,1591,RTSO|SO|OE|VE|QS|TR,3,0,83313959,600,18,0.07686,16,0.038256,301,49,4270,2391,6000,,600,,,,cyclic,transition,0,no_load,both,B5: cyclic back-and-forth,servo-app/lab-0.1
1781163228.012929,64.76145386695862,B5_CYCLIC,B5_CYCLIC_R01_20260611_143242,delta-asda-b3-e,1591,RTSO|SO|OE|VE|QS|TR,3,0,84991196,599,21,0.08967,20,0.04782,301,49,4270,2391,6000,,600,,,,cyclic,transition,0,no_load,both,B5: cyclic back-and-forth,servo-app/lab-0.1
1781163228.1134431,64.86196804046631,B5_CYCLIC,B5_CYCLIC_R01_20260611_143242,delta-asda-b3-e,1591,RTSO|SO|OE|VE|QS|TR,3,0,86669166,599,18,0.07686,19,0.045429,302,49,4270,2391,6000,,600,,,,cyclic,transition,0,no_load,both,B5: cyclic back-and-forth,servo-app/lab-0.1
1781163228.213938,64.96246290206909,B5_CYCLIC,B5_CYCLIC_R01_20260611_143242,delta-asda-b3-e,1591,RTSO|SO|OE|VE|QS|TR,3,0,88363081,599,24,0.10248,26,0.062166,302,49,4270,2391,6000,,600,,,,cyclic,transition,0,no_load,both,B5: cyclic back-and-forth,servo-app/lab-0.1
1781163228.3141506,65.06267547607422,B5_CYCLIC,B5_CYCLIC_R01_20260611_143242,delta-asda-b3-e,1591,RTSO|SO|OE|VE|QS|TR,3,0,90057712,599,17,0.07259,17,0.040647,301,49,4270,2391,6000,,600,,,,cyclic,transition,0,no_load,both,B5: cyclic back-and-forth,servo-app/lab-0.1
1781163228.4145923,65.16311717033386,B5_CYCLIC,B5_CYCLIC_R01_20260611_143242,delta-asda-b3-e,1591,RTSO|SO|OE|VE|QS|TR,3,0,91768600,599,21,0.08967,23,0.054993,301,49,4270,2391,6000,,600,,,,cyclic,transition,0,no_load,both,B5: cyclic back-and-forth,servo-app/lab-0.1
1781163228.5151331,65.26365804672241,B5_CYCLIC,B5_CYCLIC_R01_20260611_143242,delta-asda-b3-e,1591,RTSO|SO|OE|VE|QS|TR,3,0,93429795,599,18,0.07686,18,0.043038,301,49,4270,2391,6000,,600,,,,cyclic,transition,0,no_load,both,B5: cyclic back-and-forth,servo-app/lab-0.1
1781163228.6155994,65.3641242980957,B5_CYCLIC,B5_CYCLIC_R01_20260611_143242,delta-asda-b3-e,1591,RTSO|SO|OE|VE|QS|TR,3,0,95107031,598,24,0.10248,23,0.054993,302,49,4270,2391,6000,,600,,,,cyclic,transition,0,no_load,both,B5: cyclic back-and-forth,servo-app/lab-0.1
1781163228.7161312,65.46465611457825,B5_CYCLIC,B5_CYCLIC_R01_20260611_143242,delta-asda-b3-e,1591,RTSO|SO|OE|VE|QS|TR,3,0,96801651,598,18,0.07686,19,0.045429,301,49,4270,2391,6000,,600,,,,cyclic,transition,0,no_load,both,B5: cyclic back-and-forth,servo-app/lab-0.1
1781163228.8166134,65.56513833999634,B5_CYCLIC,B5_CYCLIC_R01_20260611_143242,delta-asda-b3-e,1591,RTSO|SO|OE|VE|QS|TR,3,0,98479005,599,21,0.08967,23,0.054993,301,49,4270,2391,6000,,600,,,,cyclic,transition,0,no_load,both,B5: cyclic back-and-forth,servo-app/lab-0.1
1781163228.916967,65.66549181938171,B5_CYCLIC,B5_CYCLIC_R01_20260611_143242,delta-asda-b3-e,1591,RTSO|SO|OE|VE|QS|TR,3,0,100157384,599,18,0.07686,18,0.043038,301,49,4270,2391,6000,,600,,,,cyclic,transition,0,no_load,both,B5: cyclic back-and-forth,servo-app/lab-0.1
1781163229.0170448,65.76556968688965,B5_CYCLIC,B5_CYCLIC_R01_20260611_143242,delta-asda-b3-e,1591,RTSO|SO|OE|VE|QS|TR,3,0,101834536,598,25,0.10675,24,0.057384,301,49,4270,2391,6000,,600,,,,cyclic,transition,0,no_load,both,B5: cyclic back-and-forth,servo-app/lab-0.1
1781163229.117829,65.86635398864746,B5_CYCLIC,B5_CYCLIC_R01_20260611_143242,delta-asda-b3-e,1591,RTSO|SO|OE|VE|QS|TR,3,0,103545987,599,18,0.07686,18,0.043038,301,49,4270,2391,6000,,600,,,,cyclic,transition,0,no_load,both,B5: cyclic back-and-forth,servo-app/lab-0.1
1781163229.2180116,65.96653652191162,B5_CYCLIC,B5_CYCLIC_R01_20260611_143242,delta-asda-b3-e,1591,RTSO|SO|OE|VE|QS|TR,3,0,105223082,598,23,0.09821,24,0.057384,301,49,4270,2391,6000,,600,,,,cyclic,transition,0,no_load,both,B5: cyclic back-and-forth,servo-app/lab-0.1
1781163229.3185706,66.06709551811218,B5_CYCLIC,B5_CYCLIC_R01_20260611_143242,delta-asda-b3-e,1591,RTSO|SO|OE|VE|QS|TR,3,0,106901235,599,18,0.07686,16,0.038256,301,49,4270,2391,6000,,600,,,,cyclic,transition,0,no_load,both,B5: cyclic back-and-forth,servo-app/lab-0.1
1781163229.4190633,66.16758823394775,B5_CYCLIC,B5_CYCLIC_R01_20260611_143242,delta-asda-b3-e,1591,RTSO|SO|OE|VE|QS|TR,3,0,108595292,599,26,0.11102,24,0.057384,301,49,4270,2391,6000,,600,,,,cyclic,transition,0,no_load,both,B5: cyclic back-and-forth,servo-app/lab-0.1
1781163229.5196395,66.26816439628601,B5_CYCLIC,B5_CYCLIC_R01_20260611_143242,delta-asda-b3-e,1591,RTSO|SO|OE|VE|QS|TR,3,0,110273148,598,19,0.08113,17,0.040647,301,49,4270,2391,6000,,600,,,,cyclic,transition,0,no_load,both,B5: cyclic back-and-forth,servo-app/lab-0.1
1781163229.6200798,66.36860466003418,B5_CYCLIC,B5_CYCLIC_R01_20260611_143242,delta-asda-b3-e,1591,RTSO|SO|OE|VE|QS|TR,3,0,111950424,598,26,0.11102,28,0.066948,301,49,4270,2391,6000,,600,,,,cyclic,transition,0,no_load,both,B5: cyclic back-and-forth,servo-app/lab-0.1
1781163229.7202086,66.46873354911804,B5_CYCLIC,B5_CYCLIC_R01_20260611_143242,delta-asda-b3-e,1591,RTSO|SO|OE|VE|QS|TR,3,0,113645081,598,21,0.08967,18,0.043038,301,49,4270,2391,6000,,600,,,,cyclic,transition,0,no_load,both,B5: cyclic back-and-forth,servo-app/lab-0.1
1781163229.8207371,66.56926202774048,B5_CYCLIC,B5_CYCLIC_R01_20260611_143242,delta-asda-b3-e,1591,RTSO|SO|OE|VE|QS|TR,3,0,115322565,599,22,0.09394,21,0.050211,301,49,4270,2391,6000,,600,,,,cyclic,transition,0,no_load,both,B5: cyclic back-and-forth,servo-app/lab-0.1
1781163229.9212587,66.66978359222412,B5_CYCLIC,B5_CYCLIC_R01_20260611_143242,delta-asda-b3-e,1591,RTSO|SO|OE|VE|QS|TR,3,0,117017651,599,18,0.07686,22,0.052602,301,49,4270,2391,6000,,600,,,,cyclic,transition,0,no_load,both,B5: cyclic back-and-forth,servo-app/lab-0.1
1781163230.0217125,66.7702374458313,B5_CYCLIC,B5_CYCLIC_R01_20260611_143242,delta-asda-b3-e,1591,RTSO|SO|OE|VE|QS|TR,3,0,118694731,598,23,0.09821,22,0.052602,301,49,4270,2391,6000,,600,,,,cyclic,transition,0,no_load,both,B5: cyclic back-and-forth,servo-app/lab-0.1
1781163230.121966,66.87049078941345,B5_CYCLIC,B5_CYCLIC_R01_20260611_143242,delta-asda-b3-e,1591,RTSO|SO|OE|VE|QS|TR,3,0,120372835,599,17,0.07259,17,0.040647,301,49,4270,2391,6000,,600,,,,cyclic,transition,0,no_load,both,B5: cyclic back-and-forth,servo-app/lab-0.1
1781163230.2223222,66.97084712982178,B5_CYCLIC,B5_CYCLIC_R01_20260611_143242,delta-asda-b3-e,1591,RTSO|SO|OE|VE|QS|TR,3,0,122066665,598,19,0.08113,20,0.04782,301,49,4270,2391,6000,,600,,,,cyclic,transition,0,no_load,both,B5: cyclic back-and-forth,servo-app/lab-0.1
1781163230.3225865,67.07111144065857,B5_CYCLIC,B5_CYCLIC_R01_20260611_143242,delta-asda-b3-e,1591,RTSO|SO|OE|VE|QS|TR,3,0,123744937,599,23,0.09821,18,0.043038,301,49,4270,2391,6000,,600,,,,cyclic,transition,0,no_load,both,B5: cyclic back-and-forth,servo-app/lab-0.1
1781163230.4226997,67.17122459411621,B5_CYCLIC,B5_CYCLIC_R01_20260611_143242,delta-asda-b3-e,1591,RTSO|SO|OE|VE|QS|TR,3,0,125422189,598,25,0.10675,27,0.064557,301,49,4270,2391,6000,,600,,,,cyclic,transition,0,no_load,both,B5: cyclic back-and-forth,servo-app/lab-0.1
1781163230.5242932,67.2728180885315,B5_CYCLIC,B5_CYCLIC_R01_20260611_143242,delta-asda-b3-e,1591,RTSO|SO|OE|VE|QS|TR,3,0,127133485,598,23,0.09821,18,0.043038,301,49,4270,2391,6000,,600,,,,cyclic,transition,0,no_load,both,B5: cyclic back-and-forth,servo-app/lab-0.1
1781163230.6252036,67.37372851371765,B5_CYCLIC,B5_CYCLIC_R01_20260611_143242,delta-asda-b3-e,1591,RTSO|SO|OE|VE|QS|TR,3,0,128827442,599,20,0.0854,28,0.066948,301,49,4270,2391,6000,,600,,,,cyclic,transition,0,no_load,both,B5: cyclic back-and-forth,servo-app/lab-0.1
1781163230.7255306,67.47405552864075,B5_CYCLIC,B5_CYCLIC_R01_20260611_143242,delta-asda-b3-e,1591,RTSO|SO|OE|VE|QS|TR,3,0,130505386,599,20,0.0854,16,0.038256,301,49,4270,2391,6000,,600,,,,cyclic,transition,0,no_load,both,B5: cyclic back-and-forth,servo-app/lab-0.1
1781163230.8265424,67.57506728172302,B5_CYCLIC,B5_CYCLIC_R01_20260611_143242,delta-asda-b3-e,1591,RTSO|SO|OE|VE|QS|TR,3,0,132199814,599,21,0.08967,19,0.045429,301,49,4270,2391,6000,,600,,,,cyclic,transition,0,no_load,both,B5: cyclic back-and-forth,servo-app/lab-0.1
1781163230.9270563,67.67558121681213,B5_CYCLIC,B5_CYCLIC_R01_20260611_143242,delta-asda-b3-e,1591,RTSO|SO|OE|VE|QS|TR,3,0,133894700,599,17,0.07259,18,0.043038,301,49,4270,2391,6000,,600,,,,cyclic,transition,0,no_load,both,B5: cyclic back-and-forth,servo-app/lab-0.1
1781163231.0276604,67.77618527412415,B5_CYCLIC,B5_CYCLIC_R01_20260611_143242,delta-asda-b3-e,1591,RTSO|SO|OE|VE|QS|TR,3,0,135571844,599,25,0.10675,22,0.052602,301,49,4270,2391,6000,,600,,,,cyclic,transition,0,no_load,both,B5: cyclic back-and-forth,servo-app/lab-0.1
1781163231.1278408,67.8763656616211,B5_CYCLIC,B5_CYCLIC_R01_20260611_143242,delta-asda-b3-e,1591,RTSO|SO|OE|VE|QS|TR,3,0,137249825,599,17,0.07259,19,0.045429,301,49,4270,2391,6000,,600,,,,cyclic,transition,0,no_load,both,B5: cyclic back-and-forth,servo-app/lab-0.1
1781163231.2279336,67.97645854949951,B5_CYCLIC,B5_CYCLIC_R01_20260611_143242,delta-asda-b3-e,1591,RTSO|SO|OE|VE|QS|TR,3,0,138927001,599,17,0.07259,19,0.045429,301,49,4270,2391,6000,,600,,,,cyclic,transition,0,no_load,both,B5: cyclic back-and-forth,servo-app/lab-0.1
1781163231.3286855,68.07721042633057,B5_CYCLIC,B5_CYCLIC_R01_20260611_143242,delta-asda-b3-e,1591,RTSO|SO|OE|VE|QS|TR,3,0,140622183,600,20,0.0854,19,0.045429,301,49,4270,2391,6000,,600,,,,cyclic,transition,0,no_load,both,B5: cyclic back-and-forth,servo-app/lab-0.1
1781163231.429194,68.17771887779236,B5_CYCLIC,B5_CYCLIC_R01_20260611_143242,delta-asda-b3-e,1591,RTSO|SO|OE|VE|QS|TR,3,0,142316018,599,17,0.07259,22,0.052602,301,49,4270,2391,6000,,600,,,,cyclic,transition,0,no_load,both,B5: cyclic back-and-forth,servo-app/lab-0.1
1781163231.529801,68.27832579612732,B5_CYCLIC,B5_CYCLIC_R01_20260611_143242,delta-asda-b3-e,1591,RTSO|SO|OE|VE|QS|TR,3,0,143993933,599,24,0.10248,19,0.045429,301,49,4270,2391,6000,,600,,,,cyclic,transition,0,no_load,both,B5: cyclic back-and-forth,servo-app/lab-0.1
1781163231.6299305,68.37845540046692,B5_CYCLIC,B5_CYCLIC_R01_20260611_143242,delta-asda-b3-e,1591,RTSO|SO|OE|VE|QS|TR,3,0,145671170,599,19,0.08113,25,0.059775,300,49,4270,2391,6000,,600,,,,cyclic,transition,0,no_load,both,B5: cyclic back-and-forth,servo-app/lab-0.1
1781163231.7300005,68.47852540016174,B5_CYCLIC,B5_CYCLIC_R01_20260611_143242,delta-asda-b3-e,1591,RTSO|SO|OE|VE|QS|TR,3,0,147366013,600,17,0.07259,20,0.04782,301,49,4270,2391,6000,,600,,,,cyclic,transition,0,no_load,both,B5: cyclic back-and-forth,servo-app/lab-0.1
1781163231.830129,68.57865381240845,B5_CYCLIC,B5_CYCLIC_R01_20260611_143242,delta-asda-b3-e,1591,RTSO|SO|OE|VE|QS|TR,3,0,149043586,600,15,0.06405,21,0.050211,301,49,4270,2391,6000,,600,,,,cyclic,transition,0,no_load,both,B5: cyclic back-and-forth,servo-app/lab-0.1
1781163231.9311113,68.6796362400055,B5_CYCLIC,B5_CYCLIC_R01_20260611_143242,delta-asda-b3-e,1591,RTSO|SO|OE|VE|QS|TR,3,0,150721551,600,18,0.07686,20,0.04782,301,49,4270,2391,6000,,600,,,,cyclic,transition,0,no_load,both,B5: cyclic back-and-forth,servo-app/lab-0.1
1781163232.0314734,68.77999830245972,B5_CYCLIC,B5_CYCLIC_R01_20260611_143242,delta-asda-b3-e,1591,RTSO|SO|OE|VE|QS|TR,3,0,152415636,600,17,0.07259,27,0.064557,300,49,4270,2391,6000,,600,,,,cyclic,transition,0,no_load,both,B5: cyclic back-and-forth,servo-app/lab-0.1
1781163232.1318858,68.88041067123413,B5_CYCLIC,B5_CYCLIC_R01_20260611_143242,delta-asda-b3-e,1591,RTSO|SO|OE|VE|QS|TR,3,0,154093601,599,21,0.08967,15,0.035865,301,49,4270,2391,6000,,600,,,,cyclic,transition,0,no_load,both,B5: cyclic back-and-forth,servo-app/lab-0.1
1781163232.2322774,68.98080229759216,B5_CYCLIC,B5_CYCLIC_R01_20260611_143242,delta-asda-b3-e,1591,RTSO|SO|OE|VE|QS|TR,3,0,155787778,600,17,0.07259,16,0.038256,301,49,4270,2391,6000,,600,,,,cyclic,transition,0,no_load,both,B5: cyclic back-and-forth,servo-app/lab-0.1
1781163232.3329687,69.08149361610413,B5_CYCLIC,B5_CYCLIC_R01_20260611_143242,delta-asda-b3-e,1591,RTSO|SO|OE|VE|QS|TR,3,0,157466006,600,16,0.06832,16,0.038256,301,49,4270,2391,6000,,600,,,,cyclic,transition,0,no_load,both,B5: cyclic back-and-forth,servo-app/lab-0.1
1781163232.4330487,69.18157362937927,B5_CYCLIC,B5_CYCLIC_R01_20260611_143242,delta-asda-b3-e,1591,RTSO|SO|OE|VE|QS|TR,3,0,159159893,600,15,0.06405,16,0.038256,300,49,4270,2391,6000,,600,,,,cyclic,transition,0,no_load,both,B5: cyclic back-and-forth,servo-app/lab-0.1
1781163232.5346744,69.28319931030273,B5_CYCLIC,B5_CYCLIC_R01_20260611_143242,delta-asda-b3-e,1591,RTSO|SO|OE|VE|QS|TR,3,0,160854643,600,20,0.0854,21,0.050211,300,49,4270,2391,6000,,600,,,,cyclic,transition,0,no_load,both,B5: cyclic back-and-forth,servo-app/lab-0.1
1781163232.634801,69.3833258152008,B5_CYCLIC,B5_CYCLIC_R01_20260611_143242,delta-asda-b3-e,1591,RTSO|SO|OE|VE|QS|TR,3,0,162531840,600,21,0.08967,17,0.040647,301,49,4270,2391,6000,,600,,,,cyclic,transition,0,no_load,both,B5: cyclic back-and-forth,servo-app/lab-0.1
1781163232.7354343,69.48395919799805,B5_CYCLIC,B5_CYCLIC_R01_20260611_143242,delta-asda-b3-e,1591,RTSO|SO|OE|VE|QS|TR,3,0,164226828,601,17,0.07259,17,0.040647,301,49,4270,2391,6000,,600,,,,cyclic,transition,0,no_load,both,B5: cyclic back-and-forth,servo-app/lab-0.1
1781163232.8359838,69.58450865745544,B5_CYCLIC,B5_CYCLIC_R01_20260611_143242,delta-asda-b3-e,1591,RTSO|SO|OE|VE|QS|TR,3,0,165904377,601,20,0.0854,19,0.045429,300,49,4270,2391,6000,,600,,,,cyclic,transition,0,no_load,both,B5: cyclic back-and-forth,servo-app/lab-0.1
1781163232.937153,69.6856780052185,B5_CYCLIC,B5_CYCLIC_R01_20260611_143242,delta-asda-b3-e,1591,RTSO|SO|OE|VE|QS|TR,3,0,167615873,600,26,0.11102,18,0.043038,300,49,4270,2391,6000,,600,,,,cyclic,transition,0,no_load,both,B5: cyclic back-and-forth,servo-app/lab-0.1
1781163233.0374475,69.78597235679626,B5_CYCLIC,B5_CYCLIC_R01_20260611_143242,delta-asda-b3-e,1591,RTSO|SO|OE|VE|QS|TR,3,0,169293222,600,17,0.07259,17,0.040647,301,49,4270,2391,6000,,600,,,,cyclic,transition,0,no_load,both,B5: cyclic back-and-forth,servo-app/lab-0.1
1781163233.1385055,69.88703036308289,B5_CYCLIC,B5_CYCLIC_R01_20260611_143242,delta-asda-b3-e,1591,RTSO|SO|OE|VE|QS|TR,3,0,170987855,600,19,0.08113,18,0.043038,300,49,4270,2391,6000,,600,,,,cyclic,transition,0,no_load,both,B5: cyclic back-and-forth,servo-app/lab-0.1
1781163233.2388005,69.98732542991638,B5_CYCLIC,B5_CYCLIC_R01_20260611_143242,delta-asda-b3-e,4663,RTSO|SO|OE|VE|QS|ACK,3,0,172171860,-148,-22,-0.09394,-24,-0.057384,301,49,4270,2391,6000,,600,,,,cyclic,transition,0,no_load,both,B5: cyclic back-and-forth,servo-app/lab-0.1
1781163233.3388677,70.08739256858826,B5_CYCLIC,B5_CYCLIC_R01_20260611_143242,delta-asda-b3-e,1591,RTSO|SO|OE|VE|QS|TR,3,0,170517478,-600,-18,-0.07686,-17,-0.040647,301,49,4270,2391,6000,,600,,,,cyclic,transition,0,no_load,both,B5: cyclic back-and-forth,servo-app/lab-0.1
1781163233.4389865,70.1875114440918,B5_CYCLIC,B5_CYCLIC_R01_20260611_143242,delta-asda-b3-e,1591,RTSO|SO|OE|VE|QS|TR,3,0,168856456,-601,-22,-0.09394,-18,-0.043038,301,49,4270,2391,6000,,600,,,,cyclic,transition,0,no_load,both,B5: cyclic back-and-forth,servo-app/lab-0.1
1781163233.5391746,70.28769946098328,B5_CYCLIC,B5_CYCLIC_R01_20260611_143242,delta-asda-b3-e,1591,RTSO|SO|OE|VE|QS|TR,3,0,167145598,-600,-21,-0.08967,-24,-0.057384,300,49,4270,2391,6000,,600,,,,cyclic,transition,0,no_load,both,B5: cyclic back-and-forth,servo-app/lab-0.1
1781163233.6396458,70.38817071914673,B5_CYCLIC,B5_CYCLIC_R01_20260611_143242,delta-asda-b3-e,1591,RTSO|SO|OE|VE|QS|TR,3,0,165467578,-601,-19,-0.08113,-19,-0.045429,301,49,4270,2391,6000,,600,,,,cyclic,transition,0,no_load,both,B5: cyclic back-and-forth,servo-app/lab-0.1
1781163233.740252,70.48877692222595,B5_CYCLIC,B5_CYCLIC_R01_20260611_143242,delta-asda-b3-e,1591,RTSO|SO|OE|VE|QS|TR,3,0,163773062,-600,-18,-0.07686,-18,-0.043038,301,49,4270,2391,6000,,600,,,,cyclic,transition,0,no_load,both,B5: cyclic back-and-forth,servo-app/lab-0.1
1781163233.840855,70.58937978744507,B5_CYCLIC,B5_CYCLIC_R01_20260611_143242,delta-asda-b3-e,1591,RTSO|SO|OE|VE|QS|TR,3,0,162094982,-601,-20,-0.0854,-20,-0.04782,301,49,4270,2391,6000,,600,,,,cyclic,transition,0,no_load,both,B5: cyclic back-and-forth,servo-app/lab-0.1
1781163233.9419029,70.69042778015137,B5_CYCLIC,B5_CYCLIC_R01_20260611_143242,delta-asda-b3-e,1591,RTSO|SO|OE|VE|QS|TR,3,0,160400684,-601,-17,-0.07259,-17,-0.040647,301,49,4270,2391,6000,,600,,,,cyclic,transition,0,no_load,both,B5: cyclic back-and-forth,servo-app/lab-0.1
1781163234.0428782,70.79140305519104,B5_CYCLIC,B5_CYCLIC_R01_20260611_143242,delta-asda-b3-e,1591,RTSO|SO|OE|VE|QS|TR,3,0,158705981,-600,-16,-0.06832,-17,-0.040647,301,49,4270,2391,6000,,600,,,,cyclic,transition,0,no_load,both,B5: cyclic back-and-forth,servo-app/lab-0.1
1781163234.1433804,70.89190530776978,B5_CYCLIC,B5_CYCLIC_R01_20260611_143242,delta-asda-b3-e,1591,RTSO|SO|OE|VE|QS|TR,3,0,157011938,-601,-19,-0.08113,-22,-0.052602,301,49,4270,2391,6000,,600,,,,cyclic,transition,0,no_load,both,B5: cyclic back-and-forth,servo-app/lab-0.1
1781163234.2438297,70.99235463142395,B5_CYCLIC,B5_CYCLIC_R01_20260611_143242,delta-asda-b3-e,1591,RTSO|SO|OE|VE|QS|TR,3,0,155333783,-601,-24,-0.10248,-22,-0.052602,300,49,4270,2391,6000,,600,,,,cyclic,transition,0,no_load,both,B5: cyclic back-and-forth,servo-app/lab-0.1
1781163234.3439357,71.09246063232422,B5_CYCLIC,B5_CYCLIC_R01_20260611_143242,delta-asda-b3-e,1591,RTSO|SO|OE|VE|QS|TR,3,0,153656561,-600,-20,-0.0854,-19,-0.045429,301,49,4270,2391,6000,,600,,,,cyclic,transition,0,no_load,both,B5: cyclic back-and-forth,servo-app/lab-0.1
1781163234.4440293,71.19255423545837,B5_CYCLIC,B5_CYCLIC_R01_20260611_143242,delta-asda-b3-e,1591,RTSO|SO|OE|VE|QS|TR,3,0,151978461,-601,-20,-0.0854,-19,-0.045429,301,49,4270,2391,6000,,600,,,,cyclic,transition,0,no_load,both,B5: cyclic back-and-forth,servo-app/lab-0.1
1781163234.5440962,71.29262113571167,B5_CYCLIC,B5_CYCLIC_R01_20260611_143242,delta-asda-b3-e,1591,RTSO|SO|OE|VE|QS|TR,3,0,150301204,-600,-18,-0.07686,-22,-0.052602,301,49,4270,2391,6000,,600,,,,cyclic,transition,0,no_load,both,B5: cyclic back-and-forth,servo-app/lab-0.1
1781163234.6442218,71.39274668693542,B5_CYCLIC,B5_CYCLIC_R01_20260611_143242,delta-asda-b3-e,1591,RTSO|SO|OE|VE|QS|TR,3,0,148606267,-601,-19,-0.08113,-21,-0.050211,301,49,4270,2391,6000,,600,,,,cyclic,transition,0,no_load,both,B5: cyclic back-and-forth,servo-app/lab-0.1
1781163234.7447252,71.49325013160706,B5_CYCLIC,B5_CYCLIC_R01_20260611_143242,delta-asda-b3-e,1591,RTSO|SO|OE|VE|QS|TR,3,0,146928645,-601,-18,-0.07686,-21,-0.050211,301,49,4270,2391,6000,,600,,,,cyclic,transition,0,no_load,both,B5: cyclic back-and-forth,servo-app/lab-0.1
1781163234.8452945,71.59381937980652,B5_CYCLIC,B5_CYCLIC_R01_20260611_143242,delta-asda-b3-e,1591,RTSO|SO|OE|VE|QS|TR,3,0,145233859,-600,-19,-0.08113,-18,-0.043038,300,49,4270,2391,6000,,600,,,,cyclic,transition,0,no_load,both,B5: cyclic back-and-forth,servo-app/lab-0.1
1781163234.945617,71.69414186477661,B5_CYCLIC,B5_CYCLIC_R01_20260611_143242,delta-asda-b3-e,1591,RTSO|SO|OE|VE|QS|TR,3,0,143556407,-600,-19,-0.08113,-21,-0.050211,301,49,4270,2391,6000,,600,,,,cyclic,transition,0,no_load,both,B5: cyclic back-and-forth,servo-app/lab-0.1
1781163235.0458245,71.79434943199158,B5_CYCLIC,B5_CYCLIC_R01_20260611_143242,delta-asda-b3-e,1591,RTSO|SO|OE|VE|QS|TR,3,0,141878537,-600,-20,-0.0854,-19,-0.045429,301,49,4270,2391,6000,,600,,,,cyclic,transition,0,no_load,both,B5: cyclic back-and-forth,servo-app/lab-0.1
1781163235.1463003,71.89482522010803,B5_CYCLIC,B5_CYCLIC_R01_20260611_143242,delta-asda-b3-e,1591,RTSO|SO|OE|VE|QS|TR,3,0,140184409,-600,-17,-0.07259,-21,-0.050211,301,49,4270,2391,6000,,600,,,,cyclic,transition,0,no_load,both,B5: cyclic back-and-forth,servo-app/lab-0.1
1781163235.2471364,71.99566125869751,B5_CYCLIC,B5_CYCLIC_R01_20260611_143242,delta-asda-b3-e,1591,RTSO|SO|OE|VE|QS|TR,3,0,138489512,-600,-22,-0.09394,-21,-0.050211,301,49,4270,2391,6000,,600,,,,cyclic,transition,0,no_load,both,B5: cyclic back-and-forth,servo-app/lab-0.1
1781163235.3475356,72.09606051445007,B5_CYCLIC,B5_CYCLIC_R01_20260611_143242,delta-asda-b3-e,1591,RTSO|SO|OE|VE|QS|TR,3,0,136828954,-600,-20,-0.0854,-21,-0.050211,301,49,4270,2391,6000,,600,,,,cyclic,transition,0,no_load,both,B5: cyclic back-and-forth,servo-app/lab-0.1
1781163235.4477375,72.19626235961914,B5_CYCLIC,B5_CYCLIC_R01_20260611_143242,delta-asda-b3-e,1591,RTSO|SO|OE|VE|QS|TR,3,0,135134097,-600,-20,-0.0854,-24,-0.057384,301,49,4270,2391,6000,,600,,,,cyclic,transition,0,no_load,both,B5: cyclic back-and-forth,servo-app/lab-0.1
1781163235.5479534,72.29647827148438,B5_CYCLIC,B5_CYCLIC_R01_20260611_143242,delta-asda-b3-e,1591,RTSO|SO|OE|VE|QS|TR,3,0,133456903,-600,-18,-0.07686,-22,-0.052602,301,49,4270,2391,6000,,600,,,,cyclic,transition,0,no_load,both,B5: cyclic back-and-forth,servo-app/lab-0.1
1781163235.648562,72.39708685874939,B5_CYCLIC,B5_CYCLIC_R01_20260611_143242,delta-asda-b3-e,1591,RTSO|SO|OE|VE|QS|TR,3,0,131778673,-600,-20,-0.0854,-19,-0.045429,301,49,4270,2391,6000,,600,,,,cyclic,transition,0,no_load,both,B5: cyclic back-and-forth,servo-app/lab-0.1
1781163235.7488062,72.49733114242554,B5_CYCLIC,B5_CYCLIC_R01_20260611_143242,delta-asda-b3-e,1591,RTSO|SO|OE|VE|QS|TR,3,0,130084413,-600,-18,-0.07686,-18,-0.043038,301,49,4270,2391,6000,,600,,,,cyclic,transition,0,no_load,both,B5: cyclic back-and-forth,servo-app/lab-0.1
1781163235.8493044,72.59782934188843,B5_CYCLIC,B5_CYCLIC_R01_20260611_143242,delta-asda-b3-e,1591,RTSO|SO|OE|VE|QS|TR,3,0,128389617,-600,-21,-0.08967,-21,-0.050211,301,49,4270,2391,6000,,600,,,,cyclic,transition,0,no_load,both,B5: cyclic back-and-forth,servo-app/lab-0.1
1781163235.949388,72.69791293144226,B5_CYCLIC,B5_CYCLIC_R01_20260611_143242,delta-asda-b3-e,1591,RTSO|SO|OE|VE|QS|TR,3,0,126712249,-599,-19,-0.08113,-20,-0.04782,301,49,4270,2391,6000,,600,,,,cyclic,transition,0,no_load,both,B5: cyclic back-and-forth,servo-app/lab-0.1
1781163236.0496612,72.79818606376648,B5_CYCLIC,B5_CYCLIC_R01_20260611_143242,delta-asda-b3-e,1591,RTSO|SO|OE|VE|QS|TR,3,0,125034393,-599,-21,-0.08967,-19,-0.045429,301,49,4270,2391,6000,,600,,,,cyclic,transition,0,no_load,both,B5: cyclic back-and-forth,servo-app/lab-0.1
1781163236.1498892,72.89841413497925,B5_CYCLIC,B5_CYCLIC_R01_20260611_143242,delta-asda-b3-e,1591,RTSO|SO|OE|VE|QS|TR,3,0,123356838,-600,-17,-0.07259,-16,-0.038256,301,49,4270,2391,6000,,600,,,,cyclic,transition,0,no_load,both,B5: cyclic back-and-forth,servo-app/lab-0.1
1781163236.2499516,72.99847650527954,B5_CYCLIC,B5_CYCLIC_R01_20260611_143242,delta-asda-b3-e,1591,RTSO|SO|OE|VE|QS|TR,3,0,121678793,-600,-19,-0.08113,-19,-0.045429,301,49,4270,2391,6000,,600,,,,cyclic,transition,0,no_load,both,B5: cyclic back-and-forth,servo-app/lab-0.1
1781163236.3504648,73.09898972511292,B5_CYCLIC,B5_CYCLIC_R01_20260611_143242,delta-asda-b3-e,1591,RTSO|SO|OE|VE|QS|TR,3,0,119984693,-600,-19,-0.08113,-19,-0.045429,301,49,4270,2391,6000,,600,,,,cyclic,transition,0,no_load,both,B5: cyclic back-and-forth,servo-app/lab-0.1
1781163236.4506774,73.19920229911804,B5_CYCLIC,B5_CYCLIC_R01_20260611_143242,delta-asda-b3-e,1591,RTSO|SO|OE|VE|QS|TR,3,0,118306617,-599,-20,-0.0854,-19,-0.045429,301,49,4270,2391,6000,,600,,,,cyclic,transition,0,no_load,both,B5: cyclic back-and-forth,servo-app/lab-0.1
1781163236.5509903,73.29951524734497,B5_CYCLIC,B5_CYCLIC_R01_20260611_143242,delta-asda-b3-e,1591,RTSO|SO|OE|VE|QS|TR,3,0,116629407,-599,-18,-0.07686,-18,-0.043038,301,49,4270,2391,6000,,600,,,,cyclic,transition,0,no_load,both,B5: cyclic back-and-forth,servo-app/lab-0.1
1781163236.651558,73.40008282661438,B5_CYCLIC,B5_CYCLIC_R01_20260611_143242,delta-asda-b3-e,1591,RTSO|SO|OE|VE|QS|TR,3,0,114934339,-600,-23,-0.09821,-21,-0.050211,301,49,4270,2391,6000,,600,,,,cyclic,transition,0,no_load,both,B5: cyclic back-and-forth,servo-app/lab-0.1
1781163236.7519727,73.50049757957458,B5_CYCLIC,B5_CYCLIC_R01_20260611_143242,delta-asda-b3-e,1591,RTSO|SO|OE|VE|QS|TR,3,0,113273656,-600,-18,-0.07686,-17,-0.040647,301,49,4270,2391,6000,,600,,,,cyclic,transition,0,no_load,both,B5: cyclic back-and-forth,servo-app/lab-0.1
1781163236.8523483,73.60087323188782,B5_CYCLIC,B5_CYCLIC_R01_20260611_143242,delta-asda-b3-e,1591,RTSO|SO|OE|VE|QS|TR,3,0,111562077,-599,-23,-0.09821,-21,-0.050211,302,49,4270,2391,6000,,600,,,,cyclic,transition,0,no_load,both,B5: cyclic back-and-forth,servo-app/lab-0.1
1781163236.9530792,73.70160412788391,B5_CYCLIC,B5_CYCLIC_R01_20260611_143242,delta-asda-b3-e,1591,RTSO|SO|OE|VE|QS|TR,3,0,109868048,-599,-20,-0.0854,-20,-0.04782,301,49,4270,2391,6000,,600,,,,cyclic,transition,0,no_load,both,B5: cyclic back-and-forth,servo-app/lab-0.1
1781163237.0535567,73.80208158493042,B5_CYCLIC,B5_CYCLIC_R01_20260611_143242,delta-asda-b3-e,1591,RTSO|SO|OE|VE|QS|TR,3,0,108190180,-599,-27,-0.11529,-23,-0.054993,301,49,4270,2391,6000,,600,,,,cyclic,transition,0,no_load,both,B5: cyclic back-and-forth,servo-app/lab-0.1
1781163237.1538594,73.90238428115845,B5_CYCLIC,B5_CYCLIC_R01_20260611_143242,delta-asda-b3-e,1591,RTSO|SO|OE|VE|QS|TR,3,0,106512642,-599,-21,-0.08967,-18,-0.043038,301,49,4270,2391,6000,,600,,,,cyclic,transition,0,no_load,both,B5: cyclic back-and-forth,servo-app/lab-0.1
1781163237.2541018,74.00262665748596,B5_CYCLIC,B5_CYCLIC_R01_20260611_143242,delta-asda-b3-e,1591,RTSO|SO|OE|VE|QS|TR,3,0,104818007,-599,-22,-0.09394,-19,-0.045429,302,49,4270,2391,6000,,600,,,,cyclic,transition,0,no_load,both,B5: cyclic back-and-forth,servo-app/lab-0.1
1781163237.3547273,74.10325217247009,B5_CYCLIC,B5_CYCLIC_R01_20260611_143242,delta-asda-b3-e,1591,RTSO|SO|OE|VE|QS|TR,3,0,103140607,-599,-22,-0.09394,-19,-0.045429,301,49,4270,2391,6000,,600,,,,cyclic,transition,0,no_load,both,B5: cyclic back-and-forth,servo-app/lab-0.1
1781163237.4552598,74.20378470420837,B5_CYCLIC,B5_CYCLIC_R01_20260611_143242,delta-asda-b3-e,1591,RTSO|SO|OE|VE|QS|TR,3,0,101445987,-598,-19,-0.08113,-21,-0.050211,302,49,4270,2391,6000,,600,,,,cyclic,transition,0,no_load,both,B5: cyclic back-and-forth,servo-app/lab-0.1
1781163237.5555909,74.30411577224731,B5_CYCLIC,B5_CYCLIC_R01_20260611_143242,delta-asda-b3-e,1591,RTSO|SO|OE|VE|QS|TR,3,0,99768674,-599,-19,-0.08113,-18,-0.043038,301,49,4270,2391,6000,,600,,,,cyclic,transition,0,no_load,both,B5: cyclic back-and-forth,servo-app/lab-0.1
1781163237.6561036,74.40462851524353,B5_CYCLIC,B5_CYCLIC_R01_20260611_143242,delta-asda-b3-e,1591,RTSO|SO|OE|VE|QS|TR,3,0,98090308,-599,-23,-0.09821,-27,-0.064557,301,49,4270,2391,6000,,600,,,,cyclic,transition,0,no_load,both,B5: cyclic back-and-forth,servo-app/lab-0.1
1781163237.7561755,74.50470042228699,B5_CYCLIC,B5_CYCLIC_R01_20260611_143242,delta-asda-b3-e,1591,RTSO|SO|OE|VE|QS|TR,3,0,96412898,-599,-19,-0.08113,-18,-0.043038,302,49,4270,2391,6000,,600,,,,cyclic,transition,0,no_load,both,B5: cyclic back-and-forth,servo-app/lab-0.1
1781163237.8562458,74.60477066040039,B5_CYCLIC,B5_CYCLIC_R01_20260611_143242,delta-asda-b3-e,1591,RTSO|SO|OE|VE|QS|TR,3,0,94718043,-599,-23,-0.09821,-23,-0.054993,301,49,4270,2391,6000,,600,,,,cyclic,transition,0,no_load,both,B5: cyclic back-and-forth,servo-app/lab-0.1
1781163237.9563246,74.70484948158264,B5_CYCLIC,B5_CYCLIC_R01_20260611_143242,delta-asda-b3-e,1591,RTSO|SO|OE|VE|QS|TR,3,0,93040764,-598,-21,-0.08967,-22,-0.052602,301,49,4270,2391,6000,,600,,,,cyclic,transition,0,no_load,both,B5: cyclic back-and-forth,servo-app/lab-0.1
1781163238.056745,74.80526995658875,B5_CYCLIC,B5_CYCLIC_R01_20260611_143242,delta-asda-b3-e,1591,RTSO|SO|OE|VE|QS|TR,3,0,91362786,-599,-24,-0.10248,-23,-0.054993,301,49,4270,2391,6000,,600,,,,cyclic,transition,0,no_load,both,B5: cyclic back-and-forth,servo-app/lab-0.1
1781163238.1570325,74.90555739402771,B5_CYCLIC,B5_CYCLIC_R01_20260611_143242,delta-asda-b3-e,1591,RTSO|SO|OE|VE|QS|TR,3,0,89685222,-599,-17,-0.07259,-19,-0.045429,301,49,4270,2391,6000,,600,,,,cyclic,transition,0,no_load,both,B5: cyclic back-and-forth,servo-app/lab-0.1
1781163238.2571652,75.00569009780884,B5_CYCLIC,B5_CYCLIC_R01_20260611_143242,delta-asda-b3-e,1591,RTSO|SO|OE|VE|QS|TR,3,0,88007305,-599,-20,-0.0854,-21,-0.050211,302,49,4270,2391,6000,,600,,,,cyclic,transition,0,no_load,both,B5: cyclic back-and-forth,servo-app/lab-0.1
1781163238.3573008,75.10582566261292,B5_CYCLIC,B5_CYCLIC_R01_20260611_143242,delta-asda-b3-e,1591,RTSO|SO|OE|VE|QS|TR,3,0,86313092,-599,-19,-0.08113,-19,-0.045429,301,49,4270,2391,6000,,600,,,,cyclic,transition,0,no_load,both,B5: cyclic back-and-forth,servo-app/lab-0.1
1781163238.4577706,75.20629549026489,B5_CYCLIC,B5_CYCLIC_R01_20260611_143242,delta-asda-b3-e,1591,RTSO|SO|OE|VE|QS|TR,3,0,84635203,-598,-22,-0.09394,-22,-0.052602,301,49,4270,2391,6000,,600,,,,cyclic,transition,0,no_load,both,B5: cyclic back-and-forth,servo-app/lab-0.1
1781163238.5580418,75.30656671524048,B5_CYCLIC,B5_CYCLIC_R01_20260611_143242,delta-asda-b3-e,1591,RTSO|SO|OE|VE|QS|TR,3,0,82957805,-599,-17,-0.07259,-18,-0.043038,301,49,4270,2391,6000,,600,,,,cyclic,transition,0,no_load,both,B5: cyclic back-and-forth,servo-app/lab-0.1
1781163238.658109,75.40663385391235,B5_CYCLIC,B5_CYCLIC_R01_20260611_143242,delta-asda-b3-e,1591,RTSO|SO|OE|VE|QS|TR,3,0,81262780,-599,-20,-0.0854,-21,-0.050211,301,49,4270,2391,6000,,600,,,,cyclic,transition,0,no_load,both,B5: cyclic back-and-forth,servo-app/lab-0.1
1781163238.75867,75.50719499588013,B5_CYCLIC,B5_CYCLIC_R01_20260611_143242,delta-asda-b3-e,1591,RTSO|SO|OE|VE|QS|TR,3,0,79585387,-599,-24,-0.10248,-19,-0.045429,301,49,4270,2391,6000,,600,,,,cyclic,transition,0,no_load,both,B5: cyclic back-and-forth,servo-app/lab-0.1
1781163238.8588452,75.60737013816833,B5_CYCLIC,B5_CYCLIC_R01_20260611_143242,delta-asda-b3-e,1591,RTSO|SO|OE|VE|QS|TR,3,0,77907287,-599,-21,-0.08967,-22,-0.052602,302,49,4270,2391,6000,,600,,,,cyclic,transition,0,no_load,both,B5: cyclic back-and-forth,servo-app/lab-0.1
1781163238.959025,75.70754981040955,B5_CYCLIC,B5_CYCLIC_R01_20260611_143242,delta-asda-b3-e,1591,RTSO|SO|OE|VE|QS|TR,3,0,76230051,-598,-22,-0.09394,-20,-0.04782,301,49,4270,2391,6000,,600,,,,cyclic,transition,0,no_load,both,B5: cyclic back-and-forth,servo-app/lab-0.1
1781163239.0593593,75.8078842163086,B5_CYCLIC,B5_CYCLIC_R01_20260611_143242,delta-asda-b3-e,1591,RTSO|SO|OE|VE|QS|TR,3,0,74468175,-599,-28,-0.11956,-25,-0.059775,301,49,4270,2391,6000,,600,,,,cyclic,transition,0,no_load,both,B5: cyclic back-and-forth,servo-app/lab-0.1
1781163239.1596656,75.90819048881531,B5_CYCLIC,B5_CYCLIC_R01_20260611_143242,delta-asda-b3-e,1591,RTSO|SO|OE|VE|QS|TR,3,0,72857787,-599,-23,-0.09821,-18,-0.043038,301,49,4270,2391,6000,,600,,,,cyclic,transition,0,no_load,both,B5: cyclic back-and-forth,servo-app/lab-0.1
1781163239.2597642,76.00828909873962,B5_CYCLIC,B5_CYCLIC_R01_20260611_143242,delta-asda-b3-e,1591,RTSO|SO|OE|VE|QS|TR,3,0,71179952,-599,-26,-0.11102,-22,-0.052602,301,49,4270,2391,6000,,600,,,,cyclic,transition,0,no_load,both,B5: cyclic back-and-forth,servo-app/lab-0.1
1781163239.3601513,76.10867619514465,B5_CYCLIC,B5_CYCLIC_R01_20260611_143242,delta-asda-b3-e,1591,RTSO|SO|OE|VE|QS|TR,3,0,69502540,-599,-22,-0.09394,-24,-0.057384,301,49,4270,2391,6000,,600,,,,cyclic,transition,0,no_load,both,B5: cyclic back-and-forth,servo-app/lab-0.1
1781163239.460735,76.20925998687744,B5_CYCLIC,B5_CYCLIC_R01_20260611_143242,delta-asda-b3-e,1591,RTSO|SO|OE|VE|QS|TR,3,0,67807950,-598,-18,-0.07686,-20,-0.04782,301,49,4270,2391,6000,,600,,,,cyclic,transition,0,no_load,both,B5: cyclic back-and-forth,servo-app/lab-0.1
1781163239.5607986,76.30932354927063,B5_CYCLIC,B5_CYCLIC_R01_20260611_143242,delta-asda-b3-e,1591,RTSO|SO|OE|VE|QS|TR,3,0,66130456,-599,-18,-0.07686,-17,-0.040647,301,49,4270,2391,6000,,600,,,,cyclic,transition,0,no_load,both,B5: cyclic back-and-forth,servo-app/lab-0.1
1781163239.660863,76.40938782691956,B5_CYCLIC,B5_CYCLIC_R01_20260611_143242,delta-asda-b3-e,1591,RTSO|SO|OE|VE|QS|TR,3,0,64452116,-599,-21,-0.08967,-21,-0.050211,301,49,4270,2391,6000,,600,,,,cyclic,transition,0,no_load,both,B5: cyclic back-and-forth,servo-app/lab-0.1
1781163239.7613163,76.50984120368958,B5_CYCLIC,B5_CYCLIC_R01_20260611_143242,delta-asda-b3-e,1591,RTSO|SO|OE|VE|QS|TR,3,0,62757925,-599,-23,-0.09821,-25,-0.059775,301,49,4270,2391,6000,,600,,,,cyclic,transition,0,no_load,both,B5: cyclic back-and-forth,servo-app/lab-0.1
1781163239.8617556,76.61028051376343,B5_CYCLIC,B5_CYCLIC_R01_20260611_143242,delta-asda-b3-e,1591,RTSO|SO|OE|VE|QS|TR,3,0,61079857,-599,-25,-0.10675,-23,-0.054993,301,49,4270,2391,6000,,600,,,,cyclic,transition,0,no_load,both,B5: cyclic back-and-forth,servo-app/lab-0.1
1781163239.9619668,76.71049165725708,B5_CYCLIC,B5_CYCLIC_R01_20260611_143242,delta-asda-b3-e,1591,RTSO|SO|OE|VE|QS|TR,3,0,59402635,-598,-21,-0.08967,-22,-0.052602,301,49,4270,2391,6000,,600,,,,cyclic,transition,0,no_load,both,B5: cyclic back-and-forth,servo-app/lab-0.1
1781163240.0621965,76.8107213973999,B5_CYCLIC,B5_CYCLIC_R01_20260611_143242,delta-asda-b3-e,1591,RTSO|SO|OE|VE|QS|TR,3,0,57707677,-599,-18,-0.07686,-21,-0.050211,301,49,4270,2391,6000,,600,,,,cyclic,transition,0,no_load,both,B5: cyclic back-and-forth,servo-app/lab-0.1
1781163240.1624901,76.91101503372192,B5_CYCLIC,B5_CYCLIC_R01_20260611_143242,delta-asda-b3-e,1591,RTSO|SO|OE|VE|QS|TR,3,0,56030210,-599,-24,-0.10248,-24,-0.057384,301,49,4270,2391,6000,,600,,,,cyclic,transition,0,no_load,both,B5: cyclic back-and-forth,servo-app/lab-0.1
1781163240.2625551,77.01108002662659,B5_CYCLIC,B5_CYCLIC_R01_20260611_143242,delta-asda-b3-e,1591,RTSO|SO|OE|VE|QS|TR,3,0,54352321,-599,-24,-0.10248,-28,-0.066948,300,49,4270,2391,6000,,600,,,,cyclic,transition,0,no_load,both,B5: cyclic back-and-forth,servo-app/lab-0.1
1781163240.363104,77.11162900924683,B5_CYCLIC,B5_CYCLIC_R01_20260611_143242,delta-asda-b3-e,1591,RTSO|SO|OE|VE|QS|TR,3,0,52674818,-599,-23,-0.09821,-22,-0.052602,301,49,4270,2391,6000,,600,,,,cyclic,transition,0,no_load,both,B5: cyclic back-and-forth,servo-app/lab-0.1
1781163240.4790757,77.22760057449341,B5_CYCLIC,B5_CYCLIC_R01_20260611_143242,delta-asda-b3-e,1591,RTSO|SO|OE|VE|QS|TR,3,0,49855727,-600,-20,-0.0854,-23,-0.054993,300,49,4270,2391,6000,,600,,,,cyclic,transition,0,no_load,both,B5: cyclic back-and-forth,servo-app/lab-0.1
1781163240.5792809,77.32780575752258,B5_CYCLIC,B5_CYCLIC_R01_20260611_143242,delta-asda-b3-e,1591,RTSO|SO|OE|VE|QS|TR,3,0,49033967,-600,-21,-0.08967,-18,-0.043038,300,49,4270,2391,6000,,600,,,,cyclic,transition,0,no_load,both,B5: cyclic back-and-forth,servo-app/lab-0.1
1781163240.679639,77.42816400527954,B5_CYCLIC,B5_CYCLIC_R01_20260611_143242,delta-asda-b3-e,1591,RTSO|SO|OE|VE|QS|TR,3,0,47288907,-600,-17,-0.07259,-15,-0.035865,300,49,4270,2391,6000,,600,,,,cyclic,transition,0,no_load,both,B5: cyclic back-and-forth,servo-app/lab-0.1
1781163240.7799792,77.52850413322449,B5_CYCLIC,B5_CYCLIC_R01_20260611_143242,delta-asda-b3-e,1591,RTSO|SO|OE|VE|QS|TR,3,0,45678517,-600,-19,-0.08113,-22,-0.052602,301,49,4270,2391,6000,,600,,,,cyclic,transition,0,no_load,both,B5: cyclic back-and-forth,servo-app/lab-0.1
1781163240.8805487,77.62907361984253,B5_CYCLIC,B5_CYCLIC_R01_20260611_143242,delta-asda-b3-e,1591,RTSO|SO|OE|VE|QS|TR,3,0,44000676,-600,-17,-0.07259,-19,-0.045429,301,49,4270,2391,6000,,600,,,,cyclic,transition,0,no_load,both,B5: cyclic back-and-forth,servo-app/lab-0.1
1781163240.9809556,77.72948050498962,B5_CYCLIC,B5_CYCLIC_R01_20260611_143242,delta-asda-b3-e,1591,RTSO|SO|OE|VE|QS|TR,3,0,42306376,-600,-19,-0.08113,-18,-0.043038,300,49,4270,2391,6000,,600,,,,cyclic,transition,0,no_load,both,B5: cyclic back-and-forth,servo-app/lab-0.1
1781163241.081177,77.82970190048218,B5_CYCLIC,B5_CYCLIC_R01_20260611_143242,delta-asda-b3-e,1591,RTSO|SO|OE|VE|QS|TR,3,0,40628223,-600,-22,-0.09394,-22,-0.052602,300,49,4270,2391,6000,,600,,,,cyclic,transition,0,no_load,both,B5: cyclic back-and-forth,servo-app/lab-0.1
1781163241.1817603,77.93028521537781,B5_CYCLIC,B5_CYCLIC_R01_20260611_143242,delta-asda-b3-e,1591,RTSO|SO|OE|VE|QS|TR,3,0,38934143,-600,-23,-0.09821,-24,-0.057384,300,49,4270,2391,6000,,600,,,,cyclic,transition,0,no_load,both,B5: cyclic back-and-forth,servo-app/lab-0.1
1781163241.2824852,78.03101015090942,B5_CYCLIC,B5_CYCLIC_R01_20260611_143242,delta-asda-b3-e,1591,RTSO|SO|OE|VE|QS|TR,3,0,37239438,-600,-16,-0.06832,-16,-0.038256,300,49,4270,2391,6000,,600,,,,cyclic,transition,0,no_load,both,B5: cyclic back-and-forth,servo-app/lab-0.1
1781163241.3826525,78.13117742538452,B5_CYCLIC,B5_CYCLIC_R01_20260611_143242,delta-asda-b3-e,1591,RTSO|SO|OE|VE|QS|TR,3,0,35562111,-599,-18,-0.07686,-21,-0.050211,300,49,4270,2391,6000,,600,,,,cyclic,transition,0,no_load,both,B5: cyclic back-and-forth,servo-app/lab-0.1
1781163241.4829981,78.23152303695679,B5_CYCLIC,B5_CYCLIC_R01_20260611_143242,delta-asda-b3-e,1591,RTSO|SO|OE|VE|QS|TR,3,0,33883945,-600,-22,-0.09394,-19,-0.045429,301,49,4270,2391,6000,,600,,,,cyclic,transition,0,no_load,both,B5: cyclic back-and-forth,servo-app/lab-0.1
1781163241.583394,78.33191895484924,B5_CYCLIC,B5_CYCLIC_R01_20260611_143242,delta-asda-b3-e,1591,RTSO|SO|OE|VE|QS|TR,3,0,32189661,-600,-24,-0.10248,-25,-0.059775,300,49,4270,2391,6000,,600,,,,cyclic,transition,0,no_load,both,B5: cyclic back-and-forth,servo-app/lab-0.1
1781163241.6844797,78.43300461769104,B5_CYCLIC,B5_CYCLIC_R01_20260611_143242,delta-asda-b3-e,1591,RTSO|SO|OE|VE|QS|TR,3,0,30494870,-600,-16,-0.06832,-14,-0.033474,300,49,4270,2391,6000,,600,,,,cyclic,transition,0,no_load,both,B5: cyclic back-and-forth,servo-app/lab-0.1
1781163241.784989,78.53351402282715,B5_CYCLIC,B5_CYCLIC_R01_20260611_143242,delta-asda-b3-e,1591,RTSO|SO|OE|VE|QS|TR,3,0,28817458,-599,-24,-0.10248,-20,-0.04782,301,49,4270,2391,6000,,600,,,,cyclic,transition,0,no_load,both,B5: cyclic back-and-forth,servo-app/lab-0.1
1781163241.8854764,78.6340012550354,B5_CYCLIC,B5_CYCLIC_R01_20260611_143242,delta-asda-b3-e,1591,RTSO|SO|OE|VE|QS|TR,3,0,27122951,-599,-15,-0.06405,-15,-0.035865,300,49,4270,2391,6000,,600,,,,cyclic,transition,0,no_load,both,B5: cyclic back-and-forth,servo-app/lab-0.1
1781163241.9859817,78.73450660705566,B5_CYCLIC,B5_CYCLIC_R01_20260611_143242,delta-asda-b3-e,1591,RTSO|SO|OE|VE|QS|TR,3,0,25445228,-600,-20,-0.0854,-19,-0.045429,301,49,4270,2391,6000,,600,,,,cyclic,transition,0,no_load,both,B5: cyclic back-and-forth,servo-app/lab-0.1
1781163242.0869157,78.83544063568115,B5_CYCLIC,B5_CYCLIC_R01_20260611_143242,delta-asda-b3-e,1591,RTSO|SO|OE|VE|QS|TR,3,0,23750540,-599,-16,-0.06832,-16,-0.038256,301,49,4270,2391,6000,,600,,,,cyclic,transition,0,no_load,both,B5: cyclic back-and-forth,servo-app/lab-0.1
1781163242.1878293,78.93635416030884,B5_CYCLIC,B5_CYCLIC_R01_20260611_143242,delta-asda-b3-e,1591,RTSO|SO|OE|VE|QS|TR,3,0,22056360,-599,-18,-0.07686,-22,-0.052602,301,49,4270,2391,6000,,600,,,,cyclic,transition,0,no_load,both,B5: cyclic back-and-forth,servo-app/lab-0.1
1781163242.2880025,79.03652739524841,B5_CYCLIC,B5_CYCLIC_R01_20260611_143242,delta-asda-b3-e,1591,RTSO|SO|OE|VE|QS|TR,3,0,20378612,-599,-21,-0.08967,-21,-0.050211,301,49,4270,2391,6000,,600,,,,cyclic,transition,0,no_load,both,B5: cyclic back-and-forth,servo-app/lab-0.1
1781163242.3885858,79.13711071014404,B5_CYCLIC,B5_CYCLIC_R01_20260611_143242,delta-asda-b3-e,1591,RTSO|SO|OE|VE|QS|TR,3,0,18684478,-599,-18,-0.07686,-21,-0.050211,301,49,4270,2391,6000,,600,,,,cyclic,transition,0,no_load,both,B5: cyclic back-and-forth,servo-app/lab-0.1
1781163242.4891016,79.23762655258179,B5_CYCLIC,B5_CYCLIC_R01_20260611_143242,delta-asda-b3-e,1591,RTSO|SO|OE|VE|QS|TR,3,0,17023073,-600,-17,-0.07259,-18,-0.043038,301,49,4270,2391,6000,,600,,,,cyclic,transition,0,no_load,both,B5: cyclic back-and-forth,servo-app/lab-0.1
1781163242.5892572,79.33778214454651,B5_CYCLIC,B5_CYCLIC_R01_20260611_143242,delta-asda-b3-e,1591,RTSO|SO|OE|VE|QS|TR,3,0,15328850,-599,-24,-0.10248,-21,-0.050211,301,49,4270,2391,6000,,600,,,,cyclic,transition,0,no_load,both,B5: cyclic back-and-forth,servo-app/lab-0.1
1781163242.689886,79.43841099739075,B5_CYCLIC,B5_CYCLIC_R01_20260611_143242,delta-asda-b3-e,1591,RTSO|SO|OE|VE|QS|TR,3,0,13634059,-599,-20,-0.0854,-20,-0.04782,301,49,4270,2391,6000,,600,,,,cyclic,transition,0,no_load,both,B5: cyclic back-and-forth,servo-app/lab-0.1
1781163242.7902408,79.53876566886902,B5_CYCLIC,B5_CYCLIC_R01_20260611_143242,delta-asda-b3-e,1591,RTSO|SO|OE|VE|QS|TR,3,0,11939925,-599,-23,-0.09821,-21,-0.050211,301,49,4270,2391,6000,,600,,,,cyclic,transition,0,no_load,both,B5: cyclic back-and-forth,servo-app/lab-0.1
1781163242.8907228,79.63924765586853,B5_CYCLIC,B5_CYCLIC_R01_20260611_143242,delta-asda-b3-e,1591,RTSO|SO|OE|VE|QS|TR,3,0,10262018,-599,-19,-0.08113,-18,-0.043038,301,49,4270,2391,6000,,600,,,,cyclic,transition,0,no_load,both,B5: cyclic back-and-forth,servo-app/lab-0.1
1781163242.991356,79.73988080024719,B5_CYCLIC,B5_CYCLIC_R01_20260611_143242,delta-asda-b3-e,1591,RTSO|SO|OE|VE|QS|TR,3,0,8567425,-600,-21,-0.08967,-19,-0.045429,302,49,4270,2391,6000,,600,,,,cyclic,transition,0,no_load,both,B5: cyclic back-and-forth,servo-app/lab-0.1
1781163243.0914304,79.83995532989502,B5_CYCLIC,B5_CYCLIC_R01_20260611_143242,delta-asda-b3-e,1591,RTSO|SO|OE|VE|QS|TR,3,0,6889575,-599,-20,-0.0854,-21,-0.050211,301,49,4270,2391,6000,,600,,,,cyclic,transition,0,no_load,both,B5: cyclic back-and-forth,servo-app/lab-0.1
1781163243.1920443,79.94056916236877,B5_CYCLIC,B5_CYCLIC_R01_20260611_143242,delta-asda-b3-e,1591,RTSO|SO|OE|VE|QS|TR,3,0,5212048,-600,-22,-0.09394,-20,-0.04782,302,49,4270,2391,6000,,600,,,,cyclic,transition,0,no_load,both,B5: cyclic back-and-forth,servo-app/lab-0.1
1781163243.2924805,80.0410053730011,B5_CYCLIC,B5_CYCLIC_R01_20260611_143242,delta-asda-b3-e,1591,RTSO|SO|OE|VE|QS|TR,3,0,5665470,596,21,0.08967,19,0.045429,302,49,4270,2391,6000,,600,,,,cyclic,transition,0,no_load,both,B5: cyclic back-and-forth,servo-app/lab-0.1
1781163243.392559,80.14108395576477,B5_CYCLIC,B5_CYCLIC_R01_20260611_143242,delta-asda-b3-e,1591,RTSO|SO|OE|VE|QS|TR,3,0,7342673,600,19,0.08113,18,0.043038,302,49,4270,2391,6000,,600,,,,cyclic,transition,0,no_load,both,B5: cyclic back-and-forth,servo-app/lab-0.1
1781163243.4926724,80.24119734764099,B5_CYCLIC,B5_CYCLIC_R01_20260611_143242,delta-asda-b3-e,1591,RTSO|SO|OE|VE|QS|TR,3,0,9020342,601,22,0.09394,19,0.045429,302,49,4270,2391,6000,,600,,,,cyclic,transition,0,no_load,both,B5: cyclic back-and-forth,servo-app/lab-0.1
1781163243.59306,80.34158492088318,B5_CYCLIC,B5_CYCLIC_R01_20260611_143242,delta-asda-b3-e,1591,RTSO|SO|OE|VE|QS|TR,3,0,10698095,600,18,0.07686,17,0.040647,302,49,4270,2391,6000,,600,,,,cyclic,transition,0,no_load,both,B5: cyclic back-and-forth,servo-app/lab-0.1
1781163243.693979,80.44250392913818,B5_CYCLIC,B5_CYCLIC_R01_20260611_143242,delta-asda-b3-e,1591,RTSO|SO|OE|VE|QS|TR,3,0,12392542,600,21,0.08967,20,0.04782,302,49,4270,2391,6000,,600,,,,cyclic,transition,0,no_load,both,B5: cyclic back-and-forth,servo-app/lab-0.1
1781163243.7946317,80.54315662384033,B5_CYCLIC,B5_CYCLIC_R01_20260611_143242,delta-asda-b3-e,1591,RTSO|SO|OE|VE|QS|TR,3,0,14086786,600,20,0.0854,18,0.043038,302,49,4270,2391,6000,,600,,,,cyclic,transition,0,no_load,both,B5: cyclic back-and-forth,servo-app/lab-0.1
1781163243.894973,80.64349794387817,B5_CYCLIC,B5_CYCLIC_R01_20260611_143242,delta-asda-b3-e,1591,RTSO|SO|OE|VE|QS|TR,3,0,15764550,600,21,0.08967,21,0.050211,302,49,4270,2391,6000,,600,,,,cyclic,transition,0,no_load,both,B5: cyclic back-and-forth,servo-app/lab-0.1
1781163243.9952228,80.74374771118164,B5_CYCLIC,B5_CYCLIC_R01_20260611_143242,delta-asda-b3-e,1591,RTSO|SO|OE|VE|QS|TR,3,0,17459002,600,18,0.07686,20,0.04782,302,49,4270,2391,6000,,600,,,,cyclic,transition,0,no_load,both,B5: cyclic back-and-forth,servo-app/lab-0.1
1781163244.095795,80.84431982040405,B5_CYCLIC,B5_CYCLIC_R01_20260611_143242,delta-asda-b3-e,1591,RTSO|SO|OE|VE|QS|TR,3,0,19136980,600,20,0.0854,19,0.045429,302,49,4270,2391,6000,,600,,,,cyclic,transition,0,no_load,both,B5: cyclic back-and-forth,servo-app/lab-0.1
1781163244.195981,80.9445059299469,B5_CYCLIC,B5_CYCLIC_R01_20260611_143242,delta-asda-b3-e,1591,RTSO|SO|OE|VE|QS|TR,3,0,20814366,599,17,0.07259,17,0.040647,301,49,4270,2391,6000,,600,,,,cyclic,transition,0,no_load,both,B5: cyclic back-and-forth,servo-app/lab-0.1
1781163244.2964673,81.04499220848083,B5_CYCLIC,B5_CYCLIC_R01_20260611_143242,delta-asda-b3-e,1591,RTSO|SO|OE|VE|QS|TR,3,0,22508883,600,21,0.08967,23,0.054993,302,49,4270,2391,6000,,600,,,,cyclic,transition,0,no_load,both,B5: cyclic back-and-forth,servo-app/lab-0.1
1781163244.3965878,81.14511275291443,B5_CYCLIC,B5_CYCLIC_R01_20260611_143242,delta-asda-b3-e,1591,RTSO|SO|OE|VE|QS|TR,3,0,24186174,599,18,0.07686,18,0.043038,301,49,4270,2391,6000,,600,,,,cyclic,transition,0,no_load,both,B5: cyclic back-and-forth,servo-app/lab-0.1
1781163244.4972358,81.245760679245,B5_CYCLIC,B5_CYCLIC_R01_20260611_143242,delta-asda-b3-e,1591,RTSO|SO|OE|VE|QS|TR,3,0,25880889,600,18,0.07686,19,0.045429,301,49,4270,2391,6000,,600,,,,cyclic,transition,0,no_load,both,B5: cyclic back-and-forth,servo-app/lab-0.1
1781163244.5981698,81.34669470787048,B5_CYCLIC,B5_CYCLIC_R01_20260611_143242,delta-asda-b3-e,1591,RTSO|SO|OE|VE|QS|TR,3,0,27558566,599,16,0.06832,18,0.043038,301,49,4270,2391,6000,,600,,,,cyclic,transition,0,no_load,both,B5: cyclic back-and-forth,servo-app/lab-0.1
1781163244.6982725,81.44679737091064,B5_CYCLIC,B5_CYCLIC_R01_20260611_143242,delta-asda-b3-e,1591,RTSO|SO|OE|VE|QS|TR,3,0,29236232,599,19,0.08113,20,0.04782,302,49,4270,2391,6000,,600,,,,cyclic,transition,0,no_load,both,B5: cyclic back-and-forth,servo-app/lab-0.1
1781163244.7985494,81.54707431793213,B5_CYCLIC,B5_CYCLIC_R01_20260611_143242,delta-asda-b3-e,1591,RTSO|SO|OE|VE|QS|TR,3,0,30930412,599,19,0.08113,18,0.043038,301,49,4270,2391,6000,,600,,,,cyclic,transition,0,no_load,both,B5: cyclic back-and-forth,servo-app/lab-0.1
1781163244.8993416,81.64786648750305,B5_CYCLIC,B5_CYCLIC_R01_20260611_143242,delta-asda-b3-e,1591,RTSO|SO|OE|VE|QS|TR,3,0,32624918,599,20,0.0854,18,0.043038,302,49,4270,2391,6000,,600,,,,cyclic,transition,0,no_load,both,B5: cyclic back-and-forth,servo-app/lab-0.1
1781163245.0000212,81.74854612350464,B5_CYCLIC,B5_CYCLIC_R01_20260611_143242,delta-asda-b3-e,1591,RTSO|SO|OE|VE|QS|TR,3,0,34319438,600,18,0.07686,17,0.040647,302,49,4270,2391,6000,,600,,,,cyclic,transition,0,no_load,both,B5: cyclic back-and-forth,servo-app/lab-0.1
1781163245.1000228,81.84854769706726,B5_CYCLIC,B5_CYCLIC_R01_20260611_143242,delta-asda-b3-e,1591,RTSO|SO|OE|VE|QS|TR,3,0,35980557,600,20,0.0854,18,0.043038,302,49,4270,2391,6000,,600,,,,cyclic,transition,0,no_load,both,B5: cyclic back-and-forth,servo-app/lab-0.1
1781163245.2008297,81.94935464859009,B5_CYCLIC,B5_CYCLIC_R01_20260611_143242,delta-asda-b3-e,1591,RTSO|SO|OE|VE|QS|TR,3,0,37674648,599,20,0.0854,17,0.040647,301,49,4270,2391,6000,,600,,,,cyclic,transition,0,no_load,both,B5: cyclic back-and-forth,servo-app/lab-0.1
1781163245.3014426,82.04996752738953,B5_CYCLIC,B5_CYCLIC_R01_20260611_143242,delta-asda-b3-e,1591,RTSO|SO|OE|VE|QS|TR,3,0,39369238,600,20,0.0854,22,0.052602,302,49,4270,2391,6000,,600,,,,cyclic,transition,0,no_load,both,B5: cyclic back-and-forth,servo-app/lab-0.1
1781163245.4022598,82.15078473091125,B5_CYCLIC,B5_CYCLIC_R01_20260611_143242,delta-asda-b3-e,1591,RTSO|SO|OE|VE|QS|TR,3,0,41063304,600,16,0.06832,18,0.043038,302,49,4270,2391,6000,,600,,,,cyclic,transition,0,no_load,both,B5: cyclic back-and-forth,servo-app/lab-0.1
1781163245.502457,82.25098180770874,B5_CYCLIC,B5_CYCLIC_R01_20260611_143242,delta-asda-b3-e,1591,RTSO|SO|OE|VE|QS|TR,3,0,42758337,600,22,0.09394,21,0.050211,302,49,4270,2391,6000,,600,,,,cyclic,transition,0,no_load,both,B5: cyclic back-and-forth,servo-app/lab-0.1
1781163245.6026368,82.35116171836853,B5_CYCLIC,B5_CYCLIC_R01_20260611_143242,delta-asda-b3-e,1591,RTSO|SO|OE|VE|QS|TR,3,0,44418886,600,17,0.07259,19,0.045429,301,49,4270,2391,6000,,600,,,,cyclic,transition,0,no_load,both,B5: cyclic back-and-forth,servo-app/lab-0.1
1781163245.7031176,82.45164251327515,B5_CYCLIC,B5_CYCLIC_R01_20260611_143242,delta-asda-b3-e,1591,RTSO|SO|OE|VE|QS|TR,3,0,46096687,600,20,0.0854,22,0.052602,301,49,4270,2391,6000,,600,,,,cyclic,transition,0,no_load,both,B5: cyclic back-and-forth,servo-app/lab-0.1
1781163245.8037267,82.55225157737732,B5_CYCLIC,B5_CYCLIC_R01_20260611_143242,delta-asda-b3-e,1591,RTSO|SO|OE|VE|QS|TR,3,0,47790834,599,18,0.07686,19,0.045429,302,49,4270,2391,6000,,600,,,,cyclic,transition,0,no_load,both,B5: cyclic back-and-forth,servo-app/lab-0.1
1781163245.9040723,82.65259718894958,B5_CYCLIC,B5_CYCLIC_R01_20260611_143242,delta-asda-b3-e,1591,RTSO|SO|OE|VE|QS|TR,3,0,49468786,600,20,0.0854,17,0.040647,302,49,4270,2391,6000,,600,,,,cyclic,transition,0,no_load,both,B5: cyclic back-and-forth,servo-app/lab-0.1
1781163246.0042973,82.75282216072083,B5_CYCLIC,B5_CYCLIC_R01_20260611_143242,delta-asda-b3-e,1591,RTSO|SO|OE|VE|QS|TR,3,0,51163336,600,18,0.07686,18,0.043038,302,49,4270,2391,6000,,600,,,,cyclic,transition,0,no_load,both,B5: cyclic back-and-forth,servo-app/lab-0.1
1781163246.1048586,82.85338354110718,B5_CYCLIC,B5_CYCLIC_R01_20260611_143242,delta-asda-b3-e,1591,RTSO|SO|OE|VE|QS|TR,3,0,52857894,600,19,0.08113,17,0.040647,302,49,4270,2391,6000,,600,,,,cyclic,transition,0,no_load,both,B5: cyclic back-and-forth,servo-app/lab-0.1
1781163246.2055123,82.95403718948364,B5_CYCLIC,B5_CYCLIC_R01_20260611_143242,delta-asda-b3-e,1591,RTSO|SO|OE|VE|QS|TR,3,0,54535236,600,19,0.08113,15,0.035865,301,49,4270,2391,6000,,600,,,,cyclic,transition,0,no_load,both,B5: cyclic back-and-forth,servo-app/lab-0.1
1781163246.3056555,83.05418038368225,B5_CYCLIC,B5_CYCLIC_R01_20260611_143242,delta-asda-b3-e,1591,RTSO|SO|OE|VE|QS|TR,3,0,56213038,600,19,0.08113,19,0.045429,301,49,4270,2391,6000,,600,,,,cyclic,transition,0,no_load,both,B5: cyclic back-and-forth,servo-app/lab-0.1
1781163246.405984,83.15450882911682,B5_CYCLIC,B5_CYCLIC_R01_20260611_143242,delta-asda-b3-e,1591,RTSO|SO|OE|VE|QS|TR,3,0,57890367,600,17,0.07259,15,0.035865,301,49,4270,2391,6000,,600,,,,cyclic,transition,0,no_load,both,B5: cyclic back-and-forth,servo-app/lab-0.1
1781163246.5062313,83.2547562122345,B5_CYCLIC,B5_CYCLIC_R01_20260611_143242,delta-asda-b3-e,1591,RTSO|SO|OE|VE|QS|TR,3,0,59585301,601,17,0.07259,17,0.040647,301,49,4270,2391,6000,,600,,,,cyclic,transition,0,no_load,both,B5: cyclic back-and-forth,servo-app/lab-0.1
1781163246.6065211,83.35504603385925,B5_CYCLIC,B5_CYCLIC_R01_20260611_143242,delta-asda-b3-e,1591,RTSO|SO|OE|VE|QS|TR,3,0,61262625,600,19,0.08113,17,0.040647,301,49,4270,2391,6000,,600,,,,cyclic,transition,0,no_load,both,B5: cyclic back-and-forth,servo-app/lab-0.1
1781163246.7071278,83.45565271377563,B5_CYCLIC,B5_CYCLIC_R01_20260611_143242,delta-asda-b3-e,1591,RTSO|SO|OE|VE|QS|TR,3,0,62940454,600,19,0.08113,20,0.04782,301,49,4270,2391,6000,,600,,,,cyclic,transition,0,no_load,both,B5: cyclic back-and-forth,servo-app/lab-0.1
1781163246.8082268,83.55675172805786,B5_CYCLIC,B5_CYCLIC_R01_20260611_143242,delta-asda-b3-e,1591,RTSO|SO|OE|VE|QS|TR,3,0,64634515,600,21,0.08967,18,0.043038,302,49,4270,2391,6000,,600,,,,cyclic,transition,0,no_load,both,B5: cyclic back-and-forth,servo-app/lab-0.1
1781163246.9085958,83.65712070465088,B5_CYCLIC,B5_CYCLIC_R01_20260611_143242,delta-asda-b3-e,1591,RTSO|SO|OE|VE|QS|TR,3,0,66329366,601,22,0.09394,18,0.043038,301,49,4270,2391,6000,,600,,,,cyclic,transition,0,no_load,both,B5: cyclic back-and-forth,servo-app/lab-0.1
1781163247.0089104,83.75743532180786,B5_CYCLIC,B5_CYCLIC_R01_20260611_143242,delta-asda-b3-e,1591,RTSO|SO|OE|VE|QS|TR,3,0,68007022,600,20,0.0854,19,0.045429,302,49,4270,2391,6000,,600,,,,cyclic,transition,0,no_load,both,B5: cyclic back-and-forth,servo-app/lab-0.1
1781163247.1098418,83.85836672782898,B5_CYCLIC,B5_CYCLIC_R01_20260611_143242,delta-asda-b3-e,1591,RTSO|SO|OE|VE|QS|TR,3,0,69701646,600,18,0.07686,18,0.043038,301,49,4270,2391,6000,,600,,,,cyclic,transition,0,no_load,both,B5: cyclic back-and-forth,servo-app/lab-0.1
1781163247.210303,83.95882797241211,B5_CYCLIC,B5_CYCLIC_R01_20260611_143242,delta-asda-b3-e,1591,RTSO|SO|OE|VE|QS|TR,3,0,71395784,600,23,0.09821,18,0.043038,301,49,4270,2391,6000,,600,,,,cyclic,transition,0,no_load,both,B5: cyclic back-and-forth,servo-app/lab-0.1
1781163247.3111358,84.05966067314148,B5_CYCLIC,B5_CYCLIC_R01_20260611_143242,delta-asda-b3-e,1591,RTSO|SO|OE|VE|QS|TR,3,0,73073581,600,19,0.08113,17,0.040647,301,49,4270,2391,6000,,600,,,,cyclic,transition,0,no_load,both,B5: cyclic back-and-forth,servo-app/lab-0.1
1781163247.4112647,84.15978956222534,B5_CYCLIC,B5_CYCLIC_R01_20260611_143242,delta-asda-b3-e,1591,RTSO|SO|OE|VE|QS|TR,3,0,74751038,601,17,0.07259,18,0.043038,301,49,4270,2391,6000,,600,,,,cyclic,transition,0,no_load,both,B5: cyclic back-and-forth,servo-app/lab-0.1
1781163247.511782,84.26030683517456,B5_CYCLIC,B5_CYCLIC_R01_20260611_143242,delta-asda-b3-e,1591,RTSO|SO|OE|VE|QS|TR,3,0,76445961,601,18,0.07686,18,0.043038,301,49,4270,2391,6000,,600,,,,cyclic,transition,0,no_load,both,B5: cyclic back-and-forth,servo-app/lab-0.1
1781163247.612621,84.36114597320557,B5_CYCLIC,B5_CYCLIC_R01_20260611_143242,delta-asda-b3-e,1591,RTSO|SO|OE|VE|QS|TR,3,0,78139955,600,22,0.09394,19,0.045429,301,49,4270,2391,6000,,600,,,,cyclic,transition,0,no_load,both,B5: cyclic back-and-forth,servo-app/lab-0.1
1781163247.7132795,84.46180438995361,B5_CYCLIC,B5_CYCLIC_R01_20260611_143242,delta-asda-b3-e,1591,RTSO|SO|OE|VE|QS|TR,3,0,79817915,600,17,0.07259,18,0.043038,301,49,4270,2391,6000,,600,,,,cyclic,transition,0,no_load,both,B5: cyclic back-and-forth,servo-app/lab-0.1
1781163247.8135507,84.5620756149292,B5_CYCLIC,B5_CYCLIC_R01_20260611_143242,delta-asda-b3-e,1591,RTSO|SO|OE|VE|QS|TR,3,0,81511908,600,21,0.08967,21,0.050211,301,49,4270,2391,6000,,600,,,,cyclic,transition,0,no_load,both,B5: cyclic back-and-forth,servo-app/lab-0.1
1781163247.9139898,84.66251468658447,B5_CYCLIC,B5_CYCLIC_R01_20260611_143242,delta-asda-b3-e,1591,RTSO|SO|OE|VE|QS|TR,3,0,83190204,601,18,0.07686,21,0.050211,301,49,4270,2391,6000,,600,,,,cyclic,transition,0,no_load,both,B5: cyclic back-and-forth,servo-app/lab-0.1
1781163248.014965,84.76348996162415,B5_CYCLIC,B5_CYCLIC_R01_20260611_143242,delta-asda-b3-e,1591,RTSO|SO|OE|VE|QS|TR,3,0,84884409,600,22,0.09394,21,0.050211,301,49,4270,2391,6000,,600,,,,cyclic,transition,0,no_load,both,B5: cyclic back-and-forth,servo-app/lab-0.1
1781163248.1151361,84.86366105079651,B5_CYCLIC,B5_CYCLIC_R01_20260611_143242,delta-asda-b3-e,1591,RTSO|SO|OE|VE|QS|TR,3,0,86562269,600,15,0.06405,17,0.040647,301,49,4270,2391,6000,,600,,,,cyclic,transition,0,no_load,both,B5: cyclic back-and-forth,servo-app/lab-0.1
1781163248.2156603,84.96418523788452,B5_CYCLIC,B5_CYCLIC_R01_20260611_143242,delta-asda-b3-e,1591,RTSO|SO|OE|VE|QS|TR,3,0,88256304,600,26,0.11102,22,0.052602,301,49,4270,2391,6000,,600,,,,cyclic,transition,0,no_load,both,B5: cyclic back-and-forth,servo-app/lab-0.1
1781163248.3162282,85.06475305557251,B5_CYCLIC,B5_CYCLIC_R01_20260611_143242,delta-asda-b3-e,1591,RTSO|SO|OE|VE|QS|TR,3,0,89950868,600,17,0.07259,20,0.04782,301,49,4270,2391,6000,,600,,,,cyclic,transition,0,no_load,both,B5: cyclic back-and-forth,servo-app/lab-0.1
1781163248.4166617,85.16518664360046,B5_CYCLIC,B5_CYCLIC_R01_20260611_143242,delta-asda-b3-e,1591,RTSO|SO|OE|VE|QS|TR,3,0,91628395,600,21,0.08967,19,0.045429,301,49,4270,2391,6000,,600,,,,cyclic,transition,0,no_load,both,B5: cyclic back-and-forth,servo-app/lab-0.1
1781163248.5172124,85.26573729515076,B5_CYCLIC,B5_CYCLIC_R01_20260611_143242,delta-asda-b3-e,1591,RTSO|SO|OE|VE|QS|TR,3,0,93306398,600,17,0.07259,16,0.038256,301,49,4270,2391,6000,,600,,,,cyclic,transition,0,no_load,both,B5: cyclic back-and-forth,servo-app/lab-0.1
1781163248.6179583,85.36648321151733,B5_CYCLIC,B5_CYCLIC_R01_20260611_143242,delta-asda-b3-e,1591,RTSO|SO|OE|VE|QS|TR,3,0,95000288,599,21,0.08967,22,0.052602,301,49,4270,2391,6000,,600,,,,cyclic,transition,0,no_load,both,B5: cyclic back-and-forth,servo-app/lab-0.1
1781163248.7181425,85.46666741371155,B5_CYCLIC,B5_CYCLIC_R01_20260611_143242,delta-asda-b3-e,1591,RTSO|SO|OE|VE|QS|TR,3,0,96678263,599,19,0.08113,19,0.045429,301,49,4270,2391,6000,,600,,,,cyclic,transition,0,no_load,both,B5: cyclic back-and-forth,servo-app/lab-0.1
1781163248.8182552,85.56678009033203,B5_CYCLIC,B5_CYCLIC_R01_20260611_143242,delta-asda-b3-e,1591,RTSO|SO|OE|VE|QS|TR,3,0,98372193,599,21,0.08967,20,0.04782,301,49,4270,2391,6000,,600,,,,cyclic,transition,0,no_load,both,B5: cyclic back-and-forth,servo-app/lab-0.1
1781163248.9186382,85.66716313362122,B5_CYCLIC,B5_CYCLIC_R01_20260611_143242,delta-asda-b3-e,1591,RTSO|SO|OE|VE|QS|TR,3,0,100050540,600,16,0.06832,18,0.043038,301,49,4270,2391,6000,,600,,,,cyclic,transition,0,no_load,both,B5: cyclic back-and-forth,servo-app/lab-0.1
1781163249.0193791,85.76790404319763,B5_CYCLIC,B5_CYCLIC_R01_20260611_143242,delta-asda-b3-e,1591,RTSO|SO|OE|VE|QS|TR,3,0,101844889,598,21,0.08967,22,0.052602,301,49,4270,2391,6000,,600,,,,cyclic,transition,0,no_load,both,B5: cyclic back-and-forth,servo-app/lab-0.1
1781163249.1197226,85.86824750900269,B5_CYCLIC,B5_CYCLIC_R01_20260611_143242,delta-asda-b3-e,1591,RTSO|SO|OE|VE|QS|TR,3,0,103422558,599,18,0.07686,17,0.040647,301,49,4270,2391,6000,,600,,,,cyclic,transition,0,no_load,both,B5: cyclic back-and-forth,servo-app/lab-0.1
1781163249.2197998,85.96832466125488,B5_CYCLIC,B5_CYCLIC_R01_20260611_143242,delta-asda-b3-e,1591,RTSO|SO|OE|VE|QS|TR,3,0,105099762,599,24,0.10248,23,0.054993,301,49,4270,2391,6000,,600,,,,cyclic,transition,0,no_load,both,B5: cyclic back-and-forth,servo-app/lab-0.1
1781163249.3202963,86.06882119178772,B5_CYCLIC,B5_CYCLIC_R01_20260611_143242,delta-asda-b3-e,1591,RTSO|SO|OE|VE|QS|TR,3,0,106777681,600,16,0.06832,17,0.040647,301,49,4270,2391,6000,,600,,,,cyclic,transition,0,no_load,both,B5: cyclic back-and-forth,servo-app/lab-0.1
1781163249.420893,86.16941785812378,B5_CYCLIC,B5_CYCLIC_R01_20260611_143242,delta-asda-b3-e,1591,RTSO|SO|OE|VE|QS|TR,3,0,108471927,600,21,0.08967,20,0.04782,301,49,4270,2391,6000,,600,,,,cyclic,transition,0,no_load,both,B5: cyclic back-and-forth,servo-app/lab-0.1
1781163249.5214915,86.27001643180847,B5_CYCLIC,B5_CYCLIC_R01_20260611_143242,delta-asda-b3-e,1591,RTSO|SO|OE|VE|QS|TR,3,0,110166534,599,18,0.07686,16,0.038256,301,49,4270,2391,6000,,600,,,,cyclic,transition,0,no_load,both,B5: cyclic back-and-forth,servo-app/lab-0.1
1781163249.6219609,86.37048578262329,B5_CYCLIC,B5_CYCLIC_R01_20260611_143242,delta-asda-b3-e,1591,RTSO|SO|OE|VE|QS|TR,3,0,111843808,599,24,0.10248,24,0.057384,301,49,4270,2391,6000,,600,,,,cyclic,transition,0,no_load,both,B5: cyclic back-and-forth,servo-app/lab-0.1
1781163249.7225242,86.47104907035828,B5_CYCLIC,B5_CYCLIC_R01_20260611_143242,delta-asda-b3-e,1591,RTSO|SO|OE|VE|QS|TR,3,0,113538478,599,18,0.07686,18,0.043038,301,49,4270,2391,6000,,600,,,,cyclic,transition,0,no_load,both,B5: cyclic back-and-forth,servo-app/lab-0.1
1781163249.8230128,86.571537733078,B5_CYCLIC,B5_CYCLIC_R01_20260611_143242,delta-asda-b3-e,1591,RTSO|SO|OE|VE|QS|TR,3,0,115215815,599,23,0.09821,20,0.04782,302,49,4270,2391,6000,,600,,,,cyclic,transition,0,no_load,both,B5: cyclic back-and-forth,servo-app/lab-0.1
1781163249.9232225,86.67174744606018,B5_CYCLIC,B5_CYCLIC_R01_20260611_143242,delta-asda-b3-e,1591,RTSO|SO|OE|VE|QS|TR,3,0,116894145,600,17,0.07259,18,0.043038,301,49,4270,2391,6000,,600,,,,cyclic,transition,0,no_load,both,B5: cyclic back-and-forth,servo-app/lab-0.1
1781163250.0235214,86.77204632759094,B5_CYCLIC,B5_CYCLIC_R01_20260611_143242,delta-asda-b3-e,1591,RTSO|SO|OE|VE|QS|TR,3,0,118588119,599,23,0.09821,23,0.054993,301,49,4270,2391,6000,,600,,,,cyclic,transition,0,no_load,both,B5: cyclic back-and-forth,servo-app/lab-0.1
1781163250.124017,86.87254190444946,B5_CYCLIC,B5_CYCLIC_R01_20260611_143242,delta-asda-b3-e,1591,RTSO|SO|OE|VE|QS|TR,3,0,120266138,599,18,0.07686,21,0.050211,301,49,4270,2391,6000,,600,,,,cyclic,transition,0,no_load,both,B5: cyclic back-and-forth,servo-app/lab-0.1
1781163250.2244825,86.97300744056702,B5_CYCLIC,B5_CYCLIC_R01_20260611_143242,delta-asda-b3-e,1591,RTSO|SO|OE|VE|QS|TR,3,0,121960030,598,27,0.11529,31,0.074121,301,49,4270,2391,6000,,600,,,,cyclic,transition,0,no_load,both,B5: cyclic back-and-forth,servo-app/lab-0.1
1781163250.3249452,87.07347011566162,B5_CYCLIC,B5_CYCLIC_R01_20260611_143242,delta-asda-b3-e,1591,RTSO|SO|OE|VE|QS|TR,3,0,123638117,599,19,0.08113,17,0.040647,301,49,4270,2391,6000,,600,,,,cyclic,transition,0,no_load,both,B5: cyclic back-and-forth,servo-app/lab-0.1
1781163250.425576,87.17410087585449,B5_CYCLIC,B5_CYCLIC_R01_20260611_143242,delta-asda-b3-e,1591,RTSO|SO|OE|VE|QS|TR,3,0,125332224,599,30,0.1281,25,0.059775,302,49,4270,2391,6000,,600,,,,cyclic,transition,0,no_load,both,B5: cyclic back-and-forth,servo-app/lab-0.1
1781163250.525961,87.27448582649231,B5_CYCLIC,B5_CYCLIC_R01_20260611_143242,delta-asda-b3-e,1591,RTSO|SO|OE|VE|QS|TR,3,0,127026776,598,20,0.0854,18,0.043038,301,49,4270,2391,6000,,600,,,,cyclic,transition,0,no_load,both,B5: cyclic back-and-forth,servo-app/lab-0.1
1781163250.6260607,87.37458562850952,B5_CYCLIC,B5_CYCLIC_R01_20260611_143242,delta-asda-b3-e,1591,RTSO|SO|OE|VE|QS|TR,3,0,128687338,598,24,0.10248,24,0.057384,301,49,4270,2391,6000,,600,,,,cyclic,transition,0,no_load,both,B5: cyclic back-and-forth,servo-app/lab-0.1
1781163250.7264788,87.47500371932983,B5_CYCLIC,B5_CYCLIC_R01_20260611_143242,delta-asda-b3-e,1591,RTSO|SO|OE|VE|QS|TR,3,0,130381958,598,20,0.0854,21,0.050211,301,49,4270,2391,6000,,600,,,,cyclic,transition,0,no_load,both,B5: cyclic back-and-forth,servo-app/lab-0.1
1781163250.8269978,87.5755226612091,B5_CYCLIC,B5_CYCLIC_R01_20260611_143242,delta-asda-b3-e,1591,RTSO|SO|OE|VE|QS|TR,3,0,132059377,599,23,0.09821,24,0.057384,301,49,4270,2391,6000,,600,,,,cyclic,transition,0,no_load,both,B5: cyclic back-and-forth,servo-app/lab-0.1
1781163250.927863,87.67638778686523,B5_CYCLIC,B5_CYCLIC_R01_20260611_143242,delta-asda-b3-e,1591,RTSO|SO|OE|VE|QS|TR,3,0,133754438,599,19,0.08113,18,0.043038,301,49,4270,2391,6000,,600,,,,cyclic,transition,0,no_load,both,B5: cyclic back-and-forth,servo-app/lab-0.1
1781163251.0284643,87.77698922157288,B5_CYCLIC,B5_CYCLIC_R01_20260611_143242,delta-asda-b3-e,1591,RTSO|SO|OE|VE|QS|TR,3,0,135448197,598,23,0.09821,24,0.057384,301,49,4270,2391,6000,,600,,,,cyclic,transition,0,no_load,both,B5: cyclic back-and-forth,servo-app/lab-0.1
1781163251.1289678,87.8774926662445,B5_CYCLIC,B5_CYCLIC_R01_20260611_143242,delta-asda-b3-e,1591,RTSO|SO|OE|VE|QS|TR,3,0,137126267,598,19,0.08113,18,0.043038,301,49,4270,2391,6000,,600,,,,cyclic,transition,0,no_load,both,B5: cyclic back-and-forth,servo-app/lab-0.1
1781163251.2300909,87.97861576080322,B5_CYCLIC,B5_CYCLIC_R01_20260611_143242,delta-asda-b3-e,1591,RTSO|SO|OE|VE|QS|TR,3,0,138820072,598,22,0.09394,27,0.064557,301,49,4270,2391,6000,,600,,,,cyclic,transition,0,no_load,both,B5: cyclic back-and-forth,servo-app/lab-0.1
1781163251.330246,88.07877087593079,B5_CYCLIC,B5_CYCLIC_R01_20260611_143242,delta-asda-b3-e,1591,RTSO|SO|OE|VE|QS|TR,3,0,140498335,599,17,0.07259,19,0.045429,301,49,4270,2391,6000,,600,,,,cyclic,transition,0,no_load,both,B5: cyclic back-and-forth,servo-app/lab-0.1
1781163251.4303672,88.17889213562012,B5_CYCLIC,B5_CYCLIC_R01_20260611_143242,delta-asda-b3-e,1591,RTSO|SO|OE|VE|QS|TR,3,0,142175588,598,28,0.11956,25,0.059775,302,49,4270,2391,6000,,600,,,,cyclic,transition,0,no_load,both,B5: cyclic back-and-forth,servo-app/lab-0.1
1781163251.5304823,88.27900719642639,B5_CYCLIC,B5_CYCLIC_R01_20260611_143242,delta-asda-b3-e,1591,RTSO|SO|OE|VE|QS|TR,3,0,143870147,598,17,0.07259,21,0.050211,302,49,4270,2391,6000,,600,,,,cyclic,transition,0,no_load,both,B5: cyclic back-and-forth,servo-app/lab-0.1
1781163251.631151,88.37967586517334,B5_CYCLIC,B5_CYCLIC_R01_20260611_143242,delta-asda-b3-e,1591,RTSO|SO|OE|VE|QS|TR,3,0,145547371,598,24,0.10248,23,0.054993,301,49,4270,2391,6000,,600,,,,cyclic,transition,0,no_load,both,B5: cyclic back-and-forth,servo-app/lab-0.1
1781163251.7312534,88.47977828979492,B5_CYCLIC,B5_CYCLIC_R01_20260611_143242,delta-asda-b3-e,1591,RTSO|SO|OE|VE|QS|TR,3,0,147225283,598,17,0.07259,22,0.052602,301,49,4270,2391,6000,,600,,,,cyclic,transition,0,no_load,both,B5: cyclic back-and-forth,servo-app/lab-0.1
1781163251.8316753,88.5802001953125,B5_CYCLIC,B5_CYCLIC_R01_20260611_143242,delta-asda-b3-e,1591,RTSO|SO|OE|VE|QS|TR,3,0,148953055,599,25,0.10675,25,0.059775,302,49,4270,2391,6000,,600,,,,cyclic,transition,0,no_load,both,B5: cyclic back-and-forth,servo-app/lab-0.1
1781163251.9323003,88.68082523345947,B5_CYCLIC,B5_CYCLIC_R01_20260611_143242,delta-asda-b3-e,1591,RTSO|SO|OE|VE|QS|TR,3,0,150614440,599,17,0.07259,19,0.045429,302,49,4270,2391,6000,,600,,,,cyclic,transition,0,no_load,both,B5: cyclic back-and-forth,servo-app/lab-0.1
1781163252.032866,88.78139090538025,B5_CYCLIC,B5_CYCLIC_R01_20260611_143242,delta-asda-b3-e,1591,RTSO|SO|OE|VE|QS|TR,3,0,152291597,598,19,0.08113,21,0.050211,302,49,4270,2391,6000,,600,,,,cyclic,transition,0,no_load,both,B5: cyclic back-and-forth,servo-app/lab-0.1
1781163252.1335528,88.88207769393921,B5_CYCLIC,B5_CYCLIC_R01_20260611_143242,delta-asda-b3-e,1591,RTSO|SO|OE|VE|QS|TR,3,0,153986451,599,20,0.0854,18,0.043038,302,49,4270,2391,6000,,600,,,,cyclic,transition,0,no_load,both,B5: cyclic back-and-forth,servo-app/lab-0.1
1781163252.2337337,88.98225855827332,B5_CYCLIC,B5_CYCLIC_R01_20260611_143242,delta-asda-b3-e,1591,RTSO|SO|OE|VE|QS|TR,3,0,155663571,599,22,0.09394,23,0.054993,302,49,4270,2391,6000,,600,,,,cyclic,transition,0,no_load,both,B5: cyclic back-and-forth,servo-app/lab-0.1
1781163252.3338053,89.0823302268982,B5_CYCLIC,B5_CYCLIC_R01_20260611_143242,delta-asda-b3-e,1591,RTSO|SO|OE|VE|QS|TR,3,0,157341892,600,16,0.06832,17,0.040647,302,49,4270,2391,6000,,600,,,,cyclic,transition,0,no_load,both,B5: cyclic back-and-forth,servo-app/lab-0.1
1781163252.434414,89.18293881416321,B5_CYCLIC,B5_CYCLIC_R01_20260611_143242,delta-asda-b3-e,1591,RTSO|SO|OE|VE|QS|TR,3,0,159019061,599,24,0.10248,27,0.064557,302,49,4270,2391,6000,,600,,,,cyclic,transition,0,no_load,both,B5: cyclic back-and-forth,servo-app/lab-0.1
1781163252.5348237,89.28334856033325,B5_CYCLIC,B5_CYCLIC_R01_20260611_143242,delta-asda-b3-e,1591,RTSO|SO|OE|VE|QS|TR,3,0,160713795,599,18,0.07686,17,0.040647,302,49,4270,2391,6000,,600,,,,cyclic,transition,0,no_load,both,B5: cyclic back-and-forth,servo-app/lab-0.1
1781163252.634954,89.38347887992859,B5_CYCLIC,B5_CYCLIC_R01_20260611_143242,delta-asda-b3-e,1591,RTSO|SO|OE|VE|QS|TR,3,0,162390966,599,26,0.11102,28,0.066948,301,49,4270,2391,6000,,600,,,,cyclic,transition,0,no_load,both,B5: cyclic back-and-forth,servo-app/lab-0.1
1781163252.7352698,89.48379468917847,B5_CYCLIC,B5_CYCLIC_R01_20260611_143242,delta-asda-b3-e,1591,RTSO|SO|OE|VE|QS|TR,3,0,164068954,599,15,0.06405,15,0.035865,301,49,4270,2391,6000,,600,,,,cyclic,transition,0,no_load,both,B5: cyclic back-and-forth,servo-app/lab-0.1
1781163252.8357806,89.58430552482605,B5_CYCLIC,B5_CYCLIC_R01_20260611_143242,delta-asda-b3-e,1591,RTSO|SO|OE|VE|QS|TR,3,0,165763389,600,24,0.10248,21,0.050211,302,49,4270,2391,6000,,600,,,,cyclic,transition,0,no_load,both,B5: cyclic back-and-forth,servo-app/lab-0.1
1781163252.9363604,89.684885263443,B5_CYCLIC,B5_CYCLIC_R01_20260611_143242,delta-asda-b3-e,1591,RTSO|SO|OE|VE|QS|TR,3,0,167441512,599,19,0.08113,21,0.050211,301,49,4270,2391,6000,,600,,,,cyclic,transition,0,no_load,both,B5: cyclic back-and-forth,servo-app/lab-0.1
1781163253.037176,89.78570079803467,B5_CYCLIC,B5_CYCLIC_R01_20260611_143242,delta-asda-b3-e,1591,RTSO|SO|OE|VE|QS|TR,3,0,169135464,599,17,0.07259,16,0.038256,301,49,4270,2391,6000,,600,,,,cyclic,transition,0,no_load,both,B5: cyclic back-and-forth,servo-app/lab-0.1
1781163253.1378202,89.88634514808655,B5_CYCLIC,B5_CYCLIC_R01_20260611_143242,delta-asda-b3-e,1591,RTSO|SO|OE|VE|QS|TR,3,0,170830229,599,22,0.09394,17,0.040647,301,49,4270,2391,6000,,600,,,,cyclic,transition,0,no_load,both,B5: cyclic back-and-forth,servo-app/lab-0.1
1781163253.2379184,89.9864432811737,B5_CYCLIC,B5_CYCLIC_R01_20260611_143242,delta-asda-b3-e,567,RTSO|SO|OE|VE|QS,3,0,172185824,34,-25,-0.10675,-22,-0.052602,301,49,4270,2391,6000,,600,,,,cyclic,transition,0,no_load,both,B5: cyclic back-and-forth,servo-app/lab-0.1
1781163253.3386297,90.08715462684631,B5_CYCLIC,B5_CYCLIC_R01_20260611_143242,delta-asda-b3-e,1591,RTSO|SO|OE|VE|QS|TR,3,0,170578164,-600,-19,-0.08113,-21,-0.050211,301,49,4270,2391,6000,,600,,,,cyclic,transition,0,no_load,both,B5: cyclic back-and-forth,servo-app/lab-0.1
1781163253.439116,90.18764090538025,B5_CYCLIC,B5_CYCLIC_R01_20260611_143242,delta-asda-b3-e,1591,RTSO|SO|OE|VE|QS|TR,3,0,168900388,-601,-16,-0.06832,-16,-0.038256,302,49,4270,2391,6000,,600,,,,cyclic,transition,0,no_load,both,B5: cyclic back-and-forth,servo-app/lab-0.1
1781163253.5393982,90.28792309761047,B5_CYCLIC,B5_CYCLIC_R01_20260611_143242,delta-asda-b3-e,1591,RTSO|SO|OE|VE|QS|TR,3,0,167172733,-600,-19,-0.08113,-19,-0.045429,301,49,4270,2391,6000,,600,,,,cyclic,transition,0,no_load,both,B5: cyclic back-and-forth,servo-app/lab-0.1
1781163253.639497,90.38802194595337,B5_CYCLIC,B5_CYCLIC_R01_20260611_143242,delta-asda-b3-e,1591,RTSO|SO|OE|VE|QS|TR,3,0,165528419,-600,-16,-0.06832,-17,-0.040647,302,49,4270,2391,6000,,600,,,,cyclic,transition,0,no_load,both,B5: cyclic back-and-forth,servo-app/lab-0.1
1781163253.7403123,90.48883724212646,B5_CYCLIC,B5_CYCLIC_R01_20260611_143242,delta-asda-b3-e,1591,RTSO|SO|OE|VE|QS|TR,3,0,163850688,-601,-19,-0.08113,-19,-0.045429,301,49,4270,2391,6000,,600,,,,cyclic,transition,0,no_load,both,B5: cyclic back-and-forth,servo-app/lab-0.1
1781163253.840777,90.5893018245697,B5_CYCLIC,B5_CYCLIC_R01_20260611_143242,delta-asda-b3-e,1591,RTSO|SO|OE|VE|QS|TR,3,0,162155767,-601,-17,-0.07259,-17,-0.040647,301,49,4270,2391,6000,,600,,,,cyclic,transition,0,no_load,both,B5: cyclic back-and-forth,servo-app/lab-0.1
1781163253.940944,90.68946886062622,B5_CYCLIC,B5_CYCLIC_R01_20260611_143242,delta-asda-b3-e,1591,RTSO|SO|OE|VE|QS|TR,3,0,160478345,-600,-19,-0.08113,-18,-0.043038,301,49,4270,2391,6000,,600,,,,cyclic,transition,0,no_load,both,B5: cyclic back-and-forth,servo-app/lab-0.1
1781163254.0416014,90.79012632369995,B5_CYCLIC,B5_CYCLIC_R01_20260611_143242,delta-asda-b3-e,1591,RTSO|SO|OE|VE|QS|TR,3,0,158783587,-600,-22,-0.09394,-17,-0.040647,301,49,4270,2391,6000,,600,,,,cyclic,transition,0,no_load,both,B5: cyclic back-and-forth,servo-app/lab-0.1
1781163254.1420383,90.89056324958801,B5_CYCLIC,B5_CYCLIC_R01_20260611_143242,delta-asda-b3-e,1591,RTSO|SO|OE|VE|QS|TR,3,0,157106452,-600,-18,-0.07686,-19,-0.045429,301,49,4270,2391,6000,,600,,,,cyclic,transition,0,no_load,both,B5: cyclic back-and-forth,servo-app/lab-0.1
1781163254.24239,90.99091482162476,B5_CYCLIC,B5_CYCLIC_R01_20260611_143242,delta-asda-b3-e,1591,RTSO|SO|OE|VE|QS|TR,3,0,155411430,-601,-17,-0.07259,-15,-0.035865,301,49,4270,2391,6000,,600,,,,cyclic,transition,0,no_load,both,B5: cyclic back-and-forth,servo-app/lab-0.1
1781163254.343131,91.09165596961975,B5_CYCLIC,B5_CYCLIC_R01_20260611_143242,delta-asda-b3-e,1591,RTSO|SO|OE|VE|QS|TR,3,0,153734173,-600,-18,-0.07686,-20,-0.04782,301,49,4270,2391,6000,,600,,,,cyclic,transition,0,no_load,both,B5: cyclic back-and-forth,servo-app/lab-0.1
1781163254.4435692,91.19209408760071,B5_CYCLIC,B5_CYCLIC_R01_20260611_143242,delta-asda-b3-e,1591,RTSO|SO|OE|VE|QS|TR,3,0,152039281,-601,-19,-0.08113,-18,-0.043038,301,49,4270,2391,6000,,600,,,,cyclic,transition,0,no_load,both,B5: cyclic back-and-forth,servo-app/lab-0.1
1781163254.5437498,91.29227471351624,B5_CYCLIC,B5_CYCLIC_R01_20260611_143242,delta-asda-b3-e,1591,RTSO|SO|OE|VE|QS|TR,3,0,150361969,-600,-18,-0.07686,-23,-0.054993,301,49,4270,2391,6000,,600,,,,cyclic,transition,0,no_load,both,B5: cyclic back-and-forth,servo-app/lab-0.1
1781163254.64527,91.39379501342773,B5_CYCLIC,B5_CYCLIC_R01_20260611_143242,delta-asda-b3-e,1591,RTSO|SO|OE|VE|QS|TR,3,0,148599879,-601,-20,-0.0854,-18,-0.043038,301,49,4270,2391,6000,,600,,,,cyclic,transition,0,no_load,both,B5: cyclic back-and-forth,servo-app/lab-0.1
1781163254.7453616,91.49388647079468,B5_CYCLIC,B5_CYCLIC_R01_20260611_143242,delta-asda-b3-e,1591,RTSO|SO|OE|VE|QS|TR,3,0,146989456,-601,-18,-0.07686,-19,-0.045429,301,49,4270,2391,6000,,600,,,,cyclic,transition,0,no_load,both,B5: cyclic back-and-forth,servo-app/lab-0.1
1781163254.845911,91.59443593025208,B5_CYCLIC,B5_CYCLIC_R01_20260611_143242,delta-asda-b3-e,1591,RTSO|SO|OE|VE|QS|TR,3,0,145294549,-601,-18,-0.07686,-19,-0.045429,301,49,4270,2391,6000,,600,,,,cyclic,transition,0,no_load,both,B5: cyclic back-and-forth,servo-app/lab-0.1
1781163254.9464233,91.69494819641113,B5_CYCLIC,B5_CYCLIC_R01_20260611_143242,delta-asda-b3-e,1591,RTSO|SO|OE|VE|QS|TR,3,0,143617060,-601,-22,-0.09394,-19,-0.045429,301,49,4270,2391,6000,,600,,,,cyclic,transition,0,no_load,both,B5: cyclic back-and-forth,servo-app/lab-0.1
1781163255.0467079,91.79523277282715,B5_CYCLIC,B5_CYCLIC_R01_20260611_143242,delta-asda-b3-e,1591,RTSO|SO|OE|VE|QS|TR,3,0,141922367,-600,-21,-0.08967,-20,-0.04782,301,49,4270,2391,6000,,600,,,,cyclic,transition,0,no_load,both,B5: cyclic back-and-forth,servo-app/lab-0.1
1781163255.1468163,91.89534115791321,B5_CYCLIC,B5_CYCLIC_R01_20260611_143242,delta-asda-b3-e,1591,RTSO|SO|OE|VE|QS|TR,3,0,140245076,-601,-23,-0.09821,-20,-0.04782,301,49,4270,2391,6000,,600,,,,cyclic,transition,0,no_load,both,B5: cyclic back-and-forth,servo-app/lab-0.1
1781163255.246939,91.99546384811401,B5_CYCLIC,B5_CYCLIC_R01_20260611_143242,delta-asda-b3-e,1591,RTSO|SO|OE|VE|QS|TR,3,0,138566856,-601,-24,-0.10248,-20,-0.04782,301,49,4270,2391,6000,,600,,,,cyclic,transition,0,no_load,both,B5: cyclic back-and-forth,servo-app/lab-0.1
1781163255.347037,92.09556198120117,B5_CYCLIC,B5_CYCLIC_R01_20260611_143242,delta-asda-b3-e,1591,RTSO|SO|OE|VE|QS|TR,3,0,136889560,-601,-22,-0.09394,-20,-0.04782,301,49,4270,2391,6000,,600,,,,cyclic,transition,0,no_load,both,B5: cyclic back-and-forth,servo-app/lab-0.1
1781163255.4476671,92.1961920261383,B5_CYCLIC,B5_CYCLIC_R01_20260611_143242,delta-asda-b3-e,1591,RTSO|SO|OE|VE|QS|TR,3,0,135194624,-601,-20,-0.0854,-17,-0.040647,301,49,4270,2391,6000,,600,,,,cyclic,transition,0,no_load,both,B5: cyclic back-and-forth,servo-app/lab-0.1
1781163255.548067,92.2965919971466,B5_CYCLIC,B5_CYCLIC_R01_20260611_143242,delta-asda-b3-e,1591,RTSO|SO|OE|VE|QS|TR,3,0,133517455,-600,-19,-0.08113,-20,-0.04782,301,49,4270,2391,6000,,600,,,,cyclic,transition,0,no_load,both,B5: cyclic back-and-forth,servo-app/lab-0.1
1781163255.6485164,92.39704132080078,B5_CYCLIC,B5_CYCLIC_R01_20260611_143242,delta-asda-b3-e,1591,RTSO|SO|OE|VE|QS|TR,3,0,131839320,-601,-20,-0.0854,-18,-0.043038,301,49,4270,2391,6000,,600,,,,cyclic,transition,0,no_load,both,B5: cyclic back-and-forth,servo-app/lab-0.1
1781163255.748766,92.49729084968567,B5_CYCLIC,B5_CYCLIC_R01_20260611_143242,delta-asda-b3-e,1591,RTSO|SO|OE|VE|QS|TR,3,0,130161678,-601,-22,-0.09394,-21,-0.050211,301,49,4270,2391,6000,,600,,,,cyclic,transition,0,no_load,both,B5: cyclic back-and-forth,servo-app/lab-0.1
1781163255.8490987,92.59762358665466,B5_CYCLIC,B5_CYCLIC_R01_20260611_143242,delta-asda-b3-e,1591,RTSO|SO|OE|VE|QS|TR,3,0,128466900,-601,-21,-0.08967,-20,-0.04782,301,49,4270,2391,6000,,600,,,,cyclic,transition,0,no_load,both,B5: cyclic back-and-forth,servo-app/lab-0.1
1781163255.9498148,92.69833970069885,B5_CYCLIC,B5_CYCLIC_R01_20260611_143242,delta-asda-b3-e,1591,RTSO|SO|OE|VE|QS|TR,3,0,126772691,-600,-19,-0.08113,-20,-0.04782,301,49,4270,2391,6000,,600,,,,cyclic,transition,0,no_load,both,B5: cyclic back-and-forth,servo-app/lab-0.1
1781163256.0503502,92.79887509346008,B5_CYCLIC,B5_CYCLIC_R01_20260611_143242,delta-asda-b3-e,1591,RTSO|SO|OE|VE|QS|TR,3,0,125094859,-600,-21,-0.08967,-21,-0.050211,301,49,4270,2391,6000,,600,,,,cyclic,transition,0,no_load,both,B5: cyclic back-and-forth,servo-app/lab-0.1
1781163256.1508403,92.89936518669128,B5_CYCLIC,B5_CYCLIC_R01_20260611_143242,delta-asda-b3-e,1591,RTSO|SO|OE|VE|QS|TR,3,0,123417393,-601,-22,-0.09394,-20,-0.04782,301,49,4270,2391,6000,,600,,,,cyclic,transition,0,no_load,both,B5: cyclic back-and-forth,servo-app/lab-0.1
1781163256.251379,92.99990391731262,B5_CYCLIC,B5_CYCLIC_R01_20260611_143242,delta-asda-b3-e,1591,RTSO|SO|OE|VE|QS|TR,3,0,121722577,-600,-21,-0.08967,-25,-0.059775,301,49,4270,2391,6000,,600,,,,cyclic,transition,0,no_load,both,B5: cyclic back-and-forth,servo-app/lab-0.1
1781163256.3518052,93.10033011436462,B5_CYCLIC,B5_CYCLIC_R01_20260611_143242,delta-asda-b3-e,1591,RTSO|SO|OE|VE|QS|TR,3,0,120028488,-600,-17,-0.07259,-20,-0.04782,301,49,4270,2391,6000,,600,,,,cyclic,transition,0,no_load,both,B5: cyclic back-and-forth,servo-app/lab-0.1
1781163256.4522853,93.2008101940155,B5_CYCLIC,B5_CYCLIC_R01_20260611_143242,delta-asda-b3-e,1591,RTSO|SO|OE|VE|QS|TR,3,0,118350351,-600,-21,-0.08967,-20,-0.04782,301,49,4270,2391,6000,,600,,,,cyclic,transition,0,no_load,both,B5: cyclic back-and-forth,servo-app/lab-0.1
1781163256.5524063,93.30093121528625,B5_CYCLIC,B5_CYCLIC_R01_20260611_143242,delta-asda-b3-e,1591,RTSO|SO|OE|VE|QS|TR,3,0,116656460,-599,-21,-0.08967,-21,-0.050211,302,49,4270,2391,6000,,600,,,,cyclic,transition,0,no_load,both,B5: cyclic back-and-forth,servo-app/lab-0.1
1781163256.65325,93.40177488327026,B5_CYCLIC,B5_CYCLIC_R01_20260611_143242,delta-asda-b3-e,1591,RTSO|SO|OE|VE|QS|TR,3,0,114978184,-600,-18,-0.07686,-20,-0.04782,301,49,4270,2391,6000,,600,,,,cyclic,transition,0,no_load,both,B5: cyclic back-and-forth,servo-app/lab-0.1
1781163256.7542868,93.50281167030334,B5_CYCLIC,B5_CYCLIC_R01_20260611_143242,delta-asda-b3-e,1591,RTSO|SO|OE|VE|QS|TR,3,0,113283992,-600,-17,-0.07259,-17,-0.040647,301,49,4270,2391,6000,,600,,,,cyclic,transition,0,no_load,both,B5: cyclic back-and-forth,servo-app/lab-0.1
1781163256.8547406,93.60326552391052,B5_CYCLIC,B5_CYCLIC_R01_20260611_143242,delta-asda-b3-e,1591,RTSO|SO|OE|VE|QS|TR,3,0,111589154,-600,-20,-0.0854,-22,-0.052602,301,49,4270,2391,6000,,600,,,,cyclic,transition,0,no_load,both,B5: cyclic back-and-forth,servo-app/lab-0.1
1781163256.9551694,93.7036943435669,B5_CYCLIC,B5_CYCLIC_R01_20260611_143242,delta-asda-b3-e,1591,RTSO|SO|OE|VE|QS|TR,3,0,109911829,-599,-18,-0.07686,-17,-0.040647,301,49,4270,2391,6000,,600,,,,cyclic,transition,0,no_load,both,B5: cyclic back-and-forth,servo-app/lab-0.1
1781163257.055239,93.80376386642456,B5_CYCLIC,B5_CYCLIC_R01_20260611_143242,delta-asda-b3-e,1591,RTSO|SO|OE|VE|QS|TR,3,0,108233942,-599,-18,-0.07686,-17,-0.040647,301,49,4270,2391,6000,,600,,,,cyclic,transition,0,no_load,both,B5: cyclic back-and-forth,servo-app/lab-0.1
1781163257.1554554,93.90398025512695,B5_CYCLIC,B5_CYCLIC_R01_20260611_143242,delta-asda-b3-e,1591,RTSO|SO|OE|VE|QS|TR,3,0,106556457,-600,-17,-0.07259,-18,-0.043038,301,49,4270,2391,6000,,600,,,,cyclic,transition,0,no_load,both,B5: cyclic back-and-forth,servo-app/lab-0.1
1781163257.255608,94.00413298606873,B5_CYCLIC,B5_CYCLIC_R01_20260611_143242,delta-asda-b3-e,1591,RTSO|SO|OE|VE|QS|TR,3,0,104861714,-599,-22,-0.09394,-23,-0.054993,301,49,4270,2391,6000,,600,,,,cyclic,transition,0,no_load,both,B5: cyclic back-and-forth,servo-app/lab-0.1
1781163257.3562412,94.10476613044739,B5_CYCLIC,B5_CYCLIC_R01_20260611_143242,delta-asda-b3-e,1591,RTSO|SO|OE|VE|QS|TR,3,0,103184365,-599,-19,-0.08113,-18,-0.043038,301,49,4270,2391,6000,,600,,,,cyclic,transition,0,no_load,both,B5: cyclic back-and-forth,servo-app/lab-0.1
1781163257.4563408,94.20486569404602,B5_CYCLIC,B5_CYCLIC_R01_20260611_143242,delta-asda-b3-e,1591,RTSO|SO|OE|VE|QS|TR,3,0,101506371,-599,-21,-0.08967,-21,-0.050211,301,49,4270,2391,6000,,600,,,,cyclic,transition,0,no_load,both,B5: cyclic back-and-forth,servo-app/lab-0.1
1781163257.5565171,94.30504202842712,B5_CYCLIC,B5_CYCLIC_R01_20260611_143242,delta-asda-b3-e,1591,RTSO|SO|OE|VE|QS|TR,3,0,99812448,-599,-20,-0.0854,-20,-0.04782,301,49,4270,2391,6000,,600,,,,cyclic,transition,0,no_load,both,B5: cyclic back-and-forth,servo-app/lab-0.1
1781163257.6569493,94.4054741859436,B5_CYCLIC,B5_CYCLIC_R01_20260611_143242,delta-asda-b3-e,1591,RTSO|SO|OE|VE|QS|TR,3,0,98134061,-600,-20,-0.0854,-20,-0.04782,301,49,4270,2391,6000,,600,,,,cyclic,transition,0,no_load,both,B5: cyclic back-and-forth,servo-app/lab-0.1
1781163257.7572143,94.50573921203613,B5_CYCLIC,B5_CYCLIC_R01_20260611_143242,delta-asda-b3-e,1591,RTSO|SO|OE|VE|QS|TR,3,0,96456603,-599,-17,-0.07259,-17,-0.040647,301,49,4270,2391,6000,,600,,,,cyclic,transition,0,no_load,both,B5: cyclic back-and-forth,servo-app/lab-0.1
1781163257.8574576,94.60598254203796,B5_CYCLIC,B5_CYCLIC_R01_20260611_143242,delta-asda-b3-e,1591,RTSO|SO|OE|VE|QS|TR,3,0,94761710,-599,-21,-0.08967,-19,-0.045429,301,49,4270,2391,6000,,600,,,,cyclic,transition,0,no_load,both,B5: cyclic back-and-forth,servo-app/lab-0.1
1781163257.9576008,94.70612573623657,B5_CYCLIC,B5_CYCLIC_R01_20260611_143242,delta-asda-b3-e,1591,RTSO|SO|OE|VE|QS|TR,3,0,93084422,-599,-22,-0.09394,-20,-0.04782,301,49,4270,2391,6000,,600,,,,cyclic,transition,0,no_load,both,B5: cyclic back-and-forth,servo-app/lab-0.1
1781163258.0583017,94.8068265914917,B5_CYCLIC,B5_CYCLIC_R01_20260611_143242,delta-asda-b3-e,1591,RTSO|SO|OE|VE|QS|TR,3,0,91389761,-599,-20,-0.0854,-19,-0.045429,301,49,4270,2391,6000,,600,,,,cyclic,transition,0,no_load,both,B5: cyclic back-and-forth,servo-app/lab-0.1
1781163258.158932,94.90745687484741,B5_CYCLIC,B5_CYCLIC_R01_20260611_143242,delta-asda-b3-e,1591,RTSO|SO|OE|VE|QS|TR,3,0,89712193,-599,-17,-0.07259,-17,-0.040647,301,49,4270,2391,6000,,600,,,,cyclic,transition,0,no_load,both,B5: cyclic back-and-forth,servo-app/lab-0.1
1781163258.2593794,95.00790429115295,B5_CYCLIC,B5_CYCLIC_R01_20260611_143242,delta-asda-b3-e,1591,RTSO|SO|OE|VE|QS|TR,3,0,88034268,-599,-22,-0.09394,-21,-0.050211,301,49,4270,2391,6000,,600,,,,cyclic,transition,0,no_load,both,B5: cyclic back-and-forth,servo-app/lab-0.1
1781163258.3597655,95.10829043388367,B5_CYCLIC,B5_CYCLIC_R01_20260611_143242,delta-asda-b3-e,1591,RTSO|SO|OE|VE|QS|TR,3,0,86340096,-599,-18,-0.07686,-16,-0.038256,301,49,4270,2391,6000,,600,,,,cyclic,transition,0,no_load,both,B5: cyclic back-and-forth,servo-app/lab-0.1
1781163258.4602993,95.20882415771484,B5_CYCLIC,B5_CYCLIC_R01_20260611_143242,delta-asda-b3-e,1591,RTSO|SO|OE|VE|QS|TR,3,0,84678862,-599,-21,-0.08967,-20,-0.04782,301,49,4270,2391,6000,,600,,,,cyclic,transition,0,no_load,both,B5: cyclic back-and-forth,servo-app/lab-0.1
1781163258.5603871,95.3089120388031,B5_CYCLIC,B5_CYCLIC_R01_20260611_143242,delta-asda-b3-e,1591,RTSO|SO|OE|VE|QS|TR,3,0,82984836,-599,-20,-0.0854,-22,-0.052602,301,49,4270,2391,6000,,600,,,,cyclic,transition,0,no_load,both,B5: cyclic back-and-forth,servo-app/lab-0.1
1781163258.6612253,95.40975022315979,B5_CYCLIC,B5_CYCLIC_R01_20260611_143242,delta-asda-b3-e,1591,RTSO|SO|OE|VE|QS|TR,3,0,81289748,-599,-21,-0.08967,-20,-0.04782,301,49,4270,2391,6000,,600,,,,cyclic,transition,0,no_load,both,B5: cyclic back-and-forth,servo-app/lab-0.1
1781163258.7617612,95.51028609275818,B5_CYCLIC,B5_CYCLIC_R01_20260611_143242,delta-asda-b3-e,1591,RTSO|SO|OE|VE|QS|TR,3,0,79562277,-599,-21,-0.08967,-20,-0.04782,301,49,4270,2391,6000,,600,,,,cyclic,transition,0,no_load,both,B5: cyclic back-and-forth,servo-app/lab-0.1
1781163258.8621333,95.61065816879272,B5_CYCLIC,B5_CYCLIC_R01_20260611_143242,delta-asda-b3-e,1591,RTSO|SO|OE|VE|QS|TR,3,0,77917532,-599,-21,-0.08967,-21,-0.050211,301,49,4270,2391,6000,,600,,,,cyclic,transition,0,no_load,both,B5: cyclic back-and-forth,servo-app/lab-0.1
1781163258.9626617,95.71118664741516,B5_CYCLIC,B5_CYCLIC_R01_20260611_143242,delta-asda-b3-e,1591,RTSO|SO|OE|VE|QS|TR,3,0,76223634,-598,-24,-0.10248,-23,-0.054993,301,49,4270,2391,6000,,600,,,,cyclic,transition,0,no_load,both,B5: cyclic back-and-forth,servo-app/lab-0.1
1781163259.0632675,95.81179237365723,B5_CYCLIC,B5_CYCLIC_R01_20260611_143242,delta-asda-b3-e,1591,RTSO|SO|OE|VE|QS|TR,3,0,74545625,-599,-26,-0.11102,-21,-0.050211,301,49,4270,2391,6000,,600,,,,cyclic,transition,0,no_load,both,B5: cyclic back-and-forth,servo-app/lab-0.1
1781163259.1635704,95.91209530830383,B5_CYCLIC,B5_CYCLIC_R01_20260611_143242,delta-asda-b3-e,1591,RTSO|SO|OE|VE|QS|TR,3,0,72868100,-599,-21,-0.08967,-18,-0.043038,301,49,4270,2391,6000,,600,,,,cyclic,transition,0,no_load,both,B5: cyclic back-and-forth,servo-app/lab-0.1
1781163259.2637265,96.01225137710571,B5_CYCLIC,B5_CYCLIC_R01_20260611_143242,delta-asda-b3-e,1591,RTSO|SO|OE|VE|QS|TR,3,0,71173541,-598,-20,-0.0854,-21,-0.050211,301,49,4270,2391,6000,,600,,,,cyclic,transition,0,no_load,both,B5: cyclic back-and-forth,servo-app/lab-0.1
1781163259.3642578,96.1127827167511,B5_CYCLIC,B5_CYCLIC_R01_20260611_143242,delta-asda-b3-e,1591,RTSO|SO|OE|VE|QS|TR,3,0,69496133,-599,-24,-0.10248,-18,-0.043038,301,49,4270,2391,6000,,600,,,,cyclic,transition,0,no_load,both,B5: cyclic back-and-forth,servo-app/lab-0.1
1781163259.4648576,96.21338248252869,B5_CYCLIC,B5_CYCLIC_R01_20260611_143242,delta-asda-b3-e,1591,RTSO|SO|OE|VE|QS|TR,3,0,67801597,-598,-27,-0.11529,-23,-0.054993,301,49,4270,2391,6000,,600,,,,cyclic,transition,0,no_load,both,B5: cyclic back-and-forth,servo-app/lab-0.1
1781163259.5650718,96.31359672546387,B5_CYCLIC,B5_CYCLIC_R01_20260611_143242,delta-asda-b3-e,1591,RTSO|SO|OE|VE|QS|TR,3,0,66124085,-599,-18,-0.07686,-17,-0.040647,301,49,4270,2391,6000,,600,,,,cyclic,transition,0,no_load,both,B5: cyclic back-and-forth,servo-app/lab-0.1
1781163259.6656334,96.4141583442688,B5_CYCLIC,B5_CYCLIC_R01_20260611_143242,delta-asda-b3-e,1591,RTSO|SO|OE|VE|QS|TR,3,0,64428978,-599,-19,-0.08113,-22,-0.052602,301,49,4270,2391,6000,,600,,,,cyclic,transition,0,no_load,both,B5: cyclic back-and-forth,servo-app/lab-0.1
1781163259.7658334,96.51435828208923,B5_CYCLIC,B5_CYCLIC_R01_20260611_143242,delta-asda-b3-e,1591,RTSO|SO|OE|VE|QS|TR,3,0,62751576,-599,-22,-0.09394,-19,-0.045429,302,49,4270,2391,6000,,600,,,,cyclic,transition,0,no_load,both,B5: cyclic back-and-forth,servo-app/lab-0.1
1781163259.8660665,96.61459136009216,B5_CYCLIC,B5_CYCLIC_R01_20260611_143242,delta-asda-b3-e,1591,RTSO|SO|OE|VE|QS|TR,3,0,61073447,-599,-24,-0.10248,-27,-0.064557,301,49,4270,2391,6000,,600,,,,cyclic,transition,0,no_load,both,B5: cyclic back-and-forth,servo-app/lab-0.1
1781163259.966618,96.71514296531677,B5_CYCLIC,B5_CYCLIC_R01_20260611_143242,delta-asda-b3-e,1591,RTSO|SO|OE|VE|QS|TR,3,0,59379481,-598,-19,-0.08113,-21,-0.050211,301,49,4270,2391,6000,,600,,,,cyclic,transition,0,no_load,both,B5: cyclic back-and-forth,servo-app/lab-0.1
1781163260.0667875,96.81531238555908,B5_CYCLIC,B5_CYCLIC_R01_20260611_143242,delta-asda-b3-e,1591,RTSO|SO|OE|VE|QS|TR,3,0,57701300,-599,-27,-0.11529,-26,-0.062166,301,49,4270,2391,6000,,600,,,,cyclic,transition,0,no_load,both,B5: cyclic back-and-forth,servo-app/lab-0.1
1781163260.1677413,96.91626620292664,B5_CYCLIC,B5_CYCLIC_R01_20260611_143242,delta-asda-b3-e,1591,RTSO|SO|OE|VE|QS|TR,3,0,55956788,-599,-18,-0.07686,-20,-0.04782,301,49,4270,2391,6000,,600,,,,cyclic,transition,0,no_load,both,B5: cyclic back-and-forth,servo-app/lab-0.1
1781163260.2682076,97.01673245429993,B5_CYCLIC,B5_CYCLIC_R01_20260611_143242,delta-asda-b3-e,1591,RTSO|SO|OE|VE|QS|TR,3,0,54329129,-599,-20,-0.0854,-19,-0.045429,301,49,4270,2391,6000,,600,,,,cyclic,transition,0,no_load,both,B5: cyclic back-and-forth,servo-app/lab-0.1
1781163260.3685079,97.11703276634216,B5_CYCLIC,B5_CYCLIC_R01_20260611_143242,delta-asda-b3-e,1591,RTSO|SO|OE|VE|QS|TR,3,0,52634908,-599,-19,-0.08113,-19,-0.045429,301,49,4270,2391,6000,,600,,,,cyclic,transition,0,no_load,both,B5: cyclic back-and-forth,servo-app/lab-0.1
1781163260.4691327,97.21765756607056,B5_CYCLIC,B5_CYCLIC_R01_20260611_143242,delta-asda-b3-e,1591,RTSO|SO|OE|VE|QS|TR,3,0,50957101,-599,-23,-0.09821,-25,-0.059775,301,49,4270,2391,6000,,600,,,,cyclic,transition,0,no_load,both,B5: cyclic back-and-forth,servo-app/lab-0.1
1781163260.5697198,97.31824469566345,B5_CYCLIC,B5_CYCLIC_R01_20260611_143242,delta-asda-b3-e,1591,RTSO|SO|OE|VE|QS|TR,3,0,49262719,-599,-24,-0.10248,-21,-0.050211,301,49,4270,2391,6000,,600,,,,cyclic,transition,0,no_load,both,B5: cyclic back-and-forth,servo-app/lab-0.1
1781163260.669977,97.41850185394287,B5_CYCLIC,B5_CYCLIC_R01_20260611_143242,delta-asda-b3-e,1591,RTSO|SO|OE|VE|QS|TR,3,0,47584562,-599,-21,-0.08967,-18,-0.043038,301,49,4270,2391,6000,,600,,,,cyclic,transition,0,no_load,both,B5: cyclic back-and-forth,servo-app/lab-0.1
1781163260.7702959,97.51882076263428,B5_CYCLIC,B5_CYCLIC_R01_20260611_143242,delta-asda-b3-e,1591,RTSO|SO|OE|VE|QS|TR,3,0,45907136,-599,-19,-0.08113,-21,-0.050211,302,49,4270,2391,6000,,600,,,,cyclic,transition,0,no_load,both,B5: cyclic back-and-forth,servo-app/lab-0.1
1781163260.870906,97.61943101882935,B5_CYCLIC,B5_CYCLIC_R01_20260611_143242,delta-asda-b3-e,1591,RTSO|SO|OE|VE|QS|TR,3,0,44212339,-599,-15,-0.06405,-18,-0.043038,302,49,4270,2391,6000,,600,,,,cyclic,transition,0,no_load,both,B5: cyclic back-and-forth,servo-app/lab-0.1
1781163260.971189,97.71971392631531,B5_CYCLIC,B5_CYCLIC_R01_20260611_143242,delta-asda-b3-e,1591,RTSO|SO|OE|VE|QS|TR,3,0,42535143,-599,-19,-0.08113,-17,-0.040647,301,49,4270,2391,6000,,600,,,,cyclic,transition,0,no_load,both,B5: cyclic back-and-forth,servo-app/lab-0.1
1781163261.0716593,97.82018423080444,B5_CYCLIC,B5_CYCLIC_R01_20260611_143242,delta-asda-b3-e,1591,RTSO|SO|OE|VE|QS|TR,3,0,40840113,-600,-18,-0.07686,-19,-0.045429,301,49,4270,2391,6000,,600,,,,cyclic,transition,0,no_load,both,B5: cyclic back-and-forth,servo-app/lab-0.1
1781163261.1721444,97.92066931724548,B5_CYCLIC,B5_CYCLIC_R01_20260611_143242,delta-asda-b3-e,1591,RTSO|SO|OE|VE|QS|TR,3,0,39162727,-599,-22,-0.09394,-19,-0.045429,301,49,4270,2391,6000,,600,,,,cyclic,transition,0,no_load,both,B5: cyclic back-and-forth,servo-app/lab-0.1
1781163261.2730172,98.02154207229614,B5_CYCLIC,B5_CYCLIC_R01_20260611_143242,delta-asda-b3-e,1591,RTSO|SO|OE|VE|QS|TR,3,0,37467980,-599,-21,-0.08967,-17,-0.040647,301,49,4270,2391,6000,,600,,,,cyclic,transition,0,no_load,both,B5: cyclic back-and-forth,servo-app/lab-0.1
1781163261.3730912,98.12161612510681,B5_CYCLIC,B5_CYCLIC_R01_20260611_143242,delta-asda-b3-e,1591,RTSO|SO|OE|VE|QS|TR,3,0,35790536,-599,-22,-0.09394,-19,-0.045429,301,49,4270,2391,6000,,600,,,,cyclic,transition,0,no_load,both,B5: cyclic back-and-forth,servo-app/lab-0.1
1781163261.4737957,98.22232055664062,B5_CYCLIC,B5_CYCLIC_R01_20260611_143242,delta-asda-b3-e,1591,RTSO|SO|OE|VE|QS|TR,3,0,34095925,-599,-22,-0.09394,-21,-0.050211,301,49,4270,2391,6000,,600,,,,cyclic,transition,0,no_load,both,B5: cyclic back-and-forth,servo-app/lab-0.1
1781163261.5743651,98.32289004325867,B5_CYCLIC,B5_CYCLIC_R01_20260611_143242,delta-asda-b3-e,1591,RTSO|SO|OE|VE|QS|TR,3,0,32418222,-600,-17,-0.07259,-18,-0.043038,301,49,4270,2391,6000,,600,,,,cyclic,transition,0,no_load,both,B5: cyclic back-and-forth,servo-app/lab-0.1
1781163261.6750312,98.42355608940125,B5_CYCLIC,B5_CYCLIC_R01_20260611_143242,delta-asda-b3-e,1591,RTSO|SO|OE|VE|QS|TR,3,0,30723376,-600,-17,-0.07259,-17,-0.040647,301,49,4270,2391,6000,,600,,,,cyclic,transition,0,no_load,both,B5: cyclic back-and-forth,servo-app/lab-0.1
1781163261.7758627,98.52438759803772,B5_CYCLIC,B5_CYCLIC_R01_20260611_143242,delta-asda-b3-e,1591,RTSO|SO|OE|VE|QS|TR,3,0,29029071,-600,-18,-0.07686,-25,-0.059775,301,49,4270,2391,6000,,600,,,,cyclic,transition,0,no_load,both,B5: cyclic back-and-forth,servo-app/lab-0.1
1781163261.876394,98.6249189376831,B5_CYCLIC,B5_CYCLIC_R01_20260611_143242,delta-asda-b3-e,1591,RTSO|SO|OE|VE|QS|TR,3,0,27351211,-600,-21,-0.08967,-15,-0.035865,301,49,4270,2391,6000,,600,,,,cyclic,transition,0,no_load,both,B5: cyclic back-and-forth,servo-app/lab-0.1
1781163261.9771376,98.72566246986389,B5_CYCLIC,B5_CYCLIC_R01_20260611_143242,delta-asda-b3-e,1591,RTSO|SO|OE|VE|QS|TR,3,0,25657026,-600,-17,-0.07259,-20,-0.04782,301,49,4270,2391,6000,,600,,,,cyclic,transition,0,no_load,both,B5: cyclic back-and-forth,servo-app/lab-0.1
1781163262.0776768,98.82620167732239,B5_CYCLIC,B5_CYCLIC_R01_20260611_143242,delta-asda-b3-e,1591,RTSO|SO|OE|VE|QS|TR,3,0,23961980,-600,-22,-0.09394,-24,-0.057384,302,49,4270,2391,6000,,600,,,,cyclic,transition,0,no_load,both,B5: cyclic back-and-forth,servo-app/lab-0.1
1781163262.1790454,98.92757034301758,B5_CYCLIC,B5_CYCLIC_R01_20260611_143242,delta-asda-b3-e,1591,RTSO|SO|OE|VE|QS|TR,3,0,22267878,-600,-22,-0.09394,-23,-0.054993,301,49,4270,2391,6000,,600,,,,cyclic,transition,0,no_load,both,B5: cyclic back-and-forth,servo-app/lab-0.1
1781163262.279265,99.0277898311615,B5_CYCLIC,B5_CYCLIC_R01_20260611_143242,delta-asda-b3-e,1591,RTSO|SO|OE|VE|QS|TR,3,0,20589883,-600,-21,-0.08967,-21,-0.050211,301,49,4270,2391,6000,,600,,,,cyclic,transition,0,no_load,both,B5: cyclic back-and-forth,servo-app/lab-0.1
1781163262.3796217,99.12814664840698,B5_CYCLIC,B5_CYCLIC_R01_20260611_143242,delta-asda-b3-e,1591,RTSO|SO|OE|VE|QS|TR,3,0,18895835,-600,-25,-0.10675,-25,-0.059775,301,49,4270,2391,6000,,600,,,,cyclic,transition,0,no_load,both,B5: cyclic back-and-forth,servo-app/lab-0.1
1781163262.480174,99.22869896888733,B5_CYCLIC,B5_CYCLIC_R01_20260611_143242,delta-asda-b3-e,1591,RTSO|SO|OE|VE|QS|TR,3,0,17217882,-600,-21,-0.08967,-17,-0.040647,301,49,4270,2391,6000,,600,,,,cyclic,transition,0,no_load,both,B5: cyclic back-and-forth,servo-app/lab-0.1
1781163262.58041,99.32893490791321,B5_CYCLIC,B5_CYCLIC_R01_20260611_143242,delta-asda-b3-e,1591,RTSO|SO|OE|VE|QS|TR,3,0,15540220,-600,-22,-0.09394,-17,-0.040647,302,49,4270,2391,6000,,600,,,,cyclic,transition,0,no_load,both,B5: cyclic back-and-forth,servo-app/lab-0.1
1781163262.680807,99.42933201789856,B5_CYCLIC,B5_CYCLIC_R01_20260611_143242,delta-asda-b3-e,1591,RTSO|SO|OE|VE|QS|TR,3,0,13845428,-600,-24,-0.10248,-21,-0.050211,301,49,4270,2391,6000,,600,,,,cyclic,transition,0,no_load,both,B5: cyclic back-and-forth,servo-app/lab-0.1
1781163262.781823,99.53034782409668,B5_CYCLIC,B5_CYCLIC_R01_20260611_143242,delta-asda-b3-e,1591,RTSO|SO|OE|VE|QS|TR,3,0,12151115,-600,-20,-0.0854,-19,-0.045429,302,49,4270,2391,6000,,600,,,,cyclic,transition,0,no_load,both,B5: cyclic back-and-forth,servo-app/lab-0.1
1781163262.8822422,99.63076710700989,B5_CYCLIC,B5_CYCLIC_R01_20260611_143242,delta-asda-b3-e,1591,RTSO|SO|OE|VE|QS|TR,3,0,10473332,-600,-24,-0.10248,-25,-0.059775,302,49,4270,2391,6000,,600,,,,cyclic,transition,0,no_load,both,B5: cyclic back-and-forth,servo-app/lab-0.1
1781163262.98232,99.73084497451782,B5_CYCLIC,B5_CYCLIC_R01_20260611_143242,delta-asda-b3-e,1591,RTSO|SO|OE|VE|QS|TR,3,0,8795776,-600,-20,-0.0854,-17,-0.040647,301,49,4270,2391,6000,,600,,,,cyclic,transition,0,no_load,both,B5: cyclic back-and-forth,servo-app/lab-0.1
1781163263.0824256,99.83095049858093,B5_CYCLIC,B5_CYCLIC_R01_20260611_143242,delta-asda-b3-e,1591,RTSO|SO|OE|VE|QS|TR,3,0,7117606,-600,-22,-0.09394,-27,-0.064557,301,49,4270,2391,6000,,600,,,,cyclic,transition,0,no_load,both,B5: cyclic back-and-forth,servo-app/lab-0.1
1781163263.1829994,99.9315242767334,B5_CYCLIC,B5_CYCLIC_R01_20260611_143242,delta-asda-b3-e,1591,RTSO|SO|OE|VE|QS|TR,3,0,5423466,-600,-23,-0.09821,-18,-0.043038,301,49,4270,2391,6000,,600,,,,cyclic,transition,0,no_load,both,B5: cyclic back-and-forth,servo-app/lab-0.1
1781163263.283279,100.03180384635925,B5_CYCLIC,B5_CYCLIC_R01_20260611_143242,delta-asda-b3-e,1591,RTSO|SO|OE|VE|QS|TR,3,0,5423798,585,16,0.06832,15,0.035865,302,49,4270,2391,6000,,600,,,,cyclic,transition,0,no_load,both,B5: cyclic back-and-forth,servo-app/lab-0.1
1781163263.3837132,100.13223814964294,B5_CYCLIC,B5_CYCLIC_R01_20260611_143242,delta-asda-b3-e,1591,RTSO|SO|OE|VE|QS|TR,3,0,7118260,601,21,0.08967,17,0.040647,301,49,4270,2391,6000,,600,,,,cyclic,transition,0,no_load,both,B5: cyclic back-and-forth,servo-app/lab-0.1
1781163263.484374,100.23289895057678,B5_CYCLIC,B5_CYCLIC_R01_20260611_143242,delta-asda-b3-e,1591,RTSO|SO|OE|VE|QS|TR,3,0,8812305,601,20,0.0854,23,0.054993,302,49,4270,2391,6000,,600,,,,cyclic,transition,0,no_load,both,B5: cyclic back-and-forth,servo-app/lab-0.1
1781163263.5846925,100.33321738243103,B5_CYCLIC,B5_CYCLIC_R01_20260611_143242,delta-asda-b3-e,1591,RTSO|SO|OE|VE|QS|TR,3,0,10490200,602,18,0.07686,16,0.038256,302,49,4270,2391,6000,,600,,,,cyclic,transition,0,no_load,both,B5: cyclic back-and-forth,servo-app/lab-0.1
1781163263.6849813,100.43350625038147,B5_CYCLIC,B5_CYCLIC_R01_20260611_143242,delta-asda-b3-e,1591,RTSO|SO|OE|VE|QS|TR,3,0,12168064,602,18,0.07686,18,0.043038,302,49,4270,2391,6000,,600,,,,cyclic,transition,0,no_load,both,B5: cyclic back-and-forth,servo-app/lab-0.1
1781163263.7851126,100.53363752365112,B5_CYCLIC,B5_CYCLIC_R01_20260611_143242,delta-asda-b3-e,1591,RTSO|SO|OE|VE|QS|TR,3,0,13845516,601,25,0.10675,17,0.040647,301,49,4270,2391,6000,,600,,,,cyclic,transition,0,no_load,both,B5: cyclic back-and-forth,servo-app/lab-0.1
1781163263.8861024,100.63462734222412,B5_CYCLIC,B5_CYCLIC_R01_20260611_143242,delta-asda-b3-e,1591,RTSO|SO|OE|VE|QS|TR,3,0,15540082,601,26,0.11102,20,0.04782,301,49,4270,2391,6000,,600,,,,cyclic,transition,0,no_load,both,B5: cyclic back-and-forth,servo-app/lab-0.1
1781163263.9872046,100.73572945594788,B5_CYCLIC,B5_CYCLIC_R01_20260611_143242,delta-asda-b3-e,1591,RTSO|SO|OE|VE|QS|TR,3,0,17234347,601,15,0.06405,19,0.045429,301,49,4270,2391,6000,,600,,,,cyclic,transition,0,no_load,both,B5: cyclic back-and-forth,servo-app/lab-0.1
1781163264.0876477,100.836172580719,B5_CYCLIC,B5_CYCLIC_R01_20260611_143242,delta-asda-b3-e,1591,RTSO|SO|OE|VE|QS|TR,3,0,18929178,602,16,0.06832,15,0.035865,301,49,4270,2391,6000,,600,,,,cyclic,transition,0,no_load,both,B5: cyclic back-and-forth,servo-app/lab-0.1
1781163264.187998,100.93652296066284,B5_CYCLIC,B5_CYCLIC_R01_20260611_143242,delta-asda-b3-e,1591,RTSO|SO|OE|VE|QS|TR,3,0,20606846,601,16,0.06832,24,0.057384,301,49,4270,2391,6000,,600,,,,cyclic,transition,0,no_load,both,B5: cyclic back-and-forth,servo-app/lab-0.1
1781163264.2888658,101.03739070892334,B5_CYCLIC,B5_CYCLIC_R01_20260611_143242,delta-asda-b3-e,1591,RTSO|SO|OE|VE|QS|TR,3,0,22301261,601,19,0.08113,20,0.04782,301,49,4270,2391,6000,,600,,,,cyclic,transition,0,no_load,both,B5: cyclic back-and-forth,servo-app/lab-0.1
1781163264.3890512,101.13757610321045,B5_CYCLIC,B5_CYCLIC_R01_20260611_143242,delta-asda-b3-e,1591,RTSO|SO|OE|VE|QS|TR,3,0,23978788,601,19,0.08113,19,0.045429,301,49,4270,2391,6000,,600,,,,cyclic,transition,0,no_load,both,B5: cyclic back-and-forth,servo-app/lab-0.1
1781163264.489806,101.23833084106445,B5_CYCLIC,B5_CYCLIC_R01_20260611_143242,delta-asda-b3-e,1591,RTSO|SO|OE|VE|QS|TR,3,0,25673093,601,17,0.07259,16,0.038256,300,49,4270,2391,6000,,600,,,,cyclic,transition,0,no_load,both,B5: cyclic back-and-forth,servo-app/lab-0.1
1781163264.589928,101.33845281600952,B5_CYCLIC,B5_CYCLIC_R01_20260611_143242,delta-asda-b3-e,1591,RTSO|SO|OE|VE|QS|TR,3,0,27351013,601,14,0.05978,13,0.031083,301,49,4270,2391,6000,,600,,,,cyclic,transition,0,no_load,both,B5: cyclic back-and-forth,servo-app/lab-0.1
1781163264.6907756,101.43930053710938,B5_CYCLIC,B5_CYCLIC_R01_20260611_143242,delta-asda-b3-e,1591,RTSO|SO|OE|VE|QS|TR,3,0,29045493,601,20,0.0854,17,0.040647,301,49,4270,2391,6000,,600,,,,cyclic,transition,0,no_load,both,B5: cyclic back-and-forth,servo-app/lab-0.1
1781163264.7920358,101.54056072235107,B5_CYCLIC,B5_CYCLIC_R01_20260611_143242,delta-asda-b3-e,1591,RTSO|SO|OE|VE|QS|TR,3,0,30806799,600,17,0.07259,14,0.033474,302,49,4270,2391,6000,,600,,,,cyclic,transition,0,no_load,both,B5: cyclic back-and-forth,servo-app/lab-0.1
1781163264.8924496,101.64097452163696,B5_CYCLIC,B5_CYCLIC_R01_20260611_143242,delta-asda-b3-e,1591,RTSO|SO|OE|VE|QS|TR,3,0,32417486,601,19,0.08113,18,0.043038,301,49,4270,2391,6000,,600,,,,cyclic,transition,0,no_load,both,B5: cyclic back-and-forth,servo-app/lab-0.1
1781163264.9927819,101.7413067817688,B5_CYCLIC,B5_CYCLIC_R01_20260611_143242,delta-asda-b3-e,1591,RTSO|SO|OE|VE|QS|TR,3,0,34111790,600,15,0.06405,15,0.035865,301,49,4270,2391,6000,,600,,,,cyclic,transition,0,no_load,both,B5: cyclic back-and-forth,servo-app/lab-0.1
1781163265.0933084,101.8418333530426,B5_CYCLIC,B5_CYCLIC_R01_20260611_143242,delta-asda-b3-e,1591,RTSO|SO|OE|VE|QS|TR,3,0,35789817,601,18,0.07686,20,0.04782,301,49,4270,2391,6000,,600,,,,cyclic,transition,0,no_load,both,B5: cyclic back-and-forth,servo-app/lab-0.1
1781163265.1938322,101.94235706329346,B5_CYCLIC,B5_CYCLIC_R01_20260611_143242,delta-asda-b3-e,1591,RTSO|SO|OE|VE|QS|TR,3,0,37484073,600,16,0.06832,17,0.040647,301,49,4270,2391,6000,,600,,,,cyclic,transition,0,no_load,both,B5: cyclic back-and-forth,servo-app/lab-0.1
1781163265.2942138,102.04273867607117,B5_CYCLIC,B5_CYCLIC_R01_20260611_143242,delta-asda-b3-e,1591,RTSO|SO|OE|VE|QS|TR,3,0,39161756,601,18,0.07686,18,0.043038,302,49,4270,2391,6000,,600,,,,cyclic,transition,0,no_load,both,B5: cyclic back-and-forth,servo-app/lab-0.1
1781163265.3948247,102.14334964752197,B5_CYCLIC,B5_CYCLIC_R01_20260611_143242,delta-asda-b3-e,1591,RTSO|SO|OE|VE|QS|TR,3,0,40855907,600,22,0.09394,17,0.040647,302,49,4270,2391,6000,,600,,,,cyclic,transition,0,no_load,both,B5: cyclic back-and-forth,servo-app/lab-0.1
1781163265.4949222,102.2434470653534,B5_CYCLIC,B5_CYCLIC_R01_20260611_143242,delta-asda-b3-e,1591,RTSO|SO|OE|VE|QS|TR,3,0,42634489,600,20,0.0854,20,0.04782,301,49,4270,2391,6000,,600,,,,cyclic,transition,0,no_load,both,B5: cyclic back-and-forth,servo-app/lab-0.1
1781163265.59543,102.34395480155945,B5_CYCLIC,B5_CYCLIC_R01_20260611_143242,delta-asda-b3-e,1591,RTSO|SO|OE|VE|QS|TR,3,0,44211498,601,21,0.08967,17,0.040647,302,49,4270,2391,6000,,600,,,,cyclic,transition,0,no_load,both,B5: cyclic back-and-forth,servo-app/lab-0.1
1781163265.695757,102.44428181648254,B5_CYCLIC,B5_CYCLIC_R01_20260611_143242,delta-asda-b3-e,1591,RTSO|SO|OE|VE|QS|TR,3,0,45905885,600,20,0.0854,18,0.043038,302,49,4270,2391,6000,,600,,,,cyclic,transition,0,no_load,both,B5: cyclic back-and-forth,servo-app/lab-0.1
1781163265.796365,102.5448899269104,B5_CYCLIC,B5_CYCLIC_R01_20260611_143242,delta-asda-b3-e,1591,RTSO|SO|OE|VE|QS|TR,3,0,47583401,600,18,0.07686,15,0.035865,302,49,4270,2391,6000,,600,,,,cyclic,transition,0,no_load,both,B5: cyclic back-and-forth,servo-app/lab-0.1
1781163265.8969765,102.64550137519836,B5_CYCLIC,B5_CYCLIC_R01_20260611_143242,delta-asda-b3-e,1591,RTSO|SO|OE|VE|QS|TR,3,0,49277910,600,19,0.08113,19,0.045429,302,49,4270,2391,6000,,600,,,,cyclic,transition,0,no_load,both,B5: cyclic back-and-forth,servo-app/lab-0.1
1781163265.9972267,102.74575161933899,B5_CYCLIC,B5_CYCLIC_R01_20260611_143242,delta-asda-b3-e,1591,RTSO|SO|OE|VE|QS|TR,3,0,50955543,601,15,0.06405,14,0.033474,301,49,4270,2391,6000,,600,,,,cyclic,transition,0,no_load,both,B5: cyclic back-and-forth,servo-app/lab-0.1
1781163266.0978396,102.84636449813843,B5_CYCLIC,B5_CYCLIC_R01_20260611_143242,delta-asda-b3-e,1591,RTSO|SO|OE|VE|QS|TR,3,0,52650349,601,19,0.08113,18,0.043038,301,49,4270,2391,6000,,600,,,,cyclic,transition,0,no_load,both,B5: cyclic back-and-forth,servo-app/lab-0.1
1781163266.1984296,102.94695448875427,B5_CYCLIC,B5_CYCLIC_R01_20260611_143242,delta-asda-b3-e,1591,RTSO|SO|OE|VE|QS|TR,3,0,54327738,600,19,0.08113,19,0.045429,302,49,4270,2391,6000,,600,,,,cyclic,transition,0,no_load,both,B5: cyclic back-and-forth,servo-app/lab-0.1
1781163266.2985258,103.0470507144928,B5_CYCLIC,B5_CYCLIC_R01_20260611_143242,delta-asda-b3-e,1591,RTSO|SO|OE|VE|QS|TR,3,0,56005529,601,22,0.09394,23,0.054993,301,49,4270,2391,6000,,600,,,,cyclic,transition,0,no_load,both,B5: cyclic back-and-forth,servo-app/lab-0.1
1781163266.3990195,103.14754438400269,B5_CYCLIC,B5_CYCLIC_R01_20260611_143242,delta-asda-b3-e,1591,RTSO|SO|OE|VE|QS|TR,3,0,57699627,600,19,0.08113,17,0.040647,301,49,4270,2391,6000,,600,,,,cyclic,transition,0,no_load,both,B5: cyclic back-and-forth,servo-app/lab-0.1
1781163266.499998,103.24852299690247,B5_CYCLIC,B5_CYCLIC_R01_20260611_143242,delta-asda-b3-e,1591,RTSO|SO|OE|VE|QS|TR,3,0,59394367,601,20,0.0854,18,0.043038,302,49,4270,2391,6000,,600,,,,cyclic,transition,0,no_load,both,B5: cyclic back-and-forth,servo-app/lab-0.1
1781163266.6002555,103.34878039360046,B5_CYCLIC,B5_CYCLIC_R01_20260611_143242,delta-asda-b3-e,1591,RTSO|SO|OE|VE|QS|TR,3,0,61105483,600,19,0.08113,21,0.050211,301,49,4270,2391,6000,,600,,,,cyclic,transition,0,no_load,both,B5: cyclic back-and-forth,servo-app/lab-0.1
1781163266.7008603,103.44938516616821,B5_CYCLIC,B5_CYCLIC_R01_20260611_143242,delta-asda-b3-e,1591,RTSO|SO|OE|VE|QS|TR,3,0,62766371,600,20,0.0854,20,0.04782,302,49,4270,2391,6000,,600,,,,cyclic,transition,0,no_load,both,B5: cyclic back-and-forth,servo-app/lab-0.1
1781163266.8012748,103.54979968070984,B5_CYCLIC,B5_CYCLIC_R01_20260611_143242,delta-asda-b3-e,1591,RTSO|SO|OE|VE|QS|TR,3,0,64443807,599,21,0.08967,21,0.050211,301,49,4270,2391,6000,,600,,,,cyclic,transition,0,no_load,both,B5: cyclic back-and-forth,servo-app/lab-0.1
1781163266.9020321,103.65055704116821,B5_CYCLIC,B5_CYCLIC_R01_20260611_143242,delta-asda-b3-e,1591,RTSO|SO|OE|VE|QS|TR,3,0,66138208,600,21,0.08967,19,0.045429,301,49,4270,2391,6000,,600,,,,cyclic,transition,0,no_load,both,B5: cyclic back-and-forth,servo-app/lab-0.1
1781163267.0022938,103.75081872940063,B5_CYCLIC,B5_CYCLIC_R01_20260611_143242,delta-asda-b3-e,1591,RTSO|SO|OE|VE|QS|TR,3,0,67816018,600,16,0.06832,15,0.035865,301,49,4270,2391,6000,,600,,,,cyclic,transition,0,no_load,both,B5: cyclic back-and-forth,servo-app/lab-0.1
1781163267.1025755,103.8511004447937,B5_CYCLIC,B5_CYCLIC_R01_20260611_143242,delta-asda-b3-e,1591,RTSO|SO|OE|VE|QS|TR,3,0,69510703,600,20,0.0854,21,0.050211,301,49,4270,2391,6000,,600,,,,cyclic,transition,0,no_load,both,B5: cyclic back-and-forth,servo-app/lab-0.1
1781163267.2029974,103.95152235031128,B5_CYCLIC,B5_CYCLIC_R01_20260611_143242,delta-asda-b3-e,1591,RTSO|SO|OE|VE|QS|TR,3,0,71188039,599,16,0.06832,19,0.045429,302,49,4270,2391,6000,,600,,,,cyclic,transition,0,no_load,both,B5: cyclic back-and-forth,servo-app/lab-0.1
1781163267.3036163,104.0521411895752,B5_CYCLIC,B5_CYCLIC_R01_20260611_143242,delta-asda-b3-e,1591,RTSO|SO|OE|VE|QS|TR,3,0,72849188,600,20,0.0854,22,0.052602,301,49,4270,2391,6000,,600,,,,cyclic,transition,0,no_load,both,B5: cyclic back-and-forth,servo-app/lab-0.1
1781163267.4040678,104.15259265899658,B5_CYCLIC,B5_CYCLIC_R01_20260611_143242,delta-asda-b3-e,1591,RTSO|SO|OE|VE|QS|TR,3,0,74559818,599,18,0.07686,19,0.045429,302,49,4270,2391,6000,,600,,,,cyclic,transition,0,no_load,both,B5: cyclic back-and-forth,servo-app/lab-0.1
1781163267.5041652,104.252690076828,B5_CYCLIC,B5_CYCLIC_R01_20260611_143242,delta-asda-b3-e,1591,RTSO|SO|OE|VE|QS|TR,3,0,76221231,600,20,0.0854,20,0.04782,302,49,4270,2391,6000,,600,,,,cyclic,transition,0,no_load,both,B5: cyclic back-and-forth,servo-app/lab-0.1
1781163267.6045105,104.35303544998169,B5_CYCLIC,B5_CYCLIC_R01_20260611_143242,delta-asda-b3-e,1591,RTSO|SO|OE|VE|QS|TR,3,0,77915477,599,19,0.08113,19,0.045429,302,49,4270,2391,6000,,600,,,,cyclic,transition,0,no_load,both,B5: cyclic back-and-forth,servo-app/lab-0.1
1781163267.7048733,104.45339822769165,B5_CYCLIC,B5_CYCLIC_R01_20260611_143242,delta-asda-b3-e,1591,RTSO|SO|OE|VE|QS|TR,3,0,79609925,599,17,0.07259,19,0.045429,302,49,4270,2391,6000,,600,,,,cyclic,transition,0,no_load,both,B5: cyclic back-and-forth,servo-app/lab-0.1
1781163267.8049715,104.55349636077881,B5_CYCLIC,B5_CYCLIC_R01_20260611_143242,delta-asda-b3-e,1591,RTSO|SO|OE|VE|QS|TR,3,0,81287334,599,17,0.07259,23,0.054993,302,49,4270,2391,6000,,600,,,,cyclic,transition,0,no_load,both,B5: cyclic back-and-forth,servo-app/lab-0.1
1781163267.9050794,104.65360426902771,B5_CYCLIC,B5_CYCLIC_R01_20260611_143242,delta-asda-b3-e,1591,RTSO|SO|OE|VE|QS|TR,3,0,82965111,599,16,0.06832,19,0.045429,302,49,4270,2391,6000,,600,,,,cyclic,transition,0,no_load,both,B5: cyclic back-and-forth,servo-app/lab-0.1
1781163268.005531,104.75405597686768,B5_CYCLIC,B5_CYCLIC_R01_20260611_143242,delta-asda-b3-e,1591,RTSO|SO|OE|VE|QS|TR,3,0,84659676,600,18,0.07686,16,0.038256,302,49,4270,2391,6000,,600,,,,cyclic,transition,0,no_load,both,B5: cyclic back-and-forth,servo-app/lab-0.1
1781163268.1057763,104.85430121421814,B5_CYCLIC,B5_CYCLIC_R01_20260611_143242,delta-asda-b3-e,1591,RTSO|SO|OE|VE|QS|TR,3,0,86337505,600,20,0.0854,19,0.045429,302,49,4270,2391,6000,,600,,,,cyclic,transition,0,no_load,both,B5: cyclic back-and-forth,servo-app/lab-0.1
1781163268.2060552,104.95458006858826,B5_CYCLIC,B5_CYCLIC_R01_20260611_143242,delta-asda-b3-e,1591,RTSO|SO|OE|VE|QS|TR,3,0,88014836,599,17,0.07259,17,0.040647,302,49,4270,2391,6000,,600,,,,cyclic,transition,0,no_load,both,B5: cyclic back-and-forth,servo-app/lab-0.1
1781163268.3065112,105.05503606796265,B5_CYCLIC,B5_CYCLIC_R01_20260611_143242,delta-asda-b3-e,1591,RTSO|SO|OE|VE|QS|TR,3,0,89692657,599,16,0.06832,20,0.04782,301,49,4270,2391,6000,,600,,,,cyclic,transition,0,no_load,both,B5: cyclic back-and-forth,servo-app/lab-0.1
1781163268.407619,105.1561439037323,B5_CYCLIC,B5_CYCLIC_R01_20260611_143242,delta-asda-b3-e,1591,RTSO|SO|OE|VE|QS|TR,3,0,91403462,600,24,0.10248,20,0.04782,302,49,4270,2391,6000,,600,,,,cyclic,transition,0,no_load,both,B5: cyclic back-and-forth,servo-app/lab-0.1
1781163268.5082352,105.25676012039185,B5_CYCLIC,B5_CYCLIC_R01_20260611_143242,delta-asda-b3-e,1591,RTSO|SO|OE|VE|QS|TR,3,0,93081665,601,16,0.06832,17,0.040647,302,49,4270,2391,6000,,600,,,,cyclic,transition,0,no_load,both,B5: cyclic back-and-forth,servo-app/lab-0.1
1781163268.6084511,105.35697603225708,B5_CYCLIC,B5_CYCLIC_R01_20260611_143242,delta-asda-b3-e,1591,RTSO|SO|OE|VE|QS|TR,3,0,94759010,600,20,0.0854,24,0.057384,301,49,4270,2391,6000,,600,,,,cyclic,transition,0,no_load,both,B5: cyclic back-and-forth,servo-app/lab-0.1
1781163268.708726,105.45725083351135,B5_CYCLIC,B5_CYCLIC_R01_20260611_143242,delta-asda-b3-e,1591,RTSO|SO|OE|VE|QS|TR,3,0,96453620,600,17,0.07259,16,0.038256,301,49,4270,2391,6000,,600,,,,cyclic,transition,0,no_load,both,B5: cyclic back-and-forth,servo-app/lab-0.1
1781163268.809075,105.5576000213623,B5_CYCLIC,B5_CYCLIC_R01_20260611_143242,delta-asda-b3-e,1591,RTSO|SO|OE|VE|QS|TR,3,0,98130955,600,22,0.09394,23,0.054993,302,49,4270,2391,6000,,600,,,,cyclic,transition,0,no_load,both,B5: cyclic back-and-forth,servo-app/lab-0.1
1781163268.910074,105.65859889984131,B5_CYCLIC,B5_CYCLIC_R01_20260611_143242,delta-asda-b3-e,1591,RTSO|SO|OE|VE|QS|TR,3,0,99825755,600,17,0.07259,15,0.035865,302,49,4270,2391,6000,,600,,,,cyclic,transition,0,no_load,both,B5: cyclic back-and-forth,servo-app/lab-0.1
1781163269.01036,105.7588849067688,B5_CYCLIC,B5_CYCLIC_R01_20260611_143242,delta-asda-b3-e,1591,RTSO|SO|OE|VE|QS|TR,3,0,101503489,600,19,0.08113,20,0.04782,302,49,4270,2391,6000,,600,,,,cyclic,transition,0,no_load,both,B5: cyclic back-and-forth,servo-app/lab-0.1
1781163269.1110218,105.85954666137695,B5_CYCLIC,B5_CYCLIC_R01_20260611_143242,delta-asda-b3-e,1591,RTSO|SO|OE|VE|QS|TR,3,0,103198081,600,18,0.07686,23,0.054993,301,49,4270,2391,6000,,600,,,,cyclic,transition,0,no_load,both,B5: cyclic back-and-forth,servo-app/lab-0.1
1781163269.2113469,105.95987176895142,B5_CYCLIC,B5_CYCLIC_R01_20260611_143242,delta-asda-b3-e,1591,RTSO|SO|OE|VE|QS|TR,3,0,104875484,600,17,0.07259,16,0.038256,302,49,4270,2391,6000,,600,,,,cyclic,transition,0,no_load,both,B5: cyclic back-and-forth,servo-app/lab-0.1
1781163269.3115015,106.06002640724182,B5_CYCLIC,B5_CYCLIC_R01_20260611_143242,delta-asda-b3-e,1591,RTSO|SO|OE|VE|QS|TR,3,0,106553235,600,17,0.07259,16,0.038256,301,49,4270,2391,6000,,600,,,,cyclic,transition,0,no_load,both,B5: cyclic back-and-forth,servo-app/lab-0.1
1781163269.4123335,106.16085839271545,B5_CYCLIC,B5_CYCLIC_R01_20260611_143242,delta-asda-b3-e,1591,RTSO|SO|OE|VE|QS|TR,3,0,108247353,600,20,0.0854,19,0.045429,302,49,4270,2391,6000,,600,,,,cyclic,transition,0,no_load,both,B5: cyclic back-and-forth,servo-app/lab-0.1
1781163269.5124428,106.26096773147583,B5_CYCLIC,B5_CYCLIC_R01_20260611_143242,delta-asda-b3-e,1591,RTSO|SO|OE|VE|QS|TR,3,0,109925531,601,17,0.07259,17,0.040647,301,49,4270,2391,6000,,600,,,,cyclic,transition,0,no_load,both,B5: cyclic back-and-forth,servo-app/lab-0.1
1781163269.6129491,106.36147403717041,B5_CYCLIC,B5_CYCLIC_R01_20260611_143242,delta-asda-b3-e,1591,RTSO|SO|OE|VE|QS|TR,3,0,111619566,600,22,0.09394,23,0.054993,301,49,4270,2391,6000,,600,,,,cyclic,transition,0,no_load,both,B5: cyclic back-and-forth,servo-app/lab-0.1
1781163269.7262523,106.47477722167969,B5_CYCLIC,B5_CYCLIC_R01_20260611_143242,delta-asda-b3-e,1591,RTSO|SO|OE|VE|QS|TR,3,0,114522160,601,17,0.07259,18,0.043038,302,49,4270,2391,6000,,600,,,,cyclic,transition,0,no_load,both,B5: cyclic back-and-forth,servo-app/lab-0.1
1781163269.8262928,106.5748176574707,B5_CYCLIC,B5_CYCLIC_R01_20260611_143242,delta-asda-b3-e,1591,RTSO|SO|OE|VE|QS|TR,3,0,115192674,599,21,0.08967,22,0.052602,302,49,4270,2391,6000,,600,,,,cyclic,transition,0,no_load,both,B5: cyclic back-and-forth,servo-app/lab-0.1
1781163269.9267046,106.67522954940796,B5_CYCLIC,B5_CYCLIC_R01_20260611_143242,delta-asda-b3-e,1591,RTSO|SO|OE|VE|QS|TR,3,0,116871022,600,17,0.07259,17,0.040647,301,49,4270,2391,6000,,600,,,,cyclic,transition,0,no_load,both,B5: cyclic back-and-forth,servo-app/lab-0.1
1781163270.0273764,106.77590131759644,B5_CYCLIC,B5_CYCLIC_R01_20260611_143242,delta-asda-b3-e,1591,RTSO|SO|OE|VE|QS|TR,3,0,118564967,599,26,0.11102,22,0.052602,301,49,4270,2391,6000,,600,,,,cyclic,transition,0,no_load,both,B5: cyclic back-and-forth,servo-app/lab-0.1
1781163270.1288116,106.8773365020752,B5_CYCLIC,B5_CYCLIC_R01_20260611_143242,delta-asda-b3-e,1591,RTSO|SO|OE|VE|QS|TR,3,0,120276447,599,17,0.07259,17,0.040647,301,49,4270,2391,6000,,600,,,,cyclic,transition,0,no_load,both,B5: cyclic back-and-forth,servo-app/lab-0.1
1781163270.229282,106.97780680656433,B5_CYCLIC,B5_CYCLIC_R01_20260611_143242,delta-asda-b3-e,1591,RTSO|SO|OE|VE|QS|TR,3,0,121953594,599,20,0.0854,20,0.04782,301,49,4270,2391,6000,,600,,,,cyclic,transition,0,no_load,both,B5: cyclic back-and-forth,servo-app/lab-0.1
1781163270.3295243,107.07804918289185,B5_CYCLIC,B5_CYCLIC_R01_20260611_143242,delta-asda-b3-e,1591,RTSO|SO|OE|VE|QS|TR,3,0,123631639,600,22,0.09394,18,0.043038,302,49,4270,2391,6000,,600,,,,cyclic,transition,0,no_load,both,B5: cyclic back-and-forth,servo-app/lab-0.1
1781163270.4298813,107.17840623855591,B5_CYCLIC,B5_CYCLIC_R01_20260611_143242,delta-asda-b3-e,1591,RTSO|SO|OE|VE|QS|TR,3,0,125325862,599,25,0.10675,26,0.062166,301,49,4270,2391,6000,,600,,,,cyclic,transition,0,no_load,both,B5: cyclic back-and-forth,servo-app/lab-0.1
1781163270.53,107.27852487564087,B5_CYCLIC,B5_CYCLIC_R01_20260611_143242,delta-asda-b3-e,1591,RTSO|SO|OE|VE|QS|TR,3,0,127003667,599,21,0.08967,24,0.057384,301,49,4270,2391,6000,,600,,,,cyclic,transition,0,no_load,both,B5: cyclic back-and-forth,servo-app/lab-0.1
1781163270.6301138,107.37863874435425,B5_CYCLIC,B5_CYCLIC_R01_20260611_143242,delta-asda-b3-e,1591,RTSO|SO|OE|VE|QS|TR,3,0,128680939,599,23,0.09821,23,0.054993,301,49,4270,2391,6000,,600,,,,cyclic,transition,0,no_load,both,B5: cyclic back-and-forth,servo-app/lab-0.1
1781163270.730735,107.47925996780396,B5_CYCLIC,B5_CYCLIC_R01_20260611_143242,delta-asda-b3-e,1591,RTSO|SO|OE|VE|QS|TR,3,0,130375622,598,20,0.0854,21,0.050211,301,49,4270,2391,6000,,600,,,,cyclic,transition,0,no_load,both,B5: cyclic back-and-forth,servo-app/lab-0.1
1781163270.8316648,107.58018970489502,B5_CYCLIC,B5_CYCLIC_R01_20260611_143242,delta-asda-b3-e,1591,RTSO|SO|OE|VE|QS|TR,3,0,132069725,599,21,0.08967,21,0.050211,302,49,4270,2391,6000,,600,,,,cyclic,transition,0,no_load,both,B5: cyclic back-and-forth,servo-app/lab-0.1
1781163270.9324937,107.68101859092712,B5_CYCLIC,B5_CYCLIC_R01_20260611_143242,delta-asda-b3-e,1591,RTSO|SO|OE|VE|QS|TR,3,0,133764762,599,22,0.09394,20,0.04782,301,49,4270,2391,6000,,600,,,,cyclic,transition,0,no_load,both,B5: cyclic back-and-forth,servo-app/lab-0.1
1781163271.0328398,107.78136467933655,B5_CYCLIC,B5_CYCLIC_R01_20260611_143242,delta-asda-b3-e,1591,RTSO|SO|OE|VE|QS|TR,3,0,135441820,598,25,0.10675,27,0.064557,301,49,4270,2391,6000,,600,,,,cyclic,transition,0,no_load,both,B5: cyclic back-and-forth,servo-app/lab-0.1
1781163271.1333644,107.88188934326172,B5_CYCLIC,B5_CYCLIC_R01_20260611_143242,delta-asda-b3-e,1591,RTSO|SO|OE|VE|QS|TR,3,0,137119939,598,19,0.08113,21,0.050211,302,49,4270,2391,6000,,600,,,,cyclic,transition,0,no_load,both,B5: cyclic back-and-forth,servo-app/lab-0.1
1781163271.2336442,107.98216915130615,B5_CYCLIC,B5_CYCLIC_R01_20260611_143242,delta-asda-b3-e,1591,RTSO|SO|OE|VE|QS|TR,3,0,138796987,598,22,0.09394,21,0.050211,302,49,4270,2391,6000,,600,,,,cyclic,transition,0,no_load,both,B5: cyclic back-and-forth,servo-app/lab-0.1
1781163271.3342524,108.08277726173401,B5_CYCLIC,B5_CYCLIC_R01_20260611_143242,delta-asda-b3-e,1591,RTSO|SO|OE|VE|QS|TR,3,0,140491942,599,18,0.07686,18,0.043038,302,49,4270,2391,6000,,600,,,,cyclic,transition,0,no_load,both,B5: cyclic back-and-forth,servo-app/lab-0.1
1781163271.4352798,108.1838047504425,B5_CYCLIC,B5_CYCLIC_R01_20260611_143242,delta-asda-b3-e,1591,RTSO|SO|OE|VE|QS|TR,3,0,142185905,598,20,0.0854,23,0.054993,301,49,4270,2391,6000,,600,,,,cyclic,transition,0,no_load,both,B5: cyclic back-and-forth,servo-app/lab-0.1
1781163271.5355759,108.28410077095032,B5_CYCLIC,B5_CYCLIC_R01_20260611_143242,delta-asda-b3-e,1591,RTSO|SO|OE|VE|QS|TR,3,0,143863755,598,20,0.0854,20,0.04782,302,49,4270,2391,6000,,600,,,,cyclic,transition,0,no_load,both,B5: cyclic back-and-forth,servo-app/lab-0.1
1781163271.635817,108.38434195518494,B5_CYCLIC,B5_CYCLIC_R01_20260611_143242,delta-asda-b3-e,1591,RTSO|SO|OE|VE|QS|TR,3,0,145557679,598,19,0.08113,22,0.052602,302,49,4270,2391,6000,,600,,,,cyclic,transition,0,no_load,both,B5: cyclic back-and-forth,servo-app/lab-0.1
1781163271.7360306,108.48455548286438,B5_CYCLIC,B5_CYCLIC_R01_20260611_143242,delta-asda-b3-e,1591,RTSO|SO|OE|VE|QS|TR,3,0,147235585,598,18,0.07686,20,0.04782,302,49,4270,2391,6000,,600,,,,cyclic,transition,0,no_load,both,B5: cyclic back-and-forth,servo-app/lab-0.1
1781163271.836238,108.58476281166077,B5_CYCLIC,B5_CYCLIC_R01_20260611_143242,delta-asda-b3-e,1591,RTSO|SO|OE|VE|QS|TR,3,0,148913100,599,20,0.0854,22,0.052602,302,49,4270,2391,6000,,600,,,,cyclic,transition,0,no_load,both,B5: cyclic back-and-forth,servo-app/lab-0.1
1781163271.9365244,108.68504929542542,B5_CYCLIC,B5_CYCLIC_R01_20260611_143242,delta-asda-b3-e,1591,RTSO|SO|OE|VE|QS|TR,3,0,150591289,598,22,0.09394,22,0.052602,302,49,4270,2391,6000,,600,,,,cyclic,transition,0,no_load,both,B5: cyclic back-and-forth,servo-app/lab-0.1
1781163272.0366683,108.78519320487976,B5_CYCLIC,B5_CYCLIC_R01_20260611_143242,delta-asda-b3-e,1591,RTSO|SO|OE|VE|QS|TR,3,0,152285136,598,19,0.08113,22,0.052602,302,49,4270,2391,6000,,600,,,,cyclic,transition,0,no_load,both,B5: cyclic back-and-forth,servo-app/lab-0.1
1781163272.136973,108.88549780845642,B5_CYCLIC,B5_CYCLIC_R01_20260611_143242,delta-asda-b3-e,1591,RTSO|SO|OE|VE|QS|TR,3,0,153963242,598,18,0.07686,19,0.045429,302,49,4270,2391,6000,,600,,,,cyclic,transition,0,no_load,both,B5: cyclic back-and-forth,servo-app/lab-0.1
1781163272.2370708,108.985595703125,B5_CYCLIC,B5_CYCLIC_R01_20260611_143242,delta-asda-b3-e,1591,RTSO|SO|OE|VE|QS|TR,3,0,155623618,598,20,0.0854,20,0.04782,302,49,4270,2391,6000,,600,,,,cyclic,transition,0,no_load,both,B5: cyclic back-and-forth,servo-app/lab-0.1
1781163272.3375804,109.08610534667969,B5_CYCLIC,B5_CYCLIC_R01_20260611_143242,delta-asda-b3-e,1591,RTSO|SO|OE|VE|QS|TR,3,0,157335417,599,15,0.06405,16,0.038256,301,49,4270,2391,6000,,600,,,,cyclic,transition,0,no_load,both,B5: cyclic back-and-forth,servo-app/lab-0.1
1781163272.437697,109.18622183799744,B5_CYCLIC,B5_CYCLIC_R01_20260611_143242,delta-asda-b3-e,1591,RTSO|SO|OE|VE|QS|TR,3,0,159012634,599,17,0.07259,19,0.045429,302,49,4270,2391,6000,,600,,,,cyclic,transition,0,no_load,both,B5: cyclic back-and-forth,servo-app/lab-0.1
1781163272.5379212,109.28644609451294,B5_CYCLIC,B5_CYCLIC_R01_20260611_143242,delta-asda-b3-e,1591,RTSO|SO|OE|VE|QS|TR,3,0,160690535,599,19,0.08113,22,0.052602,302,49,4270,2391,6000,,600,,,,cyclic,transition,0,no_load,both,B5: cyclic back-and-forth,servo-app/lab-0.1
1781163272.638041,109.3865659236908,B5_CYCLIC,B5_CYCLIC_R01_20260611_143242,delta-asda-b3-e,1591,RTSO|SO|OE|VE|QS|TR,3,0,162367740,598,17,0.07259,20,0.04782,301,49,4270,2391,6000,,600,,,,cyclic,transition,0,no_load,both,B5: cyclic back-and-forth,servo-app/lab-0.1
1781163272.7383535,109.48687839508057,B5_CYCLIC,B5_CYCLIC_R01_20260611_143242,delta-asda-b3-e,1591,RTSO|SO|OE|VE|QS|TR,3,0,164045755,599,16,0.06832,22,0.052602,302,49,4270,2391,6000,,600,,,,cyclic,transition,0,no_load,both,B5: cyclic back-and-forth,servo-app/lab-0.1
1781163272.8388004,109.58732533454895,B5_CYCLIC,B5_CYCLIC_R01_20260611_143242,delta-asda-b3-e,1591,RTSO|SO|OE|VE|QS|TR,3,0,165723303,599,16,0.06832,20,0.04782,302,49,4270,2391,6000,,600,,,,cyclic,transition,0,no_load,both,B5: cyclic back-and-forth,servo-app/lab-0.1
1781163272.9392025,109.68772745132446,B5_CYCLIC,B5_CYCLIC_R01_20260611_143242,delta-asda-b3-e,1591,RTSO|SO|OE|VE|QS|TR,3,0,167418259,599,21,0.08967,21,0.050211,302,49,4270,2391,6000,,600,,,,cyclic,transition,0,no_load,both,B5: cyclic back-and-forth,servo-app/lab-0.1
1781163273.0394962,109.78802108764648,B5_CYCLIC,B5_CYCLIC_R01_20260611_143242,delta-asda-b3-e,1591,RTSO|SO|OE|VE|QS|TR,3,0,169095399,599,19,0.08113,22,0.052602,301,49,4270,2391,6000,,600,,,,cyclic,transition,0,no_load,both,B5: cyclic back-and-forth,servo-app/lab-0.1
1781163273.1400647,109.88858962059021,B5_CYCLIC,B5_CYCLIC_R01_20260611_143242,delta-asda-b3-e,1591,RTSO|SO|OE|VE|QS|TR,3,0,170790252,599,19,0.08113,18,0.043038,301,49,4270,2391,6000,,600,,,,cyclic,transition,0,no_load,both,B5: cyclic back-and-forth,servo-app/lab-0.1
1781163273.2401352,109.98866009712219,B5_CYCLIC,B5_CYCLIC_R01_20260611_143242,delta-asda-b3-e,567,RTSO|SO|OE|VE|QS,3,0,172187523,83,-24,-0.10248,-22,-0.052602,302,49,4270,2391,6000,,600,,,,cyclic,transition,0,no_load,both,B5: cyclic back-and-forth,servo-app/lab-0.1
1781163273.3402486,110.08877348899841,B5_CYCLIC,B5_CYCLIC_R01_20260611_143242,delta-asda-b3-e,1591,RTSO|SO|OE|VE|QS|TR,3,0,170622064,-600,-17,-0.07259,-18,-0.043038,302,49,4270,2391,6000,,600,,,,cyclic,transition,0,no_load,both,B5: cyclic back-and-forth,servo-app/lab-0.1
1781163273.4408133,110.18933820724487,B5_CYCLIC,B5_CYCLIC_R01_20260611_143242,delta-asda-b3-e,1591,RTSO|SO|OE|VE|QS|TR,3,0,168944373,-601,-15,-0.06405,-15,-0.035865,302,49,4270,2391,6000,,600,,,,cyclic,transition,0,no_load,both,B5: cyclic back-and-forth,servo-app/lab-0.1
1781163273.5409577,110.28948259353638,B5_CYCLIC,B5_CYCLIC_R01_20260611_143242,delta-asda-b3-e,1591,RTSO|SO|OE|VE|QS|TR,3,0,167250200,-600,-24,-0.10248,-22,-0.052602,302,49,4270,2391,6000,,600,,,,cyclic,transition,0,no_load,both,B5: cyclic back-and-forth,servo-app/lab-0.1
1781163273.641096,110.3896210193634,B5_CYCLIC,B5_CYCLIC_R01_20260611_143242,delta-asda-b3-e,1591,RTSO|SO|OE|VE|QS|TR,3,0,165572338,-600,-17,-0.07259,-17,-0.040647,302,49,4270,2391,6000,,600,,,,cyclic,transition,0,no_load,both,B5: cyclic back-and-forth,servo-app/lab-0.1
1781163273.7414763,110.49000120162964,B5_CYCLIC,B5_CYCLIC_R01_20260611_143242,delta-asda-b3-e,1591,RTSO|SO|OE|VE|QS|TR,3,0,163894602,-601,-17,-0.07259,-18,-0.043038,302,49,4270,2391,6000,,600,,,,cyclic,transition,0,no_load,both,B5: cyclic back-and-forth,servo-app/lab-0.1
1781163273.8416746,110.59019947052002,B5_CYCLIC,B5_CYCLIC_R01_20260611_143242,delta-asda-b3-e,1591,RTSO|SO|OE|VE|QS|TR,3,0,162199636,-601,-16,-0.06832,-15,-0.035865,302,49,4270,2391,6000,,600,,,,cyclic,transition,0,no_load,both,B5: cyclic back-and-forth,servo-app/lab-0.1
1781163273.9419098,110.69043469429016,B5_CYCLIC,B5_CYCLIC_R01_20260611_143242,delta-asda-b3-e,1591,RTSO|SO|OE|VE|QS|TR,3,0,160522226,-600,-18,-0.07686,-17,-0.040647,302,49,4270,2391,6000,,600,,,,cyclic,transition,0,no_load,both,B5: cyclic back-and-forth,servo-app/lab-0.1
1781163274.0419836,110.79050850868225,B5_CYCLIC,B5_CYCLIC_R01_20260611_143242,delta-asda-b3-e,1591,RTSO|SO|OE|VE|QS|TR,3,0,158844217,-601,-16,-0.06832,-16,-0.038256,301,49,4270,2391,6000,,600,,,,cyclic,transition,0,no_load,both,B5: cyclic back-and-forth,servo-app/lab-0.1
1781163274.1421309,110.8906557559967,B5_CYCLIC,B5_CYCLIC_R01_20260611_143242,delta-asda-b3-e,1591,RTSO|SO|OE|VE|QS|TR,3,0,157167156,-600,-19,-0.08113,-21,-0.050211,302,49,4270,2391,6000,,600,,,,cyclic,transition,0,no_load,both,B5: cyclic back-and-forth,servo-app/lab-0.1
1781163274.2422032,110.99072813987732,B5_CYCLIC,B5_CYCLIC_R01_20260611_143242,delta-asda-b3-e,1591,RTSO|SO|OE|VE|QS|TR,3,0,155488981,-601,-17,-0.07259,-19,-0.045429,302,49,4270,2391,6000,,600,,,,cyclic,transition,0,no_load,both,B5: cyclic back-and-forth,servo-app/lab-0.1
1781163274.3427064,111.09123134613037,B5_CYCLIC,B5_CYCLIC_R01_20260611_143242,delta-asda-b3-e,1591,RTSO|SO|OE|VE|QS|TR,3,0,153811621,-600,-18,-0.07686,-19,-0.045429,302,49,4270,2391,6000,,600,,,,cyclic,transition,0,no_load,both,B5: cyclic back-and-forth,servo-app/lab-0.1
1781163274.4428337,111.19135856628418,B5_CYCLIC,B5_CYCLIC_R01_20260611_143242,delta-asda-b3-e,1591,RTSO|SO|OE|VE|QS|TR,3,0,152116819,-601,-17,-0.07259,-15,-0.035865,302,49,4270,2391,6000,,600,,,,cyclic,transition,0,no_load,both,B5: cyclic back-and-forth,servo-app/lab-0.1
1781163274.5430212,111.2915461063385,B5_CYCLIC,B5_CYCLIC_R01_20260611_143242,delta-asda-b3-e,1591,RTSO|SO|OE|VE|QS|TR,3,0,150439499,-600,-22,-0.09394,-24,-0.057384,301,49,4270,2391,6000,,600,,,,cyclic,transition,0,no_load,both,B5: cyclic back-and-forth,servo-app/lab-0.1
1781163274.6434364,111.39196133613586,B5_CYCLIC,B5_CYCLIC_R01_20260611_143242,delta-asda-b3-e,1591,RTSO|SO|OE|VE|QS|TR,3,0,148761590,-601,-18,-0.07686,-17,-0.040647,302,49,4270,2391,6000,,600,,,,cyclic,transition,0,no_load,both,B5: cyclic back-and-forth,servo-app/lab-0.1
1781163274.7440877,111.49261260032654,B5_CYCLIC,B5_CYCLIC_R01_20260611_143242,delta-asda-b3-e,1591,RTSO|SO|OE|VE|QS|TR,3,0,147067067,-601,-18,-0.07686,-17,-0.040647,301,49,4270,2391,6000,,600,,,,cyclic,transition,0,no_load,both,B5: cyclic back-and-forth,servo-app/lab-0.1
1781163274.8442054,111.59273028373718,B5_CYCLIC,B5_CYCLIC_R01_20260611_143242,delta-asda-b3-e,1591,RTSO|SO|OE|VE|QS|TR,3,0,145388954,-601,-16,-0.06832,-15,-0.035865,302,49,4270,2391,6000,,600,,,,cyclic,transition,0,no_load,both,B5: cyclic back-and-forth,servo-app/lab-0.1
1781163274.9442766,111.6928014755249,B5_CYCLIC,B5_CYCLIC_R01_20260611_143242,delta-asda-b3-e,1591,RTSO|SO|OE|VE|QS|TR,3,0,143711502,-601,-18,-0.07686,-17,-0.040647,302,49,4270,2391,6000,,600,,,,cyclic,transition,0,no_load,both,B5: cyclic back-and-forth,servo-app/lab-0.1
1781163275.0443974,111.79292225837708,B5_CYCLIC,B5_CYCLIC_R01_20260611_143242,delta-asda-b3-e,1591,RTSO|SO|OE|VE|QS|TR,3,0,142033480,-600,-17,-0.07259,-15,-0.035865,301,49,4270,2391,6000,,600,,,,cyclic,transition,0,no_load,both,B5: cyclic back-and-forth,servo-app/lab-0.1
1781163275.1444707,111.892995595932,B5_CYCLIC,B5_CYCLIC_R01_20260611_143242,delta-asda-b3-e,1591,RTSO|SO|OE|VE|QS|TR,3,0,140356383,-600,-18,-0.07686,-18,-0.043038,301,49,4270,2391,6000,,600,,,,cyclic,transition,0,no_load,both,B5: cyclic back-and-forth,servo-app/lab-0.1
1781163275.244708,111.99323296546936,B5_CYCLIC,B5_CYCLIC_R01_20260611_143242,delta-asda-b3-e,1591,RTSO|SO|OE|VE|QS|TR,3,0,138678131,-601,-19,-0.08113,-16,-0.038256,302,49,4270,2391,6000,,600,,,,cyclic,transition,0,no_load,both,B5: cyclic back-and-forth,servo-app/lab-0.1
1781163275.3449116,112.09343647956848,B5_CYCLIC,B5_CYCLIC_R01_20260611_143242,delta-asda-b3-e,1591,RTSO|SO|OE|VE|QS|TR,3,0,137000762,-600,-18,-0.07686,-20,-0.04782,302,49,4270,2391,6000,,600,,,,cyclic,transition,0,no_load,both,B5: cyclic back-and-forth,servo-app/lab-0.1
1781163275.4455712,112.19409608840942,B5_CYCLIC,B5_CYCLIC_R01_20260611_143242,delta-asda-b3-e,1591,RTSO|SO|OE|VE|QS|TR,3,0,135305821,-601,-18,-0.07686,-16,-0.038256,302,49,4270,2391,6000,,600,,,,cyclic,transition,0,no_load,both,B5: cyclic back-and-forth,servo-app/lab-0.1
1781163275.5462363,112.29476118087769,B5_CYCLIC,B5_CYCLIC_R01_20260611_143242,delta-asda-b3-e,1591,RTSO|SO|OE|VE|QS|TR,3,0,133611814,-600,-19,-0.08113,-22,-0.052602,301,49,4270,2391,6000,,600,,,,cyclic,transition,0,no_load,both,B5: cyclic back-and-forth,servo-app/lab-0.1
1781163275.646926,112.3954508304596,B5_CYCLIC,B5_CYCLIC_R01_20260611_143242,delta-asda-b3-e,1591,RTSO|SO|OE|VE|QS|TR,3,0,131917018,-601,-16,-0.06832,-17,-0.040647,302,49,4270,2391,6000,,600,,,,cyclic,transition,0,no_load,both,B5: cyclic back-and-forth,servo-app/lab-0.1
1781163275.7474487,112.49597358703613,B5_CYCLIC,B5_CYCLIC_R01_20260611_143242,delta-asda-b3-e,1591,RTSO|SO|OE|VE|QS|TR,3,0,130239352,-601,-23,-0.09821,-18,-0.043038,302,49,4270,2391,6000,,600,,,,cyclic,transition,0,no_load,both,B5: cyclic back-and-forth,servo-app/lab-0.1
1781163275.8480377,112.59656262397766,B5_CYCLIC,B5_CYCLIC_R01_20260611_143242,delta-asda-b3-e,1591,RTSO|SO|OE|VE|QS|TR,3,0,128544478,-601,-17,-0.07259,-17,-0.040647,302,49,4270,2391,6000,,600,,,,cyclic,transition,0,no_load,both,B5: cyclic back-and-forth,servo-app/lab-0.1
1781163275.9481082,112.69663310050964,B5_CYCLIC,B5_CYCLIC_R01_20260611_143242,delta-asda-b3-e,1591,RTSO|SO|OE|VE|QS|TR,3,0,126867009,-601,-24,-0.10248,-21,-0.050211,302,49,4270,2391,6000,,600,,,,cyclic,transition,0,no_load,both,B5: cyclic back-and-forth,servo-app/lab-0.1
1781163276.048251,112.7967758178711,B5_CYCLIC,B5_CYCLIC_R01_20260611_143242,delta-asda-b3-e,1591,RTSO|SO|OE|VE|QS|TR,3,0,125189103,-601,-20,-0.0854,-17,-0.040647,302,49,4270,2391,6000,,600,,,,cyclic,transition,0,no_load,both,B5: cyclic back-and-forth,servo-app/lab-0.1
1781163276.1483188,112.8968436717987,B5_CYCLIC,B5_CYCLIC_R01_20260611_143242,delta-asda-b3-e,1591,RTSO|SO|OE|VE|QS|TR,3,0,123511870,-601,-20,-0.0854,-17,-0.040647,301,49,4270,2391,6000,,600,,,,cyclic,transition,0,no_load,both,B5: cyclic back-and-forth,servo-app/lab-0.1
1781163276.2488494,112.99737429618835,B5_CYCLIC,B5_CYCLIC_R01_20260611_143242,delta-asda-b3-e,1591,RTSO|SO|OE|VE|QS|TR,3,0,121816810,-601,-17,-0.07259,-19,-0.045429,302,49,4270,2391,6000,,600,,,,cyclic,transition,0,no_load,both,B5: cyclic back-and-forth,servo-app/lab-0.1
1781163276.349392,113.09791684150696,B5_CYCLIC,B5_CYCLIC_R01_20260611_143242,delta-asda-b3-e,1591,RTSO|SO|OE|VE|QS|TR,3,0,120139470,-601,-21,-0.08967,-21,-0.050211,302,49,4270,2391,6000,,600,,,,cyclic,transition,0,no_load,both,B5: cyclic back-and-forth,servo-app/lab-0.1
1781163276.4497702,113.19829511642456,B5_CYCLIC,B5_CYCLIC_R01_20260611_143242,delta-asda-b3-e,1591,RTSO|SO|OE|VE|QS|TR,3,0,118461316,-601,-23,-0.09821,-19,-0.045429,302,49,4270,2391,6000,,600,,,,cyclic,transition,0,no_load,both,B5: cyclic back-and-forth,servo-app/lab-0.1
1781163276.5500822,113.29860711097717,B5_CYCLIC,B5_CYCLIC_R01_20260611_143242,delta-asda-b3-e,1591,RTSO|SO|OE|VE|QS|TR,3,0,116784079,-600,-17,-0.07259,-21,-0.050211,302,49,4270,2391,6000,,600,,,,cyclic,transition,0,no_load,both,B5: cyclic back-and-forth,servo-app/lab-0.1
1781163276.6501906,113.39871549606323,B5_CYCLIC,B5_CYCLIC_R01_20260611_143242,delta-asda-b3-e,1591,RTSO|SO|OE|VE|QS|TR,3,0,115089194,-601,-20,-0.0854,-17,-0.040647,302,49,4270,2391,6000,,600,,,,cyclic,transition,0,no_load,both,B5: cyclic back-and-forth,servo-app/lab-0.1
1781163276.7511322,113.49965715408325,B5_CYCLIC,B5_CYCLIC_R01_20260611_143242,delta-asda-b3-e,1591,RTSO|SO|OE|VE|QS|TR,3,0,113394733,-601,-24,-0.10248,-22,-0.052602,301,49,4270,2391,6000,,600,,,,cyclic,transition,0,no_load,both,B5: cyclic back-and-forth,servo-app/lab-0.1
1781163276.8516812,113.60020613670349,B5_CYCLIC,B5_CYCLIC_R01_20260611_143242,delta-asda-b3-e,1591,RTSO|SO|OE|VE|QS|TR,3,0,111699905,-601,-22,-0.09394,-20,-0.04782,302,49,4270,2391,6000,,600,,,,cyclic,transition,0,no_load,both,B5: cyclic back-and-forth,servo-app/lab-0.1
1781163276.951794,113.70031881332397,B5_CYCLIC,B5_CYCLIC_R01_20260611_143242,delta-asda-b3-e,1591,RTSO|SO|OE|VE|QS|TR,3,0,110022429,-600,-20,-0.0854,-25,-0.059775,302,49,4270,2391,6000,,600,,,,cyclic,transition,0,no_load,both,B5: cyclic back-and-forth,servo-app/lab-0.1
1781163277.0518658,113.80039072036743,B5_CYCLIC,B5_CYCLIC_R01_20260611_143242,delta-asda-b3-e,1591,RTSO|SO|OE|VE|QS|TR,3,0,108344598,-600,-23,-0.09821,-21,-0.050211,301,49,4270,2391,6000,,600,,,,cyclic,transition,0,no_load,both,B5: cyclic back-and-forth,servo-app/lab-0.1
1781163277.15197,113.90049481391907,B5_CYCLIC,B5_CYCLIC_R01_20260611_143242,delta-asda-b3-e,1591,RTSO|SO|OE|VE|QS|TR,3,0,106667275,-601,-24,-0.10248,-22,-0.052602,302,49,4270,2391,6000,,600,,,,cyclic,transition,0,no_load,both,B5: cyclic back-and-forth,servo-app/lab-0.1
1781163277.2524657,114.00099062919617,B5_CYCLIC,B5_CYCLIC_R01_20260611_143242,delta-asda-b3-e,1591,RTSO|SO|OE|VE|QS|TR,3,0,104989116,-601,-18,-0.07686,-18,-0.043038,301,49,4270,2391,6000,,600,,,,cyclic,transition,0,no_load,both,B5: cyclic back-and-forth,servo-app/lab-0.1
1781163277.3529477,114.10147261619568,B5_CYCLIC,B5_CYCLIC_R01_20260611_143242,delta-asda-b3-e,1591,RTSO|SO|OE|VE|QS|TR,3,0,103295088,-600,-22,-0.09394,-18,-0.043038,301,49,4270,2391,6000,,600,,,,cyclic,transition,0,no_load,both,B5: cyclic back-and-forth,servo-app/lab-0.1
1781163277.453082,114.20160698890686,B5_CYCLIC,B5_CYCLIC_R01_20260611_143242,delta-asda-b3-e,1591,RTSO|SO|OE|VE|QS|TR,3,0,101617014,-600,-25,-0.10675,-25,-0.059775,301,49,4270,2391,6000,,600,,,,cyclic,transition,0,no_load,both,B5: cyclic back-and-forth,servo-app/lab-0.1
1781163277.5534954,114.30202031135559,B5_CYCLIC,B5_CYCLIC_R01_20260611_143242,delta-asda-b3-e,1591,RTSO|SO|OE|VE|QS|TR,3,0,99939867,-600,-19,-0.08113,-19,-0.045429,301,49,4270,2391,6000,,600,,,,cyclic,transition,0,no_load,both,B5: cyclic back-and-forth,servo-app/lab-0.1
1781163277.6536887,114.40221357345581,B5_CYCLIC,B5_CYCLIC_R01_20260611_143242,delta-asda-b3-e,1591,RTSO|SO|OE|VE|QS|TR,3,0,98261617,-601,-20,-0.0854,-20,-0.04782,301,49,4270,2391,6000,,600,,,,cyclic,transition,0,no_load,both,B5: cyclic back-and-forth,servo-app/lab-0.1
1781163277.7541947,114.50271964073181,B5_CYCLIC,B5_CYCLIC_R01_20260611_143242,delta-asda-b3-e,1591,RTSO|SO|OE|VE|QS|TR,3,0,96567275,-600,-23,-0.09821,-21,-0.050211,301,49,4270,2391,6000,,600,,,,cyclic,transition,0,no_load,both,B5: cyclic back-and-forth,servo-app/lab-0.1
1781163277.855038,114.60356283187866,B5_CYCLIC,B5_CYCLIC_R01_20260611_143242,delta-asda-b3-e,1591,RTSO|SO|OE|VE|QS|TR,3,0,94872445,-600,-20,-0.0854,-22,-0.052602,302,49,4270,2391,6000,,600,,,,cyclic,transition,0,no_load,both,B5: cyclic back-and-forth,servo-app/lab-0.1
1781163277.9561636,114.70468854904175,B5_CYCLIC,B5_CYCLIC_R01_20260611_143242,delta-asda-b3-e,1591,RTSO|SO|OE|VE|QS|TR,3,0,93161599,-599,-19,-0.08113,-19,-0.045429,301,49,4270,2391,6000,,600,,,,cyclic,transition,0,no_load,both,B5: cyclic back-and-forth,servo-app/lab-0.1
1781163278.0566192,114.80514407157898,B5_CYCLIC,B5_CYCLIC_R01_20260611_143242,delta-asda-b3-e,1591,RTSO|SO|OE|VE|QS|TR,3,0,91500431,-600,-18,-0.07686,-22,-0.052602,302,49,4270,2391,6000,,600,,,,cyclic,transition,0,no_load,both,B5: cyclic back-and-forth,servo-app/lab-0.1
1781163278.1566925,114.90521740913391,B5_CYCLIC,B5_CYCLIC_R01_20260611_143242,delta-asda-b3-e,1591,RTSO|SO|OE|VE|QS|TR,3,0,89822976,-600,-18,-0.07686,-20,-0.04782,302,49,4270,2391,6000,,600,,,,cyclic,transition,0,no_load,both,B5: cyclic back-and-forth,servo-app/lab-0.1
1781163278.2570019,115.00552678108215,B5_CYCLIC,B5_CYCLIC_R01_20260611_143242,delta-asda-b3-e,1591,RTSO|SO|OE|VE|QS|TR,3,0,88128188,-600,-21,-0.08967,-20,-0.04782,302,49,4270,2391,6000,,600,,,,cyclic,transition,0,no_load,both,B5: cyclic back-and-forth,servo-app/lab-0.1
1781163278.3570728,115.1055977344513,B5_CYCLIC,B5_CYCLIC_R01_20260611_143242,delta-asda-b3-e,1591,RTSO|SO|OE|VE|QS|TR,3,0,86450804,-600,-17,-0.07259,-18,-0.043038,302,49,4270,2391,6000,,600,,,,cyclic,transition,0,no_load,both,B5: cyclic back-and-forth,servo-app/lab-0.1
1781163278.4576747,115.2061996459961,B5_CYCLIC,B5_CYCLIC_R01_20260611_143242,delta-asda-b3-e,1591,RTSO|SO|OE|VE|QS|TR,3,0,84772717,-599,-22,-0.09394,-25,-0.059775,301,49,4270,2391,6000,,600,,,,cyclic,transition,0,no_load,both,B5: cyclic back-and-forth,servo-app/lab-0.1
1781163278.5577872,115.306312084198,B5_CYCLIC,B5_CYCLIC_R01_20260611_143242,delta-asda-b3-e,1591,RTSO|SO|OE|VE|QS|TR,3,0,83095495,-599,-21,-0.08967,-22,-0.052602,301,49,4270,2391,6000,,600,,,,cyclic,transition,0,no_load,both,B5: cyclic back-and-forth,servo-app/lab-0.1
1781163278.658141,115.40666580200195,B5_CYCLIC,B5_CYCLIC_R01_20260611_143242,delta-asda-b3-e,1591,RTSO|SO|OE|VE|QS|TR,3,0,81400430,-600,-21,-0.08967,-18,-0.043038,302,49,4270,2391,6000,,600,,,,cyclic,transition,0,no_load,both,B5: cyclic back-and-forth,servo-app/lab-0.1
1781163278.7585385,115.50706338882446,B5_CYCLIC,B5_CYCLIC_R01_20260611_143242,delta-asda-b3-e,1591,RTSO|SO|OE|VE|QS|TR,3,0,79723036,-600,-21,-0.08967,-18,-0.043038,302,49,4270,2391,6000,,600,,,,cyclic,transition,0,no_load,both,B5: cyclic back-and-forth,servo-app/lab-0.1
1781163278.8590407,115.6075656414032,B5_CYCLIC,B5_CYCLIC_R01_20260611_143242,delta-asda-b3-e,1591,RTSO|SO|OE|VE|QS|TR,3,0,78028162,-600,-19,-0.08113,-19,-0.045429,302,49,4270,2391,6000,,600,,,,cyclic,transition,0,no_load,both,B5: cyclic back-and-forth,servo-app/lab-0.1
1781163278.9591928,115.70771765708923,B5_CYCLIC,B5_CYCLIC_R01_20260611_143242,delta-asda-b3-e,1591,RTSO|SO|OE|VE|QS|TR,3,0,76350835,-599,-19,-0.08113,-21,-0.050211,301,49,4270,2391,6000,,600,,,,cyclic,transition,0,no_load,both,B5: cyclic back-and-forth,servo-app/lab-0.1
1781163279.0593646,115.80788946151733,B5_CYCLIC,B5_CYCLIC_R01_20260611_143242,delta-asda-b3-e,1591,RTSO|SO|OE|VE|QS|TR,3,0,74672958,-599,-20,-0.0854,-19,-0.045429,302,49,4270,2391,6000,,600,,,,cyclic,transition,0,no_load,both,B5: cyclic back-and-forth,servo-app/lab-0.1
1781163279.1594355,115.90796041488647,B5_CYCLIC,B5_CYCLIC_R01_20260611_143242,delta-asda-b3-e,1591,RTSO|SO|OE|VE|QS|TR,3,0,72995481,-600,-18,-0.07686,-19,-0.045429,301,49,4270,2391,6000,,600,,,,cyclic,transition,0,no_load,both,B5: cyclic back-and-forth,servo-app/lab-0.1
1781163279.259673,116.00819802284241,B5_CYCLIC,B5_CYCLIC_R01_20260611_143242,delta-asda-b3-e,1591,RTSO|SO|OE|VE|QS|TR,3,0,71317538,-599,-20,-0.0854,-20,-0.04782,301,49,4270,2391,6000,,600,,,,cyclic,transition,0,no_load,both,B5: cyclic back-and-forth,servo-app/lab-0.1
1781163279.35974,116.1082649230957,B5_CYCLIC,B5_CYCLIC_R01_20260611_143242,delta-asda-b3-e,1591,RTSO|SO|OE|VE|QS|TR,3,0,69640197,-599,-20,-0.0854,-18,-0.043038,302,49,4270,2391,6000,,600,,,,cyclic,transition,0,no_load,both,B5: cyclic back-and-forth,servo-app/lab-0.1
1781163279.4601483,116.20867323875427,B5_CYCLIC,B5_CYCLIC_R01_20260611_143242,delta-asda-b3-e,1591,RTSO|SO|OE|VE|QS|TR,3,0,67945467,-599,-24,-0.10248,-22,-0.052602,302,49,4270,2391,6000,,600,,,,cyclic,transition,0,no_load,both,B5: cyclic back-and-forth,servo-app/lab-0.1
1781163279.5601912,116.30871605873108,B5_CYCLIC,B5_CYCLIC_R01_20260611_143242,delta-asda-b3-e,1591,RTSO|SO|OE|VE|QS|TR,3,0,66268194,-599,-20,-0.0854,-19,-0.045429,301,49,4270,2391,6000,,600,,,,cyclic,transition,0,no_load,both,B5: cyclic back-and-forth,servo-app/lab-0.1
1781163279.66077,116.4092948436737,B5_CYCLIC,B5_CYCLIC_R01_20260611_143242,delta-asda-b3-e,1591,RTSO|SO|OE|VE|QS|TR,3,0,64573021,-600,-19,-0.08113,-20,-0.04782,302,49,4270,2391,6000,,600,,,,cyclic,transition,0,no_load,both,B5: cyclic back-and-forth,servo-app/lab-0.1
1781163279.7616782,116.51020312309265,B5_CYCLIC,B5_CYCLIC_R01_20260611_143242,delta-asda-b3-e,1591,RTSO|SO|OE|VE|QS|TR,3,0,62895586,-599,-18,-0.07686,-19,-0.045429,302,49,4270,2391,6000,,600,,,,cyclic,transition,0,no_load,both,B5: cyclic back-and-forth,servo-app/lab-0.1
1781163279.8621876,116.61071252822876,B5_CYCLIC,B5_CYCLIC_R01_20260611_143242,delta-asda-b3-e,1591,RTSO|SO|OE|VE|QS|TR,3,0,61200706,-599,-19,-0.08113,-19,-0.045429,302,49,4270,2391,6000,,600,,,,cyclic,transition,0,no_load,both,B5: cyclic back-and-forth,servo-app/lab-0.1
1781163279.9628463,116.71137118339539,B5_CYCLIC,B5_CYCLIC_R01_20260611_143242,delta-asda-b3-e,1591,RTSO|SO|OE|VE|QS|TR,3,0,59506744,-599,-19,-0.08113,-18,-0.043038,302,49,4270,2391,6000,,600,,,,cyclic,transition,0,no_load,both,B5: cyclic back-and-forth,servo-app/lab-0.1
1781163280.0637758,116.81230068206787,B5_CYCLIC,B5_CYCLIC_R01_20260611_143242,delta-asda-b3-e,1591,RTSO|SO|OE|VE|QS|TR,3,0,57828778,-599,-18,-0.07686,-18,-0.043038,301,49,4270,2391,6000,,600,,,,cyclic,transition,0,no_load,both,B5: cyclic back-and-forth,servo-app/lab-0.1
1781163280.1642525,116.91277742385864,B5_CYCLIC,B5_CYCLIC_R01_20260611_143242,delta-asda-b3-e,1591,RTSO|SO|OE|VE|QS|TR,3,0,56134503,-599,-20,-0.0854,-23,-0.054993,302,49,4270,2391,6000,,600,,,,cyclic,transition,0,no_load,both,B5: cyclic back-and-forth,servo-app/lab-0.1
1781163280.2645907,117.01311564445496,B5_CYCLIC,B5_CYCLIC_R01_20260611_143242,delta-asda-b3-e,1591,RTSO|SO|OE|VE|QS|TR,3,0,54456592,-599,-25,-0.10675,-20,-0.04782,301,49,4270,2391,6000,,600,,,,cyclic,transition,0,no_load,both,B5: cyclic back-and-forth,servo-app/lab-0.1
1781163280.3646646,117.11318945884705,B5_CYCLIC,B5_CYCLIC_R01_20260611_143242,delta-asda-b3-e,1591,RTSO|SO|OE|VE|QS|TR,3,0,52779097,-599,-18,-0.07686,-21,-0.050211,301,49,4270,2391,6000,,600,,,,cyclic,transition,0,no_load,both,B5: cyclic back-and-forth,servo-app/lab-0.1
1781163280.4649549,117.21347975730896,B5_CYCLIC,B5_CYCLIC_R01_20260611_143242,delta-asda-b3-e,1591,RTSO|SO|OE|VE|QS|TR,3,0,51084514,-598,-23,-0.09821,-22,-0.052602,302,49,4270,2391,6000,,600,,,,cyclic,transition,0,no_load,both,B5: cyclic back-and-forth,servo-app/lab-0.1
1781163280.5654545,117.31397938728333,B5_CYCLIC,B5_CYCLIC_R01_20260611_143242,delta-asda-b3-e,1591,RTSO|SO|OE|VE|QS|TR,3,0,49407114,-599,-18,-0.07686,-20,-0.04782,301,49,4270,2391,6000,,600,,,,cyclic,transition,0,no_load,both,B5: cyclic back-and-forth,servo-app/lab-0.1
1781163280.665523,117.41404795646667,B5_CYCLIC,B5_CYCLIC_R01_20260611_143242,delta-asda-b3-e,1591,RTSO|SO|OE|VE|QS|TR,3,0,47728797,-599,-21,-0.08967,-20,-0.04782,302,49,4270,2391,6000,,600,,,,cyclic,transition,0,no_load,both,B5: cyclic back-and-forth,servo-app/lab-0.1
1781163280.7656782,117.51420307159424,B5_CYCLIC,B5_CYCLIC_R01_20260611_143242,delta-asda-b3-e,1591,RTSO|SO|OE|VE|QS|TR,3,0,46051425,-599,-18,-0.07686,-18,-0.043038,302,49,4270,2391,6000,,600,,,,cyclic,transition,0,no_load,both,B5: cyclic back-and-forth,servo-app/lab-0.1
1781163280.8657916,117.61431646347046,B5_CYCLIC,B5_CYCLIC_R01_20260611_143242,delta-asda-b3-e,1591,RTSO|SO|OE|VE|QS|TR,3,0,44356598,-599,-21,-0.08967,-20,-0.04782,302,49,4270,2391,6000,,600,,,,cyclic,transition,0,no_load,both,B5: cyclic back-and-forth,servo-app/lab-0.1
1781163280.9662504,117.7147753238678,B5_CYCLIC,B5_CYCLIC_R01_20260611_143242,delta-asda-b3-e,1591,RTSO|SO|OE|VE|QS|TR,3,0,42679364,-598,-17,-0.07259,-18,-0.043038,301,49,4270,2391,6000,,600,,,,cyclic,transition,0,no_load,both,B5: cyclic back-and-forth,servo-app/lab-0.1
1781163281.0663667,117.81489157676697,B5_CYCLIC,B5_CYCLIC_R01_20260611_143242,delta-asda-b3-e,1591,RTSO|SO|OE|VE|QS|TR,3,0,41001352,-599,-21,-0.08967,-20,-0.04782,301,49,4270,2391,6000,,600,,,,cyclic,transition,0,no_load,both,B5: cyclic back-and-forth,servo-app/lab-0.1
1781163281.166974,117.91549897193909,B5_CYCLIC,B5_CYCLIC_R01_20260611_143242,delta-asda-b3-e,1591,RTSO|SO|OE|VE|QS|TR,3,0,39307103,-599,-17,-0.07259,-18,-0.043038,301,49,4270,2391,6000,,600,,,,cyclic,transition,0,no_load,both,B5: cyclic back-and-forth,servo-app/lab-0.1
1781163281.2673256,118.01585054397583,B5_CYCLIC,B5_CYCLIC_R01_20260611_143242,delta-asda-b3-e,1591,RTSO|SO|OE|VE|QS|TR,3,0,37629211,-598,-19,-0.08113,-23,-0.054993,301,49,4270,2391,6000,,600,,,,cyclic,transition,0,no_load,both,B5: cyclic back-and-forth,servo-app/lab-0.1
1781163281.368069,118.11659383773804,B5_CYCLIC,B5_CYCLIC_R01_20260611_143242,delta-asda-b3-e,1591,RTSO|SO|OE|VE|QS|TR,3,0,35934970,-599,-21,-0.08967,-21,-0.050211,301,49,4270,2391,6000,,600,,,,cyclic,transition,0,no_load,both,B5: cyclic back-and-forth,servo-app/lab-0.1
1781163281.4681823,118.21670722961426,B5_CYCLIC,B5_CYCLIC_R01_20260611_143242,delta-asda-b3-e,1591,RTSO|SO|OE|VE|QS|TR,3,0,34257113,-598,-28,-0.11956,-23,-0.054993,301,49,4270,2391,6000,,600,,,,cyclic,transition,0,no_load,both,B5: cyclic back-and-forth,servo-app/lab-0.1
1781163281.5682845,118.31680941581726,B5_CYCLIC,B5_CYCLIC_R01_20260611_143242,delta-asda-b3-e,1591,RTSO|SO|OE|VE|QS|TR,3,0,32579654,-599,-16,-0.06832,-17,-0.040647,301,49,4270,2391,6000,,600,,,,cyclic,transition,0,no_load,both,B5: cyclic back-and-forth,servo-app/lab-0.1
1781163281.6687567,118.41728162765503,B5_CYCLIC,B5_CYCLIC_R01_20260611_143242,delta-asda-b3-e,1591,RTSO|SO|OE|VE|QS|TR,3,0,30901391,-599,-28,-0.11956,-21,-0.050211,301,49,4270,2391,6000,,600,,,,cyclic,transition,0,no_load,both,B5: cyclic back-and-forth,servo-app/lab-0.1
1781163281.769151,118.51767587661743,B5_CYCLIC,B5_CYCLIC_R01_20260611_143242,delta-asda-b3-e,1591,RTSO|SO|OE|VE|QS|TR,3,0,29207286,-599,-17,-0.07259,-16,-0.038256,302,49,4270,2391,6000,,600,,,,cyclic,transition,0,no_load,both,B5: cyclic back-and-forth,servo-app/lab-0.1
1781163281.8697891,118.61831402778625,B5_CYCLIC,B5_CYCLIC_R01_20260611_143242,delta-asda-b3-e,1591,RTSO|SO|OE|VE|QS|TR,3,0,27512470,-599,-27,-0.11529,-25,-0.059775,302,49,4270,2391,6000,,600,,,,cyclic,transition,0,no_load,both,B5: cyclic back-and-forth,servo-app/lab-0.1
1781163281.9703252,118.71885013580322,B5_CYCLIC,B5_CYCLIC_R01_20260611_143242,delta-asda-b3-e,1591,RTSO|SO|OE|VE|QS|TR,3,0,25835252,-598,-18,-0.07686,-19,-0.045429,301,49,4270,2391,6000,,600,,,,cyclic,transition,0,no_load,both,B5: cyclic back-and-forth,servo-app/lab-0.1
1781163282.0707324,118.8192572593689,B5_CYCLIC,B5_CYCLIC_R01_20260611_143242,delta-asda-b3-e,1591,RTSO|SO|OE|VE|QS|TR,3,0,24173877,-599,-24,-0.10248,-21,-0.050211,301,49,4270,2391,6000,,600,,,,cyclic,transition,0,no_load,both,B5: cyclic back-and-forth,servo-app/lab-0.1
1781163282.1709108,118.91943573951721,B5_CYCLIC,B5_CYCLIC_R01_20260611_143242,delta-asda-b3-e,1591,RTSO|SO|OE|VE|QS|TR,3,0,22462884,-599,-18,-0.07686,-16,-0.038256,301,49,4270,2391,6000,,600,,,,cyclic,transition,0,no_load,both,B5: cyclic back-and-forth,servo-app/lab-0.1
1781163282.2709835,119.0195083618164,B5_CYCLIC,B5_CYCLIC_R01_20260611_143242,delta-asda-b3-e,1591,RTSO|SO|OE|VE|QS|TR,3,0,20784969,-599,-21,-0.08967,-17,-0.040647,301,49,4270,2391,6000,,600,,,,cyclic,transition,0,no_load,both,B5: cyclic back-and-forth,servo-app/lab-0.1
1781163282.3710597,119.11958456039429,B5_CYCLIC,B5_CYCLIC_R01_20260611_143242,delta-asda-b3-e,1591,RTSO|SO|OE|VE|QS|TR,3,0,19107540,-599,-22,-0.09394,-27,-0.064557,301,49,4270,2391,6000,,600,,,,cyclic,transition,0,no_load,both,B5: cyclic back-and-forth,servo-app/lab-0.1
1781163282.4716141,119.22013902664185,B5_CYCLIC,B5_CYCLIC_R01_20260611_143242,delta-asda-b3-e,1591,RTSO|SO|OE|VE|QS|TR,3,0,17429766,-598,-24,-0.10248,-24,-0.057384,301,49,4270,2391,6000,,600,,,,cyclic,transition,0,no_load,both,B5: cyclic back-and-forth,servo-app/lab-0.1
1781163282.571684,119.32020878791809,B5_CYCLIC,B5_CYCLIC_R01_20260611_143242,delta-asda-b3-e,1591,RTSO|SO|OE|VE|QS|TR,3,0,15752245,-599,-21,-0.08967,-22,-0.052602,301,49,4270,2391,6000,,600,,,,cyclic,transition,0,no_load,both,B5: cyclic back-and-forth,servo-app/lab-0.1
1781163282.6722562,119.42078113555908,B5_CYCLIC,B5_CYCLIC_R01_20260611_143242,delta-asda-b3-e,1591,RTSO|SO|OE|VE|QS|TR,3,0,14057211,-599,-23,-0.09821,-25,-0.059775,302,49,4270,2391,6000,,600,,,,cyclic,transition,0,no_load,both,B5: cyclic back-and-forth,servo-app/lab-0.1
1781163282.7729414,119.52146625518799,B5_CYCLIC,B5_CYCLIC_R01_20260611_143242,delta-asda-b3-e,1591,RTSO|SO|OE|VE|QS|TR,3,0,12363031,-599,-24,-0.10248,-16,-0.038256,301,49,4270,2391,6000,,600,,,,cyclic,transition,0,no_load,both,B5: cyclic back-and-forth,servo-app/lab-0.1
1781163282.8730164,119.62154126167297,B5_CYCLIC,B5_CYCLIC_R01_20260611_143242,delta-asda-b3-e,1591,RTSO|SO|OE|VE|QS|TR,3,0,10684990,-599,-18,-0.07686,-23,-0.054993,301,49,4270,2391,6000,,600,,,,cyclic,transition,0,no_load,both,B5: cyclic back-and-forth,servo-app/lab-0.1
1781163282.9731312,119.72165608406067,B5_CYCLIC,B5_CYCLIC_R01_20260611_143242,delta-asda-b3-e,1591,RTSO|SO|OE|VE|QS|TR,3,0,9007744,-599,-24,-0.10248,-21,-0.050211,301,49,4270,2391,6000,,600,,,,cyclic,transition,0,no_load,both,B5: cyclic back-and-forth,servo-app/lab-0.1
1781163283.0736666,119.8221914768219,B5_CYCLIC,B5_CYCLIC_R01_20260611_143242,delta-asda-b3-e,1591,RTSO|SO|OE|VE|QS|TR,3,0,7329512,-599,-23,-0.09821,-26,-0.062166,301,49,4270,2391,6000,,600,,,,cyclic,transition,0,no_load,both,B5: cyclic back-and-forth,servo-app/lab-0.1
1781163283.174171,119.92269587516785,B5_CYCLIC,B5_CYCLIC_R01_20260611_143242,delta-asda-b3-e,1591,RTSO|SO|OE|VE|QS|TR,3,0,5635296,-599,-22,-0.09394,-24,-0.057384,301,49,4270,2391,6000,,600,,,,cyclic,transition,0,no_load,both,B5: cyclic back-and-forth,servo-app/lab-0.1
1781163283.2742565,120.02278137207031,B5_CYCLIC,B5_CYCLIC_R01_20260611_143242,delta-asda-b3-e,567,RTSO|SO|OE|VE|QS,3,0,5198382,543,16,0.06832,16,0.038256,301,49,4270,2391,6000,,600,,,,cyclic,transition,0,no_load,both,B5: cyclic back-and-forth,servo-app/lab-0.1
1781163283.3747408,120.12326574325562,B5_CYCLIC,B5_CYCLIC_R01_20260611_143242,delta-asda-b3-e,1591,RTSO|SO|OE|VE|QS|TR,3,0,6876472,599,24,0.10248,19,0.045429,301,49,4270,2391,6000,,600,,,,cyclic,transition,0,no_load,both,B5: cyclic back-and-forth,servo-app/lab-0.1
1781163283.4754064,120.22393131256104,B5_CYCLIC,B5_CYCLIC_R01_20260611_143242,delta-asda-b3-e,1591,RTSO|SO|OE|VE|QS|TR,3,0,8570396,600,18,0.07686,16,0.038256,301,49,4270,2391,6000,,600,,,,cyclic,transition,0,no_load,both,B5: cyclic back-and-forth,servo-app/lab-0.1
1781163283.575476,120.3240008354187,B5_CYCLIC,B5_CYCLIC_R01_20260611_143242,delta-asda-b3-e,1591,RTSO|SO|OE|VE|QS|TR,3,0,10248054,600,21,0.08967,20,0.04782,301,49,4270,2391,6000,,600,,,,cyclic,transition,0,no_load,both,B5: cyclic back-and-forth,servo-app/lab-0.1
1781163283.6760411,120.42456603050232,B5_CYCLIC,B5_CYCLIC_R01_20260611_143242,delta-asda-b3-e,1591,RTSO|SO|OE|VE|QS|TR,3,0,11942725,601,17,0.07259,19,0.045429,301,49,4270,2391,6000,,600,,,,cyclic,transition,0,no_load,both,B5: cyclic back-and-forth,servo-app/lab-0.1
1781163283.7764304,120.52495527267456,B5_CYCLIC,B5_CYCLIC_R01_20260611_143242,delta-asda-b3-e,1591,RTSO|SO|OE|VE|QS|TR,3,0,13620535,600,22,0.09394,19,0.045429,301,49,4270,2391,6000,,600,,,,cyclic,transition,0,no_load,both,B5: cyclic back-and-forth,servo-app/lab-0.1
1781163283.8765323,120.62505722045898,B5_CYCLIC,B5_CYCLIC_R01_20260611_143242,delta-asda-b3-e,1591,RTSO|SO|OE|VE|QS|TR,3,0,15298070,600,17,0.07259,16,0.038256,301,49,4270,2391,6000,,600,,,,cyclic,transition,0,no_load,both,B5: cyclic back-and-forth,servo-app/lab-0.1
1781163283.9769025,120.7254273891449,B5_CYCLIC,B5_CYCLIC_R01_20260611_143242,delta-asda-b3-e,1591,RTSO|SO|OE|VE|QS|TR,3,0,16992592,600,21,0.08967,19,0.045429,301,49,4270,2391,6000,,600,,,,cyclic,transition,0,no_load,both,B5: cyclic back-and-forth,servo-app/lab-0.1
1781163284.0769787,120.82550358772278,B5_CYCLIC,B5_CYCLIC_R01_20260611_143242,delta-asda-b3-e,1591,RTSO|SO|OE|VE|QS|TR,3,0,18653231,600,17,0.07259,18,0.043038,301,49,4270,2391,6000,,600,,,,cyclic,transition,0,no_load,both,B5: cyclic back-and-forth,servo-app/lab-0.1
1781163284.1781821,120.92670702934265,B5_CYCLIC,B5_CYCLIC_R01_20260611_143242,delta-asda-b3-e,1591,RTSO|SO|OE|VE|QS|TR,3,0,20364909,600,14,0.05978,18,0.043038,301,49,4270,2391,6000,,600,,,,cyclic,transition,0,no_load,both,B5: cyclic back-and-forth,servo-app/lab-0.1
1781163284.278253,121.02677798271179,B5_CYCLIC,B5_CYCLIC_R01_20260611_143242,delta-asda-b3-e,1591,RTSO|SO|OE|VE|QS|TR,3,0,22042509,600,13,0.05551,16,0.038256,301,49,4270,2391,6000,,600,,,,cyclic,transition,0,no_load,both,B5: cyclic back-and-forth,servo-app/lab-0.1
1781163284.3783658,121.12689065933228,B5_CYCLIC,B5_CYCLIC_R01_20260611_143242,delta-asda-b3-e,1591,RTSO|SO|OE|VE|QS|TR,3,0,23720106,600,23,0.09821,23,0.054993,301,49,4270,2391,6000,,600,,,,cyclic,transition,0,no_load,both,B5: cyclic back-and-forth,servo-app/lab-0.1
1781163284.478815,121.22733998298645,B5_CYCLIC,B5_CYCLIC_R01_20260611_143242,delta-asda-b3-e,1591,RTSO|SO|OE|VE|QS|TR,3,0,25414337,600,20,0.0854,23,0.054993,302,49,4270,2391,6000,,600,,,,cyclic,transition,0,no_load,both,B5: cyclic back-and-forth,servo-app/lab-0.1
1781163284.5790005,121.32752537727356,B5_CYCLIC,B5_CYCLIC_R01_20260611_143242,delta-asda-b3-e,1591,RTSO|SO|OE|VE|QS|TR,3,0,27092024,600,25,0.10675,20,0.04782,301,49,4270,2391,6000,,600,,,,cyclic,transition,0,no_load,both,B5: cyclic back-and-forth,servo-app/lab-0.1
1781163284.6796274,121.42815232276917,B5_CYCLIC,B5_CYCLIC_R01_20260611_143242,delta-asda-b3-e,1591,RTSO|SO|OE|VE|QS|TR,3,0,28769955,601,13,0.05551,17,0.040647,302,49,4270,2391,6000,,600,,,,cyclic,transition,0,no_load,both,B5: cyclic back-and-forth,servo-app/lab-0.1
1781163284.7806437,121.52916860580444,B5_CYCLIC,B5_CYCLIC_R01_20260611_143242,delta-asda-b3-e,1591,RTSO|SO|OE|VE|QS|TR,3,0,30464460,600,25,0.10675,23,0.054993,302,49,4270,2391,6000,,600,,,,cyclic,transition,0,no_load,both,B5: cyclic back-and-forth,servo-app/lab-0.1
1781163284.8812785,121.62980341911316,B5_CYCLIC,B5_CYCLIC_R01_20260611_143242,delta-asda-b3-e,1591,RTSO|SO|OE|VE|QS|TR,3,0,32158901,601,18,0.07686,14,0.033474,302,49,4270,2391,6000,,600,,,,cyclic,transition,0,no_load,both,B5: cyclic back-and-forth,servo-app/lab-0.1
1781163284.981864,121.730388879776,B5_CYCLIC,B5_CYCLIC_R01_20260611_143242,delta-asda-b3-e,1591,RTSO|SO|OE|VE|QS|TR,3,0,33853315,600,20,0.0854,20,0.04782,301,49,4270,2391,6000,,600,,,,cyclic,transition,0,no_load,both,B5: cyclic back-and-forth,servo-app/lab-0.1
1781163285.0823758,121.8309006690979,B5_CYCLIC,B5_CYCLIC_R01_20260611_143242,delta-asda-b3-e,1591,RTSO|SO|OE|VE|QS|TR,3,0,35530942,601,19,0.08113,20,0.04782,301,49,4270,2391,6000,,600,,,,cyclic,transition,0,no_load,both,B5: cyclic back-and-forth,servo-app/lab-0.1
1781163285.18318,121.93170499801636,B5_CYCLIC,B5_CYCLIC_R01_20260611_143242,delta-asda-b3-e,1591,RTSO|SO|OE|VE|QS|TR,3,0,37225734,601,20,0.0854,19,0.045429,302,49,4270,2391,6000,,600,,,,cyclic,transition,0,no_load,both,B5: cyclic back-and-forth,servo-app/lab-0.1
1781163285.2833939,122.03191876411438,B5_CYCLIC,B5_CYCLIC_R01_20260611_143242,delta-asda-b3-e,1591,RTSO|SO|OE|VE|QS|TR,3,0,38903293,601,16,0.06832,16,0.038256,301,49,4270,2391,6000,,600,,,,cyclic,transition,0,no_load,both,B5: cyclic back-and-forth,servo-app/lab-0.1
1781163285.3834627,122.13198757171631,B5_CYCLIC,B5_CYCLIC_R01_20260611_143242,delta-asda-b3-e,1591,RTSO|SO|OE|VE|QS|TR,3,0,40580855,601,22,0.09394,20,0.04782,301,49,4270,2391,6000,,600,,,,cyclic,transition,0,no_load,both,B5: cyclic back-and-forth,servo-app/lab-0.1
1781163285.4837148,122.23223972320557,B5_CYCLIC,B5_CYCLIC_R01_20260611_143242,delta-asda-b3-e,1591,RTSO|SO|OE|VE|QS|TR,3,0,42258345,601,15,0.06405,15,0.035865,301,49,4270,2391,6000,,600,,,,cyclic,transition,0,no_load,both,B5: cyclic back-and-forth,servo-app/lab-0.1
1781163285.5841184,122.33264327049255,B5_CYCLIC,B5_CYCLIC_R01_20260611_143242,delta-asda-b3-e,1591,RTSO|SO|OE|VE|QS|TR,3,0,43952904,601,18,0.07686,22,0.052602,301,49,4270,2391,6000,,600,,,,cyclic,transition,0,no_load,both,B5: cyclic back-and-forth,servo-app/lab-0.1
1781163285.684944,122.43346881866455,B5_CYCLIC,B5_CYCLIC_R01_20260611_143242,delta-asda-b3-e,1591,RTSO|SO|OE|VE|QS|TR,3,0,45647631,602,16,0.06832,14,0.033474,301,49,4270,2391,6000,,600,,,,cyclic,transition,0,no_load,both,B5: cyclic back-and-forth,servo-app/lab-0.1
1781163285.7851026,122.5336275100708,B5_CYCLIC,B5_CYCLIC_R01_20260611_143242,delta-asda-b3-e,1591,RTSO|SO|OE|VE|QS|TR,3,0,47325184,601,19,0.08113,18,0.043038,301,49,4270,2391,6000,,600,,,,cyclic,transition,0,no_load,both,B5: cyclic back-and-forth,servo-app/lab-0.1
1781163285.885667,122.63419198989868,B5_CYCLIC,B5_CYCLIC_R01_20260611_143242,delta-asda-b3-e,1591,RTSO|SO|OE|VE|QS|TR,3,0,49002845,601,16,0.06832,19,0.045429,301,49,4270,2391,6000,,600,,,,cyclic,transition,0,no_load,both,B5: cyclic back-and-forth,servo-app/lab-0.1
1781163285.9857397,122.73426461219788,B5_CYCLIC,B5_CYCLIC_R01_20260611_143242,delta-asda-b3-e,1591,RTSO|SO|OE|VE|QS|TR,3,0,50680384,601,23,0.09821,18,0.043038,301,49,4270,2391,6000,,600,,,,cyclic,transition,0,no_load,both,B5: cyclic back-and-forth,servo-app/lab-0.1
1781163286.0861545,122.83467936515808,B5_CYCLIC,B5_CYCLIC_R01_20260611_143242,delta-asda-b3-e,1591,RTSO|SO|OE|VE|QS|TR,3,0,52374973,602,18,0.07686,18,0.043038,301,49,4270,2391,6000,,600,,,,cyclic,transition,0,no_load,both,B5: cyclic back-and-forth,servo-app/lab-0.1
1781163286.1863945,122.9349193572998,B5_CYCLIC,B5_CYCLIC_R01_20260611_143242,delta-asda-b3-e,1591,RTSO|SO|OE|VE|QS|TR,3,0,54052838,601,17,0.07259,17,0.040647,301,49,4270,2391,6000,,600,,,,cyclic,transition,0,no_load,both,B5: cyclic back-and-forth,servo-app/lab-0.1
1781163286.2864635,123.03498840332031,B5_CYCLIC,B5_CYCLIC_R01_20260611_143242,delta-asda-b3-e,1591,RTSO|SO|OE|VE|QS|TR,3,0,55730415,601,15,0.06405,17,0.040647,301,49,4270,2391,6000,,600,,,,cyclic,transition,0,no_load,both,B5: cyclic back-and-forth,servo-app/lab-0.1
1781163286.3865342,123.13505911827087,B5_CYCLIC,B5_CYCLIC_R01_20260611_143242,delta-asda-b3-e,1591,RTSO|SO|OE|VE|QS|TR,3,0,57408000,601,20,0.0854,19,0.045429,301,49,4270,2391,6000,,600,,,,cyclic,transition,0,no_load,both,B5: cyclic back-and-forth,servo-app/lab-0.1
1781163286.486825,123.23534989356995,B5_CYCLIC,B5_CYCLIC_R01_20260611_143242,delta-asda-b3-e,1591,RTSO|SO|OE|VE|QS|TR,3,0,59085450,601,16,0.06832,16,0.038256,301,49,4270,2391,6000,,600,,,,cyclic,transition,0,no_load,both,B5: cyclic back-and-forth,servo-app/lab-0.1
1781163286.587399,123.33592391014099,B5_CYCLIC,B5_CYCLIC_R01_20260611_143242,delta-asda-b3-e,1591,RTSO|SO|OE|VE|QS|TR,3,0,60780107,601,19,0.08113,17,0.040647,301,49,4270,2391,6000,,600,,,,cyclic,transition,0,no_load,both,B5: cyclic back-and-forth,servo-app/lab-0.1
1781163286.6878097,123.43633460998535,B5_CYCLIC,B5_CYCLIC_R01_20260611_143242,delta-asda-b3-e,1591,RTSO|SO|OE|VE|QS|TR,3,0,62457955,602,18,0.07686,17,0.040647,301,49,4270,2391,6000,,600,,,,cyclic,transition,0,no_load,both,B5: cyclic back-and-forth,servo-app/lab-0.1
1781163286.7883482,123.53687310218811,B5_CYCLIC,B5_CYCLIC_R01_20260611_143242,delta-asda-b3-e,1591,RTSO|SO|OE|VE|QS|TR,3,0,64152221,601,14,0.05978,15,0.035865,301,49,4270,2391,6000,,600,,,,cyclic,transition,0,no_load,both,B5: cyclic back-and-forth,servo-app/lab-0.1
1781163286.8884962,123.6370210647583,B5_CYCLIC,B5_CYCLIC_R01_20260611_143242,delta-asda-b3-e,1591,RTSO|SO|OE|VE|QS|TR,3,0,65829898,601,18,0.07686,17,0.040647,301,49,4270,2391,6000,,600,,,,cyclic,transition,0,no_load,both,B5: cyclic back-and-forth,servo-app/lab-0.1
1781163286.9886088,123.73713374137878,B5_CYCLIC,B5_CYCLIC_R01_20260611_143242,delta-asda-b3-e,1591,RTSO|SO|OE|VE|QS|TR,3,0,67507395,601,17,0.07259,17,0.040647,301,49,4270,2391,6000,,600,,,,cyclic,transition,0,no_load,both,B5: cyclic back-and-forth,servo-app/lab-0.1
1781163287.0888717,123.8373966217041,B5_CYCLIC,B5_CYCLIC_R01_20260611_143242,delta-asda-b3-e,1591,RTSO|SO|OE|VE|QS|TR,3,0,69202119,602,21,0.08967,17,0.040647,301,49,4270,2391,6000,,600,,,,cyclic,transition,0,no_load,both,B5: cyclic back-and-forth,servo-app/lab-0.1
1781163287.1894047,123.93792963027954,B5_CYCLIC,B5_CYCLIC_R01_20260611_143242,delta-asda-b3-e,1591,RTSO|SO|OE|VE|QS|TR,3,0,70879876,601,18,0.07686,18,0.043038,301,49,4270,2391,6000,,600,,,,cyclic,transition,0,no_load,both,B5: cyclic back-and-forth,servo-app/lab-0.1
1781163287.2897801,124.0383050441742,B5_CYCLIC,B5_CYCLIC_R01_20260611_143242,delta-asda-b3-e,1591,RTSO|SO|OE|VE|QS|TR,3,0,72557500,601,17,0.07259,17,0.040647,301,49,4270,2391,6000,,600,,,,cyclic,transition,0,no_load,both,B5: cyclic back-and-forth,servo-app/lab-0.1
1781163287.3901289,124.13865375518799,B5_CYCLIC,B5_CYCLIC_R01_20260611_143242,delta-asda-b3-e,1591,RTSO|SO|OE|VE|QS|TR,3,0,74251896,601,15,0.06405,16,0.038256,301,49,4270,2391,6000,,600,,,,cyclic,transition,0,no_load,both,B5: cyclic back-and-forth,servo-app/lab-0.1
1781163287.4902196,124.2387444972992,B5_CYCLIC,B5_CYCLIC_R01_20260611_143242,delta-asda-b3-e,1591,RTSO|SO|OE|VE|QS|TR,3,0,75929379,601,16,0.06832,14,0.033474,301,49,4270,2391,6000,,600,,,,cyclic,transition,0,no_load,both,B5: cyclic back-and-forth,servo-app/lab-0.1
1781163287.5910099,124.33953475952148,B5_CYCLIC,B5_CYCLIC_R01_20260611_143242,delta-asda-b3-e,1591,RTSO|SO|OE|VE|QS|TR,3,0,77607216,601,14,0.05978,17,0.040647,301,49,4270,2391,6000,,600,,,,cyclic,transition,0,no_load,both,B5: cyclic back-and-forth,servo-app/lab-0.1
1781163287.6915724,124.44009733200073,B5_CYCLIC,B5_CYCLIC_R01_20260611_143242,delta-asda-b3-e,1591,RTSO|SO|OE|VE|QS|TR,3,0,79301829,601,18,0.07686,19,0.045429,302,49,4270,2391,6000,,600,,,,cyclic,transition,0,no_load,both,B5: cyclic back-and-forth,servo-app/lab-0.1
1781163287.792087,124.54061198234558,B5_CYCLIC,B5_CYCLIC_R01_20260611_143242,delta-asda-b3-e,1591,RTSO|SO|OE|VE|QS|TR,3,0,81079953,600,16,0.06832,16,0.038256,301,49,4270,2391,6000,,600,,,,cyclic,transition,0,no_load,both,B5: cyclic back-and-forth,servo-app/lab-0.1
1781163287.892258,124.64078283309937,B5_CYCLIC,B5_CYCLIC_R01_20260611_143242,delta-asda-b3-e,1591,RTSO|SO|OE|VE|QS|TR,3,0,82673863,601,19,0.08113,17,0.040647,302,49,4270,2391,6000,,600,,,,cyclic,transition,0,no_load,both,B5: cyclic back-and-forth,servo-app/lab-0.1
1781163287.9932165,124.7417414188385,B5_CYCLIC,B5_CYCLIC_R01_20260611_143242,delta-asda-b3-e,1591,RTSO|SO|OE|VE|QS|TR,3,0,84368085,601,17,0.07259,15,0.035865,301,49,4270,2391,6000,,600,,,,cyclic,transition,0,no_load,both,B5: cyclic back-and-forth,servo-app/lab-0.1
1781163288.0935566,124.84208154678345,B5_CYCLIC,B5_CYCLIC_R01_20260611_143242,delta-asda-b3-e,1591,RTSO|SO|OE|VE|QS|TR,3,0,86046083,601,18,0.07686,20,0.04782,301,49,4270,2391,6000,,600,,,,cyclic,transition,0,no_load,both,B5: cyclic back-and-forth,servo-app/lab-0.1
1781163288.1938224,124.94234728813171,B5_CYCLIC,B5_CYCLIC_R01_20260611_143242,delta-asda-b3-e,1591,RTSO|SO|OE|VE|QS|TR,3,0,87740470,601,17,0.07259,19,0.045429,301,49,4270,2391,6000,,600,,,,cyclic,transition,0,no_load,both,B5: cyclic back-and-forth,servo-app/lab-0.1
1781163288.2944007,125.04292559623718,B5_CYCLIC,B5_CYCLIC_R01_20260611_143242,delta-asda-b3-e,1591,RTSO|SO|OE|VE|QS|TR,3,0,89418114,601,20,0.0854,16,0.038256,301,49,4270,2391,6000,,600,,,,cyclic,transition,0,no_load,both,B5: cyclic back-and-forth,servo-app/lab-0.1
1781163288.395009,125.14353394508362,B5_CYCLIC,B5_CYCLIC_R01_20260611_143242,delta-asda-b3-e,1591,RTSO|SO|OE|VE|QS|TR,3,0,91095587,600,16,0.06832,16,0.038256,301,49,4270,2391,6000,,600,,,,cyclic,transition,0,no_load,both,B5: cyclic back-and-forth,servo-app/lab-0.1
1781163288.4950771,125.24360203742981,B5_CYCLIC,B5_CYCLIC_R01_20260611_143242,delta-asda-b3-e,1591,RTSO|SO|OE|VE|QS|TR,3,0,92806730,601,19,0.08113,16,0.038256,301,49,4270,2391,6000,,600,,,,cyclic,transition,0,no_load,both,B5: cyclic back-and-forth,servo-app/lab-0.1
1781163288.5953562,125.3438811302185,B5_CYCLIC,B5_CYCLIC_R01_20260611_143242,delta-asda-b3-e,1591,RTSO|SO|OE|VE|QS|TR,3,0,94501358,601,16,0.06832,15,0.035865,301,49,4270,2391,6000,,600,,,,cyclic,transition,0,no_load,both,B5: cyclic back-and-forth,servo-app/lab-0.1
1781163288.6959286,125.4444534778595,B5_CYCLIC,B5_CYCLIC_R01_20260611_143242,delta-asda-b3-e,1591,RTSO|SO|OE|VE|QS|TR,3,0,96145536,601,19,0.08113,18,0.043038,301,49,4270,2391,6000,,600,,,,cyclic,transition,0,no_load,both,B5: cyclic back-and-forth,servo-app/lab-0.1
1781163288.796435,125.54496002197266,B5_CYCLIC,B5_CYCLIC_R01_20260611_143242,delta-asda-b3-e,1591,RTSO|SO|OE|VE|QS|TR,3,0,97839747,600,15,0.06405,19,0.045429,302,49,4270,2391,6000,,600,,,,cyclic,transition,0,no_load,both,B5: cyclic back-and-forth,servo-app/lab-0.1
1781163288.8969445,125.64546942710876,B5_CYCLIC,B5_CYCLIC_R01_20260611_143242,delta-asda-b3-e,1591,RTSO|SO|OE|VE|QS|TR,3,0,99534254,600,21,0.08967,19,0.045429,302,49,4270,2391,6000,,600,,,,cyclic,transition,0,no_load,both,B5: cyclic back-and-forth,servo-app/lab-0.1
1781163288.997194,125.74571895599365,B5_CYCLIC,B5_CYCLIC_R01_20260611_143242,delta-asda-b3-e,1591,RTSO|SO|OE|VE|QS|TR,3,0,101211789,600,18,0.07686,16,0.038256,301,49,4270,2391,6000,,600,,,,cyclic,transition,0,no_load,both,B5: cyclic back-and-forth,servo-app/lab-0.1
1781163289.097497,125.84602189064026,B5_CYCLIC,B5_CYCLIC_R01_20260611_143242,delta-asda-b3-e,1591,RTSO|SO|OE|VE|QS|TR,3,0,102873040,601,17,0.07259,18,0.043038,301,49,4270,2391,6000,,600,,,,cyclic,transition,0,no_load,both,B5: cyclic back-and-forth,servo-app/lab-0.1
1781163289.1978574,125.94638228416443,B5_CYCLIC,B5_CYCLIC_R01_20260611_143242,delta-asda-b3-e,1591,RTSO|SO|OE|VE|QS|TR,3,0,104567364,600,16,0.06832,16,0.038256,301,49,4270,2391,6000,,600,,,,cyclic,transition,0,no_load,both,B5: cyclic back-and-forth,servo-app/lab-0.1
1781163289.29824,126.04676485061646,B5_CYCLIC,B5_CYCLIC_R01_20260611_143242,delta-asda-b3-e,1591,RTSO|SO|OE|VE|QS|TR,3,0,106295381,601,20,0.0854,18,0.043038,301,49,4270,2391,6000,,600,,,,cyclic,transition,0,no_load,both,B5: cyclic back-and-forth,servo-app/lab-0.1
1781163289.398587,126.1471118927002,B5_CYCLIC,B5_CYCLIC_R01_20260611_143242,delta-asda-b3-e,1591,RTSO|SO|OE|VE|QS|TR,3,0,107939215,600,19,0.08113,15,0.035865,301,49,4270,2391,6000,,600,,,,cyclic,transition,0,no_load,both,B5: cyclic back-and-forth,servo-app/lab-0.1
1781163289.4988298,126.24735474586487,B5_CYCLIC,B5_CYCLIC_R01_20260611_143242,delta-asda-b3-e,1591,RTSO|SO|OE|VE|QS|TR,3,0,109616921,601,17,0.07259,16,0.038256,302,49,4270,2391,6000,,600,,,,cyclic,transition,0,no_load,both,B5: cyclic back-and-forth,servo-app/lab-0.1
1781163289.599022,126.34754681587219,B5_CYCLIC,B5_CYCLIC_R01_20260611_143242,delta-asda-b3-e,1591,RTSO|SO|OE|VE|QS|TR,3,0,111311523,601,16,0.06832,14,0.033474,302,49,4270,2391,6000,,600,,,,cyclic,transition,0,no_load,both,B5: cyclic back-and-forth,servo-app/lab-0.1
1781163289.6991932,126.44771814346313,B5_CYCLIC,B5_CYCLIC_R01_20260611_143242,delta-asda-b3-e,1591,RTSO|SO|OE|VE|QS|TR,3,0,112989211,600,18,0.07686,20,0.04782,301,49,4270,2391,6000,,600,,,,cyclic,transition,0,no_load,both,B5: cyclic back-and-forth,servo-app/lab-0.1
1781163289.7994094,126.54793429374695,B5_CYCLIC,B5_CYCLIC_R01_20260611_143242,delta-asda-b3-e,1591,RTSO|SO|OE|VE|QS|TR,3,0,114666715,600,16,0.06832,19,0.045429,302,49,4270,2391,6000,,600,,,,cyclic,transition,0,no_load,both,B5: cyclic back-and-forth,servo-app/lab-0.1
1781163289.8997202,126.64824509620667,B5_CYCLIC,B5_CYCLIC_R01_20260611_143242,delta-asda-b3-e,1591,RTSO|SO|OE|VE|QS|TR,3,0,116344464,600,19,0.08113,19,0.045429,302,49,4270,2391,6000,,600,,,,cyclic,transition,0,no_load,both,B5: cyclic back-and-forth,servo-app/lab-0.1
1781163290.000267,126.74879193305969,B5_CYCLIC,B5_CYCLIC_R01_20260611_143242,delta-asda-b3-e,1591,RTSO|SO|OE|VE|QS|TR,3,0,118038830,601,17,0.07259,16,0.038256,301,49,4270,2391,6000,,600,,,,cyclic,transition,0,no_load,both,B5: cyclic back-and-forth,servo-app/lab-0.1
1781163290.100984,126.8495090007782,B5_CYCLIC,B5_CYCLIC_R01_20260611_143242,delta-asda-b3-e,1591,RTSO|SO|OE|VE|QS|TR,3,0,119733664,601,19,0.08113,17,0.040647,301,49,4270,2391,6000,,600,,,,cyclic,transition,0,no_load,both,B5: cyclic back-and-forth,servo-app/lab-0.1
1781163290.2015798,126.95010471343994,B5_CYCLIC,B5_CYCLIC_R01_20260611_143242,delta-asda-b3-e,1591,RTSO|SO|OE|VE|QS|TR,3,0,121411085,600,16,0.06832,17,0.040647,301,49,4270,2391,6000,,600,,,,cyclic,transition,0,no_load,both,B5: cyclic back-and-forth,servo-app/lab-0.1
1781163290.3020697,127.05059456825256,B5_CYCLIC,B5_CYCLIC_R01_20260611_143242,delta-asda-b3-e,1591,RTSO|SO|OE|VE|QS|TR,3,0,123088800,601,19,0.08113,22,0.052602,301,49,4270,2391,6000,,600,,,,cyclic,transition,0,no_load,both,B5: cyclic back-and-forth,servo-app/lab-0.1
1781163290.402139,127.15066385269165,B5_CYCLIC,B5_CYCLIC_R01_20260611_143242,delta-asda-b3-e,1591,RTSO|SO|OE|VE|QS|TR,3,0,124782941,600,18,0.07686,18,0.043038,302,49,4270,2391,6000,,600,,,,cyclic,transition,0,no_load,both,B5: cyclic back-and-forth,servo-app/lab-0.1
1781163290.5022125,127.25073742866516,B5_CYCLIC,B5_CYCLIC_R01_20260611_143242,delta-asda-b3-e,1591,RTSO|SO|OE|VE|QS|TR,3,0,126527849,600,20,0.0854,19,0.045429,301,49,4270,2391,6000,,600,,,,cyclic,transition,0,no_load,both,B5: cyclic back-and-forth,servo-app/lab-0.1
1781163290.602697,127.35122179985046,B5_CYCLIC,B5_CYCLIC_R01_20260611_143242,delta-asda-b3-e,1591,RTSO|SO|OE|VE|QS|TR,3,0,128138551,600,19,0.08113,17,0.040647,301,49,4270,2391,6000,,600,,,,cyclic,transition,0,no_load,both,B5: cyclic back-and-forth,servo-app/lab-0.1
1781163290.703013,127.45153784751892,B5_CYCLIC,B5_CYCLIC_R01_20260611_143242,delta-asda-b3-e,1591,RTSO|SO|OE|VE|QS|TR,3,0,129849661,600,20,0.0854,19,0.045429,301,49,4270,2391,6000,,600,,,,cyclic,transition,0,no_load,both,B5: cyclic back-and-forth,servo-app/lab-0.1
1781163290.803421,127.55194592475891,B5_CYCLIC,B5_CYCLIC_R01_20260611_143242,delta-asda-b3-e,1591,RTSO|SO|OE|VE|QS|TR,3,0,131510420,600,20,0.0854,17,0.040647,302,49,4270,2391,6000,,600,,,,cyclic,transition,0,no_load,both,B5: cyclic back-and-forth,servo-app/lab-0.1
1781163290.9037719,127.65229678153992,B5_CYCLIC,B5_CYCLIC_R01_20260611_143242,delta-asda-b3-e,1591,RTSO|SO|OE|VE|QS|TR,3,0,133188137,600,21,0.08967,19,0.045429,302,49,4270,2391,6000,,600,,,,cyclic,transition,0,no_load,both,B5: cyclic back-and-forth,servo-app/lab-0.1
1781163291.0041997,127.75272464752197,B5_CYCLIC,B5_CYCLIC_R01_20260611_143242,delta-asda-b3-e,1591,RTSO|SO|OE|VE|QS|TR,3,0,134882583,600,18,0.07686,17,0.040647,302,49,4270,2391,6000,,600,,,,cyclic,transition,0,no_load,both,B5: cyclic back-and-forth,servo-app/lab-0.1
1781163291.1043735,127.8528983592987,B5_CYCLIC,B5_CYCLIC_R01_20260611_143242,delta-asda-b3-e,1591,RTSO|SO|OE|VE|QS|TR,3,0,136560525,600,20,0.0854,18,0.043038,301,49,4270,2391,6000,,600,,,,cyclic,transition,0,no_load,both,B5: cyclic back-and-forth,servo-app/lab-0.1
1781163291.2049003,127.95342516899109,B5_CYCLIC,B5_CYCLIC_R01_20260611_143242,delta-asda-b3-e,1591,RTSO|SO|OE|VE|QS|TR,3,0,138237927,600,17,0.07259,17,0.040647,301,49,4270,2391,6000,,600,,,,cyclic,transition,0,no_load,both,B5: cyclic back-and-forth,servo-app/lab-0.1
1781163291.305019,128.05354380607605,B5_CYCLIC,B5_CYCLIC_R01_20260611_143242,delta-asda-b3-e,1591,RTSO|SO|OE|VE|QS|TR,3,0,139932399,600,22,0.09394,21,0.050211,301,49,4270,2391,6000,,600,,,,cyclic,transition,0,no_load,both,B5: cyclic back-and-forth,servo-app/lab-0.1
1781163291.4055257,128.1540505886078,B5_CYCLIC,B5_CYCLIC_R01_20260611_143242,delta-asda-b3-e,1591,RTSO|SO|OE|VE|QS|TR,3,0,141609729,599,18,0.07686,19,0.045429,301,49,4270,2391,6000,,600,,,,cyclic,transition,0,no_load,both,B5: cyclic back-and-forth,servo-app/lab-0.1
1781163291.5058575,128.25438237190247,B5_CYCLIC,B5_CYCLIC_R01_20260611_143242,delta-asda-b3-e,1591,RTSO|SO|OE|VE|QS|TR,3,0,143287673,600,19,0.08113,19,0.045429,301,49,4270,2391,6000,,600,,,,cyclic,transition,0,no_load,both,B5: cyclic back-and-forth,servo-app/lab-0.1
1781163291.6060205,128.35454535484314,B5_CYCLIC,B5_CYCLIC_R01_20260611_143242,delta-asda-b3-e,1591,RTSO|SO|OE|VE|QS|TR,3,0,144982058,600,16,0.06832,18,0.043038,301,49,4270,2391,6000,,600,,,,cyclic,transition,0,no_load,both,B5: cyclic back-and-forth,servo-app/lab-0.1
1781163291.7076726,128.45619750022888,B5_CYCLIC,B5_CYCLIC_R01_20260611_143242,delta-asda-b3-e,1591,RTSO|SO|OE|VE|QS|TR,3,0,146676430,599,23,0.09821,20,0.04782,301,49,4270,2391,6000,,600,,,,cyclic,transition,0,no_load,both,B5: cyclic back-and-forth,servo-app/lab-0.1
1781163291.807879,128.55640387535095,B5_CYCLIC,B5_CYCLIC_R01_20260611_143242,delta-asda-b3-e,1591,RTSO|SO|OE|VE|QS|TR,3,0,148353869,599,20,0.0854,18,0.043038,301,49,4270,2391,6000,,600,,,,cyclic,transition,0,no_load,both,B5: cyclic back-and-forth,servo-app/lab-0.1
1781163291.9080765,128.6566014289856,B5_CYCLIC,B5_CYCLIC_R01_20260611_143242,delta-asda-b3-e,1591,RTSO|SO|OE|VE|QS|TR,3,0,150031588,599,20,0.0854,20,0.04782,301,49,4270,2391,6000,,600,,,,cyclic,transition,0,no_load,both,B5: cyclic back-and-forth,servo-app/lab-0.1
1781163292.0085015,128.7570264339447,B5_CYCLIC,B5_CYCLIC_R01_20260611_143242,delta-asda-b3-e,1591,RTSO|SO|OE|VE|QS|TR,3,0,151726041,600,18,0.07686,17,0.040647,301,49,4270,2391,6000,,600,,,,cyclic,transition,0,no_load,both,B5: cyclic back-and-forth,servo-app/lab-0.1
1781163292.1085773,128.85710215568542,B5_CYCLIC,B5_CYCLIC_R01_20260611_143242,delta-asda-b3-e,1591,RTSO|SO|OE|VE|QS|TR,3,0,153403978,600,19,0.08113,17,0.040647,301,49,4270,2391,6000,,600,,,,cyclic,transition,0,no_load,both,B5: cyclic back-and-forth,servo-app/lab-0.1
1781163292.2090034,128.95752835273743,B5_CYCLIC,B5_CYCLIC_R01_20260611_143242,delta-asda-b3-e,1591,RTSO|SO|OE|VE|QS|TR,3,0,155081356,599,15,0.06405,15,0.035865,301,49,4270,2391,6000,,600,,,,cyclic,transition,0,no_load,both,B5: cyclic back-and-forth,servo-app/lab-0.1
1781163292.3090956,129.0576205253601,B5_CYCLIC,B5_CYCLIC_R01_20260611_143242,delta-asda-b3-e,1591,RTSO|SO|OE|VE|QS|TR,3,0,156775916,600,20,0.0854,22,0.052602,301,49,4270,2391,6000,,600,,,,cyclic,transition,0,no_load,both,B5: cyclic back-and-forth,servo-app/lab-0.1
1781163292.4096246,129.1581494808197,B5_CYCLIC,B5_CYCLIC_R01_20260611_143242,delta-asda-b3-e,1591,RTSO|SO|OE|VE|QS|TR,3,0,158453154,599,19,0.08113,19,0.045429,301,49,4270,2391,6000,,600,,,,cyclic,transition,0,no_load,both,B5: cyclic back-and-forth,servo-app/lab-0.1
1781163292.5099738,129.25849866867065,B5_CYCLIC,B5_CYCLIC_R01_20260611_143242,delta-asda-b3-e,1591,RTSO|SO|OE|VE|QS|TR,3,0,160131291,600,21,0.08967,22,0.052602,301,49,4270,2391,6000,,600,,,,cyclic,transition,0,no_load,both,B5: cyclic back-and-forth,servo-app/lab-0.1
1781163292.6103432,129.35886812210083,B5_CYCLIC,B5_CYCLIC_R01_20260611_143242,delta-asda-b3-e,1591,RTSO|SO|OE|VE|QS|TR,3,0,161825573,600,20,0.0854,20,0.04782,301,49,4270,2391,6000,,600,,,,cyclic,transition,0,no_load,both,B5: cyclic back-and-forth,servo-app/lab-0.1
1781163292.7108266,129.45935153961182,B5_CYCLIC,B5_CYCLIC_R01_20260611_143242,delta-asda-b3-e,1591,RTSO|SO|OE|VE|QS|TR,3,0,163503327,600,25,0.10675,23,0.054993,301,49,4270,2391,6000,,600,,,,cyclic,transition,0,no_load,both,B5: cyclic back-and-forth,servo-app/lab-0.1
1781163292.8112564,129.5597813129425,B5_CYCLIC,B5_CYCLIC_R01_20260611_143242,delta-asda-b3-e,1591,RTSO|SO|OE|VE|QS|TR,3,0,165197554,599,17,0.07259,18,0.043038,301,49,4270,2391,6000,,600,,,,cyclic,transition,0,no_load,both,B5: cyclic back-and-forth,servo-app/lab-0.1
1781163292.9124131,129.66093802452087,B5_CYCLIC,B5_CYCLIC_R01_20260611_143242,delta-asda-b3-e,1591,RTSO|SO|OE|VE|QS|TR,3,0,166892205,600,17,0.07259,17,0.040647,301,49,4270,2391,6000,,600,,,,cyclic,transition,0,no_load,both,B5: cyclic back-and-forth,servo-app/lab-0.1
1781163293.0132296,129.76175451278687,B5_CYCLIC,B5_CYCLIC_R01_20260611_143242,delta-asda-b3-e,1591,RTSO|SO|OE|VE|QS|TR,3,0,168586735,600,18,0.07686,17,0.040647,301,49,4270,2391,6000,,600,,,,cyclic,transition,0,no_load,both,B5: cyclic back-and-forth,servo-app/lab-0.1
1781163293.1135528,129.8620777130127,B5_CYCLIC,B5_CYCLIC_R01_20260611_143242,delta-asda-b3-e,1591,RTSO|SO|OE|VE|QS|TR,3,0,170314878,600,17,0.07259,18,0.043038,301,49,4270,2391,6000,,600,,,,cyclic,transition,0,no_load,both,B5: cyclic back-and-forth,servo-app/lab-0.1
1781163293.2138443,129.9623692035675,B5_CYCLIC,B5_CYCLIC_R01_20260611_143242,delta-asda-b3-e,1591,RTSO|SO|OE|VE|QS|TR,3,0,171941924,600,15,0.06405,17,0.040647,301,49,4270,2391,6000,,600,,,,cyclic,transition,0,no_load,both,B5: cyclic back-and-forth,servo-app/lab-0.1
1781163293.3143818,130.06290674209595,B5_CYCLIC,B5_CYCLIC_R01_20260611_143242,delta-asda-b3-e,1591,RTSO|SO|OE|VE|QS|TR,3,0,171253882,-597,-20,-0.0854,-20,-0.04782,301,49,4270,2391,6000,,600,,,,cyclic,transition,0,no_load,both,B5: cyclic back-and-forth,servo-app/lab-0.1
1781163293.4144554,130.16298031806946,B5_CYCLIC,B5_CYCLIC_R01_20260611_143242,delta-asda-b3-e,1591,RTSO|SO|OE|VE|QS|TR,3,0,169576446,-600,-20,-0.0854,-24,-0.057384,301,49,4270,2391,6000,,600,,,,cyclic,transition,0,no_load,both,B5: cyclic back-and-forth,servo-app/lab-0.1
1781163293.5145414,130.26306629180908,B5_CYCLIC,B5_CYCLIC_R01_20260611_143242,delta-asda-b3-e,1591,RTSO|SO|OE|VE|QS|TR,3,0,167898492,-599,-16,-0.06832,-17,-0.040647,301,49,4270,2391,6000,,600,,,,cyclic,transition,0,no_load,both,B5: cyclic back-and-forth,servo-app/lab-0.1
1781163293.6146264,130.3631513118744,B5_CYCLIC,B5_CYCLIC_R01_20260611_143242,delta-asda-b3-e,1591,RTSO|SO|OE|VE|QS|TR,3,0,166221027,-599,-19,-0.08113,-23,-0.054993,301,49,4270,2391,6000,,600,,,,cyclic,transition,0,no_load,both,B5: cyclic back-and-forth,servo-app/lab-0.1
1781163293.71548,130.46400499343872,B5_CYCLIC,B5_CYCLIC_R01_20260611_143242,delta-asda-b3-e,1591,RTSO|SO|OE|VE|QS|TR,3,0,164509552,-599,-17,-0.07259,-18,-0.043038,301,49,4270,2391,6000,,600,,,,cyclic,transition,0,no_load,both,B5: cyclic back-and-forth,servo-app/lab-0.1
1781163293.8155735,130.5640983581543,B5_CYCLIC,B5_CYCLIC_R01_20260611_143242,delta-asda-b3-e,1591,RTSO|SO|OE|VE|QS|TR,3,0,162848923,-599,-19,-0.08113,-26,-0.062166,301,49,4270,2391,6000,,600,,,,cyclic,transition,0,no_load,both,B5: cyclic back-and-forth,servo-app/lab-0.1
1781163293.916086,130.66461086273193,B5_CYCLIC,B5_CYCLIC_R01_20260611_143242,delta-asda-b3-e,1591,RTSO|SO|OE|VE|QS|TR,3,0,161154171,-600,-20,-0.0854,-20,-0.04782,301,49,4270,2391,6000,,600,,,,cyclic,transition,0,no_load,both,B5: cyclic back-and-forth,servo-app/lab-0.1
1781163294.0165906,130.76511549949646,B5_CYCLIC,B5_CYCLIC_R01_20260611_143242,delta-asda-b3-e,1591,RTSO|SO|OE|VE|QS|TR,3,0,159476431,-600,-18,-0.07686,-21,-0.050211,301,49,4270,2391,6000,,600,,,,cyclic,transition,0,no_load,both,B5: cyclic back-and-forth,servo-app/lab-0.1
1781163294.1172037,130.86572861671448,B5_CYCLIC,B5_CYCLIC_R01_20260611_143242,delta-asda-b3-e,1591,RTSO|SO|OE|VE|QS|TR,3,0,157781897,-599,-18,-0.07686,-19,-0.045429,301,49,4270,2391,6000,,600,,,,cyclic,transition,0,no_load,both,B5: cyclic back-and-forth,servo-app/lab-0.1
1781163294.2177055,130.96623039245605,B5_CYCLIC,B5_CYCLIC_R01_20260611_143242,delta-asda-b3-e,1591,RTSO|SO|OE|VE|QS|TR,3,0,156104380,-600,-26,-0.11102,-23,-0.054993,301,49,4270,2391,6000,,600,,,,cyclic,transition,0,no_load,both,B5: cyclic back-and-forth,servo-app/lab-0.1
1781163294.3177786,131.0663034915924,B5_CYCLIC,B5_CYCLIC_R01_20260611_143242,delta-asda-b3-e,1591,RTSO|SO|OE|VE|QS|TR,3,0,154426861,-599,-21,-0.08967,-21,-0.050211,301,49,4270,2391,6000,,600,,,,cyclic,transition,0,no_load,both,B5: cyclic back-and-forth,servo-app/lab-0.1
1781163294.4184077,131.16693258285522,B5_CYCLIC,B5_CYCLIC_R01_20260611_143242,delta-asda-b3-e,1591,RTSO|SO|OE|VE|QS|TR,3,0,152732295,-600,-21,-0.08967,-20,-0.04782,301,49,4270,2391,6000,,600,,,,cyclic,transition,0,no_load,both,B5: cyclic back-and-forth,servo-app/lab-0.1
1781163294.518833,131.2673578262329,B5_CYCLIC,B5_CYCLIC_R01_20260611_143242,delta-asda-b3-e,1591,RTSO|SO|OE|VE|QS|TR,3,0,151054315,-600,-17,-0.07259,-17,-0.040647,301,49,4270,2391,6000,,600,,,,cyclic,transition,0,no_load,both,B5: cyclic back-and-forth,servo-app/lab-0.1
1781163294.6189504,131.36747527122498,B5_CYCLIC,B5_CYCLIC_R01_20260611_143242,delta-asda-b3-e,1591,RTSO|SO|OE|VE|QS|TR,3,0,149359929,-600,-19,-0.08113,-17,-0.040647,301,49,4270,2391,6000,,600,,,,cyclic,transition,0,no_load,both,B5: cyclic back-and-forth,servo-app/lab-0.1
1781163294.7206225,131.46914744377136,B5_CYCLIC,B5_CYCLIC_R01_20260611_143242,delta-asda-b3-e,1591,RTSO|SO|OE|VE|QS|TR,3,0,147665252,-600,-22,-0.09394,-20,-0.04782,301,49,4270,2391,6000,,600,,,,cyclic,transition,0,no_load,both,B5: cyclic back-and-forth,servo-app/lab-0.1
1781163294.8209295,131.5694544315338,B5_CYCLIC,B5_CYCLIC_R01_20260611_143242,delta-asda-b3-e,1591,RTSO|SO|OE|VE|QS|TR,3,0,145987856,-600,-18,-0.07686,-21,-0.050211,302,49,4270,2391,6000,,600,,,,cyclic,transition,0,no_load,both,B5: cyclic back-and-forth,servo-app/lab-0.1
1781163294.9214718,131.66999673843384,B5_CYCLIC,B5_CYCLIC_R01_20260611_143242,delta-asda-b3-e,1591,RTSO|SO|OE|VE|QS|TR,3,0,144292960,-600,-16,-0.06832,-22,-0.052602,301,49,4270,2391,6000,,600,,,,cyclic,transition,0,no_load,both,B5: cyclic back-and-forth,servo-app/lab-0.1
1781163295.0217733,131.77029824256897,B5_CYCLIC,B5_CYCLIC_R01_20260611_143242,delta-asda-b3-e,1591,RTSO|SO|OE|VE|QS|TR,3,0,142615240,-600,-19,-0.08113,-16,-0.038256,301,49,4270,2391,6000,,600,,,,cyclic,transition,0,no_load,both,B5: cyclic back-and-forth,servo-app/lab-0.1
1781163295.122261,131.87078595161438,B5_CYCLIC,B5_CYCLIC_R01_20260611_143242,delta-asda-b3-e,1591,RTSO|SO|OE|VE|QS|TR,3,0,140920625,-600,-15,-0.06405,-15,-0.035865,302,49,4270,2391,6000,,600,,,,cyclic,transition,0,no_load,both,B5: cyclic back-and-forth,servo-app/lab-0.1
1781163295.2228,131.9713249206543,B5_CYCLIC,B5_CYCLIC_R01_20260611_143242,delta-asda-b3-e,1591,RTSO|SO|OE|VE|QS|TR,3,0,139243106,-600,-18,-0.07686,-19,-0.045429,301,49,4270,2391,6000,,600,,,,cyclic,transition,0,no_load,both,B5: cyclic back-and-forth,servo-app/lab-0.1
1781163295.3228824,132.07140731811523,B5_CYCLIC,B5_CYCLIC_R01_20260611_143242,delta-asda-b3-e,1591,RTSO|SO|OE|VE|QS|TR,3,0,137565545,-600,-23,-0.09821,-21,-0.050211,301,49,4270,2391,6000,,600,,,,cyclic,transition,0,no_load,both,B5: cyclic back-and-forth,servo-app/lab-0.1
1781163295.4232578,132.1717827320099,B5_CYCLIC,B5_CYCLIC_R01_20260611_143242,delta-asda-b3-e,1591,RTSO|SO|OE|VE|QS|TR,3,0,135870711,-601,-18,-0.07686,-19,-0.045429,301,49,4270,2391,6000,,600,,,,cyclic,transition,0,no_load,both,B5: cyclic back-and-forth,servo-app/lab-0.1
1781163295.5235865,132.27211141586304,B5_CYCLIC,B5_CYCLIC_R01_20260611_143242,delta-asda-b3-e,1591,RTSO|SO|OE|VE|QS|TR,3,0,134192916,-600,-17,-0.07259,-23,-0.054993,302,49,4270,2391,6000,,600,,,,cyclic,transition,0,no_load,both,B5: cyclic back-and-forth,servo-app/lab-0.1
1781163295.6240926,132.37261748313904,B5_CYCLIC,B5_CYCLIC_R01_20260611_143242,delta-asda-b3-e,1591,RTSO|SO|OE|VE|QS|TR,3,0,132498422,-601,-23,-0.09821,-22,-0.052602,301,49,4270,2391,6000,,600,,,,cyclic,transition,0,no_load,both,B5: cyclic back-and-forth,servo-app/lab-0.1
1781163295.7247286,132.47325348854065,B5_CYCLIC,B5_CYCLIC_R01_20260611_143242,delta-asda-b3-e,1591,RTSO|SO|OE|VE|QS|TR,3,0,130820738,-600,-18,-0.07686,-21,-0.050211,302,49,4270,2391,6000,,600,,,,cyclic,transition,0,no_load,both,B5: cyclic back-and-forth,servo-app/lab-0.1
1781163295.8251374,132.57366228103638,B5_CYCLIC,B5_CYCLIC_R01_20260611_143242,delta-asda-b3-e,1591,RTSO|SO|OE|VE|QS|TR,3,0,129126403,-601,-18,-0.07686,-17,-0.040647,302,49,4270,2391,6000,,600,,,,cyclic,transition,0,no_load,both,B5: cyclic back-and-forth,servo-app/lab-0.1
1781163295.925345,132.67386984825134,B5_CYCLIC,B5_CYCLIC_R01_20260611_143242,delta-asda-b3-e,1591,RTSO|SO|OE|VE|QS|TR,3,0,127448386,-601,-19,-0.08113,-16,-0.038256,302,49,4270,2391,6000,,600,,,,cyclic,transition,0,no_load,both,B5: cyclic back-and-forth,servo-app/lab-0.1
1781163296.025616,132.77414083480835,B5_CYCLIC,B5_CYCLIC_R01_20260611_143242,delta-asda-b3-e,1591,RTSO|SO|OE|VE|QS|TR,3,0,125770716,-601,-24,-0.10248,-20,-0.04782,301,49,4270,2391,6000,,600,,,,cyclic,transition,0,no_load,both,B5: cyclic back-and-forth,servo-app/lab-0.1
1781163296.1266634,132.8751883506775,B5_CYCLIC,B5_CYCLIC_R01_20260611_143242,delta-asda-b3-e,1591,RTSO|SO|OE|VE|QS|TR,3,0,124076055,-601,-21,-0.08967,-19,-0.045429,302,49,4270,2391,6000,,600,,,,cyclic,transition,0,no_load,both,B5: cyclic back-and-forth,servo-app/lab-0.1
1781163296.2267523,132.97527718544006,B5_CYCLIC,B5_CYCLIC_R01_20260611_143242,delta-asda-b3-e,1591,RTSO|SO|OE|VE|QS|TR,3,0,122398545,-601,-20,-0.0854,-18,-0.043038,302,49,4270,2391,6000,,600,,,,cyclic,transition,0,no_load,both,B5: cyclic back-and-forth,servo-app/lab-0.1
1781163296.3269665,133.07549142837524,B5_CYCLIC,B5_CYCLIC_R01_20260611_143242,delta-asda-b3-e,1591,RTSO|SO|OE|VE|QS|TR,3,0,120720923,-601,-18,-0.07686,-20,-0.04782,301,49,4270,2391,6000,,600,,,,cyclic,transition,0,no_load,both,B5: cyclic back-and-forth,servo-app/lab-0.1
1781163296.4272144,133.17573928833008,B5_CYCLIC,B5_CYCLIC_R01_20260611_143242,delta-asda-b3-e,1591,RTSO|SO|OE|VE|QS|TR,3,0,119026016,-602,-17,-0.07259,-17,-0.040647,301,49,4270,2391,6000,,600,,,,cyclic,transition,0,no_load,both,B5: cyclic back-and-forth,servo-app/lab-0.1
1781163296.5276856,133.27621054649353,B5_CYCLIC,B5_CYCLIC_R01_20260611_143242,delta-asda-b3-e,1591,RTSO|SO|OE|VE|QS|TR,3,0,117348333,-601,-17,-0.07259,-16,-0.038256,301,49,4270,2391,6000,,600,,,,cyclic,transition,0,no_load,both,B5: cyclic back-and-forth,servo-app/lab-0.1
1781163296.6278815,133.37640643119812,B5_CYCLIC,B5_CYCLIC_R01_20260611_143242,delta-asda-b3-e,1591,RTSO|SO|OE|VE|QS|TR,3,0,115670564,-601,-17,-0.07259,-19,-0.045429,302,49,4270,2391,6000,,600,,,,cyclic,transition,0,no_load,both,B5: cyclic back-and-forth,servo-app/lab-0.1
1781163296.7291403,133.47766518592834,B5_CYCLIC,B5_CYCLIC_R01_20260611_143242,delta-asda-b3-e,1591,RTSO|SO|OE|VE|QS|TR,3,0,113959384,-601,-20,-0.0854,-23,-0.054993,301,49,4270,2391,6000,,600,,,,cyclic,transition,0,no_load,both,B5: cyclic back-and-forth,servo-app/lab-0.1
1781163296.829326,133.57785081863403,B5_CYCLIC,B5_CYCLIC_R01_20260611_143242,delta-asda-b3-e,1591,RTSO|SO|OE|VE|QS|TR,3,0,112281684,-602,-17,-0.07259,-25,-0.059775,301,49,4270,2391,6000,,600,,,,cyclic,transition,0,no_load,both,B5: cyclic back-and-forth,servo-app/lab-0.1
1781163296.929811,133.67833590507507,B5_CYCLIC,B5_CYCLIC_R01_20260611_143242,delta-asda-b3-e,1591,RTSO|SO|OE|VE|QS|TR,3,0,110603717,-601,-24,-0.10248,-20,-0.04782,301,49,4270,2391,6000,,600,,,,cyclic,transition,0,no_load,both,B5: cyclic back-and-forth,servo-app/lab-0.1
1781163297.0300868,133.77861166000366,B5_CYCLIC,B5_CYCLIC_R01_20260611_143242,delta-asda-b3-e,1591,RTSO|SO|OE|VE|QS|TR,3,0,108909165,-601,-16,-0.06832,-22,-0.052602,302,49,4270,2391,6000,,600,,,,cyclic,transition,0,no_load,both,B5: cyclic back-and-forth,servo-app/lab-0.1
1781163297.130493,133.87901782989502,B5_CYCLIC,B5_CYCLIC_R01_20260611_143242,delta-asda-b3-e,1591,RTSO|SO|OE|VE|QS|TR,3,0,107231424,-601,-23,-0.09821,-19,-0.045429,301,49,4270,2391,6000,,600,,,,cyclic,transition,0,no_load,both,B5: cyclic back-and-forth,servo-app/lab-0.1
1781163297.2307081,133.97923302650452,B5_CYCLIC,B5_CYCLIC_R01_20260611_143242,delta-asda-b3-e,1591,RTSO|SO|OE|VE|QS|TR,3,0,105553959,-601,-21,-0.08967,-21,-0.050211,301,49,4270,2391,6000,,600,,,,cyclic,transition,0,no_load,both,B5: cyclic back-and-forth,servo-app/lab-0.1
1781163297.3309686,134.07949352264404,B5_CYCLIC,B5_CYCLIC_R01_20260611_143242,delta-asda-b3-e,1591,RTSO|SO|OE|VE|QS|TR,3,0,103876276,-601,-17,-0.07259,-21,-0.050211,301,49,4270,2391,6000,,600,,,,cyclic,transition,0,no_load,both,B5: cyclic back-and-forth,servo-app/lab-0.1
1781163297.431337,134.1798620223999,B5_CYCLIC,B5_CYCLIC_R01_20260611_143242,delta-asda-b3-e,1591,RTSO|SO|OE|VE|QS|TR,3,0,102181469,-602,-20,-0.0854,-16,-0.038256,301,49,4270,2391,6000,,600,,,,cyclic,transition,0,no_load,both,B5: cyclic back-and-forth,servo-app/lab-0.1
1781163297.5316818,134.28020668029785,B5_CYCLIC,B5_CYCLIC_R01_20260611_143242,delta-asda-b3-e,1591,RTSO|SO|OE|VE|QS|TR,3,0,100503949,-601,-20,-0.0854,-21,-0.050211,302,49,4270,2391,6000,,600,,,,cyclic,transition,0,no_load,both,B5: cyclic back-and-forth,servo-app/lab-0.1
1781163297.6322787,134.3808035850525,B5_CYCLIC,B5_CYCLIC_R01_20260611_143242,delta-asda-b3-e,1591,RTSO|SO|OE|VE|QS|TR,3,0,98809316,-601,-18,-0.07686,-16,-0.038256,301,49,4270,2391,6000,,600,,,,cyclic,transition,0,no_load,both,B5: cyclic back-and-forth,servo-app/lab-0.1
1781163297.732405,134.48092985153198,B5_CYCLIC,B5_CYCLIC_R01_20260611_143242,delta-asda-b3-e,1591,RTSO|SO|OE|VE|QS|TR,3,0,97131795,-600,-24,-0.10248,-18,-0.043038,301,49,4270,2391,6000,,600,,,,cyclic,transition,0,no_load,both,B5: cyclic back-and-forth,servo-app/lab-0.1
1781163297.847412,134.5959370136261,B5_CYCLIC,B5_CYCLIC_R01_20260611_143242,delta-asda-b3-e,1591,RTSO|SO|OE|VE|QS|TR,3,0,94380282,-600,-18,-0.07686,-22,-0.052602,301,49,4270,2391,6000,,600,,,,cyclic,transition,0,no_load,both,B5: cyclic back-and-forth,servo-app/lab-0.1
1781163297.9477932,134.69631814956665,B5_CYCLIC,B5_CYCLIC_R01_20260611_143242,delta-asda-b3-e,1591,RTSO|SO|OE|VE|QS|TR,3,0,93524298,-600,-23,-0.09821,-21,-0.050211,301,49,4270,2391,6000,,600,,,,cyclic,transition,0,no_load,both,B5: cyclic back-and-forth,servo-app/lab-0.1
1781163298.0488052,134.7973301410675,B5_CYCLIC,B5_CYCLIC_R01_20260611_143242,delta-asda-b3-e,1591,RTSO|SO|OE|VE|QS|TR,3,0,91829509,-601,-16,-0.06832,-15,-0.035865,301,49,4270,2391,6000,,600,,,,cyclic,transition,0,no_load,both,B5: cyclic back-and-forth,servo-app/lab-0.1
1781163298.1492143,134.8977391719818,B5_CYCLIC,B5_CYCLIC_R01_20260611_143242,delta-asda-b3-e,1591,RTSO|SO|OE|VE|QS|TR,3,0,90135508,-600,-23,-0.09821,-25,-0.059775,301,49,4270,2391,6000,,600,,,,cyclic,transition,0,no_load,both,B5: cyclic back-and-forth,servo-app/lab-0.1
1781163298.249702,134.99822688102722,B5_CYCLIC,B5_CYCLIC_R01_20260611_143242,delta-asda-b3-e,1591,RTSO|SO|OE|VE|QS|TR,3,0,88457511,-601,-15,-0.06405,-15,-0.035865,301,49,4270,2391,6000,,600,,,,cyclic,transition,0,no_load,both,B5: cyclic back-and-forth,servo-app/lab-0.1
1781163298.3497806,135.0983054637909,B5_CYCLIC,B5_CYCLIC_R01_20260611_143242,delta-asda-b3-e,1591,RTSO|SO|OE|VE|QS|TR,3,0,86779905,-601,-19,-0.08113,-20,-0.04782,301,49,4270,2391,6000,,600,,,,cyclic,transition,0,no_load,both,B5: cyclic back-and-forth,servo-app/lab-0.1
1781163298.4499063,135.19843125343323,B5_CYCLIC,B5_CYCLIC_R01_20260611_143242,delta-asda-b3-e,1591,RTSO|SO|OE|VE|QS|TR,3,0,85101950,-601,-21,-0.08967,-18,-0.043038,301,49,4270,2391,6000,,600,,,,cyclic,transition,0,no_load,both,B5: cyclic back-and-forth,servo-app/lab-0.1
1781163298.5504942,135.29901909828186,B5_CYCLIC,B5_CYCLIC_R01_20260611_143242,delta-asda-b3-e,1591,RTSO|SO|OE|VE|QS|TR,3,0,83407615,-600,-21,-0.08967,-20,-0.04782,301,49,4270,2391,6000,,600,,,,cyclic,transition,0,no_load,both,B5: cyclic back-and-forth,servo-app/lab-0.1
1781163298.650958,135.39948296546936,B5_CYCLIC,B5_CYCLIC_R01_20260611_143242,delta-asda-b3-e,1591,RTSO|SO|OE|VE|QS|TR,3,0,81729835,-601,-17,-0.07259,-17,-0.040647,301,49,4270,2391,6000,,600,,,,cyclic,transition,0,no_load,both,B5: cyclic back-and-forth,servo-app/lab-0.1
1781163298.7525175,135.50104236602783,B5_CYCLIC,B5_CYCLIC_R01_20260611_143242,delta-asda-b3-e,1591,RTSO|SO|OE|VE|QS|TR,3,0,79917770,-601,-18,-0.07686,-19,-0.045429,301,49,4270,2391,6000,,600,,,,cyclic,transition,0,no_load,both,B5: cyclic back-and-forth,servo-app/lab-0.1
1781163298.8531353,135.60166025161743,B5_CYCLIC,B5_CYCLIC_R01_20260611_143242,delta-asda-b3-e,1591,RTSO|SO|OE|VE|QS|TR,3,0,78323565,-601,-17,-0.07259,-17,-0.040647,301,49,4270,2391,6000,,600,,,,cyclic,transition,0,no_load,both,B5: cyclic back-and-forth,servo-app/lab-0.1
1781163298.9534812,135.70200610160828,B5_CYCLIC,B5_CYCLIC_R01_20260611_143242,delta-asda-b3-e,1591,RTSO|SO|OE|VE|QS|TR,3,0,76646153,-600,-20,-0.0854,-20,-0.04782,301,49,4270,2391,6000,,600,,,,cyclic,transition,0,no_load,both,B5: cyclic back-and-forth,servo-app/lab-0.1
1781163299.054005,135.80252981185913,B5_CYCLIC,B5_CYCLIC_R01_20260611_143242,delta-asda-b3-e,1591,RTSO|SO|OE|VE|QS|TR,3,0,74968136,-601,-15,-0.06405,-17,-0.040647,301,49,4270,2391,6000,,600,,,,cyclic,transition,0,no_load,both,B5: cyclic back-and-forth,servo-app/lab-0.1
1781163299.1549666,135.9034914970398,B5_CYCLIC,B5_CYCLIC_R01_20260611_143242,delta-asda-b3-e,1591,RTSO|SO|OE|VE|QS|TR,3,0,73274306,-600,-18,-0.07686,-19,-0.045429,301,49,4270,2391,6000,,600,,,,cyclic,transition,0,no_load,both,B5: cyclic back-and-forth,servo-app/lab-0.1
1781163299.2550943,136.00361919403076,B5_CYCLIC,B5_CYCLIC_R01_20260611_143242,delta-asda-b3-e,1591,RTSO|SO|OE|VE|QS|TR,3,0,71579377,-601,-17,-0.07259,-17,-0.040647,301,49,4270,2391,6000,,600,,,,cyclic,transition,0,no_load,both,B5: cyclic back-and-forth,servo-app/lab-0.1
1781163299.3556464,136.10417127609253,B5_CYCLIC,B5_CYCLIC_R01_20260611_143242,delta-asda-b3-e,1591,RTSO|SO|OE|VE|QS|TR,3,0,69902048,-600,-19,-0.08113,-19,-0.045429,301,49,4270,2391,6000,,600,,,,cyclic,transition,0,no_load,both,B5: cyclic back-and-forth,servo-app/lab-0.1
1781163299.4561136,136.20463848114014,B5_CYCLIC,B5_CYCLIC_R01_20260611_143242,delta-asda-b3-e,1591,RTSO|SO|OE|VE|QS|TR,3,0,68224001,-601,-17,-0.07259,-17,-0.040647,301,49,4270,2391,6000,,600,,,,cyclic,transition,0,no_load,both,B5: cyclic back-and-forth,servo-app/lab-0.1
1781163299.5565965,136.30512142181396,B5_CYCLIC,B5_CYCLIC_R01_20260611_143242,delta-asda-b3-e,1591,RTSO|SO|OE|VE|QS|TR,3,0,66529871,-600,-20,-0.0854,-20,-0.04782,301,49,4270,2391,6000,,600,,,,cyclic,transition,0,no_load,both,B5: cyclic back-and-forth,servo-app/lab-0.1
1781163299.6568868,136.40541172027588,B5_CYCLIC,B5_CYCLIC_R01_20260611_143242,delta-asda-b3-e,1591,RTSO|SO|OE|VE|QS|TR,3,0,64851915,-601,-17,-0.07259,-16,-0.038256,301,49,4270,2391,6000,,600,,,,cyclic,transition,0,no_load,both,B5: cyclic back-and-forth,servo-app/lab-0.1
1781163299.7572963,136.50582122802734,B5_CYCLIC,B5_CYCLIC_R01_20260611_143242,delta-asda-b3-e,1591,RTSO|SO|OE|VE|QS|TR,3,0,63157383,-601,-19,-0.08113,-23,-0.054993,301,49,4270,2391,6000,,600,,,,cyclic,transition,0,no_load,both,B5: cyclic back-and-forth,servo-app/lab-0.1
1781163299.8575943,136.6061191558838,B5_CYCLIC,B5_CYCLIC_R01_20260611_143242,delta-asda-b3-e,1591,RTSO|SO|OE|VE|QS|TR,3,0,61479276,-601,-19,-0.08113,-16,-0.038256,301,49,4270,2391,6000,,600,,,,cyclic,transition,0,no_load,both,B5: cyclic back-and-forth,servo-app/lab-0.1
1781163299.9581401,136.7066650390625,B5_CYCLIC,B5_CYCLIC_R01_20260611_143242,delta-asda-b3-e,1591,RTSO|SO|OE|VE|QS|TR,3,0,59785010,-601,-16,-0.06832,-17,-0.040647,302,49,4270,2391,6000,,600,,,,cyclic,transition,0,no_load,both,B5: cyclic back-and-forth,servo-app/lab-0.1
1781163300.0585976,136.80712246894836,B5_CYCLIC,B5_CYCLIC_R01_20260611_143242,delta-asda-b3-e,1591,RTSO|SO|OE|VE|QS|TR,3,0,58107054,-601,-20,-0.0854,-17,-0.040647,301,49,4270,2391,6000,,600,,,,cyclic,transition,0,no_load,both,B5: cyclic back-and-forth,servo-app/lab-0.1
1781163300.1587813,136.90730619430542,B5_CYCLIC,B5_CYCLIC_R01_20260611_143242,delta-asda-b3-e,1591,RTSO|SO|OE|VE|QS|TR,3,0,56429838,-601,-18,-0.07686,-17,-0.040647,301,49,4270,2391,6000,,600,,,,cyclic,transition,0,no_load,both,B5: cyclic back-and-forth,servo-app/lab-0.1
1781163300.2596495,137.00817441940308,B5_CYCLIC,B5_CYCLIC_R01_20260611_143242,delta-asda-b3-e,1591,RTSO|SO|OE|VE|QS|TR,3,0,54734802,-601,-19,-0.08113,-19,-0.045429,301,49,4270,2391,6000,,600,,,,cyclic,transition,0,no_load,both,B5: cyclic back-and-forth,servo-app/lab-0.1
1781163300.3597414,137.10826635360718,B5_CYCLIC,B5_CYCLIC_R01_20260611_143242,delta-asda-b3-e,1591,RTSO|SO|OE|VE|QS|TR,3,0,53057448,-601,-21,-0.08967,-23,-0.054993,301,49,4270,2391,6000,,600,,,,cyclic,transition,0,no_load,both,B5: cyclic back-and-forth,servo-app/lab-0.1
1781163300.4598453,137.20837020874023,B5_CYCLIC,B5_CYCLIC_R01_20260611_143242,delta-asda-b3-e,1591,RTSO|SO|OE|VE|QS|TR,3,0,51379296,-601,-20,-0.0854,-20,-0.04782,301,49,4270,2391,6000,,600,,,,cyclic,transition,0,no_load,both,B5: cyclic back-and-forth,servo-app/lab-0.1
1781163300.560313,137.308837890625,B5_CYCLIC,B5_CYCLIC_R01_20260611_143242,delta-asda-b3-e,1591,RTSO|SO|OE|VE|QS|TR,3,0,49685211,-600,-18,-0.07686,-19,-0.045429,301,49,4270,2391,6000,,600,,,,cyclic,transition,0,no_load,both,B5: cyclic back-and-forth,servo-app/lab-0.1
1781163300.6605685,137.40909337997437,B5_CYCLIC,B5_CYCLIC_R01_20260611_143242,delta-asda-b3-e,1591,RTSO|SO|OE|VE|QS|TR,3,0,48007184,-601,-18,-0.07686,-15,-0.035865,301,49,4270,2391,6000,,600,,,,cyclic,transition,0,no_load,both,B5: cyclic back-and-forth,servo-app/lab-0.1
1781163300.7609706,137.50949549674988,B5_CYCLIC,B5_CYCLIC_R01_20260611_143242,delta-asda-b3-e,1591,RTSO|SO|OE|VE|QS|TR,3,0,46329557,-601,-18,-0.07686,-19,-0.045429,301,49,4270,2391,6000,,600,,,,cyclic,transition,0,no_load,both,B5: cyclic back-and-forth,servo-app/lab-0.1
1781163300.8610904,137.60961532592773,B5_CYCLIC,B5_CYCLIC_R01_20260611_143242,delta-asda-b3-e,1591,RTSO|SO|OE|VE|QS|TR,3,0,44651464,-601,-20,-0.0854,-17,-0.040647,302,49,4270,2391,6000,,600,,,,cyclic,transition,0,no_load,both,B5: cyclic back-and-forth,servo-app/lab-0.1
1781163300.9615364,137.7100613117218,B5_CYCLIC,B5_CYCLIC_R01_20260611_143242,delta-asda-b3-e,1591,RTSO|SO|OE|VE|QS|TR,3,0,42957158,-601,-18,-0.07686,-18,-0.043038,301,49,4270,2391,6000,,600,,,,cyclic,transition,0,no_load,both,B5: cyclic back-and-forth,servo-app/lab-0.1
1781163301.0616138,137.81013870239258,B5_CYCLIC,B5_CYCLIC_R01_20260611_143242,delta-asda-b3-e,1591,RTSO|SO|OE|VE|QS|TR,3,0,41279304,-600,-24,-0.10248,-22,-0.052602,301,49,4270,2391,6000,,600,,,,cyclic,transition,0,no_load,both,B5: cyclic back-and-forth,servo-app/lab-0.1
1781163301.162245,137.9107699394226,B5_CYCLIC,B5_CYCLIC_R01_20260611_143242,delta-asda-b3-e,1591,RTSO|SO|OE|VE|QS|TR,3,0,39585208,-601,-18,-0.07686,-17,-0.040647,301,49,4270,2391,6000,,600,,,,cyclic,transition,0,no_load,both,B5: cyclic back-and-forth,servo-app/lab-0.1
1781163301.2627363,138.0112612247467,B5_CYCLIC,B5_CYCLIC_R01_20260611_143242,delta-asda-b3-e,1591,RTSO|SO|OE|VE|QS|TR,3,0,37907024,-601,-19,-0.08113,-16,-0.038256,302,49,4270,2391,6000,,600,,,,cyclic,transition,0,no_load,both,B5: cyclic back-and-forth,servo-app/lab-0.1
1781163301.3629477,138.11147260665894,B5_CYCLIC,B5_CYCLIC_R01_20260611_143242,delta-asda-b3-e,1591,RTSO|SO|OE|VE|QS|TR,3,0,36229720,-600,-23,-0.09821,-25,-0.059775,301,49,4270,2391,6000,,600,,,,cyclic,transition,0,no_load,both,B5: cyclic back-and-forth,servo-app/lab-0.1
1781163301.463492,138.2120168209076,B5_CYCLIC,B5_CYCLIC_R01_20260611_143242,delta-asda-b3-e,1591,RTSO|SO|OE|VE|QS|TR,3,0,34534791,-601,-19,-0.08113,-22,-0.052602,302,49,4270,2391,6000,,600,,,,cyclic,transition,0,no_load,both,B5: cyclic back-and-forth,servo-app/lab-0.1
1781163301.5638902,138.31241512298584,B5_CYCLIC,B5_CYCLIC_R01_20260611_143242,delta-asda-b3-e,1591,RTSO|SO|OE|VE|QS|TR,3,0,32857583,-600,-20,-0.0854,-18,-0.043038,302,49,4270,2391,6000,,600,,,,cyclic,transition,0,no_load,both,B5: cyclic back-and-forth,servo-app/lab-0.1
1781163301.6641753,138.412700176239,B5_CYCLIC,B5_CYCLIC_R01_20260611_143242,delta-asda-b3-e,1591,RTSO|SO|OE|VE|QS|TR,3,0,31162661,-601,-20,-0.0854,-22,-0.052602,301,49,4270,2391,6000,,600,,,,cyclic,transition,0,no_load,both,B5: cyclic back-and-forth,servo-app/lab-0.1
1781163301.7643857,138.51291060447693,B5_CYCLIC,B5_CYCLIC_R01_20260611_143242,delta-asda-b3-e,1591,RTSO|SO|OE|VE|QS|TR,3,0,29485084,-600,-19,-0.08113,-18,-0.043038,301,49,4270,2391,6000,,600,,,,cyclic,transition,0,no_load,both,B5: cyclic back-and-forth,servo-app/lab-0.1
1781163301.8648586,138.61338353157043,B5_CYCLIC,B5_CYCLIC_R01_20260611_143242,delta-asda-b3-e,1591,RTSO|SO|OE|VE|QS|TR,3,0,27807067,-600,-20,-0.0854,-20,-0.04782,302,49,4270,2391,6000,,600,,,,cyclic,transition,0,no_load,both,B5: cyclic back-and-forth,servo-app/lab-0.1
1781163301.9649823,138.71350717544556,B5_CYCLIC,B5_CYCLIC_R01_20260611_143242,delta-asda-b3-e,1591,RTSO|SO|OE|VE|QS|TR,3,0,26129619,-600,-18,-0.07686,-19,-0.045429,301,49,4270,2391,6000,,600,,,,cyclic,transition,0,no_load,both,B5: cyclic back-and-forth,servo-app/lab-0.1
1781163302.065331,138.81385588645935,B5_CYCLIC,B5_CYCLIC_R01_20260611_143242,delta-asda-b3-e,1591,RTSO|SO|OE|VE|QS|TR,3,0,24435005,-600,-23,-0.09821,-26,-0.062166,301,49,4270,2391,6000,,600,,,,cyclic,transition,0,no_load,both,B5: cyclic back-and-forth,servo-app/lab-0.1
1781163302.1655316,138.91405653953552,B5_CYCLIC,B5_CYCLIC_R01_20260611_143242,delta-asda-b3-e,1591,RTSO|SO|OE|VE|QS|TR,3,0,22757631,-600,-18,-0.07686,-19,-0.045429,301,49,4270,2391,6000,,600,,,,cyclic,transition,0,no_load,both,B5: cyclic back-and-forth,servo-app/lab-0.1
1781163302.265638,139.01416301727295,B5_CYCLIC,B5_CYCLIC_R01_20260611_143242,delta-asda-b3-e,1591,RTSO|SO|OE|VE|QS|TR,3,0,21079514,-600,-19,-0.08113,-18,-0.043038,302,49,4270,2391,6000,,600,,,,cyclic,transition,0,no_load,both,B5: cyclic back-and-forth,servo-app/lab-0.1
1781163302.3656871,139.1142120361328,B5_CYCLIC,B5_CYCLIC_R01_20260611_143242,delta-asda-b3-e,1591,RTSO|SO|OE|VE|QS|TR,3,0,19402228,-600,-18,-0.07686,-20,-0.04782,301,49,4270,2391,6000,,600,,,,cyclic,transition,0,no_load,both,B5: cyclic back-and-forth,servo-app/lab-0.1
1781163302.4661243,139.21464920043945,B5_CYCLIC,B5_CYCLIC_R01_20260611_143242,delta-asda-b3-e,1591,RTSO|SO|OE|VE|QS|TR,3,0,17707405,-600,-23,-0.09821,-20,-0.04782,301,49,4270,2391,6000,,600,,,,cyclic,transition,0,no_load,both,B5: cyclic back-and-forth,servo-app/lab-0.1
1781163302.566505,139.31502985954285,B5_CYCLIC,B5_CYCLIC_R01_20260611_143242,delta-asda-b3-e,1591,RTSO|SO|OE|VE|QS|TR,3,0,16030236,-600,-19,-0.08113,-22,-0.052602,301,49,4270,2391,6000,,600,,,,cyclic,transition,0,no_load,both,B5: cyclic back-and-forth,servo-app/lab-0.1
1781163302.6672368,139.41576170921326,B5_CYCLIC,B5_CYCLIC_R01_20260611_143242,delta-asda-b3-e,1591,RTSO|SO|OE|VE|QS|TR,3,0,14352017,-601,-18,-0.07686,-23,-0.054993,301,49,4270,2391,6000,,600,,,,cyclic,transition,0,no_load,both,B5: cyclic back-and-forth,servo-app/lab-0.1
1781163302.767998,139.5165228843689,B5_CYCLIC,B5_CYCLIC_R01_20260611_143242,delta-asda-b3-e,1591,RTSO|SO|OE|VE|QS|TR,3,0,12640964,-600,-16,-0.06832,-20,-0.04782,301,49,4270,2391,6000,,600,,,,cyclic,transition,0,no_load,both,B5: cyclic back-and-forth,servo-app/lab-0.1
1781163302.868374,139.6168990135193,B5_CYCLIC,B5_CYCLIC_R01_20260611_143242,delta-asda-b3-e,1591,RTSO|SO|OE|VE|QS|TR,3,0,10962847,-600,-21,-0.08967,-21,-0.050211,301,49,4270,2391,6000,,600,,,,cyclic,transition,0,no_load,both,B5: cyclic back-and-forth,servo-app/lab-0.1
1781163302.9687874,139.71731233596802,B5_CYCLIC,B5_CYCLIC_R01_20260611_143242,delta-asda-b3-e,1591,RTSO|SO|OE|VE|QS|TR,3,0,9285447,-600,-20,-0.0854,-21,-0.050211,301,49,4270,2391,6000,,600,,,,cyclic,transition,0,no_load,both,B5: cyclic back-and-forth,servo-app/lab-0.1
1781163303.069262,139.81778693199158,B5_CYCLIC,B5_CYCLIC_R01_20260611_143242,delta-asda-b3-e,1591,RTSO|SO|OE|VE|QS|TR,3,0,7607609,-599,-22,-0.09394,-22,-0.052602,301,49,4270,2391,6000,,600,,,,cyclic,transition,0,no_load,both,B5: cyclic back-and-forth,servo-app/lab-0.1
1781163303.1695244,139.91804933547974,B5_CYCLIC,B5_CYCLIC_R01_20260611_143242,delta-asda-b3-e,1591,RTSO|SO|OE|VE|QS|TR,3,0,5913330,-600,-19,-0.08113,-19,-0.045429,301,49,4270,2391,6000,,600,,,,cyclic,transition,0,no_load,both,B5: cyclic back-and-forth,servo-app/lab-0.1
1781163303.269683,140.0182077884674,B5_CYCLIC,B5_CYCLIC_R01_20260611_143242,delta-asda-b3-e,567,RTSO|SO|OE|VE|QS,3,0,5040247,403,14,0.05978,12,0.028692,301,49,4270,2391,6000,,600,,,,cyclic,transition,0,no_load,both,B5: cyclic back-and-forth,servo-app/lab-0.1
1781163303.3701718,140.1186966896057,B5_CYCLIC,B5_CYCLIC_R01_20260611_143242,delta-asda-b3-e,1591,RTSO|SO|OE|VE|QS|TR,3,0,6719168,600,19,0.08113,20,0.04782,301,49,4270,2391,6000,,600,,,,cyclic,transition,0,no_load,both,B5: cyclic back-and-forth,servo-app/lab-0.1
1781163303.4704757,140.21900057792664,B5_CYCLIC,B5_CYCLIC_R01_20260611_143242,delta-asda-b3-e,1591,RTSO|SO|OE|VE|QS|TR,3,0,8412946,600,19,0.08113,17,0.040647,301,49,4270,2391,6000,,600,,,,cyclic,transition,0,no_load,both,B5: cyclic back-and-forth,servo-app/lab-0.1
1781163303.570796,140.31932091712952,B5_CYCLIC,B5_CYCLIC_R01_20260611_143242,delta-asda-b3-e,1591,RTSO|SO|OE|VE|QS|TR,3,0,10090745,600,19,0.08113,18,0.043038,301,49,4270,2391,6000,,600,,,,cyclic,transition,0,no_load,both,B5: cyclic back-and-forth,servo-app/lab-0.1
1781163303.6716352,140.42016005516052,B5_CYCLIC,B5_CYCLIC_R01_20260611_143242,delta-asda-b3-e,1591,RTSO|SO|OE|VE|QS|TR,3,0,11785052,600,15,0.06405,17,0.040647,301,49,4270,2391,6000,,600,,,,cyclic,transition,0,no_load,both,B5: cyclic back-and-forth,servo-app/lab-0.1
1781163303.7723804,140.52090525627136,B5_CYCLIC,B5_CYCLIC_R01_20260611_143242,delta-asda-b3-e,1591,RTSO|SO|OE|VE|QS|TR,3,0,13479959,600,21,0.08967,25,0.059775,301,49,4270,2391,6000,,600,,,,cyclic,transition,0,no_load,both,B5: cyclic back-and-forth,servo-app/lab-0.1
1781163303.872503,140.62102794647217,B5_CYCLIC,B5_CYCLIC_R01_20260611_143242,delta-asda-b3-e,1591,RTSO|SO|OE|VE|QS|TR,3,0,15157369,600,19,0.08113,21,0.050211,301,49,4270,2391,6000,,600,,,,cyclic,transition,0,no_load,both,B5: cyclic back-and-forth,servo-app/lab-0.1
1781163303.975245,140.72376990318298,B5_CYCLIC,B5_CYCLIC_R01_20260611_143242,delta-asda-b3-e,1591,RTSO|SO|OE|VE|QS|TR,3,0,16885476,599,23,0.09821,27,0.064557,301,49,4270,2391,6000,,600,,,,cyclic,transition,0,no_load,both,B5: cyclic back-and-forth,servo-app/lab-0.1
1781163304.0757003,140.82422518730164,B5_CYCLIC,B5_CYCLIC_R01_20260611_143242,delta-asda-b3-e,1591,RTSO|SO|OE|VE|QS|TR,3,0,18562777,600,19,0.08113,17,0.040647,301,49,4270,2391,6000,,600,,,,cyclic,transition,0,no_load,both,B5: cyclic back-and-forth,servo-app/lab-0.1
1781163304.176161,140.9246859550476,B5_CYCLIC,B5_CYCLIC_R01_20260611_143242,delta-asda-b3-e,1591,RTSO|SO|OE|VE|QS|TR,3,0,20240878,600,16,0.06832,19,0.045429,301,49,4270,2391,6000,,600,,,,cyclic,transition,0,no_load,both,B5: cyclic back-and-forth,servo-app/lab-0.1
1781163304.2763429,141.02486777305603,B5_CYCLIC,B5_CYCLIC_R01_20260611_143242,delta-asda-b3-e,1591,RTSO|SO|OE|VE|QS|TR,3,0,21935312,600,27,0.11529,21,0.050211,301,49,4270,2391,6000,,600,,,,cyclic,transition,0,no_load,both,B5: cyclic back-and-forth,servo-app/lab-0.1
1781163304.3764708,141.12499570846558,B5_CYCLIC,B5_CYCLIC_R01_20260611_143242,delta-asda-b3-e,1591,RTSO|SO|OE|VE|QS|TR,3,0,23612916,599,25,0.10675,22,0.052602,301,49,4270,2391,6000,,600,,,,cyclic,transition,0,no_load,both,B5: cyclic back-and-forth,servo-app/lab-0.1
1781163304.4765835,141.22510838508606,B5_CYCLIC,B5_CYCLIC_R01_20260611_143242,delta-asda-b3-e,1591,RTSO|SO|OE|VE|QS|TR,3,0,25290286,600,19,0.08113,19,0.045429,301,49,4270,2391,6000,,600,,,,cyclic,transition,0,no_load,both,B5: cyclic back-and-forth,servo-app/lab-0.1
1781163304.5772138,141.32573866844177,B5_CYCLIC,B5_CYCLIC_R01_20260611_143242,delta-asda-b3-e,1591,RTSO|SO|OE|VE|QS|TR,3,0,26984782,600,24,0.10248,20,0.04782,301,49,4270,2391,6000,,600,,,,cyclic,transition,0,no_load,both,B5: cyclic back-and-forth,servo-app/lab-0.1
1781163304.6773267,141.42585158348083,B5_CYCLIC,B5_CYCLIC_R01_20260611_143242,delta-asda-b3-e,1591,RTSO|SO|OE|VE|QS|TR,3,0,28662518,601,15,0.06405,19,0.045429,301,49,4270,2391,6000,,600,,,,cyclic,transition,0,no_load,both,B5: cyclic back-and-forth,servo-app/lab-0.1
1781163304.7777436,141.52626848220825,B5_CYCLIC,B5_CYCLIC_R01_20260611_143242,delta-asda-b3-e,1591,RTSO|SO|OE|VE|QS|TR,3,0,30626096,601,17,0.07259,19,0.045429,301,49,4270,2391,6000,,600,,,,cyclic,transition,0,no_load,both,B5: cyclic back-and-forth,servo-app/lab-0.1
1781163304.8787303,141.62725520133972,B5_CYCLIC,B5_CYCLIC_R01_20260611_143242,delta-asda-b3-e,1591,RTSO|SO|OE|VE|QS|TR,3,0,32034631,600,14,0.05978,15,0.035865,302,49,4270,2391,6000,,600,,,,cyclic,transition,0,no_load,both,B5: cyclic back-and-forth,servo-app/lab-0.1
1781163304.979349,141.72787380218506,B5_CYCLIC,B5_CYCLIC_R01_20260611_143242,delta-asda-b3-e,1591,RTSO|SO|OE|VE|QS|TR,3,0,33729209,600,23,0.09821,23,0.054993,301,49,4270,2391,6000,,600,,,,cyclic,transition,0,no_load,both,B5: cyclic back-and-forth,servo-app/lab-0.1
1781163305.0799017,141.82842659950256,B5_CYCLIC,B5_CYCLIC_R01_20260611_143242,delta-asda-b3-e,1591,RTSO|SO|OE|VE|QS|TR,3,0,35406619,600,16,0.06832,17,0.040647,301,49,4270,2391,6000,,600,,,,cyclic,transition,0,no_load,both,B5: cyclic back-and-forth,servo-app/lab-0.1
1781163305.1800954,141.92862033843994,B5_CYCLIC,B5_CYCLIC_R01_20260611_143242,delta-asda-b3-e,1591,RTSO|SO|OE|VE|QS|TR,3,0,37067845,600,18,0.07686,17,0.040647,302,49,4270,2391,6000,,600,,,,cyclic,transition,0,no_load,both,B5: cyclic back-and-forth,servo-app/lab-0.1
1781163305.2806168,142.029141664505,B5_CYCLIC,B5_CYCLIC_R01_20260611_143242,delta-asda-b3-e,1591,RTSO|SO|OE|VE|QS|TR,3,0,38779087,600,21,0.08967,16,0.038256,301,49,4270,2391,6000,,600,,,,cyclic,transition,0,no_load,both,B5: cyclic back-and-forth,servo-app/lab-0.1
1781163305.381068,142.1295928955078,B5_CYCLIC,B5_CYCLIC_R01_20260611_143242,delta-asda-b3-e,1591,RTSO|SO|OE|VE|QS|TR,3,0,40456627,600,17,0.07259,25,0.059775,301,49,4270,2391,6000,,600,,,,cyclic,transition,0,no_load,both,B5: cyclic back-and-forth,servo-app/lab-0.1
1781163305.481608,142.23013281822205,B5_CYCLIC,B5_CYCLIC_R01_20260611_143242,delta-asda-b3-e,1591,RTSO|SO|OE|VE|QS|TR,3,0,42167654,600,21,0.08967,23,0.054993,301,49,4270,2391,6000,,600,,,,cyclic,transition,0,no_load,both,B5: cyclic back-and-forth,servo-app/lab-0.1
1781163305.582151,142.3306758403778,B5_CYCLIC,B5_CYCLIC_R01_20260611_143242,delta-asda-b3-e,1591,RTSO|SO|OE|VE|QS|TR,3,0,43845348,600,18,0.07686,20,0.04782,301,49,4270,2391,6000,,600,,,,cyclic,transition,0,no_load,both,B5: cyclic back-and-forth,servo-app/lab-0.1
1781163305.6824024,142.43092727661133,B5_CYCLIC,B5_CYCLIC_R01_20260611_143242,delta-asda-b3-e,1591,RTSO|SO|OE|VE|QS|TR,3,0,45523245,601,18,0.07686,22,0.052602,301,49,4270,2391,6000,,600,,,,cyclic,transition,0,no_load,both,B5: cyclic back-and-forth,servo-app/lab-0.1
1781163305.7825534,142.53107833862305,B5_CYCLIC,B5_CYCLIC_R01_20260611_143242,delta-asda-b3-e,1591,RTSO|SO|OE|VE|QS|TR,3,0,47200952,600,17,0.07259,22,0.052602,301,49,4270,2391,6000,,600,,,,cyclic,transition,0,no_load,both,B5: cyclic back-and-forth,servo-app/lab-0.1
1781163305.8831394,142.63166427612305,B5_CYCLIC,B5_CYCLIC_R01_20260611_143242,delta-asda-b3-e,1591,RTSO|SO|OE|VE|QS|TR,3,0,48878445,600,19,0.08113,15,0.035865,301,49,4270,2391,6000,,600,,,,cyclic,transition,0,no_load,both,B5: cyclic back-and-forth,servo-app/lab-0.1
1781163305.9833477,142.73187255859375,B5_CYCLIC,B5_CYCLIC_R01_20260611_143242,delta-asda-b3-e,1591,RTSO|SO|OE|VE|QS|TR,3,0,50572929,600,22,0.09394,17,0.040647,301,49,4270,2391,6000,,600,,,,cyclic,transition,0,no_load,both,B5: cyclic back-and-forth,servo-app/lab-0.1
1781163306.083503,142.8320279121399,B5_CYCLIC,B5_CYCLIC_R01_20260611_143242,delta-asda-b3-e,1591,RTSO|SO|OE|VE|QS|TR,3,0,52250456,601,14,0.05978,18,0.043038,301,49,4270,2391,6000,,600,,,,cyclic,transition,0,no_load,both,B5: cyclic back-and-forth,servo-app/lab-0.1
1781163306.1838167,142.93234157562256,B5_CYCLIC,B5_CYCLIC_R01_20260611_143242,delta-asda-b3-e,1591,RTSO|SO|OE|VE|QS|TR,3,0,53928520,601,18,0.07686,21,0.050211,301,49,4270,2391,6000,,600,,,,cyclic,transition,0,no_load,both,B5: cyclic back-and-forth,servo-app/lab-0.1
1781163306.2839413,143.032466173172,B5_CYCLIC,B5_CYCLIC_R01_20260611_143242,delta-asda-b3-e,1591,RTSO|SO|OE|VE|QS|TR,3,0,55606073,600,16,0.06832,16,0.038256,301,49,4270,2391,6000,,600,,,,cyclic,transition,0,no_load,both,B5: cyclic back-and-forth,servo-app/lab-0.1
1781163306.384261,143.13278579711914,B5_CYCLIC,B5_CYCLIC_R01_20260611_143242,delta-asda-b3-e,1591,RTSO|SO|OE|VE|QS|TR,3,0,57300461,600,19,0.08113,19,0.045429,301,49,4270,2391,6000,,600,,,,cyclic,transition,0,no_load,both,B5: cyclic back-and-forth,servo-app/lab-0.1
1781163306.4843857,143.23291063308716,B5_CYCLIC,B5_CYCLIC_R01_20260611_143242,delta-asda-b3-e,1591,RTSO|SO|OE|VE|QS|TR,3,0,58977898,600,22,0.09394,22,0.052602,301,49,4270,2391,6000,,600,,,,cyclic,transition,0,no_load,both,B5: cyclic back-and-forth,servo-app/lab-0.1
1781163306.5844653,143.33299016952515,B5_CYCLIC,B5_CYCLIC_R01_20260611_143242,delta-asda-b3-e,1591,RTSO|SO|OE|VE|QS|TR,3,0,60655620,600,16,0.06832,22,0.052602,301,49,4270,2391,6000,,600,,,,cyclic,transition,0,no_load,both,B5: cyclic back-and-forth,servo-app/lab-0.1
1781163306.6847875,143.43331241607666,B5_CYCLIC,B5_CYCLIC_R01_20260611_143242,delta-asda-b3-e,1591,RTSO|SO|OE|VE|QS|TR,3,0,62333498,601,17,0.07259,19,0.045429,301,49,4270,2391,6000,,600,,,,cyclic,transition,0,no_load,both,B5: cyclic back-and-forth,servo-app/lab-0.1
1781163306.784984,143.533509016037,B5_CYCLIC,B5_CYCLIC_R01_20260611_143242,delta-asda-b3-e,1591,RTSO|SO|OE|VE|QS|TR,3,0,64011140,600,17,0.07259,18,0.043038,301,49,4270,2391,6000,,600,,,,cyclic,transition,0,no_load,both,B5: cyclic back-and-forth,servo-app/lab-0.1
1781163306.8857741,143.6342990398407,B5_CYCLIC,B5_CYCLIC_R01_20260611_143242,delta-asda-b3-e,1591,RTSO|SO|OE|VE|QS|TR,3,0,65705470,601,23,0.09821,17,0.040647,301,49,4270,2391,6000,,600,,,,cyclic,transition,0,no_load,both,B5: cyclic back-and-forth,servo-app/lab-0.1
1781163306.9859,143.73442482948303,B5_CYCLIC,B5_CYCLIC_R01_20260611_143242,delta-asda-b3-e,1591,RTSO|SO|OE|VE|QS|TR,3,0,67383099,600,16,0.06832,20,0.04782,301,49,4270,2391,6000,,600,,,,cyclic,transition,0,no_load,both,B5: cyclic back-and-forth,servo-app/lab-0.1
1781163307.0863452,143.83487010002136,B5_CYCLIC,B5_CYCLIC_R01_20260611_143242,delta-asda-b3-e,1591,RTSO|SO|OE|VE|QS|TR,3,0,69077575,601,13,0.05551,14,0.033474,301,49,4270,2391,6000,,600,,,,cyclic,transition,0,no_load,both,B5: cyclic back-and-forth,servo-app/lab-0.1
1781163307.186888,143.93541288375854,B5_CYCLIC,B5_CYCLIC_R01_20260611_143242,delta-asda-b3-e,1591,RTSO|SO|OE|VE|QS|TR,3,0,70755547,601,20,0.0854,23,0.054993,301,49,4270,2391,6000,,600,,,,cyclic,transition,0,no_load,both,B5: cyclic back-and-forth,servo-app/lab-0.1
1781163307.287104,144.03562879562378,B5_CYCLIC,B5_CYCLIC_R01_20260611_143242,delta-asda-b3-e,1591,RTSO|SO|OE|VE|QS|TR,3,0,72433148,601,14,0.05978,16,0.038256,301,49,4270,2391,6000,,600,,,,cyclic,transition,0,no_load,both,B5: cyclic back-and-forth,servo-app/lab-0.1
1781163307.387393,144.1359179019928,B5_CYCLIC,B5_CYCLIC_R01_20260611_143242,delta-asda-b3-e,1591,RTSO|SO|OE|VE|QS|TR,3,0,74127554,601,16,0.06832,15,0.035865,302,49,4270,2391,6000,,600,,,,cyclic,transition,0,no_load,both,B5: cyclic back-and-forth,servo-app/lab-0.1
1781163307.4875014,144.23602628707886,B5_CYCLIC,B5_CYCLIC_R01_20260611_143242,delta-asda-b3-e,1591,RTSO|SO|OE|VE|QS|TR,3,0,75805011,601,21,0.08967,18,0.043038,301,49,4270,2391,6000,,600,,,,cyclic,transition,0,no_load,both,B5: cyclic back-and-forth,servo-app/lab-0.1
1781163307.588084,144.33660888671875,B5_CYCLIC,B5_CYCLIC_R01_20260611_143242,delta-asda-b3-e,1591,RTSO|SO|OE|VE|QS|TR,3,0,77482754,601,16,0.06832,16,0.038256,301,49,4270,2391,6000,,600,,,,cyclic,transition,0,no_load,both,B5: cyclic back-and-forth,servo-app/lab-0.1
1781163307.6886854,144.4372103214264,B5_CYCLIC,B5_CYCLIC_R01_20260611_143242,delta-asda-b3-e,1591,RTSO|SO|OE|VE|QS|TR,3,0,79177497,602,15,0.06405,20,0.04782,301,49,4270,2391,6000,,600,,,,cyclic,transition,0,no_load,both,B5: cyclic back-and-forth,servo-app/lab-0.1
1781163307.7888026,144.53732752799988,B5_CYCLIC,B5_CYCLIC_R01_20260611_143242,delta-asda-b3-e,1591,RTSO|SO|OE|VE|QS|TR,3,0,80855081,601,18,0.07686,16,0.038256,302,49,4270,2391,6000,,600,,,,cyclic,transition,0,no_load,both,B5: cyclic back-and-forth,servo-app/lab-0.1
1781163307.889011,144.63753581047058,B5_CYCLIC,B5_CYCLIC_R01_20260611_143242,delta-asda-b3-e,1591,RTSO|SO|OE|VE|QS|TR,3,0,82532713,601,25,0.10675,22,0.052602,301,49,4270,2391,6000,,600,,,,cyclic,transition,0,no_load,both,B5: cyclic back-and-forth,servo-app/lab-0.1
1781163307.9894938,144.7380187511444,B5_CYCLIC,B5_CYCLIC_R01_20260611_143242,delta-asda-b3-e,1591,RTSO|SO|OE|VE|QS|TR,3,0,84227103,601,18,0.07686,17,0.040647,302,49,4270,2391,6000,,600,,,,cyclic,transition,0,no_load,both,B5: cyclic back-and-forth,servo-app/lab-0.1
1781163308.0896676,144.83819246292114,B5_CYCLIC,B5_CYCLIC_R01_20260611_143242,delta-asda-b3-e,1591,RTSO|SO|OE|VE|QS|TR,3,0,85904798,602,16,0.06832,15,0.035865,301,49,4270,2391,6000,,600,,,,cyclic,transition,0,no_load,both,B5: cyclic back-and-forth,servo-app/lab-0.1
1781163308.1899796,144.93850445747375,B5_CYCLIC,B5_CYCLIC_R01_20260611_143242,delta-asda-b3-e,1591,RTSO|SO|OE|VE|QS|TR,3,0,87582703,601,18,0.07686,16,0.038256,301,49,4270,2391,6000,,600,,,,cyclic,transition,0,no_load,both,B5: cyclic back-and-forth,servo-app/lab-0.1
1781163308.2900796,145.03860449790955,B5_CYCLIC,B5_CYCLIC_R01_20260611_143242,delta-asda-b3-e,1591,RTSO|SO|OE|VE|QS|TR,3,0,89260244,601,13,0.05551,16,0.038256,301,49,4270,2391,6000,,600,,,,cyclic,transition,0,no_load,both,B5: cyclic back-and-forth,servo-app/lab-0.1
1781163308.3903224,145.13884735107422,B5_CYCLIC,B5_CYCLIC_R01_20260611_143242,delta-asda-b3-e,1591,RTSO|SO|OE|VE|QS|TR,3,0,90954669,601,18,0.07686,15,0.035865,301,49,4270,2391,6000,,600,,,,cyclic,transition,0,no_load,both,B5: cyclic back-and-forth,servo-app/lab-0.1
1781163308.4904394,145.23896431922913,B5_CYCLIC,B5_CYCLIC_R01_20260611_143242,delta-asda-b3-e,1591,RTSO|SO|OE|VE|QS|TR,3,0,92632182,601,22,0.09394,25,0.059775,301,49,4270,2391,6000,,600,,,,cyclic,transition,0,no_load,both,B5: cyclic back-and-forth,servo-app/lab-0.1
1781163308.5908005,145.33932542800903,B5_CYCLIC,B5_CYCLIC_R01_20260611_143242,delta-asda-b3-e,1591,RTSO|SO|OE|VE|QS|TR,3,0,94309920,601,14,0.05978,14,0.033474,301,49,4270,2391,6000,,600,,,,cyclic,transition,0,no_load,both,B5: cyclic back-and-forth,servo-app/lab-0.1
1781163308.6909657,145.43949055671692,B5_CYCLIC,B5_CYCLIC_R01_20260611_143242,delta-asda-b3-e,1591,RTSO|SO|OE|VE|QS|TR,3,0,95987806,602,16,0.06832,19,0.045429,301,49,4270,2391,6000,,600,,,,cyclic,transition,0,no_load,both,B5: cyclic back-and-forth,servo-app/lab-0.1
1781163308.7910252,145.53955006599426,B5_CYCLIC,B5_CYCLIC_R01_20260611_143242,delta-asda-b3-e,1591,RTSO|SO|OE|VE|QS|TR,3,0,97665279,601,20,0.0854,15,0.035865,301,49,4270,2391,6000,,600,,,,cyclic,transition,0,no_load,both,B5: cyclic back-and-forth,servo-app/lab-0.1
1781163308.891761,145.64028596878052,B5_CYCLIC,B5_CYCLIC_R01_20260611_143242,delta-asda-b3-e,1591,RTSO|SO|OE|VE|QS|TR,3,0,99359811,601,25,0.10675,24,0.057384,301,49,4270,2391,6000,,600,,,,cyclic,transition,0,no_load,both,B5: cyclic back-and-forth,servo-app/lab-0.1
1781163308.992269,145.74079394340515,B5_CYCLIC,B5_CYCLIC_R01_20260611_143242,delta-asda-b3-e,1591,RTSO|SO|OE|VE|QS|TR,3,0,101054155,601,19,0.08113,15,0.035865,301,49,4270,2391,6000,,600,,,,cyclic,transition,0,no_load,both,B5: cyclic back-and-forth,servo-app/lab-0.1
1781163309.0923746,145.84089946746826,B5_CYCLIC,B5_CYCLIC_R01_20260611_143242,delta-asda-b3-e,1591,RTSO|SO|OE|VE|QS|TR,3,0,102732007,602,16,0.06832,14,0.033474,301,49,4270,2391,6000,,600,,,,cyclic,transition,0,no_load,both,B5: cyclic back-and-forth,servo-app/lab-0.1
1781163309.192887,145.9414119720459,B5_CYCLIC,B5_CYCLIC_R01_20260611_143242,delta-asda-b3-e,1591,RTSO|SO|OE|VE|QS|TR,3,0,104409825,601,23,0.09821,16,0.038256,301,49,4270,2391,6000,,600,,,,cyclic,transition,0,no_load,both,B5: cyclic back-and-forth,servo-app/lab-0.1
1781163309.2929764,146.04150128364563,B5_CYCLIC,B5_CYCLIC_R01_20260611_143242,delta-asda-b3-e,1591,RTSO|SO|OE|VE|QS|TR,3,0,106087374,601,17,0.07259,17,0.040647,301,49,4270,2391,6000,,600,,,,cyclic,transition,0,no_load,both,B5: cyclic back-and-forth,servo-app/lab-0.1
1781163309.3936768,146.1422016620636,B5_CYCLIC,B5_CYCLIC_R01_20260611_143242,delta-asda-b3-e,1591,RTSO|SO|OE|VE|QS|TR,3,0,107781758,601,16,0.06832,16,0.038256,301,49,4270,2391,6000,,600,,,,cyclic,transition,0,no_load,both,B5: cyclic back-and-forth,servo-app/lab-0.1
1781163309.4937477,146.24227261543274,B5_CYCLIC,B5_CYCLIC_R01_20260611_143242,delta-asda-b3-e,1591,RTSO|SO|OE|VE|QS|TR,3,0,109459238,601,18,0.07686,19,0.045429,301,49,4270,2391,6000,,600,,,,cyclic,transition,0,no_load,both,B5: cyclic back-and-forth,servo-app/lab-0.1
1781163309.5938406,146.34236550331116,B5_CYCLIC,B5_CYCLIC_R01_20260611_143242,delta-asda-b3-e,1591,RTSO|SO|OE|VE|QS|TR,3,0,111137077,602,16,0.06832,17,0.040647,301,49,4270,2391,6000,,600,,,,cyclic,transition,0,no_load,both,B5: cyclic back-and-forth,servo-app/lab-0.1
1781163309.6939135,146.44243836402893,B5_CYCLIC,B5_CYCLIC_R01_20260611_143242,delta-asda-b3-e,1591,RTSO|SO|OE|VE|QS|TR,3,0,112814915,602,20,0.0854,18,0.043038,301,49,4270,2391,6000,,600,,,,cyclic,transition,0,no_load,both,B5: cyclic back-and-forth,servo-app/lab-0.1
1781163309.793994,146.54251885414124,B5_CYCLIC,B5_CYCLIC_R01_20260611_143242,delta-asda-b3-e,1591,RTSO|SO|OE|VE|QS|TR,3,0,114492393,601,18,0.07686,17,0.040647,301,49,4270,2391,6000,,600,,,,cyclic,transition,0,no_load,both,B5: cyclic back-and-forth,servo-app/lab-0.1
1781163309.8943136,146.64283847808838,B5_CYCLIC,B5_CYCLIC_R01_20260611_143242,delta-asda-b3-e,1591,RTSO|SO|OE|VE|QS|TR,3,0,116170122,601,24,0.10248,24,0.057384,301,49,4270,2391,6000,,600,,,,cyclic,transition,0,no_load,both,B5: cyclic back-and-forth,servo-app/lab-0.1
1781163309.9945393,146.74306416511536,B5_CYCLIC,B5_CYCLIC_R01_20260611_143242,delta-asda-b3-e,1591,RTSO|SO|OE|VE|QS|TR,3,0,117864415,601,15,0.06405,18,0.043038,301,49,4270,2391,6000,,600,,,,cyclic,transition,0,no_load,both,B5: cyclic back-and-forth,servo-app/lab-0.1
1781163310.0952942,146.84381914138794,B5_CYCLIC,B5_CYCLIC_R01_20260611_143242,delta-asda-b3-e,1591,RTSO|SO|OE|VE|QS|TR,3,0,119542363,602,15,0.06405,16,0.038256,301,49,4270,2391,6000,,600,,,,cyclic,transition,0,no_load,both,B5: cyclic back-and-forth,servo-app/lab-0.1
1781163310.1958625,146.9443874359131,B5_CYCLIC,B5_CYCLIC_R01_20260611_143242,delta-asda-b3-e,1591,RTSO|SO|OE|VE|QS|TR,3,0,121236889,601,18,0.07686,23,0.054993,301,49,4270,2391,6000,,600,,,,cyclic,transition,0,no_load,both,B5: cyclic back-and-forth,servo-app/lab-0.1
1781163310.29626,147.0447850227356,B5_CYCLIC,B5_CYCLIC_R01_20260611_143242,delta-asda-b3-e,1591,RTSO|SO|OE|VE|QS|TR,3,0,122914407,601,18,0.07686,17,0.040647,302,49,4270,2391,6000,,600,,,,cyclic,transition,0,no_load,both,B5: cyclic back-and-forth,servo-app/lab-0.1
1781163310.39655,147.14507484436035,B5_CYCLIC,B5_CYCLIC_R01_20260611_143242,delta-asda-b3-e,1591,RTSO|SO|OE|VE|QS|TR,3,0,124608765,601,16,0.06832,17,0.040647,302,49,4270,2391,6000,,600,,,,cyclic,transition,0,no_load,both,B5: cyclic back-and-forth,servo-app/lab-0.1
1781163310.496739,147.24526381492615,B5_CYCLIC,B5_CYCLIC_R01_20260611_143242,delta-asda-b3-e,1591,RTSO|SO|OE|VE|QS|TR,3,0,126286266,601,16,0.06832,17,0.040647,302,49,4270,2391,6000,,600,,,,cyclic,transition,0,no_load,both,B5: cyclic back-and-forth,servo-app/lab-0.1
1781163310.597597,147.3461217880249,B5_CYCLIC,B5_CYCLIC_R01_20260611_143242,delta-asda-b3-e,1591,RTSO|SO|OE|VE|QS|TR,3,0,127980945,601,15,0.06405,14,0.033474,301,49,4270,2391,6000,,600,,,,cyclic,transition,0,no_load,both,B5: cyclic back-and-forth,servo-app/lab-0.1
1781163310.697706,147.4462308883667,B5_CYCLIC,B5_CYCLIC_R01_20260611_143242,delta-asda-b3-e,1591,RTSO|SO|OE|VE|QS|TR,3,0,129658711,601,18,0.07686,15,0.035865,301,49,4270,2391,6000,,600,,,,cyclic,transition,0,no_load,both,B5: cyclic back-and-forth,servo-app/lab-0.1
1781163310.7977636,147.5462884902954,B5_CYCLIC,B5_CYCLIC_R01_20260611_143242,delta-asda-b3-e,1591,RTSO|SO|OE|VE|QS|TR,3,0,131336167,601,18,0.07686,18,0.043038,301,49,4270,2391,6000,,600,,,,cyclic,transition,0,no_load,both,B5: cyclic back-and-forth,servo-app/lab-0.1
1781163310.897979,147.6465039253235,B5_CYCLIC,B5_CYCLIC_R01_20260611_143242,delta-asda-b3-e,1591,RTSO|SO|OE|VE|QS|TR,3,0,133013886,601,22,0.09394,24,0.057384,301,49,4270,2391,6000,,600,,,,cyclic,transition,0,no_load,both,B5: cyclic back-and-forth,servo-app/lab-0.1
1781163310.9980736,147.74659848213196,B5_CYCLIC,B5_CYCLIC_R01_20260611_143242,delta-asda-b3-e,1591,RTSO|SO|OE|VE|QS|TR,3,0,134691393,601,18,0.07686,18,0.043038,301,49,4270,2391,6000,,600,,,,cyclic,transition,0,no_load,both,B5: cyclic back-and-forth,servo-app/lab-0.1
1781163311.0984674,147.8469922542572,B5_CYCLIC,B5_CYCLIC_R01_20260611_143242,delta-asda-b3-e,1591,RTSO|SO|OE|VE|QS|TR,3,0,136386159,602,19,0.08113,17,0.040647,301,49,4270,2391,6000,,600,,,,cyclic,transition,0,no_load,both,B5: cyclic back-and-forth,servo-app/lab-0.1
1781163311.199052,147.9475769996643,B5_CYCLIC,B5_CYCLIC_R01_20260611_143242,delta-asda-b3-e,1591,RTSO|SO|OE|VE|QS|TR,3,0,138063821,601,21,0.08967,22,0.052602,301,49,4270,2391,6000,,600,,,,cyclic,transition,0,no_load,both,B5: cyclic back-and-forth,servo-app/lab-0.1
1781163311.2991421,148.04766702651978,B5_CYCLIC,B5_CYCLIC_R01_20260611_143242,delta-asda-b3-e,1591,RTSO|SO|OE|VE|QS|TR,3,0,139741405,601,23,0.09821,16,0.038256,301,49,4270,2391,6000,,600,,,,cyclic,transition,0,no_load,both,B5: cyclic back-and-forth,servo-app/lab-0.1
1781163311.3992286,148.14775347709656,B5_CYCLIC,B5_CYCLIC_R01_20260611_143242,delta-asda-b3-e,1591,RTSO|SO|OE|VE|QS|TR,3,0,141418942,601,14,0.05978,14,0.033474,301,49,4270,2391,6000,,600,,,,cyclic,transition,0,no_load,both,B5: cyclic back-and-forth,servo-app/lab-0.1
1781163311.4998612,148.24838614463806,B5_CYCLIC,B5_CYCLIC_R01_20260611_143242,delta-asda-b3-e,1591,RTSO|SO|OE|VE|QS|TR,3,0,143113271,601,16,0.06832,16,0.038256,301,49,4270,2391,6000,,600,,,,cyclic,transition,0,no_load,both,B5: cyclic back-and-forth,servo-app/lab-0.1
1781163311.6001203,148.3486452102661,B5_CYCLIC,B5_CYCLIC_R01_20260611_143242,delta-asda-b3-e,1591,RTSO|SO|OE|VE|QS|TR,3,0,144791182,601,16,0.06832,15,0.035865,301,49,4270,2391,6000,,600,,,,cyclic,transition,0,no_load,both,B5: cyclic back-and-forth,servo-app/lab-0.1
1781163311.7003121,148.44883704185486,B5_CYCLIC,B5_CYCLIC_R01_20260611_143242,delta-asda-b3-e,1591,RTSO|SO|OE|VE|QS|TR,3,0,146485645,601,18,0.07686,17,0.040647,301,49,4270,2391,6000,,600,,,,cyclic,transition,0,no_load,both,B5: cyclic back-and-forth,servo-app/lab-0.1
1781163311.8006167,148.54914164543152,B5_CYCLIC,B5_CYCLIC_R01_20260611_143242,delta-asda-b3-e,1591,RTSO|SO|OE|VE|QS|TR,3,0,148163087,600,16,0.06832,16,0.038256,301,49,4270,2391,6000,,600,,,,cyclic,transition,0,no_load,both,B5: cyclic back-and-forth,servo-app/lab-0.1
1781163311.9007924,148.64931726455688,B5_CYCLIC,B5_CYCLIC_R01_20260611_143242,delta-asda-b3-e,1591,RTSO|SO|OE|VE|QS|TR,3,0,149840778,601,19,0.08113,22,0.052602,301,49,4270,2391,6000,,600,,,,cyclic,transition,0,no_load,both,B5: cyclic back-and-forth,servo-app/lab-0.1
1781163312.0009048,148.7494297027588,B5_CYCLIC,B5_CYCLIC_R01_20260611_143242,delta-asda-b3-e,1591,RTSO|SO|OE|VE|QS|TR,3,0,151518283,601,15,0.06405,17,0.040647,301,49,4270,2391,6000,,600,,,,cyclic,transition,0,no_load,both,B5: cyclic back-and-forth,servo-app/lab-0.1
1781163312.101418,148.84994292259216,B5_CYCLIC,B5_CYCLIC_R01_20260611_143242,delta-asda-b3-e,1591,RTSO|SO|OE|VE|QS|TR,3,0,153213119,601,18,0.07686,18,0.043038,301,49,4270,2391,6000,,600,,,,cyclic,transition,0,no_load,both,B5: cyclic back-and-forth,servo-app/lab-0.1
1781163312.201855,148.95037984848022,B5_CYCLIC,B5_CYCLIC_R01_20260611_143242,delta-asda-b3-e,1591,RTSO|SO|OE|VE|QS|TR,3,0,154890671,600,18,0.07686,20,0.04782,301,49,4270,2391,6000,,600,,,,cyclic,transition,0,no_load,both,B5: cyclic back-and-forth,servo-app/lab-0.1
1781163312.301944,149.05046892166138,B5_CYCLIC,B5_CYCLIC_R01_20260611_143242,delta-asda-b3-e,1591,RTSO|SO|OE|VE|QS|TR,3,0,156568348,601,19,0.08113,17,0.040647,301,49,4270,2391,6000,,600,,,,cyclic,transition,0,no_load,both,B5: cyclic back-and-forth,servo-app/lab-0.1
1781163312.402452,149.150976896286,B5_CYCLIC,B5_CYCLIC_R01_20260611_143242,delta-asda-b3-e,1591,RTSO|SO|OE|VE|QS|TR,3,0,158262575,600,16,0.06832,18,0.043038,301,49,4270,2391,6000,,600,,,,cyclic,transition,0,no_load,both,B5: cyclic back-and-forth,servo-app/lab-0.1
1781163312.5029137,149.2514386177063,B5_CYCLIC,B5_CYCLIC_R01_20260611_143242,delta-asda-b3-e,1591,RTSO|SO|OE|VE|QS|TR,3,0,159940226,601,18,0.07686,17,0.040647,301,49,4270,2391,6000,,600,,,,cyclic,transition,0,no_load,both,B5: cyclic back-and-forth,servo-app/lab-0.1
1781163312.6038806,149.3524055480957,B5_CYCLIC,B5_CYCLIC_R01_20260611_143242,delta-asda-b3-e,1591,RTSO|SO|OE|VE|QS|TR,3,0,161634857,601,15,0.06405,16,0.038256,301,49,4270,2391,6000,,600,,,,cyclic,transition,0,no_load,both,B5: cyclic back-and-forth,servo-app/lab-0.1
1781163312.704279,149.45280385017395,B5_CYCLIC,B5_CYCLIC_R01_20260611_143242,delta-asda-b3-e,1591,RTSO|SO|OE|VE|QS|TR,3,0,163329280,600,20,0.0854,19,0.045429,301,49,4270,2391,6000,,600,,,,cyclic,transition,0,no_load,both,B5: cyclic back-and-forth,servo-app/lab-0.1
1781163312.80543,149.55395483970642,B5_CYCLIC,B5_CYCLIC_R01_20260611_143242,delta-asda-b3-e,1591,RTSO|SO|OE|VE|QS|TR,3,0,165023549,600,17,0.07259,15,0.035865,301,49,4270,2391,6000,,600,,,,cyclic,transition,0,no_load,both,B5: cyclic back-and-forth,servo-app/lab-0.1
1781163312.9055154,149.6540403366089,B5_CYCLIC,B5_CYCLIC_R01_20260611_143242,delta-asda-b3-e,1591,RTSO|SO|OE|VE|QS|TR,3,0,166701272,600,20,0.0854,18,0.043038,301,49,4270,2391,6000,,600,,,,cyclic,transition,0,no_load,both,B5: cyclic back-and-forth,servo-app/lab-0.1
1781163313.0063946,149.75491952896118,B5_CYCLIC,B5_CYCLIC_R01_20260611_143242,delta-asda-b3-e,1591,RTSO|SO|OE|VE|QS|TR,3,0,168479594,600,16,0.06832,15,0.035865,301,49,4270,2391,6000,,600,,,,cyclic,transition,0,no_load,both,B5: cyclic back-and-forth,servo-app/lab-0.1
1781163313.106663,149.85518789291382,B5_CYCLIC,B5_CYCLIC_R01_20260611_143242,delta-asda-b3-e,1591,RTSO|SO|OE|VE|QS|TR,3,0,170073691,601,19,0.08113,18,0.043038,301,49,4270,2391,6000,,600,,,,cyclic,transition,0,no_load,both,B5: cyclic back-and-forth,servo-app/lab-0.1
1781163313.2069345,149.95545935630798,B5_CYCLIC,B5_CYCLIC_R01_20260611_143242,delta-asda-b3-e,1591,RTSO|SO|OE|VE|QS|TR,3,0,171751099,600,18,0.07686,17,0.040647,301,49,4270,2391,6000,,600,,,,cyclic,transition,0,no_load,both,B5: cyclic back-and-forth,servo-app/lab-0.1
1781163313.3070672,150.0555920600891,B5_CYCLIC,B5_CYCLIC_R01_20260611_143242,delta-asda-b3-e,1591,RTSO|SO|OE|VE|QS|TR,3,0,171616071,-589,-20,-0.0854,-17,-0.040647,301,49,4270,2391,6000,,600,,,,cyclic,transition,0,no_load,both,B5: cyclic back-and-forth,servo-app/lab-0.1
1781163313.4071496,150.15567445755005,B5_CYCLIC,B5_CYCLIC_R01_20260611_143242,delta-asda-b3-e,1591,RTSO|SO|OE|VE|QS|TR,3,0,169938774,-600,-25,-0.10675,-28,-0.066948,301,49,4270,2391,6000,,600,,,,cyclic,transition,0,no_load,both,B5: cyclic back-and-forth,servo-app/lab-0.1
1781163313.507231,150.25575590133667,B5_CYCLIC,B5_CYCLIC_R01_20260611_143242,delta-asda-b3-e,1591,RTSO|SO|OE|VE|QS|TR,3,0,168277864,-600,-21,-0.08967,-24,-0.057384,301,49,4270,2391,6000,,600,,,,cyclic,transition,0,no_load,both,B5: cyclic back-and-forth,servo-app/lab-0.1
1781163313.6073456,150.3558704853058,B5_CYCLIC,B5_CYCLIC_R01_20260611_143242,delta-asda-b3-e,1591,RTSO|SO|OE|VE|QS|TR,3,0,166583335,-600,-21,-0.08967,-19,-0.045429,301,49,4270,2391,6000,,600,,,,cyclic,transition,0,no_load,both,B5: cyclic back-and-forth,servo-app/lab-0.1
1781163313.7074852,150.4560101032257,B5_CYCLIC,B5_CYCLIC_R01_20260611_143242,delta-asda-b3-e,1591,RTSO|SO|OE|VE|QS|TR,3,0,164888476,-600,-18,-0.07686,-19,-0.045429,301,49,4270,2391,6000,,600,,,,cyclic,transition,0,no_load,both,B5: cyclic back-and-forth,servo-app/lab-0.1
1781163313.807634,150.55615901947021,B5_CYCLIC,B5_CYCLIC_R01_20260611_143242,delta-asda-b3-e,1591,RTSO|SO|OE|VE|QS|TR,3,0,163210976,-600,-16,-0.06832,-16,-0.038256,301,49,4270,2391,6000,,600,,,,cyclic,transition,0,no_load,both,B5: cyclic back-and-forth,servo-app/lab-0.1
1781163313.9077392,150.65626406669617,B5_CYCLIC,B5_CYCLIC_R01_20260611_143242,delta-asda-b3-e,1591,RTSO|SO|OE|VE|QS|TR,3,0,161533100,-600,-23,-0.09821,-26,-0.062166,301,49,4270,2391,6000,,600,,,,cyclic,transition,0,no_load,both,B5: cyclic back-and-forth,servo-app/lab-0.1
1781163314.0082047,150.75672960281372,B5_CYCLIC,B5_CYCLIC_R01_20260611_143242,delta-asda-b3-e,1591,RTSO|SO|OE|VE|QS|TR,3,0,159855710,-600,-21,-0.08967,-21,-0.050211,301,49,4270,2391,6000,,600,,,,cyclic,transition,0,no_load,both,B5: cyclic back-and-forth,servo-app/lab-0.1
1781163314.1082964,150.85682129859924,B5_CYCLIC,B5_CYCLIC_R01_20260611_143242,delta-asda-b3-e,1591,RTSO|SO|OE|VE|QS|TR,3,0,158177507,-600,-18,-0.07686,-27,-0.064557,301,49,4270,2391,6000,,600,,,,cyclic,transition,0,no_load,both,B5: cyclic back-and-forth,servo-app/lab-0.1
1781163314.2085178,150.9570426940918,B5_CYCLIC,B5_CYCLIC_R01_20260611_143242,delta-asda-b3-e,1591,RTSO|SO|OE|VE|QS|TR,3,0,156483394,-600,-22,-0.09394,-19,-0.045429,301,49,4270,2391,6000,,600,,,,cyclic,transition,0,no_load,both,B5: cyclic back-and-forth,servo-app/lab-0.1
1781163314.3089685,151.05749344825745,B5_CYCLIC,B5_CYCLIC_R01_20260611_143242,delta-asda-b3-e,1591,RTSO|SO|OE|VE|QS|TR,3,0,154805433,-600,-21,-0.08967,-19,-0.045429,301,49,4270,2391,6000,,600,,,,cyclic,transition,0,no_load,both,B5: cyclic back-and-forth,servo-app/lab-0.1
1781163314.4090524,151.15757727622986,B5_CYCLIC,B5_CYCLIC_R01_20260611_143242,delta-asda-b3-e,1591,RTSO|SO|OE|VE|QS|TR,3,0,153128180,-600,-20,-0.0854,-23,-0.054993,301,49,4270,2391,6000,,600,,,,cyclic,transition,0,no_load,both,B5: cyclic back-and-forth,servo-app/lab-0.1
1781163314.5104206,151.2589454650879,B5_CYCLIC,B5_CYCLIC_R01_20260611_143242,delta-asda-b3-e,1591,RTSO|SO|OE|VE|QS|TR,3,0,151433379,-600,-21,-0.08967,-20,-0.04782,301,49,4270,2391,6000,,600,,,,cyclic,transition,0,no_load,both,B5: cyclic back-and-forth,servo-app/lab-0.1
1781163314.6108701,151.35939502716064,B5_CYCLIC,B5_CYCLIC_R01_20260611_143242,delta-asda-b3-e,1591,RTSO|SO|OE|VE|QS|TR,3,0,149738865,-600,-22,-0.09394,-28,-0.066948,301,49,4270,2391,6000,,600,,,,cyclic,transition,0,no_load,both,B5: cyclic back-and-forth,servo-app/lab-0.1
1781163314.7109542,151.45947909355164,B5_CYCLIC,B5_CYCLIC_R01_20260611_143242,delta-asda-b3-e,1591,RTSO|SO|OE|VE|QS|TR,3,0,148060907,-600,-18,-0.07686,-21,-0.050211,301,49,4270,2391,6000,,600,,,,cyclic,transition,0,no_load,both,B5: cyclic back-and-forth,servo-app/lab-0.1
1781163314.8110428,151.55956768989563,B5_CYCLIC,B5_CYCLIC_R01_20260611_143242,delta-asda-b3-e,1591,RTSO|SO|OE|VE|QS|TR,3,0,146383397,-600,-20,-0.0854,-19,-0.045429,301,49,4270,2391,6000,,600,,,,cyclic,transition,0,no_load,both,B5: cyclic back-and-forth,servo-app/lab-0.1
1781163314.9111204,151.65964531898499,B5_CYCLIC,B5_CYCLIC_R01_20260611_143242,delta-asda-b3-e,1591,RTSO|SO|OE|VE|QS|TR,3,0,144705587,-600,-18,-0.07686,-21,-0.050211,301,49,4270,2391,6000,,600,,,,cyclic,transition,0,no_load,both,B5: cyclic back-and-forth,servo-app/lab-0.1
1781163315.0112934,151.75981831550598,B5_CYCLIC,B5_CYCLIC_R01_20260611_143242,delta-asda-b3-e,1591,RTSO|SO|OE|VE|QS|TR,3,0,143011287,-600,-22,-0.09394,-23,-0.054993,301,49,4270,2391,6000,,600,,,,cyclic,transition,0,no_load,both,B5: cyclic back-and-forth,servo-app/lab-0.1
1781163315.1113677,151.85989260673523,B5_CYCLIC,B5_CYCLIC_R01_20260611_143242,delta-asda-b3-e,1591,RTSO|SO|OE|VE|QS|TR,3,0,141349907,-600,-18,-0.07686,-20,-0.04782,301,49,4270,2391,6000,,600,,,,cyclic,transition,0,no_load,both,B5: cyclic back-and-forth,servo-app/lab-0.1
1781163315.2115295,151.960054397583,B5_CYCLIC,B5_CYCLIC_R01_20260611_143242,delta-asda-b3-e,1591,RTSO|SO|OE|VE|QS|TR,3,0,139655824,-600,-23,-0.09821,-18,-0.043038,301,49,4270,2391,6000,,600,,,,cyclic,transition,0,no_load,both,B5: cyclic back-and-forth,servo-app/lab-0.1
1781163315.3118174,152.06034231185913,B5_CYCLIC,B5_CYCLIC_R01_20260611_143242,delta-asda-b3-e,1591,RTSO|SO|OE|VE|QS|TR,3,0,137977847,-600,-23,-0.09821,-22,-0.052602,301,49,4270,2391,6000,,600,,,,cyclic,transition,0,no_load,both,B5: cyclic back-and-forth,servo-app/lab-0.1
1781163315.4120383,152.16056323051453,B5_CYCLIC,B5_CYCLIC_R01_20260611_143242,delta-asda-b3-e,1591,RTSO|SO|OE|VE|QS|TR,3,0,136300519,-600,-25,-0.10675,-21,-0.050211,302,49,4270,2391,6000,,600,,,,cyclic,transition,0,no_load,both,B5: cyclic back-and-forth,servo-app/lab-0.1
1781163315.512598,152.26112294197083,B5_CYCLIC,B5_CYCLIC_R01_20260611_143242,delta-asda-b3-e,1591,RTSO|SO|OE|VE|QS|TR,3,0,134605641,-600,-16,-0.06832,-19,-0.045429,301,49,4270,2391,6000,,600,,,,cyclic,transition,0,no_load,both,B5: cyclic back-and-forth,servo-app/lab-0.1
1781163315.6127279,152.361252784729,B5_CYCLIC,B5_CYCLIC_R01_20260611_143242,delta-asda-b3-e,1591,RTSO|SO|OE|VE|QS|TR,3,0,132928028,-600,-19,-0.08113,-20,-0.04782,302,49,4270,2391,6000,,600,,,,cyclic,transition,0,no_load,both,B5: cyclic back-and-forth,servo-app/lab-0.1
1781163315.712853,152.4613778591156,B5_CYCLIC,B5_CYCLIC_R01_20260611_143242,delta-asda-b3-e,1591,RTSO|SO|OE|VE|QS|TR,3,0,131250062,-600,-17,-0.07259,-17,-0.040647,301,49,4270,2391,6000,,600,,,,cyclic,transition,0,no_load,both,B5: cyclic back-and-forth,servo-app/lab-0.1
1781163315.8132017,152.5617265701294,B5_CYCLIC,B5_CYCLIC_R01_20260611_143242,delta-asda-b3-e,1591,RTSO|SO|OE|VE|QS|TR,3,0,129572565,-600,-25,-0.10675,-27,-0.064557,302,49,4270,2391,6000,,600,,,,cyclic,transition,0,no_load,both,B5: cyclic back-and-forth,servo-app/lab-0.1
1781163315.9134088,152.6619336605072,B5_CYCLIC,B5_CYCLIC_R01_20260611_143242,delta-asda-b3-e,1591,RTSO|SO|OE|VE|QS|TR,3,0,127894807,-599,-23,-0.09821,-20,-0.04782,301,49,4270,2391,6000,,600,,,,cyclic,transition,0,no_load,both,B5: cyclic back-and-forth,servo-app/lab-0.1
1781163316.0142365,152.7627613544464,B5_CYCLIC,B5_CYCLIC_R01_20260611_143242,delta-asda-b3-e,1591,RTSO|SO|OE|VE|QS|TR,3,0,126200433,-600,-19,-0.08113,-20,-0.04782,301,49,4270,2391,6000,,600,,,,cyclic,transition,0,no_load,both,B5: cyclic back-and-forth,servo-app/lab-0.1
1781163316.114785,152.8633098602295,B5_CYCLIC,B5_CYCLIC_R01_20260611_143242,delta-asda-b3-e,1591,RTSO|SO|OE|VE|QS|TR,3,0,124505542,-600,-20,-0.0854,-17,-0.040647,301,49,4270,2391,6000,,600,,,,cyclic,transition,0,no_load,both,B5: cyclic back-and-forth,servo-app/lab-0.1
1781163316.2150376,152.9635624885559,B5_CYCLIC,B5_CYCLIC_R01_20260611_143242,delta-asda-b3-e,1591,RTSO|SO|OE|VE|QS|TR,3,0,122828193,-600,-22,-0.09394,-19,-0.045429,302,49,4270,2391,6000,,600,,,,cyclic,transition,0,no_load,both,B5: cyclic back-and-forth,servo-app/lab-0.1
1781163316.3156567,153.0641815662384,B5_CYCLIC,B5_CYCLIC_R01_20260611_143242,delta-asda-b3-e,1591,RTSO|SO|OE|VE|QS|TR,3,0,121133512,-600,-23,-0.09821,-23,-0.054993,301,49,4270,2391,6000,,600,,,,cyclic,transition,0,no_load,both,B5: cyclic back-and-forth,servo-app/lab-0.1
1781163316.4158535,153.1643784046173,B5_CYCLIC,B5_CYCLIC_R01_20260611_143242,delta-asda-b3-e,1591,RTSO|SO|OE|VE|QS|TR,3,0,119456206,-599,-22,-0.09394,-20,-0.04782,301,49,4270,2391,6000,,600,,,,cyclic,transition,0,no_load,both,B5: cyclic back-and-forth,servo-app/lab-0.1
1781163316.5161467,153.26467156410217,B5_CYCLIC,B5_CYCLIC_R01_20260611_143242,delta-asda-b3-e,1591,RTSO|SO|OE|VE|QS|TR,3,0,117778028,-600,-16,-0.06832,-17,-0.040647,302,49,4270,2391,6000,,600,,,,cyclic,transition,0,no_load,both,B5: cyclic back-and-forth,servo-app/lab-0.1
1781163316.6162274,153.36475229263306,B5_CYCLIC,B5_CYCLIC_R01_20260611_143242,delta-asda-b3-e,1591,RTSO|SO|OE|VE|QS|TR,3,0,116100443,-600,-19,-0.08113,-17,-0.040647,301,49,4270,2391,6000,,600,,,,cyclic,transition,0,no_load,both,B5: cyclic back-and-forth,servo-app/lab-0.1
1781163316.716561,153.46508598327637,B5_CYCLIC,B5_CYCLIC_R01_20260611_143242,delta-asda-b3-e,1591,RTSO|SO|OE|VE|QS|TR,3,0,114405687,-600,-21,-0.08967,-20,-0.04782,302,49,4270,2391,6000,,600,,,,cyclic,transition,0,no_load,both,B5: cyclic back-and-forth,servo-app/lab-0.1
1781163316.816652,153.56517696380615,B5_CYCLIC,B5_CYCLIC_R01_20260611_143242,delta-asda-b3-e,1591,RTSO|SO|OE|VE|QS|TR,3,0,112728266,-599,-25,-0.10675,-21,-0.050211,302,49,4270,2391,6000,,600,,,,cyclic,transition,0,no_load,both,B5: cyclic back-and-forth,servo-app/lab-0.1
1781163316.9171276,153.66565251350403,B5_CYCLIC,B5_CYCLIC_R01_20260611_143242,delta-asda-b3-e,1591,RTSO|SO|OE|VE|QS|TR,3,0,111050465,-599,-19,-0.08113,-16,-0.038256,302,49,4270,2391,6000,,600,,,,cyclic,transition,0,no_load,both,B5: cyclic back-and-forth,servo-app/lab-0.1
1781163317.0174994,153.76602435112,B5_CYCLIC,B5_CYCLIC_R01_20260611_143242,delta-asda-b3-e,1591,RTSO|SO|OE|VE|QS|TR,3,0,109356036,-600,-17,-0.07259,-17,-0.040647,302,49,4270,2391,6000,,600,,,,cyclic,transition,0,no_load,both,B5: cyclic back-and-forth,servo-app/lab-0.1
1781163317.1175878,153.8661127090454,B5_CYCLIC,B5_CYCLIC_R01_20260611_143242,delta-asda-b3-e,1591,RTSO|SO|OE|VE|QS|TR,3,0,107678015,-600,-20,-0.0854,-18,-0.043038,301,49,4270,2391,6000,,600,,,,cyclic,transition,0,no_load,both,B5: cyclic back-and-forth,servo-app/lab-0.1
1781163317.2182813,153.96680617332458,B5_CYCLIC,B5_CYCLIC_R01_20260611_143242,delta-asda-b3-e,1591,RTSO|SO|OE|VE|QS|TR,3,0,106000657,-600,-20,-0.0854,-23,-0.054993,301,49,4270,2391,6000,,600,,,,cyclic,transition,0,no_load,both,B5: cyclic back-and-forth,servo-app/lab-0.1
1781163317.318864,154.06738901138306,B5_CYCLIC,B5_CYCLIC_R01_20260611_143242,delta-asda-b3-e,1591,RTSO|SO|OE|VE|QS|TR,3,0,104305997,-599,-20,-0.0854,-24,-0.057384,301,49,4270,2391,6000,,600,,,,cyclic,transition,0,no_load,both,B5: cyclic back-and-forth,servo-app/lab-0.1
1781163317.4196067,154.16813158988953,B5_CYCLIC,B5_CYCLIC_R01_20260611_143242,delta-asda-b3-e,1591,RTSO|SO|OE|VE|QS|TR,3,0,102612009,-599,-21,-0.08967,-24,-0.057384,301,49,4270,2391,6000,,600,,,,cyclic,transition,0,no_load,both,B5: cyclic back-and-forth,servo-app/lab-0.1
1781163317.520259,154.26878380775452,B5_CYCLIC,B5_CYCLIC_R01_20260611_143242,delta-asda-b3-e,1591,RTSO|SO|OE|VE|QS|TR,3,0,100933822,-600,-17,-0.07259,-19,-0.045429,302,49,4270,2391,6000,,600,,,,cyclic,transition,0,no_load,both,B5: cyclic back-and-forth,servo-app/lab-0.1
1781163317.6205306,154.36905550956726,B5_CYCLIC,B5_CYCLIC_R01_20260611_143242,delta-asda-b3-e,1591,RTSO|SO|OE|VE|QS|TR,3,0,99239646,-599,-22,-0.09394,-23,-0.054993,302,49,4270,2391,6000,,600,,,,cyclic,transition,0,no_load,both,B5: cyclic back-and-forth,servo-app/lab-0.1
1781163317.7216876,154.4702124595642,B5_CYCLIC,B5_CYCLIC_R01_20260611_143242,delta-asda-b3-e,1591,RTSO|SO|OE|VE|QS|TR,3,0,97544792,-599,-17,-0.07259,-18,-0.043038,302,49,4270,2391,6000,,600,,,,cyclic,transition,0,no_load,both,B5: cyclic back-and-forth,servo-app/lab-0.1
1781163317.8227506,154.571275472641,B5_CYCLIC,B5_CYCLIC_R01_20260611_143242,delta-asda-b3-e,1591,RTSO|SO|OE|VE|QS|TR,3,0,95766943,-599,-24,-0.10248,-26,-0.062166,302,49,4270,2391,6000,,600,,,,cyclic,transition,0,no_load,both,B5: cyclic back-and-forth,servo-app/lab-0.1
1781163317.9232576,154.6717824935913,B5_CYCLIC,B5_CYCLIC_R01_20260611_143242,delta-asda-b3-e,1591,RTSO|SO|OE|VE|QS|TR,3,0,94172786,-599,-17,-0.07259,-15,-0.035865,302,49,4270,2391,6000,,600,,,,cyclic,transition,0,no_load,both,B5: cyclic back-and-forth,servo-app/lab-0.1
1781163318.023338,154.7718629837036,B5_CYCLIC,B5_CYCLIC_R01_20260611_143242,delta-asda-b3-e,1591,RTSO|SO|OE|VE|QS|TR,3,0,92495040,-600,-23,-0.09821,-20,-0.04782,301,49,4270,2391,6000,,600,,,,cyclic,transition,0,no_load,both,B5: cyclic back-and-forth,servo-app/lab-0.1
1781163318.1235394,154.87206435203552,B5_CYCLIC,B5_CYCLIC_R01_20260611_143242,delta-asda-b3-e,1591,RTSO|SO|OE|VE|QS|TR,3,0,90800363,-599,-18,-0.07686,-15,-0.035865,302,49,4270,2391,6000,,600,,,,cyclic,transition,0,no_load,both,B5: cyclic back-and-forth,servo-app/lab-0.1
1781163318.2237313,154.97225618362427,B5_CYCLIC,B5_CYCLIC_R01_20260611_143242,delta-asda-b3-e,1591,RTSO|SO|OE|VE|QS|TR,3,0,89122908,-599,-18,-0.07686,-20,-0.04782,302,49,4270,2391,6000,,600,,,,cyclic,transition,0,no_load,both,B5: cyclic back-and-forth,servo-app/lab-0.1
1781163318.323938,155.07246279716492,B5_CYCLIC,B5_CYCLIC_R01_20260611_143242,delta-asda-b3-e,1591,RTSO|SO|OE|VE|QS|TR,3,0,87445143,-599,-18,-0.07686,-19,-0.045429,302,49,4270,2391,6000,,600,,,,cyclic,transition,0,no_load,both,B5: cyclic back-and-forth,servo-app/lab-0.1
1781163318.4243054,155.17283034324646,B5_CYCLIC,B5_CYCLIC_R01_20260611_143242,delta-asda-b3-e,1591,RTSO|SO|OE|VE|QS|TR,3,0,85767633,-599,-18,-0.07686,-20,-0.04782,301,49,4270,2391,6000,,600,,,,cyclic,transition,0,no_load,both,B5: cyclic back-and-forth,servo-app/lab-0.1
1781163318.5248313,155.27335619926453,B5_CYCLIC,B5_CYCLIC_R01_20260611_143242,delta-asda-b3-e,1591,RTSO|SO|OE|VE|QS|TR,3,0,84072647,-600,-15,-0.06405,-19,-0.045429,302,49,4270,2391,6000,,600,,,,cyclic,transition,0,no_load,both,B5: cyclic back-and-forth,servo-app/lab-0.1
1781163318.6250448,155.37356972694397,B5_CYCLIC,B5_CYCLIC_R01_20260611_143242,delta-asda-b3-e,1591,RTSO|SO|OE|VE|QS|TR,3,0,82395185,-599,-21,-0.08967,-23,-0.054993,301,49,4270,2391,6000,,600,,,,cyclic,transition,0,no_load,both,B5: cyclic back-and-forth,servo-app/lab-0.1
1781163318.7251337,155.47365856170654,B5_CYCLIC,B5_CYCLIC_R01_20260611_143242,delta-asda-b3-e,1591,RTSO|SO|OE|VE|QS|TR,3,0,80717137,-599,-16,-0.06832,-17,-0.040647,301,49,4270,2391,6000,,600,,,,cyclic,transition,0,no_load,both,B5: cyclic back-and-forth,servo-app/lab-0.1
1781163318.825675,155.57419991493225,B5_CYCLIC,B5_CYCLIC_R01_20260611_143242,delta-asda-b3-e,1591,RTSO|SO|OE|VE|QS|TR,3,0,79006331,-599,-24,-0.10248,-27,-0.064557,302,49,4270,2391,6000,,600,,,,cyclic,transition,0,no_load,both,B5: cyclic back-and-forth,servo-app/lab-0.1
1781163318.9260514,155.67457628250122,B5_CYCLIC,B5_CYCLIC_R01_20260611_143242,delta-asda-b3-e,1591,RTSO|SO|OE|VE|QS|TR,3,0,77345152,-599,-17,-0.07259,-20,-0.04782,301,49,4270,2391,6000,,600,,,,cyclic,transition,0,no_load,both,B5: cyclic back-and-forth,servo-app/lab-0.1
1781163319.0263488,155.7748737335205,B5_CYCLIC,B5_CYCLIC_R01_20260611_143242,delta-asda-b3-e,1591,RTSO|SO|OE|VE|QS|TR,3,0,75667399,-600,-24,-0.10248,-26,-0.062166,301,49,4270,2391,6000,,600,,,,cyclic,transition,0,no_load,both,B5: cyclic back-and-forth,servo-app/lab-0.1
1781163319.1267798,155.8753046989441,B5_CYCLIC,B5_CYCLIC_R01_20260611_143242,delta-asda-b3-e,1591,RTSO|SO|OE|VE|QS|TR,3,0,73972762,-599,-19,-0.08113,-17,-0.040647,301,49,4270,2391,6000,,600,,,,cyclic,transition,0,no_load,both,B5: cyclic back-and-forth,servo-app/lab-0.1
1781163319.2268832,155.97540807724,B5_CYCLIC,B5_CYCLIC_R01_20260611_143242,delta-asda-b3-e,1591,RTSO|SO|OE|VE|QS|TR,3,0,72295323,-600,-24,-0.10248,-19,-0.045429,301,49,4270,2391,6000,,600,,,,cyclic,transition,0,no_load,both,B5: cyclic back-and-forth,servo-app/lab-0.1
1781163319.3271503,156.07567524909973,B5_CYCLIC,B5_CYCLIC_R01_20260611_143242,delta-asda-b3-e,1591,RTSO|SO|OE|VE|QS|TR,3,0,70617665,-599,-19,-0.08113,-22,-0.052602,301,49,4270,2391,6000,,600,,,,cyclic,transition,0,no_load,both,B5: cyclic back-and-forth,servo-app/lab-0.1
1781163319.4273586,156.17588353157043,B5_CYCLIC,B5_CYCLIC_R01_20260611_143242,delta-asda-b3-e,1591,RTSO|SO|OE|VE|QS|TR,3,0,68940170,-600,-22,-0.09394,-19,-0.045429,301,49,4270,2391,6000,,600,,,,cyclic,transition,0,no_load,both,B5: cyclic back-and-forth,servo-app/lab-0.1
1781163319.5275135,156.27603840827942,B5_CYCLIC,B5_CYCLIC_R01_20260611_143242,delta-asda-b3-e,1591,RTSO|SO|OE|VE|QS|TR,3,0,67245199,-600,-20,-0.0854,-18,-0.043038,301,49,4270,2391,6000,,600,,,,cyclic,transition,0,no_load,both,B5: cyclic back-and-forth,servo-app/lab-0.1
1781163319.628226,156.37675094604492,B5_CYCLIC,B5_CYCLIC_R01_20260611_143242,delta-asda-b3-e,1591,RTSO|SO|OE|VE|QS|TR,3,0,65567694,-599,-22,-0.09394,-22,-0.052602,301,49,4270,2391,6000,,600,,,,cyclic,transition,0,no_load,both,B5: cyclic back-and-forth,servo-app/lab-0.1
1781163319.728598,156.47712302207947,B5_CYCLIC,B5_CYCLIC_R01_20260611_143242,delta-asda-b3-e,1591,RTSO|SO|OE|VE|QS|TR,3,0,63872931,-599,-19,-0.08113,-15,-0.035865,301,49,4270,2391,6000,,600,,,,cyclic,transition,0,no_load,both,B5: cyclic back-and-forth,servo-app/lab-0.1
1781163319.830695,156.57921981811523,B5_CYCLIC,B5_CYCLIC_R01_20260611_143242,delta-asda-b3-e,1591,RTSO|SO|OE|VE|QS|TR,3,0,61909626,-602,-15,-0.06405,-18,-0.043038,301,49,4270,2391,6000,,600,,,,cyclic,transition,0,no_load,both,B5: cyclic back-and-forth,servo-app/lab-0.1
1781163319.9315138,156.68003869056702,B5_CYCLIC,B5_CYCLIC_R01_20260611_143242,delta-asda-b3-e,1591,RTSO|SO|OE|VE|QS|TR,3,0,60467306,-600,-16,-0.06832,-18,-0.043038,300,49,4270,2391,6000,,600,,,,cyclic,transition,0,no_load,both,B5: cyclic back-and-forth,servo-app/lab-0.1
1781163320.0318747,156.78039956092834,B5_CYCLIC,B5_CYCLIC_R01_20260611_143242,delta-asda-b3-e,1591,RTSO|SO|OE|VE|QS|TR,3,0,58789553,-600,-18,-0.07686,-23,-0.054993,300,49,4270,2391,6000,,600,,,,cyclic,transition,0,no_load,both,B5: cyclic back-and-forth,servo-app/lab-0.1
1781163320.1321135,156.88063836097717,B5_CYCLIC,B5_CYCLIC_R01_20260611_143242,delta-asda-b3-e,1591,RTSO|SO|OE|VE|QS|TR,3,0,57111719,-599,-19,-0.08113,-18,-0.043038,300,49,4270,2391,6000,,600,,,,cyclic,transition,0,no_load,both,B5: cyclic back-and-forth,servo-app/lab-0.1
1781163320.2326066,156.9811315536499,B5_CYCLIC,B5_CYCLIC_R01_20260611_143242,delta-asda-b3-e,1591,RTSO|SO|OE|VE|QS|TR,3,0,55417427,-600,-22,-0.09394,-28,-0.066948,300,49,4270,2391,6000,,600,,,,cyclic,transition,0,no_load,both,B5: cyclic back-and-forth,servo-app/lab-0.1
1781163320.33283,157.0813548564911,B5_CYCLIC,B5_CYCLIC_R01_20260611_143242,delta-asda-b3-e,1591,RTSO|SO|OE|VE|QS|TR,3,0,53739849,-599,-19,-0.08113,-18,-0.043038,300,49,4270,2391,6000,,600,,,,cyclic,transition,0,no_load,both,B5: cyclic back-and-forth,servo-app/lab-0.1
1781163320.4331667,157.18169164657593,B5_CYCLIC,B5_CYCLIC_R01_20260611_143242,delta-asda-b3-e,1591,RTSO|SO|OE|VE|QS|TR,3,0,52061947,-600,-19,-0.08113,-20,-0.04782,300,49,4270,2391,6000,,600,,,,cyclic,transition,0,no_load,both,B5: cyclic back-and-forth,servo-app/lab-0.1
1781163320.5335019,157.2820267677307,B5_CYCLIC,B5_CYCLIC_R01_20260611_143242,delta-asda-b3-e,1591,RTSO|SO|OE|VE|QS|TR,3,0,50367258,-600,-25,-0.10675,-20,-0.04782,300,49,4270,2391,6000,,600,,,,cyclic,transition,0,no_load,both,B5: cyclic back-and-forth,servo-app/lab-0.1
1781163320.6339908,157.38251566886902,B5_CYCLIC,B5_CYCLIC_R01_20260611_143242,delta-asda-b3-e,1591,RTSO|SO|OE|VE|QS|TR,3,0,48689645,-600,-22,-0.09394,-22,-0.052602,300,49,4270,2391,6000,,600,,,,cyclic,transition,0,no_load,both,B5: cyclic back-and-forth,servo-app/lab-0.1
1781163320.7343638,157.48288869857788,B5_CYCLIC,B5_CYCLIC_R01_20260611_143242,delta-asda-b3-e,1591,RTSO|SO|OE|VE|QS|TR,3,0,47011813,-600,-22,-0.09394,-20,-0.04782,300,49,4270,2391,6000,,600,,,,cyclic,transition,0,no_load,both,B5: cyclic back-and-forth,servo-app/lab-0.1
1781163320.834612,157.5831367969513,B5_CYCLIC,B5_CYCLIC_R01_20260611_143242,delta-asda-b3-e,1591,RTSO|SO|OE|VE|QS|TR,3,0,45317594,-600,-21,-0.08967,-17,-0.040647,300,49,4270,2391,6000,,600,,,,cyclic,transition,0,no_load,both,B5: cyclic back-and-forth,servo-app/lab-0.1
1781163320.9347205,157.68324542045593,B5_CYCLIC,B5_CYCLIC_R01_20260611_143242,delta-asda-b3-e,1591,RTSO|SO|OE|VE|QS|TR,3,0,43639571,-600,-13,-0.05551,-16,-0.038256,300,49,4270,2391,6000,,600,,,,cyclic,transition,0,no_load,both,B5: cyclic back-and-forth,servo-app/lab-0.1
1781163321.0352516,157.78377652168274,B5_CYCLIC,B5_CYCLIC_R01_20260611_143242,delta-asda-b3-e,1591,RTSO|SO|OE|VE|QS|TR,3,0,41961877,-600,-16,-0.06832,-19,-0.045429,300,49,4270,2391,6000,,600,,,,cyclic,transition,0,no_load,both,B5: cyclic back-and-forth,servo-app/lab-0.1
1781163321.1357856,157.8843104839325,B5_CYCLIC,B5_CYCLIC_R01_20260611_143242,delta-asda-b3-e,1591,RTSO|SO|OE|VE|QS|TR,3,0,40267223,-600,-15,-0.06405,-16,-0.038256,300,49,4270,2391,6000,,600,,,,cyclic,transition,0,no_load,both,B5: cyclic back-and-forth,servo-app/lab-0.1
1781163321.2361085,157.98463344573975,B5_CYCLIC,B5_CYCLIC_R01_20260611_143242,delta-asda-b3-e,1591,RTSO|SO|OE|VE|QS|TR,3,0,38505614,-601,-18,-0.07686,-18,-0.043038,300,49,4270,2391,6000,,600,,,,cyclic,transition,0,no_load,both,B5: cyclic back-and-forth,servo-app/lab-0.1
1781163321.3367553,158.08528017997742,B5_CYCLIC,B5_CYCLIC_R01_20260611_143242,delta-asda-b3-e,1591,RTSO|SO|OE|VE|QS|TR,3,0,36895292,-600,-21,-0.08967,-19,-0.045429,300,49,4270,2391,6000,,600,,,,cyclic,transition,0,no_load,both,B5: cyclic back-and-forth,servo-app/lab-0.1
1781163321.4373696,158.18589448928833,B5_CYCLIC,B5_CYCLIC_R01_20260611_143242,delta-asda-b3-e,1591,RTSO|SO|OE|VE|QS|TR,3,0,35217329,-601,-17,-0.07259,-16,-0.038256,300,49,4270,2391,6000,,600,,,,cyclic,transition,0,no_load,both,B5: cyclic back-and-forth,servo-app/lab-0.1
1781163321.537563,158.28608798980713,B5_CYCLIC,B5_CYCLIC_R01_20260611_143242,delta-asda-b3-e,1591,RTSO|SO|OE|VE|QS|TR,3,0,33522677,-600,-18,-0.07686,-20,-0.04782,300,49,4270,2391,6000,,600,,,,cyclic,transition,0,no_load,both,B5: cyclic back-and-forth,servo-app/lab-0.1
1781163321.638061,158.38658595085144,B5_CYCLIC,B5_CYCLIC_R01_20260611_143242,delta-asda-b3-e,1591,RTSO|SO|OE|VE|QS|TR,3,0,31845014,-601,-19,-0.08113,-20,-0.04782,300,49,4270,2391,6000,,600,,,,cyclic,transition,0,no_load,both,B5: cyclic back-and-forth,servo-app/lab-0.1
1781163321.738336,158.4868609905243,B5_CYCLIC,B5_CYCLIC_R01_20260611_143242,delta-asda-b3-e,1591,RTSO|SO|OE|VE|QS|TR,3,0,30167299,-600,-16,-0.06832,-15,-0.035865,300,49,4270,2391,6000,,600,,,,cyclic,transition,0,no_load,both,B5: cyclic back-and-forth,servo-app/lab-0.1
1781163321.8386521,158.58717703819275,B5_CYCLIC,B5_CYCLIC_R01_20260611_143242,delta-asda-b3-e,1591,RTSO|SO|OE|VE|QS|TR,3,0,28472953,-601,-16,-0.06832,-18,-0.043038,301,49,4270,2391,6000,,600,,,,cyclic,transition,0,no_load,both,B5: cyclic back-and-forth,servo-app/lab-0.1
1781163321.939198,158.68772292137146,B5_CYCLIC,B5_CYCLIC_R01_20260611_143242,delta-asda-b3-e,1591,RTSO|SO|OE|VE|QS|TR,3,0,26794979,-601,-17,-0.07259,-14,-0.033474,301,49,4270,2391,6000,,600,,,,cyclic,transition,0,no_load,both,B5: cyclic back-and-forth,servo-app/lab-0.1
1781163322.0394292,158.78795409202576,B5_CYCLIC,B5_CYCLIC_R01_20260611_143242,delta-asda-b3-e,1591,RTSO|SO|OE|VE|QS|TR,3,0,25117249,-601,-16,-0.06832,-16,-0.038256,300,49,4270,2391,6000,,600,,,,cyclic,transition,0,no_load,both,B5: cyclic back-and-forth,servo-app/lab-0.1
1781163322.1395595,158.8880844116211,B5_CYCLIC,B5_CYCLIC_R01_20260611_143242,delta-asda-b3-e,1591,RTSO|SO|OE|VE|QS|TR,3,0,23422668,-601,-26,-0.11102,-23,-0.054993,301,49,4270,2391,6000,,600,,,,cyclic,transition,0,no_load,both,B5: cyclic back-and-forth,servo-app/lab-0.1
1781163322.2399352,158.98846006393433,B5_CYCLIC,B5_CYCLIC_R01_20260611_143242,delta-asda-b3-e,1591,RTSO|SO|OE|VE|QS|TR,3,0,21745174,-601,-18,-0.07686,-18,-0.043038,301,49,4270,2391,6000,,600,,,,cyclic,transition,0,no_load,both,B5: cyclic back-and-forth,servo-app/lab-0.1
1781163322.340022,159.08854699134827,B5_CYCLIC,B5_CYCLIC_R01_20260611_143242,delta-asda-b3-e,1591,RTSO|SO|OE|VE|QS|TR,3,0,20067596,-601,-19,-0.08113,-18,-0.043038,301,49,4270,2391,6000,,600,,,,cyclic,transition,0,no_load,both,B5: cyclic back-and-forth,servo-app/lab-0.1
1781163322.440209,159.18873381614685,B5_CYCLIC,B5_CYCLIC_R01_20260611_143242,delta-asda-b3-e,1591,RTSO|SO|OE|VE|QS|TR,3,0,18389586,-601,-19,-0.08113,-18,-0.043038,301,49,4270,2391,6000,,600,,,,cyclic,transition,0,no_load,both,B5: cyclic back-and-forth,servo-app/lab-0.1
1781163322.5406785,159.28920340538025,B5_CYCLIC,B5_CYCLIC_R01_20260611_143242,delta-asda-b3-e,1591,RTSO|SO|OE|VE|QS|TR,3,0,16695142,-601,-17,-0.07259,-21,-0.050211,301,49,4270,2391,6000,,600,,,,cyclic,transition,0,no_load,both,B5: cyclic back-and-forth,servo-app/lab-0.1
1781163322.6408484,159.38937330245972,B5_CYCLIC,B5_CYCLIC_R01_20260611_143242,delta-asda-b3-e,1591,RTSO|SO|OE|VE|QS|TR,3,0,15017379,-601,-15,-0.06405,-19,-0.045429,301,49,4270,2391,6000,,600,,,,cyclic,transition,0,no_load,both,B5: cyclic back-and-forth,servo-app/lab-0.1
1781163322.7410612,159.48958611488342,B5_CYCLIC,B5_CYCLIC_R01_20260611_143242,delta-asda-b3-e,1591,RTSO|SO|OE|VE|QS|TR,3,0,13339747,-600,-20,-0.0854,-21,-0.050211,301,49,4270,2391,6000,,600,,,,cyclic,transition,0,no_load,both,B5: cyclic back-and-forth,servo-app/lab-0.1
1781163322.841141,159.58966588974,B5_CYCLIC,B5_CYCLIC_R01_20260611_143242,delta-asda-b3-e,1591,RTSO|SO|OE|VE|QS|TR,3,0,11662108,-601,-16,-0.06832,-17,-0.040647,302,49,4270,2391,6000,,600,,,,cyclic,transition,0,no_load,both,B5: cyclic back-and-forth,servo-app/lab-0.1
1781163322.9416184,159.6901433467865,B5_CYCLIC,B5_CYCLIC_R01_20260611_143242,delta-asda-b3-e,1591,RTSO|SO|OE|VE|QS|TR,3,0,9967271,-601,-27,-0.11529,-18,-0.043038,301,49,4270,2391,6000,,600,,,,cyclic,transition,0,no_load,both,B5: cyclic back-and-forth,servo-app/lab-0.1
1781163323.0416982,159.79022312164307,B5_CYCLIC,B5_CYCLIC_R01_20260611_143242,delta-asda-b3-e,1591,RTSO|SO|OE|VE|QS|TR,3,0,8289529,-601,-16,-0.06832,-17,-0.040647,301,49,4270,2391,6000,,600,,,,cyclic,transition,0,no_load,both,B5: cyclic back-and-forth,servo-app/lab-0.1
1781163323.142172,159.8906970024109,B5_CYCLIC,B5_CYCLIC_R01_20260611_143242,delta-asda-b3-e,1591,RTSO|SO|OE|VE|QS|TR,3,0,6611738,-601,-21,-0.08967,-20,-0.04782,301,49,4270,2391,6000,,600,,,,cyclic,transition,0,no_load,both,B5: cyclic back-and-forth,servo-app/lab-0.1
1781163323.2441301,159.99265503883362,B5_CYCLIC,B5_CYCLIC_R01_20260611_143242,delta-asda-b3-e,567,RTSO|SO|OE|VE|QS,3,0,4947615,-450,-5,-0.02135,-6,-0.014346,301,49,4270,2391,6000,,600,,,,cyclic,transition,0,no_load,both,B5: cyclic back-and-forth,servo-app/lab-0.1
1781163323.344218,160.09274291992188,B5_CYCLIC,B5_CYCLIC_R01_20260611_143242,delta-asda-b3-e,1591,RTSO|SO|OE|VE|QS|TR,3,0,6209351,599,17,0.07259,18,0.043038,301,49,4270,2391,6000,,600,,,,cyclic,transition,0,no_load,both,B5: cyclic back-and-forth,servo-app/lab-0.1
1781163323.4443545,160.19287943840027,B5_CYCLIC,B5_CYCLIC_R01_20260611_143242,delta-asda-b3-e,1591,RTSO|SO|OE|VE|QS|TR,3,0,7886508,599,22,0.09394,21,0.050211,301,49,4270,2391,6000,,600,,,,cyclic,transition,0,no_load,both,B5: cyclic back-and-forth,servo-app/lab-0.1
1781163323.5448666,160.29339146614075,B5_CYCLIC,B5_CYCLIC_R01_20260611_143242,delta-asda-b3-e,1591,RTSO|SO|OE|VE|QS|TR,3,0,9581026,599,20,0.0854,22,0.052602,301,49,4270,2391,6000,,600,,,,cyclic,transition,0,no_load,both,B5: cyclic back-and-forth,servo-app/lab-0.1
1781163323.6453938,160.3939187526703,B5_CYCLIC,B5_CYCLIC_R01_20260611_143242,delta-asda-b3-e,1591,RTSO|SO|OE|VE|QS|TR,3,0,11258311,598,22,0.09394,22,0.052602,302,49,4270,2391,6000,,600,,,,cyclic,transition,0,no_load,both,B5: cyclic back-and-forth,servo-app/lab-0.1
1781163323.7459915,160.49451637268066,B5_CYCLIC,B5_CYCLIC_R01_20260611_143242,delta-asda-b3-e,1591,RTSO|SO|OE|VE|QS|TR,3,0,12952977,598,18,0.07686,20,0.04782,301,49,4270,2391,6000,,600,,,,cyclic,transition,0,no_load,both,B5: cyclic back-and-forth,servo-app/lab-0.1
1781163323.9064996,160.65502452850342,B5_CYCLIC,B5_CYCLIC_R01_20260611_143242,delta-asda-b3-e,1591,RTSO|SO|OE|VE|QS|TR,3,0,15990319,601,18,0.07686,15,0.035865,301,49,4270,2391,6000,,600,,,,cyclic,transition,0,no_load,both,B5: cyclic back-and-forth,servo-app/lab-0.1
1781163324.0066311,160.75515604019165,B5_CYCLIC,B5_CYCLIC_R01_20260611_143242,delta-asda-b3-e,1591,RTSO|SO|OE|VE|QS|TR,3,0,17332308,600,16,0.06832,16,0.038256,301,49,4270,2391,6000,,600,,,,cyclic,transition,0,no_load,both,B5: cyclic back-and-forth,servo-app/lab-0.1
1781163324.1069129,160.85543775558472,B5_CYCLIC,B5_CYCLIC_R01_20260611_143242,delta-asda-b3-e,1591,RTSO|SO|OE|VE|QS|TR,3,0,19010364,601,16,0.06832,16,0.038256,301,49,4270,2391,6000,,600,,,,cyclic,transition,0,no_load,both,B5: cyclic back-and-forth,servo-app/lab-0.1
1781163324.207493,160.95601797103882,B5_CYCLIC,B5_CYCLIC_R01_20260611_143242,delta-asda-b3-e,1591,RTSO|SO|OE|VE|QS|TR,3,0,20704621,600,17,0.07259,20,0.04782,301,49,4270,2391,6000,,600,,,,cyclic,transition,0,no_load,both,B5: cyclic back-and-forth,servo-app/lab-0.1
1781163324.3077743,161.05629920959473,B5_CYCLIC,B5_CYCLIC_R01_20260611_143242,delta-asda-b3-e,1591,RTSO|SO|OE|VE|QS|TR,3,0,22382355,601,20,0.0854,16,0.038256,301,49,4270,2391,6000,,600,,,,cyclic,transition,0,no_load,both,B5: cyclic back-and-forth,servo-app/lab-0.1
1781163324.4078484,161.1563732624054,B5_CYCLIC,B5_CYCLIC_R01_20260611_143242,delta-asda-b3-e,1591,RTSO|SO|OE|VE|QS|TR,3,0,24059800,600,16,0.06832,14,0.033474,301,49,4270,2391,6000,,600,,,,cyclic,transition,0,no_load,both,B5: cyclic back-and-forth,servo-app/lab-0.1
1781163324.508683,161.2572078704834,B5_CYCLIC,B5_CYCLIC_R01_20260611_143242,delta-asda-b3-e,1591,RTSO|SO|OE|VE|QS|TR,3,0,25754198,601,19,0.08113,20,0.04782,301,49,4270,2391,6000,,600,,,,cyclic,transition,0,no_load,both,B5: cyclic back-and-forth,servo-app/lab-0.1
1781163324.6088266,161.35735154151917,B5_CYCLIC,B5_CYCLIC_R01_20260611_143242,delta-asda-b3-e,1591,RTSO|SO|OE|VE|QS|TR,3,0,27432099,601,16,0.06832,16,0.038256,301,49,4270,2391,6000,,600,,,,cyclic,transition,0,no_load,both,B5: cyclic back-and-forth,servo-app/lab-0.1
1781163324.7092867,161.4578115940094,B5_CYCLIC,B5_CYCLIC_R01_20260611_143242,delta-asda-b3-e,1591,RTSO|SO|OE|VE|QS|TR,3,0,29109764,600,20,0.0854,19,0.045429,301,49,4270,2391,6000,,600,,,,cyclic,transition,0,no_load,both,B5: cyclic back-and-forth,servo-app/lab-0.1
1781163324.8095775,161.55810236930847,B5_CYCLIC,B5_CYCLIC_R01_20260611_143242,delta-asda-b3-e,1591,RTSO|SO|OE|VE|QS|TR,3,0,30804015,600,16,0.06832,17,0.040647,301,49,4270,2391,6000,,600,,,,cyclic,transition,0,no_load,both,B5: cyclic back-and-forth,servo-app/lab-0.1
1781163324.909735,161.65825986862183,B5_CYCLIC,B5_CYCLIC_R01_20260611_143242,delta-asda-b3-e,1591,RTSO|SO|OE|VE|QS|TR,3,0,32481752,600,19,0.08113,21,0.050211,301,49,4270,2391,6000,,600,,,,cyclic,transition,0,no_load,both,B5: cyclic back-and-forth,servo-app/lab-0.1
1781163325.009863,161.75838780403137,B5_CYCLIC,B5_CYCLIC_R01_20260611_143242,delta-asda-b3-e,1591,RTSO|SO|OE|VE|QS|TR,3,0,34159341,600,14,0.05978,15,0.035865,301,49,4270,2391,6000,,600,,,,cyclic,transition,0,no_load,both,B5: cyclic back-and-forth,servo-app/lab-0.1
1781163325.1100821,161.8586070537567,B5_CYCLIC,B5_CYCLIC_R01_20260611_143242,delta-asda-b3-e,1591,RTSO|SO|OE|VE|QS|TR,3,0,35837346,601,17,0.07259,18,0.043038,301,49,4270,2391,6000,,600,,,,cyclic,transition,0,no_load,both,B5: cyclic back-and-forth,servo-app/lab-0.1
1781163325.2101774,161.95870232582092,B5_CYCLIC,B5_CYCLIC_R01_20260611_143242,delta-asda-b3-e,1591,RTSO|SO|OE|VE|QS|TR,3,0,37514745,600,16,0.06832,17,0.040647,301,49,4270,2391,6000,,600,,,,cyclic,transition,0,no_load,both,B5: cyclic back-and-forth,servo-app/lab-0.1
1781163325.3104076,162.0589325428009,B5_CYCLIC,B5_CYCLIC_R01_20260611_143242,delta-asda-b3-e,1591,RTSO|SO|OE|VE|QS|TR,3,0,39192488,600,18,0.07686,19,0.045429,301,49,4270,2391,6000,,600,,,,cyclic,transition,0,no_load,both,B5: cyclic back-and-forth,servo-app/lab-0.1
1781163325.4116411,162.16016602516174,B5_CYCLIC,B5_CYCLIC_R01_20260611_143242,delta-asda-b3-e,1591,RTSO|SO|OE|VE|QS|TR,3,0,40903376,600,18,0.07686,15,0.035865,301,49,4270,2391,6000,,600,,,,cyclic,transition,0,no_load,both,B5: cyclic back-and-forth,servo-app/lab-0.1
1781163325.5119069,162.26043176651,B5_CYCLIC,B5_CYCLIC_R01_20260611_143242,delta-asda-b3-e,1591,RTSO|SO|OE|VE|QS|TR,3,0,42581222,601,19,0.08113,17,0.040647,301,49,4270,2391,6000,,600,,,,cyclic,transition,0,no_load,both,B5: cyclic back-and-forth,servo-app/lab-0.1
1781163325.6120222,162.36054706573486,B5_CYCLIC,B5_CYCLIC_R01_20260611_143242,delta-asda-b3-e,1591,RTSO|SO|OE|VE|QS|TR,3,0,44258954,600,17,0.07259,15,0.035865,301,49,4270,2391,6000,,600,,,,cyclic,transition,0,no_load,both,B5: cyclic back-and-forth,servo-app/lab-0.1
1781163325.7126162,162.46114110946655,B5_CYCLIC,B5_CYCLIC_R01_20260611_143242,delta-asda-b3-e,1591,RTSO|SO|OE|VE|QS|TR,3,0,45953361,600,19,0.08113,19,0.045429,300,49,4270,2391,6000,,600,,,,cyclic,transition,0,no_load,both,B5: cyclic back-and-forth,servo-app/lab-0.1
1781163325.812966,162.56149101257324,B5_CYCLIC,B5_CYCLIC_R01_20260611_143242,delta-asda-b3-e,1591,RTSO|SO|OE|VE|QS|TR,3,0,47630881,600,19,0.08113,17,0.040647,301,49,4270,2391,6000,,600,,,,cyclic,transition,0,no_load,both,B5: cyclic back-and-forth,servo-app/lab-0.1
1781163325.9135523,162.66207718849182,B5_CYCLIC,B5_CYCLIC_R01_20260611_143242,delta-asda-b3-e,1591,RTSO|SO|OE|VE|QS|TR,3,0,49325397,600,19,0.08113,22,0.052602,301,49,4270,2391,6000,,600,,,,cyclic,transition,0,no_load,both,B5: cyclic back-and-forth,servo-app/lab-0.1
1781163326.0136805,162.76220536231995,B5_CYCLIC,B5_CYCLIC_R01_20260611_143242,delta-asda-b3-e,1591,RTSO|SO|OE|VE|QS|TR,3,0,51003129,601,15,0.06405,16,0.038256,301,49,4270,2391,6000,,600,,,,cyclic,transition,0,no_load,both,B5: cyclic back-and-forth,servo-app/lab-0.1
1781163326.1141944,162.86271929740906,B5_CYCLIC,B5_CYCLIC_R01_20260611_143242,delta-asda-b3-e,1591,RTSO|SO|OE|VE|QS|TR,3,0,52681070,601,22,0.09394,18,0.043038,300,49,4270,2391,6000,,600,,,,cyclic,transition,0,no_load,both,B5: cyclic back-and-forth,servo-app/lab-0.1
1781163326.214623,162.96314787864685,B5_CYCLIC,B5_CYCLIC_R01_20260611_143242,delta-asda-b3-e,1591,RTSO|SO|OE|VE|QS|TR,3,0,54375219,600,21,0.08967,20,0.04782,301,49,4270,2391,6000,,600,,,,cyclic,transition,0,no_load,both,B5: cyclic back-and-forth,servo-app/lab-0.1
1781163326.3148406,163.06336545944214,B5_CYCLIC,B5_CYCLIC_R01_20260611_143242,delta-asda-b3-e,1591,RTSO|SO|OE|VE|QS|TR,3,0,56053044,600,22,0.09394,19,0.045429,301,49,4270,2391,6000,,600,,,,cyclic,transition,0,no_load,both,B5: cyclic back-and-forth,servo-app/lab-0.1
1781163326.4153166,163.16384148597717,B5_CYCLIC,B5_CYCLIC_R01_20260611_143242,delta-asda-b3-e,1591,RTSO|SO|OE|VE|QS|TR,3,0,57730322,599,18,0.07686,18,0.043038,301,49,4270,2391,6000,,600,,,,cyclic,transition,0,no_load,both,B5: cyclic back-and-forth,servo-app/lab-0.1
1781163326.5158675,163.26439237594604,B5_CYCLIC,B5_CYCLIC_R01_20260611_143242,delta-asda-b3-e,1591,RTSO|SO|OE|VE|QS|TR,3,0,59508812,600,16,0.06832,18,0.043038,301,49,4270,2391,6000,,600,,,,cyclic,transition,0,no_load,both,B5: cyclic back-and-forth,servo-app/lab-0.1
1781163326.616139,163.3646638393402,B5_CYCLIC,B5_CYCLIC_R01_20260611_143242,delta-asda-b3-e,1591,RTSO|SO|OE|VE|QS|TR,3,0,61102748,600,18,0.07686,17,0.040647,300,49,4270,2391,6000,,600,,,,cyclic,transition,0,no_load,both,B5: cyclic back-and-forth,servo-app/lab-0.1
1781163326.7166703,163.4651951789856,B5_CYCLIC,B5_CYCLIC_R01_20260611_143242,delta-asda-b3-e,1591,RTSO|SO|OE|VE|QS|TR,3,0,62797045,600,20,0.0854,22,0.052602,300,49,4270,2391,6000,,600,,,,cyclic,transition,0,no_load,both,B5: cyclic back-and-forth,servo-app/lab-0.1
1781163326.8170815,163.56560635566711,B5_CYCLIC,B5_CYCLIC_R01_20260611_143242,delta-asda-b3-e,1591,RTSO|SO|OE|VE|QS|TR,3,0,64474458,599,18,0.07686,17,0.040647,301,49,4270,2391,6000,,600,,,,cyclic,transition,0,no_load,both,B5: cyclic back-and-forth,servo-app/lab-0.1
1781163326.917197,163.66572189331055,B5_CYCLIC,B5_CYCLIC_R01_20260611_143242,delta-asda-b3-e,1591,RTSO|SO|OE|VE|QS|TR,3,0,66152197,599,20,0.0854,22,0.052602,301,49,4270,2391,6000,,600,,,,cyclic,transition,0,no_load,both,B5: cyclic back-and-forth,servo-app/lab-0.1
1781163327.0174797,163.76600456237793,B5_CYCLIC,B5_CYCLIC_R01_20260611_143242,delta-asda-b3-e,1591,RTSO|SO|OE|VE|QS|TR,3,0,67830024,600,17,0.07259,17,0.040647,300,49,4270,2391,6000,,600,,,,cyclic,transition,0,no_load,both,B5: cyclic back-and-forth,servo-app/lab-0.1
1781163327.1176007,163.86612558364868,B5_CYCLIC,B5_CYCLIC_R01_20260611_143242,delta-asda-b3-e,1591,RTSO|SO|OE|VE|QS|TR,3,0,69524649,600,18,0.07686,20,0.04782,300,49,4270,2391,6000,,600,,,,cyclic,transition,0,no_load,both,B5: cyclic back-and-forth,servo-app/lab-0.1
1781163327.2179554,163.96648025512695,B5_CYCLIC,B5_CYCLIC_R01_20260611_143242,delta-asda-b3-e,1591,RTSO|SO|OE|VE|QS|TR,3,0,71201968,599,19,0.08113,21,0.050211,301,49,4270,2391,6000,,600,,,,cyclic,transition,0,no_load,both,B5: cyclic back-and-forth,servo-app/lab-0.1
1781163327.3183575,164.06688237190247,B5_CYCLIC,B5_CYCLIC_R01_20260611_143242,delta-asda-b3-e,1591,RTSO|SO|OE|VE|QS|TR,3,0,72879813,599,20,0.0854,19,0.045429,300,49,4270,2391,6000,,600,,,,cyclic,transition,0,no_load,both,B5: cyclic back-and-forth,servo-app/lab-0.1
1781163327.4189732,164.16749811172485,B5_CYCLIC,B5_CYCLIC_R01_20260611_143242,delta-asda-b3-e,1591,RTSO|SO|OE|VE|QS|TR,3,0,74573782,599,16,0.06832,17,0.040647,301,49,4270,2391,6000,,600,,,,cyclic,transition,0,no_load,both,B5: cyclic back-and-forth,servo-app/lab-0.1
1781163327.520378,164.26890301704407,B5_CYCLIC,B5_CYCLIC_R01_20260611_143242,delta-asda-b3-e,1591,RTSO|SO|OE|VE|QS|TR,3,0,76268664,600,19,0.08113,18,0.043038,301,49,4270,2391,6000,,600,,,,cyclic,transition,0,no_load,both,B5: cyclic back-and-forth,servo-app/lab-0.1
1781163327.6210268,164.36955165863037,B5_CYCLIC,B5_CYCLIC_R01_20260611_143242,delta-asda-b3-e,1591,RTSO|SO|OE|VE|QS|TR,3,0,77962851,599,20,0.0854,17,0.040647,300,49,4270,2391,6000,,600,,,,cyclic,transition,0,no_load,both,B5: cyclic back-and-forth,servo-app/lab-0.1
1781163327.7221534,164.47067832946777,B5_CYCLIC,B5_CYCLIC_R01_20260611_143242,delta-asda-b3-e,1591,RTSO|SO|OE|VE|QS|TR,3,0,79657398,600,17,0.07259,17,0.040647,300,49,4270,2391,6000,,600,,,,cyclic,transition,0,no_load,both,B5: cyclic back-and-forth,servo-app/lab-0.1
1781163327.8224947,164.57101964950562,B5_CYCLIC,B5_CYCLIC_R01_20260611_143242,delta-asda-b3-e,1591,RTSO|SO|OE|VE|QS|TR,3,0,81334773,599,20,0.0854,19,0.045429,301,49,4270,2391,6000,,600,,,,cyclic,transition,0,no_load,both,B5: cyclic back-and-forth,servo-app/lab-0.1
1781163327.9234602,164.67198514938354,B5_CYCLIC,B5_CYCLIC_R01_20260611_143242,delta-asda-b3-e,1591,RTSO|SO|OE|VE|QS|TR,3,0,83029462,600,19,0.08113,16,0.038256,301,49,4270,2391,6000,,600,,,,cyclic,transition,0,no_load,both,B5: cyclic back-and-forth,servo-app/lab-0.1
1781163328.0235617,164.7720866203308,B5_CYCLIC,B5_CYCLIC_R01_20260611_143242,delta-asda-b3-e,1591,RTSO|SO|OE|VE|QS|TR,3,0,84707203,600,17,0.07259,15,0.035865,301,49,4270,2391,6000,,600,,,,cyclic,transition,0,no_load,both,B5: cyclic back-and-forth,servo-app/lab-0.1
1781163328.1239066,164.87243151664734,B5_CYCLIC,B5_CYCLIC_R01_20260611_143242,delta-asda-b3-e,1591,RTSO|SO|OE|VE|QS|TR,3,0,86401844,600,21,0.08967,20,0.04782,301,49,4270,2391,6000,,600,,,,cyclic,transition,0,no_load,both,B5: cyclic back-and-forth,servo-app/lab-0.1
1781163328.224025,164.97254991531372,B5_CYCLIC,B5_CYCLIC_R01_20260611_143242,delta-asda-b3-e,1591,RTSO|SO|OE|VE|QS|TR,3,0,88079209,600,17,0.07259,17,0.040647,301,49,4270,2391,6000,,600,,,,cyclic,transition,0,no_load,both,B5: cyclic back-and-forth,servo-app/lab-0.1
1781163328.3245378,165.07306265830994,B5_CYCLIC,B5_CYCLIC_R01_20260611_143242,delta-asda-b3-e,1591,RTSO|SO|OE|VE|QS|TR,3,0,89756964,600,18,0.07686,20,0.04782,301,49,4270,2391,6000,,600,,,,cyclic,transition,0,no_load,both,B5: cyclic back-and-forth,servo-app/lab-0.1
1781163328.4251144,165.17363929748535,B5_CYCLIC,B5_CYCLIC_R01_20260611_143242,delta-asda-b3-e,1591,RTSO|SO|OE|VE|QS|TR,3,0,91451138,600,23,0.09821,22,0.052602,301,49,4270,2391,6000,,600,,,,cyclic,transition,0,no_load,both,B5: cyclic back-and-forth,servo-app/lab-0.1
1781163328.525617,165.27414178848267,B5_CYCLIC,B5_CYCLIC_R01_20260611_143242,delta-asda-b3-e,1591,RTSO|SO|OE|VE|QS|TR,3,0,93146137,601,20,0.0854,19,0.045429,301,49,4270,2391,6000,,600,,,,cyclic,transition,0,no_load,both,B5: cyclic back-and-forth,servo-app/lab-0.1
1781163328.6262295,165.37475442886353,B5_CYCLIC,B5_CYCLIC_R01_20260611_143242,delta-asda-b3-e,1591,RTSO|SO|OE|VE|QS|TR,3,0,94823382,600,23,0.09821,19,0.045429,301,49,4270,2391,6000,,600,,,,cyclic,transition,0,no_load,both,B5: cyclic back-and-forth,servo-app/lab-0.1
1781163328.7266781,165.47520303726196,B5_CYCLIC,B5_CYCLIC_R01_20260611_143242,delta-asda-b3-e,1591,RTSO|SO|OE|VE|QS|TR,3,0,96518060,600,18,0.07686,17,0.040647,301,49,4270,2391,6000,,600,,,,cyclic,transition,0,no_load,both,B5: cyclic back-and-forth,servo-app/lab-0.1
1781163328.8278081,165.57633304595947,B5_CYCLIC,B5_CYCLIC_R01_20260611_143242,delta-asda-b3-e,1591,RTSO|SO|OE|VE|QS|TR,3,0,98212085,600,25,0.10675,21,0.050211,301,49,4270,2391,6000,,600,,,,cyclic,transition,0,no_load,both,B5: cyclic back-and-forth,servo-app/lab-0.1
1781163328.927891,165.67641592025757,B5_CYCLIC,B5_CYCLIC_R01_20260611_143242,delta-asda-b3-e,1591,RTSO|SO|OE|VE|QS|TR,3,0,99890225,601,17,0.07259,18,0.043038,301,49,4270,2391,6000,,600,,,,cyclic,transition,0,no_load,both,B5: cyclic back-and-forth,servo-app/lab-0.1
1781163329.0286071,165.77713203430176,B5_CYCLIC,B5_CYCLIC_R01_20260611_143242,delta-asda-b3-e,1591,RTSO|SO|OE|VE|QS|TR,3,0,101584648,600,21,0.08967,20,0.04782,301,49,4270,2391,6000,,600,,,,cyclic,transition,0,no_load,both,B5: cyclic back-and-forth,servo-app/lab-0.1
1781163329.1289067,165.87743163108826,B5_CYCLIC,B5_CYCLIC_R01_20260611_143242,delta-asda-b3-e,1591,RTSO|SO|OE|VE|QS|TR,3,0,103262430,600,23,0.09821,20,0.04782,301,49,4270,2391,6000,,600,,,,cyclic,transition,0,no_load,both,B5: cyclic back-and-forth,servo-app/lab-0.1
1781163329.2297833,165.97830820083618,B5_CYCLIC,B5_CYCLIC_R01_20260611_143242,delta-asda-b3-e,1591,RTSO|SO|OE|VE|QS|TR,3,0,104956596,600,21,0.08967,20,0.04782,301,49,4270,2391,6000,,600,,,,cyclic,transition,0,no_load,both,B5: cyclic back-and-forth,servo-app/lab-0.1
1781163329.3301992,166.07872414588928,B5_CYCLIC,B5_CYCLIC_R01_20260611_143242,delta-asda-b3-e,1591,RTSO|SO|OE|VE|QS|TR,3,0,106634397,600,17,0.07259,21,0.050211,301,49,4270,2391,6000,,600,,,,cyclic,transition,0,no_load,both,B5: cyclic back-and-forth,servo-app/lab-0.1
1781163329.430576,166.1791009902954,B5_CYCLIC,B5_CYCLIC_R01_20260611_143242,delta-asda-b3-e,1591,RTSO|SO|OE|VE|QS|TR,3,0,108311801,600,23,0.09821,21,0.050211,301,49,4270,2391,6000,,600,,,,cyclic,transition,0,no_load,both,B5: cyclic back-and-forth,servo-app/lab-0.1
1781163329.5310292,166.27955412864685,B5_CYCLIC,B5_CYCLIC_R01_20260611_143242,delta-asda-b3-e,1591,RTSO|SO|OE|VE|QS|TR,3,0,110006724,601,16,0.06832,17,0.040647,301,49,4270,2391,6000,,600,,,,cyclic,transition,0,no_load,both,B5: cyclic back-and-forth,servo-app/lab-0.1
1781163329.631345,166.37986993789673,B5_CYCLIC,B5_CYCLIC_R01_20260611_143242,delta-asda-b3-e,1591,RTSO|SO|OE|VE|QS|TR,3,0,111683910,600,21,0.08967,25,0.059775,301,49,4270,2391,6000,,600,,,,cyclic,transition,0,no_load,both,B5: cyclic back-and-forth,servo-app/lab-0.1
1781163329.7317333,166.48025822639465,B5_CYCLIC,B5_CYCLIC_R01_20260611_143242,delta-asda-b3-e,1591,RTSO|SO|OE|VE|QS|TR,3,0,113378694,600,19,0.08113,17,0.040647,301,49,4270,2391,6000,,600,,,,cyclic,transition,0,no_load,both,B5: cyclic back-and-forth,servo-app/lab-0.1
1781163329.832275,166.58079981803894,B5_CYCLIC,B5_CYCLIC_R01_20260611_143242,delta-asda-b3-e,1591,RTSO|SO|OE|VE|QS|TR,3,0,115055897,600,23,0.09821,24,0.057384,301,49,4270,2391,6000,,600,,,,cyclic,transition,0,no_load,both,B5: cyclic back-and-forth,servo-app/lab-0.1
1781163329.932476,166.68100094795227,B5_CYCLIC,B5_CYCLIC_R01_20260611_143242,delta-asda-b3-e,1591,RTSO|SO|OE|VE|QS|TR,3,0,116750992,601,17,0.07259,18,0.043038,301,49,4270,2391,6000,,600,,,,cyclic,transition,0,no_load,both,B5: cyclic back-and-forth,servo-app/lab-0.1
1781163330.032625,166.78114986419678,B5_CYCLIC,B5_CYCLIC_R01_20260611_143242,delta-asda-b3-e,1591,RTSO|SO|OE|VE|QS|TR,3,0,118428422,600,24,0.10248,24,0.057384,301,49,4270,2391,6000,,600,,,,cyclic,transition,0,no_load,both,B5: cyclic back-and-forth,servo-app/lab-0.1
1781163330.13303,166.88155484199524,B5_CYCLIC,B5_CYCLIC_R01_20260611_143242,delta-asda-b3-e,1591,RTSO|SO|OE|VE|QS|TR,3,0,120106242,600,22,0.09394,22,0.052602,301,49,4270,2391,6000,,600,,,,cyclic,transition,0,no_load,both,B5: cyclic back-and-forth,servo-app/lab-0.1
1781163330.233273,166.9817979335785,B5_CYCLIC,B5_CYCLIC_R01_20260611_143242,delta-asda-b3-e,1591,RTSO|SO|OE|VE|QS|TR,3,0,121783582,600,20,0.0854,20,0.04782,301,49,4270,2391,6000,,600,,,,cyclic,transition,0,no_load,both,B5: cyclic back-and-forth,servo-app/lab-0.1
1781163330.3334746,167.08199954032898,B5_CYCLIC,B5_CYCLIC_R01_20260611_143242,delta-asda-b3-e,1591,RTSO|SO|OE|VE|QS|TR,3,0,123461386,600,17,0.07259,17,0.040647,301,49,4270,2391,6000,,600,,,,cyclic,transition,0,no_load,both,B5: cyclic back-and-forth,servo-app/lab-0.1
1781163330.433898,167.18242287635803,B5_CYCLIC,B5_CYCLIC_R01_20260611_143242,delta-asda-b3-e,1591,RTSO|SO|OE|VE|QS|TR,3,0,125155680,600,21,0.08967,23,0.054993,301,49,4270,2391,6000,,600,,,,cyclic,transition,0,no_load,both,B5: cyclic back-and-forth,servo-app/lab-0.1
1781163330.5340505,167.28257536888123,B5_CYCLIC,B5_CYCLIC_R01_20260611_143242,delta-asda-b3-e,1591,RTSO|SO|OE|VE|QS|TR,3,0,126833693,600,18,0.07686,16,0.038256,301,49,4270,2391,6000,,600,,,,cyclic,transition,0,no_load,both,B5: cyclic back-and-forth,servo-app/lab-0.1
1781163330.6342971,167.38282203674316,B5_CYCLIC,B5_CYCLIC_R01_20260611_143242,delta-asda-b3-e,1591,RTSO|SO|OE|VE|QS|TR,3,0,128510845,600,23,0.09821,23,0.054993,301,49,4270,2391,6000,,600,,,,cyclic,transition,0,no_load,both,B5: cyclic back-and-forth,servo-app/lab-0.1
1781163330.7344656,167.48299050331116,B5_CYCLIC,B5_CYCLIC_R01_20260611_143242,delta-asda-b3-e,1591,RTSO|SO|OE|VE|QS|TR,3,0,130188851,600,18,0.07686,21,0.050211,301,49,4270,2391,6000,,600,,,,cyclic,transition,0,no_load,both,B5: cyclic back-and-forth,servo-app/lab-0.1
1781163330.8353908,167.58391571044922,B5_CYCLIC,B5_CYCLIC_R01_20260611_143242,delta-asda-b3-e,1591,RTSO|SO|OE|VE|QS|TR,3,0,131882732,600,22,0.09394,25,0.059775,301,49,4270,2391,6000,,600,,,,cyclic,transition,0,no_load,both,B5: cyclic back-and-forth,servo-app/lab-0.1
1781163330.9355168,167.68404173851013,B5_CYCLIC,B5_CYCLIC_R01_20260611_143242,delta-asda-b3-e,1591,RTSO|SO|OE|VE|QS|TR,3,0,133561115,600,17,0.07259,18,0.043038,301,49,4270,2391,6000,,600,,,,cyclic,transition,0,no_load,both,B5: cyclic back-and-forth,servo-app/lab-0.1
1781163331.0359726,167.78449749946594,B5_CYCLIC,B5_CYCLIC_R01_20260611_143242,delta-asda-b3-e,1591,RTSO|SO|OE|VE|QS|TR,3,0,135255205,600,21,0.08967,24,0.057384,301,49,4270,2391,6000,,600,,,,cyclic,transition,0,no_load,both,B5: cyclic back-and-forth,servo-app/lab-0.1
1781163331.1361654,167.884690284729,B5_CYCLIC,B5_CYCLIC_R01_20260611_143242,delta-asda-b3-e,1591,RTSO|SO|OE|VE|QS|TR,3,0,136933060,600,21,0.08967,22,0.052602,301,49,4270,2391,6000,,600,,,,cyclic,transition,0,no_load,both,B5: cyclic back-and-forth,servo-app/lab-0.1
1781163331.2362385,167.98476338386536,B5_CYCLIC,B5_CYCLIC_R01_20260611_143242,delta-asda-b3-e,1591,RTSO|SO|OE|VE|QS|TR,3,0,138627104,599,22,0.09394,21,0.050211,301,49,4270,2391,6000,,600,,,,cyclic,transition,0,no_load,both,B5: cyclic back-and-forth,servo-app/lab-0.1
1781163331.3369033,168.08542823791504,B5_CYCLIC,B5_CYCLIC_R01_20260611_143242,delta-asda-b3-e,1591,RTSO|SO|OE|VE|QS|TR,3,0,140304942,600,17,0.07259,17,0.040647,301,49,4270,2391,6000,,600,,,,cyclic,transition,0,no_load,both,B5: cyclic back-and-forth,servo-app/lab-0.1
1781163331.4370644,168.18558931350708,B5_CYCLIC,B5_CYCLIC_R01_20260611_143242,delta-asda-b3-e,1591,RTSO|SO|OE|VE|QS|TR,3,0,141982486,600,23,0.09821,23,0.054993,301,49,4270,2391,6000,,600,,,,cyclic,transition,0,no_load,both,B5: cyclic back-and-forth,servo-app/lab-0.1
1781163331.5377123,168.28623723983765,B5_CYCLIC,B5_CYCLIC_R01_20260611_143242,delta-asda-b3-e,1591,RTSO|SO|OE|VE|QS|TR,3,0,143660485,600,18,0.07686,19,0.045429,300,49,4270,2391,6000,,600,,,,cyclic,transition,0,no_load,both,B5: cyclic back-and-forth,servo-app/lab-0.1
1781163331.6380613,168.38658618927002,B5_CYCLIC,B5_CYCLIC_R01_20260611_143242,delta-asda-b3-e,1591,RTSO|SO|OE|VE|QS|TR,3,0,145354395,599,20,0.0854,21,0.050211,300,49,4270,2391,6000,,600,,,,cyclic,transition,0,no_load,both,B5: cyclic back-and-forth,servo-app/lab-0.1
1781163331.7391067,168.48763155937195,B5_CYCLIC,B5_CYCLIC_R01_20260611_143242,delta-asda-b3-e,1591,RTSO|SO|OE|VE|QS|TR,3,0,147049049,599,16,0.06832,20,0.04782,300,49,4270,2391,6000,,600,,,,cyclic,transition,0,no_load,both,B5: cyclic back-and-forth,servo-app/lab-0.1
1781163331.8392115,168.58773636817932,B5_CYCLIC,B5_CYCLIC_R01_20260611_143242,delta-asda-b3-e,1591,RTSO|SO|OE|VE|QS|TR,3,0,148726266,599,22,0.09394,23,0.054993,301,49,4270,2391,6000,,600,,,,cyclic,transition,0,no_load,both,B5: cyclic back-and-forth,servo-app/lab-0.1
1781163331.9396877,168.68821263313293,B5_CYCLIC,B5_CYCLIC_R01_20260611_143242,delta-asda-b3-e,1591,RTSO|SO|OE|VE|QS|TR,3,0,150421347,600,17,0.07259,15,0.035865,301,49,4270,2391,6000,,600,,,,cyclic,transition,0,no_load,both,B5: cyclic back-and-forth,servo-app/lab-0.1
1781163332.040014,168.7885389328003,B5_CYCLIC,B5_CYCLIC_R01_20260611_143242,delta-asda-b3-e,1591,RTSO|SO|OE|VE|QS|TR,3,0,152098604,599,23,0.09821,20,0.04782,301,49,4270,2391,6000,,600,,,,cyclic,transition,0,no_load,both,B5: cyclic back-and-forth,servo-app/lab-0.1
1781163332.1404843,168.88900923728943,B5_CYCLIC,B5_CYCLIC_R01_20260611_143242,delta-asda-b3-e,1591,RTSO|SO|OE|VE|QS|TR,3,0,153776624,599,23,0.09821,20,0.04782,301,49,4270,2391,6000,,600,,,,cyclic,transition,0,no_load,both,B5: cyclic back-and-forth,servo-app/lab-0.1
1781163332.2411351,168.98966002464294,B5_CYCLIC,B5_CYCLIC_R01_20260611_143242,delta-asda-b3-e,1591,RTSO|SO|OE|VE|QS|TR,3,0,155470548,599,24,0.10248,22,0.052602,301,49,4270,2391,6000,,600,,,,cyclic,transition,0,no_load,both,B5: cyclic back-and-forth,servo-app/lab-0.1
1781163332.3413036,169.08982849121094,B5_CYCLIC,B5_CYCLIC_R01_20260611_143242,delta-asda-b3-e,1591,RTSO|SO|OE|VE|QS|TR,3,0,157148506,600,16,0.06832,16,0.038256,301,49,4270,2391,6000,,600,,,,cyclic,transition,0,no_load,both,B5: cyclic back-and-forth,servo-app/lab-0.1
1781163332.4414637,169.18998861312866,B5_CYCLIC,B5_CYCLIC_R01_20260611_143242,delta-asda-b3-e,1591,RTSO|SO|OE|VE|QS|TR,3,0,158892922,599,24,0.10248,22,0.052602,301,49,4270,2391,6000,,600,,,,cyclic,transition,0,no_load,both,B5: cyclic back-and-forth,servo-app/lab-0.1
1781163332.5419805,169.29050540924072,B5_CYCLIC,B5_CYCLIC_R01_20260611_143242,delta-asda-b3-e,1591,RTSO|SO|OE|VE|QS|TR,3,0,160520698,599,18,0.07686,17,0.040647,301,49,4270,2391,6000,,600,,,,cyclic,transition,0,no_load,both,B5: cyclic back-and-forth,servo-app/lab-0.1
1781163332.642439,169.3909637928009,B5_CYCLIC,B5_CYCLIC_R01_20260611_143242,delta-asda-b3-e,1591,RTSO|SO|OE|VE|QS|TR,3,0,162197894,599,24,0.10248,21,0.050211,301,49,4270,2391,6000,,600,,,,cyclic,transition,0,no_load,both,B5: cyclic back-and-forth,servo-app/lab-0.1
1781163332.742844,169.49136900901794,B5_CYCLIC,B5_CYCLIC_R01_20260611_143242,delta-asda-b3-e,1591,RTSO|SO|OE|VE|QS|TR,3,0,163892630,599,19,0.08113,22,0.052602,301,49,4270,2391,6000,,600,,,,cyclic,transition,0,no_load,both,B5: cyclic back-and-forth,servo-app/lab-0.1
1781163332.8436716,169.59219646453857,B5_CYCLIC,B5_CYCLIC_R01_20260611_143242,delta-asda-b3-e,1591,RTSO|SO|OE|VE|QS|TR,3,0,165586681,599,24,0.10248,22,0.052602,301,49,4270,2391,6000,,600,,,,cyclic,transition,0,no_load,both,B5: cyclic back-and-forth,servo-app/lab-0.1
1781163332.944082,169.69260692596436,B5_CYCLIC,B5_CYCLIC_R01_20260611_143242,delta-asda-b3-e,1591,RTSO|SO|OE|VE|QS|TR,3,0,167265063,599,17,0.07259,17,0.040647,301,49,4270,2391,6000,,600,,,,cyclic,transition,0,no_load,both,B5: cyclic back-and-forth,servo-app/lab-0.1
1781163333.0443246,169.79284954071045,B5_CYCLIC,B5_CYCLIC_R01_20260611_143242,delta-asda-b3-e,1591,RTSO|SO|OE|VE|QS|TR,3,0,168942200,598,22,0.09394,21,0.050211,301,49,4270,2391,6000,,600,,,,cyclic,transition,0,no_load,both,B5: cyclic back-and-forth,servo-app/lab-0.1
1781163333.144864,169.89338898658752,B5_CYCLIC,B5_CYCLIC_R01_20260611_143242,delta-asda-b3-e,1591,RTSO|SO|OE|VE|QS|TR,3,0,170636930,599,21,0.08967,23,0.054993,301,49,4270,2391,6000,,600,,,,cyclic,transition,0,no_load,both,B5: cyclic back-and-forth,servo-app/lab-0.1
1781163333.2453318,169.9938566684723,B5_CYCLIC,B5_CYCLIC_R01_20260611_143242,delta-asda-b3-e,567,RTSO|SO|OE|VE|QS,3,0,172275585,467,8,0.03416,8,0.019128,301,49,4270,2391,6000,,600,,,,cyclic,transition,0,no_load,both,B5: cyclic back-and-forth,servo-app/lab-0.1
1781163333.3455527,170.09407758712769,B5_CYCLIC,B5_CYCLIC_R01_20260611_143242,delta-asda-b3-e,1591,RTSO|SO|OE|VE|QS|TR,3,0,171039305,-600,-19,-0.08113,-22,-0.052602,301,49,4270,2391,6000,,600,,,,cyclic,transition,0,no_load,both,B5: cyclic back-and-forth,servo-app/lab-0.1
1781163333.4464,170.19492483139038,B5_CYCLIC,B5_CYCLIC_R01_20260611_143242,delta-asda-b3-e,1591,RTSO|SO|OE|VE|QS|TR,3,0,169344683,-601,-22,-0.09394,-17,-0.040647,301,49,4270,2391,6000,,600,,,,cyclic,transition,0,no_load,both,B5: cyclic back-and-forth,servo-app/lab-0.1
1781163333.5474308,170.29595565795898,B5_CYCLIC,B5_CYCLIC_R01_20260611_143242,delta-asda-b3-e,1591,RTSO|SO|OE|VE|QS|TR,3,0,167650294,-601,-18,-0.07686,-17,-0.040647,301,49,4270,2391,6000,,600,,,,cyclic,transition,0,no_load,both,B5: cyclic back-and-forth,servo-app/lab-0.1
1781163333.6477852,170.39631009101868,B5_CYCLIC,B5_CYCLIC_R01_20260611_143242,delta-asda-b3-e,1591,RTSO|SO|OE|VE|QS|TR,3,0,165955666,-601,-22,-0.09394,-16,-0.038256,301,49,4270,2391,6000,,600,,,,cyclic,transition,0,no_load,both,B5: cyclic back-and-forth,servo-app/lab-0.1
1781163333.7483077,170.49683260917664,B5_CYCLIC,B5_CYCLIC_R01_20260611_143242,delta-asda-b3-e,1591,RTSO|SO|OE|VE|QS|TR,3,0,164278118,-600,-20,-0.0854,-21,-0.050211,301,49,4270,2391,6000,,600,,,,cyclic,transition,0,no_load,both,B5: cyclic back-and-forth,servo-app/lab-0.1
1781163333.848773,170.5972979068756,B5_CYCLIC,B5_CYCLIC_R01_20260611_143242,delta-asda-b3-e,1591,RTSO|SO|OE|VE|QS|TR,3,0,162583510,-602,-18,-0.07686,-14,-0.033474,301,49,4270,2391,6000,,600,,,,cyclic,transition,0,no_load,both,B5: cyclic back-and-forth,servo-app/lab-0.1
1781163333.9493084,170.69783329963684,B5_CYCLIC,B5_CYCLIC_R01_20260611_143242,delta-asda-b3-e,1591,RTSO|SO|OE|VE|QS|TR,3,0,160905619,-601,-18,-0.07686,-17,-0.040647,301,49,4270,2391,6000,,600,,,,cyclic,transition,0,no_load,both,B5: cyclic back-and-forth,servo-app/lab-0.1
1781163334.0498579,170.79838275909424,B5_CYCLIC,B5_CYCLIC_R01_20260611_143242,delta-asda-b3-e,1591,RTSO|SO|OE|VE|QS|TR,3,0,159211062,-601,-21,-0.08967,-19,-0.045429,301,49,4270,2391,6000,,600,,,,cyclic,transition,0,no_load,both,B5: cyclic back-and-forth,servo-app/lab-0.1
1781163334.1500707,170.89859557151794,B5_CYCLIC,B5_CYCLIC_R01_20260611_143242,delta-asda-b3-e,1591,RTSO|SO|OE|VE|QS|TR,3,0,157533400,-601,-17,-0.07259,-19,-0.045429,301,49,4270,2391,6000,,600,,,,cyclic,transition,0,no_load,both,B5: cyclic back-and-forth,servo-app/lab-0.1
1781163334.2512379,170.9997627735138,B5_CYCLIC,B5_CYCLIC_R01_20260611_143242,delta-asda-b3-e,1591,RTSO|SO|OE|VE|QS|TR,3,0,155839098,-601,-14,-0.05978,-17,-0.040647,301,49,4270,2391,6000,,600,,,,cyclic,transition,0,no_load,both,B5: cyclic back-and-forth,servo-app/lab-0.1
1781163334.3517313,171.1002562046051,B5_CYCLIC,B5_CYCLIC_R01_20260611_143242,delta-asda-b3-e,1591,RTSO|SO|OE|VE|QS|TR,3,0,154144567,-601,-19,-0.08113,-20,-0.04782,301,49,4270,2391,6000,,600,,,,cyclic,transition,0,no_load,both,B5: cyclic back-and-forth,servo-app/lab-0.1
1781163334.4523091,171.2008340358734,B5_CYCLIC,B5_CYCLIC_R01_20260611_143242,delta-asda-b3-e,1591,RTSO|SO|OE|VE|QS|TR,3,0,152466653,-601,-15,-0.06405,-15,-0.035865,302,49,4270,2391,6000,,600,,,,cyclic,transition,0,no_load,both,B5: cyclic back-and-forth,servo-app/lab-0.1
1781163334.5529056,171.3014304637909,B5_CYCLIC,B5_CYCLIC_R01_20260611_143242,delta-asda-b3-e,1591,RTSO|SO|OE|VE|QS|TR,3,0,150772216,-601,-21,-0.08967,-20,-0.04782,301,49,4270,2391,6000,,600,,,,cyclic,transition,0,no_load,both,B5: cyclic back-and-forth,servo-app/lab-0.1
1781163334.6536624,171.4021873474121,B5_CYCLIC,B5_CYCLIC_R01_20260611_143242,delta-asda-b3-e,1591,RTSO|SO|OE|VE|QS|TR,3,0,149077652,-601,-17,-0.07259,-18,-0.043038,301,49,4270,2391,6000,,600,,,,cyclic,transition,0,no_load,both,B5: cyclic back-and-forth,servo-app/lab-0.1
1781163334.7540991,171.5026240348816,B5_CYCLIC,B5_CYCLIC_R01_20260611_143242,delta-asda-b3-e,1591,RTSO|SO|OE|VE|QS|TR,3,0,147400155,-600,-19,-0.08113,-19,-0.045429,301,49,4270,2391,6000,,600,,,,cyclic,transition,0,no_load,both,B5: cyclic back-and-forth,servo-app/lab-0.1
1781163334.8546963,171.6032211780548,B5_CYCLIC,B5_CYCLIC_R01_20260611_143242,delta-asda-b3-e,1591,RTSO|SO|OE|VE|QS|TR,3,0,145705419,-601,-16,-0.06832,-17,-0.040647,301,49,4270,2391,6000,,600,,,,cyclic,transition,0,no_load,both,B5: cyclic back-and-forth,servo-app/lab-0.1
1781163334.9553878,171.70391273498535,B5_CYCLIC,B5_CYCLIC_R01_20260611_143242,delta-asda-b3-e,1591,RTSO|SO|OE|VE|QS|TR,3,0,143994123,-601,-19,-0.08113,-19,-0.045429,301,49,4270,2391,6000,,600,,,,cyclic,transition,0,no_load,both,B5: cyclic back-and-forth,servo-app/lab-0.1
1781163335.0555172,171.80404210090637,B5_CYCLIC,B5_CYCLIC_R01_20260611_143242,delta-asda-b3-e,1591,RTSO|SO|OE|VE|QS|TR,3,0,142349811,-601,-15,-0.06405,-24,-0.057384,301,49,4270,2391,6000,,600,,,,cyclic,transition,0,no_load,both,B5: cyclic back-and-forth,servo-app/lab-0.1
1781163335.1559427,171.90446758270264,B5_CYCLIC,B5_CYCLIC_R01_20260611_143242,delta-asda-b3-e,1591,RTSO|SO|OE|VE|QS|TR,3,0,140655478,-600,-20,-0.0854,-20,-0.04782,301,49,4270,2391,6000,,600,,,,cyclic,transition,0,no_load,both,B5: cyclic back-and-forth,servo-app/lab-0.1
1781163335.2563443,172.004869222641,B5_CYCLIC,B5_CYCLIC_R01_20260611_143242,delta-asda-b3-e,1591,RTSO|SO|OE|VE|QS|TR,3,0,138961215,-601,-16,-0.06832,-15,-0.035865,301,49,4270,2391,6000,,600,,,,cyclic,transition,0,no_load,both,B5: cyclic back-and-forth,servo-app/lab-0.1
1781163335.3569212,172.10544610023499,B5_CYCLIC,B5_CYCLIC_R01_20260611_143242,delta-asda-b3-e,1591,RTSO|SO|OE|VE|QS|TR,3,0,137283362,-601,-18,-0.07686,-21,-0.050211,301,49,4270,2391,6000,,600,,,,cyclic,transition,0,no_load,both,B5: cyclic back-and-forth,servo-app/lab-0.1
1781163335.4575446,172.2060694694519,B5_CYCLIC,B5_CYCLIC_R01_20260611_143242,delta-asda-b3-e,1591,RTSO|SO|OE|VE|QS|TR,3,0,135605398,-601,-13,-0.05551,-15,-0.035865,301,49,4270,2391,6000,,600,,,,cyclic,transition,0,no_load,both,B5: cyclic back-and-forth,servo-app/lab-0.1
1781163335.558114,172.30663895606995,B5_CYCLIC,B5_CYCLIC_R01_20260611_143242,delta-asda-b3-e,1591,RTSO|SO|OE|VE|QS|TR,3,0,133911009,-601,-19,-0.08113,-18,-0.043038,301,49,4270,2391,6000,,600,,,,cyclic,transition,0,no_load,both,B5: cyclic back-and-forth,servo-app/lab-0.1
1781163335.6588476,172.4073724746704,B5_CYCLIC,B5_CYCLIC_R01_20260611_143242,delta-asda-b3-e,1591,RTSO|SO|OE|VE|QS|TR,3,0,132216483,-601,-16,-0.06832,-15,-0.035865,301,49,4270,2391,6000,,600,,,,cyclic,transition,0,no_load,both,B5: cyclic back-and-forth,servo-app/lab-0.1
1781163335.7589648,172.5074896812439,B5_CYCLIC,B5_CYCLIC_R01_20260611_143242,delta-asda-b3-e,1591,RTSO|SO|OE|VE|QS|TR,3,0,130538976,-601,-17,-0.07259,-19,-0.045429,301,49,4270,2391,6000,,600,,,,cyclic,transition,0,no_load,both,B5: cyclic back-and-forth,servo-app/lab-0.1
1781163335.859058,172.6075828075409,B5_CYCLIC,B5_CYCLIC_R01_20260611_143242,delta-asda-b3-e,1591,RTSO|SO|OE|VE|QS|TR,3,0,128860915,-601,-17,-0.07259,-14,-0.033474,301,49,4270,2391,6000,,600,,,,cyclic,transition,0,no_load,both,B5: cyclic back-and-forth,servo-app/lab-0.1
1781163335.9593205,172.70784544944763,B5_CYCLIC,B5_CYCLIC_R01_20260611_143242,delta-asda-b3-e,1591,RTSO|SO|OE|VE|QS|TR,3,0,127183247,-601,-18,-0.07686,-22,-0.052602,301,49,4270,2391,6000,,600,,,,cyclic,transition,0,no_load,both,B5: cyclic back-and-forth,servo-app/lab-0.1
1781163336.0599713,172.80849623680115,B5_CYCLIC,B5_CYCLIC_R01_20260611_143242,delta-asda-b3-e,1591,RTSO|SO|OE|VE|QS|TR,3,0,125488514,-601,-15,-0.06405,-17,-0.040647,301,49,4270,2391,6000,,600,,,,cyclic,transition,0,no_load,both,B5: cyclic back-and-forth,servo-app/lab-0.1
1781163336.1605492,172.90907406806946,B5_CYCLIC,B5_CYCLIC_R01_20260611_143242,delta-asda-b3-e,1591,RTSO|SO|OE|VE|QS|TR,3,0,123811081,-600,-22,-0.09394,-23,-0.054993,301,49,4270,2391,6000,,600,,,,cyclic,transition,0,no_load,both,B5: cyclic back-and-forth,servo-app/lab-0.1
1781163336.2607586,173.00928354263306,B5_CYCLIC,B5_CYCLIC_R01_20260611_143242,delta-asda-b3-e,1591,RTSO|SO|OE|VE|QS|TR,3,0,122116576,-601,-18,-0.07686,-15,-0.035865,301,49,4270,2391,6000,,600,,,,cyclic,transition,0,no_load,both,B5: cyclic back-and-forth,servo-app/lab-0.1
1781163336.3608284,173.1093533039093,B5_CYCLIC,B5_CYCLIC_R01_20260611_143242,delta-asda-b3-e,1591,RTSO|SO|OE|VE|QS|TR,3,0,120371696,-600,-20,-0.0854,-21,-0.050211,301,49,4270,2391,6000,,600,,,,cyclic,transition,0,no_load,both,B5: cyclic back-and-forth,servo-app/lab-0.1
1781163336.4614074,173.2099323272705,B5_CYCLIC,B5_CYCLIC_R01_20260611_143242,delta-asda-b3-e,1591,RTSO|SO|OE|VE|QS|TR,3,0,118760820,-601,-15,-0.06405,-15,-0.035865,301,49,4270,2391,6000,,600,,,,cyclic,transition,0,no_load,both,B5: cyclic back-and-forth,servo-app/lab-0.1
1781163336.5620582,173.31058311462402,B5_CYCLIC,B5_CYCLIC_R01_20260611_143242,delta-asda-b3-e,1591,RTSO|SO|OE|VE|QS|TR,3,0,117066431,-601,-20,-0.0854,-20,-0.04782,301,49,4270,2391,6000,,600,,,,cyclic,transition,0,no_load,both,B5: cyclic back-and-forth,servo-app/lab-0.1
1781163336.6622305,173.41075539588928,B5_CYCLIC,B5_CYCLIC_R01_20260611_143242,delta-asda-b3-e,1591,RTSO|SO|OE|VE|QS|TR,3,0,115388700,-600,-17,-0.07259,-16,-0.038256,301,49,4270,2391,6000,,600,,,,cyclic,transition,0,no_load,both,B5: cyclic back-and-forth,servo-app/lab-0.1
1781163336.7624726,173.51099753379822,B5_CYCLIC,B5_CYCLIC_R01_20260611_143242,delta-asda-b3-e,1591,RTSO|SO|OE|VE|QS|TR,3,0,113711208,-600,-21,-0.08967,-21,-0.050211,301,49,4270,2391,6000,,600,,,,cyclic,transition,0,no_load,both,B5: cyclic back-and-forth,servo-app/lab-0.1
1781163336.8626058,173.6111307144165,B5_CYCLIC,B5_CYCLIC_R01_20260611_143242,delta-asda-b3-e,1591,RTSO|SO|OE|VE|QS|TR,3,0,112033003,-601,-14,-0.05978,-15,-0.035865,301,49,4270,2391,6000,,600,,,,cyclic,transition,0,no_load,both,B5: cyclic back-and-forth,servo-app/lab-0.1
1781163336.9627721,173.71129703521729,B5_CYCLIC,B5_CYCLIC_R01_20260611_143242,delta-asda-b3-e,1591,RTSO|SO|OE|VE|QS|TR,3,0,110321999,-600,-19,-0.08113,-19,-0.045429,301,49,4270,2391,6000,,600,,,,cyclic,transition,0,no_load,both,B5: cyclic back-and-forth,servo-app/lab-0.1
1781163337.0630918,173.81161665916443,B5_CYCLIC,B5_CYCLIC_R01_20260611_143242,delta-asda-b3-e,1591,RTSO|SO|OE|VE|QS|TR,3,0,108660709,-601,-16,-0.06832,-16,-0.038256,301,49,4270,2391,6000,,600,,,,cyclic,transition,0,no_load,both,B5: cyclic back-and-forth,servo-app/lab-0.1
1781163337.163508,173.9120328426361,B5_CYCLIC,B5_CYCLIC_R01_20260611_143242,delta-asda-b3-e,1591,RTSO|SO|OE|VE|QS|TR,3,0,106983448,-600,-22,-0.09394,-21,-0.050211,300,49,4270,2391,6000,,600,,,,cyclic,transition,0,no_load,both,B5: cyclic back-and-forth,servo-app/lab-0.1
1781163337.2636054,174.01213026046753,B5_CYCLIC,B5_CYCLIC_R01_20260611_143242,delta-asda-b3-e,1591,RTSO|SO|OE|VE|QS|TR,3,0,105305682,-601,-18,-0.07686,-17,-0.040647,301,49,4270,2391,6000,,600,,,,cyclic,transition,0,no_load,both,B5: cyclic back-and-forth,servo-app/lab-0.1
1781163337.3642626,174.11278748512268,B5_CYCLIC,B5_CYCLIC_R01_20260611_143242,delta-asda-b3-e,1591,RTSO|SO|OE|VE|QS|TR,3,0,103611226,-600,-22,-0.09394,-21,-0.050211,301,49,4270,2391,6000,,600,,,,cyclic,transition,0,no_load,both,B5: cyclic back-and-forth,servo-app/lab-0.1
1781163337.4648852,174.21341013908386,B5_CYCLIC,B5_CYCLIC_R01_20260611_143242,delta-asda-b3-e,1591,RTSO|SO|OE|VE|QS|TR,3,0,101916617,-600,-15,-0.06405,-16,-0.038256,301,49,4270,2391,6000,,600,,,,cyclic,transition,0,no_load,both,B5: cyclic back-and-forth,servo-app/lab-0.1
1781163337.5653157,174.3138406276703,B5_CYCLIC,B5_CYCLIC_R01_20260611_143242,delta-asda-b3-e,1591,RTSO|SO|OE|VE|QS|TR,3,0,100239123,-600,-21,-0.08967,-21,-0.050211,301,49,4270,2391,6000,,600,,,,cyclic,transition,0,no_load,both,B5: cyclic back-and-forth,servo-app/lab-0.1
1781163337.6664937,174.4150185585022,B5_CYCLIC,B5_CYCLIC_R01_20260611_143242,delta-asda-b3-e,1591,RTSO|SO|OE|VE|QS|TR,3,0,98544606,-600,-17,-0.07259,-18,-0.043038,301,49,4270,2391,6000,,600,,,,cyclic,transition,0,no_load,both,B5: cyclic back-and-forth,servo-app/lab-0.1
1781163337.7670588,174.51558375358582,B5_CYCLIC,B5_CYCLIC_R01_20260611_143242,delta-asda-b3-e,1591,RTSO|SO|OE|VE|QS|TR,3,0,96850204,-600,-17,-0.07259,-18,-0.043038,301,49,4270,2391,6000,,600,,,,cyclic,transition,0,no_load,both,B5: cyclic back-and-forth,servo-app/lab-0.1
1781163337.8680675,174.61659240722656,B5_CYCLIC,B5_CYCLIC_R01_20260611_143242,delta-asda-b3-e,1591,RTSO|SO|OE|VE|QS|TR,3,0,95155218,-601,-15,-0.06405,-16,-0.038256,301,49,4270,2391,6000,,600,,,,cyclic,transition,0,no_load,both,B5: cyclic back-and-forth,servo-app/lab-0.1
1781163337.9691424,174.7176673412323,B5_CYCLIC,B5_CYCLIC_R01_20260611_143242,delta-asda-b3-e,1591,RTSO|SO|OE|VE|QS|TR,3,0,93460942,-601,-19,-0.08113,-21,-0.050211,301,49,4270,2391,6000,,600,,,,cyclic,transition,0,no_load,both,B5: cyclic back-and-forth,servo-app/lab-0.1
1781163338.0698733,174.8183982372284,B5_CYCLIC,B5_CYCLIC_R01_20260611_143242,delta-asda-b3-e,1591,RTSO|SO|OE|VE|QS|TR,3,0,91766046,-601,-16,-0.06832,-15,-0.035865,301,49,4270,2391,6000,,600,,,,cyclic,transition,0,no_load,both,B5: cyclic back-and-forth,servo-app/lab-0.1
1781163338.1704056,174.9189305305481,B5_CYCLIC,B5_CYCLIC_R01_20260611_143242,delta-asda-b3-e,1591,RTSO|SO|OE|VE|QS|TR,3,0,90088909,-600,-18,-0.07686,-19,-0.045429,301,49,4270,2391,6000,,600,,,,cyclic,transition,0,no_load,both,B5: cyclic back-and-forth,servo-app/lab-0.1
1781163338.2705636,175.0190885066986,B5_CYCLIC,B5_CYCLIC_R01_20260611_143242,delta-asda-b3-e,1591,RTSO|SO|OE|VE|QS|TR,3,0,88410779,-601,-15,-0.06405,-16,-0.038256,300,49,4270,2391,6000,,600,,,,cyclic,transition,0,no_load,both,B5: cyclic back-and-forth,servo-app/lab-0.1
1781163338.370962,175.11948680877686,B5_CYCLIC,B5_CYCLIC_R01_20260611_143242,delta-asda-b3-e,1591,RTSO|SO|OE|VE|QS|TR,3,0,86716470,-600,-19,-0.08113,-19,-0.045429,300,49,4270,2391,6000,,600,,,,cyclic,transition,0,no_load,both,B5: cyclic back-and-forth,servo-app/lab-0.1
1781163338.471336,175.21986079216003,B5_CYCLIC,B5_CYCLIC_R01_20260611_143242,delta-asda-b3-e,1591,RTSO|SO|OE|VE|QS|TR,3,0,85038364,-601,-18,-0.07686,-16,-0.038256,300,49,4270,2391,6000,,600,,,,cyclic,transition,0,no_load,both,B5: cyclic back-and-forth,servo-app/lab-0.1
1781163338.571711,175.3202359676361,B5_CYCLIC,B5_CYCLIC_R01_20260611_143242,delta-asda-b3-e,1591,RTSO|SO|OE|VE|QS|TR,3,0,83344273,-600,-22,-0.09394,-21,-0.050211,300,49,4270,2391,6000,,600,,,,cyclic,transition,0,no_load,both,B5: cyclic back-and-forth,servo-app/lab-0.1
1781163338.6732132,175.4217381477356,B5_CYCLIC,B5_CYCLIC_R01_20260611_143242,delta-asda-b3-e,1591,RTSO|SO|OE|VE|QS|TR,3,0,81649595,-600,-17,-0.07259,-16,-0.038256,301,49,4270,2391,6000,,600,,,,cyclic,transition,0,no_load,both,B5: cyclic back-and-forth,servo-app/lab-0.1
1781163338.774251,175.522775888443,B5_CYCLIC,B5_CYCLIC_R01_20260611_143242,delta-asda-b3-e,1591,RTSO|SO|OE|VE|QS|TR,3,0,79955152,-601,-18,-0.07686,-21,-0.050211,301,49,4270,2391,6000,,600,,,,cyclic,transition,0,no_load,both,B5: cyclic back-and-forth,servo-app/lab-0.1
1781163338.8750417,175.62356662750244,B5_CYCLIC,B5_CYCLIC_R01_20260611_143242,delta-asda-b3-e,1591,RTSO|SO|OE|VE|QS|TR,3,0,78260226,-601,-17,-0.07259,-17,-0.040647,301,49,4270,2391,6000,,600,,,,cyclic,transition,0,no_load,both,B5: cyclic back-and-forth,servo-app/lab-0.1
1781163338.975751,175.72427582740784,B5_CYCLIC,B5_CYCLIC_R01_20260611_143242,delta-asda-b3-e,1591,RTSO|SO|OE|VE|QS|TR,3,0,76582779,-600,-21,-0.08967,-20,-0.04782,301,49,4270,2391,6000,,600,,,,cyclic,transition,0,no_load,both,B5: cyclic back-and-forth,servo-app/lab-0.1
1781163339.075933,175.82445788383484,B5_CYCLIC,B5_CYCLIC_R01_20260611_143242,delta-asda-b3-e,1591,RTSO|SO|OE|VE|QS|TR,3,0,74888017,-601,-19,-0.08113,-17,-0.040647,301,49,4270,2391,6000,,600,,,,cyclic,transition,0,no_load,both,B5: cyclic back-and-forth,servo-app/lab-0.1
1781163339.1762993,175.9248242378235,B5_CYCLIC,B5_CYCLIC_R01_20260611_143242,delta-asda-b3-e,1591,RTSO|SO|OE|VE|QS|TR,3,0,73210846,-600,-21,-0.08967,-20,-0.04782,301,49,4270,2391,6000,,600,,,,cyclic,transition,0,no_load,both,B5: cyclic back-and-forth,servo-app/lab-0.1
1781163339.2772706,176.02579545974731,B5_CYCLIC,B5_CYCLIC_R01_20260611_143242,delta-asda-b3-e,1591,RTSO|SO|OE|VE|QS|TR,3,0,71515898,-601,-18,-0.07686,-17,-0.040647,301,49,4270,2391,6000,,600,,,,cyclic,transition,0,no_load,both,B5: cyclic back-and-forth,servo-app/lab-0.1
1781163339.3777213,176.12624621391296,B5_CYCLIC,B5_CYCLIC_R01_20260611_143242,delta-asda-b3-e,1591,RTSO|SO|OE|VE|QS|TR,3,0,69838629,-601,-17,-0.07259,-18,-0.043038,301,49,4270,2391,6000,,600,,,,cyclic,transition,0,no_load,both,B5: cyclic back-and-forth,servo-app/lab-0.1
1781163339.4778514,176.22637629508972,B5_CYCLIC,B5_CYCLIC_R01_20260611_143242,delta-asda-b3-e,1591,RTSO|SO|OE|VE|QS|TR,3,0,68143729,-601,-22,-0.09394,-21,-0.050211,301,49,4270,2391,6000,,600,,,,cyclic,transition,0,no_load,both,B5: cyclic back-and-forth,servo-app/lab-0.1
1781163339.5788026,176.3273274898529,B5_CYCLIC,B5_CYCLIC_R01_20260611_143242,delta-asda-b3-e,1591,RTSO|SO|OE|VE|QS|TR,3,0,66466445,-600,-22,-0.09394,-21,-0.050211,301,49,4270,2391,6000,,600,,,,cyclic,transition,0,no_load,both,B5: cyclic back-and-forth,servo-app/lab-0.1
1781163339.6798038,176.4283287525177,B5_CYCLIC,B5_CYCLIC_R01_20260611_143242,delta-asda-b3-e,1591,RTSO|SO|OE|VE|QS|TR,3,0,64754638,-601,-17,-0.07259,-21,-0.050211,301,49,4270,2391,6000,,600,,,,cyclic,transition,0,no_load,both,B5: cyclic back-and-forth,servo-app/lab-0.1
1781163339.780073,176.52859783172607,B5_CYCLIC,B5_CYCLIC_R01_20260611_143242,delta-asda-b3-e,1591,RTSO|SO|OE|VE|QS|TR,3,0,63076998,-601,-21,-0.08967,-19,-0.045429,301,49,4270,2391,6000,,600,,,,cyclic,transition,0,no_load,both,B5: cyclic back-and-forth,servo-app/lab-0.1
1781163339.8805249,176.62904977798462,B5_CYCLIC,B5_CYCLIC_R01_20260611_143242,delta-asda-b3-e,1591,RTSO|SO|OE|VE|QS|TR,3,0,61398899,-601,-18,-0.07686,-17,-0.040647,301,49,4270,2391,6000,,600,,,,cyclic,transition,0,no_load,both,B5: cyclic back-and-forth,servo-app/lab-0.1
1781163339.9806657,176.72919058799744,B5_CYCLIC,B5_CYCLIC_R01_20260611_143242,delta-asda-b3-e,1591,RTSO|SO|OE|VE|QS|TR,3,0,59721420,-601,-20,-0.0854,-18,-0.043038,301,49,4270,2391,6000,,600,,,,cyclic,transition,0,no_load,both,B5: cyclic back-and-forth,servo-app/lab-0.1
1781163340.0813143,176.82983922958374,B5_CYCLIC,B5_CYCLIC_R01_20260611_143242,delta-asda-b3-e,1591,RTSO|SO|OE|VE|QS|TR,3,0,58026793,-600,-19,-0.08113,-19,-0.045429,301,49,4270,2391,6000,,600,,,,cyclic,transition,0,no_load,both,B5: cyclic back-and-forth,servo-app/lab-0.1
1781163340.1815898,176.93011474609375,B5_CYCLIC,B5_CYCLIC_R01_20260611_143242,delta-asda-b3-e,1591,RTSO|SO|OE|VE|QS|TR,3,0,56349466,-601,-20,-0.0854,-19,-0.045429,301,49,4270,2391,6000,,600,,,,cyclic,transition,0,no_load,both,B5: cyclic back-and-forth,servo-app/lab-0.1
1781163340.2821918,177.03071665763855,B5_CYCLIC,B5_CYCLIC_R01_20260611_143242,delta-asda-b3-e,1591,RTSO|SO|OE|VE|QS|TR,3,0,54654554,-601,-22,-0.09394,-18,-0.043038,301,49,4270,2391,6000,,600,,,,cyclic,transition,0,no_load,both,B5: cyclic back-and-forth,servo-app/lab-0.1
1781163340.382832,177.13135695457458,B5_CYCLIC,B5_CYCLIC_R01_20260611_143242,delta-asda-b3-e,1591,RTSO|SO|OE|VE|QS|TR,3,0,52977190,-600,-22,-0.09394,-16,-0.038256,301,49,4270,2391,6000,,600,,,,cyclic,transition,0,no_load,both,B5: cyclic back-and-forth,servo-app/lab-0.1
1781163340.4834723,177.23199725151062,B5_CYCLIC,B5_CYCLIC_R01_20260611_143242,delta-asda-b3-e,1591,RTSO|SO|OE|VE|QS|TR,3,0,51282319,-600,-21,-0.08967,-20,-0.04782,301,49,4270,2391,6000,,600,,,,cyclic,transition,0,no_load,both,B5: cyclic back-and-forth,servo-app/lab-0.1
1781163340.5844257,177.33295059204102,B5_CYCLIC,B5_CYCLIC_R01_20260611_143242,delta-asda-b3-e,1591,RTSO|SO|OE|VE|QS|TR,3,0,49588386,-600,-19,-0.08113,-22,-0.052602,301,49,4270,2391,6000,,600,,,,cyclic,transition,0,no_load,both,B5: cyclic back-and-forth,servo-app/lab-0.1
1781163340.6849298,177.43345475196838,B5_CYCLIC,B5_CYCLIC_R01_20260611_143242,delta-asda-b3-e,1591,RTSO|SO|OE|VE|QS|TR,3,0,47893385,-600,-18,-0.07686,-19,-0.045429,301,49,4270,2391,6000,,600,,,,cyclic,transition,0,no_load,both,B5: cyclic back-and-forth,servo-app/lab-0.1
1781163340.7854807,177.53400564193726,B5_CYCLIC,B5_CYCLIC_R01_20260611_143242,delta-asda-b3-e,1591,RTSO|SO|OE|VE|QS|TR,3,0,46199190,-600,-18,-0.07686,-19,-0.045429,302,49,4270,2391,6000,,600,,,,cyclic,transition,0,no_load,both,B5: cyclic back-and-forth,servo-app/lab-0.1
1781163340.8861234,177.63464832305908,B5_CYCLIC,B5_CYCLIC_R01_20260611_143242,delta-asda-b3-e,1591,RTSO|SO|OE|VE|QS|TR,3,0,44521058,-600,-18,-0.07686,-17,-0.040647,302,49,4270,2391,6000,,600,,,,cyclic,transition,0,no_load,both,B5: cyclic back-and-forth,servo-app/lab-0.1
1781163340.986335,177.7348599433899,B5_CYCLIC,B5_CYCLIC_R01_20260611_143242,delta-asda-b3-e,1591,RTSO|SO|OE|VE|QS|TR,3,0,42843686,-600,-18,-0.07686,-16,-0.038256,301,49,4270,2391,6000,,600,,,,cyclic,transition,0,no_load,both,B5: cyclic back-and-forth,servo-app/lab-0.1
1781163341.0871978,177.83572268486023,B5_CYCLIC,B5_CYCLIC_R01_20260611_143242,delta-asda-b3-e,1591,RTSO|SO|OE|VE|QS|TR,3,0,41149114,-599,-19,-0.08113,-17,-0.040647,301,49,4270,2391,6000,,600,,,,cyclic,transition,0,no_load,both,B5: cyclic back-and-forth,servo-app/lab-0.1
1781163341.1876864,177.93621134757996,B5_CYCLIC,B5_CYCLIC_R01_20260611_143242,delta-asda-b3-e,1591,RTSO|SO|OE|VE|QS|TR,3,0,39471622,-600,-17,-0.07259,-18,-0.043038,301,49,4270,2391,6000,,600,,,,cyclic,transition,0,no_load,both,B5: cyclic back-and-forth,servo-app/lab-0.1
1781163341.2880616,178.03658652305603,B5_CYCLIC,B5_CYCLIC_R01_20260611_143242,delta-asda-b3-e,1591,RTSO|SO|OE|VE|QS|TR,3,0,37776820,-600,-21,-0.08967,-23,-0.054993,301,49,4270,2391,6000,,600,,,,cyclic,transition,0,no_load,both,B5: cyclic back-and-forth,servo-app/lab-0.1
1781163341.388675,178.13719987869263,B5_CYCLIC,B5_CYCLIC_R01_20260611_143242,delta-asda-b3-e,1591,RTSO|SO|OE|VE|QS|TR,3,0,36099455,-600,-20,-0.0854,-20,-0.04782,301,49,4270,2391,6000,,600,,,,cyclic,transition,0,no_load,both,B5: cyclic back-and-forth,servo-app/lab-0.1
1781163341.4894712,178.2379961013794,B5_CYCLIC,B5_CYCLIC_R01_20260611_143242,delta-asda-b3-e,1591,RTSO|SO|OE|VE|QS|TR,3,0,34404625,-599,-23,-0.09821,-24,-0.057384,301,49,4270,2391,6000,,600,,,,cyclic,transition,0,no_load,both,B5: cyclic back-and-forth,servo-app/lab-0.1
1781163341.589769,178.33829379081726,B5_CYCLIC,B5_CYCLIC_R01_20260611_143242,delta-asda-b3-e,1591,RTSO|SO|OE|VE|QS|TR,3,0,32727405,-599,-19,-0.08113,-18,-0.043038,302,49,4270,2391,6000,,600,,,,cyclic,transition,0,no_load,both,B5: cyclic back-and-forth,servo-app/lab-0.1
1781163341.6908665,178.439391374588,B5_CYCLIC,B5_CYCLIC_R01_20260611_143242,delta-asda-b3-e,1591,RTSO|SO|OE|VE|QS|TR,3,0,31015652,-599,-21,-0.08967,-19,-0.045429,301,49,4270,2391,6000,,600,,,,cyclic,transition,0,no_load,both,B5: cyclic back-and-forth,servo-app/lab-0.1
1781163341.7910287,178.53955364227295,B5_CYCLIC,B5_CYCLIC_R01_20260611_143242,delta-asda-b3-e,1591,RTSO|SO|OE|VE|QS|TR,3,0,29338247,-599,-18,-0.07686,-17,-0.040647,301,49,4270,2391,6000,,600,,,,cyclic,transition,0,no_load,both,B5: cyclic back-and-forth,servo-app/lab-0.1
1781163341.8911505,178.63967537879944,B5_CYCLIC,B5_CYCLIC_R01_20260611_143242,delta-asda-b3-e,1591,RTSO|SO|OE|VE|QS|TR,3,0,27660132,-599,-22,-0.09394,-20,-0.04782,301,49,4270,2391,6000,,600,,,,cyclic,transition,0,no_load,both,B5: cyclic back-and-forth,servo-app/lab-0.1
1781163341.9914396,178.73996448516846,B5_CYCLIC,B5_CYCLIC_R01_20260611_143242,delta-asda-b3-e,1591,RTSO|SO|OE|VE|QS|TR,3,0,25982841,-599,-18,-0.07686,-17,-0.040647,302,49,4270,2391,6000,,600,,,,cyclic,transition,0,no_load,both,B5: cyclic back-and-forth,servo-app/lab-0.1
1781163342.09185,178.84037494659424,B5_CYCLIC,B5_CYCLIC_R01_20260611_143242,delta-asda-b3-e,1591,RTSO|SO|OE|VE|QS|TR,3,0,24304914,-599,-21,-0.08967,-20,-0.04782,301,49,4270,2391,6000,,600,,,,cyclic,transition,0,no_load,both,B5: cyclic back-and-forth,servo-app/lab-0.1
1781163342.192405,178.94092988967896,B5_CYCLIC,B5_CYCLIC_R01_20260611_143242,delta-asda-b3-e,1591,RTSO|SO|OE|VE|QS|TR,3,0,22610691,-599,-18,-0.07686,-18,-0.043038,301,49,4270,2391,6000,,600,,,,cyclic,transition,0,no_load,both,B5: cyclic back-and-forth,servo-app/lab-0.1
1781163342.2936664,179.04219126701355,B5_CYCLIC,B5_CYCLIC_R01_20260611_143242,delta-asda-b3-e,1591,RTSO|SO|OE|VE|QS|TR,3,0,20899326,-599,-19,-0.08113,-21,-0.050211,301,49,4270,2391,6000,,600,,,,cyclic,transition,0,no_load,both,B5: cyclic back-and-forth,servo-app/lab-0.1
1781163342.3962634,179.14478826522827,B5_CYCLIC,B5_CYCLIC_R01_20260611_143242,delta-asda-b3-e,1591,RTSO|SO|OE|VE|QS|TR,3,0,19071247,-599,-25,-0.10675,-23,-0.054993,301,49,4270,2391,6000,,600,,,,cyclic,transition,0,no_load,both,B5: cyclic back-and-forth,servo-app/lab-0.1
1781163342.4968133,179.24533820152283,B5_CYCLIC,B5_CYCLIC_R01_20260611_143242,delta-asda-b3-e,1591,RTSO|SO|OE|VE|QS|TR,3,0,17510672,-598,-22,-0.09394,-24,-0.057384,301,49,4270,2391,6000,,600,,,,cyclic,transition,0,no_load,both,B5: cyclic back-and-forth,servo-app/lab-0.1
1781163342.5973277,179.3458526134491,B5_CYCLIC,B5_CYCLIC_R01_20260611_143242,delta-asda-b3-e,1591,RTSO|SO|OE|VE|QS|TR,3,0,15816493,-599,-19,-0.08113,-17,-0.040647,301,49,4270,2391,6000,,600,,,,cyclic,transition,0,no_load,both,B5: cyclic back-and-forth,servo-app/lab-0.1
1781163342.6976914,179.44621634483337,B5_CYCLIC,B5_CYCLIC_R01_20260611_143242,delta-asda-b3-e,1591,RTSO|SO|OE|VE|QS|TR,3,0,14138163,-599,-20,-0.0854,-26,-0.062166,301,49,4270,2391,6000,,600,,,,cyclic,transition,0,no_load,both,B5: cyclic back-and-forth,servo-app/lab-0.1
1781163342.7979503,179.54647517204285,B5_CYCLIC,B5_CYCLIC_R01_20260611_143242,delta-asda-b3-e,1591,RTSO|SO|OE|VE|QS|TR,3,0,12444026,-599,-23,-0.09821,-16,-0.038256,301,49,4270,2391,6000,,600,,,,cyclic,transition,0,no_load,both,B5: cyclic back-and-forth,servo-app/lab-0.1
1781163342.898475,179.64699983596802,B5_CYCLIC,B5_CYCLIC_R01_20260611_143242,delta-asda-b3-e,1591,RTSO|SO|OE|VE|QS|TR,3,0,10765868,-599,-20,-0.0854,-21,-0.050211,301,49,4270,2391,6000,,600,,,,cyclic,transition,0,no_load,both,B5: cyclic back-and-forth,servo-app/lab-0.1
1781163342.9990134,179.74753832817078,B5_CYCLIC,B5_CYCLIC_R01_20260611_143242,delta-asda-b3-e,1591,RTSO|SO|OE|VE|QS|TR,3,0,9071904,-598,-22,-0.09394,-22,-0.052602,301,49,4270,2391,6000,,600,,,,cyclic,transition,0,no_load,both,B5: cyclic back-and-forth,servo-app/lab-0.1
1781163343.10021,179.84873485565186,B5_CYCLIC,B5_CYCLIC_R01_20260611_143242,delta-asda-b3-e,1591,RTSO|SO|OE|VE|QS|TR,3,0,7377041,-599,-20,-0.0854,-20,-0.04782,301,49,4270,2391,6000,,600,,,,cyclic,transition,0,no_load,both,B5: cyclic back-and-forth,servo-app/lab-0.1
1781163343.2005148,179.9490396976471,B5_CYCLIC,B5_CYCLIC_R01_20260611_143242,delta-asda-b3-e,1591,RTSO|SO|OE|VE|QS|TR,3,0,5699556,-599,-23,-0.09821,-23,-0.054993,301,49,4270,2391,6000,,600,,,,cyclic,transition,0,no_load,both,B5: cyclic back-and-forth,servo-app/lab-0.1
1781163343.301498,180.05002284049988,B5_CYCLIC,B5_CYCLIC_R01_20260611_143242,delta-asda-b3-e,1591,RTSO|SO|OE|VE|QS|TR,3,0,5414272,566,15,0.06405,13,0.031083,301,49,4270,2391,6000,,600,,,,cyclic,transition,0,no_load,both,B5: cyclic back-and-forth,servo-app/lab-0.1
1781163343.4019406,180.15046548843384,B5_CYCLIC,B5_CYCLIC_R01_20260611_143242,delta-asda-b3-e,1591,RTSO|SO|OE|VE|QS|TR,3,0,7108930,601,18,0.07686,22,0.052602,301,49,4270,2391,6000,,600,,,,cyclic,transition,0,no_load,both,B5: cyclic back-and-forth,servo-app/lab-0.1
1781163343.5021963,180.25072121620178,B5_CYCLIC,B5_CYCLIC_R01_20260611_143242,delta-asda-b3-e,1591,RTSO|SO|OE|VE|QS|TR,3,0,8786126,601,16,0.06832,18,0.043038,301,49,4270,2391,6000,,600,,,,cyclic,transition,0,no_load,both,B5: cyclic back-and-forth,servo-app/lab-0.1
1781163343.6027443,180.3512692451477,B5_CYCLIC,B5_CYCLIC_R01_20260611_143242,delta-asda-b3-e,1591,RTSO|SO|OE|VE|QS|TR,3,0,10463977,602,19,0.08113,24,0.057384,301,49,4270,2391,6000,,600,,,,cyclic,transition,0,no_load,both,B5: cyclic back-and-forth,servo-app/lab-0.1
1781163343.7030256,180.4515504837036,B5_CYCLIC,B5_CYCLIC_R01_20260611_143242,delta-asda-b3-e,1591,RTSO|SO|OE|VE|QS|TR,3,0,12158696,602,20,0.0854,17,0.040647,300,49,4270,2391,6000,,600,,,,cyclic,transition,0,no_load,both,B5: cyclic back-and-forth,servo-app/lab-0.1
1781163343.8034182,180.55194306373596,B5_CYCLIC,B5_CYCLIC_R01_20260611_143242,delta-asda-b3-e,1591,RTSO|SO|OE|VE|QS|TR,3,0,13836164,601,19,0.08113,19,0.045429,301,49,4270,2391,6000,,600,,,,cyclic,transition,0,no_load,both,B5: cyclic back-and-forth,servo-app/lab-0.1
1781163343.904434,180.65295886993408,B5_CYCLIC,B5_CYCLIC_R01_20260611_143242,delta-asda-b3-e,1591,RTSO|SO|OE|VE|QS|TR,3,0,15530778,601,15,0.06405,16,0.038256,300,49,4270,2391,6000,,600,,,,cyclic,transition,0,no_load,both,B5: cyclic back-and-forth,servo-app/lab-0.1
1781163344.004854,180.75337886810303,B5_CYCLIC,B5_CYCLIC_R01_20260611_143242,delta-asda-b3-e,1591,RTSO|SO|OE|VE|QS|TR,3,0,17325735,600,16,0.06832,15,0.035865,300,49,4270,2391,6000,,600,,,,cyclic,transition,0,no_load,both,B5: cyclic back-and-forth,servo-app/lab-0.1
1781163344.105351,180.85387587547302,B5_CYCLIC,B5_CYCLIC_R01_20260611_143242,delta-asda-b3-e,1591,RTSO|SO|OE|VE|QS|TR,3,0,18903023,602,20,0.0854,17,0.040647,300,49,4270,2391,6000,,600,,,,cyclic,transition,0,no_load,both,B5: cyclic back-and-forth,servo-app/lab-0.1
1781163344.2053912,180.95391607284546,B5_CYCLIC,B5_CYCLIC_R01_20260611_143242,delta-asda-b3-e,1591,RTSO|SO|OE|VE|QS|TR,3,0,20580735,601,18,0.07686,15,0.035865,301,49,4270,2391,6000,,600,,,,cyclic,transition,0,no_load,both,B5: cyclic back-and-forth,servo-app/lab-0.1
1781163344.3057973,181.05432224273682,B5_CYCLIC,B5_CYCLIC_R01_20260611_143242,delta-asda-b3-e,1591,RTSO|SO|OE|VE|QS|TR,3,0,22275145,601,15,0.06405,17,0.040647,300,49,4270,2391,6000,,600,,,,cyclic,transition,0,no_load,both,B5: cyclic back-and-forth,servo-app/lab-0.1
1781163344.4058614,181.15438628196716,B5_CYCLIC,B5_CYCLIC_R01_20260611_143242,delta-asda-b3-e,1591,RTSO|SO|OE|VE|QS|TR,3,0,23935883,601,16,0.06832,22,0.052602,301,49,4270,2391,6000,,600,,,,cyclic,transition,0,no_load,both,B5: cyclic back-and-forth,servo-app/lab-0.1
1781163344.5059717,181.25449657440186,B5_CYCLIC,B5_CYCLIC_R01_20260611_143242,delta-asda-b3-e,1591,RTSO|SO|OE|VE|QS|TR,3,0,25630171,601,16,0.06832,16,0.038256,300,49,4270,2391,6000,,600,,,,cyclic,transition,0,no_load,both,B5: cyclic back-and-forth,servo-app/lab-0.1
1781163344.6069067,181.35543155670166,B5_CYCLIC,B5_CYCLIC_R01_20260611_143242,delta-asda-b3-e,1591,RTSO|SO|OE|VE|QS|TR,3,0,27324882,601,14,0.05978,15,0.035865,300,49,4270,2391,6000,,600,,,,cyclic,transition,0,no_load,both,B5: cyclic back-and-forth,servo-app/lab-0.1
1781163344.7079265,181.45645141601562,B5_CYCLIC,B5_CYCLIC_R01_20260611_143242,delta-asda-b3-e,1591,RTSO|SO|OE|VE|QS|TR,3,0,29002630,601,17,0.07259,20,0.04782,301,49,4270,2391,6000,,600,,,,cyclic,transition,0,no_load,both,B5: cyclic back-and-forth,servo-app/lab-0.1
1781163344.8079967,181.55652165412903,B5_CYCLIC,B5_CYCLIC_R01_20260611_143242,delta-asda-b3-e,1591,RTSO|SO|OE|VE|QS|TR,3,0,30696897,601,14,0.05978,16,0.038256,300,49,4270,2391,6000,,600,,,,cyclic,transition,0,no_load,both,B5: cyclic back-and-forth,servo-app/lab-0.1
1781163344.9081008,181.65662574768066,B5_CYCLIC,B5_CYCLIC_R01_20260611_143242,delta-asda-b3-e,1591,RTSO|SO|OE|VE|QS|TR,3,0,32374640,601,16,0.06832,17,0.040647,300,49,4270,2391,6000,,600,,,,cyclic,transition,0,no_load,both,B5: cyclic back-and-forth,servo-app/lab-0.1
1781163345.0083325,181.75685739517212,B5_CYCLIC,B5_CYCLIC_R01_20260611_143242,delta-asda-b3-e,1591,RTSO|SO|OE|VE|QS|TR,3,0,34052107,601,16,0.06832,18,0.043038,300,49,4270,2391,6000,,600,,,,cyclic,transition,0,no_load,both,B5: cyclic back-and-forth,servo-app/lab-0.1
1781163345.1084042,181.856929063797,B5_CYCLIC,B5_CYCLIC_R01_20260611_143242,delta-asda-b3-e,1591,RTSO|SO|OE|VE|QS|TR,3,0,35730107,601,18,0.07686,22,0.052602,300,49,4270,2391,6000,,600,,,,cyclic,transition,0,no_load,both,B5: cyclic back-and-forth,servo-app/lab-0.1
1781163345.2093096,181.957834482193,B5_CYCLIC,B5_CYCLIC_R01_20260611_143242,delta-asda-b3-e,1591,RTSO|SO|OE|VE|QS|TR,3,0,37424441,600,17,0.07259,19,0.045429,300,49,4270,2391,6000,,600,,,,cyclic,transition,0,no_load,both,B5: cyclic back-and-forth,servo-app/lab-0.1
1781163345.3096309,182.0581557750702,B5_CYCLIC,B5_CYCLIC_R01_20260611_143242,delta-asda-b3-e,1591,RTSO|SO|OE|VE|QS|TR,3,0,39102070,601,18,0.07686,19,0.045429,300,49,4270,2391,6000,,600,,,,cyclic,transition,0,no_load,both,B5: cyclic back-and-forth,servo-app/lab-0.1
1781163345.4102278,182.15875267982483,B5_CYCLIC,B5_CYCLIC_R01_20260611_143242,delta-asda-b3-e,1591,RTSO|SO|OE|VE|QS|TR,3,0,40796303,600,17,0.07259,15,0.035865,301,49,4270,2391,6000,,600,,,,cyclic,transition,0,no_load,both,B5: cyclic back-and-forth,servo-app/lab-0.1
1781163345.51045,182.25897479057312,B5_CYCLIC,B5_CYCLIC_R01_20260611_143242,delta-asda-b3-e,1591,RTSO|SO|OE|VE|QS|TR,3,0,42473950,601,16,0.06832,16,0.038256,301,49,4270,2391,6000,,600,,,,cyclic,transition,0,no_load,both,B5: cyclic back-and-forth,servo-app/lab-0.1
1781163345.6112874,182.35981225967407,B5_CYCLIC,B5_CYCLIC_R01_20260611_143242,delta-asda-b3-e,1591,RTSO|SO|OE|VE|QS|TR,3,0,44168601,601,17,0.07259,16,0.038256,301,49,4270,2391,6000,,600,,,,cyclic,transition,0,no_load,both,B5: cyclic back-and-forth,servo-app/lab-0.1
1781163345.7117784,182.4603033065796,B5_CYCLIC,B5_CYCLIC_R01_20260611_143242,delta-asda-b3-e,1591,RTSO|SO|OE|VE|QS|TR,3,0,45846298,601,19,0.08113,18,0.043038,301,49,4270,2391,6000,,600,,,,cyclic,transition,0,no_load,both,B5: cyclic back-and-forth,servo-app/lab-0.1
1781163345.8119335,182.56045842170715,B5_CYCLIC,B5_CYCLIC_R01_20260611_143242,delta-asda-b3-e,1591,RTSO|SO|OE|VE|QS|TR,3,0,47523784,600,16,0.06832,17,0.040647,301,49,4270,2391,6000,,600,,,,cyclic,transition,0,no_load,both,B5: cyclic back-and-forth,servo-app/lab-0.1
1781163345.912024,182.66054892539978,B5_CYCLIC,B5_CYCLIC_R01_20260611_143242,delta-asda-b3-e,1591,RTSO|SO|OE|VE|QS|TR,3,0,49218280,600,17,0.07259,18,0.043038,301,49,4270,2391,6000,,600,,,,cyclic,transition,0,no_load,both,B5: cyclic back-and-forth,servo-app/lab-0.1
1781163346.0123618,182.76088666915894,B5_CYCLIC,B5_CYCLIC_R01_20260611_143242,delta-asda-b3-e,1591,RTSO|SO|OE|VE|QS|TR,3,0,50895811,600,18,0.07686,16,0.038256,300,49,4270,2391,6000,,600,,,,cyclic,transition,0,no_load,both,B5: cyclic back-and-forth,servo-app/lab-0.1
1781163346.1130033,182.86152815818787,B5_CYCLIC,B5_CYCLIC_R01_20260611_143242,delta-asda-b3-e,1591,RTSO|SO|OE|VE|QS|TR,3,0,52590635,601,19,0.08113,17,0.040647,301,49,4270,2391,6000,,600,,,,cyclic,transition,0,no_load,both,B5: cyclic back-and-forth,servo-app/lab-0.1
1781163346.2140718,182.96259665489197,B5_CYCLIC,B5_CYCLIC_R01_20260611_143242,delta-asda-b3-e,1591,RTSO|SO|OE|VE|QS|TR,3,0,54284883,600,16,0.06832,16,0.038256,301,49,4270,2391,6000,,600,,,,cyclic,transition,0,no_load,both,B5: cyclic back-and-forth,servo-app/lab-0.1
1781163346.3147547,183.06327962875366,B5_CYCLIC,B5_CYCLIC_R01_20260611_143242,delta-asda-b3-e,1591,RTSO|SO|OE|VE|QS|TR,3,0,55962585,601,18,0.07686,16,0.038256,301,49,4270,2391,6000,,600,,,,cyclic,transition,0,no_load,both,B5: cyclic back-and-forth,servo-app/lab-0.1
1781163346.41492,183.16344499588013,B5_CYCLIC,B5_CYCLIC_R01_20260611_143242,delta-asda-b3-e,1591,RTSO|SO|OE|VE|QS|TR,3,0,57639984,600,18,0.07686,16,0.038256,301,49,4270,2391,6000,,600,,,,cyclic,transition,0,no_load,both,B5: cyclic back-and-forth,servo-app/lab-0.1
1781163346.5157988,183.26432371139526,B5_CYCLIC,B5_CYCLIC_R01_20260611_143242,delta-asda-b3-e,1591,RTSO|SO|OE|VE|QS|TR,3,0,59334569,601,18,0.07686,15,0.035865,301,49,4270,2391,6000,,600,,,,cyclic,transition,0,no_load,both,B5: cyclic back-and-forth,servo-app/lab-0.1
1781163346.61585,183.36437487602234,B5_CYCLIC,B5_CYCLIC_R01_20260611_143242,delta-asda-b3-e,1591,RTSO|SO|OE|VE|QS|TR,3,0,61012390,601,18,0.07686,15,0.035865,301,49,4270,2391,6000,,600,,,,cyclic,transition,0,no_load,both,B5: cyclic back-and-forth,servo-app/lab-0.1
1781163346.716197,183.46472191810608,B5_CYCLIC,B5_CYCLIC_R01_20260611_143242,delta-asda-b3-e,1591,RTSO|SO|OE|VE|QS|TR,3,0,62706767,600,22,0.09394,21,0.050211,301,49,4270,2391,6000,,600,,,,cyclic,transition,0,no_load,both,B5: cyclic back-and-forth,servo-app/lab-0.1
1781163346.8163307,183.56485557556152,B5_CYCLIC,B5_CYCLIC_R01_20260611_143242,delta-asda-b3-e,1591,RTSO|SO|OE|VE|QS|TR,3,0,64384269,600,20,0.0854,17,0.040647,302,49,4270,2391,6000,,600,,,,cyclic,transition,0,no_load,both,B5: cyclic back-and-forth,servo-app/lab-0.1
1781163346.9164472,183.66497206687927,B5_CYCLIC,B5_CYCLIC_R01_20260611_143242,delta-asda-b3-e,1591,RTSO|SO|OE|VE|QS|TR,3,0,66061952,600,22,0.09394,20,0.04782,301,49,4270,2391,6000,,600,,,,cyclic,transition,0,no_load,both,B5: cyclic back-and-forth,servo-app/lab-0.1
1781163347.0173306,183.765855550766,B5_CYCLIC,B5_CYCLIC_R01_20260611_143242,delta-asda-b3-e,1591,RTSO|SO|OE|VE|QS|TR,3,0,67823385,600,19,0.08113,17,0.040647,301,49,4270,2391,6000,,600,,,,cyclic,transition,0,no_load,both,B5: cyclic back-and-forth,servo-app/lab-0.1
1781163347.1180787,183.86660361289978,B5_CYCLIC,B5_CYCLIC_R01_20260611_143242,delta-asda-b3-e,1591,RTSO|SO|OE|VE|QS|TR,3,0,69451194,600,21,0.08967,19,0.045429,301,49,4270,2391,6000,,600,,,,cyclic,transition,0,no_load,both,B5: cyclic back-and-forth,servo-app/lab-0.1
1781163347.2191277,183.9676525592804,B5_CYCLIC,B5_CYCLIC_R01_20260611_143242,delta-asda-b3-e,1591,RTSO|SO|OE|VE|QS|TR,3,0,71145271,599,17,0.07259,17,0.040647,301,49,4270,2391,6000,,600,,,,cyclic,transition,0,no_load,both,B5: cyclic back-and-forth,servo-app/lab-0.1
1781163347.319318,184.06784296035767,B5_CYCLIC,B5_CYCLIC_R01_20260611_143242,delta-asda-b3-e,1591,RTSO|SO|OE|VE|QS|TR,3,0,72823105,600,21,0.08967,20,0.04782,301,49,4270,2391,6000,,600,,,,cyclic,transition,0,no_load,both,B5: cyclic back-and-forth,servo-app/lab-0.1
1781163347.4196227,184.16814756393433,B5_CYCLIC,B5_CYCLIC_R01_20260611_143242,delta-asda-b3-e,1591,RTSO|SO|OE|VE|QS|TR,3,0,74500388,599,18,0.07686,17,0.040647,301,49,4270,2391,6000,,600,,,,cyclic,transition,0,no_load,both,B5: cyclic back-and-forth,servo-app/lab-0.1
1781163347.5197074,184.26823234558105,B5_CYCLIC,B5_CYCLIC_R01_20260611_143242,delta-asda-b3-e,1591,RTSO|SO|OE|VE|QS|TR,3,0,76178357,600,19,0.08113,18,0.043038,301,49,4270,2391,6000,,600,,,,cyclic,transition,0,no_load,both,B5: cyclic back-and-forth,servo-app/lab-0.1
1781163347.620312,184.36883687973022,B5_CYCLIC,B5_CYCLIC_R01_20260611_143242,delta-asda-b3-e,1591,RTSO|SO|OE|VE|QS|TR,3,0,77872747,600,17,0.07259,18,0.043038,301,49,4270,2391,6000,,600,,,,cyclic,transition,0,no_load,both,B5: cyclic back-and-forth,servo-app/lab-0.1
1781163347.720888,184.4694128036499,B5_CYCLIC,B5_CYCLIC_R01_20260611_143242,delta-asda-b3-e,1591,RTSO|SO|OE|VE|QS|TR,3,0,79567083,599,19,0.08113,19,0.045429,301,49,4270,2391,6000,,600,,,,cyclic,transition,0,no_load,both,B5: cyclic back-and-forth,servo-app/lab-0.1
1781163347.8217704,184.5702953338623,B5_CYCLIC,B5_CYCLIC_R01_20260611_143242,delta-asda-b3-e,1591,RTSO|SO|OE|VE|QS|TR,3,0,81244565,599,20,0.0854,18,0.043038,302,49,4270,2391,6000,,600,,,,cyclic,transition,0,no_load,both,B5: cyclic back-and-forth,servo-app/lab-0.1
1781163347.9223454,184.67087030410767,B5_CYCLIC,B5_CYCLIC_R01_20260611_143242,delta-asda-b3-e,1591,RTSO|SO|OE|VE|QS|TR,3,0,82939011,599,20,0.0854,19,0.045429,301,49,4270,2391,6000,,600,,,,cyclic,transition,0,no_load,both,B5: cyclic back-and-forth,servo-app/lab-0.1
1781163348.0225,184.77102494239807,B5_CYCLIC,B5_CYCLIC_R01_20260611_143242,delta-asda-b3-e,1591,RTSO|SO|OE|VE|QS|TR,3,0,84616778,600,17,0.07259,20,0.04782,301,49,4270,2391,6000,,600,,,,cyclic,transition,0,no_load,both,B5: cyclic back-and-forth,servo-app/lab-0.1
1781163348.1227698,184.87129473686218,B5_CYCLIC,B5_CYCLIC_R01_20260611_143242,delta-asda-b3-e,1591,RTSO|SO|OE|VE|QS|TR,3,0,86294666,600,19,0.08113,18,0.043038,301,49,4270,2391,6000,,600,,,,cyclic,transition,0,no_load,both,B5: cyclic back-and-forth,servo-app/lab-0.1
1781163348.2237813,184.97230625152588,B5_CYCLIC,B5_CYCLIC_R01_20260611_143242,delta-asda-b3-e,1591,RTSO|SO|OE|VE|QS|TR,3,0,87988747,599,17,0.07259,15,0.035865,301,49,4270,2391,6000,,600,,,,cyclic,transition,0,no_load,both,B5: cyclic back-and-forth,servo-app/lab-0.1
1781163348.3243744,185.07289934158325,B5_CYCLIC,B5_CYCLIC_R01_20260611_143242,delta-asda-b3-e,1591,RTSO|SO|OE|VE|QS|TR,3,0,89683300,600,24,0.10248,24,0.057384,301,49,4270,2391,6000,,600,,,,cyclic,transition,0,no_load,both,B5: cyclic back-and-forth,servo-app/lab-0.1
1781163348.4248939,185.17341876029968,B5_CYCLIC,B5_CYCLIC_R01_20260611_143242,delta-asda-b3-e,1591,RTSO|SO|OE|VE|QS|TR,3,0,91377392,599,19,0.08113,20,0.04782,301,49,4270,2391,6000,,600,,,,cyclic,transition,0,no_load,both,B5: cyclic back-and-forth,servo-app/lab-0.1
1781163348.5254161,185.27394104003906,B5_CYCLIC,B5_CYCLIC_R01_20260611_143242,delta-asda-b3-e,1591,RTSO|SO|OE|VE|QS|TR,3,0,93055563,600,20,0.0854,19,0.045429,301,49,4270,2391,6000,,600,,,,cyclic,transition,0,no_load,both,B5: cyclic back-and-forth,servo-app/lab-0.1
1781163348.625764,185.37428879737854,B5_CYCLIC,B5_CYCLIC_R01_20260611_143242,delta-asda-b3-e,1591,RTSO|SO|OE|VE|QS|TR,3,0,94733006,600,20,0.0854,21,0.050211,301,49,4270,2391,6000,,600,,,,cyclic,transition,0,no_load,both,B5: cyclic back-and-forth,servo-app/lab-0.1
1781163348.7263145,185.47483944892883,B5_CYCLIC,B5_CYCLIC_R01_20260611_143242,delta-asda-b3-e,1591,RTSO|SO|OE|VE|QS|TR,3,0,96427543,600,23,0.09821,24,0.057384,301,49,4270,2391,6000,,600,,,,cyclic,transition,0,no_load,both,B5: cyclic back-and-forth,servo-app/lab-0.1
1781163348.8270667,185.57559156417847,B5_CYCLIC,B5_CYCLIC_R01_20260611_143242,delta-asda-b3-e,1591,RTSO|SO|OE|VE|QS|TR,3,0,98121662,599,19,0.08113,17,0.040647,302,49,4270,2391,6000,,600,,,,cyclic,transition,0,no_load,both,B5: cyclic back-and-forth,servo-app/lab-0.1
1781163348.9282303,185.67675518989563,B5_CYCLIC,B5_CYCLIC_R01_20260611_143242,delta-asda-b3-e,1591,RTSO|SO|OE|VE|QS|TR,3,0,99816359,600,17,0.07259,16,0.038256,301,49,4270,2391,6000,,600,,,,cyclic,transition,0,no_load,both,B5: cyclic back-and-forth,servo-app/lab-0.1
1781163349.0285077,185.77703261375427,B5_CYCLIC,B5_CYCLIC_R01_20260611_143242,delta-asda-b3-e,1591,RTSO|SO|OE|VE|QS|TR,3,0,101494113,600,19,0.08113,18,0.043038,301,49,4270,2391,6000,,600,,,,cyclic,transition,0,no_load,both,B5: cyclic back-and-forth,servo-app/lab-0.1
1781163349.1292279,185.8777527809143,B5_CYCLIC,B5_CYCLIC_R01_20260611_143242,delta-asda-b3-e,1591,RTSO|SO|OE|VE|QS|TR,3,0,103188709,600,18,0.07686,19,0.045429,301,49,4270,2391,6000,,600,,,,cyclic,transition,0,no_load,both,B5: cyclic back-and-forth,servo-app/lab-0.1
1781163349.2296422,185.97816705703735,B5_CYCLIC,B5_CYCLIC_R01_20260611_143242,delta-asda-b3-e,1591,RTSO|SO|OE|VE|QS|TR,3,0,104866106,600,18,0.07686,17,0.040647,301,49,4270,2391,6000,,600,,,,cyclic,transition,0,no_load,both,B5: cyclic back-and-forth,servo-app/lab-0.1
1781163349.329874,186.0783989429474,B5_CYCLIC,B5_CYCLIC_R01_20260611_143242,delta-asda-b3-e,1591,RTSO|SO|OE|VE|QS|TR,3,0,106543880,600,19,0.08113,21,0.050211,301,49,4270,2391,6000,,600,,,,cyclic,transition,0,no_load,both,B5: cyclic back-and-forth,servo-app/lab-0.1
1781163349.4299736,186.17849850654602,B5_CYCLIC,B5_CYCLIC_R01_20260611_143242,delta-asda-b3-e,1591,RTSO|SO|OE|VE|QS|TR,3,0,108221172,600,17,0.07259,20,0.04782,301,49,4270,2391,6000,,600,,,,cyclic,transition,0,no_load,both,B5: cyclic back-and-forth,servo-app/lab-0.1
1781163349.530096,186.27862095832825,B5_CYCLIC,B5_CYCLIC_R01_20260611_143242,delta-asda-b3-e,1591,RTSO|SO|OE|VE|QS|TR,3,0,109916156,600,22,0.09394,18,0.043038,301,49,4270,2391,6000,,600,,,,cyclic,transition,0,no_load,both,B5: cyclic back-and-forth,servo-app/lab-0.1
1781163349.630359,186.37888383865356,B5_CYCLIC,B5_CYCLIC_R01_20260611_143242,delta-asda-b3-e,1591,RTSO|SO|OE|VE|QS|TR,3,0,111593460,600,19,0.08113,19,0.045429,301,49,4270,2391,6000,,600,,,,cyclic,transition,0,no_load,both,B5: cyclic back-and-forth,servo-app/lab-0.1
1781163349.7309675,186.47949242591858,B5_CYCLIC,B5_CYCLIC_R01_20260611_143242,delta-asda-b3-e,1591,RTSO|SO|OE|VE|QS|TR,3,0,113288128,600,20,0.0854,19,0.045429,301,49,4270,2391,6000,,600,,,,cyclic,transition,0,no_load,both,B5: cyclic back-and-forth,servo-app/lab-0.1
1781163349.8314936,186.58001852035522,B5_CYCLIC,B5_CYCLIC_R01_20260611_143242,delta-asda-b3-e,1591,RTSO|SO|OE|VE|QS|TR,3,0,114965455,600,19,0.08113,19,0.045429,301,49,4270,2391,6000,,600,,,,cyclic,transition,0,no_load,both,B5: cyclic back-and-forth,servo-app/lab-0.1
1781163349.9319956,186.68052053451538,B5_CYCLIC,B5_CYCLIC_R01_20260611_143242,delta-asda-b3-e,1591,RTSO|SO|OE|VE|QS|TR,3,0,116660274,601,22,0.09394,18,0.043038,301,49,4270,2391,6000,,600,,,,cyclic,transition,0,no_load,both,B5: cyclic back-and-forth,servo-app/lab-0.1
1781163350.0322373,186.78076219558716,B5_CYCLIC,B5_CYCLIC_R01_20260611_143242,delta-asda-b3-e,1591,RTSO|SO|OE|VE|QS|TR,3,0,118337939,600,19,0.08113,19,0.045429,301,49,4270,2391,6000,,600,,,,cyclic,transition,0,no_load,both,B5: cyclic back-and-forth,servo-app/lab-0.1
1781163350.1327832,186.88130807876587,B5_CYCLIC,B5_CYCLIC_R01_20260611_143242,delta-asda-b3-e,1591,RTSO|SO|OE|VE|QS|TR,3,0,120032521,600,18,0.07686,19,0.045429,301,49,4270,2391,6000,,600,,,,cyclic,transition,0,no_load,both,B5: cyclic back-and-forth,servo-app/lab-0.1
1781163350.2328885,186.9814133644104,B5_CYCLIC,B5_CYCLIC_R01_20260611_143242,delta-asda-b3-e,1591,RTSO|SO|OE|VE|QS|TR,3,0,121709910,600,18,0.07686,20,0.04782,301,49,4270,2391,6000,,600,,,,cyclic,transition,0,no_load,both,B5: cyclic back-and-forth,servo-app/lab-0.1
1781163350.33347,187.08199501037598,B5_CYCLIC,B5_CYCLIC_R01_20260611_143242,delta-asda-b3-e,1591,RTSO|SO|OE|VE|QS|TR,3,0,123387676,600,18,0.07686,18,0.043038,301,49,4270,2391,6000,,600,,,,cyclic,transition,0,no_load,both,B5: cyclic back-and-forth,servo-app/lab-0.1
1781163350.4340172,187.18254208564758,B5_CYCLIC,B5_CYCLIC_R01_20260611_143242,delta-asda-b3-e,1591,RTSO|SO|OE|VE|QS|TR,3,0,125065111,601,17,0.07259,20,0.04782,301,49,4270,2391,6000,,600,,,,cyclic,transition,0,no_load,both,B5: cyclic back-and-forth,servo-app/lab-0.1
1781163350.5342057,187.28273057937622,B5_CYCLIC,B5_CYCLIC_R01_20260611_143242,delta-asda-b3-e,1591,RTSO|SO|OE|VE|QS|TR,3,0,126760078,601,19,0.08113,20,0.04782,301,49,4270,2391,6000,,600,,,,cyclic,transition,0,no_load,both,B5: cyclic back-and-forth,servo-app/lab-0.1
1781163350.634645,187.38316988945007,B5_CYCLIC,B5_CYCLIC_R01_20260611_143242,delta-asda-b3-e,1591,RTSO|SO|OE|VE|QS|TR,3,0,128504306,600,20,0.0854,21,0.050211,301,49,4270,2391,6000,,600,,,,cyclic,transition,0,no_load,both,B5: cyclic back-and-forth,servo-app/lab-0.1
1781163350.734778,187.48330283164978,B5_CYCLIC,B5_CYCLIC_R01_20260611_143242,delta-asda-b3-e,1591,RTSO|SO|OE|VE|QS|TR,3,0,130115202,600,17,0.07259,20,0.04782,301,49,4270,2391,6000,,600,,,,cyclic,transition,0,no_load,both,B5: cyclic back-and-forth,servo-app/lab-0.1
1781163350.835349,187.58387398719788,B5_CYCLIC,B5_CYCLIC_R01_20260611_143242,delta-asda-b3-e,1591,RTSO|SO|OE|VE|QS|TR,3,0,131809201,600,20,0.0854,18,0.043038,301,49,4270,2391,6000,,600,,,,cyclic,transition,0,no_load,both,B5: cyclic back-and-forth,servo-app/lab-0.1
1781163350.935931,187.68445587158203,B5_CYCLIC,B5_CYCLIC_R01_20260611_143242,delta-asda-b3-e,1591,RTSO|SO|OE|VE|QS|TR,3,0,133504203,601,22,0.09394,20,0.04782,301,49,4270,2391,6000,,600,,,,cyclic,transition,0,no_load,both,B5: cyclic back-and-forth,servo-app/lab-0.1
1781163351.036001,187.78452587127686,B5_CYCLIC,B5_CYCLIC_R01_20260611_143242,delta-asda-b3-e,1591,RTSO|SO|OE|VE|QS|TR,3,0,135181707,600,22,0.09394,20,0.04782,301,49,4270,2391,6000,,600,,,,cyclic,transition,0,no_load,both,B5: cyclic back-and-forth,servo-app/lab-0.1
1781163351.1363957,187.88492059707642,B5_CYCLIC,B5_CYCLIC_R01_20260611_143242,delta-asda-b3-e,1591,RTSO|SO|OE|VE|QS|TR,3,0,136859505,600,18,0.07686,21,0.050211,301,49,4270,2391,6000,,600,,,,cyclic,transition,0,no_load,both,B5: cyclic back-and-forth,servo-app/lab-0.1
1781163351.2367127,187.9852375984192,B5_CYCLIC,B5_CYCLIC_R01_20260611_143242,delta-asda-b3-e,1591,RTSO|SO|OE|VE|QS|TR,3,0,138536862,600,21,0.08967,19,0.045429,301,49,4270,2391,6000,,600,,,,cyclic,transition,0,no_load,both,B5: cyclic back-and-forth,servo-app/lab-0.1
1781163351.337205,188.0857298374176,B5_CYCLIC,B5_CYCLIC_R01_20260611_143242,delta-asda-b3-e,1591,RTSO|SO|OE|VE|QS|TR,3,0,140231389,600,18,0.07686,17,0.040647,301,49,4270,2391,6000,,600,,,,cyclic,transition,0,no_load,both,B5: cyclic back-and-forth,servo-app/lab-0.1
1781163351.4376745,188.186199426651,B5_CYCLIC,B5_CYCLIC_R01_20260611_143242,delta-asda-b3-e,1591,RTSO|SO|OE|VE|QS|TR,3,0,141908932,600,19,0.08113,18,0.043038,301,49,4270,2391,6000,,600,,,,cyclic,transition,0,no_load,both,B5: cyclic back-and-forth,servo-app/lab-0.1
1781163351.5377483,188.2862732410431,B5_CYCLIC,B5_CYCLIC_R01_20260611_143242,delta-asda-b3-e,1591,RTSO|SO|OE|VE|QS|TR,3,0,143603746,600,18,0.07686,20,0.04782,301,49,4270,2391,6000,,600,,,,cyclic,transition,0,no_load,both,B5: cyclic back-and-forth,servo-app/lab-0.1
1781163351.6383314,188.38685631752014,B5_CYCLIC,B5_CYCLIC_R01_20260611_143242,delta-asda-b3-e,1591,RTSO|SO|OE|VE|QS|TR,3,0,145280935,600,22,0.09394,22,0.052602,301,49,4270,2391,6000,,600,,,,cyclic,transition,0,no_load,both,B5: cyclic back-and-forth,servo-app/lab-0.1
1781163351.7386024,188.48712730407715,B5_CYCLIC,B5_CYCLIC_R01_20260611_143242,delta-asda-b3-e,1591,RTSO|SO|OE|VE|QS|TR,3,0,146958868,600,19,0.08113,20,0.04782,301,49,4270,2391,6000,,600,,,,cyclic,transition,0,no_load,both,B5: cyclic back-and-forth,servo-app/lab-0.1
1781163351.8387132,188.587238073349,B5_CYCLIC,B5_CYCLIC_R01_20260611_143242,delta-asda-b3-e,1591,RTSO|SO|OE|VE|QS|TR,3,0,148636026,600,21,0.08967,20,0.04782,302,49,4270,2391,6000,,600,,,,cyclic,transition,0,no_load,both,B5: cyclic back-and-forth,servo-app/lab-0.1
1781163351.9393764,188.68790125846863,B5_CYCLIC,B5_CYCLIC_R01_20260611_143242,delta-asda-b3-e,1591,RTSO|SO|OE|VE|QS|TR,3,0,150331113,600,21,0.08967,21,0.050211,301,49,4270,2391,6000,,600,,,,cyclic,transition,0,no_load,both,B5: cyclic back-and-forth,servo-app/lab-0.1
1781163352.0406792,188.789204120636,B5_CYCLIC,B5_CYCLIC_R01_20260611_143242,delta-asda-b3-e,1591,RTSO|SO|OE|VE|QS|TR,3,0,152025224,600,20,0.0854,21,0.050211,301,49,4270,2391,6000,,600,,,,cyclic,transition,0,no_load,both,B5: cyclic back-and-forth,servo-app/lab-0.1
1781163352.1645794,188.9131042957306,B5_CYCLIC,B5_CYCLIC_R01_20260611_143242,delta-asda-b3-e,,,3,0,155028295,599,17,0.07259,17,0.040647,300,49,4270,2391,6000,,600,,,,cyclic,transition,0,no_load,both,B5: cyclic back-and-forth,servo-app/lab-0.1
1781163352.2656326,189.01415753364563,B5_CYCLIC,B5_CYCLIC_R01_20260611_143242,delta-asda-b3-e,1591,RTSO|SO|OE|VE|QS|TR,3,0,155799151,600,22,0.09394,21,0.050211,301,49,4270,2391,6000,,600,,,,cyclic,transition,0,no_load,both,B5: cyclic back-and-forth,servo-app/lab-0.1
1781163352.3660843,189.1146092414856,B5_CYCLIC,B5_CYCLIC_R01_20260611_143242,delta-asda-b3-e,1591,RTSO|SO|OE|VE|QS|TR,3,0,157494157,600,21,0.08967,18,0.043038,301,49,4270,2391,6000,,600,,,,cyclic,transition,0,no_load,both,B5: cyclic back-and-forth,servo-app/lab-0.1
1781163352.4666934,189.21521830558777,B5_CYCLIC,B5_CYCLIC_R01_20260611_143242,delta-asda-b3-e,1591,RTSO|SO|OE|VE|QS|TR,3,0,159171234,600,18,0.07686,18,0.043038,301,49,4270,2391,6000,,600,,,,cyclic,transition,0,no_load,both,B5: cyclic back-and-forth,servo-app/lab-0.1
1781163352.5669417,189.31546664237976,B5_CYCLIC,B5_CYCLIC_R01_20260611_143242,delta-asda-b3-e,1591,RTSO|SO|OE|VE|QS|TR,3,0,160866028,600,20,0.0854,21,0.050211,301,49,4270,2391,6000,,600,,,,cyclic,transition,0,no_load,both,B5: cyclic back-and-forth,servo-app/lab-0.1
1781163352.6675491,189.41607403755188,B5_CYCLIC,B5_CYCLIC_R01_20260611_143242,delta-asda-b3-e,1591,RTSO|SO|OE|VE|QS|TR,3,0,162543198,600,22,0.09394,19,0.045429,301,49,4270,2391,6000,,600,,,,cyclic,transition,0,no_load,both,B5: cyclic back-and-forth,servo-app/lab-0.1
1781163352.7681282,189.5166530609131,B5_CYCLIC,B5_CYCLIC_R01_20260611_143242,delta-asda-b3-e,1591,RTSO|SO|OE|VE|QS|TR,3,0,164238201,601,20,0.0854,17,0.040647,301,49,4270,2391,6000,,600,,,,cyclic,transition,0,no_load,both,B5: cyclic back-and-forth,servo-app/lab-0.1
1781163352.8686123,189.6171371936798,B5_CYCLIC,B5_CYCLIC_R01_20260611_143242,delta-asda-b3-e,1591,RTSO|SO|OE|VE|QS|TR,3,0,165915775,601,19,0.08113,17,0.040647,301,49,4270,2391,6000,,600,,,,cyclic,transition,0,no_load,both,B5: cyclic back-and-forth,servo-app/lab-0.1
1781163352.968774,189.7172989845276,B5_CYCLIC,B5_CYCLIC_R01_20260611_143242,delta-asda-b3-e,1591,RTSO|SO|OE|VE|QS|TR,3,0,167593649,600,18,0.07686,17,0.040647,301,49,4270,2391,6000,,600,,,,cyclic,transition,0,no_load,both,B5: cyclic back-and-forth,servo-app/lab-0.1
1781163353.0693934,189.81791830062866,B5_CYCLIC,B5_CYCLIC_R01_20260611_143242,delta-asda-b3-e,1591,RTSO|SO|OE|VE|QS|TR,3,0,169287792,600,18,0.07686,19,0.045429,301,49,4270,2391,6000,,600,,,,cyclic,transition,0,no_load,both,B5: cyclic back-and-forth,servo-app/lab-0.1
1781163353.1705472,189.91907215118408,B5_CYCLIC,B5_CYCLIC_R01_20260611_143242,delta-asda-b3-e,1591,RTSO|SO|OE|VE|QS|TR,3,0,170982405,600,18,0.07686,19,0.045429,301,49,4270,2391,6000,,600,,,,cyclic,transition,0,no_load,both,B5: cyclic back-and-forth,servo-app/lab-0.1
1781163353.2709463,190.01947116851807,B5_CYCLIC,B5_CYCLIC_R01_20260611_143242,delta-asda-b3-e,567,RTSO|SO|OE|VE|QS,3,0,172292914,-16,-26,-0.11102,-21,-0.050211,301,49,4270,2391,6000,,600,,,,cyclic,transition,0,no_load,both,B5: cyclic back-and-forth,servo-app/lab-0.1
1781163353.3715823,190.12010717391968,B5_CYCLIC,B5_CYCLIC_R01_20260611_143242,delta-asda-b3-e,1591,RTSO|SO|OE|VE|QS|TR,3,0,170663123,-600,-18,-0.07686,-20,-0.04782,301,49,4270,2391,6000,,600,,,,cyclic,transition,0,no_load,both,B5: cyclic back-and-forth,servo-app/lab-0.1
1781163353.4716916,190.22021651268005,B5_CYCLIC,B5_CYCLIC_R01_20260611_143242,delta-asda-b3-e,1591,RTSO|SO|OE|VE|QS|TR,3,0,168985468,-601,-17,-0.07259,-17,-0.040647,301,49,4270,2391,6000,,600,,,,cyclic,transition,0,no_load,both,B5: cyclic back-and-forth,servo-app/lab-0.1
1781163353.5721276,190.3206524848938,B5_CYCLIC,B5_CYCLIC_R01_20260611_143242,delta-asda-b3-e,1591,RTSO|SO|OE|VE|QS|TR,3,0,167291162,-600,-20,-0.0854,-22,-0.052602,301,49,4270,2391,6000,,600,,,,cyclic,transition,0,no_load,both,B5: cyclic back-and-forth,servo-app/lab-0.1
1781163353.672362,190.4208869934082,B5_CYCLIC,B5_CYCLIC_R01_20260611_143242,delta-asda-b3-e,1591,RTSO|SO|OE|VE|QS|TR,3,0,165613364,-601,-15,-0.06405,-15,-0.035865,301,49,4270,2391,6000,,600,,,,cyclic,transition,0,no_load,both,B5: cyclic back-and-forth,servo-app/lab-0.1
1781163353.7730198,190.5215446949005,B5_CYCLIC,B5_CYCLIC_R01_20260611_143242,delta-asda-b3-e,1591,RTSO|SO|OE|VE|QS|TR,3,0,163918757,-601,-19,-0.08113,-19,-0.045429,301,49,4270,2391,6000,,600,,,,cyclic,transition,0,no_load,both,B5: cyclic back-and-forth,servo-app/lab-0.1
1781163353.8732646,190.62178945541382,B5_CYCLIC,B5_CYCLIC_R01_20260611_143242,delta-asda-b3-e,1591,RTSO|SO|OE|VE|QS|TR,3,0,162240607,-601,-15,-0.06405,-15,-0.035865,301,49,4270,2391,6000,,600,,,,cyclic,transition,0,no_load,both,B5: cyclic back-and-forth,servo-app/lab-0.1
1781163353.9733357,190.72186064720154,B5_CYCLIC,B5_CYCLIC_R01_20260611_143242,delta-asda-b3-e,1591,RTSO|SO|OE|VE|QS|TR,3,0,160563184,-600,-19,-0.08113,-19,-0.045429,301,49,4270,2391,6000,,600,,,,cyclic,transition,0,no_load,both,B5: cyclic back-and-forth,servo-app/lab-0.1
1781163354.0738635,190.82238841056824,B5_CYCLIC,B5_CYCLIC_R01_20260611_143242,delta-asda-b3-e,1591,RTSO|SO|OE|VE|QS|TR,3,0,158885147,-601,-15,-0.06405,-14,-0.033474,301,49,4270,2391,6000,,600,,,,cyclic,transition,0,no_load,both,B5: cyclic back-and-forth,servo-app/lab-0.1
1781163354.174307,190.9228320121765,B5_CYCLIC,B5_CYCLIC_R01_20260611_143242,delta-asda-b3-e,1591,RTSO|SO|OE|VE|QS|TR,3,0,157191311,-600,-20,-0.0854,-20,-0.04782,301,49,4270,2391,6000,,600,,,,cyclic,transition,0,no_load,both,B5: cyclic back-and-forth,servo-app/lab-0.1
1781163354.274807,191.02333188056946,B5_CYCLIC,B5_CYCLIC_R01_20260611_143242,delta-asda-b3-e,1591,RTSO|SO|OE|VE|QS|TR,3,0,155513161,-601,-17,-0.07259,-18,-0.043038,301,49,4270,2391,6000,,600,,,,cyclic,transition,0,no_load,both,B5: cyclic back-and-forth,servo-app/lab-0.1
1781163354.375477,191.12400197982788,B5_CYCLIC,B5_CYCLIC_R01_20260611_143242,delta-asda-b3-e,1591,RTSO|SO|OE|VE|QS|TR,3,0,153819058,-600,-22,-0.09394,-22,-0.052602,301,49,4270,2391,6000,,600,,,,cyclic,transition,0,no_load,both,B5: cyclic back-and-forth,servo-app/lab-0.1
1781163354.4755778,191.2241027355194,B5_CYCLIC,B5_CYCLIC_R01_20260611_143242,delta-asda-b3-e,1591,RTSO|SO|OE|VE|QS|TR,3,0,152141045,-601,-18,-0.07686,-19,-0.045429,301,49,4270,2391,6000,,600,,,,cyclic,transition,0,no_load,both,B5: cyclic back-and-forth,servo-app/lab-0.1
1781163354.5761757,191.32470059394836,B5_CYCLIC,B5_CYCLIC_R01_20260611_143242,delta-asda-b3-e,1591,RTSO|SO|OE|VE|QS|TR,3,0,150446878,-600,-20,-0.0854,-19,-0.045429,301,49,4270,2391,6000,,600,,,,cyclic,transition,0,no_load,both,B5: cyclic back-and-forth,servo-app/lab-0.1
1781163354.6766827,191.42520761489868,B5_CYCLIC,B5_CYCLIC_R01_20260611_143242,delta-asda-b3-e,1591,RTSO|SO|OE|VE|QS|TR,3,0,148752221,-600,-16,-0.06832,-17,-0.040647,301,49,4270,2391,6000,,600,,,,cyclic,transition,0,no_load,both,B5: cyclic back-and-forth,servo-app/lab-0.1
1781163354.776765,191.52529001235962,B5_CYCLIC,B5_CYCLIC_R01_20260611_143242,delta-asda-b3-e,1591,RTSO|SO|OE|VE|QS|TR,3,0,147091304,-601,-19,-0.08113,-20,-0.04782,301,49,4270,2391,6000,,600,,,,cyclic,transition,0,no_load,both,B5: cyclic back-and-forth,servo-app/lab-0.1
1781163354.8774157,191.62594056129456,B5_CYCLIC,B5_CYCLIC_R01_20260611_143242,delta-asda-b3-e,1591,RTSO|SO|OE|VE|QS|TR,3,0,145396405,-601,-16,-0.06832,-16,-0.038256,301,49,4270,2391,6000,,600,,,,cyclic,transition,0,no_load,both,B5: cyclic back-and-forth,servo-app/lab-0.1
1781163354.9780178,191.72654271125793,B5_CYCLIC,B5_CYCLIC_R01_20260611_143242,delta-asda-b3-e,1591,RTSO|SO|OE|VE|QS|TR,3,0,143702164,-600,-17,-0.07259,-18,-0.043038,301,49,4270,2391,6000,,600,,,,cyclic,transition,0,no_load,both,B5: cyclic back-and-forth,servo-app/lab-0.1
1781163355.0784569,191.8269817829132,B5_CYCLIC,B5_CYCLIC_R01_20260611_143242,delta-asda-b3-e,1591,RTSO|SO|OE|VE|QS|TR,3,0,142024207,-600,-23,-0.09821,-17,-0.040647,301,49,4270,2391,6000,,600,,,,cyclic,transition,0,no_load,both,B5: cyclic back-and-forth,servo-app/lab-0.1
1781163355.179492,191.92801690101624,B5_CYCLIC,B5_CYCLIC_R01_20260611_143242,delta-asda-b3-e,1591,RTSO|SO|OE|VE|QS|TR,3,0,140279796,-601,-20,-0.0854,-19,-0.045429,300,49,4270,2391,6000,,600,,,,cyclic,transition,0,no_load,both,B5: cyclic back-and-forth,servo-app/lab-0.1
1781163355.2795734,192.02809834480286,B5_CYCLIC,B5_CYCLIC_R01_20260611_143242,delta-asda-b3-e,1591,RTSO|SO|OE|VE|QS|TR,3,0,138652117,-601,-17,-0.07259,-17,-0.040647,301,49,4270,2391,6000,,600,,,,cyclic,transition,0,no_load,both,B5: cyclic back-and-forth,servo-app/lab-0.1
1781163355.380699,192.12922382354736,B5_CYCLIC,B5_CYCLIC_R01_20260611_143242,delta-asda-b3-e,1591,RTSO|SO|OE|VE|QS|TR,3,0,136957994,-601,-21,-0.08967,-22,-0.052602,301,49,4270,2391,6000,,600,,,,cyclic,transition,0,no_load,both,B5: cyclic back-and-forth,servo-app/lab-0.1
1781163355.480817,192.22934198379517,B5_CYCLIC,B5_CYCLIC_R01_20260611_143242,delta-asda-b3-e,1591,RTSO|SO|OE|VE|QS|TR,3,0,135279751,-601,-17,-0.07259,-19,-0.045429,301,49,4270,2391,6000,,600,,,,cyclic,transition,0,no_load,both,B5: cyclic back-and-forth,servo-app/lab-0.1
1781163355.580893,192.32941794395447,B5_CYCLIC,B5_CYCLIC_R01_20260611_143242,delta-asda-b3-e,1591,RTSO|SO|OE|VE|QS|TR,3,0,133602406,-600,-19,-0.08113,-19,-0.045429,301,49,4270,2391,6000,,600,,,,cyclic,transition,0,no_load,both,B5: cyclic back-and-forth,servo-app/lab-0.1
1781163355.6814508,192.42997574806213,B5_CYCLIC,B5_CYCLIC_R01_20260611_143242,delta-asda-b3-e,1591,RTSO|SO|OE|VE|QS|TR,3,0,131907591,-601,-20,-0.0854,-16,-0.038256,301,49,4270,2391,6000,,600,,,,cyclic,transition,0,no_load,both,B5: cyclic back-and-forth,servo-app/lab-0.1
1781163355.7818727,192.5303976535797,B5_CYCLIC,B5_CYCLIC_R01_20260611_143242,delta-asda-b3-e,1591,RTSO|SO|OE|VE|QS|TR,3,0,130229908,-601,-17,-0.07259,-18,-0.043038,301,49,4270,2391,6000,,600,,,,cyclic,transition,0,no_load,both,B5: cyclic back-and-forth,servo-app/lab-0.1
1781163355.8823006,192.63082551956177,B5_CYCLIC,B5_CYCLIC_R01_20260611_143242,delta-asda-b3-e,1591,RTSO|SO|OE|VE|QS|TR,3,0,128535022,-601,-20,-0.0854,-24,-0.057384,301,49,4270,2391,6000,,600,,,,cyclic,transition,0,no_load,both,B5: cyclic back-and-forth,servo-app/lab-0.1
1781163355.9837332,192.73225808143616,B5_CYCLIC,B5_CYCLIC_R01_20260611_143242,delta-asda-b3-e,1591,RTSO|SO|OE|VE|QS|TR,3,0,126840759,-601,-20,-0.0854,-20,-0.04782,301,49,4270,2391,6000,,600,,,,cyclic,transition,0,no_load,both,B5: cyclic back-and-forth,servo-app/lab-0.1
1781163356.084681,192.83320593833923,B5_CYCLIC,B5_CYCLIC_R01_20260611_143242,delta-asda-b3-e,1591,RTSO|SO|OE|VE|QS|TR,3,0,125146132,-600,-21,-0.08967,-23,-0.054993,301,49,4270,2391,6000,,600,,,,cyclic,transition,0,no_load,both,B5: cyclic back-and-forth,servo-app/lab-0.1
1781163356.1847987,192.93332362174988,B5_CYCLIC,B5_CYCLIC_R01_20260611_143242,delta-asda-b3-e,1591,RTSO|SO|OE|VE|QS|TR,3,0,123468790,-601,-18,-0.07686,-19,-0.045429,301,49,4270,2391,6000,,600,,,,cyclic,transition,0,no_load,both,B5: cyclic back-and-forth,servo-app/lab-0.1
1781163356.285448,193.03397297859192,B5_CYCLIC,B5_CYCLIC_R01_20260611_143242,delta-asda-b3-e,1591,RTSO|SO|OE|VE|QS|TR,3,0,121773829,-601,-20,-0.0854,-19,-0.045429,301,49,4270,2391,6000,,600,,,,cyclic,transition,0,no_load,both,B5: cyclic back-and-forth,servo-app/lab-0.1
1781163356.3859036,193.13442850112915,B5_CYCLIC,B5_CYCLIC_R01_20260611_143242,delta-asda-b3-e,1591,RTSO|SO|OE|VE|QS|TR,3,0,120096499,-600,-20,-0.0854,-19,-0.045429,301,49,4270,2391,6000,,600,,,,cyclic,transition,0,no_load,both,B5: cyclic back-and-forth,servo-app/lab-0.1
1781163356.4860513,193.23457622528076,B5_CYCLIC,B5_CYCLIC_R01_20260611_143242,delta-asda-b3-e,1591,RTSO|SO|OE|VE|QS|TR,3,0,118401578,-600,-18,-0.07686,-19,-0.045429,301,49,4270,2391,6000,,600,,,,cyclic,transition,0,no_load,both,B5: cyclic back-and-forth,servo-app/lab-0.1
1781163356.6460226,193.39454746246338,B5_CYCLIC,B5_CYCLIC_R01_20260611_143242,delta-asda-b3-e,1591,RTSO|SO|OE|VE|QS|TR,3,0,115718260,-601,-18,-0.07686,-21,-0.050211,301,49,4270,2391,6000,,600,,,,cyclic,transition,0,no_load,both,B5: cyclic back-and-forth,servo-app/lab-0.1
1781163356.7468262,193.4953510761261,B5_CYCLIC,B5_CYCLIC_R01_20260611_143242,delta-asda-b3-e,1591,RTSO|SO|OE|VE|QS|TR,3,0,114040599,-600,-20,-0.0854,-18,-0.043038,301,49,4270,2391,6000,,600,,,,cyclic,transition,0,no_load,both,B5: cyclic back-and-forth,servo-app/lab-0.1
1781163356.8470814,193.59560632705688,B5_CYCLIC,B5_CYCLIC_R01_20260611_143242,delta-asda-b3-e,1591,RTSO|SO|OE|VE|QS|TR,3,0,112363074,-601,-18,-0.07686,-20,-0.04782,301,49,4270,2391,6000,,600,,,,cyclic,transition,0,no_load,both,B5: cyclic back-and-forth,servo-app/lab-0.1
1781163356.9472768,193.69580173492432,B5_CYCLIC,B5_CYCLIC_R01_20260611_143242,delta-asda-b3-e,1591,RTSO|SO|OE|VE|QS|TR,3,0,110668188,-601,-18,-0.07686,-19,-0.045429,301,49,4270,2391,6000,,600,,,,cyclic,transition,0,no_load,both,B5: cyclic back-and-forth,servo-app/lab-0.1
1781163357.0476189,193.7961437702179,B5_CYCLIC,B5_CYCLIC_R01_20260611_143242,delta-asda-b3-e,1591,RTSO|SO|OE|VE|QS|TR,3,0,108990530,-601,-16,-0.06832,-21,-0.050211,301,49,4270,2391,6000,,600,,,,cyclic,transition,0,no_load,both,B5: cyclic back-and-forth,servo-app/lab-0.1
1781163357.1485984,193.897123336792,B5_CYCLIC,B5_CYCLIC_R01_20260611_143242,delta-asda-b3-e,1591,RTSO|SO|OE|VE|QS|TR,3,0,107295883,-601,-20,-0.0854,-18,-0.043038,301,49,4270,2391,6000,,600,,,,cyclic,transition,0,no_load,both,B5: cyclic back-and-forth,servo-app/lab-0.1
1781163357.2486708,193.9971957206726,B5_CYCLIC,B5_CYCLIC_R01_20260611_143242,delta-asda-b3-e,1591,RTSO|SO|OE|VE|QS|TR,3,0,105618385,-601,-20,-0.0854,-25,-0.059775,301,49,4270,2391,6000,,600,,,,cyclic,transition,0,no_load,both,B5: cyclic back-and-forth,servo-app/lab-0.1
1781163357.3494296,194.09795451164246,B5_CYCLIC,B5_CYCLIC_R01_20260611_143242,delta-asda-b3-e,1591,RTSO|SO|OE|VE|QS|TR,3,0,103923938,-601,-19,-0.08113,-20,-0.04782,301,49,4270,2391,6000,,600,,,,cyclic,transition,0,no_load,both,B5: cyclic back-and-forth,servo-app/lab-0.1
1781163357.4500263,194.19855117797852,B5_CYCLIC,B5_CYCLIC_R01_20260611_143242,delta-asda-b3-e,1591,RTSO|SO|OE|VE|QS|TR,3,0,102245974,-602,-19,-0.08113,-22,-0.052602,301,49,4270,2391,6000,,600,,,,cyclic,transition,0,no_load,both,B5: cyclic back-and-forth,servo-app/lab-0.1
1781163357.55015,194.29867482185364,B5_CYCLIC,B5_CYCLIC_R01_20260611_143242,delta-asda-b3-e,1591,RTSO|SO|OE|VE|QS|TR,3,0,100551547,-601,-22,-0.09394,-25,-0.059775,301,49,4270,2391,6000,,600,,,,cyclic,transition,0,no_load,both,B5: cyclic back-and-forth,servo-app/lab-0.1
1781163357.650416,194.39894080162048,B5_CYCLIC,B5_CYCLIC_R01_20260611_143242,delta-asda-b3-e,1591,RTSO|SO|OE|VE|QS|TR,3,0,98873737,-601,-24,-0.10248,-17,-0.040647,301,49,4270,2391,6000,,600,,,,cyclic,transition,0,no_load,both,B5: cyclic back-and-forth,servo-app/lab-0.1
1781163357.7507026,194.4992275238037,B5_CYCLIC,B5_CYCLIC_R01_20260611_143242,delta-asda-b3-e,1591,RTSO|SO|OE|VE|QS|TR,3,0,97095363,-600,-20,-0.0854,-20,-0.04782,302,49,4270,2391,6000,,600,,,,cyclic,transition,0,no_load,both,B5: cyclic back-and-forth,servo-app/lab-0.1
1781163357.8509045,194.59942936897278,B5_CYCLIC,B5_CYCLIC_R01_20260611_143242,delta-asda-b3-e,1591,RTSO|SO|OE|VE|QS|TR,3,0,95518447,-601,-16,-0.06832,-16,-0.038256,301,49,4270,2391,6000,,600,,,,cyclic,transition,0,no_load,both,B5: cyclic back-and-forth,servo-app/lab-0.1
1781163357.9515104,194.70003533363342,B5_CYCLIC,B5_CYCLIC_R01_20260611_143242,delta-asda-b3-e,1591,RTSO|SO|OE|VE|QS|TR,3,0,93823595,-601,-16,-0.06832,-17,-0.040647,301,49,4270,2391,6000,,600,,,,cyclic,transition,0,no_load,both,B5: cyclic back-and-forth,servo-app/lab-0.1
1781163358.051596,194.8001208305359,B5_CYCLIC,B5_CYCLIC_R01_20260611_143242,delta-asda-b3-e,1591,RTSO|SO|OE|VE|QS|TR,3,0,92145868,-601,-14,-0.05978,-16,-0.038256,301,49,4270,2391,6000,,600,,,,cyclic,transition,0,no_load,both,B5: cyclic back-and-forth,servo-app/lab-0.1
1781163358.152016,194.90054082870483,B5_CYCLIC,B5_CYCLIC_R01_20260611_143242,delta-asda-b3-e,1591,RTSO|SO|OE|VE|QS|TR,3,0,90468122,-601,-18,-0.07686,-19,-0.045429,301,49,4270,2391,6000,,600,,,,cyclic,transition,0,no_load,both,B5: cyclic back-and-forth,servo-app/lab-0.1
1781163358.2524245,195.00094938278198,B5_CYCLIC,B5_CYCLIC_R01_20260611_143242,delta-asda-b3-e,1591,RTSO|SO|OE|VE|QS|TR,3,0,88773869,-601,-23,-0.09821,-20,-0.04782,301,49,4270,2391,6000,,600,,,,cyclic,transition,0,no_load,both,B5: cyclic back-and-forth,servo-app/lab-0.1
1781163358.352765,195.1012899875641,B5_CYCLIC,B5_CYCLIC_R01_20260611_143242,delta-asda-b3-e,1591,RTSO|SO|OE|VE|QS|TR,3,0,87096103,-601,-20,-0.0854,-20,-0.04782,301,49,4270,2391,6000,,600,,,,cyclic,transition,0,no_load,both,B5: cyclic back-and-forth,servo-app/lab-0.1
1781163358.4532955,195.20182037353516,B5_CYCLIC,B5_CYCLIC_R01_20260611_143242,delta-asda-b3-e,1591,RTSO|SO|OE|VE|QS|TR,3,0,85401229,-602,-16,-0.06832,-16,-0.038256,301,49,4270,2391,6000,,600,,,,cyclic,transition,0,no_load,both,B5: cyclic back-and-forth,servo-app/lab-0.1
1781163358.553695,195.3022198677063,B5_CYCLIC,B5_CYCLIC_R01_20260611_143242,delta-asda-b3-e,1591,RTSO|SO|OE|VE|QS|TR,3,0,83723655,-601,-21,-0.08967,-24,-0.057384,301,49,4270,2391,6000,,600,,,,cyclic,transition,0,no_load,both,B5: cyclic back-and-forth,servo-app/lab-0.1
1781163358.6539967,195.40252161026,B5_CYCLIC,B5_CYCLIC_R01_20260611_143242,delta-asda-b3-e,1591,RTSO|SO|OE|VE|QS|TR,3,0,82045815,-601,-17,-0.07259,-22,-0.052602,301,49,4270,2391,6000,,600,,,,cyclic,transition,0,no_load,both,B5: cyclic back-and-forth,servo-app/lab-0.1
1781163358.7547238,195.50324869155884,B5_CYCLIC,B5_CYCLIC_R01_20260611_143242,delta-asda-b3-e,1591,RTSO|SO|OE|VE|QS|TR,3,0,80351573,-600,-19,-0.08113,-20,-0.04782,301,49,4270,2391,6000,,600,,,,cyclic,transition,0,no_load,both,B5: cyclic back-and-forth,servo-app/lab-0.1
1781163358.8552868,195.60381174087524,B5_CYCLIC,B5_CYCLIC_R01_20260611_143242,delta-asda-b3-e,1591,RTSO|SO|OE|VE|QS|TR,3,0,78656856,-601,-14,-0.05978,-16,-0.038256,302,49,4270,2391,6000,,600,,,,cyclic,transition,0,no_load,both,B5: cyclic back-and-forth,servo-app/lab-0.1
1781163358.9557602,195.7042851448059,B5_CYCLIC,B5_CYCLIC_R01_20260611_143242,delta-asda-b3-e,1591,RTSO|SO|OE|VE|QS|TR,3,0,76979043,-601,-23,-0.09821,-17,-0.040647,302,49,4270,2391,6000,,600,,,,cyclic,transition,0,no_load,both,B5: cyclic back-and-forth,servo-app/lab-0.1
1781163359.0558286,195.80435347557068,B5_CYCLIC,B5_CYCLIC_R01_20260611_143242,delta-asda-b3-e,1591,RTSO|SO|OE|VE|QS|TR,3,0,75301276,-601,-13,-0.05551,-16,-0.038256,301,49,4270,2391,6000,,600,,,,cyclic,transition,0,no_load,both,B5: cyclic back-and-forth,servo-app/lab-0.1
1781163359.157182,195.9057068824768,B5_CYCLIC,B5_CYCLIC_R01_20260611_143242,delta-asda-b3-e,1591,RTSO|SO|OE|VE|QS|TR,3,0,73590018,-601,-20,-0.0854,-18,-0.043038,301,49,4270,2391,6000,,600,,,,cyclic,transition,0,no_load,both,B5: cyclic back-and-forth,servo-app/lab-0.1
1781163359.2579446,196.00646948814392,B5_CYCLIC,B5_CYCLIC_R01_20260611_143242,delta-asda-b3-e,1591,RTSO|SO|OE|VE|QS|TR,3,0,71912581,-601,-17,-0.07259,-16,-0.038256,301,49,4270,2391,6000,,600,,,,cyclic,transition,0,no_load,both,B5: cyclic back-and-forth,servo-app/lab-0.1
1781163359.3587098,196.1072347164154,B5_CYCLIC,B5_CYCLIC_R01_20260611_143242,delta-asda-b3-e,1591,RTSO|SO|OE|VE|QS|TR,3,0,70218017,-601,-19,-0.08113,-18,-0.043038,301,49,4270,2391,6000,,600,,,,cyclic,transition,0,no_load,both,B5: cyclic back-and-forth,servo-app/lab-0.1
1781163359.4590948,196.20761966705322,B5_CYCLIC,B5_CYCLIC_R01_20260611_143242,delta-asda-b3-e,1591,RTSO|SO|OE|VE|QS|TR,3,0,68540142,-601,-15,-0.06405,-18,-0.043038,301,49,4270,2391,6000,,600,,,,cyclic,transition,0,no_load,both,B5: cyclic back-and-forth,servo-app/lab-0.1
1781163359.5595477,196.30807256698608,B5_CYCLIC,B5_CYCLIC_R01_20260611_143242,delta-asda-b3-e,1591,RTSO|SO|OE|VE|QS|TR,3,0,66845716,-601,-18,-0.07686,-19,-0.045429,301,49,4270,2391,6000,,600,,,,cyclic,transition,0,no_load,both,B5: cyclic back-and-forth,servo-app/lab-0.1
1781163359.6598668,196.40839171409607,B5_CYCLIC,B5_CYCLIC_R01_20260611_143242,delta-asda-b3-e,1591,RTSO|SO|OE|VE|QS|TR,3,0,65167885,-601,-14,-0.05978,-16,-0.038256,301,49,4270,2391,6000,,600,,,,cyclic,transition,0,no_load,both,B5: cyclic back-and-forth,servo-app/lab-0.1
1781163359.7600453,196.50857019424438,B5_CYCLIC,B5_CYCLIC_R01_20260611_143242,delta-asda-b3-e,1591,RTSO|SO|OE|VE|QS|TR,3,0,63490382,-600,-20,-0.0854,-19,-0.045429,301,49,4270,2391,6000,,600,,,,cyclic,transition,0,no_load,both,B5: cyclic back-and-forth,servo-app/lab-0.1
1781163359.860258,196.6087830066681,B5_CYCLIC,B5_CYCLIC_R01_20260611_143242,delta-asda-b3-e,1591,RTSO|SO|OE|VE|QS|TR,3,0,61795536,-601,-14,-0.05978,-13,-0.031083,301,49,4270,2391,6000,,600,,,,cyclic,transition,0,no_load,both,B5: cyclic back-and-forth,servo-app/lab-0.1
1781163359.9608684,196.70939326286316,B5_CYCLIC,B5_CYCLIC_R01_20260611_143242,delta-asda-b3-e,1591,RTSO|SO|OE|VE|QS|TR,3,0,60117858,-601,-21,-0.08967,-24,-0.057384,301,49,4270,2391,6000,,600,,,,cyclic,transition,0,no_load,both,B5: cyclic back-and-forth,servo-app/lab-0.1
1781163360.061669,196.81019401550293,B5_CYCLIC,B5_CYCLIC_R01_20260611_143242,delta-asda-b3-e,1591,RTSO|SO|OE|VE|QS|TR,3,0,58423151,-601,-16,-0.06832,-13,-0.031083,300,49,4270,2391,6000,,600,,,,cyclic,transition,0,no_load,both,B5: cyclic back-and-forth,servo-app/lab-0.1
1781163360.1617827,196.91030764579773,B5_CYCLIC,B5_CYCLIC_R01_20260611_143242,delta-asda-b3-e,1591,RTSO|SO|OE|VE|QS|TR,3,0,56745645,-600,-21,-0.08967,-20,-0.04782,301,49,4270,2391,6000,,600,,,,cyclic,transition,0,no_load,both,B5: cyclic back-and-forth,servo-app/lab-0.1
1781163360.2618515,197.01037645339966,B5_CYCLIC,B5_CYCLIC_R01_20260611_143242,delta-asda-b3-e,1591,RTSO|SO|OE|VE|QS|TR,3,0,55068078,-601,-15,-0.06405,-14,-0.033474,301,49,4270,2391,6000,,600,,,,cyclic,transition,0,no_load,both,B5: cyclic back-and-forth,servo-app/lab-0.1
1781163360.3620555,197.11058044433594,B5_CYCLIC,B5_CYCLIC_R01_20260611_143242,delta-asda-b3-e,1591,RTSO|SO|OE|VE|QS|TR,3,0,53390184,-601,-19,-0.08113,-21,-0.050211,301,49,4270,2391,6000,,600,,,,cyclic,transition,0,no_load,both,B5: cyclic back-and-forth,servo-app/lab-0.1
1781163360.462192,197.21071696281433,B5_CYCLIC,B5_CYCLIC_R01_20260611_143242,delta-asda-b3-e,1591,RTSO|SO|OE|VE|QS|TR,3,0,51695571,-601,-16,-0.06832,-14,-0.033474,300,49,4270,2391,6000,,600,,,,cyclic,transition,0,no_load,both,B5: cyclic back-and-forth,servo-app/lab-0.1
1781163360.5627282,197.3112530708313,B5_CYCLIC,B5_CYCLIC_R01_20260611_143242,delta-asda-b3-e,1591,RTSO|SO|OE|VE|QS|TR,3,0,50017937,-601,-21,-0.08967,-20,-0.04782,300,49,4270,2391,6000,,600,,,,cyclic,transition,0,no_load,both,B5: cyclic back-and-forth,servo-app/lab-0.1
1781163360.6629972,197.41152215003967,B5_CYCLIC,B5_CYCLIC_R01_20260611_143242,delta-asda-b3-e,1591,RTSO|SO|OE|VE|QS|TR,3,0,48340204,-601,-15,-0.06405,-16,-0.038256,301,49,4270,2391,6000,,600,,,,cyclic,transition,0,no_load,both,B5: cyclic back-and-forth,servo-app/lab-0.1
1781163360.7631142,197.51163911819458,B5_CYCLIC,B5_CYCLIC_R01_20260611_143242,delta-asda-b3-e,1591,RTSO|SO|OE|VE|QS|TR,3,0,46662739,-600,-20,-0.0854,-19,-0.045429,301,49,4270,2391,6000,,600,,,,cyclic,transition,0,no_load,both,B5: cyclic back-and-forth,servo-app/lab-0.1
1781163360.8636758,197.6122007369995,B5_CYCLIC,B5_CYCLIC_R01_20260611_143242,delta-asda-b3-e,1591,RTSO|SO|OE|VE|QS|TR,3,0,44967843,-601,-15,-0.06405,-15,-0.035865,301,49,4270,2391,6000,,600,,,,cyclic,transition,0,no_load,both,B5: cyclic back-and-forth,servo-app/lab-0.1
1781163360.9642737,197.71279859542847,B5_CYCLIC,B5_CYCLIC_R01_20260611_143242,delta-asda-b3-e,1591,RTSO|SO|OE|VE|QS|TR,3,0,43273495,-600,-21,-0.08967,-21,-0.050211,301,49,4270,2391,6000,,600,,,,cyclic,transition,0,no_load,both,B5: cyclic back-and-forth,servo-app/lab-0.1
1781163361.0644503,197.81297516822815,B5_CYCLIC,B5_CYCLIC_R01_20260611_143242,delta-asda-b3-e,1591,RTSO|SO|OE|VE|QS|TR,3,0,41595519,-601,-14,-0.05978,-15,-0.035865,301,49,4270,2391,6000,,600,,,,cyclic,transition,0,no_load,both,B5: cyclic back-and-forth,servo-app/lab-0.1
1781163361.1648932,197.9134180545807,B5_CYCLIC,B5_CYCLIC_R01_20260611_143242,delta-asda-b3-e,1591,RTSO|SO|OE|VE|QS|TR,3,0,39901314,-600,-21,-0.08967,-20,-0.04782,301,49,4270,2391,6000,,600,,,,cyclic,transition,0,no_load,both,B5: cyclic back-and-forth,servo-app/lab-0.1
1781163361.265549,198.01407384872437,B5_CYCLIC,B5_CYCLIC_R01_20260611_143242,delta-asda-b3-e,1591,RTSO|SO|OE|VE|QS|TR,3,0,38223647,-601,-15,-0.06405,-14,-0.033474,301,49,4270,2391,6000,,600,,,,cyclic,transition,0,no_load,both,B5: cyclic back-and-forth,servo-app/lab-0.1
1781163361.366127,198.11465191841125,B5_CYCLIC,B5_CYCLIC_R01_20260611_143242,delta-asda-b3-e,1591,RTSO|SO|OE|VE|QS|TR,3,0,36529039,-601,-19,-0.08113,-18,-0.043038,301,49,4270,2391,6000,,600,,,,cyclic,transition,0,no_load,both,B5: cyclic back-and-forth,servo-app/lab-0.1
1781163361.4687624,198.2172873020172,B5_CYCLIC,B5_CYCLIC_R01_20260611_143242,delta-asda-b3-e,1591,RTSO|SO|OE|VE|QS|TR,3,0,34817458,-601,-17,-0.07259,-18,-0.043038,301,49,4270,2391,6000,,600,,,,cyclic,transition,0,no_load,both,B5: cyclic back-and-forth,servo-app/lab-0.1
1781163361.5690644,198.3175892829895,B5_CYCLIC,B5_CYCLIC_R01_20260611_143242,delta-asda-b3-e,1591,RTSO|SO|OE|VE|QS|TR,3,0,33139881,-601,-21,-0.08967,-19,-0.045429,301,49,4270,2391,6000,,600,,,,cyclic,transition,0,no_load,both,B5: cyclic back-and-forth,servo-app/lab-0.1
1781163361.66943,198.4179549217224,B5_CYCLIC,B5_CYCLIC_R01_20260611_143242,delta-asda-b3-e,1591,RTSO|SO|OE|VE|QS|TR,3,0,31445286,-600,-17,-0.07259,-16,-0.038256,301,49,4270,2391,6000,,600,,,,cyclic,transition,0,no_load,both,B5: cyclic back-and-forth,servo-app/lab-0.1
1781163361.7698805,198.51840543746948,B5_CYCLIC,B5_CYCLIC_R01_20260611_143242,delta-asda-b3-e,1591,RTSO|SO|OE|VE|QS|TR,3,0,29767705,-601,-20,-0.0854,-20,-0.04782,301,49,4270,2391,6000,,600,,,,cyclic,transition,0,no_load,both,B5: cyclic back-and-forth,servo-app/lab-0.1
1781163361.8701818,198.61870670318604,B5_CYCLIC,B5_CYCLIC_R01_20260611_143242,delta-asda-b3-e,1591,RTSO|SO|OE|VE|QS|TR,3,0,28072778,-601,-17,-0.07259,-16,-0.038256,301,49,4270,2391,6000,,600,,,,cyclic,transition,0,no_load,both,B5: cyclic back-and-forth,servo-app/lab-0.1
1781163361.9702508,198.71877574920654,B5_CYCLIC,B5_CYCLIC_R01_20260611_143242,delta-asda-b3-e,1591,RTSO|SO|OE|VE|QS|TR,3,0,26395339,-600,-20,-0.0854,-20,-0.04782,301,49,4270,2391,6000,,600,,,,cyclic,transition,0,no_load,both,B5: cyclic back-and-forth,servo-app/lab-0.1
1781163362.0704756,198.8190004825592,B5_CYCLIC,B5_CYCLIC_R01_20260611_143242,delta-asda-b3-e,1591,RTSO|SO|OE|VE|QS|TR,3,0,24717246,-601,-16,-0.06832,-15,-0.035865,301,49,4270,2391,6000,,600,,,,cyclic,transition,0,no_load,both,B5: cyclic back-and-forth,servo-app/lab-0.1
1781163362.1709077,198.91943264007568,B5_CYCLIC,B5_CYCLIC_R01_20260611_143242,delta-asda-b3-e,1591,RTSO|SO|OE|VE|QS|TR,3,0,23040171,-600,-22,-0.09394,-21,-0.050211,302,49,4270,2391,6000,,600,,,,cyclic,transition,0,no_load,both,B5: cyclic back-and-forth,servo-app/lab-0.1
1781163362.2709923,199.01951718330383,B5_CYCLIC,B5_CYCLIC_R01_20260611_143242,delta-asda-b3-e,1591,RTSO|SO|OE|VE|QS|TR,3,0,21362146,-601,-17,-0.07259,-16,-0.038256,301,49,4270,2391,6000,,600,,,,cyclic,transition,0,no_load,both,B5: cyclic back-and-forth,servo-app/lab-0.1
1781163362.3715699,199.12009477615356,B5_CYCLIC,B5_CYCLIC_R01_20260611_143242,delta-asda-b3-e,1591,RTSO|SO|OE|VE|QS|TR,3,0,19667897,-600,-20,-0.0854,-20,-0.04782,301,49,4270,2391,6000,,600,,,,cyclic,transition,0,no_load,both,B5: cyclic back-and-forth,servo-app/lab-0.1
1781163362.4719968,199.2205216884613,B5_CYCLIC,B5_CYCLIC_R01_20260611_143242,delta-asda-b3-e,1591,RTSO|SO|OE|VE|QS|TR,3,0,17989961,-600,-17,-0.07259,-16,-0.038256,301,49,4270,2391,6000,,600,,,,cyclic,transition,0,no_load,both,B5: cyclic back-and-forth,servo-app/lab-0.1
1781163362.5721488,199.32067370414734,B5_CYCLIC,B5_CYCLIC_R01_20260611_143242,delta-asda-b3-e,1591,RTSO|SO|OE|VE|QS|TR,3,0,16312524,-600,-20,-0.0854,-23,-0.054993,301,49,4270,2391,6000,,600,,,,cyclic,transition,0,no_load,both,B5: cyclic back-and-forth,servo-app/lab-0.1
1781163362.6722689,199.42079377174377,B5_CYCLIC,B5_CYCLIC_R01_20260611_143242,delta-asda-b3-e,1591,RTSO|SO|OE|VE|QS|TR,3,0,14618034,-600,-15,-0.06405,-18,-0.043038,301,49,4270,2391,6000,,600,,,,cyclic,transition,0,no_load,both,B5: cyclic back-and-forth,servo-app/lab-0.1
1781163362.7727926,199.52131748199463,B5_CYCLIC,B5_CYCLIC_R01_20260611_143242,delta-asda-b3-e,1591,RTSO|SO|OE|VE|QS|TR,3,0,12940315,-600,-18,-0.07686,-21,-0.050211,301,49,4270,2391,6000,,600,,,,cyclic,transition,0,no_load,both,B5: cyclic back-and-forth,servo-app/lab-0.1
1781163362.8730495,199.62157440185547,B5_CYCLIC,B5_CYCLIC_R01_20260611_143242,delta-asda-b3-e,1591,RTSO|SO|OE|VE|QS|TR,3,0,11262124,-601,-14,-0.05978,-17,-0.040647,301,49,4270,2391,6000,,600,,,,cyclic,transition,0,no_load,both,B5: cyclic back-and-forth,servo-app/lab-0.1
1781163362.9731212,199.72164607048035,B5_CYCLIC,B5_CYCLIC_R01_20260611_143242,delta-asda-b3-e,1591,RTSO|SO|OE|VE|QS|TR,3,0,9584710,-600,-17,-0.07259,-20,-0.04782,301,49,4270,2391,6000,,600,,,,cyclic,transition,0,no_load,both,B5: cyclic back-and-forth,servo-app/lab-0.1
1781163363.07397,199.8224949836731,B5_CYCLIC,B5_CYCLIC_R01_20260611_143242,delta-asda-b3-e,1591,RTSO|SO|OE|VE|QS|TR,3,0,7889871,-600,-16,-0.06832,-16,-0.038256,301,49,4270,2391,6000,,600,,,,cyclic,transition,0,no_load,both,B5: cyclic back-and-forth,servo-app/lab-0.1
1781163363.1742432,199.92276811599731,B5_CYCLIC,B5_CYCLIC_R01_20260611_143242,delta-asda-b3-e,1591,RTSO|SO|OE|VE|QS|TR,3,0,6195979,-600,-17,-0.07259,-17,-0.040647,301,49,4270,2391,6000,,600,,,,cyclic,transition,0,no_load,both,B5: cyclic back-and-forth,servo-app/lab-0.1
1781163363.275194,200.02371883392334,B5_CYCLIC,B5_CYCLIC_R01_20260611_143242,delta-asda-b3-e,4663,RTSO|SO|OE|VE|QS|ACK,3,0,4940900,93,24,0.10248,26,0.062166,301,49,4270,2391,6000,,600,,,,cyclic,transition,0,no_load,both,B5: cyclic back-and-forth,servo-app/lab-0.1
1781163363.37576,200.12428498268127,B5_CYCLIC,B5_CYCLIC_R01_20260611_143242,delta-asda-b3-e,1591,RTSO|SO|OE|VE|QS|TR,3,0,6582098,600,19,0.08113,23,0.054993,301,49,4270,2391,6000,,600,,,,cyclic,transition,0,no_load,both,B5: cyclic back-and-forth,servo-app/lab-0.1
1781163363.476772,200.22529697418213,B5_CYCLIC,B5_CYCLIC_R01_20260611_143242,delta-asda-b3-e,1591,RTSO|SO|OE|VE|QS|TR,3,0,8275704,600,18,0.07686,20,0.04782,301,49,4270,2391,6000,,600,,,,cyclic,transition,0,no_load,both,B5: cyclic back-and-forth,servo-app/lab-0.1
1781163363.5769687,200.32549357414246,B5_CYCLIC,B5_CYCLIC_R01_20260611_143242,delta-asda-b3-e,1591,RTSO|SO|OE|VE|QS|TR,3,0,9953657,600,19,0.08113,23,0.054993,301,49,4270,2391,6000,,600,,,,cyclic,transition,0,no_load,both,B5: cyclic back-and-forth,servo-app/lab-0.1
1781163363.6772857,200.42581057548523,B5_CYCLIC,B5_CYCLIC_R01_20260611_143242,delta-asda-b3-e,1591,RTSO|SO|OE|VE|QS|TR,3,0,11647730,600,16,0.06832,20,0.04782,301,49,4270,2391,6000,,600,,,,cyclic,transition,0,no_load,both,B5: cyclic back-and-forth,servo-app/lab-0.1
1781163363.7776263,200.52615118026733,B5_CYCLIC,B5_CYCLIC_R01_20260611_143242,delta-asda-b3-e,1591,RTSO|SO|OE|VE|QS|TR,3,0,13325977,601,20,0.0854,16,0.038256,301,49,4270,2391,6000,,600,,,,cyclic,transition,0,no_load,both,B5: cyclic back-and-forth,servo-app/lab-0.1
1781163363.8780959,200.62662076950073,B5_CYCLIC,B5_CYCLIC_R01_20260611_143242,delta-asda-b3-e,1591,RTSO|SO|OE|VE|QS|TR,3,0,15020280,600,15,0.06405,17,0.040647,301,49,4270,2391,6000,,600,,,,cyclic,transition,0,no_load,both,B5: cyclic back-and-forth,servo-app/lab-0.1
1781163363.9782727,200.726797580719,B5_CYCLIC,B5_CYCLIC_R01_20260611_143242,delta-asda-b3-e,1591,RTSO|SO|OE|VE|QS|TR,3,0,16698180,600,23,0.09821,22,0.052602,301,49,4270,2391,6000,,600,,,,cyclic,transition,0,no_load,both,B5: cyclic back-and-forth,servo-app/lab-0.1
1781163364.0784054,200.82693028450012,B5_CYCLIC,B5_CYCLIC_R01_20260611_143242,delta-asda-b3-e,1591,RTSO|SO|OE|VE|QS|TR,3,0,18375525,600,19,0.08113,20,0.04782,301,49,4270,2391,6000,,600,,,,cyclic,transition,0,no_load,both,B5: cyclic back-and-forth,servo-app/lab-0.1
1781163364.1789467,200.92747163772583,B5_CYCLIC,B5_CYCLIC_R01_20260611_143242,delta-asda-b3-e,1591,RTSO|SO|OE|VE|QS|TR,3,0,20053365,600,17,0.07259,19,0.045429,300,49,4270,2391,6000,,600,,,,cyclic,transition,0,no_load,both,B5: cyclic back-and-forth,servo-app/lab-0.1
1781163364.279244,201.02776885032654,B5_CYCLIC,B5_CYCLIC_R01_20260611_143242,delta-asda-b3-e,1591,RTSO|SO|OE|VE|QS|TR,3,0,21747817,601,15,0.06405,16,0.038256,301,49,4270,2391,6000,,600,,,,cyclic,transition,0,no_load,both,B5: cyclic back-and-forth,servo-app/lab-0.1
1781163364.380309,201.12883400917053,B5_CYCLIC,B5_CYCLIC_R01_20260611_143242,delta-asda-b3-e,1591,RTSO|SO|OE|VE|QS|TR,3,0,23442418,600,24,0.10248,22,0.052602,301,49,4270,2391,6000,,600,,,,cyclic,transition,0,no_load,both,B5: cyclic back-and-forth,servo-app/lab-0.1
1781163364.4804177,201.22894263267517,B5_CYCLIC,B5_CYCLIC_R01_20260611_143242,delta-asda-b3-e,1591,RTSO|SO|OE|VE|QS|TR,3,0,25119573,600,17,0.07259,21,0.050211,301,49,4270,2391,6000,,600,,,,cyclic,transition,0,no_load,both,B5: cyclic back-and-forth,servo-app/lab-0.1
1781163364.5806062,201.3291311264038,B5_CYCLIC,B5_CYCLIC_R01_20260611_143242,delta-asda-b3-e,1591,RTSO|SO|OE|VE|QS|TR,3,0,26797520,600,24,0.10248,18,0.043038,301,49,4270,2391,6000,,600,,,,cyclic,transition,0,no_load,both,B5: cyclic back-and-forth,servo-app/lab-0.1
1781163364.6808865,201.4294114112854,B5_CYCLIC,B5_CYCLIC_R01_20260611_143242,delta-asda-b3-e,1591,RTSO|SO|OE|VE|QS|TR,3,0,28474845,600,17,0.07259,17,0.040647,301,49,4270,2391,6000,,600,,,,cyclic,transition,0,no_load,both,B5: cyclic back-and-forth,servo-app/lab-0.1
1781163364.7809901,201.52951502799988,B5_CYCLIC,B5_CYCLIC_R01_20260611_143242,delta-asda-b3-e,1591,RTSO|SO|OE|VE|QS|TR,3,0,30153110,601,20,0.0854,24,0.057384,301,49,4270,2391,6000,,600,,,,cyclic,transition,0,no_load,both,B5: cyclic back-and-forth,servo-app/lab-0.1
1781163364.8813798,201.62990474700928,B5_CYCLIC,B5_CYCLIC_R01_20260611_143242,delta-asda-b3-e,1591,RTSO|SO|OE|VE|QS|TR,3,0,31847249,600,15,0.06405,16,0.038256,301,49,4270,2391,6000,,600,,,,cyclic,transition,0,no_load,both,B5: cyclic back-and-forth,servo-app/lab-0.1
1781163364.9815462,201.73007106781006,B5_CYCLIC,B5_CYCLIC_R01_20260611_143242,delta-asda-b3-e,1591,RTSO|SO|OE|VE|QS|TR,3,0,33525148,600,20,0.0854,20,0.04782,301,49,4270,2391,6000,,600,,,,cyclic,transition,0,no_load,both,B5: cyclic back-and-forth,servo-app/lab-0.1
1781163365.0818274,201.83035230636597,B5_CYCLIC,B5_CYCLIC_R01_20260611_143242,delta-asda-b3-e,1591,RTSO|SO|OE|VE|QS|TR,3,0,35202440,600,18,0.07686,18,0.043038,301,49,4270,2391,6000,,600,,,,cyclic,transition,0,no_load,both,B5: cyclic back-and-forth,servo-app/lab-0.1
1781163365.1820033,201.9305281639099,B5_CYCLIC,B5_CYCLIC_R01_20260611_143242,delta-asda-b3-e,1591,RTSO|SO|OE|VE|QS|TR,3,0,36880325,600,19,0.08113,18,0.043038,301,49,4270,2391,6000,,600,,,,cyclic,transition,0,no_load,both,B5: cyclic back-and-forth,servo-app/lab-0.1
1781163365.2827415,202.03126645088196,B5_CYCLIC,B5_CYCLIC_R01_20260611_143242,delta-asda-b3-e,1591,RTSO|SO|OE|VE|QS|TR,3,0,38574732,600,13,0.05551,15,0.035865,301,49,4270,2391,6000,,600,,,,cyclic,transition,0,no_load,both,B5: cyclic back-and-forth,servo-app/lab-0.1
1781163365.3832228,202.13174772262573,B5_CYCLIC,B5_CYCLIC_R01_20260611_143242,delta-asda-b3-e,1591,RTSO|SO|OE|VE|QS|TR,3,0,40252458,600,24,0.10248,23,0.054993,301,49,4270,2391,6000,,600,,,,cyclic,transition,0,no_load,both,B5: cyclic back-and-forth,servo-app/lab-0.1
1781163365.4842827,202.232807636261,B5_CYCLIC,B5_CYCLIC_R01_20260611_143242,delta-asda-b3-e,1591,RTSO|SO|OE|VE|QS|TR,3,0,41963308,600,16,0.06832,16,0.038256,301,49,4270,2391,6000,,600,,,,cyclic,transition,0,no_load,both,B5: cyclic back-and-forth,servo-app/lab-0.1
1781163365.584658,202.33318281173706,B5_CYCLIC,B5_CYCLIC_R01_20260611_143242,delta-asda-b3-e,1591,RTSO|SO|OE|VE|QS|TR,3,0,43641123,599,20,0.0854,21,0.050211,301,49,4270,2391,6000,,600,,,,cyclic,transition,0,no_load,both,B5: cyclic back-and-forth,servo-app/lab-0.1
1781163365.6849632,202.43348813056946,B5_CYCLIC,B5_CYCLIC_R01_20260611_143242,delta-asda-b3-e,1591,RTSO|SO|OE|VE|QS|TR,3,0,45318564,601,14,0.05978,17,0.040647,301,49,4270,2391,6000,,600,,,,cyclic,transition,0,no_load,both,B5: cyclic back-and-forth,servo-app/lab-0.1
1781163365.7861514,202.53467631340027,B5_CYCLIC,B5_CYCLIC_R01_20260611_143242,delta-asda-b3-e,1591,RTSO|SO|OE|VE|QS|TR,3,0,47030350,600,20,0.0854,22,0.052602,301,49,4270,2391,6000,,600,,,,cyclic,transition,0,no_load,both,B5: cyclic back-and-forth,servo-app/lab-0.1
1781163365.8866506,202.63517546653748,B5_CYCLIC,B5_CYCLIC_R01_20260611_143242,delta-asda-b3-e,1591,RTSO|SO|OE|VE|QS|TR,3,0,48707723,600,19,0.08113,15,0.035865,301,49,4270,2391,6000,,600,,,,cyclic,transition,0,no_load,both,B5: cyclic back-and-forth,servo-app/lab-0.1
1781163365.9870765,202.7356014251709,B5_CYCLIC,B5_CYCLIC_R01_20260611_143242,delta-asda-b3-e,1591,RTSO|SO|OE|VE|QS|TR,3,0,50385565,600,19,0.08113,22,0.052602,301,49,4270,2391,6000,,600,,,,cyclic,transition,0,no_load,both,B5: cyclic back-and-forth,servo-app/lab-0.1
1781163366.0873876,202.8359124660492,B5_CYCLIC,B5_CYCLIC_R01_20260611_143242,delta-asda-b3-e,1591,RTSO|SO|OE|VE|QS|TR,3,0,52079632,600,18,0.07686,19,0.045429,301,49,4270,2391,6000,,600,,,,cyclic,transition,0,no_load,both,B5: cyclic back-and-forth,servo-app/lab-0.1
1781163366.1875625,202.93608736991882,B5_CYCLIC,B5_CYCLIC_R01_20260611_143242,delta-asda-b3-e,1591,RTSO|SO|OE|VE|QS|TR,3,0,53757617,600,22,0.09394,17,0.040647,301,49,4270,2391,6000,,600,,,,cyclic,transition,0,no_load,both,B5: cyclic back-and-forth,servo-app/lab-0.1
1781163366.2876813,203.03620624542236,B5_CYCLIC,B5_CYCLIC_R01_20260611_143242,delta-asda-b3-e,1591,RTSO|SO|OE|VE|QS|TR,3,0,55435357,600,14,0.05978,14,0.033474,301,49,4270,2391,6000,,600,,,,cyclic,transition,0,no_load,both,B5: cyclic back-and-forth,servo-app/lab-0.1
1781163366.3881602,203.13668513298035,B5_CYCLIC,B5_CYCLIC_R01_20260611_143242,delta-asda-b3-e,1591,RTSO|SO|OE|VE|QS|TR,3,0,57129712,599,22,0.09394,23,0.054993,301,49,4270,2391,6000,,600,,,,cyclic,transition,0,no_load,both,B5: cyclic back-and-forth,servo-app/lab-0.1
1781163366.488448,203.2369728088379,B5_CYCLIC,B5_CYCLIC_R01_20260611_143242,delta-asda-b3-e,1591,RTSO|SO|OE|VE|QS|TR,3,0,58807067,600,16,0.06832,17,0.040647,301,49,4270,2391,6000,,600,,,,cyclic,transition,0,no_load,both,B5: cyclic back-and-forth,servo-app/lab-0.1
1781163366.58866,203.33718490600586,B5_CYCLIC,B5_CYCLIC_R01_20260611_143242,delta-asda-b3-e,1591,RTSO|SO|OE|VE|QS|TR,3,0,60484842,600,25,0.10675,23,0.054993,301,49,4270,2391,6000,,600,,,,cyclic,transition,0,no_load,both,B5: cyclic back-and-forth,servo-app/lab-0.1
1781163366.6894891,203.43801403045654,B5_CYCLIC,B5_CYCLIC_R01_20260611_143242,delta-asda-b3-e,1591,RTSO|SO|OE|VE|QS|TR,3,0,62179202,600,15,0.06405,14,0.033474,301,49,4270,2391,6000,,600,,,,cyclic,transition,0,no_load,both,B5: cyclic back-and-forth,servo-app/lab-0.1
1781163366.7896254,203.53815031051636,B5_CYCLIC,B5_CYCLIC_R01_20260611_143242,delta-asda-b3-e,1591,RTSO|SO|OE|VE|QS|TR,3,0,63857202,600,22,0.09394,21,0.050211,301,49,4270,2391,6000,,600,,,,cyclic,transition,0,no_load,both,B5: cyclic back-and-forth,servo-app/lab-0.1
1781163366.8901243,203.63864922523499,B5_CYCLIC,B5_CYCLIC_R01_20260611_143242,delta-asda-b3-e,1591,RTSO|SO|OE|VE|QS|TR,3,0,65534540,600,15,0.06405,15,0.035865,302,49,4270,2391,6000,,600,,,,cyclic,transition,0,no_load,both,B5: cyclic back-and-forth,servo-app/lab-0.1
1781163366.9902248,203.73874974250793,B5_CYCLIC,B5_CYCLIC_R01_20260611_143242,delta-asda-b3-e,1591,RTSO|SO|OE|VE|QS|TR,3,0,67212400,600,20,0.0854,22,0.052602,301,49,4270,2391,6000,,600,,,,cyclic,transition,0,no_load,both,B5: cyclic back-and-forth,servo-app/lab-0.1
1781163367.0908966,203.8394215106964,B5_CYCLIC,B5_CYCLIC_R01_20260611_143242,delta-asda-b3-e,1591,RTSO|SO|OE|VE|QS|TR,3,0,68906462,600,18,0.07686,19,0.045429,301,49,4270,2391,6000,,600,,,,cyclic,transition,0,no_load,both,B5: cyclic back-and-forth,servo-app/lab-0.1
1781163367.1910572,203.9395821094513,B5_CYCLIC,B5_CYCLIC_R01_20260611_143242,delta-asda-b3-e,1591,RTSO|SO|OE|VE|QS|TR,3,0,70601303,600,20,0.0854,20,0.04782,301,49,4270,2391,6000,,600,,,,cyclic,transition,0,no_load,both,B5: cyclic back-and-forth,servo-app/lab-0.1
1781163367.2911818,204.03970670700073,B5_CYCLIC,B5_CYCLIC_R01_20260611_143242,delta-asda-b3-e,1591,RTSO|SO|OE|VE|QS|TR,3,0,72278993,600,15,0.06405,15,0.035865,301,49,4270,2391,6000,,600,,,,cyclic,transition,0,no_load,both,B5: cyclic back-and-forth,servo-app/lab-0.1
1781163367.3916316,204.14015650749207,B5_CYCLIC,B5_CYCLIC_R01_20260611_143242,delta-asda-b3-e,1591,RTSO|SO|OE|VE|QS|TR,3,0,73956564,599,19,0.08113,21,0.050211,301,49,4270,2391,6000,,600,,,,cyclic,transition,0,no_load,both,B5: cyclic back-and-forth,servo-app/lab-0.1
1781163367.492159,204.2406837940216,B5_CYCLIC,B5_CYCLIC_R01_20260611_143242,delta-asda-b3-e,1591,RTSO|SO|OE|VE|QS|TR,3,0,75634016,600,14,0.05978,16,0.038256,301,49,4270,2391,6000,,600,,,,cyclic,transition,0,no_load,both,B5: cyclic back-and-forth,servo-app/lab-0.1
1781163367.592646,204.34117078781128,B5_CYCLIC,B5_CYCLIC_R01_20260611_143242,delta-asda-b3-e,1591,RTSO|SO|OE|VE|QS|TR,3,0,77328451,600,19,0.08113,22,0.052602,301,49,4270,2391,6000,,600,,,,cyclic,transition,0,no_load,both,B5: cyclic back-and-forth,servo-app/lab-0.1
1781163367.693252,204.4417769908905,B5_CYCLIC,B5_CYCLIC_R01_20260611_143242,delta-asda-b3-e,1591,RTSO|SO|OE|VE|QS|TR,3,0,79022983,601,20,0.0854,16,0.038256,301,49,4270,2391,6000,,600,,,,cyclic,transition,0,no_load,both,B5: cyclic back-and-forth,servo-app/lab-0.1
1781163367.7933443,204.54186916351318,B5_CYCLIC,B5_CYCLIC_R01_20260611_143242,delta-asda-b3-e,1591,RTSO|SO|OE|VE|QS|TR,3,0,80700870,600,18,0.07686,20,0.04782,301,49,4270,2391,6000,,600,,,,cyclic,transition,0,no_load,both,B5: cyclic back-and-forth,servo-app/lab-0.1
1781163367.8938627,204.6423876285553,B5_CYCLIC,B5_CYCLIC_R01_20260611_143242,delta-asda-b3-e,1591,RTSO|SO|OE|VE|QS|TR,3,0,82378312,600,13,0.05551,17,0.040647,301,49,4270,2391,6000,,600,,,,cyclic,transition,0,no_load,both,B5: cyclic back-and-forth,servo-app/lab-0.1
1781163367.9939353,204.7424602508545,B5_CYCLIC,B5_CYCLIC_R01_20260611_143242,delta-asda-b3-e,1591,RTSO|SO|OE|VE|QS|TR,3,0,84056086,600,18,0.07686,20,0.04782,301,49,4270,2391,6000,,600,,,,cyclic,transition,0,no_load,both,B5: cyclic back-and-forth,servo-app/lab-0.1
1781163368.0942068,204.84273171424866,B5_CYCLIC,B5_CYCLIC_R01_20260611_143242,delta-asda-b3-e,1591,RTSO|SO|OE|VE|QS|TR,3,0,85733394,600,15,0.06405,20,0.04782,301,49,4270,2391,6000,,600,,,,cyclic,transition,0,no_load,both,B5: cyclic back-and-forth,servo-app/lab-0.1
1781163368.1945608,204.9430856704712,B5_CYCLIC,B5_CYCLIC_R01_20260611_143242,delta-asda-b3-e,1591,RTSO|SO|OE|VE|QS|TR,3,0,87428242,600,17,0.07259,22,0.052602,301,49,4270,2391,6000,,600,,,,cyclic,transition,0,no_load,both,B5: cyclic back-and-forth,servo-app/lab-0.1
1781163368.2950633,205.0435881614685,B5_CYCLIC,B5_CYCLIC_R01_20260611_143242,delta-asda-b3-e,1591,RTSO|SO|OE|VE|QS|TR,3,0,89105892,600,17,0.07259,19,0.045429,301,49,4270,2391,6000,,600,,,,cyclic,transition,0,no_load,both,B5: cyclic back-and-forth,servo-app/lab-0.1
1781163368.3951557,205.14368057250977,B5_CYCLIC,B5_CYCLIC_R01_20260611_143242,delta-asda-b3-e,1591,RTSO|SO|OE|VE|QS|TR,3,0,90783431,600,18,0.07686,24,0.057384,301,49,4270,2391,6000,,600,,,,cyclic,transition,0,no_load,both,B5: cyclic back-and-forth,servo-app/lab-0.1
1781163368.4953313,205.24385619163513,B5_CYCLIC,B5_CYCLIC_R01_20260611_143242,delta-asda-b3-e,1591,RTSO|SO|OE|VE|QS|TR,3,0,92477765,600,18,0.07686,15,0.035865,301,49,4270,2391,6000,,600,,,,cyclic,transition,0,no_load,both,B5: cyclic back-and-forth,servo-app/lab-0.1
1781163368.5956693,205.34419417381287,B5_CYCLIC,B5_CYCLIC_R01_20260611_143242,delta-asda-b3-e,1591,RTSO|SO|OE|VE|QS|TR,3,0,94155398,600,16,0.06832,20,0.04782,301,49,4270,2391,6000,,600,,,,cyclic,transition,0,no_load,both,B5: cyclic back-and-forth,servo-app/lab-0.1
1781163368.6960106,205.4445354938507,B5_CYCLIC,B5_CYCLIC_R01_20260611_143242,delta-asda-b3-e,1591,RTSO|SO|OE|VE|QS|TR,3,0,95833235,601,13,0.05551,20,0.04782,301,49,4270,2391,6000,,600,,,,cyclic,transition,0,no_load,both,B5: cyclic back-and-forth,servo-app/lab-0.1
1781163368.7962296,205.54475450515747,B5_CYCLIC,B5_CYCLIC_R01_20260611_143242,delta-asda-b3-e,1591,RTSO|SO|OE|VE|QS|TR,3,0,97527780,600,17,0.07259,17,0.040647,301,49,4270,2391,6000,,600,,,,cyclic,transition,0,no_load,both,B5: cyclic back-and-forth,servo-app/lab-0.1
1781163368.8977394,205.6462643146515,B5_CYCLIC,B5_CYCLIC_R01_20260611_143242,delta-asda-b3-e,1591,RTSO|SO|OE|VE|QS|TR,3,0,99222110,600,19,0.08113,16,0.038256,301,49,4270,2391,6000,,600,,,,cyclic,transition,0,no_load,both,B5: cyclic back-and-forth,servo-app/lab-0.1
1781163368.9979615,205.74648642539978,B5_CYCLIC,B5_CYCLIC_R01_20260611_143242,delta-asda-b3-e,1591,RTSO|SO|OE|VE|QS|TR,3,0,100899770,600,26,0.11102,20,0.04782,301,49,4270,2391,6000,,600,,,,cyclic,transition,0,no_load,both,B5: cyclic back-and-forth,servo-app/lab-0.1
1781163369.098208,205.84673285484314,B5_CYCLIC,B5_CYCLIC_R01_20260611_143242,delta-asda-b3-e,1591,RTSO|SO|OE|VE|QS|TR,3,0,102594133,601,16,0.06832,16,0.038256,301,49,4270,2391,6000,,600,,,,cyclic,transition,0,no_load,both,B5: cyclic back-and-forth,servo-app/lab-0.1
1781163369.19874,205.94726490974426,B5_CYCLIC,B5_CYCLIC_R01_20260611_143242,delta-asda-b3-e,1591,RTSO|SO|OE|VE|QS|TR,3,0,104272179,601,17,0.07259,17,0.040647,301,49,4270,2391,6000,,600,,,,cyclic,transition,0,no_load,both,B5: cyclic back-and-forth,servo-app/lab-0.1
1781163369.2990625,206.04758739471436,B5_CYCLIC,B5_CYCLIC_R01_20260611_143242,delta-asda-b3-e,1591,RTSO|SO|OE|VE|QS|TR,3,0,105949716,600,18,0.07686,17,0.040647,301,49,4270,2391,6000,,600,,,,cyclic,transition,0,no_load,both,B5: cyclic back-and-forth,servo-app/lab-0.1
1781163369.4000316,206.14855647087097,B5_CYCLIC,B5_CYCLIC_R01_20260611_143242,delta-asda-b3-e,1591,RTSO|SO|OE|VE|QS|TR,3,0,107644085,600,21,0.08967,18,0.043038,301,49,4270,2391,6000,,600,,,,cyclic,transition,0,no_load,both,B5: cyclic back-and-forth,servo-app/lab-0.1
1781163369.5006921,206.24921703338623,B5_CYCLIC,B5_CYCLIC_R01_20260611_143242,delta-asda-b3-e,1591,RTSO|SO|OE|VE|QS|TR,3,0,109338395,601,19,0.08113,18,0.043038,301,49,4270,2391,6000,,600,,,,cyclic,transition,0,no_load,both,B5: cyclic back-and-forth,servo-app/lab-0.1
1781163369.600787,206.34931182861328,B5_CYCLIC,B5_CYCLIC_R01_20260611_143242,delta-asda-b3-e,1591,RTSO|SO|OE|VE|QS|TR,3,0,111016095,601,14,0.05978,17,0.040647,301,49,4270,2391,6000,,600,,,,cyclic,transition,0,no_load,both,B5: cyclic back-and-forth,servo-app/lab-0.1
1781163369.701823,206.45034790039062,B5_CYCLIC,B5_CYCLIC_R01_20260611_143242,delta-asda-b3-e,1591,RTSO|SO|OE|VE|QS|TR,3,0,112710854,601,16,0.06832,16,0.038256,301,49,4270,2391,6000,,600,,,,cyclic,transition,0,no_load,both,B5: cyclic back-and-forth,servo-app/lab-0.1
1781163369.8018909,206.55041575431824,B5_CYCLIC,B5_CYCLIC_R01_20260611_143242,delta-asda-b3-e,1591,RTSO|SO|OE|VE|QS|TR,3,0,114388436,600,21,0.08967,18,0.043038,301,49,4270,2391,6000,,600,,,,cyclic,transition,0,no_load,both,B5: cyclic back-and-forth,servo-app/lab-0.1
1781163369.902064,206.6505889892578,B5_CYCLIC,B5_CYCLIC_R01_20260611_143242,delta-asda-b3-e,1591,RTSO|SO|OE|VE|QS|TR,3,0,116066106,601,15,0.06405,16,0.038256,301,49,4270,2391,6000,,600,,,,cyclic,transition,0,no_load,both,B5: cyclic back-and-forth,servo-app/lab-0.1
1781163370.0021782,206.75070309638977,B5_CYCLIC,B5_CYCLIC_R01_20260611_143242,delta-asda-b3-e,1591,RTSO|SO|OE|VE|QS|TR,3,0,117743661,600,24,0.10248,25,0.059775,300,49,4270,2391,6000,,600,,,,cyclic,transition,0,no_load,both,B5: cyclic back-and-forth,servo-app/lab-0.1
1781163370.1027083,206.85123324394226,B5_CYCLIC,B5_CYCLIC_R01_20260611_143242,delta-asda-b3-e,1591,RTSO|SO|OE|VE|QS|TR,3,0,119438184,601,19,0.08113,21,0.050211,301,49,4270,2391,6000,,600,,,,cyclic,transition,0,no_load,both,B5: cyclic back-and-forth,servo-app/lab-0.1
1781163370.2032843,206.95180916786194,B5_CYCLIC,B5_CYCLIC_R01_20260611_143242,delta-asda-b3-e,1591,RTSO|SO|OE|VE|QS|TR,3,0,121217099,601,16,0.06832,20,0.04782,301,49,4270,2391,6000,,600,,,,cyclic,transition,0,no_load,both,B5: cyclic back-and-forth,servo-app/lab-0.1
1781163370.3043063,207.05283117294312,B5_CYCLIC,B5_CYCLIC_R01_20260611_143242,delta-asda-b3-e,1591,RTSO|SO|OE|VE|QS|TR,3,0,122810447,601,25,0.10675,18,0.043038,301,49,4270,2391,6000,,600,,,,cyclic,transition,0,no_load,both,B5: cyclic back-and-forth,servo-app/lab-0.1
1781163370.4045768,207.15310168266296,B5_CYCLIC,B5_CYCLIC_R01_20260611_143242,delta-asda-b3-e,1591,RTSO|SO|OE|VE|QS|TR,3,0,124504889,601,20,0.0854,21,0.050211,301,49,4270,2391,6000,,600,,,,cyclic,transition,0,no_load,both,B5: cyclic back-and-forth,servo-app/lab-0.1
1781163370.505037,207.25356197357178,B5_CYCLIC,B5_CYCLIC_R01_20260611_143242,delta-asda-b3-e,1591,RTSO|SO|OE|VE|QS|TR,3,0,126182384,601,17,0.07259,19,0.045429,301,49,4270,2391,6000,,600,,,,cyclic,transition,0,no_load,both,B5: cyclic back-and-forth,servo-app/lab-0.1
1781163370.6053476,207.35387253761292,B5_CYCLIC,B5_CYCLIC_R01_20260611_143242,delta-asda-b3-e,1591,RTSO|SO|OE|VE|QS|TR,3,0,127876972,601,18,0.07686,20,0.04782,301,49,4270,2391,6000,,600,,,,cyclic,transition,0,no_load,both,B5: cyclic back-and-forth,servo-app/lab-0.1
1781163370.705805,207.45432996749878,B5_CYCLIC,B5_CYCLIC_R01_20260611_143242,delta-asda-b3-e,1591,RTSO|SO|OE|VE|QS|TR,3,0,129554846,602,15,0.06405,22,0.052602,301,49,4270,2391,6000,,600,,,,cyclic,transition,0,no_load,both,B5: cyclic back-and-forth,servo-app/lab-0.1
1781163370.8058832,207.5544080734253,B5_CYCLIC,B5_CYCLIC_R01_20260611_143242,delta-asda-b3-e,1591,RTSO|SO|OE|VE|QS|TR,3,0,131232329,601,19,0.08113,20,0.04782,301,49,4270,2391,6000,,600,,,,cyclic,transition,0,no_load,both,B5: cyclic back-and-forth,servo-app/lab-0.1
1781163370.9064155,207.654940366745,B5_CYCLIC,B5_CYCLIC_R01_20260611_143242,delta-asda-b3-e,1591,RTSO|SO|OE|VE|QS|TR,3,0,132926846,601,19,0.08113,20,0.04782,301,49,4270,2391,6000,,600,,,,cyclic,transition,0,no_load,both,B5: cyclic back-and-forth,servo-app/lab-0.1
1781163371.0066369,207.75516176223755,B5_CYCLIC,B5_CYCLIC_R01_20260611_143242,delta-asda-b3-e,1591,RTSO|SO|OE|VE|QS|TR,3,0,134604323,601,22,0.09394,24,0.057384,301,49,4270,2391,6000,,600,,,,cyclic,transition,0,no_load,both,B5: cyclic back-and-forth,servo-app/lab-0.1
1781163371.107018,207.8555428981781,B5_CYCLIC,B5_CYCLIC_R01_20260611_143242,delta-asda-b3-e,1591,RTSO|SO|OE|VE|QS|TR,3,0,136282153,602,19,0.08113,15,0.035865,301,49,4270,2391,6000,,600,,,,cyclic,transition,0,no_load,both,B5: cyclic back-and-forth,servo-app/lab-0.1
1781163371.2071073,207.95563220977783,B5_CYCLIC,B5_CYCLIC_R01_20260611_143242,delta-asda-b3-e,1591,RTSO|SO|OE|VE|QS|TR,3,0,137976856,601,16,0.06832,15,0.035865,301,49,4270,2391,6000,,600,,,,cyclic,transition,0,no_load,both,B5: cyclic back-and-forth,servo-app/lab-0.1
1781163371.3077621,208.0562870502472,B5_CYCLIC,B5_CYCLIC_R01_20260611_143242,delta-asda-b3-e,1591,RTSO|SO|OE|VE|QS|TR,3,0,139654384,601,25,0.10675,17,0.040647,300,49,4270,2391,6000,,600,,,,cyclic,transition,0,no_load,both,B5: cyclic back-and-forth,servo-app/lab-0.1
1781163371.4079368,208.15646171569824,B5_CYCLIC,B5_CYCLIC_R01_20260611_143242,delta-asda-b3-e,1591,RTSO|SO|OE|VE|QS|TR,3,0,141331961,601,23,0.09821,20,0.04782,301,49,4270,2391,6000,,600,,,,cyclic,transition,0,no_load,both,B5: cyclic back-and-forth,servo-app/lab-0.1
1781163371.508549,208.25707387924194,B5_CYCLIC,B5_CYCLIC_R01_20260611_143242,delta-asda-b3-e,1591,RTSO|SO|OE|VE|QS|TR,3,0,143026215,601,19,0.08113,19,0.045429,301,49,4270,2391,6000,,600,,,,cyclic,transition,0,no_load,both,B5: cyclic back-and-forth,servo-app/lab-0.1
1781163371.6087024,208.35722732543945,B5_CYCLIC,B5_CYCLIC_R01_20260611_143242,delta-asda-b3-e,1591,RTSO|SO|OE|VE|QS|TR,3,0,144704095,601,16,0.06832,19,0.045429,301,49,4270,2391,6000,,600,,,,cyclic,transition,0,no_load,both,B5: cyclic back-and-forth,servo-app/lab-0.1
1781163371.7089887,208.45751357078552,B5_CYCLIC,B5_CYCLIC_R01_20260611_143242,delta-asda-b3-e,1591,RTSO|SO|OE|VE|QS|TR,3,0,146381883,601,25,0.10675,21,0.050211,301,49,4270,2391,6000,,600,,,,cyclic,transition,0,no_load,both,B5: cyclic back-and-forth,servo-app/lab-0.1
1781163371.8090627,208.5575876235962,B5_CYCLIC,B5_CYCLIC_R01_20260611_143242,delta-asda-b3-e,1591,RTSO|SO|OE|VE|QS|TR,3,0,148059337,601,17,0.07259,21,0.050211,301,49,4270,2391,6000,,600,,,,cyclic,transition,0,no_load,both,B5: cyclic back-and-forth,servo-app/lab-0.1
1781163371.9091356,208.65766048431396,B5_CYCLIC,B5_CYCLIC_R01_20260611_143242,delta-asda-b3-e,1591,RTSO|SO|OE|VE|QS|TR,3,0,149737052,601,17,0.07259,18,0.043038,300,49,4270,2391,6000,,600,,,,cyclic,transition,0,no_load,both,B5: cyclic back-and-forth,servo-app/lab-0.1
1781163372.0096745,208.75819945335388,B5_CYCLIC,B5_CYCLIC_R01_20260611_143242,delta-asda-b3-e,1591,RTSO|SO|OE|VE|QS|TR,3,0,151431304,601,15,0.06405,16,0.038256,301,49,4270,2391,6000,,600,,,,cyclic,transition,0,no_load,both,B5: cyclic back-and-forth,servo-app/lab-0.1
1781163372.1099699,208.85849475860596,B5_CYCLIC,B5_CYCLIC_R01_20260611_143242,delta-asda-b3-e,1591,RTSO|SO|OE|VE|QS|TR,3,0,153109255,602,20,0.0854,18,0.043038,301,49,4270,2391,6000,,600,,,,cyclic,transition,0,no_load,both,B5: cyclic back-and-forth,servo-app/lab-0.1
1781163372.2100306,208.9585554599762,B5_CYCLIC,B5_CYCLIC_R01_20260611_143242,delta-asda-b3-e,1591,RTSO|SO|OE|VE|QS|TR,3,0,154787043,601,14,0.05978,16,0.038256,301,49,4270,2391,6000,,600,,,,cyclic,transition,0,no_load,both,B5: cyclic back-and-forth,servo-app/lab-0.1
1781163372.3104115,209.05893635749817,B5_CYCLIC,B5_CYCLIC_R01_20260611_143242,delta-asda-b3-e,1591,RTSO|SO|OE|VE|QS|TR,3,0,156481391,601,18,0.07686,18,0.043038,301,49,4270,2391,6000,,600,,,,cyclic,transition,0,no_load,both,B5: cyclic back-and-forth,servo-app/lab-0.1
1781163372.4106026,209.15912747383118,B5_CYCLIC,B5_CYCLIC_R01_20260611_143242,delta-asda-b3-e,1591,RTSO|SO|OE|VE|QS|TR,3,0,158226117,600,15,0.06405,17,0.040647,301,49,4270,2391,6000,,600,,,,cyclic,transition,0,no_load,both,B5: cyclic back-and-forth,servo-app/lab-0.1
1781163372.5111208,209.2596457004547,B5_CYCLIC,B5_CYCLIC_R01_20260611_143242,delta-asda-b3-e,1591,RTSO|SO|OE|VE|QS|TR,3,0,159836461,601,19,0.08113,23,0.054993,301,49,4270,2391,6000,,600,,,,cyclic,transition,0,no_load,both,B5: cyclic back-and-forth,servo-app/lab-0.1
1781163372.6112027,209.3597276210785,B5_CYCLIC,B5_CYCLIC_R01_20260611_143242,delta-asda-b3-e,1591,RTSO|SO|OE|VE|QS|TR,3,0,161514339,601,16,0.06832,19,0.045429,301,49,4270,2391,6000,,600,,,,cyclic,transition,0,no_load,both,B5: cyclic back-and-forth,servo-app/lab-0.1
1781163372.7116873,209.46021223068237,B5_CYCLIC,B5_CYCLIC_R01_20260611_143242,delta-asda-b3-e,1591,RTSO|SO|OE|VE|QS|TR,3,0,163208918,601,19,0.08113,18,0.043038,301,49,4270,2391,6000,,600,,,,cyclic,transition,0,no_load,both,B5: cyclic back-and-forth,servo-app/lab-0.1
1781163372.8121486,209.5606734752655,B5_CYCLIC,B5_CYCLIC_R01_20260611_143242,delta-asda-b3-e,1591,RTSO|SO|OE|VE|QS|TR,3,0,164886415,601,17,0.07259,19,0.045429,301,49,4270,2391,6000,,600,,,,cyclic,transition,0,no_load,both,B5: cyclic back-and-forth,servo-app/lab-0.1
1781163372.9122653,209.66079020500183,B5_CYCLIC,B5_CYCLIC_R01_20260611_143242,delta-asda-b3-e,1591,RTSO|SO|OE|VE|QS|TR,3,0,166564142,601,18,0.07686,21,0.050211,301,49,4270,2391,6000,,600,,,,cyclic,transition,0,no_load,both,B5: cyclic back-and-forth,servo-app/lab-0.1
1781163373.0128021,209.76132702827454,B5_CYCLIC,B5_CYCLIC_R01_20260611_143242,delta-asda-b3-e,1591,RTSO|SO|OE|VE|QS|TR,3,0,168258387,601,15,0.06405,16,0.038256,301,49,4270,2391,6000,,600,,,,cyclic,transition,0,no_load,both,B5: cyclic back-and-forth,servo-app/lab-0.1
1781163373.1129134,209.86143827438354,B5_CYCLIC,B5_CYCLIC_R01_20260611_143242,delta-asda-b3-e,1591,RTSO|SO|OE|VE|QS|TR,3,0,169936389,602,18,0.07686,18,0.043038,301,49,4270,2391,6000,,600,,,,cyclic,transition,0,no_load,both,B5: cyclic back-and-forth,servo-app/lab-0.1
1781163373.2129774,209.9615023136139,B5_CYCLIC,B5_CYCLIC_R01_20260611_143242,delta-asda-b3-e,1591,RTSO|SO|OE|VE|QS|TR,3,0,171614033,601,16,0.06832,14,0.033474,301,49,4270,2391,6000,,600,,,,cyclic,transition,0,no_load,both,B5: cyclic back-and-forth,servo-app/lab-0.1
1781163373.3137472,210.06227207183838,B5_CYCLIC,B5_CYCLIC_R01_20260611_143242,delta-asda-b3-e,1591,RTSO|SO|OE|VE|QS|TR,3,0,171697233,-580,-18,-0.07686,-16,-0.038256,301,49,4270,2391,6000,,600,,,,cyclic,transition,0,no_load,both,B5: cyclic back-and-forth,servo-app/lab-0.1
1781163373.4144843,210.16300916671753,B5_CYCLIC,B5_CYCLIC_R01_20260611_143242,delta-asda-b3-e,1591,RTSO|SO|OE|VE|QS|TR,3,0,170002981,-599,-18,-0.07686,-20,-0.04782,301,49,4270,2391,6000,,600,,,,cyclic,transition,0,no_load,both,B5: cyclic back-and-forth,servo-app/lab-0.1
1781163373.515195,210.2637197971344,B5_CYCLIC,B5_CYCLIC_R01_20260611_143242,delta-asda-b3-e,1591,RTSO|SO|OE|VE|QS|TR,3,0,168325280,-599,-16,-0.06832,-17,-0.040647,301,49,4270,2391,6000,,600,,,,cyclic,transition,0,no_load,both,B5: cyclic back-and-forth,servo-app/lab-0.1
1781163373.6155853,210.36411023139954,B5_CYCLIC,B5_CYCLIC_R01_20260611_143242,delta-asda-b3-e,1591,RTSO|SO|OE|VE|QS|TR,3,0,166630812,-600,-18,-0.07686,-20,-0.04782,301,49,4270,2391,6000,,600,,,,cyclic,transition,0,no_load,both,B5: cyclic back-and-forth,servo-app/lab-0.1
1781163373.71619,210.46471500396729,B5_CYCLIC,B5_CYCLIC_R01_20260611_143242,delta-asda-b3-e,1591,RTSO|SO|OE|VE|QS|TR,3,0,164935954,-600,-18,-0.07686,-20,-0.04782,301,49,4270,2391,6000,,600,,,,cyclic,transition,0,no_load,both,B5: cyclic back-and-forth,servo-app/lab-0.1
1781163373.8163896,210.56491446495056,B5_CYCLIC,B5_CYCLIC_R01_20260611_143242,delta-asda-b3-e,1591,RTSO|SO|OE|VE|QS|TR,3,0,163275256,-600,-21,-0.08967,-18,-0.043038,301,49,4270,2391,6000,,600,,,,cyclic,transition,0,no_load,both,B5: cyclic back-and-forth,servo-app/lab-0.1
1781163373.917547,210.66607189178467,B5_CYCLIC,B5_CYCLIC_R01_20260611_143242,delta-asda-b3-e,1591,RTSO|SO|OE|VE|QS|TR,3,0,161563730,-599,-18,-0.07686,-20,-0.04782,301,49,4270,2391,6000,,600,,,,cyclic,transition,0,no_load,both,B5: cyclic back-and-forth,servo-app/lab-0.1
1781163374.0178998,210.7664246559143,B5_CYCLIC,B5_CYCLIC_R01_20260611_143242,delta-asda-b3-e,1591,RTSO|SO|OE|VE|QS|TR,3,0,159886380,-600,-19,-0.08113,-19,-0.045429,301,49,4270,2391,6000,,600,,,,cyclic,transition,0,no_load,both,B5: cyclic back-and-forth,servo-app/lab-0.1
1781163374.118196,210.8667209148407,B5_CYCLIC,B5_CYCLIC_R01_20260611_143242,delta-asda-b3-e,1591,RTSO|SO|OE|VE|QS|TR,3,0,158208179,-600,-22,-0.09394,-18,-0.043038,301,49,4270,2391,6000,,600,,,,cyclic,transition,0,no_load,both,B5: cyclic back-and-forth,servo-app/lab-0.1
1781163374.2187436,210.96726846694946,B5_CYCLIC,B5_CYCLIC_R01_20260611_143242,delta-asda-b3-e,1591,RTSO|SO|OE|VE|QS|TR,3,0,156514110,-600,-24,-0.10248,-23,-0.054993,301,49,4270,2391,6000,,600,,,,cyclic,transition,0,no_load,both,B5: cyclic back-and-forth,servo-app/lab-0.1
1781163374.3192868,211.0678117275238,B5_CYCLIC,B5_CYCLIC_R01_20260611_143242,delta-asda-b3-e,1591,RTSO|SO|OE|VE|QS|TR,3,0,154836148,-600,-28,-0.11956,-23,-0.054993,301,49,4270,2391,6000,,600,,,,cyclic,transition,0,no_load,both,B5: cyclic back-and-forth,servo-app/lab-0.1
1781163374.4197094,211.16823434829712,B5_CYCLIC,B5_CYCLIC_R01_20260611_143242,delta-asda-b3-e,1591,RTSO|SO|OE|VE|QS|TR,3,0,153142059,-600,-26,-0.11102,-21,-0.050211,302,49,4270,2391,6000,,600,,,,cyclic,transition,0,no_load,both,B5: cyclic back-and-forth,servo-app/lab-0.1
1781163374.5197868,211.2683117389679,B5_CYCLIC,B5_CYCLIC_R01_20260611_143242,delta-asda-b3-e,1591,RTSO|SO|OE|VE|QS|TR,3,0,151464129,-600,-15,-0.06405,-17,-0.040647,301,49,4270,2391,6000,,600,,,,cyclic,transition,0,no_load,both,B5: cyclic back-and-forth,servo-app/lab-0.1
1781163374.6200123,211.3685371875763,B5_CYCLIC,B5_CYCLIC_R01_20260611_143242,delta-asda-b3-e,1591,RTSO|SO|OE|VE|QS|TR,3,0,149786414,-600,-18,-0.07686,-17,-0.040647,301,49,4270,2391,6000,,600,,,,cyclic,transition,0,no_load,both,B5: cyclic back-and-forth,servo-app/lab-0.1
1781163374.7206016,211.4691264629364,B5_CYCLIC,B5_CYCLIC_R01_20260611_143242,delta-asda-b3-e,1591,RTSO|SO|OE|VE|QS|TR,3,0,148091571,-600,-22,-0.09394,-19,-0.045429,301,49,4270,2391,6000,,600,,,,cyclic,transition,0,no_load,both,B5: cyclic back-and-forth,servo-app/lab-0.1
1781163374.8209124,211.56943726539612,B5_CYCLIC,B5_CYCLIC_R01_20260611_143242,delta-asda-b3-e,1591,RTSO|SO|OE|VE|QS|TR,3,0,146414056,-600,-21,-0.08967,-23,-0.054993,302,49,4270,2391,6000,,600,,,,cyclic,transition,0,no_load,both,B5: cyclic back-and-forth,servo-app/lab-0.1
1781163374.921216,211.66974091529846,B5_CYCLIC,B5_CYCLIC_R01_20260611_143242,delta-asda-b3-e,1591,RTSO|SO|OE|VE|QS|TR,3,0,144719398,-600,-19,-0.08113,-23,-0.054993,301,49,4270,2391,6000,,600,,,,cyclic,transition,0,no_load,both,B5: cyclic back-and-forth,servo-app/lab-0.1
1781163375.0213342,211.76985907554626,B5_CYCLIC,B5_CYCLIC_R01_20260611_143242,delta-asda-b3-e,1591,RTSO|SO|OE|VE|QS|TR,3,0,143041943,-600,-19,-0.08113,-18,-0.043038,301,49,4270,2391,6000,,600,,,,cyclic,transition,0,no_load,both,B5: cyclic back-and-forth,servo-app/lab-0.1
1781163375.1215265,211.87005138397217,B5_CYCLIC,B5_CYCLIC_R01_20260611_143242,delta-asda-b3-e,1591,RTSO|SO|OE|VE|QS|TR,3,0,141363770,-600,-17,-0.07259,-19,-0.045429,301,49,4270,2391,6000,,600,,,,cyclic,transition,0,no_load,both,B5: cyclic back-and-forth,servo-app/lab-0.1
1781163375.2216587,211.97018361091614,B5_CYCLIC,B5_CYCLIC_R01_20260611_143242,delta-asda-b3-e,1591,RTSO|SO|OE|VE|QS|TR,3,0,139686563,-600,-23,-0.09821,-25,-0.059775,301,49,4270,2391,6000,,600,,,,cyclic,transition,0,no_load,both,B5: cyclic back-and-forth,servo-app/lab-0.1
1781163375.3219159,212.07044076919556,B5_CYCLIC,B5_CYCLIC_R01_20260611_143242,delta-asda-b3-e,1591,RTSO|SO|OE|VE|QS|TR,3,0,138008652,-600,-26,-0.11102,-28,-0.066948,301,49,4270,2391,6000,,600,,,,cyclic,transition,0,no_load,both,B5: cyclic back-and-forth,servo-app/lab-0.1
1781163375.4222088,212.17073369026184,B5_CYCLIC,B5_CYCLIC_R01_20260611_143242,delta-asda-b3-e,1591,RTSO|SO|OE|VE|QS|TR,3,0,136331306,-600,-22,-0.09394,-27,-0.064557,301,49,4270,2391,6000,,600,,,,cyclic,transition,0,no_load,both,B5: cyclic back-and-forth,servo-app/lab-0.1
1781163375.5225725,212.27109742164612,B5_CYCLIC,B5_CYCLIC_R01_20260611_143242,delta-asda-b3-e,1591,RTSO|SO|OE|VE|QS|TR,3,0,134636365,-600,-20,-0.0854,-21,-0.050211,301,49,4270,2391,6000,,600,,,,cyclic,transition,0,no_load,both,B5: cyclic back-and-forth,servo-app/lab-0.1
1781163375.6228027,212.3713276386261,B5_CYCLIC,B5_CYCLIC_R01_20260611_143242,delta-asda-b3-e,1591,RTSO|SO|OE|VE|QS|TR,3,0,132958643,-600,-21,-0.08967,-18,-0.043038,301,49,4270,2391,6000,,600,,,,cyclic,transition,0,no_load,both,B5: cyclic back-and-forth,servo-app/lab-0.1
1781163375.7231975,212.47172236442566,B5_CYCLIC,B5_CYCLIC_R01_20260611_143242,delta-asda-b3-e,1591,RTSO|SO|OE|VE|QS|TR,3,0,131280644,-600,-22,-0.09394,-21,-0.050211,301,49,4270,2391,6000,,600,,,,cyclic,transition,0,no_load,both,B5: cyclic back-and-forth,servo-app/lab-0.1
1781163375.8233972,212.57192206382751,B5_CYCLIC,B5_CYCLIC_R01_20260611_143242,delta-asda-b3-e,1591,RTSO|SO|OE|VE|QS|TR,3,0,129603147,-600,-20,-0.0854,-19,-0.045429,301,49,4270,2391,6000,,600,,,,cyclic,transition,0,no_load,both,B5: cyclic back-and-forth,servo-app/lab-0.1
1781163375.9238303,212.6723551750183,B5_CYCLIC,B5_CYCLIC_R01_20260611_143242,delta-asda-b3-e,1591,RTSO|SO|OE|VE|QS|TR,3,0,127908587,-600,-19,-0.08113,-22,-0.052602,301,49,4270,2391,6000,,600,,,,cyclic,transition,0,no_load,both,B5: cyclic back-and-forth,servo-app/lab-0.1
1781163376.023911,212.7724359035492,B5_CYCLIC,B5_CYCLIC_R01_20260611_143242,delta-asda-b3-e,1591,RTSO|SO|OE|VE|QS|TR,3,0,126231054,-600,-18,-0.07686,-16,-0.038256,301,49,4270,2391,6000,,600,,,,cyclic,transition,0,no_load,both,B5: cyclic back-and-forth,servo-app/lab-0.1
1781163376.1245134,212.87303829193115,B5_CYCLIC,B5_CYCLIC_R01_20260611_143242,delta-asda-b3-e,1591,RTSO|SO|OE|VE|QS|TR,3,0,124536113,-600,-16,-0.06832,-17,-0.040647,300,49,4270,2391,6000,,600,,,,cyclic,transition,0,no_load,both,B5: cyclic back-and-forth,servo-app/lab-0.1
1781163376.2250314,212.9735562801361,B5_CYCLIC,B5_CYCLIC_R01_20260611_143242,delta-asda-b3-e,1591,RTSO|SO|OE|VE|QS|TR,3,0,122858755,-600,-21,-0.08967,-19,-0.045429,301,49,4270,2391,6000,,600,,,,cyclic,transition,0,no_load,both,B5: cyclic back-and-forth,servo-app/lab-0.1
1781163376.3254623,213.0739872455597,B5_CYCLIC,B5_CYCLIC_R01_20260611_143242,delta-asda-b3-e,1591,RTSO|SO|OE|VE|QS|TR,3,0,121164046,-600,-20,-0.0854,-29,-0.069339,300,49,4270,2391,6000,,600,,,,cyclic,transition,0,no_load,both,B5: cyclic back-and-forth,servo-app/lab-0.1
1781163376.4260075,213.17453241348267,B5_CYCLIC,B5_CYCLIC_R01_20260611_143242,delta-asda-b3-e,1591,RTSO|SO|OE|VE|QS|TR,3,0,119486727,-600,-22,-0.09394,-25,-0.059775,301,49,4270,2391,6000,,600,,,,cyclic,transition,0,no_load,both,B5: cyclic back-and-forth,servo-app/lab-0.1
1781163376.5274234,213.27594828605652,B5_CYCLIC,B5_CYCLIC_R01_20260611_143242,delta-asda-b3-e,1591,RTSO|SO|OE|VE|QS|TR,3,0,117775040,-600,-18,-0.07686,-15,-0.035865,301,49,4270,2391,6000,,600,,,,cyclic,transition,0,no_load,both,B5: cyclic back-and-forth,servo-app/lab-0.1
1781163376.6279564,213.37648129463196,B5_CYCLIC,B5_CYCLIC_R01_20260611_143242,delta-asda-b3-e,1591,RTSO|SO|OE|VE|QS|TR,3,0,116097497,-600,-22,-0.09394,-25,-0.059775,301,49,4270,2391,6000,,600,,,,cyclic,transition,0,no_load,both,B5: cyclic back-and-forth,servo-app/lab-0.1
1781163376.7285535,213.47707843780518,B5_CYCLIC,B5_CYCLIC_R01_20260611_143242,delta-asda-b3-e,1591,RTSO|SO|OE|VE|QS|TR,3,0,114402756,-600,-15,-0.06405,-17,-0.040647,301,49,4270,2391,6000,,600,,,,cyclic,transition,0,no_load,both,B5: cyclic back-and-forth,servo-app/lab-0.1
1781163376.8287022,213.5772271156311,B5_CYCLIC,B5_CYCLIC_R01_20260611_143242,delta-asda-b3-e,1591,RTSO|SO|OE|VE|QS|TR,3,0,112725309,-600,-23,-0.09821,-21,-0.050211,301,49,4270,2391,6000,,600,,,,cyclic,transition,0,no_load,both,B5: cyclic back-and-forth,servo-app/lab-0.1
1781163376.9290905,213.67761540412903,B5_CYCLIC,B5_CYCLIC_R01_20260611_143242,delta-asda-b3-e,1591,RTSO|SO|OE|VE|QS|TR,3,0,111047565,-599,-21,-0.08967,-15,-0.035865,301,49,4270,2391,6000,,600,,,,cyclic,transition,0,no_load,both,B5: cyclic back-and-forth,servo-app/lab-0.1
1781163377.0292268,213.77775168418884,B5_CYCLIC,B5_CYCLIC_R01_20260611_143242,delta-asda-b3-e,1591,RTSO|SO|OE|VE|QS|TR,3,0,109269289,-600,-25,-0.10675,-21,-0.050211,300,49,4270,2391,6000,,600,,,,cyclic,transition,0,no_load,both,B5: cyclic back-and-forth,servo-app/lab-0.1
1781163377.1302712,213.87879610061646,B5_CYCLIC,B5_CYCLIC_R01_20260611_143242,delta-asda-b3-e,1591,RTSO|SO|OE|VE|QS|TR,3,0,107675111,-600,-19,-0.08113,-17,-0.040647,301,49,4270,2391,6000,,600,,,,cyclic,transition,0,no_load,both,B5: cyclic back-and-forth,servo-app/lab-0.1
1781163377.2306294,213.9791543483734,B5_CYCLIC,B5_CYCLIC_R01_20260611_143242,delta-asda-b3-e,1591,RTSO|SO|OE|VE|QS|TR,3,0,105980977,-600,-17,-0.07259,-18,-0.043038,300,49,4270,2391,6000,,600,,,,cyclic,transition,0,no_load,both,B5: cyclic back-and-forth,servo-app/lab-0.1
1781163377.3307078,214.0792326927185,B5_CYCLIC,B5_CYCLIC_R01_20260611_143242,delta-asda-b3-e,1591,RTSO|SO|OE|VE|QS|TR,3,0,104303116,-599,-18,-0.07686,-18,-0.043038,301,49,4270,2391,6000,,600,,,,cyclic,transition,0,no_load,both,B5: cyclic back-and-forth,servo-app/lab-0.1
1781163377.4312408,214.17976570129395,B5_CYCLIC,B5_CYCLIC_R01_20260611_143242,delta-asda-b3-e,1591,RTSO|SO|OE|VE|QS|TR,3,0,102609032,-599,-21,-0.08967,-18,-0.043038,300,49,4270,2391,6000,,600,,,,cyclic,transition,0,no_load,both,B5: cyclic back-and-forth,servo-app/lab-0.1
1781163377.5317044,214.28022933006287,B5_CYCLIC,B5_CYCLIC_R01_20260611_143242,delta-asda-b3-e,1591,RTSO|SO|OE|VE|QS|TR,3,0,100930880,-600,-15,-0.06405,-15,-0.035865,300,49,4270,2391,6000,,600,,,,cyclic,transition,0,no_load,both,B5: cyclic back-and-forth,servo-app/lab-0.1
1781163377.6319127,214.38043761253357,B5_CYCLIC,B5_CYCLIC_R01_20260611_143242,delta-asda-b3-e,1591,RTSO|SO|OE|VE|QS|TR,3,0,99253396,-600,-20,-0.0854,-24,-0.057384,300,49,4270,2391,6000,,600,,,,cyclic,transition,0,no_load,both,B5: cyclic back-and-forth,servo-app/lab-0.1
1781163377.7325788,214.48110365867615,B5_CYCLIC,B5_CYCLIC_R01_20260611_143242,delta-asda-b3-e,1591,RTSO|SO|OE|VE|QS|TR,3,0,97558558,-599,-19,-0.08113,-16,-0.038256,300,49,4270,2391,6000,,600,,,,cyclic,transition,0,no_load,both,B5: cyclic back-and-forth,servo-app/lab-0.1
1781163377.832966,214.58149099349976,B5_CYCLIC,B5_CYCLIC_R01_20260611_143242,delta-asda-b3-e,1591,RTSO|SO|OE|VE|QS|TR,3,0,95881172,-599,-32,-0.13664,-24,-0.057384,301,49,4270,2391,6000,,600,,,,cyclic,transition,0,no_load,both,B5: cyclic back-and-forth,servo-app/lab-0.1
1781163377.9334044,214.6819293498993,B5_CYCLIC,B5_CYCLIC_R01_20260611_143242,delta-asda-b3-e,1591,RTSO|SO|OE|VE|QS|TR,3,0,94203335,-599,-20,-0.0854,-21,-0.050211,300,49,4270,2391,6000,,600,,,,cyclic,transition,0,no_load,both,B5: cyclic back-and-forth,servo-app/lab-0.1
1781163378.0339892,214.7825140953064,B5_CYCLIC,B5_CYCLIC_R01_20260611_143242,delta-asda-b3-e,1591,RTSO|SO|OE|VE|QS|TR,3,0,92508881,-600,-27,-0.11529,-22,-0.052602,300,49,4270,2391,6000,,600,,,,cyclic,transition,0,no_load,both,B5: cyclic back-and-forth,servo-app/lab-0.1
1781163378.1342282,214.8827531337738,B5_CYCLIC,B5_CYCLIC_R01_20260611_143242,delta-asda-b3-e,1591,RTSO|SO|OE|VE|QS|TR,3,0,90830925,-599,-17,-0.07259,-23,-0.054993,301,49,4270,2391,6000,,600,,,,cyclic,transition,0,no_load,both,B5: cyclic back-and-forth,servo-app/lab-0.1
1781163378.2346587,214.98318362236023,B5_CYCLIC,B5_CYCLIC_R01_20260611_143242,delta-asda-b3-e,1591,RTSO|SO|OE|VE|QS|TR,3,0,89086513,-599,-24,-0.10248,-24,-0.057384,300,49,4270,2391,6000,,600,,,,cyclic,transition,0,no_load,both,B5: cyclic back-and-forth,servo-app/lab-0.1
1781163378.3347368,215.08326172828674,B5_CYCLIC,B5_CYCLIC_R01_20260611_143242,delta-asda-b3-e,1591,RTSO|SO|OE|VE|QS|TR,3,0,87458916,-599,-18,-0.07686,-19,-0.045429,300,49,4270,2391,6000,,600,,,,cyclic,transition,0,no_load,both,B5: cyclic back-and-forth,servo-app/lab-0.1
1781163378.4348674,215.18339228630066,B5_CYCLIC,B5_CYCLIC_R01_20260611_143242,delta-asda-b3-e,1591,RTSO|SO|OE|VE|QS|TR,3,0,85781441,-599,-22,-0.09394,-21,-0.050211,300,49,4270,2391,6000,,600,,,,cyclic,transition,0,no_load,both,B5: cyclic back-and-forth,servo-app/lab-0.1
1781163378.534934,215.28345894813538,B5_CYCLIC,B5_CYCLIC_R01_20260611_143242,delta-asda-b3-e,1591,RTSO|SO|OE|VE|QS|TR,3,0,84103176,-600,-19,-0.08113,-19,-0.045429,300,49,4270,2391,6000,,600,,,,cyclic,transition,0,no_load,both,B5: cyclic back-and-forth,servo-app/lab-0.1
1781163378.6354883,215.38401317596436,B5_CYCLIC,B5_CYCLIC_R01_20260611_143242,delta-asda-b3-e,1591,RTSO|SO|OE|VE|QS|TR,3,0,82408978,-599,-20,-0.0854,-21,-0.050211,300,49,4270,2391,6000,,600,,,,cyclic,transition,0,no_load,both,B5: cyclic back-and-forth,servo-app/lab-0.1
1781163378.7355642,215.48408913612366,B5_CYCLIC,B5_CYCLIC_R01_20260611_143242,delta-asda-b3-e,1591,RTSO|SO|OE|VE|QS|TR,3,0,80730938,-599,-21,-0.08967,-19,-0.045429,301,49,4270,2391,6000,,600,,,,cyclic,transition,0,no_load,both,B5: cyclic back-and-forth,servo-app/lab-0.1
1781163378.8367264,215.58525133132935,B5_CYCLIC,B5_CYCLIC_R01_20260611_143242,delta-asda-b3-e,1591,RTSO|SO|OE|VE|QS|TR,3,0,79036881,-599,-24,-0.10248,-20,-0.04782,300,49,4270,2391,6000,,600,,,,cyclic,transition,0,no_load,both,B5: cyclic back-and-forth,servo-app/lab-0.1
1781163378.9372723,215.68579721450806,B5_CYCLIC,B5_CYCLIC_R01_20260611_143242,delta-asda-b3-e,1591,RTSO|SO|OE|VE|QS|TR,3,0,77358963,-599,-17,-0.07259,-19,-0.045429,300,49,4270,2391,6000,,600,,,,cyclic,transition,0,no_load,both,B5: cyclic back-and-forth,servo-app/lab-0.1
1781163379.0373485,215.78587341308594,B5_CYCLIC,B5_CYCLIC_R01_20260611_143242,delta-asda-b3-e,1591,RTSO|SO|OE|VE|QS|TR,3,0,75681224,-600,-20,-0.0854,-23,-0.054993,300,49,4270,2391,6000,,600,,,,cyclic,transition,0,no_load,both,B5: cyclic back-and-forth,servo-app/lab-0.1
1781163379.1378312,215.8863561153412,B5_CYCLIC,B5_CYCLIC_R01_20260611_143242,delta-asda-b3-e,1591,RTSO|SO|OE|VE|QS|TR,3,0,73986615,-599,-16,-0.06832,-20,-0.04782,300,49,4270,2391,6000,,600,,,,cyclic,transition,0,no_load,both,B5: cyclic back-and-forth,servo-app/lab-0.1
1781163379.2387605,215.9872853755951,B5_CYCLIC,B5_CYCLIC_R01_20260611_143242,delta-asda-b3-e,1591,RTSO|SO|OE|VE|QS|TR,3,0,72292402,-599,-22,-0.09394,-23,-0.054993,300,49,4270,2391,6000,,600,,,,cyclic,transition,0,no_load,both,B5: cyclic back-and-forth,servo-app/lab-0.1
1781163379.3391817,216.08770656585693,B5_CYCLIC,B5_CYCLIC_R01_20260611_143242,delta-asda-b3-e,1591,RTSO|SO|OE|VE|QS|TR,3,0,70614814,-599,-20,-0.0854,-17,-0.040647,300,49,4270,2391,6000,,600,,,,cyclic,transition,0,no_load,both,B5: cyclic back-and-forth,servo-app/lab-0.1
1781163379.4396555,216.18818044662476,B5_CYCLIC,B5_CYCLIC_R01_20260611_143242,delta-asda-b3-e,1591,RTSO|SO|OE|VE|QS|TR,3,0,68920446,-600,-22,-0.09394,-24,-0.057384,300,49,4270,2391,6000,,600,,,,cyclic,transition,0,no_load,both,B5: cyclic back-and-forth,servo-app/lab-0.1
1781163379.5398734,216.28839826583862,B5_CYCLIC,B5_CYCLIC_R01_20260611_143242,delta-asda-b3-e,1591,RTSO|SO|OE|VE|QS|TR,3,0,67242293,-600,-25,-0.10675,-22,-0.052602,300,49,4270,2391,6000,,600,,,,cyclic,transition,0,no_load,both,B5: cyclic back-and-forth,servo-app/lab-0.1
1781163379.6405003,216.38902521133423,B5_CYCLIC,B5_CYCLIC_R01_20260611_143242,delta-asda-b3-e,1591,RTSO|SO|OE|VE|QS|TR,3,0,65547991,-600,-24,-0.10248,-25,-0.059775,300,49,4270,2391,6000,,600,,,,cyclic,transition,0,no_load,both,B5: cyclic back-and-forth,servo-app/lab-0.1
1781163379.7413306,216.4898555278778,B5_CYCLIC,B5_CYCLIC_R01_20260611_143242,delta-asda-b3-e,1591,RTSO|SO|OE|VE|QS|TR,3,0,63853213,-599,-16,-0.06832,-19,-0.045429,300,49,4270,2391,6000,,600,,,,cyclic,transition,0,no_load,both,B5: cyclic back-and-forth,servo-app/lab-0.1
1781163379.8417418,216.59026670455933,B5_CYCLIC,B5_CYCLIC_R01_20260611_143242,delta-asda-b3-e,1591,RTSO|SO|OE|VE|QS|TR,3,0,62175870,-599,-21,-0.08967,-21,-0.050211,300,49,4270,2391,6000,,600,,,,cyclic,transition,0,no_load,both,B5: cyclic back-and-forth,servo-app/lab-0.1
1781163379.9422643,216.69078922271729,B5_CYCLIC,B5_CYCLIC_R01_20260611_143242,delta-asda-b3-e,1591,RTSO|SO|OE|VE|QS|TR,3,0,60497877,-600,-14,-0.05978,-14,-0.033474,300,49,4270,2391,6000,,600,,,,cyclic,transition,0,no_load,both,B5: cyclic back-and-forth,servo-app/lab-0.1
1781163380.042688,216.79121279716492,B5_CYCLIC,B5_CYCLIC_R01_20260611_143242,delta-asda-b3-e,1591,RTSO|SO|OE|VE|QS|TR,3,0,58803349,-600,-19,-0.08113,-18,-0.043038,300,49,4270,2391,6000,,600,,,,cyclic,transition,0,no_load,both,B5: cyclic back-and-forth,servo-app/lab-0.1
1781163380.1427603,216.89128518104553,B5_CYCLIC,B5_CYCLIC_R01_20260611_143242,delta-asda-b3-e,1591,RTSO|SO|OE|VE|QS|TR,3,0,57125505,-599,-15,-0.06405,-16,-0.038256,300,49,4270,2391,6000,,600,,,,cyclic,transition,0,no_load,both,B5: cyclic back-and-forth,servo-app/lab-0.1
1781163380.2437727,216.99229764938354,B5_CYCLIC,B5_CYCLIC_R01_20260611_143242,delta-asda-b3-e,1591,RTSO|SO|OE|VE|QS|TR,3,0,55431219,-600,-19,-0.08113,-19,-0.045429,300,49,4270,2391,6000,,600,,,,cyclic,transition,0,no_load,both,B5: cyclic back-and-forth,servo-app/lab-0.1
1781163380.3443446,217.09286952018738,B5_CYCLIC,B5_CYCLIC_R01_20260611_143242,delta-asda-b3-e,1591,RTSO|SO|OE|VE|QS|TR,3,0,53753651,-599,-19,-0.08113,-17,-0.040647,300,49,4270,2391,6000,,600,,,,cyclic,transition,0,no_load,both,B5: cyclic back-and-forth,servo-app/lab-0.1
1781163380.4447796,217.1933045387268,B5_CYCLIC,B5_CYCLIC_R01_20260611_143242,delta-asda-b3-e,1591,RTSO|SO|OE|VE|QS|TR,3,0,52058981,-601,-22,-0.09394,-22,-0.052602,300,49,4270,2391,6000,,600,,,,cyclic,transition,0,no_load,both,B5: cyclic back-and-forth,servo-app/lab-0.1
1781163380.5449698,217.2934947013855,B5_CYCLIC,B5_CYCLIC_R01_20260611_143242,delta-asda-b3-e,1591,RTSO|SO|OE|VE|QS|TR,3,0,50381063,-600,-19,-0.08113,-20,-0.04782,300,49,4270,2391,6000,,600,,,,cyclic,transition,0,no_load,both,B5: cyclic back-and-forth,servo-app/lab-0.1
1781163380.6450975,217.39362239837646,B5_CYCLIC,B5_CYCLIC_R01_20260611_143242,delta-asda-b3-e,1591,RTSO|SO|OE|VE|QS|TR,3,0,48703488,-600,-18,-0.07686,-20,-0.04782,300,49,4270,2391,6000,,600,,,,cyclic,transition,0,no_load,both,B5: cyclic back-and-forth,servo-app/lab-0.1
1781163380.7456977,217.4942226409912,B5_CYCLIC,B5_CYCLIC_R01_20260611_143242,delta-asda-b3-e,1591,RTSO|SO|OE|VE|QS|TR,3,0,47008877,-599,-18,-0.07686,-17,-0.040647,301,49,4270,2391,6000,,600,,,,cyclic,transition,0,no_load,both,B5: cyclic back-and-forth,servo-app/lab-0.1
1781163380.8458822,217.594407081604,B5_CYCLIC,B5_CYCLIC_R01_20260611_143242,delta-asda-b3-e,1591,RTSO|SO|OE|VE|QS|TR,3,0,45331485,-600,-18,-0.07686,-22,-0.052602,301,49,4270,2391,6000,,600,,,,cyclic,transition,0,no_load,both,B5: cyclic back-and-forth,servo-app/lab-0.1
1781163380.9470546,217.6955795288086,B5_CYCLIC,B5_CYCLIC_R01_20260611_143242,delta-asda-b3-e,1591,RTSO|SO|OE|VE|QS|TR,3,0,43636629,-600,-20,-0.0854,-19,-0.045429,301,49,4270,2391,6000,,600,,,,cyclic,transition,0,no_load,both,B5: cyclic back-and-forth,servo-app/lab-0.1
1781163381.0474484,217.79597330093384,B5_CYCLIC,B5_CYCLIC_R01_20260611_143242,delta-asda-b3-e,1591,RTSO|SO|OE|VE|QS|TR,3,0,41942131,-600,-16,-0.06832,-16,-0.038256,300,49,4270,2391,6000,,600,,,,cyclic,transition,0,no_load,both,B5: cyclic back-and-forth,servo-app/lab-0.1
1781163381.1487854,217.897310256958,B5_CYCLIC,B5_CYCLIC_R01_20260611_143242,delta-asda-b3-e,1591,RTSO|SO|OE|VE|QS|TR,3,0,40247488,-600,-23,-0.09821,-19,-0.045429,301,49,4270,2391,6000,,600,,,,cyclic,transition,0,no_load,both,B5: cyclic back-and-forth,servo-app/lab-0.1
1781163381.2737176,218.02224254608154,B5_CYCLIC,B5_CYCLIC_R01_20260611_143242,delta-asda-b3-e,1591,RTSO|SO|OE|VE|QS|TR,3,0,37411977,-600,-25,-0.10675,-25,-0.059775,301,49,4270,2391,6000,,600,,,,cyclic,transition,0,no_load,both,B5: cyclic back-and-forth,servo-app/lab-0.1
1781163381.3738372,218.12236213684082,B5_CYCLIC,B5_CYCLIC_R01_20260611_143242,delta-asda-b3-e,1591,RTSO|SO|OE|VE|QS|TR,3,0,36472074,-600,-20,-0.0854,-21,-0.050211,301,49,4270,2391,6000,,600,,,,cyclic,transition,0,no_load,both,B5: cyclic back-and-forth,servo-app/lab-0.1
1781163381.474424,218.22294878959656,B5_CYCLIC,B5_CYCLIC_R01_20260611_143242,delta-asda-b3-e,1591,RTSO|SO|OE|VE|QS|TR,3,0,34777352,-600,-15,-0.06405,-16,-0.038256,301,49,4270,2391,6000,,600,,,,cyclic,transition,0,no_load,both,B5: cyclic back-and-forth,servo-app/lab-0.1
1781163381.5748827,218.3234076499939,B5_CYCLIC,B5_CYCLIC_R01_20260611_143242,delta-asda-b3-e,1591,RTSO|SO|OE|VE|QS|TR,3,0,33099844,-600,-19,-0.08113,-20,-0.04782,301,49,4270,2391,6000,,600,,,,cyclic,transition,0,no_load,both,B5: cyclic back-and-forth,servo-app/lab-0.1
1781163381.6752808,218.42380571365356,B5_CYCLIC,B5_CYCLIC_R01_20260611_143242,delta-asda-b3-e,1591,RTSO|SO|OE|VE|QS|TR,3,0,31422084,-600,-16,-0.06832,-18,-0.043038,301,49,4270,2391,6000,,600,,,,cyclic,transition,0,no_load,both,B5: cyclic back-and-forth,servo-app/lab-0.1
1781163381.7756512,218.52417612075806,B5_CYCLIC,B5_CYCLIC_R01_20260611_143242,delta-asda-b3-e,1591,RTSO|SO|OE|VE|QS|TR,3,0,29727705,-600,-19,-0.08113,-19,-0.045429,301,49,4270,2391,6000,,600,,,,cyclic,transition,0,no_load,both,B5: cyclic back-and-forth,servo-app/lab-0.1
1781163381.8760755,218.62460041046143,B5_CYCLIC,B5_CYCLIC_R01_20260611_143242,delta-asda-b3-e,1591,RTSO|SO|OE|VE|QS|TR,3,0,28049539,-601,-15,-0.06405,-16,-0.038256,301,49,4270,2391,6000,,600,,,,cyclic,transition,0,no_load,both,B5: cyclic back-and-forth,servo-app/lab-0.1
1781163381.9768906,218.72541546821594,B5_CYCLIC,B5_CYCLIC_R01_20260611_143242,delta-asda-b3-e,1591,RTSO|SO|OE|VE|QS|TR,3,0,26355318,-600,-18,-0.07686,-18,-0.043038,301,49,4270,2391,6000,,600,,,,cyclic,transition,0,no_load,both,B5: cyclic back-and-forth,servo-app/lab-0.1
1781163382.076986,218.82551097869873,B5_CYCLIC,B5_CYCLIC_R01_20260611_143242,delta-asda-b3-e,1591,RTSO|SO|OE|VE|QS|TR,3,0,24677256,-600,-16,-0.06832,-16,-0.038256,301,49,4270,2391,6000,,600,,,,cyclic,transition,0,no_load,both,B5: cyclic back-and-forth,servo-app/lab-0.1
1781163382.1771076,218.92563247680664,B5_CYCLIC,B5_CYCLIC_R01_20260611_143242,delta-asda-b3-e,1591,RTSO|SO|OE|VE|QS|TR,3,0,23000156,-600,-22,-0.09394,-20,-0.04782,301,49,4270,2391,6000,,600,,,,cyclic,transition,0,no_load,both,B5: cyclic back-and-forth,servo-app/lab-0.1
1781163382.277648,219.02617287635803,B5_CYCLIC,B5_CYCLIC_R01_20260611_143242,delta-asda-b3-e,1591,RTSO|SO|OE|VE|QS|TR,3,0,21305292,-601,-19,-0.08113,-16,-0.038256,301,49,4270,2391,6000,,600,,,,cyclic,transition,0,no_load,both,B5: cyclic back-and-forth,servo-app/lab-0.1
1781163382.3780277,219.1265525817871,B5_CYCLIC,B5_CYCLIC_R01_20260611_143242,delta-asda-b3-e,1591,RTSO|SO|OE|VE|QS|TR,3,0,19627834,-600,-20,-0.0854,-19,-0.045429,301,49,4270,2391,6000,,600,,,,cyclic,transition,0,no_load,both,B5: cyclic back-and-forth,servo-app/lab-0.1
1781163382.4781528,219.2266776561737,B5_CYCLIC,B5_CYCLIC_R01_20260611_143242,delta-asda-b3-e,1591,RTSO|SO|OE|VE|QS|TR,3,0,17949806,-601,-15,-0.06405,-15,-0.035865,301,49,4270,2391,6000,,600,,,,cyclic,transition,0,no_load,both,B5: cyclic back-and-forth,servo-app/lab-0.1
1781163382.5786958,219.32722067832947,B5_CYCLIC,B5_CYCLIC_R01_20260611_143242,delta-asda-b3-e,1591,RTSO|SO|OE|VE|QS|TR,3,0,16255685,-600,-21,-0.08967,-23,-0.054993,301,49,4270,2391,6000,,600,,,,cyclic,transition,0,no_load,both,B5: cyclic back-and-forth,servo-app/lab-0.1
1781163382.6791236,219.42764854431152,B5_CYCLIC,B5_CYCLIC_R01_20260611_143242,delta-asda-b3-e,1591,RTSO|SO|OE|VE|QS|TR,3,0,14577840,-601,-16,-0.06832,-19,-0.045429,301,49,4270,2391,6000,,600,,,,cyclic,transition,0,no_load,both,B5: cyclic back-and-forth,servo-app/lab-0.1
1781163382.779844,219.52836894989014,B5_CYCLIC,B5_CYCLIC_R01_20260611_143242,delta-asda-b3-e,1591,RTSO|SO|OE|VE|QS|TR,3,0,12883232,-601,-19,-0.08113,-21,-0.050211,301,49,4270,2391,6000,,600,,,,cyclic,transition,0,no_load,both,B5: cyclic back-and-forth,servo-app/lab-0.1
1781163382.881011,219.6295359134674,B5_CYCLIC,B5_CYCLIC_R01_20260611_143242,delta-asda-b3-e,1591,RTSO|SO|OE|VE|QS|TR,3,0,11188239,-601,-15,-0.06405,-15,-0.035865,301,49,4270,2391,6000,,600,,,,cyclic,transition,0,no_load,both,B5: cyclic back-and-forth,servo-app/lab-0.1
1781163382.9813905,219.7299153804779,B5_CYCLIC,B5_CYCLIC_R01_20260611_143242,delta-asda-b3-e,1591,RTSO|SO|OE|VE|QS|TR,3,0,9494022,-601,-18,-0.07686,-16,-0.038256,301,49,4270,2391,6000,,600,,,,cyclic,transition,0,no_load,both,B5: cyclic back-and-forth,servo-app/lab-0.1
1781163383.0820036,219.83052849769592,B5_CYCLIC,B5_CYCLIC_R01_20260611_143242,delta-asda-b3-e,1591,RTSO|SO|OE|VE|QS|TR,3,0,7816026,-601,-17,-0.07259,-15,-0.035865,301,49,4270,2391,6000,,600,,,,cyclic,transition,0,no_load,both,B5: cyclic back-and-forth,servo-app/lab-0.1
1781163383.1823318,219.9308567047119,B5_CYCLIC,B5_CYCLIC_R01_20260611_143242,delta-asda-b3-e,1591,RTSO|SO|OE|VE|QS|TR,3,0,6138885,-600,-18,-0.07686,-18,-0.043038,301,49,4270,2391,6000,,600,,,,cyclic,transition,0,no_load,both,B5: cyclic back-and-forth,servo-app/lab-0.1
1781163383.2824304,220.03095531463623,B5_CYCLIC,B5_CYCLIC_R01_20260611_143242,delta-asda-b3-e,4663,RTSO|SO|OE|VE|QS|ACK,3,0,4964925,201,21,0.08967,24,0.057384,301,49,4270,2391,6000,,600,,,,cyclic,transition,0,no_load,both,B5: cyclic back-and-forth,servo-app/lab-0.1
1781163383.382971,220.1314959526062,B5_CYCLIC,B5_CYCLIC_R01_20260611_143242,delta-asda-b3-e,1591,RTSO|SO|OE|VE|QS|TR,3,0,6625937,600,18,0.07686,18,0.043038,301,49,4270,2391,6000,,600,,,,cyclic,transition,0,no_load,both,B5: cyclic back-and-forth,servo-app/lab-0.1
1781163383.483247,220.23177194595337,B5_CYCLIC,B5_CYCLIC_R01_20260611_143242,delta-asda-b3-e,1591,RTSO|SO|OE|VE|QS|TR,3,0,8302746,600,21,0.08967,20,0.04782,301,49,4270,2391,6000,,600,,,,cyclic,transition,0,no_load,both,B5: cyclic back-and-forth,servo-app/lab-0.1
1781163383.5836515,220.33217644691467,B5_CYCLIC,B5_CYCLIC_R01_20260611_143242,delta-asda-b3-e,1591,RTSO|SO|OE|VE|QS|TR,3,0,9997456,600,20,0.0854,22,0.052602,301,49,4270,2391,6000,,600,,,,cyclic,transition,0,no_load,both,B5: cyclic back-and-forth,servo-app/lab-0.1
1781163383.6838262,220.43235111236572,B5_CYCLIC,B5_CYCLIC_R01_20260611_143242,delta-asda-b3-e,1591,RTSO|SO|OE|VE|QS|TR,3,0,11674764,600,19,0.08113,20,0.04782,301,49,4270,2391,6000,,600,,,,cyclic,transition,0,no_load,both,B5: cyclic back-and-forth,servo-app/lab-0.1
1781163383.7840896,220.5326144695282,B5_CYCLIC,B5_CYCLIC_R01_20260611_143242,delta-asda-b3-e,1591,RTSO|SO|OE|VE|QS|TR,3,0,13353051,601,19,0.08113,18,0.043038,301,49,4270,2391,6000,,600,,,,cyclic,transition,0,no_load,both,B5: cyclic back-and-forth,servo-app/lab-0.1
1781163383.8844903,220.63301515579224,B5_CYCLIC,B5_CYCLIC_R01_20260611_143242,delta-asda-b3-e,1591,RTSO|SO|OE|VE|QS|TR,3,0,15030527,600,20,0.0854,22,0.052602,301,49,4270,2391,6000,,600,,,,cyclic,transition,0,no_load,both,B5: cyclic back-and-forth,servo-app/lab-0.1
1781163383.9845877,220.73311257362366,B5_CYCLIC,B5_CYCLIC_R01_20260611_143242,delta-asda-b3-e,1591,RTSO|SO|OE|VE|QS|TR,3,0,16725201,600,19,0.08113,19,0.045429,301,49,4270,2391,6000,,600,,,,cyclic,transition,0,no_load,both,B5: cyclic back-and-forth,servo-app/lab-0.1
1781163384.0851228,220.8336477279663,B5_CYCLIC,B5_CYCLIC_R01_20260611_143242,delta-asda-b3-e,1591,RTSO|SO|OE|VE|QS|TR,3,0,18402511,600,19,0.08113,17,0.040647,301,49,4270,2391,6000,,600,,,,cyclic,transition,0,no_load,both,B5: cyclic back-and-forth,servo-app/lab-0.1
1781163384.185689,220.93421387672424,B5_CYCLIC,B5_CYCLIC_R01_20260611_143242,delta-asda-b3-e,1591,RTSO|SO|OE|VE|QS|TR,3,0,20097184,600,19,0.08113,18,0.043038,301,49,4270,2391,6000,,600,,,,cyclic,transition,0,no_load,both,B5: cyclic back-and-forth,servo-app/lab-0.1
1781163384.2863698,221.03489470481873,B5_CYCLIC,B5_CYCLIC_R01_20260611_143242,delta-asda-b3-e,1591,RTSO|SO|OE|VE|QS|TR,3,0,21774805,601,15,0.06405,16,0.038256,301,49,4270,2391,6000,,600,,,,cyclic,transition,0,no_load,both,B5: cyclic back-and-forth,servo-app/lab-0.1
1781163384.3864708,221.13499569892883,B5_CYCLIC,B5_CYCLIC_R01_20260611_143242,delta-asda-b3-e,1591,RTSO|SO|OE|VE|QS|TR,3,0,23452690,600,18,0.07686,19,0.045429,301,49,4270,2391,6000,,600,,,,cyclic,transition,0,no_load,both,B5: cyclic back-and-forth,servo-app/lab-0.1
1781163384.487055,221.23557996749878,B5_CYCLIC,B5_CYCLIC_R01_20260611_143242,delta-asda-b3-e,1591,RTSO|SO|OE|VE|QS|TR,3,0,25146651,600,15,0.06405,19,0.045429,301,49,4270,2391,6000,,600,,,,cyclic,transition,0,no_load,both,B5: cyclic back-and-forth,servo-app/lab-0.1
1781163384.5873525,221.33587741851807,B5_CYCLIC,B5_CYCLIC_R01_20260611_143242,delta-asda-b3-e,1591,RTSO|SO|OE|VE|QS|TR,3,0,26824511,600,18,0.07686,19,0.045429,301,49,4270,2391,6000,,600,,,,cyclic,transition,0,no_load,both,B5: cyclic back-and-forth,servo-app/lab-0.1
1781163384.6873844,221.43590927124023,B5_CYCLIC,B5_CYCLIC_R01_20260611_143242,delta-asda-b3-e,1591,RTSO|SO|OE|VE|QS|TR,3,0,28501854,600,15,0.06405,20,0.04782,300,49,4270,2391,6000,,600,,,,cyclic,transition,0,no_load,both,B5: cyclic back-and-forth,servo-app/lab-0.1
1781163384.7882473,221.53677225112915,B5_CYCLIC,B5_CYCLIC_R01_20260611_143242,delta-asda-b3-e,1591,RTSO|SO|OE|VE|QS|TR,3,0,30196921,600,24,0.10248,17,0.040647,301,49,4270,2391,6000,,600,,,,cyclic,transition,0,no_load,both,B5: cyclic back-and-forth,servo-app/lab-0.1
1781163384.8887365,221.63726139068604,B5_CYCLIC,B5_CYCLIC_R01_20260611_143242,delta-asda-b3-e,1591,RTSO|SO|OE|VE|QS|TR,3,0,31891046,600,18,0.07686,18,0.043038,301,49,4270,2391,6000,,600,,,,cyclic,transition,0,no_load,both,B5: cyclic back-and-forth,servo-app/lab-0.1
1781163384.9890203,221.7375452518463,B5_CYCLIC,B5_CYCLIC_R01_20260611_143242,delta-asda-b3-e,1591,RTSO|SO|OE|VE|QS|TR,3,0,33568940,600,21,0.08967,20,0.04782,300,49,4270,2391,6000,,600,,,,cyclic,transition,0,no_load,both,B5: cyclic back-and-forth,servo-app/lab-0.1
1781163385.0894136,221.8379385471344,B5_CYCLIC,B5_CYCLIC_R01_20260611_143242,delta-asda-b3-e,1591,RTSO|SO|OE|VE|QS|TR,3,0,35246221,600,19,0.08113,17,0.040647,300,49,4270,2391,6000,,600,,,,cyclic,transition,0,no_load,both,B5: cyclic back-and-forth,servo-app/lab-0.1
1781163385.1899078,221.93843269348145,B5_CYCLIC,B5_CYCLIC_R01_20260611_143242,delta-asda-b3-e,1591,RTSO|SO|OE|VE|QS|TR,3,0,36940920,600,21,0.08967,19,0.045429,300,49,4270,2391,6000,,600,,,,cyclic,transition,0,no_load,both,B5: cyclic back-and-forth,servo-app/lab-0.1
1781163385.2900472,222.0385720729828,B5_CYCLIC,B5_CYCLIC_R01_20260611_143242,delta-asda-b3-e,1591,RTSO|SO|OE|VE|QS|TR,3,0,38652113,600,20,0.0854,19,0.045429,300,49,4270,2391,6000,,600,,,,cyclic,transition,0,no_load,both,B5: cyclic back-and-forth,servo-app/lab-0.1
1781163385.3905506,222.13907551765442,B5_CYCLIC,B5_CYCLIC_R01_20260611_143242,delta-asda-b3-e,1591,RTSO|SO|OE|VE|QS|TR,3,0,40312997,600,20,0.0854,18,0.043038,300,49,4270,2391,6000,,600,,,,cyclic,transition,0,no_load,both,B5: cyclic back-and-forth,servo-app/lab-0.1
1781163385.491025,222.2395498752594,B5_CYCLIC,B5_CYCLIC_R01_20260611_143242,delta-asda-b3-e,1591,RTSO|SO|OE|VE|QS|TR,3,0,41990344,600,20,0.0854,18,0.043038,300,49,4270,2391,6000,,600,,,,cyclic,transition,0,no_load,both,B5: cyclic back-and-forth,servo-app/lab-0.1
1781163385.5916598,222.34018468856812,B5_CYCLIC,B5_CYCLIC_R01_20260611_143242,delta-asda-b3-e,1591,RTSO|SO|OE|VE|QS|TR,3,0,43684847,599,20,0.0854,19,0.045429,300,49,4270,2391,6000,,600,,,,cyclic,transition,0,no_load,both,B5: cyclic back-and-forth,servo-app/lab-0.1
1781163385.6930914,222.4416162967682,B5_CYCLIC,B5_CYCLIC_R01_20260611_143242,delta-asda-b3-e,1591,RTSO|SO|OE|VE|QS|TR,3,0,45379147,600,14,0.05978,17,0.040647,300,49,4270,2391,6000,,600,,,,cyclic,transition,0,no_load,both,B5: cyclic back-and-forth,servo-app/lab-0.1
1781163385.7935743,222.54209923744202,B5_CYCLIC,B5_CYCLIC_R01_20260611_143242,delta-asda-b3-e,1591,RTSO|SO|OE|VE|QS|TR,3,0,47074056,600,23,0.09821,22,0.052602,301,49,4270,2391,6000,,600,,,,cyclic,transition,0,no_load,both,B5: cyclic back-and-forth,servo-app/lab-0.1
1781163385.8945844,222.64310932159424,B5_CYCLIC,B5_CYCLIC_R01_20260611_143242,delta-asda-b3-e,1591,RTSO|SO|OE|VE|QS|TR,3,0,48768186,600,15,0.06405,16,0.038256,301,49,4270,2391,6000,,600,,,,cyclic,transition,0,no_load,both,B5: cyclic back-and-forth,servo-app/lab-0.1
1781163385.995003,222.7435278892517,B5_CYCLIC,B5_CYCLIC_R01_20260611_143242,delta-asda-b3-e,1591,RTSO|SO|OE|VE|QS|TR,3,0,50446056,600,19,0.08113,20,0.04782,300,49,4270,2391,6000,,600,,,,cyclic,transition,0,no_load,both,B5: cyclic back-and-forth,servo-app/lab-0.1
1781163386.0951004,222.84362530708313,B5_CYCLIC,B5_CYCLIC_R01_20260611_143242,delta-asda-b3-e,1591,RTSO|SO|OE|VE|QS|TR,3,0,52123353,600,20,0.0854,15,0.035865,300,49,4270,2391,6000,,600,,,,cyclic,transition,0,no_load,both,B5: cyclic back-and-forth,servo-app/lab-0.1
1781163386.1954002,222.9439251422882,B5_CYCLIC,B5_CYCLIC_R01_20260611_143242,delta-asda-b3-e,1591,RTSO|SO|OE|VE|QS|TR,3,0,53801348,600,24,0.10248,23,0.054993,300,49,4270,2391,6000,,600,,,,cyclic,transition,0,no_load,both,B5: cyclic back-and-forth,servo-app/lab-0.1
1781163386.2955415,223.04406642913818,B5_CYCLIC,B5_CYCLIC_R01_20260611_143242,delta-asda-b3-e,1591,RTSO|SO|OE|VE|QS|TR,3,0,55479044,600,22,0.09394,18,0.043038,300,49,4270,2391,6000,,600,,,,cyclic,transition,0,no_load,both,B5: cyclic back-and-forth,servo-app/lab-0.1
1781163386.395788,223.14431285858154,B5_CYCLIC,B5_CYCLIC_R01_20260611_143242,delta-asda-b3-e,1591,RTSO|SO|OE|VE|QS|TR,3,0,57173424,599,21,0.08967,21,0.050211,300,49,4270,2391,6000,,600,,,,cyclic,transition,0,no_load,both,B5: cyclic back-and-forth,servo-app/lab-0.1
1781163386.4958856,223.24441051483154,B5_CYCLIC,B5_CYCLIC_R01_20260611_143242,delta-asda-b3-e,1591,RTSO|SO|OE|VE|QS|TR,3,0,58850834,600,13,0.05551,16,0.038256,300,49,4270,2391,6000,,600,,,,cyclic,transition,0,no_load,both,B5: cyclic back-and-forth,servo-app/lab-0.1
1781163386.5961418,223.34466671943665,B5_CYCLIC,B5_CYCLIC_R01_20260611_143242,delta-asda-b3-e,1591,RTSO|SO|OE|VE|QS|TR,3,0,60528541,600,22,0.09394,23,0.054993,300,49,4270,2391,6000,,600,,,,cyclic,transition,0,no_load,both,B5: cyclic back-and-forth,servo-app/lab-0.1
1781163386.6964564,223.44498133659363,B5_CYCLIC,B5_CYCLIC_R01_20260611_143242,delta-asda-b3-e,1591,RTSO|SO|OE|VE|QS|TR,3,0,62206228,601,18,0.07686,17,0.040647,300,49,4270,2391,6000,,600,,,,cyclic,transition,0,no_load,both,B5: cyclic back-and-forth,servo-app/lab-0.1
1781163386.7973177,223.5458426475525,B5_CYCLIC,B5_CYCLIC_R01_20260611_143242,delta-asda-b3-e,1591,RTSO|SO|OE|VE|QS|TR,3,0,63900916,600,20,0.0854,23,0.054993,300,49,4270,2391,6000,,600,,,,cyclic,transition,0,no_load,both,B5: cyclic back-and-forth,servo-app/lab-0.1
1781163386.8975196,223.64604449272156,B5_CYCLIC,B5_CYCLIC_R01_20260611_143242,delta-asda-b3-e,1591,RTSO|SO|OE|VE|QS|TR,3,0,65595119,600,14,0.05978,17,0.040647,300,49,4270,2391,6000,,600,,,,cyclic,transition,0,no_load,both,B5: cyclic back-and-forth,servo-app/lab-0.1
1781163386.9980626,223.74658751487732,B5_CYCLIC,B5_CYCLIC_R01_20260611_143242,delta-asda-b3-e,1591,RTSO|SO|OE|VE|QS|TR,3,0,67272902,600,18,0.07686,21,0.050211,300,49,4270,2391,6000,,600,,,,cyclic,transition,0,no_load,both,B5: cyclic back-and-forth,servo-app/lab-0.1
1781163387.098555,223.8470799922943,B5_CYCLIC,B5_CYCLIC_R01_20260611_143242,delta-asda-b3-e,1591,RTSO|SO|OE|VE|QS|TR,3,0,68967065,600,15,0.06405,16,0.038256,300,49,4270,2391,6000,,600,,,,cyclic,transition,0,no_load,both,B5: cyclic back-and-forth,servo-app/lab-0.1
1781163387.199069,223.94759392738342,B5_CYCLIC,B5_CYCLIC_R01_20260611_143242,delta-asda-b3-e,1591,RTSO|SO|OE|VE|QS|TR,3,0,70645156,600,23,0.09821,26,0.062166,300,49,4270,2391,6000,,600,,,,cyclic,transition,0,no_load,both,B5: cyclic back-and-forth,servo-app/lab-0.1
1781163387.2993085,224.047833442688,B5_CYCLIC,B5_CYCLIC_R01_20260611_143242,delta-asda-b3-e,1591,RTSO|SO|OE|VE|QS|TR,3,0,72322810,600,18,0.07686,20,0.04782,300,49,4270,2391,6000,,600,,,,cyclic,transition,0,no_load,both,B5: cyclic back-and-forth,servo-app/lab-0.1
1781163387.3995647,224.1480896472931,B5_CYCLIC,B5_CYCLIC_R01_20260611_143242,delta-asda-b3-e,1591,RTSO|SO|OE|VE|QS|TR,3,0,74000403,600,21,0.08967,24,0.057384,300,49,4270,2391,6000,,600,,,,cyclic,transition,0,no_load,both,B5: cyclic back-and-forth,servo-app/lab-0.1
1781163387.4999557,224.24848055839539,B5_CYCLIC,B5_CYCLIC_R01_20260611_143242,delta-asda-b3-e,1591,RTSO|SO|OE|VE|QS|TR,3,0,75694627,600,17,0.07259,15,0.035865,300,49,4270,2391,6000,,600,,,,cyclic,transition,0,no_load,both,B5: cyclic back-and-forth,servo-app/lab-0.1
1781163387.60039,224.34891486167908,B5_CYCLIC,B5_CYCLIC_R01_20260611_143242,delta-asda-b3-e,1591,RTSO|SO|OE|VE|QS|TR,3,0,77389047,600,19,0.08113,22,0.052602,300,49,4270,2391,6000,,600,,,,cyclic,transition,0,no_load,both,B5: cyclic back-and-forth,servo-app/lab-0.1
1781163387.700498,224.44902300834656,B5_CYCLIC,B5_CYCLIC_R01_20260611_143242,delta-asda-b3-e,1591,RTSO|SO|OE|VE|QS|TR,3,0,79050087,601,19,0.08113,17,0.040647,300,49,4270,2391,6000,,600,,,,cyclic,transition,0,no_load,both,B5: cyclic back-and-forth,servo-app/lab-0.1
1781163387.8007028,224.54922771453857,B5_CYCLIC,B5_CYCLIC_R01_20260611_143242,delta-asda-b3-e,1591,RTSO|SO|OE|VE|QS|TR,3,0,80744706,600,19,0.08113,17,0.040647,300,49,4270,2391,6000,,600,,,,cyclic,transition,0,no_load,both,B5: cyclic back-and-forth,servo-app/lab-0.1
1781163387.9013393,224.64986419677734,B5_CYCLIC,B5_CYCLIC_R01_20260611_143242,delta-asda-b3-e,1591,RTSO|SO|OE|VE|QS|TR,3,0,82438979,600,17,0.07259,16,0.038256,300,49,4270,2391,6000,,600,,,,cyclic,transition,0,no_load,both,B5: cyclic back-and-forth,servo-app/lab-0.1
1781163388.0023699,224.75089478492737,B5_CYCLIC,B5_CYCLIC_R01_20260611_143242,delta-asda-b3-e,1591,RTSO|SO|OE|VE|QS|TR,3,0,84116626,600,17,0.07259,17,0.040647,300,49,4270,2391,6000,,600,,,,cyclic,transition,0,no_load,both,B5: cyclic back-and-forth,servo-app/lab-0.1
1781163388.1024644,224.85098934173584,B5_CYCLIC,B5_CYCLIC_R01_20260611_143242,delta-asda-b3-e,1591,RTSO|SO|OE|VE|QS|TR,3,0,85794119,600,16,0.06832,17,0.040647,300,49,4270,2391,6000,,600,,,,cyclic,transition,0,no_load,both,B5: cyclic back-and-forth,servo-app/lab-0.1
1781163388.202573,224.95109796524048,B5_CYCLIC,B5_CYCLIC_R01_20260611_143242,delta-asda-b3-e,1591,RTSO|SO|OE|VE|QS|TR,3,0,87472087,600,17,0.07259,20,0.04782,300,49,4270,2391,6000,,600,,,,cyclic,transition,0,no_load,both,B5: cyclic back-and-forth,servo-app/lab-0.1
1781163388.3028243,225.05134916305542,B5_CYCLIC,B5_CYCLIC_R01_20260611_143242,delta-asda-b3-e,1591,RTSO|SO|OE|VE|QS|TR,3,0,89166415,601,17,0.07259,18,0.043038,300,49,4270,2391,6000,,600,,,,cyclic,transition,0,no_load,both,B5: cyclic back-and-forth,servo-app/lab-0.1
1781163388.4032583,225.15178322792053,B5_CYCLIC,B5_CYCLIC_R01_20260611_143242,delta-asda-b3-e,1591,RTSO|SO|OE|VE|QS|TR,3,0,90844001,600,17,0.07259,18,0.043038,300,49,4270,2391,6000,,600,,,,cyclic,transition,0,no_load,both,B5: cyclic back-and-forth,servo-app/lab-0.1
1781163388.5043366,225.25286149978638,B5_CYCLIC,B5_CYCLIC_R01_20260611_143242,delta-asda-b3-e,1591,RTSO|SO|OE|VE|QS|TR,3,0,92538360,601,17,0.07259,21,0.050211,300,49,4270,2391,6000,,600,,,,cyclic,transition,0,no_load,both,B5: cyclic back-and-forth,servo-app/lab-0.1
1781163388.6045413,225.3530662059784,B5_CYCLIC,B5_CYCLIC_R01_20260611_143242,delta-asda-b3-e,1591,RTSO|SO|OE|VE|QS|TR,3,0,94232886,601,18,0.07686,17,0.040647,300,49,4270,2391,6000,,600,,,,cyclic,transition,0,no_load,both,B5: cyclic back-and-forth,servo-app/lab-0.1
1781163388.7049146,225.45343947410583,B5_CYCLIC,B5_CYCLIC_R01_20260611_143242,delta-asda-b3-e,1591,RTSO|SO|OE|VE|QS|TR,3,0,95910794,601,16,0.06832,20,0.04782,300,49,4270,2391,6000,,600,,,,cyclic,transition,0,no_load,both,B5: cyclic back-and-forth,servo-app/lab-0.1
1781163388.8052523,225.553777217865,B5_CYCLIC,B5_CYCLIC_R01_20260611_143242,delta-asda-b3-e,1591,RTSO|SO|OE|VE|QS|TR,3,0,97588382,600,23,0.09821,22,0.052602,300,49,4270,2391,6000,,600,,,,cyclic,transition,0,no_load,both,B5: cyclic back-and-forth,servo-app/lab-0.1
1781163388.9058902,225.65441513061523,B5_CYCLIC,B5_CYCLIC_R01_20260611_143242,delta-asda-b3-e,1591,RTSO|SO|OE|VE|QS|TR,3,0,99282874,601,18,0.07686,21,0.050211,300,49,4270,2391,6000,,600,,,,cyclic,transition,0,no_load,both,B5: cyclic back-and-forth,servo-app/lab-0.1
1781163389.0063133,225.7548382282257,B5_CYCLIC,B5_CYCLIC_R01_20260611_143242,delta-asda-b3-e,1591,RTSO|SO|OE|VE|QS|TR,3,0,100960483,600,18,0.07686,16,0.038256,300,49,4270,2391,6000,,600,,,,cyclic,transition,0,no_load,both,B5: cyclic back-and-forth,servo-app/lab-0.1
1781163389.1069665,225.85549139976501,B5_CYCLIC,B5_CYCLIC_R01_20260611_143242,delta-asda-b3-e,1591,RTSO|SO|OE|VE|QS|TR,3,0,102655010,601,23,0.09821,17,0.040647,300,49,4270,2391,6000,,600,,,,cyclic,transition,0,no_load,both,B5: cyclic back-and-forth,servo-app/lab-0.1
1781163389.2072113,225.95573616027832,B5_CYCLIC,B5_CYCLIC_R01_20260611_143242,delta-asda-b3-e,1591,RTSO|SO|OE|VE|QS|TR,3,0,104332950,601,18,0.07686,20,0.04782,300,49,4270,2391,6000,,600,,,,cyclic,transition,0,no_load,both,B5: cyclic back-and-forth,servo-app/lab-0.1
1781163389.307346,226.05587100982666,B5_CYCLIC,B5_CYCLIC_R01_20260611_143242,delta-asda-b3-e,1591,RTSO|SO|OE|VE|QS|TR,3,0,106010505,601,13,0.05551,16,0.038256,300,49,4270,2391,6000,,600,,,,cyclic,transition,0,no_load,both,B5: cyclic back-and-forth,servo-app/lab-0.1
1781163389.4079103,226.15643525123596,B5_CYCLIC,B5_CYCLIC_R01_20260611_143242,delta-asda-b3-e,1591,RTSO|SO|OE|VE|QS|TR,3,0,107704911,601,24,0.10248,21,0.050211,300,49,4270,2391,6000,,600,,,,cyclic,transition,0,no_load,both,B5: cyclic back-and-forth,servo-app/lab-0.1
1781163389.5084078,226.25693273544312,B5_CYCLIC,B5_CYCLIC_R01_20260611_143242,delta-asda-b3-e,1591,RTSO|SO|OE|VE|QS|TR,3,0,109399214,601,19,0.08113,19,0.045429,300,49,4270,2391,6000,,600,,,,cyclic,transition,0,no_load,both,B5: cyclic back-and-forth,servo-app/lab-0.1
1781163389.6089137,226.35743856430054,B5_CYCLIC,B5_CYCLIC_R01_20260611_143242,delta-asda-b3-e,1591,RTSO|SO|OE|VE|QS|TR,3,0,111076962,601,19,0.08113,22,0.052602,300,49,4270,2391,6000,,600,,,,cyclic,transition,0,no_load,both,B5: cyclic back-and-forth,servo-app/lab-0.1
1781163389.709333,226.45785784721375,B5_CYCLIC,B5_CYCLIC_R01_20260611_143242,delta-asda-b3-e,1591,RTSO|SO|OE|VE|QS|TR,3,0,112754865,602,15,0.06405,14,0.033474,300,49,4270,2391,6000,,600,,,,cyclic,transition,0,no_load,both,B5: cyclic back-and-forth,servo-app/lab-0.1
1781163389.8094134,226.55793833732605,B5_CYCLIC,B5_CYCLIC_R01_20260611_143242,delta-asda-b3-e,1591,RTSO|SO|OE|VE|QS|TR,3,0,114432369,601,26,0.11102,20,0.04782,300,49,4270,2391,6000,,600,,,,cyclic,transition,0,no_load,both,B5: cyclic back-and-forth,servo-app/lab-0.1
1781163389.9096086,226.6581335067749,B5_CYCLIC,B5_CYCLIC_R01_20260611_143242,delta-asda-b3-e,1591,RTSO|SO|OE|VE|QS|TR,3,0,116110086,601,19,0.08113,20,0.04782,300,49,4270,2391,6000,,600,,,,cyclic,transition,0,no_load,both,B5: cyclic back-and-forth,servo-app/lab-0.1
1781163390.0096939,226.7582187652588,B5_CYCLIC,B5_CYCLIC_R01_20260611_143242,delta-asda-b3-e,1591,RTSO|SO|OE|VE|QS|TR,3,0,117804463,601,17,0.07259,18,0.043038,301,49,4270,2391,6000,,600,,,,cyclic,transition,0,no_load,both,B5: cyclic back-and-forth,servo-app/lab-0.1
1781163390.1101048,226.85862970352173,B5_CYCLIC,B5_CYCLIC_R01_20260611_143242,delta-asda-b3-e,1591,RTSO|SO|OE|VE|QS|TR,3,0,119482219,602,18,0.07686,19,0.045429,300,49,4270,2391,6000,,600,,,,cyclic,transition,0,no_load,both,B5: cyclic back-and-forth,servo-app/lab-0.1
1781163390.2106547,226.95917963981628,B5_CYCLIC,B5_CYCLIC_R01_20260611_143242,delta-asda-b3-e,1591,RTSO|SO|OE|VE|QS|TR,3,0,121176918,601,20,0.0854,20,0.04782,300,49,4270,2391,6000,,600,,,,cyclic,transition,0,no_load,both,B5: cyclic back-and-forth,servo-app/lab-0.1
1781163390.3109765,227.05950140953064,B5_CYCLIC,B5_CYCLIC_R01_20260611_143242,delta-asda-b3-e,1591,RTSO|SO|OE|VE|QS|TR,3,0,122854418,601,15,0.06405,15,0.035865,300,49,4270,2391,6000,,600,,,,cyclic,transition,0,no_load,both,B5: cyclic back-and-forth,servo-app/lab-0.1
1781163390.4114885,227.16001343727112,B5_CYCLIC,B5_CYCLIC_R01_20260611_143242,delta-asda-b3-e,1591,RTSO|SO|OE|VE|QS|TR,3,0,124531982,601,22,0.09394,19,0.045429,300,49,4270,2391,6000,,600,,,,cyclic,transition,0,no_load,both,B5: cyclic back-and-forth,servo-app/lab-0.1
1781163390.511811,227.2603359222412,B5_CYCLIC,B5_CYCLIC_R01_20260611_143242,delta-asda-b3-e,1591,RTSO|SO|OE|VE|QS|TR,3,0,126226323,601,16,0.06832,19,0.045429,300,49,4270,2391,6000,,600,,,,cyclic,transition,0,no_load,both,B5: cyclic back-and-forth,servo-app/lab-0.1
1781163390.611869,227.36039400100708,B5_CYCLIC,B5_CYCLIC_R01_20260611_143242,delta-asda-b3-e,1591,RTSO|SO|OE|VE|QS|TR,3,0,127904058,601,17,0.07259,19,0.045429,300,49,4270,2391,6000,,600,,,,cyclic,transition,0,no_load,both,B5: cyclic back-and-forth,servo-app/lab-0.1
1781163390.7123425,227.46086740493774,B5_CYCLIC,B5_CYCLIC_R01_20260611_143242,delta-asda-b3-e,1591,RTSO|SO|OE|VE|QS|TR,3,0,129581942,602,14,0.05978,18,0.043038,300,49,4270,2391,6000,,600,,,,cyclic,transition,0,no_load,both,B5: cyclic back-and-forth,servo-app/lab-0.1
1781163390.8128486,227.56137347221375,B5_CYCLIC,B5_CYCLIC_R01_20260611_143242,delta-asda-b3-e,1591,RTSO|SO|OE|VE|QS|TR,3,0,131276228,601,16,0.06832,17,0.040647,301,49,4270,2391,6000,,600,,,,cyclic,transition,0,no_load,both,B5: cyclic back-and-forth,servo-app/lab-0.1
1781163390.9134016,227.66192650794983,B5_CYCLIC,B5_CYCLIC_R01_20260611_143242,delta-asda-b3-e,1591,RTSO|SO|OE|VE|QS|TR,3,0,132953943,601,16,0.06832,18,0.043038,300,49,4270,2391,6000,,600,,,,cyclic,transition,0,no_load,both,B5: cyclic back-and-forth,servo-app/lab-0.1
1781163391.0139358,227.76246070861816,B5_CYCLIC,B5_CYCLIC_R01_20260611_143242,delta-asda-b3-e,1591,RTSO|SO|OE|VE|QS|TR,3,0,134648204,601,16,0.06832,20,0.04782,300,49,4270,2391,6000,,600,,,,cyclic,transition,0,no_load,both,B5: cyclic back-and-forth,servo-app/lab-0.1
1781163391.113997,227.86252188682556,B5_CYCLIC,B5_CYCLIC_R01_20260611_143242,delta-asda-b3-e,1591,RTSO|SO|OE|VE|QS|TR,3,0,136326067,602,22,0.09394,21,0.050211,300,49,4270,2391,6000,,600,,,,cyclic,transition,0,no_load,both,B5: cyclic back-and-forth,servo-app/lab-0.1
1781163391.2145326,227.96305751800537,B5_CYCLIC,B5_CYCLIC_R01_20260611_143242,delta-asda-b3-e,1591,RTSO|SO|OE|VE|QS|TR,3,0,138003868,601,20,0.0854,18,0.043038,300,49,4270,2391,6000,,600,,,,cyclic,transition,0,no_load,both,B5: cyclic back-and-forth,servo-app/lab-0.1
1781163391.3148746,228.06339955329895,B5_CYCLIC,B5_CYCLIC_R01_20260611_143242,delta-asda-b3-e,1591,RTSO|SO|OE|VE|QS|TR,3,0,139698286,601,17,0.07259,15,0.035865,301,49,4270,2391,6000,,600,,,,cyclic,transition,0,no_load,both,B5: cyclic back-and-forth,servo-app/lab-0.1
1781163391.4151757,228.16370058059692,B5_CYCLIC,B5_CYCLIC_R01_20260611_143242,delta-asda-b3-e,1591,RTSO|SO|OE|VE|QS|TR,3,0,141375863,601,19,0.08113,26,0.062166,301,49,4270,2391,6000,,600,,,,cyclic,transition,0,no_load,both,B5: cyclic back-and-forth,servo-app/lab-0.1
1781163391.5161908,228.2647156715393,B5_CYCLIC,B5_CYCLIC_R01_20260611_143242,delta-asda-b3-e,1591,RTSO|SO|OE|VE|QS|TR,3,0,143070151,601,16,0.06832,18,0.043038,301,49,4270,2391,6000,,600,,,,cyclic,transition,0,no_load,both,B5: cyclic back-and-forth,servo-app/lab-0.1
1781163391.616374,228.3648989200592,B5_CYCLIC,B5_CYCLIC_R01_20260611_143242,delta-asda-b3-e,1591,RTSO|SO|OE|VE|QS|TR,3,0,144748061,601,14,0.05978,20,0.04782,300,49,4270,2391,6000,,600,,,,cyclic,transition,0,no_load,both,B5: cyclic back-and-forth,servo-app/lab-0.1
1781163391.716545,228.46507000923157,B5_CYCLIC,B5_CYCLIC_R01_20260611_143242,delta-asda-b3-e,1591,RTSO|SO|OE|VE|QS|TR,3,0,146425802,601,18,0.07686,19,0.045429,301,49,4270,2391,6000,,600,,,,cyclic,transition,0,no_load,both,B5: cyclic back-and-forth,servo-app/lab-0.1
1781163391.8170295,228.56555438041687,B5_CYCLIC,B5_CYCLIC_R01_20260611_143242,delta-asda-b3-e,1591,RTSO|SO|OE|VE|QS|TR,3,0,148119979,601,18,0.07686,20,0.04782,301,49,4270,2391,6000,,600,,,,cyclic,transition,0,no_load,both,B5: cyclic back-and-forth,servo-app/lab-0.1
1781163391.9181645,228.66668939590454,B5_CYCLIC,B5_CYCLIC_R01_20260611_143242,delta-asda-b3-e,1591,RTSO|SO|OE|VE|QS|TR,3,0,149814492,601,18,0.07686,16,0.038256,301,49,4270,2391,6000,,600,,,,cyclic,transition,0,no_load,both,B5: cyclic back-and-forth,servo-app/lab-0.1
1781163392.0185022,228.7670271396637,B5_CYCLIC,B5_CYCLIC_R01_20260611_143242,delta-asda-b3-e,1591,RTSO|SO|OE|VE|QS|TR,3,0,151491952,601,16,0.06832,15,0.035865,300,49,4270,2391,6000,,600,,,,cyclic,transition,0,no_load,both,B5: cyclic back-and-forth,servo-app/lab-0.1
1781163392.118692,228.86721682548523,B5_CYCLIC,B5_CYCLIC_R01_20260611_143242,delta-asda-b3-e,1591,RTSO|SO|OE|VE|QS|TR,3,0,153186771,601,19,0.08113,19,0.045429,301,49,4270,2391,6000,,600,,,,cyclic,transition,0,no_load,both,B5: cyclic back-and-forth,servo-app/lab-0.1
1781163392.2193522,228.9678771495819,B5_CYCLIC,B5_CYCLIC_R01_20260611_143242,delta-asda-b3-e,1591,RTSO|SO|OE|VE|QS|TR,3,0,154864389,600,16,0.06832,17,0.040647,301,49,4270,2391,6000,,600,,,,cyclic,transition,0,no_load,both,B5: cyclic back-and-forth,servo-app/lab-0.1
1781163392.3196568,229.06818175315857,B5_CYCLIC,B5_CYCLIC_R01_20260611_143242,delta-asda-b3-e,1591,RTSO|SO|OE|VE|QS|TR,3,0,156558815,601,16,0.06832,17,0.040647,300,49,4270,2391,6000,,600,,,,cyclic,transition,0,no_load,both,B5: cyclic back-and-forth,servo-app/lab-0.1
1781163392.4200058,229.16853070259094,B5_CYCLIC,B5_CYCLIC_R01_20260611_143242,delta-asda-b3-e,1591,RTSO|SO|OE|VE|QS|TR,3,0,158303320,600,15,0.06405,16,0.038256,301,49,4270,2391,6000,,600,,,,cyclic,transition,0,no_load,both,B5: cyclic back-and-forth,servo-app/lab-0.1
1781163392.5206747,229.26919960975647,B5_CYCLIC,B5_CYCLIC_R01_20260611_143242,delta-asda-b3-e,1591,RTSO|SO|OE|VE|QS|TR,3,0,159913942,601,15,0.06405,16,0.038256,300,49,4270,2391,6000,,600,,,,cyclic,transition,0,no_load,both,B5: cyclic back-and-forth,servo-app/lab-0.1
1781163392.6209729,229.3694977760315,B5_CYCLIC,B5_CYCLIC_R01_20260611_143242,delta-asda-b3-e,1591,RTSO|SO|OE|VE|QS|TR,3,0,161608554,601,14,0.05978,16,0.038256,300,49,4270,2391,6000,,600,,,,cyclic,transition,0,no_load,both,B5: cyclic back-and-forth,servo-app/lab-0.1
1781163392.7210724,229.46959733963013,B5_CYCLIC,B5_CYCLIC_R01_20260611_143242,delta-asda-b3-e,1591,RTSO|SO|OE|VE|QS|TR,3,0,163286257,601,19,0.08113,17,0.040647,301,49,4270,2391,6000,,600,,,,cyclic,transition,0,no_load,both,B5: cyclic back-and-forth,servo-app/lab-0.1
1781163392.8214016,229.56992650032043,B5_CYCLIC,B5_CYCLIC_R01_20260611_143242,delta-asda-b3-e,1591,RTSO|SO|OE|VE|QS|TR,3,0,164963729,600,15,0.06405,16,0.038256,301,49,4270,2391,6000,,600,,,,cyclic,transition,0,no_load,both,B5: cyclic back-and-forth,servo-app/lab-0.1
1781163392.9214995,229.670024394989,B5_CYCLIC,B5_CYCLIC_R01_20260611_143242,delta-asda-b3-e,1591,RTSO|SO|OE|VE|QS|TR,3,0,166641477,600,17,0.07259,19,0.045429,301,49,4270,2391,6000,,600,,,,cyclic,transition,0,no_load,both,B5: cyclic back-and-forth,servo-app/lab-0.1
1781163393.0215797,229.77010464668274,B5_CYCLIC,B5_CYCLIC_R01_20260611_143242,delta-asda-b3-e,1591,RTSO|SO|OE|VE|QS|TR,3,0,168318975,600,16,0.06832,15,0.035865,300,49,4270,2391,6000,,600,,,,cyclic,transition,0,no_load,both,B5: cyclic back-and-forth,servo-app/lab-0.1
1781163393.1225498,229.87107467651367,B5_CYCLIC,B5_CYCLIC_R01_20260611_143242,delta-asda-b3-e,1591,RTSO|SO|OE|VE|QS|TR,3,0,170030561,601,19,0.08113,19,0.045429,300,49,4270,2391,6000,,600,,,,cyclic,transition,0,no_load,both,B5: cyclic back-and-forth,servo-app/lab-0.1
1781163393.2226312,229.9711561203003,B5_CYCLIC,B5_CYCLIC_R01_20260611_143242,delta-asda-b3-e,1591,RTSO|SO|OE|VE|QS|TR,3,0,171691298,600,16,0.06832,15,0.035865,300,49,4270,2391,6000,,600,,,,cyclic,transition,0,no_load,both,B5: cyclic back-and-forth,servo-app/lab-0.1
1781163393.3230014,230.0715262889862,B5_CYCLIC,B5_CYCLIC_R01_20260611_143242,delta-asda-b3-e,1591,RTSO|SO|OE|VE|QS|TR,3,0,171606615,-588,-19,-0.08113,-19,-0.045429,300,49,4270,2391,6000,,600,,,,cyclic,transition,0,no_load,both,B5: cyclic back-and-forth,servo-app/lab-0.1
1781163393.4234538,230.1719787120819,B5_CYCLIC,B5_CYCLIC_R01_20260611_143242,delta-asda-b3-e,1591,RTSO|SO|OE|VE|QS|TR,3,0,169929271,-600,-26,-0.11102,-21,-0.050211,300,49,4270,2391,6000,,600,,,,cyclic,transition,0,no_load,both,B5: cyclic back-and-forth,servo-app/lab-0.1
1781163393.523864,230.2723889350891,B5_CYCLIC,B5_CYCLIC_R01_20260611_143242,delta-asda-b3-e,1591,RTSO|SO|OE|VE|QS|TR,3,0,168234737,-600,-20,-0.0854,-22,-0.052602,300,49,4270,2391,6000,,600,,,,cyclic,transition,0,no_load,both,B5: cyclic back-and-forth,servo-app/lab-0.1
1781163393.62436,230.3728849887848,B5_CYCLIC,B5_CYCLIC_R01_20260611_143242,delta-asda-b3-e,1591,RTSO|SO|OE|VE|QS|TR,3,0,166557019,-600,-18,-0.07686,-19,-0.045429,300,49,4270,2391,6000,,600,,,,cyclic,transition,0,no_load,both,B5: cyclic back-and-forth,servo-app/lab-0.1
1781163393.7244525,230.47297739982605,B5_CYCLIC,B5_CYCLIC_R01_20260611_143242,delta-asda-b3-e,1591,RTSO|SO|OE|VE|QS|TR,3,0,164878967,-600,-21,-0.08967,-17,-0.040647,300,49,4270,2391,6000,,600,,,,cyclic,transition,0,no_load,both,B5: cyclic back-and-forth,servo-app/lab-0.1
1781163393.82538,230.5739049911499,B5_CYCLIC,B5_CYCLIC_R01_20260611_143242,delta-asda-b3-e,1591,RTSO|SO|OE|VE|QS|TR,3,0,163184673,-600,-20,-0.0854,-22,-0.052602,300,49,4270,2391,6000,,600,,,,cyclic,transition,0,no_load,both,B5: cyclic back-and-forth,servo-app/lab-0.1
1781163393.9257185,230.6742434501648,B5_CYCLIC,B5_CYCLIC_R01_20260611_143242,delta-asda-b3-e,1591,RTSO|SO|OE|VE|QS|TR,3,0,161490025,-600,-27,-0.11529,-25,-0.059775,301,49,4270,2391,6000,,600,,,,cyclic,transition,0,no_load,both,B5: cyclic back-and-forth,servo-app/lab-0.1
1781163394.0263653,230.77489018440247,B5_CYCLIC,B5_CYCLIC_R01_20260611_143242,delta-asda-b3-e,1591,RTSO|SO|OE|VE|QS|TR,3,0,159812624,-600,-22,-0.09394,-18,-0.043038,301,49,4270,2391,6000,,600,,,,cyclic,transition,0,no_load,both,B5: cyclic back-and-forth,servo-app/lab-0.1
1781163394.1277275,230.87625241279602,B5_CYCLIC,B5_CYCLIC_R01_20260611_143242,delta-asda-b3-e,1591,RTSO|SO|OE|VE|QS|TR,3,0,158100877,-600,-16,-0.06832,-19,-0.045429,300,49,4270,2391,6000,,600,,,,cyclic,transition,0,no_load,both,B5: cyclic back-and-forth,servo-app/lab-0.1
1781163394.228164,230.97668886184692,B5_CYCLIC,B5_CYCLIC_R01_20260611_143242,delta-asda-b3-e,1591,RTSO|SO|OE|VE|QS|TR,3,0,156423643,-600,-18,-0.07686,-21,-0.050211,300,49,4270,2391,6000,,600,,,,cyclic,transition,0,no_load,both,B5: cyclic back-and-forth,servo-app/lab-0.1
1781163394.3290505,231.07757544517517,B5_CYCLIC,B5_CYCLIC_R01_20260611_143242,delta-asda-b3-e,1591,RTSO|SO|OE|VE|QS|TR,3,0,154728904,-600,-21,-0.08967,-21,-0.050211,300,49,4270,2391,6000,,600,,,,cyclic,transition,0,no_load,both,B5: cyclic back-and-forth,servo-app/lab-0.1
1781163394.4295924,231.17811727523804,B5_CYCLIC,B5_CYCLIC_R01_20260611_143242,delta-asda-b3-e,1591,RTSO|SO|OE|VE|QS|TR,3,0,153034918,-600,-18,-0.07686,-22,-0.052602,300,49,4270,2391,6000,,600,,,,cyclic,transition,0,no_load,both,B5: cyclic back-and-forth,servo-app/lab-0.1
1781163394.529726,231.27825093269348,B5_CYCLIC,B5_CYCLIC_R01_20260611_143242,delta-asda-b3-e,1591,RTSO|SO|OE|VE|QS|TR,3,0,151356790,-600,-17,-0.07259,-21,-0.050211,300,49,4270,2391,6000,,600,,,,cyclic,transition,0,no_load,both,B5: cyclic back-and-forth,servo-app/lab-0.1
1781163394.6300776,231.37860250473022,B5_CYCLIC,B5_CYCLIC_R01_20260611_143242,delta-asda-b3-e,1591,RTSO|SO|OE|VE|QS|TR,3,0,149679178,-600,-25,-0.10675,-23,-0.054993,300,49,4270,2391,6000,,600,,,,cyclic,transition,0,no_load,both,B5: cyclic back-and-forth,servo-app/lab-0.1
1781163394.730434,231.47895884513855,B5_CYCLIC,B5_CYCLIC_R01_20260611_143242,delta-asda-b3-e,1591,RTSO|SO|OE|VE|QS|TR,3,0,147984388,-600,-17,-0.07259,-18,-0.043038,300,49,4270,2391,6000,,600,,,,cyclic,transition,0,no_load,both,B5: cyclic back-and-forth,servo-app/lab-0.1
1781163394.8312554,231.5797803401947,B5_CYCLIC,B5_CYCLIC_R01_20260611_143242,delta-asda-b3-e,1591,RTSO|SO|OE|VE|QS|TR,3,0,146306910,-600,-23,-0.09821,-22,-0.052602,301,49,4270,2391,6000,,600,,,,cyclic,transition,0,no_load,both,B5: cyclic back-and-forth,servo-app/lab-0.1
1781163394.931856,231.68038082122803,B5_CYCLIC,B5_CYCLIC_R01_20260611_143242,delta-asda-b3-e,1591,RTSO|SO|OE|VE|QS|TR,3,0,144612361,-599,-14,-0.05978,-16,-0.038256,301,49,4270,2391,6000,,600,,,,cyclic,transition,0,no_load,both,B5: cyclic back-and-forth,servo-app/lab-0.1
1781163395.032507,231.78103184700012,B5_CYCLIC,B5_CYCLIC_R01_20260611_143242,delta-asda-b3-e,1591,RTSO|SO|OE|VE|QS|TR,3,0,142917941,-600,-21,-0.08967,-20,-0.04782,300,49,4270,2391,6000,,600,,,,cyclic,transition,0,no_load,both,B5: cyclic back-and-forth,servo-app/lab-0.1
1781163395.1329243,231.8814492225647,B5_CYCLIC,B5_CYCLIC_R01_20260611_143242,delta-asda-b3-e,1591,RTSO|SO|OE|VE|QS|TR,3,0,141239969,-600,-17,-0.07259,-17,-0.040647,300,49,4270,2391,6000,,600,,,,cyclic,transition,0,no_load,both,B5: cyclic back-and-forth,servo-app/lab-0.1
1781163395.2336395,231.98216438293457,B5_CYCLIC,B5_CYCLIC_R01_20260611_143242,delta-asda-b3-e,1591,RTSO|SO|OE|VE|QS|TR,3,0,139545947,-600,-25,-0.10675,-21,-0.050211,300,49,4270,2391,6000,,600,,,,cyclic,transition,0,no_load,both,B5: cyclic back-and-forth,servo-app/lab-0.1
1781163395.3347034,232.08322834968567,B5_CYCLIC,B5_CYCLIC_R01_20260611_143242,delta-asda-b3-e,1591,RTSO|SO|OE|VE|QS|TR,3,0,137868186,-599,-24,-0.10248,-20,-0.04782,300,49,4270,2391,6000,,600,,,,cyclic,transition,0,no_load,both,B5: cyclic back-and-forth,servo-app/lab-0.1
1781163395.435145,232.18366980552673,B5_CYCLIC,B5_CYCLIC_R01_20260611_143242,delta-asda-b3-e,1591,RTSO|SO|OE|VE|QS|TR,3,0,136174045,-599,-21,-0.08967,-22,-0.052602,300,49,4270,2391,6000,,600,,,,cyclic,transition,0,no_load,both,B5: cyclic back-and-forth,servo-app/lab-0.1
1781163395.535682,232.28420686721802,B5_CYCLIC,B5_CYCLIC_R01_20260611_143242,delta-asda-b3-e,1591,RTSO|SO|OE|VE|QS|TR,3,0,134495721,-600,-26,-0.11102,-21,-0.050211,300,49,4270,2391,6000,,600,,,,cyclic,transition,0,no_load,both,B5: cyclic back-and-forth,servo-app/lab-0.1
1781163395.6359425,232.38446736335754,B5_CYCLIC,B5_CYCLIC_R01_20260611_143242,delta-asda-b3-e,1591,RTSO|SO|OE|VE|QS|TR,3,0,132784620,-599,-21,-0.08967,-21,-0.050211,300,49,4270,2391,6000,,600,,,,cyclic,transition,0,no_load,both,B5: cyclic back-and-forth,servo-app/lab-0.1
1781163395.7361236,232.48464846611023,B5_CYCLIC,B5_CYCLIC_R01_20260611_143242,delta-asda-b3-e,1591,RTSO|SO|OE|VE|QS|TR,3,0,131123290,-599,-17,-0.07259,-19,-0.045429,300,49,4270,2391,6000,,600,,,,cyclic,transition,0,no_load,both,B5: cyclic back-and-forth,servo-app/lab-0.1
1781163395.8366966,232.58522152900696,B5_CYCLIC,B5_CYCLIC_R01_20260611_143242,delta-asda-b3-e,1591,RTSO|SO|OE|VE|QS|TR,3,0,129429203,-599,-21,-0.08967,-22,-0.052602,300,49,4270,2391,6000,,600,,,,cyclic,transition,0,no_load,both,B5: cyclic back-and-forth,servo-app/lab-0.1
1781163395.9371276,232.68565249443054,B5_CYCLIC,B5_CYCLIC_R01_20260611_143242,delta-asda-b3-e,1591,RTSO|SO|OE|VE|QS|TR,3,0,127751372,-599,-18,-0.07686,-19,-0.045429,300,49,4270,2391,6000,,600,,,,cyclic,transition,0,no_load,both,B5: cyclic back-and-forth,servo-app/lab-0.1
1781163396.0376115,232.7861363887787,B5_CYCLIC,B5_CYCLIC_R01_20260611_143242,delta-asda-b3-e,1591,RTSO|SO|OE|VE|QS|TR,3,0,126056883,-600,-19,-0.08113,-21,-0.050211,301,49,4270,2391,6000,,600,,,,cyclic,transition,0,no_load,both,B5: cyclic back-and-forth,servo-app/lab-0.1
1781163396.1382308,232.88675570487976,B5_CYCLIC,B5_CYCLIC_R01_20260611_143242,delta-asda-b3-e,1591,RTSO|SO|OE|VE|QS|TR,3,0,124378943,-599,-24,-0.10248,-16,-0.038256,300,49,4270,2391,6000,,600,,,,cyclic,transition,0,no_load,both,B5: cyclic back-and-forth,servo-app/lab-0.1
1781163396.2387047,232.98722958564758,B5_CYCLIC,B5_CYCLIC_R01_20260611_143242,delta-asda-b3-e,1591,RTSO|SO|OE|VE|QS|TR,3,0,122684716,-599,-20,-0.0854,-20,-0.04782,300,49,4270,2391,6000,,600,,,,cyclic,transition,0,no_load,both,B5: cyclic back-and-forth,servo-app/lab-0.1
1781163396.338961,233.08748579025269,B5_CYCLIC,B5_CYCLIC_R01_20260611_143242,delta-asda-b3-e,1591,RTSO|SO|OE|VE|QS|TR,3,0,121006940,-599,-18,-0.07686,-18,-0.043038,300,49,4270,2391,6000,,600,,,,cyclic,transition,0,no_load,both,B5: cyclic back-and-forth,servo-app/lab-0.1
1781163396.4396071,233.1881320476532,B5_CYCLIC,B5_CYCLIC_R01_20260611_143242,delta-asda-b3-e,1591,RTSO|SO|OE|VE|QS|TR,3,0,119312715,-600,-27,-0.11529,-23,-0.054993,301,49,4270,2391,6000,,600,,,,cyclic,transition,0,no_load,both,B5: cyclic back-and-forth,servo-app/lab-0.1
1781163396.5397193,233.28824424743652,B5_CYCLIC,B5_CYCLIC_R01_20260611_143242,delta-asda-b3-e,1591,RTSO|SO|OE|VE|QS|TR,3,0,117634483,-600,-22,-0.09394,-21,-0.050211,300,49,4270,2391,6000,,600,,,,cyclic,transition,0,no_load,both,B5: cyclic back-and-forth,servo-app/lab-0.1
1781163396.6402583,233.38878321647644,B5_CYCLIC,B5_CYCLIC_R01_20260611_143242,delta-asda-b3-e,1591,RTSO|SO|OE|VE|QS|TR,3,0,115957014,-599,-21,-0.08967,-20,-0.04782,300,49,4270,2391,6000,,600,,,,cyclic,transition,0,no_load,both,B5: cyclic back-and-forth,servo-app/lab-0.1
1781163396.7404416,233.48896646499634,B5_CYCLIC,B5_CYCLIC_R01_20260611_143242,delta-asda-b3-e,1591,RTSO|SO|OE|VE|QS|TR,3,0,114279006,-599,-18,-0.07686,-21,-0.050211,300,49,4270,2391,6000,,600,,,,cyclic,transition,0,no_load,both,B5: cyclic back-and-forth,servo-app/lab-0.1
1781163396.8405514,233.58907628059387,B5_CYCLIC,B5_CYCLIC_R01_20260611_143242,delta-asda-b3-e,1591,RTSO|SO|OE|VE|QS|TR,3,0,112601685,-599,-19,-0.08113,-19,-0.045429,300,49,4270,2391,6000,,600,,,,cyclic,transition,0,no_load,both,B5: cyclic back-and-forth,servo-app/lab-0.1
1781163396.9410145,233.68953943252563,B5_CYCLIC,B5_CYCLIC_R01_20260611_143242,delta-asda-b3-e,1591,RTSO|SO|OE|VE|QS|TR,3,0,110907040,-599,-20,-0.0854,-19,-0.045429,300,49,4270,2391,6000,,600,,,,cyclic,transition,0,no_load,both,B5: cyclic back-and-forth,servo-app/lab-0.1
1781163397.0411806,233.78970551490784,B5_CYCLIC,B5_CYCLIC_R01_20260611_143242,delta-asda-b3-e,1591,RTSO|SO|OE|VE|QS|TR,3,0,109229260,-600,-20,-0.0854,-21,-0.050211,300,49,4270,2391,6000,,600,,,,cyclic,transition,0,no_load,both,B5: cyclic back-and-forth,servo-app/lab-0.1
1781163397.1412957,233.8898205757141,B5_CYCLIC,B5_CYCLIC_R01_20260611_143242,delta-asda-b3-e,1591,RTSO|SO|OE|VE|QS|TR,3,0,107551416,-599,-24,-0.10248,-24,-0.057384,300,49,4270,2391,6000,,600,,,,cyclic,transition,0,no_load,both,B5: cyclic back-and-forth,servo-app/lab-0.1
1781163397.2413635,233.98988842964172,B5_CYCLIC,B5_CYCLIC_R01_20260611_143242,delta-asda-b3-e,1591,RTSO|SO|OE|VE|QS|TR,3,0,105873911,-600,-19,-0.08113,-18,-0.043038,300,49,4270,2391,6000,,600,,,,cyclic,transition,0,no_load,both,B5: cyclic back-and-forth,servo-app/lab-0.1
1781163397.3415365,234.09006142616272,B5_CYCLIC,B5_CYCLIC_R01_20260611_143242,delta-asda-b3-e,1591,RTSO|SO|OE|VE|QS|TR,3,0,104196193,-599,-16,-0.06832,-18,-0.043038,300,49,4270,2391,6000,,600,,,,cyclic,transition,0,no_load,both,B5: cyclic back-and-forth,servo-app/lab-0.1
1781163397.4420998,234.1906247138977,B5_CYCLIC,B5_CYCLIC_R01_20260611_143242,delta-asda-b3-e,1591,RTSO|SO|OE|VE|QS|TR,3,0,102501945,-600,-22,-0.09394,-25,-0.059775,300,49,4270,2391,6000,,600,,,,cyclic,transition,0,no_load,both,B5: cyclic back-and-forth,servo-app/lab-0.1
1781163397.5426073,234.29113221168518,B5_CYCLIC,B5_CYCLIC_R01_20260611_143242,delta-asda-b3-e,1591,RTSO|SO|OE|VE|QS|TR,3,0,100823868,-600,-22,-0.09394,-21,-0.050211,300,49,4270,2391,6000,,600,,,,cyclic,transition,0,no_load,both,B5: cyclic back-and-forth,servo-app/lab-0.1
1781163397.6430545,234.39157938957214,B5_CYCLIC,B5_CYCLIC_R01_20260611_143242,delta-asda-b3-e,1591,RTSO|SO|OE|VE|QS|TR,3,0,99129618,-600,-24,-0.10248,-18,-0.043038,300,49,4270,2391,6000,,600,,,,cyclic,transition,0,no_load,both,B5: cyclic back-and-forth,servo-app/lab-0.1
1781163397.7432773,234.49180221557617,B5_CYCLIC,B5_CYCLIC_R01_20260611_143242,delta-asda-b3-e,1591,RTSO|SO|OE|VE|QS|TR,3,0,97451558,-599,-23,-0.09821,-23,-0.054993,300,49,4270,2391,6000,,600,,,,cyclic,transition,0,no_load,both,B5: cyclic back-and-forth,servo-app/lab-0.1
1781163397.8434634,234.59198832511902,B5_CYCLIC,B5_CYCLIC_R01_20260611_143242,delta-asda-b3-e,1591,RTSO|SO|OE|VE|QS|TR,3,0,95774232,-599,-19,-0.08113,-20,-0.04782,300,49,4270,2391,6000,,600,,,,cyclic,transition,0,no_load,both,B5: cyclic back-and-forth,servo-app/lab-0.1
1781163397.9435496,234.69207453727722,B5_CYCLIC,B5_CYCLIC_R01_20260611_143242,delta-asda-b3-e,1591,RTSO|SO|OE|VE|QS|TR,3,0,94096322,-599,-20,-0.0854,-20,-0.04782,300,49,4270,2391,6000,,600,,,,cyclic,transition,0,no_load,both,B5: cyclic back-and-forth,servo-app/lab-0.1
1781163398.0441585,234.79268336296082,B5_CYCLIC,B5_CYCLIC_R01_20260611_143242,delta-asda-b3-e,1591,RTSO|SO|OE|VE|QS|TR,3,0,92401767,-600,-25,-0.10675,-21,-0.050211,300,49,4270,2391,6000,,600,,,,cyclic,transition,0,no_load,both,B5: cyclic back-and-forth,servo-app/lab-0.1
1781163398.1444929,234.89301776885986,B5_CYCLIC,B5_CYCLIC_R01_20260611_143242,delta-asda-b3-e,1591,RTSO|SO|OE|VE|QS|TR,3,0,90724031,-599,-18,-0.07686,-24,-0.057384,300,49,4270,2391,6000,,600,,,,cyclic,transition,0,no_load,both,B5: cyclic back-and-forth,servo-app/lab-0.1
1781163398.2446706,234.99319553375244,B5_CYCLIC,B5_CYCLIC_R01_20260611_143242,delta-asda-b3-e,1591,RTSO|SO|OE|VE|QS|TR,3,0,89046506,-599,-22,-0.09394,-23,-0.054993,300,49,4270,2391,6000,,600,,,,cyclic,transition,0,no_load,both,B5: cyclic back-and-forth,servo-app/lab-0.1
1781163398.3450525,235.09357738494873,B5_CYCLIC,B5_CYCLIC_R01_20260611_143242,delta-asda-b3-e,1591,RTSO|SO|OE|VE|QS|TR,3,0,87352040,-599,-20,-0.0854,-16,-0.038256,300,49,4270,2391,6000,,600,,,,cyclic,transition,0,no_load,both,B5: cyclic back-and-forth,servo-app/lab-0.1
1781163398.445155,235.1936798095703,B5_CYCLIC,B5_CYCLIC_R01_20260611_143242,delta-asda-b3-e,1591,RTSO|SO|OE|VE|QS|TR,3,0,85674238,-600,-19,-0.08113,-20,-0.04782,300,49,4270,2391,6000,,600,,,,cyclic,transition,0,no_load,both,B5: cyclic back-and-forth,servo-app/lab-0.1
1781163398.545612,235.2941370010376,B5_CYCLIC,B5_CYCLIC_R01_20260611_143242,delta-asda-b3-e,1591,RTSO|SO|OE|VE|QS|TR,3,0,83979406,-599,-19,-0.08113,-19,-0.045429,300,49,4270,2391,6000,,600,,,,cyclic,transition,0,no_load,both,B5: cyclic back-and-forth,servo-app/lab-0.1
1781163398.6460724,235.3945972919464,B5_CYCLIC,B5_CYCLIC_R01_20260611_143242,delta-asda-b3-e,1591,RTSO|SO|OE|VE|QS|TR,3,0,82301897,-600,-18,-0.07686,-21,-0.050211,300,49,4270,2391,6000,,600,,,,cyclic,transition,0,no_load,both,B5: cyclic back-and-forth,servo-app/lab-0.1
1781163398.7466567,235.49518156051636,B5_CYCLIC,B5_CYCLIC_R01_20260611_143242,delta-asda-b3-e,1591,RTSO|SO|OE|VE|QS|TR,3,0,80623969,-599,-18,-0.07686,-18,-0.043038,300,49,4270,2391,6000,,600,,,,cyclic,transition,0,no_load,both,B5: cyclic back-and-forth,servo-app/lab-0.1
1781163398.8470838,235.59560871124268,B5_CYCLIC,B5_CYCLIC_R01_20260611_143242,delta-asda-b3-e,1591,RTSO|SO|OE|VE|QS|TR,3,0,78929834,-599,-21,-0.08967,-23,-0.054993,300,49,4270,2391,6000,,600,,,,cyclic,transition,0,no_load,both,B5: cyclic back-and-forth,servo-app/lab-0.1
1781163398.9475224,235.6960473060608,B5_CYCLIC,B5_CYCLIC_R01_20260611_143242,delta-asda-b3-e,1591,RTSO|SO|OE|VE|QS|TR,3,0,77251814,-600,-19,-0.08113,-17,-0.040647,300,49,4270,2391,6000,,600,,,,cyclic,transition,0,no_load,both,B5: cyclic back-and-forth,servo-app/lab-0.1
1781163399.0488222,235.79734706878662,B5_CYCLIC,B5_CYCLIC_R01_20260611_143242,delta-asda-b3-e,1591,RTSO|SO|OE|VE|QS|TR,3,0,75540510,-600,-19,-0.08113,-18,-0.043038,300,49,4270,2391,6000,,600,,,,cyclic,transition,0,no_load,both,B5: cyclic back-and-forth,servo-app/lab-0.1
1781163399.149329,235.89785385131836,B5_CYCLIC,B5_CYCLIC_R01_20260611_143242,delta-asda-b3-e,1591,RTSO|SO|OE|VE|QS|TR,3,0,73862699,-600,-15,-0.06405,-19,-0.045429,300,49,4270,2391,6000,,600,,,,cyclic,transition,0,no_load,both,B5: cyclic back-and-forth,servo-app/lab-0.1
1781163399.2511094,235.99963426589966,B5_CYCLIC,B5_CYCLIC_R01_20260611_143242,delta-asda-b3-e,1591,RTSO|SO|OE|VE|QS|TR,3,0,72151608,-600,-18,-0.07686,-21,-0.050211,300,49,4270,2391,6000,,600,,,,cyclic,transition,0,no_load,both,B5: cyclic back-and-forth,servo-app/lab-0.1
1781163399.35151,236.1000349521637,B5_CYCLIC,B5_CYCLIC_R01_20260611_143242,delta-asda-b3-e,1591,RTSO|SO|OE|VE|QS|TR,3,0,70474144,-600,-21,-0.08967,-24,-0.057384,300,49,4270,2391,6000,,600,,,,cyclic,transition,0,no_load,both,B5: cyclic back-and-forth,servo-app/lab-0.1
1781163399.451702,236.20022702217102,B5_CYCLIC,B5_CYCLIC_R01_20260611_143242,delta-asda-b3-e,1591,RTSO|SO|OE|VE|QS|TR,3,0,68779392,-601,-18,-0.07686,-19,-0.045429,300,49,4270,2391,6000,,600,,,,cyclic,transition,0,no_load,both,B5: cyclic back-and-forth,servo-app/lab-0.1
1781163399.551884,236.30040884017944,B5_CYCLIC,B5_CYCLIC_R01_20260611_143242,delta-asda-b3-e,1591,RTSO|SO|OE|VE|QS|TR,3,0,67101534,-600,-20,-0.0854,-17,-0.040647,300,49,4270,2391,6000,,600,,,,cyclic,transition,0,no_load,both,B5: cyclic back-and-forth,servo-app/lab-0.1
1781163399.651951,236.40047597885132,B5_CYCLIC,B5_CYCLIC_R01_20260611_143242,delta-asda-b3-e,1591,RTSO|SO|OE|VE|QS|TR,3,0,65423835,-601,-17,-0.07259,-18,-0.043038,300,49,4270,2391,6000,,600,,,,cyclic,transition,0,no_load,both,B5: cyclic back-and-forth,servo-app/lab-0.1
1781163399.7529626,236.50148749351501,B5_CYCLIC,B5_CYCLIC_R01_20260611_143242,delta-asda-b3-e,1591,RTSO|SO|OE|VE|QS|TR,3,0,63729235,-600,-20,-0.0854,-22,-0.052602,301,49,4270,2391,6000,,600,,,,cyclic,transition,0,no_load,both,B5: cyclic back-and-forth,servo-app/lab-0.1
1781163399.8538291,236.60235404968262,B5_CYCLIC,B5_CYCLIC_R01_20260611_143242,delta-asda-b3-e,1591,RTSO|SO|OE|VE|QS|TR,3,0,62034913,-601,-16,-0.06832,-17,-0.040647,301,49,4270,2391,6000,,600,,,,cyclic,transition,0,no_load,both,B5: cyclic back-and-forth,servo-app/lab-0.1
1781163399.9543138,236.7028386592865,B5_CYCLIC,B5_CYCLIC_R01_20260611_143242,delta-asda-b3-e,1591,RTSO|SO|OE|VE|QS|TR,3,0,60356889,-601,-20,-0.0854,-16,-0.038256,300,49,4270,2391,6000,,600,,,,cyclic,transition,0,no_load,both,B5: cyclic back-and-forth,servo-app/lab-0.1
1781163400.0545638,236.80308866500854,B5_CYCLIC,B5_CYCLIC_R01_20260611_143242,delta-asda-b3-e,1591,RTSO|SO|OE|VE|QS|TR,3,0,58679164,-601,-21,-0.08967,-17,-0.040647,301,49,4270,2391,6000,,600,,,,cyclic,transition,0,no_load,both,B5: cyclic back-and-forth,servo-app/lab-0.1
1781163400.1549377,236.90346264839172,B5_CYCLIC,B5_CYCLIC_R01_20260611_143242,delta-asda-b3-e,1591,RTSO|SO|OE|VE|QS|TR,3,0,56984513,-601,-19,-0.08113,-16,-0.038256,300,49,4270,2391,6000,,600,,,,cyclic,transition,0,no_load,both,B5: cyclic back-and-forth,servo-app/lab-0.1
1781163400.2552533,237.00377821922302,B5_CYCLIC,B5_CYCLIC_R01_20260611_143242,delta-asda-b3-e,1591,RTSO|SO|OE|VE|QS|TR,3,0,55307031,-601,-19,-0.08113,-16,-0.038256,301,49,4270,2391,6000,,600,,,,cyclic,transition,0,no_load,both,B5: cyclic back-and-forth,servo-app/lab-0.1
1781163400.3553731,237.10389804840088,B5_CYCLIC,B5_CYCLIC_R01_20260611_143242,delta-asda-b3-e,1591,RTSO|SO|OE|VE|QS|TR,3,0,53629446,-600,-18,-0.07686,-18,-0.043038,300,49,4270,2391,6000,,600,,,,cyclic,transition,0,no_load,both,B5: cyclic back-and-forth,servo-app/lab-0.1
1781163400.455625,237.20414996147156,B5_CYCLIC,B5_CYCLIC_R01_20260611_143242,delta-asda-b3-e,1591,RTSO|SO|OE|VE|QS|TR,3,0,51951407,-601,-17,-0.07259,-20,-0.04782,300,49,4270,2391,6000,,600,,,,cyclic,transition,0,no_load,both,B5: cyclic back-and-forth,servo-app/lab-0.1
1781163400.55575,237.30427479743958,B5_CYCLIC,B5_CYCLIC_R01_20260611_143242,delta-asda-b3-e,1591,RTSO|SO|OE|VE|QS|TR,3,0,50273633,-601,-18,-0.07686,-21,-0.050211,301,49,4270,2391,6000,,600,,,,cyclic,transition,0,no_load,both,B5: cyclic back-and-forth,servo-app/lab-0.1
1781163400.6559098,237.40443468093872,B5_CYCLIC,B5_CYCLIC_R01_20260611_143242,delta-asda-b3-e,1591,RTSO|SO|OE|VE|QS|TR,3,0,48579162,-601,-22,-0.09394,-18,-0.043038,301,49,4270,2391,6000,,600,,,,cyclic,transition,0,no_load,both,B5: cyclic back-and-forth,servo-app/lab-0.1
1781163400.7563608,237.50488567352295,B5_CYCLIC,B5_CYCLIC_R01_20260611_143242,delta-asda-b3-e,1591,RTSO|SO|OE|VE|QS|TR,3,0,46901533,-600,-17,-0.07259,-20,-0.04782,301,49,4270,2391,6000,,600,,,,cyclic,transition,0,no_load,both,B5: cyclic back-and-forth,servo-app/lab-0.1
1781163400.8565881,237.60511302947998,B5_CYCLIC,B5_CYCLIC_R01_20260611_143242,delta-asda-b3-e,1591,RTSO|SO|OE|VE|QS|TR,3,0,45240784,-601,-17,-0.07259,-17,-0.040647,300,49,4270,2391,6000,,600,,,,cyclic,transition,0,no_load,both,B5: cyclic back-and-forth,servo-app/lab-0.1
1781163400.9570036,237.70552849769592,B5_CYCLIC,B5_CYCLIC_R01_20260611_143242,delta-asda-b3-e,1591,RTSO|SO|OE|VE|QS|TR,3,0,43529109,-601,-20,-0.0854,-22,-0.052602,301,49,4270,2391,6000,,600,,,,cyclic,transition,0,no_load,both,B5: cyclic back-and-forth,servo-app/lab-0.1
1781163401.0574296,237.80595445632935,B5_CYCLIC,B5_CYCLIC_R01_20260611_143242,delta-asda-b3-e,1591,RTSO|SO|OE|VE|QS|TR,3,0,41851408,-601,-21,-0.08967,-21,-0.050211,301,49,4270,2391,6000,,600,,,,cyclic,transition,0,no_load,both,B5: cyclic back-and-forth,servo-app/lab-0.1
1781163401.1574981,237.9060230255127,B5_CYCLIC,B5_CYCLIC_R01_20260611_143242,delta-asda-b3-e,1591,RTSO|SO|OE|VE|QS|TR,3,0,40173622,-601,-17,-0.07259,-18,-0.043038,300,49,4270,2391,6000,,600,,,,cyclic,transition,0,no_load,both,B5: cyclic back-and-forth,servo-app/lab-0.1
1781163401.2579205,238.00644540786743,B5_CYCLIC,B5_CYCLIC_R01_20260611_143242,delta-asda-b3-e,1591,RTSO|SO|OE|VE|QS|TR,3,0,38479282,-601,-20,-0.0854,-17,-0.040647,300,49,4270,2391,6000,,600,,,,cyclic,transition,0,no_load,both,B5: cyclic back-and-forth,servo-app/lab-0.1
1781163401.358682,238.10720682144165,B5_CYCLIC,B5_CYCLIC_R01_20260611_143242,delta-asda-b3-e,1591,RTSO|SO|OE|VE|QS|TR,3,0,36801627,-601,-21,-0.08967,-19,-0.045429,300,49,4270,2391,6000,,600,,,,cyclic,transition,0,no_load,both,B5: cyclic back-and-forth,servo-app/lab-0.1
1781163401.4589489,238.2074737548828,B5_CYCLIC,B5_CYCLIC_R01_20260611_143242,delta-asda-b3-e,1591,RTSO|SO|OE|VE|QS|TR,3,0,35106718,-602,-16,-0.06832,-17,-0.040647,300,49,4270,2391,6000,,600,,,,cyclic,transition,0,no_load,both,B5: cyclic back-and-forth,servo-app/lab-0.1
1781163401.559277,238.3078019618988,B5_CYCLIC,B5_CYCLIC_R01_20260611_143242,delta-asda-b3-e,1591,RTSO|SO|OE|VE|QS|TR,3,0,33429070,-601,-15,-0.06405,-16,-0.038256,301,49,4270,2391,6000,,600,,,,cyclic,transition,0,no_load,both,B5: cyclic back-and-forth,servo-app/lab-0.1
1781163401.66011,238.40863490104675,B5_CYCLIC,B5_CYCLIC_R01_20260611_143242,delta-asda-b3-e,1591,RTSO|SO|OE|VE|QS|TR,3,0,31734437,-601,-16,-0.06832,-21,-0.050211,300,49,4270,2391,6000,,600,,,,cyclic,transition,0,no_load,both,B5: cyclic back-and-forth,servo-app/lab-0.1
1781163401.7602282,238.50875306129456,B5_CYCLIC,B5_CYCLIC_R01_20260611_143242,delta-asda-b3-e,1591,RTSO|SO|OE|VE|QS|TR,3,0,30056937,-601,-20,-0.0854,-21,-0.050211,301,49,4270,2391,6000,,600,,,,cyclic,transition,0,no_load,both,B5: cyclic back-and-forth,servo-app/lab-0.1
1781163401.8608644,238.60938930511475,B5_CYCLIC,B5_CYCLIC_R01_20260611_143242,delta-asda-b3-e,1591,RTSO|SO|OE|VE|QS|TR,3,0,28362308,-602,-16,-0.06832,-20,-0.04782,300,49,4270,2391,6000,,600,,,,cyclic,transition,0,no_load,both,B5: cyclic back-and-forth,servo-app/lab-0.1
1781163401.9613855,238.70991039276123,B5_CYCLIC,B5_CYCLIC_R01_20260611_143242,delta-asda-b3-e,1591,RTSO|SO|OE|VE|QS|TR,3,0,26684438,-601,-22,-0.09394,-21,-0.050211,301,49,4270,2391,6000,,600,,,,cyclic,transition,0,no_load,both,B5: cyclic back-and-forth,servo-app/lab-0.1
1781163402.0614984,238.8100233078003,B5_CYCLIC,B5_CYCLIC_R01_20260611_143242,delta-asda-b3-e,1591,RTSO|SO|OE|VE|QS|TR,3,0,25006663,-601,-17,-0.07259,-21,-0.050211,300,49,4270,2391,6000,,600,,,,cyclic,transition,0,no_load,both,B5: cyclic back-and-forth,servo-app/lab-0.1
1781163402.1617537,238.91027855873108,B5_CYCLIC,B5_CYCLIC_R01_20260611_143242,delta-asda-b3-e,1591,RTSO|SO|OE|VE|QS|TR,3,0,23328989,-601,-23,-0.09821,-22,-0.052602,300,49,4270,2391,6000,,600,,,,cyclic,transition,0,no_load,both,B5: cyclic back-and-forth,servo-app/lab-0.1
1781163402.262941,239.01146578788757,B5_CYCLIC,B5_CYCLIC_R01_20260611_143242,delta-asda-b3-e,1591,RTSO|SO|OE|VE|QS|TR,3,0,21617885,-601,-20,-0.0854,-23,-0.054993,300,49,4270,2391,6000,,600,,,,cyclic,transition,0,no_load,both,B5: cyclic back-and-forth,servo-app/lab-0.1
1781163402.3651874,239.11371231079102,B5_CYCLIC,B5_CYCLIC_R01_20260611_143242,delta-asda-b3-e,1591,RTSO|SO|OE|VE|QS|TR,3,0,19906528,-601,-18,-0.07686,-19,-0.045429,300,49,4270,2391,6000,,600,,,,cyclic,transition,0,no_load,both,B5: cyclic back-and-forth,servo-app/lab-0.1
1781163402.4654548,239.21397972106934,B5_CYCLIC,B5_CYCLIC_R01_20260611_143242,delta-asda-b3-e,1591,RTSO|SO|OE|VE|QS|TR,3,0,18228579,-601,-16,-0.06832,-17,-0.040647,300,49,4270,2391,6000,,600,,,,cyclic,transition,0,no_load,both,B5: cyclic back-and-forth,servo-app/lab-0.1
1781163402.565864,239.31438899040222,B5_CYCLIC,B5_CYCLIC_R01_20260611_143242,delta-asda-b3-e,1591,RTSO|SO|OE|VE|QS|TR,3,0,16534260,-601,-19,-0.08113,-20,-0.04782,300,49,4270,2391,6000,,600,,,,cyclic,transition,0,no_load,both,B5: cyclic back-and-forth,servo-app/lab-0.1
1781163402.666311,239.4148359298706,B5_CYCLIC,B5_CYCLIC_R01_20260611_143242,delta-asda-b3-e,1591,RTSO|SO|OE|VE|QS|TR,3,0,14856495,-601,-18,-0.07686,-18,-0.043038,300,49,4270,2391,6000,,600,,,,cyclic,transition,0,no_load,both,B5: cyclic back-and-forth,servo-app/lab-0.1
1781163402.7668998,239.51542472839355,B5_CYCLIC,B5_CYCLIC_R01_20260611_143242,delta-asda-b3-e,1591,RTSO|SO|OE|VE|QS|TR,3,0,13162191,-600,-18,-0.07686,-20,-0.04782,301,49,4270,2391,6000,,600,,,,cyclic,transition,0,no_load,both,B5: cyclic back-and-forth,servo-app/lab-0.1
1781163402.8672051,239.61573004722595,B5_CYCLIC,B5_CYCLIC_R01_20260611_143242,delta-asda-b3-e,1591,RTSO|SO|OE|VE|QS|TR,3,0,11484221,-601,-14,-0.05978,-15,-0.035865,300,49,4270,2391,6000,,600,,,,cyclic,transition,0,no_load,both,B5: cyclic back-and-forth,servo-app/lab-0.1
1781163402.9684603,239.7169852256775,B5_CYCLIC,B5_CYCLIC_R01_20260611_143242,delta-asda-b3-e,1591,RTSO|SO|OE|VE|QS|TR,3,0,9705724,-600,-20,-0.0854,-18,-0.043038,300,49,4270,2391,6000,,600,,,,cyclic,transition,0,no_load,both,B5: cyclic back-and-forth,servo-app/lab-0.1
1781163403.068601,239.81712579727173,B5_CYCLIC,B5_CYCLIC_R01_20260611_143242,delta-asda-b3-e,1591,RTSO|SO|OE|VE|QS|TR,3,0,8111809,-601,-13,-0.05551,-14,-0.033474,300,49,4270,2391,6000,,600,,,,cyclic,transition,0,no_load,both,B5: cyclic back-and-forth,servo-app/lab-0.1
1781163403.1693408,239.91786575317383,B5_CYCLIC,B5_CYCLIC_R01_20260611_143242,delta-asda-b3-e,1591,RTSO|SO|OE|VE|QS|TR,3,0,6417443,-601,-18,-0.07686,-23,-0.054993,300,49,4270,2391,6000,,600,,,,cyclic,transition,0,no_load,both,B5: cyclic back-and-forth,servo-app/lab-0.1
1781163403.2700722,240.01859712600708,B5_CYCLIC,B5_CYCLIC_R01_20260611_143242,delta-asda-b3-e,567,RTSO|SO|OE|VE|QS,3,0,4878273,-250,15,0.06405,1,0.002391,300,49,4270,2391,6000,,600,,,,cyclic,transition,0,no_load,both,B5: cyclic back-and-forth,servo-app/lab-0.1
1781163403.3702252,240.11875009536743,B5_CYCLIC,B5_CYCLIC_R01_20260611_143242,delta-asda-b3-e,1591,RTSO|SO|OE|VE|QS|TR,3,0,6384299,599,18,0.07686,22,0.052602,300,49,4270,2391,6000,,600,,,,cyclic,transition,0,no_load,both,B5: cyclic back-and-forth,servo-app/lab-0.1
1781163403.470402,240.2189269065857,B5_CYCLIC,B5_CYCLIC_R01_20260611_143242,delta-asda-b3-e,1591,RTSO|SO|OE|VE|QS|TR,3,0,8010835,598,21,0.08967,26,0.062166,300,49,4270,2391,6000,,600,,,,cyclic,transition,0,no_load,both,B5: cyclic back-and-forth,servo-app/lab-0.1
1781163403.5707052,240.31923007965088,B5_CYCLIC,B5_CYCLIC_R01_20260611_143242,delta-asda-b3-e,1591,RTSO|SO|OE|VE|QS|TR,3,0,9688676,599,17,0.07259,16,0.038256,300,49,4270,2391,6000,,600,,,,cyclic,transition,0,no_load,both,B5: cyclic back-and-forth,servo-app/lab-0.1
1781163403.671165,240.41968989372253,B5_CYCLIC,B5_CYCLIC_R01_20260611_143242,delta-asda-b3-e,1591,RTSO|SO|OE|VE|QS|TR,3,0,11382706,598,19,0.08113,21,0.050211,300,49,4270,2391,6000,,600,,,,cyclic,transition,0,no_load,both,B5: cyclic back-and-forth,servo-app/lab-0.1
1781163403.7712722,240.5197970867157,B5_CYCLIC,B5_CYCLIC_R01_20260611_143242,delta-asda-b3-e,1591,RTSO|SO|OE|VE|QS|TR,3,0,13060676,599,20,0.0854,21,0.050211,300,49,4270,2391,6000,,600,,,,cyclic,transition,0,no_load,both,B5: cyclic back-and-forth,servo-app/lab-0.1
1781163403.8717418,240.6202666759491,B5_CYCLIC,B5_CYCLIC_R01_20260611_143242,delta-asda-b3-e,1591,RTSO|SO|OE|VE|QS|TR,3,0,14755091,599,19,0.08113,20,0.04782,300,49,4270,2391,6000,,600,,,,cyclic,transition,0,no_load,both,B5: cyclic back-and-forth,servo-app/lab-0.1
1781163403.972051,240.72057580947876,B5_CYCLIC,B5_CYCLIC_R01_20260611_143242,delta-asda-b3-e,1591,RTSO|SO|OE|VE|QS|TR,3,0,16433297,599,15,0.06405,15,0.035865,301,49,4270,2391,6000,,600,,,,cyclic,transition,0,no_load,both,B5: cyclic back-and-forth,servo-app/lab-0.1
1781163404.0725107,240.82103562355042,B5_CYCLIC,B5_CYCLIC_R01_20260611_143242,delta-asda-b3-e,1591,RTSO|SO|OE|VE|QS|TR,3,0,18110451,599,21,0.08967,22,0.052602,300,49,4270,2391,6000,,600,,,,cyclic,transition,0,no_load,both,B5: cyclic back-and-forth,servo-app/lab-0.1
1781163404.1728604,240.92138528823853,B5_CYCLIC,B5_CYCLIC_R01_20260611_143242,delta-asda-b3-e,1591,RTSO|SO|OE|VE|QS|TR,3,0,19805224,599,19,0.08113,22,0.052602,300,49,4270,2391,6000,,600,,,,cyclic,transition,0,no_load,both,B5: cyclic back-and-forth,servo-app/lab-0.1
1781163404.273641,241.02216601371765,B5_CYCLIC,B5_CYCLIC_R01_20260611_143242,delta-asda-b3-e,1591,RTSO|SO|OE|VE|QS|TR,3,0,21482391,599,21,0.08967,21,0.050211,300,49,4270,2391,6000,,600,,,,cyclic,transition,0,no_load,both,B5: cyclic back-and-forth,servo-app/lab-0.1
1781163404.3741379,241.12266278266907,B5_CYCLIC,B5_CYCLIC_R01_20260611_143242,delta-asda-b3-e,1591,RTSO|SO|OE|VE|QS|TR,3,0,23177537,600,18,0.07686,18,0.043038,301,49,4270,2391,6000,,600,,,,cyclic,transition,0,no_load,both,B5: cyclic back-and-forth,servo-app/lab-0.1
1781163404.4745839,241.22310876846313,B5_CYCLIC,B5_CYCLIC_R01_20260611_143242,delta-asda-b3-e,1591,RTSO|SO|OE|VE|QS|TR,3,0,24854610,599,19,0.08113,21,0.050211,300,49,4270,2391,6000,,600,,,,cyclic,transition,0,no_load,both,B5: cyclic back-and-forth,servo-app/lab-0.1
1781163404.5756123,241.32413721084595,B5_CYCLIC,B5_CYCLIC_R01_20260611_143242,delta-asda-b3-e,1591,RTSO|SO|OE|VE|QS|TR,3,0,26549362,599,21,0.08967,15,0.035865,300,49,4270,2391,6000,,600,,,,cyclic,transition,0,no_load,both,B5: cyclic back-and-forth,servo-app/lab-0.1
1781163404.675914,241.42443895339966,B5_CYCLIC,B5_CYCLIC_R01_20260611_143242,delta-asda-b3-e,1591,RTSO|SO|OE|VE|QS|TR,3,0,28243347,599,17,0.07259,20,0.04782,301,49,4270,2391,6000,,600,,,,cyclic,transition,0,no_load,both,B5: cyclic back-and-forth,servo-app/lab-0.1
1781163404.7762985,241.52482342720032,B5_CYCLIC,B5_CYCLIC_R01_20260611_143242,delta-asda-b3-e,1591,RTSO|SO|OE|VE|QS|TR,3,0,29921373,600,17,0.07259,17,0.040647,301,49,4270,2391,6000,,600,,,,cyclic,transition,0,no_load,both,B5: cyclic back-and-forth,servo-app/lab-0.1
1781163404.877147,241.6256718635559,B5_CYCLIC,B5_CYCLIC_R01_20260611_143242,delta-asda-b3-e,1591,RTSO|SO|OE|VE|QS|TR,3,0,31699972,601,20,0.0854,17,0.040647,301,49,4270,2391,6000,,600,,,,cyclic,transition,0,no_load,both,B5: cyclic back-and-forth,servo-app/lab-0.1
1781163404.9774213,241.72594618797302,B5_CYCLIC,B5_CYCLIC_R01_20260611_143242,delta-asda-b3-e,1591,RTSO|SO|OE|VE|QS|TR,3,0,33293833,600,25,0.10675,23,0.054993,300,49,4270,2391,6000,,600,,,,cyclic,transition,0,no_load,both,B5: cyclic back-and-forth,servo-app/lab-0.1
1781163405.0776253,241.8261501789093,B5_CYCLIC,B5_CYCLIC_R01_20260611_143242,delta-asda-b3-e,1591,RTSO|SO|OE|VE|QS|TR,3,0,34971034,600,22,0.09394,19,0.045429,301,49,4270,2391,6000,,600,,,,cyclic,transition,0,no_load,both,B5: cyclic back-and-forth,servo-app/lab-0.1
1781163405.1777349,241.92625975608826,B5_CYCLIC,B5_CYCLIC_R01_20260611_143242,delta-asda-b3-e,1591,RTSO|SO|OE|VE|QS|TR,3,0,36648955,600,20,0.0854,19,0.045429,301,49,4270,2391,6000,,600,,,,cyclic,transition,0,no_load,both,B5: cyclic back-and-forth,servo-app/lab-0.1
1781163405.278116,242.0266408920288,B5_CYCLIC,B5_CYCLIC_R01_20260611_143242,delta-asda-b3-e,1591,RTSO|SO|OE|VE|QS|TR,3,0,38343080,600,18,0.07686,20,0.04782,300,49,4270,2391,6000,,600,,,,cyclic,transition,0,no_load,both,B5: cyclic back-and-forth,servo-app/lab-0.1
1781163405.3782098,242.12673473358154,B5_CYCLIC,B5_CYCLIC_R01_20260611_143242,delta-asda-b3-e,1591,RTSO|SO|OE|VE|QS|TR,3,0,40021293,600,21,0.08967,23,0.054993,301,49,4270,2391,6000,,600,,,,cyclic,transition,0,no_load,both,B5: cyclic back-and-forth,servo-app/lab-0.1
1781163405.4787538,242.22727870941162,B5_CYCLIC,B5_CYCLIC_R01_20260611_143242,delta-asda-b3-e,1591,RTSO|SO|OE|VE|QS|TR,3,0,41698311,600,22,0.09394,26,0.062166,301,49,4270,2391,6000,,600,,,,cyclic,transition,0,no_load,both,B5: cyclic back-and-forth,servo-app/lab-0.1
1781163405.5788207,242.32734560966492,B5_CYCLIC,B5_CYCLIC_R01_20260611_143242,delta-asda-b3-e,1591,RTSO|SO|OE|VE|QS|TR,3,0,43376229,600,25,0.10675,22,0.052602,301,49,4270,2391,6000,,600,,,,cyclic,transition,0,no_load,both,B5: cyclic back-and-forth,servo-app/lab-0.1
1781163405.679234,242.42775893211365,B5_CYCLIC,B5_CYCLIC_R01_20260611_143242,delta-asda-b3-e,1591,RTSO|SO|OE|VE|QS|TR,3,0,45070283,600,17,0.07259,19,0.045429,301,49,4270,2391,6000,,600,,,,cyclic,transition,0,no_load,both,B5: cyclic back-and-forth,servo-app/lab-0.1
1781163405.7796078,242.52813267707825,B5_CYCLIC,B5_CYCLIC_R01_20260611_143242,delta-asda-b3-e,1591,RTSO|SO|OE|VE|QS|TR,3,0,46748459,600,17,0.07259,17,0.040647,300,49,4270,2391,6000,,600,,,,cyclic,transition,0,no_load,both,B5: cyclic back-and-forth,servo-app/lab-0.1
1781163405.8803816,242.62890648841858,B5_CYCLIC,B5_CYCLIC_R01_20260611_143242,delta-asda-b3-e,1591,RTSO|SO|OE|VE|QS|TR,3,0,48442917,601,18,0.07686,18,0.043038,301,49,4270,2391,6000,,600,,,,cyclic,transition,0,no_load,both,B5: cyclic back-and-forth,servo-app/lab-0.1
1781163405.9830046,242.73152947425842,B5_CYCLIC,B5_CYCLIC_R01_20260611_143242,delta-asda-b3-e,1591,RTSO|SO|OE|VE|QS|TR,3,0,50171254,600,19,0.08113,24,0.057384,300,49,4270,2391,6000,,600,,,,cyclic,transition,0,no_load,both,B5: cyclic back-and-forth,servo-app/lab-0.1
1781163406.0833027,242.83182764053345,B5_CYCLIC,B5_CYCLIC_R01_20260611_143242,delta-asda-b3-e,1591,RTSO|SO|OE|VE|QS|TR,3,0,51848582,600,23,0.09821,21,0.050211,301,49,4270,2391,6000,,600,,,,cyclic,transition,0,no_load,both,B5: cyclic back-and-forth,servo-app/lab-0.1
1781163406.1844661,242.93299102783203,B5_CYCLIC,B5_CYCLIC_R01_20260611_143242,delta-asda-b3-e,1591,RTSO|SO|OE|VE|QS|TR,3,0,53543215,600,19,0.08113,18,0.043038,300,49,4270,2391,6000,,600,,,,cyclic,transition,0,no_load,both,B5: cyclic back-and-forth,servo-app/lab-0.1
1781163406.2851853,243.03371024131775,B5_CYCLIC,B5_CYCLIC_R01_20260611_143242,delta-asda-b3-e,1591,RTSO|SO|OE|VE|QS|TR,3,0,55237613,601,12,0.05124,15,0.035865,300,49,4270,2391,6000,,600,,,,cyclic,transition,0,no_load,both,B5: cyclic back-and-forth,servo-app/lab-0.1
1781163406.385661,243.13418579101562,B5_CYCLIC,B5_CYCLIC_R01_20260611_143242,delta-asda-b3-e,1591,RTSO|SO|OE|VE|QS|TR,3,0,56915595,600,21,0.08967,21,0.050211,300,49,4270,2391,6000,,600,,,,cyclic,transition,0,no_load,both,B5: cyclic back-and-forth,servo-app/lab-0.1
1781163406.4859812,243.2345061302185,B5_CYCLIC,B5_CYCLIC_R01_20260611_143242,delta-asda-b3-e,1591,RTSO|SO|OE|VE|QS|TR,3,0,58609493,600,16,0.06832,18,0.043038,300,49,4270,2391,6000,,600,,,,cyclic,transition,0,no_load,both,B5: cyclic back-and-forth,servo-app/lab-0.1
1781163406.5867653,243.33529019355774,B5_CYCLIC,B5_CYCLIC_R01_20260611_143242,delta-asda-b3-e,1591,RTSO|SO|OE|VE|QS|TR,3,0,60287419,600,25,0.10675,23,0.054993,300,49,4270,2391,6000,,600,,,,cyclic,transition,0,no_load,both,B5: cyclic back-and-forth,servo-app/lab-0.1
1781163406.6868846,243.43540954589844,B5_CYCLIC,B5_CYCLIC_R01_20260611_143242,delta-asda-b3-e,1591,RTSO|SO|OE|VE|QS|TR,3,0,61964610,600,16,0.06832,21,0.050211,300,49,4270,2391,6000,,600,,,,cyclic,transition,0,no_load,both,B5: cyclic back-and-forth,servo-app/lab-0.1
1781163406.7871902,243.5357151031494,B5_CYCLIC,B5_CYCLIC_R01_20260611_143242,delta-asda-b3-e,1591,RTSO|SO|OE|VE|QS|TR,3,0,63659610,601,20,0.0854,20,0.04782,301,49,4270,2391,6000,,600,,,,cyclic,transition,0,no_load,both,B5: cyclic back-and-forth,servo-app/lab-0.1
1781163406.8873043,243.63582921028137,B5_CYCLIC,B5_CYCLIC_R01_20260611_143242,delta-asda-b3-e,1591,RTSO|SO|OE|VE|QS|TR,3,0,65337029,600,16,0.06832,20,0.04782,301,49,4270,2391,6000,,600,,,,cyclic,transition,0,no_load,both,B5: cyclic back-and-forth,servo-app/lab-0.1
1781163406.9885964,243.73712134361267,B5_CYCLIC,B5_CYCLIC_R01_20260611_143242,delta-asda-b3-e,1591,RTSO|SO|OE|VE|QS|TR,3,0,67031726,600,18,0.07686,19,0.045429,300,49,4270,2391,6000,,600,,,,cyclic,transition,0,no_load,both,B5: cyclic back-and-forth,servo-app/lab-0.1
1781163407.089052,243.8375768661499,B5_CYCLIC,B5_CYCLIC_R01_20260611_143242,delta-asda-b3-e,1591,RTSO|SO|OE|VE|QS|TR,3,0,68725857,600,23,0.09821,22,0.052602,300,49,4270,2391,6000,,600,,,,cyclic,transition,0,no_load,both,B5: cyclic back-and-forth,servo-app/lab-0.1
1781163407.1894882,243.93801307678223,B5_CYCLIC,B5_CYCLIC_R01_20260611_143242,delta-asda-b3-e,1591,RTSO|SO|OE|VE|QS|TR,3,0,70403739,600,22,0.09394,20,0.04782,300,49,4270,2391,6000,,600,,,,cyclic,transition,0,no_load,both,B5: cyclic back-and-forth,servo-app/lab-0.1
1781163407.2896194,244.03814435005188,B5_CYCLIC,B5_CYCLIC_R01_20260611_143242,delta-asda-b3-e,1591,RTSO|SO|OE|VE|QS|TR,3,0,72081452,601,17,0.07259,12,0.028692,300,49,4270,2391,6000,,600,,,,cyclic,transition,0,no_load,both,B5: cyclic back-and-forth,servo-app/lab-0.1
1781163407.3896623,244.1381871700287,B5_CYCLIC,B5_CYCLIC_R01_20260611_143242,delta-asda-b3-e,1591,RTSO|SO|OE|VE|QS|TR,3,0,73759319,600,21,0.08967,19,0.045429,300,49,4270,2391,6000,,600,,,,cyclic,transition,0,no_load,both,B5: cyclic back-and-forth,servo-app/lab-0.1
1781163407.4900727,244.23859763145447,B5_CYCLIC,B5_CYCLIC_R01_20260611_143242,delta-asda-b3-e,1591,RTSO|SO|OE|VE|QS|TR,3,0,75453289,600,14,0.05978,19,0.045429,300,49,4270,2391,6000,,600,,,,cyclic,transition,0,no_load,both,B5: cyclic back-and-forth,servo-app/lab-0.1
1781163407.590465,244.33898997306824,B5_CYCLIC,B5_CYCLIC_R01_20260611_143242,delta-asda-b3-e,1591,RTSO|SO|OE|VE|QS|TR,3,0,77131171,600,22,0.09394,21,0.050211,301,49,4270,2391,6000,,600,,,,cyclic,transition,0,no_load,both,B5: cyclic back-and-forth,servo-app/lab-0.1
1781163407.6911173,244.43964219093323,B5_CYCLIC,B5_CYCLIC_R01_20260611_143242,delta-asda-b3-e,1591,RTSO|SO|OE|VE|QS|TR,3,0,78825201,600,14,0.05978,14,0.033474,301,49,4270,2391,6000,,600,,,,cyclic,transition,0,no_load,both,B5: cyclic back-and-forth,servo-app/lab-0.1
1781163407.7917225,244.54024744033813,B5_CYCLIC,B5_CYCLIC_R01_20260611_143242,delta-asda-b3-e,1591,RTSO|SO|OE|VE|QS|TR,3,0,80503487,601,20,0.0854,22,0.052602,301,49,4270,2391,6000,,600,,,,cyclic,transition,0,no_load,both,B5: cyclic back-and-forth,servo-app/lab-0.1
1781163407.8931463,244.6416711807251,B5_CYCLIC,B5_CYCLIC_R01_20260611_143242,delta-asda-b3-e,1591,RTSO|SO|OE|VE|QS|TR,3,0,82214356,600,15,0.06405,14,0.033474,301,49,4270,2391,6000,,600,,,,cyclic,transition,0,no_load,both,B5: cyclic back-and-forth,servo-app/lab-0.1
1781163407.9933028,244.74182772636414,B5_CYCLIC,B5_CYCLIC_R01_20260611_143242,delta-asda-b3-e,1591,RTSO|SO|OE|VE|QS|TR,3,0,83892248,600,21,0.08967,19,0.045429,301,49,4270,2391,6000,,600,,,,cyclic,transition,0,no_load,both,B5: cyclic back-and-forth,servo-app/lab-0.1
1781163408.0937393,244.84226417541504,B5_CYCLIC,B5_CYCLIC_R01_20260611_143242,delta-asda-b3-e,1591,RTSO|SO|OE|VE|QS|TR,3,0,85569497,600,16,0.06832,17,0.040647,300,49,4270,2391,6000,,600,,,,cyclic,transition,0,no_load,both,B5: cyclic back-and-forth,servo-app/lab-0.1
1781163408.1940262,244.94255113601685,B5_CYCLIC,B5_CYCLIC_R01_20260611_143242,delta-asda-b3-e,1591,RTSO|SO|OE|VE|QS|TR,3,0,87264091,600,20,0.0854,20,0.04782,300,49,4270,2391,6000,,600,,,,cyclic,transition,0,no_load,both,B5: cyclic back-and-forth,servo-app/lab-0.1
1781163408.2945595,245.04308438301086,B5_CYCLIC,B5_CYCLIC_R01_20260611_143242,delta-asda-b3-e,1591,RTSO|SO|OE|VE|QS|TR,3,0,88941710,600,19,0.08113,15,0.035865,301,49,4270,2391,6000,,600,,,,cyclic,transition,0,no_load,both,B5: cyclic back-and-forth,servo-app/lab-0.1
1781163408.3948042,245.14332914352417,B5_CYCLIC,B5_CYCLIC_R01_20260611_143242,delta-asda-b3-e,1591,RTSO|SO|OE|VE|QS|TR,3,0,90786968,600,23,0.09821,20,0.04782,301,49,4270,2391,6000,,600,,,,cyclic,transition,0,no_load,both,B5: cyclic back-and-forth,servo-app/lab-0.1
1781163408.4951618,245.2436866760254,B5_CYCLIC,B5_CYCLIC_R01_20260611_143242,delta-asda-b3-e,1591,RTSO|SO|OE|VE|QS|TR,3,0,92313639,600,13,0.05551,17,0.040647,300,49,4270,2391,6000,,600,,,,cyclic,transition,0,no_load,both,B5: cyclic back-and-forth,servo-app/lab-0.1
1781163408.5954723,245.34399724006653,B5_CYCLIC,B5_CYCLIC_R01_20260611_143242,delta-asda-b3-e,1591,RTSO|SO|OE|VE|QS|TR,3,0,93991465,600,20,0.0854,20,0.04782,300,49,4270,2391,6000,,600,,,,cyclic,transition,0,no_load,both,B5: cyclic back-and-forth,servo-app/lab-0.1
1781163408.696061,245.4445858001709,B5_CYCLIC,B5_CYCLIC_R01_20260611_143242,delta-asda-b3-e,1591,RTSO|SO|OE|VE|QS|TR,3,0,95685726,600,15,0.06405,15,0.035865,300,49,4270,2391,6000,,600,,,,cyclic,transition,0,no_load,both,B5: cyclic back-and-forth,servo-app/lab-0.1
1781163408.7962852,245.5448100566864,B5_CYCLIC,B5_CYCLIC_R01_20260611_143242,delta-asda-b3-e,1591,RTSO|SO|OE|VE|QS|TR,3,0,97363859,600,19,0.08113,18,0.043038,301,49,4270,2391,6000,,600,,,,cyclic,transition,0,no_load,both,B5: cyclic back-and-forth,servo-app/lab-0.1
1781163408.8972769,245.64580178260803,B5_CYCLIC,B5_CYCLIC_R01_20260611_143242,delta-asda-b3-e,1591,RTSO|SO|OE|VE|QS|TR,3,0,99057973,600,18,0.07686,15,0.035865,301,49,4270,2391,6000,,600,,,,cyclic,transition,0,no_load,both,B5: cyclic back-and-forth,servo-app/lab-0.1
1781163408.9976296,245.74615454673767,B5_CYCLIC,B5_CYCLIC_R01_20260611_143242,delta-asda-b3-e,1591,RTSO|SO|OE|VE|QS|TR,3,0,100735866,600,20,0.0854,31,0.074121,301,49,4270,2391,6000,,600,,,,cyclic,transition,0,no_load,both,B5: cyclic back-and-forth,servo-app/lab-0.1
1781163409.0983293,245.8468542098999,B5_CYCLIC,B5_CYCLIC_R01_20260611_143242,delta-asda-b3-e,1591,RTSO|SO|OE|VE|QS|TR,3,0,102429979,600,18,0.07686,15,0.035865,301,49,4270,2391,6000,,600,,,,cyclic,transition,0,no_load,both,B5: cyclic back-and-forth,servo-app/lab-0.1
1781163409.1986353,245.94716024398804,B5_CYCLIC,B5_CYCLIC_R01_20260611_143242,delta-asda-b3-e,1591,RTSO|SO|OE|VE|QS|TR,3,0,104108013,600,19,0.08113,19,0.045429,301,49,4270,2391,6000,,600,,,,cyclic,transition,0,no_load,both,B5: cyclic back-and-forth,servo-app/lab-0.1
1781163409.2990227,246.04754757881165,B5_CYCLIC,B5_CYCLIC_R01_20260611_143242,delta-asda-b3-e,1591,RTSO|SO|OE|VE|QS|TR,3,0,105802470,600,21,0.08967,16,0.038256,301,49,4270,2391,6000,,600,,,,cyclic,transition,0,no_load,both,B5: cyclic back-and-forth,servo-app/lab-0.1
1781163409.4548094,246.20333433151245,B5_CYCLIC,B5_CYCLIC_R01_20260611_143242,delta-asda-b3-e,1591,RTSO|SO|OE|VE|QS|TR,3,0,109107099,600,15,0.06405,16,0.038256,301,49,4270,2391,6000,,600,,,,cyclic,transition,0,no_load,both,B5: cyclic back-and-forth,servo-app/lab-0.1
1781163409.555331,246.3038558959961,B5_CYCLIC,B5_CYCLIC_R01_20260611_143242,delta-asda-b3-e,1591,RTSO|SO|OE|VE|QS|TR,3,0,110097825,600,17,0.07259,19,0.045429,301,49,4270,2391,6000,,600,,,,cyclic,transition,0,no_load,both,B5: cyclic back-and-forth,servo-app/lab-0.1
1781163409.6554906,246.40401554107666,B5_CYCLIC,B5_CYCLIC_R01_20260611_143242,delta-asda-b3-e,1591,RTSO|SO|OE|VE|QS|TR,3,0,111791783,599,23,0.09821,20,0.04782,300,49,4270,2391,6000,,600,,,,cyclic,transition,0,no_load,both,B5: cyclic back-and-forth,servo-app/lab-0.1
1781163409.7560742,246.50459909439087,B5_CYCLIC,B5_CYCLIC_R01_20260611_143242,delta-asda-b3-e,1591,RTSO|SO|OE|VE|QS|TR,3,0,113469717,600,18,0.07686,17,0.040647,301,49,4270,2391,6000,,600,,,,cyclic,transition,0,no_load,both,B5: cyclic back-and-forth,servo-app/lab-0.1
1781163409.8568347,246.60535955429077,B5_CYCLIC,B5_CYCLIC_R01_20260611_143242,delta-asda-b3-e,1591,RTSO|SO|OE|VE|QS|TR,3,0,115163755,599,21,0.08967,19,0.045429,301,49,4270,2391,6000,,600,,,,cyclic,transition,0,no_load,both,B5: cyclic back-and-forth,servo-app/lab-0.1
1781163409.9571211,246.70564603805542,B5_CYCLIC,B5_CYCLIC_R01_20260611_143242,delta-asda-b3-e,1591,RTSO|SO|OE|VE|QS|TR,3,0,116842102,600,20,0.0854,20,0.04782,301,49,4270,2391,6000,,600,,,,cyclic,transition,0,no_load,both,B5: cyclic back-and-forth,servo-app/lab-0.1
1781163410.0574098,246.80593466758728,B5_CYCLIC,B5_CYCLIC_R01_20260611_143242,delta-asda-b3-e,1591,RTSO|SO|OE|VE|QS|TR,3,0,118519396,599,21,0.08967,20,0.04782,301,49,4270,2391,6000,,600,,,,cyclic,transition,0,no_load,both,B5: cyclic back-and-forth,servo-app/lab-0.1
1781163410.1578295,246.90635442733765,B5_CYCLIC,B5_CYCLIC_R01_20260611_143242,delta-asda-b3-e,1591,RTSO|SO|OE|VE|QS|TR,3,0,120197323,600,16,0.06832,17,0.040647,301,49,4270,2391,6000,,600,,,,cyclic,transition,0,no_load,both,B5: cyclic back-and-forth,servo-app/lab-0.1
1781163410.2579415,247.0064663887024,B5_CYCLIC,B5_CYCLIC_R01_20260611_143242,delta-asda-b3-e,1591,RTSO|SO|OE|VE|QS|TR,3,0,121891297,599,24,0.10248,25,0.059775,301,49,4270,2391,6000,,600,,,,cyclic,transition,0,no_load,both,B5: cyclic back-and-forth,servo-app/lab-0.1
1781163410.3580477,247.10657262802124,B5_CYCLIC,B5_CYCLIC_R01_20260611_143242,delta-asda-b3-e,1591,RTSO|SO|OE|VE|QS|TR,3,0,123569193,600,16,0.06832,17,0.040647,301,49,4270,2391,6000,,600,,,,cyclic,transition,0,no_load,both,B5: cyclic back-and-forth,servo-app/lab-0.1
1781163410.4586256,247.20715045928955,B5_CYCLIC,B5_CYCLIC_R01_20260611_143242,delta-asda-b3-e,1591,RTSO|SO|OE|VE|QS|TR,3,0,125263515,599,20,0.0854,19,0.045429,300,49,4270,2391,6000,,600,,,,cyclic,transition,0,no_load,both,B5: cyclic back-and-forth,servo-app/lab-0.1
1781163410.5591397,247.30766463279724,B5_CYCLIC,B5_CYCLIC_R01_20260611_143242,delta-asda-b3-e,1591,RTSO|SO|OE|VE|QS|TR,3,0,126941353,599,17,0.07259,18,0.043038,301,49,4270,2391,6000,,600,,,,cyclic,transition,0,no_load,both,B5: cyclic back-and-forth,servo-app/lab-0.1
1781163410.6592598,247.40778470039368,B5_CYCLIC,B5_CYCLIC_R01_20260611_143242,delta-asda-b3-e,1591,RTSO|SO|OE|VE|QS|TR,3,0,128618564,599,23,0.09821,21,0.050211,301,49,4270,2391,6000,,600,,,,cyclic,transition,0,no_load,both,B5: cyclic back-and-forth,servo-app/lab-0.1
1781163410.7599452,247.50847005844116,B5_CYCLIC,B5_CYCLIC_R01_20260611_143242,delta-asda-b3-e,1591,RTSO|SO|OE|VE|QS|TR,3,0,130313213,599,19,0.08113,18,0.043038,301,49,4270,2391,6000,,600,,,,cyclic,transition,0,no_load,both,B5: cyclic back-and-forth,servo-app/lab-0.1
1781163410.8604937,247.60901856422424,B5_CYCLIC,B5_CYCLIC_R01_20260611_143242,delta-asda-b3-e,1591,RTSO|SO|OE|VE|QS|TR,3,0,131990535,599,23,0.09821,22,0.052602,301,49,4270,2391,6000,,600,,,,cyclic,transition,0,no_load,both,B5: cyclic back-and-forth,servo-app/lab-0.1
1781163410.9607484,247.70927333831787,B5_CYCLIC,B5_CYCLIC_R01_20260611_143242,delta-asda-b3-e,1591,RTSO|SO|OE|VE|QS|TR,3,0,133668897,600,20,0.0854,20,0.04782,301,49,4270,2391,6000,,600,,,,cyclic,transition,0,no_load,both,B5: cyclic back-and-forth,servo-app/lab-0.1
1781163411.060814,247.8093388080597,B5_CYCLIC,B5_CYCLIC_R01_20260611_143242,delta-asda-b3-e,1591,RTSO|SO|OE|VE|QS|TR,3,0,135362767,598,23,0.09821,25,0.059775,301,49,4270,2391,6000,,600,,,,cyclic,transition,0,no_load,both,B5: cyclic back-and-forth,servo-app/lab-0.1
1781163411.1609907,247.90951561927795,B5_CYCLIC,B5_CYCLIC_R01_20260611_143242,delta-asda-b3-e,1591,RTSO|SO|OE|VE|QS|TR,3,0,137040769,599,18,0.07686,18,0.043038,301,49,4270,2391,6000,,600,,,,cyclic,transition,0,no_load,both,B5: cyclic back-and-forth,servo-app/lab-0.1
1781163411.261064,248.00958895683289,B5_CYCLIC,B5_CYCLIC_R01_20260611_143242,delta-asda-b3-e,1591,RTSO|SO|OE|VE|QS|TR,3,0,138784674,598,22,0.09394,26,0.062166,301,49,4270,2391,6000,,600,,,,cyclic,transition,0,no_load,both,B5: cyclic back-and-forth,servo-app/lab-0.1
1781163411.3615656,248.11009049415588,B5_CYCLIC,B5_CYCLIC_R01_20260611_143242,delta-asda-b3-e,1591,RTSO|SO|OE|VE|QS|TR,3,0,140396016,599,17,0.07259,17,0.040647,301,49,4270,2391,6000,,600,,,,cyclic,transition,0,no_load,both,B5: cyclic back-and-forth,servo-app/lab-0.1
1781163411.461985,248.21051001548767,B5_CYCLIC,B5_CYCLIC_R01_20260611_143242,delta-asda-b3-e,1591,RTSO|SO|OE|VE|QS|TR,3,0,142090181,599,22,0.09394,22,0.052602,302,49,4270,2391,6000,,600,,,,cyclic,transition,0,no_load,both,B5: cyclic back-and-forth,servo-app/lab-0.1
1781163411.5624259,248.310950756073,B5_CYCLIC,B5_CYCLIC_R01_20260611_143242,delta-asda-b3-e,1591,RTSO|SO|OE|VE|QS|TR,3,0,143768043,599,18,0.07686,20,0.04782,301,49,4270,2391,6000,,600,,,,cyclic,transition,0,no_load,both,B5: cyclic back-and-forth,servo-app/lab-0.1
1781163411.663456,248.41198086738586,B5_CYCLIC,B5_CYCLIC_R01_20260611_143242,delta-asda-b3-e,1591,RTSO|SO|OE|VE|QS|TR,3,0,145461985,598,22,0.09394,24,0.057384,301,49,4270,2391,6000,,600,,,,cyclic,transition,0,no_load,both,B5: cyclic back-and-forth,servo-app/lab-0.1
1781163411.7637906,248.5123155117035,B5_CYCLIC,B5_CYCLIC_R01_20260611_143242,delta-asda-b3-e,1591,RTSO|SO|OE|VE|QS|TR,3,0,147139898,598,18,0.07686,19,0.045429,301,49,4270,2391,6000,,600,,,,cyclic,transition,0,no_load,both,B5: cyclic back-and-forth,servo-app/lab-0.1
1781163411.864315,248.61283993721008,B5_CYCLIC,B5_CYCLIC_R01_20260611_143242,delta-asda-b3-e,1591,RTSO|SO|OE|VE|QS|TR,3,0,148833964,599,25,0.10675,22,0.052602,301,49,4270,2391,6000,,600,,,,cyclic,transition,0,no_load,both,B5: cyclic back-and-forth,servo-app/lab-0.1
1781163411.9648874,248.71341228485107,B5_CYCLIC,B5_CYCLIC_R01_20260611_143242,delta-asda-b3-e,1591,RTSO|SO|OE|VE|QS|TR,3,0,150528993,599,24,0.10248,20,0.04782,301,49,4270,2391,6000,,600,,,,cyclic,transition,0,no_load,both,B5: cyclic back-and-forth,servo-app/lab-0.1
1781163412.065445,248.81396985054016,B5_CYCLIC,B5_CYCLIC_R01_20260611_143242,delta-asda-b3-e,1591,RTSO|SO|OE|VE|QS|TR,3,0,152206111,598,21,0.08967,21,0.050211,301,49,4270,2391,6000,,600,,,,cyclic,transition,0,no_load,both,B5: cyclic back-and-forth,servo-app/lab-0.1
1781163412.1660063,248.9145312309265,B5_CYCLIC,B5_CYCLIC_R01_20260611_143242,delta-asda-b3-e,1591,RTSO|SO|OE|VE|QS|TR,3,0,153884235,599,17,0.07259,17,0.040647,301,49,4270,2391,6000,,600,,,,cyclic,transition,0,no_load,both,B5: cyclic back-and-forth,servo-app/lab-0.1
1781163412.2660754,249.01460027694702,B5_CYCLIC,B5_CYCLIC_R01_20260611_143242,delta-asda-b3-e,1591,RTSO|SO|OE|VE|QS|TR,3,0,155578035,598,27,0.11529,23,0.054993,301,49,4270,2391,6000,,600,,,,cyclic,transition,0,no_load,both,B5: cyclic back-and-forth,servo-app/lab-0.1
1781163412.3665211,249.1150460243225,B5_CYCLIC,B5_CYCLIC_R01_20260611_143242,delta-asda-b3-e,1591,RTSO|SO|OE|VE|QS|TR,3,0,157256287,599,21,0.08967,18,0.043038,301,49,4270,2391,6000,,600,,,,cyclic,transition,0,no_load,both,B5: cyclic back-and-forth,servo-app/lab-0.1
1781163412.4670942,249.21561908721924,B5_CYCLIC,B5_CYCLIC_R01_20260611_143242,delta-asda-b3-e,1591,RTSO|SO|OE|VE|QS|TR,3,0,158950380,599,25,0.10675,23,0.054993,301,49,4270,2391,6000,,600,,,,cyclic,transition,0,no_load,both,B5: cyclic back-and-forth,servo-app/lab-0.1
1781163412.567785,249.31630992889404,B5_CYCLIC,B5_CYCLIC_R01_20260611_143242,delta-asda-b3-e,1591,RTSO|SO|OE|VE|QS|TR,3,0,160628264,598,16,0.06832,17,0.040647,301,49,4270,2391,6000,,600,,,,cyclic,transition,0,no_load,both,B5: cyclic back-and-forth,servo-app/lab-0.1
1781163412.6683753,249.41690015792847,B5_CYCLIC,B5_CYCLIC_R01_20260611_143242,delta-asda-b3-e,1591,RTSO|SO|OE|VE|QS|TR,3,0,162322203,598,26,0.11102,27,0.064557,300,49,4270,2391,6000,,600,,,,cyclic,transition,0,no_load,both,B5: cyclic back-and-forth,servo-app/lab-0.1
1781163412.7694526,249.51797747612,B5_CYCLIC,B5_CYCLIC_R01_20260611_143242,delta-asda-b3-e,1591,RTSO|SO|OE|VE|QS|TR,3,0,164016875,598,21,0.08967,20,0.04782,301,49,4270,2391,6000,,600,,,,cyclic,transition,0,no_load,both,B5: cyclic back-and-forth,servo-app/lab-0.1
1781163412.8698812,249.6184060573578,B5_CYCLIC,B5_CYCLIC_R01_20260611_143242,delta-asda-b3-e,1591,RTSO|SO|OE|VE|QS|TR,3,0,165711168,599,20,0.0854,21,0.050211,301,49,4270,2391,6000,,600,,,,cyclic,transition,0,no_load,both,B5: cyclic back-and-forth,servo-app/lab-0.1
1781163412.9701118,249.71863675117493,B5_CYCLIC,B5_CYCLIC_R01_20260611_143242,delta-asda-b3-e,1591,RTSO|SO|OE|VE|QS|TR,3,0,167389399,599,18,0.07686,21,0.050211,301,49,4270,2391,6000,,600,,,,cyclic,transition,0,no_load,both,B5: cyclic back-and-forth,servo-app/lab-0.1
1781163413.07036,249.81888484954834,B5_CYCLIC,B5_CYCLIC_R01_20260611_143242,delta-asda-b3-e,1591,RTSO|SO|OE|VE|QS|TR,3,0,169066480,598,20,0.0854,23,0.054993,301,49,4270,2391,6000,,600,,,,cyclic,transition,0,no_load,both,B5: cyclic back-and-forth,servo-app/lab-0.1
1781163413.1711247,249.91964960098267,B5_CYCLIC,B5_CYCLIC_R01_20260611_143242,delta-asda-b3-e,1591,RTSO|SO|OE|VE|QS|TR,3,0,170761272,599,18,0.07686,18,0.043038,301,49,4270,2391,6000,,600,,,,cyclic,transition,0,no_load,both,B5: cyclic back-and-forth,servo-app/lab-0.1
1781163413.2714581,250.0199830532074,B5_CYCLIC,B5_CYCLIC_R01_20260611_143242,delta-asda-b3-e,567,RTSO|SO|OE|VE|QS,3,0,172298776,272,-3,-0.01281,5,0.011955,301,49,4270,2391,6000,,600,,,,cyclic,transition,0,no_load,both,B5: cyclic back-and-forth,servo-app/lab-0.1
1781163413.3717701,250.12029504776,B5_CYCLIC,B5_CYCLIC_R01_20260611_143242,delta-asda-b3-e,1591,RTSO|SO|OE|VE|QS|TR,3,0,170861635,-601,-18,-0.07686,-18,-0.043038,300,49,4270,2391,6000,,600,,,,cyclic,transition,0,no_load,both,B5: cyclic back-and-forth,servo-app/lab-0.1
1781163413.472285,250.22080993652344,B5_CYCLIC,B5_CYCLIC_R01_20260611_143242,delta-asda-b3-e,1591,RTSO|SO|OE|VE|QS|TR,3,0,169167267,-601,-14,-0.05978,-17,-0.040647,300,49,4270,2391,6000,,600,,,,cyclic,transition,0,no_load,both,B5: cyclic back-and-forth,servo-app/lab-0.1
1781163413.5724056,250.32093048095703,B5_CYCLIC,B5_CYCLIC_R01_20260611_143242,delta-asda-b3-e,1591,RTSO|SO|OE|VE|QS|TR,3,0,167489668,-601,-18,-0.07686,-22,-0.052602,300,49,4270,2391,6000,,600,,,,cyclic,transition,0,no_load,both,B5: cyclic back-and-forth,servo-app/lab-0.1
1781163413.6728995,250.4214243888855,B5_CYCLIC,B5_CYCLIC_R01_20260611_143242,delta-asda-b3-e,1591,RTSO|SO|OE|VE|QS|TR,3,0,165811887,-601,-15,-0.06405,-17,-0.040647,300,49,4270,2391,6000,,600,,,,cyclic,transition,0,no_load,both,B5: cyclic back-and-forth,servo-app/lab-0.1
1781163413.7735775,250.52210235595703,B5_CYCLIC,B5_CYCLIC_R01_20260611_143242,delta-asda-b3-e,1591,RTSO|SO|OE|VE|QS|TR,3,0,164117618,-600,-18,-0.07686,-21,-0.050211,301,49,4270,2391,6000,,600,,,,cyclic,transition,0,no_load,both,B5: cyclic back-and-forth,servo-app/lab-0.1
1781163413.87938,250.62790489196777,B5_CYCLIC,B5_CYCLIC_R01_20260611_143242,delta-asda-b3-e,1591,RTSO|SO|OE|VE|QS|TR,3,0,162338570,-601,-16,-0.06832,-15,-0.035865,301,49,4270,2391,6000,,600,,,,cyclic,transition,0,no_load,both,B5: cyclic back-and-forth,servo-app/lab-0.1
1781163413.9794981,250.72802305221558,B5_CYCLIC,B5_CYCLIC_R01_20260611_143242,delta-asda-b3-e,1591,RTSO|SO|OE|VE|QS|TR,3,0,160661107,-600,-20,-0.0854,-20,-0.04782,301,49,4270,2391,6000,,600,,,,cyclic,transition,0,no_load,both,B5: cyclic back-and-forth,servo-app/lab-0.1
1781163414.0802915,250.8288164138794,B5_CYCLIC,B5_CYCLIC_R01_20260611_143242,delta-asda-b3-e,1591,RTSO|SO|OE|VE|QS|TR,3,0,158966326,-601,-16,-0.06832,-14,-0.033474,301,49,4270,2391,6000,,600,,,,cyclic,transition,0,no_load,both,B5: cyclic back-and-forth,servo-app/lab-0.1
1781163414.1806684,250.92919325828552,B5_CYCLIC,B5_CYCLIC_R01_20260611_143242,delta-asda-b3-e,1591,RTSO|SO|OE|VE|QS|TR,3,0,157289150,-600,-21,-0.08967,-20,-0.04782,300,49,4270,2391,6000,,600,,,,cyclic,transition,0,no_load,both,B5: cyclic back-and-forth,servo-app/lab-0.1
1781163414.2810824,251.02960729599,B5_CYCLIC,B5_CYCLIC_R01_20260611_143242,delta-asda-b3-e,1591,RTSO|SO|OE|VE|QS|TR,3,0,155594590,-601,-15,-0.06405,-18,-0.043038,301,49,4270,2391,6000,,600,,,,cyclic,transition,0,no_load,both,B5: cyclic back-and-forth,servo-app/lab-0.1
1781163414.3811533,251.12967824935913,B5_CYCLIC,B5_CYCLIC_R01_20260611_143242,delta-asda-b3-e,1591,RTSO|SO|OE|VE|QS|TR,3,0,153916979,-600,-22,-0.09394,-23,-0.054993,301,49,4270,2391,6000,,600,,,,cyclic,transition,0,no_load,both,B5: cyclic back-and-forth,servo-app/lab-0.1
1781163414.4817848,251.23030972480774,B5_CYCLIC,B5_CYCLIC_R01_20260611_143242,delta-asda-b3-e,1591,RTSO|SO|OE|VE|QS|TR,3,0,152239106,-600,-17,-0.07259,-18,-0.043038,301,49,4270,2391,6000,,600,,,,cyclic,transition,0,no_load,both,B5: cyclic back-and-forth,servo-app/lab-0.1
1781163414.5822837,251.33080863952637,B5_CYCLIC,B5_CYCLIC_R01_20260611_143242,delta-asda-b3-e,1591,RTSO|SO|OE|VE|QS|TR,3,0,150544803,-600,-19,-0.08113,-21,-0.050211,301,49,4270,2391,6000,,600,,,,cyclic,transition,0,no_load,both,B5: cyclic back-and-forth,servo-app/lab-0.1
1781163414.683583,251.43210792541504,B5_CYCLIC,B5_CYCLIC_R01_20260611_143242,delta-asda-b3-e,1591,RTSO|SO|OE|VE|QS|TR,3,0,148850281,-600,-16,-0.06832,-16,-0.038256,301,49,4270,2391,6000,,600,,,,cyclic,transition,0,no_load,both,B5: cyclic back-and-forth,servo-app/lab-0.1
1781163414.7848,251.53332495689392,B5_CYCLIC,B5_CYCLIC_R01_20260611_143242,delta-asda-b3-e,1591,RTSO|SO|OE|VE|QS|TR,3,0,147155847,-600,-19,-0.08113,-17,-0.040647,301,49,4270,2391,6000,,600,,,,cyclic,transition,0,no_load,both,B5: cyclic back-and-forth,servo-app/lab-0.1
1781163414.8855333,251.6340582370758,B5_CYCLIC,B5_CYCLIC_R01_20260611_143242,delta-asda-b3-e,1591,RTSO|SO|OE|VE|QS|TR,3,0,145460865,-601,-19,-0.08113,-17,-0.040647,301,49,4270,2391,6000,,600,,,,cyclic,transition,0,no_load,both,B5: cyclic back-and-forth,servo-app/lab-0.1
1781163414.986043,251.7345678806305,B5_CYCLIC,B5_CYCLIC_R01_20260611_143242,delta-asda-b3-e,1591,RTSO|SO|OE|VE|QS|TR,3,0,143766583,-601,-20,-0.0854,-20,-0.04782,301,49,4270,2391,6000,,600,,,,cyclic,transition,0,no_load,both,B5: cyclic back-and-forth,servo-app/lab-0.1
1781163415.0861156,251.8346405029297,B5_CYCLIC,B5_CYCLIC_R01_20260611_143242,delta-asda-b3-e,1591,RTSO|SO|OE|VE|QS|TR,3,0,142088552,-601,-24,-0.10248,-23,-0.054993,300,49,4270,2391,6000,,600,,,,cyclic,transition,0,no_load,both,B5: cyclic back-and-forth,servo-app/lab-0.1
1781163415.1866827,251.93520760536194,B5_CYCLIC,B5_CYCLIC_R01_20260611_143242,delta-asda-b3-e,1591,RTSO|SO|OE|VE|QS|TR,3,0,140411543,-600,-20,-0.0854,-19,-0.045429,300,49,4270,2391,6000,,600,,,,cyclic,transition,0,no_load,both,B5: cyclic back-and-forth,servo-app/lab-0.1
1781163415.286794,252.03531885147095,B5_CYCLIC,B5_CYCLIC_R01_20260611_143242,delta-asda-b3-e,1591,RTSO|SO|OE|VE|QS|TR,3,0,138733598,-601,-15,-0.06405,-16,-0.038256,300,49,4270,2391,6000,,600,,,,cyclic,transition,0,no_load,both,B5: cyclic back-and-forth,servo-app/lab-0.1
1781163415.3868878,252.13541269302368,B5_CYCLIC,B5_CYCLIC_R01_20260611_143242,delta-asda-b3-e,1591,RTSO|SO|OE|VE|QS|TR,3,0,137056212,-600,-21,-0.08967,-27,-0.064557,300,49,4270,2391,6000,,600,,,,cyclic,transition,0,no_load,both,B5: cyclic back-and-forth,servo-app/lab-0.1
1781163415.4870253,252.2355501651764,B5_CYCLIC,B5_CYCLIC_R01_20260611_143242,delta-asda-b3-e,1591,RTSO|SO|OE|VE|QS|TR,3,0,135361049,-601,-18,-0.07686,-16,-0.038256,300,49,4270,2391,6000,,600,,,,cyclic,transition,0,no_load,both,B5: cyclic back-and-forth,servo-app/lab-0.1
1781163415.5874596,252.33598446846008,B5_CYCLIC,B5_CYCLIC_R01_20260611_143242,delta-asda-b3-e,1591,RTSO|SO|OE|VE|QS|TR,3,0,133683631,-600,-20,-0.0854,-19,-0.045429,300,49,4270,2391,6000,,600,,,,cyclic,transition,0,no_load,both,B5: cyclic back-and-forth,servo-app/lab-0.1
1781163415.688591,252.43711590766907,B5_CYCLIC,B5_CYCLIC_R01_20260611_143242,delta-asda-b3-e,1591,RTSO|SO|OE|VE|QS|TR,3,0,131988864,-601,-18,-0.07686,-19,-0.045429,300,49,4270,2391,6000,,600,,,,cyclic,transition,0,no_load,both,B5: cyclic back-and-forth,servo-app/lab-0.1
1781163415.7892375,252.53776240348816,B5_CYCLIC,B5_CYCLIC_R01_20260611_143242,delta-asda-b3-e,1591,RTSO|SO|OE|VE|QS|TR,3,0,130294368,-601,-19,-0.08113,-18,-0.043038,300,49,4270,2391,6000,,600,,,,cyclic,transition,0,no_load,both,B5: cyclic back-and-forth,servo-app/lab-0.1
1781163415.8894956,252.6380205154419,B5_CYCLIC,B5_CYCLIC_R01_20260611_143242,delta-asda-b3-e,1591,RTSO|SO|OE|VE|QS|TR,3,0,128616277,-601,-17,-0.07259,-18,-0.043038,301,49,4270,2391,6000,,600,,,,cyclic,transition,0,no_load,both,B5: cyclic back-and-forth,servo-app/lab-0.1
1781163415.989562,252.73808693885803,B5_CYCLIC,B5_CYCLIC_R01_20260611_143242,delta-asda-b3-e,1591,RTSO|SO|OE|VE|QS|TR,3,0,126938797,-601,-19,-0.08113,-20,-0.04782,301,49,4270,2391,6000,,600,,,,cyclic,transition,0,no_load,both,B5: cyclic back-and-forth,servo-app/lab-0.1
1781163416.0896733,252.83819818496704,B5_CYCLIC,B5_CYCLIC_R01_20260611_143242,delta-asda-b3-e,1591,RTSO|SO|OE|VE|QS|TR,3,0,125260835,-600,-20,-0.0854,-21,-0.050211,300,49,4270,2391,6000,,600,,,,cyclic,transition,0,no_load,both,B5: cyclic back-and-forth,servo-app/lab-0.1
1781163416.190161,252.93868589401245,B5_CYCLIC,B5_CYCLIC_R01_20260611_143242,delta-asda-b3-e,1591,RTSO|SO|OE|VE|QS|TR,3,0,123566889,-600,-19,-0.08113,-18,-0.043038,300,49,4270,2391,6000,,600,,,,cyclic,transition,0,no_load,both,B5: cyclic back-and-forth,servo-app/lab-0.1
1781163416.2902267,253.03875160217285,B5_CYCLIC,B5_CYCLIC_R01_20260611_143242,delta-asda-b3-e,1591,RTSO|SO|OE|VE|QS|TR,3,0,121888665,-601,-18,-0.07686,-19,-0.045429,300,49,4270,2391,6000,,600,,,,cyclic,transition,0,no_load,both,B5: cyclic back-and-forth,servo-app/lab-0.1
1781163416.3906446,253.13916945457458,B5_CYCLIC,B5_CYCLIC_R01_20260611_143242,delta-asda-b3-e,1591,RTSO|SO|OE|VE|QS|TR,3,0,120211276,-600,-21,-0.08967,-19,-0.045429,301,49,4270,2391,6000,,600,,,,cyclic,transition,0,no_load,both,B5: cyclic back-and-forth,servo-app/lab-0.1
1781163416.491097,253.2396218776703,B5_CYCLIC,B5_CYCLIC_R01_20260611_143242,delta-asda-b3-e,1591,RTSO|SO|OE|VE|QS|TR,3,0,118516343,-601,-16,-0.06832,-17,-0.040647,300,49,4270,2391,6000,,600,,,,cyclic,transition,0,no_load,both,B5: cyclic back-and-forth,servo-app/lab-0.1
1781163416.5913272,253.33985209465027,B5_CYCLIC,B5_CYCLIC_R01_20260611_143242,delta-asda-b3-e,1591,RTSO|SO|OE|VE|QS|TR,3,0,116839057,-600,-19,-0.08113,-18,-0.043038,301,49,4270,2391,6000,,600,,,,cyclic,transition,0,no_load,both,B5: cyclic back-and-forth,servo-app/lab-0.1
1781163416.6915476,253.4400725364685,B5_CYCLIC,B5_CYCLIC_R01_20260611_143242,delta-asda-b3-e,1591,RTSO|SO|OE|VE|QS|TR,3,0,115161145,-601,-16,-0.06832,-18,-0.043038,301,49,4270,2391,6000,,600,,,,cyclic,transition,0,no_load,both,B5: cyclic back-and-forth,servo-app/lab-0.1
1781163416.7918615,253.54038643836975,B5_CYCLIC,B5_CYCLIC_R01_20260611_143242,delta-asda-b3-e,1591,RTSO|SO|OE|VE|QS|TR,3,0,113483445,-601,-19,-0.08113,-19,-0.045429,301,49,4270,2391,6000,,600,,,,cyclic,transition,0,no_load,both,B5: cyclic back-and-forth,servo-app/lab-0.1
1781163416.8923445,253.64086937904358,B5_CYCLIC,B5_CYCLIC_R01_20260611_143242,delta-asda-b3-e,1591,RTSO|SO|OE|VE|QS|TR,3,0,111788588,-601,-17,-0.07259,-17,-0.040647,301,49,4270,2391,6000,,600,,,,cyclic,transition,0,no_load,both,B5: cyclic back-and-forth,servo-app/lab-0.1
1781163416.9927504,253.74127531051636,B5_CYCLIC,B5_CYCLIC_R01_20260611_143242,delta-asda-b3-e,1591,RTSO|SO|OE|VE|QS|TR,3,0,110111059,-601,-19,-0.08113,-19,-0.045429,300,49,4270,2391,6000,,600,,,,cyclic,transition,0,no_load,both,B5: cyclic back-and-forth,servo-app/lab-0.1
1781163417.093299,253.84182381629944,B5_CYCLIC,B5_CYCLIC_R01_20260611_143242,delta-asda-b3-e,1591,RTSO|SO|OE|VE|QS|TR,3,0,108416396,-601,-18,-0.07686,-17,-0.040647,301,49,4270,2391,6000,,600,,,,cyclic,transition,0,no_load,both,B5: cyclic back-and-forth,servo-app/lab-0.1
1781163417.1938696,253.94239449501038,B5_CYCLIC,B5_CYCLIC_R01_20260611_143242,delta-asda-b3-e,1591,RTSO|SO|OE|VE|QS|TR,3,0,106739168,-601,-23,-0.09821,-18,-0.043038,301,49,4270,2391,6000,,600,,,,cyclic,transition,0,no_load,both,B5: cyclic back-and-forth,servo-app/lab-0.1
1781163417.2941449,254.0426697731018,B5_CYCLIC,B5_CYCLIC_R01_20260611_143242,delta-asda-b3-e,1591,RTSO|SO|OE|VE|QS|TR,3,0,105044173,-601,-22,-0.09394,-21,-0.050211,301,49,4270,2391,6000,,600,,,,cyclic,transition,0,no_load,both,B5: cyclic back-and-forth,servo-app/lab-0.1
1781163417.3945036,254.14302849769592,B5_CYCLIC,B5_CYCLIC_R01_20260611_143242,delta-asda-b3-e,1591,RTSO|SO|OE|VE|QS|TR,3,0,103366850,-601,-21,-0.08967,-22,-0.052602,300,49,4270,2391,6000,,600,,,,cyclic,transition,0,no_load,both,B5: cyclic back-and-forth,servo-app/lab-0.1
1781163417.4947374,254.2432622909546,B5_CYCLIC,B5_CYCLIC_R01_20260611_143242,delta-asda-b3-e,1591,RTSO|SO|OE|VE|QS|TR,3,0,101688767,-601,-20,-0.0854,-17,-0.040647,301,49,4270,2391,6000,,600,,,,cyclic,transition,0,no_load,both,B5: cyclic back-and-forth,servo-app/lab-0.1
1781163417.5948575,254.34338235855103,B5_CYCLIC,B5_CYCLIC_R01_20260611_143242,delta-asda-b3-e,1591,RTSO|SO|OE|VE|QS|TR,3,0,100011594,-600,-20,-0.0854,-18,-0.043038,301,49,4270,2391,6000,,600,,,,cyclic,transition,0,no_load,both,B5: cyclic back-and-forth,servo-app/lab-0.1
1781163417.6950266,254.44355154037476,B5_CYCLIC,B5_CYCLIC_R01_20260611_143242,delta-asda-b3-e,1591,RTSO|SO|OE|VE|QS|TR,3,0,98316690,-601,-19,-0.08113,-18,-0.043038,301,49,4270,2391,6000,,600,,,,cyclic,transition,0,no_load,both,B5: cyclic back-and-forth,servo-app/lab-0.1
1781163417.795209,254.54373383522034,B5_CYCLIC,B5_CYCLIC_R01_20260611_143242,delta-asda-b3-e,1591,RTSO|SO|OE|VE|QS|TR,3,0,96639008,-601,-19,-0.08113,-21,-0.050211,301,49,4270,2391,6000,,600,,,,cyclic,transition,0,no_load,both,B5: cyclic back-and-forth,servo-app/lab-0.1
1781163418.096502,254.84502696990967,B5_CYCLIC,B5_CYCLIC_R01_20260611_143242,delta-asda-b3-e,1591,RTSO|SO|OE|VE|QS|TR,3,0,91605673,-601,-21,-0.08967,-21,-0.050211,301,49,4270,2391,6000,,600,,,,cyclic,transition,0,no_load,both,B5: cyclic back-and-forth,servo-app/lab-0.1
1781163418.1971507,254.94567561149597,B5_CYCLIC,B5_CYCLIC_R01_20260611_143242,delta-asda-b3-e,1591,RTSO|SO|OE|VE|QS|TR,3,0,89894759,-601,-19,-0.08113,-22,-0.052602,301,49,4270,2391,6000,,600,,,,cyclic,transition,0,no_load,both,B5: cyclic back-and-forth,servo-app/lab-0.1
1781163418.2973123,255.04583716392517,B5_CYCLIC,B5_CYCLIC_R01_20260611_143242,delta-asda-b3-e,1591,RTSO|SO|OE|VE|QS|TR,3,0,88216615,-601,-20,-0.0854,-22,-0.052602,301,49,4270,2391,6000,,600,,,,cyclic,transition,0,no_load,both,B5: cyclic back-and-forth,servo-app/lab-0.1
1781163418.3976583,255.1461832523346,B5_CYCLIC,B5_CYCLIC_R01_20260611_143242,delta-asda-b3-e,1591,RTSO|SO|OE|VE|QS|TR,3,0,86539172,-600,-18,-0.07686,-21,-0.050211,301,49,4270,2391,6000,,600,,,,cyclic,transition,0,no_load,both,B5: cyclic back-and-forth,servo-app/lab-0.1
1781163418.4983447,255.2468695640564,B5_CYCLIC,B5_CYCLIC_R01_20260611_143242,delta-asda-b3-e,1591,RTSO|SO|OE|VE|QS|TR,3,0,84844238,-600,-20,-0.0854,-23,-0.054993,300,49,4270,2391,6000,,600,,,,cyclic,transition,0,no_load,both,B5: cyclic back-and-forth,servo-app/lab-0.1
1781163418.5984907,255.34701561927795,B5_CYCLIC,B5_CYCLIC_R01_20260611_143242,delta-asda-b3-e,1591,RTSO|SO|OE|VE|QS|TR,3,0,83167051,-600,-22,-0.09394,-24,-0.057384,301,49,4270,2391,6000,,600,,,,cyclic,transition,0,no_load,both,B5: cyclic back-and-forth,servo-app/lab-0.1
1781163418.6991522,255.44767713546753,B5_CYCLIC,B5_CYCLIC_R01_20260611_143242,delta-asda-b3-e,1591,RTSO|SO|OE|VE|QS|TR,3,0,81472055,-601,-19,-0.08113,-20,-0.04782,300,49,4270,2391,6000,,600,,,,cyclic,transition,0,no_load,both,B5: cyclic back-and-forth,servo-app/lab-0.1
1781163418.7992194,255.5477442741394,B5_CYCLIC,B5_CYCLIC_R01_20260611_143242,delta-asda-b3-e,1591,RTSO|SO|OE|VE|QS|TR,3,0,79794518,-600,-18,-0.07686,-18,-0.043038,301,49,4270,2391,6000,,600,,,,cyclic,transition,0,no_load,both,B5: cyclic back-and-forth,servo-app/lab-0.1
1781163418.89941,255.64793491363525,B5_CYCLIC,B5_CYCLIC_R01_20260611_143242,delta-asda-b3-e,1591,RTSO|SO|OE|VE|QS|TR,3,0,78116431,-600,-18,-0.07686,-19,-0.045429,301,49,4270,2391,6000,,600,,,,cyclic,transition,0,no_load,both,B5: cyclic back-and-forth,servo-app/lab-0.1
1781163418.9995878,255.74811267852783,B5_CYCLIC,B5_CYCLIC_R01_20260611_143242,delta-asda-b3-e,1591,RTSO|SO|OE|VE|QS|TR,3,0,76439012,-600,-19,-0.08113,-19,-0.045429,301,49,4270,2391,6000,,600,,,,cyclic,transition,0,no_load,both,B5: cyclic back-and-forth,servo-app/lab-0.1
1781163419.1001666,255.84869146347046,B5_CYCLIC,B5_CYCLIC_R01_20260611_143242,delta-asda-b3-e,1591,RTSO|SO|OE|VE|QS|TR,3,0,74744420,-600,-18,-0.07686,-19,-0.045429,300,49,4270,2391,6000,,600,,,,cyclic,transition,0,no_load,both,B5: cyclic back-and-forth,servo-app/lab-0.1
1781163419.2002292,255.94875407218933,B5_CYCLIC,B5_CYCLIC_R01_20260611_143242,delta-asda-b3-e,1591,RTSO|SO|OE|VE|QS|TR,3,0,73067003,-600,-16,-0.06832,-19,-0.045429,300,49,4270,2391,6000,,600,,,,cyclic,transition,0,no_load,both,B5: cyclic back-and-forth,servo-app/lab-0.1
1781163419.3003242,256.04884910583496,B5_CYCLIC,B5_CYCLIC_R01_20260611_143242,delta-asda-b3-e,1591,RTSO|SO|OE|VE|QS|TR,3,0,71388995,-600,-20,-0.0854,-22,-0.052602,301,49,4270,2391,6000,,600,,,,cyclic,transition,0,no_load,both,B5: cyclic back-and-forth,servo-app/lab-0.1
1781163419.4006348,256.1491596698761,B5_CYCLIC,B5_CYCLIC_R01_20260611_143242,delta-asda-b3-e,1591,RTSO|SO|OE|VE|QS|TR,3,0,69711713,-600,-17,-0.07259,-19,-0.045429,301,49,4270,2391,6000,,600,,,,cyclic,transition,0,no_load,both,B5: cyclic back-and-forth,servo-app/lab-0.1
1781163419.5009956,256.2495205402374,B5_CYCLIC,B5_CYCLIC_R01_20260611_143242,delta-asda-b3-e,1591,RTSO|SO|OE|VE|QS|TR,3,0,68016914,-600,-20,-0.0854,-19,-0.045429,300,49,4270,2391,6000,,600,,,,cyclic,transition,0,no_load,both,B5: cyclic back-and-forth,servo-app/lab-0.1
1781163419.6011353,256.34966015815735,B5_CYCLIC,B5_CYCLIC_R01_20260611_143242,delta-asda-b3-e,1591,RTSO|SO|OE|VE|QS|TR,3,0,66339698,-599,-18,-0.07686,-24,-0.057384,300,49,4270,2391,6000,,600,,,,cyclic,transition,0,no_load,both,B5: cyclic back-and-forth,servo-app/lab-0.1
1781163419.7019858,256.45051074028015,B5_CYCLIC,B5_CYCLIC_R01_20260611_143242,delta-asda-b3-e,1591,RTSO|SO|OE|VE|QS|TR,3,0,64644630,-600,-19,-0.08113,-18,-0.043038,300,49,4270,2391,6000,,600,,,,cyclic,transition,0,no_load,both,B5: cyclic back-and-forth,servo-app/lab-0.1
1781163419.802641,256.5511658191681,B5_CYCLIC,B5_CYCLIC_R01_20260611_143242,delta-asda-b3-e,1591,RTSO|SO|OE|VE|QS|TR,3,0,62967116,-600,-20,-0.0854,-18,-0.043038,301,49,4270,2391,6000,,600,,,,cyclic,transition,0,no_load,both,B5: cyclic back-and-forth,servo-app/lab-0.1
1781163419.9030387,256.6515636444092,B5_CYCLIC,B5_CYCLIC_R01_20260611_143242,delta-asda-b3-e,1591,RTSO|SO|OE|VE|QS|TR,3,0,61272257,-600,-18,-0.07686,-19,-0.045429,301,49,4270,2391,6000,,600,,,,cyclic,transition,0,no_load,both,B5: cyclic back-and-forth,servo-app/lab-0.1
1781163420.0032318,256.7517566680908,B5_CYCLIC,B5_CYCLIC_R01_20260611_143242,delta-asda-b3-e,1591,RTSO|SO|OE|VE|QS|TR,3,0,59544749,-599,-25,-0.10675,-22,-0.052602,300,49,4270,2391,6000,,600,,,,cyclic,transition,0,no_load,both,B5: cyclic back-and-forth,servo-app/lab-0.1
1781163420.1033518,256.85187673568726,B5_CYCLIC,B5_CYCLIC_R01_20260611_143242,delta-asda-b3-e,1591,RTSO|SO|OE|VE|QS|TR,3,0,57917002,-599,-19,-0.08113,-21,-0.050211,301,49,4270,2391,6000,,600,,,,cyclic,transition,0,no_load,both,B5: cyclic back-and-forth,servo-app/lab-0.1
1781163420.2035809,256.95210576057434,B5_CYCLIC,B5_CYCLIC_R01_20260611_143242,delta-asda-b3-e,1591,RTSO|SO|OE|VE|QS|TR,3,0,56239498,-600,-19,-0.08113,-18,-0.043038,301,49,4270,2391,6000,,600,,,,cyclic,transition,0,no_load,both,B5: cyclic back-and-forth,servo-app/lab-0.1
1781163420.3039455,257.05247044563293,B5_CYCLIC,B5_CYCLIC_R01_20260611_143242,delta-asda-b3-e,1591,RTSO|SO|OE|VE|QS|TR,3,0,54561473,-600,-22,-0.09394,-23,-0.054993,301,49,4270,2391,6000,,600,,,,cyclic,transition,0,no_load,both,B5: cyclic back-and-forth,servo-app/lab-0.1
1781163420.4044292,257.1529541015625,B5_CYCLIC,B5_CYCLIC_R01_20260611_143242,delta-asda-b3-e,1591,RTSO|SO|OE|VE|QS|TR,3,0,52867352,-600,-19,-0.08113,-19,-0.045429,301,49,4270,2391,6000,,600,,,,cyclic,transition,0,no_load,both,B5: cyclic back-and-forth,servo-app/lab-0.1
1781163420.505261,257.25378584861755,B5_CYCLIC,B5_CYCLIC_R01_20260611_143242,delta-asda-b3-e,1591,RTSO|SO|OE|VE|QS|TR,3,0,51172558,-599,-20,-0.0854,-20,-0.04782,300,49,4270,2391,6000,,600,,,,cyclic,transition,0,no_load,both,B5: cyclic back-and-forth,servo-app/lab-0.1
1781163420.6058967,257.3544216156006,B5_CYCLIC,B5_CYCLIC_R01_20260611_143242,delta-asda-b3-e,1591,RTSO|SO|OE|VE|QS|TR,3,0,49478675,-599,-19,-0.08113,-20,-0.04782,300,49,4270,2391,6000,,600,,,,cyclic,transition,0,no_load,both,B5: cyclic back-and-forth,servo-app/lab-0.1
1781163420.7062566,257.4547815322876,B5_CYCLIC,B5_CYCLIC_R01_20260611_143242,delta-asda-b3-e,1591,RTSO|SO|OE|VE|QS|TR,3,0,47800347,-600,-20,-0.0854,-18,-0.043038,300,49,4270,2391,6000,,600,,,,cyclic,transition,0,no_load,both,B5: cyclic back-and-forth,servo-app/lab-0.1
1781163420.80673,257.55525493621826,B5_CYCLIC,B5_CYCLIC_R01_20260611_143242,delta-asda-b3-e,1591,RTSO|SO|OE|VE|QS|TR,3,0,46122943,-599,-24,-0.10248,-21,-0.050211,300,49,4270,2391,6000,,600,,,,cyclic,transition,0,no_load,both,B5: cyclic back-and-forth,servo-app/lab-0.1
1781163420.9070437,257.6555685997009,B5_CYCLIC,B5_CYCLIC_R01_20260611_143242,delta-asda-b3-e,1591,RTSO|SO|OE|VE|QS|TR,3,0,44444777,-599,-26,-0.11102,-18,-0.043038,300,49,4270,2391,6000,,600,,,,cyclic,transition,0,no_load,both,B5: cyclic back-and-forth,servo-app/lab-0.1
1781163421.0079963,257.7565212249756,B5_CYCLIC,B5_CYCLIC_R01_20260611_143242,delta-asda-b3-e,1591,RTSO|SO|OE|VE|QS|TR,3,0,42750806,-599,-22,-0.09394,-25,-0.059775,300,49,4270,2391,6000,,600,,,,cyclic,transition,0,no_load,both,B5: cyclic back-and-forth,servo-app/lab-0.1
1781163421.108121,257.856645822525,B5_CYCLIC,B5_CYCLIC_R01_20260611_143242,delta-asda-b3-e,1591,RTSO|SO|OE|VE|QS|TR,3,0,41056162,-599,-21,-0.08967,-21,-0.050211,300,49,4270,2391,6000,,600,,,,cyclic,transition,0,no_load,both,B5: cyclic back-and-forth,servo-app/lab-0.1
1781163421.208696,257.9572207927704,B5_CYCLIC,B5_CYCLIC_R01_20260611_143242,delta-asda-b3-e,1591,RTSO|SO|OE|VE|QS|TR,3,0,39378587,-599,-19,-0.08113,-19,-0.045429,300,49,4270,2391,6000,,600,,,,cyclic,transition,0,no_load,both,B5: cyclic back-and-forth,servo-app/lab-0.1
1781163421.309334,258.0578589439392,B5_CYCLIC,B5_CYCLIC_R01_20260611_143242,delta-asda-b3-e,1591,RTSO|SO|OE|VE|QS|TR,3,0,37683943,-599,-20,-0.0854,-22,-0.052602,300,49,4270,2391,6000,,600,,,,cyclic,transition,0,no_load,both,B5: cyclic back-and-forth,servo-app/lab-0.1
1781163421.409692,258.1582169532776,B5_CYCLIC,B5_CYCLIC_R01_20260611_143242,delta-asda-b3-e,1591,RTSO|SO|OE|VE|QS|TR,3,0,36006449,-599,-17,-0.07259,-18,-0.043038,300,49,4270,2391,6000,,600,,,,cyclic,transition,0,no_load,both,B5: cyclic back-and-forth,servo-app/lab-0.1
1781163421.5101027,258.25862765312195,B5_CYCLIC,B5_CYCLIC_R01_20260611_143242,delta-asda-b3-e,1591,RTSO|SO|OE|VE|QS|TR,3,0,34311861,-598,-24,-0.10248,-24,-0.057384,300,49,4270,2391,6000,,600,,,,cyclic,transition,0,no_load,both,B5: cyclic back-and-forth,servo-app/lab-0.1
1781163421.6101668,258.3586916923523,B5_CYCLIC,B5_CYCLIC_R01_20260611_143242,delta-asda-b3-e,1591,RTSO|SO|OE|VE|QS|TR,3,0,32634464,-599,-18,-0.07686,-18,-0.043038,300,49,4270,2391,6000,,600,,,,cyclic,transition,0,no_load,both,B5: cyclic back-and-forth,servo-app/lab-0.1
1781163421.710377,258.45890188217163,B5_CYCLIC,B5_CYCLIC_R01_20260611_143242,delta-asda-b3-e,1591,RTSO|SO|OE|VE|QS|TR,3,0,30956106,-599,-21,-0.08967,-21,-0.050211,300,49,4270,2391,6000,,600,,,,cyclic,transition,0,no_load,both,B5: cyclic back-and-forth,servo-app/lab-0.1
1781163421.810529,258.55905389785767,B5_CYCLIC,B5_CYCLIC_R01_20260611_143242,delta-asda-b3-e,1591,RTSO|SO|OE|VE|QS|TR,3,0,29278782,-599,-20,-0.0854,-19,-0.045429,301,49,4270,2391,6000,,600,,,,cyclic,transition,0,no_load,both,B5: cyclic back-and-forth,servo-app/lab-0.1
1781163421.9110491,258.65957403182983,B5_CYCLIC,B5_CYCLIC_R01_20260611_143242,delta-asda-b3-e,1591,RTSO|SO|OE|VE|QS|TR,3,0,27600623,-599,-28,-0.11956,-21,-0.050211,300,49,4270,2391,6000,,600,,,,cyclic,transition,0,no_load,both,B5: cyclic back-and-forth,servo-app/lab-0.1
1781163422.0114815,258.7600064277649,B5_CYCLIC,B5_CYCLIC_R01_20260611_143242,delta-asda-b3-e,1591,RTSO|SO|OE|VE|QS|TR,3,0,25906677,-598,-20,-0.0854,-21,-0.050211,300,49,4270,2391,6000,,600,,,,cyclic,transition,0,no_load,both,B5: cyclic back-and-forth,servo-app/lab-0.1
1781163422.11202,258.86054491996765,B5_CYCLIC,B5_CYCLIC_R01_20260611_143242,delta-asda-b3-e,1591,RTSO|SO|OE|VE|QS|TR,3,0,24228657,-599,-23,-0.09821,-20,-0.04782,300,49,4270,2391,6000,,600,,,,cyclic,transition,0,no_load,both,B5: cyclic back-and-forth,servo-app/lab-0.1
1781163422.2120888,258.9606137275696,B5_CYCLIC,B5_CYCLIC_R01_20260611_143242,delta-asda-b3-e,1591,RTSO|SO|OE|VE|QS|TR,3,0,22551152,-599,-18,-0.07686,-21,-0.050211,300,49,4270,2391,6000,,600,,,,cyclic,transition,0,no_load,both,B5: cyclic back-and-forth,servo-app/lab-0.1
1781163422.312212,259.06073689460754,B5_CYCLIC,B5_CYCLIC_R01_20260611_143242,delta-asda-b3-e,1591,RTSO|SO|OE|VE|QS|TR,3,0,20856491,-599,-19,-0.08113,-18,-0.043038,300,49,4270,2391,6000,,600,,,,cyclic,transition,0,no_load,both,B5: cyclic back-and-forth,servo-app/lab-0.1
1781163422.4127235,259.16124844551086,B5_CYCLIC,B5_CYCLIC_R01_20260611_143242,delta-asda-b3-e,1591,RTSO|SO|OE|VE|QS|TR,3,0,19179011,-599,-20,-0.0854,-19,-0.045429,300,49,4270,2391,6000,,600,,,,cyclic,transition,0,no_load,both,B5: cyclic back-and-forth,servo-app/lab-0.1
1781163422.51346,259.2619848251343,B5_CYCLIC,B5_CYCLIC_R01_20260611_143242,delta-asda-b3-e,1591,RTSO|SO|OE|VE|QS|TR,3,0,17484480,-598,-25,-0.10675,-25,-0.059775,300,49,4270,2391,6000,,600,,,,cyclic,transition,0,no_load,both,B5: cyclic back-and-forth,servo-app/lab-0.1
1781163422.613727,259.362251996994,B5_CYCLIC,B5_CYCLIC_R01_20260611_143242,delta-asda-b3-e,1591,RTSO|SO|OE|VE|QS|TR,3,0,15807030,-599,-24,-0.10248,-25,-0.059775,300,49,4270,2391,6000,,600,,,,cyclic,transition,0,no_load,both,B5: cyclic back-and-forth,servo-app/lab-0.1
1781163422.7142897,259.46281456947327,B5_CYCLIC,B5_CYCLIC_R01_20260611_143242,delta-asda-b3-e,1591,RTSO|SO|OE|VE|QS|TR,3,0,14111913,-599,-23,-0.09821,-22,-0.052602,300,49,4270,2391,6000,,600,,,,cyclic,transition,0,no_load,both,B5: cyclic back-and-forth,servo-app/lab-0.1
1781163422.8145223,259.56304717063904,B5_CYCLIC,B5_CYCLIC_R01_20260611_143242,delta-asda-b3-e,1591,RTSO|SO|OE|VE|QS|TR,3,0,12434583,-599,-16,-0.06832,-19,-0.045429,301,49,4270,2391,6000,,600,,,,cyclic,transition,0,no_load,both,B5: cyclic back-and-forth,servo-app/lab-0.1
1781163422.9151826,259.6637074947357,B5_CYCLIC,B5_CYCLIC_R01_20260611_143242,delta-asda-b3-e,1591,RTSO|SO|OE|VE|QS|TR,3,0,10739724,-599,-17,-0.07259,-20,-0.04782,300,49,4270,2391,6000,,600,,,,cyclic,transition,0,no_load,both,B5: cyclic back-and-forth,servo-app/lab-0.1
1781163423.0155933,259.7641181945801,B5_CYCLIC,B5_CYCLIC_R01_20260611_143242,delta-asda-b3-e,1591,RTSO|SO|OE|VE|QS|TR,3,0,9062531,-598,-17,-0.07259,-18,-0.043038,300,49,4270,2391,6000,,600,,,,cyclic,transition,0,no_load,both,B5: cyclic back-and-forth,servo-app/lab-0.1
1781163423.1156921,259.864217042923,B5_CYCLIC,B5_CYCLIC_R01_20260611_143242,delta-asda-b3-e,1591,RTSO|SO|OE|VE|QS|TR,3,0,7384325,-599,-18,-0.07686,-20,-0.04782,300,49,4270,2391,6000,,600,,,,cyclic,transition,0,no_load,both,B5: cyclic back-and-forth,servo-app/lab-0.1
1781163423.2162762,259.96480107307434,B5_CYCLIC,B5_CYCLIC_R01_20260611_143242,delta-asda-b3-e,1591,RTSO|SO|OE|VE|QS|TR,3,0,5690135,-599,-19,-0.08113,-22,-0.052602,300,49,4270,2391,6000,,600,,,,cyclic,transition,0,no_load,both,B5: cyclic back-and-forth,servo-app/lab-0.1
1781163423.3164194,260.06494426727295,B5_CYCLIC,B5_CYCLIC_R01_20260611_143242,delta-asda-b3-e,1591,RTSO|SO|OE|VE|QS|TR,3,0,5354314,559,23,0.09821,16,0.038256,300,49,4270,2391,6000,,600,,,,cyclic,transition,0,no_load,both,B5: cyclic back-and-forth,servo-app/lab-0.1
1781163423.4169319,260.1654567718506,B5_CYCLIC,B5_CYCLIC_R01_20260611_143242,delta-asda-b3-e,1591,RTSO|SO|OE|VE|QS|TR,3,0,7032285,601,19,0.08113,20,0.04782,300,49,4270,2391,6000,,600,,,,cyclic,transition,0,no_load,both,B5: cyclic back-and-forth,servo-app/lab-0.1
1781163423.5170012,260.2655260562897,B5_CYCLIC,B5_CYCLIC_R01_20260611_143242,delta-asda-b3-e,1591,RTSO|SO|OE|VE|QS|TR,3,0,8709493,601,23,0.09821,16,0.038256,300,49,4270,2391,6000,,600,,,,cyclic,transition,0,no_load,both,B5: cyclic back-and-forth,servo-app/lab-0.1
1781163423.6173487,260.36587357521057,B5_CYCLIC,B5_CYCLIC_R01_20260611_143242,delta-asda-b3-e,1591,RTSO|SO|OE|VE|QS|TR,3,0,10404108,601,17,0.07259,24,0.057384,300,49,4270,2391,6000,,600,,,,cyclic,transition,0,no_load,both,B5: cyclic back-and-forth,servo-app/lab-0.1
1781163423.7181232,260.46664810180664,B5_CYCLIC,B5_CYCLIC_R01_20260611_143242,delta-asda-b3-e,1591,RTSO|SO|OE|VE|QS|TR,3,0,12082049,602,23,0.09821,20,0.04782,300,49,4270,2391,6000,,600,,,,cyclic,transition,0,no_load,both,B5: cyclic back-and-forth,servo-app/lab-0.1
1781163423.8184333,260.5669581890106,B5_CYCLIC,B5_CYCLIC_R01_20260611_143242,delta-asda-b3-e,1591,RTSO|SO|OE|VE|QS|TR,3,0,13776437,601,20,0.0854,19,0.045429,301,49,4270,2391,6000,,600,,,,cyclic,transition,0,no_load,both,B5: cyclic back-and-forth,servo-app/lab-0.1
1781163423.9185266,260.6670515537262,B5_CYCLIC,B5_CYCLIC_R01_20260611_143242,delta-asda-b3-e,1591,RTSO|SO|OE|VE|QS|TR,3,0,15454173,601,18,0.07686,18,0.043038,301,49,4270,2391,6000,,600,,,,cyclic,transition,0,no_load,both,B5: cyclic back-and-forth,servo-app/lab-0.1
1781163424.0191224,260.76764726638794,B5_CYCLIC,B5_CYCLIC_R01_20260611_143242,delta-asda-b3-e,1591,RTSO|SO|OE|VE|QS|TR,3,0,17148505,601,15,0.06405,20,0.04782,300,49,4270,2391,6000,,600,,,,cyclic,transition,0,no_load,both,B5: cyclic back-and-forth,servo-app/lab-0.1
1781163424.119256,260.8677809238434,B5_CYCLIC,B5_CYCLIC_R01_20260611_143242,delta-asda-b3-e,1591,RTSO|SO|OE|VE|QS|TR,3,0,18826335,602,19,0.08113,16,0.038256,300,49,4270,2391,6000,,600,,,,cyclic,transition,0,no_load,both,B5: cyclic back-and-forth,servo-app/lab-0.1
1781163424.2197433,260.96826815605164,B5_CYCLIC,B5_CYCLIC_R01_20260611_143242,delta-asda-b3-e,1591,RTSO|SO|OE|VE|QS|TR,3,0,20504210,601,19,0.08113,17,0.040647,300,49,4270,2391,6000,,600,,,,cyclic,transition,0,no_load,both,B5: cyclic back-and-forth,servo-app/lab-0.1
1781163424.3200867,261.0686116218567,B5_CYCLIC,B5_CYCLIC_R01_20260611_143242,delta-asda-b3-e,1591,RTSO|SO|OE|VE|QS|TR,3,0,22198586,601,23,0.09821,21,0.050211,300,49,4270,2391,6000,,600,,,,cyclic,transition,0,no_load,both,B5: cyclic back-and-forth,servo-app/lab-0.1
1781163424.4204497,261.16897463798523,B5_CYCLIC,B5_CYCLIC_R01_20260611_143242,delta-asda-b3-e,1591,RTSO|SO|OE|VE|QS|TR,3,0,23876205,601,16,0.06832,22,0.052602,301,49,4270,2391,6000,,600,,,,cyclic,transition,0,no_load,both,B5: cyclic back-and-forth,servo-app/lab-0.1
1781163424.520619,261.26914381980896,B5_CYCLIC,B5_CYCLIC_R01_20260611_143242,delta-asda-b3-e,1591,RTSO|SO|OE|VE|QS|TR,3,0,25553578,601,27,0.11529,19,0.045429,301,49,4270,2391,6000,,600,,,,cyclic,transition,0,no_load,both,B5: cyclic back-and-forth,servo-app/lab-0.1
1781163424.6208165,261.3693413734436,B5_CYCLIC,B5_CYCLIC_R01_20260611_143242,delta-asda-b3-e,1591,RTSO|SO|OE|VE|QS|TR,3,0,27231459,602,20,0.0854,21,0.050211,301,49,4270,2391,6000,,600,,,,cyclic,transition,0,no_load,both,B5: cyclic back-and-forth,servo-app/lab-0.1
1781163424.721726,261.47025084495544,B5_CYCLIC,B5_CYCLIC_R01_20260611_143242,delta-asda-b3-e,1591,RTSO|SO|OE|VE|QS|TR,3,0,28926152,602,17,0.07259,17,0.040647,301,49,4270,2391,6000,,600,,,,cyclic,transition,0,no_load,both,B5: cyclic back-and-forth,servo-app/lab-0.1
1781163424.8223255,261.57085037231445,B5_CYCLIC,B5_CYCLIC_R01_20260611_143242,delta-asda-b3-e,1591,RTSO|SO|OE|VE|QS|TR,3,0,30620437,601,15,0.06405,17,0.040647,300,49,4270,2391,6000,,600,,,,cyclic,transition,0,no_load,both,B5: cyclic back-and-forth,servo-app/lab-0.1
1781163424.9226003,261.6711251735687,B5_CYCLIC,B5_CYCLIC_R01_20260611_143242,delta-asda-b3-e,1591,RTSO|SO|OE|VE|QS|TR,3,0,32298173,601,17,0.07259,17,0.040647,301,49,4270,2391,6000,,600,,,,cyclic,transition,0,no_load,both,B5: cyclic back-and-forth,servo-app/lab-0.1
1781163425.0228283,261.7713532447815,B5_CYCLIC,B5_CYCLIC_R01_20260611_143242,delta-asda-b3-e,1591,RTSO|SO|OE|VE|QS|TR,3,0,33975599,601,16,0.06832,16,0.038256,300,49,4270,2391,6000,,600,,,,cyclic,transition,0,no_load,both,B5: cyclic back-and-forth,servo-app/lab-0.1
1781163425.123488,261.87201285362244,B5_CYCLIC,B5_CYCLIC_R01_20260611_143242,delta-asda-b3-e,1591,RTSO|SO|OE|VE|QS|TR,3,0,35670373,602,17,0.07259,19,0.045429,301,49,4270,2391,6000,,600,,,,cyclic,transition,0,no_load,both,B5: cyclic back-and-forth,servo-app/lab-0.1
1781163425.2243378,261.9728627204895,B5_CYCLIC,B5_CYCLIC_R01_20260611_143242,delta-asda-b3-e,1591,RTSO|SO|OE|VE|QS|TR,3,0,37364801,601,14,0.05978,17,0.040647,301,49,4270,2391,6000,,600,,,,cyclic,transition,0,no_load,both,B5: cyclic back-and-forth,servo-app/lab-0.1
1781163425.3246396,262.0731644630432,B5_CYCLIC,B5_CYCLIC_R01_20260611_143242,delta-asda-b3-e,1591,RTSO|SO|OE|VE|QS|TR,3,0,39042387,601,16,0.06832,17,0.040647,301,49,4270,2391,6000,,600,,,,cyclic,transition,0,no_load,both,B5: cyclic back-and-forth,servo-app/lab-0.1
1781163425.4251926,262.1737174987793,B5_CYCLIC,B5_CYCLIC_R01_20260611_143242,delta-asda-b3-e,1591,RTSO|SO|OE|VE|QS|TR,3,0,40736701,601,17,0.07259,19,0.045429,301,49,4270,2391,6000,,600,,,,cyclic,transition,0,no_load,both,B5: cyclic back-and-forth,servo-app/lab-0.1
1781163425.5254037,262.27392864227295,B5_CYCLIC,B5_CYCLIC_R01_20260611_143242,delta-asda-b3-e,1591,RTSO|SO|OE|VE|QS|TR,3,0,42414146,601,20,0.0854,24,0.057384,301,49,4270,2391,6000,,600,,,,cyclic,transition,0,no_load,both,B5: cyclic back-and-forth,servo-app/lab-0.1
1781163425.6255155,262.3740403652191,B5_CYCLIC,B5_CYCLIC_R01_20260611_143242,delta-asda-b3-e,1591,RTSO|SO|OE|VE|QS|TR,3,0,44092055,601,16,0.06832,15,0.035865,301,49,4270,2391,6000,,600,,,,cyclic,transition,0,no_load,both,B5: cyclic back-and-forth,servo-app/lab-0.1
1781163425.725736,262.47426080703735,B5_CYCLIC,B5_CYCLIC_R01_20260611_143242,delta-asda-b3-e,1591,RTSO|SO|OE|VE|QS|TR,3,0,45769840,601,19,0.08113,18,0.043038,301,49,4270,2391,6000,,600,,,,cyclic,transition,0,no_load,both,B5: cyclic back-and-forth,servo-app/lab-0.1
1781163425.825909,262.57443380355835,B5_CYCLIC,B5_CYCLIC_R01_20260611_143242,delta-asda-b3-e,1591,RTSO|SO|OE|VE|QS|TR,3,0,47447371,601,16,0.06832,15,0.035865,301,49,4270,2391,6000,,600,,,,cyclic,transition,0,no_load,both,B5: cyclic back-and-forth,servo-app/lab-0.1
1781163425.9262335,262.67475843429565,B5_CYCLIC,B5_CYCLIC_R01_20260611_143242,delta-asda-b3-e,1591,RTSO|SO|OE|VE|QS|TR,3,0,49141891,601,21,0.08967,19,0.045429,301,49,4270,2391,6000,,600,,,,cyclic,transition,0,no_load,both,B5: cyclic back-and-forth,servo-app/lab-0.1
1781163426.0269125,262.7754373550415,B5_CYCLIC,B5_CYCLIC_R01_20260611_143242,delta-asda-b3-e,1591,RTSO|SO|OE|VE|QS|TR,3,0,50869728,601,16,0.06832,14,0.033474,301,49,4270,2391,6000,,600,,,,cyclic,transition,0,no_load,both,B5: cyclic back-and-forth,servo-app/lab-0.1
1781163426.127569,262.8760938644409,B5_CYCLIC,B5_CYCLIC_R01_20260611_143242,delta-asda-b3-e,1591,RTSO|SO|OE|VE|QS|TR,3,0,52514202,601,15,0.06405,17,0.040647,301,49,4270,2391,6000,,600,,,,cyclic,transition,0,no_load,both,B5: cyclic back-and-forth,servo-app/lab-0.1
1781163426.2280116,262.9765365123749,B5_CYCLIC,B5_CYCLIC_R01_20260611_143242,delta-asda-b3-e,1591,RTSO|SO|OE|VE|QS|TR,3,0,54191809,601,15,0.06405,15,0.035865,301,49,4270,2391,6000,,600,,,,cyclic,transition,0,no_load,both,B5: cyclic back-and-forth,servo-app/lab-0.1
1781163426.3280814,263.0766062736511,B5_CYCLIC,B5_CYCLIC_R01_20260611_143242,delta-asda-b3-e,1591,RTSO|SO|OE|VE|QS|TR,3,0,55869417,601,15,0.06405,19,0.045429,300,49,4270,2391,6000,,600,,,,cyclic,transition,0,no_load,both,B5: cyclic back-and-forth,servo-app/lab-0.1
1781163426.428149,263.17667388916016,B5_CYCLIC,B5_CYCLIC_R01_20260611_143242,delta-asda-b3-e,1591,RTSO|SO|OE|VE|QS|TR,3,0,57563721,600,15,0.06405,16,0.038256,301,49,4270,2391,6000,,600,,,,cyclic,transition,0,no_load,both,B5: cyclic back-and-forth,servo-app/lab-0.1
1781163426.5285778,263.2771027088165,B5_CYCLIC,B5_CYCLIC_R01_20260611_143242,delta-asda-b3-e,1591,RTSO|SO|OE|VE|QS|TR,3,0,59241254,601,18,0.07686,20,0.04782,301,49,4270,2391,6000,,600,,,,cyclic,transition,0,no_load,both,B5: cyclic back-and-forth,servo-app/lab-0.1
1781163426.6289,263.37742495536804,B5_CYCLIC,B5_CYCLIC_R01_20260611_143242,delta-asda-b3-e,1591,RTSO|SO|OE|VE|QS|TR,3,0,60919164,601,14,0.05978,16,0.038256,301,49,4270,2391,6000,,600,,,,cyclic,transition,0,no_load,both,B5: cyclic back-and-forth,servo-app/lab-0.1
1781163426.7292278,263.4777526855469,B5_CYCLIC,B5_CYCLIC_R01_20260611_143242,delta-asda-b3-e,1591,RTSO|SO|OE|VE|QS|TR,3,0,62613582,601,17,0.07259,18,0.043038,301,49,4270,2391,6000,,600,,,,cyclic,transition,0,no_load,both,B5: cyclic back-and-forth,servo-app/lab-0.1
1781163426.8298388,263.5783636569977,B5_CYCLIC,B5_CYCLIC_R01_20260611_143242,delta-asda-b3-e,1591,RTSO|SO|OE|VE|QS|TR,3,0,64290983,600,16,0.06832,15,0.035865,301,49,4270,2391,6000,,600,,,,cyclic,transition,0,no_load,both,B5: cyclic back-and-forth,servo-app/lab-0.1
1781163426.9302726,263.6787974834442,B5_CYCLIC,B5_CYCLIC_R01_20260611_143242,delta-asda-b3-e,1591,RTSO|SO|OE|VE|QS|TR,3,0,65985465,601,23,0.09821,23,0.054993,300,49,4270,2391,6000,,600,,,,cyclic,transition,0,no_load,both,B5: cyclic back-and-forth,servo-app/lab-0.1
1781163427.030346,263.77887082099915,B5_CYCLIC,B5_CYCLIC_R01_20260611_143242,delta-asda-b3-e,1591,RTSO|SO|OE|VE|QS|TR,3,0,67663051,601,14,0.05978,14,0.033474,301,49,4270,2391,6000,,600,,,,cyclic,transition,0,no_load,both,B5: cyclic back-and-forth,servo-app/lab-0.1
1781163427.1308165,263.87934136390686,B5_CYCLIC,B5_CYCLIC_R01_20260611_143242,delta-asda-b3-e,1591,RTSO|SO|OE|VE|QS|TR,3,0,69341197,601,17,0.07259,16,0.038256,301,49,4270,2391,6000,,600,,,,cyclic,transition,0,no_load,both,B5: cyclic back-and-forth,servo-app/lab-0.1
1781163427.2312517,263.97977662086487,B5_CYCLIC,B5_CYCLIC_R01_20260611_143242,delta-asda-b3-e,1591,RTSO|SO|OE|VE|QS|TR,3,0,71035459,600,18,0.07686,15,0.035865,301,49,4270,2391,6000,,600,,,,cyclic,transition,0,no_load,both,B5: cyclic back-and-forth,servo-app/lab-0.1
1781163427.3313212,264.07984614372253,B5_CYCLIC,B5_CYCLIC_R01_20260611_143242,delta-asda-b3-e,1591,RTSO|SO|OE|VE|QS|TR,3,0,72713221,601,17,0.07259,17,0.040647,301,49,4270,2391,6000,,600,,,,cyclic,transition,0,no_load,both,B5: cyclic back-and-forth,servo-app/lab-0.1
1781163427.4317214,264.1802463531494,B5_CYCLIC,B5_CYCLIC_R01_20260611_143242,delta-asda-b3-e,1591,RTSO|SO|OE|VE|QS|TR,3,0,74390602,600,15,0.06405,15,0.035865,301,49,4270,2391,6000,,600,,,,cyclic,transition,0,no_load,both,B5: cyclic back-and-forth,servo-app/lab-0.1
1781163427.5331538,264.2816786766052,B5_CYCLIC,B5_CYCLIC_R01_20260611_143242,delta-asda-b3-e,1591,RTSO|SO|OE|VE|QS|TR,3,0,76101932,601,17,0.07259,19,0.045429,301,49,4270,2391,6000,,600,,,,cyclic,transition,0,no_load,both,B5: cyclic back-and-forth,servo-app/lab-0.1
1781163427.6335335,264.3820583820343,B5_CYCLIC,B5_CYCLIC_R01_20260611_143242,delta-asda-b3-e,1591,RTSO|SO|OE|VE|QS|TR,3,0,77779708,601,17,0.07259,16,0.038256,301,49,4270,2391,6000,,600,,,,cyclic,transition,0,no_load,both,B5: cyclic back-and-forth,servo-app/lab-0.1
1781163427.73405,264.4825749397278,B5_CYCLIC,B5_CYCLIC_R01_20260611_143242,delta-asda-b3-e,1591,RTSO|SO|OE|VE|QS|TR,3,0,79457317,600,19,0.08113,18,0.043038,301,49,4270,2391,6000,,600,,,,cyclic,transition,0,no_load,both,B5: cyclic back-and-forth,servo-app/lab-0.1
1781163427.8350627,264.5835876464844,B5_CYCLIC,B5_CYCLIC_R01_20260611_143242,delta-asda-b3-e,1591,RTSO|SO|OE|VE|QS|TR,3,0,81168343,600,17,0.07259,20,0.04782,301,49,4270,2391,6000,,600,,,,cyclic,transition,0,no_load,both,B5: cyclic back-and-forth,servo-app/lab-0.1
1781163427.935147,264.68367195129395,B5_CYCLIC,B5_CYCLIC_R01_20260611_143242,delta-asda-b3-e,1591,RTSO|SO|OE|VE|QS|TR,3,0,82829256,600,21,0.08967,22,0.052602,300,49,4270,2391,6000,,600,,,,cyclic,transition,0,no_load,both,B5: cyclic back-and-forth,servo-app/lab-0.1
1781163428.0354524,264.78397727012634,B5_CYCLIC,B5_CYCLIC_R01_20260611_143242,delta-asda-b3-e,1591,RTSO|SO|OE|VE|QS|TR,3,0,84523654,600,16,0.06832,17,0.040647,301,49,4270,2391,6000,,600,,,,cyclic,transition,0,no_load,both,B5: cyclic back-and-forth,servo-app/lab-0.1
1781163428.135862,264.8843870162964,B5_CYCLIC,B5_CYCLIC_R01_20260611_143242,delta-asda-b3-e,1591,RTSO|SO|OE|VE|QS|TR,3,0,86201616,601,19,0.08113,19,0.045429,300,49,4270,2391,6000,,600,,,,cyclic,transition,0,no_load,both,B5: cyclic back-and-forth,servo-app/lab-0.1
1781163428.2360642,264.98458909988403,B5_CYCLIC,B5_CYCLIC_R01_20260611_143242,delta-asda-b3-e,1591,RTSO|SO|OE|VE|QS|TR,3,0,87878896,600,18,0.07686,21,0.050211,301,49,4270,2391,6000,,600,,,,cyclic,transition,0,no_load,both,B5: cyclic back-and-forth,servo-app/lab-0.1
1781163428.336138,265.0846629142761,B5_CYCLIC,B5_CYCLIC_R01_20260611_143242,delta-asda-b3-e,1591,RTSO|SO|OE|VE|QS|TR,3,0,89556600,600,20,0.0854,21,0.050211,301,49,4270,2391,6000,,600,,,,cyclic,transition,0,no_load,both,B5: cyclic back-and-forth,servo-app/lab-0.1
1781163428.436569,265.1850938796997,B5_CYCLIC,B5_CYCLIC_R01_20260611_143242,delta-asda-b3-e,1591,RTSO|SO|OE|VE|QS|TR,3,0,91250777,600,17,0.07259,18,0.043038,301,49,4270,2391,6000,,600,,,,cyclic,transition,0,no_load,both,B5: cyclic back-and-forth,servo-app/lab-0.1
1781163428.5370598,265.28558468818665,B5_CYCLIC,B5_CYCLIC_R01_20260611_143242,delta-asda-b3-e,1591,RTSO|SO|OE|VE|QS|TR,3,0,92928775,600,18,0.07686,19,0.045429,301,49,4270,2391,6000,,600,,,,cyclic,transition,0,no_load,both,B5: cyclic back-and-forth,servo-app/lab-0.1
1781163428.6389368,265.3874616622925,B5_CYCLIC,B5_CYCLIC_R01_20260611_143242,delta-asda-b3-e,1591,RTSO|SO|OE|VE|QS|TR,3,0,94656727,600,16,0.06832,20,0.04782,301,49,4270,2391,6000,,600,,,,cyclic,transition,0,no_load,both,B5: cyclic back-and-forth,servo-app/lab-0.1
1781163428.7392092,265.48773407936096,B5_CYCLIC,B5_CYCLIC_R01_20260611_143242,delta-asda-b3-e,1591,RTSO|SO|OE|VE|QS|TR,3,0,96317650,600,19,0.08113,18,0.043038,301,49,4270,2391,6000,,600,,,,cyclic,transition,0,no_load,both,B5: cyclic back-and-forth,servo-app/lab-0.1
1781163428.839709,265.5882339477539,B5_CYCLIC,B5_CYCLIC_R01_20260611_143242,delta-asda-b3-e,1591,RTSO|SO|OE|VE|QS|TR,3,0,98011873,600,18,0.07686,17,0.040647,301,49,4270,2391,6000,,600,,,,cyclic,transition,0,no_load,both,B5: cyclic back-and-forth,servo-app/lab-0.1
1781163428.9400504,265.68857526779175,B5_CYCLIC,B5_CYCLIC_R01_20260611_143242,delta-asda-b3-e,1591,RTSO|SO|OE|VE|QS|TR,3,0,99689597,600,19,0.08113,22,0.052602,301,49,4270,2391,6000,,600,,,,cyclic,transition,0,no_load,both,B5: cyclic back-and-forth,servo-app/lab-0.1
1781163429.0406306,265.78915548324585,B5_CYCLIC,B5_CYCLIC_R01_20260611_143242,delta-asda-b3-e,1591,RTSO|SO|OE|VE|QS|TR,3,0,101384214,600,17,0.07259,17,0.040647,300,49,4270,2391,6000,,600,,,,cyclic,transition,0,no_load,both,B5: cyclic back-and-forth,servo-app/lab-0.1
1781163429.1415634,265.89008831977844,B5_CYCLIC,B5_CYCLIC_R01_20260611_143242,delta-asda-b3-e,1591,RTSO|SO|OE|VE|QS|TR,3,0,103078905,600,18,0.07686,22,0.052602,301,49,4270,2391,6000,,600,,,,cyclic,transition,0,no_load,both,B5: cyclic back-and-forth,servo-app/lab-0.1
1781163429.2426133,265.9911382198334,B5_CYCLIC,B5_CYCLIC_R01_20260611_143242,delta-asda-b3-e,1591,RTSO|SO|OE|VE|QS|TR,3,0,104773006,599,19,0.08113,20,0.04782,300,49,4270,2391,6000,,600,,,,cyclic,transition,0,no_load,both,B5: cyclic back-and-forth,servo-app/lab-0.1
1781163429.342813,266.09133791923523,B5_CYCLIC,B5_CYCLIC_R01_20260611_143242,delta-asda-b3-e,1591,RTSO|SO|OE|VE|QS|TR,3,0,106450805,600,22,0.09394,21,0.050211,301,49,4270,2391,6000,,600,,,,cyclic,transition,0,no_load,both,B5: cyclic back-and-forth,servo-app/lab-0.1
1781163429.443265,266.1917898654938,B5_CYCLIC,B5_CYCLIC_R01_20260611_143242,delta-asda-b3-e,1591,RTSO|SO|OE|VE|QS|TR,3,0,108144751,599,17,0.07259,16,0.038256,300,49,4270,2391,6000,,600,,,,cyclic,transition,0,no_load,both,B5: cyclic back-and-forth,servo-app/lab-0.1
1781163429.5439126,266.29243755340576,B5_CYCLIC,B5_CYCLIC_R01_20260611_143242,delta-asda-b3-e,1591,RTSO|SO|OE|VE|QS|TR,3,0,109822936,600,19,0.08113,17,0.040647,301,49,4270,2391,6000,,600,,,,cyclic,transition,0,no_load,both,B5: cyclic back-and-forth,servo-app/lab-0.1
1781163429.644652,266.3931767940521,B5_CYCLIC,B5_CYCLIC_R01_20260611_143242,delta-asda-b3-e,1591,RTSO|SO|OE|VE|QS|TR,3,0,111517088,599,19,0.08113,19,0.045429,300,49,4270,2391,6000,,600,,,,cyclic,transition,0,no_load,both,B5: cyclic back-and-forth,servo-app/lab-0.1
1781163429.7452695,266.49379444122314,B5_CYCLIC,B5_CYCLIC_R01_20260611_143242,delta-asda-b3-e,1591,RTSO|SO|OE|VE|QS|TR,3,0,113194847,600,18,0.07686,20,0.04782,300,49,4270,2391,6000,,600,,,,cyclic,transition,0,no_load,both,B5: cyclic back-and-forth,servo-app/lab-0.1
1781163429.8460908,266.5946156978607,B5_CYCLIC,B5_CYCLIC_R01_20260611_143242,delta-asda-b3-e,1591,RTSO|SO|OE|VE|QS|TR,3,0,114905749,599,22,0.09394,18,0.043038,301,49,4270,2391,6000,,600,,,,cyclic,transition,0,no_load,both,B5: cyclic back-and-forth,servo-app/lab-0.1
1781163429.947218,266.6957428455353,B5_CYCLIC,B5_CYCLIC_R01_20260611_143242,delta-asda-b3-e,1591,RTSO|SO|OE|VE|QS|TR,3,0,116583650,600,15,0.06405,18,0.043038,301,49,4270,2391,6000,,600,,,,cyclic,transition,0,no_load,both,B5: cyclic back-and-forth,servo-app/lab-0.1
1781163430.0474336,266.79595851898193,B5_CYCLIC,B5_CYCLIC_R01_20260611_143242,delta-asda-b3-e,1591,RTSO|SO|OE|VE|QS|TR,3,0,118278195,600,15,0.06405,15,0.035865,300,49,4270,2391,6000,,600,,,,cyclic,transition,0,no_load,both,B5: cyclic back-and-forth,servo-app/lab-0.1
1781163430.147501,266.8960258960724,B5_CYCLIC,B5_CYCLIC_R01_20260611_143242,delta-asda-b3-e,1591,RTSO|SO|OE|VE|QS|TR,3,0,119955975,600,18,0.07686,17,0.040647,300,49,4270,2391,6000,,600,,,,cyclic,transition,0,no_load,both,B5: cyclic back-and-forth,servo-app/lab-0.1
1781163430.2475996,266.9961245059967,B5_CYCLIC,B5_CYCLIC_R01_20260611_143242,delta-asda-b3-e,1591,RTSO|SO|OE|VE|QS|TR,3,0,121633368,600,18,0.07686,18,0.043038,300,49,4270,2391,6000,,600,,,,cyclic,transition,0,no_load,both,B5: cyclic back-and-forth,servo-app/lab-0.1
1781163430.3484602,267.09698510169983,B5_CYCLIC,B5_CYCLIC_R01_20260611_143242,delta-asda-b3-e,1591,RTSO|SO|OE|VE|QS|TR,3,0,123327931,600,20,0.0854,20,0.04782,300,49,4270,2391,6000,,600,,,,cyclic,transition,0,no_load,both,B5: cyclic back-and-forth,servo-app/lab-0.1
1781163430.4489317,267.19745659828186,B5_CYCLIC,B5_CYCLIC_R01_20260611_143242,delta-asda-b3-e,1591,RTSO|SO|OE|VE|QS|TR,3,0,125005232,600,24,0.10248,23,0.054993,300,49,4270,2391,6000,,600,,,,cyclic,transition,0,no_load,both,B5: cyclic back-and-forth,servo-app/lab-0.1
1781163430.5504375,267.29896235466003,B5_CYCLIC,B5_CYCLIC_R01_20260611_143242,delta-asda-b3-e,1591,RTSO|SO|OE|VE|QS|TR,3,0,126717149,601,20,0.0854,20,0.04782,300,49,4270,2391,6000,,600,,,,cyclic,transition,0,no_load,both,B5: cyclic back-and-forth,servo-app/lab-0.1
1781163430.6510954,267.3996202945709,B5_CYCLIC,B5_CYCLIC_R01_20260611_143242,delta-asda-b3-e,1591,RTSO|SO|OE|VE|QS|TR,3,0,128394340,600,21,0.08967,22,0.052602,300,49,4270,2391,6000,,600,,,,cyclic,transition,0,no_load,both,B5: cyclic back-and-forth,servo-app/lab-0.1
1781163430.751741,267.5002658367157,B5_CYCLIC,B5_CYCLIC_R01_20260611_143242,delta-asda-b3-e,1591,RTSO|SO|OE|VE|QS|TR,3,0,130105858,600,17,0.07259,16,0.038256,300,49,4270,2391,6000,,600,,,,cyclic,transition,0,no_load,both,B5: cyclic back-and-forth,servo-app/lab-0.1
1781163430.8523319,267.60085678100586,B5_CYCLIC,B5_CYCLIC_R01_20260611_143242,delta-asda-b3-e,1591,RTSO|SO|OE|VE|QS|TR,3,0,131783087,600,25,0.10675,24,0.057384,300,49,4270,2391,6000,,600,,,,cyclic,transition,0,no_load,both,B5: cyclic back-and-forth,servo-app/lab-0.1
1781163430.9534621,267.70198702812195,B5_CYCLIC,B5_CYCLIC_R01_20260611_143242,delta-asda-b3-e,1591,RTSO|SO|OE|VE|QS|TR,3,0,133478070,601,19,0.08113,21,0.050211,300,49,4270,2391,6000,,600,,,,cyclic,transition,0,no_load,both,B5: cyclic back-and-forth,servo-app/lab-0.1
1781163431.0538652,267.8023900985718,B5_CYCLIC,B5_CYCLIC_R01_20260611_143242,delta-asda-b3-e,1591,RTSO|SO|OE|VE|QS|TR,3,0,135155590,600,20,0.0854,18,0.043038,300,49,4270,2391,6000,,600,,,,cyclic,transition,0,no_load,both,B5: cyclic back-and-forth,servo-app/lab-0.1
1781163431.1547256,267.9032504558563,B5_CYCLIC,B5_CYCLIC_R01_20260611_143242,delta-asda-b3-e,1591,RTSO|SO|OE|VE|QS|TR,3,0,136850103,600,20,0.0854,19,0.045429,300,49,4270,2391,6000,,600,,,,cyclic,transition,0,no_load,both,B5: cyclic back-and-forth,servo-app/lab-0.1
1781163431.254795,268.003319978714,B5_CYCLIC,B5_CYCLIC_R01_20260611_143242,delta-asda-b3-e,1591,RTSO|SO|OE|VE|QS|TR,3,0,138527501,600,21,0.08967,20,0.04782,300,49,4270,2391,6000,,600,,,,cyclic,transition,0,no_load,both,B5: cyclic back-and-forth,servo-app/lab-0.1
1781163431.3552427,268.1037676334381,B5_CYCLIC,B5_CYCLIC_R01_20260611_143242,delta-asda-b3-e,1591,RTSO|SO|OE|VE|QS|TR,3,0,140222101,600,19,0.08113,19,0.045429,300,49,4270,2391,6000,,600,,,,cyclic,transition,0,no_load,both,B5: cyclic back-and-forth,servo-app/lab-0.1
1781163431.4555333,268.2040581703186,B5_CYCLIC,B5_CYCLIC_R01_20260611_143242,delta-asda-b3-e,1591,RTSO|SO|OE|VE|QS|TR,3,0,141899618,600,23,0.09821,24,0.057384,301,49,4270,2391,6000,,600,,,,cyclic,transition,0,no_load,both,B5: cyclic back-and-forth,servo-app/lab-0.1
1781163431.556353,268.3048779964447,B5_CYCLIC,B5_CYCLIC_R01_20260611_143242,delta-asda-b3-e,1591,RTSO|SO|OE|VE|QS|TR,3,0,143594430,600,18,0.07686,16,0.038256,300,49,4270,2391,6000,,600,,,,cyclic,transition,0,no_load,both,B5: cyclic back-and-forth,servo-app/lab-0.1
1781163431.6564622,268.4049870967865,B5_CYCLIC,B5_CYCLIC_R01_20260611_143242,delta-asda-b3-e,1591,RTSO|SO|OE|VE|QS|TR,3,0,145271638,600,23,0.09821,22,0.052602,300,49,4270,2391,6000,,600,,,,cyclic,transition,0,no_load,both,B5: cyclic back-and-forth,servo-app/lab-0.1
1781163431.7568705,268.50539541244507,B5_CYCLIC,B5_CYCLIC_R01_20260611_143242,delta-asda-b3-e,1591,RTSO|SO|OE|VE|QS|TR,3,0,146949564,600,21,0.08967,17,0.040647,300,49,4270,2391,6000,,600,,,,cyclic,transition,0,no_load,both,B5: cyclic back-and-forth,servo-app/lab-0.1
1781163431.8575156,268.6060404777527,B5_CYCLIC,B5_CYCLIC_R01_20260611_143242,delta-asda-b3-e,1591,RTSO|SO|OE|VE|QS|TR,3,0,148643436,600,23,0.09821,26,0.062166,301,49,4270,2391,6000,,600,,,,cyclic,transition,0,no_load,both,B5: cyclic back-and-forth,servo-app/lab-0.1
1781163431.9576552,268.7061800956726,B5_CYCLIC,B5_CYCLIC_R01_20260611_143242,delta-asda-b3-e,1591,RTSO|SO|OE|VE|QS|TR,3,0,150321735,601,17,0.07259,17,0.040647,301,49,4270,2391,6000,,600,,,,cyclic,transition,0,no_load,both,B5: cyclic back-and-forth,servo-app/lab-0.1
1781163432.0582104,268.8067352771759,B5_CYCLIC,B5_CYCLIC_R01_20260611_143242,delta-asda-b3-e,1591,RTSO|SO|OE|VE|QS|TR,3,0,152015922,600,23,0.09821,26,0.062166,300,49,4270,2391,6000,,600,,,,cyclic,transition,0,no_load,both,B5: cyclic back-and-forth,servo-app/lab-0.1
1781163432.158693,268.90721797943115,B5_CYCLIC,B5_CYCLIC_R01_20260611_143242,delta-asda-b3-e,1591,RTSO|SO|OE|VE|QS|TR,3,0,153693856,600,21,0.08967,23,0.054993,300,49,4270,2391,6000,,600,,,,cyclic,transition,0,no_load,both,B5: cyclic back-and-forth,servo-app/lab-0.1
1781163432.259089,269.0076138973236,B5_CYCLIC,B5_CYCLIC_R01_20260611_143242,delta-asda-b3-e,1591,RTSO|SO|OE|VE|QS|TR,3,0,155371190,600,23,0.09821,24,0.057384,300,49,4270,2391,6000,,600,,,,cyclic,transition,0,no_load,both,B5: cyclic back-and-forth,servo-app/lab-0.1
1781163432.3594391,269.1079640388489,B5_CYCLIC,B5_CYCLIC_R01_20260611_143242,delta-asda-b3-e,1591,RTSO|SO|OE|VE|QS|TR,3,0,157065812,600,15,0.06405,16,0.038256,300,49,4270,2391,6000,,600,,,,cyclic,transition,0,no_load,both,B5: cyclic back-and-forth,servo-app/lab-0.1
1781163432.459732,269.20825695991516,B5_CYCLIC,B5_CYCLIC_R01_20260611_143242,delta-asda-b3-e,1591,RTSO|SO|OE|VE|QS|TR,3,0,158743347,600,21,0.08967,22,0.052602,300,49,4270,2391,6000,,600,,,,cyclic,transition,0,no_load,both,B5: cyclic back-and-forth,servo-app/lab-0.1
1781163432.5604274,269.30895233154297,B5_CYCLIC,B5_CYCLIC_R01_20260611_143242,delta-asda-b3-e,1591,RTSO|SO|OE|VE|QS|TR,3,0,160438092,600,15,0.06405,15,0.035865,300,49,4270,2391,6000,,600,,,,cyclic,transition,0,no_load,both,B5: cyclic back-and-forth,servo-app/lab-0.1
1781163432.6608355,269.40936040878296,B5_CYCLIC,B5_CYCLIC_R01_20260611_143242,delta-asda-b3-e,1591,RTSO|SO|OE|VE|QS|TR,3,0,162115265,599,22,0.09394,23,0.054993,300,49,4270,2391,6000,,600,,,,cyclic,transition,0,no_load,both,B5: cyclic back-and-forth,servo-app/lab-0.1
1781163432.7614858,269.5100107192993,B5_CYCLIC,B5_CYCLIC_R01_20260611_143242,delta-asda-b3-e,1591,RTSO|SO|OE|VE|QS|TR,3,0,163809950,599,17,0.07259,20,0.04782,301,49,4270,2391,6000,,600,,,,cyclic,transition,0,no_load,both,B5: cyclic back-and-forth,servo-app/lab-0.1
1781163432.8616028,269.6101276874542,B5_CYCLIC,B5_CYCLIC_R01_20260611_143242,delta-asda-b3-e,1591,RTSO|SO|OE|VE|QS|TR,3,0,165487190,599,22,0.09394,22,0.052602,301,49,4270,2391,6000,,600,,,,cyclic,transition,0,no_load,both,B5: cyclic back-and-forth,servo-app/lab-0.1
1781163432.9618323,269.71035718917847,B5_CYCLIC,B5_CYCLIC_R01_20260611_143242,delta-asda-b3-e,1591,RTSO|SO|OE|VE|QS|TR,3,0,167165543,600,17,0.07259,17,0.040647,300,49,4270,2391,6000,,600,,,,cyclic,transition,0,no_load,both,B5: cyclic back-and-forth,servo-app/lab-0.1
1781163433.0622692,269.8107941150665,B5_CYCLIC,B5_CYCLIC_R01_20260611_143242,delta-asda-b3-e,1591,RTSO|SO|OE|VE|QS|TR,3,0,168859546,599,22,0.09394,20,0.04782,301,49,4270,2391,6000,,600,,,,cyclic,transition,0,no_load,both,B5: cyclic back-and-forth,servo-app/lab-0.1
1781163433.163758,269.9122829437256,B5_CYCLIC,B5_CYCLIC_R01_20260611_143242,delta-asda-b3-e,1591,RTSO|SO|OE|VE|QS|TR,3,0,170554196,599,18,0.07686,20,0.04782,301,49,4270,2391,6000,,600,,,,cyclic,transition,0,no_load,both,B5: cyclic back-and-forth,servo-app/lab-0.1
1781163433.2644787,270.0130035877228,B5_CYCLIC,B5_CYCLIC_R01_20260611_143242,delta-asda-b3-e,567,RTSO|SO|OE|VE|QS,3,0,172223439,503,7,0.02989,11,0.026301,301,49,4270,2391,6000,,600,,,,cyclic,transition,0,no_load,both,B5: cyclic back-and-forth,servo-app/lab-0.1
1781163433.3650546,270.11357951164246,B5_CYCLIC,B5_CYCLIC_R01_20260611_143242,delta-asda-b3-e,1591,RTSO|SO|OE|VE|QS|TR,3,0,171040278,-600,-19,-0.08113,-20,-0.04782,300,49,4270,2391,6000,,600,,,,cyclic,transition,0,no_load,both,B5: cyclic back-and-forth,servo-app/lab-0.1
1781163433.4652033,270.2137281894684,B5_CYCLIC,B5_CYCLIC_R01_20260611_143242,delta-asda-b3-e,1591,RTSO|SO|OE|VE|QS|TR,3,0,169362494,-601,-16,-0.06832,-18,-0.043038,300,49,4270,2391,6000,,600,,,,cyclic,transition,0,no_load,both,B5: cyclic back-and-forth,servo-app/lab-0.1
1781163433.565403,270.31392788887024,B5_CYCLIC,B5_CYCLIC_R01_20260611_143242,delta-asda-b3-e,1591,RTSO|SO|OE|VE|QS|TR,3,0,167651239,-601,-16,-0.06832,-15,-0.035865,300,49,4270,2391,6000,,600,,,,cyclic,transition,0,no_load,both,B5: cyclic back-and-forth,servo-app/lab-0.1
1781163433.6655068,270.4140317440033,B5_CYCLIC,B5_CYCLIC_R01_20260611_143242,delta-asda-b3-e,1591,RTSO|SO|OE|VE|QS|TR,3,0,165990294,-601,-15,-0.06405,-16,-0.038256,300,49,4270,2391,6000,,600,,,,cyclic,transition,0,no_load,both,B5: cyclic back-and-forth,servo-app/lab-0.1
1781163433.7665105,270.5150353908539,B5_CYCLIC,B5_CYCLIC_R01_20260611_143242,delta-asda-b3-e,1591,RTSO|SO|OE|VE|QS|TR,3,0,164295902,-601,-19,-0.08113,-22,-0.052602,300,49,4270,2391,6000,,600,,,,cyclic,transition,0,no_load,both,B5: cyclic back-and-forth,servo-app/lab-0.1
1781163433.8668206,270.61534547805786,B5_CYCLIC,B5_CYCLIC_R01_20260611_143242,delta-asda-b3-e,1591,RTSO|SO|OE|VE|QS|TR,3,0,162618132,-601,-14,-0.05978,-16,-0.038256,301,49,4270,2391,6000,,600,,,,cyclic,transition,0,no_load,both,B5: cyclic back-and-forth,servo-app/lab-0.1
1781163433.9669807,270.7155055999756,B5_CYCLIC,B5_CYCLIC_R01_20260611_143242,delta-asda-b3-e,1591,RTSO|SO|OE|VE|QS|TR,3,0,160940227,-601,-22,-0.09394,-20,-0.04782,300,49,4270,2391,6000,,600,,,,cyclic,transition,0,no_load,both,B5: cyclic back-and-forth,servo-app/lab-0.1
1781163434.0673687,270.81589365005493,B5_CYCLIC,B5_CYCLIC_R01_20260611_143242,delta-asda-b3-e,1591,RTSO|SO|OE|VE|QS|TR,3,0,159245631,-601,-15,-0.06405,-14,-0.033474,301,49,4270,2391,6000,,600,,,,cyclic,transition,0,no_load,both,B5: cyclic back-and-forth,servo-app/lab-0.1
1781163434.1674972,270.91602206230164,B5_CYCLIC,B5_CYCLIC_R01_20260611_143242,delta-asda-b3-e,1591,RTSO|SO|OE|VE|QS|TR,3,0,157567967,-601,-18,-0.07686,-25,-0.059775,301,49,4270,2391,6000,,600,,,,cyclic,transition,0,no_load,both,B5: cyclic back-and-forth,servo-app/lab-0.1
1781163434.2676942,271.0162191390991,B5_CYCLIC,B5_CYCLIC_R01_20260611_143242,delta-asda-b3-e,1591,RTSO|SO|OE|VE|QS|TR,3,0,155890551,-601,-21,-0.08967,-24,-0.057384,301,49,4270,2391,6000,,600,,,,cyclic,transition,0,no_load,both,B5: cyclic back-and-forth,servo-app/lab-0.1
1781163434.368032,271.1165568828583,B5_CYCLIC,B5_CYCLIC_R01_20260611_143242,delta-asda-b3-e,1591,RTSO|SO|OE|VE|QS|TR,3,0,154212908,-601,-23,-0.09821,-23,-0.054993,301,49,4270,2391,6000,,600,,,,cyclic,transition,0,no_load,both,B5: cyclic back-and-forth,servo-app/lab-0.1
1781163434.4685946,271.2171194553375,B5_CYCLIC,B5_CYCLIC_R01_20260611_143242,delta-asda-b3-e,1591,RTSO|SO|OE|VE|QS|TR,3,0,152518099,-602,-19,-0.08113,-18,-0.043038,301,49,4270,2391,6000,,600,,,,cyclic,transition,0,no_load,both,B5: cyclic back-and-forth,servo-app/lab-0.1
1781163434.5694132,271.3179380893707,B5_CYCLIC,B5_CYCLIC_R01_20260611_143242,delta-asda-b3-e,1591,RTSO|SO|OE|VE|QS|TR,3,0,150823652,-601,-19,-0.08113,-16,-0.038256,300,49,4270,2391,6000,,600,,,,cyclic,transition,0,no_load,both,B5: cyclic back-and-forth,servo-app/lab-0.1
1781163434.6698909,271.4184157848358,B5_CYCLIC,B5_CYCLIC_R01_20260611_143242,delta-asda-b3-e,1591,RTSO|SO|OE|VE|QS|TR,3,0,149145834,-601,-19,-0.08113,-18,-0.043038,300,49,4270,2391,6000,,600,,,,cyclic,transition,0,no_load,both,B5: cyclic back-and-forth,servo-app/lab-0.1
1781163434.7713566,271.5198814868927,B5_CYCLIC,B5_CYCLIC_R01_20260611_143242,delta-asda-b3-e,1591,RTSO|SO|OE|VE|QS|TR,3,0,147434738,-600,-19,-0.08113,-21,-0.050211,301,49,4270,2391,6000,,600,,,,cyclic,transition,0,no_load,both,B5: cyclic back-and-forth,servo-app/lab-0.1
1781163434.87169,271.62021493911743,B5_CYCLIC,B5_CYCLIC_R01_20260611_143242,delta-asda-b3-e,1591,RTSO|SO|OE|VE|QS|TR,3,0,145756793,-602,-16,-0.06832,-16,-0.038256,301,49,4270,2391,6000,,600,,,,cyclic,transition,0,no_load,both,B5: cyclic back-and-forth,servo-app/lab-0.1
1781163434.9717631,271.7202880382538,B5_CYCLIC,B5_CYCLIC_R01_20260611_143242,delta-asda-b3-e,1591,RTSO|SO|OE|VE|QS|TR,3,0,144078989,-601,-18,-0.07686,-19,-0.045429,300,49,4270,2391,6000,,600,,,,cyclic,transition,0,no_load,both,B5: cyclic back-and-forth,servo-app/lab-0.1
1781163435.0726597,271.82118463516235,B5_CYCLIC,B5_CYCLIC_R01_20260611_143242,delta-asda-b3-e,1591,RTSO|SO|OE|VE|QS|TR,3,0,142384401,-601,-19,-0.08113,-19,-0.045429,301,49,4270,2391,6000,,600,,,,cyclic,transition,0,no_load,both,B5: cyclic back-and-forth,servo-app/lab-0.1
1781163435.1731381,271.9216630458832,B5_CYCLIC,B5_CYCLIC_R01_20260611_143242,delta-asda-b3-e,1591,RTSO|SO|OE|VE|QS|TR,3,0,140706867,-601,-19,-0.08113,-19,-0.045429,300,49,4270,2391,6000,,600,,,,cyclic,transition,0,no_load,both,B5: cyclic back-and-forth,servo-app/lab-0.1
1781163435.2734578,272.0219826698303,B5_CYCLIC,B5_CYCLIC_R01_20260611_143242,delta-asda-b3-e,1591,RTSO|SO|OE|VE|QS|TR,3,0,139012747,-601,-14,-0.05978,-16,-0.038256,300,49,4270,2391,6000,,600,,,,cyclic,transition,0,no_load,both,B5: cyclic back-and-forth,servo-app/lab-0.1
1781163435.373941,272.12246584892273,B5_CYCLIC,B5_CYCLIC_R01_20260611_143242,delta-asda-b3-e,1591,RTSO|SO|OE|VE|QS|TR,3,0,137335059,-601,-20,-0.0854,-24,-0.057384,301,49,4270,2391,6000,,600,,,,cyclic,transition,0,no_load,both,B5: cyclic back-and-forth,servo-app/lab-0.1
1781163435.474172,272.222697019577,B5_CYCLIC,B5_CYCLIC_R01_20260611_143242,delta-asda-b3-e,1591,RTSO|SO|OE|VE|QS|TR,3,0,135640123,-601,-15,-0.06405,-16,-0.038256,300,49,4270,2391,6000,,600,,,,cyclic,transition,0,no_load,both,B5: cyclic back-and-forth,servo-app/lab-0.1
1781163435.5743244,272.32284927368164,B5_CYCLIC,B5_CYCLIC_R01_20260611_143242,delta-asda-b3-e,1591,RTSO|SO|OE|VE|QS|TR,3,0,133962413,-601,-17,-0.07259,-20,-0.04782,300,49,4270,2391,6000,,600,,,,cyclic,transition,0,no_load,both,B5: cyclic back-and-forth,servo-app/lab-0.1
1781163435.6751196,272.4236445426941,B5_CYCLIC,B5_CYCLIC_R01_20260611_143242,delta-asda-b3-e,1591,RTSO|SO|OE|VE|QS|TR,3,0,132284533,-601,-18,-0.07686,-18,-0.043038,301,49,4270,2391,6000,,600,,,,cyclic,transition,0,no_load,both,B5: cyclic back-and-forth,servo-app/lab-0.1
1781163435.7756882,272.5242130756378,B5_CYCLIC,B5_CYCLIC_R01_20260611_143242,delta-asda-b3-e,1591,RTSO|SO|OE|VE|QS|TR,3,0,130590302,-600,-18,-0.07686,-20,-0.04782,301,49,4270,2391,6000,,600,,,,cyclic,transition,0,no_load,both,B5: cyclic back-and-forth,servo-app/lab-0.1
1781163435.8758042,272.6243290901184,B5_CYCLIC,B5_CYCLIC_R01_20260611_143242,delta-asda-b3-e,1591,RTSO|SO|OE|VE|QS|TR,3,0,128912291,-601,-15,-0.06405,-17,-0.040647,301,49,4270,2391,6000,,600,,,,cyclic,transition,0,no_load,both,B5: cyclic back-and-forth,servo-app/lab-0.1
1781163435.9762115,272.72473645210266,B5_CYCLIC,B5_CYCLIC_R01_20260611_143242,delta-asda-b3-e,1591,RTSO|SO|OE|VE|QS|TR,3,0,127234535,-601,-20,-0.0854,-19,-0.045429,301,49,4270,2391,6000,,600,,,,cyclic,transition,0,no_load,both,B5: cyclic back-and-forth,servo-app/lab-0.1
1781163436.076752,272.82527685165405,B5_CYCLIC,B5_CYCLIC_R01_20260611_143242,delta-asda-b3-e,1591,RTSO|SO|OE|VE|QS|TR,3,0,125539863,-601,-17,-0.07259,-19,-0.045429,300,49,4270,2391,6000,,600,,,,cyclic,transition,0,no_load,both,B5: cyclic back-and-forth,servo-app/lab-0.1
1781163436.1769037,272.9254286289215,B5_CYCLIC,B5_CYCLIC_R01_20260611_143242,delta-asda-b3-e,1591,RTSO|SO|OE|VE|QS|TR,3,0,123862326,-601,-19,-0.08113,-21,-0.050211,300,49,4270,2391,6000,,600,,,,cyclic,transition,0,no_load,both,B5: cyclic back-and-forth,servo-app/lab-0.1
1781163436.2775457,273.0260705947876,B5_CYCLIC,B5_CYCLIC_R01_20260611_143242,delta-asda-b3-e,1591,RTSO|SO|OE|VE|QS|TR,3,0,122167971,-601,-17,-0.07259,-14,-0.033474,300,49,4270,2391,6000,,600,,,,cyclic,transition,0,no_load,both,B5: cyclic back-and-forth,servo-app/lab-0.1
1781163436.3785865,273.1271114349365,B5_CYCLIC,B5_CYCLIC_R01_20260611_143242,delta-asda-b3-e,1591,RTSO|SO|OE|VE|QS|TR,3,0,120473263,-601,-20,-0.0854,-20,-0.04782,300,49,4270,2391,6000,,600,,,,cyclic,transition,0,no_load,both,B5: cyclic back-and-forth,servo-app/lab-0.1
1781163436.4787688,273.2272937297821,B5_CYCLIC,B5_CYCLIC_R01_20260611_143242,delta-asda-b3-e,1591,RTSO|SO|OE|VE|QS|TR,3,0,118795371,-601,-15,-0.06405,-14,-0.033474,300,49,4270,2391,6000,,600,,,,cyclic,transition,0,no_load,both,B5: cyclic back-and-forth,servo-app/lab-0.1
1781163436.5789952,273.3275201320648,B5_CYCLIC,B5_CYCLIC_R01_20260611_143242,delta-asda-b3-e,1591,RTSO|SO|OE|VE|QS|TR,3,0,117117746,-601,-19,-0.08113,-17,-0.040647,300,49,4270,2391,6000,,600,,,,cyclic,transition,0,no_load,both,B5: cyclic back-and-forth,servo-app/lab-0.1
1781163436.679289,273.4278140068054,B5_CYCLIC,B5_CYCLIC_R01_20260611_143242,delta-asda-b3-e,1591,RTSO|SO|OE|VE|QS|TR,3,0,115423286,-601,-18,-0.07686,-16,-0.038256,300,49,4270,2391,6000,,600,,,,cyclic,transition,0,no_load,both,B5: cyclic back-and-forth,servo-app/lab-0.1
1781163436.780181,273.5287058353424,B5_CYCLIC,B5_CYCLIC_R01_20260611_143242,delta-asda-b3-e,1591,RTSO|SO|OE|VE|QS|TR,3,0,113745807,-600,-21,-0.08967,-19,-0.045429,300,49,4270,2391,6000,,600,,,,cyclic,transition,0,no_load,both,B5: cyclic back-and-forth,servo-app/lab-0.1
1781163436.8808246,273.62934947013855,B5_CYCLIC,B5_CYCLIC_R01_20260611_143242,delta-asda-b3-e,1591,RTSO|SO|OE|VE|QS|TR,3,0,112050864,-601,-16,-0.06832,-15,-0.035865,301,49,4270,2391,6000,,600,,,,cyclic,transition,0,no_load,both,B5: cyclic back-and-forth,servo-app/lab-0.1
1781163436.9812057,273.7297306060791,B5_CYCLIC,B5_CYCLIC_R01_20260611_143242,delta-asda-b3-e,1591,RTSO|SO|OE|VE|QS|TR,3,0,110356503,-600,-19,-0.08113,-21,-0.050211,301,49,4270,2391,6000,,600,,,,cyclic,transition,0,no_load,both,B5: cyclic back-and-forth,servo-app/lab-0.1
1781163437.081595,273.83011984825134,B5_CYCLIC,B5_CYCLIC_R01_20260611_143242,delta-asda-b3-e,1591,RTSO|SO|OE|VE|QS|TR,3,0,108678524,-601,-16,-0.06832,-18,-0.043038,300,49,4270,2391,6000,,600,,,,cyclic,transition,0,no_load,both,B5: cyclic back-and-forth,servo-app/lab-0.1
1781163437.1822588,273.9307837486267,B5_CYCLIC,B5_CYCLIC_R01_20260611_143242,delta-asda-b3-e,1591,RTSO|SO|OE|VE|QS|TR,3,0,107001187,-600,-21,-0.08967,-22,-0.052602,299,49,4270,2391,6000,,600,,,,cyclic,transition,0,no_load,both,B5: cyclic back-and-forth,servo-app/lab-0.1
1781163437.2833867,274.031911611557,B5_CYCLIC,B5_CYCLIC_R01_20260611_143242,delta-asda-b3-e,1591,RTSO|SO|OE|VE|QS|TR,3,0,105289879,-601,-17,-0.07259,-16,-0.038256,300,49,4270,2391,6000,,600,,,,cyclic,transition,0,no_load,both,B5: cyclic back-and-forth,servo-app/lab-0.1
1781163437.3837054,274.13223028182983,B5_CYCLIC,B5_CYCLIC_R01_20260611_143242,delta-asda-b3-e,1591,RTSO|SO|OE|VE|QS|TR,3,0,103612189,-600,-20,-0.0854,-21,-0.050211,300,49,4270,2391,6000,,600,,,,cyclic,transition,0,no_load,both,B5: cyclic back-and-forth,servo-app/lab-0.1
1781163437.4841015,274.23262643814087,B5_CYCLIC,B5_CYCLIC_R01_20260611_143242,delta-asda-b3-e,1591,RTSO|SO|OE|VE|QS|TR,3,0,101934331,-600,-14,-0.05978,-16,-0.038256,301,49,4270,2391,6000,,600,,,,cyclic,transition,0,no_load,both,B5: cyclic back-and-forth,servo-app/lab-0.1
1781163437.586208,274.3347330093384,B5_CYCLIC,B5_CYCLIC_R01_20260611_143242,delta-asda-b3-e,1591,RTSO|SO|OE|VE|QS|TR,3,0,100223343,-600,-22,-0.09394,-23,-0.054993,301,49,4270,2391,6000,,600,,,,cyclic,transition,0,no_load,both,B5: cyclic back-and-forth,servo-app/lab-0.1
1781163437.6864583,274.434983253479,B5_CYCLIC,B5_CYCLIC_R01_20260611_143242,delta-asda-b3-e,1591,RTSO|SO|OE|VE|QS|TR,3,0,98528735,-601,-16,-0.06832,-18,-0.043038,301,49,4270,2391,6000,,600,,,,cyclic,transition,0,no_load,both,B5: cyclic back-and-forth,servo-app/lab-0.1
1781163437.7868483,274.535373210907,B5_CYCLIC,B5_CYCLIC_R01_20260611_143242,delta-asda-b3-e,1591,RTSO|SO|OE|VE|QS|TR,3,0,96851081,-601,-20,-0.0854,-20,-0.04782,301,49,4270,2391,6000,,600,,,,cyclic,transition,0,no_load,both,B5: cyclic back-and-forth,servo-app/lab-0.1
1781163437.88791,274.6364347934723,B5_CYCLIC,B5_CYCLIC_R01_20260611_143242,delta-asda-b3-e,1591,RTSO|SO|OE|VE|QS|TR,3,0,95156049,-601,-17,-0.07259,-17,-0.040647,301,49,4270,2391,6000,,600,,,,cyclic,transition,0,no_load,both,B5: cyclic back-and-forth,servo-app/lab-0.1
1781163437.9883895,274.736914396286,B5_CYCLIC,B5_CYCLIC_R01_20260611_143242,delta-asda-b3-e,1591,RTSO|SO|OE|VE|QS|TR,3,0,93461823,-600,-18,-0.07686,-19,-0.045429,301,49,4270,2391,6000,,600,,,,cyclic,transition,0,no_load,both,B5: cyclic back-and-forth,servo-app/lab-0.1
1781163438.0885725,274.83709740638733,B5_CYCLIC,B5_CYCLIC_R01_20260611_143242,delta-asda-b3-e,1591,RTSO|SO|OE|VE|QS|TR,3,0,91783826,-601,-14,-0.05978,-16,-0.038256,300,49,4270,2391,6000,,600,,,,cyclic,transition,0,no_load,both,B5: cyclic back-and-forth,servo-app/lab-0.1
1781163438.1891704,274.9376952648163,B5_CYCLIC,B5_CYCLIC_R01_20260611_143242,delta-asda-b3-e,1591,RTSO|SO|OE|VE|QS|TR,3,0,90090019,-600,-20,-0.0854,-19,-0.045429,301,49,4270,2391,6000,,600,,,,cyclic,transition,0,no_load,both,B5: cyclic back-and-forth,servo-app/lab-0.1
1781163438.2893903,275.03791522979736,B5_CYCLIC,B5_CYCLIC_R01_20260611_143242,delta-asda-b3-e,1591,RTSO|SO|OE|VE|QS|TR,3,0,88411873,-601,-18,-0.07686,-19,-0.045429,301,49,4270,2391,6000,,600,,,,cyclic,transition,0,no_load,both,B5: cyclic back-and-forth,servo-app/lab-0.1
1781163438.3899438,275.1384687423706,B5_CYCLIC,B5_CYCLIC_R01_20260611_143242,delta-asda-b3-e,1591,RTSO|SO|OE|VE|QS|TR,3,0,86734293,-600,-20,-0.0854,-18,-0.043038,301,49,4270,2391,6000,,600,,,,cyclic,transition,0,no_load,both,B5: cyclic back-and-forth,servo-app/lab-0.1
1781163438.4904916,275.23901653289795,B5_CYCLIC,B5_CYCLIC_R01_20260611_143242,delta-asda-b3-e,1591,RTSO|SO|OE|VE|QS|TR,3,0,85039397,-601,-16,-0.06832,-16,-0.038256,300,49,4270,2391,6000,,600,,,,cyclic,transition,0,no_load,both,B5: cyclic back-and-forth,servo-app/lab-0.1
1781163438.590718,275.33924293518066,B5_CYCLIC,B5_CYCLIC_R01_20260611_143242,delta-asda-b3-e,1591,RTSO|SO|OE|VE|QS|TR,3,0,83362014,-600,-19,-0.08113,-22,-0.052602,301,49,4270,2391,6000,,600,,,,cyclic,transition,0,no_load,both,B5: cyclic back-and-forth,servo-app/lab-0.1
1781163438.6911435,275.43966841697693,B5_CYCLIC,B5_CYCLIC_R01_20260611_143242,delta-asda-b3-e,1591,RTSO|SO|OE|VE|QS|TR,3,0,81684175,-600,-16,-0.06832,-18,-0.043038,301,49,4270,2391,6000,,600,,,,cyclic,transition,0,no_load,both,B5: cyclic back-and-forth,servo-app/lab-0.1
1781163438.7913475,275.5398724079132,B5_CYCLIC,B5_CYCLIC_R01_20260611_143242,delta-asda-b3-e,1591,RTSO|SO|OE|VE|QS|TR,3,0,79989728,-601,-17,-0.07259,-18,-0.043038,301,49,4270,2391,6000,,600,,,,cyclic,transition,0,no_load,both,B5: cyclic back-and-forth,servo-app/lab-0.1
1781163438.8918853,275.64041018486023,B5_CYCLIC,B5_CYCLIC_R01_20260611_143242,delta-asda-b3-e,1591,RTSO|SO|OE|VE|QS|TR,3,0,78311537,-601,-16,-0.06832,-16,-0.038256,301,49,4270,2391,6000,,600,,,,cyclic,transition,0,no_load,both,B5: cyclic back-and-forth,servo-app/lab-0.1
1781163438.9925559,275.7410807609558,B5_CYCLIC,B5_CYCLIC_R01_20260611_143242,delta-asda-b3-e,1591,RTSO|SO|OE|VE|QS|TR,3,0,76617386,-600,-23,-0.09821,-19,-0.045429,301,49,4270,2391,6000,,600,,,,cyclic,transition,0,no_load,both,B5: cyclic back-and-forth,servo-app/lab-0.1
1781163439.0929291,275.84145402908325,B5_CYCLIC,B5_CYCLIC_R01_20260611_143242,delta-asda-b3-e,1591,RTSO|SO|OE|VE|QS|TR,3,0,74939320,-600,-16,-0.06832,-16,-0.038256,301,49,4270,2391,6000,,600,,,,cyclic,transition,0,no_load,both,B5: cyclic back-and-forth,servo-app/lab-0.1
1781163439.1931639,275.94168877601624,B5_CYCLIC,B5_CYCLIC_R01_20260611_143242,delta-asda-b3-e,1591,RTSO|SO|OE|VE|QS|TR,3,0,73262240,-600,-19,-0.08113,-19,-0.045429,301,49,4270,2391,6000,,600,,,,cyclic,transition,0,no_load,both,B5: cyclic back-and-forth,servo-app/lab-0.1
1781163439.2938094,276.042334318161,B5_CYCLIC,B5_CYCLIC_R01_20260611_143242,delta-asda-b3-e,1591,RTSO|SO|OE|VE|QS|TR,3,0,71567305,-601,-15,-0.06405,-16,-0.038256,301,49,4270,2391,6000,,600,,,,cyclic,transition,0,no_load,both,B5: cyclic back-and-forth,servo-app/lab-0.1
1781163439.3943489,276.1428737640381,B5_CYCLIC,B5_CYCLIC_R01_20260611_143242,delta-asda-b3-e,1591,RTSO|SO|OE|VE|QS|TR,3,0,69873214,-600,-17,-0.07259,-19,-0.045429,301,49,4270,2391,6000,,600,,,,cyclic,transition,0,no_load,both,B5: cyclic back-and-forth,servo-app/lab-0.1
1781163439.4951289,276.2436537742615,B5_CYCLIC,B5_CYCLIC_R01_20260611_143242,delta-asda-b3-e,1591,RTSO|SO|OE|VE|QS|TR,3,0,68195140,-601,-21,-0.08967,-15,-0.035865,301,49,4270,2391,6000,,600,,,,cyclic,transition,0,no_load,both,B5: cyclic back-and-forth,servo-app/lab-0.1
1781163439.5952725,276.34379744529724,B5_CYCLIC,B5_CYCLIC_R01_20260611_143242,delta-asda-b3-e,1591,RTSO|SO|OE|VE|QS|TR,3,0,66501006,-600,-19,-0.08113,-18,-0.043038,301,49,4270,2391,6000,,600,,,,cyclic,transition,0,no_load,both,B5: cyclic back-and-forth,servo-app/lab-0.1
1781163439.6955802,276.44410514831543,B5_CYCLIC,B5_CYCLIC_R01_20260611_143242,delta-asda-b3-e,1591,RTSO|SO|OE|VE|QS|TR,3,0,64822976,-601,-16,-0.06832,-16,-0.038256,301,49,4270,2391,6000,,600,,,,cyclic,transition,0,no_load,both,B5: cyclic back-and-forth,servo-app/lab-0.1
1781163439.796113,276.5446379184723,B5_CYCLIC,B5_CYCLIC_R01_20260611_143242,delta-asda-b3-e,1591,RTSO|SO|OE|VE|QS|TR,3,0,63145261,-601,-23,-0.09821,-24,-0.057384,301,49,4270,2391,6000,,600,,,,cyclic,transition,0,no_load,both,B5: cyclic back-and-forth,servo-app/lab-0.1
1781163439.8964417,276.64496660232544,B5_CYCLIC,B5_CYCLIC_R01_20260611_143242,delta-asda-b3-e,1591,RTSO|SO|OE|VE|QS|TR,3,0,61467157,-601,-18,-0.07686,-16,-0.038256,301,49,4270,2391,6000,,600,,,,cyclic,transition,0,no_load,both,B5: cyclic back-and-forth,servo-app/lab-0.1
1781163439.9969187,276.7454435825348,B5_CYCLIC,B5_CYCLIC_R01_20260611_143242,delta-asda-b3-e,1591,RTSO|SO|OE|VE|QS|TR,3,0,59772831,-601,-23,-0.09821,-21,-0.050211,301,49,4270,2391,6000,,600,,,,cyclic,transition,0,no_load,both,B5: cyclic back-and-forth,servo-app/lab-0.1
1781163440.0973194,276.8458442687988,B5_CYCLIC,B5_CYCLIC_R01_20260611_143242,delta-asda-b3-e,1591,RTSO|SO|OE|VE|QS|TR,3,0,58094881,-601,-21,-0.08967,-18,-0.043038,301,49,4270,2391,6000,,600,,,,cyclic,transition,0,no_load,both,B5: cyclic back-and-forth,servo-app/lab-0.1
1781163440.197981,276.946506023407,B5_CYCLIC,B5_CYCLIC_R01_20260611_143242,delta-asda-b3-e,1591,RTSO|SO|OE|VE|QS|TR,3,0,56400818,-601,-19,-0.08113,-21,-0.050211,301,49,4270,2391,6000,,600,,,,cyclic,transition,0,no_load,both,B5: cyclic back-and-forth,servo-app/lab-0.1
1781163440.2980804,277.04660534858704,B5_CYCLIC,B5_CYCLIC_R01_20260611_143242,delta-asda-b3-e,1591,RTSO|SO|OE|VE|QS|TR,3,0,54722595,-601,-16,-0.06832,-15,-0.035865,301,49,4270,2391,6000,,600,,,,cyclic,transition,0,no_load,both,B5: cyclic back-and-forth,servo-app/lab-0.1
1781163440.3985002,277.1470251083374,B5_CYCLIC,B5_CYCLIC_R01_20260611_143242,delta-asda-b3-e,1591,RTSO|SO|OE|VE|QS|TR,3,0,53028465,-601,-19,-0.08113,-22,-0.052602,300,49,4270,2391,6000,,600,,,,cyclic,transition,0,no_load,both,B5: cyclic back-and-forth,servo-app/lab-0.1
1781163440.4985886,277.2471134662628,B5_CYCLIC,B5_CYCLIC_R01_20260611_143242,delta-asda-b3-e,1591,RTSO|SO|OE|VE|QS|TR,3,0,51350333,-601,-21,-0.08967,-23,-0.054993,301,49,4270,2391,6000,,600,,,,cyclic,transition,0,no_load,both,B5: cyclic back-and-forth,servo-app/lab-0.1
1781163440.5988793,277.3474042415619,B5_CYCLIC,B5_CYCLIC_R01_20260611_143242,delta-asda-b3-e,1591,RTSO|SO|OE|VE|QS|TR,3,0,49673195,-600,-23,-0.09821,-26,-0.062166,300,49,4270,2391,6000,,600,,,,cyclic,transition,0,no_load,both,B5: cyclic back-and-forth,servo-app/lab-0.1
1781163440.6993823,277.44790720939636,B5_CYCLIC,B5_CYCLIC_R01_20260611_143242,delta-asda-b3-e,1591,RTSO|SO|OE|VE|QS|TR,3,0,47995126,-601,-20,-0.0854,-17,-0.040647,301,49,4270,2391,6000,,600,,,,cyclic,transition,0,no_load,both,B5: cyclic back-and-forth,servo-app/lab-0.1
1781163440.7995627,277.5480875968933,B5_CYCLIC,B5_CYCLIC_R01_20260611_143242,delta-asda-b3-e,1591,RTSO|SO|OE|VE|QS|TR,3,0,46300723,-601,-20,-0.0854,-22,-0.052602,301,49,4270,2391,6000,,600,,,,cyclic,transition,0,no_load,both,B5: cyclic back-and-forth,servo-app/lab-0.1
1781163440.9735627,277.72208762168884,B5_CYCLIC,B5_CYCLIC_R01_20260611_143242,delta-asda-b3-e,1591,RTSO|SO|OE|VE|QS|TR,3,0,41989932,-601,-14,-0.05978,-17,-0.040647,301,49,4270,2391,6000,,600,,,,cyclic,transition,0,no_load,both,B5: cyclic back-and-forth,servo-app/lab-0.1
1781163441.1741955,277.9227204322815,B5_CYCLIC,B5_CYCLIC_R01_20260611_143242,delta-asda-b3-e,1591,RTSO|SO|OE|VE|QS|TR,3,0,39892115,-600,-20,-0.0854,-24,-0.057384,301,49,4270,2391,6000,,600,,,,cyclic,transition,0,no_load,both,B5: cyclic back-and-forth,servo-app/lab-0.1
1781163441.2743382,278.02286314964294,B5_CYCLIC,B5_CYCLIC_R01_20260611_143242,delta-asda-b3-e,1591,RTSO|SO|OE|VE|QS|TR,3,0,38348801,-601,-12,-0.05124,-14,-0.033474,301,49,4270,2391,6000,,600,,,,cyclic,transition,0,no_load,both,B5: cyclic back-and-forth,servo-app/lab-0.1
1781163441.375027,278.12355184555054,B5_CYCLIC,B5_CYCLIC_R01_20260611_143242,delta-asda-b3-e,1591,RTSO|SO|OE|VE|QS|TR,3,0,36637339,-601,-22,-0.09394,-21,-0.050211,301,49,4270,2391,6000,,600,,,,cyclic,transition,0,no_load,both,B5: cyclic back-and-forth,servo-app/lab-0.1
1781163441.4752135,278.22373843193054,B5_CYCLIC,B5_CYCLIC_R01_20260611_143242,delta-asda-b3-e,1591,RTSO|SO|OE|VE|QS|TR,3,0,34976232,-601,-14,-0.05978,-16,-0.038256,301,49,4270,2391,6000,,600,,,,cyclic,transition,0,no_load,both,B5: cyclic back-and-forth,servo-app/lab-0.1
1781163441.575823,278.3243479728699,B5_CYCLIC,B5_CYCLIC_R01_20260611_143242,delta-asda-b3-e,1591,RTSO|SO|OE|VE|QS|TR,3,0,33281766,-601,-17,-0.07259,-17,-0.040647,301,49,4270,2391,6000,,600,,,,cyclic,transition,0,no_load,both,B5: cyclic back-and-forth,servo-app/lab-0.1
1781163441.6762419,278.4247667789459,B5_CYCLIC,B5_CYCLIC_R01_20260611_143242,delta-asda-b3-e,1591,RTSO|SO|OE|VE|QS|TR,3,0,31587215,-601,-18,-0.07686,-18,-0.043038,300,49,4270,2391,6000,,600,,,,cyclic,transition,0,no_load,both,B5: cyclic back-and-forth,servo-app/lab-0.1
1781163441.776794,278.5253188610077,B5_CYCLIC,B5_CYCLIC_R01_20260611_143242,delta-asda-b3-e,1591,RTSO|SO|OE|VE|QS|TR,3,0,29909751,-600,-18,-0.07686,-17,-0.040647,301,49,4270,2391,6000,,600,,,,cyclic,transition,0,no_load,both,B5: cyclic back-and-forth,servo-app/lab-0.1
1781163441.8773642,278.62588906288147,B5_CYCLIC,B5_CYCLIC_R01_20260611_143242,delta-asda-b3-e,1591,RTSO|SO|OE|VE|QS|TR,3,0,28214873,-601,-15,-0.06405,-18,-0.043038,301,49,4270,2391,6000,,600,,,,cyclic,transition,0,no_load,both,B5: cyclic back-and-forth,servo-app/lab-0.1
1781163441.977621,278.7261459827423,B5_CYCLIC,B5_CYCLIC_R01_20260611_143242,delta-asda-b3-e,1591,RTSO|SO|OE|VE|QS|TR,3,0,26537246,-601,-19,-0.08113,-20,-0.04782,300,49,4270,2391,6000,,600,,,,cyclic,transition,0,no_load,both,B5: cyclic back-and-forth,servo-app/lab-0.1
1781163442.0780118,278.826536655426,B5_CYCLIC,B5_CYCLIC_R01_20260611_143242,delta-asda-b3-e,1591,RTSO|SO|OE|VE|QS|TR,3,0,24859325,-601,-17,-0.07259,-17,-0.040647,300,49,4270,2391,6000,,600,,,,cyclic,transition,0,no_load,both,B5: cyclic back-and-forth,servo-app/lab-0.1
1781163442.1786034,278.9271283149719,B5_CYCLIC,B5_CYCLIC_R01_20260611_143242,delta-asda-b3-e,1591,RTSO|SO|OE|VE|QS|TR,3,0,23165097,-600,-21,-0.08967,-21,-0.050211,300,49,4270,2391,6000,,600,,,,cyclic,transition,0,no_load,both,B5: cyclic back-and-forth,servo-app/lab-0.1
1781163442.278915,279.0274398326874,B5_CYCLIC,B5_CYCLIC_R01_20260611_143242,delta-asda-b3-e,1591,RTSO|SO|OE|VE|QS|TR,3,0,21487483,-601,-15,-0.06405,-16,-0.038256,301,49,4270,2391,6000,,600,,,,cyclic,transition,0,no_load,both,B5: cyclic back-and-forth,servo-app/lab-0.1
1781163442.379028,279.127552986145,B5_CYCLIC,B5_CYCLIC_R01_20260611_143242,delta-asda-b3-e,1591,RTSO|SO|OE|VE|QS|TR,3,0,19809659,-601,-21,-0.08967,-20,-0.04782,301,49,4270,2391,6000,,600,,,,cyclic,transition,0,no_load,both,B5: cyclic back-and-forth,servo-app/lab-0.1
1781163442.479344,279.2278687953949,B5_CYCLIC,B5_CYCLIC_R01_20260611_143242,delta-asda-b3-e,1591,RTSO|SO|OE|VE|QS|TR,3,0,18131799,-601,-16,-0.06832,-13,-0.031083,301,49,4270,2391,6000,,600,,,,cyclic,transition,0,no_load,both,B5: cyclic back-and-forth,servo-app/lab-0.1
1781163442.5798633,279.3283882141113,B5_CYCLIC,B5_CYCLIC_R01_20260611_143242,delta-asda-b3-e,1591,RTSO|SO|OE|VE|QS|TR,3,0,16437440,-600,-20,-0.0854,-19,-0.045429,300,49,4270,2391,6000,,600,,,,cyclic,transition,0,no_load,both,B5: cyclic back-and-forth,servo-app/lab-0.1
1781163442.6805427,279.42906761169434,B5_CYCLIC,B5_CYCLIC_R01_20260611_143242,delta-asda-b3-e,1591,RTSO|SO|OE|VE|QS|TR,3,0,14742975,-600,-15,-0.06405,-17,-0.040647,301,49,4270,2391,6000,,600,,,,cyclic,transition,0,no_load,both,B5: cyclic back-and-forth,servo-app/lab-0.1
1781163442.7819219,279.530446767807,B5_CYCLIC,B5_CYCLIC_R01_20260611_143242,delta-asda-b3-e,1591,RTSO|SO|OE|VE|QS|TR,3,0,13048611,-600,-17,-0.07259,-20,-0.04782,301,49,4270,2391,6000,,600,,,,cyclic,transition,0,no_load,both,B5: cyclic back-and-forth,servo-app/lab-0.1
1781163442.8823798,279.63090467453003,B5_CYCLIC,B5_CYCLIC_R01_20260611_143242,delta-asda-b3-e,1591,RTSO|SO|OE|VE|QS|TR,3,0,11370464,-601,-16,-0.06832,-15,-0.035865,301,49,4270,2391,6000,,600,,,,cyclic,transition,0,no_load,both,B5: cyclic back-and-forth,servo-app/lab-0.1
1781163442.9829113,279.731436252594,B5_CYCLIC,B5_CYCLIC_R01_20260611_143242,delta-asda-b3-e,1591,RTSO|SO|OE|VE|QS|TR,3,0,9676123,-601,-19,-0.08113,-18,-0.043038,301,49,4270,2391,6000,,600,,,,cyclic,transition,0,no_load,both,B5: cyclic back-and-forth,servo-app/lab-0.1
1781163443.0833602,279.831885099411,B5_CYCLIC,B5_CYCLIC_R01_20260611_143242,delta-asda-b3-e,1591,RTSO|SO|OE|VE|QS|TR,3,0,7998121,-601,-16,-0.06832,-15,-0.035865,301,49,4270,2391,6000,,600,,,,cyclic,transition,0,no_load,both,B5: cyclic back-and-forth,servo-app/lab-0.1
1781163443.183644,279.9321689605713,B5_CYCLIC,B5_CYCLIC_R01_20260611_143242,delta-asda-b3-e,1591,RTSO|SO|OE|VE|QS|TR,3,0,6304032,-600,-22,-0.09394,-20,-0.04782,301,49,4270,2391,6000,,600,,,,cyclic,transition,0,no_load,both,B5: cyclic back-and-forth,servo-app/lab-0.1
1781163443.2840645,280.0325894355774,B5_CYCLIC,B5_CYCLIC_R01_20260611_143242,delta-asda-b3-e,567,RTSO|SO|OE|VE|QS,3,0,4867935,-132,25,0.10675,23,0.054993,301,49,4270,2391,6000,,600,,,,cyclic,transition,0,no_load,both,B5: cyclic back-and-forth,servo-app/lab-0.1
1781163443.4016166,280.15014147758484,B5_CYCLIC,B5_CYCLIC_R01_20260611_143242,delta-asda-b3-e,1591,RTSO|SO|OE|VE|QS|TR,3,0,6874496,599,17,0.07259,19,0.045429,300,49,4270,2391,6000,,600,,,,cyclic,transition,0,no_load,both,B5: cyclic back-and-forth,servo-app/lab-0.1
1781163443.5019574,280.2504823207855,B5_CYCLIC,B5_CYCLIC_R01_20260611_143242,delta-asda-b3-e,1591,RTSO|SO|OE|VE|QS|TR,3,0,8383926,600,22,0.09394,22,0.052602,300,49,4270,2391,6000,,600,,,,cyclic,transition,0,no_load,both,B5: cyclic back-and-forth,servo-app/lab-0.1
1781163443.6024172,280.3509421348572,B5_CYCLIC,B5_CYCLIC_R01_20260611_143242,delta-asda-b3-e,1591,RTSO|SO|OE|VE|QS|TR,3,0,10078558,600,19,0.08113,21,0.050211,301,49,4270,2391,6000,,600,,,,cyclic,transition,0,no_load,both,B5: cyclic back-and-forth,servo-app/lab-0.1
1781163443.7210286,280.4695534706116,B5_CYCLIC,B5_CYCLIC_R01_20260611_143242,delta-asda-b3-e,1591,RTSO|SO|OE|VE|QS|TR,3,0,12377752,600,19,0.08113,23,0.054993,301,49,4270,2391,6000,,600,,,,cyclic,transition,0,no_load,both,B5: cyclic back-and-forth,servo-app/lab-0.1
1781163443.8214417,280.5699665546417,B5_CYCLIC,B5_CYCLIC_R01_20260611_143242,delta-asda-b3-e,1591,RTSO|SO|OE|VE|QS|TR,3,0,13736236,601,21,0.08967,21,0.050211,301,49,4270,2391,6000,,600,,,,cyclic,transition,0,no_load,both,B5: cyclic back-and-forth,servo-app/lab-0.1
1781163443.9217093,280.6702342033386,B5_CYCLIC,B5_CYCLIC_R01_20260611_143242,delta-asda-b3-e,1591,RTSO|SO|OE|VE|QS|TR,3,0,15430788,601,19,0.08113,18,0.043038,301,49,4270,2391,6000,,600,,,,cyclic,transition,0,no_load,both,B5: cyclic back-and-forth,servo-app/lab-0.1
1781163444.022055,280.7705798149109,B5_CYCLIC,B5_CYCLIC_R01_20260611_143242,delta-asda-b3-e,1591,RTSO|SO|OE|VE|QS|TR,3,0,17125139,601,16,0.06832,18,0.043038,301,49,4270,2391,6000,,600,,,,cyclic,transition,0,no_load,both,B5: cyclic back-and-forth,servo-app/lab-0.1
1781163444.122475,280.87099981307983,B5_CYCLIC,B5_CYCLIC_R01_20260611_143242,delta-asda-b3-e,1591,RTSO|SO|OE|VE|QS|TR,3,0,18786030,601,20,0.0854,19,0.045429,301,49,4270,2391,6000,,600,,,,cyclic,transition,0,no_load,both,B5: cyclic back-and-forth,servo-app/lab-0.1
1781163444.223294,280.9718189239502,B5_CYCLIC,B5_CYCLIC_R01_20260611_143242,delta-asda-b3-e,1591,RTSO|SO|OE|VE|QS|TR,3,0,20497644,601,20,0.0854,17,0.040647,301,49,4270,2391,6000,,600,,,,cyclic,transition,0,no_load,both,B5: cyclic back-and-forth,servo-app/lab-0.1
1781163444.3236165,281.0721414089203,B5_CYCLIC,B5_CYCLIC_R01_20260611_143242,delta-asda-b3-e,1591,RTSO|SO|OE|VE|QS|TR,3,0,22175231,601,15,0.06405,16,0.038256,301,49,4270,2391,6000,,600,,,,cyclic,transition,0,no_load,both,B5: cyclic back-and-forth,servo-app/lab-0.1
1781163444.4237769,281.1723017692566,B5_CYCLIC,B5_CYCLIC_R01_20260611_143242,delta-asda-b3-e,1591,RTSO|SO|OE|VE|QS|TR,3,0,23852808,601,18,0.07686,25,0.059775,300,49,4270,2391,6000,,600,,,,cyclic,transition,0,no_load,both,B5: cyclic back-and-forth,servo-app/lab-0.1
1781163444.5242636,281.2727885246277,B5_CYCLIC,B5_CYCLIC_R01_20260611_143242,delta-asda-b3-e,1591,RTSO|SO|OE|VE|QS|TR,3,0,25530263,601,15,0.06405,20,0.04782,301,49,4270,2391,6000,,600,,,,cyclic,transition,0,no_load,both,B5: cyclic back-and-forth,servo-app/lab-0.1
1781163444.624901,281.37342596054077,B5_CYCLIC,B5_CYCLIC_R01_20260611_143242,delta-asda-b3-e,1591,RTSO|SO|OE|VE|QS|TR,3,0,27224926,602,17,0.07259,17,0.040647,301,49,4270,2391,6000,,600,,,,cyclic,transition,0,no_load,both,B5: cyclic back-and-forth,servo-app/lab-0.1
1781163444.7256777,281.47420263290405,B5_CYCLIC,B5_CYCLIC_R01_20260611_143242,delta-asda-b3-e,1591,RTSO|SO|OE|VE|QS|TR,3,0,28919632,602,16,0.06832,18,0.043038,301,49,4270,2391,6000,,600,,,,cyclic,transition,0,no_load,both,B5: cyclic back-and-forth,servo-app/lab-0.1
1781163444.826738,281.57526302337646,B5_CYCLIC,B5_CYCLIC_R01_20260611_143242,delta-asda-b3-e,1591,RTSO|SO|OE|VE|QS|TR,3,0,30613920,601,16,0.06832,20,0.04782,301,49,4270,2391,6000,,600,,,,cyclic,transition,0,no_load,both,B5: cyclic back-and-forth,servo-app/lab-0.1
1781163444.9274468,281.6759717464447,B5_CYCLIC,B5_CYCLIC_R01_20260611_143242,delta-asda-b3-e,1591,RTSO|SO|OE|VE|QS|TR,3,0,32308449,601,17,0.07259,16,0.038256,301,49,4270,2391,6000,,600,,,,cyclic,transition,0,no_load,both,B5: cyclic back-and-forth,servo-app/lab-0.1
1781163445.0280168,281.7765417098999,B5_CYCLIC,B5_CYCLIC_R01_20260611_143242,delta-asda-b3-e,1591,RTSO|SO|OE|VE|QS|TR,3,0,33985881,601,17,0.07259,15,0.035865,301,49,4270,2391,6000,,600,,,,cyclic,transition,0,no_load,both,B5: cyclic back-and-forth,servo-app/lab-0.1
1781163445.129486,281.8780109882355,B5_CYCLIC,B5_CYCLIC_R01_20260611_143242,delta-asda-b3-e,1591,RTSO|SO|OE|VE|QS|TR,3,0,35697433,602,19,0.08113,22,0.052602,301,49,4270,2391,6000,,600,,,,cyclic,transition,0,no_load,both,B5: cyclic back-and-forth,servo-app/lab-0.1
1781163445.230056,281.9785809516907,B5_CYCLIC,B5_CYCLIC_R01_20260611_143242,delta-asda-b3-e,1591,RTSO|SO|OE|VE|QS|TR,3,0,37375068,601,17,0.07259,18,0.043038,301,49,4270,2391,6000,,600,,,,cyclic,transition,0,no_load,both,B5: cyclic back-and-forth,servo-app/lab-0.1
1781163445.3304949,282.07901978492737,B5_CYCLIC,B5_CYCLIC_R01_20260611_143242,delta-asda-b3-e,1591,RTSO|SO|OE|VE|QS|TR,3,0,39052629,601,17,0.07259,16,0.038256,301,49,4270,2391,6000,,600,,,,cyclic,transition,0,no_load,both,B5: cyclic back-and-forth,servo-app/lab-0.1
1781163445.4309993,282.1795241832733,B5_CYCLIC,B5_CYCLIC_R01_20260611_143242,delta-asda-b3-e,1591,RTSO|SO|OE|VE|QS|TR,3,0,40746898,600,15,0.06405,16,0.038256,300,49,4270,2391,6000,,600,,,,cyclic,transition,0,no_load,both,B5: cyclic back-and-forth,servo-app/lab-0.1
1781163445.5322185,282.2807433605194,B5_CYCLIC,B5_CYCLIC_R01_20260611_143242,delta-asda-b3-e,1591,RTSO|SO|OE|VE|QS|TR,3,0,42441207,601,16,0.06832,17,0.040647,300,49,4270,2391,6000,,600,,,,cyclic,transition,0,no_load,both,B5: cyclic back-and-forth,servo-app/lab-0.1
1781163445.632789,282.38131380081177,B5_CYCLIC,B5_CYCLIC_R01_20260611_143242,delta-asda-b3-e,1591,RTSO|SO|OE|VE|QS|TR,3,0,44135886,601,19,0.08113,14,0.033474,300,49,4270,2391,6000,,600,,,,cyclic,transition,0,no_load,both,B5: cyclic back-and-forth,servo-app/lab-0.1
1781163445.7335634,282.48208832740784,B5_CYCLIC,B5_CYCLIC_R01_20260611_143242,delta-asda-b3-e,1591,RTSO|SO|OE|VE|QS|TR,3,0,45847167,601,19,0.08113,21,0.050211,301,49,4270,2391,6000,,600,,,,cyclic,transition,0,no_load,both,B5: cyclic back-and-forth,servo-app/lab-0.1
1781163445.8337588,282.58228373527527,B5_CYCLIC,B5_CYCLIC_R01_20260611_143242,delta-asda-b3-e,1591,RTSO|SO|OE|VE|QS|TR,3,0,47507958,601,15,0.06405,15,0.035865,301,49,4270,2391,6000,,600,,,,cyclic,transition,0,no_load,both,B5: cyclic back-and-forth,servo-app/lab-0.1
1781163445.9339576,282.6824824810028,B5_CYCLIC,B5_CYCLIC_R01_20260611_143242,delta-asda-b3-e,1591,RTSO|SO|OE|VE|QS|TR,3,0,49185743,601,20,0.0854,15,0.035865,301,49,4270,2391,6000,,600,,,,cyclic,transition,0,no_load,both,B5: cyclic back-and-forth,servo-app/lab-0.1
1781163446.0344412,282.7829661369324,B5_CYCLIC,B5_CYCLIC_R01_20260611_143242,delta-asda-b3-e,1591,RTSO|SO|OE|VE|QS|TR,3,0,50863225,601,18,0.07686,13,0.031083,301,49,4270,2391,6000,,600,,,,cyclic,transition,0,no_load,both,B5: cyclic back-and-forth,servo-app/lab-0.1
1781163446.1350346,282.8835594654083,B5_CYCLIC,B5_CYCLIC_R01_20260611_143242,delta-asda-b3-e,1591,RTSO|SO|OE|VE|QS|TR,3,0,52558063,601,20,0.0854,17,0.040647,301,49,4270,2391,6000,,600,,,,cyclic,transition,0,no_load,both,B5: cyclic back-and-forth,servo-app/lab-0.1
1781163446.2351985,282.9837234020233,B5_CYCLIC,B5_CYCLIC_R01_20260611_143242,delta-asda-b3-e,1591,RTSO|SO|OE|VE|QS|TR,3,0,54235606,600,16,0.06832,17,0.040647,301,49,4270,2391,6000,,600,,,,cyclic,transition,0,no_load,both,B5: cyclic back-and-forth,servo-app/lab-0.1
1781163446.3358736,283.0843985080719,B5_CYCLIC,B5_CYCLIC_R01_20260611_143242,delta-asda-b3-e,1591,RTSO|SO|OE|VE|QS|TR,3,0,55913289,601,20,0.0854,16,0.038256,301,49,4270,2391,6000,,600,,,,cyclic,transition,0,no_load,both,B5: cyclic back-and-forth,servo-app/lab-0.1
1781163446.435974,283.18449878692627,B5_CYCLIC,B5_CYCLIC_R01_20260611_143242,delta-asda-b3-e,1591,RTSO|SO|OE|VE|QS|TR,3,0,57607475,600,18,0.07686,15,0.035865,301,49,4270,2391,6000,,600,,,,cyclic,transition,0,no_load,both,B5: cyclic back-and-forth,servo-app/lab-0.1
1781163446.5365427,283.2850675582886,B5_CYCLIC,B5_CYCLIC_R01_20260611_143242,delta-asda-b3-e,1591,RTSO|SO|OE|VE|QS|TR,3,0,59301965,601,18,0.07686,16,0.038256,301,49,4270,2391,6000,,600,,,,cyclic,transition,0,no_load,both,B5: cyclic back-and-forth,servo-app/lab-0.1
1781163446.637128,283.3856530189514,B5_CYCLIC,B5_CYCLIC_R01_20260611_143242,delta-asda-b3-e,1591,RTSO|SO|OE|VE|QS|TR,3,0,60979811,601,15,0.06405,15,0.035865,301,49,4270,2391,6000,,600,,,,cyclic,transition,0,no_load,both,B5: cyclic back-and-forth,servo-app/lab-0.1
1781163446.7375827,283.48610758781433,B5_CYCLIC,B5_CYCLIC_R01_20260611_143242,delta-asda-b3-e,1591,RTSO|SO|OE|VE|QS|TR,3,0,62690910,600,21,0.08967,20,0.04782,301,49,4270,2391,6000,,600,,,,cyclic,transition,0,no_load,both,B5: cyclic back-and-forth,servo-app/lab-0.1
1781163446.8382213,283.5867462158203,B5_CYCLIC,B5_CYCLIC_R01_20260611_143242,delta-asda-b3-e,1591,RTSO|SO|OE|VE|QS|TR,3,0,64351563,600,17,0.07259,16,0.038256,301,49,4270,2391,6000,,600,,,,cyclic,transition,0,no_load,both,B5: cyclic back-and-forth,servo-app/lab-0.1
1781163446.9384918,283.68701672554016,B5_CYCLIC,B5_CYCLIC_R01_20260611_143242,delta-asda-b3-e,1591,RTSO|SO|OE|VE|QS|TR,3,0,66029278,600,21,0.08967,18,0.043038,301,49,4270,2391,6000,,600,,,,cyclic,transition,0,no_load,both,B5: cyclic back-and-forth,servo-app/lab-0.1
1781163447.0395083,283.788033246994,B5_CYCLIC,B5_CYCLIC_R01_20260611_143242,delta-asda-b3-e,1591,RTSO|SO|OE|VE|QS|TR,3,0,67723672,600,17,0.07259,16,0.038256,301,49,4270,2391,6000,,600,,,,cyclic,transition,0,no_load,both,B5: cyclic back-and-forth,servo-app/lab-0.1
1781163447.139662,283.8881869316101,B5_CYCLIC,B5_CYCLIC_R01_20260611_143242,delta-asda-b3-e,1591,RTSO|SO|OE|VE|QS|TR,3,0,69418570,601,19,0.08113,19,0.045429,301,49,4270,2391,6000,,600,,,,cyclic,transition,0,no_load,both,B5: cyclic back-and-forth,servo-app/lab-0.1
1781163447.240355,283.9888799190521,B5_CYCLIC,B5_CYCLIC_R01_20260611_143242,delta-asda-b3-e,1591,RTSO|SO|OE|VE|QS|TR,3,0,71095997,600,16,0.06832,17,0.040647,301,49,4270,2391,6000,,600,,,,cyclic,transition,0,no_load,both,B5: cyclic back-and-forth,servo-app/lab-0.1
1781163447.3407395,284.0892643928528,B5_CYCLIC,B5_CYCLIC_R01_20260611_143242,delta-asda-b3-e,1591,RTSO|SO|OE|VE|QS|TR,3,0,72790495,600,23,0.09821,20,0.04782,301,49,4270,2391,6000,,600,,,,cyclic,transition,0,no_load,both,B5: cyclic back-and-forth,servo-app/lab-0.1
1781163447.4409902,284.18951511383057,B5_CYCLIC,B5_CYCLIC_R01_20260611_143242,delta-asda-b3-e,1591,RTSO|SO|OE|VE|QS|TR,3,0,74467807,600,17,0.07259,17,0.040647,301,49,4270,2391,6000,,600,,,,cyclic,transition,0,no_load,both,B5: cyclic back-and-forth,servo-app/lab-0.1
1781163447.5467541,284.2952790260315,B5_CYCLIC,B5_CYCLIC_R01_20260611_143242,delta-asda-b3-e,1591,RTSO|SO|OE|VE|QS|TR,3,0,76246454,600,21,0.08967,24,0.057384,301,49,4270,2391,6000,,600,,,,cyclic,transition,0,no_load,both,B5: cyclic back-and-forth,servo-app/lab-0.1
1781163447.6469157,284.3954405784607,B5_CYCLIC,B5_CYCLIC_R01_20260611_143242,delta-asda-b3-e,1591,RTSO|SO|OE|VE|QS|TR,3,0,77923965,599,17,0.07259,19,0.045429,301,49,4270,2391,6000,,600,,,,cyclic,transition,0,no_load,both,B5: cyclic back-and-forth,servo-app/lab-0.1
1781163447.7472553,284.4957802295685,B5_CYCLIC,B5_CYCLIC_R01_20260611_143242,delta-asda-b3-e,1591,RTSO|SO|OE|VE|QS|TR,3,0,79601630,600,19,0.08113,22,0.052602,301,49,4270,2391,6000,,600,,,,cyclic,transition,0,no_load,both,B5: cyclic back-and-forth,servo-app/lab-0.1
1781163447.8474236,284.5959484577179,B5_CYCLIC,B5_CYCLIC_R01_20260611_143242,delta-asda-b3-e,1591,RTSO|SO|OE|VE|QS|TR,3,0,81295769,599,18,0.07686,17,0.040647,301,49,4270,2391,6000,,600,,,,cyclic,transition,0,no_load,both,B5: cyclic back-and-forth,servo-app/lab-0.1
1781163447.9477663,284.6962912082672,B5_CYCLIC,B5_CYCLIC_R01_20260611_143242,delta-asda-b3-e,1591,RTSO|SO|OE|VE|QS|TR,3,0,82973513,600,18,0.07686,19,0.045429,301,49,4270,2391,6000,,600,,,,cyclic,transition,0,no_load,both,B5: cyclic back-and-forth,servo-app/lab-0.1
1781163448.0483613,284.7968862056732,B5_CYCLIC,B5_CYCLIC_R01_20260611_143242,delta-asda-b3-e,1591,RTSO|SO|OE|VE|QS|TR,3,0,84651318,600,17,0.07259,17,0.040647,301,49,4270,2391,6000,,600,,,,cyclic,transition,0,no_load,both,B5: cyclic back-and-forth,servo-app/lab-0.1
1781163448.1484742,284.8969991207123,B5_CYCLIC,B5_CYCLIC_R01_20260611_143242,delta-asda-b3-e,1591,RTSO|SO|OE|VE|QS|TR,3,0,86345830,600,19,0.08113,19,0.045429,301,49,4270,2391,6000,,600,,,,cyclic,transition,0,no_load,both,B5: cyclic back-and-forth,servo-app/lab-0.1
1781163448.2485673,284.9970922470093,B5_CYCLIC,B5_CYCLIC_R01_20260611_143242,delta-asda-b3-e,1591,RTSO|SO|OE|VE|QS|TR,3,0,88006340,599,17,0.07259,18,0.043038,301,49,4270,2391,6000,,600,,,,cyclic,transition,0,no_load,both,B5: cyclic back-and-forth,servo-app/lab-0.1
1781163448.3488398,285.09736466407776,B5_CYCLIC,B5_CYCLIC_R01_20260611_143242,delta-asda-b3-e,1591,RTSO|SO|OE|VE|QS|TR,3,0,89700790,599,20,0.0854,23,0.054993,301,49,4270,2391,6000,,600,,,,cyclic,transition,0,no_load,both,B5: cyclic back-and-forth,servo-app/lab-0.1
1781163448.4494934,285.1980183124542,B5_CYCLIC,B5_CYCLIC_R01_20260611_143242,delta-asda-b3-e,1591,RTSO|SO|OE|VE|QS|TR,3,0,91378155,599,17,0.07259,19,0.045429,301,49,4270,2391,6000,,600,,,,cyclic,transition,0,no_load,both,B5: cyclic back-and-forth,servo-app/lab-0.1
1781163448.5499828,285.2985076904297,B5_CYCLIC,B5_CYCLIC_R01_20260611_143242,delta-asda-b3-e,1591,RTSO|SO|OE|VE|QS|TR,3,0,93073237,600,17,0.07259,19,0.045429,301,49,4270,2391,6000,,600,,,,cyclic,transition,0,no_load,both,B5: cyclic back-and-forth,servo-app/lab-0.1
1781163448.650142,285.3986668586731,B5_CYCLIC,B5_CYCLIC_R01_20260611_143242,delta-asda-b3-e,1591,RTSO|SO|OE|VE|QS|TR,3,0,94750674,599,17,0.07259,18,0.043038,301,49,4270,2391,6000,,600,,,,cyclic,transition,0,no_load,both,B5: cyclic back-and-forth,servo-app/lab-0.1
1781163448.750304,285.49882888793945,B5_CYCLIC,B5_CYCLIC_R01_20260611_143242,delta-asda-b3-e,1591,RTSO|SO|OE|VE|QS|TR,3,0,96478796,600,16,0.06832,19,0.045429,301,49,4270,2391,6000,,600,,,,cyclic,transition,0,no_load,both,B5: cyclic back-and-forth,servo-app/lab-0.1
1781163448.8512466,285.5997714996338,B5_CYCLIC,B5_CYCLIC_R01_20260611_143242,delta-asda-b3-e,1591,RTSO|SO|OE|VE|QS|TR,3,0,98122560,599,17,0.07259,18,0.043038,301,49,4270,2391,6000,,600,,,,cyclic,transition,0,no_load,both,B5: cyclic back-and-forth,servo-app/lab-0.1
1781163448.9520056,285.7005305290222,B5_CYCLIC,B5_CYCLIC_R01_20260611_143242,delta-asda-b3-e,1591,RTSO|SO|OE|VE|QS|TR,3,0,99817266,600,21,0.08967,17,0.040647,301,49,4270,2391,6000,,600,,,,cyclic,transition,0,no_load,both,B5: cyclic back-and-forth,servo-app/lab-0.1
1781163449.052497,285.8010218143463,B5_CYCLIC,B5_CYCLIC_R01_20260611_143242,delta-asda-b3-e,1591,RTSO|SO|OE|VE|QS|TR,3,0,101511841,600,18,0.07686,18,0.043038,301,49,4270,2391,6000,,600,,,,cyclic,transition,0,no_load,both,B5: cyclic back-and-forth,servo-app/lab-0.1
1781163449.1530778,285.90160274505615,B5_CYCLIC,B5_CYCLIC_R01_20260611_143242,delta-asda-b3-e,1591,RTSO|SO|OE|VE|QS|TR,3,0,103189640,600,17,0.07259,17,0.040647,301,49,4270,2391,6000,,600,,,,cyclic,transition,0,no_load,both,B5: cyclic back-and-forth,servo-app/lab-0.1
1781163449.2536988,286.0022237300873,B5_CYCLIC,B5_CYCLIC_R01_20260611_143242,delta-asda-b3-e,1591,RTSO|SO|OE|VE|QS|TR,3,0,104883872,600,17,0.07259,19,0.045429,300,49,4270,2391,6000,,600,,,,cyclic,transition,0,no_load,both,B5: cyclic back-and-forth,servo-app/lab-0.1
1781163449.3542464,286.10277128219604,B5_CYCLIC,B5_CYCLIC_R01_20260611_143242,delta-asda-b3-e,1591,RTSO|SO|OE|VE|QS|TR,3,0,106544796,600,18,0.07686,19,0.045429,301,49,4270,2391,6000,,600,,,,cyclic,transition,0,no_load,both,B5: cyclic back-and-forth,servo-app/lab-0.1
1781163449.4546292,286.20315408706665,B5_CYCLIC,B5_CYCLIC_R01_20260611_143242,delta-asda-b3-e,1591,RTSO|SO|OE|VE|QS|TR,3,0,108255842,600,18,0.07686,15,0.035865,301,49,4270,2391,6000,,600,,,,cyclic,transition,0,no_load,both,B5: cyclic back-and-forth,servo-app/lab-0.1
1781163449.5557342,286.30425906181335,B5_CYCLIC,B5_CYCLIC_R01_20260611_143242,delta-asda-b3-e,1591,RTSO|SO|OE|VE|QS|TR,3,0,109950814,601,18,0.07686,17,0.040647,301,49,4270,2391,6000,,600,,,,cyclic,transition,0,no_load,both,B5: cyclic back-and-forth,servo-app/lab-0.1
1781163449.6562629,286.40478777885437,B5_CYCLIC,B5_CYCLIC_R01_20260611_143242,delta-asda-b3-e,1591,RTSO|SO|OE|VE|QS|TR,3,0,111628060,600,19,0.08113,18,0.043038,301,49,4270,2391,6000,,600,,,,cyclic,transition,0,no_load,both,B5: cyclic back-and-forth,servo-app/lab-0.1
1781163449.7565227,286.50504755973816,B5_CYCLIC,B5_CYCLIC_R01_20260611_143242,delta-asda-b3-e,1591,RTSO|SO|OE|VE|QS|TR,3,0,113305948,600,17,0.07259,17,0.040647,301,49,4270,2391,6000,,600,,,,cyclic,transition,0,no_load,both,B5: cyclic back-and-forth,servo-app/lab-0.1
1781163449.8577287,286.6062536239624,B5_CYCLIC,B5_CYCLIC_R01_20260611_143242,delta-asda-b3-e,1591,RTSO|SO|OE|VE|QS|TR,3,0,115016785,600,23,0.09821,21,0.050211,301,49,4270,2391,6000,,600,,,,cyclic,transition,0,no_load,both,B5: cyclic back-and-forth,servo-app/lab-0.1
1781163449.958251,286.7067759037018,B5_CYCLIC,B5_CYCLIC_R01_20260611_143242,delta-asda-b3-e,1591,RTSO|SO|OE|VE|QS|TR,3,0,116694976,601,20,0.0854,20,0.04782,301,49,4270,2391,6000,,600,,,,cyclic,transition,0,no_load,both,B5: cyclic back-and-forth,servo-app/lab-0.1
1781163450.0591924,286.8077173233032,B5_CYCLIC,B5_CYCLIC_R01_20260611_143242,delta-asda-b3-e,1591,RTSO|SO|OE|VE|QS|TR,3,0,118389298,600,20,0.0854,19,0.045429,301,49,4270,2391,6000,,600,,,,cyclic,transition,0,no_load,both,B5: cyclic back-and-forth,servo-app/lab-0.1
1781163450.1594357,286.90796065330505,B5_CYCLIC,B5_CYCLIC_R01_20260611_143242,delta-asda-b3-e,1591,RTSO|SO|OE|VE|QS|TR,3,0,120100645,600,18,0.07686,16,0.038256,300,49,4270,2391,6000,,600,,,,cyclic,transition,0,no_load,both,B5: cyclic back-and-forth,servo-app/lab-0.1
1781163450.259932,287.0084569454193,B5_CYCLIC,B5_CYCLIC_R01_20260611_143242,delta-asda-b3-e,1591,RTSO|SO|OE|VE|QS|TR,3,0,121761203,600,26,0.11102,23,0.054993,301,49,4270,2391,6000,,600,,,,cyclic,transition,0,no_load,both,B5: cyclic back-and-forth,servo-app/lab-0.1
1781163450.3601513,287.10867619514465,B5_CYCLIC,B5_CYCLIC_R01_20260611_143242,delta-asda-b3-e,1591,RTSO|SO|OE|VE|QS|TR,3,0,123438959,600,21,0.08967,18,0.043038,301,49,4270,2391,6000,,600,,,,cyclic,transition,0,no_load,both,B5: cyclic back-and-forth,servo-app/lab-0.1
1781163450.4613626,287.20988750457764,B5_CYCLIC,B5_CYCLIC_R01_20260611_143242,delta-asda-b3-e,1591,RTSO|SO|OE|VE|QS|TR,3,0,125133237,600,18,0.07686,18,0.043038,301,49,4270,2391,6000,,600,,,,cyclic,transition,0,no_load,both,B5: cyclic back-and-forth,servo-app/lab-0.1
1781163450.561457,287.30998182296753,B5_CYCLIC,B5_CYCLIC_R01_20260611_143242,delta-asda-b3-e,1591,RTSO|SO|OE|VE|QS|TR,3,0,126811289,600,17,0.07259,19,0.045429,300,49,4270,2391,6000,,600,,,,cyclic,transition,0,no_load,both,B5: cyclic back-and-forth,servo-app/lab-0.1
1781163450.6616664,287.4101912975311,B5_CYCLIC,B5_CYCLIC_R01_20260611_143242,delta-asda-b3-e,1591,RTSO|SO|OE|VE|QS|TR,3,0,128505195,600,24,0.10248,21,0.050211,300,49,4270,2391,6000,,600,,,,cyclic,transition,0,no_load,both,B5: cyclic back-and-forth,servo-app/lab-0.1
1781163450.76245,287.5109748840332,B5_CYCLIC,B5_CYCLIC_R01_20260611_143242,delta-asda-b3-e,1591,RTSO|SO|OE|VE|QS|TR,3,0,130183207,600,20,0.0854,18,0.043038,300,49,4270,2391,6000,,600,,,,cyclic,transition,0,no_load,both,B5: cyclic back-and-forth,servo-app/lab-0.1
1781163450.8627148,287.61123967170715,B5_CYCLIC,B5_CYCLIC_R01_20260611_143242,delta-asda-b3-e,1591,RTSO|SO|OE|VE|QS|TR,3,0,131877162,600,23,0.09821,23,0.054993,301,49,4270,2391,6000,,600,,,,cyclic,transition,0,no_load,both,B5: cyclic back-and-forth,servo-app/lab-0.1
1781163450.9628174,287.7113423347473,B5_CYCLIC,B5_CYCLIC_R01_20260611_143242,delta-asda-b3-e,1591,RTSO|SO|OE|VE|QS|TR,3,0,133555479,601,18,0.07686,21,0.050211,301,49,4270,2391,6000,,600,,,,cyclic,transition,0,no_load,both,B5: cyclic back-and-forth,servo-app/lab-0.1
1781163451.0629888,287.81151366233826,B5_CYCLIC,B5_CYCLIC_R01_20260611_143242,delta-asda-b3-e,1591,RTSO|SO|OE|VE|QS|TR,3,0,135232852,600,24,0.10248,22,0.052602,301,49,4270,2391,6000,,600,,,,cyclic,transition,0,no_load,both,B5: cyclic back-and-forth,servo-app/lab-0.1
1781163451.1633055,287.91183042526245,B5_CYCLIC,B5_CYCLIC_R01_20260611_143242,delta-asda-b3-e,1591,RTSO|SO|OE|VE|QS|TR,3,0,136910670,600,16,0.06832,16,0.038256,301,49,4270,2391,6000,,600,,,,cyclic,transition,0,no_load,both,B5: cyclic back-and-forth,servo-app/lab-0.1
1781163451.2636075,288.01213240623474,B5_CYCLIC,B5_CYCLIC_R01_20260611_143242,delta-asda-b3-e,1591,RTSO|SO|OE|VE|QS|TR,3,0,138604770,600,24,0.10248,25,0.059775,300,49,4270,2391,6000,,600,,,,cyclic,transition,0,no_load,both,B5: cyclic back-and-forth,servo-app/lab-0.1
1781163451.3648686,288.11339354515076,B5_CYCLIC,B5_CYCLIC_R01_20260611_143242,delta-asda-b3-e,1591,RTSO|SO|OE|VE|QS|TR,3,0,140299406,600,16,0.06832,19,0.045429,301,49,4270,2391,6000,,600,,,,cyclic,transition,0,no_load,both,B5: cyclic back-and-forth,servo-app/lab-0.1
1781163451.4650671,288.2135920524597,B5_CYCLIC,B5_CYCLIC_R01_20260611_143242,delta-asda-b3-e,1591,RTSO|SO|OE|VE|QS|TR,3,0,141976976,600,21,0.08967,20,0.04782,301,49,4270,2391,6000,,600,,,,cyclic,transition,0,no_load,both,B5: cyclic back-and-forth,servo-app/lab-0.1
1781163451.56543,288.3139548301697,B5_CYCLIC,B5_CYCLIC_R01_20260611_143242,delta-asda-b3-e,1591,RTSO|SO|OE|VE|QS|TR,3,0,143671643,599,21,0.08967,17,0.040647,300,49,4270,2391,6000,,600,,,,cyclic,transition,0,no_load,both,B5: cyclic back-and-forth,servo-app/lab-0.1
1781163451.6655242,288.41404914855957,B5_CYCLIC,B5_CYCLIC_R01_20260611_143242,delta-asda-b3-e,1591,RTSO|SO|OE|VE|QS|TR,3,0,145348843,599,23,0.09821,20,0.04782,300,49,4270,2391,6000,,600,,,,cyclic,transition,0,no_load,both,B5: cyclic back-and-forth,servo-app/lab-0.1
1781163451.7659142,288.51443910598755,B5_CYCLIC,B5_CYCLIC_R01_20260611_143242,delta-asda-b3-e,1591,RTSO|SO|OE|VE|QS|TR,3,0,147026752,599,18,0.07686,20,0.04782,300,49,4270,2391,6000,,600,,,,cyclic,transition,0,no_load,both,B5: cyclic back-and-forth,servo-app/lab-0.1
1781163451.8660655,288.61459040641785,B5_CYCLIC,B5_CYCLIC_R01_20260611_143242,delta-asda-b3-e,1591,RTSO|SO|OE|VE|QS|TR,3,0,148703947,599,24,0.10248,22,0.052602,300,49,4270,2391,6000,,600,,,,cyclic,transition,0,no_load,both,B5: cyclic back-and-forth,servo-app/lab-0.1
1781163451.9665005,288.7150254249573,B5_CYCLIC,B5_CYCLIC_R01_20260611_143242,delta-asda-b3-e,1591,RTSO|SO|OE|VE|QS|TR,3,0,150382284,600,18,0.07686,18,0.043038,300,49,4270,2391,6000,,600,,,,cyclic,transition,0,no_load,both,B5: cyclic back-and-forth,servo-app/lab-0.1
1781163452.0668626,288.8153874874115,B5_CYCLIC,B5_CYCLIC_R01_20260611_143242,delta-asda-b3-e,1591,RTSO|SO|OE|VE|QS|TR,3,0,152076343,599,23,0.09821,23,0.054993,300,49,4270,2391,6000,,600,,,,cyclic,transition,0,no_load,both,B5: cyclic back-and-forth,servo-app/lab-0.1
1781163452.1673439,288.9158687591553,B5_CYCLIC,B5_CYCLIC_R01_20260611_143242,delta-asda-b3-e,1591,RTSO|SO|OE|VE|QS|TR,3,0,153754324,599,18,0.07686,19,0.045429,300,49,4270,2391,6000,,600,,,,cyclic,transition,0,no_load,both,B5: cyclic back-and-forth,servo-app/lab-0.1
1781163452.2677922,289.01631712913513,B5_CYCLIC,B5_CYCLIC_R01_20260611_143242,delta-asda-b3-e,1591,RTSO|SO|OE|VE|QS|TR,3,0,155448284,599,24,0.10248,22,0.052602,300,49,4270,2391,6000,,600,,,,cyclic,transition,0,no_load,both,B5: cyclic back-and-forth,servo-app/lab-0.1
1781163452.3679924,289.11651730537415,B5_CYCLIC,B5_CYCLIC_R01_20260611_143242,delta-asda-b3-e,1591,RTSO|SO|OE|VE|QS|TR,3,0,157126215,599,17,0.07259,20,0.04782,301,49,4270,2391,6000,,600,,,,cyclic,transition,0,no_load,both,B5: cyclic back-and-forth,servo-app/lab-0.1
1781163452.4682248,289.21674966812134,B5_CYCLIC,B5_CYCLIC_R01_20260611_143242,delta-asda-b3-e,1591,RTSO|SO|OE|VE|QS|TR,3,0,158803773,599,21,0.08967,21,0.050211,300,49,4270,2391,6000,,600,,,,cyclic,transition,0,no_load,both,B5: cyclic back-and-forth,servo-app/lab-0.1
1781163452.568727,289.3172519207001,B5_CYCLIC,B5_CYCLIC_R01_20260611_143242,delta-asda-b3-e,1591,RTSO|SO|OE|VE|QS|TR,3,0,160498396,599,16,0.06832,18,0.043038,300,49,4270,2391,6000,,600,,,,cyclic,transition,0,no_load,both,B5: cyclic back-and-forth,servo-app/lab-0.1
1781163452.6691582,289.41768312454224,B5_CYCLIC,B5_CYCLIC_R01_20260611_143242,delta-asda-b3-e,1591,RTSO|SO|OE|VE|QS|TR,3,0,162175624,599,22,0.09394,22,0.052602,301,49,4270,2391,6000,,600,,,,cyclic,transition,0,no_load,both,B5: cyclic back-and-forth,servo-app/lab-0.1
1781163452.7696936,289.51821851730347,B5_CYCLIC,B5_CYCLIC_R01_20260611_143242,delta-asda-b3-e,1591,RTSO|SO|OE|VE|QS|TR,3,0,163870282,599,18,0.07686,19,0.045429,301,49,4270,2391,6000,,600,,,,cyclic,transition,0,no_load,both,B5: cyclic back-and-forth,servo-app/lab-0.1
1781163452.8710396,289.61956453323364,B5_CYCLIC,B5_CYCLIC_R01_20260611_143242,delta-asda-b3-e,1591,RTSO|SO|OE|VE|QS|TR,3,0,165564303,599,21,0.08967,20,0.04782,301,49,4270,2391,6000,,600,,,,cyclic,transition,0,no_load,both,B5: cyclic back-and-forth,servo-app/lab-0.1
1781163452.9715517,289.7200765609741,B5_CYCLIC,B5_CYCLIC_R01_20260611_143242,delta-asda-b3-e,1591,RTSO|SO|OE|VE|QS|TR,3,0,167259415,599,21,0.08967,17,0.040647,300,49,4270,2391,6000,,600,,,,cyclic,transition,0,no_load,both,B5: cyclic back-and-forth,servo-app/lab-0.1
1781163453.0716524,289.82017731666565,B5_CYCLIC,B5_CYCLIC_R01_20260611_143242,delta-asda-b3-e,1591,RTSO|SO|OE|VE|QS|TR,3,0,168936572,599,22,0.09394,24,0.057384,300,49,4270,2391,6000,,600,,,,cyclic,transition,0,no_load,both,B5: cyclic back-and-forth,servo-app/lab-0.1
1781163453.1718078,289.9203326702118,B5_CYCLIC,B5_CYCLIC_R01_20260611_143242,delta-asda-b3-e,1591,RTSO|SO|OE|VE|QS|TR,3,0,170614590,599,17,0.07259,24,0.057384,300,49,4270,2391,6000,,600,,,,cyclic,transition,0,no_load,both,B5: cyclic back-and-forth,servo-app/lab-0.1
1781163453.2725883,290.02111315727234,B5_CYCLIC,B5_CYCLIC_R01_20260611_143242,delta-asda-b3-e,567,RTSO|SO|OE|VE|QS,3,0,172252865,428,7,0.02989,7,0.016737,301,49,4270,2391,6000,,600,,,,cyclic,transition,0,no_load,both,B5: cyclic back-and-forth,servo-app/lab-0.1
1781163453.3729599,290.1214847564697,B5_CYCLIC,B5_CYCLIC_R01_20260611_143242,delta-asda-b3-e,1591,RTSO|SO|OE|VE|QS|TR,3,0,170966342,-601,-18,-0.07686,-20,-0.04782,300,49,4270,2391,6000,,600,,,,cyclic,transition,0,no_load,both,B5: cyclic back-and-forth,servo-app/lab-0.1
1781163453.4735944,290.22211933135986,B5_CYCLIC,B5_CYCLIC_R01_20260611_143242,delta-asda-b3-e,1591,RTSO|SO|OE|VE|QS|TR,3,0,169271760,-601,-15,-0.06405,-15,-0.035865,301,49,4270,2391,6000,,600,,,,cyclic,transition,0,no_load,both,B5: cyclic back-and-forth,servo-app/lab-0.1
1781163453.5738063,290.32233119010925,B5_CYCLIC,B5_CYCLIC_R01_20260611_143242,delta-asda-b3-e,1591,RTSO|SO|OE|VE|QS|TR,3,0,167594260,-601,-21,-0.08967,-19,-0.045429,301,49,4270,2391,6000,,600,,,,cyclic,transition,0,no_load,both,B5: cyclic back-and-forth,servo-app/lab-0.1
1781163453.6744366,290.42296147346497,B5_CYCLIC,B5_CYCLIC_R01_20260611_143242,delta-asda-b3-e,1591,RTSO|SO|OE|VE|QS|TR,3,0,165916428,-601,-19,-0.08113,-22,-0.052602,300,49,4270,2391,6000,,600,,,,cyclic,transition,0,no_load,both,B5: cyclic back-and-forth,servo-app/lab-0.1
1781163453.7748334,290.52335834503174,B5_CYCLIC,B5_CYCLIC_R01_20260611_143242,delta-asda-b3-e,1591,RTSO|SO|OE|VE|QS|TR,3,0,164222128,-601,-18,-0.07686,-23,-0.054993,301,49,4270,2391,6000,,600,,,,cyclic,transition,0,no_load,both,B5: cyclic back-and-forth,servo-app/lab-0.1
1781163453.8754432,290.62396812438965,B5_CYCLIC,B5_CYCLIC_R01_20260611_143242,delta-asda-b3-e,1591,RTSO|SO|OE|VE|QS|TR,3,0,162544201,-602,-16,-0.06832,-16,-0.038256,301,49,4270,2391,6000,,600,,,,cyclic,transition,0,no_load,both,B5: cyclic back-and-forth,servo-app/lab-0.1
1781163453.9761388,290.72466373443604,B5_CYCLIC,B5_CYCLIC_R01_20260611_143242,delta-asda-b3-e,1591,RTSO|SO|OE|VE|QS|TR,3,0,160849616,-601,-20,-0.0854,-17,-0.040647,301,49,4270,2391,6000,,600,,,,cyclic,transition,0,no_load,both,B5: cyclic back-and-forth,servo-app/lab-0.1
1781163454.0766094,290.82513427734375,B5_CYCLIC,B5_CYCLIC_R01_20260611_143242,delta-asda-b3-e,1591,RTSO|SO|OE|VE|QS|TR,3,0,159155023,-601,-14,-0.05978,-14,-0.033474,301,49,4270,2391,6000,,600,,,,cyclic,transition,0,no_load,both,B5: cyclic back-and-forth,servo-app/lab-0.1
1781163454.1770096,290.92553448677063,B5_CYCLIC,B5_CYCLIC_R01_20260611_143242,delta-asda-b3-e,1591,RTSO|SO|OE|VE|QS|TR,3,0,157477478,-601,-18,-0.07686,-19,-0.045429,301,49,4270,2391,6000,,600,,,,cyclic,transition,0,no_load,both,B5: cyclic back-and-forth,servo-app/lab-0.1
1781163454.2776704,291.02619528770447,B5_CYCLIC,B5_CYCLIC_R01_20260611_143242,delta-asda-b3-e,1591,RTSO|SO|OE|VE|QS|TR,3,0,155783242,-601,-16,-0.06832,-18,-0.043038,301,49,4270,2391,6000,,600,,,,cyclic,transition,0,no_load,both,B5: cyclic back-and-forth,servo-app/lab-0.1
1781163454.3788447,291.1273696422577,B5_CYCLIC,B5_CYCLIC_R01_20260611_143242,delta-asda-b3-e,1591,RTSO|SO|OE|VE|QS|TR,3,0,154021418,-601,-19,-0.08113,-19,-0.045429,300,49,4270,2391,6000,,600,,,,cyclic,transition,0,no_load,both,B5: cyclic back-and-forth,servo-app/lab-0.1
1781163454.4794524,291.2279772758484,B5_CYCLIC,B5_CYCLIC_R01_20260611_143242,delta-asda-b3-e,1591,RTSO|SO|OE|VE|QS|TR,3,0,152410801,-601,-14,-0.05978,-16,-0.038256,301,49,4270,2391,6000,,600,,,,cyclic,transition,0,no_load,both,B5: cyclic back-and-forth,servo-app/lab-0.1
1781163454.5800505,291.3285753726959,B5_CYCLIC,B5_CYCLIC_R01_20260611_143242,delta-asda-b3-e,1591,RTSO|SO|OE|VE|QS|TR,3,0,150699623,-601,-21,-0.08967,-19,-0.045429,301,49,4270,2391,6000,,600,,,,cyclic,transition,0,no_load,both,B5: cyclic back-and-forth,servo-app/lab-0.1
1781163454.680656,291.4291808605194,B5_CYCLIC,B5_CYCLIC_R01_20260611_143242,delta-asda-b3-e,1591,RTSO|SO|OE|VE|QS|TR,3,0,149021825,-601,-16,-0.06832,-14,-0.033474,301,49,4270,2391,6000,,600,,,,cyclic,transition,0,no_load,both,B5: cyclic back-and-forth,servo-app/lab-0.1
1781163454.7807143,291.52923917770386,B5_CYCLIC,B5_CYCLIC_R01_20260611_143242,delta-asda-b3-e,1591,RTSO|SO|OE|VE|QS|TR,3,0,147327544,-601,-19,-0.08113,-18,-0.043038,301,49,4270,2391,6000,,600,,,,cyclic,transition,0,no_load,both,B5: cyclic back-and-forth,servo-app/lab-0.1
1781163454.8809283,291.62945318222046,B5_CYCLIC,B5_CYCLIC_R01_20260611_143242,delta-asda-b3-e,1591,RTSO|SO|OE|VE|QS|TR,3,0,145666235,-602,-14,-0.05978,-14,-0.033474,301,49,4270,2391,6000,,600,,,,cyclic,transition,0,no_load,both,B5: cyclic back-and-forth,servo-app/lab-0.1
1781163454.9813325,291.7298574447632,B5_CYCLIC,B5_CYCLIC_R01_20260611_143242,delta-asda-b3-e,1591,RTSO|SO|OE|VE|QS|TR,3,0,143988596,-601,-21,-0.08967,-19,-0.045429,301,49,4270,2391,6000,,600,,,,cyclic,transition,0,no_load,both,B5: cyclic back-and-forth,servo-app/lab-0.1
1781163455.0823662,291.83089113235474,B5_CYCLIC,B5_CYCLIC_R01_20260611_143242,delta-asda-b3-e,1591,RTSO|SO|OE|VE|QS|TR,3,0,142293863,-601,-14,-0.05978,-14,-0.033474,300,49,4270,2391,6000,,600,,,,cyclic,transition,0,no_load,both,B5: cyclic back-and-forth,servo-app/lab-0.1
1781163455.18316,291.9316849708557,B5_CYCLIC,B5_CYCLIC_R01_20260611_143242,delta-asda-b3-e,1591,RTSO|SO|OE|VE|QS|TR,3,0,140599688,-600,-22,-0.09394,-19,-0.045429,301,49,4270,2391,6000,,600,,,,cyclic,transition,0,no_load,both,B5: cyclic back-and-forth,servo-app/lab-0.1
1781163455.283846,292.03237080574036,B5_CYCLIC,B5_CYCLIC_R01_20260611_143242,delta-asda-b3-e,1591,RTSO|SO|OE|VE|QS|TR,3,0,138905436,-601,-16,-0.06832,-15,-0.035865,301,49,4270,2391,6000,,600,,,,cyclic,transition,0,no_load,both,B5: cyclic back-and-forth,servo-app/lab-0.1
1781163455.3844593,292.13298416137695,B5_CYCLIC,B5_CYCLIC_R01_20260611_143242,delta-asda-b3-e,1591,RTSO|SO|OE|VE|QS|TR,3,0,137227683,-601,-23,-0.09821,-22,-0.052602,301,49,4270,2391,6000,,600,,,,cyclic,transition,0,no_load,both,B5: cyclic back-and-forth,servo-app/lab-0.1
1781163455.4858727,292.234397649765,B5_CYCLIC,B5_CYCLIC_R01_20260611_143242,delta-asda-b3-e,1591,RTSO|SO|OE|VE|QS|TR,3,0,135516070,-601,-17,-0.07259,-19,-0.045429,301,49,4270,2391,6000,,600,,,,cyclic,transition,0,no_load,both,B5: cyclic back-and-forth,servo-app/lab-0.1
1781163455.586917,292.33544182777405,B5_CYCLIC,B5_CYCLIC_R01_20260611_143242,delta-asda-b3-e,1591,RTSO|SO|OE|VE|QS|TR,3,0,133821632,-600,-20,-0.0854,-23,-0.054993,301,49,4270,2391,6000,,600,,,,cyclic,transition,0,no_load,both,B5: cyclic back-and-forth,servo-app/lab-0.1
1781163455.6874607,292.43598556518555,B5_CYCLIC,B5_CYCLIC_R01_20260611_143242,delta-asda-b3-e,1591,RTSO|SO|OE|VE|QS|TR,3,0,132143803,-600,-17,-0.07259,-17,-0.040647,301,49,4270,2391,6000,,600,,,,cyclic,transition,0,no_load,both,B5: cyclic back-and-forth,servo-app/lab-0.1
1781163455.7880752,292.53660011291504,B5_CYCLIC,B5_CYCLIC_R01_20260611_143242,delta-asda-b3-e,1591,RTSO|SO|OE|VE|QS|TR,3,0,130449461,-600,-20,-0.0854,-22,-0.052602,301,49,4270,2391,6000,,600,,,,cyclic,transition,0,no_load,both,B5: cyclic back-and-forth,servo-app/lab-0.1
1781163455.8886423,292.6371672153473,B5_CYCLIC,B5_CYCLIC_R01_20260611_143242,delta-asda-b3-e,1591,RTSO|SO|OE|VE|QS|TR,3,0,128754494,-601,-16,-0.06832,-17,-0.040647,301,49,4270,2391,6000,,600,,,,cyclic,transition,0,no_load,both,B5: cyclic back-and-forth,servo-app/lab-0.1
1781163455.989119,292.73764395713806,B5_CYCLIC,B5_CYCLIC_R01_20260611_143242,delta-asda-b3-e,1591,RTSO|SO|OE|VE|QS|TR,3,0,127077020,-600,-20,-0.0854,-21,-0.050211,301,49,4270,2391,6000,,600,,,,cyclic,transition,0,no_load,both,B5: cyclic back-and-forth,servo-app/lab-0.1
1781163456.089689,292.83821392059326,B5_CYCLIC,B5_CYCLIC_R01_20260611_143242,delta-asda-b3-e,1591,RTSO|SO|OE|VE|QS|TR,3,0,125382190,-601,-16,-0.06832,-15,-0.035865,301,49,4270,2391,6000,,600,,,,cyclic,transition,0,no_load,both,B5: cyclic back-and-forth,servo-app/lab-0.1
1781163456.190221,292.9387459754944,B5_CYCLIC,B5_CYCLIC_R01_20260611_143242,delta-asda-b3-e,1591,RTSO|SO|OE|VE|QS|TR,3,0,123705003,-600,-20,-0.0854,-20,-0.04782,301,49,4270,2391,6000,,600,,,,cyclic,transition,0,no_load,both,B5: cyclic back-and-forth,servo-app/lab-0.1
1781163456.290736,293.0392608642578,B5_CYCLIC,B5_CYCLIC_R01_20260611_143242,delta-asda-b3-e,1591,RTSO|SO|OE|VE|QS|TR,3,0,122010248,-601,-14,-0.05978,-15,-0.035865,301,49,4270,2391,6000,,600,,,,cyclic,transition,0,no_load,both,B5: cyclic back-and-forth,servo-app/lab-0.1
1781163456.391059,293.13958382606506,B5_CYCLIC,B5_CYCLIC_R01_20260611_143242,delta-asda-b3-e,1591,RTSO|SO|OE|VE|QS|TR,3,0,120332651,-600,-18,-0.07686,-19,-0.045429,301,49,4270,2391,6000,,600,,,,cyclic,transition,0,no_load,both,B5: cyclic back-and-forth,servo-app/lab-0.1
1781163456.4916646,293.24018955230713,B5_CYCLIC,B5_CYCLIC_R01_20260611_143242,delta-asda-b3-e,1591,RTSO|SO|OE|VE|QS|TR,3,0,118637849,-601,-16,-0.06832,-18,-0.043038,301,49,4270,2391,6000,,600,,,,cyclic,transition,0,no_load,both,B5: cyclic back-and-forth,servo-app/lab-0.1
1781163456.5918467,293.34037160873413,B5_CYCLIC,B5_CYCLIC_R01_20260611_143242,delta-asda-b3-e,1591,RTSO|SO|OE|VE|QS|TR,3,0,116960349,-600,-20,-0.0854,-21,-0.050211,301,49,4270,2391,6000,,600,,,,cyclic,transition,0,no_load,both,B5: cyclic back-and-forth,servo-app/lab-0.1
1781163456.69328,293.44180488586426,B5_CYCLIC,B5_CYCLIC_R01_20260611_143242,delta-asda-b3-e,1591,RTSO|SO|OE|VE|QS|TR,3,0,115265773,-600,-17,-0.07259,-16,-0.038256,301,49,4270,2391,6000,,600,,,,cyclic,transition,0,no_load,both,B5: cyclic back-and-forth,servo-app/lab-0.1
1781163456.7934077,293.5419325828552,B5_CYCLIC,B5_CYCLIC_R01_20260611_143242,delta-asda-b3-e,1591,RTSO|SO|OE|VE|QS|TR,3,0,113588116,-601,-20,-0.0854,-20,-0.04782,301,49,4270,2391,6000,,600,,,,cyclic,transition,0,no_load,both,B5: cyclic back-and-forth,servo-app/lab-0.1
1781163456.8936284,293.64215326309204,B5_CYCLIC,B5_CYCLIC_R01_20260611_143242,delta-asda-b3-e,1591,RTSO|SO|OE|VE|QS|TR,3,0,111893092,-601,-15,-0.06405,-15,-0.035865,301,49,4270,2391,6000,,600,,,,cyclic,transition,0,no_load,both,B5: cyclic back-and-forth,servo-app/lab-0.1
1781163456.9943664,293.7428913116455,B5_CYCLIC,B5_CYCLIC_R01_20260611_143242,delta-asda-b3-e,1591,RTSO|SO|OE|VE|QS|TR,3,0,110215660,-601,-17,-0.07259,-19,-0.045429,301,49,4270,2391,6000,,600,,,,cyclic,transition,0,no_load,both,B5: cyclic back-and-forth,servo-app/lab-0.1
1781163457.095329,293.8438539505005,B5_CYCLIC,B5_CYCLIC_R01_20260611_143242,delta-asda-b3-e,1591,RTSO|SO|OE|VE|QS|TR,3,0,108520858,-601,-16,-0.06832,-15,-0.035865,301,49,4270,2391,6000,,600,,,,cyclic,transition,0,no_load,both,B5: cyclic back-and-forth,servo-app/lab-0.1
1781163457.195463,293.9439878463745,B5_CYCLIC,B5_CYCLIC_R01_20260611_143242,delta-asda-b3-e,1591,RTSO|SO|OE|VE|QS|TR,3,0,106843767,-600,-22,-0.09394,-19,-0.045429,301,49,4270,2391,6000,,600,,,,cyclic,transition,0,no_load,both,B5: cyclic back-and-forth,servo-app/lab-0.1
1781163457.2955916,294.0441164970398,B5_CYCLIC,B5_CYCLIC_R01_20260611_143242,delta-asda-b3-e,1591,RTSO|SO|OE|VE|QS|TR,3,0,105165584,-601,-17,-0.07259,-15,-0.035865,301,49,4270,2391,6000,,600,,,,cyclic,transition,0,no_load,both,B5: cyclic back-and-forth,servo-app/lab-0.1
1781163457.395753,294.1442778110504,B5_CYCLIC,B5_CYCLIC_R01_20260611_143242,delta-asda-b3-e,1591,RTSO|SO|OE|VE|QS|TR,3,0,103471473,-600,-19,-0.08113,-20,-0.04782,301,49,4270,2391,6000,,600,,,,cyclic,transition,0,no_load,both,B5: cyclic back-and-forth,servo-app/lab-0.1
1781163457.4967854,294.2453103065491,B5_CYCLIC,B5_CYCLIC_R01_20260611_143242,delta-asda-b3-e,1591,RTSO|SO|OE|VE|QS|TR,3,0,101743031,-601,-18,-0.07686,-17,-0.040647,301,49,4270,2391,6000,,600,,,,cyclic,transition,0,no_load,both,B5: cyclic back-and-forth,servo-app/lab-0.1
1781163457.5971043,294.3456292152405,B5_CYCLIC,B5_CYCLIC_R01_20260611_143242,delta-asda-b3-e,1591,RTSO|SO|OE|VE|QS|TR,3,0,100099374,-600,-19,-0.08113,-19,-0.045429,301,49,4270,2391,6000,,600,,,,cyclic,transition,0,no_load,both,B5: cyclic back-and-forth,servo-app/lab-0.1
1781163457.6973937,294.4459185600281,B5_CYCLIC,B5_CYCLIC_R01_20260611_143242,delta-asda-b3-e,1591,RTSO|SO|OE|VE|QS|TR,3,0,98421467,-601,-17,-0.07259,-17,-0.040647,301,49,4270,2391,6000,,600,,,,cyclic,transition,0,no_load,both,B5: cyclic back-and-forth,servo-app/lab-0.1
1781163457.797445,294.54596996307373,B5_CYCLIC,B5_CYCLIC_R01_20260611_143242,delta-asda-b3-e,1591,RTSO|SO|OE|VE|QS|TR,3,0,96743778,-601,-19,-0.08113,-18,-0.043038,301,49,4270,2391,6000,,600,,,,cyclic,transition,0,no_load,both,B5: cyclic back-and-forth,servo-app/lab-0.1
1781163457.89797,294.6464948654175,B5_CYCLIC,B5_CYCLIC_R01_20260611_143242,delta-asda-b3-e,1591,RTSO|SO|OE|VE|QS|TR,3,0,95048888,-601,-16,-0.06832,-16,-0.038256,301,49,4270,2391,6000,,600,,,,cyclic,transition,0,no_load,both,B5: cyclic back-and-forth,servo-app/lab-0.1
1781163457.9984536,294.74697852134705,B5_CYCLIC,B5_CYCLIC_R01_20260611_143242,delta-asda-b3-e,1591,RTSO|SO|OE|VE|QS|TR,3,0,93371447,-601,-17,-0.07259,-18,-0.043038,300,49,4270,2391,6000,,600,,,,cyclic,transition,0,no_load,both,B5: cyclic back-and-forth,servo-app/lab-0.1
1781163458.0991287,294.84765362739563,B5_CYCLIC,B5_CYCLIC_R01_20260611_143242,delta-asda-b3-e,1591,RTSO|SO|OE|VE|QS|TR,3,0,91676766,-600,-23,-0.09821,-17,-0.040647,301,49,4270,2391,6000,,600,,,,cyclic,transition,0,no_load,both,B5: cyclic back-and-forth,servo-app/lab-0.1
1781163458.1995509,294.9480757713318,B5_CYCLIC,B5_CYCLIC_R01_20260611_143242,delta-asda-b3-e,1591,RTSO|SO|OE|VE|QS|TR,3,0,89999576,-600,-17,-0.07259,-18,-0.043038,301,49,4270,2391,6000,,600,,,,cyclic,transition,0,no_load,both,B5: cyclic back-and-forth,servo-app/lab-0.1
1781163458.3001194,295.0486443042755,B5_CYCLIC,B5_CYCLIC_R01_20260611_143242,delta-asda-b3-e,1591,RTSO|SO|OE|VE|QS|TR,3,0,88304551,-601,-17,-0.07259,-16,-0.038256,301,49,4270,2391,6000,,600,,,,cyclic,transition,0,no_load,both,B5: cyclic back-and-forth,servo-app/lab-0.1
1781163458.4006479,295.14917278289795,B5_CYCLIC,B5_CYCLIC_R01_20260611_143242,delta-asda-b3-e,1591,RTSO|SO|OE|VE|QS|TR,3,0,86627115,-601,-21,-0.08967,-21,-0.050211,301,49,4270,2391,6000,,600,,,,cyclic,transition,0,no_load,both,B5: cyclic back-and-forth,servo-app/lab-0.1
1781163458.5016675,295.25019240379333,B5_CYCLIC,B5_CYCLIC_R01_20260611_143242,delta-asda-b3-e,1591,RTSO|SO|OE|VE|QS|TR,3,0,84932113,-601,-18,-0.07686,-17,-0.040647,301,49,4270,2391,6000,,600,,,,cyclic,transition,0,no_load,both,B5: cyclic back-and-forth,servo-app/lab-0.1
1781163458.6032846,295.35180950164795,B5_CYCLIC,B5_CYCLIC_R01_20260611_143242,delta-asda-b3-e,1591,RTSO|SO|OE|VE|QS|TR,3,0,83221174,-600,-23,-0.09821,-23,-0.054993,301,49,4270,2391,6000,,600,,,,cyclic,transition,0,no_load,both,B5: cyclic back-and-forth,servo-app/lab-0.1
1781163458.7035072,295.4520320892334,B5_CYCLIC,B5_CYCLIC_R01_20260611_143242,delta-asda-b3-e,1591,RTSO|SO|OE|VE|QS|TR,3,0,81543100,-601,-20,-0.0854,-19,-0.045429,301,49,4270,2391,6000,,600,,,,cyclic,transition,0,no_load,both,B5: cyclic back-and-forth,servo-app/lab-0.1
1781163458.805114,295.5536389350891,B5_CYCLIC,B5_CYCLIC_R01_20260611_143242,delta-asda-b3-e,1591,RTSO|SO|OE|VE|QS|TR,3,0,79831894,-601,-18,-0.07686,-18,-0.043038,301,49,4270,2391,6000,,600,,,,cyclic,transition,0,no_load,both,B5: cyclic back-and-forth,servo-app/lab-0.1
1781163458.9053967,295.6539216041565,B5_CYCLIC,B5_CYCLIC_R01_20260611_143242,delta-asda-b3-e,1591,RTSO|SO|OE|VE|QS|TR,3,0,78153795,-601,-23,-0.09821,-21,-0.050211,301,49,4270,2391,6000,,600,,,,cyclic,transition,0,no_load,both,B5: cyclic back-and-forth,servo-app/lab-0.1
1781163459.0058255,295.75435042381287,B5_CYCLIC,B5_CYCLIC_R01_20260611_143242,delta-asda-b3-e,1591,RTSO|SO|OE|VE|QS|TR,3,0,76459589,-600,-22,-0.09394,-21,-0.050211,301,49,4270,2391,6000,,600,,,,cyclic,transition,0,no_load,both,B5: cyclic back-and-forth,servo-app/lab-0.1
1781163459.1068351,295.85536003112793,B5_CYCLIC,B5_CYCLIC_R01_20260611_143242,delta-asda-b3-e,1591,RTSO|SO|OE|VE|QS|TR,3,0,74765024,-600,-21,-0.08967,-25,-0.059775,301,49,4270,2391,6000,,600,,,,cyclic,transition,0,no_load,both,B5: cyclic back-and-forth,servo-app/lab-0.1
1781163459.207098,295.95562291145325,B5_CYCLIC,B5_CYCLIC_R01_20260611_143242,delta-asda-b3-e,1591,RTSO|SO|OE|VE|QS|TR,3,0,73087633,-600,-20,-0.0854,-19,-0.045429,301,49,4270,2391,6000,,600,,,,cyclic,transition,0,no_load,both,B5: cyclic back-and-forth,servo-app/lab-0.1
1781163459.307206,296.05573081970215,B5_CYCLIC,B5_CYCLIC_R01_20260611_143242,delta-asda-b3-e,1591,RTSO|SO|OE|VE|QS|TR,3,0,71409573,-600,-22,-0.09394,-25,-0.059775,301,49,4270,2391,6000,,600,,,,cyclic,transition,0,no_load,both,B5: cyclic back-and-forth,servo-app/lab-0.1
1781163459.4073036,296.15582847595215,B5_CYCLIC,B5_CYCLIC_R01_20260611_143242,delta-asda-b3-e,1591,RTSO|SO|OE|VE|QS|TR,3,0,69732320,-600,-19,-0.08113,-20,-0.04782,301,49,4270,2391,6000,,600,,,,cyclic,transition,0,no_load,both,B5: cyclic back-and-forth,servo-app/lab-0.1
1781163459.5076952,296.2562201023102,B5_CYCLIC,B5_CYCLIC_R01_20260611_143242,delta-asda-b3-e,1591,RTSO|SO|OE|VE|QS|TR,3,0,68037469,-600,-20,-0.0854,-20,-0.04782,301,49,4270,2391,6000,,600,,,,cyclic,transition,0,no_load,both,B5: cyclic back-and-forth,servo-app/lab-0.1
1781163459.608029,296.3565537929535,B5_CYCLIC,B5_CYCLIC_R01_20260611_143242,delta-asda-b3-e,1591,RTSO|SO|OE|VE|QS|TR,3,0,66360235,-600,-17,-0.07259,-19,-0.045429,301,49,4270,2391,6000,,600,,,,cyclic,transition,0,no_load,both,B5: cyclic back-and-forth,servo-app/lab-0.1
1781163459.7084243,296.4569492340088,B5_CYCLIC,B5_CYCLIC_R01_20260611_143242,delta-asda-b3-e,1591,RTSO|SO|OE|VE|QS|TR,3,0,64681991,-600,-18,-0.07686,-21,-0.050211,301,49,4270,2391,6000,,600,,,,cyclic,transition,0,no_load,both,B5: cyclic back-and-forth,servo-app/lab-0.1
1781163459.8087704,296.5572953224182,B5_CYCLIC,B5_CYCLIC_R01_20260611_143242,delta-asda-b3-e,1591,RTSO|SO|OE|VE|QS|TR,3,0,62987678,-600,-23,-0.09821,-19,-0.045429,301,49,4270,2391,6000,,600,,,,cyclic,transition,0,no_load,both,B5: cyclic back-and-forth,servo-app/lab-0.1
1781163459.909166,296.6576910018921,B5_CYCLIC,B5_CYCLIC_R01_20260611_143242,delta-asda-b3-e,1591,RTSO|SO|OE|VE|QS|TR,3,0,61309599,-600,-20,-0.0854,-20,-0.04782,301,49,4270,2391,6000,,600,,,,cyclic,transition,0,no_load,both,B5: cyclic back-and-forth,servo-app/lab-0.1
1781163460.0097663,296.75829124450684,B5_CYCLIC,B5_CYCLIC_R01_20260611_143242,delta-asda-b3-e,1591,RTSO|SO|OE|VE|QS|TR,3,0,59615439,-600,-18,-0.07686,-19,-0.045429,301,49,4270,2391,6000,,600,,,,cyclic,transition,0,no_load,both,B5: cyclic back-and-forth,servo-app/lab-0.1
1781163460.1100702,296.85859513282776,B5_CYCLIC,B5_CYCLIC_R01_20260611_143242,delta-asda-b3-e,1591,RTSO|SO|OE|VE|QS|TR,3,0,57937572,-599,-22,-0.09394,-19,-0.045429,301,49,4270,2391,6000,,600,,,,cyclic,transition,0,no_load,both,B5: cyclic back-and-forth,servo-app/lab-0.1
1781163460.2106326,296.9591574668884,B5_CYCLIC,B5_CYCLIC_R01_20260611_143242,delta-asda-b3-e,1591,RTSO|SO|OE|VE|QS|TR,3,0,56260087,-600,-22,-0.09394,-21,-0.050211,301,49,4270,2391,6000,,600,,,,cyclic,transition,0,no_load,both,B5: cyclic back-and-forth,servo-app/lab-0.1
1781163460.3115137,297.06003856658936,B5_CYCLIC,B5_CYCLIC_R01_20260611_143242,delta-asda-b3-e,1591,RTSO|SO|OE|VE|QS|TR,3,0,54565310,-600,-26,-0.11102,-25,-0.059775,301,49,4270,2391,6000,,600,,,,cyclic,transition,0,no_load,both,B5: cyclic back-and-forth,servo-app/lab-0.1
1781163460.411931,297.16045594215393,B5_CYCLIC,B5_CYCLIC_R01_20260611_143242,delta-asda-b3-e,1591,RTSO|SO|OE|VE|QS|TR,3,0,52871171,-600,-19,-0.08113,-18,-0.043038,301,49,4270,2391,6000,,600,,,,cyclic,transition,0,no_load,both,B5: cyclic back-and-forth,servo-app/lab-0.1
1781163460.5124736,297.26099848747253,B5_CYCLIC,B5_CYCLIC_R01_20260611_143242,delta-asda-b3-e,1591,RTSO|SO|OE|VE|QS|TR,3,0,51193090,-599,-22,-0.09394,-20,-0.04782,301,49,4270,2391,6000,,600,,,,cyclic,transition,0,no_load,both,B5: cyclic back-and-forth,servo-app/lab-0.1
1781163460.6126199,297.36114478111267,B5_CYCLIC,B5_CYCLIC_R01_20260611_143242,delta-asda-b3-e,1591,RTSO|SO|OE|VE|QS|TR,3,0,49515956,-599,-20,-0.0854,-19,-0.045429,301,49,4270,2391,6000,,600,,,,cyclic,transition,0,no_load,both,B5: cyclic back-and-forth,servo-app/lab-0.1
1781163460.7132244,297.46174931526184,B5_CYCLIC,B5_CYCLIC_R01_20260611_143242,delta-asda-b3-e,1591,RTSO|SO|OE|VE|QS|TR,3,0,47820879,-600,-20,-0.0854,-19,-0.045429,301,49,4270,2391,6000,,600,,,,cyclic,transition,0,no_load,both,B5: cyclic back-and-forth,servo-app/lab-0.1
1781163460.8134403,297.5619652271271,B5_CYCLIC,B5_CYCLIC_R01_20260611_143242,delta-asda-b3-e,1591,RTSO|SO|OE|VE|QS|TR,3,0,46126757,-599,-18,-0.07686,-20,-0.04782,301,49,4270,2391,6000,,600,,,,cyclic,transition,0,no_load,both,B5: cyclic back-and-forth,servo-app/lab-0.1
1781163460.9140832,297.6626081466675,B5_CYCLIC,B5_CYCLIC_R01_20260611_143242,delta-asda-b3-e,1591,RTSO|SO|OE|VE|QS|TR,3,0,44448588,-599,-21,-0.08967,-21,-0.050211,301,49,4270,2391,6000,,600,,,,cyclic,transition,0,no_load,both,B5: cyclic back-and-forth,servo-app/lab-0.1
1781163461.014362,297.7628870010376,B5_CYCLIC,B5_CYCLIC_R01_20260611_143242,delta-asda-b3-e,1591,RTSO|SO|OE|VE|QS|TR,3,0,42771310,-599,-18,-0.07686,-18,-0.043038,301,49,4270,2391,6000,,600,,,,cyclic,transition,0,no_load,both,B5: cyclic back-and-forth,servo-app/lab-0.1
1781163461.11451,297.8630349636078,B5_CYCLIC,B5_CYCLIC_R01_20260611_143242,delta-asda-b3-e,1591,RTSO|SO|OE|VE|QS|TR,3,0,41093391,-599,-20,-0.0854,-21,-0.050211,301,49,4270,2391,6000,,600,,,,cyclic,transition,0,no_load,both,B5: cyclic back-and-forth,servo-app/lab-0.1
1781163461.2153049,297.9638297557831,B5_CYCLIC,B5_CYCLIC_R01_20260611_143242,delta-asda-b3-e,1591,RTSO|SO|OE|VE|QS|TR,3,0,39399142,-599,-20,-0.0854,-18,-0.043038,301,49,4270,2391,6000,,600,,,,cyclic,transition,0,no_load,both,B5: cyclic back-and-forth,servo-app/lab-0.1
1781163461.3157518,298.06427669525146,B5_CYCLIC,B5_CYCLIC_R01_20260611_143242,delta-asda-b3-e,1591,RTSO|SO|OE|VE|QS|TR,3,0,37704484,-599,-23,-0.09821,-22,-0.052602,301,49,4270,2391,6000,,600,,,,cyclic,transition,0,no_load,both,B5: cyclic back-and-forth,servo-app/lab-0.1
1781163461.4158528,298.1643776893616,B5_CYCLIC,B5_CYCLIC_R01_20260611_143242,delta-asda-b3-e,1591,RTSO|SO|OE|VE|QS|TR,3,0,36027003,-599,-19,-0.08113,-19,-0.045429,301,49,4270,2391,6000,,600,,,,cyclic,transition,0,no_load,both,B5: cyclic back-and-forth,servo-app/lab-0.1
1781163461.517004,298.2655289173126,B5_CYCLIC,B5_CYCLIC_R01_20260611_143242,delta-asda-b3-e,1591,RTSO|SO|OE|VE|QS|TR,3,0,34332350,-598,-22,-0.09394,-23,-0.054993,301,49,4270,2391,6000,,600,,,,cyclic,transition,0,no_load,both,B5: cyclic back-and-forth,servo-app/lab-0.1
1781163461.6171055,298.3656303882599,B5_CYCLIC,B5_CYCLIC_R01_20260611_143242,delta-asda-b3-e,1591,RTSO|SO|OE|VE|QS|TR,3,0,32655035,-599,-19,-0.08113,-18,-0.043038,301,49,4270,2391,6000,,600,,,,cyclic,transition,0,no_load,both,B5: cyclic back-and-forth,servo-app/lab-0.1
1781163461.7174044,298.46592926979065,B5_CYCLIC,B5_CYCLIC_R01_20260611_143242,delta-asda-b3-e,1591,RTSO|SO|OE|VE|QS|TR,3,0,30976683,-599,-21,-0.08967,-22,-0.052602,301,49,4270,2391,6000,,600,,,,cyclic,transition,0,no_load,both,B5: cyclic back-and-forth,servo-app/lab-0.1
1781163461.8183527,298.5668776035309,B5_CYCLIC,B5_CYCLIC_R01_20260611_143242,delta-asda-b3-e,1591,RTSO|SO|OE|VE|QS|TR,3,0,29265885,-599,-16,-0.06832,-18,-0.043038,301,49,4270,2391,6000,,600,,,,cyclic,transition,0,no_load,both,B5: cyclic back-and-forth,servo-app/lab-0.1
1781163461.9194264,298.6679513454437,B5_CYCLIC,B5_CYCLIC_R01_20260611_143242,delta-asda-b3-e,1591,RTSO|SO|OE|VE|QS|TR,3,0,27587756,-599,-19,-0.08113,-21,-0.050211,301,49,4270,2391,6000,,600,,,,cyclic,transition,0,no_load,both,B5: cyclic back-and-forth,servo-app/lab-0.1
1781163462.0196562,298.76818108558655,B5_CYCLIC,B5_CYCLIC_R01_20260611_143242,delta-asda-b3-e,1591,RTSO|SO|OE|VE|QS|TR,3,0,25893848,-598,-26,-0.11102,-18,-0.043038,301,49,4270,2391,6000,,600,,,,cyclic,transition,0,no_load,both,B5: cyclic back-and-forth,servo-app/lab-0.1
1781163462.1197355,298.86826038360596,B5_CYCLIC,B5_CYCLIC_R01_20260611_143242,delta-asda-b3-e,1591,RTSO|SO|OE|VE|QS|TR,3,0,24215754,-599,-19,-0.08113,-19,-0.045429,301,49,4270,2391,6000,,600,,,,cyclic,transition,0,no_load,both,B5: cyclic back-and-forth,servo-app/lab-0.1
1781163462.2205584,298.9690833091736,B5_CYCLIC,B5_CYCLIC_R01_20260611_143242,delta-asda-b3-e,1591,RTSO|SO|OE|VE|QS|TR,3,0,22538256,-599,-19,-0.08113,-17,-0.040647,301,49,4270,2391,6000,,600,,,,cyclic,transition,0,no_load,both,B5: cyclic back-and-forth,servo-app/lab-0.1
1781163462.3209386,299.0694634914398,B5_CYCLIC,B5_CYCLIC_R01_20260611_143242,delta-asda-b3-e,1591,RTSO|SO|OE|VE|QS|TR,3,0,20843623,-599,-22,-0.09394,-21,-0.050211,301,49,4270,2391,6000,,600,,,,cyclic,transition,0,no_load,both,B5: cyclic back-and-forth,servo-app/lab-0.1
1781163462.4211383,299.1696631908417,B5_CYCLIC,B5_CYCLIC_R01_20260611_143242,delta-asda-b3-e,1591,RTSO|SO|OE|VE|QS|TR,3,0,19166125,-599,-20,-0.0854,-23,-0.054993,301,49,4270,2391,6000,,600,,,,cyclic,transition,0,no_load,both,B5: cyclic back-and-forth,servo-app/lab-0.1
1781163462.5221584,299.2706832885742,B5_CYCLIC,B5_CYCLIC_R01_20260611_143242,delta-asda-b3-e,1591,RTSO|SO|OE|VE|QS|TR,3,0,17471568,-598,-19,-0.08113,-18,-0.043038,301,49,4270,2391,6000,,600,,,,cyclic,transition,0,no_load,both,B5: cyclic back-and-forth,servo-app/lab-0.1
1781163462.6225443,299.37106919288635,B5_CYCLIC,B5_CYCLIC_R01_20260611_143242,delta-asda-b3-e,1591,RTSO|SO|OE|VE|QS|TR,3,0,15794096,-599,-25,-0.10675,-25,-0.059775,301,49,4270,2391,6000,,600,,,,cyclic,transition,0,no_load,both,B5: cyclic back-and-forth,servo-app/lab-0.1
1781163462.7229328,299.47145771980286,B5_CYCLIC,B5_CYCLIC_R01_20260611_143242,delta-asda-b3-e,1591,RTSO|SO|OE|VE|QS|TR,3,0,14099020,-599,-18,-0.07686,-18,-0.043038,301,49,4270,2391,6000,,600,,,,cyclic,transition,0,no_load,both,B5: cyclic back-and-forth,servo-app/lab-0.1
1781163462.8233948,299.5719196796417,B5_CYCLIC,B5_CYCLIC_R01_20260611_143242,delta-asda-b3-e,1591,RTSO|SO|OE|VE|QS|TR,3,0,12421666,-599,-22,-0.09394,-20,-0.04782,301,49,4270,2391,6000,,600,,,,cyclic,transition,0,no_load,both,B5: cyclic back-and-forth,servo-app/lab-0.1
1781163462.9241657,299.6726906299591,B5_CYCLIC,B5_CYCLIC_R01_20260611_143242,delta-asda-b3-e,1591,RTSO|SO|OE|VE|QS|TR,3,0,10726840,-599,-23,-0.09821,-19,-0.045429,301,49,4270,2391,6000,,600,,,,cyclic,transition,0,no_load,both,B5: cyclic back-and-forth,servo-app/lab-0.1
1781163463.0245347,299.7730596065521,B5_CYCLIC,B5_CYCLIC_R01_20260611_143242,delta-asda-b3-e,1591,RTSO|SO|OE|VE|QS|TR,3,0,9049633,-598,-27,-0.11529,-24,-0.057384,301,49,4270,2391,6000,,600,,,,cyclic,transition,0,no_load,both,B5: cyclic back-and-forth,servo-app/lab-0.1
1781163463.1252277,299.87375259399414,B5_CYCLIC,B5_CYCLIC_R01_20260611_143242,delta-asda-b3-e,1591,RTSO|SO|OE|VE|QS|TR,3,0,7354695,-599,-24,-0.10248,-21,-0.050211,301,49,4270,2391,6000,,600,,,,cyclic,transition,0,no_load,both,B5: cyclic back-and-forth,servo-app/lab-0.1
1781163463.2263277,299.9748525619507,B5_CYCLIC,B5_CYCLIC_R01_20260611_143242,delta-asda-b3-e,5687,RTSO|SO|OE|VE|QS|TR|ACK,3,0,6335007,-11,-10,-0.0427,-11,-0.026301,301,49,4270,2391,6000,,600,,,,cyclic,transition,0,no_load,both,B5: cyclic back-and-forth,servo-app/lab-0.1
