ts,t,experiment_id,session_id,device_id,statusword,statusword_flags,mode_display,error_code,position,velocity,current,current_A,torque,torque_Nm,dc_bus_voltage,drive_temp,rated_current,rated_torque,max_motor_speed,target_position,target_velocity,target_torque,acceleration_cmd,deceleration_cmd,regime_label,risk_label,is_artificial_anomaly,load_type,direction,operator_comment,software_version
1781173401.0498273,0.0,A3_ROTATE_ONE_DIR,A3_ROTATE_ONE_DIR_R02_20260611_172320,delta-asda-b3-e,1591,RTSO|SO|OE|VE|QS|TR,3,0,3748834,280,20,0.0854,19,0.045429,306,49,4270,2391,6000,,300,,,,constant_speed,normal,0,no_load,cw,A3: rotate CW low speed,servo-app/lab-0.1
1781173401.1500866,0.10025930404663086,A3_ROTATE_ONE_DIR,A3_ROTATE_ONE_DIR_R02_20260611_172320,delta-asda-b3-e,1591,RTSO|SO|OE|VE|QS|TR,3,0,4596937,301,17,0.07259,17,0.040647,306,49,4270,2391,6000,,300,,,,constant_speed,normal,0,no_load,cw,A3: rotate CW low speed,servo-app/lab-0.1
1781173401.2507107,0.2008833885192871,A3_ROTATE_ONE_DIR,A3_ROTATE_ONE_DIR_R02_20260611_172320,delta-asda-b3-e,1591,RTSO|SO|OE|VE|QS|TR,3,0,5443025,299,17,0.07259,18,0.043038,306,49,4270,2391,6000,,300,,,,constant_speed,normal,0,no_load,cw,A3: rotate CW low speed,servo-app/lab-0.1
1781173401.351001,0.30117368698120117,A3_ROTATE_ONE_DIR,A3_ROTATE_ONE_DIR_R02_20260611_172320,delta-asda-b3-e,1591,RTSO|SO|OE|VE|QS|TR,3,0,6266247,301,18,0.07686,16,0.038256,306,49,4270,2391,6000,,300,,,,constant_speed,normal,0,no_load,cw,A3: rotate CW low speed,servo-app/lab-0.1
1781173401.4512582,0.4014308452606201,A3_ROTATE_ONE_DIR,A3_ROTATE_ONE_DIR_R02_20260611_172320,delta-asda-b3-e,1591,RTSO|SO|OE|VE|QS|TR,3,0,7120052,299,23,0.09821,22,0.052602,306,49,4270,2391,6000,,300,,,,constant_speed,normal,0,no_load,cw,A3: rotate CW low speed,servo-app/lab-0.1
1781173401.5515273,0.5016999244689941,A3_ROTATE_ONE_DIR,A3_ROTATE_ONE_DIR_R02_20260611_172320,delta-asda-b3-e,1591,RTSO|SO|OE|VE|QS|TR,3,0,7960600,300,18,0.07686,17,0.040647,305,49,4270,2391,6000,,300,,,,constant_speed,normal,0,no_load,cw,A3: rotate CW low speed,servo-app/lab-0.1
1781173401.651937,0.6021096706390381,A3_ROTATE_ONE_DIR,A3_ROTATE_ONE_DIR_R02_20260611_172320,delta-asda-b3-e,1591,RTSO|SO|OE|VE|QS|TR,3,0,8806092,299,20,0.0854,18,0.043038,306,49,4270,2391,6000,,300,,,,constant_speed,normal,0,no_load,cw,A3: rotate CW low speed,servo-app/lab-0.1
1781173401.7525961,0.7027688026428223,A3_ROTATE_ONE_DIR,A3_ROTATE_ONE_DIR_R02_20260611_172320,delta-asda-b3-e,1591,RTSO|SO|OE|VE|QS|TR,3,0,9654404,300,19,0.08113,18,0.043038,306,49,4270,2391,6000,,300,,,,constant_speed,normal,0,no_load,cw,A3: rotate CW low speed,servo-app/lab-0.1
1781173401.8530598,0.8032324314117432,A3_ROTATE_ONE_DIR,A3_ROTATE_ONE_DIR_R02_20260611_172320,delta-asda-b3-e,1591,RTSO|SO|OE|VE|QS|TR,3,0,10483847,300,23,0.09821,22,0.052602,306,49,4270,2391,6000,,300,,,,constant_speed,normal,0,no_load,cw,A3: rotate CW low speed,servo-app/lab-0.1
1781173401.9535453,0.9037179946899414,A3_ROTATE_ONE_DIR,A3_ROTATE_ONE_DIR_R02_20260611_172320,delta-asda-b3-e,1591,RTSO|SO|OE|VE|QS|TR,3,0,11340571,300,18,0.07686,19,0.045429,306,49,4270,2391,6000,,300,,,,constant_speed,normal,0,no_load,cw,A3: rotate CW low speed,servo-app/lab-0.1
1781173402.053952,1.004124641418457,A3_ROTATE_ONE_DIR,A3_ROTATE_ONE_DIR_R02_20260611_172320,delta-asda-b3-e,1591,RTSO|SO|OE|VE|QS|TR,3,0,12170100,299,19,0.08113,19,0.045429,305,49,4270,2391,6000,,300,,,,constant_speed,normal,0,no_load,cw,A3: rotate CW low speed,servo-app/lab-0.1
1781173402.1541283,1.1043009757995605,A3_ROTATE_ONE_DIR,A3_ROTATE_ONE_DIR_R02_20260611_172320,delta-asda-b3-e,1591,RTSO|SO|OE|VE|QS|TR,3,0,13001119,301,19,0.08113,20,0.04782,306,49,4270,2391,6000,,300,,,,constant_speed,normal,0,no_load,cw,A3: rotate CW low speed,servo-app/lab-0.1
1781173402.2545936,1.2047662734985352,A3_ROTATE_ONE_DIR,A3_ROTATE_ONE_DIR_R02_20260611_172320,delta-asda-b3-e,1591,RTSO|SO|OE|VE|QS|TR,3,0,13847135,299,23,0.09821,23,0.054993,305,49,4270,2391,6000,,300,,,,constant_speed,normal,0,no_load,cw,A3: rotate CW low speed,servo-app/lab-0.1
1781173402.3553212,1.3054938316345215,A3_ROTATE_ONE_DIR,A3_ROTATE_ONE_DIR_R02_20260611_172320,delta-asda-b3-e,1591,RTSO|SO|OE|VE|QS|TR,3,0,14704476,301,15,0.06405,17,0.040647,305,49,4270,2391,6000,,300,,,,constant_speed,normal,0,no_load,cw,A3: rotate CW low speed,servo-app/lab-0.1
1781173402.4556093,1.4057819843292236,A3_ROTATE_ONE_DIR,A3_ROTATE_ONE_DIR_R02_20260611_172320,delta-asda-b3-e,1591,RTSO|SO|OE|VE|QS|TR,3,0,15566864,299,20,0.0854,18,0.043038,305,49,4270,2391,6000,,300,,,,constant_speed,normal,0,no_load,cw,A3: rotate CW low speed,servo-app/lab-0.1
1781173402.5557606,1.5059332847595215,A3_ROTATE_ONE_DIR,A3_ROTATE_ONE_DIR_R02_20260611_172320,delta-asda-b3-e,1591,RTSO|SO|OE|VE|QS|TR,3,0,16390151,300,17,0.07259,19,0.045429,307,49,4270,2391,6000,,300,,,,constant_speed,normal,0,no_load,cw,A3: rotate CW low speed,servo-app/lab-0.1
1781173402.655821,1.6059937477111816,A3_ROTATE_ONE_DIR,A3_ROTATE_ONE_DIR_R02_20260611_172320,delta-asda-b3-e,1591,RTSO|SO|OE|VE|QS|TR,3,0,17227257,299,23,0.09821,21,0.050211,306,49,4270,2391,6000,,300,,,,constant_speed,normal,0,no_load,cw,A3: rotate CW low speed,servo-app/lab-0.1
1781173402.7562034,1.706376075744629,A3_ROTATE_ONE_DIR,A3_ROTATE_ONE_DIR_R02_20260611_172320,delta-asda-b3-e,1591,RTSO|SO|OE|VE|QS|TR,3,0,18067820,300,16,0.06832,17,0.040647,306,49,4270,2391,6000,,300,,,,constant_speed,normal,0,no_load,cw,A3: rotate CW low speed,servo-app/lab-0.1
1781173402.8564236,1.806596279144287,A3_ROTATE_ONE_DIR,A3_ROTATE_ONE_DIR_R02_20260611_172320,delta-asda-b3-e,1591,RTSO|SO|OE|VE|QS|TR,3,0,18905710,299,18,0.07686,18,0.043038,306,49,4270,2391,6000,,300,,,,constant_speed,normal,0,no_load,cw,A3: rotate CW low speed,servo-app/lab-0.1
1781173402.9565153,1.9066879749298096,A3_ROTATE_ONE_DIR,A3_ROTATE_ONE_DIR_R02_20260611_172320,delta-asda-b3-e,1591,RTSO|SO|OE|VE|QS|TR,3,0,19728459,300,20,0.0854,19,0.045429,306,49,4270,2391,6000,,300,,,,constant_speed,normal,0,no_load,cw,A3: rotate CW low speed,servo-app/lab-0.1
1781173403.056947,2.007119655609131,A3_ROTATE_ONE_DIR,A3_ROTATE_ONE_DIR_R02_20260611_172320,delta-asda-b3-e,1591,RTSO|SO|OE|VE|QS|TR,3,0,20582544,299,21,0.08967,24,0.057384,306,49,4270,2391,6000,,300,,,,constant_speed,normal,0,no_load,cw,A3: rotate CW low speed,servo-app/lab-0.1
1781173403.1572723,2.107445001602173,A3_ROTATE_ONE_DIR,A3_ROTATE_ONE_DIR_R02_20260611_172320,delta-asda-b3-e,1591,RTSO|SO|OE|VE|QS|TR,3,0,21431031,300,18,0.07686,18,0.043038,306,49,4270,2391,6000,,300,,,,constant_speed,normal,0,no_load,cw,A3: rotate CW low speed,servo-app/lab-0.1
1781173403.2577717,2.207944393157959,A3_ROTATE_ONE_DIR,A3_ROTATE_ONE_DIR_R02_20260611_172320,delta-asda-b3-e,1591,RTSO|SO|OE|VE|QS|TR,3,0,22277144,299,20,0.0854,16,0.038256,306,49,4270,2391,6000,,300,,,,constant_speed,normal,0,no_load,cw,A3: rotate CW low speed,servo-app/lab-0.1
1781173403.3580923,2.308264970779419,A3_ROTATE_ONE_DIR,A3_ROTATE_ONE_DIR_R02_20260611_172320,delta-asda-b3-e,1591,RTSO|SO|OE|VE|QS|TR,3,0,23100632,300,17,0.07259,18,0.043038,306,49,4270,2391,6000,,300,,,,constant_speed,normal,0,no_load,cw,A3: rotate CW low speed,servo-app/lab-0.1
1781173403.4585342,2.4087069034576416,A3_ROTATE_ONE_DIR,A3_ROTATE_ONE_DIR_R02_20260611_172320,delta-asda-b3-e,1591,RTSO|SO|OE|VE|QS|TR,3,0,23962686,299,24,0.10248,22,0.052602,306,49,4270,2391,6000,,300,,,,constant_speed,normal,0,no_load,cw,A3: rotate CW low speed,servo-app/lab-0.1
1781173403.558842,2.50901460647583,A3_ROTATE_ONE_DIR,A3_ROTATE_ONE_DIR_R02_20260611_172320,delta-asda-b3-e,1591,RTSO|SO|OE|VE|QS|TR,3,0,24803237,300,19,0.08113,18,0.043038,306,49,4270,2391,6000,,300,,,,constant_speed,normal,0,no_load,cw,A3: rotate CW low speed,servo-app/lab-0.1
1781173403.6590202,2.6091928482055664,A3_ROTATE_ONE_DIR,A3_ROTATE_ONE_DIR_R02_20260611_172320,delta-asda-b3-e,1591,RTSO|SO|OE|VE|QS|TR,3,0,25623657,299,18,0.07686,19,0.045429,306,49,4270,2391,6000,,300,,,,constant_speed,normal,0,no_load,cw,A3: rotate CW low speed,servo-app/lab-0.1
1781173403.7597008,2.7098734378814697,A3_ROTATE_ONE_DIR,A3_ROTATE_ONE_DIR_R02_20260611_172320,delta-asda-b3-e,1591,RTSO|SO|OE|VE|QS|TR,3,0,26488911,300,19,0.08113,19,0.045429,306,49,4270,2391,6000,,300,,,,constant_speed,normal,0,no_load,cw,A3: rotate CW low speed,servo-app/lab-0.1
1781173403.8599803,2.810153007507324,A3_ROTATE_ONE_DIR,A3_ROTATE_ONE_DIR_R02_20260611_172320,delta-asda-b3-e,1591,RTSO|SO|OE|VE|QS|TR,3,0,27326683,300,22,0.09394,24,0.057384,306,49,4270,2391,6000,,300,,,,constant_speed,normal,0,no_load,cw,A3: rotate CW low speed,servo-app/lab-0.1
1781173403.9604557,2.910628318786621,A3_ROTATE_ONE_DIR,A3_ROTATE_ONE_DIR_R02_20260611_172320,delta-asda-b3-e,1591,RTSO|SO|OE|VE|QS|TR,3,0,28158239,300,20,0.0854,19,0.045429,306,49,4270,2391,6000,,300,,,,constant_speed,normal,0,no_load,cw,A3: rotate CW low speed,servo-app/lab-0.1
1781173404.0609882,3.0111608505249023,A3_ROTATE_ONE_DIR,A3_ROTATE_ONE_DIR_R02_20260611_172320,delta-asda-b3-e,1591,RTSO|SO|OE|VE|QS|TR,3,0,29004517,299,19,0.08113,19,0.045429,306,49,4270,2391,6000,,300,,,,constant_speed,normal,0,no_load,cw,A3: rotate CW low speed,servo-app/lab-0.1
1781173404.1612575,3.1114301681518555,A3_ROTATE_ONE_DIR,A3_ROTATE_ONE_DIR_R02_20260611_172320,delta-asda-b3-e,1591,RTSO|SO|OE|VE|QS|TR,3,0,29844170,301,18,0.07686,18,0.043038,306,49,4270,2391,6000,,300,,,,constant_speed,normal,0,no_load,cw,A3: rotate CW low speed,servo-app/lab-0.1
1781173404.261472,3.2116446495056152,A3_ROTATE_ONE_DIR,A3_ROTATE_ONE_DIR_R02_20260611_172320,delta-asda-b3-e,1591,RTSO|SO|OE|VE|QS|TR,3,0,30681750,300,21,0.08967,23,0.054993,306,49,4270,2391,6000,,300,,,,constant_speed,normal,0,no_load,cw,A3: rotate CW low speed,servo-app/lab-0.1
1781173404.361862,3.3120346069335938,A3_ROTATE_ONE_DIR,A3_ROTATE_ONE_DIR_R02_20260611_172320,delta-asda-b3-e,1591,RTSO|SO|OE|VE|QS|TR,3,0,31539127,300,19,0.08113,18,0.043038,306,49,4270,2391,6000,,300,,,,constant_speed,normal,0,no_load,cw,A3: rotate CW low speed,servo-app/lab-0.1
1781173404.4619462,3.412118911743164,A3_ROTATE_ONE_DIR,A3_ROTATE_ONE_DIR_R02_20260611_172320,delta-asda-b3-e,1591,RTSO|SO|OE|VE|QS|TR,3,0,32376356,299,20,0.0854,20,0.04782,306,49,4270,2391,6000,,300,,,,constant_speed,normal,0,no_load,cw,A3: rotate CW low speed,servo-app/lab-0.1
1781173404.5623643,3.5125370025634766,A3_ROTATE_ONE_DIR,A3_ROTATE_ONE_DIR_R02_20260611_172320,delta-asda-b3-e,1591,RTSO|SO|OE|VE|QS|TR,3,0,33208041,300,17,0.07259,18,0.043038,306,49,4270,2391,6000,,300,,,,constant_speed,normal,0,no_load,cw,A3: rotate CW low speed,servo-app/lab-0.1
1781173404.6625445,3.6127171516418457,A3_ROTATE_ONE_DIR,A3_ROTATE_ONE_DIR_R02_20260611_172320,delta-asda-b3-e,1591,RTSO|SO|OE|VE|QS|TR,3,0,34036913,300,23,0.09821,22,0.052602,307,49,4270,2391,6000,,300,,,,constant_speed,normal,0,no_load,cw,A3: rotate CW low speed,servo-app/lab-0.1
1781173404.7627838,3.712956428527832,A3_ROTATE_ONE_DIR,A3_ROTATE_ONE_DIR_R02_20260611_172320,delta-asda-b3-e,1591,RTSO|SO|OE|VE|QS|TR,3,0,34894131,300,17,0.07259,17,0.040647,306,49,4270,2391,6000,,300,,,,constant_speed,normal,0,no_load,cw,A3: rotate CW low speed,servo-app/lab-0.1
1781173404.8631752,3.813347816467285,A3_ROTATE_ONE_DIR,A3_ROTATE_ONE_DIR_R02_20260611_172320,delta-asda-b3-e,1591,RTSO|SO|OE|VE|QS|TR,3,0,35731998,300,18,0.07686,18,0.043038,307,49,4270,2391,6000,,300,,,,constant_speed,normal,0,no_load,cw,A3: rotate CW low speed,servo-app/lab-0.1
1781173404.9635518,3.913724422454834,A3_ROTATE_ONE_DIR,A3_ROTATE_ONE_DIR_R02_20260611_172320,delta-asda-b3-e,1591,RTSO|SO|OE|VE|QS|TR,3,0,36571374,300,19,0.08113,18,0.043038,307,49,4270,2391,6000,,300,,,,constant_speed,normal,0,no_load,cw,A3: rotate CW low speed,servo-app/lab-0.1
1781173405.0637624,4.013935089111328,A3_ROTATE_ONE_DIR,A3_ROTATE_ONE_DIR_R02_20260611_172320,delta-asda-b3-e,1591,RTSO|SO|OE|VE|QS|TR,3,0,37408831,299,23,0.09821,22,0.052602,306,49,4270,2391,6000,,300,,,,constant_speed,normal,0,no_load,cw,A3: rotate CW low speed,servo-app/lab-0.1
1781173405.1640618,4.114234447479248,A3_ROTATE_ONE_DIR,A3_ROTATE_ONE_DIR_R02_20260611_172320,delta-asda-b3-e,1591,RTSO|SO|OE|VE|QS|TR,3,0,38265821,300,18,0.07686,20,0.04782,307,49,4270,2391,6000,,300,,,,constant_speed,normal,0,no_load,cw,A3: rotate CW low speed,servo-app/lab-0.1
1781173405.2642593,4.214432001113892,A3_ROTATE_ONE_DIR,A3_ROTATE_ONE_DIR_R02_20260611_172320,delta-asda-b3-e,1591,RTSO|SO|OE|VE|QS|TR,3,0,39103452,299,17,0.07259,18,0.043038,306,49,4270,2391,6000,,300,,,,constant_speed,normal,0,no_load,cw,A3: rotate CW low speed,servo-app/lab-0.1
1781173405.364345,4.3145177364349365,A3_ROTATE_ONE_DIR,A3_ROTATE_ONE_DIR_R02_20260611_172320,delta-asda-b3-e,1591,RTSO|SO|OE|VE|QS|TR,3,0,39935185,300,16,0.06832,18,0.043038,306,49,4270,2391,6000,,300,,,,constant_speed,normal,0,no_load,cw,A3: rotate CW low speed,servo-app/lab-0.1
1781173405.4647384,4.4149110317230225,A3_ROTATE_ONE_DIR,A3_ROTATE_ONE_DIR_R02_20260611_172320,delta-asda-b3-e,1591,RTSO|SO|OE|VE|QS|TR,3,0,40771981,299,23,0.09821,24,0.057384,306,49,4270,2391,6000,,300,,,,constant_speed,normal,0,no_load,cw,A3: rotate CW low speed,servo-app/lab-0.1
1781173405.5648315,4.5150041580200195,A3_ROTATE_ONE_DIR,A3_ROTATE_ONE_DIR_R02_20260611_172320,delta-asda-b3-e,1591,RTSO|SO|OE|VE|QS|TR,3,0,41620818,300,19,0.08113,19,0.045429,307,49,4270,2391,6000,,300,,,,constant_speed,normal,0,no_load,cw,A3: rotate CW low speed,servo-app/lab-0.1
1781173405.6651154,4.615288019180298,A3_ROTATE_ONE_DIR,A3_ROTATE_ONE_DIR_R02_20260611_172320,delta-asda-b3-e,1591,RTSO|SO|OE|VE|QS|TR,3,0,42458333,300,19,0.08113,19,0.045429,306,49,4270,2391,6000,,300,,,,constant_speed,normal,0,no_load,cw,A3: rotate CW low speed,servo-app/lab-0.1
1781173405.7654784,4.715651035308838,A3_ROTATE_ONE_DIR,A3_ROTATE_ONE_DIR_R02_20260611_172320,delta-asda-b3-e,1591,RTSO|SO|OE|VE|QS|TR,3,0,43298146,300,18,0.07686,18,0.043038,306,49,4270,2391,6000,,300,,,,constant_speed,normal,0,no_load,cw,A3: rotate CW low speed,servo-app/lab-0.1
1781173405.8655634,4.8157360553741455,A3_ROTATE_ONE_DIR,A3_ROTATE_ONE_DIR_R02_20260611_172320,delta-asda-b3-e,1591,RTSO|SO|OE|VE|QS|TR,3,0,44135937,300,20,0.0854,21,0.050211,307,49,4270,2391,6000,,300,,,,constant_speed,normal,0,no_load,cw,A3: rotate CW low speed,servo-app/lab-0.1
1781173405.965813,4.915985584259033,A3_ROTATE_ONE_DIR,A3_ROTATE_ONE_DIR_R02_20260611_172320,delta-asda-b3-e,1591,RTSO|SO|OE|VE|QS|TR,3,0,44992577,300,20,0.0854,17,0.040647,306,49,4270,2391,6000,,300,,,,constant_speed,normal,0,no_load,cw,A3: rotate CW low speed,servo-app/lab-0.1
1781173406.0660708,5.0162434577941895,A3_ROTATE_ONE_DIR,A3_ROTATE_ONE_DIR_R02_20260611_172320,delta-asda-b3-e,1591,RTSO|SO|OE|VE|QS|TR,3,0,45822047,299,19,0.08113,21,0.050211,307,49,4270,2391,6000,,300,,,,constant_speed,normal,0,no_load,cw,A3: rotate CW low speed,servo-app/lab-0.1
1781173406.166586,5.116758584976196,A3_ROTATE_ONE_DIR,A3_ROTATE_ONE_DIR_R02_20260611_172320,delta-asda-b3-e,1591,RTSO|SO|OE|VE|QS|TR,3,0,46661762,300,17,0.07259,18,0.043038,306,49,4270,2391,6000,,300,,,,constant_speed,normal,0,no_load,cw,A3: rotate CW low speed,servo-app/lab-0.1
1781173406.266899,5.217071771621704,A3_ROTATE_ONE_DIR,A3_ROTATE_ONE_DIR_R02_20260611_172320,delta-asda-b3-e,1591,RTSO|SO|OE|VE|QS|TR,3,0,47507759,300,21,0.08967,22,0.052602,306,49,4270,2391,6000,,300,,,,constant_speed,normal,0,no_load,cw,A3: rotate CW low speed,servo-app/lab-0.1
1781173406.3675203,5.317692995071411,A3_ROTATE_ONE_DIR,A3_ROTATE_ONE_DIR_R02_20260611_172320,delta-asda-b3-e,1591,RTSO|SO|OE|VE|QS|TR,3,0,48339960,300,19,0.08113,19,0.045429,307,49,4270,2391,6000,,300,,,,constant_speed,normal,0,no_load,cw,A3: rotate CW low speed,servo-app/lab-0.1
1781173406.4678962,5.418068885803223,A3_ROTATE_ONE_DIR,A3_ROTATE_ONE_DIR_R02_20260611_172320,delta-asda-b3-e,1591,RTSO|SO|OE|VE|QS|TR,3,0,49194015,300,18,0.07686,19,0.045429,306,49,4270,2391,6000,,300,,,,constant_speed,normal,0,no_load,cw,A3: rotate CW low speed,servo-app/lab-0.1
1781173406.5680017,5.518174409866333,A3_ROTATE_ONE_DIR,A3_ROTATE_ONE_DIR_R02_20260611_172320,delta-asda-b3-e,1591,RTSO|SO|OE|VE|QS|TR,3,0,50042355,300,16,0.06832,15,0.035865,306,49,4270,2391,6000,,300,,,,constant_speed,normal,0,no_load,cw,A3: rotate CW low speed,servo-app/lab-0.1
1781173406.668724,5.618896722793579,A3_ROTATE_ONE_DIR,A3_ROTATE_ONE_DIR_R02_20260611_172320,delta-asda-b3-e,1591,RTSO|SO|OE|VE|QS|TR,3,0,50880023,301,20,0.0854,21,0.050211,306,49,4270,2391,6000,,300,,,,constant_speed,normal,0,no_load,cw,A3: rotate CW low speed,servo-app/lab-0.1
1781173406.7689638,5.719136476516724,A3_ROTATE_ONE_DIR,A3_ROTATE_ONE_DIR_R02_20260611_172320,delta-asda-b3-e,1591,RTSO|SO|OE|VE|QS|TR,3,0,51728875,301,17,0.07259,18,0.043038,306,49,4270,2391,6000,,300,,,,constant_speed,normal,0,no_load,cw,A3: rotate CW low speed,servo-app/lab-0.1
1781173406.86951,5.819682598114014,A3_ROTATE_ONE_DIR,A3_ROTATE_ONE_DIR_R02_20260611_172320,delta-asda-b3-e,1591,RTSO|SO|OE|VE|QS|TR,3,0,52566809,300,18,0.07686,18,0.043038,307,49,4270,2391,6000,,300,,,,constant_speed,normal,0,no_load,cw,A3: rotate CW low speed,servo-app/lab-0.1
1781173406.9695473,5.919719934463501,A3_ROTATE_ONE_DIR,A3_ROTATE_ONE_DIR_R02_20260611_172320,delta-asda-b3-e,1591,RTSO|SO|OE|VE|QS|TR,3,0,53389209,300,17,0.07259,17,0.040647,307,49,4270,2391,6000,,300,,,,constant_speed,normal,0,no_load,cw,A3: rotate CW low speed,servo-app/lab-0.1
1781173407.0700097,6.020182371139526,A3_ROTATE_ONE_DIR,A3_ROTATE_ONE_DIR_R02_20260611_172320,delta-asda-b3-e,1591,RTSO|SO|OE|VE|QS|TR,3,0,54243693,300,20,0.0854,21,0.050211,306,49,4270,2391,6000,,300,,,,constant_speed,normal,0,no_load,cw,A3: rotate CW low speed,servo-app/lab-0.1
1781173407.1701655,6.120338201522827,A3_ROTATE_ONE_DIR,A3_ROTATE_ONE_DIR_R02_20260611_172320,delta-asda-b3-e,1591,RTSO|SO|OE|VE|QS|TR,3,0,55075599,301,19,0.08113,16,0.038256,306,49,4270,2391,6000,,300,,,,constant_speed,normal,0,no_load,cw,A3: rotate CW low speed,servo-app/lab-0.1
1781173407.2705088,6.220681428909302,A3_ROTATE_ONE_DIR,A3_ROTATE_ONE_DIR_R02_20260611_172320,delta-asda-b3-e,1591,RTSO|SO|OE|VE|QS|TR,3,0,55913234,300,19,0.08113,17,0.040647,306,49,4270,2391,6000,,300,,,,constant_speed,normal,0,no_load,cw,A3: rotate CW low speed,servo-app/lab-0.1
1781173407.3706222,6.3207948207855225,A3_ROTATE_ONE_DIR,A3_ROTATE_ONE_DIR_R02_20260611_172320,delta-asda-b3-e,1591,RTSO|SO|OE|VE|QS|TR,3,0,56761798,300,16,0.06832,15,0.035865,306,49,4270,2391,6000,,300,,,,constant_speed,normal,0,no_load,cw,A3: rotate CW low speed,servo-app/lab-0.1
1781173407.4707034,6.4208760261535645,A3_ROTATE_ONE_DIR,A3_ROTATE_ONE_DIR_R02_20260611_172320,delta-asda-b3-e,1591,RTSO|SO|OE|VE|QS|TR,3,0,57615601,300,21,0.08967,21,0.050211,306,49,4270,2391,6000,,300,,,,constant_speed,normal,0,no_load,cw,A3: rotate CW low speed,servo-app/lab-0.1
1781173407.5709262,6.521098852157593,A3_ROTATE_ONE_DIR,A3_ROTATE_ONE_DIR_R02_20260611_172320,delta-asda-b3-e,1591,RTSO|SO|OE|VE|QS|TR,3,0,58455985,300,18,0.07686,18,0.043038,306,49,4270,2391,6000,,300,,,,constant_speed,normal,0,no_load,cw,A3: rotate CW low speed,servo-app/lab-0.1
1781173407.6713421,6.621514797210693,A3_ROTATE_ONE_DIR,A3_ROTATE_ONE_DIR_R02_20260611_172320,delta-asda-b3-e,1591,RTSO|SO|OE|VE|QS|TR,3,0,59293738,301,17,0.07259,17,0.040647,306,49,4270,2391,6000,,300,,,,constant_speed,normal,0,no_load,cw,A3: rotate CW low speed,servo-app/lab-0.1
1781173407.7713995,6.721572160720825,A3_ROTATE_ONE_DIR,A3_ROTATE_ONE_DIR_R02_20260611_172320,delta-asda-b3-e,1591,RTSO|SO|OE|VE|QS|TR,3,0,60133415,300,17,0.07259,15,0.035865,307,49,4270,2391,6000,,300,,,,constant_speed,normal,0,no_load,cw,A3: rotate CW low speed,servo-app/lab-0.1
1781173407.8717015,6.821874141693115,A3_ROTATE_ONE_DIR,A3_ROTATE_ONE_DIR_R02_20260611_172320,delta-asda-b3-e,1591,RTSO|SO|OE|VE|QS|TR,3,0,60979611,300,20,0.0854,20,0.04782,307,49,4270,2391,6000,,300,,,,constant_speed,normal,0,no_load,cw,A3: rotate CW low speed,servo-app/lab-0.1
1781173407.971907,6.922079563140869,A3_ROTATE_ONE_DIR,A3_ROTATE_ONE_DIR_R02_20260611_172320,delta-asda-b3-e,1591,RTSO|SO|OE|VE|QS|TR,3,0,61811004,300,18,0.07686,19,0.045429,306,49,4270,2391,6000,,300,,,,constant_speed,normal,0,no_load,cw,A3: rotate CW low speed,servo-app/lab-0.1
1781173408.072597,7.0227696895599365,A3_ROTATE_ONE_DIR,A3_ROTATE_ONE_DIR_R02_20260611_172320,delta-asda-b3-e,1591,RTSO|SO|OE|VE|QS|TR,3,0,62657241,300,18,0.07686,18,0.043038,306,49,4270,2391,6000,,300,,,,constant_speed,normal,0,no_load,cw,A3: rotate CW low speed,servo-app/lab-0.1
1781173408.1729496,7.123122215270996,A3_ROTATE_ONE_DIR,A3_ROTATE_ONE_DIR_R02_20260611_172320,delta-asda-b3-e,1591,RTSO|SO|OE|VE|QS|TR,3,0,63497028,301,16,0.06832,14,0.033474,306,49,4270,2391,6000,,300,,,,constant_speed,normal,0,no_load,cw,A3: rotate CW low speed,servo-app/lab-0.1
1781173408.2732604,7.223433017730713,A3_ROTATE_ONE_DIR,A3_ROTATE_ONE_DIR_R02_20260611_172320,delta-asda-b3-e,1591,RTSO|SO|OE|VE|QS|TR,3,0,64343001,300,19,0.08113,21,0.050211,306,49,4270,2391,6000,,300,,,,constant_speed,normal,0,no_load,cw,A3: rotate CW low speed,servo-app/lab-0.1
1781173408.3736155,7.323788166046143,A3_ROTATE_ONE_DIR,A3_ROTATE_ONE_DIR_R02_20260611_172320,delta-asda-b3-e,1591,RTSO|SO|OE|VE|QS|TR,3,0,65166752,300,18,0.07686,17,0.040647,306,49,4270,2391,6000,,300,,,,constant_speed,normal,0,no_load,cw,A3: rotate CW low speed,servo-app/lab-0.1
1781173408.4737942,7.423966884613037,A3_ROTATE_ONE_DIR,A3_ROTATE_ONE_DIR_R02_20260611_172320,delta-asda-b3-e,1591,RTSO|SO|OE|VE|QS|TR,3,0,66012292,300,20,0.0854,20,0.04782,306,49,4270,2391,6000,,300,,,,constant_speed,normal,0,no_load,cw,A3: rotate CW low speed,servo-app/lab-0.1
1781173408.574185,7.524357557296753,A3_ROTATE_ONE_DIR,A3_ROTATE_ONE_DIR_R02_20260611_172320,delta-asda-b3-e,1591,RTSO|SO|OE|VE|QS|TR,3,0,66852178,300,16,0.06832,15,0.035865,306,49,4270,2391,6000,,300,,,,constant_speed,normal,0,no_load,cw,A3: rotate CW low speed,servo-app/lab-0.1
1781173408.6743355,7.6245081424713135,A3_ROTATE_ONE_DIR,A3_ROTATE_ONE_DIR_R02_20260611_172320,delta-asda-b3-e,1591,RTSO|SO|OE|VE|QS|TR,3,0,67706782,301,18,0.07686,20,0.04782,306,49,4270,2391,6000,,300,,,,constant_speed,normal,0,no_load,cw,A3: rotate CW low speed,servo-app/lab-0.1
1781173408.7748892,7.725061893463135,A3_ROTATE_ONE_DIR,A3_ROTATE_ONE_DIR_R02_20260611_172320,delta-asda-b3-e,1591,RTSO|SO|OE|VE|QS|TR,3,0,68538541,300,17,0.07259,17,0.040647,307,49,4270,2391,6000,,300,,,,constant_speed,normal,0,no_load,cw,A3: rotate CW low speed,servo-app/lab-0.1
1781173408.874944,7.8251166343688965,A3_ROTATE_ONE_DIR,A3_ROTATE_ONE_DIR_R02_20260611_172320,delta-asda-b3-e,1591,RTSO|SO|OE|VE|QS|TR,3,0,69384837,300,17,0.07259,18,0.043038,306,49,4270,2391,6000,,300,,,,constant_speed,normal,0,no_load,cw,A3: rotate CW low speed,servo-app/lab-0.1
1781173408.9751587,7.925331354141235,A3_ROTATE_ONE_DIR,A3_ROTATE_ONE_DIR_R02_20260611_172320,delta-asda-b3-e,1591,RTSO|SO|OE|VE|QS|TR,3,0,70215701,300,17,0.07259,17,0.040647,307,49,4270,2391,6000,,300,,,,constant_speed,normal,0,no_load,cw,A3: rotate CW low speed,servo-app/lab-0.1
1781173409.0755332,8.025705814361572,A3_ROTATE_ONE_DIR,A3_ROTATE_ONE_DIR_R02_20260611_172320,delta-asda-b3-e,1591,RTSO|SO|OE|VE|QS|TR,3,0,71061673,300,18,0.07686,20,0.04782,306,49,4270,2391,6000,,300,,,,constant_speed,normal,0,no_load,cw,A3: rotate CW low speed,servo-app/lab-0.1
1781173409.176021,8.126193761825562,A3_ROTATE_ONE_DIR,A3_ROTATE_ONE_DIR_R02_20260611_172320,delta-asda-b3-e,1591,RTSO|SO|OE|VE|QS|TR,3,0,71902053,301,18,0.07686,20,0.04782,307,49,4270,2391,6000,,300,,,,constant_speed,normal,0,no_load,cw,A3: rotate CW low speed,servo-app/lab-0.1
1781173409.2761004,8.22627305984497,A3_ROTATE_ONE_DIR,A3_ROTATE_ONE_DIR_R02_20260611_172320,delta-asda-b3-e,1591,RTSO|SO|OE|VE|QS|TR,3,0,72756339,300,17,0.07259,19,0.045429,306,49,4270,2391,6000,,300,,,,constant_speed,normal,0,no_load,cw,A3: rotate CW low speed,servo-app/lab-0.1
1781173409.3764062,8.326578855514526,A3_ROTATE_ONE_DIR,A3_ROTATE_ONE_DIR_R02_20260611_172320,delta-asda-b3-e,1591,RTSO|SO|OE|VE|QS|TR,3,0,73596100,300,17,0.07259,16,0.038256,306,49,4270,2391,6000,,300,,,,constant_speed,normal,0,no_load,cw,A3: rotate CW low speed,servo-app/lab-0.1
1781173409.4767222,8.426894903182983,A3_ROTATE_ONE_DIR,A3_ROTATE_ONE_DIR_R02_20260611_172320,delta-asda-b3-e,1591,RTSO|SO|OE|VE|QS|TR,3,0,74424701,300,22,0.09394,22,0.052602,306,49,4270,2391,6000,,300,,,,constant_speed,normal,0,no_load,cw,A3: rotate CW low speed,servo-app/lab-0.1
1781173409.5767398,8.526912450790405,A3_ROTATE_ONE_DIR,A3_ROTATE_ONE_DIR_R02_20260611_172320,delta-asda-b3-e,1591,RTSO|SO|OE|VE|QS|TR,3,0,75281716,300,21,0.08967,21,0.050211,305,49,4270,2391,6000,,300,,,,constant_speed,normal,0,no_load,cw,A3: rotate CW low speed,servo-app/lab-0.1
1781173409.677133,8.627305746078491,A3_ROTATE_ONE_DIR,A3_ROTATE_ONE_DIR_R02_20260611_172320,delta-asda-b3-e,1591,RTSO|SO|OE|VE|QS|TR,3,0,76119610,301,20,0.0854,18,0.043038,306,49,4270,2391,6000,,300,,,,constant_speed,normal,0,no_load,cw,A3: rotate CW low speed,servo-app/lab-0.1
1781173409.7775407,8.727713346481323,A3_ROTATE_ONE_DIR,A3_ROTATE_ONE_DIR_R02_20260611_172320,delta-asda-b3-e,1591,RTSO|SO|OE|VE|QS|TR,3,0,76950615,300,17,0.07259,18,0.043038,306,49,4270,2391,6000,,300,,,,constant_speed,normal,0,no_load,cw,A3: rotate CW low speed,servo-app/lab-0.1
1781173409.8777509,8.82792353630066,A3_ROTATE_ONE_DIR,A3_ROTATE_ONE_DIR_R02_20260611_172320,delta-asda-b3-e,1591,RTSO|SO|OE|VE|QS|TR,3,0,77796992,301,22,0.09394,22,0.052602,306,49,4270,2391,6000,,300,,,,constant_speed,normal,0,no_load,cw,A3: rotate CW low speed,servo-app/lab-0.1
1781173409.9778929,8.928065538406372,A3_ROTATE_ONE_DIR,A3_ROTATE_ONE_DIR_R02_20260611_172320,delta-asda-b3-e,1591,RTSO|SO|OE|VE|QS|TR,3,0,78628186,300,20,0.0854,19,0.045429,306,49,4270,2391,6000,,300,,,,constant_speed,normal,0,no_load,cw,A3: rotate CW low speed,servo-app/lab-0.1
1781173410.0781844,9.028357028961182,A3_ROTATE_ONE_DIR,A3_ROTATE_ONE_DIR_R02_20260611_172320,delta-asda-b3-e,1591,RTSO|SO|OE|VE|QS|TR,3,0,79466231,300,19,0.08113,19,0.045429,306,49,4270,2391,6000,,300,,,,constant_speed,normal,0,no_load,cw,A3: rotate CW low speed,servo-app/lab-0.1
1781173410.1782236,9.128396272659302,A3_ROTATE_ONE_DIR,A3_ROTATE_ONE_DIR_R02_20260611_172320,delta-asda-b3-e,1591,RTSO|SO|OE|VE|QS|TR,3,0,80314488,301,17,0.07259,16,0.038256,306,49,4270,2391,6000,,300,,,,constant_speed,normal,0,no_load,cw,A3: rotate CW low speed,servo-app/lab-0.1
1781173410.2782543,9.228426933288574,A3_ROTATE_ONE_DIR,A3_ROTATE_ONE_DIR_R02_20260611_172320,delta-asda-b3-e,1591,RTSO|SO|OE|VE|QS|TR,3,0,81143665,301,19,0.08113,21,0.050211,306,49,4270,2391,6000,,300,,,,constant_speed,normal,0,no_load,cw,A3: rotate CW low speed,servo-app/lab-0.1
1781173410.3787365,9.328909158706665,A3_ROTATE_ONE_DIR,A3_ROTATE_ONE_DIR_R02_20260611_172320,delta-asda-b3-e,1591,RTSO|SO|OE|VE|QS|TR,3,0,81992484,300,18,0.07686,18,0.043038,306,49,4270,2391,6000,,300,,,,constant_speed,normal,0,no_load,cw,A3: rotate CW low speed,servo-app/lab-0.1
1781173410.479221,9.429393768310547,A3_ROTATE_ONE_DIR,A3_ROTATE_ONE_DIR_R02_20260611_172320,delta-asda-b3-e,1591,RTSO|SO|OE|VE|QS|TR,3,0,82829898,300,20,0.0854,19,0.045429,306,49,4270,2391,6000,,300,,,,constant_speed,normal,0,no_load,cw,A3: rotate CW low speed,servo-app/lab-0.1
1781173410.5799026,9.530075311660767,A3_ROTATE_ONE_DIR,A3_ROTATE_ONE_DIR_R02_20260611_172320,delta-asda-b3-e,1591,RTSO|SO|OE|VE|QS|TR,3,0,83686645,300,16,0.06832,17,0.040647,306,49,4270,2391,6000,,300,,,,constant_speed,normal,0,no_load,cw,A3: rotate CW low speed,servo-app/lab-0.1
1781173410.6803858,9.630558490753174,A3_ROTATE_ONE_DIR,A3_ROTATE_ONE_DIR_R02_20260611_172320,delta-asda-b3-e,1591,RTSO|SO|OE|VE|QS|TR,3,0,84533115,301,20,0.0854,19,0.045429,306,49,4270,2391,6000,,300,,,,constant_speed,normal,0,no_load,cw,A3: rotate CW low speed,servo-app/lab-0.1
1781173410.780746,9.730918645858765,A3_ROTATE_ONE_DIR,A3_ROTATE_ONE_DIR_R02_20260611_172320,delta-asda-b3-e,1591,RTSO|SO|OE|VE|QS|TR,3,0,85364585,301,19,0.08113,19,0.045429,306,49,4270,2391,6000,,300,,,,constant_speed,normal,0,no_load,cw,A3: rotate CW low speed,servo-app/lab-0.1
1781173410.8808637,9.83103632926941,A3_ROTATE_ONE_DIR,A3_ROTATE_ONE_DIR_R02_20260611_172320,delta-asda-b3-e,1591,RTSO|SO|OE|VE|QS|TR,3,0,86219247,300,21,0.08967,19,0.045429,306,49,4270,2391,6000,,300,,,,constant_speed,normal,0,no_load,cw,A3: rotate CW low speed,servo-app/lab-0.1
1781173410.9813392,9.931511878967285,A3_ROTATE_ONE_DIR,A3_ROTATE_ONE_DIR_R02_20260611_172320,delta-asda-b3-e,1591,RTSO|SO|OE|VE|QS|TR,3,0,87058431,300,18,0.07686,18,0.043038,306,49,4270,2391,6000,,300,,,,constant_speed,normal,0,no_load,cw,A3: rotate CW low speed,servo-app/lab-0.1
1781173411.081708,10.031880617141724,A3_ROTATE_ONE_DIR,A3_ROTATE_ONE_DIR_R02_20260611_172320,delta-asda-b3-e,1591,RTSO|SO|OE|VE|QS|TR,3,0,87896366,301,21,0.08967,20,0.04782,307,49,4270,2391,6000,,300,,,,constant_speed,normal,0,no_load,cw,A3: rotate CW low speed,servo-app/lab-0.1
1781173411.182195,10.132367610931396,A3_ROTATE_ONE_DIR,A3_ROTATE_ONE_DIR_R02_20260611_172320,delta-asda-b3-e,1591,RTSO|SO|OE|VE|QS|TR,3,0,88736833,301,18,0.07686,18,0.043038,307,49,4270,2391,6000,,300,,,,constant_speed,normal,0,no_load,cw,A3: rotate CW low speed,servo-app/lab-0.1
1781173411.282433,10.232605695724487,A3_ROTATE_ONE_DIR,A3_ROTATE_ONE_DIR_R02_20260611_172320,delta-asda-b3-e,1591,RTSO|SO|OE|VE|QS|TR,3,0,89574461,301,19,0.08113,18,0.043038,307,49,4270,2391,6000,,300,,,,constant_speed,normal,0,no_load,cw,A3: rotate CW low speed,servo-app/lab-0.1
1781173411.3826637,10.332836389541626,A3_ROTATE_ONE_DIR,A3_ROTATE_ONE_DIR_R02_20260611_172320,delta-asda-b3-e,1591,RTSO|SO|OE|VE|QS|TR,3,0,90405971,300,17,0.07259,16,0.038256,307,49,4270,2391,6000,,300,,,,constant_speed,normal,0,no_load,cw,A3: rotate CW low speed,servo-app/lab-0.1
1781173411.4829156,10.433088302612305,A3_ROTATE_ONE_DIR,A3_ROTATE_ONE_DIR_R02_20260611_172320,delta-asda-b3-e,1591,RTSO|SO|OE|VE|QS|TR,3,0,91260031,301,19,0.08113,19,0.045429,306,49,4270,2391,6000,,300,,,,constant_speed,normal,0,no_load,cw,A3: rotate CW low speed,servo-app/lab-0.1
1781173411.5833197,10.53349232673645,A3_ROTATE_ONE_DIR,A3_ROTATE_ONE_DIR_R02_20260611_172320,delta-asda-b3-e,1591,RTSO|SO|OE|VE|QS|TR,3,0,92091875,300,21,0.08967,20,0.04782,306,49,4270,2391,6000,,300,,,,constant_speed,normal,0,no_load,cw,A3: rotate CW low speed,servo-app/lab-0.1
1781173411.6837845,10.633957147598267,A3_ROTATE_ONE_DIR,A3_ROTATE_ONE_DIR_R02_20260611_172320,delta-asda-b3-e,1591,RTSO|SO|OE|VE|QS|TR,3,0,92938332,301,18,0.07686,18,0.043038,306,49,4270,2391,6000,,300,,,,constant_speed,normal,0,no_load,cw,A3: rotate CW low speed,servo-app/lab-0.1
1781173411.7841907,10.734363317489624,A3_ROTATE_ONE_DIR,A3_ROTATE_ONE_DIR_R02_20260611_172320,delta-asda-b3-e,1591,RTSO|SO|OE|VE|QS|TR,3,0,93785967,300,18,0.07686,17,0.040647,307,49,4270,2391,6000,,300,,,,constant_speed,normal,0,no_load,cw,A3: rotate CW low speed,servo-app/lab-0.1
1781173411.8846548,10.834827423095703,A3_ROTATE_ONE_DIR,A3_ROTATE_ONE_DIR_R02_20260611_172320,delta-asda-b3-e,1591,RTSO|SO|OE|VE|QS|TR,3,0,94632398,300,19,0.08113,18,0.043038,307,49,4270,2391,6000,,300,,,,constant_speed,normal,0,no_load,cw,A3: rotate CW low speed,servo-app/lab-0.1
1781173411.9847138,10.934886455535889,A3_ROTATE_ONE_DIR,A3_ROTATE_ONE_DIR_R02_20260611_172320,delta-asda-b3-e,1591,RTSO|SO|OE|VE|QS|TR,3,0,95463583,300,19,0.08113,20,0.04782,307,49,4270,2391,6000,,300,,,,constant_speed,normal,0,no_load,cw,A3: rotate CW low speed,servo-app/lab-0.1
1781173412.084921,11.035093545913696,A3_ROTATE_ONE_DIR,A3_ROTATE_ONE_DIR_R02_20260611_172320,delta-asda-b3-e,1591,RTSO|SO|OE|VE|QS|TR,3,0,96310045,300,19,0.08113,18,0.043038,307,49,4270,2391,6000,,300,,,,constant_speed,normal,0,no_load,cw,A3: rotate CW low speed,servo-app/lab-0.1
1781173412.1853154,11.135488033294678,A3_ROTATE_ONE_DIR,A3_ROTATE_ONE_DIR_R02_20260611_172320,delta-asda-b3-e,1591,RTSO|SO|OE|VE|QS|TR,3,0,97149805,300,17,0.07259,17,0.040647,307,49,4270,2391,6000,,300,,,,constant_speed,normal,0,no_load,cw,A3: rotate CW low speed,servo-app/lab-0.1
1781173412.285788,11.235960721969604,A3_ROTATE_ONE_DIR,A3_ROTATE_ONE_DIR_R02_20260611_172320,delta-asda-b3-e,1591,RTSO|SO|OE|VE|QS|TR,3,0,97995755,300,19,0.08113,19,0.045429,307,49,4270,2391,6000,,300,,,,constant_speed,normal,0,no_load,cw,A3: rotate CW low speed,servo-app/lab-0.1
1781173412.3862782,11.336450815200806,A3_ROTATE_ONE_DIR,A3_ROTATE_ONE_DIR_R02_20260611_172320,delta-asda-b3-e,1591,RTSO|SO|OE|VE|QS|TR,3,0,98844269,300,18,0.07686,19,0.045429,307,49,4270,2391,6000,,300,,,,constant_speed,normal,0,no_load,cw,A3: rotate CW low speed,servo-app/lab-0.1
1781173412.4868338,11.43700647354126,A3_ROTATE_ONE_DIR,A3_ROTATE_ONE_DIR_R02_20260611_172320,delta-asda-b3-e,1591,RTSO|SO|OE|VE|QS|TR,3,0,99690244,300,20,0.0854,19,0.045429,307,49,4270,2391,6000,,300,,,,constant_speed,normal,0,no_load,cw,A3: rotate CW low speed,servo-app/lab-0.1
1781173412.587462,11.53763461112976,A3_ROTATE_ONE_DIR,A3_ROTATE_ONE_DIR_R02_20260611_172320,delta-asda-b3-e,1591,RTSO|SO|OE|VE|QS|TR,3,0,100529846,300,15,0.06405,17,0.040647,307,49,4270,2391,6000,,300,,,,constant_speed,normal,0,no_load,cw,A3: rotate CW low speed,servo-app/lab-0.1
1781173412.6879756,11.638148307800293,A3_ROTATE_ONE_DIR,A3_ROTATE_ONE_DIR_R02_20260611_172320,delta-asda-b3-e,1591,RTSO|SO|OE|VE|QS|TR,3,0,101368154,301,19,0.08113,18,0.043038,307,49,4270,2391,6000,,300,,,,constant_speed,normal,0,no_load,cw,A3: rotate CW low speed,servo-app/lab-0.1
1781173412.7883015,11.738474130630493,A3_ROTATE_ONE_DIR,A3_ROTATE_ONE_DIR_R02_20260611_172320,delta-asda-b3-e,1591,RTSO|SO|OE|VE|QS|TR,3,0,102199413,300,19,0.08113,19,0.045429,307,49,4270,2391,6000,,300,,,,constant_speed,normal,0,no_load,cw,A3: rotate CW low speed,servo-app/lab-0.1
1781173412.888545,11.838717699050903,A3_ROTATE_ONE_DIR,A3_ROTATE_ONE_DIR_R02_20260611_172320,delta-asda-b3-e,1591,RTSO|SO|OE|VE|QS|TR,3,0,103054238,300,19,0.08113,19,0.045429,307,49,4270,2391,6000,,300,,,,constant_speed,normal,0,no_load,cw,A3: rotate CW low speed,servo-app/lab-0.1
1781173412.9886472,11.938819885253906,A3_ROTATE_ONE_DIR,A3_ROTATE_ONE_DIR_R02_20260611_172320,delta-asda-b3-e,1591,RTSO|SO|OE|VE|QS|TR,3,0,103884852,300,17,0.07259,17,0.040647,307,49,4270,2391,6000,,300,,,,constant_speed,normal,0,no_load,cw,A3: rotate CW low speed,servo-app/lab-0.1
1781173413.0893571,12.039529800415039,A3_ROTATE_ONE_DIR,A3_ROTATE_ONE_DIR_R02_20260611_172320,delta-asda-b3-e,1591,RTSO|SO|OE|VE|QS|TR,3,0,104731319,301,17,0.07259,19,0.045429,307,49,4270,2391,6000,,300,,,,constant_speed,normal,0,no_load,cw,A3: rotate CW low speed,servo-app/lab-0.1
1781173413.1898992,12.140071868896484,A3_ROTATE_ONE_DIR,A3_ROTATE_ONE_DIR_R02_20260611_172320,delta-asda-b3-e,1591,RTSO|SO|OE|VE|QS|TR,3,0,105588447,300,19,0.08113,19,0.045429,307,49,4270,2391,6000,,300,,,,constant_speed,normal,0,no_load,cw,A3: rotate CW low speed,servo-app/lab-0.1
1781173413.2904184,12.240591049194336,A3_ROTATE_ONE_DIR,A3_ROTATE_ONE_DIR_R02_20260611_172320,delta-asda-b3-e,1591,RTSO|SO|OE|VE|QS|TR,3,0,106417602,301,20,0.0854,20,0.04782,307,49,4270,2391,6000,,300,,,,constant_speed,normal,0,no_load,cw,A3: rotate CW low speed,servo-app/lab-0.1
1781173413.390941,12.341113567352295,A3_ROTATE_ONE_DIR,A3_ROTATE_ONE_DIR_R02_20260611_172320,delta-asda-b3-e,1591,RTSO|SO|OE|VE|QS|TR,3,0,107257091,300,19,0.08113,18,0.043038,307,49,4270,2391,6000,,300,,,,constant_speed,normal,0,no_load,cw,A3: rotate CW low speed,servo-app/lab-0.1
1781173413.4913135,12.441486120223999,A3_ROTATE_ONE_DIR,A3_ROTATE_ONE_DIR_R02_20260611_172320,delta-asda-b3-e,1591,RTSO|SO|OE|VE|QS|TR,3,0,108103120,301,18,0.07686,18,0.043038,307,49,4270,2391,6000,,300,,,,constant_speed,normal,0,no_load,cw,A3: rotate CW low speed,servo-app/lab-0.1
1781173413.5918305,12.542003154754639,A3_ROTATE_ONE_DIR,A3_ROTATE_ONE_DIR_R02_20260611_172320,delta-asda-b3-e,1591,RTSO|SO|OE|VE|QS|TR,3,0,108943140,300,19,0.08113,19,0.045429,307,49,4270,2391,6000,,300,,,,constant_speed,normal,0,no_load,cw,A3: rotate CW low speed,servo-app/lab-0.1
1781173413.6922185,12.642391204833984,A3_ROTATE_ONE_DIR,A3_ROTATE_ONE_DIR_R02_20260611_172320,delta-asda-b3-e,1591,RTSO|SO|OE|VE|QS|TR,3,0,109798170,301,20,0.0854,19,0.045429,307,49,4270,2391,6000,,300,,,,constant_speed,normal,0,no_load,cw,A3: rotate CW low speed,servo-app/lab-0.1
1781173413.7926633,12.742835998535156,A3_ROTATE_ONE_DIR,A3_ROTATE_ONE_DIR_R02_20260611_172320,delta-asda-b3-e,1591,RTSO|SO|OE|VE|QS|TR,3,0,110620398,300,18,0.07686,18,0.043038,307,49,4270,2391,6000,,300,,,,constant_speed,normal,0,no_load,cw,A3: rotate CW low speed,servo-app/lab-0.1
1781173413.8927445,12.842917203903198,A3_ROTATE_ONE_DIR,A3_ROTATE_ONE_DIR_R02_20260611_172320,delta-asda-b3-e,1591,RTSO|SO|OE|VE|QS|TR,3,0,111483586,300,18,0.07686,19,0.045429,307,49,4270,2391,6000,,300,,,,constant_speed,normal,0,no_load,cw,A3: rotate CW low speed,servo-app/lab-0.1
1781173413.9931326,12.943305253982544,A3_ROTATE_ONE_DIR,A3_ROTATE_ONE_DIR_R02_20260611_172320,delta-asda-b3-e,1591,RTSO|SO|OE|VE|QS|TR,3,0,112306509,300,20,0.0854,21,0.050211,307,49,4270,2391,6000,,300,,,,constant_speed,normal,0,no_load,cw,A3: rotate CW low speed,servo-app/lab-0.1
1781173414.0933537,13.043526411056519,A3_ROTATE_ONE_DIR,A3_ROTATE_ONE_DIR_R02_20260611_172320,delta-asda-b3-e,1591,RTSO|SO|OE|VE|QS|TR,3,0,113153113,300,21,0.08967,19,0.045429,307,49,4270,2391,6000,,300,,,,constant_speed,normal,0,no_load,cw,A3: rotate CW low speed,servo-app/lab-0.1
1781173414.1937292,13.143901824951172,A3_ROTATE_ONE_DIR,A3_ROTATE_ONE_DIR_R02_20260611_172320,delta-asda-b3-e,1591,RTSO|SO|OE|VE|QS|TR,3,0,114001088,300,17,0.07259,16,0.038256,307,49,4270,2391,6000,,300,,,,constant_speed,normal,0,no_load,cw,A3: rotate CW low speed,servo-app/lab-0.1
1781173414.2941194,13.24429202079773,A3_ROTATE_ONE_DIR,A3_ROTATE_ONE_DIR_R02_20260611_172320,delta-asda-b3-e,1591,RTSO|SO|OE|VE|QS|TR,3,0,114838724,300,19,0.08113,18,0.043038,307,49,4270,2391,6000,,300,,,,constant_speed,normal,0,no_load,cw,A3: rotate CW low speed,servo-app/lab-0.1
1781173414.394181,13.344353675842285,A3_ROTATE_ONE_DIR,A3_ROTATE_ONE_DIR_R02_20260611_172320,delta-asda-b3-e,1591,RTSO|SO|OE|VE|QS|TR,3,0,115678741,299,20,0.0854,20,0.04782,307,49,4270,2391,6000,,300,,,,constant_speed,normal,0,no_load,cw,A3: rotate CW low speed,servo-app/lab-0.1
1781173414.494437,13.444609642028809,A3_ROTATE_ONE_DIR,A3_ROTATE_ONE_DIR_R02_20260611_172320,delta-asda-b3-e,1591,RTSO|SO|OE|VE|QS|TR,3,0,116516631,300,20,0.0854,19,0.045429,307,49,4270,2391,6000,,300,,,,constant_speed,normal,0,no_load,cw,A3: rotate CW low speed,servo-app/lab-0.1
1781173414.5949554,13.545128107070923,A3_ROTATE_ONE_DIR,A3_ROTATE_ONE_DIR_R02_20260611_172320,delta-asda-b3-e,1591,RTSO|SO|OE|VE|QS|TR,3,0,117356100,299,17,0.07259,17,0.040647,307,49,4270,2391,6000,,300,,,,constant_speed,normal,0,no_load,cw,A3: rotate CW low speed,servo-app/lab-0.1
1781173414.6954176,13.64559030532837,A3_ROTATE_ONE_DIR,A3_ROTATE_ONE_DIR_R02_20260611_172320,delta-asda-b3-e,1591,RTSO|SO|OE|VE|QS|TR,3,0,118211268,300,15,0.06405,17,0.040647,307,49,4270,2391,6000,,300,,,,constant_speed,normal,0,no_load,cw,A3: rotate CW low speed,servo-app/lab-0.1
1781173414.7959414,13.746114015579224,A3_ROTATE_ONE_DIR,A3_ROTATE_ONE_DIR_R02_20260611_172320,delta-asda-b3-e,1591,RTSO|SO|OE|VE|QS|TR,3,0,119050689,299,17,0.07259,20,0.04782,307,49,4270,2391,6000,,300,,,,constant_speed,normal,0,no_load,cw,A3: rotate CW low speed,servo-app/lab-0.1
1781173414.895972,13.846144676208496,A3_ROTATE_ONE_DIR,A3_ROTATE_ONE_DIR_R02_20260611_172320,delta-asda-b3-e,1591,RTSO|SO|OE|VE|QS|TR,3,0,119897166,300,18,0.07686,19,0.045429,307,49,4270,2391,6000,,300,,,,constant_speed,normal,0,no_load,cw,A3: rotate CW low speed,servo-app/lab-0.1
1781173414.9962165,13.946389198303223,A3_ROTATE_ONE_DIR,A3_ROTATE_ONE_DIR_R02_20260611_172320,delta-asda-b3-e,1591,RTSO|SO|OE|VE|QS|TR,3,0,120727904,300,16,0.06832,16,0.038256,307,49,4270,2391,6000,,300,,,,constant_speed,normal,0,no_load,cw,A3: rotate CW low speed,servo-app/lab-0.1
1781173415.0964043,14.046576976776123,A3_ROTATE_ONE_DIR,A3_ROTATE_ONE_DIR_R02_20260611_172320,delta-asda-b3-e,1591,RTSO|SO|OE|VE|QS|TR,3,0,121557721,300,19,0.08113,17,0.040647,307,49,4270,2391,6000,,300,,,,constant_speed,normal,0,no_load,cw,A3: rotate CW low speed,servo-app/lab-0.1
1781173415.196813,14.14698576927185,A3_ROTATE_ONE_DIR,A3_ROTATE_ONE_DIR_R02_20260611_172320,delta-asda-b3-e,1591,RTSO|SO|OE|VE|QS|TR,3,0,122406224,300,18,0.07686,19,0.045429,307,49,4270,2391,6000,,300,,,,constant_speed,normal,0,no_load,cw,A3: rotate CW low speed,servo-app/lab-0.1
1781173415.2971394,14.247312068939209,A3_ROTATE_ONE_DIR,A3_ROTATE_ONE_DIR_R02_20260611_172320,delta-asda-b3-e,1591,RTSO|SO|OE|VE|QS|TR,3,0,123252217,300,19,0.08113,20,0.04782,307,49,4270,2391,6000,,300,,,,constant_speed,normal,0,no_load,cw,A3: rotate CW low speed,servo-app/lab-0.1
1781173415.3971937,14.347366333007812,A3_ROTATE_ONE_DIR,A3_ROTATE_ONE_DIR_R02_20260611_172320,delta-asda-b3-e,1591,RTSO|SO|OE|VE|QS|TR,3,0,124099909,299,17,0.07259,17,0.040647,307,49,4270,2391,6000,,300,,,,constant_speed,normal,0,no_load,cw,A3: rotate CW low speed,servo-app/lab-0.1
1781173415.4972603,14.44743299484253,A3_ROTATE_ONE_DIR,A3_ROTATE_ONE_DIR_R02_20260611_172320,delta-asda-b3-e,1591,RTSO|SO|OE|VE|QS|TR,3,0,124929526,300,16,0.06832,17,0.040647,307,49,4270,2391,6000,,300,,,,constant_speed,normal,0,no_load,cw,A3: rotate CW low speed,servo-app/lab-0.1
1781173415.597568,14.547740697860718,A3_ROTATE_ONE_DIR,A3_ROTATE_ONE_DIR_R02_20260611_172320,delta-asda-b3-e,1591,RTSO|SO|OE|VE|QS|TR,3,0,125760966,299,18,0.07686,21,0.050211,307,49,4270,2391,6000,,300,,,,constant_speed,normal,0,no_load,cw,A3: rotate CW low speed,servo-app/lab-0.1
1781173415.6980958,14.648268461227417,A3_ROTATE_ONE_DIR,A3_ROTATE_ONE_DIR_R02_20260611_172320,delta-asda-b3-e,1591,RTSO|SO|OE|VE|QS|TR,3,0,126624588,301,19,0.08113,19,0.045429,307,49,4270,2391,6000,,300,,,,constant_speed,normal,0,no_load,cw,A3: rotate CW low speed,servo-app/lab-0.1
1781173415.798342,14.748514652252197,A3_ROTATE_ONE_DIR,A3_ROTATE_ONE_DIR_R02_20260611_172320,delta-asda-b3-e,1591,RTSO|SO|OE|VE|QS|TR,3,0,127463243,300,19,0.08113,19,0.045429,307,49,4270,2391,6000,,300,,,,constant_speed,normal,0,no_load,cw,A3: rotate CW low speed,servo-app/lab-0.1
1781173415.898616,14.848788738250732,A3_ROTATE_ONE_DIR,A3_ROTATE_ONE_DIR_R02_20260611_172320,delta-asda-b3-e,1591,RTSO|SO|OE|VE|QS|TR,3,0,128284683,300,18,0.07686,17,0.040647,307,49,4270,2391,6000,,300,,,,constant_speed,normal,0,no_load,cw,A3: rotate CW low speed,servo-app/lab-0.1
1781173415.9990005,14.949173212051392,A3_ROTATE_ONE_DIR,A3_ROTATE_ONE_DIR_R02_20260611_172320,delta-asda-b3-e,1591,RTSO|SO|OE|VE|QS|TR,3,0,129149619,300,18,0.07686,19,0.045429,307,49,4270,2391,6000,,300,,,,constant_speed,normal,0,no_load,cw,A3: rotate CW low speed,servo-app/lab-0.1
1781173416.099091,15.049263715744019,A3_ROTATE_ONE_DIR,A3_ROTATE_ONE_DIR_R02_20260611_172320,delta-asda-b3-e,1591,RTSO|SO|OE|VE|QS|TR,3,0,129979286,300,20,0.0854,20,0.04782,307,49,4270,2391,6000,,300,,,,constant_speed,normal,0,no_load,cw,A3: rotate CW low speed,servo-app/lab-0.1
1781173416.1996713,15.14984393119812,A3_ROTATE_ONE_DIR,A3_ROTATE_ONE_DIR_R02_20260611_172320,delta-asda-b3-e,1591,RTSO|SO|OE|VE|QS|TR,3,0,130827161,300,17,0.07259,17,0.040647,307,49,4270,2391,6000,,300,,,,constant_speed,normal,0,no_load,cw,A3: rotate CW low speed,servo-app/lab-0.1
1781173416.2998576,15.250030279159546,A3_ROTATE_ONE_DIR,A3_ROTATE_ONE_DIR_R02_20260611_172320,delta-asda-b3-e,1591,RTSO|SO|OE|VE|QS|TR,3,0,131664729,300,18,0.07686,19,0.045429,306,49,4270,2391,6000,,300,,,,constant_speed,normal,0,no_load,cw,A3: rotate CW low speed,servo-app/lab-0.1
1781173416.400227,15.350399732589722,A3_ROTATE_ONE_DIR,A3_ROTATE_ONE_DIR_R02_20260611_172320,delta-asda-b3-e,1591,RTSO|SO|OE|VE|QS|TR,3,0,132504552,300,20,0.0854,19,0.045429,306,49,4270,2391,6000,,300,,,,constant_speed,normal,0,no_load,cw,A3: rotate CW low speed,servo-app/lab-0.1
1781173416.5007339,15.45090651512146,A3_ROTATE_ONE_DIR,A3_ROTATE_ONE_DIR_R02_20260611_172320,delta-asda-b3-e,1591,RTSO|SO|OE|VE|QS|TR,3,0,133342616,301,21,0.08967,21,0.050211,307,49,4270,2391,6000,,300,,,,constant_speed,normal,0,no_load,cw,A3: rotate CW low speed,servo-app/lab-0.1
1781173416.6010962,15.551268815994263,A3_ROTATE_ONE_DIR,A3_ROTATE_ONE_DIR_R02_20260611_172320,delta-asda-b3-e,1591,RTSO|SO|OE|VE|QS|TR,3,0,134198723,300,18,0.07686,18,0.043038,306,49,4270,2391,6000,,300,,,,constant_speed,normal,0,no_load,cw,A3: rotate CW low speed,servo-app/lab-0.1
1781173416.701354,15.651526689529419,A3_ROTATE_ONE_DIR,A3_ROTATE_ONE_DIR_R02_20260611_172320,delta-asda-b3-e,1591,RTSO|SO|OE|VE|QS|TR,3,0,135020542,301,17,0.07259,18,0.043038,307,49,4270,2391,6000,,300,,,,constant_speed,normal,0,no_load,cw,A3: rotate CW low speed,servo-app/lab-0.1
1781173416.8019886,15.752161264419556,A3_ROTATE_ONE_DIR,A3_ROTATE_ONE_DIR_R02_20260611_172320,delta-asda-b3-e,1591,RTSO|SO|OE|VE|QS|TR,3,0,135876656,300,19,0.08113,19,0.045429,307,49,4270,2391,6000,,300,,,,constant_speed,normal,0,no_load,cw,A3: rotate CW low speed,servo-app/lab-0.1
1781173416.9022293,15.852401971817017,A3_ROTATE_ONE_DIR,A3_ROTATE_ONE_DIR_R02_20260611_172320,delta-asda-b3-e,1591,RTSO|SO|OE|VE|QS|TR,3,0,136706592,300,19,0.08113,20,0.04782,306,49,4270,2391,6000,,300,,,,constant_speed,normal,0,no_load,cw,A3: rotate CW low speed,servo-app/lab-0.1
1781173417.0025682,15.952740907669067,A3_ROTATE_ONE_DIR,A3_ROTATE_ONE_DIR_R02_20260611_172320,delta-asda-b3-e,1591,RTSO|SO|OE|VE|QS|TR,3,0,137554220,300,19,0.08113,17,0.040647,306,49,4270,2391,6000,,300,,,,constant_speed,normal,0,no_load,cw,A3: rotate CW low speed,servo-app/lab-0.1
1781173417.1027246,16.052897214889526,A3_ROTATE_ONE_DIR,A3_ROTATE_ONE_DIR_R02_20260611_172320,delta-asda-b3-e,1591,RTSO|SO|OE|VE|QS|TR,3,0,138384146,301,17,0.07259,15,0.035865,306,49,4270,2391,6000,,300,,,,constant_speed,normal,0,no_load,cw,A3: rotate CW low speed,servo-app/lab-0.1
1781173417.2029467,16.153119325637817,A3_ROTATE_ONE_DIR,A3_ROTATE_ONE_DIR_R02_20260611_172320,delta-asda-b3-e,1591,RTSO|SO|OE|VE|QS|TR,3,0,139240898,300,18,0.07686,18,0.043038,306,49,4270,2391,6000,,300,,,,constant_speed,normal,0,no_load,cw,A3: rotate CW low speed,servo-app/lab-0.1
1781173417.303383,16.25355577468872,A3_ROTATE_ONE_DIR,A3_ROTATE_ONE_DIR_R02_20260611_172320,delta-asda-b3-e,1591,RTSO|SO|OE|VE|QS|TR,3,0,140086886,300,20,0.0854,20,0.04782,306,49,4270,2391,6000,,300,,,,constant_speed,normal,0,no_load,cw,A3: rotate CW low speed,servo-app/lab-0.1
1781173417.4034765,16.353649139404297,A3_ROTATE_ONE_DIR,A3_ROTATE_ONE_DIR_R02_20260611_172320,delta-asda-b3-e,1591,RTSO|SO|OE|VE|QS|TR,3,0,140917852,299,17,0.07259,18,0.043038,306,49,4270,2391,6000,,300,,,,constant_speed,normal,0,no_load,cw,A3: rotate CW low speed,servo-app/lab-0.1
1781173417.5038297,16.454002380371094,A3_ROTATE_ONE_DIR,A3_ROTATE_ONE_DIR_R02_20260611_172320,delta-asda-b3-e,1591,RTSO|SO|OE|VE|QS|TR,3,0,141756117,301,15,0.06405,16,0.038256,306,49,4270,2391,6000,,300,,,,constant_speed,normal,0,no_load,cw,A3: rotate CW low speed,servo-app/lab-0.1
1781173417.60386,16.554032564163208,A3_ROTATE_ONE_DIR,A3_ROTATE_ONE_DIR_R02_20260611_172320,delta-asda-b3-e,1591,RTSO|SO|OE|VE|QS|TR,3,0,142612497,300,17,0.07259,19,0.045429,306,49,4270,2391,6000,,300,,,,constant_speed,normal,0,no_load,cw,A3: rotate CW low speed,servo-app/lab-0.1
1781173417.7040389,16.65421152114868,A3_ROTATE_ONE_DIR,A3_ROTATE_ONE_DIR_R02_20260611_172320,delta-asda-b3-e,1591,RTSO|SO|OE|VE|QS|TR,3,0,143450861,300,18,0.07686,18,0.043038,306,49,4270,2391,6000,,300,,,,constant_speed,normal,0,no_load,cw,A3: rotate CW low speed,servo-app/lab-0.1
1781173417.8043048,16.754477500915527,A3_ROTATE_ONE_DIR,A3_ROTATE_ONE_DIR_R02_20260611_172320,delta-asda-b3-e,1591,RTSO|SO|OE|VE|QS|TR,3,0,144272779,299,18,0.07686,18,0.043038,306,49,4270,2391,6000,,300,,,,constant_speed,normal,0,no_load,cw,A3: rotate CW low speed,servo-app/lab-0.1
1781173417.9045482,16.85472083091736,A3_ROTATE_ONE_DIR,A3_ROTATE_ONE_DIR_R02_20260611_172320,delta-asda-b3-e,1591,RTSO|SO|OE|VE|QS|TR,3,0,145119663,300,17,0.07259,18,0.043038,306,49,4270,2391,6000,,300,,,,constant_speed,normal,0,no_load,cw,A3: rotate CW low speed,servo-app/lab-0.1
1781173418.0046303,16.954802989959717,A3_ROTATE_ONE_DIR,A3_ROTATE_ONE_DIR_R02_20260611_172320,delta-asda-b3-e,1591,RTSO|SO|OE|VE|QS|TR,3,0,145959295,300,19,0.08113,18,0.043038,306,49,4270,2391,6000,,300,,,,constant_speed,normal,0,no_load,cw,A3: rotate CW low speed,servo-app/lab-0.1
1781173418.1051357,17.05530834197998,A3_ROTATE_ONE_DIR,A3_ROTATE_ONE_DIR_R02_20260611_172320,delta-asda-b3-e,1591,RTSO|SO|OE|VE|QS|TR,3,0,146797369,300,19,0.08113,20,0.04782,306,49,4270,2391,6000,,300,,,,constant_speed,normal,0,no_load,cw,A3: rotate CW low speed,servo-app/lab-0.1
1781173418.205423,17.155595779418945,A3_ROTATE_ONE_DIR,A3_ROTATE_ONE_DIR_R02_20260611_172320,delta-asda-b3-e,1591,RTSO|SO|OE|VE|QS|TR,3,0,147645280,300,17,0.07259,18,0.043038,306,49,4270,2391,6000,,300,,,,constant_speed,normal,0,no_load,cw,A3: rotate CW low speed,servo-app/lab-0.1
1781173418.3057392,17.255911827087402,A3_ROTATE_ONE_DIR,A3_ROTATE_ONE_DIR_R02_20260611_172320,delta-asda-b3-e,1591,RTSO|SO|OE|VE|QS|TR,3,0,148483009,300,17,0.07259,18,0.043038,306,49,4270,2391,6000,,300,,,,constant_speed,normal,0,no_load,cw,A3: rotate CW low speed,servo-app/lab-0.1
1781173418.405791,17.355963706970215,A3_ROTATE_ONE_DIR,A3_ROTATE_ONE_DIR_R02_20260611_172320,delta-asda-b3-e,1591,RTSO|SO|OE|VE|QS|TR,3,0,149322822,299,18,0.07686,20,0.04782,306,49,4270,2391,6000,,300,,,,constant_speed,normal,0,no_load,cw,A3: rotate CW low speed,servo-app/lab-0.1
1781173418.5061784,17.456351041793823,A3_ROTATE_ONE_DIR,A3_ROTATE_ONE_DIR_R02_20260611_172320,delta-asda-b3-e,1591,RTSO|SO|OE|VE|QS|TR,3,0,150169410,300,17,0.07259,20,0.04782,306,49,4270,2391,6000,,300,,,,constant_speed,normal,0,no_load,cw,A3: rotate CW low speed,servo-app/lab-0.1
1781173418.6064897,17.5566623210907,A3_ROTATE_ONE_DIR,A3_ROTATE_ONE_DIR_R02_20260611_172320,delta-asda-b3-e,1591,RTSO|SO|OE|VE|QS|TR,3,0,151017012,300,18,0.07686,16,0.038256,306,49,4270,2391,6000,,300,,,,constant_speed,normal,0,no_load,cw,A3: rotate CW low speed,servo-app/lab-0.1
1781173418.7068765,17.65704917907715,A3_ROTATE_ONE_DIR,A3_ROTATE_ONE_DIR_R02_20260611_172320,delta-asda-b3-e,1591,RTSO|SO|OE|VE|QS|TR,3,0,151855632,300,16,0.06832,16,0.038256,306,49,4270,2391,6000,,300,,,,constant_speed,normal,0,no_load,cw,A3: rotate CW low speed,servo-app/lab-0.1
1781173418.8072135,17.757386207580566,A3_ROTATE_ONE_DIR,A3_ROTATE_ONE_DIR_R02_20260611_172320,delta-asda-b3-e,1591,RTSO|SO|OE|VE|QS|TR,3,0,152703221,300,18,0.07686,18,0.043038,307,49,4270,2391,6000,,300,,,,constant_speed,normal,0,no_load,cw,A3: rotate CW low speed,servo-app/lab-0.1
1781173418.907286,17.85745859146118,A3_ROTATE_ONE_DIR,A3_ROTATE_ONE_DIR_R02_20260611_172320,delta-asda-b3-e,1591,RTSO|SO|OE|VE|QS|TR,3,0,153532995,300,18,0.07686,19,0.045429,306,49,4270,2391,6000,,300,,,,constant_speed,normal,0,no_load,cw,A3: rotate CW low speed,servo-app/lab-0.1
1781173419.0078835,17.958056211471558,A3_ROTATE_ONE_DIR,A3_ROTATE_ONE_DIR_R02_20260611_172320,delta-asda-b3-e,1591,RTSO|SO|OE|VE|QS|TR,3,0,154372238,300,17,0.07259,17,0.040647,307,49,4270,2391,6000,,300,,,,constant_speed,normal,0,no_load,cw,A3: rotate CW low speed,servo-app/lab-0.1
1781173419.1082954,18.058468103408813,A3_ROTATE_ONE_DIR,A3_ROTATE_ONE_DIR_R02_20260611_172320,delta-asda-b3-e,1591,RTSO|SO|OE|VE|QS|TR,3,0,155218993,301,16,0.06832,15,0.035865,306,49,4270,2391,6000,,300,,,,constant_speed,normal,0,no_load,cw,A3: rotate CW low speed,servo-app/lab-0.1
1781173419.208564,18.15873670578003,A3_ROTATE_ONE_DIR,A3_ROTATE_ONE_DIR_R02_20260611_172320,delta-asda-b3-e,1591,RTSO|SO|OE|VE|QS|TR,3,0,156058779,300,18,0.07686,18,0.043038,306,49,4270,2391,6000,,300,,,,constant_speed,normal,0,no_load,cw,A3: rotate CW low speed,servo-app/lab-0.1
1781173419.3086567,18.258829355239868,A3_ROTATE_ONE_DIR,A3_ROTATE_ONE_DIR_R02_20260611_172320,delta-asda-b3-e,1591,RTSO|SO|OE|VE|QS|TR,3,0,156896410,300,21,0.08967,20,0.04782,306,49,4270,2391,6000,,300,,,,constant_speed,normal,0,no_load,cw,A3: rotate CW low speed,servo-app/lab-0.1
1781173419.408714,18.35888671875,A3_ROTATE_ONE_DIR,A3_ROTATE_ONE_DIR_R02_20260611_172320,delta-asda-b3-e,1591,RTSO|SO|OE|VE|QS|TR,3,0,157735604,300,18,0.07686,17,0.040647,306,49,4270,2391,6000,,300,,,,constant_speed,normal,0,no_load,cw,A3: rotate CW low speed,servo-app/lab-0.1
1781173419.5089366,18.45910930633545,A3_ROTATE_ONE_DIR,A3_ROTATE_ONE_DIR_R02_20260611_172320,delta-asda-b3-e,1591,RTSO|SO|OE|VE|QS|TR,3,0,158574052,301,16,0.06832,15,0.035865,306,49,4270,2391,6000,,300,,,,constant_speed,normal,0,no_load,cw,A3: rotate CW low speed,servo-app/lab-0.1
1781173419.6092613,18.559433937072754,A3_ROTATE_ONE_DIR,A3_ROTATE_ONE_DIR_R02_20260611_172320,delta-asda-b3-e,1591,RTSO|SO|OE|VE|QS|TR,3,0,159413478,300,17,0.07259,18,0.043038,306,49,4270,2391,6000,,300,,,,constant_speed,normal,0,no_load,cw,A3: rotate CW low speed,servo-app/lab-0.1
1781173419.7094572,18.659629821777344,A3_ROTATE_ONE_DIR,A3_ROTATE_ONE_DIR_R02_20260611_172320,delta-asda-b3-e,1591,RTSO|SO|OE|VE|QS|TR,3,0,160260177,301,20,0.0854,20,0.04782,306,49,4270,2391,6000,,300,,,,constant_speed,normal,0,no_load,cw,A3: rotate CW low speed,servo-app/lab-0.1
1781173419.8098927,18.76006531715393,A3_ROTATE_ONE_DIR,A3_ROTATE_ONE_DIR_R02_20260611_172320,delta-asda-b3-e,1591,RTSO|SO|OE|VE|QS|TR,3,0,161115594,300,20,0.0854,21,0.050211,307,49,4270,2391,6000,,300,,,,constant_speed,normal,0,no_load,cw,A3: rotate CW low speed,servo-app/lab-0.1
1781173419.910409,18.860581636428833,A3_ROTATE_ONE_DIR,A3_ROTATE_ONE_DIR_R02_20260611_172320,delta-asda-b3-e,1591,RTSO|SO|OE|VE|QS|TR,3,0,161945817,301,17,0.07259,18,0.043038,307,49,4270,2391,6000,,300,,,,constant_speed,normal,0,no_load,cw,A3: rotate CW low speed,servo-app/lab-0.1
1781173420.010586,18.960758686065674,A3_ROTATE_ONE_DIR,A3_ROTATE_ONE_DIR_R02_20260611_172320,delta-asda-b3-e,1591,RTSO|SO|OE|VE|QS|TR,3,0,162785554,301,17,0.07259,20,0.04782,307,49,4270,2391,6000,,300,,,,constant_speed,normal,0,no_load,cw,A3: rotate CW low speed,servo-app/lab-0.1
1781173420.110641,19.060813665390015,A3_ROTATE_ONE_DIR,A3_ROTATE_ONE_DIR_R02_20260611_172320,delta-asda-b3-e,1591,RTSO|SO|OE|VE|QS|TR,3,0,163623564,301,19,0.08113,21,0.050211,307,49,4270,2391,6000,,300,,,,constant_speed,normal,0,no_load,cw,A3: rotate CW low speed,servo-app/lab-0.1
1781173420.2106843,19.16085696220398,A3_ROTATE_ONE_DIR,A3_ROTATE_ONE_DIR_R02_20260611_172320,delta-asda-b3-e,1591,RTSO|SO|OE|VE|QS|TR,3,0,164471404,300,18,0.07686,18,0.043038,307,49,4270,2391,6000,,300,,,,constant_speed,normal,0,no_load,cw,A3: rotate CW low speed,servo-app/lab-0.1
1781173420.3110404,19.261213064193726,A3_ROTATE_ONE_DIR,A3_ROTATE_ONE_DIR_R02_20260611_172320,delta-asda-b3-e,1591,RTSO|SO|OE|VE|QS|TR,3,0,165300939,301,17,0.07259,17,0.040647,307,49,4270,2391,6000,,300,,,,constant_speed,normal,0,no_load,cw,A3: rotate CW low speed,servo-app/lab-0.1
1781173420.4112167,19.36138939857483,A3_ROTATE_ONE_DIR,A3_ROTATE_ONE_DIR_R02_20260611_172320,delta-asda-b3-e,1591,RTSO|SO|OE|VE|QS|TR,3,0,166157530,300,20,0.0854,19,0.045429,307,49,4270,2391,6000,,300,,,,constant_speed,normal,0,no_load,cw,A3: rotate CW low speed,servo-app/lab-0.1
1781173420.5114508,19.461623430252075,A3_ROTATE_ONE_DIR,A3_ROTATE_ONE_DIR_R02_20260611_172320,delta-asda-b3-e,1591,RTSO|SO|OE|VE|QS|TR,3,0,166987519,301,18,0.07686,20,0.04782,307,49,4270,2391,6000,,300,,,,constant_speed,normal,0,no_load,cw,A3: rotate CW low speed,servo-app/lab-0.1
1781173420.6117907,19.561963319778442,A3_ROTATE_ONE_DIR,A3_ROTATE_ONE_DIR_R02_20260611_172320,delta-asda-b3-e,1591,RTSO|SO|OE|VE|QS|TR,3,0,167826653,300,17,0.07259,17,0.040647,306,49,4270,2391,6000,,300,,,,constant_speed,normal,0,no_load,cw,A3: rotate CW low speed,servo-app/lab-0.1
1781173420.7119868,19.66215944290161,A3_ROTATE_ONE_DIR,A3_ROTATE_ONE_DIR_R02_20260611_172320,delta-asda-b3-e,1591,RTSO|SO|OE|VE|QS|TR,3,0,168682071,301,16,0.06832,16,0.038256,307,49,4270,2391,6000,,300,,,,constant_speed,normal,0,no_load,cw,A3: rotate CW low speed,servo-app/lab-0.1
1781173420.8122659,19.762438535690308,A3_ROTATE_ONE_DIR,A3_ROTATE_ONE_DIR_R02_20260611_172320,delta-asda-b3-e,1591,RTSO|SO|OE|VE|QS|TR,3,0,169521126,300,19,0.08113,19,0.045429,307,49,4270,2391,6000,,300,,,,constant_speed,normal,0,no_load,cw,A3: rotate CW low speed,servo-app/lab-0.1
1781173420.9126563,19.862828969955444,A3_ROTATE_ONE_DIR,A3_ROTATE_ONE_DIR_R02_20260611_172320,delta-asda-b3-e,1591,RTSO|SO|OE|VE|QS|TR,3,0,170342679,300,18,0.07686,20,0.04782,307,49,4270,2391,6000,,300,,,,constant_speed,normal,0,no_load,cw,A3: rotate CW low speed,servo-app/lab-0.1
1781173421.0127048,19.96287751197815,A3_ROTATE_ONE_DIR,A3_ROTATE_ONE_DIR_R02_20260611_172320,delta-asda-b3-e,1591,RTSO|SO|OE|VE|QS|TR,3,0,171190372,300,18,0.07686,17,0.040647,307,49,4270,2391,6000,,300,,,,constant_speed,normal,0,no_load,cw,A3: rotate CW low speed,servo-app/lab-0.1
1781173421.1128132,20.06298589706421,A3_ROTATE_ONE_DIR,A3_ROTATE_ONE_DIR_R02_20260611_172320,delta-asda-b3-e,1591,RTSO|SO|OE|VE|QS|TR,3,0,172028681,301,16,0.06832,16,0.038256,307,49,4270,2391,6000,,300,,,,constant_speed,normal,0,no_load,cw,A3: rotate CW low speed,servo-app/lab-0.1
1781173421.2135994,20.163772106170654,A3_ROTATE_ONE_DIR,A3_ROTATE_ONE_DIR_R02_20260611_172320,delta-asda-b3-e,1591,RTSO|SO|OE|VE|QS|TR,3,0,172876743,300,19,0.08113,17,0.040647,307,49,4270,2391,6000,,300,,,,constant_speed,normal,0,no_load,cw,A3: rotate CW low speed,servo-app/lab-0.1
1781173421.314023,20.264195680618286,A3_ROTATE_ONE_DIR,A3_ROTATE_ONE_DIR_R02_20260611_172320,delta-asda-b3-e,1591,RTSO|SO|OE|VE|QS|TR,3,0,173731199,300,20,0.0854,21,0.050211,307,49,4270,2391,6000,,300,,,,constant_speed,normal,0,no_load,cw,A3: rotate CW low speed,servo-app/lab-0.1
1781173421.4142482,20.364420890808105,A3_ROTATE_ONE_DIR,A3_ROTATE_ONE_DIR_R02_20260611_172320,delta-asda-b3-e,1591,RTSO|SO|OE|VE|QS|TR,3,0,174561932,299,19,0.08113,20,0.04782,307,49,4270,2391,6000,,300,,,,constant_speed,normal,0,no_load,cw,A3: rotate CW low speed,servo-app/lab-0.1
1781173421.5147388,20.464911460876465,A3_ROTATE_ONE_DIR,A3_ROTATE_ONE_DIR_R02_20260611_172320,delta-asda-b3-e,1591,RTSO|SO|OE|VE|QS|TR,3,0,175400731,301,16,0.06832,16,0.038256,307,49,4270,2391,6000,,300,,,,constant_speed,normal,0,no_load,cw,A3: rotate CW low speed,servo-app/lab-0.1
1781173421.6152184,20.565391063690186,A3_ROTATE_ONE_DIR,A3_ROTATE_ONE_DIR_R02_20260611_172320,delta-asda-b3-e,1591,RTSO|SO|OE|VE|QS|TR,3,0,176256649,300,19,0.08113,21,0.050211,307,49,4270,2391,6000,,300,,,,constant_speed,normal,0,no_load,cw,A3: rotate CW low speed,servo-app/lab-0.1
1781173421.7156096,20.66578221321106,A3_ROTATE_ONE_DIR,A3_ROTATE_ONE_DIR_R02_20260611_172320,delta-asda-b3-e,1591,RTSO|SO|OE|VE|QS|TR,3,0,177086663,300,20,0.0854,20,0.04782,307,49,4270,2391,6000,,300,,,,constant_speed,normal,0,no_load,cw,A3: rotate CW low speed,servo-app/lab-0.1
1781173421.81606,20.76623272895813,A3_ROTATE_ONE_DIR,A3_ROTATE_ONE_DIR_R02_20260611_172320,delta-asda-b3-e,1591,RTSO|SO|OE|VE|QS|TR,3,0,177933530,299,19,0.08113,21,0.050211,307,49,4270,2391,6000,,300,,,,constant_speed,normal,0,no_load,cw,A3: rotate CW low speed,servo-app/lab-0.1
1781173421.9164293,20.866601943969727,A3_ROTATE_ONE_DIR,A3_ROTATE_ONE_DIR_R02_20260611_172320,delta-asda-b3-e,1591,RTSO|SO|OE|VE|QS|TR,3,0,178780713,300,17,0.07259,16,0.038256,307,49,4270,2391,6000,,300,,,,constant_speed,normal,0,no_load,cw,A3: rotate CW low speed,servo-app/lab-0.1
1781173422.0168338,20.96700644493103,A3_ROTATE_ONE_DIR,A3_ROTATE_ONE_DIR_R02_20260611_172320,delta-asda-b3-e,1591,RTSO|SO|OE|VE|QS|TR,3,0,179611931,300,18,0.07686,19,0.045429,307,49,4270,2391,6000,,300,,,,constant_speed,normal,0,no_load,cw,A3: rotate CW low speed,servo-app/lab-0.1
1781173422.1168647,21.067037343978882,A3_ROTATE_ONE_DIR,A3_ROTATE_ONE_DIR_R02_20260611_172320,delta-asda-b3-e,1591,RTSO|SO|OE|VE|QS|TR,3,0,180441563,300,21,0.08967,20,0.04782,307,49,4270,2391,6000,,300,,,,constant_speed,normal,0,no_load,cw,A3: rotate CW low speed,servo-app/lab-0.1
1781173422.2174926,21.167665243148804,A3_ROTATE_ONE_DIR,A3_ROTATE_ONE_DIR_R02_20260611_172320,delta-asda-b3-e,1591,RTSO|SO|OE|VE|QS|TR,3,0,181305923,299,20,0.0854,18,0.043038,307,49,4270,2391,6000,,300,,,,constant_speed,normal,0,no_load,cw,A3: rotate CW low speed,servo-app/lab-0.1
1781173422.3178978,21.268070459365845,A3_ROTATE_ONE_DIR,A3_ROTATE_ONE_DIR_R02_20260611_172320,delta-asda-b3-e,1591,RTSO|SO|OE|VE|QS|TR,3,0,182135749,300,16,0.06832,16,0.038256,307,49,4270,2391,6000,,300,,,,constant_speed,normal,0,no_load,cw,A3: rotate CW low speed,servo-app/lab-0.1
1781173422.418355,21.36852765083313,A3_ROTATE_ONE_DIR,A3_ROTATE_ONE_DIR_R02_20260611_172320,delta-asda-b3-e,1591,RTSO|SO|OE|VE|QS|TR,3,0,182983764,300,19,0.08113,19,0.045429,307,49,4270,2391,6000,,300,,,,constant_speed,normal,0,no_load,cw,A3: rotate CW low speed,servo-app/lab-0.1
1781173422.5185008,21.46867346763611,A3_ROTATE_ONE_DIR,A3_ROTATE_ONE_DIR_R02_20260611_172320,delta-asda-b3-e,1591,RTSO|SO|OE|VE|QS|TR,3,0,183830824,301,20,0.0854,20,0.04782,307,49,4270,2391,6000,,300,,,,constant_speed,normal,0,no_load,cw,A3: rotate CW low speed,servo-app/lab-0.1
1781173422.618741,21.56891369819641,A3_ROTATE_ONE_DIR,A3_ROTATE_ONE_DIR_R02_20260611_172320,delta-asda-b3-e,1591,RTSO|SO|OE|VE|QS|TR,3,0,184661131,300,20,0.0854,18,0.043038,308,49,4270,2391,6000,,300,,,,constant_speed,normal,0,no_load,cw,A3: rotate CW low speed,servo-app/lab-0.1
1781173422.7191784,21.66935110092163,A3_ROTATE_ONE_DIR,A3_ROTATE_ONE_DIR_R02_20260611_172320,delta-asda-b3-e,1591,RTSO|SO|OE|VE|QS|TR,3,0,185508425,301,17,0.07259,17,0.040647,307,49,4270,2391,6000,,300,,,,constant_speed,normal,0,no_load,cw,A3: rotate CW low speed,servo-app/lab-0.1
1781173422.8195498,21.76972246170044,A3_ROTATE_ONE_DIR,A3_ROTATE_ONE_DIR_R02_20260611_172320,delta-asda-b3-e,1591,RTSO|SO|OE|VE|QS|TR,3,0,186347370,300,18,0.07686,20,0.04782,307,49,4270,2391,6000,,300,,,,constant_speed,normal,0,no_load,cw,A3: rotate CW low speed,servo-app/lab-0.1
1781173422.9196115,21.869784116744995,A3_ROTATE_ONE_DIR,A3_ROTATE_ONE_DIR_R02_20260611_172320,delta-asda-b3-e,1591,RTSO|SO|OE|VE|QS|TR,3,0,187194254,300,20,0.0854,20,0.04782,308,49,4270,2391,6000,,300,,,,constant_speed,normal,0,no_load,cw,A3: rotate CW low speed,servo-app/lab-0.1
1781173423.019867,21.97003960609436,A3_ROTATE_ONE_DIR,A3_ROTATE_ONE_DIR_R02_20260611_172320,delta-asda-b3-e,1591,RTSO|SO|OE|VE|QS|TR,3,0,188024961,300,19,0.08113,20,0.04782,307,49,4270,2391,6000,,300,,,,constant_speed,normal,0,no_load,cw,A3: rotate CW low speed,servo-app/lab-0.1
1781173423.1203072,22.07047986984253,A3_ROTATE_ONE_DIR,A3_ROTATE_ONE_DIR_R02_20260611_172320,delta-asda-b3-e,1591,RTSO|SO|OE|VE|QS|TR,3,0,188863407,301,15,0.06405,16,0.038256,307,49,4270,2391,6000,,300,,,,constant_speed,normal,0,no_load,cw,A3: rotate CW low speed,servo-app/lab-0.1
1781173423.220835,22.17100763320923,A3_ROTATE_ONE_DIR,A3_ROTATE_ONE_DIR_R02_20260611_172320,delta-asda-b3-e,1591,RTSO|SO|OE|VE|QS|TR,3,0,189711218,300,20,0.0854,19,0.045429,307,49,4270,2391,6000,,300,,,,constant_speed,normal,0,no_load,cw,A3: rotate CW low speed,servo-app/lab-0.1
1781173423.3211,22.271272659301758,A3_ROTATE_ONE_DIR,A3_ROTATE_ONE_DIR_R02_20260611_172320,delta-asda-b3-e,1591,RTSO|SO|OE|VE|QS|TR,3,0,190565971,300,20,0.0854,22,0.052602,307,49,4270,2391,6000,,300,,,,constant_speed,normal,0,no_load,cw,A3: rotate CW low speed,servo-app/lab-0.1
1781173423.4214458,22.371618509292603,A3_ROTATE_ONE_DIR,A3_ROTATE_ONE_DIR_R02_20260611_172320,delta-asda-b3-e,1591,RTSO|SO|OE|VE|QS|TR,3,0,191388083,300,22,0.09394,20,0.04782,307,49,4270,2391,6000,,300,,,,constant_speed,normal,0,no_load,cw,A3: rotate CW low speed,servo-app/lab-0.1
1781173423.5219922,22.47216486930847,A3_ROTATE_ONE_DIR,A3_ROTATE_ONE_DIR_R02_20260611_172320,delta-asda-b3-e,1591,RTSO|SO|OE|VE|QS|TR,3,0,192235526,301,16,0.06832,16,0.038256,307,49,4270,2391,6000,,300,,,,constant_speed,normal,0,no_load,cw,A3: rotate CW low speed,servo-app/lab-0.1
1781173423.622209,22.572381734848022,A3_ROTATE_ONE_DIR,A3_ROTATE_ONE_DIR_R02_20260611_172320,delta-asda-b3-e,1591,RTSO|SO|OE|VE|QS|TR,3,0,193090991,299,20,0.0854,21,0.050211,307,49,4270,2391,6000,,300,,,,constant_speed,normal,0,no_load,cw,A3: rotate CW low speed,servo-app/lab-0.1
1781173423.7224896,22.672662258148193,A3_ROTATE_ONE_DIR,A3_ROTATE_ONE_DIR_R02_20260611_172320,delta-asda-b3-e,1591,RTSO|SO|OE|VE|QS|TR,3,0,193912957,300,22,0.09394,21,0.050211,307,49,4270,2391,6000,,300,,,,constant_speed,normal,0,no_load,cw,A3: rotate CW low speed,servo-app/lab-0.1
1781173423.8230188,22.773191452026367,A3_ROTATE_ONE_DIR,A3_ROTATE_ONE_DIR_R02_20260611_172320,delta-asda-b3-e,1591,RTSO|SO|OE|VE|QS|TR,3,0,194767947,299,22,0.09394,22,0.052602,307,49,4270,2391,6000,,300,,,,constant_speed,normal,0,no_load,cw,A3: rotate CW low speed,servo-app/lab-0.1
1781173423.9232566,22.87342929840088,A3_ROTATE_ONE_DIR,A3_ROTATE_ONE_DIR_R02_20260611_172320,delta-asda-b3-e,1591,RTSO|SO|OE|VE|QS|TR,3,0,195598638,300,17,0.07259,18,0.043038,307,49,4270,2391,6000,,300,,,,constant_speed,normal,0,no_load,cw,A3: rotate CW low speed,servo-app/lab-0.1
1781173424.0237436,22.97391629219055,A3_ROTATE_ONE_DIR,A3_ROTATE_ONE_DIR_R02_20260611_172320,delta-asda-b3-e,1591,RTSO|SO|OE|VE|QS|TR,3,0,196454827,300,19,0.08113,19,0.045429,307,49,4270,2391,6000,,300,,,,constant_speed,normal,0,no_load,cw,A3: rotate CW low speed,servo-app/lab-0.1
1781173424.1239252,23.074097871780396,A3_ROTATE_ONE_DIR,A3_ROTATE_ONE_DIR_R02_20260611_172320,delta-asda-b3-e,1591,RTSO|SO|OE|VE|QS|TR,3,0,197284590,300,22,0.09394,21,0.050211,307,49,4270,2391,6000,,300,,,,constant_speed,normal,0,no_load,cw,A3: rotate CW low speed,servo-app/lab-0.1
1781173424.2241566,23.17432928085327,A3_ROTATE_ONE_DIR,A3_ROTATE_ONE_DIR_R02_20260611_172320,delta-asda-b3-e,1591,RTSO|SO|OE|VE|QS|TR,3,0,198131950,299,22,0.09394,22,0.052602,307,49,4270,2391,6000,,300,,,,constant_speed,normal,0,no_load,cw,A3: rotate CW low speed,servo-app/lab-0.1
1781173424.3243606,23.27453327178955,A3_ROTATE_ONE_DIR,A3_ROTATE_ONE_DIR_R02_20260611_172320,delta-asda-b3-e,1591,RTSO|SO|OE|VE|QS|TR,3,0,198962107,300,17,0.07259,17,0.040647,307,49,4270,2391,6000,,300,,,,constant_speed,normal,0,no_load,cw,A3: rotate CW low speed,servo-app/lab-0.1
1781173424.4248915,23.37506413459778,A3_ROTATE_ONE_DIR,A3_ROTATE_ONE_DIR_R02_20260611_172320,delta-asda-b3-e,1591,RTSO|SO|OE|VE|QS|TR,3,0,199801501,299,19,0.08113,19,0.045429,307,49,4270,2391,6000,,300,,,,constant_speed,normal,0,no_load,cw,A3: rotate CW low speed,servo-app/lab-0.1
1781173424.525381,23.47555375099182,A3_ROTATE_ONE_DIR,A3_ROTATE_ONE_DIR_R02_20260611_172320,delta-asda-b3-e,1591,RTSO|SO|OE|VE|QS|TR,3,0,200648678,300,20,0.0854,21,0.050211,307,49,4270,2391,6000,,300,,,,constant_speed,normal,0,no_load,cw,A3: rotate CW low speed,servo-app/lab-0.1
1781173424.6255653,23.575737953186035,A3_ROTATE_ONE_DIR,A3_ROTATE_ONE_DIR_R02_20260611_172320,delta-asda-b3-e,1591,RTSO|SO|OE|VE|QS|TR,3,0,201495470,299,21,0.08967,21,0.050211,306,49,4270,2391,6000,,300,,,,constant_speed,normal,0,no_load,cw,A3: rotate CW low speed,servo-app/lab-0.1
1781173424.7260034,23.676176071166992,A3_ROTATE_ONE_DIR,A3_ROTATE_ONE_DIR_R02_20260611_172320,delta-asda-b3-e,1591,RTSO|SO|OE|VE|QS|TR,3,0,202334529,300,17,0.07259,18,0.043038,307,49,4270,2391,6000,,300,,,,constant_speed,normal,0,no_load,cw,A3: rotate CW low speed,servo-app/lab-0.1
1781173424.8261168,23.776289463043213,A3_ROTATE_ONE_DIR,A3_ROTATE_ONE_DIR_R02_20260611_172320,delta-asda-b3-e,1591,RTSO|SO|OE|VE|QS|TR,3,0,203190053,299,17,0.07259,16,0.038256,307,49,4270,2391,6000,,300,,,,constant_speed,normal,0,no_load,cw,A3: rotate CW low speed,servo-app/lab-0.1
1781173424.9263234,23.876496076583862,A3_ROTATE_ONE_DIR,A3_ROTATE_ONE_DIR_R02_20260611_172320,delta-asda-b3-e,1591,RTSO|SO|OE|VE|QS|TR,3,0,204012010,300,20,0.0854,21,0.050211,307,49,4270,2391,6000,,300,,,,constant_speed,normal,0,no_load,cw,A3: rotate CW low speed,servo-app/lab-0.1
1781173425.0264685,23.976641178131104,A3_ROTATE_ONE_DIR,A3_ROTATE_ONE_DIR_R02_20260611_172320,delta-asda-b3-e,1591,RTSO|SO|OE|VE|QS|TR,3,0,204859360,299,21,0.08967,21,0.050211,307,49,4270,2391,6000,,300,,,,constant_speed,normal,0,no_load,cw,A3: rotate CW low speed,servo-app/lab-0.1
1781173425.1267316,24.076904296875,A3_ROTATE_ONE_DIR,A3_ROTATE_ONE_DIR_R02_20260611_172320,delta-asda-b3-e,1591,RTSO|SO|OE|VE|QS|TR,3,0,205697953,300,15,0.06405,17,0.040647,306,49,4270,2391,6000,,300,,,,constant_speed,normal,0,no_load,cw,A3: rotate CW low speed,servo-app/lab-0.1
1781173425.227073,24.177245616912842,A3_ROTATE_ONE_DIR,A3_ROTATE_ONE_DIR_R02_20260611_172320,delta-asda-b3-e,1591,RTSO|SO|OE|VE|QS|TR,3,0,206545428,299,18,0.07686,18,0.043038,306,49,4270,2391,6000,,300,,,,constant_speed,normal,0,no_load,cw,A3: rotate CW low speed,servo-app/lab-0.1
1781173425.3274434,24.277616024017334,A3_ROTATE_ONE_DIR,A3_ROTATE_ONE_DIR_R02_20260611_172320,delta-asda-b3-e,1591,RTSO|SO|OE|VE|QS|TR,3,0,207383874,300,18,0.07686,20,0.04782,306,49,4270,2391,6000,,300,,,,constant_speed,normal,0,no_load,cw,A3: rotate CW low speed,servo-app/lab-0.1
1781173425.427742,24.377914667129517,A3_ROTATE_ONE_DIR,A3_ROTATE_ONE_DIR_R02_20260611_172320,delta-asda-b3-e,1591,RTSO|SO|OE|VE|QS|TR,3,0,208214123,299,21,0.08967,22,0.052602,307,49,4270,2391,6000,,300,,,,constant_speed,normal,0,no_load,cw,A3: rotate CW low speed,servo-app/lab-0.1
1781173425.5281398,24.478312492370605,A3_ROTATE_ONE_DIR,A3_ROTATE_ONE_DIR_R02_20260611_172320,delta-asda-b3-e,1591,RTSO|SO|OE|VE|QS|TR,3,0,209070268,301,16,0.06832,15,0.035865,307,49,4270,2391,6000,,300,,,,constant_speed,normal,0,no_load,cw,A3: rotate CW low speed,servo-app/lab-0.1
1781173425.6283016,24.578474283218384,A3_ROTATE_ONE_DIR,A3_ROTATE_ONE_DIR_R02_20260611_172320,delta-asda-b3-e,1591,RTSO|SO|OE|VE|QS|TR,3,0,209900370,299,19,0.08113,18,0.043038,306,49,4270,2391,6000,,300,,,,constant_speed,normal,0,no_load,cw,A3: rotate CW low speed,servo-app/lab-0.1
1781173425.728823,24.678995609283447,A3_ROTATE_ONE_DIR,A3_ROTATE_ONE_DIR_R02_20260611_172320,delta-asda-b3-e,1591,RTSO|SO|OE|VE|QS|TR,3,0,210747597,300,20,0.0854,19,0.045429,306,49,4270,2391,6000,,300,,,,constant_speed,normal,0,no_load,cw,A3: rotate CW low speed,servo-app/lab-0.1
1781173425.8288758,24.779048442840576,A3_ROTATE_ONE_DIR,A3_ROTATE_ONE_DIR_R02_20260611_172320,delta-asda-b3-e,1591,RTSO|SO|OE|VE|QS|TR,3,0,211577453,299,22,0.09394,20,0.04782,307,49,4270,2391,6000,,300,,,,constant_speed,normal,0,no_load,cw,A3: rotate CW low speed,servo-app/lab-0.1
1781173425.929216,24.879388570785522,A3_ROTATE_ONE_DIR,A3_ROTATE_ONE_DIR_R02_20260611_172320,delta-asda-b3-e,1591,RTSO|SO|OE|VE|QS|TR,3,0,212441944,300,16,0.06832,15,0.035865,307,49,4270,2391,6000,,300,,,,constant_speed,normal,0,no_load,cw,A3: rotate CW low speed,servo-app/lab-0.1
1781173426.0293727,24.97954535484314,A3_ROTATE_ONE_DIR,A3_ROTATE_ONE_DIR_R02_20260611_172320,delta-asda-b3-e,1591,RTSO|SO|OE|VE|QS|TR,3,0,213272792,299,18,0.07686,17,0.040647,307,49,4270,2391,6000,,300,,,,constant_speed,normal,0,no_load,cw,A3: rotate CW low speed,servo-app/lab-0.1
1781173426.1294572,25.07962989807129,A3_ROTATE_ONE_DIR,A3_ROTATE_ONE_DIR_R02_20260611_172320,delta-asda-b3-e,1591,RTSO|SO|OE|VE|QS|TR,3,0,214119350,300,21,0.08967,21,0.050211,306,49,4270,2391,6000,,300,,,,constant_speed,normal,0,no_load,cw,A3: rotate CW low speed,servo-app/lab-0.1
1781173426.229868,25.18004059791565,A3_ROTATE_ONE_DIR,A3_ROTATE_ONE_DIR_R02_20260611_172320,delta-asda-b3-e,1591,RTSO|SO|OE|VE|QS|TR,3,0,214949750,299,21,0.08967,22,0.052602,306,49,4270,2391,6000,,300,,,,constant_speed,normal,0,no_load,cw,A3: rotate CW low speed,servo-app/lab-0.1
1781173426.3299,25.280072689056396,A3_ROTATE_ONE_DIR,A3_ROTATE_ONE_DIR_R02_20260611_172320,delta-asda-b3-e,1591,RTSO|SO|OE|VE|QS|TR,3,0,215788538,301,16,0.06832,16,0.038256,307,49,4270,2391,6000,,300,,,,constant_speed,normal,0,no_load,cw,A3: rotate CW low speed,servo-app/lab-0.1
1781173426.4300702,25.380242824554443,A3_ROTATE_ONE_DIR,A3_ROTATE_ONE_DIR_R02_20260611_172320,delta-asda-b3-e,1591,RTSO|SO|OE|VE|QS|TR,3,0,216627627,299,19,0.08113,17,0.040647,306,49,4270,2391,6000,,300,,,,constant_speed,normal,0,no_load,cw,A3: rotate CW low speed,servo-app/lab-0.1
1781173426.530361,25.480533599853516,A3_ROTATE_ONE_DIR,A3_ROTATE_ONE_DIR_R02_20260611_172320,delta-asda-b3-e,1591,RTSO|SO|OE|VE|QS|TR,3,0,217474983,300,19,0.08113,20,0.04782,306,49,4270,2391,6000,,300,,,,constant_speed,normal,0,no_load,cw,A3: rotate CW low speed,servo-app/lab-0.1
1781173426.6305535,25.580726146697998,A3_ROTATE_ONE_DIR,A3_ROTATE_ONE_DIR_R02_20260611_172320,delta-asda-b3-e,1591,RTSO|SO|OE|VE|QS|TR,3,0,218313124,299,21,0.08967,21,0.050211,306,49,4270,2391,6000,,300,,,,constant_speed,normal,0,no_load,cw,A3: rotate CW low speed,servo-app/lab-0.1
1781173426.7308152,25.68098783493042,A3_ROTATE_ONE_DIR,A3_ROTATE_ONE_DIR_R02_20260611_172320,delta-asda-b3-e,1591,RTSO|SO|OE|VE|QS|TR,3,0,219152355,300,18,0.07686,18,0.043038,306,49,4270,2391,6000,,300,,,,constant_speed,normal,0,no_load,cw,A3: rotate CW low speed,servo-app/lab-0.1
1781173426.831014,25.78118658065796,A3_ROTATE_ONE_DIR,A3_ROTATE_ONE_DIR_R02_20260611_172320,delta-asda-b3-e,1591,RTSO|SO|OE|VE|QS|TR,3,0,219999427,299,18,0.07686,18,0.043038,307,49,4270,2391,6000,,300,,,,constant_speed,normal,0,no_load,cw,A3: rotate CW low speed,servo-app/lab-0.1
1781173426.9314153,25.881587982177734,A3_ROTATE_ONE_DIR,A3_ROTATE_ONE_DIR_R02_20260611_172320,delta-asda-b3-e,1591,RTSO|SO|OE|VE|QS|TR,3,0,220838290,300,19,0.08113,20,0.04782,307,49,4270,2391,6000,,300,,,,constant_speed,normal,0,no_load,cw,A3: rotate CW low speed,servo-app/lab-0.1
1781173427.0317955,25.98196816444397,A3_ROTATE_ONE_DIR,A3_ROTATE_ONE_DIR_R02_20260611_172320,delta-asda-b3-e,1591,RTSO|SO|OE|VE|QS|TR,3,0,221677009,299,21,0.08967,22,0.052602,306,49,4270,2391,6000,,300,,,,constant_speed,normal,0,no_load,cw,A3: rotate CW low speed,servo-app/lab-0.1
1781173427.1320608,26.082233428955078,A3_ROTATE_ONE_DIR,A3_ROTATE_ONE_DIR_R02_20260611_172320,delta-asda-b3-e,1591,RTSO|SO|OE|VE|QS|TR,3,0,222515793,300,17,0.07259,16,0.038256,307,49,4270,2391,6000,,300,,,,constant_speed,normal,0,no_load,cw,A3: rotate CW low speed,servo-app/lab-0.1
1781173427.232541,26.182713747024536,A3_ROTATE_ONE_DIR,A3_ROTATE_ONE_DIR_R02_20260611_172320,delta-asda-b3-e,1591,RTSO|SO|OE|VE|QS|TR,3,0,223354739,298,18,0.07686,20,0.04782,307,49,4270,2391,6000,,300,,,,constant_speed,normal,0,no_load,cw,A3: rotate CW low speed,servo-app/lab-0.1
1781173427.3328495,26.283022165298462,A3_ROTATE_ONE_DIR,A3_ROTATE_ONE_DIR_R02_20260611_172320,delta-asda-b3-e,1591,RTSO|SO|OE|VE|QS|TR,3,0,224201774,300,19,0.08113,19,0.045429,306,49,4270,2391,6000,,300,,,,constant_speed,normal,0,no_load,cw,A3: rotate CW low speed,servo-app/lab-0.1
1781173427.4331315,26.383304119110107,A3_ROTATE_ONE_DIR,A3_ROTATE_ONE_DIR_R02_20260611_172320,delta-asda-b3-e,1591,RTSO|SO|OE|VE|QS|TR,3,0,225040189,299,22,0.09394,22,0.052602,307,49,4270,2391,6000,,300,,,,constant_speed,normal,0,no_load,cw,A3: rotate CW low speed,servo-app/lab-0.1
1781173427.5334632,26.483635902404785,A3_ROTATE_ONE_DIR,A3_ROTATE_ONE_DIR_R02_20260611_172320,delta-asda-b3-e,1591,RTSO|SO|OE|VE|QS|TR,3,0,225879785,300,16,0.06832,16,0.038256,306,49,4270,2391,6000,,300,,,,constant_speed,normal,0,no_load,cw,A3: rotate CW low speed,servo-app/lab-0.1
1781173427.6338897,26.584062337875366,A3_ROTATE_ONE_DIR,A3_ROTATE_ONE_DIR_R02_20260611_172320,delta-asda-b3-e,1591,RTSO|SO|OE|VE|QS|TR,3,0,226718048,299,19,0.08113,20,0.04782,307,49,4270,2391,6000,,300,,,,constant_speed,normal,0,no_load,cw,A3: rotate CW low speed,servo-app/lab-0.1
1781173427.7340765,26.68424916267395,A3_ROTATE_ONE_DIR,A3_ROTATE_ONE_DIR_R02_20260611_172320,delta-asda-b3-e,1591,RTSO|SO|OE|VE|QS|TR,3,0,227582115,300,20,0.0854,18,0.043038,307,49,4270,2391,6000,,300,,,,constant_speed,normal,0,no_load,cw,A3: rotate CW low speed,servo-app/lab-0.1
1781173427.8346305,26.78480315208435,A3_ROTATE_ONE_DIR,A3_ROTATE_ONE_DIR_R02_20260611_172320,delta-asda-b3-e,1591,RTSO|SO|OE|VE|QS|TR,3,0,228411933,299,20,0.0854,21,0.050211,307,49,4270,2391,6000,,300,,,,constant_speed,normal,0,no_load,cw,A3: rotate CW low speed,servo-app/lab-0.1
1781173427.9348893,26.885061979293823,A3_ROTATE_ONE_DIR,A3_ROTATE_ONE_DIR_R02_20260611_172320,delta-asda-b3-e,1591,RTSO|SO|OE|VE|QS|TR,3,0,229259699,300,16,0.06832,17,0.040647,306,49,4270,2391,6000,,300,,,,constant_speed,normal,0,no_load,cw,A3: rotate CW low speed,servo-app/lab-0.1
1781173428.035294,26.985466718673706,A3_ROTATE_ONE_DIR,A3_ROTATE_ONE_DIR_R02_20260611_172320,delta-asda-b3-e,1591,RTSO|SO|OE|VE|QS|TR,3,0,230098709,299,17,0.07259,18,0.043038,306,49,4270,2391,6000,,300,,,,constant_speed,normal,0,no_load,cw,A3: rotate CW low speed,servo-app/lab-0.1
1781173428.1356597,27.085832357406616,A3_ROTATE_ONE_DIR,A3_ROTATE_ONE_DIR_R02_20260611_172320,delta-asda-b3-e,1591,RTSO|SO|OE|VE|QS|TR,3,0,230937129,300,20,0.0854,20,0.04782,307,49,4270,2391,6000,,300,,,,constant_speed,normal,0,no_load,cw,A3: rotate CW low speed,servo-app/lab-0.1
1781173428.2359552,27.18612790107727,A3_ROTATE_ONE_DIR,A3_ROTATE_ONE_DIR_R02_20260611_172320,delta-asda-b3-e,1591,RTSO|SO|OE|VE|QS|TR,3,0,231783954,298,22,0.09394,20,0.04782,306,49,4270,2391,6000,,300,,,,constant_speed,normal,0,no_load,cw,A3: rotate CW low speed,servo-app/lab-0.1
1781173428.3362186,27.286391258239746,A3_ROTATE_ONE_DIR,A3_ROTATE_ONE_DIR_R02_20260611_172320,delta-asda-b3-e,1591,RTSO|SO|OE|VE|QS|TR,3,0,232631746,301,15,0.06405,16,0.038256,306,49,4270,2391,6000,,300,,,,constant_speed,normal,0,no_load,cw,A3: rotate CW low speed,servo-app/lab-0.1
1781173428.4367316,27.38690423965454,A3_ROTATE_ONE_DIR,A3_ROTATE_ONE_DIR_R02_20260611_172320,delta-asda-b3-e,1591,RTSO|SO|OE|VE|QS|TR,3,0,233470463,299,18,0.07686,18,0.043038,306,49,4270,2391,6000,,300,,,,constant_speed,normal,0,no_load,cw,A3: rotate CW low speed,servo-app/lab-0.1
1781173428.5372121,27.487384796142578,A3_ROTATE_ONE_DIR,A3_ROTATE_ONE_DIR_R02_20260611_172320,delta-asda-b3-e,1591,RTSO|SO|OE|VE|QS|TR,3,0,234318192,301,18,0.07686,18,0.043038,306,49,4270,2391,6000,,300,,,,constant_speed,normal,0,no_load,cw,A3: rotate CW low speed,servo-app/lab-0.1
1781173428.6376987,27.587871313095093,A3_ROTATE_ONE_DIR,A3_ROTATE_ONE_DIR_R02_20260611_172320,delta-asda-b3-e,1591,RTSO|SO|OE|VE|QS|TR,3,0,235147521,299,21,0.08967,20,0.04782,307,49,4270,2391,6000,,300,,,,constant_speed,normal,0,no_load,cw,A3: rotate CW low speed,servo-app/lab-0.1
1781173428.7379894,27.688162088394165,A3_ROTATE_ONE_DIR,A3_ROTATE_ONE_DIR_R02_20260611_172320,delta-asda-b3-e,1591,RTSO|SO|OE|VE|QS|TR,3,0,235987141,300,16,0.06832,16,0.038256,307,49,4270,2391,6000,,300,,,,constant_speed,normal,0,no_load,cw,A3: rotate CW low speed,servo-app/lab-0.1
1781173428.8381646,27.788337230682373,A3_ROTATE_ONE_DIR,A3_ROTATE_ONE_DIR_R02_20260611_172320,delta-asda-b3-e,1591,RTSO|SO|OE|VE|QS|TR,3,0,236834179,300,16,0.06832,17,0.040647,307,49,4270,2391,6000,,300,,,,constant_speed,normal,0,no_load,cw,A3: rotate CW low speed,servo-app/lab-0.1
1781173428.9382734,27.88844609260559,A3_ROTATE_ONE_DIR,A3_ROTATE_ONE_DIR_R02_20260611_172320,delta-asda-b3-e,1591,RTSO|SO|OE|VE|QS|TR,3,0,237673229,301,18,0.07686,18,0.043038,307,49,4270,2391,6000,,300,,,,constant_speed,normal,0,no_load,cw,A3: rotate CW low speed,servo-app/lab-0.1
1781173429.0390074,27.989180088043213,A3_ROTATE_ONE_DIR,A3_ROTATE_ONE_DIR_R02_20260611_172320,delta-asda-b3-e,1591,RTSO|SO|OE|VE|QS|TR,3,0,238519994,299,22,0.09394,21,0.050211,307,49,4270,2391,6000,,300,,,,constant_speed,normal,0,no_load,cw,A3: rotate CW low speed,servo-app/lab-0.1
1781173429.139521,28.089693546295166,A3_ROTATE_ONE_DIR,A3_ROTATE_ONE_DIR_R02_20260611_172320,delta-asda-b3-e,1591,RTSO|SO|OE|VE|QS|TR,3,0,239350673,301,15,0.06405,16,0.038256,307,49,4270,2391,6000,,300,,,,constant_speed,normal,0,no_load,cw,A3: rotate CW low speed,servo-app/lab-0.1
1781173429.2396145,28.18978714942932,A3_ROTATE_ONE_DIR,A3_ROTATE_ONE_DIR_R02_20260611_172320,delta-asda-b3-e,1591,RTSO|SO|OE|VE|QS|TR,3,0,240197650,299,18,0.07686,19,0.045429,307,49,4270,2391,6000,,300,,,,constant_speed,normal,0,no_load,cw,A3: rotate CW low speed,servo-app/lab-0.1
1781173429.339936,28.290108680725098,A3_ROTATE_ONE_DIR,A3_ROTATE_ONE_DIR_R02_20260611_172320,delta-asda-b3-e,1591,RTSO|SO|OE|VE|QS|TR,3,0,241036827,301,18,0.07686,19,0.045429,307,49,4270,2391,6000,,300,,,,constant_speed,normal,0,no_load,cw,A3: rotate CW low speed,servo-app/lab-0.1
1781173429.4403942,28.3905668258667,A3_ROTATE_ONE_DIR,A3_ROTATE_ONE_DIR_R02_20260611_172320,delta-asda-b3-e,1591,RTSO|SO|OE|VE|QS|TR,3,0,241883157,299,22,0.09394,22,0.052602,307,49,4270,2391,6000,,300,,,,constant_speed,normal,0,no_load,cw,A3: rotate CW low speed,servo-app/lab-0.1
1781173429.5405743,28.49074697494507,A3_ROTATE_ONE_DIR,A3_ROTATE_ONE_DIR_R02_20260611_172320,delta-asda-b3-e,1591,RTSO|SO|OE|VE|QS|TR,3,0,242723071,301,16,0.06832,16,0.038256,307,49,4270,2391,6000,,300,,,,constant_speed,normal,0,no_load,cw,A3: rotate CW low speed,servo-app/lab-0.1
1781173429.6408882,28.591060876846313,A3_ROTATE_ONE_DIR,A3_ROTATE_ONE_DIR_R02_20260611_172320,delta-asda-b3-e,1591,RTSO|SO|OE|VE|QS|TR,3,0,243560947,299,18,0.07686,19,0.045429,306,49,4270,2391,6000,,300,,,,constant_speed,normal,0,no_load,cw,A3: rotate CW low speed,servo-app/lab-0.1
1781173429.7409801,28.691152811050415,A3_ROTATE_ONE_DIR,A3_ROTATE_ONE_DIR_R02_20260611_172320,delta-asda-b3-e,1591,RTSO|SO|OE|VE|QS|TR,3,0,244391798,300,19,0.08113,19,0.045429,307,49,4270,2391,6000,,300,,,,constant_speed,normal,0,no_load,cw,A3: rotate CW low speed,servo-app/lab-0.1
1781173429.8412504,28.791423082351685,A3_ROTATE_ONE_DIR,A3_ROTATE_ONE_DIR_R02_20260611_172320,delta-asda-b3-e,1591,RTSO|SO|OE|VE|QS|TR,3,0,245246576,299,23,0.09821,22,0.052602,307,49,4270,2391,6000,,300,,,,constant_speed,normal,0,no_load,cw,A3: rotate CW low speed,servo-app/lab-0.1
1781173429.9413476,28.891520261764526,A3_ROTATE_ONE_DIR,A3_ROTATE_ONE_DIR_R02_20260611_172320,delta-asda-b3-e,1591,RTSO|SO|OE|VE|QS|TR,3,0,246086195,301,17,0.07259,16,0.038256,307,49,4270,2391,6000,,300,,,,constant_speed,normal,0,no_load,cw,A3: rotate CW low speed,servo-app/lab-0.1
1781173430.0419667,28.99213933944702,A3_ROTATE_ONE_DIR,A3_ROTATE_ONE_DIR_R02_20260611_172320,delta-asda-b3-e,1591,RTSO|SO|OE|VE|QS|TR,3,0,246924851,299,18,0.07686,16,0.038256,307,49,4270,2391,6000,,300,,,,constant_speed,normal,0,no_load,cw,A3: rotate CW low speed,servo-app/lab-0.1
1781173430.1424155,29.092588186264038,A3_ROTATE_ONE_DIR,A3_ROTATE_ONE_DIR_R02_20260611_172320,delta-asda-b3-e,1591,RTSO|SO|OE|VE|QS|TR,3,0,247763500,300,20,0.0854,19,0.045429,307,49,4270,2391,6000,,300,,,,constant_speed,normal,0,no_load,cw,A3: rotate CW low speed,servo-app/lab-0.1
1781173430.2425518,29.192724466323853,A3_ROTATE_ONE_DIR,A3_ROTATE_ONE_DIR_R02_20260611_172320,delta-asda-b3-e,1591,RTSO|SO|OE|VE|QS|TR,3,0,248618366,299,24,0.10248,23,0.054993,307,49,4270,2391,6000,,300,,,,constant_speed,normal,0,no_load,cw,A3: rotate CW low speed,servo-app/lab-0.1
1781173430.343015,29.293187618255615,A3_ROTATE_ONE_DIR,A3_ROTATE_ONE_DIR_R02_20260611_172320,delta-asda-b3-e,1591,RTSO|SO|OE|VE|QS|TR,3,0,249458246,301,16,0.06832,17,0.040647,306,49,4270,2391,6000,,300,,,,constant_speed,normal,0,no_load,cw,A3: rotate CW low speed,servo-app/lab-0.1
1781173430.443284,29.39345669746399,A3_ROTATE_ONE_DIR,A3_ROTATE_ONE_DIR_R02_20260611_172320,delta-asda-b3-e,1591,RTSO|SO|OE|VE|QS|TR,3,0,250304971,299,18,0.07686,19,0.045429,306,49,4270,2391,6000,,300,,,,constant_speed,normal,0,no_load,cw,A3: rotate CW low speed,servo-app/lab-0.1
1781173430.5436084,29.493781089782715,A3_ROTATE_ONE_DIR,A3_ROTATE_ONE_DIR_R02_20260611_172320,delta-asda-b3-e,1591,RTSO|SO|OE|VE|QS|TR,3,0,251144512,300,17,0.07259,19,0.045429,306,49,4270,2391,6000,,300,,,,constant_speed,normal,0,no_load,cw,A3: rotate CW low speed,servo-app/lab-0.1
1781173430.6437225,29.593895196914673,A3_ROTATE_ONE_DIR,A3_ROTATE_ONE_DIR_R02_20260611_172320,delta-asda-b3-e,1591,RTSO|SO|OE|VE|QS|TR,3,0,251973639,299,22,0.09394,22,0.052602,307,49,4270,2391,6000,,300,,,,constant_speed,normal,0,no_load,cw,A3: rotate CW low speed,servo-app/lab-0.1
1781173430.7445018,29.694674491882324,A3_ROTATE_ONE_DIR,A3_ROTATE_ONE_DIR_R02_20260611_172320,delta-asda-b3-e,1591,RTSO|SO|OE|VE|QS|TR,3,0,252821930,300,15,0.06405,17,0.040647,307,49,4270,2391,6000,,300,,,,constant_speed,normal,0,no_load,cw,A3: rotate CW low speed,servo-app/lab-0.1
1781173430.8450196,29.7951922416687,A3_ROTATE_ONE_DIR,A3_ROTATE_ONE_DIR_R02_20260611_172320,delta-asda-b3-e,1591,RTSO|SO|OE|VE|QS|TR,3,0,253668799,300,17,0.07259,16,0.038256,307,49,4270,2391,6000,,300,,,,constant_speed,normal,0,no_load,cw,A3: rotate CW low speed,servo-app/lab-0.1
1781173430.945371,29.895543575286865,A3_ROTATE_ONE_DIR,A3_ROTATE_ONE_DIR_R02_20260611_172320,delta-asda-b3-e,1591,RTSO|SO|OE|VE|QS|TR,3,0,254499614,301,18,0.07686,19,0.045429,307,49,4270,2391,6000,,300,,,,constant_speed,normal,0,no_load,cw,A3: rotate CW low speed,servo-app/lab-0.1
1781173431.0461004,29.996273040771484,A3_ROTATE_ONE_DIR,A3_ROTATE_ONE_DIR_R02_20260611_172320,delta-asda-b3-e,1591,RTSO|SO|OE|VE|QS|TR,3,0,255354354,299,21,0.08967,21,0.050211,307,49,4270,2391,6000,,300,,,,constant_speed,normal,0,no_load,cw,A3: rotate CW low speed,servo-app/lab-0.1
1781173431.1466427,30.09681534767151,A3_ROTATE_ONE_DIR,A3_ROTATE_ONE_DIR_R02_20260611_172320,delta-asda-b3-e,1591,RTSO|SO|OE|VE|QS|TR,3,0,256202333,301,18,0.07686,16,0.038256,307,49,4270,2391,6000,,300,,,,constant_speed,normal,0,no_load,cw,A3: rotate CW low speed,servo-app/lab-0.1
1781173431.2468312,30.197003841400146,A3_ROTATE_ONE_DIR,A3_ROTATE_ONE_DIR_R02_20260611_172320,delta-asda-b3-e,1591,RTSO|SO|OE|VE|QS|TR,3,0,257031996,299,18,0.07686,17,0.040647,307,49,4270,2391,6000,,300,,,,constant_speed,normal,0,no_load,cw,A3: rotate CW low speed,servo-app/lab-0.1
1781173431.3470953,30.29726791381836,A3_ROTATE_ONE_DIR,A3_ROTATE_ONE_DIR_R02_20260611_172320,delta-asda-b3-e,1591,RTSO|SO|OE|VE|QS|TR,3,0,257880212,301,17,0.07259,16,0.038256,307,49,4270,2391,6000,,300,,,,constant_speed,normal,0,no_load,cw,A3: rotate CW low speed,servo-app/lab-0.1
1781173431.4471757,30.397348403930664,A3_ROTATE_ONE_DIR,A3_ROTATE_ONE_DIR_R02_20260611_172320,delta-asda-b3-e,1591,RTSO|SO|OE|VE|QS|TR,3,0,258717679,299,24,0.10248,21,0.050211,307,49,4270,2391,6000,,300,,,,constant_speed,normal,0,no_load,cw,A3: rotate CW low speed,servo-app/lab-0.1
1781173431.5472414,30.497414112091064,A3_ROTATE_ONE_DIR,A3_ROTATE_ONE_DIR_R02_20260611_172320,delta-asda-b3-e,1591,RTSO|SO|OE|VE|QS|TR,3,0,259557930,301,17,0.07259,16,0.038256,307,49,4270,2391,6000,,300,,,,constant_speed,normal,0,no_load,cw,A3: rotate CW low speed,servo-app/lab-0.1
1781173431.647933,30.598105669021606,A3_ROTATE_ONE_DIR,A3_ROTATE_ONE_DIR_R02_20260611_172320,delta-asda-b3-e,1591,RTSO|SO|OE|VE|QS|TR,3,0,260403912,299,18,0.07686,19,0.045429,307,49,4270,2391,6000,,300,,,,constant_speed,normal,0,no_load,cw,A3: rotate CW low speed,servo-app/lab-0.1
1781173431.7479975,30.69817018508911,A3_ROTATE_ONE_DIR,A3_ROTATE_ONE_DIR_R02_20260611_172320,delta-asda-b3-e,1591,RTSO|SO|OE|VE|QS|TR,3,0,261243500,301,18,0.07686,18,0.043038,307,49,4270,2391,6000,,300,,,,constant_speed,normal,0,no_load,cw,A3: rotate CW low speed,servo-app/lab-0.1
1781173431.8484957,30.798668384552002,A3_ROTATE_ONE_DIR,A3_ROTATE_ONE_DIR_R02_20260611_172320,delta-asda-b3-e,1591,RTSO|SO|OE|VE|QS|TR,3,0,262072952,300,21,0.08967,22,0.052602,307,49,4270,2391,6000,,300,,,,constant_speed,normal,0,no_load,cw,A3: rotate CW low speed,servo-app/lab-0.1
1781173431.9485679,30.898740530014038,A3_ROTATE_ONE_DIR,A3_ROTATE_ONE_DIR_R02_20260611_172320,delta-asda-b3-e,1591,RTSO|SO|OE|VE|QS|TR,3,0,262921246,301,17,0.07259,16,0.038256,307,49,4270,2391,6000,,300,,,,constant_speed,normal,0,no_load,cw,A3: rotate CW low speed,servo-app/lab-0.1
1781173432.0487401,30.998912811279297,A3_ROTATE_ONE_DIR,A3_ROTATE_ONE_DIR_R02_20260611_172320,delta-asda-b3-e,1591,RTSO|SO|OE|VE|QS|TR,3,0,263751105,299,18,0.07686,18,0.043038,307,49,4270,2391,6000,,300,,,,constant_speed,normal,0,no_load,cw,A3: rotate CW low speed,servo-app/lab-0.1
1781173432.1488361,31.099008798599243,A3_ROTATE_ONE_DIR,A3_ROTATE_ONE_DIR_R02_20260611_172320,delta-asda-b3-e,1591,RTSO|SO|OE|VE|QS|TR,3,0,264589985,301,20,0.0854,17,0.040647,307,49,4270,2391,6000,,300,,,,constant_speed,normal,0,no_load,cw,A3: rotate CW low speed,servo-app/lab-0.1
1781173432.249122,31.199294567108154,A3_ROTATE_ONE_DIR,A3_ROTATE_ONE_DIR_R02_20260611_172320,delta-asda-b3-e,1591,RTSO|SO|OE|VE|QS|TR,3,0,265453069,299,25,0.10675,23,0.054993,307,49,4270,2391,6000,,300,,,,constant_speed,normal,0,no_load,cw,A3: rotate CW low speed,servo-app/lab-0.1
1781173432.3492854,31.299458026885986,A3_ROTATE_ONE_DIR,A3_ROTATE_ONE_DIR_R02_20260611_172320,delta-asda-b3-e,1591,RTSO|SO|OE|VE|QS|TR,3,0,266293418,302,17,0.07259,16,0.038256,307,49,4270,2391,6000,,300,,,,constant_speed,normal,0,no_load,cw,A3: rotate CW low speed,servo-app/lab-0.1
1781173432.449469,31.399641752243042,A3_ROTATE_ONE_DIR,A3_ROTATE_ONE_DIR_R02_20260611_172320,delta-asda-b3-e,1591,RTSO|SO|OE|VE|QS|TR,3,0,267114486,300,19,0.08113,17,0.040647,307,49,4270,2391,6000,,300,,,,constant_speed,normal,0,no_load,cw,A3: rotate CW low speed,servo-app/lab-0.1
1781173432.549701,31.499873638153076,A3_ROTATE_ONE_DIR,A3_ROTATE_ONE_DIR_R02_20260611_172320,delta-asda-b3-e,1591,RTSO|SO|OE|VE|QS|TR,3,0,267962533,301,18,0.07686,18,0.043038,307,49,4270,2391,6000,,300,,,,constant_speed,normal,0,no_load,cw,A3: rotate CW low speed,servo-app/lab-0.1
1781173432.6498044,31.599977016448975,A3_ROTATE_ONE_DIR,A3_ROTATE_ONE_DIR_R02_20260611_172320,delta-asda-b3-e,1591,RTSO|SO|OE|VE|QS|TR,3,0,268799835,299,23,0.09821,23,0.054993,307,49,4270,2391,6000,,300,,,,constant_speed,normal,0,no_load,cw,A3: rotate CW low speed,servo-app/lab-0.1
1781173432.7500288,31.700201511383057,A3_ROTATE_ONE_DIR,A3_ROTATE_ONE_DIR_R02_20260611_172320,delta-asda-b3-e,1591,RTSO|SO|OE|VE|QS|TR,3,0,269631545,301,18,0.07686,17,0.040647,307,49,4270,2391,6000,,300,,,,constant_speed,normal,0,no_load,cw,A3: rotate CW low speed,servo-app/lab-0.1
1781173432.850405,31.800577640533447,A3_ROTATE_ONE_DIR,A3_ROTATE_ONE_DIR_R02_20260611_172320,delta-asda-b3-e,1591,RTSO|SO|OE|VE|QS|TR,3,0,270478331,300,16,0.06832,17,0.040647,307,49,4270,2391,6000,,300,,,,constant_speed,normal,0,no_load,cw,A3: rotate CW low speed,servo-app/lab-0.1
1781173432.9508607,31.901033401489258,A3_ROTATE_ONE_DIR,A3_ROTATE_ONE_DIR_R02_20260611_172320,delta-asda-b3-e,1591,RTSO|SO|OE|VE|QS|TR,3,0,271317673,301,17,0.07259,18,0.043038,307,49,4270,2391,6000,,300,,,,constant_speed,normal,0,no_load,cw,A3: rotate CW low speed,servo-app/lab-0.1
1781173433.051212,32.00138473510742,A3_ROTATE_ONE_DIR,A3_ROTATE_ONE_DIR_R02_20260611_172320,delta-asda-b3-e,1591,RTSO|SO|OE|VE|QS|TR,3,0,272163829,299,24,0.10248,24,0.057384,307,49,4270,2391,6000,,300,,,,constant_speed,normal,0,no_load,cw,A3: rotate CW low speed,servo-app/lab-0.1
1781173433.1515868,32.10175943374634,A3_ROTATE_ONE_DIR,A3_ROTATE_ONE_DIR_R02_20260611_172320,delta-asda-b3-e,1591,RTSO|SO|OE|VE|QS|TR,3,0,273003530,301,17,0.07259,17,0.040647,307,49,4270,2391,6000,,300,,,,constant_speed,normal,0,no_load,cw,A3: rotate CW low speed,servo-app/lab-0.1
1781173433.2517302,32.201902866363525,A3_ROTATE_ONE_DIR,A3_ROTATE_ONE_DIR_R02_20260611_172320,delta-asda-b3-e,1591,RTSO|SO|OE|VE|QS|TR,3,0,273858164,299,20,0.0854,20,0.04782,307,49,4270,2391,6000,,300,,,,constant_speed,normal,0,no_load,cw,A3: rotate CW low speed,servo-app/lab-0.1
1781173433.3521047,32.30227732658386,A3_ROTATE_ONE_DIR,A3_ROTATE_ONE_DIR_R02_20260611_172320,delta-asda-b3-e,1591,RTSO|SO|OE|VE|QS|TR,3,0,274706544,301,17,0.07259,18,0.043038,307,49,4270,2391,6000,,300,,,,constant_speed,normal,0,no_load,cw,A3: rotate CW low speed,servo-app/lab-0.1
1781173433.4525702,32.402742862701416,A3_ROTATE_ONE_DIR,A3_ROTATE_ONE_DIR_R02_20260611_172320,delta-asda-b3-e,1591,RTSO|SO|OE|VE|QS|TR,3,0,275551975,299,24,0.10248,23,0.054993,307,49,4270,2391,6000,,300,,,,constant_speed,normal,0,no_load,cw,A3: rotate CW low speed,servo-app/lab-0.1
1781173433.5528464,32.50301909446716,A3_ROTATE_ONE_DIR,A3_ROTATE_ONE_DIR_R02_20260611_172320,delta-asda-b3-e,1591,RTSO|SO|OE|VE|QS|TR,3,0,276367362,301,18,0.07686,17,0.040647,307,49,4270,2391,6000,,300,,,,constant_speed,normal,0,no_load,cw,A3: rotate CW low speed,servo-app/lab-0.1
1781173433.653411,32.603583574295044,A3_ROTATE_ONE_DIR,A3_ROTATE_ONE_DIR_R02_20260611_172320,delta-asda-b3-e,1591,RTSO|SO|OE|VE|QS|TR,3,0,277221359,299,20,0.0854,19,0.045429,307,49,4270,2391,6000,,300,,,,constant_speed,normal,0,no_load,cw,A3: rotate CW low speed,servo-app/lab-0.1
1781173433.7536838,32.703856468200684,A3_ROTATE_ONE_DIR,A3_ROTATE_ONE_DIR_R02_20260611_172320,delta-asda-b3-e,1591,RTSO|SO|OE|VE|QS|TR,3,0,278061119,300,18,0.07686,19,0.045429,307,49,4270,2391,6000,,300,,,,constant_speed,normal,0,no_load,cw,A3: rotate CW low speed,servo-app/lab-0.1
1781173433.8537943,32.803966999053955,A3_ROTATE_ONE_DIR,A3_ROTATE_ONE_DIR_R02_20260611_172320,delta-asda-b3-e,1591,RTSO|SO|OE|VE|QS|TR,3,0,278907259,299,23,0.09821,23,0.054993,307,49,4270,2391,6000,,300,,,,constant_speed,normal,0,no_load,cw,A3: rotate CW low speed,servo-app/lab-0.1
1781173433.954158,32.90433073043823,A3_ROTATE_ONE_DIR,A3_ROTATE_ONE_DIR_R02_20260611_172320,delta-asda-b3-e,1591,RTSO|SO|OE|VE|QS|TR,3,0,279738893,301,18,0.07686,20,0.04782,306,49,4270,2391,6000,,300,,,,constant_speed,normal,0,no_load,cw,A3: rotate CW low speed,servo-app/lab-0.1
1781173434.0543532,33.004525899887085,A3_ROTATE_ONE_DIR,A3_ROTATE_ONE_DIR_R02_20260611_172320,delta-asda-b3-e,1591,RTSO|SO|OE|VE|QS|TR,3,0,280585303,299,17,0.07259,19,0.045429,307,49,4270,2391,6000,,300,,,,constant_speed,normal,0,no_load,cw,A3: rotate CW low speed,servo-app/lab-0.1
1781173434.154641,33.10481357574463,A3_ROTATE_ONE_DIR,A3_ROTATE_ONE_DIR_R02_20260611_172320,delta-asda-b3-e,1591,RTSO|SO|OE|VE|QS|TR,3,0,281424547,300,18,0.07686,20,0.04782,307,49,4270,2391,6000,,300,,,,constant_speed,normal,0,no_load,cw,A3: rotate CW low speed,servo-app/lab-0.1
1781173434.2550747,33.20524740219116,A3_ROTATE_ONE_DIR,A3_ROTATE_ONE_DIR_R02_20260611_172320,delta-asda-b3-e,1591,RTSO|SO|OE|VE|QS|TR,3,0,282262285,299,23,0.09821,24,0.057384,306,49,4270,2391,6000,,300,,,,constant_speed,normal,0,no_load,cw,A3: rotate CW low speed,servo-app/lab-0.1
1781173434.3555233,33.3056960105896,A3_ROTATE_ONE_DIR,A3_ROTATE_ONE_DIR_R02_20260611_172320,delta-asda-b3-e,1591,RTSO|SO|OE|VE|QS|TR,3,0,283102928,301,15,0.06405,17,0.040647,306,49,4270,2391,6000,,300,,,,constant_speed,normal,0,no_load,cw,A3: rotate CW low speed,servo-app/lab-0.1
1781173434.4559193,33.406091928482056,A3_ROTATE_ONE_DIR,A3_ROTATE_ONE_DIR_R02_20260611_172320,delta-asda-b3-e,1591,RTSO|SO|OE|VE|QS|TR,3,0,283965629,299,21,0.08967,20,0.04782,307,49,4270,2391,6000,,300,,,,constant_speed,normal,0,no_load,cw,A3: rotate CW low speed,servo-app/lab-0.1
1781173434.5564528,33.50662541389465,A3_ROTATE_ONE_DIR,A3_ROTATE_ONE_DIR_R02_20260611_172320,delta-asda-b3-e,1591,RTSO|SO|OE|VE|QS|TR,3,0,284805668,300,18,0.07686,19,0.045429,307,49,4270,2391,6000,,300,,,,constant_speed,normal,0,no_load,cw,A3: rotate CW low speed,servo-app/lab-0.1
1781173434.6571577,33.607330322265625,A3_ROTATE_ONE_DIR,A3_ROTATE_ONE_DIR_R02_20260611_172320,delta-asda-b3-e,1591,RTSO|SO|OE|VE|QS|TR,3,0,285651216,300,22,0.09394,22,0.052602,307,49,4270,2391,6000,,300,,,,constant_speed,normal,0,no_load,cw,A3: rotate CW low speed,servo-app/lab-0.1
1781173434.7575674,33.70774006843567,A3_ROTATE_ONE_DIR,A3_ROTATE_ONE_DIR_R02_20260611_172320,delta-asda-b3-e,1591,RTSO|SO|OE|VE|QS|TR,3,0,286483345,301,19,0.08113,17,0.040647,307,49,4270,2391,6000,,300,,,,constant_speed,normal,0,no_load,cw,A3: rotate CW low speed,servo-app/lab-0.1
1781173434.8575888,33.807761430740356,A3_ROTATE_ONE_DIR,A3_ROTATE_ONE_DIR_R02_20260611_172320,delta-asda-b3-e,1591,RTSO|SO|OE|VE|QS|TR,3,0,287329771,300,18,0.07686,19,0.045429,307,49,4270,2391,6000,,300,,,,constant_speed,normal,0,no_load,cw,A3: rotate CW low speed,servo-app/lab-0.1
1781173434.957646,33.90781855583191,A3_ROTATE_ONE_DIR,A3_ROTATE_ONE_DIR_R02_20260611_172320,delta-asda-b3-e,1591,RTSO|SO|OE|VE|QS|TR,3,0,288169253,300,18,0.07686,19,0.045429,307,49,4270,2391,6000,,300,,,,constant_speed,normal,0,no_load,cw,A3: rotate CW low speed,servo-app/lab-0.1
1781173435.058057,34.00822973251343,A3_ROTATE_ONE_DIR,A3_ROTATE_ONE_DIR_R02_20260611_172320,delta-asda-b3-e,1591,RTSO|SO|OE|VE|QS|TR,3,0,288989899,299,23,0.09821,21,0.050211,307,49,4270,2391,6000,,300,,,,constant_speed,normal,0,no_load,cw,A3: rotate CW low speed,servo-app/lab-0.1
1781173435.1584597,34.1086323261261,A3_ROTATE_ONE_DIR,A3_ROTATE_ONE_DIR_R02_20260611_172320,delta-asda-b3-e,1591,RTSO|SO|OE|VE|QS|TR,3,0,289855169,301,18,0.07686,18,0.043038,306,49,4270,2391,6000,,300,,,,constant_speed,normal,0,no_load,cw,A3: rotate CW low speed,servo-app/lab-0.1
1781173435.2587793,34.20895195007324,A3_ROTATE_ONE_DIR,A3_ROTATE_ONE_DIR_R02_20260611_172320,delta-asda-b3-e,1591,RTSO|SO|OE|VE|QS|TR,3,0,290684502,299,20,0.0854,19,0.045429,307,49,4270,2391,6000,,300,,,,constant_speed,normal,0,no_load,cw,A3: rotate CW low speed,servo-app/lab-0.1
1781173435.359212,34.30938458442688,A3_ROTATE_ONE_DIR,A3_ROTATE_ONE_DIR_R02_20260611_172320,delta-asda-b3-e,1591,RTSO|SO|OE|VE|QS|TR,3,0,291533109,301,17,0.07259,17,0.040647,307,49,4270,2391,6000,,300,,,,constant_speed,normal,0,no_load,cw,A3: rotate CW low speed,servo-app/lab-0.1
1781173435.4596643,34.40983700752258,A3_ROTATE_ONE_DIR,A3_ROTATE_ONE_DIR_R02_20260611_172320,delta-asda-b3-e,1591,RTSO|SO|OE|VE|QS|TR,3,0,292378326,299,23,0.09821,23,0.054993,307,49,4270,2391,6000,,300,,,,constant_speed,normal,0,no_load,cw,A3: rotate CW low speed,servo-app/lab-0.1
1781173435.5598514,34.510024070739746,A3_ROTATE_ONE_DIR,A3_ROTATE_ONE_DIR_R02_20260611_172320,delta-asda-b3-e,1591,RTSO|SO|OE|VE|QS|TR,3,0,293218892,300,20,0.0854,19,0.045429,307,49,4270,2391,6000,,300,,,,constant_speed,normal,0,no_load,cw,A3: rotate CW low speed,servo-app/lab-0.1
1781173435.6600673,34.61023998260498,A3_ROTATE_ONE_DIR,A3_ROTATE_ONE_DIR_R02_20260611_172320,delta-asda-b3-e,1591,RTSO|SO|OE|VE|QS|TR,3,0,294056156,299,18,0.07686,20,0.04782,307,49,4270,2391,6000,,300,,,,constant_speed,normal,0,no_load,cw,A3: rotate CW low speed,servo-app/lab-0.1
1781173435.7602298,34.710402488708496,A3_ROTATE_ONE_DIR,A3_ROTATE_ONE_DIR_R02_20260611_172320,delta-asda-b3-e,1591,RTSO|SO|OE|VE|QS|TR,3,0,294904474,300,18,0.07686,18,0.043038,307,49,4270,2391,6000,,300,,,,constant_speed,normal,0,no_load,cw,A3: rotate CW low speed,servo-app/lab-0.1
1781173435.8602684,34.81044101715088,A3_ROTATE_ONE_DIR,A3_ROTATE_ONE_DIR_R02_20260611_172320,delta-asda-b3-e,1591,RTSO|SO|OE|VE|QS|TR,3,0,295742162,299,22,0.09394,23,0.054993,307,49,4270,2391,6000,,300,,,,constant_speed,normal,0,no_load,cw,A3: rotate CW low speed,servo-app/lab-0.1
1781173435.9605558,34.910728454589844,A3_ROTATE_ONE_DIR,A3_ROTATE_ONE_DIR_R02_20260611_172320,delta-asda-b3-e,1591,RTSO|SO|OE|VE|QS|TR,3,0,296573837,300,20,0.0854,19,0.045429,307,49,4270,2391,6000,,300,,,,constant_speed,normal,0,no_load,cw,A3: rotate CW low speed,servo-app/lab-0.1
1781173436.061104,35.011276721954346,A3_ROTATE_ONE_DIR,A3_ROTATE_ONE_DIR_R02_20260611_172320,delta-asda-b3-e,1591,RTSO|SO|OE|VE|QS|TR,3,0,297411650,299,20,0.0854,18,0.043038,307,49,4270,2391,6000,,300,,,,constant_speed,normal,0,no_load,cw,A3: rotate CW low speed,servo-app/lab-0.1
1781173436.161592,35.111764669418335,A3_ROTATE_ONE_DIR,A3_ROTATE_ONE_DIR_R02_20260611_172320,delta-asda-b3-e,1591,RTSO|SO|OE|VE|QS|TR,3,0,298267844,300,16,0.06832,18,0.043038,306,49,4270,2391,6000,,300,,,,constant_speed,normal,0,no_load,cw,A3: rotate CW low speed,servo-app/lab-0.1
1781173436.2617252,35.21189785003662,A3_ROTATE_ONE_DIR,A3_ROTATE_ONE_DIR_R02_20260611_172320,delta-asda-b3-e,1591,RTSO|SO|OE|VE|QS|TR,3,0,299088741,299,24,0.10248,23,0.054993,307,49,4270,2391,6000,,300,,,,constant_speed,normal,0,no_load,cw,A3: rotate CW low speed,servo-app/lab-0.1
1781173436.3620288,35.312201499938965,A3_ROTATE_ONE_DIR,A3_ROTATE_ONE_DIR_R02_20260611_172320,delta-asda-b3-e,1591,RTSO|SO|OE|VE|QS|TR,3,0,299929463,301,18,0.07686,16,0.038256,307,49,4270,2391,6000,,300,,,,constant_speed,normal,0,no_load,cw,A3: rotate CW low speed,servo-app/lab-0.1
1781173436.4624083,35.41258096694946,A3_ROTATE_ONE_DIR,A3_ROTATE_ONE_DIR_R02_20260611_172320,delta-asda-b3-e,1591,RTSO|SO|OE|VE|QS|TR,3,0,300783415,299,19,0.08113,21,0.050211,307,49,4270,2391,6000,,300,,,,constant_speed,normal,0,no_load,cw,A3: rotate CW low speed,servo-app/lab-0.1
1781173436.56292,35.51309275627136,A3_ROTATE_ONE_DIR,A3_ROTATE_ONE_DIR_R02_20260611_172320,delta-asda-b3-e,1591,RTSO|SO|OE|VE|QS|TR,3,0,301615076,300,17,0.07259,18,0.043038,307,49,4270,2391,6000,,300,,,,constant_speed,normal,0,no_load,cw,A3: rotate CW low speed,servo-app/lab-0.1
1781173436.6630225,35.613195180892944,A3_ROTATE_ONE_DIR,A3_ROTATE_ONE_DIR_R02_20260611_172320,delta-asda-b3-e,1591,RTSO|SO|OE|VE|QS|TR,3,0,302468971,299,21,0.08967,23,0.054993,307,49,4270,2391,6000,,300,,,,constant_speed,normal,0,no_load,cw,A3: rotate CW low speed,servo-app/lab-0.1
1781173436.7630627,35.71323537826538,A3_ROTATE_ONE_DIR,A3_ROTATE_ONE_DIR_R02_20260611_172320,delta-asda-b3-e,1591,RTSO|SO|OE|VE|QS|TR,3,0,303309526,300,18,0.07686,20,0.04782,307,49,4270,2391,6000,,300,,,,constant_speed,normal,0,no_load,cw,A3: rotate CW low speed,servo-app/lab-0.1
1781173436.8632014,35.813374042510986,A3_ROTATE_ONE_DIR,A3_ROTATE_ONE_DIR_R02_20260611_172320,delta-asda-b3-e,1591,RTSO|SO|OE|VE|QS|TR,3,0,304147429,299,17,0.07259,17,0.040647,307,49,4270,2391,6000,,300,,,,constant_speed,normal,0,no_load,cw,A3: rotate CW low speed,servo-app/lab-0.1
1781173436.9635365,35.91370916366577,A3_ROTATE_ONE_DIR,A3_ROTATE_ONE_DIR_R02_20260611_172320,delta-asda-b3-e,1591,RTSO|SO|OE|VE|QS|TR,3,0,304978545,300,19,0.08113,18,0.043038,307,49,4270,2391,6000,,300,,,,constant_speed,normal,0,no_load,cw,A3: rotate CW low speed,servo-app/lab-0.1
1781173437.0638754,36.01404809951782,A3_ROTATE_ONE_DIR,A3_ROTATE_ONE_DIR_R02_20260611_172320,delta-asda-b3-e,1591,RTSO|SO|OE|VE|QS|TR,3,0,305815935,299,22,0.09394,22,0.052602,307,49,4270,2391,6000,,300,,,,constant_speed,normal,0,no_load,cw,A3: rotate CW low speed,servo-app/lab-0.1
1781173437.1643672,36.11453986167908,A3_ROTATE_ONE_DIR,A3_ROTATE_ONE_DIR_R02_20260611_172320,delta-asda-b3-e,1591,RTSO|SO|OE|VE|QS|TR,3,0,306681257,301,18,0.07686,17,0.040647,307,49,4270,2391,6000,,300,,,,constant_speed,normal,0,no_load,cw,A3: rotate CW low speed,servo-app/lab-0.1
1781173437.2648878,36.2150604724884,A3_ROTATE_ONE_DIR,A3_ROTATE_ONE_DIR_R02_20260611_172320,delta-asda-b3-e,1591,RTSO|SO|OE|VE|QS|TR,3,0,307510517,299,18,0.07686,20,0.04782,307,49,4270,2391,6000,,300,,,,constant_speed,normal,0,no_load,cw,A3: rotate CW low speed,servo-app/lab-0.1
1781173437.3653753,36.315547943115234,A3_ROTATE_ONE_DIR,A3_ROTATE_ONE_DIR_R02_20260611_172320,delta-asda-b3-e,1591,RTSO|SO|OE|VE|QS|TR,3,0,308350785,300,17,0.07259,17,0.040647,307,49,4270,2391,6000,,300,,,,constant_speed,normal,0,no_load,cw,A3: rotate CW low speed,servo-app/lab-0.1
1781173437.4655488,36.41572141647339,A3_ROTATE_ONE_DIR,A3_ROTATE_ONE_DIR_R02_20260611_172320,delta-asda-b3-e,1591,RTSO|SO|OE|VE|QS|TR,3,0,309195987,299,22,0.09394,23,0.054993,307,49,4270,2391,6000,,300,,,,constant_speed,normal,0,no_load,cw,A3: rotate CW low speed,servo-app/lab-0.1
1781173437.5657115,36.51588416099548,A3_ROTATE_ONE_DIR,A3_ROTATE_ONE_DIR_R02_20260611_172320,delta-asda-b3-e,1591,RTSO|SO|OE|VE|QS|TR,3,0,310036534,300,19,0.08113,18,0.043038,307,49,4270,2391,6000,,300,,,,constant_speed,normal,0,no_load,cw,A3: rotate CW low speed,servo-app/lab-0.1
1781173437.6660795,36.616252183914185,A3_ROTATE_ONE_DIR,A3_ROTATE_ONE_DIR_R02_20260611_172320,delta-asda-b3-e,1591,RTSO|SO|OE|VE|QS|TR,3,0,310873925,300,18,0.07686,18,0.043038,307,49,4270,2391,6000,,300,,,,constant_speed,normal,0,no_load,cw,A3: rotate CW low speed,servo-app/lab-0.1
1781173437.7665467,36.71671938896179,A3_ROTATE_ONE_DIR,A3_ROTATE_ONE_DIR_R02_20260611_172320,delta-asda-b3-e,1591,RTSO|SO|OE|VE|QS|TR,3,0,311722280,300,17,0.07259,16,0.038256,307,49,4270,2391,6000,,300,,,,constant_speed,normal,0,no_load,cw,A3: rotate CW low speed,servo-app/lab-0.1
1781173437.8667727,36.81694531440735,A3_ROTATE_ONE_DIR,A3_ROTATE_ONE_DIR_R02_20260611_172320,delta-asda-b3-e,1591,RTSO|SO|OE|VE|QS|TR,3,0,312568454,300,20,0.0854,22,0.052602,307,49,4270,2391,6000,,300,,,,constant_speed,normal,0,no_load,cw,A3: rotate CW low speed,servo-app/lab-0.1
1781173437.9668093,36.9169819355011,A3_ROTATE_ONE_DIR,A3_ROTATE_ONE_DIR_R02_20260611_172320,delta-asda-b3-e,1591,RTSO|SO|OE|VE|QS|TR,3,0,313399859,300,18,0.07686,20,0.04782,307,49,4270,2391,6000,,300,,,,constant_speed,normal,0,no_load,cw,A3: rotate CW low speed,servo-app/lab-0.1
1781173438.0671277,37.01730036735535,A3_ROTATE_ONE_DIR,A3_ROTATE_ONE_DIR_R02_20260611_172320,delta-asda-b3-e,1591,RTSO|SO|OE|VE|QS|TR,3,0,314246110,299,19,0.08113,18,0.043038,307,49,4270,2391,6000,,300,,,,constant_speed,normal,0,no_load,cw,A3: rotate CW low speed,servo-app/lab-0.1
1781173438.1675723,37.11774492263794,A3_ROTATE_ONE_DIR,A3_ROTATE_ONE_DIR_R02_20260611_172320,delta-asda-b3-e,1591,RTSO|SO|OE|VE|QS|TR,3,0,315085757,301,17,0.07259,17,0.040647,307,49,4270,2391,6000,,300,,,,constant_speed,normal,0,no_load,cw,A3: rotate CW low speed,servo-app/lab-0.1
1781173438.2678242,37.21799683570862,A3_ROTATE_ONE_DIR,A3_ROTATE_ONE_DIR_R02_20260611_172320,delta-asda-b3-e,1591,RTSO|SO|OE|VE|QS|TR,3,0,315923344,300,22,0.09394,21,0.050211,307,49,4270,2391,6000,,300,,,,constant_speed,normal,0,no_load,cw,A3: rotate CW low speed,servo-app/lab-0.1
1781173438.3681977,37.31837034225464,A3_ROTATE_ONE_DIR,A3_ROTATE_ONE_DIR_R02_20260611_172320,delta-asda-b3-e,1591,RTSO|SO|OE|VE|QS|TR,3,0,316763948,300,17,0.07259,18,0.043038,307,49,4270,2391,6000,,300,,,,constant_speed,normal,0,no_load,cw,A3: rotate CW low speed,servo-app/lab-0.1
1781173438.4686394,37.41881203651428,A3_ROTATE_ONE_DIR,A3_ROTATE_ONE_DIR_R02_20260611_172320,delta-asda-b3-e,1591,RTSO|SO|OE|VE|QS|TR,3,0,317617956,299,19,0.08113,19,0.045429,307,49,4270,2391,6000,,300,,,,constant_speed,normal,0,no_load,cw,A3: rotate CW low speed,servo-app/lab-0.1
1781173438.5690827,37.51925539970398,A3_ROTATE_ONE_DIR,A3_ROTATE_ONE_DIR_R02_20260611_172320,delta-asda-b3-e,1591,RTSO|SO|OE|VE|QS|TR,3,0,318449619,300,19,0.08113,17,0.040647,307,49,4270,2391,6000,,300,,,,constant_speed,normal,0,no_load,cw,A3: rotate CW low speed,servo-app/lab-0.1
1781173438.6693447,37.61951732635498,A3_ROTATE_ONE_DIR,A3_ROTATE_ONE_DIR_R02_20260611_172320,delta-asda-b3-e,1591,RTSO|SO|OE|VE|QS|TR,3,0,319295471,300,20,0.0854,21,0.050211,307,49,4270,2391,6000,,300,,,,constant_speed,normal,0,no_load,cw,A3: rotate CW low speed,servo-app/lab-0.1
1781173438.7696104,37.71978306770325,A3_ROTATE_ONE_DIR,A3_ROTATE_ONE_DIR_R02_20260611_172320,delta-asda-b3-e,1591,RTSO|SO|OE|VE|QS|TR,3,0,320127531,300,18,0.07686,18,0.043038,307,49,4270,2391,6000,,300,,,,constant_speed,normal,0,no_load,cw,A3: rotate CW low speed,servo-app/lab-0.1
1781173438.8700595,37.82023215293884,A3_ROTATE_ONE_DIR,A3_ROTATE_ONE_DIR_R02_20260611_172320,delta-asda-b3-e,1591,RTSO|SO|OE|VE|QS|TR,3,0,320973823,300,18,0.07686,18,0.043038,307,49,4270,2391,6000,,300,,,,constant_speed,normal,0,no_load,cw,A3: rotate CW low speed,servo-app/lab-0.1
1781173438.9701867,37.92035937309265,A3_ROTATE_ONE_DIR,A3_ROTATE_ONE_DIR_R02_20260611_172320,delta-asda-b3-e,1591,RTSO|SO|OE|VE|QS|TR,3,0,321821498,300,17,0.07259,16,0.038256,307,49,4270,2391,6000,,300,,,,constant_speed,normal,0,no_load,cw,A3: rotate CW low speed,servo-app/lab-0.1
1781173439.0702922,38.02046489715576,A3_ROTATE_ONE_DIR,A3_ROTATE_ONE_DIR_R02_20260611_172320,delta-asda-b3-e,1591,RTSO|SO|OE|VE|QS|TR,3,0,322659011,299,22,0.09394,22,0.052602,307,49,4270,2391,6000,,300,,,,constant_speed,normal,0,no_load,cw,A3: rotate CW low speed,servo-app/lab-0.1
1781173439.1708858,38.12105846405029,A3_ROTATE_ONE_DIR,A3_ROTATE_ONE_DIR_R02_20260611_172320,delta-asda-b3-e,1591,RTSO|SO|OE|VE|QS|TR,3,0,323499365,300,17,0.07259,17,0.040647,307,49,4270,2391,6000,,300,,,,constant_speed,normal,0,no_load,cw,A3: rotate CW low speed,servo-app/lab-0.1
1781173439.2711413,38.22131395339966,A3_ROTATE_ONE_DIR,A3_ROTATE_ONE_DIR_R02_20260611_172320,delta-asda-b3-e,1591,RTSO|SO|OE|VE|QS|TR,3,0,324345392,300,19,0.08113,17,0.040647,307,49,4270,2391,6000,,300,,,,constant_speed,normal,0,no_load,cw,A3: rotate CW low speed,servo-app/lab-0.1
1781173439.3712444,38.32141709327698,A3_ROTATE_ONE_DIR,A3_ROTATE_ONE_DIR_R02_20260611_172320,delta-asda-b3-e,1591,RTSO|SO|OE|VE|QS|TR,3,0,325185473,300,16,0.06832,16,0.038256,307,49,4270,2391,6000,,300,,,,constant_speed,normal,0,no_load,cw,A3: rotate CW low speed,servo-app/lab-0.1
1781173439.4717057,38.42187833786011,A3_ROTATE_ONE_DIR,A3_ROTATE_ONE_DIR_R02_20260611_172320,delta-asda-b3-e,1591,RTSO|SO|OE|VE|QS|TR,3,0,326014013,300,23,0.09821,22,0.052602,307,49,4270,2391,6000,,300,,,,constant_speed,normal,0,no_load,cw,A3: rotate CW low speed,servo-app/lab-0.1
1781173439.5721006,38.52227330207825,A3_ROTATE_ONE_DIR,A3_ROTATE_ONE_DIR_R02_20260611_172320,delta-asda-b3-e,1591,RTSO|SO|OE|VE|QS|TR,3,0,326871204,300,18,0.07686,19,0.045429,307,49,4270,2391,6000,,300,,,,constant_speed,normal,0,no_load,cw,A3: rotate CW low speed,servo-app/lab-0.1
1781173439.672682,38.622854709625244,A3_ROTATE_ONE_DIR,A3_ROTATE_ONE_DIR_R02_20260611_172320,delta-asda-b3-e,1591,RTSO|SO|OE|VE|QS|TR,3,0,327700479,300,16,0.06832,17,0.040647,307,49,4270,2391,6000,,300,,,,constant_speed,normal,0,no_load,cw,A3: rotate CW low speed,servo-app/lab-0.1
1781173439.7730935,38.72326612472534,A3_ROTATE_ONE_DIR,A3_ROTATE_ONE_DIR_R02_20260611_172320,delta-asda-b3-e,1591,RTSO|SO|OE|VE|QS|TR,3,0,328540199,300,17,0.07259,16,0.038256,307,49,4270,2391,6000,,300,,,,constant_speed,normal,0,no_load,cw,A3: rotate CW low speed,servo-app/lab-0.1
1781173439.873241,38.823413610458374,A3_ROTATE_ONE_DIR,A3_ROTATE_ONE_DIR_R02_20260611_172320,delta-asda-b3-e,1591,RTSO|SO|OE|VE|QS|TR,3,0,329386442,300,19,0.08113,21,0.050211,307,49,4270,2391,6000,,300,,,,constant_speed,normal,0,no_load,cw,A3: rotate CW low speed,servo-app/lab-0.1
1781173439.973688,38.92386054992676,A3_ROTATE_ONE_DIR,A3_ROTATE_ONE_DIR_R02_20260611_172320,delta-asda-b3-e,1591,RTSO|SO|OE|VE|QS|TR,3,0,330234572,300,20,0.0854,19,0.045429,307,49,4270,2391,6000,,300,,,,constant_speed,normal,0,no_load,cw,A3: rotate CW low speed,servo-app/lab-0.1
1781173440.0740674,39.024240016937256,A3_ROTATE_ONE_DIR,A3_ROTATE_ONE_DIR_R02_20260611_172320,delta-asda-b3-e,1591,RTSO|SO|OE|VE|QS|TR,3,0,331072441,300,18,0.07686,19,0.045429,307,49,4270,2391,6000,,300,,,,constant_speed,normal,0,no_load,cw,A3: rotate CW low speed,servo-app/lab-0.1
1781173440.1741772,39.12434983253479,A3_ROTATE_ONE_DIR,A3_ROTATE_ONE_DIR_R02_20260611_172320,delta-asda-b3-e,1591,RTSO|SO|OE|VE|QS|TR,3,0,331920607,301,15,0.06405,14,0.033474,307,49,4270,2391,6000,,300,,,,constant_speed,normal,0,no_load,cw,A3: rotate CW low speed,servo-app/lab-0.1
1781173440.274275,39.22444772720337,A3_ROTATE_ONE_DIR,A3_ROTATE_ONE_DIR_R02_20260611_172320,delta-asda-b3-e,1591,RTSO|SO|OE|VE|QS|TR,3,0,332766651,301,19,0.08113,19,0.045429,307,49,4270,2391,6000,,300,,,,constant_speed,normal,0,no_load,cw,A3: rotate CW low speed,servo-app/lab-0.1
1781173440.374729,39.32490158081055,A3_ROTATE_ONE_DIR,A3_ROTATE_ONE_DIR_R02_20260611_172320,delta-asda-b3-e,1591,RTSO|SO|OE|VE|QS|TR,3,0,333607117,301,17,0.07259,16,0.038256,307,49,4270,2391,6000,,300,,,,constant_speed,normal,0,no_load,cw,A3: rotate CW low speed,servo-app/lab-0.1
1781173440.475094,39.4252667427063,A3_ROTATE_ONE_DIR,A3_ROTATE_ONE_DIR_R02_20260611_172320,delta-asda-b3-e,1591,RTSO|SO|OE|VE|QS|TR,3,0,334435928,300,18,0.07686,19,0.045429,307,49,4270,2391,6000,,300,,,,constant_speed,normal,0,no_load,cw,A3: rotate CW low speed,servo-app/lab-0.1
1781173440.5755968,39.52576947212219,A3_ROTATE_ONE_DIR,A3_ROTATE_ONE_DIR_R02_20260611_172320,delta-asda-b3-e,1591,RTSO|SO|OE|VE|QS|TR,3,0,335275776,300,16,0.06832,17,0.040647,307,49,4270,2391,6000,,300,,,,constant_speed,normal,0,no_load,cw,A3: rotate CW low speed,servo-app/lab-0.1
1781173440.6757212,39.62589383125305,A3_ROTATE_ONE_DIR,A3_ROTATE_ONE_DIR_R02_20260611_172320,delta-asda-b3-e,1591,RTSO|SO|OE|VE|QS|TR,3,0,336130553,301,17,0.07259,18,0.043038,307,49,4270,2391,6000,,300,,,,constant_speed,normal,0,no_load,cw,A3: rotate CW low speed,servo-app/lab-0.1
1781173440.7758012,39.7259738445282,A3_ROTATE_ONE_DIR,A3_ROTATE_ONE_DIR_R02_20260611_172320,delta-asda-b3-e,1591,RTSO|SO|OE|VE|QS|TR,3,0,336962238,301,19,0.08113,18,0.043038,307,49,4270,2391,6000,,300,,,,constant_speed,normal,0,no_load,cw,A3: rotate CW low speed,servo-app/lab-0.1
1781173440.875987,39.826159715652466,A3_ROTATE_ONE_DIR,A3_ROTATE_ONE_DIR_R02_20260611_172320,delta-asda-b3-e,1591,RTSO|SO|OE|VE|QS|TR,3,0,337791675,300,16,0.06832,17,0.040647,307,49,4270,2391,6000,,300,,,,constant_speed,normal,0,no_load,cw,A3: rotate CW low speed,servo-app/lab-0.1
1781173440.976607,39.92677974700928,A3_ROTATE_ONE_DIR,A3_ROTATE_ONE_DIR_R02_20260611_172320,delta-asda-b3-e,1591,RTSO|SO|OE|VE|QS|TR,3,0,338639416,300,16,0.06832,15,0.035865,307,49,4270,2391,6000,,300,,,,constant_speed,normal,0,no_load,cw,A3: rotate CW low speed,servo-app/lab-0.1
1781173441.0767715,40.026944160461426,A3_ROTATE_ONE_DIR,A3_ROTATE_ONE_DIR_R02_20260611_172320,delta-asda-b3-e,1591,RTSO|SO|OE|VE|QS|TR,3,0,339485502,300,20,0.0854,22,0.052602,307,49,4270,2391,6000,,300,,,,constant_speed,normal,0,no_load,cw,A3: rotate CW low speed,servo-app/lab-0.1
1781173441.1772554,40.12742805480957,A3_ROTATE_ONE_DIR,A3_ROTATE_ONE_DIR_R02_20260611_172320,delta-asda-b3-e,1591,RTSO|SO|OE|VE|QS|TR,3,0,340325916,301,17,0.07259,16,0.038256,307,49,4270,2391,6000,,300,,,,constant_speed,normal,0,no_load,cw,A3: rotate CW low speed,servo-app/lab-0.1
1781173441.2780488,40.22822141647339,A3_ROTATE_ONE_DIR,A3_ROTATE_ONE_DIR_R02_20260611_172320,delta-asda-b3-e,1591,RTSO|SO|OE|VE|QS|TR,3,0,341171987,301,19,0.08113,18,0.043038,307,49,4270,2391,6000,,300,,,,constant_speed,normal,0,no_load,cw,A3: rotate CW low speed,servo-app/lab-0.1
1781173441.3780844,40.32825708389282,A3_ROTATE_ONE_DIR,A3_ROTATE_ONE_DIR_R02_20260611_172320,delta-asda-b3-e,1591,RTSO|SO|OE|VE|QS|TR,3,0,342020372,300,16,0.06832,16,0.038256,307,49,4270,2391,6000,,300,,,,constant_speed,normal,0,no_load,cw,A3: rotate CW low speed,servo-app/lab-0.1
1781173441.4782205,40.42839312553406,A3_ROTATE_ONE_DIR,A3_ROTATE_ONE_DIR_R02_20260611_172320,delta-asda-b3-e,1591,RTSO|SO|OE|VE|QS|TR,3,0,342849006,301,22,0.09394,21,0.050211,307,49,4270,2391,6000,,300,,,,constant_speed,normal,0,no_load,cw,A3: rotate CW low speed,servo-app/lab-0.1
1781173441.5784614,40.5286340713501,A3_ROTATE_ONE_DIR,A3_ROTATE_ONE_DIR_R02_20260611_172320,delta-asda-b3-e,1591,RTSO|SO|OE|VE|QS|TR,3,0,343706125,300,18,0.07686,19,0.045429,307,49,4270,2391,6000,,300,,,,constant_speed,normal,0,no_load,cw,A3: rotate CW low speed,servo-app/lab-0.1
1781173441.6788871,40.62905979156494,A3_ROTATE_ONE_DIR,A3_ROTATE_ONE_DIR_R02_20260611_172320,delta-asda-b3-e,1591,RTSO|SO|OE|VE|QS|TR,3,0,344535630,301,18,0.07686,18,0.043038,307,49,4270,2391,6000,,300,,,,constant_speed,normal,0,no_load,cw,A3: rotate CW low speed,servo-app/lab-0.1
1781173441.778998,40.72917056083679,A3_ROTATE_ONE_DIR,A3_ROTATE_ONE_DIR_R02_20260611_172320,delta-asda-b3-e,1591,RTSO|SO|OE|VE|QS|TR,3,0,345375156,300,16,0.06832,16,0.038256,307,49,4270,2391,6000,,300,,,,constant_speed,normal,0,no_load,cw,A3: rotate CW low speed,servo-app/lab-0.1
1781173441.8790746,40.82924723625183,A3_ROTATE_ONE_DIR,A3_ROTATE_ONE_DIR_R02_20260611_172320,delta-asda-b3-e,1591,RTSO|SO|OE|VE|QS|TR,3,0,346213084,301,19,0.08113,19,0.045429,307,49,4270,2391,6000,,300,,,,constant_speed,normal,0,no_load,cw,A3: rotate CW low speed,servo-app/lab-0.1
1781173441.9792056,40.929378271102905,A3_ROTATE_ONE_DIR,A3_ROTATE_ONE_DIR_R02_20260611_172320,delta-asda-b3-e,1591,RTSO|SO|OE|VE|QS|TR,3,0,347061106,300,21,0.08967,21,0.050211,307,49,4270,2391,6000,,300,,,,constant_speed,normal,0,no_load,cw,A3: rotate CW low speed,servo-app/lab-0.1
1781173442.0793283,41.02950096130371,A3_ROTATE_ONE_DIR,A3_ROTATE_ONE_DIR_R02_20260611_172320,delta-asda-b3-e,1591,RTSO|SO|OE|VE|QS|TR,3,0,347890618,300,20,0.0854,18,0.043038,307,49,4270,2391,6000,,300,,,,constant_speed,normal,0,no_load,cw,A3: rotate CW low speed,servo-app/lab-0.1
1781173442.1800938,41.130266427993774,A3_ROTATE_ONE_DIR,A3_ROTATE_ONE_DIR_R02_20260611_172320,delta-asda-b3-e,1591,RTSO|SO|OE|VE|QS|TR,3,0,348747192,301,14,0.05978,16,0.038256,307,49,4270,2391,6000,,300,,,,constant_speed,normal,0,no_load,cw,A3: rotate CW low speed,servo-app/lab-0.1
1781173442.2804618,41.230634450912476,A3_ROTATE_ONE_DIR,A3_ROTATE_ONE_DIR_R02_20260611_172320,delta-asda-b3-e,1591,RTSO|SO|OE|VE|QS|TR,3,0,349584762,301,20,0.0854,18,0.043038,307,49,4270,2391,6000,,300,,,,constant_speed,normal,0,no_load,cw,A3: rotate CW low speed,servo-app/lab-0.1
1781173442.3807302,41.33090281486511,A3_ROTATE_ONE_DIR,A3_ROTATE_ONE_DIR_R02_20260611_172320,delta-asda-b3-e,1591,RTSO|SO|OE|VE|QS|TR,3,0,350425140,300,17,0.07259,19,0.045429,307,49,4270,2391,6000,,300,,,,constant_speed,normal,0,no_load,cw,A3: rotate CW low speed,servo-app/lab-0.1
1781173442.480919,41.43109154701233,A3_ROTATE_ONE_DIR,A3_ROTATE_ONE_DIR_R02_20260611_172320,delta-asda-b3-e,1591,RTSO|SO|OE|VE|QS|TR,3,0,351270848,300,19,0.08113,19,0.045429,307,49,4270,2391,6000,,300,,,,constant_speed,normal,0,no_load,cw,A3: rotate CW low speed,servo-app/lab-0.1
1781173442.581344,41.531516551971436,A3_ROTATE_ONE_DIR,A3_ROTATE_ONE_DIR_R02_20260611_172320,delta-asda-b3-e,1591,RTSO|SO|OE|VE|QS|TR,3,0,352110612,300,14,0.05978,17,0.040647,307,49,4270,2391,6000,,300,,,,constant_speed,normal,0,no_load,cw,A3: rotate CW low speed,servo-app/lab-0.1
1781173442.6818638,41.632036447525024,A3_ROTATE_ONE_DIR,A3_ROTATE_ONE_DIR_R02_20260611_172320,delta-asda-b3-e,1591,RTSO|SO|OE|VE|QS|TR,3,0,352948640,301,17,0.07259,18,0.043038,307,49,4270,2391,6000,,300,,,,constant_speed,normal,0,no_load,cw,A3: rotate CW low speed,servo-app/lab-0.1
1781173442.7825344,41.732707023620605,A3_ROTATE_ONE_DIR,A3_ROTATE_ONE_DIR_R02_20260611_172320,delta-asda-b3-e,1591,RTSO|SO|OE|VE|QS|TR,3,0,353805384,300,17,0.07259,19,0.045429,307,49,4270,2391,6000,,300,,,,constant_speed,normal,0,no_load,cw,A3: rotate CW low speed,servo-app/lab-0.1
1781173442.8827326,41.832905292510986,A3_ROTATE_ONE_DIR,A3_ROTATE_ONE_DIR_R02_20260611_172320,delta-asda-b3-e,1591,RTSO|SO|OE|VE|QS|TR,3,0,354643315,300,16,0.06832,19,0.045429,307,49,4270,2391,6000,,300,,,,constant_speed,normal,0,no_load,cw,A3: rotate CW low speed,servo-app/lab-0.1
1781173442.983195,41.93336772918701,A3_ROTATE_ONE_DIR,A3_ROTATE_ONE_DIR_R02_20260611_172320,delta-asda-b3-e,1591,RTSO|SO|OE|VE|QS|TR,3,0,355474083,300,16,0.06832,17,0.040647,307,49,4270,2391,6000,,300,,,,constant_speed,normal,0,no_load,cw,A3: rotate CW low speed,servo-app/lab-0.1
1781173443.083443,42.033615589141846,A3_ROTATE_ONE_DIR,A3_ROTATE_ONE_DIR_R02_20260611_172320,delta-asda-b3-e,1591,RTSO|SO|OE|VE|QS|TR,3,0,356320257,301,20,0.0854,18,0.043038,307,49,4270,2391,6000,,300,,,,constant_speed,normal,0,no_load,cw,A3: rotate CW low speed,servo-app/lab-0.1
1781173443.1837385,42.1339111328125,A3_ROTATE_ONE_DIR,A3_ROTATE_ONE_DIR_R02_20260611_172320,delta-asda-b3-e,1591,RTSO|SO|OE|VE|QS|TR,3,0,357152281,301,17,0.07259,18,0.043038,307,49,4270,2391,6000,,300,,,,constant_speed,normal,0,no_load,cw,A3: rotate CW low speed,servo-app/lab-0.1
1781173443.2840512,42.23422384262085,A3_ROTATE_ONE_DIR,A3_ROTATE_ONE_DIR_R02_20260611_172320,delta-asda-b3-e,1591,RTSO|SO|OE|VE|QS|TR,3,0,357998207,300,19,0.08113,19,0.045429,307,49,4270,2391,6000,,300,,,,constant_speed,normal,0,no_load,cw,A3: rotate CW low speed,servo-app/lab-0.1
1781173443.3843784,42.334551095962524,A3_ROTATE_ONE_DIR,A3_ROTATE_ONE_DIR_R02_20260611_172320,delta-asda-b3-e,1591,RTSO|SO|OE|VE|QS|TR,3,0,358837974,300,15,0.06405,16,0.038256,307,49,4270,2391,6000,,300,,,,constant_speed,normal,0,no_load,cw,A3: rotate CW low speed,servo-app/lab-0.1
1781173443.4847567,42.43492937088013,A3_ROTATE_ONE_DIR,A3_ROTATE_ONE_DIR_R02_20260611_172320,delta-asda-b3-e,1591,RTSO|SO|OE|VE|QS|TR,3,0,359692078,301,21,0.08967,20,0.04782,307,49,4270,2391,6000,,300,,,,constant_speed,normal,0,no_load,cw,A3: rotate CW low speed,servo-app/lab-0.1
1781173443.5852656,42.53543829917908,A3_ROTATE_ONE_DIR,A3_ROTATE_ONE_DIR_R02_20260611_172320,delta-asda-b3-e,1591,RTSO|SO|OE|VE|QS|TR,3,0,360523792,300,20,0.0854,18,0.043038,307,49,4270,2391,6000,,300,,,,constant_speed,normal,0,no_load,cw,A3: rotate CW low speed,servo-app/lab-0.1
1781173443.6857026,42.63587522506714,A3_ROTATE_ONE_DIR,A3_ROTATE_ONE_DIR_R02_20260611_172320,delta-asda-b3-e,1591,RTSO|SO|OE|VE|QS|TR,3,0,361370297,301,20,0.0854,17,0.040647,307,49,4270,2391,6000,,300,,,,constant_speed,normal,0,no_load,cw,A3: rotate CW low speed,servo-app/lab-0.1
1781173443.785826,42.73599863052368,A3_ROTATE_ONE_DIR,A3_ROTATE_ONE_DIR_R02_20260611_172320,delta-asda-b3-e,1591,RTSO|SO|OE|VE|QS|TR,3,0,362217962,300,17,0.07259,18,0.043038,307,49,4270,2391,6000,,300,,,,constant_speed,normal,0,no_load,cw,A3: rotate CW low speed,servo-app/lab-0.1
1781173443.886375,42.83654761314392,A3_ROTATE_ONE_DIR,A3_ROTATE_ONE_DIR_R02_20260611_172320,delta-asda-b3-e,1591,RTSO|SO|OE|VE|QS|TR,3,0,363047526,301,20,0.0854,20,0.04782,307,49,4270,2391,6000,,300,,,,constant_speed,normal,0,no_load,cw,A3: rotate CW low speed,servo-app/lab-0.1
1781173443.9865706,42.93674325942993,A3_ROTATE_ONE_DIR,A3_ROTATE_ONE_DIR_R02_20260611_172320,delta-asda-b3-e,1591,RTSO|SO|OE|VE|QS|TR,3,0,363887114,301,21,0.08967,18,0.043038,307,49,4270,2391,6000,,300,,,,constant_speed,normal,0,no_load,cw,A3: rotate CW low speed,servo-app/lab-0.1
1781173444.0867221,43.03689479827881,A3_ROTATE_ONE_DIR,A3_ROTATE_ONE_DIR_R02_20260611_172320,delta-asda-b3-e,1591,RTSO|SO|OE|VE|QS|TR,3,0,364725161,301,20,0.0854,17,0.040647,307,49,4270,2391,6000,,300,,,,constant_speed,normal,0,no_load,cw,A3: rotate CW low speed,servo-app/lab-0.1
1781173444.187056,43.1372287273407,A3_ROTATE_ONE_DIR,A3_ROTATE_ONE_DIR_R02_20260611_172320,delta-asda-b3-e,1591,RTSO|SO|OE|VE|QS|TR,3,0,365565028,301,16,0.06832,15,0.035865,307,49,4270,2391,6000,,300,,,,constant_speed,normal,0,no_load,cw,A3: rotate CW low speed,servo-app/lab-0.1
1781173444.287081,43.23725366592407,A3_ROTATE_ONE_DIR,A3_ROTATE_ONE_DIR_R02_20260611_172320,delta-asda-b3-e,1591,RTSO|SO|OE|VE|QS|TR,3,0,366411082,301,21,0.08967,21,0.050211,307,49,4270,2391,6000,,300,,,,constant_speed,normal,0,no_load,cw,A3: rotate CW low speed,servo-app/lab-0.1
1781173444.3872714,43.33744406700134,A3_ROTATE_ONE_DIR,A3_ROTATE_ONE_DIR_R02_20260611_172320,delta-asda-b3-e,1591,RTSO|SO|OE|VE|QS|TR,3,0,367251401,300,20,0.0854,19,0.045429,307,49,4270,2391,6000,,300,,,,constant_speed,normal,0,no_load,cw,A3: rotate CW low speed,servo-app/lab-0.1
1781173444.4875705,43.437743186950684,A3_ROTATE_ONE_DIR,A3_ROTATE_ONE_DIR_R02_20260611_172320,delta-asda-b3-e,1591,RTSO|SO|OE|VE|QS|TR,3,0,368097267,301,20,0.0854,19,0.045429,307,49,4270,2391,6000,,300,,,,constant_speed,normal,0,no_load,cw,A3: rotate CW low speed,servo-app/lab-0.1
1781173444.5878713,43.53804397583008,A3_ROTATE_ONE_DIR,A3_ROTATE_ONE_DIR_R02_20260611_172320,delta-asda-b3-e,1591,RTSO|SO|OE|VE|QS|TR,3,0,368936978,300,17,0.07259,17,0.040647,307,49,4270,2391,6000,,300,,,,constant_speed,normal,0,no_load,cw,A3: rotate CW low speed,servo-app/lab-0.1
1781173444.688189,43.63836169242859,A3_ROTATE_ONE_DIR,A3_ROTATE_ONE_DIR_R02_20260611_172320,delta-asda-b3-e,1591,RTSO|SO|OE|VE|QS|TR,3,0,369783579,301,18,0.07686,17,0.040647,307,49,4270,2391,6000,,300,,,,constant_speed,normal,0,no_load,cw,A3: rotate CW low speed,servo-app/lab-0.1
1781173444.788879,43.73905158042908,A3_ROTATE_ONE_DIR,A3_ROTATE_ONE_DIR_R02_20260611_172320,delta-asda-b3-e,1591,RTSO|SO|OE|VE|QS|TR,3,0,370631639,300,21,0.08967,20,0.04782,307,49,4270,2391,6000,,300,,,,constant_speed,normal,0,no_load,cw,A3: rotate CW low speed,servo-app/lab-0.1
1781173444.8895457,43.83971834182739,A3_ROTATE_ONE_DIR,A3_ROTATE_ONE_DIR_R02_20260611_172320,delta-asda-b3-e,1591,RTSO|SO|OE|VE|QS|TR,3,0,371469700,300,20,0.0854,19,0.045429,307,49,4270,2391,6000,,300,,,,constant_speed,normal,0,no_load,cw,A3: rotate CW low speed,servo-app/lab-0.1
1781173444.9897985,43.93997120857239,A3_ROTATE_ONE_DIR,A3_ROTATE_ONE_DIR_R02_20260611_172320,delta-asda-b3-e,1591,RTSO|SO|OE|VE|QS|TR,3,0,372300408,300,17,0.07259,17,0.040647,307,49,4270,2391,6000,,300,,,,constant_speed,normal,0,no_load,cw,A3: rotate CW low speed,servo-app/lab-0.1
1781173445.090283,44.04045557975769,A3_ROTATE_ONE_DIR,A3_ROTATE_ONE_DIR_R02_20260611_172320,delta-asda-b3-e,1591,RTSO|SO|OE|VE|QS|TR,3,0,373163512,300,16,0.06832,19,0.045429,307,49,4270,2391,6000,,300,,,,constant_speed,normal,0,no_load,cw,A3: rotate CW low speed,servo-app/lab-0.1
1781173445.1906965,44.140869140625,A3_ROTATE_ONE_DIR,A3_ROTATE_ONE_DIR_R02_20260611_172320,delta-asda-b3-e,1591,RTSO|SO|OE|VE|QS|TR,3,0,373987115,300,19,0.08113,18,0.043038,306,49,4270,2391,6000,,300,,,,constant_speed,normal,0,no_load,cw,A3: rotate CW low speed,servo-app/lab-0.1
1781173445.2911096,44.24128222465515,A3_ROTATE_ONE_DIR,A3_ROTATE_ONE_DIR_R02_20260611_172320,delta-asda-b3-e,1591,RTSO|SO|OE|VE|QS|TR,3,0,374824670,300,20,0.0854,19,0.045429,307,49,4270,2391,6000,,300,,,,constant_speed,normal,0,no_load,cw,A3: rotate CW low speed,servo-app/lab-0.1
1781173445.3915555,44.34172821044922,A3_ROTATE_ONE_DIR,A3_ROTATE_ONE_DIR_R02_20260611_172320,delta-asda-b3-e,1591,RTSO|SO|OE|VE|QS|TR,3,0,375672652,299,18,0.07686,17,0.040647,307,49,4270,2391,6000,,300,,,,constant_speed,normal,0,no_load,cw,A3: rotate CW low speed,servo-app/lab-0.1
1781173445.49169,44.4418625831604,A3_ROTATE_ONE_DIR,A3_ROTATE_ONE_DIR_R02_20260611_172320,delta-asda-b3-e,1591,RTSO|SO|OE|VE|QS|TR,3,0,376518520,300,18,0.07686,19,0.045429,307,49,4270,2391,6000,,300,,,,constant_speed,normal,0,no_load,cw,A3: rotate CW low speed,servo-app/lab-0.1
1781173445.5922022,44.54237484931946,A3_ROTATE_ONE_DIR,A3_ROTATE_ONE_DIR_R02_20260611_172320,delta-asda-b3-e,1591,RTSO|SO|OE|VE|QS|TR,3,0,377366938,300,19,0.08113,18,0.043038,307,49,4270,2391,6000,,300,,,,constant_speed,normal,0,no_load,cw,A3: rotate CW low speed,servo-app/lab-0.1
1781173445.6923132,44.64248585700989,A3_ROTATE_ONE_DIR,A3_ROTATE_ONE_DIR_R02_20260611_172320,delta-asda-b3-e,1591,RTSO|SO|OE|VE|QS|TR,3,0,378205239,301,17,0.07259,20,0.04782,307,49,4270,2391,6000,,300,,,,constant_speed,normal,0,no_load,cw,A3: rotate CW low speed,servo-app/lab-0.1
1781173445.792599,44.7427716255188,A3_ROTATE_ONE_DIR,A3_ROTATE_ONE_DIR_R02_20260611_172320,delta-asda-b3-e,1591,RTSO|SO|OE|VE|QS|TR,3,0,379035885,299,18,0.07686,18,0.043038,307,49,4270,2391,6000,,300,,,,constant_speed,normal,0,no_load,cw,A3: rotate CW low speed,servo-app/lab-0.1
1781173445.8929157,44.84308838844299,A3_ROTATE_ONE_DIR,A3_ROTATE_ONE_DIR_R02_20260611_172320,delta-asda-b3-e,1591,RTSO|SO|OE|VE|QS|TR,3,0,379882382,300,19,0.08113,19,0.045429,308,49,4270,2391,6000,,300,,,,constant_speed,normal,0,no_load,cw,A3: rotate CW low speed,servo-app/lab-0.1
1781173445.9930058,44.94317841529846,A3_ROTATE_ONE_DIR,A3_ROTATE_ONE_DIR_R02_20260611_172320,delta-asda-b3-e,1591,RTSO|SO|OE|VE|QS|TR,3,0,380713569,300,21,0.08967,20,0.04782,307,49,4270,2391,6000,,300,,,,constant_speed,normal,0,no_load,cw,A3: rotate CW low speed,servo-app/lab-0.1
1781173446.0930755,45.04324817657471,A3_ROTATE_ONE_DIR,A3_ROTATE_ONE_DIR_R02_20260611_172320,delta-asda-b3-e,1591,RTSO|SO|OE|VE|QS|TR,3,0,381560117,300,19,0.08113,18,0.043038,307,49,4270,2391,6000,,300,,,,constant_speed,normal,0,no_load,cw,A3: rotate CW low speed,servo-app/lab-0.1
1781173446.1937509,45.14392352104187,A3_ROTATE_ONE_DIR,A3_ROTATE_ONE_DIR_R02_20260611_172320,delta-asda-b3-e,1591,RTSO|SO|OE|VE|QS|TR,3,0,382416537,300,17,0.07259,17,0.040647,307,49,4270,2391,6000,,300,,,,constant_speed,normal,0,no_load,cw,A3: rotate CW low speed,servo-app/lab-0.1
1781173446.2938685,45.244041204452515,A3_ROTATE_ONE_DIR,A3_ROTATE_ONE_DIR_R02_20260611_172320,delta-asda-b3-e,1591,RTSO|SO|OE|VE|QS|TR,3,0,383245752,300,18,0.07686,18,0.043038,307,49,4270,2391,6000,,300,,,,constant_speed,normal,0,no_load,cw,A3: rotate CW low speed,servo-app/lab-0.1
1781173446.393963,45.344135761260986,A3_ROTATE_ONE_DIR,A3_ROTATE_ONE_DIR_R02_20260611_172320,delta-asda-b3-e,1591,RTSO|SO|OE|VE|QS|TR,3,0,384094213,300,20,0.0854,17,0.040647,307,49,4270,2391,6000,,300,,,,constant_speed,normal,0,no_load,cw,A3: rotate CW low speed,servo-app/lab-0.1
1781173446.494014,45.44418668746948,A3_ROTATE_ONE_DIR,A3_ROTATE_ONE_DIR_R02_20260611_172320,delta-asda-b3-e,1591,RTSO|SO|OE|VE|QS|TR,3,0,384931992,301,20,0.0854,20,0.04782,307,49,4270,2391,6000,,300,,,,constant_speed,normal,0,no_load,cw,A3: rotate CW low speed,servo-app/lab-0.1
1781173446.5940545,45.5442271232605,A3_ROTATE_ONE_DIR,A3_ROTATE_ONE_DIR_R02_20260611_172320,delta-asda-b3-e,1591,RTSO|SO|OE|VE|QS|TR,3,0,385754732,299,17,0.07259,17,0.040647,307,49,4270,2391,6000,,300,,,,constant_speed,normal,0,no_load,cw,A3: rotate CW low speed,servo-app/lab-0.1
1781173446.6943998,45.644572496414185,A3_ROTATE_ONE_DIR,A3_ROTATE_ONE_DIR_R02_20260611_172320,delta-asda-b3-e,1591,RTSO|SO|OE|VE|QS|TR,3,0,386601443,301,16,0.06832,16,0.038256,307,49,4270,2391,6000,,300,,,,constant_speed,normal,0,no_load,cw,A3: rotate CW low speed,servo-app/lab-0.1
1781173446.7947118,45.7448844909668,A3_ROTATE_ONE_DIR,A3_ROTATE_ONE_DIR_R02_20260611_172320,delta-asda-b3-e,1591,RTSO|SO|OE|VE|QS|TR,3,0,387441010,300,20,0.0854,19,0.045429,307,49,4270,2391,6000,,300,,,,constant_speed,normal,0,no_load,cw,A3: rotate CW low speed,servo-app/lab-0.1
1781173446.89516,45.845332622528076,A3_ROTATE_ONE_DIR,A3_ROTATE_ONE_DIR_R02_20260611_172320,delta-asda-b3-e,1591,RTSO|SO|OE|VE|QS|TR,3,0,388295956,300,21,0.08967,21,0.050211,308,49,4270,2391,6000,,300,,,,constant_speed,normal,0,no_load,cw,A3: rotate CW low speed,servo-app/lab-0.1
1781173446.9955428,45.94571542739868,A3_ROTATE_ONE_DIR,A3_ROTATE_ONE_DIR_R02_20260611_172320,delta-asda-b3-e,1591,RTSO|SO|OE|VE|QS|TR,3,0,389134979,300,17,0.07259,17,0.040647,307,49,4270,2391,6000,,300,,,,constant_speed,normal,0,no_load,cw,A3: rotate CW low speed,servo-app/lab-0.1
1781173447.095934,46.046106576919556,A3_ROTATE_ONE_DIR,A3_ROTATE_ONE_DIR_R02_20260611_172320,delta-asda-b3-e,1591,RTSO|SO|OE|VE|QS|TR,3,0,389981590,301,19,0.08113,19,0.045429,307,49,4270,2391,6000,,300,,,,constant_speed,normal,0,no_load,cw,A3: rotate CW low speed,servo-app/lab-0.1
1781173447.1961129,46.14628553390503,A3_ROTATE_ONE_DIR,A3_ROTATE_ONE_DIR_R02_20260611_172320,delta-asda-b3-e,1591,RTSO|SO|OE|VE|QS|TR,3,0,390821771,300,19,0.08113,18,0.043038,307,49,4270,2391,6000,,300,,,,constant_speed,normal,0,no_load,cw,A3: rotate CW low speed,servo-app/lab-0.1
1781173447.29633,46.24650263786316,A3_ROTATE_ONE_DIR,A3_ROTATE_ONE_DIR_R02_20260611_172320,delta-asda-b3-e,1591,RTSO|SO|OE|VE|QS|TR,3,0,391650978,300,20,0.0854,20,0.04782,307,49,4270,2391,6000,,300,,,,constant_speed,normal,0,no_load,cw,A3: rotate CW low speed,servo-app/lab-0.1
1781173447.3965893,46.34676194190979,A3_ROTATE_ONE_DIR,A3_ROTATE_ONE_DIR_R02_20260611_172320,delta-asda-b3-e,1591,RTSO|SO|OE|VE|QS|TR,3,0,392507107,299,18,0.07686,17,0.040647,307,49,4270,2391,6000,,300,,,,constant_speed,normal,0,no_load,cw,A3: rotate CW low speed,servo-app/lab-0.1
1781173447.496765,46.446937561035156,A3_ROTATE_ONE_DIR,A3_ROTATE_ONE_DIR_R02_20260611_172320,delta-asda-b3-e,1591,RTSO|SO|OE|VE|QS|TR,3,0,393344968,300,16,0.06832,19,0.045429,307,49,4270,2391,6000,,300,,,,constant_speed,normal,0,no_load,cw,A3: rotate CW low speed,servo-app/lab-0.1
1781173447.5970862,46.54725885391235,A3_ROTATE_ONE_DIR,A3_ROTATE_ONE_DIR_R02_20260611_172320,delta-asda-b3-e,1591,RTSO|SO|OE|VE|QS|TR,3,0,394168084,300,20,0.0854,19,0.045429,307,49,4270,2391,6000,,300,,,,constant_speed,normal,0,no_load,cw,A3: rotate CW low speed,servo-app/lab-0.1
1781173447.6972556,46.64742827415466,A3_ROTATE_ONE_DIR,A3_ROTATE_ONE_DIR_R02_20260611_172320,delta-asda-b3-e,1591,RTSO|SO|OE|VE|QS|TR,3,0,395031598,300,19,0.08113,19,0.045429,307,49,4270,2391,6000,,300,,,,constant_speed,normal,0,no_load,cw,A3: rotate CW low speed,servo-app/lab-0.1
1781173447.797945,46.74811768531799,A3_ROTATE_ONE_DIR,A3_ROTATE_ONE_DIR_R02_20260611_172320,delta-asda-b3-e,1591,RTSO|SO|OE|VE|QS|TR,3,0,395862025,299,18,0.07686,18,0.043038,307,49,4270,2391,6000,,300,,,,constant_speed,normal,0,no_load,cw,A3: rotate CW low speed,servo-app/lab-0.1
1781173447.8981953,46.84836792945862,A3_ROTATE_ONE_DIR,A3_ROTATE_ONE_DIR_R02_20260611_172320,delta-asda-b3-e,1591,RTSO|SO|OE|VE|QS|TR,3,0,396691917,300,18,0.07686,18,0.043038,307,49,4270,2391,6000,,300,,,,constant_speed,normal,0,no_load,cw,A3: rotate CW low speed,servo-app/lab-0.1
1781173447.9987283,46.94890093803406,A3_ROTATE_ONE_DIR,A3_ROTATE_ONE_DIR_R02_20260611_172320,delta-asda-b3-e,1591,RTSO|SO|OE|VE|QS|TR,3,0,397556582,300,19,0.08113,19,0.045429,307,49,4270,2391,6000,,300,,,,constant_speed,normal,0,no_load,cw,A3: rotate CW low speed,servo-app/lab-0.1
1781173448.0991547,47.04932737350464,A3_ROTATE_ONE_DIR,A3_ROTATE_ONE_DIR_R02_20260611_172320,delta-asda-b3-e,1591,RTSO|SO|OE|VE|QS|TR,3,0,398394812,300,18,0.07686,20,0.04782,308,49,4270,2391,6000,,300,,,,constant_speed,normal,0,no_load,cw,A3: rotate CW low speed,servo-app/lab-0.1
1781173448.1993399,47.14951252937317,A3_ROTATE_ONE_DIR,A3_ROTATE_ONE_DIR_R02_20260611_172320,delta-asda-b3-e,1591,RTSO|SO|OE|VE|QS|TR,3,0,399242664,300,17,0.07259,18,0.043038,307,49,4270,2391,6000,,300,,,,constant_speed,normal,0,no_load,cw,A3: rotate CW low speed,servo-app/lab-0.1
1781173448.2994785,47.249651193618774,A3_ROTATE_ONE_DIR,A3_ROTATE_ONE_DIR_R02_20260611_172320,delta-asda-b3-e,1591,RTSO|SO|OE|VE|QS|TR,3,0,400080286,300,17,0.07259,19,0.045429,307,49,4270,2391,6000,,300,,,,constant_speed,normal,0,no_load,cw,A3: rotate CW low speed,servo-app/lab-0.1
1781173448.3997564,47.349929094314575,A3_ROTATE_ONE_DIR,A3_ROTATE_ONE_DIR_R02_20260611_172320,delta-asda-b3-e,1591,RTSO|SO|OE|VE|QS|TR,3,0,400920205,299,19,0.08113,20,0.04782,307,49,4270,2391,6000,,300,,,,constant_speed,normal,0,no_load,cw,A3: rotate CW low speed,servo-app/lab-0.1
1781173448.500221,47.45039367675781,A3_ROTATE_ONE_DIR,A3_ROTATE_ONE_DIR_R02_20260611_172320,delta-asda-b3-e,1591,RTSO|SO|OE|VE|QS|TR,3,0,401758229,300,20,0.0854,20,0.04782,307,49,4270,2391,6000,,300,,,,constant_speed,normal,0,no_load,cw,A3: rotate CW low speed,servo-app/lab-0.1
1781173448.6003473,47.550519943237305,A3_ROTATE_ONE_DIR,A3_ROTATE_ONE_DIR_R02_20260611_172320,delta-asda-b3-e,1591,RTSO|SO|OE|VE|QS|TR,3,0,402589190,299,17,0.07259,18,0.043038,307,49,4270,2391,6000,,300,,,,constant_speed,normal,0,no_load,cw,A3: rotate CW low speed,servo-app/lab-0.1
1781173448.7008786,47.65105128288269,A3_ROTATE_ONE_DIR,A3_ROTATE_ONE_DIR_R02_20260611_172320,delta-asda-b3-e,1591,RTSO|SO|OE|VE|QS|TR,3,0,403444452,300,15,0.06405,15,0.035865,307,49,4270,2391,6000,,300,,,,constant_speed,normal,0,no_load,cw,A3: rotate CW low speed,servo-app/lab-0.1
1781173448.8010814,47.751254081726074,A3_ROTATE_ONE_DIR,A3_ROTATE_ONE_DIR_R02_20260611_172320,delta-asda-b3-e,1591,RTSO|SO|OE|VE|QS|TR,3,0,404275410,299,17,0.07259,20,0.04782,307,49,4270,2391,6000,,300,,,,constant_speed,normal,0,no_load,cw,A3: rotate CW low speed,servo-app/lab-0.1
1781173448.9014637,47.85163640975952,A3_ROTATE_ONE_DIR,A3_ROTATE_ONE_DIR_R02_20260611_172320,delta-asda-b3-e,1591,RTSO|SO|OE|VE|QS|TR,3,0,405130333,300,18,0.07686,20,0.04782,307,49,4270,2391,6000,,300,,,,constant_speed,normal,0,no_load,cw,A3: rotate CW low speed,servo-app/lab-0.1
1781173449.001681,47.95185375213623,A3_ROTATE_ONE_DIR,A3_ROTATE_ONE_DIR_R02_20260611_172320,delta-asda-b3-e,1591,RTSO|SO|OE|VE|QS|TR,3,0,405961043,300,17,0.07259,18,0.043038,307,49,4270,2391,6000,,300,,,,constant_speed,normal,0,no_load,cw,A3: rotate CW low speed,servo-app/lab-0.1
1781173449.1019874,48.052160024642944,A3_ROTATE_ONE_DIR,A3_ROTATE_ONE_DIR_R02_20260611_172320,delta-asda-b3-e,1591,RTSO|SO|OE|VE|QS|TR,3,0,406807732,300,15,0.06405,17,0.040647,307,49,4270,2391,6000,,300,,,,constant_speed,normal,0,no_load,cw,A3: rotate CW low speed,servo-app/lab-0.1
1781173449.2024148,48.15258741378784,A3_ROTATE_ONE_DIR,A3_ROTATE_ONE_DIR_R02_20260611_172320,delta-asda-b3-e,1591,RTSO|SO|OE|VE|QS|TR,3,0,407639418,300,18,0.07686,18,0.043038,307,49,4270,2391,6000,,300,,,,constant_speed,normal,0,no_load,cw,A3: rotate CW low speed,servo-app/lab-0.1
1781173449.302474,48.252646684646606,A3_ROTATE_ONE_DIR,A3_ROTATE_ONE_DIR_R02_20260611_172320,delta-asda-b3-e,1591,RTSO|SO|OE|VE|QS|TR,3,0,408477030,300,20,0.0854,22,0.052602,307,49,4270,2391,6000,,300,,,,constant_speed,normal,0,no_load,cw,A3: rotate CW low speed,servo-app/lab-0.1
1781173449.4029255,48.35309815406799,A3_ROTATE_ONE_DIR,A3_ROTATE_ONE_DIR_R02_20260611_172320,delta-asda-b3-e,1591,RTSO|SO|OE|VE|QS|TR,3,0,409333097,299,18,0.07686,18,0.043038,307,49,4270,2391,6000,,300,,,,constant_speed,normal,0,no_load,cw,A3: rotate CW low speed,servo-app/lab-0.1
1781173449.5032597,48.45343232154846,A3_ROTATE_ONE_DIR,A3_ROTATE_ONE_DIR_R02_20260611_172320,delta-asda-b3-e,1591,RTSO|SO|OE|VE|QS|TR,3,0,410162900,301,14,0.05978,16,0.038256,307,49,4270,2391,6000,,300,,,,constant_speed,normal,0,no_load,cw,A3: rotate CW low speed,servo-app/lab-0.1
1781173449.6034138,48.55358648300171,A3_ROTATE_ONE_DIR,A3_ROTATE_ONE_DIR_R02_20260611_172320,delta-asda-b3-e,1591,RTSO|SO|OE|VE|QS|TR,3,0,411010996,300,19,0.08113,17,0.040647,307,49,4270,2391,6000,,300,,,,constant_speed,normal,0,no_load,cw,A3: rotate CW low speed,servo-app/lab-0.1
1781173449.7038205,48.653993129730225,A3_ROTATE_ONE_DIR,A3_ROTATE_ONE_DIR_R02_20260611_172320,delta-asda-b3-e,1591,RTSO|SO|OE|VE|QS|TR,3,0,411857887,301,18,0.07686,19,0.045429,307,49,4270,2391,6000,,300,,,,constant_speed,normal,0,no_load,cw,A3: rotate CW low speed,servo-app/lab-0.1
1781173449.8042006,48.75437331199646,A3_ROTATE_ONE_DIR,A3_ROTATE_ONE_DIR_R02_20260611_172320,delta-asda-b3-e,1591,RTSO|SO|OE|VE|QS|TR,3,0,412688062,299,17,0.07259,18,0.043038,307,49,4270,2391,6000,,300,,,,constant_speed,normal,0,no_load,cw,A3: rotate CW low speed,servo-app/lab-0.1
1781173449.904432,48.854604721069336,A3_ROTATE_ONE_DIR,A3_ROTATE_ONE_DIR_R02_20260611_172320,delta-asda-b3-e,1591,RTSO|SO|OE|VE|QS|TR,3,0,413543398,300,17,0.07259,17,0.040647,307,49,4270,2391,6000,,300,,,,constant_speed,normal,0,no_load,cw,A3: rotate CW low speed,servo-app/lab-0.1
1781173450.0044787,48.95465135574341,A3_ROTATE_ONE_DIR,A3_ROTATE_ONE_DIR_R02_20260611_172320,delta-asda-b3-e,1591,RTSO|SO|OE|VE|QS|TR,3,0,414366141,300,18,0.07686,17,0.040647,307,49,4270,2391,6000,,300,,,,constant_speed,normal,0,no_load,cw,A3: rotate CW low speed,servo-app/lab-0.1
1781173450.1046667,49.05483937263489,A3_ROTATE_ONE_DIR,A3_ROTATE_ONE_DIR_R02_20260611_172320,delta-asda-b3-e,1591,RTSO|SO|OE|VE|QS|TR,3,0,415221206,300,19,0.08113,19,0.045429,307,49,4270,2391,6000,,300,,,,constant_speed,normal,0,no_load,cw,A3: rotate CW low speed,servo-app/lab-0.1
1781173450.20491,49.15508270263672,A3_ROTATE_ONE_DIR,A3_ROTATE_ONE_DIR_R02_20260611_172320,delta-asda-b3-e,1591,RTSO|SO|OE|VE|QS|TR,3,0,416052245,300,17,0.07259,17,0.040647,307,49,4270,2391,6000,,300,,,,constant_speed,normal,0,no_load,cw,A3: rotate CW low speed,servo-app/lab-0.1
1781173450.3051836,49.255356311798096,A3_ROTATE_ONE_DIR,A3_ROTATE_ONE_DIR_R02_20260611_172320,delta-asda-b3-e,1591,RTSO|SO|OE|VE|QS|TR,3,0,416898403,300,18,0.07686,18,0.043038,307,49,4270,2391,6000,,300,,,,constant_speed,normal,0,no_load,cw,A3: rotate CW low speed,servo-app/lab-0.1
1781173450.4053268,49.355499505996704,A3_ROTATE_ONE_DIR,A3_ROTATE_ONE_DIR_R02_20260611_172320,delta-asda-b3-e,1591,RTSO|SO|OE|VE|QS|TR,3,0,417746697,300,19,0.08113,18,0.043038,307,49,4270,2391,6000,,300,,,,constant_speed,normal,0,no_load,cw,A3: rotate CW low speed,servo-app/lab-0.1
1781173450.5057528,49.45592546463013,A3_ROTATE_ONE_DIR,A3_ROTATE_ONE_DIR_R02_20260611_172320,delta-asda-b3-e,1591,RTSO|SO|OE|VE|QS|TR,3,0,418584821,301,19,0.08113,19,0.045429,307,49,4270,2391,6000,,300,,,,constant_speed,normal,0,no_load,cw,A3: rotate CW low speed,servo-app/lab-0.1
1781173450.6061375,49.556310176849365,A3_ROTATE_ONE_DIR,A3_ROTATE_ONE_DIR_R02_20260611_172320,delta-asda-b3-e,1591,RTSO|SO|OE|VE|QS|TR,3,0,419424138,300,18,0.07686,17,0.040647,307,49,4270,2391,6000,,300,,,,constant_speed,normal,0,no_load,cw,A3: rotate CW low speed,servo-app/lab-0.1
1781173450.7063982,49.65657091140747,A3_ROTATE_ONE_DIR,A3_ROTATE_ONE_DIR_R02_20260611_172320,delta-asda-b3-e,1591,RTSO|SO|OE|VE|QS|TR,3,0,420271054,301,14,0.05978,14,0.033474,307,49,4270,2391,6000,,300,,,,constant_speed,normal,0,no_load,cw,A3: rotate CW low speed,servo-app/lab-0.1
1781173450.8067307,49.756903409957886,A3_ROTATE_ONE_DIR,A3_ROTATE_ONE_DIR_R02_20260611_172320,delta-asda-b3-e,1591,RTSO|SO|OE|VE|QS|TR,3,0,421093502,300,18,0.07686,19,0.045429,308,49,4270,2391,6000,,300,,,,constant_speed,normal,0,no_load,cw,A3: rotate CW low speed,servo-app/lab-0.1
1781173450.906913,49.85708570480347,A3_ROTATE_ONE_DIR,A3_ROTATE_ONE_DIR_R02_20260611_172320,delta-asda-b3-e,1591,RTSO|SO|OE|VE|QS|TR,3,0,421948456,300,19,0.08113,20,0.04782,307,49,4270,2391,6000,,300,,,,constant_speed,normal,0,no_load,cw,A3: rotate CW low speed,servo-app/lab-0.1
1781173451.0073197,49.95749235153198,A3_ROTATE_ONE_DIR,A3_ROTATE_ONE_DIR_R02_20260611_172320,delta-asda-b3-e,1591,RTSO|SO|OE|VE|QS|TR,3,0,422796065,300,17,0.07259,16,0.038256,307,49,4270,2391,6000,,300,,,,constant_speed,normal,0,no_load,cw,A3: rotate CW low speed,servo-app/lab-0.1
1781173451.1074593,50.057631969451904,A3_ROTATE_ONE_DIR,A3_ROTATE_ONE_DIR_R02_20260611_172320,delta-asda-b3-e,1591,RTSO|SO|OE|VE|QS|TR,3,0,423617585,301,18,0.07686,17,0.040647,307,49,4270,2391,6000,,300,,,,constant_speed,normal,0,no_load,cw,A3: rotate CW low speed,servo-app/lab-0.1
1781173451.207965,50.15813755989075,A3_ROTATE_ONE_DIR,A3_ROTATE_ONE_DIR_R02_20260611_172320,delta-asda-b3-e,1591,RTSO|SO|OE|VE|QS|TR,3,0,424465877,300,18,0.07686,17,0.040647,307,49,4270,2391,6000,,300,,,,constant_speed,normal,0,no_load,cw,A3: rotate CW low speed,servo-app/lab-0.1
1781173451.3082082,50.25838088989258,A3_ROTATE_ONE_DIR,A3_ROTATE_ONE_DIR_R02_20260611_172320,delta-asda-b3-e,1591,RTSO|SO|OE|VE|QS|TR,3,0,425311860,300,20,0.0854,22,0.052602,307,49,4270,2391,6000,,300,,,,constant_speed,normal,0,no_load,cw,A3: rotate CW low speed,servo-app/lab-0.1
1781173451.40841,50.358582735061646,A3_ROTATE_ONE_DIR,A3_ROTATE_ONE_DIR_R02_20260611_172320,delta-asda-b3-e,1591,RTSO|SO|OE|VE|QS|TR,3,0,426142785,299,18,0.07686,18,0.043038,307,49,4270,2391,6000,,300,,,,constant_speed,normal,0,no_load,cw,A3: rotate CW low speed,servo-app/lab-0.1
1781173451.5089304,50.45910310745239,A3_ROTATE_ONE_DIR,A3_ROTATE_ONE_DIR_R02_20260611_172320,delta-asda-b3-e,1591,RTSO|SO|OE|VE|QS|TR,3,0,426997952,301,16,0.06832,16,0.038256,307,49,4270,2391,6000,,300,,,,constant_speed,normal,0,no_load,cw,A3: rotate CW low speed,servo-app/lab-0.1
1781173451.6093524,50.55952501296997,A3_ROTATE_ONE_DIR,A3_ROTATE_ONE_DIR_R02_20260611_172320,delta-asda-b3-e,1591,RTSO|SO|OE|VE|QS|TR,3,0,427845769,300,19,0.08113,18,0.043038,307,49,4270,2391,6000,,300,,,,constant_speed,normal,0,no_load,cw,A3: rotate CW low speed,servo-app/lab-0.1
1781173451.709433,50.659605741500854,A3_ROTATE_ONE_DIR,A3_ROTATE_ONE_DIR_R02_20260611_172320,delta-asda-b3-e,1591,RTSO|SO|OE|VE|QS|TR,3,0,428667406,300,19,0.08113,19,0.045429,307,49,4270,2391,6000,,300,,,,constant_speed,normal,0,no_load,cw,A3: rotate CW low speed,servo-app/lab-0.1
1781173451.8101897,50.76036238670349,A3_ROTATE_ONE_DIR,A3_ROTATE_ONE_DIR_R02_20260611_172320,delta-asda-b3-e,1591,RTSO|SO|OE|VE|QS|TR,3,0,429514431,299,19,0.08113,18,0.043038,307,49,4270,2391,6000,,300,,,,constant_speed,normal,0,no_load,cw,A3: rotate CW low speed,servo-app/lab-0.1
1781173451.9102843,50.86045694351196,A3_ROTATE_ONE_DIR,A3_ROTATE_ONE_DIR_R02_20260611_172320,delta-asda-b3-e,1591,RTSO|SO|OE|VE|QS|TR,3,0,430344573,300,16,0.06832,17,0.040647,307,49,4270,2391,6000,,300,,,,constant_speed,normal,0,no_load,cw,A3: rotate CW low speed,servo-app/lab-0.1
1781173452.0105438,50.96071648597717,A3_ROTATE_ONE_DIR,A3_ROTATE_ONE_DIR_R02_20260611_172320,delta-asda-b3-e,1591,RTSO|SO|OE|VE|QS|TR,3,0,431192631,300,20,0.0854,17,0.040647,307,49,4270,2391,6000,,300,,,,constant_speed,normal,0,no_load,cw,A3: rotate CW low speed,servo-app/lab-0.1
1781173452.1107826,51.060955286026,A3_ROTATE_ONE_DIR,A3_ROTATE_ONE_DIR_R02_20260611_172320,delta-asda-b3-e,1591,RTSO|SO|OE|VE|QS|TR,3,0,432047441,300,19,0.08113,18,0.043038,307,49,4270,2391,6000,,300,,,,constant_speed,normal,0,no_load,cw,A3: rotate CW low speed,servo-app/lab-0.1
1781173452.211198,51.16137075424194,A3_ROTATE_ONE_DIR,A3_ROTATE_ONE_DIR_R02_20260611_172320,delta-asda-b3-e,1591,RTSO|SO|OE|VE|QS|TR,3,0,432870146,300,19,0.08113,17,0.040647,307,49,4270,2391,6000,,300,,,,constant_speed,normal,0,no_load,cw,A3: rotate CW low speed,servo-app/lab-0.1
1781173452.311366,51.26153874397278,A3_ROTATE_ONE_DIR,A3_ROTATE_ONE_DIR_R02_20260611_172320,delta-asda-b3-e,1591,RTSO|SO|OE|VE|QS|TR,3,0,433724749,300,15,0.06405,17,0.040647,307,49,4270,2391,6000,,300,,,,constant_speed,normal,0,no_load,cw,A3: rotate CW low speed,servo-app/lab-0.1
1781173452.4117813,51.36195397377014,A3_ROTATE_ONE_DIR,A3_ROTATE_ONE_DIR_R02_20260611_172320,delta-asda-b3-e,1591,RTSO|SO|OE|VE|QS|TR,3,0,434556115,300,16,0.06832,18,0.043038,307,49,4270,2391,6000,,300,,,,constant_speed,normal,0,no_load,cw,A3: rotate CW low speed,servo-app/lab-0.1
1781173452.5119553,51.462127923965454,A3_ROTATE_ONE_DIR,A3_ROTATE_ONE_DIR_R02_20260611_172320,delta-asda-b3-e,1591,RTSO|SO|OE|VE|QS|TR,3,0,435402770,301,17,0.07259,19,0.045429,307,49,4270,2391,6000,,300,,,,constant_speed,normal,0,no_load,cw,A3: rotate CW low speed,servo-app/lab-0.1
1781173452.6122832,51.562455892562866,A3_ROTATE_ONE_DIR,A3_ROTATE_ONE_DIR_R02_20260611_172320,delta-asda-b3-e,1591,RTSO|SO|OE|VE|QS|TR,3,0,436250379,300,19,0.08113,18,0.043038,307,49,4270,2391,6000,,300,,,,constant_speed,normal,0,no_load,cw,A3: rotate CW low speed,servo-app/lab-0.1
1781173452.7123287,51.66250133514404,A3_ROTATE_ONE_DIR,A3_ROTATE_ONE_DIR_R02_20260611_172320,delta-asda-b3-e,1591,RTSO|SO|OE|VE|QS|TR,3,0,437097455,301,15,0.06405,15,0.035865,307,49,4270,2391,6000,,300,,,,constant_speed,normal,0,no_load,cw,A3: rotate CW low speed,servo-app/lab-0.1
1781173452.8126361,51.76280879974365,A3_ROTATE_ONE_DIR,A3_ROTATE_ONE_DIR_R02_20260611_172320,delta-asda-b3-e,1591,RTSO|SO|OE|VE|QS|TR,3,0,437928096,300,18,0.07686,19,0.045429,307,49,4270,2391,6000,,300,,,,constant_speed,normal,0,no_load,cw,A3: rotate CW low speed,servo-app/lab-0.1
1781173452.912833,51.86300563812256,A3_ROTATE_ONE_DIR,A3_ROTATE_ONE_DIR_R02_20260611_172320,delta-asda-b3-e,1591,RTSO|SO|OE|VE|QS|TR,3,0,438774782,301,21,0.08967,19,0.045429,307,49,4270,2391,6000,,300,,,,constant_speed,normal,0,no_load,cw,A3: rotate CW low speed,servo-app/lab-0.1
1781173453.0133295,51.963502168655396,A3_ROTATE_ONE_DIR,A3_ROTATE_ONE_DIR_R02_20260611_172320,delta-asda-b3-e,1591,RTSO|SO|OE|VE|QS|TR,3,0,439622560,301,18,0.07686,17,0.040647,307,49,4270,2391,6000,,300,,,,constant_speed,normal,0,no_load,cw,A3: rotate CW low speed,servo-app/lab-0.1
1781173453.1134067,52.06357932090759,A3_ROTATE_ONE_DIR,A3_ROTATE_ONE_DIR_R02_20260611_172320,delta-asda-b3-e,1591,RTSO|SO|OE|VE|QS|TR,3,0,440443960,301,15,0.06405,16,0.038256,307,49,4270,2391,6000,,300,,,,constant_speed,normal,0,no_load,cw,A3: rotate CW low speed,servo-app/lab-0.1
1781173453.213891,52.164063692092896,A3_ROTATE_ONE_DIR,A3_ROTATE_ONE_DIR_R02_20260611_172320,delta-asda-b3-e,1591,RTSO|SO|OE|VE|QS|TR,3,0,441283703,300,18,0.07686,17,0.040647,307,49,4270,2391,6000,,300,,,,constant_speed,normal,0,no_load,cw,A3: rotate CW low speed,servo-app/lab-0.1
1781173453.3140197,52.26419234275818,A3_ROTATE_ONE_DIR,A3_ROTATE_ONE_DIR_R02_20260611_172320,delta-asda-b3-e,1591,RTSO|SO|OE|VE|QS|TR,3,0,442138294,301,20,0.0854,21,0.050211,307,49,4270,2391,6000,,300,,,,constant_speed,normal,0,no_load,cw,A3: rotate CW low speed,servo-app/lab-0.1
1781173453.4144056,52.36457824707031,A3_ROTATE_ONE_DIR,A3_ROTATE_ONE_DIR_R02_20260611_172320,delta-asda-b3-e,1591,RTSO|SO|OE|VE|QS|TR,3,0,442977412,300,19,0.08113,18,0.043038,307,49,4270,2391,6000,,300,,,,constant_speed,normal,0,no_load,cw,A3: rotate CW low speed,servo-app/lab-0.1
1781173453.5148509,52.46502351760864,A3_ROTATE_ONE_DIR,A3_ROTATE_ONE_DIR_R02_20260611_172320,delta-asda-b3-e,1591,RTSO|SO|OE|VE|QS|TR,3,0,443824577,301,15,0.06405,16,0.038256,307,49,4270,2391,6000,,300,,,,constant_speed,normal,0,no_load,cw,A3: rotate CW low speed,servo-app/lab-0.1
1781173453.6153932,52.56556582450867,A3_ROTATE_ONE_DIR,A3_ROTATE_ONE_DIR_R02_20260611_172320,delta-asda-b3-e,1591,RTSO|SO|OE|VE|QS|TR,3,0,444663833,300,18,0.07686,18,0.043038,307,49,4270,2391,6000,,300,,,,constant_speed,normal,0,no_load,cw,A3: rotate CW low speed,servo-app/lab-0.1
1781173453.7156858,52.66585850715637,A3_ROTATE_ONE_DIR,A3_ROTATE_ONE_DIR_R02_20260611_172320,delta-asda-b3-e,1591,RTSO|SO|OE|VE|QS|TR,3,0,445502171,300,20,0.0854,20,0.04782,307,49,4270,2391,6000,,300,,,,constant_speed,normal,0,no_load,cw,A3: rotate CW low speed,servo-app/lab-0.1
1781173453.8159144,52.7660870552063,A3_ROTATE_ONE_DIR,A3_ROTATE_ONE_DIR_R02_20260611_172320,delta-asda-b3-e,1591,RTSO|SO|OE|VE|QS|TR,3,0,446349014,300,21,0.08967,20,0.04782,307,49,4270,2391,6000,,300,,,,constant_speed,normal,0,no_load,cw,A3: rotate CW low speed,servo-app/lab-0.1
1781173453.9165988,52.86677145957947,A3_ROTATE_ONE_DIR,A3_ROTATE_ONE_DIR_R02_20260611_172320,delta-asda-b3-e,1591,RTSO|SO|OE|VE|QS|TR,3,0,447187703,301,18,0.07686,17,0.040647,308,49,4270,2391,6000,,300,,,,constant_speed,normal,0,no_load,cw,A3: rotate CW low speed,servo-app/lab-0.1
1781173454.0169837,52.967156410217285,A3_ROTATE_ONE_DIR,A3_ROTATE_ONE_DIR_R02_20260611_172320,delta-asda-b3-e,1591,RTSO|SO|OE|VE|QS|TR,3,0,448035737,300,18,0.07686,17,0.040647,307,49,4270,2391,6000,,300,,,,constant_speed,normal,0,no_load,cw,A3: rotate CW low speed,servo-app/lab-0.1
1781173454.1174314,53.067604064941406,A3_ROTATE_ONE_DIR,A3_ROTATE_ONE_DIR_R02_20260611_172320,delta-asda-b3-e,1591,RTSO|SO|OE|VE|QS|TR,3,0,448865339,300,20,0.0854,21,0.050211,307,49,4270,2391,6000,,300,,,,constant_speed,normal,0,no_load,cw,A3: rotate CW low speed,servo-app/lab-0.1
1781173454.2179432,53.168115854263306,A3_ROTATE_ONE_DIR,A3_ROTATE_ONE_DIR_R02_20260611_172320,delta-asda-b3-e,1591,RTSO|SO|OE|VE|QS|TR,3,0,449721307,299,21,0.08967,20,0.04782,307,49,4270,2391,6000,,300,,,,constant_speed,normal,0,no_load,cw,A3: rotate CW low speed,servo-app/lab-0.1
1781173454.318176,53.268348693847656,A3_ROTATE_ONE_DIR,A3_ROTATE_ONE_DIR_R02_20260611_172320,delta-asda-b3-e,1591,RTSO|SO|OE|VE|QS|TR,3,0,450559361,300,18,0.07686,17,0.040647,307,49,4270,2391,6000,,300,,,,constant_speed,normal,0,no_load,cw,A3: rotate CW low speed,servo-app/lab-0.1
1781173454.4182897,53.368462324142456,A3_ROTATE_ONE_DIR,A3_ROTATE_ONE_DIR_R02_20260611_172320,delta-asda-b3-e,1591,RTSO|SO|OE|VE|QS|TR,3,0,451382310,300,19,0.08113,18,0.043038,307,49,4270,2391,6000,,300,,,,constant_speed,normal,0,no_load,cw,A3: rotate CW low speed,servo-app/lab-0.1
1781173454.5185726,53.46874523162842,A3_ROTATE_ONE_DIR,A3_ROTATE_ONE_DIR_R02_20260611_172320,delta-asda-b3-e,1591,RTSO|SO|OE|VE|QS|TR,3,0,452237552,301,20,0.0854,21,0.050211,307,49,4270,2391,6000,,300,,,,constant_speed,normal,0,no_load,cw,A3: rotate CW low speed,servo-app/lab-0.1
1781173454.6191382,53.569310903549194,A3_ROTATE_ONE_DIR,A3_ROTATE_ONE_DIR_R02_20260611_172320,delta-asda-b3-e,1591,RTSO|SO|OE|VE|QS|TR,3,0,453084751,299,20,0.0854,21,0.050211,307,49,4270,2391,6000,,300,,,,constant_speed,normal,0,no_load,cw,A3: rotate CW low speed,servo-app/lab-0.1
1781173454.7194633,53.66963601112366,A3_ROTATE_ONE_DIR,A3_ROTATE_ONE_DIR_R02_20260611_172320,delta-asda-b3-e,1591,RTSO|SO|OE|VE|QS|TR,3,0,453923600,300,15,0.06405,16,0.038256,307,49,4270,2391,6000,,300,,,,constant_speed,normal,0,no_load,cw,A3: rotate CW low speed,servo-app/lab-0.1
1781173454.8196874,53.76986002922058,A3_ROTATE_ONE_DIR,A3_ROTATE_ONE_DIR_R02_20260611_172320,delta-asda-b3-e,1591,RTSO|SO|OE|VE|QS|TR,3,0,454762644,299,19,0.08113,20,0.04782,307,49,4270,2391,6000,,300,,,,constant_speed,normal,0,no_load,cw,A3: rotate CW low speed,servo-app/lab-0.1
1781173454.9201822,53.870354890823364,A3_ROTATE_ONE_DIR,A3_ROTATE_ONE_DIR_R02_20260611_172320,delta-asda-b3-e,1591,RTSO|SO|OE|VE|QS|TR,3,0,455592705,300,20,0.0854,19,0.045429,307,49,4270,2391,6000,,300,,,,constant_speed,normal,0,no_load,cw,A3: rotate CW low speed,servo-app/lab-0.1
1781173455.0203905,53.97056317329407,A3_ROTATE_ONE_DIR,A3_ROTATE_ONE_DIR_R02_20260611_172320,delta-asda-b3-e,1591,RTSO|SO|OE|VE|QS|TR,3,0,456448663,300,18,0.07686,19,0.045429,307,49,4270,2391,6000,,300,,,,constant_speed,normal,0,no_load,cw,A3: rotate CW low speed,servo-app/lab-0.1
1781173455.1208458,54.07101845741272,A3_ROTATE_ONE_DIR,A3_ROTATE_ONE_DIR_R02_20260611_172320,delta-asda-b3-e,1591,RTSO|SO|OE|VE|QS|TR,3,0,457287086,300,17,0.07259,17,0.040647,307,49,4270,2391,6000,,300,,,,constant_speed,normal,0,no_load,cw,A3: rotate CW low speed,servo-app/lab-0.1
1781173455.2213616,54.171534299850464,A3_ROTATE_ONE_DIR,A3_ROTATE_ONE_DIR_R02_20260611_172320,delta-asda-b3-e,1591,RTSO|SO|OE|VE|QS|TR,3,0,458134924,299,17,0.07259,18,0.043038,307,49,4270,2391,6000,,300,,,,constant_speed,normal,0,no_load,cw,A3: rotate CW low speed,servo-app/lab-0.1
1781173455.3215914,54.271764039993286,A3_ROTATE_ONE_DIR,A3_ROTATE_ONE_DIR_R02_20260611_172320,delta-asda-b3-e,1591,RTSO|SO|OE|VE|QS|TR,3,0,458981337,301,21,0.08967,20,0.04782,307,49,4270,2391,6000,,300,,,,constant_speed,normal,0,no_load,cw,A3: rotate CW low speed,servo-app/lab-0.1
1781173455.4220884,54.37226104736328,A3_ROTATE_ONE_DIR,A3_ROTATE_ONE_DIR_R02_20260611_172320,delta-asda-b3-e,1591,RTSO|SO|OE|VE|QS|TR,3,0,459820242,299,21,0.08967,20,0.04782,307,49,4270,2391,6000,,300,,,,constant_speed,normal,0,no_load,cw,A3: rotate CW low speed,servo-app/lab-0.1
1781173455.522345,54.47251772880554,A3_ROTATE_ONE_DIR,A3_ROTATE_ONE_DIR_R02_20260611_172320,delta-asda-b3-e,1591,RTSO|SO|OE|VE|QS|TR,3,0,460659326,301,15,0.06405,15,0.035865,307,49,4270,2391,6000,,300,,,,constant_speed,normal,0,no_load,cw,A3: rotate CW low speed,servo-app/lab-0.1
1781173455.6227646,54.57293725013733,A3_ROTATE_ONE_DIR,A3_ROTATE_ONE_DIR_R02_20260611_172320,delta-asda-b3-e,1591,RTSO|SO|OE|VE|QS|TR,3,0,461489853,300,19,0.08113,19,0.045429,307,49,4270,2391,6000,,300,,,,constant_speed,normal,0,no_load,cw,A3: rotate CW low speed,servo-app/lab-0.1
1781173455.7231193,54.6732919216156,A3_ROTATE_ONE_DIR,A3_ROTATE_ONE_DIR_R02_20260611_172320,delta-asda-b3-e,1591,RTSO|SO|OE|VE|QS|TR,3,0,462336826,300,19,0.08113,19,0.045429,307,49,4270,2391,6000,,300,,,,constant_speed,normal,0,no_load,cw,A3: rotate CW low speed,servo-app/lab-0.1
1781173455.8234682,54.773640871047974,A3_ROTATE_ONE_DIR,A3_ROTATE_ONE_DIR_R02_20260611_172320,delta-asda-b3-e,1591,RTSO|SO|OE|VE|QS|TR,3,0,463192045,299,20,0.0854,21,0.050211,307,49,4270,2391,6000,,300,,,,constant_speed,normal,0,no_load,cw,A3: rotate CW low speed,servo-app/lab-0.1
1781173455.9238663,54.87403893470764,A3_ROTATE_ONE_DIR,A3_ROTATE_ONE_DIR_R02_20260611_172320,delta-asda-b3-e,1591,RTSO|SO|OE|VE|QS|TR,3,0,464022571,301,17,0.07259,17,0.040647,307,49,4270,2391,6000,,300,,,,constant_speed,normal,0,no_load,cw,A3: rotate CW low speed,servo-app/lab-0.1
1781173456.0239825,54.97415518760681,A3_ROTATE_ONE_DIR,A3_ROTATE_ONE_DIR_R02_20260611_172320,delta-asda-b3-e,1591,RTSO|SO|OE|VE|QS|TR,3,0,464862150,300,17,0.07259,17,0.040647,307,49,4270,2391,6000,,300,,,,constant_speed,normal,0,no_load,cw,A3: rotate CW low speed,servo-app/lab-0.1
1781173456.124352,55.07452464103699,A3_ROTATE_ONE_DIR,A3_ROTATE_ONE_DIR_R02_20260611_172320,delta-asda-b3-e,1591,RTSO|SO|OE|VE|QS|TR,3,0,465708615,300,21,0.08967,21,0.050211,307,49,4270,2391,6000,,300,,,,constant_speed,normal,0,no_load,cw,A3: rotate CW low speed,servo-app/lab-0.1
1781173456.2247252,55.17489790916443,A3_ROTATE_ONE_DIR,A3_ROTATE_ONE_DIR_R02_20260611_172320,delta-asda-b3-e,1591,RTSO|SO|OE|VE|QS|TR,3,0,466547645,299,21,0.08967,21,0.050211,307,49,4270,2391,6000,,300,,,,constant_speed,normal,0,no_load,cw,A3: rotate CW low speed,servo-app/lab-0.1
1781173456.3247688,55.27494144439697,A3_ROTATE_ONE_DIR,A3_ROTATE_ONE_DIR_R02_20260611_172320,delta-asda-b3-e,1591,RTSO|SO|OE|VE|QS|TR,3,0,467394407,300,17,0.07259,17,0.040647,307,49,4270,2391,6000,,300,,,,constant_speed,normal,0,no_load,cw,A3: rotate CW low speed,servo-app/lab-0.1
1781173456.424841,55.37501358985901,A3_ROTATE_ONE_DIR,A3_ROTATE_ONE_DIR_R02_20260611_172320,delta-asda-b3-e,1591,RTSO|SO|OE|VE|QS|TR,3,0,468217094,300,18,0.07686,19,0.045429,307,49,4270,2391,6000,,300,,,,constant_speed,normal,0,no_load,cw,A3: rotate CW low speed,servo-app/lab-0.1
1781173456.5255625,55.47573518753052,A3_ROTATE_ONE_DIR,A3_ROTATE_ONE_DIR_R02_20260611_172320,delta-asda-b3-e,1591,RTSO|SO|OE|VE|QS|TR,3,0,469072545,301,19,0.08113,20,0.04782,307,49,4270,2391,6000,,300,,,,constant_speed,normal,0,no_load,cw,A3: rotate CW low speed,servo-app/lab-0.1
1781173456.626139,55.57631158828735,A3_ROTATE_ONE_DIR,A3_ROTATE_ONE_DIR_R02_20260611_172320,delta-asda-b3-e,1591,RTSO|SO|OE|VE|QS|TR,3,0,469919416,299,22,0.09394,21,0.050211,307,49,4270,2391,6000,,300,,,,constant_speed,normal,0,no_load,cw,A3: rotate CW low speed,servo-app/lab-0.1
1781173456.7265444,55.676717042922974,A3_ROTATE_ONE_DIR,A3_ROTATE_ONE_DIR_R02_20260611_172320,delta-asda-b3-e,1591,RTSO|SO|OE|VE|QS|TR,3,0,470758400,300,16,0.06832,15,0.035865,307,49,4270,2391,6000,,300,,,,constant_speed,normal,0,no_load,cw,A3: rotate CW low speed,servo-app/lab-0.1
1781173456.8269026,55.77707529067993,A3_ROTATE_ONE_DIR,A3_ROTATE_ONE_DIR_R02_20260611_172320,delta-asda-b3-e,1591,RTSO|SO|OE|VE|QS|TR,3,0,471588959,299,18,0.07686,20,0.04782,307,49,4270,2391,6000,,300,,,,constant_speed,normal,0,no_load,cw,A3: rotate CW low speed,servo-app/lab-0.1
1781173456.9270532,55.87722587585449,A3_ROTATE_ONE_DIR,A3_ROTATE_ONE_DIR_R02_20260611_172320,delta-asda-b3-e,1591,RTSO|SO|OE|VE|QS|TR,3,0,472444253,300,19,0.08113,20,0.04782,307,49,4270,2391,6000,,300,,,,constant_speed,normal,0,no_load,cw,A3: rotate CW low speed,servo-app/lab-0.1
1781173457.027259,55.977431774139404,A3_ROTATE_ONE_DIR,A3_ROTATE_ONE_DIR_R02_20260611_172320,delta-asda-b3-e,1591,RTSO|SO|OE|VE|QS|TR,3,0,473283238,299,21,0.08967,20,0.04782,307,49,4270,2391,6000,,300,,,,constant_speed,normal,0,no_load,cw,A3: rotate CW low speed,servo-app/lab-0.1
1781173457.1276317,56.07780432701111,A3_ROTATE_ONE_DIR,A3_ROTATE_ONE_DIR_R02_20260611_172320,delta-asda-b3-e,1591,RTSO|SO|OE|VE|QS|TR,3,0,474121776,300,16,0.06832,17,0.040647,307,49,4270,2391,6000,,300,,,,constant_speed,normal,0,no_load,cw,A3: rotate CW low speed,servo-app/lab-0.1
1781173457.2276747,56.177847385406494,A3_ROTATE_ONE_DIR,A3_ROTATE_ONE_DIR_R02_20260611_172320,delta-asda-b3-e,1591,RTSO|SO|OE|VE|QS|TR,3,0,474969305,299,18,0.07686,20,0.04782,307,49,4270,2391,6000,,300,,,,constant_speed,normal,0,no_load,cw,A3: rotate CW low speed,servo-app/lab-0.1
1781173457.3281465,56.278319120407104,A3_ROTATE_ONE_DIR,A3_ROTATE_ONE_DIR_R02_20260611_172320,delta-asda-b3-e,1591,RTSO|SO|OE|VE|QS|TR,3,0,475807615,300,19,0.08113,21,0.050211,306,49,4270,2391,6000,,300,,,,constant_speed,normal,0,no_load,cw,A3: rotate CW low speed,servo-app/lab-0.1
1781173457.4286647,56.37883734703064,A3_ROTATE_ONE_DIR,A3_ROTATE_ONE_DIR_R02_20260611_172320,delta-asda-b3-e,1591,RTSO|SO|OE|VE|QS|TR,3,0,476637928,299,22,0.09394,21,0.050211,307,49,4270,2391,6000,,300,,,,constant_speed,normal,0,no_load,cw,A3: rotate CW low speed,servo-app/lab-0.1
1781173457.529037,56.479209661483765,A3_ROTATE_ONE_DIR,A3_ROTATE_ONE_DIR_R02_20260611_172320,delta-asda-b3-e,1591,RTSO|SO|OE|VE|QS|TR,3,0,477493965,300,16,0.06832,17,0.040647,307,49,4270,2391,6000,,300,,,,constant_speed,normal,0,no_load,cw,A3: rotate CW low speed,servo-app/lab-0.1
1781173457.6292958,56.57946848869324,A3_ROTATE_ONE_DIR,A3_ROTATE_ONE_DIR_R02_20260611_172320,delta-asda-b3-e,1591,RTSO|SO|OE|VE|QS|TR,3,0,478315896,299,20,0.0854,19,0.045429,307,49,4270,2391,6000,,300,,,,constant_speed,normal,0,no_load,cw,A3: rotate CW low speed,servo-app/lab-0.1
1781173457.729714,56.67988657951355,A3_ROTATE_ONE_DIR,A3_ROTATE_ONE_DIR_R02_20260611_172320,delta-asda-b3-e,1591,RTSO|SO|OE|VE|QS|TR,3,0,479171222,299,21,0.08967,20,0.04782,306,49,4270,2391,6000,,300,,,,constant_speed,normal,0,no_load,cw,A3: rotate CW low speed,servo-app/lab-0.1
1781173457.8302305,56.78040313720703,A3_ROTATE_ONE_DIR,A3_ROTATE_ONE_DIR_R02_20260611_172320,delta-asda-b3-e,1591,RTSO|SO|OE|VE|QS|TR,3,0,480017913,299,21,0.08967,21,0.050211,307,49,4270,2391,6000,,300,,,,constant_speed,normal,0,no_load,cw,A3: rotate CW low speed,servo-app/lab-0.1
1781173457.930531,56.88070368766785,A3_ROTATE_ONE_DIR,A3_ROTATE_ONE_DIR_R02_20260611_172320,delta-asda-b3-e,1591,RTSO|SO|OE|VE|QS|TR,3,0,480848668,300,17,0.07259,18,0.043038,307,49,4270,2391,6000,,300,,,,constant_speed,normal,0,no_load,cw,A3: rotate CW low speed,servo-app/lab-0.1
1781173458.0309505,56.981123208999634,A3_ROTATE_ONE_DIR,A3_ROTATE_ONE_DIR_R02_20260611_172320,delta-asda-b3-e,1591,RTSO|SO|OE|VE|QS|TR,3,0,481704742,299,18,0.07686,18,0.043038,307,49,4270,2391,6000,,300,,,,constant_speed,normal,0,no_load,cw,A3: rotate CW low speed,servo-app/lab-0.1
1781173458.131415,57.08158755302429,A3_ROTATE_ONE_DIR,A3_ROTATE_ONE_DIR_R02_20260611_172320,delta-asda-b3-e,1591,RTSO|SO|OE|VE|QS|TR,3,0,482542944,300,21,0.08967,21,0.050211,307,49,4270,2391,6000,,300,,,,constant_speed,normal,0,no_load,cw,A3: rotate CW low speed,servo-app/lab-0.1
1781173458.2320309,57.18220353126526,A3_ROTATE_ONE_DIR,A3_ROTATE_ONE_DIR_R02_20260611_172320,delta-asda-b3-e,1591,RTSO|SO|OE|VE|QS|TR,3,0,483373397,298,20,0.0854,20,0.04782,307,49,4270,2391,6000,,300,,,,constant_speed,normal,0,no_load,cw,A3: rotate CW low speed,servo-app/lab-0.1
1781173458.3321042,57.28227686882019,A3_ROTATE_ONE_DIR,A3_ROTATE_ONE_DIR_R02_20260611_172320,delta-asda-b3-e,1591,RTSO|SO|OE|VE|QS|TR,3,0,484228997,301,16,0.06832,18,0.043038,307,49,4270,2391,6000,,300,,,,constant_speed,normal,0,no_load,cw,A3: rotate CW low speed,servo-app/lab-0.1
1781173458.4325135,57.382686138153076,A3_ROTATE_ONE_DIR,A3_ROTATE_ONE_DIR_R02_20260611_172320,delta-asda-b3-e,1591,RTSO|SO|OE|VE|QS|TR,3,0,485076548,299,18,0.07686,18,0.043038,307,49,4270,2391,6000,,300,,,,constant_speed,normal,0,no_load,cw,A3: rotate CW low speed,servo-app/lab-0.1
1781173458.5326698,57.482842445373535,A3_ROTATE_ONE_DIR,A3_ROTATE_ONE_DIR_R02_20260611_172320,delta-asda-b3-e,1591,RTSO|SO|OE|VE|QS|TR,3,0,485907150,301,20,0.0854,20,0.04782,307,49,4270,2391,6000,,300,,,,constant_speed,normal,0,no_load,cw,A3: rotate CW low speed,servo-app/lab-0.1
1781173458.6331956,57.5833683013916,A3_ROTATE_ONE_DIR,A3_ROTATE_ONE_DIR_R02_20260611_172320,delta-asda-b3-e,1591,RTSO|SO|OE|VE|QS|TR,3,0,486753735,299,22,0.09394,23,0.054993,307,49,4270,2391,6000,,300,,,,constant_speed,normal,0,no_load,cw,A3: rotate CW low speed,servo-app/lab-0.1
1781173458.733486,57.683658599853516,A3_ROTATE_ONE_DIR,A3_ROTATE_ONE_DIR_R02_20260611_172320,delta-asda-b3-e,1591,RTSO|SO|OE|VE|QS|TR,3,0,487593034,300,16,0.06832,16,0.038256,307,49,4270,2391,6000,,300,,,,constant_speed,normal,0,no_load,cw,A3: rotate CW low speed,servo-app/lab-0.1
1781173458.8335319,57.78370451927185,A3_ROTATE_ONE_DIR,A3_ROTATE_ONE_DIR_R02_20260611_172320,delta-asda-b3-e,1591,RTSO|SO|OE|VE|QS|TR,3,0,488423309,299,18,0.07686,19,0.045429,307,49,4270,2391,6000,,300,,,,constant_speed,normal,0,no_load,cw,A3: rotate CW low speed,servo-app/lab-0.1
1781173458.933628,57.883800745010376,A3_ROTATE_ONE_DIR,A3_ROTATE_ONE_DIR_R02_20260611_172320,delta-asda-b3-e,1591,RTSO|SO|OE|VE|QS|TR,3,0,489270585,300,18,0.07686,19,0.045429,307,49,4270,2391,6000,,300,,,,constant_speed,normal,0,no_load,cw,A3: rotate CW low speed,servo-app/lab-0.1
1781173459.0338051,57.98397779464722,A3_ROTATE_ONE_DIR,A3_ROTATE_ONE_DIR_R02_20260611_172320,delta-asda-b3-e,1591,RTSO|SO|OE|VE|QS|TR,3,0,490117685,299,21,0.08967,20,0.04782,307,49,4270,2391,6000,,300,,,,constant_speed,normal,0,no_load,cw,A3: rotate CW low speed,servo-app/lab-0.1
1781173459.133832,58.084004640579224,A3_ROTATE_ONE_DIR,A3_ROTATE_ONE_DIR_R02_20260611_172320,delta-asda-b3-e,1591,RTSO|SO|OE|VE|QS|TR,3,0,490939626,300,18,0.07686,18,0.043038,307,49,4270,2391,6000,,300,,,,constant_speed,normal,0,no_load,cw,A3: rotate CW low speed,servo-app/lab-0.1
1781173459.234348,58.18452072143555,A3_ROTATE_ONE_DIR,A3_ROTATE_ONE_DIR_R02_20260611_172320,delta-asda-b3-e,1591,RTSO|SO|OE|VE|QS|TR,3,0,491786991,299,18,0.07686,18,0.043038,307,49,4270,2391,6000,,300,,,,constant_speed,normal,0,no_load,cw,A3: rotate CW low speed,servo-app/lab-0.1
1781173459.3344836,58.284656286239624,A3_ROTATE_ONE_DIR,A3_ROTATE_ONE_DIR_R02_20260611_172320,delta-asda-b3-e,1591,RTSO|SO|OE|VE|QS|TR,3,0,492634086,300,19,0.08113,18,0.043038,307,49,4270,2391,6000,,300,,,,constant_speed,normal,0,no_load,cw,A3: rotate CW low speed,servo-app/lab-0.1
1781173459.4347417,58.38491439819336,A3_ROTATE_ONE_DIR,A3_ROTATE_ONE_DIR_R02_20260611_172320,delta-asda-b3-e,1591,RTSO|SO|OE|VE|QS|TR,3,0,493464098,299,21,0.08967,21,0.050211,307,49,4270,2391,6000,,300,,,,constant_speed,normal,0,no_load,cw,A3: rotate CW low speed,servo-app/lab-0.1
1781173459.535333,58.4855055809021,A3_ROTATE_ONE_DIR,A3_ROTATE_ONE_DIR_R02_20260611_172320,delta-asda-b3-e,1591,RTSO|SO|OE|VE|QS|TR,3,0,494312019,300,15,0.06405,16,0.038256,307,49,4270,2391,6000,,300,,,,constant_speed,normal,0,no_load,cw,A3: rotate CW low speed,servo-app/lab-0.1
1781173459.63545,58.58562254905701,A3_ROTATE_ONE_DIR,A3_ROTATE_ONE_DIR_R02_20260611_172320,delta-asda-b3-e,1591,RTSO|SO|OE|VE|QS|TR,3,0,495158565,298,19,0.08113,19,0.045429,307,49,4270,2391,6000,,300,,,,constant_speed,normal,0,no_load,cw,A3: rotate CW low speed,servo-app/lab-0.1
1781173459.7357762,58.685948848724365,A3_ROTATE_ONE_DIR,A3_ROTATE_ONE_DIR_R02_20260611_172320,delta-asda-b3-e,1591,RTSO|SO|OE|VE|QS|TR,3,0,495997526,300,20,0.0854,21,0.050211,307,49,4270,2391,6000,,300,,,,constant_speed,normal,0,no_load,cw,A3: rotate CW low speed,servo-app/lab-0.1
1781173459.8361702,58.78634285926819,A3_ROTATE_ONE_DIR,A3_ROTATE_ONE_DIR_R02_20260611_172320,delta-asda-b3-e,1591,RTSO|SO|OE|VE|QS|TR,3,0,496827485,299,21,0.08967,22,0.052602,307,49,4270,2391,6000,,300,,,,constant_speed,normal,0,no_load,cw,A3: rotate CW low speed,servo-app/lab-0.1
1781173459.9364183,58.8865909576416,A3_ROTATE_ONE_DIR,A3_ROTATE_ONE_DIR_R02_20260611_172320,delta-asda-b3-e,1591,RTSO|SO|OE|VE|QS|TR,3,0,497683486,300,17,0.07259,17,0.040647,308,49,4270,2391,6000,,300,,,,constant_speed,normal,0,no_load,cw,A3: rotate CW low speed,servo-app/lab-0.1
1781173460.0368557,58.98702836036682,A3_ROTATE_ONE_DIR,A3_ROTATE_ONE_DIR_R02_20260611_172320,delta-asda-b3-e,1591,RTSO|SO|OE|VE|QS|TR,3,0,498514219,299,18,0.07686,18,0.043038,307,49,4270,2391,6000,,300,,,,constant_speed,normal,0,no_load,cw,A3: rotate CW low speed,servo-app/lab-0.1
1781173460.1372774,59.08745002746582,A3_ROTATE_ONE_DIR,A3_ROTATE_ONE_DIR_R02_20260611_172320,delta-asda-b3-e,1591,RTSO|SO|OE|VE|QS|TR,3,0,499360879,300,21,0.08967,21,0.050211,307,49,4270,2391,6000,,300,,,,constant_speed,normal,0,no_load,cw,A3: rotate CW low speed,servo-app/lab-0.1
1781173460.2374752,59.18764781951904,A3_ROTATE_ONE_DIR,A3_ROTATE_ONE_DIR_R02_20260611_172320,delta-asda-b3-e,1591,RTSO|SO|OE|VE|QS|TR,3,0,500199438,298,24,0.10248,22,0.052602,307,49,4270,2391,6000,,300,,,,constant_speed,normal,0,no_load,cw,A3: rotate CW low speed,servo-app/lab-0.1
1781173460.3377,59.287872552871704,A3_ROTATE_ONE_DIR,A3_ROTATE_ONE_DIR_R02_20260611_172320,delta-asda-b3-e,1591,RTSO|SO|OE|VE|QS|TR,3,0,501047017,300,17,0.07259,18,0.043038,307,49,4270,2391,6000,,300,,,,constant_speed,normal,0,no_load,cw,A3: rotate CW low speed,servo-app/lab-0.1
1781173460.4381871,59.388359785079956,A3_ROTATE_ONE_DIR,A3_ROTATE_ONE_DIR_R02_20260611_172320,delta-asda-b3-e,1591,RTSO|SO|OE|VE|QS|TR,3,0,501877538,299,18,0.07686,18,0.043038,307,49,4270,2391,6000,,300,,,,constant_speed,normal,0,no_load,cw,A3: rotate CW low speed,servo-app/lab-0.1
1781173460.5384066,59.48857927322388,A3_ROTATE_ONE_DIR,A3_ROTATE_ONE_DIR_R02_20260611_172320,delta-asda-b3-e,1591,RTSO|SO|OE|VE|QS|TR,3,0,502725013,300,19,0.08113,19,0.045429,307,49,4270,2391,6000,,300,,,,constant_speed,normal,0,no_load,cw,A3: rotate CW low speed,servo-app/lab-0.1
1781173460.638585,59.58875775337219,A3_ROTATE_ONE_DIR,A3_ROTATE_ONE_DIR_R02_20260611_172320,delta-asda-b3-e,1591,RTSO|SO|OE|VE|QS|TR,3,0,503562942,298,24,0.10248,22,0.052602,307,49,4270,2391,6000,,300,,,,constant_speed,normal,0,no_load,cw,A3: rotate CW low speed,servo-app/lab-0.1
1781173460.7387753,59.688947916030884,A3_ROTATE_ONE_DIR,A3_ROTATE_ONE_DIR_R02_20260611_172320,delta-asda-b3-e,1591,RTSO|SO|OE|VE|QS|TR,3,0,504410834,300,16,0.06832,16,0.038256,307,49,4270,2391,6000,,300,,,,constant_speed,normal,0,no_load,cw,A3: rotate CW low speed,servo-app/lab-0.1
1781173460.8390546,59.78922724723816,A3_ROTATE_ONE_DIR,A3_ROTATE_ONE_DIR_R02_20260611_172320,delta-asda-b3-e,1591,RTSO|SO|OE|VE|QS|TR,3,0,505257816,299,17,0.07259,15,0.035865,308,49,4270,2391,6000,,300,,,,constant_speed,normal,0,no_load,cw,A3: rotate CW low speed,servo-app/lab-0.1
1781173460.9396462,59.88981890678406,A3_ROTATE_ONE_DIR,A3_ROTATE_ONE_DIR_R02_20260611_172320,delta-asda-b3-e,1591,RTSO|SO|OE|VE|QS|TR,3,0,506105254,300,17,0.07259,19,0.045429,308,49,4270,2391,6000,,300,,,,constant_speed,normal,0,no_load,cw,A3: rotate CW low speed,servo-app/lab-0.1
1781173461.0401285,59.99030113220215,A3_ROTATE_ONE_DIR,A3_ROTATE_ONE_DIR_R02_20260611_172320,delta-asda-b3-e,1591,RTSO|SO|OE|VE|QS|TR,3,0,506935272,299,20,0.0854,22,0.052602,308,49,4270,2391,6000,,300,,,,constant_speed,normal,0,no_load,cw,A3: rotate CW low speed,servo-app/lab-0.1
1781173461.1402113,60.090384006500244,A3_ROTATE_ONE_DIR,A3_ROTATE_ONE_DIR_R02_20260611_172320,delta-asda-b3-e,1591,RTSO|SO|OE|VE|QS|TR,3,0,507774252,300,16,0.06832,18,0.043038,308,49,4270,2391,6000,,300,,,,constant_speed,normal,0,no_load,cw,A3: rotate CW low speed,servo-app/lab-0.1
1781173461.2406287,60.19080138206482,A3_ROTATE_ONE_DIR,A3_ROTATE_ONE_DIR_R02_20260611_172320,delta-asda-b3-e,1591,RTSO|SO|OE|VE|QS|TR,3,0,508612937,298,17,0.07259,18,0.043038,308,49,4270,2391,6000,,300,,,,constant_speed,normal,0,no_load,cw,A3: rotate CW low speed,servo-app/lab-0.1
1781173461.3406694,60.290842056274414,A3_ROTATE_ONE_DIR,A3_ROTATE_ONE_DIR_R02_20260611_172320,delta-asda-b3-e,1591,RTSO|SO|OE|VE|QS|TR,3,0,509468847,301,17,0.07259,17,0.040647,307,49,4270,2391,6000,,300,,,,constant_speed,normal,0,no_load,cw,A3: rotate CW low speed,servo-app/lab-0.1
1781173461.4410028,60.391175508499146,A3_ROTATE_ONE_DIR,A3_ROTATE_ONE_DIR_R02_20260611_172320,delta-asda-b3-e,1591,RTSO|SO|OE|VE|QS|TR,3,0,510298420,299,22,0.09394,21,0.050211,308,49,4270,2391,6000,,300,,,,constant_speed,normal,0,no_load,cw,A3: rotate CW low speed,servo-app/lab-0.1
1781173461.5414133,60.49158596992493,A3_ROTATE_ONE_DIR,A3_ROTATE_ONE_DIR_R02_20260611_172320,delta-asda-b3-e,1591,RTSO|SO|OE|VE|QS|TR,3,0,511129861,300,15,0.06405,14,0.033474,307,49,4270,2391,6000,,300,,,,constant_speed,normal,0,no_load,cw,A3: rotate CW low speed,servo-app/lab-0.1
1781173461.6415555,60.59172821044922,A3_ROTATE_ONE_DIR,A3_ROTATE_ONE_DIR_R02_20260611_172320,delta-asda-b3-e,1591,RTSO|SO|OE|VE|QS|TR,3,0,511984675,299,19,0.08113,16,0.038256,308,49,4270,2391,6000,,300,,,,constant_speed,normal,0,no_load,cw,A3: rotate CW low speed,servo-app/lab-0.1
1781173461.7418725,60.69204521179199,A3_ROTATE_ONE_DIR,A3_ROTATE_ONE_DIR_R02_20260611_172320,delta-asda-b3-e,1591,RTSO|SO|OE|VE|QS|TR,3,0,512815454,300,19,0.08113,17,0.040647,307,49,4270,2391,6000,,300,,,,constant_speed,normal,0,no_load,cw,A3: rotate CW low speed,servo-app/lab-0.1
1781173461.842292,60.79246473312378,A3_ROTATE_ONE_DIR,A3_ROTATE_ONE_DIR_R02_20260611_172320,delta-asda-b3-e,1591,RTSO|SO|OE|VE|QS|TR,3,0,513670459,300,21,0.08967,21,0.050211,308,49,4270,2391,6000,,300,,,,constant_speed,normal,0,no_load,cw,A3: rotate CW low speed,servo-app/lab-0.1
1781173461.9428136,60.89298629760742,A3_ROTATE_ONE_DIR,A3_ROTATE_ONE_DIR_R02_20260611_172320,delta-asda-b3-e,1591,RTSO|SO|OE|VE|QS|TR,3,0,514518479,301,17,0.07259,16,0.038256,308,49,4270,2391,6000,,300,,,,constant_speed,normal,0,no_load,cw,A3: rotate CW low speed,servo-app/lab-0.1
1781173462.0432482,60.99342083930969,A3_ROTATE_ONE_DIR,A3_ROTATE_ONE_DIR_R02_20260611_172320,delta-asda-b3-e,1591,RTSO|SO|OE|VE|QS|TR,3,0,515348772,299,17,0.07259,18,0.043038,308,49,4270,2391,6000,,300,,,,constant_speed,normal,0,no_load,cw,A3: rotate CW low speed,servo-app/lab-0.1
1781173462.143649,61.09382176399231,A3_ROTATE_ONE_DIR,A3_ROTATE_ONE_DIR_R02_20260611_172320,delta-asda-b3-e,1591,RTSO|SO|OE|VE|QS|TR,3,0,516187360,300,19,0.08113,19,0.045429,307,49,4270,2391,6000,,300,,,,constant_speed,normal,0,no_load,cw,A3: rotate CW low speed,servo-app/lab-0.1
1781173462.2441628,61.19433546066284,A3_ROTATE_ONE_DIR,A3_ROTATE_ONE_DIR_R02_20260611_172320,delta-asda-b3-e,1591,RTSO|SO|OE|VE|QS|TR,3,0,517042408,299,23,0.09821,22,0.052602,307,49,4270,2391,6000,,300,,,,constant_speed,normal,0,no_load,cw,A3: rotate CW low speed,servo-app/lab-0.1
1781173462.3447804,61.29495310783386,A3_ROTATE_ONE_DIR,A3_ROTATE_ONE_DIR_R02_20260611_172320,delta-asda-b3-e,1591,RTSO|SO|OE|VE|QS|TR,3,0,517882134,301,17,0.07259,16,0.038256,307,49,4270,2391,6000,,300,,,,constant_speed,normal,0,no_load,cw,A3: rotate CW low speed,servo-app/lab-0.1
1781173462.4449198,61.395092487335205,A3_ROTATE_ONE_DIR,A3_ROTATE_ONE_DIR_R02_20260611_172320,delta-asda-b3-e,1591,RTSO|SO|OE|VE|QS|TR,3,0,518712227,299,17,0.07259,17,0.040647,308,49,4270,2391,6000,,300,,,,constant_speed,normal,0,no_load,cw,A3: rotate CW low speed,servo-app/lab-0.1
1781173462.5452962,61.495468854904175,A3_ROTATE_ONE_DIR,A3_ROTATE_ONE_DIR_R02_20260611_172320,delta-asda-b3-e,1591,RTSO|SO|OE|VE|QS|TR,3,0,519568347,301,18,0.07686,18,0.043038,307,49,4270,2391,6000,,300,,,,constant_speed,normal,0,no_load,cw,A3: rotate CW low speed,servo-app/lab-0.1
1781173462.6457145,61.595887184143066,A3_ROTATE_ONE_DIR,A3_ROTATE_ONE_DIR_R02_20260611_172320,delta-asda-b3-e,1591,RTSO|SO|OE|VE|QS|TR,3,0,520405896,299,23,0.09821,23,0.054993,307,49,4270,2391,6000,,300,,,,constant_speed,normal,0,no_load,cw,A3: rotate CW low speed,servo-app/lab-0.1
1781173462.7459674,61.69614005088806,A3_ROTATE_ONE_DIR,A3_ROTATE_ONE_DIR_R02_20260611_172320,delta-asda-b3-e,1591,RTSO|SO|OE|VE|QS|TR,3,0,521245792,300,16,0.06832,15,0.035865,307,49,4270,2391,6000,,300,,,,constant_speed,normal,0,no_load,cw,A3: rotate CW low speed,servo-app/lab-0.1
1781173462.8466263,61.79679894447327,A3_ROTATE_ONE_DIR,A3_ROTATE_ONE_DIR_R02_20260611_172320,delta-asda-b3-e,1591,RTSO|SO|OE|VE|QS|TR,3,0,522092594,300,18,0.07686,16,0.038256,307,49,4270,2391,6000,,300,,,,constant_speed,normal,0,no_load,cw,A3: rotate CW low speed,servo-app/lab-0.1
1781173462.9470108,61.897183418273926,A3_ROTATE_ONE_DIR,A3_ROTATE_ONE_DIR_R02_20260611_172320,delta-asda-b3-e,1591,RTSO|SO|OE|VE|QS|TR,3,0,522931813,301,18,0.07686,18,0.043038,307,49,4270,2391,6000,,300,,,,constant_speed,normal,0,no_load,cw,A3: rotate CW low speed,servo-app/lab-0.1
1781173463.047034,61.997206687927246,A3_ROTATE_ONE_DIR,A3_ROTATE_ONE_DIR_R02_20260611_172320,delta-asda-b3-e,1591,RTSO|SO|OE|VE|QS|TR,3,0,523769834,299,21,0.08967,22,0.052602,307,49,4270,2391,6000,,300,,,,constant_speed,normal,0,no_load,cw,A3: rotate CW low speed,servo-app/lab-0.1
1781173463.1475694,62.09774208068848,A3_ROTATE_ONE_DIR,A3_ROTATE_ONE_DIR_R02_20260611_172320,delta-asda-b3-e,1591,RTSO|SO|OE|VE|QS|TR,3,0,524626023,301,16,0.06832,15,0.035865,307,49,4270,2391,6000,,300,,,,constant_speed,normal,0,no_load,cw,A3: rotate CW low speed,servo-app/lab-0.1
1781173463.2479706,62.19814324378967,A3_ROTATE_ONE_DIR,A3_ROTATE_ONE_DIR_R02_20260611_172320,delta-asda-b3-e,1591,RTSO|SO|OE|VE|QS|TR,3,0,525447497,299,17,0.07259,17,0.040647,307,49,4270,2391,6000,,300,,,,constant_speed,normal,0,no_load,cw,A3: rotate CW low speed,servo-app/lab-0.1
1781173463.348016,62.29818868637085,A3_ROTATE_ONE_DIR,A3_ROTATE_ONE_DIR_R02_20260611_172320,delta-asda-b3-e,1591,RTSO|SO|OE|VE|QS|TR,3,0,526303902,301,17,0.07259,18,0.043038,307,49,4270,2391,6000,,300,,,,constant_speed,normal,0,no_load,cw,A3: rotate CW low speed,servo-app/lab-0.1
1781173463.448334,62.39850664138794,A3_ROTATE_ONE_DIR,A3_ROTATE_ONE_DIR_R02_20260611_172320,delta-asda-b3-e,1591,RTSO|SO|OE|VE|QS|TR,3,0,527141398,299,21,0.08967,22,0.052602,307,49,4270,2391,6000,,300,,,,constant_speed,normal,0,no_load,cw,A3: rotate CW low speed,servo-app/lab-0.1
1781173463.5485427,62.4987154006958,A3_ROTATE_ONE_DIR,A3_ROTATE_ONE_DIR_R02_20260611_172320,delta-asda-b3-e,1591,RTSO|SO|OE|VE|QS|TR,3,0,527973181,301,14,0.05978,16,0.038256,307,49,4270,2391,6000,,300,,,,constant_speed,normal,0,no_load,cw,A3: rotate CW low speed,servo-app/lab-0.1
1781173463.648896,62.5990686416626,A3_ROTATE_ONE_DIR,A3_ROTATE_ONE_DIR_R02_20260611_172320,delta-asda-b3-e,1591,RTSO|SO|OE|VE|QS|TR,3,0,528810843,299,19,0.08113,19,0.045429,307,49,4270,2391,6000,,300,,,,constant_speed,normal,0,no_load,cw,A3: rotate CW low speed,servo-app/lab-0.1
1781173463.7489429,62.69911551475525,A3_ROTATE_ONE_DIR,A3_ROTATE_ONE_DIR_R02_20260611_172320,delta-asda-b3-e,1591,RTSO|SO|OE|VE|QS|TR,3,0,529658661,300,18,0.07686,20,0.04782,307,49,4270,2391,6000,,300,,,,constant_speed,normal,0,no_load,cw,A3: rotate CW low speed,servo-app/lab-0.1
1781173463.84905,62.79922270774841,A3_ROTATE_ONE_DIR,A3_ROTATE_ONE_DIR_R02_20260611_172320,delta-asda-b3-e,1591,RTSO|SO|OE|VE|QS|TR,3,0,530488254,299,21,0.08967,22,0.052602,307,49,4270,2391,6000,,300,,,,constant_speed,normal,0,no_load,cw,A3: rotate CW low speed,servo-app/lab-0.1
1781173463.9494073,62.899580001831055,A3_ROTATE_ONE_DIR,A3_ROTATE_ONE_DIR_R02_20260611_172320,delta-asda-b3-e,1591,RTSO|SO|OE|VE|QS|TR,3,0,531344803,301,18,0.07686,16,0.038256,307,49,4270,2391,6000,,300,,,,constant_speed,normal,0,no_load,cw,A3: rotate CW low speed,servo-app/lab-0.1
1781173464.0495265,62.999699115753174,A3_ROTATE_ONE_DIR,A3_ROTATE_ONE_DIR_R02_20260611_172320,delta-asda-b3-e,1591,RTSO|SO|OE|VE|QS|TR,3,0,532183171,299,18,0.07686,18,0.043038,307,49,4270,2391,6000,,300,,,,constant_speed,normal,0,no_load,cw,A3: rotate CW low speed,servo-app/lab-0.1
1781173464.149771,63.0999436378479,A3_ROTATE_ONE_DIR,A3_ROTATE_ONE_DIR_R02_20260611_172320,delta-asda-b3-e,1591,RTSO|SO|OE|VE|QS|TR,3,0,533030458,301,19,0.08113,19,0.045429,307,49,4270,2391,6000,,300,,,,constant_speed,normal,0,no_load,cw,A3: rotate CW low speed,servo-app/lab-0.1
1781173464.2500646,63.20023727416992,A3_ROTATE_ONE_DIR,A3_ROTATE_ONE_DIR_R02_20260611_172320,delta-asda-b3-e,1591,RTSO|SO|OE|VE|QS|TR,3,0,533868360,299,23,0.09821,23,0.054993,307,49,4270,2391,6000,,300,,,,constant_speed,normal,0,no_load,cw,A3: rotate CW low speed,servo-app/lab-0.1
1781173464.350129,63.30030155181885,A3_ROTATE_ONE_DIR,A3_ROTATE_ONE_DIR_R02_20260611_172320,delta-asda-b3-e,1591,RTSO|SO|OE|VE|QS|TR,3,0,534708600,302,17,0.07259,16,0.038256,307,49,4270,2391,6000,,300,,,,constant_speed,normal,0,no_load,cw,A3: rotate CW low speed,servo-app/lab-0.1
1781173464.4503458,63.4005184173584,A3_ROTATE_ONE_DIR,A3_ROTATE_ONE_DIR_R02_20260611_172320,delta-asda-b3-e,1591,RTSO|SO|OE|VE|QS|TR,3,0,535529856,299,17,0.07259,17,0.040647,307,49,4270,2391,6000,,300,,,,constant_speed,normal,0,no_load,cw,A3: rotate CW low speed,servo-app/lab-0.1
1781173464.550538,63.5007107257843,A3_ROTATE_ONE_DIR,A3_ROTATE_ONE_DIR_R02_20260611_172320,delta-asda-b3-e,1591,RTSO|SO|OE|VE|QS|TR,3,0,536377807,301,17,0.07259,18,0.043038,307,49,4270,2391,6000,,300,,,,constant_speed,normal,0,no_load,cw,A3: rotate CW low speed,servo-app/lab-0.1
1781173464.650908,63.601080656051636,A3_ROTATE_ONE_DIR,A3_ROTATE_ONE_DIR_R02_20260611_172320,delta-asda-b3-e,1591,RTSO|SO|OE|VE|QS|TR,3,0,537215157,299,23,0.09821,24,0.057384,307,49,4270,2391,6000,,300,,,,constant_speed,normal,0,no_load,cw,A3: rotate CW low speed,servo-app/lab-0.1
1781173464.7510061,63.701178789138794,A3_ROTATE_ONE_DIR,A3_ROTATE_ONE_DIR_R02_20260611_172320,delta-asda-b3-e,1591,RTSO|SO|OE|VE|QS|TR,3,0,538072202,301,15,0.06405,15,0.035865,307,49,4270,2391,6000,,300,,,,constant_speed,normal,0,no_load,cw,A3: rotate CW low speed,servo-app/lab-0.1
1781173464.8511348,63.80130743980408,A3_ROTATE_ONE_DIR,A3_ROTATE_ONE_DIR_R02_20260611_172320,delta-asda-b3-e,1591,RTSO|SO|OE|VE|QS|TR,3,0,538910481,300,18,0.07686,17,0.040647,308,49,4270,2391,6000,,300,,,,constant_speed,normal,0,no_load,cw,A3: rotate CW low speed,servo-app/lab-0.1
1781173464.9518538,63.902026414871216,A3_ROTATE_ONE_DIR,A3_ROTATE_ONE_DIR_R02_20260611_172320,delta-asda-b3-e,1591,RTSO|SO|OE|VE|QS|TR,3,0,539749806,301,18,0.07686,18,0.043038,307,49,4270,2391,6000,,300,,,,constant_speed,normal,0,no_load,cw,A3: rotate CW low speed,servo-app/lab-0.1
1781173465.0520818,64.00225448608398,A3_ROTATE_ONE_DIR,A3_ROTATE_ONE_DIR_R02_20260611_172320,delta-asda-b3-e,1591,RTSO|SO|OE|VE|QS|TR,3,0,540596028,299,23,0.09821,22,0.052602,307,49,4270,2391,6000,,300,,,,constant_speed,normal,0,no_load,cw,A3: rotate CW low speed,servo-app/lab-0.1
1781173465.1524653,64.10263800621033,A3_ROTATE_ONE_DIR,A3_ROTATE_ONE_DIR_R02_20260611_172320,delta-asda-b3-e,1591,RTSO|SO|OE|VE|QS|TR,3,0,541427217,301,18,0.07686,17,0.040647,307,49,4270,2391,6000,,300,,,,constant_speed,normal,0,no_load,cw,A3: rotate CW low speed,servo-app/lab-0.1
1781173465.2525222,64.2026948928833,A3_ROTATE_ONE_DIR,A3_ROTATE_ONE_DIR_R02_20260611_172320,delta-asda-b3-e,1591,RTSO|SO|OE|VE|QS|TR,3,0,542273721,299,18,0.07686,17,0.040647,307,49,4270,2391,6000,,300,,,,constant_speed,normal,0,no_load,cw,A3: rotate CW low speed,servo-app/lab-0.1
1781173465.3526835,64.30285620689392,A3_ROTATE_ONE_DIR,A3_ROTATE_ONE_DIR_R02_20260611_172320,delta-asda-b3-e,1591,RTSO|SO|OE|VE|QS|TR,3,0,543122086,301,17,0.07259,17,0.040647,307,49,4270,2391,6000,,300,,,,constant_speed,normal,0,no_load,cw,A3: rotate CW low speed,servo-app/lab-0.1
1781173465.452804,64.40297675132751,A3_ROTATE_ONE_DIR,A3_ROTATE_ONE_DIR_R02_20260611_172320,delta-asda-b3-e,1591,RTSO|SO|OE|VE|QS|TR,3,0,543950951,300,23,0.09821,23,0.054993,307,49,4270,2391,6000,,300,,,,constant_speed,normal,0,no_load,cw,A3: rotate CW low speed,servo-app/lab-0.1
1781173465.5529718,64.50314450263977,A3_ROTATE_ONE_DIR,A3_ROTATE_ONE_DIR_R02_20260611_172320,delta-asda-b3-e,1591,RTSO|SO|OE|VE|QS|TR,3,0,544799728,301,18,0.07686,17,0.040647,307,49,4270,2391,6000,,300,,,,constant_speed,normal,0,no_load,cw,A3: rotate CW low speed,servo-app/lab-0.1
1781173465.653399,64.60357165336609,A3_ROTATE_ONE_DIR,A3_ROTATE_ONE_DIR_R02_20260611_172320,delta-asda-b3-e,1591,RTSO|SO|OE|VE|QS|TR,3,0,545620318,299,19,0.08113,18,0.043038,307,49,4270,2391,6000,,300,,,,constant_speed,normal,0,no_load,cw,A3: rotate CW low speed,servo-app/lab-0.1
1781173465.753904,64.70407676696777,A3_ROTATE_ONE_DIR,A3_ROTATE_ONE_DIR_R02_20260611_172320,delta-asda-b3-e,1591,RTSO|SO|OE|VE|QS|TR,3,0,546468412,301,19,0.08113,19,0.045429,307,49,4270,2391,6000,,300,,,,constant_speed,normal,0,no_load,cw,A3: rotate CW low speed,servo-app/lab-0.1
1781173465.8543818,64.80455446243286,A3_ROTATE_ONE_DIR,A3_ROTATE_ONE_DIR_R02_20260611_172320,delta-asda-b3-e,1591,RTSO|SO|OE|VE|QS|TR,3,0,547314732,300,22,0.09394,22,0.052602,308,49,4270,2391,6000,,300,,,,constant_speed,normal,0,no_load,cw,A3: rotate CW low speed,servo-app/lab-0.1
1781173465.9549508,64.90512347221375,A3_ROTATE_ONE_DIR,A3_ROTATE_ONE_DIR_R02_20260611_172320,delta-asda-b3-e,1591,RTSO|SO|OE|VE|QS|TR,3,0,548154581,301,17,0.07259,18,0.043038,307,49,4270,2391,6000,,300,,,,constant_speed,normal,0,no_load,cw,A3: rotate CW low speed,servo-app/lab-0.1
1781173466.055077,65.00524973869324,A3_ROTATE_ONE_DIR,A3_ROTATE_ONE_DIR_R02_20260611_172320,delta-asda-b3-e,1591,RTSO|SO|OE|VE|QS|TR,3,0,549001084,299,19,0.08113,18,0.043038,308,49,4270,2391,6000,,300,,,,constant_speed,normal,0,no_load,cw,A3: rotate CW low speed,servo-app/lab-0.1
1781173466.1554072,65.10557985305786,A3_ROTATE_ONE_DIR,A3_ROTATE_ONE_DIR_R02_20260611_172320,delta-asda-b3-e,1591,RTSO|SO|OE|VE|QS|TR,3,0,549840197,301,18,0.07686,19,0.045429,307,49,4270,2391,6000,,300,,,,constant_speed,normal,0,no_load,cw,A3: rotate CW low speed,servo-app/lab-0.1
1781173466.2557144,65.20588707923889,A3_ROTATE_ONE_DIR,A3_ROTATE_ONE_DIR_R02_20260611_172320,delta-asda-b3-e,1591,RTSO|SO|OE|VE|QS|TR,3,0,550686352,299,23,0.09821,22,0.052602,308,49,4270,2391,6000,,300,,,,constant_speed,normal,0,no_load,cw,A3: rotate CW low speed,servo-app/lab-0.1
1781173466.3561325,65.3063051700592,A3_ROTATE_ONE_DIR,A3_ROTATE_ONE_DIR_R02_20260611_172320,delta-asda-b3-e,1591,RTSO|SO|OE|VE|QS|TR,3,0,551535183,301,16,0.06832,18,0.043038,307,49,4270,2391,6000,,300,,,,constant_speed,normal,0,no_load,cw,A3: rotate CW low speed,servo-app/lab-0.1
1781173466.456839,65.40701174736023,A3_ROTATE_ONE_DIR,A3_ROTATE_ONE_DIR_R02_20260611_172320,delta-asda-b3-e,1591,RTSO|SO|OE|VE|QS|TR,3,0,552397797,299,19,0.08113,19,0.045429,308,49,4270,2391,6000,,300,,,,constant_speed,normal,0,no_load,cw,A3: rotate CW low speed,servo-app/lab-0.1
1781173466.5573232,65.50749588012695,A3_ROTATE_ONE_DIR,A3_ROTATE_ONE_DIR_R02_20260611_172320,delta-asda-b3-e,1591,RTSO|SO|OE|VE|QS|TR,3,0,553212702,300,19,0.08113,18,0.043038,308,49,4270,2391,6000,,300,,,,constant_speed,normal,0,no_load,cw,A3: rotate CW low speed,servo-app/lab-0.1
1781173466.6576934,65.60786604881287,A3_ROTATE_ONE_DIR,A3_ROTATE_ONE_DIR_R02_20260611_172320,delta-asda-b3-e,1591,RTSO|SO|OE|VE|QS|TR,3,0,554049813,299,24,0.10248,23,0.054993,307,49,4270,2391,6000,,300,,,,constant_speed,normal,0,no_load,cw,A3: rotate CW low speed,servo-app/lab-0.1
1781173466.7581902,65.70836281776428,A3_ROTATE_ONE_DIR,A3_ROTATE_ONE_DIR_R02_20260611_172320,delta-asda-b3-e,1591,RTSO|SO|OE|VE|QS|TR,3,0,554898632,301,15,0.06405,16,0.038256,307,49,4270,2391,6000,,300,,,,constant_speed,normal,0,no_load,cw,A3: rotate CW low speed,servo-app/lab-0.1
1781173466.8585696,65.80874228477478,A3_ROTATE_ONE_DIR,A3_ROTATE_ONE_DIR_R02_20260611_172320,delta-asda-b3-e,1591,RTSO|SO|OE|VE|QS|TR,3,0,555745043,299,18,0.07686,18,0.043038,308,49,4270,2391,6000,,300,,,,constant_speed,normal,0,no_load,cw,A3: rotate CW low speed,servo-app/lab-0.1
1781173466.9589584,65.90913105010986,A3_ROTATE_ONE_DIR,A3_ROTATE_ONE_DIR_R02_20260611_172320,delta-asda-b3-e,1591,RTSO|SO|OE|VE|QS|TR,3,0,556576169,300,17,0.07259,19,0.045429,308,49,4270,2391,6000,,300,,,,constant_speed,normal,0,no_load,cw,A3: rotate CW low speed,servo-app/lab-0.1
1781173467.0591772,66.00934982299805,A3_ROTATE_ONE_DIR,A3_ROTATE_ONE_DIR_R02_20260611_172320,delta-asda-b3-e,1591,RTSO|SO|OE|VE|QS|TR,3,0,557422036,299,21,0.08967,22,0.052602,308,49,4270,2391,6000,,300,,,,constant_speed,normal,0,no_load,cw,A3: rotate CW low speed,servo-app/lab-0.1
1781173467.159315,66.10948777198792,A3_ROTATE_ONE_DIR,A3_ROTATE_ONE_DIR_R02_20260611_172320,delta-asda-b3-e,1591,RTSO|SO|OE|VE|QS|TR,3,0,558253634,301,19,0.08113,19,0.045429,308,49,4270,2391,6000,,300,,,,constant_speed,normal,0,no_load,cw,A3: rotate CW low speed,servo-app/lab-0.1
1781173467.259736,66.20990872383118,A3_ROTATE_ONE_DIR,A3_ROTATE_ONE_DIR_R02_20260611_172320,delta-asda-b3-e,1591,RTSO|SO|OE|VE|QS|TR,3,0,559099766,299,18,0.07686,20,0.04782,307,49,4270,2391,6000,,300,,,,constant_speed,normal,0,no_load,cw,A3: rotate CW low speed,servo-app/lab-0.1
1781173467.3602514,66.31042408943176,A3_ROTATE_ONE_DIR,A3_ROTATE_ONE_DIR_R02_20260611_172320,delta-asda-b3-e,1591,RTSO|SO|OE|VE|QS|TR,3,0,559956747,301,17,0.07259,16,0.038256,308,49,4270,2391,6000,,300,,,,constant_speed,normal,0,no_load,cw,A3: rotate CW low speed,servo-app/lab-0.1
1781173467.462203,66.41237568855286,A3_ROTATE_ONE_DIR,A3_ROTATE_ONE_DIR_R02_20260611_172320,delta-asda-b3-e,1591,RTSO|SO|OE|VE|QS|TR,3,0,560810453,299,23,0.09821,24,0.057384,308,49,4270,2391,6000,,300,,,,constant_speed,normal,0,no_load,cw,A3: rotate CW low speed,servo-app/lab-0.1
1781173467.562493,66.51266574859619,A3_ROTATE_ONE_DIR,A3_ROTATE_ONE_DIR_R02_20260611_172320,delta-asda-b3-e,1591,RTSO|SO|OE|VE|QS|TR,3,0,561642611,300,19,0.08113,16,0.038256,308,49,4270,2391,6000,,300,,,,constant_speed,normal,0,no_load,cw,A3: rotate CW low speed,servo-app/lab-0.1
1781173467.6627505,66.61292314529419,A3_ROTATE_ONE_DIR,A3_ROTATE_ONE_DIR_R02_20260611_172320,delta-asda-b3-e,1591,RTSO|SO|OE|VE|QS|TR,3,0,562488271,300,19,0.08113,19,0.045429,307,49,4270,2391,6000,,300,,,,constant_speed,normal,0,no_load,cw,A3: rotate CW low speed,servo-app/lab-0.1
1781173467.762769,66.71294164657593,A3_ROTATE_ONE_DIR,A3_ROTATE_ONE_DIR_R02_20260611_172320,delta-asda-b3-e,1591,RTSO|SO|OE|VE|QS|TR,3,0,563328213,300,18,0.07686,19,0.045429,307,49,4270,2391,6000,,300,,,,constant_speed,normal,0,no_load,cw,A3: rotate CW low speed,servo-app/lab-0.1
1781173467.8630037,66.81317639350891,A3_ROTATE_ONE_DIR,A3_ROTATE_ONE_DIR_R02_20260611_172320,delta-asda-b3-e,1591,RTSO|SO|OE|VE|QS|TR,3,0,564165898,300,22,0.09394,22,0.052602,308,49,4270,2391,6000,,300,,,,constant_speed,normal,0,no_load,cw,A3: rotate CW low speed,servo-app/lab-0.1
1781173467.9631264,66.91329908370972,A3_ROTATE_ONE_DIR,A3_ROTATE_ONE_DIR_R02_20260611_172320,delta-asda-b3-e,1591,RTSO|SO|OE|VE|QS|TR,3,0,565014279,300,20,0.0854,20,0.04782,308,49,4270,2391,6000,,300,,,,constant_speed,normal,0,no_load,cw,A3: rotate CW low speed,servo-app/lab-0.1
1781173468.0636008,67.0137734413147,A3_ROTATE_ONE_DIR,A3_ROTATE_ONE_DIR_R02_20260611_172320,delta-asda-b3-e,1591,RTSO|SO|OE|VE|QS|TR,3,0,565843778,299,18,0.07686,18,0.043038,307,49,4270,2391,6000,,300,,,,constant_speed,normal,0,no_load,cw,A3: rotate CW low speed,servo-app/lab-0.1
1781173468.1640074,67.11418008804321,A3_ROTATE_ONE_DIR,A3_ROTATE_ONE_DIR_R02_20260611_172320,delta-asda-b3-e,1591,RTSO|SO|OE|VE|QS|TR,3,0,566691645,300,18,0.07686,18,0.043038,307,49,4270,2391,6000,,300,,,,constant_speed,normal,0,no_load,cw,A3: rotate CW low speed,servo-app/lab-0.1
1781173468.2642052,67.21437788009644,A3_ROTATE_ONE_DIR,A3_ROTATE_ONE_DIR_R02_20260611_172320,delta-asda-b3-e,1591,RTSO|SO|OE|VE|QS|TR,3,0,567529293,299,22,0.09394,23,0.054993,307,49,4270,2391,6000,,300,,,,constant_speed,normal,0,no_load,cw,A3: rotate CW low speed,servo-app/lab-0.1
1781173468.3643444,67.3145170211792,A3_ROTATE_ONE_DIR,A3_ROTATE_ONE_DIR_R02_20260611_172320,delta-asda-b3-e,1591,RTSO|SO|OE|VE|QS|TR,3,0,568361568,301,17,0.07259,17,0.040647,307,49,4270,2391,6000,,300,,,,constant_speed,normal,0,no_load,cw,A3: rotate CW low speed,servo-app/lab-0.1
1781173468.4645853,67.41475796699524,A3_ROTATE_ONE_DIR,A3_ROTATE_ONE_DIR_R02_20260611_172320,delta-asda-b3-e,1591,RTSO|SO|OE|VE|QS|TR,3,0,569223925,299,19,0.08113,20,0.04782,307,49,4270,2391,6000,,300,,,,constant_speed,normal,0,no_load,cw,A3: rotate CW low speed,servo-app/lab-0.1
1781173468.5649424,67.5151150226593,A3_ROTATE_ONE_DIR,A3_ROTATE_ONE_DIR_R02_20260611_172320,delta-asda-b3-e,1591,RTSO|SO|OE|VE|QS|TR,3,0,570063958,299,18,0.07686,19,0.045429,307,49,4270,2391,6000,,300,,,,constant_speed,normal,0,no_load,cw,A3: rotate CW low speed,servo-app/lab-0.1
1781173468.665131,67.61530375480652,A3_ROTATE_ONE_DIR,A3_ROTATE_ONE_DIR_R02_20260611_172320,delta-asda-b3-e,1591,RTSO|SO|OE|VE|QS|TR,3,0,570901162,299,22,0.09394,24,0.057384,307,49,4270,2391,6000,,300,,,,constant_speed,normal,0,no_load,cw,A3: rotate CW low speed,servo-app/lab-0.1
1781173468.7655442,67.71571683883667,A3_ROTATE_ONE_DIR,A3_ROTATE_ONE_DIR_R02_20260611_172320,delta-asda-b3-e,1591,RTSO|SO|OE|VE|QS|TR,3,0,571733382,300,19,0.08113,17,0.040647,307,49,4270,2391,6000,,300,,,,constant_speed,normal,0,no_load,cw,A3: rotate CW low speed,servo-app/lab-0.1
1781173468.8658257,67.81599831581116,A3_ROTATE_ONE_DIR,A3_ROTATE_ONE_DIR_R02_20260611_172320,delta-asda-b3-e,1591,RTSO|SO|OE|VE|QS|TR,3,0,572579633,299,19,0.08113,17,0.040647,308,49,4270,2391,6000,,300,,,,constant_speed,normal,0,no_load,cw,A3: rotate CW low speed,servo-app/lab-0.1
1781173468.965976,67.91614866256714,A3_ROTATE_ONE_DIR,A3_ROTATE_ONE_DIR_R02_20260611_172320,delta-asda-b3-e,1591,RTSO|SO|OE|VE|QS|TR,3,0,573419094,300,18,0.07686,17,0.040647,307,49,4270,2391,6000,,300,,,,constant_speed,normal,0,no_load,cw,A3: rotate CW low speed,servo-app/lab-0.1
1781173469.0662704,68.0164430141449,A3_ROTATE_ONE_DIR,A3_ROTATE_ONE_DIR_R02_20260611_172320,delta-asda-b3-e,1591,RTSO|SO|OE|VE|QS|TR,3,0,574256499,299,23,0.09821,22,0.052602,307,49,4270,2391,6000,,300,,,,constant_speed,normal,0,no_load,cw,A3: rotate CW low speed,servo-app/lab-0.1
1781173469.166382,68.11655473709106,A3_ROTATE_ONE_DIR,A3_ROTATE_ONE_DIR_R02_20260611_172320,delta-asda-b3-e,1591,RTSO|SO|OE|VE|QS|TR,3,0,575088357,300,19,0.08113,17,0.040647,307,49,4270,2391,6000,,300,,,,constant_speed,normal,0,no_load,cw,A3: rotate CW low speed,servo-app/lab-0.1
1781173469.2666855,68.21685814857483,A3_ROTATE_ONE_DIR,A3_ROTATE_ONE_DIR_R02_20260611_172320,delta-asda-b3-e,1591,RTSO|SO|OE|VE|QS|TR,3,0,575934376,299,19,0.08113,18,0.043038,307,49,4270,2391,6000,,300,,,,constant_speed,normal,0,no_load,cw,A3: rotate CW low speed,servo-app/lab-0.1
1781173469.3668365,68.31700921058655,A3_ROTATE_ONE_DIR,A3_ROTATE_ONE_DIR_R02_20260611_172320,delta-asda-b3-e,1591,RTSO|SO|OE|VE|QS|TR,3,0,576783020,300,14,0.05978,17,0.040647,307,49,4270,2391,6000,,300,,,,constant_speed,normal,0,no_load,cw,A3: rotate CW low speed,servo-app/lab-0.1
1781173469.4669058,68.41707849502563,A3_ROTATE_ONE_DIR,A3_ROTATE_ONE_DIR_R02_20260611_172320,delta-asda-b3-e,1591,RTSO|SO|OE|VE|QS|TR,3,0,577619827,299,25,0.10675,22,0.052602,307,49,4270,2391,6000,,300,,,,constant_speed,normal,0,no_load,cw,A3: rotate CW low speed,servo-app/lab-0.1
1781173469.5671382,68.51731085777283,A3_ROTATE_ONE_DIR,A3_ROTATE_ONE_DIR_R02_20260611_172320,delta-asda-b3-e,1591,RTSO|SO|OE|VE|QS|TR,3,0,578468728,299,18,0.07686,19,0.045429,307,49,4270,2391,6000,,300,,,,constant_speed,normal,0,no_load,cw,A3: rotate CW low speed,servo-app/lab-0.1
1781173469.6672268,68.61739945411682,A3_ROTATE_ONE_DIR,A3_ROTATE_ONE_DIR_R02_20260611_172320,delta-asda-b3-e,1591,RTSO|SO|OE|VE|QS|TR,3,0,579297716,299,19,0.08113,18,0.043038,307,49,4270,2391,6000,,300,,,,constant_speed,normal,0,no_load,cw,A3: rotate CW low speed,servo-app/lab-0.1
1781173469.7673643,68.71753692626953,A3_ROTATE_ONE_DIR,A3_ROTATE_ONE_DIR_R02_20260611_172320,delta-asda-b3-e,1591,RTSO|SO|OE|VE|QS|TR,3,0,580145993,300,17,0.07259,18,0.043038,307,49,4270,2391,6000,,300,,,,constant_speed,normal,0,no_load,cw,A3: rotate CW low speed,servo-app/lab-0.1
1781173469.867396,68.8175687789917,A3_ROTATE_ONE_DIR,A3_ROTATE_ONE_DIR_R02_20260611_172320,delta-asda-b3-e,1591,RTSO|SO|OE|VE|QS|TR,3,0,580975398,300,23,0.09821,20,0.04782,307,49,4270,2391,6000,,300,,,,constant_speed,normal,0,no_load,cw,A3: rotate CW low speed,servo-app/lab-0.1
1781173469.9679525,68.91812515258789,A3_ROTATE_ONE_DIR,A3_ROTATE_ONE_DIR_R02_20260611_172320,delta-asda-b3-e,1591,RTSO|SO|OE|VE|QS|TR,3,0,581832055,300,19,0.08113,19,0.045429,307,49,4270,2391,6000,,300,,,,constant_speed,normal,0,no_load,cw,A3: rotate CW low speed,servo-app/lab-0.1
1781173470.0682855,69.01845812797546,A3_ROTATE_ONE_DIR,A3_ROTATE_ONE_DIR_R02_20260611_172320,delta-asda-b3-e,1591,RTSO|SO|OE|VE|QS|TR,3,0,582661463,299,17,0.07259,19,0.045429,307,49,4270,2391,6000,,300,,,,constant_speed,normal,0,no_load,cw,A3: rotate CW low speed,servo-app/lab-0.1
1781173470.168742,69.11891460418701,A3_ROTATE_ONE_DIR,A3_ROTATE_ONE_DIR_R02_20260611_172320,delta-asda-b3-e,1591,RTSO|SO|OE|VE|QS|TR,3,0,583501069,300,18,0.07686,18,0.043038,307,49,4270,2391,6000,,300,,,,constant_speed,normal,0,no_load,cw,A3: rotate CW low speed,servo-app/lab-0.1
1781173470.269138,69.21931076049805,A3_ROTATE_ONE_DIR,A3_ROTATE_ONE_DIR_R02_20260611_172320,delta-asda-b3-e,1591,RTSO|SO|OE|VE|QS|TR,3,0,584355411,300,20,0.0854,20,0.04782,307,49,4270,2391,6000,,300,,,,constant_speed,normal,0,no_load,cw,A3: rotate CW low speed,servo-app/lab-0.1
1781173470.3694448,69.31961750984192,A3_ROTATE_ONE_DIR,A3_ROTATE_ONE_DIR_R02_20260611_172320,delta-asda-b3-e,1591,RTSO|SO|OE|VE|QS|TR,3,0,585187632,300,18,0.07686,17,0.040647,307,49,4270,2391,6000,,300,,,,constant_speed,normal,0,no_load,cw,A3: rotate CW low speed,servo-app/lab-0.1
1781173470.469491,69.41966366767883,A3_ROTATE_ONE_DIR,A3_ROTATE_ONE_DIR_R02_20260611_172320,delta-asda-b3-e,1591,RTSO|SO|OE|VE|QS|TR,3,0,586024904,299,18,0.07686,19,0.045429,307,49,4270,2391,6000,,300,,,,constant_speed,normal,0,no_load,cw,A3: rotate CW low speed,servo-app/lab-0.1
1781173470.569533,69.5197057723999,A3_ROTATE_ONE_DIR,A3_ROTATE_ONE_DIR_R02_20260611_172320,delta-asda-b3-e,1591,RTSO|SO|OE|VE|QS|TR,3,0,586881612,300,17,0.07259,17,0.040647,307,49,4270,2391,6000,,300,,,,constant_speed,normal,0,no_load,cw,A3: rotate CW low speed,servo-app/lab-0.1
1781173470.6698422,69.62001490592957,A3_ROTATE_ONE_DIR,A3_ROTATE_ONE_DIR_R02_20260611_172320,delta-asda-b3-e,1591,RTSO|SO|OE|VE|QS|TR,3,0,587710576,300,20,0.0854,21,0.050211,307,49,4270,2391,6000,,300,,,,constant_speed,normal,0,no_load,cw,A3: rotate CW low speed,servo-app/lab-0.1
1781173470.7703357,69.72050833702087,A3_ROTATE_ONE_DIR,A3_ROTATE_ONE_DIR_R02_20260611_172320,delta-asda-b3-e,1591,RTSO|SO|OE|VE|QS|TR,3,0,588559472,300,17,0.07259,15,0.035865,307,49,4270,2391,6000,,300,,,,constant_speed,normal,0,no_load,cw,A3: rotate CW low speed,servo-app/lab-0.1
1781173470.870989,69.82116174697876,A3_ROTATE_ONE_DIR,A3_ROTATE_ONE_DIR_R02_20260611_172320,delta-asda-b3-e,1591,RTSO|SO|OE|VE|QS|TR,3,0,589388977,300,18,0.07686,17,0.040647,307,49,4270,2391,6000,,300,,,,constant_speed,normal,0,no_load,cw,A3: rotate CW low speed,servo-app/lab-0.1
1781173470.9712505,69.9214231967926,A3_ROTATE_ONE_DIR,A3_ROTATE_ONE_DIR_R02_20260611_172320,delta-asda-b3-e,1591,RTSO|SO|OE|VE|QS|TR,3,0,590245253,300,16,0.06832,18,0.043038,307,49,4270,2391,6000,,300,,,,constant_speed,normal,0,no_load,cw,A3: rotate CW low speed,servo-app/lab-0.1
1781173471.071446,70.02161860466003,A3_ROTATE_ONE_DIR,A3_ROTATE_ONE_DIR_R02_20260611_172320,delta-asda-b3-e,1591,RTSO|SO|OE|VE|QS|TR,3,0,591074285,299,21,0.08967,19,0.045429,307,49,4270,2391,6000,,300,,,,constant_speed,normal,0,no_load,cw,A3: rotate CW low speed,servo-app/lab-0.1
1781173471.171486,70.12165856361389,A3_ROTATE_ONE_DIR,A3_ROTATE_ONE_DIR_R02_20260611_172320,delta-asda-b3-e,1591,RTSO|SO|OE|VE|QS|TR,3,0,591906150,301,17,0.07259,17,0.040647,307,49,4270,2391,6000,,300,,,,constant_speed,normal,0,no_load,cw,A3: rotate CW low speed,servo-app/lab-0.1
1781173471.271782,70.2219545841217,A3_ROTATE_ONE_DIR,A3_ROTATE_ONE_DIR_R02_20260611_172320,delta-asda-b3-e,1591,RTSO|SO|OE|VE|QS|TR,3,0,592760726,300,17,0.07259,18,0.043038,307,49,4270,2391,6000,,300,,,,constant_speed,normal,0,no_load,cw,A3: rotate CW low speed,servo-app/lab-0.1
1781173471.3720698,70.32224249839783,A3_ROTATE_ONE_DIR,A3_ROTATE_ONE_DIR_R02_20260611_172320,delta-asda-b3-e,1591,RTSO|SO|OE|VE|QS|TR,3,0,593592436,300,15,0.06405,15,0.035865,307,49,4270,2391,6000,,300,,,,constant_speed,normal,0,no_load,cw,A3: rotate CW low speed,servo-app/lab-0.1
1781173471.4724472,70.42261981964111,A3_ROTATE_ONE_DIR,A3_ROTATE_ONE_DIR_R02_20260611_172320,delta-asda-b3-e,1591,RTSO|SO|OE|VE|QS|TR,3,0,594437748,300,21,0.08967,22,0.052602,307,49,4270,2391,6000,,300,,,,constant_speed,normal,0,no_load,cw,A3: rotate CW low speed,servo-app/lab-0.1
1781173471.5727196,70.5228922367096,A3_ROTATE_ONE_DIR,A3_ROTATE_ONE_DIR_R02_20260611_172320,delta-asda-b3-e,1591,RTSO|SO|OE|VE|QS|TR,3,0,595286708,300,18,0.07686,17,0.040647,307,49,4270,2391,6000,,300,,,,constant_speed,normal,0,no_load,cw,A3: rotate CW low speed,servo-app/lab-0.1
1781173471.6731634,70.62333607673645,A3_ROTATE_ONE_DIR,A3_ROTATE_ONE_DIR_R02_20260611_172320,delta-asda-b3-e,1591,RTSO|SO|OE|VE|QS|TR,3,0,596132710,300,18,0.07686,18,0.043038,307,49,4270,2391,6000,,300,,,,constant_speed,normal,0,no_load,cw,A3: rotate CW low speed,servo-app/lab-0.1
1781173471.7734559,70.72362852096558,A3_ROTATE_ONE_DIR,A3_ROTATE_ONE_DIR_R02_20260611_172320,delta-asda-b3-e,1591,RTSO|SO|OE|VE|QS|TR,3,0,596955618,300,17,0.07259,17,0.040647,307,49,4270,2391,6000,,300,,,,constant_speed,normal,0,no_load,cw,A3: rotate CW low speed,servo-app/lab-0.1
1781173471.8742151,70.82438778877258,A3_ROTATE_ONE_DIR,A3_ROTATE_ONE_DIR_R02_20260611_172320,delta-asda-b3-e,1591,RTSO|SO|OE|VE|QS|TR,3,0,597810277,300,20,0.0854,21,0.050211,308,49,4270,2391,6000,,300,,,,constant_speed,normal,0,no_load,cw,A3: rotate CW low speed,servo-app/lab-0.1
1781173471.974661,70.92483377456665,A3_ROTATE_ONE_DIR,A3_ROTATE_ONE_DIR_R02_20260611_172320,delta-asda-b3-e,1591,RTSO|SO|OE|VE|QS|TR,3,0,598666769,300,19,0.08113,21,0.050211,308,49,4270,2391,6000,,300,,,,constant_speed,normal,0,no_load,cw,A3: rotate CW low speed,servo-app/lab-0.1
1781173472.075045,71.02521777153015,A3_ROTATE_ONE_DIR,A3_ROTATE_ONE_DIR_R02_20260611_172320,delta-asda-b3-e,1591,RTSO|SO|OE|VE|QS|TR,3,0,599487907,300,18,0.07686,19,0.045429,307,49,4270,2391,6000,,300,,,,constant_speed,normal,0,no_load,cw,A3: rotate CW low speed,servo-app/lab-0.1
1781173472.1750872,71.12525987625122,A3_ROTATE_ONE_DIR,A3_ROTATE_ONE_DIR_R02_20260611_172320,delta-asda-b3-e,1591,RTSO|SO|OE|VE|QS|TR,3,0,600336019,300,16,0.06832,16,0.038256,307,49,4270,2391,6000,,300,,,,constant_speed,normal,0,no_load,cw,A3: rotate CW low speed,servo-app/lab-0.1
1781173472.2754254,71.22559809684753,A3_ROTATE_ONE_DIR,A3_ROTATE_ONE_DIR_R02_20260611_172320,delta-asda-b3-e,1591,RTSO|SO|OE|VE|QS|TR,3,0,601165225,300,21,0.08967,20,0.04782,308,49,4270,2391,6000,,300,,,,constant_speed,normal,0,no_load,cw,A3: rotate CW low speed,servo-app/lab-0.1
1781173472.3754957,71.32566833496094,A3_ROTATE_ONE_DIR,A3_ROTATE_ONE_DIR_R02_20260611_172320,delta-asda-b3-e,1591,RTSO|SO|OE|VE|QS|TR,3,0,602014136,300,18,0.07686,18,0.043038,308,49,4270,2391,6000,,300,,,,constant_speed,normal,0,no_load,cw,A3: rotate CW low speed,servo-app/lab-0.1
1781173472.4756877,71.42586040496826,A3_ROTATE_ONE_DIR,A3_ROTATE_ONE_DIR_R02_20260611_172320,delta-asda-b3-e,1591,RTSO|SO|OE|VE|QS|TR,3,0,602868131,300,17,0.07259,19,0.045429,307,49,4270,2391,6000,,300,,,,constant_speed,normal,0,no_load,cw,A3: rotate CW low speed,servo-app/lab-0.1
1781173472.5759246,71.52609729766846,A3_ROTATE_ONE_DIR,A3_ROTATE_ONE_DIR_R02_20260611_172320,delta-asda-b3-e,1591,RTSO|SO|OE|VE|QS|TR,3,0,603691287,300,16,0.06832,16,0.038256,308,49,4270,2391,6000,,300,,,,constant_speed,normal,0,no_load,cw,A3: rotate CW low speed,servo-app/lab-0.1
1781173472.6759825,71.62615513801575,A3_ROTATE_ONE_DIR,A3_ROTATE_ONE_DIR_R02_20260611_172320,delta-asda-b3-e,1591,RTSO|SO|OE|VE|QS|TR,3,0,604537290,300,21,0.08967,21,0.050211,308,49,4270,2391,6000,,300,,,,constant_speed,normal,0,no_load,cw,A3: rotate CW low speed,servo-app/lab-0.1
1781173472.776078,71.72625064849854,A3_ROTATE_ONE_DIR,A3_ROTATE_ONE_DIR_R02_20260611_172320,delta-asda-b3-e,1591,RTSO|SO|OE|VE|QS|TR,3,0,605377593,300,17,0.07259,16,0.038256,308,49,4270,2391,6000,,300,,,,constant_speed,normal,0,no_load,cw,A3: rotate CW low speed,servo-app/lab-0.1
1781173472.8762972,71.82646989822388,A3_ROTATE_ONE_DIR,A3_ROTATE_ONE_DIR_R02_20260611_172320,delta-asda-b3-e,1591,RTSO|SO|OE|VE|QS|TR,3,0,606223874,300,18,0.07686,18,0.043038,308,49,4270,2391,6000,,300,,,,constant_speed,normal,0,no_load,cw,A3: rotate CW low speed,servo-app/lab-0.1
1781173472.9767454,71.92691802978516,A3_ROTATE_ONE_DIR,A3_ROTATE_ONE_DIR_R02_20260611_172320,delta-asda-b3-e,1591,RTSO|SO|OE|VE|QS|TR,3,0,607071530,300,15,0.06405,17,0.040647,308,49,4270,2391,6000,,300,,,,constant_speed,normal,0,no_load,cw,A3: rotate CW low speed,servo-app/lab-0.1
1781173473.077205,72.02737760543823,A3_ROTATE_ONE_DIR,A3_ROTATE_ONE_DIR_R02_20260611_172320,delta-asda-b3-e,1591,RTSO|SO|OE|VE|QS|TR,3,0,607900738,300,20,0.0854,21,0.050211,308,49,4270,2391,6000,,300,,,,constant_speed,normal,0,no_load,cw,A3: rotate CW low speed,servo-app/lab-0.1
1781173473.1774905,72.12766313552856,A3_ROTATE_ONE_DIR,A3_ROTATE_ONE_DIR_R02_20260611_172320,delta-asda-b3-e,1591,RTSO|SO|OE|VE|QS|TR,3,0,608741132,301,17,0.07259,16,0.038256,308,49,4270,2391,6000,,300,,,,constant_speed,normal,0,no_load,cw,A3: rotate CW low speed,servo-app/lab-0.1
1781173473.2779648,72.22813749313354,A3_ROTATE_ONE_DIR,A3_ROTATE_ONE_DIR_R02_20260611_172320,delta-asda-b3-e,1591,RTSO|SO|OE|VE|QS|TR,3,0,609587140,300,18,0.07686,17,0.040647,308,49,4270,2391,6000,,300,,,,constant_speed,normal,0,no_load,cw,A3: rotate CW low speed,servo-app/lab-0.1
1781173473.3781126,72.32828521728516,A3_ROTATE_ONE_DIR,A3_ROTATE_ONE_DIR_R02_20260611_172320,delta-asda-b3-e,1591,RTSO|SO|OE|VE|QS|TR,3,0,610418789,300,16,0.06832,16,0.038256,308,49,4270,2391,6000,,300,,,,constant_speed,normal,0,no_load,cw,A3: rotate CW low speed,servo-app/lab-0.1
1781173473.478619,72.42879176139832,A3_ROTATE_ONE_DIR,A3_ROTATE_ONE_DIR_R02_20260611_172320,delta-asda-b3-e,1591,RTSO|SO|OE|VE|QS|TR,3,0,611272549,300,20,0.0854,19,0.045429,308,49,4270,2391,6000,,300,,,,constant_speed,normal,0,no_load,cw,A3: rotate CW low speed,servo-app/lab-0.1
1781173473.5790527,72.52922534942627,A3_ROTATE_ONE_DIR,A3_ROTATE_ONE_DIR_R02_20260611_172320,delta-asda-b3-e,1591,RTSO|SO|OE|VE|QS|TR,3,0,612104502,300,18,0.07686,20,0.04782,308,49,4270,2391,6000,,300,,,,constant_speed,normal,0,no_load,cw,A3: rotate CW low speed,servo-app/lab-0.1
1781173473.6794837,72.62965631484985,A3_ROTATE_ONE_DIR,A3_ROTATE_ONE_DIR_R02_20260611_172320,delta-asda-b3-e,1591,RTSO|SO|OE|VE|QS|TR,3,0,612942266,300,18,0.07686,19,0.045429,308,49,4270,2391,6000,,300,,,,constant_speed,normal,0,no_load,cw,A3: rotate CW low speed,servo-app/lab-0.1
1781173473.7797287,72.72990131378174,A3_ROTATE_ONE_DIR,A3_ROTATE_ONE_DIR_R02_20260611_172320,delta-asda-b3-e,1591,RTSO|SO|OE|VE|QS|TR,3,0,613798716,300,15,0.06405,15,0.035865,308,49,4270,2391,6000,,300,,,,constant_speed,normal,0,no_load,cw,A3: rotate CW low speed,servo-app/lab-0.1
1781173473.8800967,72.83026933670044,A3_ROTATE_ONE_DIR,A3_ROTATE_ONE_DIR_R02_20260611_172320,delta-asda-b3-e,1591,RTSO|SO|OE|VE|QS|TR,3,0,614645057,301,19,0.08113,19,0.045429,308,49,4270,2391,6000,,300,,,,constant_speed,normal,0,no_load,cw,A3: rotate CW low speed,servo-app/lab-0.1
1781173473.9801967,72.93036937713623,A3_ROTATE_ONE_DIR,A3_ROTATE_ONE_DIR_R02_20260611_172320,delta-asda-b3-e,1591,RTSO|SO|OE|VE|QS|TR,3,0,615484774,301,19,0.08113,19,0.045429,307,49,4270,2391,6000,,300,,,,constant_speed,normal,0,no_load,cw,A3: rotate CW low speed,servo-app/lab-0.1
1781173474.0807161,73.03088879585266,A3_ROTATE_ONE_DIR,A3_ROTATE_ONE_DIR_R02_20260611_172320,delta-asda-b3-e,1591,RTSO|SO|OE|VE|QS|TR,3,0,616322656,300,18,0.07686,17,0.040647,307,49,4270,2391,6000,,300,,,,constant_speed,normal,0,no_load,cw,A3: rotate CW low speed,servo-app/lab-0.1
1781173474.181012,73.1311845779419,A3_ROTATE_ONE_DIR,A3_ROTATE_ONE_DIR_R02_20260611_172320,delta-asda-b3-e,1591,RTSO|SO|OE|VE|QS|TR,3,0,617162443,301,15,0.06405,14,0.033474,307,49,4270,2391,6000,,300,,,,constant_speed,normal,0,no_load,cw,A3: rotate CW low speed,servo-app/lab-0.1
1781173474.2814884,73.23166108131409,A3_ROTATE_ONE_DIR,A3_ROTATE_ONE_DIR_R02_20260611_172320,delta-asda-b3-e,1591,RTSO|SO|OE|VE|QS|TR,3,0,617991535,301,19,0.08113,19,0.045429,307,49,4270,2391,6000,,300,,,,constant_speed,normal,0,no_load,cw,A3: rotate CW low speed,servo-app/lab-0.1
1781173474.3820002,73.33217287063599,A3_ROTATE_ONE_DIR,A3_ROTATE_ONE_DIR_R02_20260611_172320,delta-asda-b3-e,1591,RTSO|SO|OE|VE|QS|TR,3,0,618840459,301,19,0.08113,17,0.040647,307,49,4270,2391,6000,,300,,,,constant_speed,normal,0,no_load,cw,A3: rotate CW low speed,servo-app/lab-0.1
1781173474.4825137,73.43268632888794,A3_ROTATE_ONE_DIR,A3_ROTATE_ONE_DIR_R02_20260611_172320,delta-asda-b3-e,1591,RTSO|SO|OE|VE|QS|TR,3,0,619694685,300,18,0.07686,19,0.045429,307,49,4270,2391,6000,,300,,,,constant_speed,normal,0,no_load,cw,A3: rotate CW low speed,servo-app/lab-0.1
1781173474.5826464,73.53281903266907,A3_ROTATE_ONE_DIR,A3_ROTATE_ONE_DIR_R02_20260611_172320,delta-asda-b3-e,1591,RTSO|SO|OE|VE|QS|TR,3,0,620526028,300,16,0.06832,16,0.038256,308,49,4270,2391,6000,,300,,,,constant_speed,normal,0,no_load,cw,A3: rotate CW low speed,servo-app/lab-0.1
1781173474.683074,73.63324666023254,A3_ROTATE_ONE_DIR,A3_ROTATE_ONE_DIR_R02_20260611_172320,delta-asda-b3-e,1591,RTSO|SO|OE|VE|QS|TR,3,0,621380833,301,20,0.0854,18,0.043038,307,49,4270,2391,6000,,300,,,,constant_speed,normal,0,no_load,cw,A3: rotate CW low speed,servo-app/lab-0.1
1781173474.7832146,73.73338723182678,A3_ROTATE_ONE_DIR,A3_ROTATE_ONE_DIR_R02_20260611_172320,delta-asda-b3-e,1591,RTSO|SO|OE|VE|QS|TR,3,0,622204071,301,18,0.07686,16,0.038256,308,49,4270,2391,6000,,300,,,,constant_speed,normal,0,no_load,cw,A3: rotate CW low speed,servo-app/lab-0.1
1781173474.8834743,73.83364701271057,A3_ROTATE_ONE_DIR,A3_ROTATE_ONE_DIR_R02_20260611_172320,delta-asda-b3-e,1591,RTSO|SO|OE|VE|QS|TR,3,0,623058809,300,18,0.07686,17,0.040647,307,49,4270,2391,6000,,300,,,,constant_speed,normal,0,no_load,cw,A3: rotate CW low speed,servo-app/lab-0.1
1781173474.9839818,73.93415451049805,A3_ROTATE_ONE_DIR,A3_ROTATE_ONE_DIR_R02_20260611_172320,delta-asda-b3-e,1591,RTSO|SO|OE|VE|QS|TR,3,0,623906348,300,17,0.07259,17,0.040647,308,49,4270,2391,6000,,300,,,,constant_speed,normal,0,no_load,cw,A3: rotate CW low speed,servo-app/lab-0.1
1781173475.0841236,74.03429627418518,A3_ROTATE_ONE_DIR,A3_ROTATE_ONE_DIR_R02_20260611_172320,delta-asda-b3-e,1591,RTSO|SO|OE|VE|QS|TR,3,0,624735690,301,20,0.0854,20,0.04782,307,49,4270,2391,6000,,300,,,,constant_speed,normal,0,no_load,cw,A3: rotate CW low speed,servo-app/lab-0.1
1781173475.1845207,74.13469338417053,A3_ROTATE_ONE_DIR,A3_ROTATE_ONE_DIR_R02_20260611_172320,delta-asda-b3-e,1591,RTSO|SO|OE|VE|QS|TR,3,0,625584533,301,19,0.08113,17,0.040647,307,49,4270,2391,6000,,300,,,,constant_speed,normal,0,no_load,cw,A3: rotate CW low speed,servo-app/lab-0.1
1781173475.2848146,74.23498725891113,A3_ROTATE_ONE_DIR,A3_ROTATE_ONE_DIR_R02_20260611_172320,delta-asda-b3-e,1591,RTSO|SO|OE|VE|QS|TR,3,0,626422044,301,19,0.08113,18,0.043038,307,49,4270,2391,6000,,300,,,,constant_speed,normal,0,no_load,cw,A3: rotate CW low speed,servo-app/lab-0.1
1781173475.3849967,74.33516931533813,A3_ROTATE_ONE_DIR,A3_ROTATE_ONE_DIR_R02_20260611_172320,delta-asda-b3-e,1591,RTSO|SO|OE|VE|QS|TR,3,0,627261949,300,16,0.06832,15,0.035865,307,49,4270,2391,6000,,300,,,,constant_speed,normal,0,no_load,cw,A3: rotate CW low speed,servo-app/lab-0.1
1781173475.4850469,74.4352195262909,A3_ROTATE_ONE_DIR,A3_ROTATE_ONE_DIR_R02_20260611_172320,delta-asda-b3-e,1591,RTSO|SO|OE|VE|QS|TR,3,0,628099112,301,21,0.08967,20,0.04782,307,49,4270,2391,6000,,300,,,,constant_speed,normal,0,no_load,cw,A3: rotate CW low speed,servo-app/lab-0.1
1781173475.5851016,74.53527426719666,A3_ROTATE_ONE_DIR,A3_ROTATE_ONE_DIR_R02_20260611_172320,delta-asda-b3-e,1591,RTSO|SO|OE|VE|QS|TR,3,0,628931013,300,19,0.08113,19,0.045429,307,49,4270,2391,6000,,300,,,,constant_speed,normal,0,no_load,cw,A3: rotate CW low speed,servo-app/lab-0.1
1781173475.6854377,74.63561034202576,A3_ROTATE_ONE_DIR,A3_ROTATE_ONE_DIR_R02_20260611_172320,delta-asda-b3-e,1591,RTSO|SO|OE|VE|QS|TR,3,0,629777332,301,18,0.07686,18,0.043038,307,49,4270,2391,6000,,300,,,,constant_speed,normal,0,no_load,cw,A3: rotate CW low speed,servo-app/lab-0.1
1781173475.7856653,74.73583793640137,A3_ROTATE_ONE_DIR,A3_ROTATE_ONE_DIR_R02_20260611_172320,delta-asda-b3-e,1591,RTSO|SO|OE|VE|QS|TR,3,0,630625099,300,17,0.07259,17,0.040647,307,49,4270,2391,6000,,300,,,,constant_speed,normal,0,no_load,cw,A3: rotate CW low speed,servo-app/lab-0.1
1781173475.8858962,74.83606886863708,A3_ROTATE_ONE_DIR,A3_ROTATE_ONE_DIR_R02_20260611_172320,delta-asda-b3-e,1591,RTSO|SO|OE|VE|QS|TR,3,0,631463065,301,19,0.08113,19,0.045429,307,49,4270,2391,6000,,300,,,,constant_speed,normal,0,no_load,cw,A3: rotate CW low speed,servo-app/lab-0.1
1781173475.986229,74.93640160560608,A3_ROTATE_ONE_DIR,A3_ROTATE_ONE_DIR_R02_20260611_172320,delta-asda-b3-e,1591,RTSO|SO|OE|VE|QS|TR,3,0,632311050,300,17,0.07259,19,0.045429,307,49,4270,2391,6000,,300,,,,constant_speed,normal,0,no_load,cw,A3: rotate CW low speed,servo-app/lab-0.1
1781173476.0867593,75.03693199157715,A3_ROTATE_ONE_DIR,A3_ROTATE_ONE_DIR_R02_20260611_172320,delta-asda-b3-e,1591,RTSO|SO|OE|VE|QS|TR,3,0,633140640,300,18,0.07686,21,0.050211,307,49,4270,2391,6000,,300,,,,constant_speed,normal,0,no_load,cw,A3: rotate CW low speed,servo-app/lab-0.1
1781173476.1873765,75.13754916191101,A3_ROTATE_ONE_DIR,A3_ROTATE_ONE_DIR_R02_20260611_172320,delta-asda-b3-e,1591,RTSO|SO|OE|VE|QS|TR,3,0,633980457,301,15,0.06405,16,0.038256,307,49,4270,2391,6000,,300,,,,constant_speed,normal,0,no_load,cw,A3: rotate CW low speed,servo-app/lab-0.1
1781173476.287827,75.23799967765808,A3_ROTATE_ONE_DIR,A3_ROTATE_ONE_DIR_R02_20260611_172320,delta-asda-b3-e,1591,RTSO|SO|OE|VE|QS|TR,3,0,634834764,301,19,0.08113,19,0.045429,307,49,4270,2391,6000,,300,,,,constant_speed,normal,0,no_load,cw,A3: rotate CW low speed,servo-app/lab-0.1
1781173476.3881848,75.33835744857788,A3_ROTATE_ONE_DIR,A3_ROTATE_ONE_DIR_R02_20260611_172320,delta-asda-b3-e,1591,RTSO|SO|OE|VE|QS|TR,3,0,635683392,300,20,0.0854,18,0.043038,307,49,4270,2391,6000,,300,,,,constant_speed,normal,0,no_load,cw,A3: rotate CW low speed,servo-app/lab-0.1
1781173476.4884646,75.43863725662231,A3_ROTATE_ONE_DIR,A3_ROTATE_ONE_DIR_R02_20260611_172320,delta-asda-b3-e,1591,RTSO|SO|OE|VE|QS|TR,3,0,636520868,300,20,0.0854,19,0.045429,307,49,4270,2391,6000,,300,,,,constant_speed,normal,0,no_load,cw,A3: rotate CW low speed,servo-app/lab-0.1
1781173476.588993,75.53916573524475,A3_ROTATE_ONE_DIR,A3_ROTATE_ONE_DIR_R02_20260611_172320,delta-asda-b3-e,1591,RTSO|SO|OE|VE|QS|TR,3,0,637369033,300,16,0.06832,17,0.040647,307,49,4270,2391,6000,,300,,,,constant_speed,normal,0,no_load,cw,A3: rotate CW low speed,servo-app/lab-0.1
1781173476.6893966,75.63956928253174,A3_ROTATE_ONE_DIR,A3_ROTATE_ONE_DIR_R02_20260611_172320,delta-asda-b3-e,1591,RTSO|SO|OE|VE|QS|TR,3,0,638207242,301,19,0.08113,18,0.043038,307,49,4270,2391,6000,,300,,,,constant_speed,normal,0,no_load,cw,A3: rotate CW low speed,servo-app/lab-0.1
1781173476.789602,75.73977470397949,A3_ROTATE_ONE_DIR,A3_ROTATE_ONE_DIR_R02_20260611_172320,delta-asda-b3-e,1591,RTSO|SO|OE|VE|QS|TR,3,0,639030249,300,18,0.07686,18,0.043038,307,49,4270,2391,6000,,300,,,,constant_speed,normal,0,no_load,cw,A3: rotate CW low speed,servo-app/lab-0.1
1781173476.889655,75.8398277759552,A3_ROTATE_ONE_DIR,A3_ROTATE_ONE_DIR_R02_20260611_172320,delta-asda-b3-e,1591,RTSO|SO|OE|VE|QS|TR,3,0,639884996,300,19,0.08113,18,0.043038,307,49,4270,2391,6000,,300,,,,constant_speed,normal,0,no_load,cw,A3: rotate CW low speed,servo-app/lab-0.1
1781173476.990135,75.9403076171875,A3_ROTATE_ONE_DIR,A3_ROTATE_ONE_DIR_R02_20260611_172320,delta-asda-b3-e,1591,RTSO|SO|OE|VE|QS|TR,3,0,640724109,300,16,0.06832,16,0.038256,307,49,4270,2391,6000,,300,,,,constant_speed,normal,0,no_load,cw,A3: rotate CW low speed,servo-app/lab-0.1
1781173477.0902495,76.04042220115662,A3_ROTATE_ONE_DIR,A3_ROTATE_ONE_DIR_R02_20260611_172320,delta-asda-b3-e,1591,RTSO|SO|OE|VE|QS|TR,3,0,641562073,301,18,0.07686,18,0.043038,307,49,4270,2391,6000,,300,,,,constant_speed,normal,0,no_load,cw,A3: rotate CW low speed,servo-app/lab-0.1
1781173477.1903114,76.14048409461975,A3_ROTATE_ONE_DIR,A3_ROTATE_ONE_DIR_R02_20260611_172320,delta-asda-b3-e,1591,RTSO|SO|OE|VE|QS|TR,3,0,642402442,301,16,0.06832,18,0.043038,307,49,4270,2391,6000,,300,,,,constant_speed,normal,0,no_load,cw,A3: rotate CW low speed,servo-app/lab-0.1
1781173477.290796,76.24096870422363,A3_ROTATE_ONE_DIR,A3_ROTATE_ONE_DIR_R02_20260611_172320,delta-asda-b3-e,1591,RTSO|SO|OE|VE|QS|TR,3,0,643239978,301,18,0.07686,18,0.043038,307,49,4270,2391,6000,,300,,,,constant_speed,normal,0,no_load,cw,A3: rotate CW low speed,servo-app/lab-0.1
1781173477.3910651,76.341237783432,A3_ROTATE_ONE_DIR,A3_ROTATE_ONE_DIR_R02_20260611_172320,delta-asda-b3-e,1591,RTSO|SO|OE|VE|QS|TR,3,0,644088136,300,17,0.07259,15,0.035865,307,49,4270,2391,6000,,300,,,,constant_speed,normal,0,no_load,cw,A3: rotate CW low speed,servo-app/lab-0.1
1781173477.4912455,76.44141817092896,A3_ROTATE_ONE_DIR,A3_ROTATE_ONE_DIR_R02_20260611_172320,delta-asda-b3-e,1591,RTSO|SO|OE|VE|QS|TR,3,0,644917025,301,19,0.08113,19,0.045429,307,49,4270,2391,6000,,300,,,,constant_speed,normal,0,no_load,cw,A3: rotate CW low speed,servo-app/lab-0.1
1781173477.591448,76.54162073135376,A3_ROTATE_ONE_DIR,A3_ROTATE_ONE_DIR_R02_20260611_172320,delta-asda-b3-e,1591,RTSO|SO|OE|VE|QS|TR,3,0,645757159,300,18,0.07686,18,0.043038,307,49,4270,2391,6000,,300,,,,constant_speed,normal,0,no_load,cw,A3: rotate CW low speed,servo-app/lab-0.1
1781173477.6915119,76.64168453216553,A3_ROTATE_ONE_DIR,A3_ROTATE_ONE_DIR_R02_20260611_172320,delta-asda-b3-e,1591,RTSO|SO|OE|VE|QS|TR,3,0,646595285,301,19,0.08113,18,0.043038,307,49,4270,2391,6000,,300,,,,constant_speed,normal,0,no_load,cw,A3: rotate CW low speed,servo-app/lab-0.1
1781173477.7918553,76.74202799797058,A3_ROTATE_ONE_DIR,A3_ROTATE_ONE_DIR_R02_20260611_172320,delta-asda-b3-e,1591,RTSO|SO|OE|VE|QS|TR,3,0,647442936,300,18,0.07686,16,0.038256,307,49,4270,2391,6000,,300,,,,constant_speed,normal,0,no_load,cw,A3: rotate CW low speed,servo-app/lab-0.1
1781173477.8919575,76.84213018417358,A3_ROTATE_ONE_DIR,A3_ROTATE_ONE_DIR_R02_20260611_172320,delta-asda-b3-e,1591,RTSO|SO|OE|VE|QS|TR,3,0,648289425,300,19,0.08113,20,0.04782,307,49,4270,2391,6000,,300,,,,constant_speed,normal,0,no_load,cw,A3: rotate CW low speed,servo-app/lab-0.1
1781173477.9919975,76.94217014312744,A3_ROTATE_ONE_DIR,A3_ROTATE_ONE_DIR_R02_20260611_172320,delta-asda-b3-e,1591,RTSO|SO|OE|VE|QS|TR,3,0,649128963,300,20,0.0854,19,0.045429,307,49,4270,2391,6000,,300,,,,constant_speed,normal,0,no_load,cw,A3: rotate CW low speed,servo-app/lab-0.1
1781173478.0924945,77.04266715049744,A3_ROTATE_ONE_DIR,A3_ROTATE_ONE_DIR_R02_20260611_172320,delta-asda-b3-e,1591,RTSO|SO|OE|VE|QS|TR,3,0,649975478,301,21,0.08967,19,0.045429,307,49,4270,2391,6000,,300,,,,constant_speed,normal,0,no_load,cw,A3: rotate CW low speed,servo-app/lab-0.1
1781173478.192977,77.1431496143341,A3_ROTATE_ONE_DIR,A3_ROTATE_ONE_DIR_R02_20260611_172320,delta-asda-b3-e,1591,RTSO|SO|OE|VE|QS|TR,3,0,650815226,301,17,0.07259,17,0.040647,307,49,4270,2391,6000,,300,,,,constant_speed,normal,0,no_load,cw,A3: rotate CW low speed,servo-app/lab-0.1
1781173478.2934093,77.24358201026917,A3_ROTATE_ONE_DIR,A3_ROTATE_ONE_DIR_R02_20260611_172320,delta-asda-b3-e,1591,RTSO|SO|OE|VE|QS|TR,3,0,651652809,301,20,0.0854,20,0.04782,307,49,4270,2391,6000,,300,,,,constant_speed,normal,0,no_load,cw,A3: rotate CW low speed,servo-app/lab-0.1
1781173478.3939402,77.34411287307739,A3_ROTATE_ONE_DIR,A3_ROTATE_ONE_DIR_R02_20260611_172320,delta-asda-b3-e,1591,RTSO|SO|OE|VE|QS|TR,3,0,652493008,300,21,0.08967,21,0.050211,307,49,4270,2391,6000,,300,,,,constant_speed,normal,0,no_load,cw,A3: rotate CW low speed,servo-app/lab-0.1
1781173478.4943035,77.44447612762451,A3_ROTATE_ONE_DIR,A3_ROTATE_ONE_DIR_R02_20260611_172320,delta-asda-b3-e,1591,RTSO|SO|OE|VE|QS|TR,3,0,653347312,300,20,0.0854,21,0.050211,307,49,4270,2391,6000,,300,,,,constant_speed,normal,0,no_load,cw,A3: rotate CW low speed,servo-app/lab-0.1
1781173478.5947793,77.54495191574097,A3_ROTATE_ONE_DIR,A3_ROTATE_ONE_DIR_R02_20260611_172320,delta-asda-b3-e,1591,RTSO|SO|OE|VE|QS|TR,3,0,654195220,299,16,0.06832,18,0.043038,307,49,4270,2391,6000,,300,,,,constant_speed,normal,0,no_load,cw,A3: rotate CW low speed,servo-app/lab-0.1
1781173478.6952722,77.64544486999512,A3_ROTATE_ONE_DIR,A3_ROTATE_ONE_DIR_R02_20260611_172320,delta-asda-b3-e,1591,RTSO|SO|OE|VE|QS|TR,3,0,655016858,301,17,0.07259,19,0.045429,307,49,4270,2391,6000,,300,,,,constant_speed,normal,0,no_load,cw,A3: rotate CW low speed,servo-app/lab-0.1
1781173478.7958262,77.74599885940552,A3_ROTATE_ONE_DIR,A3_ROTATE_ONE_DIR_R02_20260611_172320,delta-asda-b3-e,1591,RTSO|SO|OE|VE|QS|TR,3,0,655864883,300,18,0.07686,18,0.043038,308,49,4270,2391,6000,,300,,,,constant_speed,normal,0,no_load,cw,A3: rotate CW low speed,servo-app/lab-0.1
1781173478.8964193,77.84659194946289,A3_ROTATE_ONE_DIR,A3_ROTATE_ONE_DIR_R02_20260611_172320,delta-asda-b3-e,1591,RTSO|SO|OE|VE|QS|TR,3,0,656711267,300,19,0.08113,21,0.050211,308,49,4270,2391,6000,,300,,,,constant_speed,normal,0,no_load,cw,A3: rotate CW low speed,servo-app/lab-0.1
1781173478.9966407,77.94681334495544,A3_ROTATE_ONE_DIR,A3_ROTATE_ONE_DIR_R02_20260611_172320,delta-asda-b3-e,1591,RTSO|SO|OE|VE|QS|TR,3,0,657541971,299,17,0.07259,16,0.038256,308,49,4270,2391,6000,,300,,,,constant_speed,normal,0,no_load,cw,A3: rotate CW low speed,servo-app/lab-0.1
1781173479.0968063,78.04697895050049,A3_ROTATE_ONE_DIR,A3_ROTATE_ONE_DIR_R02_20260611_172320,delta-asda-b3-e,1591,RTSO|SO|OE|VE|QS|TR,3,0,658405148,300,16,0.06832,18,0.043038,307,49,4270,2391,6000,,300,,,,constant_speed,normal,0,no_load,cw,A3: rotate CW low speed,servo-app/lab-0.1
1781173479.1968782,78.14705085754395,A3_ROTATE_ONE_DIR,A3_ROTATE_ONE_DIR_R02_20260611_172320,delta-asda-b3-e,1591,RTSO|SO|OE|VE|QS|TR,3,0,659237022,300,16,0.06832,20,0.04782,307,49,4270,2391,6000,,300,,,,constant_speed,normal,0,no_load,cw,A3: rotate CW low speed,servo-app/lab-0.1
1781173479.2969956,78.24716830253601,A3_ROTATE_ONE_DIR,A3_ROTATE_ONE_DIR_R02_20260611_172320,delta-asda-b3-e,1591,RTSO|SO|OE|VE|QS|TR,3,0,660074630,300,19,0.08113,20,0.04782,308,49,4270,2391,6000,,300,,,,constant_speed,normal,0,no_load,cw,A3: rotate CW low speed,servo-app/lab-0.1
1781173479.3973389,78.34751152992249,A3_ROTATE_ONE_DIR,A3_ROTATE_ONE_DIR_R02_20260611_172320,delta-asda-b3-e,1591,RTSO|SO|OE|VE|QS|TR,3,0,660914130,299,16,0.06832,17,0.040647,308,49,4270,2391,6000,,300,,,,constant_speed,normal,0,no_load,cw,A3: rotate CW low speed,servo-app/lab-0.1
1781173479.4974732,78.44764590263367,A3_ROTATE_ONE_DIR,A3_ROTATE_ONE_DIR_R02_20260611_172320,delta-asda-b3-e,1591,RTSO|SO|OE|VE|QS|TR,3,0,661760178,300,18,0.07686,16,0.038256,308,49,4270,2391,6000,,300,,,,constant_speed,normal,0,no_load,cw,A3: rotate CW low speed,servo-app/lab-0.1
1781173479.5981426,78.54831528663635,A3_ROTATE_ONE_DIR,A3_ROTATE_ONE_DIR_R02_20260611_172320,delta-asda-b3-e,1591,RTSO|SO|OE|VE|QS|TR,3,0,662600146,299,17,0.07259,19,0.045429,308,49,4270,2391,6000,,300,,,,constant_speed,normal,0,no_load,cw,A3: rotate CW low speed,servo-app/lab-0.1
1781173479.698337,78.64850974082947,A3_ROTATE_ONE_DIR,A3_ROTATE_ONE_DIR_R02_20260611_172320,delta-asda-b3-e,1591,RTSO|SO|OE|VE|QS|TR,3,0,663438529,300,19,0.08113,19,0.045429,307,49,4270,2391,6000,,300,,,,constant_speed,normal,0,no_load,cw,A3: rotate CW low speed,servo-app/lab-0.1
1781173479.79842,78.74859261512756,A3_ROTATE_ONE_DIR,A3_ROTATE_ONE_DIR_R02_20260611_172320,delta-asda-b3-e,1591,RTSO|SO|OE|VE|QS|TR,3,0,664277368,299,16,0.06832,18,0.043038,308,49,4270,2391,6000,,300,,,,constant_speed,normal,0,no_load,cw,A3: rotate CW low speed,servo-app/lab-0.1
1781173479.8990524,78.84922504425049,A3_ROTATE_ONE_DIR,A3_ROTATE_ONE_DIR_R02_20260611_172320,delta-asda-b3-e,1591,RTSO|SO|OE|VE|QS|TR,3,0,665115586,300,17,0.07259,19,0.045429,308,49,4270,2391,6000,,300,,,,constant_speed,normal,0,no_load,cw,A3: rotate CW low speed,servo-app/lab-0.1
1781173479.9994721,78.94964480400085,A3_ROTATE_ONE_DIR,A3_ROTATE_ONE_DIR_R02_20260611_172320,delta-asda-b3-e,1591,RTSO|SO|OE|VE|QS|TR,3,0,665963560,300,18,0.07686,19,0.045429,308,49,4270,2391,6000,,300,,,,constant_speed,normal,0,no_load,cw,A3: rotate CW low speed,servo-app/lab-0.1
1781173480.0998757,79.05004835128784,A3_ROTATE_ONE_DIR,A3_ROTATE_ONE_DIR_R02_20260611_172320,delta-asda-b3-e,1591,RTSO|SO|OE|VE|QS|TR,3,0,666818645,301,20,0.0854,20,0.04782,307,49,4270,2391,6000,,300,,,,constant_speed,normal,0,no_load,cw,A3: rotate CW low speed,servo-app/lab-0.1
1781173480.2000866,79.15025925636292,A3_ROTATE_ONE_DIR,A3_ROTATE_ONE_DIR_R02_20260611_172320,delta-asda-b3-e,1591,RTSO|SO|OE|VE|QS|TR,3,0,667658195,300,16,0.06832,17,0.040647,307,49,4270,2391,6000,,300,,,,constant_speed,normal,0,no_load,cw,A3: rotate CW low speed,servo-app/lab-0.1
1781173480.3001995,79.25037217140198,A3_ROTATE_ONE_DIR,A3_ROTATE_ONE_DIR_R02_20260611_172320,delta-asda-b3-e,1591,RTSO|SO|OE|VE|QS|TR,3,0,668487373,300,19,0.08113,18,0.043038,308,49,4270,2391,6000,,300,,,,constant_speed,normal,0,no_load,cw,A3: rotate CW low speed,servo-app/lab-0.1
1781173480.4006145,79.35078716278076,A3_ROTATE_ONE_DIR,A3_ROTATE_ONE_DIR_R02_20260611_172320,delta-asda-b3-e,1591,RTSO|SO|OE|VE|QS|TR,3,0,669318959,299,19,0.08113,18,0.043038,307,49,4270,2391,6000,,300,,,,constant_speed,normal,0,no_load,cw,A3: rotate CW low speed,servo-app/lab-0.1
1781173480.5008392,79.45101189613342,A3_ROTATE_ONE_DIR,A3_ROTATE_ONE_DIR_R02_20260611_172320,delta-asda-b3-e,1591,RTSO|SO|OE|VE|QS|TR,3,0,670173743,301,19,0.08113,20,0.04782,307,49,4270,2391,6000,,300,,,,constant_speed,normal,0,no_load,cw,A3: rotate CW low speed,servo-app/lab-0.1
1781173480.6010993,79.55127191543579,A3_ROTATE_ONE_DIR,A3_ROTATE_ONE_DIR_R02_20260611_172320,delta-asda-b3-e,1591,RTSO|SO|OE|VE|QS|TR,3,0,671013148,300,17,0.07259,16,0.038256,307,49,4270,2391,6000,,300,,,,constant_speed,normal,0,no_load,cw,A3: rotate CW low speed,servo-app/lab-0.1
1781173480.7013652,79.65153789520264,A3_ROTATE_ONE_DIR,A3_ROTATE_ONE_DIR_R02_20260611_172320,delta-asda-b3-e,1591,RTSO|SO|OE|VE|QS|TR,3,0,671851563,301,17,0.07259,17,0.040647,307,49,4270,2391,6000,,300,,,,constant_speed,normal,0,no_load,cw,A3: rotate CW low speed,servo-app/lab-0.1
1781173480.8017483,79.75192093849182,A3_ROTATE_ONE_DIR,A3_ROTATE_ONE_DIR_R02_20260611_172320,delta-asda-b3-e,1591,RTSO|SO|OE|VE|QS|TR,3,0,672699435,300,19,0.08113,18,0.043038,307,49,4270,2391,6000,,300,,,,constant_speed,normal,0,no_load,cw,A3: rotate CW low speed,servo-app/lab-0.1
1781173480.9022899,79.85246253013611,A3_ROTATE_ONE_DIR,A3_ROTATE_ONE_DIR_R02_20260611_172320,delta-asda-b3-e,1591,RTSO|SO|OE|VE|QS|TR,3,0,673537561,300,20,0.0854,19,0.045429,307,49,4270,2391,6000,,300,,,,constant_speed,normal,0,no_load,cw,A3: rotate CW low speed,servo-app/lab-0.1
1781173481.0023425,79.95251512527466,A3_ROTATE_ONE_DIR,A3_ROTATE_ONE_DIR_R02_20260611_172320,delta-asda-b3-e,1591,RTSO|SO|OE|VE|QS|TR,3,0,674376650,300,17,0.07259,17,0.040647,307,49,4270,2391,6000,,300,,,,constant_speed,normal,0,no_load,cw,A3: rotate CW low speed,servo-app/lab-0.1
1781173481.1026013,80.05277395248413,A3_ROTATE_ONE_DIR,A3_ROTATE_ONE_DIR_R02_20260611_172320,delta-asda-b3-e,1591,RTSO|SO|OE|VE|QS|TR,3,0,675214823,301,16,0.06832,17,0.040647,307,49,4270,2391,6000,,300,,,,constant_speed,normal,0,no_load,cw,A3: rotate CW low speed,servo-app/lab-0.1
1781173481.2029727,80.15314531326294,A3_ROTATE_ONE_DIR,A3_ROTATE_ONE_DIR_R02_20260611_172320,delta-asda-b3-e,1591,RTSO|SO|OE|VE|QS|TR,3,0,676071700,300,17,0.07259,18,0.043038,307,49,4270,2391,6000,,300,,,,constant_speed,normal,0,no_load,cw,A3: rotate CW low speed,servo-app/lab-0.1
1781173481.3034081,80.25358080863953,A3_ROTATE_ONE_DIR,A3_ROTATE_ONE_DIR_R02_20260611_172320,delta-asda-b3-e,1591,RTSO|SO|OE|VE|QS|TR,3,0,676900954,300,20,0.0854,20,0.04782,307,49,4270,2391,6000,,300,,,,constant_speed,normal,0,no_load,cw,A3: rotate CW low speed,servo-app/lab-0.1
1781173481.403579,80.35375165939331,A3_ROTATE_ONE_DIR,A3_ROTATE_ONE_DIR_R02_20260611_172320,delta-asda-b3-e,1591,RTSO|SO|OE|VE|QS|TR,3,0,677740268,299,17,0.07259,17,0.040647,307,49,4270,2391,6000,,300,,,,constant_speed,normal,0,no_load,cw,A3: rotate CW low speed,servo-app/lab-0.1
1781173481.5039299,80.45410251617432,A3_ROTATE_ONE_DIR,A3_ROTATE_ONE_DIR_R02_20260611_172320,delta-asda-b3-e,1591,RTSO|SO|OE|VE|QS|TR,3,0,678586638,301,17,0.07259,17,0.040647,307,49,4270,2391,6000,,300,,,,constant_speed,normal,0,no_load,cw,A3: rotate CW low speed,servo-app/lab-0.1
1781173481.604241,80.55441355705261,A3_ROTATE_ONE_DIR,A3_ROTATE_ONE_DIR_R02_20260611_172320,delta-asda-b3-e,1591,RTSO|SO|OE|VE|QS|TR,3,0,679418112,300,19,0.08113,18,0.043038,307,49,4270,2391,6000,,300,,,,constant_speed,normal,0,no_load,cw,A3: rotate CW low speed,servo-app/lab-0.1
1781173481.704795,80.65496754646301,A3_ROTATE_ONE_DIR,A3_ROTATE_ONE_DIR_R02_20260611_172320,delta-asda-b3-e,1591,RTSO|SO|OE|VE|QS|TR,3,0,680264834,300,19,0.08113,19,0.045429,307,49,4270,2391,6000,,300,,,,constant_speed,normal,0,no_load,cw,A3: rotate CW low speed,servo-app/lab-0.1
1781173481.8049316,80.75510430335999,A3_ROTATE_ONE_DIR,A3_ROTATE_ONE_DIR_R02_20260611_172320,delta-asda-b3-e,1591,RTSO|SO|OE|VE|QS|TR,3,0,681111881,299,20,0.0854,19,0.045429,307,49,4270,2391,6000,,300,,,,constant_speed,normal,0,no_load,cw,A3: rotate CW low speed,servo-app/lab-0.1
1781173481.9052012,80.85537385940552,A3_ROTATE_ONE_DIR,A3_ROTATE_ONE_DIR_R02_20260611_172320,delta-asda-b3-e,1591,RTSO|SO|OE|VE|QS|TR,3,0,681941877,300,18,0.07686,17,0.040647,307,49,4270,2391,6000,,300,,,,constant_speed,normal,0,no_load,cw,A3: rotate CW low speed,servo-app/lab-0.1
1781173482.0054553,80.95562791824341,A3_ROTATE_ONE_DIR,A3_ROTATE_ONE_DIR_R02_20260611_172320,delta-asda-b3-e,1591,RTSO|SO|OE|VE|QS|TR,3,0,682789911,300,19,0.08113,18,0.043038,307,49,4270,2391,6000,,300,,,,constant_speed,normal,0,no_load,cw,A3: rotate CW low speed,servo-app/lab-0.1
1781173482.1059933,81.05616593360901,A3_ROTATE_ONE_DIR,A3_ROTATE_ONE_DIR_R02_20260611_172320,delta-asda-b3-e,1591,RTSO|SO|OE|VE|QS|TR,3,0,683636452,300,20,0.0854,20,0.04782,307,49,4270,2391,6000,,300,,,,constant_speed,normal,0,no_load,cw,A3: rotate CW low speed,servo-app/lab-0.1
1781173482.206285,81.1564576625824,A3_ROTATE_ONE_DIR,A3_ROTATE_ONE_DIR_R02_20260611_172320,delta-asda-b3-e,1591,RTSO|SO|OE|VE|QS|TR,3,0,684467602,300,16,0.06832,17,0.040647,307,49,4270,2391,6000,,300,,,,constant_speed,normal,0,no_load,cw,A3: rotate CW low speed,servo-app/lab-0.1
1781173482.3067524,81.25692510604858,A3_ROTATE_ONE_DIR,A3_ROTATE_ONE_DIR_R02_20260611_172320,delta-asda-b3-e,1591,RTSO|SO|OE|VE|QS|TR,3,0,685330390,300,16,0.06832,18,0.043038,307,49,4270,2391,6000,,300,,,,constant_speed,normal,0,no_load,cw,A3: rotate CW low speed,servo-app/lab-0.1
1781173482.406891,81.35706377029419,A3_ROTATE_ONE_DIR,A3_ROTATE_ONE_DIR_R02_20260611_172320,delta-asda-b3-e,1591,RTSO|SO|OE|VE|QS|TR,3,0,686170261,300,18,0.07686,16,0.038256,307,49,4270,2391,6000,,300,,,,constant_speed,normal,0,no_load,cw,A3: rotate CW low speed,servo-app/lab-0.1
1781173482.5070348,81.45720744132996,A3_ROTATE_ONE_DIR,A3_ROTATE_ONE_DIR_R02_20260611_172320,delta-asda-b3-e,1591,RTSO|SO|OE|VE|QS|TR,3,0,687008435,300,17,0.07259,18,0.043038,308,49,4270,2391,6000,,300,,,,constant_speed,normal,0,no_load,cw,A3: rotate CW low speed,servo-app/lab-0.1
1781173482.607552,81.55772471427917,A3_ROTATE_ONE_DIR,A3_ROTATE_ONE_DIR_R02_20260611_172320,delta-asda-b3-e,1591,RTSO|SO|OE|VE|QS|TR,3,0,687830963,300,18,0.07686,17,0.040647,308,49,4270,2391,6000,,300,,,,constant_speed,normal,0,no_load,cw,A3: rotate CW low speed,servo-app/lab-0.1
1781173482.7075799,81.6577525138855,A3_ROTATE_ONE_DIR,A3_ROTATE_ONE_DIR_R02_20260611_172320,delta-asda-b3-e,1591,RTSO|SO|OE|VE|QS|TR,3,0,688677854,300,14,0.05978,17,0.040647,307,49,4270,2391,6000,,300,,,,constant_speed,normal,0,no_load,cw,A3: rotate CW low speed,servo-app/lab-0.1
1781173482.807791,81.75796365737915,A3_ROTATE_ONE_DIR,A3_ROTATE_ONE_DIR_R02_20260611_172320,delta-asda-b3-e,1591,RTSO|SO|OE|VE|QS|TR,3,0,689533887,300,18,0.07686,18,0.043038,308,49,4270,2391,6000,,300,,,,constant_speed,normal,0,no_load,cw,A3: rotate CW low speed,servo-app/lab-0.1
1781173482.9081788,81.85835146903992,A3_ROTATE_ONE_DIR,A3_ROTATE_ONE_DIR_R02_20260611_172320,delta-asda-b3-e,1591,RTSO|SO|OE|VE|QS|TR,3,0,690372032,300,21,0.08967,19,0.045429,307,49,4270,2391,6000,,300,,,,constant_speed,normal,0,no_load,cw,A3: rotate CW low speed,servo-app/lab-0.1
1781173483.0082257,81.95839834213257,A3_ROTATE_ONE_DIR,A3_ROTATE_ONE_DIR_R02_20260611_172320,delta-asda-b3-e,1591,RTSO|SO|OE|VE|QS|TR,3,0,691211289,300,17,0.07259,14,0.033474,308,49,4270,2391,6000,,300,,,,constant_speed,normal,0,no_load,cw,A3: rotate CW low speed,servo-app/lab-0.1
1781173483.1084907,82.0586633682251,A3_ROTATE_ONE_DIR,A3_ROTATE_ONE_DIR_R02_20260611_172320,delta-asda-b3-e,1591,RTSO|SO|OE|VE|QS|TR,3,0,692049540,301,16,0.06832,16,0.038256,308,49,4270,2391,6000,,300,,,,constant_speed,normal,0,no_load,cw,A3: rotate CW low speed,servo-app/lab-0.1
1781173483.2088902,82.15906286239624,A3_ROTATE_ONE_DIR,A3_ROTATE_ONE_DIR_R02_20260611_172320,delta-asda-b3-e,1591,RTSO|SO|OE|VE|QS|TR,3,0,692881137,300,16,0.06832,18,0.043038,307,49,4270,2391,6000,,300,,,,constant_speed,normal,0,no_load,cw,A3: rotate CW low speed,servo-app/lab-0.1
1781173483.3092954,82.25946807861328,A3_ROTATE_ONE_DIR,A3_ROTATE_ONE_DIR_R02_20260611_172320,delta-asda-b3-e,1591,RTSO|SO|OE|VE|QS|TR,3,0,693727107,300,19,0.08113,19,0.045429,307,49,4270,2391,6000,,300,,,,constant_speed,normal,0,no_load,cw,A3: rotate CW low speed,servo-app/lab-0.1
1781173483.4097807,82.3599534034729,A3_ROTATE_ONE_DIR,A3_ROTATE_ONE_DIR_R02_20260611_172320,delta-asda-b3-e,1591,RTSO|SO|OE|VE|QS|TR,3,0,694574806,300,17,0.07259,16,0.038256,307,49,4270,2391,6000,,300,,,,constant_speed,normal,0,no_load,cw,A3: rotate CW low speed,servo-app/lab-0.1
1781173483.509866,82.46003866195679,A3_ROTATE_ONE_DIR,A3_ROTATE_ONE_DIR_R02_20260611_172320,delta-asda-b3-e,1591,RTSO|SO|OE|VE|QS|TR,3,0,695404712,301,14,0.05978,16,0.038256,307,49,4270,2391,6000,,300,,,,constant_speed,normal,0,no_load,cw,A3: rotate CW low speed,servo-app/lab-0.1
1781173483.6103306,82.56050324440002,A3_ROTATE_ONE_DIR,A3_ROTATE_ONE_DIR_R02_20260611_172320,delta-asda-b3-e,1591,RTSO|SO|OE|VE|QS|TR,3,0,696244299,300,16,0.06832,17,0.040647,308,49,4270,2391,6000,,300,,,,constant_speed,normal,0,no_load,cw,A3: rotate CW low speed,servo-app/lab-0.1
1781173483.7107399,82.66091251373291,A3_ROTATE_ONE_DIR,A3_ROTATE_ONE_DIR_R02_20260611_172320,delta-asda-b3-e,1591,RTSO|SO|OE|VE|QS|TR,3,0,697091126,300,19,0.08113,17,0.040647,307,49,4270,2391,6000,,300,,,,constant_speed,normal,0,no_load,cw,A3: rotate CW low speed,servo-app/lab-0.1
1781173483.8111255,82.76129817962646,A3_ROTATE_ONE_DIR,A3_ROTATE_ONE_DIR_R02_20260611_172320,delta-asda-b3-e,1591,RTSO|SO|OE|VE|QS|TR,3,0,697938226,300,18,0.07686,19,0.045429,308,49,4270,2391,6000,,300,,,,constant_speed,normal,0,no_load,cw,A3: rotate CW low speed,servo-app/lab-0.1
1781173483.9116108,82.86178350448608,A3_ROTATE_ONE_DIR,A3_ROTATE_ONE_DIR_R02_20260611_172320,delta-asda-b3-e,1591,RTSO|SO|OE|VE|QS|TR,3,0,698776724,301,16,0.06832,16,0.038256,308,49,4270,2391,6000,,300,,,,constant_speed,normal,0,no_load,cw,A3: rotate CW low speed,servo-app/lab-0.1
1781173484.0119295,82.96210217475891,A3_ROTATE_ONE_DIR,A3_ROTATE_ONE_DIR_R02_20260611_172320,delta-asda-b3-e,1591,RTSO|SO|OE|VE|QS|TR,3,0,699624874,301,17,0.07259,18,0.043038,308,49,4270,2391,6000,,300,,,,constant_speed,normal,0,no_load,cw,A3: rotate CW low speed,servo-app/lab-0.1
1781173484.1121898,83.06236243247986,A3_ROTATE_ONE_DIR,A3_ROTATE_ONE_DIR_R02_20260611_172320,delta-asda-b3-e,1591,RTSO|SO|OE|VE|QS|TR,3,0,700462899,300,21,0.08967,20,0.04782,308,49,4270,2391,6000,,300,,,,constant_speed,normal,0,no_load,cw,A3: rotate CW low speed,servo-app/lab-0.1
1781173484.2125301,83.16270279884338,A3_ROTATE_ONE_DIR,A3_ROTATE_ONE_DIR_R02_20260611_172320,delta-asda-b3-e,1591,RTSO|SO|OE|VE|QS|TR,3,0,701302398,300,17,0.07259,16,0.038256,308,49,4270,2391,6000,,300,,,,constant_speed,normal,0,no_load,cw,A3: rotate CW low speed,servo-app/lab-0.1
1781173484.3125763,83.2627489566803,A3_ROTATE_ONE_DIR,A3_ROTATE_ONE_DIR_R02_20260611_172320,delta-asda-b3-e,1591,RTSO|SO|OE|VE|QS|TR,3,0,702140166,301,17,0.07259,17,0.040647,307,49,4270,2391,6000,,300,,,,constant_speed,normal,0,no_load,cw,A3: rotate CW low speed,servo-app/lab-0.1
1781173484.4129043,83.36307692527771,A3_ROTATE_ONE_DIR,A3_ROTATE_ONE_DIR_R02_20260611_172320,delta-asda-b3-e,1591,RTSO|SO|OE|VE|QS|TR,3,0,702988355,300,18,0.07686,19,0.045429,308,49,4270,2391,6000,,300,,,,constant_speed,normal,0,no_load,cw,A3: rotate CW low speed,servo-app/lab-0.1
1781173484.5131536,83.46332621574402,A3_ROTATE_ONE_DIR,A3_ROTATE_ONE_DIR_R02_20260611_172320,delta-asda-b3-e,1591,RTSO|SO|OE|VE|QS|TR,3,0,703834950,301,20,0.0854,19,0.045429,308,49,4270,2391,6000,,300,,,,constant_speed,normal,0,no_load,cw,A3: rotate CW low speed,servo-app/lab-0.1
1781173484.6134086,83.56358122825623,A3_ROTATE_ONE_DIR,A3_ROTATE_ONE_DIR_R02_20260611_172320,delta-asda-b3-e,1591,RTSO|SO|OE|VE|QS|TR,3,0,704674125,300,19,0.08113,18,0.043038,308,49,4270,2391,6000,,300,,,,constant_speed,normal,0,no_load,cw,A3: rotate CW low speed,servo-app/lab-0.1
1781173484.714083,83.66425561904907,A3_ROTATE_ONE_DIR,A3_ROTATE_ONE_DIR_R02_20260611_172320,delta-asda-b3-e,1591,RTSO|SO|OE|VE|QS|TR,3,0,705512759,301,16,0.06832,16,0.038256,308,49,4270,2391,6000,,300,,,,constant_speed,normal,0,no_load,cw,A3: rotate CW low speed,servo-app/lab-0.1
1781173484.8142908,83.76446342468262,A3_ROTATE_ONE_DIR,A3_ROTATE_ONE_DIR_R02_20260611_172320,delta-asda-b3-e,1591,RTSO|SO|OE|VE|QS|TR,3,0,706360268,300,17,0.07259,18,0.043038,308,49,4270,2391,6000,,300,,,,constant_speed,normal,0,no_load,cw,A3: rotate CW low speed,servo-app/lab-0.1
1781173484.9144971,83.86466979980469,A3_ROTATE_ONE_DIR,A3_ROTATE_ONE_DIR_R02_20260611_172320,delta-asda-b3-e,1591,RTSO|SO|OE|VE|QS|TR,3,0,707198500,300,20,0.0854,21,0.050211,308,49,4270,2391,6000,,300,,,,constant_speed,normal,0,no_load,cw,A3: rotate CW low speed,servo-app/lab-0.1
1781173485.0150928,83.96526551246643,A3_ROTATE_ONE_DIR,A3_ROTATE_ONE_DIR_R02_20260611_172320,delta-asda-b3-e,1591,RTSO|SO|OE|VE|QS|TR,3,0,708037770,300,16,0.06832,16,0.038256,307,49,4270,2391,6000,,300,,,,constant_speed,normal,0,no_load,cw,A3: rotate CW low speed,servo-app/lab-0.1
1781173485.115175,84.06534767150879,A3_ROTATE_ONE_DIR,A3_ROTATE_ONE_DIR_R02_20260611_172320,delta-asda-b3-e,1591,RTSO|SO|OE|VE|QS|TR,3,0,708867680,301,15,0.06405,15,0.035865,308,49,4270,2391,6000,,300,,,,constant_speed,normal,0,no_load,cw,A3: rotate CW low speed,servo-app/lab-0.1
1781173485.215967,84.16613960266113,A3_ROTATE_ONE_DIR,A3_ROTATE_ONE_DIR_R02_20260611_172320,delta-asda-b3-e,1591,RTSO|SO|OE|VE|QS|TR,3,0,709724253,300,18,0.07686,18,0.043038,307,49,4270,2391,6000,,300,,,,constant_speed,normal,0,no_load,cw,A3: rotate CW low speed,servo-app/lab-0.1
1781173485.3166373,84.26680994033813,A3_ROTATE_ONE_DIR,A3_ROTATE_ONE_DIR_R02_20260611_172320,delta-asda-b3-e,1591,RTSO|SO|OE|VE|QS|TR,3,0,710570323,300,20,0.0854,20,0.04782,308,49,4270,2391,6000,,300,,,,constant_speed,normal,0,no_load,cw,A3: rotate CW low speed,servo-app/lab-0.1
1781173485.4169004,84.36707305908203,A3_ROTATE_ONE_DIR,A3_ROTATE_ONE_DIR_R02_20260611_172320,delta-asda-b3-e,1591,RTSO|SO|OE|VE|QS|TR,3,0,711409475,299,18,0.07686,20,0.04782,308,49,4270,2391,6000,,300,,,,constant_speed,normal,0,no_load,cw,A3: rotate CW low speed,servo-app/lab-0.1
1781173485.5169492,84.46712183952332,A3_ROTATE_ONE_DIR,A3_ROTATE_ONE_DIR_R02_20260611_172320,delta-asda-b3-e,1591,RTSO|SO|OE|VE|QS|TR,3,0,712256555,301,15,0.06405,15,0.035865,308,49,4270,2391,6000,,300,,,,constant_speed,normal,0,no_load,cw,A3: rotate CW low speed,servo-app/lab-0.1
1781173485.6170926,84.5672652721405,A3_ROTATE_ONE_DIR,A3_ROTATE_ONE_DIR_R02_20260611_172320,delta-asda-b3-e,1591,RTSO|SO|OE|VE|QS|TR,3,0,713079111,300,18,0.07686,19,0.045429,308,49,4270,2391,6000,,300,,,,constant_speed,normal,0,no_load,cw,A3: rotate CW low speed,servo-app/lab-0.1
1781173485.717555,84.66772770881653,A3_ROTATE_ONE_DIR,A3_ROTATE_ONE_DIR_R02_20260611_172320,delta-asda-b3-e,1591,RTSO|SO|OE|VE|QS|TR,3,0,713934229,300,17,0.07259,19,0.045429,308,49,4270,2391,6000,,300,,,,constant_speed,normal,0,no_load,cw,A3: rotate CW low speed,servo-app/lab-0.1
1781173485.8177974,84.76797008514404,A3_ROTATE_ONE_DIR,A3_ROTATE_ONE_DIR_R02_20260611_172320,delta-asda-b3-e,1591,RTSO|SO|OE|VE|QS|TR,3,0,714764422,299,18,0.07686,20,0.04782,308,49,4270,2391,6000,,300,,,,constant_speed,normal,0,no_load,cw,A3: rotate CW low speed,servo-app/lab-0.1
1781173485.917945,84.86811757087708,A3_ROTATE_ONE_DIR,A3_ROTATE_ONE_DIR_R02_20260611_172320,delta-asda-b3-e,1591,RTSO|SO|OE|VE|QS|TR,3,0,715619894,301,17,0.07259,15,0.035865,308,49,4270,2391,6000,,300,,,,constant_speed,normal,0,no_load,cw,A3: rotate CW low speed,servo-app/lab-0.1
1781173486.0184383,84.96861100196838,A3_ROTATE_ONE_DIR,A3_ROTATE_ONE_DIR_R02_20260611_172320,delta-asda-b3-e,1591,RTSO|SO|OE|VE|QS|TR,3,0,716451141,301,17,0.07259,16,0.038256,308,49,4270,2391,6000,,300,,,,constant_speed,normal,0,no_load,cw,A3: rotate CW low speed,servo-app/lab-0.1
1781173486.1188521,85.06902480125427,A3_ROTATE_ONE_DIR,A3_ROTATE_ONE_DIR_R02_20260611_172320,delta-asda-b3-e,1591,RTSO|SO|OE|VE|QS|TR,3,0,717289130,300,19,0.08113,21,0.050211,308,49,4270,2391,6000,,300,,,,constant_speed,normal,0,no_load,cw,A3: rotate CW low speed,servo-app/lab-0.1
1781173486.2191248,85.16929745674133,A3_ROTATE_ONE_DIR,A3_ROTATE_ONE_DIR_R02_20260611_172320,delta-asda-b3-e,1591,RTSO|SO|OE|VE|QS|TR,3,0,718136878,300,19,0.08113,18,0.043038,308,49,4270,2391,6000,,300,,,,constant_speed,normal,0,no_load,cw,A3: rotate CW low speed,servo-app/lab-0.1
1781173486.3192773,85.26944994926453,A3_ROTATE_ONE_DIR,A3_ROTATE_ONE_DIR_R02_20260611_172320,delta-asda-b3-e,1591,RTSO|SO|OE|VE|QS|TR,3,0,718966417,300,16,0.06832,17,0.040647,308,49,4270,2391,6000,,300,,,,constant_speed,normal,0,no_load,cw,A3: rotate CW low speed,servo-app/lab-0.1
1781173486.419525,85.36969757080078,A3_ROTATE_ONE_DIR,A3_ROTATE_ONE_DIR_R02_20260611_172320,delta-asda-b3-e,1591,RTSO|SO|OE|VE|QS|TR,3,0,719806111,300,18,0.07686,19,0.045429,308,49,4270,2391,6000,,300,,,,constant_speed,normal,0,no_load,cw,A3: rotate CW low speed,servo-app/lab-0.1
1781173486.5199778,85.47015047073364,A3_ROTATE_ONE_DIR,A3_ROTATE_ONE_DIR_R02_20260611_172320,delta-asda-b3-e,1591,RTSO|SO|OE|VE|QS|TR,3,0,720661420,301,19,0.08113,17,0.040647,308,49,4270,2391,6000,,300,,,,constant_speed,normal,0,no_load,cw,A3: rotate CW low speed,servo-app/lab-0.1
1781173486.620056,85.57022857666016,A3_ROTATE_ONE_DIR,A3_ROTATE_ONE_DIR_R02_20260611_172320,delta-asda-b3-e,1591,RTSO|SO|OE|VE|QS|TR,3,0,721500374,300,19,0.08113,19,0.045429,308,49,4270,2391,6000,,300,,,,constant_speed,normal,0,no_load,cw,A3: rotate CW low speed,servo-app/lab-0.1
1781173486.7203588,85.67053151130676,A3_ROTATE_ONE_DIR,A3_ROTATE_ONE_DIR_R02_20260611_172320,delta-asda-b3-e,1591,RTSO|SO|OE|VE|QS|TR,3,0,722330611,301,16,0.06832,15,0.035865,308,49,4270,2391,6000,,300,,,,constant_speed,normal,0,no_load,cw,A3: rotate CW low speed,servo-app/lab-0.1
1781173486.8207633,85.77093601226807,A3_ROTATE_ONE_DIR,A3_ROTATE_ONE_DIR_R02_20260611_172320,delta-asda-b3-e,1591,RTSO|SO|OE|VE|QS|TR,3,0,723186556,300,19,0.08113,19,0.045429,308,49,4270,2391,6000,,300,,,,constant_speed,normal,0,no_load,cw,A3: rotate CW low speed,servo-app/lab-0.1
1781173486.9210465,85.87121915817261,A3_ROTATE_ONE_DIR,A3_ROTATE_ONE_DIR_R02_20260611_172320,delta-asda-b3-e,1591,RTSO|SO|OE|VE|QS|TR,3,0,724033323,300,21,0.08967,20,0.04782,308,49,4270,2391,6000,,300,,,,constant_speed,normal,0,no_load,cw,A3: rotate CW low speed,servo-app/lab-0.1
1781173487.0212834,85.9714560508728,A3_ROTATE_ONE_DIR,A3_ROTATE_ONE_DIR_R02_20260611_172320,delta-asda-b3-e,1591,RTSO|SO|OE|VE|QS|TR,3,0,724864197,301,17,0.07259,18,0.043038,308,49,4270,2391,6000,,300,,,,constant_speed,normal,0,no_load,cw,A3: rotate CW low speed,servo-app/lab-0.1
1781173487.121599,86.0717716217041,A3_ROTATE_ONE_DIR,A3_ROTATE_ONE_DIR_R02_20260611_172320,delta-asda-b3-e,1591,RTSO|SO|OE|VE|QS|TR,3,0,725702573,301,16,0.06832,16,0.038256,308,49,4270,2391,6000,,300,,,,constant_speed,normal,0,no_load,cw,A3: rotate CW low speed,servo-app/lab-0.1
1781173487.2223687,86.17254137992859,A3_ROTATE_ONE_DIR,A3_ROTATE_ONE_DIR_R02_20260611_172320,delta-asda-b3-e,1591,RTSO|SO|OE|VE|QS|TR,3,0,726550584,300,18,0.07686,19,0.045429,308,49,4270,2391,6000,,300,,,,constant_speed,normal,0,no_load,cw,A3: rotate CW low speed,servo-app/lab-0.1
1781173487.3228378,86.27301049232483,A3_ROTATE_ONE_DIR,A3_ROTATE_ONE_DIR_R02_20260611_172320,delta-asda-b3-e,1591,RTSO|SO|OE|VE|QS|TR,3,0,727388424,300,21,0.08967,20,0.04782,308,49,4270,2391,6000,,300,,,,constant_speed,normal,0,no_load,cw,A3: rotate CW low speed,servo-app/lab-0.1
1781173487.4229038,86.37307643890381,A3_ROTATE_ONE_DIR,A3_ROTATE_ONE_DIR_R02_20260611_172320,delta-asda-b3-e,1591,RTSO|SO|OE|VE|QS|TR,3,0,728235809,299,20,0.0854,20,0.04782,308,49,4270,2391,6000,,300,,,,constant_speed,normal,0,no_load,cw,A3: rotate CW low speed,servo-app/lab-0.1
1781173487.5233467,86.47351932525635,A3_ROTATE_ONE_DIR,A3_ROTATE_ONE_DIR_R02_20260611_172320,delta-asda-b3-e,1591,RTSO|SO|OE|VE|QS|TR,3,0,729066330,301,16,0.06832,16,0.038256,308,49,4270,2391,6000,,300,,,,constant_speed,normal,0,no_load,cw,A3: rotate CW low speed,servo-app/lab-0.1
1781173487.6237926,86.57396531105042,A3_ROTATE_ONE_DIR,A3_ROTATE_ONE_DIR_R02_20260611_172320,delta-asda-b3-e,1591,RTSO|SO|OE|VE|QS|TR,3,0,729922054,300,20,0.0854,18,0.043038,308,49,4270,2391,6000,,300,,,,constant_speed,normal,0,no_load,cw,A3: rotate CW low speed,servo-app/lab-0.1
1781173487.7239277,86.67410039901733,A3_ROTATE_ONE_DIR,A3_ROTATE_ONE_DIR_R02_20260611_172320,delta-asda-b3-e,1591,RTSO|SO|OE|VE|QS|TR,3,0,730768888,300,21,0.08967,21,0.050211,308,49,4270,2391,6000,,300,,,,constant_speed,normal,0,no_load,cw,A3: rotate CW low speed,servo-app/lab-0.1
1781173487.8245828,86.77475547790527,A3_ROTATE_ONE_DIR,A3_ROTATE_ONE_DIR_R02_20260611_172320,delta-asda-b3-e,1591,RTSO|SO|OE|VE|QS|TR,3,0,731598972,299,20,0.0854,21,0.050211,308,49,4270,2391,6000,,300,,,,constant_speed,normal,0,no_load,cw,A3: rotate CW low speed,servo-app/lab-0.1
1781173487.9247699,86.87494254112244,A3_ROTATE_ONE_DIR,A3_ROTATE_ONE_DIR_R02_20260611_172320,delta-asda-b3-e,1591,RTSO|SO|OE|VE|QS|TR,3,0,732429459,301,17,0.07259,17,0.040647,308,49,4270,2391,6000,,300,,,,constant_speed,normal,0,no_load,cw,A3: rotate CW low speed,servo-app/lab-0.1
1781173488.0255854,86.97575807571411,A3_ROTATE_ONE_DIR,A3_ROTATE_ONE_DIR_R02_20260611_172320,delta-asda-b3-e,1591,RTSO|SO|OE|VE|QS|TR,3,0,733277417,300,18,0.07686,19,0.045429,308,49,4270,2391,6000,,300,,,,constant_speed,normal,0,no_load,cw,A3: rotate CW low speed,servo-app/lab-0.1
1781173488.1262474,87.07642006874084,A3_ROTATE_ONE_DIR,A3_ROTATE_ONE_DIR_R02_20260611_172320,delta-asda-b3-e,1591,RTSO|SO|OE|VE|QS|TR,3,0,734123812,300,22,0.09394,20,0.04782,308,49,4270,2391,6000,,300,,,,constant_speed,normal,0,no_load,cw,A3: rotate CW low speed,servo-app/lab-0.1
1781173488.2267969,87.17696952819824,A3_ROTATE_ONE_DIR,A3_ROTATE_ONE_DIR_R02_20260611_172320,delta-asda-b3-e,1591,RTSO|SO|OE|VE|QS|TR,3,0,734962924,299,20,0.0854,20,0.04782,308,49,4270,2391,6000,,300,,,,constant_speed,normal,0,no_load,cw,A3: rotate CW low speed,servo-app/lab-0.1
1781173488.3271723,87.2773449420929,A3_ROTATE_ONE_DIR,A3_ROTATE_ONE_DIR_R02_20260611_172320,delta-asda-b3-e,1591,RTSO|SO|OE|VE|QS|TR,3,0,735809560,300,17,0.07259,18,0.043038,308,49,4270,2391,6000,,300,,,,constant_speed,normal,0,no_load,cw,A3: rotate CW low speed,servo-app/lab-0.1
1781173488.4275835,87.37775611877441,A3_ROTATE_ONE_DIR,A3_ROTATE_ONE_DIR_R02_20260611_172320,delta-asda-b3-e,1591,RTSO|SO|OE|VE|QS|TR,3,0,736665779,299,20,0.0854,19,0.045429,308,49,4270,2391,6000,,300,,,,constant_speed,normal,0,no_load,cw,A3: rotate CW low speed,servo-app/lab-0.1
1781173488.5279412,87.47811388969421,A3_ROTATE_ONE_DIR,A3_ROTATE_ONE_DIR_R02_20260611_172320,delta-asda-b3-e,1591,RTSO|SO|OE|VE|QS|TR,3,0,737504511,301,19,0.08113,19,0.045429,308,49,4270,2391,6000,,300,,,,constant_speed,normal,0,no_load,cw,A3: rotate CW low speed,servo-app/lab-0.1
1781173488.6282496,87.57842230796814,A3_ROTATE_ONE_DIR,A3_ROTATE_ONE_DIR_R02_20260611_172320,delta-asda-b3-e,1591,RTSO|SO|OE|VE|QS|TR,3,0,738334766,299,19,0.08113,20,0.04782,308,49,4270,2391,6000,,300,,,,constant_speed,normal,0,no_load,cw,A3: rotate CW low speed,servo-app/lab-0.1
1781173488.7285428,87.678715467453,A3_ROTATE_ONE_DIR,A3_ROTATE_ONE_DIR_R02_20260611_172320,delta-asda-b3-e,1591,RTSO|SO|OE|VE|QS|TR,3,0,739190487,300,17,0.07259,17,0.040647,308,49,4270,2391,6000,,300,,,,constant_speed,normal,0,no_load,cw,A3: rotate CW low speed,servo-app/lab-0.1
1781173488.8288844,87.77905702590942,A3_ROTATE_ONE_DIR,A3_ROTATE_ONE_DIR_R02_20260611_172320,delta-asda-b3-e,1591,RTSO|SO|OE|VE|QS|TR,3,0,740037765,299,19,0.08113,18,0.043038,308,49,4270,2391,6000,,300,,,,constant_speed,normal,0,no_load,cw,A3: rotate CW low speed,servo-app/lab-0.1
1781173488.928907,87.879079580307,A3_ROTATE_ONE_DIR,A3_ROTATE_ONE_DIR_R02_20260611_172320,delta-asda-b3-e,1591,RTSO|SO|OE|VE|QS|TR,3,0,740867945,300,20,0.0854,20,0.04782,308,49,4270,2391,6000,,300,,,,constant_speed,normal,0,no_load,cw,A3: rotate CW low speed,servo-app/lab-0.1
1781173489.0293353,87.97950792312622,A3_ROTATE_ONE_DIR,A3_ROTATE_ONE_DIR_R02_20260611_172320,delta-asda-b3-e,1591,RTSO|SO|OE|VE|QS|TR,3,0,741715424,300,20,0.0854,19,0.045429,308,49,4270,2391,6000,,300,,,,constant_speed,normal,0,no_load,cw,A3: rotate CW low speed,servo-app/lab-0.1
1781173489.1293967,88.0795693397522,A3_ROTATE_ONE_DIR,A3_ROTATE_ONE_DIR_R02_20260611_172320,delta-asda-b3-e,1591,RTSO|SO|OE|VE|QS|TR,3,0,742545533,300,18,0.07686,16,0.038256,308,49,4270,2391,6000,,300,,,,constant_speed,normal,0,no_load,cw,A3: rotate CW low speed,servo-app/lab-0.1
1781173489.2294917,88.17966437339783,A3_ROTATE_ONE_DIR,A3_ROTATE_ONE_DIR_R02_20260611_172320,delta-asda-b3-e,1591,RTSO|SO|OE|VE|QS|TR,3,0,743393201,299,19,0.08113,19,0.045429,308,49,4270,2391,6000,,300,,,,constant_speed,normal,0,no_load,cw,A3: rotate CW low speed,servo-app/lab-0.1
1781173489.329832,88.28000473976135,A3_ROTATE_ONE_DIR,A3_ROTATE_ONE_DIR_R02_20260611_172320,delta-asda-b3-e,1591,RTSO|SO|OE|VE|QS|TR,3,0,744222991,300,20,0.0854,19,0.045429,308,49,4270,2391,6000,,300,,,,constant_speed,normal,0,no_load,cw,A3: rotate CW low speed,servo-app/lab-0.1
1781173489.429915,88.38008761405945,A3_ROTATE_ONE_DIR,A3_ROTATE_ONE_DIR_R02_20260611_172320,delta-asda-b3-e,1591,RTSO|SO|OE|VE|QS|TR,3,0,745070189,299,21,0.08967,20,0.04782,308,49,4270,2391,6000,,300,,,,constant_speed,normal,0,no_load,cw,A3: rotate CW low speed,servo-app/lab-0.1
1781173489.5304906,88.48066329956055,A3_ROTATE_ONE_DIR,A3_ROTATE_ONE_DIR_R02_20260611_172320,delta-asda-b3-e,1591,RTSO|SO|OE|VE|QS|TR,3,0,745917889,301,15,0.06405,16,0.038256,308,49,4270,2391,6000,,300,,,,constant_speed,normal,0,no_load,cw,A3: rotate CW low speed,servo-app/lab-0.1
1781173489.6308434,88.58101606369019,A3_ROTATE_ONE_DIR,A3_ROTATE_ONE_DIR_R02_20260611_172320,delta-asda-b3-e,1591,RTSO|SO|OE|VE|QS|TR,3,0,746756543,299,18,0.07686,17,0.040647,308,49,4270,2391,6000,,300,,,,constant_speed,normal,0,no_load,cw,A3: rotate CW low speed,servo-app/lab-0.1
1781173489.731195,88.68136763572693,A3_ROTATE_ONE_DIR,A3_ROTATE_ONE_DIR_R02_20260611_172320,delta-asda-b3-e,1591,RTSO|SO|OE|VE|QS|TR,3,0,747603582,300,21,0.08967,21,0.050211,308,49,4270,2391,6000,,300,,,,constant_speed,normal,0,no_load,cw,A3: rotate CW low speed,servo-app/lab-0.1
1781173489.831649,88.78182172775269,A3_ROTATE_ONE_DIR,A3_ROTATE_ONE_DIR_R02_20260611_172320,delta-asda-b3-e,1591,RTSO|SO|OE|VE|QS|TR,3,0,748433591,299,21,0.08967,22,0.052602,308,49,4270,2391,6000,,300,,,,constant_speed,normal,0,no_load,cw,A3: rotate CW low speed,servo-app/lab-0.1
1781173489.9321644,88.88233709335327,A3_ROTATE_ONE_DIR,A3_ROTATE_ONE_DIR_R02_20260611_172320,delta-asda-b3-e,1591,RTSO|SO|OE|VE|QS|TR,3,0,749289341,300,18,0.07686,17,0.040647,308,49,4270,2391,6000,,300,,,,constant_speed,normal,0,no_load,cw,A3: rotate CW low speed,servo-app/lab-0.1
1781173490.0326848,88.98285746574402,A3_ROTATE_ONE_DIR,A3_ROTATE_ONE_DIR_R02_20260611_172320,delta-asda-b3-e,1591,RTSO|SO|OE|VE|QS|TR,3,0,750128704,299,18,0.07686,18,0.043038,308,49,4270,2391,6000,,300,,,,constant_speed,normal,0,no_load,cw,A3: rotate CW low speed,servo-app/lab-0.1
1781173490.1327157,89.08288836479187,A3_ROTATE_ONE_DIR,A3_ROTATE_ONE_DIR_R02_20260611_172320,delta-asda-b3-e,1591,RTSO|SO|OE|VE|QS|TR,3,0,750958519,300,20,0.0854,21,0.050211,308,49,4270,2391,6000,,300,,,,constant_speed,normal,0,no_load,cw,A3: rotate CW low speed,servo-app/lab-0.1
1781173490.2329187,89.18309140205383,A3_ROTATE_ONE_DIR,A3_ROTATE_ONE_DIR_R02_20260611_172320,delta-asda-b3-e,1591,RTSO|SO|OE|VE|QS|TR,3,0,751797430,299,22,0.09394,20,0.04782,308,49,4270,2391,6000,,300,,,,constant_speed,normal,0,no_load,cw,A3: rotate CW low speed,servo-app/lab-0.1
1781173490.3332064,89.28337907791138,A3_ROTATE_ONE_DIR,A3_ROTATE_ONE_DIR_R02_20260611_172320,delta-asda-b3-e,1591,RTSO|SO|OE|VE|QS|TR,3,0,752644370,300,17,0.07259,17,0.040647,308,49,4270,2391,6000,,300,,,,constant_speed,normal,0,no_load,cw,A3: rotate CW low speed,servo-app/lab-0.1
1781173490.4332266,89.38339924812317,A3_ROTATE_ONE_DIR,A3_ROTATE_ONE_DIR_R02_20260611_172320,delta-asda-b3-e,1591,RTSO|SO|OE|VE|QS|TR,3,0,753483596,299,18,0.07686,18,0.043038,308,49,4270,2391,6000,,300,,,,constant_speed,normal,0,no_load,cw,A3: rotate CW low speed,servo-app/lab-0.1
1781173490.5334568,89.48362946510315,A3_ROTATE_ONE_DIR,A3_ROTATE_ONE_DIR_R02_20260611_172320,delta-asda-b3-e,1591,RTSO|SO|OE|VE|QS|TR,3,0,754330888,300,19,0.08113,19,0.045429,308,49,4270,2391,6000,,300,,,,constant_speed,normal,0,no_load,cw,A3: rotate CW low speed,servo-app/lab-0.1
1781173490.633932,89.58410477638245,A3_ROTATE_ONE_DIR,A3_ROTATE_ONE_DIR_R02_20260611_172320,delta-asda-b3-e,1591,RTSO|SO|OE|VE|QS|TR,3,0,755160860,299,20,0.0854,21,0.050211,308,49,4270,2391,6000,,300,,,,constant_speed,normal,0,no_load,cw,A3: rotate CW low speed,servo-app/lab-0.1
1781173490.7341132,89.68428587913513,A3_ROTATE_ONE_DIR,A3_ROTATE_ONE_DIR_R02_20260611_172320,delta-asda-b3-e,1591,RTSO|SO|OE|VE|QS|TR,3,0,756000001,300,18,0.07686,17,0.040647,308,49,4270,2391,6000,,300,,,,constant_speed,normal,0,no_load,cw,A3: rotate CW low speed,servo-app/lab-0.1
1781173490.8343499,89.78452253341675,A3_ROTATE_ONE_DIR,A3_ROTATE_ONE_DIR_R02_20260611_172320,delta-asda-b3-e,1591,RTSO|SO|OE|VE|QS|TR,3,0,756847101,299,18,0.07686,18,0.043038,308,49,4270,2391,6000,,300,,,,constant_speed,normal,0,no_load,cw,A3: rotate CW low speed,servo-app/lab-0.1
1781173490.934612,89.88478469848633,A3_ROTATE_ONE_DIR,A3_ROTATE_ONE_DIR_R02_20260611_172320,delta-asda-b3-e,1591,RTSO|SO|OE|VE|QS|TR,3,0,757694209,300,20,0.0854,20,0.04782,308,49,4270,2391,6000,,300,,,,constant_speed,normal,0,no_load,cw,A3: rotate CW low speed,servo-app/lab-0.1
1781173491.0347147,89.98488736152649,A3_ROTATE_ONE_DIR,A3_ROTATE_ONE_DIR_R02_20260611_172320,delta-asda-b3-e,567,RTSO|SO|OE|VE|QS,3,0,758424706,93,12,0.05124,13,0.031083,308,49,4270,2391,6000,,300,,,,constant_speed,normal,0,no_load,cw,A3: rotate CW low speed,servo-app/lab-0.1
