ts,t,experiment_id,session_id,device_id,statusword,statusword_flags,mode_display,error_code,position,velocity,current,current_A,torque,torque_Nm,dc_bus_voltage,drive_temp,rated_current,rated_torque,max_motor_speed,target_position,target_velocity,target_torque,acceleration_cmd,deceleration_cmd,regime_label,risk_label,is_artificial_anomaly,load_type,direction,operator_comment,software_version
1781155752.226634,0.0,A1_HOLDING_SERVO_ON,A1_HOLDING_SERVO_ON_R01_20260611_122911,delta-asda-b3-e,1616,VE|SOD|TR,1,0,7446,0,0,0.0,0,0.0,300,47,4270,2391,6000,,0,,,,holding,normal,0,no_load,none,"A1: Servo ON, shaft stationary",servo-app/lab-0.1
1781155752.326762,0.1001279354095459,A1_HOLDING_SERVO_ON,A1_HOLDING_SERVO_ON_R01_20260611_122911,delta-asda-b3-e,1616,VE|SOD|TR,1,0,7452,0,0,0.0,0,0.0,300,47,4270,2391,6000,,0,,,,holding,normal,0,no_load,none,"A1: Servo ON, shaft stationary",servo-app/lab-0.1
1781155752.4268382,0.20020413398742676,A1_HOLDING_SERVO_ON,A1_HOLDING_SERVO_ON_R01_20260611_122911,delta-asda-b3-e,1616,VE|SOD|TR,1,0,7452,0,0,0.0,0,0.0,300,47,4270,2391,6000,,0,,,,holding,normal,0,no_load,none,"A1: Servo ON, shaft stationary",servo-app/lab-0.1
1781155752.5269058,0.30027174949645996,A1_HOLDING_SERVO_ON,A1_HOLDING_SERVO_ON_R01_20260611_122911,delta-asda-b3-e,1616,VE|SOD|TR,1,0,7448,0,0,0.0,0,0.0,300,47,4270,2391,6000,,0,,,,holding,normal,0,no_load,none,"A1: Servo ON, shaft stationary",servo-app/lab-0.1
1781155752.62793,0.40129590034484863,A1_HOLDING_SERVO_ON,A1_HOLDING_SERVO_ON_R01_20260611_122911,delta-asda-b3-e,1616,VE|SOD|TR,1,0,7452,0,0,0.0,0,0.0,300,47,4270,2391,6000,,0,,,,holding,normal,0,no_load,none,"A1: Servo ON, shaft stationary",servo-app/lab-0.1
1781155752.7324317,0.5057976245880127,A1_HOLDING_SERVO_ON,A1_HOLDING_SERVO_ON_R01_20260611_122911,delta-asda-b3-e,1616,VE|SOD|TR,1,0,7446,0,0,0.0,0,0.0,300,47,4270,2391,6000,,0,,,,holding,normal,0,no_load,none,"A1: Servo ON, shaft stationary",servo-app/lab-0.1
1781155752.833083,0.6064488887786865,A1_HOLDING_SERVO_ON,A1_HOLDING_SERVO_ON_R01_20260611_122911,delta-asda-b3-e,1616,VE|SOD|TR,1,0,7456,0,0,0.0,0,0.0,300,47,4270,2391,6000,,0,,,,holding,normal,0,no_load,none,"A1: Servo ON, shaft stationary",servo-app/lab-0.1
1781155752.9332788,0.7066447734832764,A1_HOLDING_SERVO_ON,A1_HOLDING_SERVO_ON_R01_20260611_122911,delta-asda-b3-e,1616,VE|SOD|TR,1,0,7448,0,0,0.0,0,0.0,300,47,4270,2391,6000,,0,,,,holding,normal,0,no_load,none,"A1: Servo ON, shaft stationary",servo-app/lab-0.1
1781155753.0338123,0.807178258895874,A1_HOLDING_SERVO_ON,A1_HOLDING_SERVO_ON_R01_20260611_122911,delta-asda-b3-e,1616,VE|SOD|TR,1,0,7448,0,0,0.0,0,0.0,300,47,4270,2391,6000,,0,,,,holding,normal,0,no_load,none,"A1: Servo ON, shaft stationary",servo-app/lab-0.1
1781155753.1343415,0.9077074527740479,A1_HOLDING_SERVO_ON,A1_HOLDING_SERVO_ON_R01_20260611_122911,delta-asda-b3-e,1616,VE|SOD|TR,1,0,7448,0,0,0.0,0,0.0,300,47,4270,2391,6000,,0,,,,holding,normal,0,no_load,none,"A1: Servo ON, shaft stationary",servo-app/lab-0.1
1781155753.2347276,1.0080935955047607,A1_HOLDING_SERVO_ON,A1_HOLDING_SERVO_ON_R01_20260611_122911,delta-asda-b3-e,1616,VE|SOD|TR,1,0,7452,0,0,0.0,0,0.0,300,47,4270,2391,6000,,0,,,,holding,normal,0,no_load,none,"A1: Servo ON, shaft stationary",servo-app/lab-0.1
1781155753.3350437,1.1084096431732178,A1_HOLDING_SERVO_ON,A1_HOLDING_SERVO_ON_R01_20260611_122911,delta-asda-b3-e,1616,VE|SOD|TR,1,0,7442,0,0,0.0,0,0.0,300,47,4270,2391,6000,,0,,,,holding,normal,0,no_load,none,"A1: Servo ON, shaft stationary",servo-app/lab-0.1
1781155753.4353628,1.2087287902832031,A1_HOLDING_SERVO_ON,A1_HOLDING_SERVO_ON_R01_20260611_122911,delta-asda-b3-e,1616,VE|SOD|TR,1,0,7452,0,0,0.0,0,0.0,300,47,4270,2391,6000,,0,,,,holding,normal,0,no_load,none,"A1: Servo ON, shaft stationary",servo-app/lab-0.1
1781155753.5355532,1.3089191913604736,A1_HOLDING_SERVO_ON,A1_HOLDING_SERVO_ON_R01_20260611_122911,delta-asda-b3-e,1616,VE|SOD|TR,1,0,7452,0,0,0.0,0,0.0,300,47,4270,2391,6000,,0,,,,holding,normal,0,no_load,none,"A1: Servo ON, shaft stationary",servo-app/lab-0.1
1781155753.6359367,1.4093027114868164,A1_HOLDING_SERVO_ON,A1_HOLDING_SERVO_ON_R01_20260611_122911,delta-asda-b3-e,1616,VE|SOD|TR,1,0,7448,0,0,0.0,0,0.0,300,47,4270,2391,6000,,0,,,,holding,normal,0,no_load,none,"A1: Servo ON, shaft stationary",servo-app/lab-0.1
1781155753.7360818,1.5094478130340576,A1_HOLDING_SERVO_ON,A1_HOLDING_SERVO_ON_R01_20260611_122911,delta-asda-b3-e,1616,VE|SOD|TR,1,0,7448,0,0,0.0,0,0.0,300,47,4270,2391,6000,,0,,,,holding,normal,0,no_load,none,"A1: Servo ON, shaft stationary",servo-app/lab-0.1
1781155753.8365142,1.6098802089691162,A1_HOLDING_SERVO_ON,A1_HOLDING_SERVO_ON_R01_20260611_122911,delta-asda-b3-e,1616,VE|SOD|TR,1,0,7442,0,0,0.0,0,0.0,300,47,4270,2391,6000,,0,,,,holding,normal,0,no_load,none,"A1: Servo ON, shaft stationary",servo-app/lab-0.1
1781155753.9368618,1.7102277278900146,A1_HOLDING_SERVO_ON,A1_HOLDING_SERVO_ON_R01_20260611_122911,delta-asda-b3-e,1616,VE|SOD|TR,1,0,7446,0,0,0.0,0,0.0,300,47,4270,2391,6000,,0,,,,holding,normal,0,no_load,none,"A1: Servo ON, shaft stationary",servo-app/lab-0.1
1781155754.037441,1.8108069896697998,A1_HOLDING_SERVO_ON,A1_HOLDING_SERVO_ON_R01_20260611_122911,delta-asda-b3-e,1616,VE|SOD|TR,1,0,7458,0,0,0.0,0,0.0,300,47,4270,2391,6000,,0,,,,holding,normal,0,no_load,none,"A1: Servo ON, shaft stationary",servo-app/lab-0.1
1781155754.137941,1.9113068580627441,A1_HOLDING_SERVO_ON,A1_HOLDING_SERVO_ON_R01_20260611_122911,delta-asda-b3-e,1616,VE|SOD|TR,1,0,7442,0,0,0.0,0,0.0,300,47,4270,2391,6000,,0,,,,holding,normal,0,no_load,none,"A1: Servo ON, shaft stationary",servo-app/lab-0.1
1781155754.238337,2.0117030143737793,A1_HOLDING_SERVO_ON,A1_HOLDING_SERVO_ON_R01_20260611_122911,delta-asda-b3-e,1616,VE|SOD|TR,1,0,7452,0,0,0.0,0,0.0,300,47,4270,2391,6000,,0,,,,holding,normal,0,no_load,none,"A1: Servo ON, shaft stationary",servo-app/lab-0.1
1781155754.3384445,2.1118104457855225,A1_HOLDING_SERVO_ON,A1_HOLDING_SERVO_ON_R01_20260611_122911,delta-asda-b3-e,1616,VE|SOD|TR,1,0,7446,0,0,0.0,0,0.0,300,47,4270,2391,6000,,0,,,,holding,normal,0,no_load,none,"A1: Servo ON, shaft stationary",servo-app/lab-0.1
1781155754.4389343,2.2123003005981445,A1_HOLDING_SERVO_ON,A1_HOLDING_SERVO_ON_R01_20260611_122911,delta-asda-b3-e,1616,VE|SOD|TR,1,0,7442,0,0,0.0,0,0.0,300,47,4270,2391,6000,,0,,,,holding,normal,0,no_load,none,"A1: Servo ON, shaft stationary",servo-app/lab-0.1
1781155754.5395477,2.312913656234741,A1_HOLDING_SERVO_ON,A1_HOLDING_SERVO_ON_R01_20260611_122911,delta-asda-b3-e,1616,VE|SOD|TR,1,0,7456,0,0,0.0,0,0.0,300,47,4270,2391,6000,,0,,,,holding,normal,0,no_load,none,"A1: Servo ON, shaft stationary",servo-app/lab-0.1
1781155754.6400251,2.41339111328125,A1_HOLDING_SERVO_ON,A1_HOLDING_SERVO_ON_R01_20260611_122911,delta-asda-b3-e,1616,VE|SOD|TR,1,0,7442,0,0,0.0,0,0.0,300,47,4270,2391,6000,,0,,,,holding,normal,0,no_load,none,"A1: Servo ON, shaft stationary",servo-app/lab-0.1
1781155754.7411485,2.514514446258545,A1_HOLDING_SERVO_ON,A1_HOLDING_SERVO_ON_R01_20260611_122911,delta-asda-b3-e,1616,VE|SOD|TR,1,0,7446,0,0,0.0,0,0.0,300,47,4270,2391,6000,,0,,,,holding,normal,0,no_load,none,"A1: Servo ON, shaft stationary",servo-app/lab-0.1
1781155754.8414335,2.6147994995117188,A1_HOLDING_SERVO_ON,A1_HOLDING_SERVO_ON_R01_20260611_122911,delta-asda-b3-e,1616,VE|SOD|TR,1,0,7446,0,0,0.0,0,0.0,300,47,4270,2391,6000,,0,,,,holding,normal,0,no_load,none,"A1: Servo ON, shaft stationary",servo-app/lab-0.1
1781155754.9415953,2.714961290359497,A1_HOLDING_SERVO_ON,A1_HOLDING_SERVO_ON_R01_20260611_122911,delta-asda-b3-e,1616,VE|SOD|TR,1,0,7442,0,0,0.0,0,0.0,300,47,4270,2391,6000,,0,,,,holding,normal,0,no_load,none,"A1: Servo ON, shaft stationary",servo-app/lab-0.1
1781155755.0420468,2.815412759780884,A1_HOLDING_SERVO_ON,A1_HOLDING_SERVO_ON_R01_20260611_122911,delta-asda-b3-e,1616,VE|SOD|TR,1,0,7452,0,0,0.0,0,0.0,300,47,4270,2391,6000,,0,,,,holding,normal,0,no_load,none,"A1: Servo ON, shaft stationary",servo-app/lab-0.1
1781155755.1429036,2.916269540786743,A1_HOLDING_SERVO_ON,A1_HOLDING_SERVO_ON_R01_20260611_122911,delta-asda-b3-e,1616,VE|SOD|TR,1,0,7448,0,0,0.0,0,0.0,300,47,4270,2391,6000,,0,,,,holding,normal,0,no_load,none,"A1: Servo ON, shaft stationary",servo-app/lab-0.1
1781155755.2438986,3.0172646045684814,A1_HOLDING_SERVO_ON,A1_HOLDING_SERVO_ON_R01_20260611_122911,delta-asda-b3-e,1616,VE|SOD|TR,1,0,7442,0,0,0.0,0,0.0,300,47,4270,2391,6000,,0,,,,holding,normal,0,no_load,none,"A1: Servo ON, shaft stationary",servo-app/lab-0.1
1781155755.344304,3.1176700592041016,A1_HOLDING_SERVO_ON,A1_HOLDING_SERVO_ON_R01_20260611_122911,delta-asda-b3-e,1616,VE|SOD|TR,1,0,7448,0,0,0.0,0,0.0,300,47,4270,2391,6000,,0,,,,holding,normal,0,no_load,none,"A1: Servo ON, shaft stationary",servo-app/lab-0.1
1781155755.444522,3.2178878784179688,A1_HOLDING_SERVO_ON,A1_HOLDING_SERVO_ON_R01_20260611_122911,delta-asda-b3-e,1616,VE|SOD|TR,1,0,7446,0,0,0.0,0,0.0,300,47,4270,2391,6000,,0,,,,holding,normal,0,no_load,none,"A1: Servo ON, shaft stationary",servo-app/lab-0.1
1781155755.5448847,3.3182506561279297,A1_HOLDING_SERVO_ON,A1_HOLDING_SERVO_ON_R01_20260611_122911,delta-asda-b3-e,1616,VE|SOD|TR,1,0,7446,0,0,0.0,0,0.0,300,47,4270,2391,6000,,0,,,,holding,normal,0,no_load,none,"A1: Servo ON, shaft stationary",servo-app/lab-0.1
1781155755.6453476,3.4187135696411133,A1_HOLDING_SERVO_ON,A1_HOLDING_SERVO_ON_R01_20260611_122911,delta-asda-b3-e,1616,VE|SOD|TR,1,0,7452,0,0,0.0,0,0.0,300,47,4270,2391,6000,,0,,,,holding,normal,0,no_load,none,"A1: Servo ON, shaft stationary",servo-app/lab-0.1
1781155755.7455108,3.518876791000366,A1_HOLDING_SERVO_ON,A1_HOLDING_SERVO_ON_R01_20260611_122911,delta-asda-b3-e,1616,VE|SOD|TR,1,0,7452,0,0,0.0,0,0.0,300,47,4270,2391,6000,,0,,,,holding,normal,0,no_load,none,"A1: Servo ON, shaft stationary",servo-app/lab-0.1
1781155755.8455715,3.6189374923706055,A1_HOLDING_SERVO_ON,A1_HOLDING_SERVO_ON_R01_20260611_122911,delta-asda-b3-e,1616,VE|SOD|TR,1,0,7448,0,0,0.0,0,0.0,300,47,4270,2391,6000,,0,,,,holding,normal,0,no_load,none,"A1: Servo ON, shaft stationary",servo-app/lab-0.1
1781155755.945917,3.719282865524292,A1_HOLDING_SERVO_ON,A1_HOLDING_SERVO_ON_R01_20260611_122911,delta-asda-b3-e,1616,VE|SOD|TR,1,0,7446,0,0,0.0,0,0.0,300,47,4270,2391,6000,,0,,,,holding,normal,0,no_load,none,"A1: Servo ON, shaft stationary",servo-app/lab-0.1
1781155756.0463114,3.8196773529052734,A1_HOLDING_SERVO_ON,A1_HOLDING_SERVO_ON_R01_20260611_122911,delta-asda-b3-e,1616,VE|SOD|TR,1,0,7452,0,0,0.0,0,0.0,300,47,4270,2391,6000,,0,,,,holding,normal,0,no_load,none,"A1: Servo ON, shaft stationary",servo-app/lab-0.1
1781155756.1465757,3.9199416637420654,A1_HOLDING_SERVO_ON,A1_HOLDING_SERVO_ON_R01_20260611_122911,delta-asda-b3-e,1616,VE|SOD|TR,1,0,7442,0,0,0.0,0,0.0,300,47,4270,2391,6000,,0,,,,holding,normal,0,no_load,none,"A1: Servo ON, shaft stationary",servo-app/lab-0.1
1781155756.2470639,4.020429849624634,A1_HOLDING_SERVO_ON,A1_HOLDING_SERVO_ON_R01_20260611_122911,delta-asda-b3-e,1616,VE|SOD|TR,1,0,7442,0,0,0.0,0,0.0,300,47,4270,2391,6000,,0,,,,holding,normal,0,no_load,none,"A1: Servo ON, shaft stationary",servo-app/lab-0.1
1781155756.347175,4.1205408573150635,A1_HOLDING_SERVO_ON,A1_HOLDING_SERVO_ON_R01_20260611_122911,delta-asda-b3-e,1616,VE|SOD|TR,1,0,7456,0,0,0.0,0,0.0,300,47,4270,2391,6000,,0,,,,holding,normal,0,no_load,none,"A1: Servo ON, shaft stationary",servo-app/lab-0.1
1781155756.4472365,4.220602512359619,A1_HOLDING_SERVO_ON,A1_HOLDING_SERVO_ON_R01_20260611_122911,delta-asda-b3-e,1616,VE|SOD|TR,1,0,7442,0,0,0.0,0,0.0,300,47,4270,2391,6000,,0,,,,holding,normal,0,no_load,none,"A1: Servo ON, shaft stationary",servo-app/lab-0.1
1781155756.5474427,4.32080864906311,A1_HOLDING_SERVO_ON,A1_HOLDING_SERVO_ON_R01_20260611_122911,delta-asda-b3-e,1616,VE|SOD|TR,1,0,7452,0,0,0.0,0,0.0,300,47,4270,2391,6000,,0,,,,holding,normal,0,no_load,none,"A1: Servo ON, shaft stationary",servo-app/lab-0.1
1781155756.6477494,4.421115398406982,A1_HOLDING_SERVO_ON,A1_HOLDING_SERVO_ON_R01_20260611_122911,delta-asda-b3-e,1616,VE|SOD|TR,1,0,7452,0,0,0.0,0,0.0,300,47,4270,2391,6000,,0,,,,holding,normal,0,no_load,none,"A1: Servo ON, shaft stationary",servo-app/lab-0.1
1781155756.7483046,4.521670579910278,A1_HOLDING_SERVO_ON,A1_HOLDING_SERVO_ON_R01_20260611_122911,delta-asda-b3-e,1616,VE|SOD|TR,1,0,7452,0,0,0.0,0,0.0,300,47,4270,2391,6000,,0,,,,holding,normal,0,no_load,none,"A1: Servo ON, shaft stationary",servo-app/lab-0.1
1781155756.8484497,4.6218156814575195,A1_HOLDING_SERVO_ON,A1_HOLDING_SERVO_ON_R01_20260611_122911,delta-asda-b3-e,1616,VE|SOD|TR,1,0,7452,0,0,0.0,0,0.0,300,47,4270,2391,6000,,0,,,,holding,normal,0,no_load,none,"A1: Servo ON, shaft stationary",servo-app/lab-0.1
1781155756.948949,4.722315073013306,A1_HOLDING_SERVO_ON,A1_HOLDING_SERVO_ON_R01_20260611_122911,delta-asda-b3-e,1616,VE|SOD|TR,1,0,7452,0,0,0.0,0,0.0,300,47,4270,2391,6000,,0,,,,holding,normal,0,no_load,none,"A1: Servo ON, shaft stationary",servo-app/lab-0.1
1781155757.0491233,4.822489261627197,A1_HOLDING_SERVO_ON,A1_HOLDING_SERVO_ON_R01_20260611_122911,delta-asda-b3-e,1616,VE|SOD|TR,1,0,7452,0,0,0.0,0,0.0,300,47,4270,2391,6000,,0,,,,holding,normal,0,no_load,none,"A1: Servo ON, shaft stationary",servo-app/lab-0.1
1781155757.1496036,4.922969579696655,A1_HOLDING_SERVO_ON,A1_HOLDING_SERVO_ON_R01_20260611_122911,delta-asda-b3-e,1616,VE|SOD|TR,1,0,7452,0,0,0.0,0,0.0,300,47,4270,2391,6000,,0,,,,holding,normal,0,no_load,none,"A1: Servo ON, shaft stationary",servo-app/lab-0.1
1781155757.2500634,5.0234293937683105,A1_HOLDING_SERVO_ON,A1_HOLDING_SERVO_ON_R01_20260611_122911,delta-asda-b3-e,1616,VE|SOD|TR,1,0,7442,0,0,0.0,0,0.0,300,47,4270,2391,6000,,0,,,,holding,normal,0,no_load,none,"A1: Servo ON, shaft stationary",servo-app/lab-0.1
1781155757.3506055,5.123971462249756,A1_HOLDING_SERVO_ON,A1_HOLDING_SERVO_ON_R01_20260611_122911,delta-asda-b3-e,1616,VE|SOD|TR,1,0,7442,0,0,0.0,0,0.0,300,47,4270,2391,6000,,0,,,,holding,normal,0,no_load,none,"A1: Servo ON, shaft stationary",servo-app/lab-0.1
1781155757.451405,5.224771022796631,A1_HOLDING_SERVO_ON,A1_HOLDING_SERVO_ON_R01_20260611_122911,delta-asda-b3-e,1616,VE|SOD|TR,1,0,7442,0,0,0.0,0,0.0,300,47,4270,2391,6000,,0,,,,holding,normal,0,no_load,none,"A1: Servo ON, shaft stationary",servo-app/lab-0.1
1781155757.5516183,5.324984312057495,A1_HOLDING_SERVO_ON,A1_HOLDING_SERVO_ON_R01_20260611_122911,delta-asda-b3-e,1616,VE|SOD|TR,1,0,7446,0,0,0.0,0,0.0,300,47,4270,2391,6000,,0,,,,holding,normal,0,no_load,none,"A1: Servo ON, shaft stationary",servo-app/lab-0.1
1781155757.6521842,5.425550222396851,A1_HOLDING_SERVO_ON,A1_HOLDING_SERVO_ON_R01_20260611_122911,delta-asda-b3-e,1616,VE|SOD|TR,1,0,7452,0,0,0.0,0,0.0,300,47,4270,2391,6000,,0,,,,holding,normal,0,no_load,none,"A1: Servo ON, shaft stationary",servo-app/lab-0.1
1781155757.752736,5.526102066040039,A1_HOLDING_SERVO_ON,A1_HOLDING_SERVO_ON_R01_20260611_122911,delta-asda-b3-e,1616,VE|SOD|TR,1,0,7452,0,0,0.0,0,0.0,300,47,4270,2391,6000,,0,,,,holding,normal,0,no_load,none,"A1: Servo ON, shaft stationary",servo-app/lab-0.1
1781155757.8528101,5.626176118850708,A1_HOLDING_SERVO_ON,A1_HOLDING_SERVO_ON_R01_20260611_122911,delta-asda-b3-e,1616,VE|SOD|TR,1,0,7452,0,0,0.0,0,0.0,300,47,4270,2391,6000,,0,,,,holding,normal,0,no_load,none,"A1: Servo ON, shaft stationary",servo-app/lab-0.1
1781155757.9534469,5.726812839508057,A1_HOLDING_SERVO_ON,A1_HOLDING_SERVO_ON_R01_20260611_122911,delta-asda-b3-e,1616,VE|SOD|TR,1,0,7442,0,0,0.0,0,0.0,300,47,4270,2391,6000,,0,,,,holding,normal,0,no_load,none,"A1: Servo ON, shaft stationary",servo-app/lab-0.1
1781155758.0539076,5.827273607254028,A1_HOLDING_SERVO_ON,A1_HOLDING_SERVO_ON_R01_20260611_122911,delta-asda-b3-e,1616,VE|SOD|TR,1,0,7448,0,0,0.0,0,0.0,300,47,4270,2391,6000,,0,,,,holding,normal,0,no_load,none,"A1: Servo ON, shaft stationary",servo-app/lab-0.1
1781155758.1545172,5.927883148193359,A1_HOLDING_SERVO_ON,A1_HOLDING_SERVO_ON_R01_20260611_122911,delta-asda-b3-e,1616,VE|SOD|TR,1,0,7452,0,0,0.0,0,0.0,300,47,4270,2391,6000,,0,,,,holding,normal,0,no_load,none,"A1: Servo ON, shaft stationary",servo-app/lab-0.1
1781155758.254863,6.028228998184204,A1_HOLDING_SERVO_ON,A1_HOLDING_SERVO_ON_R01_20260611_122911,delta-asda-b3-e,1616,VE|SOD|TR,1,0,7452,0,0,0.0,0,0.0,300,47,4270,2391,6000,,0,,,,holding,normal,0,no_load,none,"A1: Servo ON, shaft stationary",servo-app/lab-0.1
1781155758.3552058,6.1285717487335205,A1_HOLDING_SERVO_ON,A1_HOLDING_SERVO_ON_R01_20260611_122911,delta-asda-b3-e,1616,VE|SOD|TR,1,0,7452,0,0,0.0,0,0.0,300,47,4270,2391,6000,,0,,,,holding,normal,0,no_load,none,"A1: Servo ON, shaft stationary",servo-app/lab-0.1
1781155758.4556959,6.229061841964722,A1_HOLDING_SERVO_ON,A1_HOLDING_SERVO_ON_R01_20260611_122911,delta-asda-b3-e,1616,VE|SOD|TR,1,0,7448,0,0,0.0,0,0.0,300,47,4270,2391,6000,,0,,,,holding,normal,0,no_load,none,"A1: Servo ON, shaft stationary",servo-app/lab-0.1
1781155758.555974,6.329339981079102,A1_HOLDING_SERVO_ON,A1_HOLDING_SERVO_ON_R01_20260611_122911,delta-asda-b3-e,1616,VE|SOD|TR,1,0,7442,0,0,0.0,0,0.0,300,47,4270,2391,6000,,0,,,,holding,normal,0,no_load,none,"A1: Servo ON, shaft stationary",servo-app/lab-0.1
1781155758.6564448,6.4298107624053955,A1_HOLDING_SERVO_ON,A1_HOLDING_SERVO_ON_R01_20260611_122911,delta-asda-b3-e,1616,VE|SOD|TR,1,0,7448,0,0,0.0,0,0.0,301,47,4270,2391,6000,,0,,,,holding,normal,0,no_load,none,"A1: Servo ON, shaft stationary",servo-app/lab-0.1
1781155758.7568138,6.530179738998413,A1_HOLDING_SERVO_ON,A1_HOLDING_SERVO_ON_R01_20260611_122911,delta-asda-b3-e,1616,VE|SOD|TR,1,0,7442,0,0,0.0,0,0.0,300,47,4270,2391,6000,,0,,,,holding,normal,0,no_load,none,"A1: Servo ON, shaft stationary",servo-app/lab-0.1
1781155758.857619,6.6309850215911865,A1_HOLDING_SERVO_ON,A1_HOLDING_SERVO_ON_R01_20260611_122911,delta-asda-b3-e,1616,VE|SOD|TR,1,0,7442,0,0,0.0,0,0.0,300,47,4270,2391,6000,,0,,,,holding,normal,0,no_load,none,"A1: Servo ON, shaft stationary",servo-app/lab-0.1
1781155758.9578195,6.731185436248779,A1_HOLDING_SERVO_ON,A1_HOLDING_SERVO_ON_R01_20260611_122911,delta-asda-b3-e,1616,VE|SOD|TR,1,0,7456,0,0,0.0,0,0.0,300,47,4270,2391,6000,,0,,,,holding,normal,0,no_load,none,"A1: Servo ON, shaft stationary",servo-app/lab-0.1
1781155759.0580435,6.831409454345703,A1_HOLDING_SERVO_ON,A1_HOLDING_SERVO_ON_R01_20260611_122911,delta-asda-b3-e,1616,VE|SOD|TR,1,0,7446,0,0,0.0,0,0.0,300,47,4270,2391,6000,,0,,,,holding,normal,0,no_load,none,"A1: Servo ON, shaft stationary",servo-app/lab-0.1
1781155759.1583757,6.931741714477539,A1_HOLDING_SERVO_ON,A1_HOLDING_SERVO_ON_R01_20260611_122911,delta-asda-b3-e,1616,VE|SOD|TR,1,0,7452,0,0,0.0,0,0.0,300,47,4270,2391,6000,,0,,,,holding,normal,0,no_load,none,"A1: Servo ON, shaft stationary",servo-app/lab-0.1
1781155759.2594237,7.032789707183838,A1_HOLDING_SERVO_ON,A1_HOLDING_SERVO_ON_R01_20260611_122911,delta-asda-b3-e,1616,VE|SOD|TR,1,0,7446,0,0,0.0,0,0.0,300,47,4270,2391,6000,,0,,,,holding,normal,0,no_load,none,"A1: Servo ON, shaft stationary",servo-app/lab-0.1
1781155759.3594835,7.132849454879761,A1_HOLDING_SERVO_ON,A1_HOLDING_SERVO_ON_R01_20260611_122911,delta-asda-b3-e,1616,VE|SOD|TR,1,0,7446,0,0,0.0,0,0.0,300,47,4270,2391,6000,,0,,,,holding,normal,0,no_load,none,"A1: Servo ON, shaft stationary",servo-app/lab-0.1
1781155759.4598985,7.233264446258545,A1_HOLDING_SERVO_ON,A1_HOLDING_SERVO_ON_R01_20260611_122911,delta-asda-b3-e,1616,VE|SOD|TR,1,0,7452,0,0,0.0,0,0.0,300,47,4270,2391,6000,,0,,,,holding,normal,0,no_load,none,"A1: Servo ON, shaft stationary",servo-app/lab-0.1
1781155759.5603197,7.333685636520386,A1_HOLDING_SERVO_ON,A1_HOLDING_SERVO_ON_R01_20260611_122911,delta-asda-b3-e,1616,VE|SOD|TR,1,0,7448,0,0,0.0,0,0.0,301,47,4270,2391,6000,,0,,,,holding,normal,0,no_load,none,"A1: Servo ON, shaft stationary",servo-app/lab-0.1
1781155759.660977,7.434342861175537,A1_HOLDING_SERVO_ON,A1_HOLDING_SERVO_ON_R01_20260611_122911,delta-asda-b3-e,1616,VE|SOD|TR,1,0,7446,0,0,0.0,0,0.0,300,47,4270,2391,6000,,0,,,,holding,normal,0,no_load,none,"A1: Servo ON, shaft stationary",servo-app/lab-0.1
1781155759.7612648,7.53463077545166,A1_HOLDING_SERVO_ON,A1_HOLDING_SERVO_ON_R01_20260611_122911,delta-asda-b3-e,1616,VE|SOD|TR,1,0,7452,0,0,0.0,0,0.0,300,47,4270,2391,6000,,0,,,,holding,normal,0,no_load,none,"A1: Servo ON, shaft stationary",servo-app/lab-0.1
1781155759.8615003,7.634866237640381,A1_HOLDING_SERVO_ON,A1_HOLDING_SERVO_ON_R01_20260611_122911,delta-asda-b3-e,1616,VE|SOD|TR,1,0,7448,0,0,0.0,0,0.0,300,47,4270,2391,6000,,0,,,,holding,normal,0,no_load,none,"A1: Servo ON, shaft stationary",servo-app/lab-0.1
1781155759.962014,7.735379934310913,A1_HOLDING_SERVO_ON,A1_HOLDING_SERVO_ON_R01_20260611_122911,delta-asda-b3-e,1616,VE|SOD|TR,1,0,7446,0,0,0.0,0,0.0,300,47,4270,2391,6000,,0,,,,holding,normal,0,no_load,none,"A1: Servo ON, shaft stationary",servo-app/lab-0.1
1781155760.0620725,7.83543848991394,A1_HOLDING_SERVO_ON,A1_HOLDING_SERVO_ON_R01_20260611_122911,delta-asda-b3-e,1616,VE|SOD|TR,1,0,7452,0,0,0.0,0,0.0,301,47,4270,2391,6000,,0,,,,holding,normal,0,no_load,none,"A1: Servo ON, shaft stationary",servo-app/lab-0.1
1781155760.1623433,7.935709238052368,A1_HOLDING_SERVO_ON,A1_HOLDING_SERVO_ON_R01_20260611_122911,delta-asda-b3-e,1616,VE|SOD|TR,1,0,7442,0,0,0.0,0,0.0,300,47,4270,2391,6000,,0,,,,holding,normal,0,no_load,none,"A1: Servo ON, shaft stationary",servo-app/lab-0.1
1781155760.2625732,8.03593921661377,A1_HOLDING_SERVO_ON,A1_HOLDING_SERVO_ON_R01_20260611_122911,delta-asda-b3-e,1616,VE|SOD|TR,1,0,7448,0,0,0.0,0,0.0,300,47,4270,2391,6000,,0,,,,holding,normal,0,no_load,none,"A1: Servo ON, shaft stationary",servo-app/lab-0.1
1781155760.363122,8.13648796081543,A1_HOLDING_SERVO_ON,A1_HOLDING_SERVO_ON_R01_20260611_122911,delta-asda-b3-e,1616,VE|SOD|TR,1,0,7446,0,0,0.0,0,0.0,300,47,4270,2391,6000,,0,,,,holding,normal,0,no_load,none,"A1: Servo ON, shaft stationary",servo-app/lab-0.1
1781155760.4636118,8.236977815628052,A1_HOLDING_SERVO_ON,A1_HOLDING_SERVO_ON_R01_20260611_122911,delta-asda-b3-e,1616,VE|SOD|TR,1,0,7446,0,0,0.0,0,0.0,300,47,4270,2391,6000,,0,,,,holding,normal,0,no_load,none,"A1: Servo ON, shaft stationary",servo-app/lab-0.1
1781155760.5636728,8.33703875541687,A1_HOLDING_SERVO_ON,A1_HOLDING_SERVO_ON_R01_20260611_122911,delta-asda-b3-e,1616,VE|SOD|TR,1,0,7446,0,0,0.0,0,0.0,300,47,4270,2391,6000,,0,,,,holding,normal,0,no_load,none,"A1: Servo ON, shaft stationary",servo-app/lab-0.1
1781155760.6638055,8.437171459197998,A1_HOLDING_SERVO_ON,A1_HOLDING_SERVO_ON_R01_20260611_122911,delta-asda-b3-e,1616,VE|SOD|TR,1,0,7446,0,0,0.0,0,0.0,300,47,4270,2391,6000,,0,,,,holding,normal,0,no_load,none,"A1: Servo ON, shaft stationary",servo-app/lab-0.1
1781155760.764248,8.537613868713379,A1_HOLDING_SERVO_ON,A1_HOLDING_SERVO_ON_R01_20260611_122911,delta-asda-b3-e,1616,VE|SOD|TR,1,0,7446,0,0,0.0,0,0.0,301,47,4270,2391,6000,,0,,,,holding,normal,0,no_load,none,"A1: Servo ON, shaft stationary",servo-app/lab-0.1
1781155760.8646028,8.63796877861023,A1_HOLDING_SERVO_ON,A1_HOLDING_SERVO_ON_R01_20260611_122911,delta-asda-b3-e,1616,VE|SOD|TR,1,0,7452,0,0,0.0,0,0.0,300,47,4270,2391,6000,,0,,,,holding,normal,0,no_load,none,"A1: Servo ON, shaft stationary",servo-app/lab-0.1
1781155760.9646683,8.73803424835205,A1_HOLDING_SERVO_ON,A1_HOLDING_SERVO_ON_R01_20260611_122911,delta-asda-b3-e,1616,VE|SOD|TR,1,0,7456,0,0,0.0,0,0.0,301,47,4270,2391,6000,,0,,,,holding,normal,0,no_load,none,"A1: Servo ON, shaft stationary",servo-app/lab-0.1
1781155761.0648122,8.838178157806396,A1_HOLDING_SERVO_ON,A1_HOLDING_SERVO_ON_R01_20260611_122911,delta-asda-b3-e,1616,VE|SOD|TR,1,0,7446,0,0,0.0,0,0.0,300,47,4270,2391,6000,,0,,,,holding,normal,0,no_load,none,"A1: Servo ON, shaft stationary",servo-app/lab-0.1
1781155761.1651282,8.938494205474854,A1_HOLDING_SERVO_ON,A1_HOLDING_SERVO_ON_R01_20260611_122911,delta-asda-b3-e,1616,VE|SOD|TR,1,0,7448,0,0,0.0,0,0.0,300,47,4270,2391,6000,,0,,,,holding,normal,0,no_load,none,"A1: Servo ON, shaft stationary",servo-app/lab-0.1
1781155761.2654245,9.038790464401245,A1_HOLDING_SERVO_ON,A1_HOLDING_SERVO_ON_R01_20260611_122911,delta-asda-b3-e,1616,VE|SOD|TR,1,0,7448,0,0,0.0,0,0.0,300,47,4270,2391,6000,,0,,,,holding,normal,0,no_load,none,"A1: Servo ON, shaft stationary",servo-app/lab-0.1
1781155761.3658075,9.13917350769043,A1_HOLDING_SERVO_ON,A1_HOLDING_SERVO_ON_R01_20260611_122911,delta-asda-b3-e,1616,VE|SOD|TR,1,0,7452,0,0,0.0,0,0.0,300,47,4270,2391,6000,,0,,,,holding,normal,0,no_load,none,"A1: Servo ON, shaft stationary",servo-app/lab-0.1
1781155761.4659388,9.239304780960083,A1_HOLDING_SERVO_ON,A1_HOLDING_SERVO_ON_R01_20260611_122911,delta-asda-b3-e,1616,VE|SOD|TR,1,0,7446,0,0,0.0,0,0.0,300,47,4270,2391,6000,,0,,,,holding,normal,0,no_load,none,"A1: Servo ON, shaft stationary",servo-app/lab-0.1
1781155761.56624,9.339606046676636,A1_HOLDING_SERVO_ON,A1_HOLDING_SERVO_ON_R01_20260611_122911,delta-asda-b3-e,1616,VE|SOD|TR,1,0,7442,0,0,0.0,0,0.0,300,47,4270,2391,6000,,0,,,,holding,normal,0,no_load,none,"A1: Servo ON, shaft stationary",servo-app/lab-0.1
1781155761.6663637,9.439729690551758,A1_HOLDING_SERVO_ON,A1_HOLDING_SERVO_ON_R01_20260611_122911,delta-asda-b3-e,1616,VE|SOD|TR,1,0,7446,0,0,0.0,0,0.0,300,47,4270,2391,6000,,0,,,,holding,normal,0,no_load,none,"A1: Servo ON, shaft stationary",servo-app/lab-0.1
1781155761.7669246,9.540290594100952,A1_HOLDING_SERVO_ON,A1_HOLDING_SERVO_ON_R01_20260611_122911,delta-asda-b3-e,1616,VE|SOD|TR,1,0,7452,0,0,0.0,0,0.0,300,47,4270,2391,6000,,0,,,,holding,normal,0,no_load,none,"A1: Servo ON, shaft stationary",servo-app/lab-0.1
1781155761.867131,9.640496969223022,A1_HOLDING_SERVO_ON,A1_HOLDING_SERVO_ON_R01_20260611_122911,delta-asda-b3-e,1616,VE|SOD|TR,1,0,7446,0,0,0.0,0,0.0,300,47,4270,2391,6000,,0,,,,holding,normal,0,no_load,none,"A1: Servo ON, shaft stationary",servo-app/lab-0.1
1781155761.9675434,9.740909337997437,A1_HOLDING_SERVO_ON,A1_HOLDING_SERVO_ON_R01_20260611_122911,delta-asda-b3-e,1616,VE|SOD|TR,1,0,7446,0,0,0.0,0,0.0,300,47,4270,2391,6000,,0,,,,holding,normal,0,no_load,none,"A1: Servo ON, shaft stationary",servo-app/lab-0.1
1781155762.0679758,9.841341733932495,A1_HOLDING_SERVO_ON,A1_HOLDING_SERVO_ON_R01_20260611_122911,delta-asda-b3-e,1616,VE|SOD|TR,1,0,7442,0,0,0.0,0,0.0,300,47,4270,2391,6000,,0,,,,holding,normal,0,no_load,none,"A1: Servo ON, shaft stationary",servo-app/lab-0.1
1781155762.1683495,9.941715478897095,A1_HOLDING_SERVO_ON,A1_HOLDING_SERVO_ON_R01_20260611_122911,delta-asda-b3-e,1616,VE|SOD|TR,1,0,7448,0,0,0.0,0,0.0,300,47,4270,2391,6000,,0,,,,holding,normal,0,no_load,none,"A1: Servo ON, shaft stationary",servo-app/lab-0.1
1781155762.2687335,10.042099475860596,A1_HOLDING_SERVO_ON,A1_HOLDING_SERVO_ON_R01_20260611_122911,delta-asda-b3-e,1616,VE|SOD|TR,1,0,7452,0,0,0.0,0,0.0,300,47,4270,2391,6000,,0,,,,holding,normal,0,no_load,none,"A1: Servo ON, shaft stationary",servo-app/lab-0.1
1781155762.3691893,10.142555236816406,A1_HOLDING_SERVO_ON,A1_HOLDING_SERVO_ON_R01_20260611_122911,delta-asda-b3-e,1616,VE|SOD|TR,1,0,7452,0,0,0.0,0,0.0,300,47,4270,2391,6000,,0,,,,holding,normal,0,no_load,none,"A1: Servo ON, shaft stationary",servo-app/lab-0.1
1781155762.4693298,10.242695808410645,A1_HOLDING_SERVO_ON,A1_HOLDING_SERVO_ON_R01_20260611_122911,delta-asda-b3-e,1616,VE|SOD|TR,1,0,7452,0,0,0.0,0,0.0,300,47,4270,2391,6000,,0,,,,holding,normal,0,no_load,none,"A1: Servo ON, shaft stationary",servo-app/lab-0.1
1781155762.5699067,10.343272686004639,A1_HOLDING_SERVO_ON,A1_HOLDING_SERVO_ON_R01_20260611_122911,delta-asda-b3-e,1616,VE|SOD|TR,1,0,7458,0,0,0.0,0,0.0,300,47,4270,2391,6000,,0,,,,holding,normal,0,no_load,none,"A1: Servo ON, shaft stationary",servo-app/lab-0.1
1781155762.6700578,10.443423748016357,A1_HOLDING_SERVO_ON,A1_HOLDING_SERVO_ON_R01_20260611_122911,delta-asda-b3-e,1616,VE|SOD|TR,1,0,7452,0,0,0.0,0,0.0,300,47,4270,2391,6000,,0,,,,holding,normal,0,no_load,none,"A1: Servo ON, shaft stationary",servo-app/lab-0.1
1781155762.7704794,10.543845415115356,A1_HOLDING_SERVO_ON,A1_HOLDING_SERVO_ON_R01_20260611_122911,delta-asda-b3-e,1616,VE|SOD|TR,1,0,7442,0,0,0.0,0,0.0,300,47,4270,2391,6000,,0,,,,holding,normal,0,no_load,none,"A1: Servo ON, shaft stationary",servo-app/lab-0.1
1781155762.871103,10.644469022750854,A1_HOLDING_SERVO_ON,A1_HOLDING_SERVO_ON_R01_20260611_122911,delta-asda-b3-e,1616,VE|SOD|TR,1,0,7452,0,0,0.0,0,0.0,300,47,4270,2391,6000,,0,,,,holding,normal,0,no_load,none,"A1: Servo ON, shaft stationary",servo-app/lab-0.1
1781155762.9715402,10.744906187057495,A1_HOLDING_SERVO_ON,A1_HOLDING_SERVO_ON_R01_20260611_122911,delta-asda-b3-e,1616,VE|SOD|TR,1,0,7446,0,0,0.0,0,0.0,300,47,4270,2391,6000,,0,,,,holding,normal,0,no_load,none,"A1: Servo ON, shaft stationary",servo-app/lab-0.1
1781155763.0719767,10.845342636108398,A1_HOLDING_SERVO_ON,A1_HOLDING_SERVO_ON_R01_20260611_122911,delta-asda-b3-e,1616,VE|SOD|TR,1,0,7452,0,0,0.0,0,0.0,300,47,4270,2391,6000,,0,,,,holding,normal,0,no_load,none,"A1: Servo ON, shaft stationary",servo-app/lab-0.1
1781155763.1721995,10.945565462112427,A1_HOLDING_SERVO_ON,A1_HOLDING_SERVO_ON_R01_20260611_122911,delta-asda-b3-e,1616,VE|SOD|TR,1,0,7456,0,0,0.0,0,0.0,300,47,4270,2391,6000,,0,,,,holding,normal,0,no_load,none,"A1: Servo ON, shaft stationary",servo-app/lab-0.1
1781155763.2726324,11.045998334884644,A1_HOLDING_SERVO_ON,A1_HOLDING_SERVO_ON_R01_20260611_122911,delta-asda-b3-e,1616,VE|SOD|TR,1,0,7448,0,0,0.0,0,0.0,300,47,4270,2391,6000,,0,,,,holding,normal,0,no_load,none,"A1: Servo ON, shaft stationary",servo-app/lab-0.1
1781155763.3732235,11.146589517593384,A1_HOLDING_SERVO_ON,A1_HOLDING_SERVO_ON_R01_20260611_122911,delta-asda-b3-e,1616,VE|SOD|TR,1,0,7452,0,0,0.0,0,0.0,300,47,4270,2391,6000,,0,,,,holding,normal,0,no_load,none,"A1: Servo ON, shaft stationary",servo-app/lab-0.1
1781155763.4733393,11.246705293655396,A1_HOLDING_SERVO_ON,A1_HOLDING_SERVO_ON_R01_20260611_122911,delta-asda-b3-e,1616,VE|SOD|TR,1,0,7456,0,0,0.0,0,0.0,300,47,4270,2391,6000,,0,,,,holding,normal,0,no_load,none,"A1: Servo ON, shaft stationary",servo-app/lab-0.1
1781155763.5735407,11.346906661987305,A1_HOLDING_SERVO_ON,A1_HOLDING_SERVO_ON_R01_20260611_122911,delta-asda-b3-e,1616,VE|SOD|TR,1,0,7446,0,0,0.0,0,0.0,300,47,4270,2391,6000,,0,,,,holding,normal,0,no_load,none,"A1: Servo ON, shaft stationary",servo-app/lab-0.1
1781155763.6741893,11.447555303573608,A1_HOLDING_SERVO_ON,A1_HOLDING_SERVO_ON_R01_20260611_122911,delta-asda-b3-e,1616,VE|SOD|TR,1,0,7462,0,0,0.0,0,0.0,300,47,4270,2391,6000,,0,,,,holding,normal,0,no_load,none,"A1: Servo ON, shaft stationary",servo-app/lab-0.1
1781155763.7746415,11.548007488250732,A1_HOLDING_SERVO_ON,A1_HOLDING_SERVO_ON_R01_20260611_122911,delta-asda-b3-e,1616,VE|SOD|TR,1,0,7462,0,0,0.0,0,0.0,300,47,4270,2391,6000,,0,,,,holding,normal,0,no_load,none,"A1: Servo ON, shaft stationary",servo-app/lab-0.1
1781155763.8748453,11.648211240768433,A1_HOLDING_SERVO_ON,A1_HOLDING_SERVO_ON_R01_20260611_122911,delta-asda-b3-e,1616,VE|SOD|TR,1,0,7456,0,0,0.0,0,0.0,300,47,4270,2391,6000,,0,,,,holding,normal,0,no_load,none,"A1: Servo ON, shaft stationary",servo-app/lab-0.1
1781155763.9752219,11.748587846755981,A1_HOLDING_SERVO_ON,A1_HOLDING_SERVO_ON_R01_20260611_122911,delta-asda-b3-e,1616,VE|SOD|TR,1,0,7456,0,0,0.0,0,0.0,300,47,4270,2391,6000,,0,,,,holding,normal,0,no_load,none,"A1: Servo ON, shaft stationary",servo-app/lab-0.1
1781155764.0753288,11.848694801330566,A1_HOLDING_SERVO_ON,A1_HOLDING_SERVO_ON_R01_20260611_122911,delta-asda-b3-e,1616,VE|SOD|TR,1,0,7452,0,0,0.0,0,0.0,300,47,4270,2391,6000,,0,,,,holding,normal,0,no_load,none,"A1: Servo ON, shaft stationary",servo-app/lab-0.1
1781155764.1756122,11.948978185653687,A1_HOLDING_SERVO_ON,A1_HOLDING_SERVO_ON_R01_20260611_122911,delta-asda-b3-e,1616,VE|SOD|TR,1,0,7446,0,0,0.0,0,0.0,300,47,4270,2391,6000,,0,,,,holding,normal,0,no_load,none,"A1: Servo ON, shaft stationary",servo-app/lab-0.1
1781155764.2760925,12.049458503723145,A1_HOLDING_SERVO_ON,A1_HOLDING_SERVO_ON_R01_20260611_122911,delta-asda-b3-e,1616,VE|SOD|TR,1,0,7458,0,0,0.0,0,0.0,300,47,4270,2391,6000,,0,,,,holding,normal,0,no_load,none,"A1: Servo ON, shaft stationary",servo-app/lab-0.1
1781155764.3765762,12.14994215965271,A1_HOLDING_SERVO_ON,A1_HOLDING_SERVO_ON_R01_20260611_122911,delta-asda-b3-e,1616,VE|SOD|TR,1,0,7452,0,0,0.0,0,0.0,300,47,4270,2391,6000,,0,,,,holding,normal,0,no_load,none,"A1: Servo ON, shaft stationary",servo-app/lab-0.1
1781155764.4770968,12.250462770462036,A1_HOLDING_SERVO_ON,A1_HOLDING_SERVO_ON_R01_20260611_122911,delta-asda-b3-e,1616,VE|SOD|TR,1,0,7452,0,0,0.0,0,0.0,300,47,4270,2391,6000,,0,,,,holding,normal,0,no_load,none,"A1: Servo ON, shaft stationary",servo-app/lab-0.1
1781155764.5776105,12.350976467132568,A1_HOLDING_SERVO_ON,A1_HOLDING_SERVO_ON_R01_20260611_122911,delta-asda-b3-e,1616,VE|SOD|TR,1,0,7462,0,0,0.0,0,0.0,300,47,4270,2391,6000,,0,,,,holding,normal,0,no_load,none,"A1: Servo ON, shaft stationary",servo-app/lab-0.1
1781155764.6780872,12.45145320892334,A1_HOLDING_SERVO_ON,A1_HOLDING_SERVO_ON_R01_20260611_122911,delta-asda-b3-e,1616,VE|SOD|TR,1,0,7458,0,0,0.0,0,0.0,300,47,4270,2391,6000,,0,,,,holding,normal,0,no_load,none,"A1: Servo ON, shaft stationary",servo-app/lab-0.1
1781155764.7782636,12.551629543304443,A1_HOLDING_SERVO_ON,A1_HOLDING_SERVO_ON_R01_20260611_122911,delta-asda-b3-e,1616,VE|SOD|TR,1,0,7452,0,0,0.0,0,0.0,300,47,4270,2391,6000,,0,,,,holding,normal,0,no_load,none,"A1: Servo ON, shaft stationary",servo-app/lab-0.1
1781155764.8784387,12.651804685592651,A1_HOLDING_SERVO_ON,A1_HOLDING_SERVO_ON_R01_20260611_122911,delta-asda-b3-e,1616,VE|SOD|TR,1,0,7452,0,0,0.0,0,0.0,300,47,4270,2391,6000,,0,,,,holding,normal,0,no_load,none,"A1: Servo ON, shaft stationary",servo-app/lab-0.1
1781155764.978488,12.751853942871094,A1_HOLDING_SERVO_ON,A1_HOLDING_SERVO_ON_R01_20260611_122911,delta-asda-b3-e,1616,VE|SOD|TR,1,0,7456,0,0,0.0,0,0.0,300,47,4270,2391,6000,,0,,,,holding,normal,0,no_load,none,"A1: Servo ON, shaft stationary",servo-app/lab-0.1
1781155765.0789015,12.852267503738403,A1_HOLDING_SERVO_ON,A1_HOLDING_SERVO_ON_R01_20260611_122911,delta-asda-b3-e,1616,VE|SOD|TR,1,0,7446,0,0,0.0,0,0.0,300,47,4270,2391,6000,,0,,,,holding,normal,0,no_load,none,"A1: Servo ON, shaft stationary",servo-app/lab-0.1
1781155765.1793134,12.95267939567566,A1_HOLDING_SERVO_ON,A1_HOLDING_SERVO_ON_R01_20260611_122911,delta-asda-b3-e,1616,VE|SOD|TR,1,0,7448,0,0,0.0,0,0.0,300,47,4270,2391,6000,,0,,,,holding,normal,0,no_load,none,"A1: Servo ON, shaft stationary",servo-app/lab-0.1
1781155765.2801516,13.053517580032349,A1_HOLDING_SERVO_ON,A1_HOLDING_SERVO_ON_R01_20260611_122911,delta-asda-b3-e,1616,VE|SOD|TR,1,0,7456,0,0,0.0,0,0.0,300,47,4270,2391,6000,,0,,,,holding,normal,0,no_load,none,"A1: Servo ON, shaft stationary",servo-app/lab-0.1
1781155765.381277,13.154643058776855,A1_HOLDING_SERVO_ON,A1_HOLDING_SERVO_ON_R01_20260611_122911,delta-asda-b3-e,1616,VE|SOD|TR,1,0,7452,0,0,0.0,0,0.0,300,47,4270,2391,6000,,0,,,,holding,normal,0,no_load,none,"A1: Servo ON, shaft stationary",servo-app/lab-0.1
1781155765.4816437,13.255009651184082,A1_HOLDING_SERVO_ON,A1_HOLDING_SERVO_ON_R01_20260611_122911,delta-asda-b3-e,1616,VE|SOD|TR,1,0,7448,0,0,0.0,0,0.0,300,47,4270,2391,6000,,0,,,,holding,normal,0,no_load,none,"A1: Servo ON, shaft stationary",servo-app/lab-0.1
1781155765.5818207,13.355186700820923,A1_HOLDING_SERVO_ON,A1_HOLDING_SERVO_ON_R01_20260611_122911,delta-asda-b3-e,1616,VE|SOD|TR,1,0,7452,0,0,0.0,0,0.0,300,47,4270,2391,6000,,0,,,,holding,normal,0,no_load,none,"A1: Servo ON, shaft stationary",servo-app/lab-0.1
1781155765.6819317,13.455297708511353,A1_HOLDING_SERVO_ON,A1_HOLDING_SERVO_ON_R01_20260611_122911,delta-asda-b3-e,1616,VE|SOD|TR,1,0,7452,0,0,0.0,0,0.0,300,47,4270,2391,6000,,0,,,,holding,normal,0,no_load,none,"A1: Servo ON, shaft stationary",servo-app/lab-0.1
1781155765.7821276,13.555493593215942,A1_HOLDING_SERVO_ON,A1_HOLDING_SERVO_ON_R01_20260611_122911,delta-asda-b3-e,1616,VE|SOD|TR,1,0,7452,0,0,0.0,0,0.0,300,47,4270,2391,6000,,0,,,,holding,normal,0,no_load,none,"A1: Servo ON, shaft stationary",servo-app/lab-0.1
1781155765.8826864,13.656052350997925,A1_HOLDING_SERVO_ON,A1_HOLDING_SERVO_ON_R01_20260611_122911,delta-asda-b3-e,1616,VE|SOD|TR,1,0,7456,0,0,0.0,0,0.0,300,47,4270,2391,6000,,0,,,,holding,normal,0,no_load,none,"A1: Servo ON, shaft stationary",servo-app/lab-0.1
1781155765.983094,13.756459951400757,A1_HOLDING_SERVO_ON,A1_HOLDING_SERVO_ON_R01_20260611_122911,delta-asda-b3-e,1616,VE|SOD|TR,1,0,7452,0,0,0.0,0,0.0,300,47,4270,2391,6000,,0,,,,holding,normal,0,no_load,none,"A1: Servo ON, shaft stationary",servo-app/lab-0.1
1781155766.0831375,13.8565034866333,A1_HOLDING_SERVO_ON,A1_HOLDING_SERVO_ON_R01_20260611_122911,delta-asda-b3-e,1616,VE|SOD|TR,1,0,7452,0,0,0.0,0,0.0,300,47,4270,2391,6000,,0,,,,holding,normal,0,no_load,none,"A1: Servo ON, shaft stationary",servo-app/lab-0.1
1781155766.1834204,13.956786394119263,A1_HOLDING_SERVO_ON,A1_HOLDING_SERVO_ON_R01_20260611_122911,delta-asda-b3-e,1616,VE|SOD|TR,1,0,7452,0,0,0.0,0,0.0,300,47,4270,2391,6000,,0,,,,holding,normal,0,no_load,none,"A1: Servo ON, shaft stationary",servo-app/lab-0.1
1781155766.2843015,14.05766749382019,A1_HOLDING_SERVO_ON,A1_HOLDING_SERVO_ON_R01_20260611_122911,delta-asda-b3-e,1616,VE|SOD|TR,1,0,7448,0,0,0.0,0,0.0,300,47,4270,2391,6000,,0,,,,holding,normal,0,no_load,none,"A1: Servo ON, shaft stationary",servo-app/lab-0.1
1781155766.3847268,14.158092737197876,A1_HOLDING_SERVO_ON,A1_HOLDING_SERVO_ON_R01_20260611_122911,delta-asda-b3-e,1616,VE|SOD|TR,1,0,7452,0,0,0.0,0,0.0,300,47,4270,2391,6000,,0,,,,holding,normal,0,no_load,none,"A1: Servo ON, shaft stationary",servo-app/lab-0.1
1781155766.4853086,14.258674621582031,A1_HOLDING_SERVO_ON,A1_HOLDING_SERVO_ON_R01_20260611_122911,delta-asda-b3-e,1616,VE|SOD|TR,1,0,7452,0,0,0.0,0,0.0,300,47,4270,2391,6000,,0,,,,holding,normal,0,no_load,none,"A1: Servo ON, shaft stationary",servo-app/lab-0.1
1781155766.5856571,14.359023094177246,A1_HOLDING_SERVO_ON,A1_HOLDING_SERVO_ON_R01_20260611_122911,delta-asda-b3-e,1616,VE|SOD|TR,1,0,7446,0,0,0.0,0,0.0,300,47,4270,2391,6000,,0,,,,holding,normal,0,no_load,none,"A1: Servo ON, shaft stationary",servo-app/lab-0.1
1781155766.6861014,14.45946741104126,A1_HOLDING_SERVO_ON,A1_HOLDING_SERVO_ON_R01_20260611_122911,delta-asda-b3-e,1616,VE|SOD|TR,1,0,7452,0,0,0.0,0,0.0,300,47,4270,2391,6000,,0,,,,holding,normal,0,no_load,none,"A1: Servo ON, shaft stationary",servo-app/lab-0.1
1781155766.7865162,14.559882164001465,A1_HOLDING_SERVO_ON,A1_HOLDING_SERVO_ON_R01_20260611_122911,delta-asda-b3-e,1616,VE|SOD|TR,1,0,7452,0,0,0.0,0,0.0,300,47,4270,2391,6000,,0,,,,holding,normal,0,no_load,none,"A1: Servo ON, shaft stationary",servo-app/lab-0.1
1781155766.8869333,14.660299301147461,A1_HOLDING_SERVO_ON,A1_HOLDING_SERVO_ON_R01_20260611_122911,delta-asda-b3-e,1616,VE|SOD|TR,1,0,7448,0,0,0.0,0,0.0,300,47,4270,2391,6000,,0,,,,holding,normal,0,no_load,none,"A1: Servo ON, shaft stationary",servo-app/lab-0.1
1781155767.0104334,14.783799409866333,A1_HOLDING_SERVO_ON,A1_HOLDING_SERVO_ON_R01_20260611_122911,delta-asda-b3-e,1616,VE|SOD|TR,1,0,7452,0,0,0.0,0,0.0,300,47,4270,2391,6000,,0,,,,holding,normal,0,no_load,none,"A1: Servo ON, shaft stationary",servo-app/lab-0.1
1781155767.1108737,14.884239673614502,A1_HOLDING_SERVO_ON,A1_HOLDING_SERVO_ON_R01_20260611_122911,delta-asda-b3-e,1616,VE|SOD|TR,1,0,7452,0,0,0.0,0,0.0,300,47,4270,2391,6000,,0,,,,holding,normal,0,no_load,none,"A1: Servo ON, shaft stationary",servo-app/lab-0.1
1781155767.2110646,14.98443055152893,A1_HOLDING_SERVO_ON,A1_HOLDING_SERVO_ON_R01_20260611_122911,delta-asda-b3-e,1616,VE|SOD|TR,1,0,7452,0,0,0.0,0,0.0,300,47,4270,2391,6000,,0,,,,holding,normal,0,no_load,none,"A1: Servo ON, shaft stationary",servo-app/lab-0.1
1781155767.311337,15.084702968597412,A1_HOLDING_SERVO_ON,A1_HOLDING_SERVO_ON_R01_20260611_122911,delta-asda-b3-e,1616,VE|SOD|TR,1,0,7452,0,0,0.0,0,0.0,300,47,4270,2391,6000,,0,,,,holding,normal,0,no_load,none,"A1: Servo ON, shaft stationary",servo-app/lab-0.1
1781155767.4115589,15.184924840927124,A1_HOLDING_SERVO_ON,A1_HOLDING_SERVO_ON_R01_20260611_122911,delta-asda-b3-e,1616,VE|SOD|TR,1,0,7452,0,0,0.0,0,0.0,300,47,4270,2391,6000,,0,,,,holding,normal,0,no_load,none,"A1: Servo ON, shaft stationary",servo-app/lab-0.1
1781155767.5118377,15.285203695297241,A1_HOLDING_SERVO_ON,A1_HOLDING_SERVO_ON_R01_20260611_122911,delta-asda-b3-e,1616,VE|SOD|TR,1,0,,0,0,0.0,0,0.0,300,47,4270,2391,6000,,0,,,,holding,normal,0,no_load,none,"A1: Servo ON, shaft stationary",servo-app/lab-0.1
1781155767.6120703,15.385436296463013,A1_HOLDING_SERVO_ON,A1_HOLDING_SERVO_ON_R01_20260611_122911,delta-asda-b3-e,1616,VE|SOD|TR,1,0,7452,0,0,0.0,0,0.0,300,47,4270,2391,6000,,0,,,,holding,normal,0,no_load,none,"A1: Servo ON, shaft stationary",servo-app/lab-0.1
1781155767.712209,15.485574960708618,A1_HOLDING_SERVO_ON,A1_HOLDING_SERVO_ON_R01_20260611_122911,delta-asda-b3-e,1616,VE|SOD|TR,1,0,7456,0,0,0.0,0,0.0,300,47,4270,2391,6000,,0,,,,holding,normal,0,no_load,none,"A1: Servo ON, shaft stationary",servo-app/lab-0.1
1781155767.8126426,15.586008548736572,A1_HOLDING_SERVO_ON,A1_HOLDING_SERVO_ON_R01_20260611_122911,delta-asda-b3-e,1616,VE|SOD|TR,1,0,7442,0,0,0.0,0,0.0,300,47,4270,2391,6000,,0,,,,holding,normal,0,no_load,none,"A1: Servo ON, shaft stationary",servo-app/lab-0.1
1781155767.9128244,15.686190366744995,A1_HOLDING_SERVO_ON,A1_HOLDING_SERVO_ON_R01_20260611_122911,delta-asda-b3-e,1616,VE|SOD|TR,1,0,7442,0,0,0.0,0,0.0,300,47,4270,2391,6000,,0,,,,holding,normal,0,no_load,none,"A1: Servo ON, shaft stationary",servo-app/lab-0.1
1781155768.0133128,15.786678791046143,A1_HOLDING_SERVO_ON,A1_HOLDING_SERVO_ON_R01_20260611_122911,delta-asda-b3-e,1616,VE|SOD|TR,1,0,7456,0,0,0.0,0,0.0,300,47,4270,2391,6000,,0,,,,holding,normal,0,no_load,none,"A1: Servo ON, shaft stationary",servo-app/lab-0.1
1781155768.1134553,15.886821269989014,A1_HOLDING_SERVO_ON,A1_HOLDING_SERVO_ON_R01_20260611_122911,delta-asda-b3-e,1616,VE|SOD|TR,1,0,7452,0,0,0.0,0,0.0,300,47,4270,2391,6000,,0,,,,holding,normal,0,no_load,none,"A1: Servo ON, shaft stationary",servo-app/lab-0.1
1781155768.2137914,15.987157344818115,A1_HOLDING_SERVO_ON,A1_HOLDING_SERVO_ON_R01_20260611_122911,delta-asda-b3-e,1616,VE|SOD|TR,1,0,7452,0,0,0.0,0,0.0,300,47,4270,2391,6000,,0,,,,holding,normal,0,no_load,none,"A1: Servo ON, shaft stationary",servo-app/lab-0.1
1781155768.3143482,16.087714195251465,A1_HOLDING_SERVO_ON,A1_HOLDING_SERVO_ON_R01_20260611_122911,delta-asda-b3-e,1616,VE|SOD|TR,1,0,7446,0,0,0.0,0,0.0,300,47,4270,2391,6000,,0,,,,holding,normal,0,no_load,none,"A1: Servo ON, shaft stationary",servo-app/lab-0.1
1781155768.4146507,16.188016653060913,A1_HOLDING_SERVO_ON,A1_HOLDING_SERVO_ON_R01_20260611_122911,delta-asda-b3-e,1616,VE|SOD|TR,1,0,7452,0,0,0.0,0,0.0,300,47,4270,2391,6000,,0,,,,holding,normal,0,no_load,none,"A1: Servo ON, shaft stationary",servo-app/lab-0.1
1781155768.5148926,16.28825855255127,A1_HOLDING_SERVO_ON,A1_HOLDING_SERVO_ON_R01_20260611_122911,delta-asda-b3-e,1616,VE|SOD|TR,1,0,7452,0,0,0.0,0,0.0,300,47,4270,2391,6000,,0,,,,holding,normal,0,no_load,none,"A1: Servo ON, shaft stationary",servo-app/lab-0.1
1781155768.6149764,16.38834238052368,A1_HOLDING_SERVO_ON,A1_HOLDING_SERVO_ON_R01_20260611_122911,delta-asda-b3-e,1616,VE|SOD|TR,1,0,7448,0,0,0.0,0,0.0,300,47,4270,2391,6000,,0,,,,holding,normal,0,no_load,none,"A1: Servo ON, shaft stationary",servo-app/lab-0.1
1781155768.715388,16.48875403404236,A1_HOLDING_SERVO_ON,A1_HOLDING_SERVO_ON_R01_20260611_122911,delta-asda-b3-e,1616,VE|SOD|TR,1,0,7446,0,0,0.0,0,0.0,300,47,4270,2391,6000,,0,,,,holding,normal,0,no_load,none,"A1: Servo ON, shaft stationary",servo-app/lab-0.1
1781155768.8158448,16.589210748672485,A1_HOLDING_SERVO_ON,A1_HOLDING_SERVO_ON_R01_20260611_122911,delta-asda-b3-e,1616,VE|SOD|TR,1,0,7442,0,0,0.0,0,0.0,300,47,4270,2391,6000,,0,,,,holding,normal,0,no_load,none,"A1: Servo ON, shaft stationary",servo-app/lab-0.1
1781155768.9160247,16.689390659332275,A1_HOLDING_SERVO_ON,A1_HOLDING_SERVO_ON_R01_20260611_122911,delta-asda-b3-e,1616,VE|SOD|TR,1,0,7446,0,0,0.0,0,0.0,300,47,4270,2391,6000,,0,,,,holding,normal,0,no_load,none,"A1: Servo ON, shaft stationary",servo-app/lab-0.1
1781155769.0162911,16.78965711593628,A1_HOLDING_SERVO_ON,A1_HOLDING_SERVO_ON_R01_20260611_122911,delta-asda-b3-e,1616,VE|SOD|TR,1,0,7452,0,0,0.0,0,0.0,300,47,4270,2391,6000,,0,,,,holding,normal,0,no_load,none,"A1: Servo ON, shaft stationary",servo-app/lab-0.1
1781155769.1164896,16.88985562324524,A1_HOLDING_SERVO_ON,A1_HOLDING_SERVO_ON_R01_20260611_122911,delta-asda-b3-e,1616,VE|SOD|TR,1,0,7458,0,0,0.0,0,0.0,300,47,4270,2391,6000,,0,,,,holding,normal,0,no_load,none,"A1: Servo ON, shaft stationary",servo-app/lab-0.1
1781155769.2165911,16.989957094192505,A1_HOLDING_SERVO_ON,A1_HOLDING_SERVO_ON_R01_20260611_122911,delta-asda-b3-e,1616,VE|SOD|TR,1,0,7458,0,0,0.0,0,0.0,300,47,4270,2391,6000,,0,,,,holding,normal,0,no_load,none,"A1: Servo ON, shaft stationary",servo-app/lab-0.1
1781155769.317118,17.090483903884888,A1_HOLDING_SERVO_ON,A1_HOLDING_SERVO_ON_R01_20260611_122911,delta-asda-b3-e,1616,VE|SOD|TR,1,0,7456,0,0,0.0,0,0.0,300,47,4270,2391,6000,,0,,,,holding,normal,0,no_load,none,"A1: Servo ON, shaft stationary",servo-app/lab-0.1
1781155769.4176795,17.19104552268982,A1_HOLDING_SERVO_ON,A1_HOLDING_SERVO_ON_R01_20260611_122911,delta-asda-b3-e,1616,VE|SOD|TR,1,0,7442,0,0,0.0,0,0.0,300,47,4270,2391,6000,,0,,,,holding,normal,0,no_load,none,"A1: Servo ON, shaft stationary",servo-app/lab-0.1
1781155769.5181358,17.291501760482788,A1_HOLDING_SERVO_ON,A1_HOLDING_SERVO_ON_R01_20260611_122911,delta-asda-b3-e,1616,VE|SOD|TR,1,0,7456,0,0,0.0,0,0.0,300,47,4270,2391,6000,,0,,,,holding,normal,0,no_load,none,"A1: Servo ON, shaft stationary",servo-app/lab-0.1
1781155769.6185029,17.391868829727173,A1_HOLDING_SERVO_ON,A1_HOLDING_SERVO_ON_R01_20260611_122911,delta-asda-b3-e,1616,VE|SOD|TR,1,0,7446,0,0,0.0,0,0.0,300,47,4270,2391,6000,,0,,,,holding,normal,0,no_load,none,"A1: Servo ON, shaft stationary",servo-app/lab-0.1
1781155769.7186384,17.49200439453125,A1_HOLDING_SERVO_ON,A1_HOLDING_SERVO_ON_R01_20260611_122911,delta-asda-b3-e,1616,VE|SOD|TR,1,0,7452,0,0,0.0,0,0.0,300,47,4270,2391,6000,,0,,,,holding,normal,0,no_load,none,"A1: Servo ON, shaft stationary",servo-app/lab-0.1
1781155769.8188956,17.59226155281067,A1_HOLDING_SERVO_ON,A1_HOLDING_SERVO_ON_R01_20260611_122911,delta-asda-b3-e,1616,VE|SOD|TR,1,0,7448,0,0,0.0,0,0.0,300,47,4270,2391,6000,,0,,,,holding,normal,0,no_load,none,"A1: Servo ON, shaft stationary",servo-app/lab-0.1
1781155769.9191415,17.69250750541687,A1_HOLDING_SERVO_ON,A1_HOLDING_SERVO_ON_R01_20260611_122911,delta-asda-b3-e,1616,VE|SOD|TR,1,0,7452,0,0,0.0,0,0.0,300,47,4270,2391,6000,,0,,,,holding,normal,0,no_load,none,"A1: Servo ON, shaft stationary",servo-app/lab-0.1
1781155770.019351,17.79271697998047,A1_HOLDING_SERVO_ON,A1_HOLDING_SERVO_ON_R01_20260611_122911,delta-asda-b3-e,1616,VE|SOD|TR,1,0,7448,0,0,0.0,0,0.0,300,47,4270,2391,6000,,0,,,,holding,normal,0,no_load,none,"A1: Servo ON, shaft stationary",servo-app/lab-0.1
1781155770.1195602,17.89292621612549,A1_HOLDING_SERVO_ON,A1_HOLDING_SERVO_ON_R01_20260611_122911,delta-asda-b3-e,1616,VE|SOD|TR,1,0,7458,0,0,0.0,0,0.0,300,47,4270,2391,6000,,0,,,,holding,normal,0,no_load,none,"A1: Servo ON, shaft stationary",servo-app/lab-0.1
1781155770.2199447,17.993310689926147,A1_HOLDING_SERVO_ON,A1_HOLDING_SERVO_ON_R01_20260611_122911,delta-asda-b3-e,1616,VE|SOD|TR,1,0,7452,0,0,0.0,0,0.0,300,47,4270,2391,6000,,0,,,,holding,normal,0,no_load,none,"A1: Servo ON, shaft stationary",servo-app/lab-0.1
1781155770.3204713,18.09383726119995,A1_HOLDING_SERVO_ON,A1_HOLDING_SERVO_ON_R01_20260611_122911,delta-asda-b3-e,1616,VE|SOD|TR,1,0,7452,0,0,0.0,0,0.0,300,47,4270,2391,6000,,0,,,,holding,normal,0,no_load,none,"A1: Servo ON, shaft stationary",servo-app/lab-0.1
1781155770.4207387,18.19410467147827,A1_HOLDING_SERVO_ON,A1_HOLDING_SERVO_ON_R01_20260611_122911,delta-asda-b3-e,1616,VE|SOD|TR,1,0,7448,0,0,0.0,0,0.0,300,47,4270,2391,6000,,0,,,,holding,normal,0,no_load,none,"A1: Servo ON, shaft stationary",servo-app/lab-0.1
1781155770.5207968,18.29416275024414,A1_HOLDING_SERVO_ON,A1_HOLDING_SERVO_ON_R01_20260611_122911,delta-asda-b3-e,1616,VE|SOD|TR,1,0,7446,0,0,0.0,0,0.0,300,47,4270,2391,6000,,0,,,,holding,normal,0,no_load,none,"A1: Servo ON, shaft stationary",servo-app/lab-0.1
1781155770.6211755,18.3945415019989,A1_HOLDING_SERVO_ON,A1_HOLDING_SERVO_ON_R01_20260611_122911,delta-asda-b3-e,1616,VE|SOD|TR,1,0,7456,0,0,0.0,0,0.0,300,47,4270,2391,6000,,0,,,,holding,normal,0,no_load,none,"A1: Servo ON, shaft stationary",servo-app/lab-0.1
1781155770.721739,18.495105028152466,A1_HOLDING_SERVO_ON,A1_HOLDING_SERVO_ON_R01_20260611_122911,delta-asda-b3-e,1616,VE|SOD|TR,1,0,7452,0,0,0.0,0,0.0,300,47,4270,2391,6000,,0,,,,holding,normal,0,no_load,none,"A1: Servo ON, shaft stationary",servo-app/lab-0.1
1781155770.8221593,18.59552526473999,A1_HOLDING_SERVO_ON,A1_HOLDING_SERVO_ON_R01_20260611_122911,delta-asda-b3-e,1616,VE|SOD|TR,1,0,7456,0,0,0.0,0,0.0,300,47,4270,2391,6000,,0,,,,holding,normal,0,no_load,none,"A1: Servo ON, shaft stationary",servo-app/lab-0.1
1781155770.9226937,18.696059703826904,A1_HOLDING_SERVO_ON,A1_HOLDING_SERVO_ON_R01_20260611_122911,delta-asda-b3-e,1616,VE|SOD|TR,1,0,7452,0,0,0.0,0,0.0,300,47,4270,2391,6000,,0,,,,holding,normal,0,no_load,none,"A1: Servo ON, shaft stationary",servo-app/lab-0.1
1781155771.0233333,18.796699285507202,A1_HOLDING_SERVO_ON,A1_HOLDING_SERVO_ON_R01_20260611_122911,delta-asda-b3-e,1616,VE|SOD|TR,1,0,7446,0,0,0.0,0,0.0,300,47,4270,2391,6000,,0,,,,holding,normal,0,no_load,none,"A1: Servo ON, shaft stationary",servo-app/lab-0.1
1781155771.1239703,18.89733624458313,A1_HOLDING_SERVO_ON,A1_HOLDING_SERVO_ON_R01_20260611_122911,delta-asda-b3-e,1616,VE|SOD|TR,1,0,7446,0,0,0.0,0,0.0,300,47,4270,2391,6000,,0,,,,holding,normal,0,no_load,none,"A1: Servo ON, shaft stationary",servo-app/lab-0.1
1781155771.224531,18.997896909713745,A1_HOLDING_SERVO_ON,A1_HOLDING_SERVO_ON_R01_20260611_122911,delta-asda-b3-e,1616,VE|SOD|TR,1,0,7452,0,0,0.0,0,0.0,300,47,4270,2391,6000,,0,,,,holding,normal,0,no_load,none,"A1: Servo ON, shaft stationary",servo-app/lab-0.1
1781155771.3251708,19.098536729812622,A1_HOLDING_SERVO_ON,A1_HOLDING_SERVO_ON_R01_20260611_122911,delta-asda-b3-e,1616,VE|SOD|TR,1,0,7446,0,0,0.0,0,0.0,300,47,4270,2391,6000,,0,,,,holding,normal,0,no_load,none,"A1: Servo ON, shaft stationary",servo-app/lab-0.1
1781155771.425384,19.198750019073486,A1_HOLDING_SERVO_ON,A1_HOLDING_SERVO_ON_R01_20260611_122911,delta-asda-b3-e,1616,VE|SOD|TR,1,0,7452,0,0,0.0,0,0.0,300,47,4270,2391,6000,,0,,,,holding,normal,0,no_load,none,"A1: Servo ON, shaft stationary",servo-app/lab-0.1
1781155771.5255568,19.298922777175903,A1_HOLDING_SERVO_ON,A1_HOLDING_SERVO_ON_R01_20260611_122911,delta-asda-b3-e,1616,VE|SOD|TR,1,0,7458,0,0,0.0,0,0.0,300,47,4270,2391,6000,,0,,,,holding,normal,0,no_load,none,"A1: Servo ON, shaft stationary",servo-app/lab-0.1
1781155771.6261117,19.39947772026062,A1_HOLDING_SERVO_ON,A1_HOLDING_SERVO_ON_R01_20260611_122911,delta-asda-b3-e,1616,VE|SOD|TR,1,0,7452,0,0,0.0,0,0.0,300,47,4270,2391,6000,,0,,,,holding,normal,0,no_load,none,"A1: Servo ON, shaft stationary",servo-app/lab-0.1
1781155771.7267122,19.500078201293945,A1_HOLDING_SERVO_ON,A1_HOLDING_SERVO_ON_R01_20260611_122911,delta-asda-b3-e,1616,VE|SOD|TR,1,0,7456,0,0,0.0,0,0.0,300,47,4270,2391,6000,,0,,,,holding,normal,0,no_load,none,"A1: Servo ON, shaft stationary",servo-app/lab-0.1
1781155771.827323,19.600688934326172,A1_HOLDING_SERVO_ON,A1_HOLDING_SERVO_ON_R01_20260611_122911,delta-asda-b3-e,1616,VE|SOD|TR,1,0,7456,0,0,0.0,0,0.0,300,47,4270,2391,6000,,0,,,,holding,normal,0,no_load,none,"A1: Servo ON, shaft stationary",servo-app/lab-0.1
1781155771.927616,19.700981855392456,A1_HOLDING_SERVO_ON,A1_HOLDING_SERVO_ON_R01_20260611_122911,delta-asda-b3-e,1616,VE|SOD|TR,1,0,7446,0,0,0.0,0,0.0,300,47,4270,2391,6000,,0,,,,holding,normal,0,no_load,none,"A1: Servo ON, shaft stationary",servo-app/lab-0.1
1781155772.0276968,19.80106282234192,A1_HOLDING_SERVO_ON,A1_HOLDING_SERVO_ON_R01_20260611_122911,delta-asda-b3-e,1616,VE|SOD|TR,1,0,7442,0,0,0.0,0,0.0,300,47,4270,2391,6000,,0,,,,holding,normal,0,no_load,none,"A1: Servo ON, shaft stationary",servo-app/lab-0.1
1781155772.1280904,19.901456356048584,A1_HOLDING_SERVO_ON,A1_HOLDING_SERVO_ON_R01_20260611_122911,delta-asda-b3-e,1616,VE|SOD|TR,1,0,7452,0,0,0.0,0,0.0,300,47,4270,2391,6000,,0,,,,holding,normal,0,no_load,none,"A1: Servo ON, shaft stationary",servo-app/lab-0.1
1781155772.2281737,20.001539707183838,A1_HOLDING_SERVO_ON,A1_HOLDING_SERVO_ON_R01_20260611_122911,delta-asda-b3-e,1616,VE|SOD|TR,1,0,7448,0,0,0.0,0,0.0,300,47,4270,2391,6000,,0,,,,holding,normal,0,no_load,none,"A1: Servo ON, shaft stationary",servo-app/lab-0.1
1781155772.3283975,20.101763486862183,A1_HOLDING_SERVO_ON,A1_HOLDING_SERVO_ON_R01_20260611_122911,delta-asda-b3-e,1616,VE|SOD|TR,1,0,7452,0,0,0.0,0,0.0,300,47,4270,2391,6000,,0,,,,holding,normal,0,no_load,none,"A1: Servo ON, shaft stationary",servo-app/lab-0.1
1781155772.428703,20.20206904411316,A1_HOLDING_SERVO_ON,A1_HOLDING_SERVO_ON_R01_20260611_122911,delta-asda-b3-e,1616,VE|SOD|TR,1,0,7446,0,0,0.0,0,0.0,300,47,4270,2391,6000,,0,,,,holding,normal,0,no_load,none,"A1: Servo ON, shaft stationary",servo-app/lab-0.1
1781155772.529106,20.30247187614441,A1_HOLDING_SERVO_ON,A1_HOLDING_SERVO_ON_R01_20260611_122911,delta-asda-b3-e,1616,VE|SOD|TR,1,0,7448,0,0,0.0,0,0.0,300,47,4270,2391,6000,,0,,,,holding,normal,0,no_load,none,"A1: Servo ON, shaft stationary",servo-app/lab-0.1
1781155772.62961,20.402976036071777,A1_HOLDING_SERVO_ON,A1_HOLDING_SERVO_ON_R01_20260611_122911,delta-asda-b3-e,1616,VE|SOD|TR,1,0,7448,0,0,0.0,0,0.0,300,47,4270,2391,6000,,0,,,,holding,normal,0,no_load,none,"A1: Servo ON, shaft stationary",servo-app/lab-0.1
1781155772.7303011,20.50366711616516,A1_HOLDING_SERVO_ON,A1_HOLDING_SERVO_ON_R01_20260611_122911,delta-asda-b3-e,1616,VE|SOD|TR,1,0,7448,0,0,0.0,0,0.0,300,47,4270,2391,6000,,0,,,,holding,normal,0,no_load,none,"A1: Servo ON, shaft stationary",servo-app/lab-0.1
1781155772.8308275,20.604193449020386,A1_HOLDING_SERVO_ON,A1_HOLDING_SERVO_ON_R01_20260611_122911,delta-asda-b3-e,1616,VE|SOD|TR,1,0,7448,0,0,0.0,0,0.0,300,47,4270,2391,6000,,0,,,,holding,normal,0,no_load,none,"A1: Servo ON, shaft stationary",servo-app/lab-0.1
1781155772.9313765,20.704742431640625,A1_HOLDING_SERVO_ON,A1_HOLDING_SERVO_ON_R01_20260611_122911,delta-asda-b3-e,1616,VE|SOD|TR,1,0,7448,0,0,0.0,0,0.0,300,47,4270,2391,6000,,0,,,,holding,normal,0,no_load,none,"A1: Servo ON, shaft stationary",servo-app/lab-0.1
1781155773.0317233,20.805089235305786,A1_HOLDING_SERVO_ON,A1_HOLDING_SERVO_ON_R01_20260611_122911,delta-asda-b3-e,1616,VE|SOD|TR,1,0,7446,0,0,0.0,0,0.0,300,47,4270,2391,6000,,0,,,,holding,normal,0,no_load,none,"A1: Servo ON, shaft stationary",servo-app/lab-0.1
1781155773.1319532,20.905319213867188,A1_HOLDING_SERVO_ON,A1_HOLDING_SERVO_ON_R01_20260611_122911,delta-asda-b3-e,1616,VE|SOD|TR,1,0,7442,0,0,0.0,0,0.0,301,47,4270,2391,6000,,0,,,,holding,normal,0,no_load,none,"A1: Servo ON, shaft stationary",servo-app/lab-0.1
1781155773.2324986,21.00586462020874,A1_HOLDING_SERVO_ON,A1_HOLDING_SERVO_ON_R01_20260611_122911,delta-asda-b3-e,1616,VE|SOD|TR,1,0,7452,0,0,0.0,0,0.0,300,47,4270,2391,6000,,0,,,,holding,normal,0,no_load,none,"A1: Servo ON, shaft stationary",servo-app/lab-0.1
1781155773.3327181,21.10608410835266,A1_HOLDING_SERVO_ON,A1_HOLDING_SERVO_ON_R01_20260611_122911,delta-asda-b3-e,1616,VE|SOD|TR,1,0,7462,0,0,0.0,0,0.0,300,47,4270,2391,6000,,0,,,,holding,normal,0,no_load,none,"A1: Servo ON, shaft stationary",servo-app/lab-0.1
1781155773.433162,21.206527948379517,A1_HOLDING_SERVO_ON,A1_HOLDING_SERVO_ON_R01_20260611_122911,delta-asda-b3-e,1616,VE|SOD|TR,1,0,7452,0,0,0.0,0,0.0,300,47,4270,2391,6000,,0,,,,holding,normal,0,no_load,none,"A1: Servo ON, shaft stationary",servo-app/lab-0.1
1781155773.5332778,21.30664372444153,A1_HOLDING_SERVO_ON,A1_HOLDING_SERVO_ON_R01_20260611_122911,delta-asda-b3-e,1616,VE|SOD|TR,1,0,7458,0,0,0.0,0,0.0,300,47,4270,2391,6000,,0,,,,holding,normal,0,no_load,none,"A1: Servo ON, shaft stationary",servo-app/lab-0.1
1781155773.6335275,21.406893491744995,A1_HOLDING_SERVO_ON,A1_HOLDING_SERVO_ON_R01_20260611_122911,delta-asda-b3-e,1616,VE|SOD|TR,1,0,7458,0,0,0.0,0,0.0,300,47,4270,2391,6000,,0,,,,holding,normal,0,no_load,none,"A1: Servo ON, shaft stationary",servo-app/lab-0.1
1781155773.7339685,21.5073344707489,A1_HOLDING_SERVO_ON,A1_HOLDING_SERVO_ON_R01_20260611_122911,delta-asda-b3-e,1616,VE|SOD|TR,1,0,7456,0,0,0.0,0,0.0,300,47,4270,2391,6000,,0,,,,holding,normal,0,no_load,none,"A1: Servo ON, shaft stationary",servo-app/lab-0.1
1781155773.834303,21.60766887664795,A1_HOLDING_SERVO_ON,A1_HOLDING_SERVO_ON_R01_20260611_122911,delta-asda-b3-e,1616,VE|SOD|TR,1,0,7458,0,0,0.0,0,0.0,301,47,4270,2391,6000,,0,,,,holding,normal,0,no_load,none,"A1: Servo ON, shaft stationary",servo-app/lab-0.1
1781155773.9347665,21.70813250541687,A1_HOLDING_SERVO_ON,A1_HOLDING_SERVO_ON_R01_20260611_122911,delta-asda-b3-e,1616,VE|SOD|TR,1,0,7452,0,0,0.0,0,0.0,300,47,4270,2391,6000,,0,,,,holding,normal,0,no_load,none,"A1: Servo ON, shaft stationary",servo-app/lab-0.1
1781155774.0348613,21.80822730064392,A1_HOLDING_SERVO_ON,A1_HOLDING_SERVO_ON_R01_20260611_122911,delta-asda-b3-e,1616,VE|SOD|TR,1,0,7452,0,0,0.0,0,0.0,300,47,4270,2391,6000,,0,,,,holding,normal,0,no_load,none,"A1: Servo ON, shaft stationary",servo-app/lab-0.1
1781155774.1353867,21.90875267982483,A1_HOLDING_SERVO_ON,A1_HOLDING_SERVO_ON_R01_20260611_122911,delta-asda-b3-e,1616,VE|SOD|TR,1,0,7456,0,0,0.0,0,0.0,301,47,4270,2391,6000,,0,,,,holding,normal,0,no_load,none,"A1: Servo ON, shaft stationary",servo-app/lab-0.1
1781155774.2361028,22.00946879386902,A1_HOLDING_SERVO_ON,A1_HOLDING_SERVO_ON_R01_20260611_122911,delta-asda-b3-e,1616,VE|SOD|TR,1,0,7456,0,0,0.0,0,0.0,300,47,4270,2391,6000,,0,,,,holding,normal,0,no_load,none,"A1: Servo ON, shaft stationary",servo-app/lab-0.1
1781155774.336623,22.109988927841187,A1_HOLDING_SERVO_ON,A1_HOLDING_SERVO_ON_R01_20260611_122911,delta-asda-b3-e,1616,VE|SOD|TR,1,0,7452,0,0,0.0,0,0.0,300,47,4270,2391,6000,,0,,,,holding,normal,0,no_load,none,"A1: Servo ON, shaft stationary",servo-app/lab-0.1
1781155774.4372916,22.210657596588135,A1_HOLDING_SERVO_ON,A1_HOLDING_SERVO_ON_R01_20260611_122911,delta-asda-b3-e,1616,VE|SOD|TR,1,0,7452,0,0,0.0,0,0.0,300,47,4270,2391,6000,,0,,,,holding,normal,0,no_load,none,"A1: Servo ON, shaft stationary",servo-app/lab-0.1
1781155774.5377736,22.311139583587646,A1_HOLDING_SERVO_ON,A1_HOLDING_SERVO_ON_R01_20260611_122911,delta-asda-b3-e,1616,VE|SOD|TR,1,0,7458,0,0,0.0,0,0.0,301,47,4270,2391,6000,,0,,,,holding,normal,0,no_load,none,"A1: Servo ON, shaft stationary",servo-app/lab-0.1
1781155774.6384597,22.41182565689087,A1_HOLDING_SERVO_ON,A1_HOLDING_SERVO_ON_R01_20260611_122911,delta-asda-b3-e,1616,VE|SOD|TR,1,0,7448,0,0,0.0,0,0.0,300,47,4270,2391,6000,,0,,,,holding,normal,0,no_load,none,"A1: Servo ON, shaft stationary",servo-app/lab-0.1
1781155774.7386627,22.512028694152832,A1_HOLDING_SERVO_ON,A1_HOLDING_SERVO_ON_R01_20260611_122911,delta-asda-b3-e,1616,VE|SOD|TR,1,0,7458,0,0,0.0,0,0.0,301,47,4270,2391,6000,,0,,,,holding,normal,0,no_load,none,"A1: Servo ON, shaft stationary",servo-app/lab-0.1
1781155774.8389995,22.61236548423767,A1_HOLDING_SERVO_ON,A1_HOLDING_SERVO_ON_R01_20260611_122911,delta-asda-b3-e,1616,VE|SOD|TR,1,0,7456,0,0,0.0,0,0.0,300,47,4270,2391,6000,,0,,,,holding,normal,0,no_load,none,"A1: Servo ON, shaft stationary",servo-app/lab-0.1
1781155774.9394588,22.712824821472168,A1_HOLDING_SERVO_ON,A1_HOLDING_SERVO_ON_R01_20260611_122911,delta-asda-b3-e,1616,VE|SOD|TR,1,0,7458,0,0,0.0,0,0.0,301,47,4270,2391,6000,,0,,,,holding,normal,0,no_load,none,"A1: Servo ON, shaft stationary",servo-app/lab-0.1
1781155775.0396247,22.81299066543579,A1_HOLDING_SERVO_ON,A1_HOLDING_SERVO_ON_R01_20260611_122911,delta-asda-b3-e,1616,VE|SOD|TR,1,0,7456,0,0,0.0,0,0.0,301,47,4270,2391,6000,,0,,,,holding,normal,0,no_load,none,"A1: Servo ON, shaft stationary",servo-app/lab-0.1
1781155775.139907,22.913272857666016,A1_HOLDING_SERVO_ON,A1_HOLDING_SERVO_ON_R01_20260611_122911,delta-asda-b3-e,1616,VE|SOD|TR,1,0,7462,0,0,0.0,0,0.0,300,47,4270,2391,6000,,0,,,,holding,normal,0,no_load,none,"A1: Servo ON, shaft stationary",servo-app/lab-0.1
1781155775.2401812,23.01354718208313,A1_HOLDING_SERVO_ON,A1_HOLDING_SERVO_ON_R01_20260611_122911,delta-asda-b3-e,1616,VE|SOD|TR,1,0,7458,0,0,0.0,0,0.0,300,47,4270,2391,6000,,0,,,,holding,normal,0,no_load,none,"A1: Servo ON, shaft stationary",servo-app/lab-0.1
1781155775.340787,23.114152908325195,A1_HOLDING_SERVO_ON,A1_HOLDING_SERVO_ON_R01_20260611_122911,delta-asda-b3-e,1616,VE|SOD|TR,1,0,7452,0,0,0.0,0,0.0,301,47,4270,2391,6000,,0,,,,holding,normal,0,no_load,none,"A1: Servo ON, shaft stationary",servo-app/lab-0.1
1781155775.4413197,23.214685678482056,A1_HOLDING_SERVO_ON,A1_HOLDING_SERVO_ON_R01_20260611_122911,delta-asda-b3-e,1616,VE|SOD|TR,1,0,7448,0,0,0.0,0,0.0,300,47,4270,2391,6000,,0,,,,holding,normal,0,no_load,none,"A1: Servo ON, shaft stationary",servo-app/lab-0.1
1781155775.5417037,23.315069675445557,A1_HOLDING_SERVO_ON,A1_HOLDING_SERVO_ON_R01_20260611_122911,delta-asda-b3-e,1616,VE|SOD|TR,1,0,7446,0,0,0.0,0,0.0,301,47,4270,2391,6000,,0,,,,holding,normal,0,no_load,none,"A1: Servo ON, shaft stationary",servo-app/lab-0.1
1781155775.642164,23.41552996635437,A1_HOLDING_SERVO_ON,A1_HOLDING_SERVO_ON_R01_20260611_122911,delta-asda-b3-e,1616,VE|SOD|TR,1,0,7446,0,0,0.0,0,0.0,301,47,4270,2391,6000,,0,,,,holding,normal,0,no_load,none,"A1: Servo ON, shaft stationary",servo-app/lab-0.1
1781155775.7426827,23.516048669815063,A1_HOLDING_SERVO_ON,A1_HOLDING_SERVO_ON_R01_20260611_122911,delta-asda-b3-e,1616,VE|SOD|TR,1,0,7448,0,0,0.0,0,0.0,300,47,4270,2391,6000,,0,,,,holding,normal,0,no_load,none,"A1: Servo ON, shaft stationary",servo-app/lab-0.1
1781155775.8438184,23.61718440055847,A1_HOLDING_SERVO_ON,A1_HOLDING_SERVO_ON_R01_20260611_122911,delta-asda-b3-e,1616,VE|SOD|TR,1,0,7452,0,0,0.0,0,0.0,300,47,4270,2391,6000,,0,,,,holding,normal,0,no_load,none,"A1: Servo ON, shaft stationary",servo-app/lab-0.1
1781155775.9440444,23.71741032600403,A1_HOLDING_SERVO_ON,A1_HOLDING_SERVO_ON_R01_20260611_122911,delta-asda-b3-e,1616,VE|SOD|TR,1,0,7452,0,0,0.0,0,0.0,300,47,4270,2391,6000,,0,,,,holding,normal,0,no_load,none,"A1: Servo ON, shaft stationary",servo-app/lab-0.1
1781155776.044086,23.81745195388794,A1_HOLDING_SERVO_ON,A1_HOLDING_SERVO_ON_R01_20260611_122911,delta-asda-b3-e,1616,VE|SOD|TR,1,0,7452,0,0,0.0,0,0.0,300,47,4270,2391,6000,,0,,,,holding,normal,0,no_load,none,"A1: Servo ON, shaft stationary",servo-app/lab-0.1
1781155776.1446216,23.91798758506775,A1_HOLDING_SERVO_ON,A1_HOLDING_SERVO_ON_R01_20260611_122911,delta-asda-b3-e,1616,VE|SOD|TR,1,0,7452,0,0,0.0,0,0.0,300,47,4270,2391,6000,,0,,,,holding,normal,0,no_load,none,"A1: Servo ON, shaft stationary",servo-app/lab-0.1
1781155776.2452319,24.018597841262817,A1_HOLDING_SERVO_ON,A1_HOLDING_SERVO_ON_R01_20260611_122911,delta-asda-b3-e,1616,VE|SOD|TR,1,0,7448,0,0,0.0,0,0.0,300,47,4270,2391,6000,,0,,,,holding,normal,0,no_load,none,"A1: Servo ON, shaft stationary",servo-app/lab-0.1
1781155776.3457005,24.1190664768219,A1_HOLDING_SERVO_ON,A1_HOLDING_SERVO_ON_R01_20260611_122911,delta-asda-b3-e,1616,VE|SOD|TR,1,0,7462,0,0,0.0,0,0.0,300,47,4270,2391,6000,,0,,,,holding,normal,0,no_load,none,"A1: Servo ON, shaft stationary",servo-app/lab-0.1
1781155776.445778,24.219143867492676,A1_HOLDING_SERVO_ON,A1_HOLDING_SERVO_ON_R01_20260611_122911,delta-asda-b3-e,1616,VE|SOD|TR,1,0,7456,0,0,0.0,0,0.0,300,47,4270,2391,6000,,0,,,,holding,normal,0,no_load,none,"A1: Servo ON, shaft stationary",servo-app/lab-0.1
1781155776.5459957,24.319361686706543,A1_HOLDING_SERVO_ON,A1_HOLDING_SERVO_ON_R01_20260611_122911,delta-asda-b3-e,1616,VE|SOD|TR,1,0,7452,0,0,0.0,0,0.0,300,47,4270,2391,6000,,0,,,,holding,normal,0,no_load,none,"A1: Servo ON, shaft stationary",servo-app/lab-0.1
1781155776.646303,24.419668912887573,A1_HOLDING_SERVO_ON,A1_HOLDING_SERVO_ON_R01_20260611_122911,delta-asda-b3-e,1616,VE|SOD|TR,1,0,7448,0,0,0.0,0,0.0,300,47,4270,2391,6000,,0,,,,holding,normal,0,no_load,none,"A1: Servo ON, shaft stationary",servo-app/lab-0.1
1781155776.746771,24.520137071609497,A1_HOLDING_SERVO_ON,A1_HOLDING_SERVO_ON_R01_20260611_122911,delta-asda-b3-e,1616,VE|SOD|TR,1,0,7446,0,0,0.0,0,0.0,300,47,4270,2391,6000,,0,,,,holding,normal,0,no_load,none,"A1: Servo ON, shaft stationary",servo-app/lab-0.1
1781155776.8472722,24.620638132095337,A1_HOLDING_SERVO_ON,A1_HOLDING_SERVO_ON_R01_20260611_122911,delta-asda-b3-e,1616,VE|SOD|TR,1,0,7448,0,0,0.0,0,0.0,300,47,4270,2391,6000,,0,,,,holding,normal,0,no_load,none,"A1: Servo ON, shaft stationary",servo-app/lab-0.1
1781155776.9479208,24.72128677368164,A1_HOLDING_SERVO_ON,A1_HOLDING_SERVO_ON_R01_20260611_122911,delta-asda-b3-e,1616,VE|SOD|TR,1,0,7452,0,0,0.0,0,0.0,300,47,4270,2391,6000,,0,,,,holding,normal,0,no_load,none,"A1: Servo ON, shaft stationary",servo-app/lab-0.1
1781155777.048362,24.821727991104126,A1_HOLDING_SERVO_ON,A1_HOLDING_SERVO_ON_R01_20260611_122911,delta-asda-b3-e,1616,VE|SOD|TR,1,0,7448,0,0,0.0,0,0.0,300,47,4270,2391,6000,,0,,,,holding,normal,0,no_load,none,"A1: Servo ON, shaft stationary",servo-app/lab-0.1
1781155777.1487865,24.922152519226074,A1_HOLDING_SERVO_ON,A1_HOLDING_SERVO_ON_R01_20260611_122911,delta-asda-b3-e,1616,VE|SOD|TR,1,0,7462,0,0,0.0,0,0.0,300,47,4270,2391,6000,,0,,,,holding,normal,0,no_load,none,"A1: Servo ON, shaft stationary",servo-app/lab-0.1
1781155777.2492127,25.022578716278076,A1_HOLDING_SERVO_ON,A1_HOLDING_SERVO_ON_R01_20260611_122911,delta-asda-b3-e,1616,VE|SOD|TR,1,0,7448,0,0,0.0,0,0.0,300,47,4270,2391,6000,,0,,,,holding,normal,0,no_load,none,"A1: Servo ON, shaft stationary",servo-app/lab-0.1
1781155777.3496275,25.12299346923828,A1_HOLDING_SERVO_ON,A1_HOLDING_SERVO_ON_R01_20260611_122911,delta-asda-b3-e,1616,VE|SOD|TR,1,0,7452,0,0,0.0,0,0.0,300,47,4270,2391,6000,,0,,,,holding,normal,0,no_load,none,"A1: Servo ON, shaft stationary",servo-app/lab-0.1
1781155777.4501276,25.223493576049805,A1_HOLDING_SERVO_ON,A1_HOLDING_SERVO_ON_R01_20260611_122911,delta-asda-b3-e,1616,VE|SOD|TR,1,0,7452,0,0,0.0,0,0.0,300,47,4270,2391,6000,,0,,,,holding,normal,0,no_load,none,"A1: Servo ON, shaft stationary",servo-app/lab-0.1
1781155777.5501935,25.323559522628784,A1_HOLDING_SERVO_ON,A1_HOLDING_SERVO_ON_R01_20260611_122911,delta-asda-b3-e,1616,VE|SOD|TR,1,0,7456,0,0,0.0,0,0.0,300,47,4270,2391,6000,,0,,,,holding,normal,0,no_load,none,"A1: Servo ON, shaft stationary",servo-app/lab-0.1
1781155777.6506882,25.42405414581299,A1_HOLDING_SERVO_ON,A1_HOLDING_SERVO_ON_R01_20260611_122911,delta-asda-b3-e,1616,VE|SOD|TR,1,0,7452,0,0,0.0,0,0.0,300,47,4270,2391,6000,,0,,,,holding,normal,0,no_load,none,"A1: Servo ON, shaft stationary",servo-app/lab-0.1
1781155777.7508945,25.52426052093506,A1_HOLDING_SERVO_ON,A1_HOLDING_SERVO_ON_R01_20260611_122911,delta-asda-b3-e,1616,VE|SOD|TR,1,0,7456,0,0,0.0,0,0.0,300,47,4270,2391,6000,,0,,,,holding,normal,0,no_load,none,"A1: Servo ON, shaft stationary",servo-app/lab-0.1
1781155777.851536,25.62490200996399,A1_HOLDING_SERVO_ON,A1_HOLDING_SERVO_ON_R01_20260611_122911,delta-asda-b3-e,1616,VE|SOD|TR,1,0,7452,0,0,0.0,0,0.0,300,47,4270,2391,6000,,0,,,,holding,normal,0,no_load,none,"A1: Servo ON, shaft stationary",servo-app/lab-0.1
1781155777.9521801,25.72554612159729,A1_HOLDING_SERVO_ON,A1_HOLDING_SERVO_ON_R01_20260611_122911,delta-asda-b3-e,1616,VE|SOD|TR,1,0,7452,0,0,0.0,0,0.0,300,47,4270,2391,6000,,0,,,,holding,normal,0,no_load,none,"A1: Servo ON, shaft stationary",servo-app/lab-0.1
1781155778.05295,25.826315879821777,A1_HOLDING_SERVO_ON,A1_HOLDING_SERVO_ON_R01_20260611_122911,delta-asda-b3-e,1616,VE|SOD|TR,1,0,7456,0,0,0.0,0,0.0,300,47,4270,2391,6000,,0,,,,holding,normal,0,no_load,none,"A1: Servo ON, shaft stationary",servo-app/lab-0.1
1781155778.153405,25.92677092552185,A1_HOLDING_SERVO_ON,A1_HOLDING_SERVO_ON_R01_20260611_122911,delta-asda-b3-e,1616,VE|SOD|TR,1,0,7452,0,0,0.0,0,0.0,300,47,4270,2391,6000,,0,,,,holding,normal,0,no_load,none,"A1: Servo ON, shaft stationary",servo-app/lab-0.1
1781155778.2540252,26.02739119529724,A1_HOLDING_SERVO_ON,A1_HOLDING_SERVO_ON_R01_20260611_122911,delta-asda-b3-e,1616,VE|SOD|TR,1,0,7456,0,0,0.0,0,0.0,300,47,4270,2391,6000,,0,,,,holding,normal,0,no_load,none,"A1: Servo ON, shaft stationary",servo-app/lab-0.1
1781155778.3545454,26.12791132926941,A1_HOLDING_SERVO_ON,A1_HOLDING_SERVO_ON_R01_20260611_122911,delta-asda-b3-e,1616,VE|SOD|TR,1,0,7452,0,0,0.0,0,0.0,300,47,4270,2391,6000,,0,,,,holding,normal,0,no_load,none,"A1: Servo ON, shaft stationary",servo-app/lab-0.1
1781155778.454869,26.228235006332397,A1_HOLDING_SERVO_ON,A1_HOLDING_SERVO_ON_R01_20260611_122911,delta-asda-b3-e,1616,VE|SOD|TR,1,0,7446,0,0,0.0,0,0.0,300,47,4270,2391,6000,,0,,,,holding,normal,0,no_load,none,"A1: Servo ON, shaft stationary",servo-app/lab-0.1
1781155778.5551622,26.32852816581726,A1_HOLDING_SERVO_ON,A1_HOLDING_SERVO_ON_R01_20260611_122911,delta-asda-b3-e,1616,VE|SOD|TR,1,0,7452,0,0,0.0,0,0.0,300,47,4270,2391,6000,,0,,,,holding,normal,0,no_load,none,"A1: Servo ON, shaft stationary",servo-app/lab-0.1
1781155778.655213,26.428579092025757,A1_HOLDING_SERVO_ON,A1_HOLDING_SERVO_ON_R01_20260611_122911,delta-asda-b3-e,1616,VE|SOD|TR,1,0,7452,0,0,0.0,0,0.0,300,47,4270,2391,6000,,0,,,,holding,normal,0,no_load,none,"A1: Servo ON, shaft stationary",servo-app/lab-0.1
1781155778.755597,26.528963088989258,A1_HOLDING_SERVO_ON,A1_HOLDING_SERVO_ON_R01_20260611_122911,delta-asda-b3-e,1616,VE|SOD|TR,1,0,7452,0,0,0.0,0,0.0,300,47,4270,2391,6000,,0,,,,holding,normal,0,no_load,none,"A1: Servo ON, shaft stationary",servo-app/lab-0.1
1781155778.855939,26.629304885864258,A1_HOLDING_SERVO_ON,A1_HOLDING_SERVO_ON_R01_20260611_122911,delta-asda-b3-e,1616,VE|SOD|TR,1,0,7448,0,0,0.0,0,0.0,300,47,4270,2391,6000,,0,,,,holding,normal,0,no_load,none,"A1: Servo ON, shaft stationary",servo-app/lab-0.1
1781155778.9562476,26.729613542556763,A1_HOLDING_SERVO_ON,A1_HOLDING_SERVO_ON_R01_20260611_122911,delta-asda-b3-e,1616,VE|SOD|TR,1,0,7456,0,0,0.0,0,0.0,300,47,4270,2391,6000,,0,,,,holding,normal,0,no_load,none,"A1: Servo ON, shaft stationary",servo-app/lab-0.1
1781155779.056892,26.830257892608643,A1_HOLDING_SERVO_ON,A1_HOLDING_SERVO_ON_R01_20260611_122911,delta-asda-b3-e,1616,VE|SOD|TR,1,0,7462,0,0,0.0,0,0.0,300,47,4270,2391,6000,,0,,,,holding,normal,0,no_load,none,"A1: Servo ON, shaft stationary",servo-app/lab-0.1
1781155779.1574237,26.930789709091187,A1_HOLDING_SERVO_ON,A1_HOLDING_SERVO_ON_R01_20260611_122911,delta-asda-b3-e,1616,VE|SOD|TR,1,0,7462,0,0,0.0,0,0.0,300,47,4270,2391,6000,,0,,,,holding,normal,0,no_load,none,"A1: Servo ON, shaft stationary",servo-app/lab-0.1
1781155779.2579522,27.031318187713623,A1_HOLDING_SERVO_ON,A1_HOLDING_SERVO_ON_R01_20260611_122911,delta-asda-b3-e,1616,VE|SOD|TR,1,0,7456,0,0,0.0,0,0.0,300,47,4270,2391,6000,,0,,,,holding,normal,0,no_load,none,"A1: Servo ON, shaft stationary",servo-app/lab-0.1
1781155779.3581831,27.13154911994934,A1_HOLDING_SERVO_ON,A1_HOLDING_SERVO_ON_R01_20260611_122911,delta-asda-b3-e,1616,VE|SOD|TR,1,0,7452,0,0,0.0,0,0.0,301,47,4270,2391,6000,,0,,,,holding,normal,0,no_load,none,"A1: Servo ON, shaft stationary",servo-app/lab-0.1
1781155779.458304,27.231669902801514,A1_HOLDING_SERVO_ON,A1_HOLDING_SERVO_ON_R01_20260611_122911,delta-asda-b3-e,1616,VE|SOD|TR,1,0,7452,0,0,0.0,0,0.0,300,47,4270,2391,6000,,0,,,,holding,normal,0,no_load,none,"A1: Servo ON, shaft stationary",servo-app/lab-0.1
1781155779.558717,27.332082986831665,A1_HOLDING_SERVO_ON,A1_HOLDING_SERVO_ON_R01_20260611_122911,delta-asda-b3-e,1616,VE|SOD|TR,1,0,7458,0,0,0.0,0,0.0,300,47,4270,2391,6000,,0,,,,holding,normal,0,no_load,none,"A1: Servo ON, shaft stationary",servo-app/lab-0.1
1781155779.659107,27.432472944259644,A1_HOLDING_SERVO_ON,A1_HOLDING_SERVO_ON_R01_20260611_122911,delta-asda-b3-e,1616,VE|SOD|TR,1,0,7452,0,0,0.0,0,0.0,300,47,4270,2391,6000,,0,,,,holding,normal,0,no_load,none,"A1: Servo ON, shaft stationary",servo-app/lab-0.1
1781155779.7594717,27.532837629318237,A1_HOLDING_SERVO_ON,A1_HOLDING_SERVO_ON_R01_20260611_122911,delta-asda-b3-e,1616,VE|SOD|TR,1,0,7452,0,0,0.0,0,0.0,300,47,4270,2391,6000,,0,,,,holding,normal,0,no_load,none,"A1: Servo ON, shaft stationary",servo-app/lab-0.1
1781155779.85994,27.63330602645874,A1_HOLDING_SERVO_ON,A1_HOLDING_SERVO_ON_R01_20260611_122911,delta-asda-b3-e,1616,VE|SOD|TR,1,0,7456,0,0,0.0,0,0.0,300,47,4270,2391,6000,,0,,,,holding,normal,0,no_load,none,"A1: Servo ON, shaft stationary",servo-app/lab-0.1
1781155779.960033,27.733398914337158,A1_HOLDING_SERVO_ON,A1_HOLDING_SERVO_ON_R01_20260611_122911,delta-asda-b3-e,1616,VE|SOD|TR,1,0,7448,0,0,0.0,0,0.0,300,47,4270,2391,6000,,0,,,,holding,normal,0,no_load,none,"A1: Servo ON, shaft stationary",servo-app/lab-0.1
1781155780.0605304,27.83389639854431,A1_HOLDING_SERVO_ON,A1_HOLDING_SERVO_ON_R01_20260611_122911,delta-asda-b3-e,1616,VE|SOD|TR,1,0,7456,0,0,0.0,0,0.0,300,47,4270,2391,6000,,0,,,,holding,normal,0,no_load,none,"A1: Servo ON, shaft stationary",servo-app/lab-0.1
1781155780.1607676,27.934133529663086,A1_HOLDING_SERVO_ON,A1_HOLDING_SERVO_ON_R01_20260611_122911,delta-asda-b3-e,1616,VE|SOD|TR,1,0,7452,0,0,0.0,0,0.0,300,47,4270,2391,6000,,0,,,,holding,normal,0,no_load,none,"A1: Servo ON, shaft stationary",servo-app/lab-0.1
1781155780.2610967,28.034462690353394,A1_HOLDING_SERVO_ON,A1_HOLDING_SERVO_ON_R01_20260611_122911,delta-asda-b3-e,1616,VE|SOD|TR,1,0,7452,0,0,0.0,0,0.0,300,47,4270,2391,6000,,0,,,,holding,normal,0,no_load,none,"A1: Servo ON, shaft stationary",servo-app/lab-0.1
1781155780.3616228,28.13498878479004,A1_HOLDING_SERVO_ON,A1_HOLDING_SERVO_ON_R01_20260611_122911,delta-asda-b3-e,1616,VE|SOD|TR,1,0,7452,0,0,0.0,0,0.0,300,47,4270,2391,6000,,0,,,,holding,normal,0,no_load,none,"A1: Servo ON, shaft stationary",servo-app/lab-0.1
1781155780.4620514,28.235417366027832,A1_HOLDING_SERVO_ON,A1_HOLDING_SERVO_ON_R01_20260611_122911,delta-asda-b3-e,1616,VE|SOD|TR,1,0,7452,0,0,0.0,0,0.0,300,47,4270,2391,6000,,0,,,,holding,normal,0,no_load,none,"A1: Servo ON, shaft stationary",servo-app/lab-0.1
1781155780.5622463,28.335612297058105,A1_HOLDING_SERVO_ON,A1_HOLDING_SERVO_ON_R01_20260611_122911,delta-asda-b3-e,1616,VE|SOD|TR,1,0,7452,0,0,0.0,0,0.0,300,47,4270,2391,6000,,0,,,,holding,normal,0,no_load,none,"A1: Servo ON, shaft stationary",servo-app/lab-0.1
1781155780.6624627,28.435828685760498,A1_HOLDING_SERVO_ON,A1_HOLDING_SERVO_ON_R01_20260611_122911,delta-asda-b3-e,1616,VE|SOD|TR,1,0,7446,0,0,0.0,0,0.0,301,47,4270,2391,6000,,0,,,,holding,normal,0,no_load,none,"A1: Servo ON, shaft stationary",servo-app/lab-0.1
1781155780.7625718,28.535937786102295,A1_HOLDING_SERVO_ON,A1_HOLDING_SERVO_ON_R01_20260611_122911,delta-asda-b3-e,1616,VE|SOD|TR,1,0,7452,0,0,0.0,0,0.0,301,47,4270,2391,6000,,0,,,,holding,normal,0,no_load,none,"A1: Servo ON, shaft stationary",servo-app/lab-0.1
1781155780.8631077,28.636473655700684,A1_HOLDING_SERVO_ON,A1_HOLDING_SERVO_ON_R01_20260611_122911,delta-asda-b3-e,1616,VE|SOD|TR,1,0,7456,0,0,0.0,0,0.0,300,47,4270,2391,6000,,0,,,,holding,normal,0,no_load,none,"A1: Servo ON, shaft stationary",servo-app/lab-0.1
1781155780.9633493,28.73671531677246,A1_HOLDING_SERVO_ON,A1_HOLDING_SERVO_ON_R01_20260611_122911,delta-asda-b3-e,1616,VE|SOD|TR,1,0,7458,0,0,0.0,0,0.0,300,47,4270,2391,6000,,0,,,,holding,normal,0,no_load,none,"A1: Servo ON, shaft stationary",servo-app/lab-0.1
1781155781.0636764,28.837042331695557,A1_HOLDING_SERVO_ON,A1_HOLDING_SERVO_ON_R01_20260611_122911,delta-asda-b3-e,1616,VE|SOD|TR,1,0,7452,0,0,0.0,0,0.0,300,47,4270,2391,6000,,0,,,,holding,normal,0,no_load,none,"A1: Servo ON, shaft stationary",servo-app/lab-0.1
1781155781.1642194,28.93758535385132,A1_HOLDING_SERVO_ON,A1_HOLDING_SERVO_ON_R01_20260611_122911,delta-asda-b3-e,1616,VE|SOD|TR,1,0,7452,0,0,0.0,0,0.0,301,47,4270,2391,6000,,0,,,,holding,normal,0,no_load,none,"A1: Servo ON, shaft stationary",servo-app/lab-0.1
1781155781.26463,29.03799605369568,A1_HOLDING_SERVO_ON,A1_HOLDING_SERVO_ON_R01_20260611_122911,delta-asda-b3-e,1616,VE|SOD|TR,1,0,7448,0,0,0.0,0,0.0,300,47,4270,2391,6000,,0,,,,holding,normal,0,no_load,none,"A1: Servo ON, shaft stationary",servo-app/lab-0.1
1781155781.3651676,29.13853359222412,A1_HOLDING_SERVO_ON,A1_HOLDING_SERVO_ON_R01_20260611_122911,delta-asda-b3-e,1616,VE|SOD|TR,1,0,7456,0,0,0.0,0,0.0,300,47,4270,2391,6000,,0,,,,holding,normal,0,no_load,none,"A1: Servo ON, shaft stationary",servo-app/lab-0.1
1781155781.4653604,29.238726377487183,A1_HOLDING_SERVO_ON,A1_HOLDING_SERVO_ON_R01_20260611_122911,delta-asda-b3-e,1616,VE|SOD|TR,1,0,7452,0,0,0.0,0,0.0,300,47,4270,2391,6000,,0,,,,holding,normal,0,no_load,none,"A1: Servo ON, shaft stationary",servo-app/lab-0.1
1781155781.5656414,29.33900737762451,A1_HOLDING_SERVO_ON,A1_HOLDING_SERVO_ON_R01_20260611_122911,delta-asda-b3-e,1616,VE|SOD|TR,1,0,7448,0,0,0.0,0,0.0,300,47,4270,2391,6000,,0,,,,holding,normal,0,no_load,none,"A1: Servo ON, shaft stationary",servo-app/lab-0.1
1781155781.6660845,29.43945050239563,A1_HOLDING_SERVO_ON,A1_HOLDING_SERVO_ON_R01_20260611_122911,delta-asda-b3-e,1616,VE|SOD|TR,1,0,7442,0,0,0.0,0,0.0,300,47,4270,2391,6000,,0,,,,holding,normal,0,no_load,none,"A1: Servo ON, shaft stationary",servo-app/lab-0.1
1781155781.766489,29.539855003356934,A1_HOLDING_SERVO_ON,A1_HOLDING_SERVO_ON_R01_20260611_122911,delta-asda-b3-e,1616,VE|SOD|TR,1,0,7456,0,0,0.0,0,0.0,300,47,4270,2391,6000,,0,,,,holding,normal,0,no_load,none,"A1: Servo ON, shaft stationary",servo-app/lab-0.1
1781155781.8668222,29.640188217163086,A1_HOLDING_SERVO_ON,A1_HOLDING_SERVO_ON_R01_20260611_122911,delta-asda-b3-e,1616,VE|SOD|TR,1,0,7452,0,0,0.0,0,0.0,300,47,4270,2391,6000,,0,,,,holding,normal,0,no_load,none,"A1: Servo ON, shaft stationary",servo-app/lab-0.1
1781155781.9673023,29.740668296813965,A1_HOLDING_SERVO_ON,A1_HOLDING_SERVO_ON_R01_20260611_122911,delta-asda-b3-e,1616,VE|SOD|TR,1,0,7452,0,0,0.0,0,0.0,300,47,4270,2391,6000,,0,,,,holding,normal,0,no_load,none,"A1: Servo ON, shaft stationary",servo-app/lab-0.1
1781155782.0675397,29.84090566635132,A1_HOLDING_SERVO_ON,A1_HOLDING_SERVO_ON_R01_20260611_122911,delta-asda-b3-e,1616,VE|SOD|TR,1,0,7452,0,0,0.0,0,0.0,300,47,4270,2391,6000,,0,,,,holding,normal,0,no_load,none,"A1: Servo ON, shaft stationary",servo-app/lab-0.1
1781155782.167705,29.941071033477783,A1_HOLDING_SERVO_ON,A1_HOLDING_SERVO_ON_R01_20260611_122911,delta-asda-b3-e,1616,VE|SOD|TR,1,0,7456,0,0,0.0,0,0.0,300,47,4270,2391,6000,,0,,,,holding,normal,0,no_load,none,"A1: Servo ON, shaft stationary",servo-app/lab-0.1
1781155782.26787,30.04123592376709,A1_HOLDING_SERVO_ON,A1_HOLDING_SERVO_ON_R01_20260611_122911,delta-asda-b3-e,1616,VE|SOD|TR,1,0,7452,0,0,0.0,0,0.0,300,47,4270,2391,6000,,0,,,,holding,normal,0,no_load,none,"A1: Servo ON, shaft stationary",servo-app/lab-0.1
1781155782.3683383,30.141704320907593,A1_HOLDING_SERVO_ON,A1_HOLDING_SERVO_ON_R01_20260611_122911,delta-asda-b3-e,1616,VE|SOD|TR,1,0,7458,0,0,0.0,0,0.0,300,47,4270,2391,6000,,0,,,,holding,normal,0,no_load,none,"A1: Servo ON, shaft stationary",servo-app/lab-0.1
1781155782.4684741,30.24184012413025,A1_HOLDING_SERVO_ON,A1_HOLDING_SERVO_ON_R01_20260611_122911,delta-asda-b3-e,1616,VE|SOD|TR,1,0,7452,0,0,0.0,0,0.0,300,47,4270,2391,6000,,0,,,,holding,normal,0,no_load,none,"A1: Servo ON, shaft stationary",servo-app/lab-0.1
1781155782.5690067,30.34237265586853,A1_HOLDING_SERVO_ON,A1_HOLDING_SERVO_ON_R01_20260611_122911,delta-asda-b3-e,1616,VE|SOD|TR,1,0,7456,0,0,0.0,0,0.0,300,47,4270,2391,6000,,0,,,,holding,normal,0,no_load,none,"A1: Servo ON, shaft stationary",servo-app/lab-0.1
1781155782.6802142,30.453580141067505,A1_HOLDING_SERVO_ON,A1_HOLDING_SERVO_ON_R01_20260611_122911,delta-asda-b3-e,1616,VE|SOD|TR,1,0,7456,0,0,0.0,0,0.0,300,47,4270,2391,6000,,0,,,,holding,normal,0,no_load,none,"A1: Servo ON, shaft stationary",servo-app/lab-0.1
1781155782.7803266,30.55369257926941,A1_HOLDING_SERVO_ON,A1_HOLDING_SERVO_ON_R01_20260611_122911,delta-asda-b3-e,1616,VE|SOD|TR,1,0,7456,0,0,0.0,0,0.0,300,47,4270,2391,6000,,0,,,,holding,normal,0,no_load,none,"A1: Servo ON, shaft stationary",servo-app/lab-0.1
1781155782.880667,30.654032945632935,A1_HOLDING_SERVO_ON,A1_HOLDING_SERVO_ON_R01_20260611_122911,delta-asda-b3-e,1616,VE|SOD|TR,1,0,7462,0,0,0.0,0,0.0,300,47,4270,2391,6000,,0,,,,holding,normal,0,no_load,none,"A1: Servo ON, shaft stationary",servo-app/lab-0.1
1781155782.980769,30.75413489341736,A1_HOLDING_SERVO_ON,A1_HOLDING_SERVO_ON_R01_20260611_122911,delta-asda-b3-e,1616,VE|SOD|TR,1,0,7452,0,0,0.0,0,0.0,300,47,4270,2391,6000,,0,,,,holding,normal,0,no_load,none,"A1: Servo ON, shaft stationary",servo-app/lab-0.1
1781155783.0812802,30.8546462059021,A1_HOLDING_SERVO_ON,A1_HOLDING_SERVO_ON_R01_20260611_122911,delta-asda-b3-e,1616,VE|SOD|TR,1,0,7456,0,0,0.0,0,0.0,300,47,4270,2391,6000,,0,,,,holding,normal,0,no_load,none,"A1: Servo ON, shaft stationary",servo-app/lab-0.1
1781155783.1815498,30.954915761947632,A1_HOLDING_SERVO_ON,A1_HOLDING_SERVO_ON_R01_20260611_122911,delta-asda-b3-e,1616,VE|SOD|TR,1,0,7456,0,0,0.0,0,0.0,300,47,4270,2391,6000,,0,,,,holding,normal,0,no_load,none,"A1: Servo ON, shaft stationary",servo-app/lab-0.1
1781155783.281949,31.055315017700195,A1_HOLDING_SERVO_ON,A1_HOLDING_SERVO_ON_R01_20260611_122911,delta-asda-b3-e,1616,VE|SOD|TR,1,0,7452,0,0,0.0,0,0.0,300,47,4270,2391,6000,,0,,,,holding,normal,0,no_load,none,"A1: Servo ON, shaft stationary",servo-app/lab-0.1
1781155783.3820713,31.155437231063843,A1_HOLDING_SERVO_ON,A1_HOLDING_SERVO_ON_R01_20260611_122911,delta-asda-b3-e,1616,VE|SOD|TR,1,0,7448,0,0,0.0,0,0.0,300,47,4270,2391,6000,,0,,,,holding,normal,0,no_load,none,"A1: Servo ON, shaft stationary",servo-app/lab-0.1
1781155783.4825504,31.255916357040405,A1_HOLDING_SERVO_ON,A1_HOLDING_SERVO_ON_R01_20260611_122911,delta-asda-b3-e,1616,VE|SOD|TR,1,0,7456,0,0,0.0,0,0.0,300,47,4270,2391,6000,,0,,,,holding,normal,0,no_load,none,"A1: Servo ON, shaft stationary",servo-app/lab-0.1
1781155783.582935,31.356301069259644,A1_HOLDING_SERVO_ON,A1_HOLDING_SERVO_ON_R01_20260611_122911,delta-asda-b3-e,1616,VE|SOD|TR,1,0,7452,0,0,0.0,0,0.0,300,47,4270,2391,6000,,0,,,,holding,normal,0,no_load,none,"A1: Servo ON, shaft stationary",servo-app/lab-0.1
1781155783.6832762,31.456642150878906,A1_HOLDING_SERVO_ON,A1_HOLDING_SERVO_ON_R01_20260611_122911,delta-asda-b3-e,1616,VE|SOD|TR,1,0,7452,0,0,0.0,0,0.0,300,47,4270,2391,6000,,0,,,,holding,normal,0,no_load,none,"A1: Servo ON, shaft stationary",servo-app/lab-0.1
1781155783.7834837,31.556849718093872,A1_HOLDING_SERVO_ON,A1_HOLDING_SERVO_ON_R01_20260611_122911,delta-asda-b3-e,1616,VE|SOD|TR,1,0,7452,0,0,0.0,0,0.0,300,47,4270,2391,6000,,0,,,,holding,normal,0,no_load,none,"A1: Servo ON, shaft stationary",servo-app/lab-0.1
1781155783.8835282,31.656894207000732,A1_HOLDING_SERVO_ON,A1_HOLDING_SERVO_ON_R01_20260611_122911,delta-asda-b3-e,1616,VE|SOD|TR,1,0,7448,0,0,0.0,0,0.0,300,47,4270,2391,6000,,0,,,,holding,normal,0,no_load,none,"A1: Servo ON, shaft stationary",servo-app/lab-0.1
1781155783.9837625,31.757128477096558,A1_HOLDING_SERVO_ON,A1_HOLDING_SERVO_ON_R01_20260611_122911,delta-asda-b3-e,1616,VE|SOD|TR,1,0,7452,0,0,0.0,0,0.0,301,47,4270,2391,6000,,0,,,,holding,normal,0,no_load,none,"A1: Servo ON, shaft stationary",servo-app/lab-0.1
1781155784.0841265,31.857492446899414,A1_HOLDING_SERVO_ON,A1_HOLDING_SERVO_ON_R01_20260611_122911,delta-asda-b3-e,1616,VE|SOD|TR,1,0,7456,0,0,0.0,0,0.0,300,47,4270,2391,6000,,0,,,,holding,normal,0,no_load,none,"A1: Servo ON, shaft stationary",servo-app/lab-0.1
1781155784.18429,31.957655906677246,A1_HOLDING_SERVO_ON,A1_HOLDING_SERVO_ON_R01_20260611_122911,delta-asda-b3-e,1616,VE|SOD|TR,1,0,7452,0,0,0.0,0,0.0,300,47,4270,2391,6000,,0,,,,holding,normal,0,no_load,none,"A1: Servo ON, shaft stationary",servo-app/lab-0.1
1781155784.2843904,32.057756423950195,A1_HOLDING_SERVO_ON,A1_HOLDING_SERVO_ON_R01_20260611_122911,delta-asda-b3-e,1616,VE|SOD|TR,1,0,7452,0,0,0.0,0,0.0,300,47,4270,2391,6000,,0,,,,holding,normal,0,no_load,none,"A1: Servo ON, shaft stationary",servo-app/lab-0.1
1781155784.3849194,32.15828537940979,A1_HOLDING_SERVO_ON,A1_HOLDING_SERVO_ON_R01_20260611_122911,delta-asda-b3-e,1616,VE|SOD|TR,1,0,7446,0,0,0.0,0,0.0,300,47,4270,2391,6000,,0,,,,holding,normal,0,no_load,none,"A1: Servo ON, shaft stationary",servo-app/lab-0.1
1781155784.4853575,32.25872349739075,A1_HOLDING_SERVO_ON,A1_HOLDING_SERVO_ON_R01_20260611_122911,delta-asda-b3-e,1616,VE|SOD|TR,1,0,7448,0,0,0.0,0,0.0,301,47,4270,2391,6000,,0,,,,holding,normal,0,no_load,none,"A1: Servo ON, shaft stationary",servo-app/lab-0.1
1781155784.5854588,32.358824729919434,A1_HOLDING_SERVO_ON,A1_HOLDING_SERVO_ON_R01_20260611_122911,delta-asda-b3-e,1616,VE|SOD|TR,1,0,7456,0,0,0.0,0,0.0,300,47,4270,2391,6000,,0,,,,holding,normal,0,no_load,none,"A1: Servo ON, shaft stationary",servo-app/lab-0.1
1781155784.6858711,32.45923709869385,A1_HOLDING_SERVO_ON,A1_HOLDING_SERVO_ON_R01_20260611_122911,delta-asda-b3-e,1616,VE|SOD|TR,1,0,7462,0,0,0.0,0,0.0,300,47,4270,2391,6000,,0,,,,holding,normal,0,no_load,none,"A1: Servo ON, shaft stationary",servo-app/lab-0.1
1781155784.786163,32.559529066085815,A1_HOLDING_SERVO_ON,A1_HOLDING_SERVO_ON_R01_20260611_122911,delta-asda-b3-e,1616,VE|SOD|TR,1,0,7458,0,0,0.0,0,0.0,300,47,4270,2391,6000,,0,,,,holding,normal,0,no_load,none,"A1: Servo ON, shaft stationary",servo-app/lab-0.1
1781155784.886697,32.66006302833557,A1_HOLDING_SERVO_ON,A1_HOLDING_SERVO_ON_R01_20260611_122911,delta-asda-b3-e,1616,VE|SOD|TR,1,0,7452,0,0,0.0,0,0.0,301,47,4270,2391,6000,,0,,,,holding,normal,0,no_load,none,"A1: Servo ON, shaft stationary",servo-app/lab-0.1
1781155784.9867697,32.760135650634766,A1_HOLDING_SERVO_ON,A1_HOLDING_SERVO_ON_R01_20260611_122911,delta-asda-b3-e,1616,VE|SOD|TR,1,0,7456,0,0,0.0,0,0.0,300,47,4270,2391,6000,,0,,,,holding,normal,0,no_load,none,"A1: Servo ON, shaft stationary",servo-app/lab-0.1
1781155785.0873215,32.860687494277954,A1_HOLDING_SERVO_ON,A1_HOLDING_SERVO_ON_R01_20260611_122911,delta-asda-b3-e,1616,VE|SOD|TR,1,0,7456,0,0,0.0,0,0.0,301,47,4270,2391,6000,,0,,,,holding,normal,0,no_load,none,"A1: Servo ON, shaft stationary",servo-app/lab-0.1
1781155785.187718,32.96108388900757,A1_HOLDING_SERVO_ON,A1_HOLDING_SERVO_ON_R01_20260611_122911,delta-asda-b3-e,1616,VE|SOD|TR,1,0,7452,0,0,0.0,0,0.0,300,47,4270,2391,6000,,0,,,,holding,normal,0,no_load,none,"A1: Servo ON, shaft stationary",servo-app/lab-0.1
1781155785.2881534,33.061519384384155,A1_HOLDING_SERVO_ON,A1_HOLDING_SERVO_ON_R01_20260611_122911,delta-asda-b3-e,1616,VE|SOD|TR,1,0,7448,0,0,0.0,0,0.0,300,47,4270,2391,6000,,0,,,,holding,normal,0,no_load,none,"A1: Servo ON, shaft stationary",servo-app/lab-0.1
1781155785.3886871,33.16205310821533,A1_HOLDING_SERVO_ON,A1_HOLDING_SERVO_ON_R01_20260611_122911,delta-asda-b3-e,1616,VE|SOD|TR,1,0,7458,0,0,0.0,0,0.0,300,47,4270,2391,6000,,0,,,,holding,normal,0,no_load,none,"A1: Servo ON, shaft stationary",servo-app/lab-0.1
1781155785.4893973,33.262763261795044,A1_HOLDING_SERVO_ON,A1_HOLDING_SERVO_ON_R01_20260611_122911,delta-asda-b3-e,1616,VE|SOD|TR,1,0,7456,0,0,0.0,0,0.0,301,47,4270,2391,6000,,0,,,,holding,normal,0,no_load,none,"A1: Servo ON, shaft stationary",servo-app/lab-0.1
1781155785.5899296,33.363295555114746,A1_HOLDING_SERVO_ON,A1_HOLDING_SERVO_ON_R01_20260611_122911,delta-asda-b3-e,1616,VE|SOD|TR,1,0,7458,0,0,0.0,0,0.0,300,47,4270,2391,6000,,0,,,,holding,normal,0,no_load,none,"A1: Servo ON, shaft stationary",servo-app/lab-0.1
1781155785.6905184,33.463884353637695,A1_HOLDING_SERVO_ON,A1_HOLDING_SERVO_ON_R01_20260611_122911,delta-asda-b3-e,1616,VE|SOD|TR,1,0,7456,0,0,0.0,0,0.0,300,47,4270,2391,6000,,0,,,,holding,normal,0,no_load,none,"A1: Servo ON, shaft stationary",servo-app/lab-0.1
1781155785.7910306,33.56439661979675,A1_HOLDING_SERVO_ON,A1_HOLDING_SERVO_ON_R01_20260611_122911,delta-asda-b3-e,1616,VE|SOD|TR,1,0,7452,0,0,0.0,0,0.0,300,47,4270,2391,6000,,0,,,,holding,normal,0,no_load,none,"A1: Servo ON, shaft stationary",servo-app/lab-0.1
1781155785.8912535,33.66461944580078,A1_HOLDING_SERVO_ON,A1_HOLDING_SERVO_ON_R01_20260611_122911,delta-asda-b3-e,1616,VE|SOD|TR,1,0,7456,0,0,0.0,0,0.0,301,47,4270,2391,6000,,0,,,,holding,normal,0,no_load,none,"A1: Servo ON, shaft stationary",servo-app/lab-0.1
1781155785.9915211,33.76488709449768,A1_HOLDING_SERVO_ON,A1_HOLDING_SERVO_ON_R01_20260611_122911,delta-asda-b3-e,1616,VE|SOD|TR,1,0,7452,0,0,0.0,0,0.0,300,47,4270,2391,6000,,0,,,,holding,normal,0,no_load,none,"A1: Servo ON, shaft stationary",servo-app/lab-0.1
1781155786.0918715,33.86523747444153,A1_HOLDING_SERVO_ON,A1_HOLDING_SERVO_ON_R01_20260611_122911,delta-asda-b3-e,1616,VE|SOD|TR,1,0,7458,0,0,0.0,0,0.0,300,47,4270,2391,6000,,0,,,,holding,normal,0,no_load,none,"A1: Servo ON, shaft stationary",servo-app/lab-0.1
1781155786.1920354,33.96540141105652,A1_HOLDING_SERVO_ON,A1_HOLDING_SERVO_ON_R01_20260611_122911,delta-asda-b3-e,1616,VE|SOD|TR,1,0,7456,0,0,0.0,0,0.0,300,47,4270,2391,6000,,0,,,,holding,normal,0,no_load,none,"A1: Servo ON, shaft stationary",servo-app/lab-0.1
1781155786.2922142,34.06558012962341,A1_HOLDING_SERVO_ON,A1_HOLDING_SERVO_ON_R01_20260611_122911,delta-asda-b3-e,1616,VE|SOD|TR,1,0,7452,0,0,0.0,0,0.0,300,47,4270,2391,6000,,0,,,,holding,normal,0,no_load,none,"A1: Servo ON, shaft stationary",servo-app/lab-0.1
1781155786.3924315,34.16579747200012,A1_HOLDING_SERVO_ON,A1_HOLDING_SERVO_ON_R01_20260611_122911,delta-asda-b3-e,1616,VE|SOD|TR,1,0,7462,0,0,0.0,0,0.0,301,47,4270,2391,6000,,0,,,,holding,normal,0,no_load,none,"A1: Servo ON, shaft stationary",servo-app/lab-0.1
1781155786.4928074,34.266173362731934,A1_HOLDING_SERVO_ON,A1_HOLDING_SERVO_ON_R01_20260611_122911,delta-asda-b3-e,1616,VE|SOD|TR,1,0,7462,0,0,0.0,0,0.0,300,47,4270,2391,6000,,0,,,,holding,normal,0,no_load,none,"A1: Servo ON, shaft stationary",servo-app/lab-0.1
1781155786.5932975,34.366663455963135,A1_HOLDING_SERVO_ON,A1_HOLDING_SERVO_ON_R01_20260611_122911,delta-asda-b3-e,1616,VE|SOD|TR,1,0,7456,0,0,0.0,0,0.0,300,47,4270,2391,6000,,0,,,,holding,normal,0,no_load,none,"A1: Servo ON, shaft stationary",servo-app/lab-0.1
1781155786.6935177,34.46688365936279,A1_HOLDING_SERVO_ON,A1_HOLDING_SERVO_ON_R01_20260611_122911,delta-asda-b3-e,1616,VE|SOD|TR,1,0,7456,0,0,0.0,0,0.0,301,47,4270,2391,6000,,0,,,,holding,normal,0,no_load,none,"A1: Servo ON, shaft stationary",servo-app/lab-0.1
1781155786.79359,34.56695604324341,A1_HOLDING_SERVO_ON,A1_HOLDING_SERVO_ON_R01_20260611_122911,delta-asda-b3-e,1616,VE|SOD|TR,1,0,7458,0,0,0.0,0,0.0,300,47,4270,2391,6000,,0,,,,holding,normal,0,no_load,none,"A1: Servo ON, shaft stationary",servo-app/lab-0.1
1781155786.894106,34.66747188568115,A1_HOLDING_SERVO_ON,A1_HOLDING_SERVO_ON_R01_20260611_122911,delta-asda-b3-e,1616,VE|SOD|TR,1,0,7456,0,0,0.0,0,0.0,300,47,4270,2391,6000,,0,,,,holding,normal,0,no_load,none,"A1: Servo ON, shaft stationary",servo-app/lab-0.1
1781155786.9945142,34.76788020133972,A1_HOLDING_SERVO_ON,A1_HOLDING_SERVO_ON_R01_20260611_122911,delta-asda-b3-e,1616,VE|SOD|TR,1,0,7456,0,0,0.0,0,0.0,300,47,4270,2391,6000,,0,,,,holding,normal,0,no_load,none,"A1: Servo ON, shaft stationary",servo-app/lab-0.1
1781155787.0949924,34.86835837364197,A1_HOLDING_SERVO_ON,A1_HOLDING_SERVO_ON_R01_20260611_122911,delta-asda-b3-e,1616,VE|SOD|TR,1,0,7458,0,0,0.0,0,0.0,300,47,4270,2391,6000,,0,,,,holding,normal,0,no_load,none,"A1: Servo ON, shaft stationary",servo-app/lab-0.1
1781155787.1953685,34.96873450279236,A1_HOLDING_SERVO_ON,A1_HOLDING_SERVO_ON_R01_20260611_122911,delta-asda-b3-e,1616,VE|SOD|TR,1,0,7456,0,0,0.0,0,0.0,300,47,4270,2391,6000,,0,,,,holding,normal,0,no_load,none,"A1: Servo ON, shaft stationary",servo-app/lab-0.1
1781155787.2957425,35.06910848617554,A1_HOLDING_SERVO_ON,A1_HOLDING_SERVO_ON_R01_20260611_122911,delta-asda-b3-e,1616,VE|SOD|TR,1,0,7452,0,0,0.0,0,0.0,300,47,4270,2391,6000,,0,,,,holding,normal,0,no_load,none,"A1: Servo ON, shaft stationary",servo-app/lab-0.1
1781155787.3962283,35.169594287872314,A1_HOLDING_SERVO_ON,A1_HOLDING_SERVO_ON_R01_20260611_122911,delta-asda-b3-e,1616,VE|SOD|TR,1,0,7452,0,0,0.0,0,0.0,300,47,4270,2391,6000,,0,,,,holding,normal,0,no_load,none,"A1: Servo ON, shaft stationary",servo-app/lab-0.1
1781155787.4966514,35.27001738548279,A1_HOLDING_SERVO_ON,A1_HOLDING_SERVO_ON_R01_20260611_122911,delta-asda-b3-e,1616,VE|SOD|TR,1,0,7458,0,0,0.0,0,0.0,300,47,4270,2391,6000,,0,,,,holding,normal,0,no_load,none,"A1: Servo ON, shaft stationary",servo-app/lab-0.1
1781155787.5973845,35.370750427246094,A1_HOLDING_SERVO_ON,A1_HOLDING_SERVO_ON_R01_20260611_122911,delta-asda-b3-e,1616,VE|SOD|TR,1,0,7456,0,0,0.0,0,0.0,300,47,4270,2391,6000,,0,,,,holding,normal,0,no_load,none,"A1: Servo ON, shaft stationary",servo-app/lab-0.1
1781155787.6983054,35.47167134284973,A1_HOLDING_SERVO_ON,A1_HOLDING_SERVO_ON_R01_20260611_122911,delta-asda-b3-e,1616,VE|SOD|TR,1,0,7462,0,0,0.0,0,0.0,300,47,4270,2391,6000,,0,,,,holding,normal,0,no_load,none,"A1: Servo ON, shaft stationary",servo-app/lab-0.1
1781155787.7985644,35.57193040847778,A1_HOLDING_SERVO_ON,A1_HOLDING_SERVO_ON_R01_20260611_122911,delta-asda-b3-e,1616,VE|SOD|TR,1,0,7452,0,0,0.0,0,0.0,300,47,4270,2391,6000,,0,,,,holding,normal,0,no_load,none,"A1: Servo ON, shaft stationary",servo-app/lab-0.1
1781155787.8988485,35.67221450805664,A1_HOLDING_SERVO_ON,A1_HOLDING_SERVO_ON_R01_20260611_122911,delta-asda-b3-e,1616,VE|SOD|TR,1,0,7446,0,0,0.0,0,0.0,300,47,4270,2391,6000,,0,,,,holding,normal,0,no_load,none,"A1: Servo ON, shaft stationary",servo-app/lab-0.1
1781155787.9993267,35.77269268035889,A1_HOLDING_SERVO_ON,A1_HOLDING_SERVO_ON_R01_20260611_122911,delta-asda-b3-e,1616,VE|SOD|TR,1,0,7456,0,0,0.0,0,0.0,300,47,4270,2391,6000,,0,,,,holding,normal,0,no_load,none,"A1: Servo ON, shaft stationary",servo-app/lab-0.1
1781155788.0995166,35.872882604599,A1_HOLDING_SERVO_ON,A1_HOLDING_SERVO_ON_R01_20260611_122911,delta-asda-b3-e,1616,VE|SOD|TR,1,0,7452,0,0,0.0,0,0.0,300,47,4270,2391,6000,,0,,,,holding,normal,0,no_load,none,"A1: Servo ON, shaft stationary",servo-app/lab-0.1
1781155788.1996956,35.97306156158447,A1_HOLDING_SERVO_ON,A1_HOLDING_SERVO_ON_R01_20260611_122911,delta-asda-b3-e,1616,VE|SOD|TR,1,0,7458,0,0,0.0,0,0.0,300,47,4270,2391,6000,,0,,,,holding,normal,0,no_load,none,"A1: Servo ON, shaft stationary",servo-app/lab-0.1
1781155788.2999268,36.07329273223877,A1_HOLDING_SERVO_ON,A1_HOLDING_SERVO_ON_R01_20260611_122911,delta-asda-b3-e,1616,VE|SOD|TR,1,0,7442,0,0,0.0,0,0.0,300,47,4270,2391,6000,,0,,,,holding,normal,0,no_load,none,"A1: Servo ON, shaft stationary",servo-app/lab-0.1
1781155788.400709,36.17407488822937,A1_HOLDING_SERVO_ON,A1_HOLDING_SERVO_ON_R01_20260611_122911,delta-asda-b3-e,1616,VE|SOD|TR,1,0,7456,0,0,0.0,0,0.0,300,47,4270,2391,6000,,0,,,,holding,normal,0,no_load,none,"A1: Servo ON, shaft stationary",servo-app/lab-0.1
1781155788.500767,36.27413296699524,A1_HOLDING_SERVO_ON,A1_HOLDING_SERVO_ON_R01_20260611_122911,delta-asda-b3-e,1616,VE|SOD|TR,1,0,7448,0,0,0.0,0,0.0,300,47,4270,2391,6000,,0,,,,holding,normal,0,no_load,none,"A1: Servo ON, shaft stationary",servo-app/lab-0.1
1781155788.6013346,36.37470054626465,A1_HOLDING_SERVO_ON,A1_HOLDING_SERVO_ON_R01_20260611_122911,delta-asda-b3-e,1616,VE|SOD|TR,1,0,7458,0,0,0.0,0,0.0,300,47,4270,2391,6000,,0,,,,holding,normal,0,no_load,none,"A1: Servo ON, shaft stationary",servo-app/lab-0.1
1781155788.701879,36.475244998931885,A1_HOLDING_SERVO_ON,A1_HOLDING_SERVO_ON_R01_20260611_122911,delta-asda-b3-e,1616,VE|SOD|TR,1,0,7452,0,0,0.0,0,0.0,301,47,4270,2391,6000,,0,,,,holding,normal,0,no_load,none,"A1: Servo ON, shaft stationary",servo-app/lab-0.1
1781155788.8030107,36.57637667655945,A1_HOLDING_SERVO_ON,A1_HOLDING_SERVO_ON_R01_20260611_122911,delta-asda-b3-e,1616,VE|SOD|TR,1,0,7446,0,0,0.0,0,0.0,300,47,4270,2391,6000,,0,,,,holding,normal,0,no_load,none,"A1: Servo ON, shaft stationary",servo-app/lab-0.1
1781155788.9036312,36.67699718475342,A1_HOLDING_SERVO_ON,A1_HOLDING_SERVO_ON_R01_20260611_122911,delta-asda-b3-e,1616,VE|SOD|TR,1,0,7452,0,0,0.0,0,0.0,300,47,4270,2391,6000,,0,,,,holding,normal,0,no_load,none,"A1: Servo ON, shaft stationary",servo-app/lab-0.1
1781155789.0044167,36.777782678604126,A1_HOLDING_SERVO_ON,A1_HOLDING_SERVO_ON_R01_20260611_122911,delta-asda-b3-e,1616,VE|SOD|TR,1,0,7452,0,0,0.0,0,0.0,300,47,4270,2391,6000,,0,,,,holding,normal,0,no_load,none,"A1: Servo ON, shaft stationary",servo-app/lab-0.1
1781155789.104499,36.87786507606506,A1_HOLDING_SERVO_ON,A1_HOLDING_SERVO_ON_R01_20260611_122911,delta-asda-b3-e,1616,VE|SOD|TR,1,0,7452,0,0,0.0,0,0.0,300,47,4270,2391,6000,,0,,,,holding,normal,0,no_load,none,"A1: Servo ON, shaft stationary",servo-app/lab-0.1
1781155789.2046466,36.978012561798096,A1_HOLDING_SERVO_ON,A1_HOLDING_SERVO_ON_R01_20260611_122911,delta-asda-b3-e,1616,VE|SOD|TR,1,0,7456,0,0,0.0,0,0.0,300,47,4270,2391,6000,,0,,,,holding,normal,0,no_load,none,"A1: Servo ON, shaft stationary",servo-app/lab-0.1
1781155789.3047693,37.0781352519989,A1_HOLDING_SERVO_ON,A1_HOLDING_SERVO_ON_R01_20260611_122911,delta-asda-b3-e,1616,VE|SOD|TR,1,0,7452,0,0,0.0,0,0.0,300,47,4270,2391,6000,,0,,,,holding,normal,0,no_load,none,"A1: Servo ON, shaft stationary",servo-app/lab-0.1
1781155789.4052083,37.178574323654175,A1_HOLDING_SERVO_ON,A1_HOLDING_SERVO_ON_R01_20260611_122911,delta-asda-b3-e,1616,VE|SOD|TR,1,0,7452,0,0,0.0,0,0.0,300,47,4270,2391,6000,,0,,,,holding,normal,0,no_load,none,"A1: Servo ON, shaft stationary",servo-app/lab-0.1
1781155789.5057256,37.279091596603394,A1_HOLDING_SERVO_ON,A1_HOLDING_SERVO_ON_R01_20260611_122911,delta-asda-b3-e,1616,VE|SOD|TR,1,0,7456,0,0,0.0,0,0.0,300,47,4270,2391,6000,,0,,,,holding,normal,0,no_load,none,"A1: Servo ON, shaft stationary",servo-app/lab-0.1
1781155789.6059804,37.37934637069702,A1_HOLDING_SERVO_ON,A1_HOLDING_SERVO_ON_R01_20260611_122911,delta-asda-b3-e,1616,VE|SOD|TR,1,0,7458,0,0,0.0,0,0.0,300,47,4270,2391,6000,,0,,,,holding,normal,0,no_load,none,"A1: Servo ON, shaft stationary",servo-app/lab-0.1
1781155789.7064157,37.47978162765503,A1_HOLDING_SERVO_ON,A1_HOLDING_SERVO_ON_R01_20260611_122911,delta-asda-b3-e,1616,VE|SOD|TR,1,0,7448,0,0,0.0,0,0.0,300,47,4270,2391,6000,,0,,,,holding,normal,0,no_load,none,"A1: Servo ON, shaft stationary",servo-app/lab-0.1
1781155789.8067536,37.580119609832764,A1_HOLDING_SERVO_ON,A1_HOLDING_SERVO_ON_R01_20260611_122911,delta-asda-b3-e,1616,VE|SOD|TR,1,0,7452,0,0,0.0,0,0.0,301,47,4270,2391,6000,,0,,,,holding,normal,0,no_load,none,"A1: Servo ON, shaft stationary",servo-app/lab-0.1
1781155789.9071517,37.68051767349243,A1_HOLDING_SERVO_ON,A1_HOLDING_SERVO_ON_R01_20260611_122911,delta-asda-b3-e,1616,VE|SOD|TR,1,0,7452,0,0,0.0,0,0.0,300,47,4270,2391,6000,,0,,,,holding,normal,0,no_load,none,"A1: Servo ON, shaft stationary",servo-app/lab-0.1
1781155790.0076408,37.781006813049316,A1_HOLDING_SERVO_ON,A1_HOLDING_SERVO_ON_R01_20260611_122911,delta-asda-b3-e,1616,VE|SOD|TR,1,0,7448,0,0,0.0,0,0.0,300,47,4270,2391,6000,,0,,,,holding,normal,0,no_load,none,"A1: Servo ON, shaft stationary",servo-app/lab-0.1
1781155790.108382,37.88174796104431,A1_HOLDING_SERVO_ON,A1_HOLDING_SERVO_ON_R01_20260611_122911,delta-asda-b3-e,1616,VE|SOD|TR,1,0,7452,0,0,0.0,0,0.0,300,47,4270,2391,6000,,0,,,,holding,normal,0,no_load,none,"A1: Servo ON, shaft stationary",servo-app/lab-0.1
1781155790.2089396,37.9823055267334,A1_HOLDING_SERVO_ON,A1_HOLDING_SERVO_ON_R01_20260611_122911,delta-asda-b3-e,1616,VE|SOD|TR,1,0,7448,0,0,0.0,0,0.0,300,47,4270,2391,6000,,0,,,,holding,normal,0,no_load,none,"A1: Servo ON, shaft stationary",servo-app/lab-0.1
1781155790.309606,38.082972049713135,A1_HOLDING_SERVO_ON,A1_HOLDING_SERVO_ON_R01_20260611_122911,delta-asda-b3-e,1616,VE|SOD|TR,1,0,7446,0,0,0.0,0,0.0,301,47,4270,2391,6000,,0,,,,holding,normal,0,no_load,none,"A1: Servo ON, shaft stationary",servo-app/lab-0.1
1781155790.4100757,38.18344163894653,A1_HOLDING_SERVO_ON,A1_HOLDING_SERVO_ON_R01_20260611_122911,delta-asda-b3-e,1616,VE|SOD|TR,1,0,7458,0,0,0.0,0,0.0,300,47,4270,2391,6000,,0,,,,holding,normal,0,no_load,none,"A1: Servo ON, shaft stationary",servo-app/lab-0.1
1781155790.510214,38.28358006477356,A1_HOLDING_SERVO_ON,A1_HOLDING_SERVO_ON_R01_20260611_122911,delta-asda-b3-e,1616,VE|SOD|TR,1,0,7452,0,0,0.0,0,0.0,300,47,4270,2391,6000,,0,,,,holding,normal,0,no_load,none,"A1: Servo ON, shaft stationary",servo-app/lab-0.1
1781155790.610678,38.38404393196106,A1_HOLDING_SERVO_ON,A1_HOLDING_SERVO_ON_R01_20260611_122911,delta-asda-b3-e,1616,VE|SOD|TR,1,0,7458,0,0,0.0,0,0.0,301,47,4270,2391,6000,,0,,,,holding,normal,0,no_load,none,"A1: Servo ON, shaft stationary",servo-app/lab-0.1
1781155790.7112465,38.484612464904785,A1_HOLDING_SERVO_ON,A1_HOLDING_SERVO_ON_R01_20260611_122911,delta-asda-b3-e,1616,VE|SOD|TR,1,0,7464,0,0,0.0,0,0.0,300,47,4270,2391,6000,,0,,,,holding,normal,0,no_load,none,"A1: Servo ON, shaft stationary",servo-app/lab-0.1
1781155790.8113732,38.584739208221436,A1_HOLDING_SERVO_ON,A1_HOLDING_SERVO_ON_R01_20260611_122911,delta-asda-b3-e,1616,VE|SOD|TR,1,0,7452,0,0,0.0,0,0.0,300,47,4270,2391,6000,,0,,,,holding,normal,0,no_load,none,"A1: Servo ON, shaft stationary",servo-app/lab-0.1
1781155790.9114964,38.6848623752594,A1_HOLDING_SERVO_ON,A1_HOLDING_SERVO_ON_R01_20260611_122911,delta-asda-b3-e,1616,VE|SOD|TR,1,0,7462,0,0,0.0,0,0.0,301,47,4270,2391,6000,,0,,,,holding,normal,0,no_load,none,"A1: Servo ON, shaft stationary",servo-app/lab-0.1
1781155791.0117571,38.785123109817505,A1_HOLDING_SERVO_ON,A1_HOLDING_SERVO_ON_R01_20260611_122911,delta-asda-b3-e,1616,VE|SOD|TR,1,0,7448,0,0,0.0,0,0.0,300,47,4270,2391,6000,,0,,,,holding,normal,0,no_load,none,"A1: Servo ON, shaft stationary",servo-app/lab-0.1
1781155791.1124606,38.885826587677,A1_HOLDING_SERVO_ON,A1_HOLDING_SERVO_ON_R01_20260611_122911,delta-asda-b3-e,1616,VE|SOD|TR,1,0,7452,0,0,0.0,0,0.0,300,47,4270,2391,6000,,0,,,,holding,normal,0,no_load,none,"A1: Servo ON, shaft stationary",servo-app/lab-0.1
1781155791.2134469,38.98681282997131,A1_HOLDING_SERVO_ON,A1_HOLDING_SERVO_ON_R01_20260611_122911,delta-asda-b3-e,1616,VE|SOD|TR,1,0,7458,0,0,0.0,0,0.0,300,47,4270,2391,6000,,0,,,,holding,normal,0,no_load,none,"A1: Servo ON, shaft stationary",servo-app/lab-0.1
1781155791.313713,39.08707904815674,A1_HOLDING_SERVO_ON,A1_HOLDING_SERVO_ON_R01_20260611_122911,delta-asda-b3-e,1616,VE|SOD|TR,1,0,7456,0,0,0.0,0,0.0,300,47,4270,2391,6000,,0,,,,holding,normal,0,no_load,none,"A1: Servo ON, shaft stationary",servo-app/lab-0.1
1781155791.4142692,39.18763518333435,A1_HOLDING_SERVO_ON,A1_HOLDING_SERVO_ON_R01_20260611_122911,delta-asda-b3-e,1616,VE|SOD|TR,1,0,7462,0,0,0.0,0,0.0,300,47,4270,2391,6000,,0,,,,holding,normal,0,no_load,none,"A1: Servo ON, shaft stationary",servo-app/lab-0.1
1781155791.5151384,39.28850436210632,A1_HOLDING_SERVO_ON,A1_HOLDING_SERVO_ON_R01_20260611_122911,delta-asda-b3-e,1616,VE|SOD|TR,1,0,7462,0,0,0.0,0,0.0,300,47,4270,2391,6000,,0,,,,holding,normal,0,no_load,none,"A1: Servo ON, shaft stationary",servo-app/lab-0.1
1781155791.615701,39.38906693458557,A1_HOLDING_SERVO_ON,A1_HOLDING_SERVO_ON_R01_20260611_122911,delta-asda-b3-e,1616,VE|SOD|TR,1,0,7452,0,0,0.0,0,0.0,300,47,4270,2391,6000,,0,,,,holding,normal,0,no_load,none,"A1: Servo ON, shaft stationary",servo-app/lab-0.1
1781155791.7162228,39.48958873748779,A1_HOLDING_SERVO_ON,A1_HOLDING_SERVO_ON_R01_20260611_122911,delta-asda-b3-e,1616,VE|SOD|TR,1,0,7462,0,0,0.0,0,0.0,300,47,4270,2391,6000,,0,,,,holding,normal,0,no_load,none,"A1: Servo ON, shaft stationary",servo-app/lab-0.1
1781155791.8167608,39.590126752853394,A1_HOLDING_SERVO_ON,A1_HOLDING_SERVO_ON_R01_20260611_122911,delta-asda-b3-e,1616,VE|SOD|TR,1,0,7458,0,0,0.0,0,0.0,300,47,4270,2391,6000,,0,,,,holding,normal,0,no_load,none,"A1: Servo ON, shaft stationary",servo-app/lab-0.1
1781155791.9169586,39.690324544906616,A1_HOLDING_SERVO_ON,A1_HOLDING_SERVO_ON_R01_20260611_122911,delta-asda-b3-e,1616,VE|SOD|TR,1,0,7448,0,0,0.0,0,0.0,300,47,4270,2391,6000,,0,,,,holding,normal,0,no_load,none,"A1: Servo ON, shaft stationary",servo-app/lab-0.1
1781155792.0175421,39.790908098220825,A1_HOLDING_SERVO_ON,A1_HOLDING_SERVO_ON_R01_20260611_122911,delta-asda-b3-e,1616,VE|SOD|TR,1,0,7452,0,0,0.0,0,0.0,300,47,4270,2391,6000,,0,,,,holding,normal,0,no_load,none,"A1: Servo ON, shaft stationary",servo-app/lab-0.1
1781155792.1184857,39.89185166358948,A1_HOLDING_SERVO_ON,A1_HOLDING_SERVO_ON_R01_20260611_122911,delta-asda-b3-e,1616,VE|SOD|TR,1,0,7456,0,0,0.0,0,0.0,300,47,4270,2391,6000,,0,,,,holding,normal,0,no_load,none,"A1: Servo ON, shaft stationary",servo-app/lab-0.1
1781155792.2190244,39.992390394210815,A1_HOLDING_SERVO_ON,A1_HOLDING_SERVO_ON_R01_20260611_122911,delta-asda-b3-e,1616,VE|SOD|TR,1,0,7452,0,0,0.0,0,0.0,300,47,4270,2391,6000,,0,,,,holding,normal,0,no_load,none,"A1: Servo ON, shaft stationary",servo-app/lab-0.1
1781155792.3200033,40.093369245529175,A1_HOLDING_SERVO_ON,A1_HOLDING_SERVO_ON_R01_20260611_122911,delta-asda-b3-e,1616,VE|SOD|TR,1,0,7456,0,0,0.0,0,0.0,300,47,4270,2391,6000,,0,,,,holding,normal,0,no_load,none,"A1: Servo ON, shaft stationary",servo-app/lab-0.1
1781155792.4204466,40.19381260871887,A1_HOLDING_SERVO_ON,A1_HOLDING_SERVO_ON_R01_20260611_122911,delta-asda-b3-e,1616,VE|SOD|TR,1,0,7452,0,0,0.0,0,0.0,300,47,4270,2391,6000,,0,,,,holding,normal,0,no_load,none,"A1: Servo ON, shaft stationary",servo-app/lab-0.1
1781155792.520971,40.294337034225464,A1_HOLDING_SERVO_ON,A1_HOLDING_SERVO_ON_R01_20260611_122911,delta-asda-b3-e,1616,VE|SOD|TR,1,0,7462,0,0,0.0,0,0.0,300,47,4270,2391,6000,,0,,,,holding,normal,0,no_load,none,"A1: Servo ON, shaft stationary",servo-app/lab-0.1
1781155792.6215107,40.39487671852112,A1_HOLDING_SERVO_ON,A1_HOLDING_SERVO_ON_R01_20260611_122911,delta-asda-b3-e,1616,VE|SOD|TR,1,0,7462,0,0,0.0,0,0.0,300,47,4270,2391,6000,,0,,,,holding,normal,0,no_load,none,"A1: Servo ON, shaft stationary",servo-app/lab-0.1
1781155792.7219176,40.49528360366821,A1_HOLDING_SERVO_ON,A1_HOLDING_SERVO_ON_R01_20260611_122911,delta-asda-b3-e,1616,VE|SOD|TR,1,0,7462,0,0,0.0,0,0.0,300,47,4270,2391,6000,,0,,,,holding,normal,0,no_load,none,"A1: Servo ON, shaft stationary",servo-app/lab-0.1
1781155792.8222702,40.59563612937927,A1_HOLDING_SERVO_ON,A1_HOLDING_SERVO_ON_R01_20260611_122911,delta-asda-b3-e,1616,VE|SOD|TR,1,0,7462,0,0,0.0,0,0.0,300,47,4270,2391,6000,,0,,,,holding,normal,0,no_load,none,"A1: Servo ON, shaft stationary",servo-app/lab-0.1
1781155792.9227026,40.69606852531433,A1_HOLDING_SERVO_ON,A1_HOLDING_SERVO_ON_R01_20260611_122911,delta-asda-b3-e,1616,VE|SOD|TR,1,0,7452,0,0,0.0,0,0.0,301,47,4270,2391,6000,,0,,,,holding,normal,0,no_load,none,"A1: Servo ON, shaft stationary",servo-app/lab-0.1
1781155793.0232794,40.796645402908325,A1_HOLDING_SERVO_ON,A1_HOLDING_SERVO_ON_R01_20260611_122911,delta-asda-b3-e,1616,VE|SOD|TR,1,0,7448,0,0,0.0,0,0.0,300,47,4270,2391,6000,,0,,,,holding,normal,0,no_load,none,"A1: Servo ON, shaft stationary",servo-app/lab-0.1
1781155793.1234932,40.89685916900635,A1_HOLDING_SERVO_ON,A1_HOLDING_SERVO_ON_R01_20260611_122911,delta-asda-b3-e,1616,VE|SOD|TR,1,0,7462,0,0,0.0,0,0.0,300,47,4270,2391,6000,,0,,,,holding,normal,0,no_load,none,"A1: Servo ON, shaft stationary",servo-app/lab-0.1
1781155793.224185,40.99755096435547,A1_HOLDING_SERVO_ON,A1_HOLDING_SERVO_ON_R01_20260611_122911,delta-asda-b3-e,1616,VE|SOD|TR,1,0,7458,0,0,0.0,0,0.0,300,47,4270,2391,6000,,0,,,,holding,normal,0,no_load,none,"A1: Servo ON, shaft stationary",servo-app/lab-0.1
1781155793.3243892,41.09775519371033,A1_HOLDING_SERVO_ON,A1_HOLDING_SERVO_ON_R01_20260611_122911,delta-asda-b3-e,1616,VE|SOD|TR,1,0,7462,0,0,0.0,0,0.0,300,47,4270,2391,6000,,0,,,,holding,normal,0,no_load,none,"A1: Servo ON, shaft stationary",servo-app/lab-0.1
1781155793.424808,41.19817399978638,A1_HOLDING_SERVO_ON,A1_HOLDING_SERVO_ON_R01_20260611_122911,delta-asda-b3-e,1616,VE|SOD|TR,1,0,7464,0,0,0.0,0,0.0,300,47,4270,2391,6000,,0,,,,holding,normal,0,no_load,none,"A1: Servo ON, shaft stationary",servo-app/lab-0.1
1781155793.5248945,41.29826045036316,A1_HOLDING_SERVO_ON,A1_HOLDING_SERVO_ON_R01_20260611_122911,delta-asda-b3-e,1616,VE|SOD|TR,1,0,7456,0,0,0.0,0,0.0,300,47,4270,2391,6000,,0,,,,holding,normal,0,no_load,none,"A1: Servo ON, shaft stationary",servo-app/lab-0.1
1781155793.6252909,41.39865684509277,A1_HOLDING_SERVO_ON,A1_HOLDING_SERVO_ON_R01_20260611_122911,delta-asda-b3-e,1616,VE|SOD|TR,1,0,7458,0,0,0.0,0,0.0,300,47,4270,2391,6000,,0,,,,holding,normal,0,no_load,none,"A1: Servo ON, shaft stationary",servo-app/lab-0.1
1781155793.7258828,41.49924874305725,A1_HOLDING_SERVO_ON,A1_HOLDING_SERVO_ON_R01_20260611_122911,delta-asda-b3-e,1616,VE|SOD|TR,1,0,7464,0,0,0.0,0,0.0,300,47,4270,2391,6000,,0,,,,holding,normal,0,no_load,none,"A1: Servo ON, shaft stationary",servo-app/lab-0.1
1781155793.826414,41.59978008270264,A1_HOLDING_SERVO_ON,A1_HOLDING_SERVO_ON_R01_20260611_122911,delta-asda-b3-e,1616,VE|SOD|TR,1,0,7452,0,0,0.0,0,0.0,300,47,4270,2391,6000,,0,,,,holding,normal,0,no_load,none,"A1: Servo ON, shaft stationary",servo-app/lab-0.1
1781155793.9265099,41.699875831604004,A1_HOLDING_SERVO_ON,A1_HOLDING_SERVO_ON_R01_20260611_122911,delta-asda-b3-e,1616,VE|SOD|TR,1,0,7458,0,0,0.0,0,0.0,300,47,4270,2391,6000,,0,,,,holding,normal,0,no_load,none,"A1: Servo ON, shaft stationary",servo-app/lab-0.1
1781155794.026579,41.79994487762451,A1_HOLDING_SERVO_ON,A1_HOLDING_SERVO_ON_R01_20260611_122911,delta-asda-b3-e,1616,VE|SOD|TR,1,0,7456,0,0,0.0,0,0.0,300,47,4270,2391,6000,,0,,,,holding,normal,0,no_load,none,"A1: Servo ON, shaft stationary",servo-app/lab-0.1
1781155794.126938,41.900304079055786,A1_HOLDING_SERVO_ON,A1_HOLDING_SERVO_ON_R01_20260611_122911,delta-asda-b3-e,1616,VE|SOD|TR,1,0,7462,0,0,0.0,0,0.0,300,47,4270,2391,6000,,0,,,,holding,normal,0,no_load,none,"A1: Servo ON, shaft stationary",servo-app/lab-0.1
1781155794.227845,42.00121092796326,A1_HOLDING_SERVO_ON,A1_HOLDING_SERVO_ON_R01_20260611_122911,delta-asda-b3-e,1616,VE|SOD|TR,1,0,7458,0,0,0.0,0,0.0,300,47,4270,2391,6000,,0,,,,holding,normal,0,no_load,none,"A1: Servo ON, shaft stationary",servo-app/lab-0.1
1781155794.3283787,42.101744651794434,A1_HOLDING_SERVO_ON,A1_HOLDING_SERVO_ON_R01_20260611_122911,delta-asda-b3-e,1616,VE|SOD|TR,1,0,7452,0,0,0.0,0,0.0,300,47,4270,2391,6000,,0,,,,holding,normal,0,no_load,none,"A1: Servo ON, shaft stationary",servo-app/lab-0.1
1781155794.4287357,42.202101707458496,A1_HOLDING_SERVO_ON,A1_HOLDING_SERVO_ON_R01_20260611_122911,delta-asda-b3-e,1616,VE|SOD|TR,1,0,7458,0,0,0.0,0,0.0,300,47,4270,2391,6000,,0,,,,holding,normal,0,no_load,none,"A1: Servo ON, shaft stationary",servo-app/lab-0.1
1781155794.5288727,42.30223870277405,A1_HOLDING_SERVO_ON,A1_HOLDING_SERVO_ON_R01_20260611_122911,delta-asda-b3-e,1616,VE|SOD|TR,1,0,7458,0,0,0.0,0,0.0,300,47,4270,2391,6000,,0,,,,holding,normal,0,no_load,none,"A1: Servo ON, shaft stationary",servo-app/lab-0.1
1781155794.6291275,42.402493476867676,A1_HOLDING_SERVO_ON,A1_HOLDING_SERVO_ON_R01_20260611_122911,delta-asda-b3-e,1616,VE|SOD|TR,1,0,7452,0,0,0.0,0,0.0,300,47,4270,2391,6000,,0,,,,holding,normal,0,no_load,none,"A1: Servo ON, shaft stationary",servo-app/lab-0.1
1781155794.7294602,42.50282621383667,A1_HOLDING_SERVO_ON,A1_HOLDING_SERVO_ON_R01_20260611_122911,delta-asda-b3-e,1616,VE|SOD|TR,1,0,7452,0,0,0.0,0,0.0,300,47,4270,2391,6000,,0,,,,holding,normal,0,no_load,none,"A1: Servo ON, shaft stationary",servo-app/lab-0.1
1781155794.8298118,42.60317778587341,A1_HOLDING_SERVO_ON,A1_HOLDING_SERVO_ON_R01_20260611_122911,delta-asda-b3-e,1616,VE|SOD|TR,1,0,7462,0,0,0.0,0,0.0,300,47,4270,2391,6000,,0,,,,holding,normal,0,no_load,none,"A1: Servo ON, shaft stationary",servo-app/lab-0.1
1781155794.9298832,42.70324921607971,A1_HOLDING_SERVO_ON,A1_HOLDING_SERVO_ON_R01_20260611_122911,delta-asda-b3-e,1616,VE|SOD|TR,1,0,7452,0,0,0.0,0,0.0,301,47,4270,2391,6000,,0,,,,holding,normal,0,no_load,none,"A1: Servo ON, shaft stationary",servo-app/lab-0.1
1781155795.0303407,42.803706645965576,A1_HOLDING_SERVO_ON,A1_HOLDING_SERVO_ON_R01_20260611_122911,delta-asda-b3-e,1616,VE|SOD|TR,1,0,7458,0,0,0.0,0,0.0,300,47,4270,2391,6000,,0,,,,holding,normal,0,no_load,none,"A1: Servo ON, shaft stationary",servo-app/lab-0.1
1781155795.1308637,42.90422964096069,A1_HOLDING_SERVO_ON,A1_HOLDING_SERVO_ON_R01_20260611_122911,delta-asda-b3-e,1616,VE|SOD|TR,1,0,7474,0,0,0.0,0,0.0,300,47,4270,2391,6000,,0,,,,holding,normal,0,no_load,none,"A1: Servo ON, shaft stationary",servo-app/lab-0.1
1781155795.230954,43.00431990623474,A1_HOLDING_SERVO_ON,A1_HOLDING_SERVO_ON_R01_20260611_122911,delta-asda-b3-e,1616,VE|SOD|TR,1,0,7474,0,0,0.0,0,0.0,300,47,4270,2391,6000,,0,,,,holding,normal,0,no_load,none,"A1: Servo ON, shaft stationary",servo-app/lab-0.1
1781155795.3310764,43.10444235801697,A1_HOLDING_SERVO_ON,A1_HOLDING_SERVO_ON_R01_20260611_122911,delta-asda-b3-e,1616,VE|SOD|TR,1,0,7458,0,0,0.0,0,0.0,301,47,4270,2391,6000,,0,,,,holding,normal,0,no_load,none,"A1: Servo ON, shaft stationary",servo-app/lab-0.1
1781155795.431215,43.20458102226257,A1_HOLDING_SERVO_ON,A1_HOLDING_SERVO_ON_R01_20260611_122911,delta-asda-b3-e,1616,VE|SOD|TR,1,0,7458,0,0,0.0,0,0.0,301,47,4270,2391,6000,,0,,,,holding,normal,0,no_load,none,"A1: Servo ON, shaft stationary",servo-app/lab-0.1
1781155795.5318253,43.30519127845764,A1_HOLDING_SERVO_ON,A1_HOLDING_SERVO_ON_R01_20260611_122911,delta-asda-b3-e,1616,VE|SOD|TR,1,0,7456,0,0,0.0,0,0.0,301,47,4270,2391,6000,,0,,,,holding,normal,0,no_load,none,"A1: Servo ON, shaft stationary",servo-app/lab-0.1
1781155795.6323442,43.405710220336914,A1_HOLDING_SERVO_ON,A1_HOLDING_SERVO_ON_R01_20260611_122911,delta-asda-b3-e,1616,VE|SOD|TR,1,0,7458,0,0,0.0,0,0.0,301,47,4270,2391,6000,,0,,,,holding,normal,0,no_load,none,"A1: Servo ON, shaft stationary",servo-app/lab-0.1
1781155795.7326608,43.50602674484253,A1_HOLDING_SERVO_ON,A1_HOLDING_SERVO_ON_R01_20260611_122911,delta-asda-b3-e,1616,VE|SOD|TR,1,0,7462,0,0,0.0,0,0.0,300,47,4270,2391,6000,,0,,,,holding,normal,0,no_load,none,"A1: Servo ON, shaft stationary",servo-app/lab-0.1
1781155795.8337803,43.60714626312256,A1_HOLDING_SERVO_ON,A1_HOLDING_SERVO_ON_R01_20260611_122911,delta-asda-b3-e,1616,VE|SOD|TR,1,0,7452,0,0,0.0,0,0.0,301,47,4270,2391,6000,,0,,,,holding,normal,0,no_load,none,"A1: Servo ON, shaft stationary",servo-app/lab-0.1
1781155795.933997,43.70736289024353,A1_HOLDING_SERVO_ON,A1_HOLDING_SERVO_ON_R01_20260611_122911,delta-asda-b3-e,1616,VE|SOD|TR,1,0,7462,0,0,0.0,0,0.0,300,47,4270,2391,6000,,0,,,,holding,normal,0,no_load,none,"A1: Servo ON, shaft stationary",servo-app/lab-0.1
1781155796.0343337,43.80769968032837,A1_HOLDING_SERVO_ON,A1_HOLDING_SERVO_ON_R01_20260611_122911,delta-asda-b3-e,1616,VE|SOD|TR,1,0,7462,0,0,0.0,0,0.0,301,47,4270,2391,6000,,0,,,,holding,normal,0,no_load,none,"A1: Servo ON, shaft stationary",servo-app/lab-0.1
1781155796.1344233,43.90778923034668,A1_HOLDING_SERVO_ON,A1_HOLDING_SERVO_ON_R01_20260611_122911,delta-asda-b3-e,1616,VE|SOD|TR,1,0,7462,0,0,0.0,0,0.0,300,47,4270,2391,6000,,0,,,,holding,normal,0,no_load,none,"A1: Servo ON, shaft stationary",servo-app/lab-0.1
1781155796.2349913,44.00835728645325,A1_HOLDING_SERVO_ON,A1_HOLDING_SERVO_ON_R01_20260611_122911,delta-asda-b3-e,1616,VE|SOD|TR,1,0,7464,0,0,0.0,0,0.0,300,47,4270,2391,6000,,0,,,,holding,normal,0,no_load,none,"A1: Servo ON, shaft stationary",servo-app/lab-0.1
1781155796.335592,44.10895800590515,A1_HOLDING_SERVO_ON,A1_HOLDING_SERVO_ON_R01_20260611_122911,delta-asda-b3-e,1616,VE|SOD|TR,1,0,7458,0,0,0.0,0,0.0,301,47,4270,2391,6000,,0,,,,holding,normal,0,no_load,none,"A1: Servo ON, shaft stationary",servo-app/lab-0.1
1781155796.4357865,44.20915246009827,A1_HOLDING_SERVO_ON,A1_HOLDING_SERVO_ON_R01_20260611_122911,delta-asda-b3-e,1616,VE|SOD|TR,1,0,7456,0,0,0.0,0,0.0,300,47,4270,2391,6000,,0,,,,holding,normal,0,no_load,none,"A1: Servo ON, shaft stationary",servo-app/lab-0.1
1781155796.5361917,44.30955767631531,A1_HOLDING_SERVO_ON,A1_HOLDING_SERVO_ON_R01_20260611_122911,delta-asda-b3-e,1616,VE|SOD|TR,1,0,7464,0,0,0.0,0,0.0,300,47,4270,2391,6000,,0,,,,holding,normal,0,no_load,none,"A1: Servo ON, shaft stationary",servo-app/lab-0.1
1781155796.636837,44.410202980041504,A1_HOLDING_SERVO_ON,A1_HOLDING_SERVO_ON_R01_20260611_122911,delta-asda-b3-e,1616,VE|SOD|TR,1,0,7464,0,0,0.0,0,0.0,301,47,4270,2391,6000,,0,,,,holding,normal,0,no_load,none,"A1: Servo ON, shaft stationary",servo-app/lab-0.1
1781155796.737342,44.51070785522461,A1_HOLDING_SERVO_ON,A1_HOLDING_SERVO_ON_R01_20260611_122911,delta-asda-b3-e,1616,VE|SOD|TR,1,0,7462,0,0,0.0,0,0.0,301,47,4270,2391,6000,,0,,,,holding,normal,0,no_load,none,"A1: Servo ON, shaft stationary",servo-app/lab-0.1
1781155796.837951,44.61131691932678,A1_HOLDING_SERVO_ON,A1_HOLDING_SERVO_ON_R01_20260611_122911,delta-asda-b3-e,1616,VE|SOD|TR,1,0,7462,0,0,0.0,0,0.0,301,47,4270,2391,6000,,0,,,,holding,normal,0,no_load,none,"A1: Servo ON, shaft stationary",servo-app/lab-0.1
1781155796.938156,44.71152186393738,A1_HOLDING_SERVO_ON,A1_HOLDING_SERVO_ON_R01_20260611_122911,delta-asda-b3-e,1616,VE|SOD|TR,1,0,7462,0,0,0.0,0,0.0,301,47,4270,2391,6000,,0,,,,holding,normal,0,no_load,none,"A1: Servo ON, shaft stationary",servo-app/lab-0.1
1781155797.0383391,44.811705112457275,A1_HOLDING_SERVO_ON,A1_HOLDING_SERVO_ON_R01_20260611_122911,delta-asda-b3-e,1616,VE|SOD|TR,1,0,7462,0,0,0.0,0,0.0,301,47,4270,2391,6000,,0,,,,holding,normal,0,no_load,none,"A1: Servo ON, shaft stationary",servo-app/lab-0.1
1781155797.1387782,44.91214418411255,A1_HOLDING_SERVO_ON,A1_HOLDING_SERVO_ON_R01_20260611_122911,delta-asda-b3-e,1616,VE|SOD|TR,1,0,7464,0,0,0.0,0,0.0,301,47,4270,2391,6000,,0,,,,holding,normal,0,no_load,none,"A1: Servo ON, shaft stationary",servo-app/lab-0.1
1781155797.2416756,45.01504158973694,A1_HOLDING_SERVO_ON,A1_HOLDING_SERVO_ON_R01_20260611_122911,delta-asda-b3-e,1616,VE|SOD|TR,1,0,7464,0,0,0.0,0,0.0,301,47,4270,2391,6000,,0,,,,holding,normal,0,no_load,none,"A1: Servo ON, shaft stationary",servo-app/lab-0.1
1781155797.3423183,45.115684270858765,A1_HOLDING_SERVO_ON,A1_HOLDING_SERVO_ON_R01_20260611_122911,delta-asda-b3-e,1616,VE|SOD|TR,1,0,7468,0,0,0.0,0,0.0,301,47,4270,2391,6000,,0,,,,holding,normal,0,no_load,none,"A1: Servo ON, shaft stationary",servo-app/lab-0.1
1781155797.4424577,45.21582365036011,A1_HOLDING_SERVO_ON,A1_HOLDING_SERVO_ON_R01_20260611_122911,delta-asda-b3-e,1616,VE|SOD|TR,1,0,7462,0,0,0.0,0,0.0,301,47,4270,2391,6000,,0,,,,holding,normal,0,no_load,none,"A1: Servo ON, shaft stationary",servo-app/lab-0.1
1781155797.5431185,45.316484451293945,A1_HOLDING_SERVO_ON,A1_HOLDING_SERVO_ON_R01_20260611_122911,delta-asda-b3-e,1616,VE|SOD|TR,1,0,7458,0,0,0.0,0,0.0,300,47,4270,2391,6000,,0,,,,holding,normal,0,no_load,none,"A1: Servo ON, shaft stationary",servo-app/lab-0.1
1781155797.6434925,45.416858434677124,A1_HOLDING_SERVO_ON,A1_HOLDING_SERVO_ON_R01_20260611_122911,delta-asda-b3-e,1616,VE|SOD|TR,1,0,7464,0,0,0.0,0,0.0,301,47,4270,2391,6000,,0,,,,holding,normal,0,no_load,none,"A1: Servo ON, shaft stationary",servo-app/lab-0.1
1781155797.7437575,45.51712346076965,A1_HOLDING_SERVO_ON,A1_HOLDING_SERVO_ON_R01_20260611_122911,delta-asda-b3-e,1616,VE|SOD|TR,1,0,7462,0,0,0.0,0,0.0,300,47,4270,2391,6000,,0,,,,holding,normal,0,no_load,none,"A1: Servo ON, shaft stationary",servo-app/lab-0.1
1781155797.8438935,45.61725950241089,A1_HOLDING_SERVO_ON,A1_HOLDING_SERVO_ON_R01_20260611_122911,delta-asda-b3-e,1616,VE|SOD|TR,1,0,7462,0,0,0.0,0,0.0,300,47,4270,2391,6000,,0,,,,holding,normal,0,no_load,none,"A1: Servo ON, shaft stationary",servo-app/lab-0.1
1781155797.9441123,45.71747827529907,A1_HOLDING_SERVO_ON,A1_HOLDING_SERVO_ON_R01_20260611_122911,delta-asda-b3-e,1616,VE|SOD|TR,1,0,7458,0,0,0.0,0,0.0,301,47,4270,2391,6000,,0,,,,holding,normal,0,no_load,none,"A1: Servo ON, shaft stationary",servo-app/lab-0.1
1781155798.0448709,45.81823682785034,A1_HOLDING_SERVO_ON,A1_HOLDING_SERVO_ON_R01_20260611_122911,delta-asda-b3-e,1616,VE|SOD|TR,1,0,7462,0,0,0.0,0,0.0,301,47,4270,2391,6000,,0,,,,holding,normal,0,no_load,none,"A1: Servo ON, shaft stationary",servo-app/lab-0.1
1781155798.1450713,45.918437242507935,A1_HOLDING_SERVO_ON,A1_HOLDING_SERVO_ON_R01_20260611_122911,delta-asda-b3-e,1616,VE|SOD|TR,1,0,7468,0,0,0.0,0,0.0,300,47,4270,2391,6000,,0,,,,holding,normal,0,no_load,none,"A1: Servo ON, shaft stationary",servo-app/lab-0.1
1781155798.245192,46.01855802536011,A1_HOLDING_SERVO_ON,A1_HOLDING_SERVO_ON_R01_20260611_122911,delta-asda-b3-e,1616,VE|SOD|TR,1,0,7462,0,0,0.0,0,0.0,300,47,4270,2391,6000,,0,,,,holding,normal,0,no_load,none,"A1: Servo ON, shaft stationary",servo-app/lab-0.1
1781155798.3452854,46.118651390075684,A1_HOLDING_SERVO_ON,A1_HOLDING_SERVO_ON_R01_20260611_122911,delta-asda-b3-e,1616,VE|SOD|TR,1,0,7462,0,0,0.0,0,0.0,301,47,4270,2391,6000,,0,,,,holding,normal,0,no_load,none,"A1: Servo ON, shaft stationary",servo-app/lab-0.1
1781155798.4454646,46.218830585479736,A1_HOLDING_SERVO_ON,A1_HOLDING_SERVO_ON_R01_20260611_122911,delta-asda-b3-e,1616,VE|SOD|TR,1,0,7468,0,0,0.0,0,0.0,301,47,4270,2391,6000,,0,,,,holding,normal,0,no_load,none,"A1: Servo ON, shaft stationary",servo-app/lab-0.1
1781155798.546299,46.31966495513916,A1_HOLDING_SERVO_ON,A1_HOLDING_SERVO_ON_R01_20260611_122911,delta-asda-b3-e,1616,VE|SOD|TR,1,0,7462,0,0,0.0,0,0.0,301,47,4270,2391,6000,,0,,,,holding,normal,0,no_load,none,"A1: Servo ON, shaft stationary",servo-app/lab-0.1
1781155798.6466577,46.420023679733276,A1_HOLDING_SERVO_ON,A1_HOLDING_SERVO_ON_R01_20260611_122911,delta-asda-b3-e,1616,VE|SOD|TR,1,0,7464,0,0,0.0,0,0.0,301,47,4270,2391,6000,,0,,,,holding,normal,0,no_load,none,"A1: Servo ON, shaft stationary",servo-app/lab-0.1
1781155798.747091,46.52045702934265,A1_HOLDING_SERVO_ON,A1_HOLDING_SERVO_ON_R01_20260611_122911,delta-asda-b3-e,1616,VE|SOD|TR,1,0,7464,0,0,0.0,0,0.0,300,47,4270,2391,6000,,0,,,,holding,normal,0,no_load,none,"A1: Servo ON, shaft stationary",servo-app/lab-0.1
1781155798.8472788,46.62064480781555,A1_HOLDING_SERVO_ON,A1_HOLDING_SERVO_ON_R01_20260611_122911,delta-asda-b3-e,1616,VE|SOD|TR,1,0,7462,0,0,0.0,0,0.0,301,47,4270,2391,6000,,0,,,,holding,normal,0,no_load,none,"A1: Servo ON, shaft stationary",servo-app/lab-0.1
1781155798.9477174,46.72108340263367,A1_HOLDING_SERVO_ON,A1_HOLDING_SERVO_ON_R01_20260611_122911,delta-asda-b3-e,1616,VE|SOD|TR,1,0,7458,0,0,0.0,0,0.0,301,47,4270,2391,6000,,0,,,,holding,normal,0,no_load,none,"A1: Servo ON, shaft stationary",servo-app/lab-0.1
1781155799.0480056,46.82137155532837,A1_HOLDING_SERVO_ON,A1_HOLDING_SERVO_ON_R01_20260611_122911,delta-asda-b3-e,1616,VE|SOD|TR,1,0,7462,0,0,0.0,0,0.0,301,47,4270,2391,6000,,0,,,,holding,normal,0,no_load,none,"A1: Servo ON, shaft stationary",servo-app/lab-0.1
1781155799.1481898,46.92155575752258,A1_HOLDING_SERVO_ON,A1_HOLDING_SERVO_ON_R01_20260611_122911,delta-asda-b3-e,1616,VE|SOD|TR,1,0,7462,0,0,0.0,0,0.0,300,47,4270,2391,6000,,0,,,,holding,normal,0,no_load,none,"A1: Servo ON, shaft stationary",servo-app/lab-0.1
1781155799.2483327,47.02169871330261,A1_HOLDING_SERVO_ON,A1_HOLDING_SERVO_ON_R01_20260611_122911,delta-asda-b3-e,1616,VE|SOD|TR,1,0,7462,0,0,0.0,0,0.0,300,47,4270,2391,6000,,0,,,,holding,normal,0,no_load,none,"A1: Servo ON, shaft stationary",servo-app/lab-0.1
1781155799.3486483,47.12201428413391,A1_HOLDING_SERVO_ON,A1_HOLDING_SERVO_ON_R01_20260611_122911,delta-asda-b3-e,1616,VE|SOD|TR,1,0,7464,0,0,0.0,0,0.0,301,47,4270,2391,6000,,0,,,,holding,normal,0,no_load,none,"A1: Servo ON, shaft stationary",servo-app/lab-0.1
1781155799.448789,47.22215485572815,A1_HOLDING_SERVO_ON,A1_HOLDING_SERVO_ON_R01_20260611_122911,delta-asda-b3-e,1616,VE|SOD|TR,1,0,7462,0,0,0.0,0,0.0,301,47,4270,2391,6000,,0,,,,holding,normal,0,no_load,none,"A1: Servo ON, shaft stationary",servo-app/lab-0.1
1781155799.5489407,47.322306632995605,A1_HOLDING_SERVO_ON,A1_HOLDING_SERVO_ON_R01_20260611_122911,delta-asda-b3-e,1616,VE|SOD|TR,1,0,7456,0,0,0.0,0,0.0,301,47,4270,2391,6000,,0,,,,holding,normal,0,no_load,none,"A1: Servo ON, shaft stationary",servo-app/lab-0.1
1781155799.649467,47.42283296585083,A1_HOLDING_SERVO_ON,A1_HOLDING_SERVO_ON_R01_20260611_122911,delta-asda-b3-e,1616,VE|SOD|TR,1,0,7458,0,0,0.0,0,0.0,301,47,4270,2391,6000,,0,,,,holding,normal,0,no_load,none,"A1: Servo ON, shaft stationary",servo-app/lab-0.1
1781155799.7497206,47.52308654785156,A1_HOLDING_SERVO_ON,A1_HOLDING_SERVO_ON_R01_20260611_122911,delta-asda-b3-e,1616,VE|SOD|TR,1,0,7462,0,0,0.0,0,0.0,300,47,4270,2391,6000,,0,,,,holding,normal,0,no_load,none,"A1: Servo ON, shaft stationary",servo-app/lab-0.1
1781155799.8518426,47.625208616256714,A1_HOLDING_SERVO_ON,A1_HOLDING_SERVO_ON_R01_20260611_122911,delta-asda-b3-e,1616,VE|SOD|TR,1,0,7456,0,0,0.0,0,0.0,300,47,4270,2391,6000,,0,,,,holding,normal,0,no_load,none,"A1: Servo ON, shaft stationary",servo-app/lab-0.1
1781155799.9520535,47.72541952133179,A1_HOLDING_SERVO_ON,A1_HOLDING_SERVO_ON_R01_20260611_122911,delta-asda-b3-e,1616,VE|SOD|TR,1,0,7464,0,0,0.0,0,0.0,300,47,4270,2391,6000,,0,,,,holding,normal,0,no_load,none,"A1: Servo ON, shaft stationary",servo-app/lab-0.1
1781155800.0528164,47.82618236541748,A1_HOLDING_SERVO_ON,A1_HOLDING_SERVO_ON_R01_20260611_122911,delta-asda-b3-e,1616,VE|SOD|TR,1,0,7462,0,0,0.0,0,0.0,301,47,4270,2391,6000,,0,,,,holding,normal,0,no_load,none,"A1: Servo ON, shaft stationary",servo-app/lab-0.1
1781155800.1530952,47.9264612197876,A1_HOLDING_SERVO_ON,A1_HOLDING_SERVO_ON_R01_20260611_122911,delta-asda-b3-e,1616,VE|SOD|TR,1,0,7470,0,0,0.0,0,0.0,301,47,4270,2391,6000,,0,,,,holding,normal,0,no_load,none,"A1: Servo ON, shaft stationary",servo-app/lab-0.1
1781155800.253602,48.026968002319336,A1_HOLDING_SERVO_ON,A1_HOLDING_SERVO_ON_R01_20260611_122911,delta-asda-b3-e,1616,VE|SOD|TR,1,0,7458,0,0,0.0,0,0.0,300,47,4270,2391,6000,,0,,,,holding,normal,0,no_load,none,"A1: Servo ON, shaft stationary",servo-app/lab-0.1
1781155800.354315,48.127681016922,A1_HOLDING_SERVO_ON,A1_HOLDING_SERVO_ON_R01_20260611_122911,delta-asda-b3-e,1616,VE|SOD|TR,1,0,7462,0,0,0.0,0,0.0,300,47,4270,2391,6000,,0,,,,holding,normal,0,no_load,none,"A1: Servo ON, shaft stationary",servo-app/lab-0.1
1781155800.4544556,48.227821588516235,A1_HOLDING_SERVO_ON,A1_HOLDING_SERVO_ON_R01_20260611_122911,delta-asda-b3-e,1616,VE|SOD|TR,1,0,7464,0,0,0.0,0,0.0,301,47,4270,2391,6000,,0,,,,holding,normal,0,no_load,none,"A1: Servo ON, shaft stationary",servo-app/lab-0.1
1781155800.5551424,48.328508377075195,A1_HOLDING_SERVO_ON,A1_HOLDING_SERVO_ON_R01_20260611_122911,delta-asda-b3-e,1616,VE|SOD|TR,1,0,7464,0,0,0.0,0,0.0,301,47,4270,2391,6000,,0,,,,holding,normal,0,no_load,none,"A1: Servo ON, shaft stationary",servo-app/lab-0.1
1781155800.6553574,48.42872333526611,A1_HOLDING_SERVO_ON,A1_HOLDING_SERVO_ON_R01_20260611_122911,delta-asda-b3-e,1616,VE|SOD|TR,1,0,7468,0,0,0.0,0,0.0,301,47,4270,2391,6000,,0,,,,holding,normal,0,no_load,none,"A1: Servo ON, shaft stationary",servo-app/lab-0.1
1781155800.7557812,48.529147148132324,A1_HOLDING_SERVO_ON,A1_HOLDING_SERVO_ON_R01_20260611_122911,delta-asda-b3-e,1616,VE|SOD|TR,1,0,7468,0,0,0.0,0,0.0,301,47,4270,2391,6000,,0,,,,holding,normal,0,no_load,none,"A1: Servo ON, shaft stationary",servo-app/lab-0.1
1781155800.855996,48.62936186790466,A1_HOLDING_SERVO_ON,A1_HOLDING_SERVO_ON_R01_20260611_122911,delta-asda-b3-e,1616,VE|SOD|TR,1,0,7464,0,0,0.0,0,0.0,300,47,4270,2391,6000,,0,,,,holding,normal,0,no_load,none,"A1: Servo ON, shaft stationary",servo-app/lab-0.1
1781155800.956733,48.73009896278381,A1_HOLDING_SERVO_ON,A1_HOLDING_SERVO_ON_R01_20260611_122911,delta-asda-b3-e,1616,VE|SOD|TR,1,0,7464,0,0,0.0,0,0.0,301,47,4270,2391,6000,,0,,,,holding,normal,0,no_load,none,"A1: Servo ON, shaft stationary",servo-app/lab-0.1
1781155801.0568829,48.83024883270264,A1_HOLDING_SERVO_ON,A1_HOLDING_SERVO_ON_R01_20260611_122911,delta-asda-b3-e,1616,VE|SOD|TR,1,0,7464,0,0,0.0,0,0.0,300,47,4270,2391,6000,,0,,,,holding,normal,0,no_load,none,"A1: Servo ON, shaft stationary",servo-app/lab-0.1
1781155801.1574938,48.93085980415344,A1_HOLDING_SERVO_ON,A1_HOLDING_SERVO_ON_R01_20260611_122911,delta-asda-b3-e,1616,VE|SOD|TR,1,0,7462,0,0,0.0,0,0.0,300,47,4270,2391,6000,,0,,,,holding,normal,0,no_load,none,"A1: Servo ON, shaft stationary",servo-app/lab-0.1
1781155801.2578406,49.0312066078186,A1_HOLDING_SERVO_ON,A1_HOLDING_SERVO_ON_R01_20260611_122911,delta-asda-b3-e,1616,VE|SOD|TR,1,0,7474,0,0,0.0,0,0.0,301,47,4270,2391,6000,,0,,,,holding,normal,0,no_load,none,"A1: Servo ON, shaft stationary",servo-app/lab-0.1
1781155801.3580363,49.131402254104614,A1_HOLDING_SERVO_ON,A1_HOLDING_SERVO_ON_R01_20260611_122911,delta-asda-b3-e,1616,VE|SOD|TR,1,0,7462,0,0,0.0,0,0.0,300,47,4270,2391,6000,,0,,,,holding,normal,0,no_load,none,"A1: Servo ON, shaft stationary",servo-app/lab-0.1
1781155801.4583015,49.23166751861572,A1_HOLDING_SERVO_ON,A1_HOLDING_SERVO_ON_R01_20260611_122911,delta-asda-b3-e,1616,VE|SOD|TR,1,0,7462,0,0,0.0,0,0.0,300,47,4270,2391,6000,,0,,,,holding,normal,0,no_load,none,"A1: Servo ON, shaft stationary",servo-app/lab-0.1
1781155801.5585148,49.33188080787659,A1_HOLDING_SERVO_ON,A1_HOLDING_SERVO_ON_R01_20260611_122911,delta-asda-b3-e,1616,VE|SOD|TR,1,0,7458,0,0,0.0,0,0.0,300,47,4270,2391,6000,,0,,,,holding,normal,0,no_load,none,"A1: Servo ON, shaft stationary",servo-app/lab-0.1
1781155801.6587856,49.432151556015015,A1_HOLDING_SERVO_ON,A1_HOLDING_SERVO_ON_R01_20260611_122911,delta-asda-b3-e,1616,VE|SOD|TR,1,0,7462,0,0,0.0,0,0.0,300,47,4270,2391,6000,,0,,,,holding,normal,0,no_load,none,"A1: Servo ON, shaft stationary",servo-app/lab-0.1
1781155801.759119,49.532485008239746,A1_HOLDING_SERVO_ON,A1_HOLDING_SERVO_ON_R01_20260611_122911,delta-asda-b3-e,1616,VE|SOD|TR,1,0,7458,0,0,0.0,0,0.0,300,47,4270,2391,6000,,0,,,,holding,normal,0,no_load,none,"A1: Servo ON, shaft stationary",servo-app/lab-0.1
1781155801.8597226,49.6330885887146,A1_HOLDING_SERVO_ON,A1_HOLDING_SERVO_ON_R01_20260611_122911,delta-asda-b3-e,1616,VE|SOD|TR,1,0,7462,0,0,0.0,0,0.0,300,47,4270,2391,6000,,0,,,,holding,normal,0,no_load,none,"A1: Servo ON, shaft stationary",servo-app/lab-0.1
1781155801.9600253,49.73339128494263,A1_HOLDING_SERVO_ON,A1_HOLDING_SERVO_ON_R01_20260611_122911,delta-asda-b3-e,1616,VE|SOD|TR,1,0,7464,0,0,0.0,0,0.0,300,47,4270,2391,6000,,0,,,,holding,normal,0,no_load,none,"A1: Servo ON, shaft stationary",servo-app/lab-0.1
1781155802.0604844,49.833850383758545,A1_HOLDING_SERVO_ON,A1_HOLDING_SERVO_ON_R01_20260611_122911,delta-asda-b3-e,1616,VE|SOD|TR,1,0,7462,0,0,0.0,0,0.0,301,47,4270,2391,6000,,0,,,,holding,normal,0,no_load,none,"A1: Servo ON, shaft stationary",servo-app/lab-0.1
1781155802.1609616,49.934327602386475,A1_HOLDING_SERVO_ON,A1_HOLDING_SERVO_ON_R01_20260611_122911,delta-asda-b3-e,1616,VE|SOD|TR,1,0,7462,0,0,0.0,0,0.0,301,47,4270,2391,6000,,0,,,,holding,normal,0,no_load,none,"A1: Servo ON, shaft stationary",servo-app/lab-0.1
1781155802.26143,50.03479599952698,A1_HOLDING_SERVO_ON,A1_HOLDING_SERVO_ON_R01_20260611_122911,delta-asda-b3-e,1616,VE|SOD|TR,1,0,7468,0,0,0.0,0,0.0,300,47,4270,2391,6000,,0,,,,holding,normal,0,no_load,none,"A1: Servo ON, shaft stationary",servo-app/lab-0.1
1781155802.3618076,50.13517355918884,A1_HOLDING_SERVO_ON,A1_HOLDING_SERVO_ON_R01_20260611_122911,delta-asda-b3-e,1616,VE|SOD|TR,1,0,7464,0,0,0.0,0,0.0,300,47,4270,2391,6000,,0,,,,holding,normal,0,no_load,none,"A1: Servo ON, shaft stationary",servo-app/lab-0.1
1781155802.4621427,50.23550868034363,A1_HOLDING_SERVO_ON,A1_HOLDING_SERVO_ON_R01_20260611_122911,delta-asda-b3-e,1616,VE|SOD|TR,1,0,7468,0,0,0.0,0,0.0,300,47,4270,2391,6000,,0,,,,holding,normal,0,no_load,none,"A1: Servo ON, shaft stationary",servo-app/lab-0.1
1781155802.5623493,50.33571529388428,A1_HOLDING_SERVO_ON,A1_HOLDING_SERVO_ON_R01_20260611_122911,delta-asda-b3-e,1616,VE|SOD|TR,1,0,7464,0,0,0.0,0,0.0,300,47,4270,2391,6000,,0,,,,holding,normal,0,no_load,none,"A1: Servo ON, shaft stationary",servo-app/lab-0.1
1781155802.662994,50.436359882354736,A1_HOLDING_SERVO_ON,A1_HOLDING_SERVO_ON_R01_20260611_122911,delta-asda-b3-e,1616,VE|SOD|TR,1,0,7462,0,0,0.0,0,0.0,301,47,4270,2391,6000,,0,,,,holding,normal,0,no_load,none,"A1: Servo ON, shaft stationary",servo-app/lab-0.1
1781155802.763377,50.53674292564392,A1_HOLDING_SERVO_ON,A1_HOLDING_SERVO_ON_R01_20260611_122911,delta-asda-b3-e,1616,VE|SOD|TR,1,0,7464,0,0,0.0,0,0.0,301,47,4270,2391,6000,,0,,,,holding,normal,0,no_load,none,"A1: Servo ON, shaft stationary",servo-app/lab-0.1
1781155802.8634715,50.63683748245239,A1_HOLDING_SERVO_ON,A1_HOLDING_SERVO_ON_R01_20260611_122911,delta-asda-b3-e,1616,VE|SOD|TR,1,0,7464,0,0,0.0,0,0.0,300,47,4270,2391,6000,,0,,,,holding,normal,0,no_load,none,"A1: Servo ON, shaft stationary",servo-app/lab-0.1
1781155802.9644003,50.73776626586914,A1_HOLDING_SERVO_ON,A1_HOLDING_SERVO_ON_R01_20260611_122911,delta-asda-b3-e,1616,VE|SOD|TR,1,0,7464,0,0,0.0,0,0.0,301,47,4270,2391,6000,,0,,,,holding,normal,0,no_load,none,"A1: Servo ON, shaft stationary",servo-app/lab-0.1
1781155803.064785,50.83815097808838,A1_HOLDING_SERVO_ON,A1_HOLDING_SERVO_ON_R01_20260611_122911,delta-asda-b3-e,1616,VE|SOD|TR,1,0,7464,0,0,0.0,0,0.0,301,47,4270,2391,6000,,0,,,,holding,normal,0,no_load,none,"A1: Servo ON, shaft stationary",servo-app/lab-0.1
1781155803.165275,50.93864107131958,A1_HOLDING_SERVO_ON,A1_HOLDING_SERVO_ON_R01_20260611_122911,delta-asda-b3-e,1616,VE|SOD|TR,1,0,7462,0,0,0.0,0,0.0,301,47,4270,2391,6000,,0,,,,holding,normal,0,no_load,none,"A1: Servo ON, shaft stationary",servo-app/lab-0.1
1781155803.2655945,51.038960456848145,A1_HOLDING_SERVO_ON,A1_HOLDING_SERVO_ON_R01_20260611_122911,delta-asda-b3-e,1616,VE|SOD|TR,1,0,7462,0,0,0.0,0,0.0,300,47,4270,2391,6000,,0,,,,holding,normal,0,no_load,none,"A1: Servo ON, shaft stationary",servo-app/lab-0.1
1781155803.3658006,51.139166593551636,A1_HOLDING_SERVO_ON,A1_HOLDING_SERVO_ON_R01_20260611_122911,delta-asda-b3-e,1616,VE|SOD|TR,1,0,7464,0,0,0.0,0,0.0,300,47,4270,2391,6000,,0,,,,holding,normal,0,no_load,none,"A1: Servo ON, shaft stationary",servo-app/lab-0.1
1781155803.4658678,51.23923373222351,A1_HOLDING_SERVO_ON,A1_HOLDING_SERVO_ON_R01_20260611_122911,delta-asda-b3-e,1616,VE|SOD|TR,1,0,7458,0,0,0.0,0,0.0,300,47,4270,2391,6000,,0,,,,holding,normal,0,no_load,none,"A1: Servo ON, shaft stationary",servo-app/lab-0.1
1781155803.5662262,51.33959221839905,A1_HOLDING_SERVO_ON,A1_HOLDING_SERVO_ON_R01_20260611_122911,delta-asda-b3-e,1616,VE|SOD|TR,1,0,7456,0,0,0.0,0,0.0,300,47,4270,2391,6000,,0,,,,holding,normal,0,no_load,none,"A1: Servo ON, shaft stationary",servo-app/lab-0.1
1781155803.6664577,51.439823627471924,A1_HOLDING_SERVO_ON,A1_HOLDING_SERVO_ON_R01_20260611_122911,delta-asda-b3-e,1616,VE|SOD|TR,1,0,7464,0,0,0.0,0,0.0,300,47,4270,2391,6000,,0,,,,holding,normal,0,no_load,none,"A1: Servo ON, shaft stationary",servo-app/lab-0.1
1781155803.7666202,51.53998613357544,A1_HOLDING_SERVO_ON,A1_HOLDING_SERVO_ON_R01_20260611_122911,delta-asda-b3-e,1616,VE|SOD|TR,1,0,7462,0,0,0.0,0,0.0,300,47,4270,2391,6000,,0,,,,holding,normal,0,no_load,none,"A1: Servo ON, shaft stationary",servo-app/lab-0.1
1781155803.8671498,51.64051580429077,A1_HOLDING_SERVO_ON,A1_HOLDING_SERVO_ON_R01_20260611_122911,delta-asda-b3-e,1616,VE|SOD|TR,1,0,7464,0,0,0.0,0,0.0,300,47,4270,2391,6000,,0,,,,holding,normal,0,no_load,none,"A1: Servo ON, shaft stationary",servo-app/lab-0.1
1781155803.9678597,51.741225719451904,A1_HOLDING_SERVO_ON,A1_HOLDING_SERVO_ON_R01_20260611_122911,delta-asda-b3-e,1616,VE|SOD|TR,1,0,7464,0,0,0.0,0,0.0,300,47,4270,2391,6000,,0,,,,holding,normal,0,no_load,none,"A1: Servo ON, shaft stationary",servo-app/lab-0.1
1781155804.0679102,51.84127616882324,A1_HOLDING_SERVO_ON,A1_HOLDING_SERVO_ON_R01_20260611_122911,delta-asda-b3-e,1616,VE|SOD|TR,1,0,7464,0,0,0.0,0,0.0,300,47,4270,2391,6000,,0,,,,holding,normal,0,no_load,none,"A1: Servo ON, shaft stationary",servo-app/lab-0.1
1781155804.1685126,51.9418785572052,A1_HOLDING_SERVO_ON,A1_HOLDING_SERVO_ON_R01_20260611_122911,delta-asda-b3-e,1616,VE|SOD|TR,1,0,7468,0,0,0.0,0,0.0,300,47,4270,2391,6000,,0,,,,holding,normal,0,no_load,none,"A1: Servo ON, shaft stationary",servo-app/lab-0.1
1781155804.268771,52.042136907577515,A1_HOLDING_SERVO_ON,A1_HOLDING_SERVO_ON_R01_20260611_122911,delta-asda-b3-e,1616,VE|SOD|TR,1,0,7464,0,0,0.0,0,0.0,300,47,4270,2391,6000,,0,,,,holding,normal,0,no_load,none,"A1: Servo ON, shaft stationary",servo-app/lab-0.1
1781155804.3693469,52.14271283149719,A1_HOLDING_SERVO_ON,A1_HOLDING_SERVO_ON_R01_20260611_122911,delta-asda-b3-e,1616,VE|SOD|TR,1,0,7464,0,0,0.0,0,0.0,300,47,4270,2391,6000,,0,,,,holding,normal,0,no_load,none,"A1: Servo ON, shaft stationary",servo-app/lab-0.1
1781155804.4696043,52.24297022819519,A1_HOLDING_SERVO_ON,A1_HOLDING_SERVO_ON_R01_20260611_122911,delta-asda-b3-e,1616,VE|SOD|TR,1,0,7458,0,0,0.0,0,0.0,300,47,4270,2391,6000,,0,,,,holding,normal,0,no_load,none,"A1: Servo ON, shaft stationary",servo-app/lab-0.1
1781155804.5700905,52.343456506729126,A1_HOLDING_SERVO_ON,A1_HOLDING_SERVO_ON_R01_20260611_122911,delta-asda-b3-e,1616,VE|SOD|TR,1,0,7462,0,0,0.0,0,0.0,300,47,4270,2391,6000,,0,,,,holding,normal,0,no_load,none,"A1: Servo ON, shaft stationary",servo-app/lab-0.1
1781155804.6705956,52.44396162033081,A1_HOLDING_SERVO_ON,A1_HOLDING_SERVO_ON_R01_20260611_122911,delta-asda-b3-e,1616,VE|SOD|TR,1,0,7458,0,0,0.0,0,0.0,300,47,4270,2391,6000,,0,,,,holding,normal,0,no_load,none,"A1: Servo ON, shaft stationary",servo-app/lab-0.1
1781155804.7706614,52.54402732849121,A1_HOLDING_SERVO_ON,A1_HOLDING_SERVO_ON_R01_20260611_122911,delta-asda-b3-e,1616,VE|SOD|TR,1,0,7468,0,0,0.0,0,0.0,300,47,4270,2391,6000,,0,,,,holding,normal,0,no_load,none,"A1: Servo ON, shaft stationary",servo-app/lab-0.1
1781155804.8708324,52.644198417663574,A1_HOLDING_SERVO_ON,A1_HOLDING_SERVO_ON_R01_20260611_122911,delta-asda-b3-e,1616,VE|SOD|TR,1,0,7464,0,0,0.0,0,0.0,300,47,4270,2391,6000,,0,,,,holding,normal,0,no_load,none,"A1: Servo ON, shaft stationary",servo-app/lab-0.1
1781155804.9713123,52.744678258895874,A1_HOLDING_SERVO_ON,A1_HOLDING_SERVO_ON_R01_20260611_122911,delta-asda-b3-e,1616,VE|SOD|TR,1,0,7462,0,0,0.0,0,0.0,300,47,4270,2391,6000,,0,,,,holding,normal,0,no_load,none,"A1: Servo ON, shaft stationary",servo-app/lab-0.1
1781155805.071755,52.845120906829834,A1_HOLDING_SERVO_ON,A1_HOLDING_SERVO_ON_R01_20260611_122911,delta-asda-b3-e,1616,VE|SOD|TR,1,0,7470,0,0,0.0,0,0.0,300,47,4270,2391,6000,,0,,,,holding,normal,0,no_load,none,"A1: Servo ON, shaft stationary",servo-app/lab-0.1
1781155805.172715,52.946080923080444,A1_HOLDING_SERVO_ON,A1_HOLDING_SERVO_ON_R01_20260611_122911,delta-asda-b3-e,1616,VE|SOD|TR,1,0,7470,0,0,0.0,0,0.0,300,47,4270,2391,6000,,0,,,,holding,normal,0,no_load,none,"A1: Servo ON, shaft stationary",servo-app/lab-0.1
1781155805.2728903,53.04625630378723,A1_HOLDING_SERVO_ON,A1_HOLDING_SERVO_ON_R01_20260611_122911,delta-asda-b3-e,1616,VE|SOD|TR,1,0,7464,0,0,0.0,0,0.0,300,47,4270,2391,6000,,0,,,,holding,normal,0,no_load,none,"A1: Servo ON, shaft stationary",servo-app/lab-0.1
1781155805.3732724,53.1466383934021,A1_HOLDING_SERVO_ON,A1_HOLDING_SERVO_ON_R01_20260611_122911,delta-asda-b3-e,1616,VE|SOD|TR,1,0,7462,0,0,0.0,0,0.0,300,47,4270,2391,6000,,0,,,,holding,normal,0,no_load,none,"A1: Servo ON, shaft stationary",servo-app/lab-0.1
1781155805.4734528,53.24681878089905,A1_HOLDING_SERVO_ON,A1_HOLDING_SERVO_ON_R01_20260611_122911,delta-asda-b3-e,1616,VE|SOD|TR,1,0,7462,0,0,0.0,0,0.0,300,47,4270,2391,6000,,0,,,,holding,normal,0,no_load,none,"A1: Servo ON, shaft stationary",servo-app/lab-0.1
1781155805.5738297,53.347195625305176,A1_HOLDING_SERVO_ON,A1_HOLDING_SERVO_ON_R01_20260611_122911,delta-asda-b3-e,1616,VE|SOD|TR,1,0,7470,0,0,0.0,0,0.0,300,47,4270,2391,6000,,0,,,,holding,normal,0,no_load,none,"A1: Servo ON, shaft stationary",servo-app/lab-0.1
1781155805.67422,53.44758605957031,A1_HOLDING_SERVO_ON,A1_HOLDING_SERVO_ON_R01_20260611_122911,delta-asda-b3-e,1616,VE|SOD|TR,1,0,7462,0,0,0.0,0,0.0,300,47,4270,2391,6000,,0,,,,holding,normal,0,no_load,none,"A1: Servo ON, shaft stationary",servo-app/lab-0.1
1781155805.774962,53.548327922821045,A1_HOLDING_SERVO_ON,A1_HOLDING_SERVO_ON_R01_20260611_122911,delta-asda-b3-e,1616,VE|SOD|TR,1,0,7458,0,0,0.0,0,0.0,300,47,4270,2391,6000,,0,,,,holding,normal,0,no_load,none,"A1: Servo ON, shaft stationary",servo-app/lab-0.1
1781155805.8753426,53.64870858192444,A1_HOLDING_SERVO_ON,A1_HOLDING_SERVO_ON_R01_20260611_122911,delta-asda-b3-e,1616,VE|SOD|TR,1,0,7464,0,0,0.0,0,0.0,301,47,4270,2391,6000,,0,,,,holding,normal,0,no_load,none,"A1: Servo ON, shaft stationary",servo-app/lab-0.1
1781155805.975735,53.74910092353821,A1_HOLDING_SERVO_ON,A1_HOLDING_SERVO_ON_R01_20260611_122911,delta-asda-b3-e,1616,VE|SOD|TR,1,0,7458,0,0,0.0,0,0.0,300,47,4270,2391,6000,,0,,,,holding,normal,0,no_load,none,"A1: Servo ON, shaft stationary",servo-app/lab-0.1
1781155806.0761406,53.84950661659241,A1_HOLDING_SERVO_ON,A1_HOLDING_SERVO_ON_R01_20260611_122911,delta-asda-b3-e,1616,VE|SOD|TR,1,0,7470,0,0,0.0,0,0.0,301,47,4270,2391,6000,,0,,,,holding,normal,0,no_load,none,"A1: Servo ON, shaft stationary",servo-app/lab-0.1
1781155806.1764624,53.94982838630676,A1_HOLDING_SERVO_ON,A1_HOLDING_SERVO_ON_R01_20260611_122911,delta-asda-b3-e,1616,VE|SOD|TR,1,0,7462,0,0,0.0,0,0.0,301,47,4270,2391,6000,,0,,,,holding,normal,0,no_load,none,"A1: Servo ON, shaft stationary",servo-app/lab-0.1
1781155806.276715,54.05008101463318,A1_HOLDING_SERVO_ON,A1_HOLDING_SERVO_ON_R01_20260611_122911,delta-asda-b3-e,1616,VE|SOD|TR,1,0,7464,0,0,0.0,0,0.0,301,47,4270,2391,6000,,0,,,,holding,normal,0,no_load,none,"A1: Servo ON, shaft stationary",servo-app/lab-0.1
1781155806.3767507,54.15011668205261,A1_HOLDING_SERVO_ON,A1_HOLDING_SERVO_ON_R01_20260611_122911,delta-asda-b3-e,1616,VE|SOD|TR,1,0,7464,0,0,0.0,0,0.0,301,47,4270,2391,6000,,0,,,,holding,normal,0,no_load,none,"A1: Servo ON, shaft stationary",servo-app/lab-0.1
1781155806.477168,54.25053405761719,A1_HOLDING_SERVO_ON,A1_HOLDING_SERVO_ON_R01_20260611_122911,delta-asda-b3-e,1616,VE|SOD|TR,1,0,7464,0,0,0.0,0,0.0,301,47,4270,2391,6000,,0,,,,holding,normal,0,no_load,none,"A1: Servo ON, shaft stationary",servo-app/lab-0.1
1781155806.5775447,54.350910663604736,A1_HOLDING_SERVO_ON,A1_HOLDING_SERVO_ON_R01_20260611_122911,delta-asda-b3-e,1616,VE|SOD|TR,1,0,7464,0,0,0.0,0,0.0,300,47,4270,2391,6000,,0,,,,holding,normal,0,no_load,none,"A1: Servo ON, shaft stationary",servo-app/lab-0.1
1781155806.677928,54.4512939453125,A1_HOLDING_SERVO_ON,A1_HOLDING_SERVO_ON_R01_20260611_122911,delta-asda-b3-e,1616,VE|SOD|TR,1,0,7464,0,0,0.0,0,0.0,301,47,4270,2391,6000,,0,,,,holding,normal,0,no_load,none,"A1: Servo ON, shaft stationary",servo-app/lab-0.1
1781155806.7783394,54.5517053604126,A1_HOLDING_SERVO_ON,A1_HOLDING_SERVO_ON_R01_20260611_122911,delta-asda-b3-e,1616,VE|SOD|TR,1,0,7464,0,0,0.0,0,0.0,301,47,4270,2391,6000,,0,,,,holding,normal,0,no_load,none,"A1: Servo ON, shaft stationary",servo-app/lab-0.1
1781155806.8786483,54.65201425552368,A1_HOLDING_SERVO_ON,A1_HOLDING_SERVO_ON_R01_20260611_122911,delta-asda-b3-e,1616,VE|SOD|TR,1,0,7464,0,0,0.0,0,0.0,301,47,4270,2391,6000,,0,,,,holding,normal,0,no_load,none,"A1: Servo ON, shaft stationary",servo-app/lab-0.1
1781155806.9789855,54.75235152244568,A1_HOLDING_SERVO_ON,A1_HOLDING_SERVO_ON_R01_20260611_122911,delta-asda-b3-e,1616,VE|SOD|TR,1,0,7462,0,0,0.0,0,0.0,301,47,4270,2391,6000,,0,,,,holding,normal,0,no_load,none,"A1: Servo ON, shaft stationary",servo-app/lab-0.1
1781155807.0793774,54.85274338722229,A1_HOLDING_SERVO_ON,A1_HOLDING_SERVO_ON_R01_20260611_122911,delta-asda-b3-e,1616,VE|SOD|TR,1,0,7462,0,0,0.0,0,0.0,301,47,4270,2391,6000,,0,,,,holding,normal,0,no_load,none,"A1: Servo ON, shaft stationary",servo-app/lab-0.1
1781155807.1796656,54.95303153991699,A1_HOLDING_SERVO_ON,A1_HOLDING_SERVO_ON_R01_20260611_122911,delta-asda-b3-e,1616,VE|SOD|TR,1,0,7462,0,0,0.0,0,0.0,301,47,4270,2391,6000,,0,,,,holding,normal,0,no_load,none,"A1: Servo ON, shaft stationary",servo-app/lab-0.1
1781155807.2801776,55.05354356765747,A1_HOLDING_SERVO_ON,A1_HOLDING_SERVO_ON_R01_20260611_122911,delta-asda-b3-e,1616,VE|SOD|TR,1,0,7464,0,0,0.0,0,0.0,301,47,4270,2391,6000,,0,,,,holding,normal,0,no_load,none,"A1: Servo ON, shaft stationary",servo-app/lab-0.1
1781155807.380246,55.15361189842224,A1_HOLDING_SERVO_ON,A1_HOLDING_SERVO_ON_R01_20260611_122911,delta-asda-b3-e,1616,VE|SOD|TR,1,0,7464,0,0,0.0,0,0.0,301,47,4270,2391,6000,,0,,,,holding,normal,0,no_load,none,"A1: Servo ON, shaft stationary",servo-app/lab-0.1
1781155807.4803536,55.25371956825256,A1_HOLDING_SERVO_ON,A1_HOLDING_SERVO_ON_R01_20260611_122911,delta-asda-b3-e,1616,VE|SOD|TR,1,0,7462,0,0,0.0,0,0.0,301,47,4270,2391,6000,,0,,,,holding,normal,0,no_load,none,"A1: Servo ON, shaft stationary",servo-app/lab-0.1
1781155807.580476,55.35384202003479,A1_HOLDING_SERVO_ON,A1_HOLDING_SERVO_ON_R01_20260611_122911,delta-asda-b3-e,1616,VE|SOD|TR,1,0,7468,0,0,0.0,0,0.0,301,47,4270,2391,6000,,0,,,,holding,normal,0,no_load,none,"A1: Servo ON, shaft stationary",servo-app/lab-0.1
1781155807.6811202,55.45448613166809,A1_HOLDING_SERVO_ON,A1_HOLDING_SERVO_ON_R01_20260611_122911,delta-asda-b3-e,1616,VE|SOD|TR,1,0,7464,0,0,0.0,0,0.0,301,47,4270,2391,6000,,0,,,,holding,normal,0,no_load,none,"A1: Servo ON, shaft stationary",servo-app/lab-0.1
1781155807.7816615,55.5550274848938,A1_HOLDING_SERVO_ON,A1_HOLDING_SERVO_ON_R01_20260611_122911,delta-asda-b3-e,1616,VE|SOD|TR,1,0,7468,0,0,0.0,0,0.0,301,47,4270,2391,6000,,0,,,,holding,normal,0,no_load,none,"A1: Servo ON, shaft stationary",servo-app/lab-0.1
1781155807.8820033,55.6553692817688,A1_HOLDING_SERVO_ON,A1_HOLDING_SERVO_ON_R01_20260611_122911,delta-asda-b3-e,1616,VE|SOD|TR,1,0,7462,0,0,0.0,0,0.0,301,47,4270,2391,6000,,0,,,,holding,normal,0,no_load,none,"A1: Servo ON, shaft stationary",servo-app/lab-0.1
1781155807.982587,55.75595307350159,A1_HOLDING_SERVO_ON,A1_HOLDING_SERVO_ON_R01_20260611_122911,delta-asda-b3-e,1616,VE|SOD|TR,1,0,7462,0,0,0.0,0,0.0,301,47,4270,2391,6000,,0,,,,holding,normal,0,no_load,none,"A1: Servo ON, shaft stationary",servo-app/lab-0.1
1781155808.0832376,55.85660362243652,A1_HOLDING_SERVO_ON,A1_HOLDING_SERVO_ON_R01_20260611_122911,delta-asda-b3-e,1616,VE|SOD|TR,1,0,7468,0,0,0.0,0,0.0,301,47,4270,2391,6000,,0,,,,holding,normal,0,no_load,none,"A1: Servo ON, shaft stationary",servo-app/lab-0.1
1781155808.1835802,55.95694613456726,A1_HOLDING_SERVO_ON,A1_HOLDING_SERVO_ON_R01_20260611_122911,delta-asda-b3-e,1616,VE|SOD|TR,1,0,7474,0,0,0.0,0,0.0,301,47,4270,2391,6000,,0,,,,holding,normal,0,no_load,none,"A1: Servo ON, shaft stationary",servo-app/lab-0.1
1781155808.2836423,56.057008266448975,A1_HOLDING_SERVO_ON,A1_HOLDING_SERVO_ON_R01_20260611_122911,delta-asda-b3-e,1616,VE|SOD|TR,1,0,7464,0,0,0.0,0,0.0,301,47,4270,2391,6000,,0,,,,holding,normal,0,no_load,none,"A1: Servo ON, shaft stationary",servo-app/lab-0.1
1781155808.3837204,56.15708637237549,A1_HOLDING_SERVO_ON,A1_HOLDING_SERVO_ON_R01_20260611_122911,delta-asda-b3-e,1616,VE|SOD|TR,1,0,7468,0,0,0.0,0,0.0,301,47,4270,2391,6000,,0,,,,holding,normal,0,no_load,none,"A1: Servo ON, shaft stationary",servo-app/lab-0.1
1781155808.4842618,56.257627725601196,A1_HOLDING_SERVO_ON,A1_HOLDING_SERVO_ON_R01_20260611_122911,delta-asda-b3-e,1616,VE|SOD|TR,1,0,7464,0,0,0.0,0,0.0,301,47,4270,2391,6000,,0,,,,holding,normal,0,no_load,none,"A1: Servo ON, shaft stationary",servo-app/lab-0.1
1781155808.5849023,56.35826826095581,A1_HOLDING_SERVO_ON,A1_HOLDING_SERVO_ON_R01_20260611_122911,delta-asda-b3-e,1616,VE|SOD|TR,1,0,7464,0,0,0.0,0,0.0,301,47,4270,2391,6000,,0,,,,holding,normal,0,no_load,none,"A1: Servo ON, shaft stationary",servo-app/lab-0.1
1781155808.6851234,56.458489418029785,A1_HOLDING_SERVO_ON,A1_HOLDING_SERVO_ON_R01_20260611_122911,delta-asda-b3-e,1616,VE|SOD|TR,1,0,7464,0,0,0.0,0,0.0,301,47,4270,2391,6000,,0,,,,holding,normal,0,no_load,none,"A1: Servo ON, shaft stationary",servo-app/lab-0.1
1781155808.7858098,56.55917572975159,A1_HOLDING_SERVO_ON,A1_HOLDING_SERVO_ON_R01_20260611_122911,delta-asda-b3-e,1616,VE|SOD|TR,1,0,7468,0,0,0.0,0,0.0,301,47,4270,2391,6000,,0,,,,holding,normal,0,no_load,none,"A1: Servo ON, shaft stationary",servo-app/lab-0.1
1781155808.8860607,56.65942668914795,A1_HOLDING_SERVO_ON,A1_HOLDING_SERVO_ON_R01_20260611_122911,delta-asda-b3-e,1616,VE|SOD|TR,1,0,7470,0,0,0.0,0,0.0,301,47,4270,2391,6000,,0,,,,holding,normal,0,no_load,none,"A1: Servo ON, shaft stationary",servo-app/lab-0.1
1781155808.9862,56.75956606864929,A1_HOLDING_SERVO_ON,A1_HOLDING_SERVO_ON_R01_20260611_122911,delta-asda-b3-e,1616,VE|SOD|TR,1,0,7464,0,0,0.0,0,0.0,301,47,4270,2391,6000,,0,,,,holding,normal,0,no_load,none,"A1: Servo ON, shaft stationary",servo-app/lab-0.1
1781155809.0868511,56.86021709442139,A1_HOLDING_SERVO_ON,A1_HOLDING_SERVO_ON_R01_20260611_122911,delta-asda-b3-e,1616,VE|SOD|TR,1,0,7462,0,0,0.0,0,0.0,301,47,4270,2391,6000,,0,,,,holding,normal,0,no_load,none,"A1: Servo ON, shaft stationary",servo-app/lab-0.1
1781155809.1892333,56.96259927749634,A1_HOLDING_SERVO_ON,A1_HOLDING_SERVO_ON_R01_20260611_122911,delta-asda-b3-e,1616,VE|SOD|TR,1,0,7464,0,0,0.0,0,0.0,301,47,4270,2391,6000,,0,,,,holding,normal,0,no_load,none,"A1: Servo ON, shaft stationary",servo-app/lab-0.1
1781155809.2897632,57.06312918663025,A1_HOLDING_SERVO_ON,A1_HOLDING_SERVO_ON_R01_20260611_122911,delta-asda-b3-e,1616,VE|SOD|TR,1,0,7464,0,0,0.0,0,0.0,301,47,4270,2391,6000,,0,,,,holding,normal,0,no_load,none,"A1: Servo ON, shaft stationary",servo-app/lab-0.1
1781155809.3903084,57.16367435455322,A1_HOLDING_SERVO_ON,A1_HOLDING_SERVO_ON_R01_20260611_122911,delta-asda-b3-e,1616,VE|SOD|TR,1,0,7468,0,0,0.0,0,0.0,301,47,4270,2391,6000,,0,,,,holding,normal,0,no_load,none,"A1: Servo ON, shaft stationary",servo-app/lab-0.1
1781155809.4906797,57.26404571533203,A1_HOLDING_SERVO_ON,A1_HOLDING_SERVO_ON_R01_20260611_122911,delta-asda-b3-e,1616,VE|SOD|TR,1,0,7474,0,0,0.0,0,0.0,301,47,4270,2391,6000,,0,,,,holding,normal,0,no_load,none,"A1: Servo ON, shaft stationary",servo-app/lab-0.1
1781155809.5907702,57.36413621902466,A1_HOLDING_SERVO_ON,A1_HOLDING_SERVO_ON_R01_20260611_122911,delta-asda-b3-e,1616,VE|SOD|TR,1,0,7464,0,0,0.0,0,0.0,301,47,4270,2391,6000,,0,,,,holding,normal,0,no_load,none,"A1: Servo ON, shaft stationary",servo-app/lab-0.1
1781155809.6913328,57.464698791503906,A1_HOLDING_SERVO_ON,A1_HOLDING_SERVO_ON_R01_20260611_122911,delta-asda-b3-e,1616,VE|SOD|TR,1,0,7474,0,0,0.0,0,0.0,301,47,4270,2391,6000,,0,,,,holding,normal,0,no_load,none,"A1: Servo ON, shaft stationary",servo-app/lab-0.1
1781155809.791706,57.56507205963135,A1_HOLDING_SERVO_ON,A1_HOLDING_SERVO_ON_R01_20260611_122911,delta-asda-b3-e,1616,VE|SOD|TR,1,0,7464,0,0,0.0,0,0.0,301,47,4270,2391,6000,,0,,,,holding,normal,0,no_load,none,"A1: Servo ON, shaft stationary",servo-app/lab-0.1
1781155809.891939,57.6653048992157,A1_HOLDING_SERVO_ON,A1_HOLDING_SERVO_ON_R01_20260611_122911,delta-asda-b3-e,1616,VE|SOD|TR,1,0,7464,0,0,0.0,0,0.0,301,47,4270,2391,6000,,0,,,,holding,normal,0,no_load,none,"A1: Servo ON, shaft stationary",servo-app/lab-0.1
1781155809.9921181,57.76548409461975,A1_HOLDING_SERVO_ON,A1_HOLDING_SERVO_ON_R01_20260611_122911,delta-asda-b3-e,1616,VE|SOD|TR,1,0,7464,0,0,0.0,0,0.0,301,47,4270,2391,6000,,0,,,,holding,normal,0,no_load,none,"A1: Servo ON, shaft stationary",servo-app/lab-0.1
1781155810.092261,57.86562705039978,A1_HOLDING_SERVO_ON,A1_HOLDING_SERVO_ON_R01_20260611_122911,delta-asda-b3-e,1616,VE|SOD|TR,1,0,7468,0,0,0.0,0,0.0,300,47,4270,2391,6000,,0,,,,holding,normal,0,no_load,none,"A1: Servo ON, shaft stationary",servo-app/lab-0.1
1781155810.192678,57.9660439491272,A1_HOLDING_SERVO_ON,A1_HOLDING_SERVO_ON_R01_20260611_122911,delta-asda-b3-e,1616,VE|SOD|TR,1,0,7470,0,0,0.0,0,0.0,300,47,4270,2391,6000,,0,,,,holding,normal,0,no_load,none,"A1: Servo ON, shaft stationary",servo-app/lab-0.1
1781155810.2928867,58.06625270843506,A1_HOLDING_SERVO_ON,A1_HOLDING_SERVO_ON_R01_20260611_122911,delta-asda-b3-e,1616,VE|SOD|TR,1,0,7470,0,0,0.0,0,0.0,301,47,4270,2391,6000,,0,,,,holding,normal,0,no_load,none,"A1: Servo ON, shaft stationary",servo-app/lab-0.1
1781155810.3934565,58.16682243347168,A1_HOLDING_SERVO_ON,A1_HOLDING_SERVO_ON_R01_20260611_122911,delta-asda-b3-e,1616,VE|SOD|TR,1,0,7468,0,0,0.0,0,0.0,301,47,4270,2391,6000,,0,,,,holding,normal,0,no_load,none,"A1: Servo ON, shaft stationary",servo-app/lab-0.1
1781155810.4937701,58.267136096954346,A1_HOLDING_SERVO_ON,A1_HOLDING_SERVO_ON_R01_20260611_122911,delta-asda-b3-e,1616,VE|SOD|TR,1,0,7468,0,0,0.0,0,0.0,301,47,4270,2391,6000,,0,,,,holding,normal,0,no_load,none,"A1: Servo ON, shaft stationary",servo-app/lab-0.1
1781155810.5939238,58.367289781570435,A1_HOLDING_SERVO_ON,A1_HOLDING_SERVO_ON_R01_20260611_122911,delta-asda-b3-e,1616,VE|SOD|TR,1,0,7464,0,0,0.0,0,0.0,301,47,4270,2391,6000,,0,,,,holding,normal,0,no_load,none,"A1: Servo ON, shaft stationary",servo-app/lab-0.1
1781155810.6948426,58.46820855140686,A1_HOLDING_SERVO_ON,A1_HOLDING_SERVO_ON_R01_20260611_122911,delta-asda-b3-e,1616,VE|SOD|TR,1,0,7464,0,0,0.0,0,0.0,301,47,4270,2391,6000,,0,,,,holding,normal,0,no_load,none,"A1: Servo ON, shaft stationary",servo-app/lab-0.1
1781155810.7951314,58.5684974193573,A1_HOLDING_SERVO_ON,A1_HOLDING_SERVO_ON_R01_20260611_122911,delta-asda-b3-e,1616,VE|SOD|TR,1,0,7462,0,0,0.0,0,0.0,301,47,4270,2391,6000,,0,,,,holding,normal,0,no_load,none,"A1: Servo ON, shaft stationary",servo-app/lab-0.1
1781155810.8956316,58.66899752616882,A1_HOLDING_SERVO_ON,A1_HOLDING_SERVO_ON_R01_20260611_122911,delta-asda-b3-e,1616,VE|SOD|TR,1,0,7462,0,0,0.0,0,0.0,300,47,4270,2391,6000,,0,,,,holding,normal,0,no_load,none,"A1: Servo ON, shaft stationary",servo-app/lab-0.1
1781155810.9961596,58.7695255279541,A1_HOLDING_SERVO_ON,A1_HOLDING_SERVO_ON_R01_20260611_122911,delta-asda-b3-e,1616,VE|SOD|TR,1,0,7458,0,0,0.0,0,0.0,301,47,4270,2391,6000,,0,,,,holding,normal,0,no_load,none,"A1: Servo ON, shaft stationary",servo-app/lab-0.1
1781155811.0976076,58.87097358703613,A1_HOLDING_SERVO_ON,A1_HOLDING_SERVO_ON_R01_20260611_122911,delta-asda-b3-e,1616,VE|SOD|TR,1,0,7462,0,0,0.0,0,0.0,300,47,4270,2391,6000,,0,,,,holding,normal,0,no_load,none,"A1: Servo ON, shaft stationary",servo-app/lab-0.1
1781155811.1977546,58.97112059593201,A1_HOLDING_SERVO_ON,A1_HOLDING_SERVO_ON_R01_20260611_122911,delta-asda-b3-e,1616,VE|SOD|TR,1,0,7468,0,0,0.0,0,0.0,300,47,4270,2391,6000,,0,,,,holding,normal,0,no_load,none,"A1: Servo ON, shaft stationary",servo-app/lab-0.1
1781155811.2980506,59.07141661643982,A1_HOLDING_SERVO_ON,A1_HOLDING_SERVO_ON_R01_20260611_122911,delta-asda-b3-e,1616,VE|SOD|TR,1,0,7470,0,0,0.0,0,0.0,300,47,4270,2391,6000,,0,,,,holding,normal,0,no_load,none,"A1: Servo ON, shaft stationary",servo-app/lab-0.1
1781155811.3984292,59.171795129776,A1_HOLDING_SERVO_ON,A1_HOLDING_SERVO_ON_R01_20260611_122911,delta-asda-b3-e,1616,VE|SOD|TR,1,0,7474,0,0,0.0,0,0.0,300,47,4270,2391,6000,,0,,,,holding,normal,0,no_load,none,"A1: Servo ON, shaft stationary",servo-app/lab-0.1
1781155811.4985945,59.271960496902466,A1_HOLDING_SERVO_ON,A1_HOLDING_SERVO_ON_R01_20260611_122911,delta-asda-b3-e,1616,VE|SOD|TR,1,0,7464,0,0,0.0,0,0.0,300,47,4270,2391,6000,,0,,,,holding,normal,0,no_load,none,"A1: Servo ON, shaft stationary",servo-app/lab-0.1
1781155811.600107,59.373472929000854,A1_HOLDING_SERVO_ON,A1_HOLDING_SERVO_ON_R01_20260611_122911,delta-asda-b3-e,1616,VE|SOD|TR,1,0,7468,0,0,0.0,0,0.0,300,47,4270,2391,6000,,0,,,,holding,normal,0,no_load,none,"A1: Servo ON, shaft stationary",servo-app/lab-0.1
1781155811.702973,59.4763388633728,A1_HOLDING_SERVO_ON,A1_HOLDING_SERVO_ON_R01_20260611_122911,delta-asda-b3-e,1616,VE|SOD|TR,1,0,7464,0,0,0.0,0,0.0,300,47,4270,2391,6000,,0,,,,holding,normal,0,no_load,none,"A1: Servo ON, shaft stationary",servo-app/lab-0.1
1781155811.8033345,59.57670044898987,A1_HOLDING_SERVO_ON,A1_HOLDING_SERVO_ON_R01_20260611_122911,delta-asda-b3-e,1616,VE|SOD|TR,1,0,7456,0,0,0.0,0,0.0,300,47,4270,2391,6000,,0,,,,holding,normal,0,no_load,none,"A1: Servo ON, shaft stationary",servo-app/lab-0.1
1781155811.9038477,59.67721366882324,A1_HOLDING_SERVO_ON,A1_HOLDING_SERVO_ON_R01_20260611_122911,delta-asda-b3-e,1616,VE|SOD|TR,1,0,7468,0,0,0.0,0,0.0,300,47,4270,2391,6000,,0,,,,holding,normal,0,no_load,none,"A1: Servo ON, shaft stationary",servo-app/lab-0.1
1781155812.003922,59.77728796005249,A1_HOLDING_SERVO_ON,A1_HOLDING_SERVO_ON_R01_20260611_122911,delta-asda-b3-e,1616,VE|SOD|TR,1,0,7464,0,0,0.0,0,0.0,300,47,4270,2391,6000,,0,,,,holding,normal,0,no_load,none,"A1: Servo ON, shaft stationary",servo-app/lab-0.1
1781155812.1042514,59.87761735916138,A1_HOLDING_SERVO_ON,A1_HOLDING_SERVO_ON_R01_20260611_122911,delta-asda-b3-e,1616,VE|SOD|TR,1,0,7462,0,0,0.0,0,0.0,300,47,4270,2391,6000,,0,,,,holding,normal,0,no_load,none,"A1: Servo ON, shaft stationary",servo-app/lab-0.1
1781155812.2047286,59.97809457778931,A1_HOLDING_SERVO_ON,A1_HOLDING_SERVO_ON_R01_20260611_122911,delta-asda-b3-e,1616,VE|SOD|TR,1,0,7462,0,0,0.0,0,0.0,300,47,4270,2391,6000,,0,,,,holding,normal,0,no_load,none,"A1: Servo ON, shaft stationary",servo-app/lab-0.1
1781155812.305015,60.078381061553955,A1_HOLDING_SERVO_ON,A1_HOLDING_SERVO_ON_R01_20260611_122911,delta-asda-b3-e,1616,VE|SOD|TR,1,0,7464,0,0,0.0,0,0.0,300,47,4270,2391,6000,,0,,,,holding,normal,0,no_load,none,"A1: Servo ON, shaft stationary",servo-app/lab-0.1
1781155812.4054928,60.17885875701904,A1_HOLDING_SERVO_ON,A1_HOLDING_SERVO_ON_R01_20260611_122911,delta-asda-b3-e,1616,VE|SOD|TR,1,0,7456,0,0,0.0,0,0.0,300,47,4270,2391,6000,,0,,,,holding,normal,0,no_load,none,"A1: Servo ON, shaft stationary",servo-app/lab-0.1
1781155812.5055556,60.278921604156494,A1_HOLDING_SERVO_ON,A1_HOLDING_SERVO_ON_R01_20260611_122911,delta-asda-b3-e,1616,VE|SOD|TR,1,0,7464,0,0,0.0,0,0.0,300,47,4270,2391,6000,,0,,,,holding,normal,0,no_load,none,"A1: Servo ON, shaft stationary",servo-app/lab-0.1
1781155812.6059859,60.37935185432434,A1_HOLDING_SERVO_ON,A1_HOLDING_SERVO_ON_R01_20260611_122911,delta-asda-b3-e,1616,VE|SOD|TR,1,0,7462,0,0,0.0,0,0.0,300,47,4270,2391,6000,,0,,,,holding,normal,0,no_load,none,"A1: Servo ON, shaft stationary",servo-app/lab-0.1
1781155812.706372,60.479737997055054,A1_HOLDING_SERVO_ON,A1_HOLDING_SERVO_ON_R01_20260611_122911,delta-asda-b3-e,1616,VE|SOD|TR,1,0,7462,0,0,0.0,0,0.0,300,47,4270,2391,6000,,0,,,,holding,normal,0,no_load,none,"A1: Servo ON, shaft stationary",servo-app/lab-0.1
1781155812.806824,60.5801899433136,A1_HOLDING_SERVO_ON,A1_HOLDING_SERVO_ON_R01_20260611_122911,delta-asda-b3-e,1616,VE|SOD|TR,1,0,7462,0,0,0.0,0,0.0,300,47,4270,2391,6000,,0,,,,holding,normal,0,no_load,none,"A1: Servo ON, shaft stationary",servo-app/lab-0.1
1781155812.9069412,60.680307149887085,A1_HOLDING_SERVO_ON,A1_HOLDING_SERVO_ON_R01_20260611_122911,delta-asda-b3-e,1616,VE|SOD|TR,1,0,7464,0,0,0.0,0,0.0,300,47,4270,2391,6000,,0,,,,holding,normal,0,no_load,none,"A1: Servo ON, shaft stationary",servo-app/lab-0.1
1781155813.007069,60.78043508529663,A1_HOLDING_SERVO_ON,A1_HOLDING_SERVO_ON_R01_20260611_122911,delta-asda-b3-e,1616,VE|SOD|TR,1,0,7458,0,0,0.0,0,0.0,300,47,4270,2391,6000,,0,,,,holding,normal,0,no_load,none,"A1: Servo ON, shaft stationary",servo-app/lab-0.1
1781155813.1072552,60.88062119483948,A1_HOLDING_SERVO_ON,A1_HOLDING_SERVO_ON_R01_20260611_122911,delta-asda-b3-e,1616,VE|SOD|TR,1,0,7464,0,0,0.0,0,0.0,300,47,4270,2391,6000,,0,,,,holding,normal,0,no_load,none,"A1: Servo ON, shaft stationary",servo-app/lab-0.1
1781155813.2076163,60.980982303619385,A1_HOLDING_SERVO_ON,A1_HOLDING_SERVO_ON_R01_20260611_122911,delta-asda-b3-e,1616,VE|SOD|TR,1,0,7462,0,0,0.0,0,0.0,300,47,4270,2391,6000,,0,,,,holding,normal,0,no_load,none,"A1: Servo ON, shaft stationary",servo-app/lab-0.1
1781155813.3078568,61.08122277259827,A1_HOLDING_SERVO_ON,A1_HOLDING_SERVO_ON_R01_20260611_122911,delta-asda-b3-e,1616,VE|SOD|TR,1,0,7464,0,0,0.0,0,0.0,300,47,4270,2391,6000,,0,,,,holding,normal,0,no_load,none,"A1: Servo ON, shaft stationary",servo-app/lab-0.1
1781155813.4080691,61.181435108184814,A1_HOLDING_SERVO_ON,A1_HOLDING_SERVO_ON_R01_20260611_122911,delta-asda-b3-e,1616,VE|SOD|TR,1,0,7474,0,0,0.0,0,0.0,300,47,4270,2391,6000,,0,,,,holding,normal,0,no_load,none,"A1: Servo ON, shaft stationary",servo-app/lab-0.1
1781155813.5081925,61.28155851364136,A1_HOLDING_SERVO_ON,A1_HOLDING_SERVO_ON_R01_20260611_122911,delta-asda-b3-e,1616,VE|SOD|TR,1,0,7470,0,0,0.0,0,0.0,300,47,4270,2391,6000,,0,,,,holding,normal,0,no_load,none,"A1: Servo ON, shaft stationary",servo-app/lab-0.1
1781155813.608592,61.3819580078125,A1_HOLDING_SERVO_ON,A1_HOLDING_SERVO_ON_R01_20260611_122911,delta-asda-b3-e,1616,VE|SOD|TR,1,0,7464,0,0,0.0,0,0.0,301,47,4270,2391,6000,,0,,,,holding,normal,0,no_load,none,"A1: Servo ON, shaft stationary",servo-app/lab-0.1
1781155813.7087102,61.4820761680603,A1_HOLDING_SERVO_ON,A1_HOLDING_SERVO_ON_R01_20260611_122911,delta-asda-b3-e,1616,VE|SOD|TR,1,0,7468,0,0,0.0,0,0.0,300,47,4270,2391,6000,,0,,,,holding,normal,0,no_load,none,"A1: Servo ON, shaft stationary",servo-app/lab-0.1
1781155813.8090334,61.58239936828613,A1_HOLDING_SERVO_ON,A1_HOLDING_SERVO_ON_R01_20260611_122911,delta-asda-b3-e,1616,VE|SOD|TR,1,0,7464,0,0,0.0,0,0.0,300,47,4270,2391,6000,,0,,,,holding,normal,0,no_load,none,"A1: Servo ON, shaft stationary",servo-app/lab-0.1
1781155813.9094718,61.68283772468567,A1_HOLDING_SERVO_ON,A1_HOLDING_SERVO_ON_R01_20260611_122911,delta-asda-b3-e,1616,VE|SOD|TR,1,0,7458,0,0,0.0,0,0.0,300,47,4270,2391,6000,,0,,,,holding,normal,0,no_load,none,"A1: Servo ON, shaft stationary",servo-app/lab-0.1
1781155814.0100677,61.78343367576599,A1_HOLDING_SERVO_ON,A1_HOLDING_SERVO_ON_R01_20260611_122911,delta-asda-b3-e,1616,VE|SOD|TR,1,0,7468,0,0,0.0,0,0.0,300,47,4270,2391,6000,,0,,,,holding,normal,0,no_load,none,"A1: Servo ON, shaft stationary",servo-app/lab-0.1
1781155814.1102364,61.88360238075256,A1_HOLDING_SERVO_ON,A1_HOLDING_SERVO_ON_R01_20260611_122911,delta-asda-b3-e,1616,VE|SOD|TR,1,0,7468,0,0,0.0,0,0.0,300,47,4270,2391,6000,,0,,,,holding,normal,0,no_load,none,"A1: Servo ON, shaft stationary",servo-app/lab-0.1
1781155814.2105067,61.98387265205383,A1_HOLDING_SERVO_ON,A1_HOLDING_SERVO_ON_R01_20260611_122911,delta-asda-b3-e,1616,VE|SOD|TR,1,0,7464,0,0,0.0,0,0.0,300,47,4270,2391,6000,,0,,,,holding,normal,0,no_load,none,"A1: Servo ON, shaft stationary",servo-app/lab-0.1
1781155814.3110127,62.084378719329834,A1_HOLDING_SERVO_ON,A1_HOLDING_SERVO_ON_R01_20260611_122911,delta-asda-b3-e,1616,VE|SOD|TR,1,0,7468,0,0,0.0,0,0.0,300,47,4270,2391,6000,,0,,,,holding,normal,0,no_load,none,"A1: Servo ON, shaft stationary",servo-app/lab-0.1
1781155814.4122436,62.185609579086304,A1_HOLDING_SERVO_ON,A1_HOLDING_SERVO_ON_R01_20260611_122911,delta-asda-b3-e,1616,VE|SOD|TR,1,0,7468,0,0,0.0,0,0.0,300,47,4270,2391,6000,,0,,,,holding,normal,0,no_load,none,"A1: Servo ON, shaft stationary",servo-app/lab-0.1
1781155814.5129247,62.286290645599365,A1_HOLDING_SERVO_ON,A1_HOLDING_SERVO_ON_R01_20260611_122911,delta-asda-b3-e,1616,VE|SOD|TR,1,0,7468,0,0,0.0,0,0.0,300,47,4270,2391,6000,,0,,,,holding,normal,0,no_load,none,"A1: Servo ON, shaft stationary",servo-app/lab-0.1
1781155814.6131182,62.386484146118164,A1_HOLDING_SERVO_ON,A1_HOLDING_SERVO_ON_R01_20260611_122911,delta-asda-b3-e,1616,VE|SOD|TR,1,0,7458,0,0,0.0,0,0.0,300,47,4270,2391,6000,,0,,,,holding,normal,0,no_load,none,"A1: Servo ON, shaft stationary",servo-app/lab-0.1
1781155814.7133691,62.486735105514526,A1_HOLDING_SERVO_ON,A1_HOLDING_SERVO_ON_R01_20260611_122911,delta-asda-b3-e,1616,VE|SOD|TR,1,0,7462,0,0,0.0,0,0.0,300,47,4270,2391,6000,,0,,,,holding,normal,0,no_load,none,"A1: Servo ON, shaft stationary",servo-app/lab-0.1
1781155814.8136837,62.58704972267151,A1_HOLDING_SERVO_ON,A1_HOLDING_SERVO_ON_R01_20260611_122911,delta-asda-b3-e,1616,VE|SOD|TR,1,0,7464,0,0,0.0,0,0.0,300,47,4270,2391,6000,,0,,,,holding,normal,0,no_load,none,"A1: Servo ON, shaft stationary",servo-app/lab-0.1
1781155814.9139783,62.68734431266785,A1_HOLDING_SERVO_ON,A1_HOLDING_SERVO_ON_R01_20260611_122911,delta-asda-b3-e,1616,VE|SOD|TR,1,0,7462,0,0,0.0,0,0.0,300,47,4270,2391,6000,,0,,,,holding,normal,0,no_load,none,"A1: Servo ON, shaft stationary",servo-app/lab-0.1
1781155815.0144897,62.78785562515259,A1_HOLDING_SERVO_ON,A1_HOLDING_SERVO_ON_R01_20260611_122911,delta-asda-b3-e,1616,VE|SOD|TR,1,0,7464,0,0,0.0,0,0.0,300,47,4270,2391,6000,,0,,,,holding,normal,0,no_load,none,"A1: Servo ON, shaft stationary",servo-app/lab-0.1
1781155815.1151597,62.88852572441101,A1_HOLDING_SERVO_ON,A1_HOLDING_SERVO_ON_R01_20260611_122911,delta-asda-b3-e,1616,VE|SOD|TR,1,0,7464,0,0,0.0,0,0.0,300,47,4270,2391,6000,,0,,,,holding,normal,0,no_load,none,"A1: Servo ON, shaft stationary",servo-app/lab-0.1
1781155815.2154076,62.988773584365845,A1_HOLDING_SERVO_ON,A1_HOLDING_SERVO_ON_R01_20260611_122911,delta-asda-b3-e,1616,VE|SOD|TR,1,0,7464,0,0,0.0,0,0.0,300,47,4270,2391,6000,,0,,,,holding,normal,0,no_load,none,"A1: Servo ON, shaft stationary",servo-app/lab-0.1
1781155815.315732,63.08909797668457,A1_HOLDING_SERVO_ON,A1_HOLDING_SERVO_ON_R01_20260611_122911,delta-asda-b3-e,1616,VE|SOD|TR,1,0,7464,0,0,0.0,0,0.0,300,47,4270,2391,6000,,0,,,,holding,normal,0,no_load,none,"A1: Servo ON, shaft stationary",servo-app/lab-0.1
1781155815.415901,63.18926692008972,A1_HOLDING_SERVO_ON,A1_HOLDING_SERVO_ON_R01_20260611_122911,delta-asda-b3-e,1616,VE|SOD|TR,1,0,7456,0,0,0.0,0,0.0,300,47,4270,2391,6000,,0,,,,holding,normal,0,no_load,none,"A1: Servo ON, shaft stationary",servo-app/lab-0.1
1781155815.516058,63.28942394256592,A1_HOLDING_SERVO_ON,A1_HOLDING_SERVO_ON_R01_20260611_122911,delta-asda-b3-e,1616,VE|SOD|TR,1,0,7462,0,0,0.0,0,0.0,300,47,4270,2391,6000,,0,,,,holding,normal,0,no_load,none,"A1: Servo ON, shaft stationary",servo-app/lab-0.1
1781155815.618207,63.39157295227051,A1_HOLDING_SERVO_ON,A1_HOLDING_SERVO_ON_R01_20260611_122911,delta-asda-b3-e,1616,VE|SOD|TR,1,0,7468,0,0,0.0,0,0.0,300,47,4270,2391,6000,,0,,,,holding,normal,0,no_load,none,"A1: Servo ON, shaft stationary",servo-app/lab-0.1
1781155815.718659,63.49202489852905,A1_HOLDING_SERVO_ON,A1_HOLDING_SERVO_ON_R01_20260611_122911,delta-asda-b3-e,1616,VE|SOD|TR,1,0,7462,0,0,0.0,0,0.0,301,47,4270,2391,6000,,0,,,,holding,normal,0,no_load,none,"A1: Servo ON, shaft stationary",servo-app/lab-0.1
1781155815.8191452,63.59251117706299,A1_HOLDING_SERVO_ON,A1_HOLDING_SERVO_ON_R01_20260611_122911,delta-asda-b3-e,1616,VE|SOD|TR,1,0,7474,0,0,0.0,0,0.0,300,47,4270,2391,6000,,0,,,,holding,normal,0,no_load,none,"A1: Servo ON, shaft stationary",servo-app/lab-0.1
1781155815.9195294,63.69289541244507,A1_HOLDING_SERVO_ON,A1_HOLDING_SERVO_ON_R01_20260611_122911,delta-asda-b3-e,1616,VE|SOD|TR,1,0,7462,0,0,0.0,0,0.0,301,47,4270,2391,6000,,0,,,,holding,normal,0,no_load,none,"A1: Servo ON, shaft stationary",servo-app/lab-0.1
1781155816.0240662,63.79743218421936,A1_HOLDING_SERVO_ON,A1_HOLDING_SERVO_ON_R01_20260611_122911,delta-asda-b3-e,1616,VE|SOD|TR,1,0,7464,0,0,0.0,0,0.0,300,47,4270,2391,6000,,0,,,,holding,normal,0,no_load,none,"A1: Servo ON, shaft stationary",servo-app/lab-0.1
1781155816.1243043,63.89767026901245,A1_HOLDING_SERVO_ON,A1_HOLDING_SERVO_ON_R01_20260611_122911,delta-asda-b3-e,1616,VE|SOD|TR,1,0,7468,0,0,0.0,0,0.0,301,47,4270,2391,6000,,0,,,,holding,normal,0,no_load,none,"A1: Servo ON, shaft stationary",servo-app/lab-0.1
1781155816.2245715,63.99793744087219,A1_HOLDING_SERVO_ON,A1_HOLDING_SERVO_ON_R01_20260611_122911,delta-asda-b3-e,1616,VE|SOD|TR,1,0,7464,0,0,0.0,0,0.0,300,47,4270,2391,6000,,0,,,,holding,normal,0,no_load,none,"A1: Servo ON, shaft stationary",servo-app/lab-0.1
1781155816.3256342,64.0990002155304,A1_HOLDING_SERVO_ON,A1_HOLDING_SERVO_ON_R01_20260611_122911,delta-asda-b3-e,1616,VE|SOD|TR,1,0,7464,0,0,0.0,0,0.0,300,47,4270,2391,6000,,0,,,,holding,normal,0,no_load,none,"A1: Servo ON, shaft stationary",servo-app/lab-0.1
1781155816.4262195,64.19958543777466,A1_HOLDING_SERVO_ON,A1_HOLDING_SERVO_ON_R01_20260611_122911,delta-asda-b3-e,1616,VE|SOD|TR,1,0,7474,0,0,0.0,0,0.0,300,47,4270,2391,6000,,0,,,,holding,normal,0,no_load,none,"A1: Servo ON, shaft stationary",servo-app/lab-0.1
1781155816.526677,64.30004286766052,A1_HOLDING_SERVO_ON,A1_HOLDING_SERVO_ON_R01_20260611_122911,delta-asda-b3-e,1616,VE|SOD|TR,1,0,7462,0,0,0.0,0,0.0,300,47,4270,2391,6000,,0,,,,holding,normal,0,no_load,none,"A1: Servo ON, shaft stationary",servo-app/lab-0.1
1781155816.627351,64.40071702003479,A1_HOLDING_SERVO_ON,A1_HOLDING_SERVO_ON_R01_20260611_122911,delta-asda-b3-e,1616,VE|SOD|TR,1,0,7458,0,0,0.0,0,0.0,300,47,4270,2391,6000,,0,,,,holding,normal,0,no_load,none,"A1: Servo ON, shaft stationary",servo-app/lab-0.1
1781155816.7276113,64.50097727775574,A1_HOLDING_SERVO_ON,A1_HOLDING_SERVO_ON_R01_20260611_122911,delta-asda-b3-e,1616,VE|SOD|TR,1,0,7464,0,0,0.0,0,0.0,300,47,4270,2391,6000,,0,,,,holding,normal,0,no_load,none,"A1: Servo ON, shaft stationary",servo-app/lab-0.1
1781155816.8285604,64.60192632675171,A1_HOLDING_SERVO_ON,A1_HOLDING_SERVO_ON_R01_20260611_122911,delta-asda-b3-e,1616,VE|SOD|TR,1,0,7464,0,0,0.0,0,0.0,300,47,4270,2391,6000,,0,,,,holding,normal,0,no_load,none,"A1: Servo ON, shaft stationary",servo-app/lab-0.1
1781155816.9297485,64.70311450958252,A1_HOLDING_SERVO_ON,A1_HOLDING_SERVO_ON_R01_20260611_122911,delta-asda-b3-e,1616,VE|SOD|TR,1,0,7464,0,0,0.0,0,0.0,300,47,4270,2391,6000,,0,,,,holding,normal,0,no_load,none,"A1: Servo ON, shaft stationary",servo-app/lab-0.1
1781155817.0300019,64.80336785316467,A1_HOLDING_SERVO_ON,A1_HOLDING_SERVO_ON_R01_20260611_122911,delta-asda-b3-e,1616,VE|SOD|TR,1,0,7470,0,0,0.0,0,0.0,300,47,4270,2391,6000,,0,,,,holding,normal,0,no_load,none,"A1: Servo ON, shaft stationary",servo-app/lab-0.1
1781155817.13056,64.90392589569092,A1_HOLDING_SERVO_ON,A1_HOLDING_SERVO_ON_R01_20260611_122911,delta-asda-b3-e,1616,VE|SOD|TR,1,0,7464,0,0,0.0,0,0.0,300,47,4270,2391,6000,,0,,,,holding,normal,0,no_load,none,"A1: Servo ON, shaft stationary",servo-app/lab-0.1
1781155817.231032,65.00439786911011,A1_HOLDING_SERVO_ON,A1_HOLDING_SERVO_ON_R01_20260611_122911,delta-asda-b3-e,1616,VE|SOD|TR,1,0,7464,0,0,0.0,0,0.0,300,47,4270,2391,6000,,0,,,,holding,normal,0,no_load,none,"A1: Servo ON, shaft stationary",servo-app/lab-0.1
1781155817.3314164,65.10478234291077,A1_HOLDING_SERVO_ON,A1_HOLDING_SERVO_ON_R01_20260611_122911,delta-asda-b3-e,1616,VE|SOD|TR,1,0,7458,0,0,0.0,0,0.0,300,47,4270,2391,6000,,0,,,,holding,normal,0,no_load,none,"A1: Servo ON, shaft stationary",servo-app/lab-0.1
1781155817.4316666,65.20503258705139,A1_HOLDING_SERVO_ON,A1_HOLDING_SERVO_ON_R01_20260611_122911,delta-asda-b3-e,1616,VE|SOD|TR,1,0,7474,0,0,0.0,0,0.0,300,47,4270,2391,6000,,0,,,,holding,normal,0,no_load,none,"A1: Servo ON, shaft stationary",servo-app/lab-0.1
1781155817.5325956,65.30596160888672,A1_HOLDING_SERVO_ON,A1_HOLDING_SERVO_ON_R01_20260611_122911,delta-asda-b3-e,1616,VE|SOD|TR,1,0,7462,0,0,0.0,0,0.0,300,47,4270,2391,6000,,0,,,,holding,normal,0,no_load,none,"A1: Servo ON, shaft stationary",servo-app/lab-0.1
1781155817.632809,65.40617489814758,A1_HOLDING_SERVO_ON,A1_HOLDING_SERVO_ON_R01_20260611_122911,delta-asda-b3-e,1616,VE|SOD|TR,1,0,7468,0,0,0.0,0,0.0,300,47,4270,2391,6000,,0,,,,holding,normal,0,no_load,none,"A1: Servo ON, shaft stationary",servo-app/lab-0.1
1781155817.7330196,65.50638556480408,A1_HOLDING_SERVO_ON,A1_HOLDING_SERVO_ON_R01_20260611_122911,delta-asda-b3-e,1616,VE|SOD|TR,1,0,7464,0,0,0.0,0,0.0,300,47,4270,2391,6000,,0,,,,holding,normal,0,no_load,none,"A1: Servo ON, shaft stationary",servo-app/lab-0.1
1781155817.8335443,65.60691022872925,A1_HOLDING_SERVO_ON,A1_HOLDING_SERVO_ON_R01_20260611_122911,delta-asda-b3-e,1616,VE|SOD|TR,1,0,7462,0,0,0.0,0,0.0,300,47,4270,2391,6000,,0,,,,holding,normal,0,no_load,none,"A1: Servo ON, shaft stationary",servo-app/lab-0.1
1781155817.9336138,65.70697975158691,A1_HOLDING_SERVO_ON,A1_HOLDING_SERVO_ON_R01_20260611_122911,delta-asda-b3-e,1616,VE|SOD|TR,1,0,7464,0,0,0.0,0,0.0,300,47,4270,2391,6000,,0,,,,holding,normal,0,no_load,none,"A1: Servo ON, shaft stationary",servo-app/lab-0.1
1781155818.0337636,65.80712962150574,A1_HOLDING_SERVO_ON,A1_HOLDING_SERVO_ON_R01_20260611_122911,delta-asda-b3-e,1616,VE|SOD|TR,1,0,7464,0,0,0.0,0,0.0,300,47,4270,2391,6000,,0,,,,holding,normal,0,no_load,none,"A1: Servo ON, shaft stationary",servo-app/lab-0.1
1781155818.1346507,65.90801668167114,A1_HOLDING_SERVO_ON,A1_HOLDING_SERVO_ON_R01_20260611_122911,delta-asda-b3-e,1616,VE|SOD|TR,1,0,7458,0,0,0.0,0,0.0,300,47,4270,2391,6000,,0,,,,holding,normal,0,no_load,none,"A1: Servo ON, shaft stationary",servo-app/lab-0.1
1781155818.2350829,66.00844883918762,A1_HOLDING_SERVO_ON,A1_HOLDING_SERVO_ON_R01_20260611_122911,delta-asda-b3-e,1616,VE|SOD|TR,1,0,7464,0,0,0.0,0,0.0,300,47,4270,2391,6000,,0,,,,holding,normal,0,no_load,none,"A1: Servo ON, shaft stationary",servo-app/lab-0.1
1781155818.3356423,66.10900831222534,A1_HOLDING_SERVO_ON,A1_HOLDING_SERVO_ON_R01_20260611_122911,delta-asda-b3-e,1616,VE|SOD|TR,1,0,7468,0,0,0.0,0,0.0,300,47,4270,2391,6000,,0,,,,holding,normal,0,no_load,none,"A1: Servo ON, shaft stationary",servo-app/lab-0.1
1781155818.4358752,66.20924115180969,A1_HOLDING_SERVO_ON,A1_HOLDING_SERVO_ON_R01_20260611_122911,delta-asda-b3-e,1616,VE|SOD|TR,1,0,7462,0,0,0.0,0,0.0,300,47,4270,2391,6000,,0,,,,holding,normal,0,no_load,none,"A1: Servo ON, shaft stationary",servo-app/lab-0.1
1781155818.536213,66.30957889556885,A1_HOLDING_SERVO_ON,A1_HOLDING_SERVO_ON_R01_20260611_122911,delta-asda-b3-e,1616,VE|SOD|TR,1,0,7468,0,0,0.0,0,0.0,300,47,4270,2391,6000,,0,,,,holding,normal,0,no_load,none,"A1: Servo ON, shaft stationary",servo-app/lab-0.1
1781155818.636409,66.40977501869202,A1_HOLDING_SERVO_ON,A1_HOLDING_SERVO_ON_R01_20260611_122911,delta-asda-b3-e,1616,VE|SOD|TR,1,0,7464,0,0,0.0,0,0.0,300,47,4270,2391,6000,,0,,,,holding,normal,0,no_load,none,"A1: Servo ON, shaft stationary",servo-app/lab-0.1
1781155818.7369912,66.51035714149475,A1_HOLDING_SERVO_ON,A1_HOLDING_SERVO_ON_R01_20260611_122911,delta-asda-b3-e,1616,VE|SOD|TR,1,0,7468,0,0,0.0,0,0.0,300,47,4270,2391,6000,,0,,,,holding,normal,0,no_load,none,"A1: Servo ON, shaft stationary",servo-app/lab-0.1
1781155818.8374195,66.61078548431396,A1_HOLDING_SERVO_ON,A1_HOLDING_SERVO_ON_R01_20260611_122911,delta-asda-b3-e,1616,VE|SOD|TR,1,0,7468,0,0,0.0,0,0.0,300,47,4270,2391,6000,,0,,,,holding,normal,0,no_load,none,"A1: Servo ON, shaft stationary",servo-app/lab-0.1
1781155818.9379897,66.71135568618774,A1_HOLDING_SERVO_ON,A1_HOLDING_SERVO_ON_R01_20260611_122911,delta-asda-b3-e,1616,VE|SOD|TR,1,0,7462,0,0,0.0,0,0.0,300,47,4270,2391,6000,,0,,,,holding,normal,0,no_load,none,"A1: Servo ON, shaft stationary",servo-app/lab-0.1
1781155819.0383325,66.81169843673706,A1_HOLDING_SERVO_ON,A1_HOLDING_SERVO_ON_R01_20260611_122911,delta-asda-b3-e,1616,VE|SOD|TR,1,0,7464,0,0,0.0,0,0.0,300,47,4270,2391,6000,,0,,,,holding,normal,0,no_load,none,"A1: Servo ON, shaft stationary",servo-app/lab-0.1
1781155819.1395602,66.912926197052,A1_HOLDING_SERVO_ON,A1_HOLDING_SERVO_ON_R01_20260611_122911,delta-asda-b3-e,1616,VE|SOD|TR,1,0,7464,0,0,0.0,0,0.0,300,47,4270,2391,6000,,0,,,,holding,normal,0,no_load,none,"A1: Servo ON, shaft stationary",servo-app/lab-0.1
1781155819.2401674,67.01353335380554,A1_HOLDING_SERVO_ON,A1_HOLDING_SERVO_ON_R01_20260611_122911,delta-asda-b3-e,1616,VE|SOD|TR,1,0,7468,0,0,0.0,0,0.0,300,47,4270,2391,6000,,0,,,,holding,normal,0,no_load,none,"A1: Servo ON, shaft stationary",servo-app/lab-0.1
1781155819.340769,67.11413502693176,A1_HOLDING_SERVO_ON,A1_HOLDING_SERVO_ON_R01_20260611_122911,delta-asda-b3-e,1616,VE|SOD|TR,1,0,7462,0,0,0.0,0,0.0,300,47,4270,2391,6000,,0,,,,holding,normal,0,no_load,none,"A1: Servo ON, shaft stationary",servo-app/lab-0.1
1781155819.4409134,67.21427941322327,A1_HOLDING_SERVO_ON,A1_HOLDING_SERVO_ON_R01_20260611_122911,delta-asda-b3-e,1616,VE|SOD|TR,1,0,7468,0,0,0.0,0,0.0,300,47,4270,2391,6000,,0,,,,holding,normal,0,no_load,none,"A1: Servo ON, shaft stationary",servo-app/lab-0.1
1781155819.5415897,67.31495571136475,A1_HOLDING_SERVO_ON,A1_HOLDING_SERVO_ON_R01_20260611_122911,delta-asda-b3-e,1616,VE|SOD|TR,1,0,7468,0,0,0.0,0,0.0,300,47,4270,2391,6000,,0,,,,holding,normal,0,no_load,none,"A1: Servo ON, shaft stationary",servo-app/lab-0.1
1781155819.6420197,67.41538572311401,A1_HOLDING_SERVO_ON,A1_HOLDING_SERVO_ON_R01_20260611_122911,delta-asda-b3-e,1616,VE|SOD|TR,1,0,7464,0,0,0.0,0,0.0,300,47,4270,2391,6000,,0,,,,holding,normal,0,no_load,none,"A1: Servo ON, shaft stationary",servo-app/lab-0.1
1781155819.742679,67.51604509353638,A1_HOLDING_SERVO_ON,A1_HOLDING_SERVO_ON_R01_20260611_122911,delta-asda-b3-e,1616,VE|SOD|TR,1,0,7464,0,0,0.0,0,0.0,300,47,4270,2391,6000,,0,,,,holding,normal,0,no_load,none,"A1: Servo ON, shaft stationary",servo-app/lab-0.1
1781155819.8431587,67.6165246963501,A1_HOLDING_SERVO_ON,A1_HOLDING_SERVO_ON_R01_20260611_122911,delta-asda-b3-e,1616,VE|SOD|TR,1,0,7468,0,0,0.0,0,0.0,300,47,4270,2391,6000,,0,,,,holding,normal,0,no_load,none,"A1: Servo ON, shaft stationary",servo-app/lab-0.1
1781155819.9433706,67.71673655509949,A1_HOLDING_SERVO_ON,A1_HOLDING_SERVO_ON_R01_20260611_122911,delta-asda-b3-e,1616,VE|SOD|TR,1,0,7464,0,0,0.0,0,0.0,300,47,4270,2391,6000,,0,,,,holding,normal,0,no_load,none,"A1: Servo ON, shaft stationary",servo-app/lab-0.1
1781155820.043927,67.81729292869568,A1_HOLDING_SERVO_ON,A1_HOLDING_SERVO_ON_R01_20260611_122911,delta-asda-b3-e,1616,VE|SOD|TR,1,0,7470,0,0,0.0,0,0.0,300,47,4270,2391,6000,,0,,,,holding,normal,0,no_load,none,"A1: Servo ON, shaft stationary",servo-app/lab-0.1
1781155820.1441064,67.91747236251831,A1_HOLDING_SERVO_ON,A1_HOLDING_SERVO_ON_R01_20260611_122911,delta-asda-b3-e,1616,VE|SOD|TR,1,0,7468,0,0,0.0,0,0.0,300,47,4270,2391,6000,,0,,,,holding,normal,0,no_load,none,"A1: Servo ON, shaft stationary",servo-app/lab-0.1
1781155820.244152,68.01751804351807,A1_HOLDING_SERVO_ON,A1_HOLDING_SERVO_ON_R01_20260611_122911,delta-asda-b3-e,1616,VE|SOD|TR,1,0,7464,0,0,0.0,0,0.0,300,47,4270,2391,6000,,0,,,,holding,normal,0,no_load,none,"A1: Servo ON, shaft stationary",servo-app/lab-0.1
1781155820.3450181,68.11838412284851,A1_HOLDING_SERVO_ON,A1_HOLDING_SERVO_ON_R01_20260611_122911,delta-asda-b3-e,1616,VE|SOD|TR,1,0,7468,0,0,0.0,0,0.0,300,47,4270,2391,6000,,0,,,,holding,normal,0,no_load,none,"A1: Servo ON, shaft stationary",servo-app/lab-0.1
1781155820.4454849,68.21885085105896,A1_HOLDING_SERVO_ON,A1_HOLDING_SERVO_ON_R01_20260611_122911,delta-asda-b3-e,1616,VE|SOD|TR,1,0,7462,0,0,0.0,0,0.0,300,47,4270,2391,6000,,0,,,,holding,normal,0,no_load,none,"A1: Servo ON, shaft stationary",servo-app/lab-0.1
1781155820.5457728,68.31913876533508,A1_HOLDING_SERVO_ON,A1_HOLDING_SERVO_ON_R01_20260611_122911,delta-asda-b3-e,1616,VE|SOD|TR,1,0,7464,0,0,0.0,0,0.0,300,47,4270,2391,6000,,0,,,,holding,normal,0,no_load,none,"A1: Servo ON, shaft stationary",servo-app/lab-0.1
1781155820.6463196,68.41968560218811,A1_HOLDING_SERVO_ON,A1_HOLDING_SERVO_ON_R01_20260611_122911,delta-asda-b3-e,1616,VE|SOD|TR,1,0,7470,0,0,0.0,0,0.0,300,47,4270,2391,6000,,0,,,,holding,normal,0,no_load,none,"A1: Servo ON, shaft stationary",servo-app/lab-0.1
1781155820.7467456,68.52011156082153,A1_HOLDING_SERVO_ON,A1_HOLDING_SERVO_ON_R01_20260611_122911,delta-asda-b3-e,1616,VE|SOD|TR,1,0,7464,0,0,0.0,0,0.0,300,47,4270,2391,6000,,0,,,,holding,normal,0,no_load,none,"A1: Servo ON, shaft stationary",servo-app/lab-0.1
1781155820.847067,68.62043309211731,A1_HOLDING_SERVO_ON,A1_HOLDING_SERVO_ON_R01_20260611_122911,delta-asda-b3-e,1616,VE|SOD|TR,1,0,7470,0,0,0.0,0,0.0,300,47,4270,2391,6000,,0,,,,holding,normal,0,no_load,none,"A1: Servo ON, shaft stationary",servo-app/lab-0.1
1781155820.9472377,68.72060370445251,A1_HOLDING_SERVO_ON,A1_HOLDING_SERVO_ON_R01_20260611_122911,delta-asda-b3-e,1616,VE|SOD|TR,1,0,7462,0,0,0.0,0,0.0,300,47,4270,2391,6000,,0,,,,holding,normal,0,no_load,none,"A1: Servo ON, shaft stationary",servo-app/lab-0.1
1781155821.047488,68.82085394859314,A1_HOLDING_SERVO_ON,A1_HOLDING_SERVO_ON_R01_20260611_122911,delta-asda-b3-e,1616,VE|SOD|TR,1,0,7464,0,0,0.0,0,0.0,300,47,4270,2391,6000,,0,,,,holding,normal,0,no_load,none,"A1: Servo ON, shaft stationary",servo-app/lab-0.1
1781155821.1480112,68.92137718200684,A1_HOLDING_SERVO_ON,A1_HOLDING_SERVO_ON_R01_20260611_122911,delta-asda-b3-e,1616,VE|SOD|TR,1,0,7462,0,0,0.0,0,0.0,300,47,4270,2391,6000,,0,,,,holding,normal,0,no_load,none,"A1: Servo ON, shaft stationary",servo-app/lab-0.1
1781155821.2481337,69.02149963378906,A1_HOLDING_SERVO_ON,A1_HOLDING_SERVO_ON_R01_20260611_122911,delta-asda-b3-e,1616,VE|SOD|TR,1,0,7464,0,0,0.0,0,0.0,300,47,4270,2391,6000,,0,,,,holding,normal,0,no_load,none,"A1: Servo ON, shaft stationary",servo-app/lab-0.1
1781155821.3485324,69.12189841270447,A1_HOLDING_SERVO_ON,A1_HOLDING_SERVO_ON_R01_20260611_122911,delta-asda-b3-e,1616,VE|SOD|TR,1,0,7474,0,0,0.0,0,0.0,300,47,4270,2391,6000,,0,,,,holding,normal,0,no_load,none,"A1: Servo ON, shaft stationary",servo-app/lab-0.1
1781155821.448896,69.22226190567017,A1_HOLDING_SERVO_ON,A1_HOLDING_SERVO_ON_R01_20260611_122911,delta-asda-b3-e,1616,VE|SOD|TR,1,0,7464,0,0,0.0,0,0.0,300,47,4270,2391,6000,,0,,,,holding,normal,0,no_load,none,"A1: Servo ON, shaft stationary",servo-app/lab-0.1
1781155821.5493534,69.32271933555603,A1_HOLDING_SERVO_ON,A1_HOLDING_SERVO_ON_R01_20260611_122911,delta-asda-b3-e,1616,VE|SOD|TR,1,0,7468,0,0,0.0,0,0.0,300,47,4270,2391,6000,,0,,,,holding,normal,0,no_load,none,"A1: Servo ON, shaft stationary",servo-app/lab-0.1
1781155821.6494567,69.42282271385193,A1_HOLDING_SERVO_ON,A1_HOLDING_SERVO_ON_R01_20260611_122911,delta-asda-b3-e,1616,VE|SOD|TR,1,0,7468,0,0,0.0,0,0.0,300,47,4270,2391,6000,,0,,,,holding,normal,0,no_load,none,"A1: Servo ON, shaft stationary",servo-app/lab-0.1
1781155821.7499819,69.52334785461426,A1_HOLDING_SERVO_ON,A1_HOLDING_SERVO_ON_R01_20260611_122911,delta-asda-b3-e,1616,VE|SOD|TR,1,0,7468,0,0,0.0,0,0.0,300,47,4270,2391,6000,,0,,,,holding,normal,0,no_load,none,"A1: Servo ON, shaft stationary",servo-app/lab-0.1
1781155821.8503034,69.62366938591003,A1_HOLDING_SERVO_ON,A1_HOLDING_SERVO_ON_R01_20260611_122911,delta-asda-b3-e,1616,VE|SOD|TR,1,0,7474,0,0,0.0,0,0.0,300,47,4270,2391,6000,,0,,,,holding,normal,0,no_load,none,"A1: Servo ON, shaft stationary",servo-app/lab-0.1
1781155821.9510715,69.72443747520447,A1_HOLDING_SERVO_ON,A1_HOLDING_SERVO_ON_R01_20260611_122911,delta-asda-b3-e,1616,VE|SOD|TR,1,0,7462,0,0,0.0,0,0.0,300,47,4270,2391,6000,,0,,,,holding,normal,0,no_load,none,"A1: Servo ON, shaft stationary",servo-app/lab-0.1
1781155822.0511332,69.82449913024902,A1_HOLDING_SERVO_ON,A1_HOLDING_SERVO_ON_R01_20260611_122911,delta-asda-b3-e,1616,VE|SOD|TR,1,0,7464,0,0,0.0,0,0.0,300,47,4270,2391,6000,,0,,,,holding,normal,0,no_load,none,"A1: Servo ON, shaft stationary",servo-app/lab-0.1
1781155822.1512785,69.92464447021484,A1_HOLDING_SERVO_ON,A1_HOLDING_SERVO_ON_R01_20260611_122911,delta-asda-b3-e,1616,VE|SOD|TR,1,0,7464,0,0,0.0,0,0.0,300,47,4270,2391,6000,,0,,,,holding,normal,0,no_load,none,"A1: Servo ON, shaft stationary",servo-app/lab-0.1
1781155822.251782,70.02514791488647,A1_HOLDING_SERVO_ON,A1_HOLDING_SERVO_ON_R01_20260611_122911,delta-asda-b3-e,1616,VE|SOD|TR,1,0,7464,0,0,0.0,0,0.0,300,47,4270,2391,6000,,0,,,,holding,normal,0,no_load,none,"A1: Servo ON, shaft stationary",servo-app/lab-0.1
1781155822.3523555,70.12572145462036,A1_HOLDING_SERVO_ON,A1_HOLDING_SERVO_ON_R01_20260611_122911,delta-asda-b3-e,1616,VE|SOD|TR,1,0,7464,0,0,0.0,0,0.0,300,47,4270,2391,6000,,0,,,,holding,normal,0,no_load,none,"A1: Servo ON, shaft stationary",servo-app/lab-0.1
1781155822.4524426,70.22580862045288,A1_HOLDING_SERVO_ON,A1_HOLDING_SERVO_ON_R01_20260611_122911,delta-asda-b3-e,1616,VE|SOD|TR,1,0,7462,0,0,0.0,0,0.0,300,47,4270,2391,6000,,0,,,,holding,normal,0,no_load,none,"A1: Servo ON, shaft stationary",servo-app/lab-0.1
1781155822.5529885,70.32635450363159,A1_HOLDING_SERVO_ON,A1_HOLDING_SERVO_ON_R01_20260611_122911,delta-asda-b3-e,1616,VE|SOD|TR,1,0,7468,0,0,0.0,0,0.0,300,47,4270,2391,6000,,0,,,,holding,normal,0,no_load,none,"A1: Servo ON, shaft stationary",servo-app/lab-0.1
1781155822.6530988,70.42646479606628,A1_HOLDING_SERVO_ON,A1_HOLDING_SERVO_ON_R01_20260611_122911,delta-asda-b3-e,1616,VE|SOD|TR,1,0,7464,0,0,0.0,0,0.0,300,47,4270,2391,6000,,0,,,,holding,normal,0,no_load,none,"A1: Servo ON, shaft stationary",servo-app/lab-0.1
1781155822.753428,70.52679395675659,A1_HOLDING_SERVO_ON,A1_HOLDING_SERVO_ON_R01_20260611_122911,delta-asda-b3-e,1616,VE|SOD|TR,1,0,7468,0,0,0.0,0,0.0,300,47,4270,2391,6000,,0,,,,holding,normal,0,no_load,none,"A1: Servo ON, shaft stationary",servo-app/lab-0.1
1781155822.8544638,70.62782979011536,A1_HOLDING_SERVO_ON,A1_HOLDING_SERVO_ON_R01_20260611_122911,delta-asda-b3-e,1616,VE|SOD|TR,1,0,7462,0,0,0.0,0,0.0,300,47,4270,2391,6000,,0,,,,holding,normal,0,no_load,none,"A1: Servo ON, shaft stationary",servo-app/lab-0.1
1781155822.9550161,70.7283821105957,A1_HOLDING_SERVO_ON,A1_HOLDING_SERVO_ON_R01_20260611_122911,delta-asda-b3-e,1616,VE|SOD|TR,1,0,7464,0,0,0.0,0,0.0,300,47,4270,2391,6000,,0,,,,holding,normal,0,no_load,none,"A1: Servo ON, shaft stationary",servo-app/lab-0.1
1781155823.05535,70.82871603965759,A1_HOLDING_SERVO_ON,A1_HOLDING_SERVO_ON_R01_20260611_122911,delta-asda-b3-e,1616,VE|SOD|TR,1,0,7468,0,0,0.0,0,0.0,300,47,4270,2391,6000,,0,,,,holding,normal,0,no_load,none,"A1: Servo ON, shaft stationary",servo-app/lab-0.1
1781155823.1556923,70.92905831336975,A1_HOLDING_SERVO_ON,A1_HOLDING_SERVO_ON_R01_20260611_122911,delta-asda-b3-e,1616,VE|SOD|TR,1,0,7468,0,0,0.0,0,0.0,300,47,4270,2391,6000,,0,,,,holding,normal,0,no_load,none,"A1: Servo ON, shaft stationary",servo-app/lab-0.1
1781155823.2560966,71.02946257591248,A1_HOLDING_SERVO_ON,A1_HOLDING_SERVO_ON_R01_20260611_122911,delta-asda-b3-e,1616,VE|SOD|TR,1,0,7468,0,0,0.0,0,0.0,300,47,4270,2391,6000,,0,,,,holding,normal,0,no_load,none,"A1: Servo ON, shaft stationary",servo-app/lab-0.1
1781155823.3588598,71.13222575187683,A1_HOLDING_SERVO_ON,A1_HOLDING_SERVO_ON_R01_20260611_122911,delta-asda-b3-e,1616,VE|SOD|TR,1,0,7468,0,0,0.0,0,0.0,300,47,4270,2391,6000,,0,,,,holding,normal,0,no_load,none,"A1: Servo ON, shaft stationary",servo-app/lab-0.1
1781155823.4592311,71.23259711265564,A1_HOLDING_SERVO_ON,A1_HOLDING_SERVO_ON_R01_20260611_122911,delta-asda-b3-e,1616,VE|SOD|TR,1,0,7464,0,0,0.0,0,0.0,300,47,4270,2391,6000,,0,,,,holding,normal,0,no_load,none,"A1: Servo ON, shaft stationary",servo-app/lab-0.1
1781155823.5631812,71.33654713630676,A1_HOLDING_SERVO_ON,A1_HOLDING_SERVO_ON_R01_20260611_122911,delta-asda-b3-e,1616,VE|SOD|TR,1,0,7474,0,0,0.0,0,0.0,300,47,4270,2391,6000,,0,,,,holding,normal,0,no_load,none,"A1: Servo ON, shaft stationary",servo-app/lab-0.1
1781155823.6633785,71.43674445152283,A1_HOLDING_SERVO_ON,A1_HOLDING_SERVO_ON_R01_20260611_122911,delta-asda-b3-e,1616,VE|SOD|TR,1,0,7484,0,0,0.0,0,0.0,300,47,4270,2391,6000,,0,,,,holding,normal,0,no_load,none,"A1: Servo ON, shaft stationary",servo-app/lab-0.1
1781155823.763891,71.53725695610046,A1_HOLDING_SERVO_ON,A1_HOLDING_SERVO_ON_R01_20260611_122911,delta-asda-b3-e,1616,VE|SOD|TR,1,0,7468,0,0,0.0,0,0.0,300,47,4270,2391,6000,,0,,,,holding,normal,0,no_load,none,"A1: Servo ON, shaft stationary",servo-app/lab-0.1
1781155823.8640742,71.63744020462036,A1_HOLDING_SERVO_ON,A1_HOLDING_SERVO_ON_R01_20260611_122911,delta-asda-b3-e,1616,VE|SOD|TR,1,0,7474,0,0,0.0,0,0.0,300,47,4270,2391,6000,,0,,,,holding,normal,0,no_load,none,"A1: Servo ON, shaft stationary",servo-app/lab-0.1
1781155823.9646468,71.73801279067993,A1_HOLDING_SERVO_ON,A1_HOLDING_SERVO_ON_R01_20260611_122911,delta-asda-b3-e,1616,VE|SOD|TR,1,0,7474,0,0,0.0,0,0.0,300,47,4270,2391,6000,,0,,,,holding,normal,0,no_load,none,"A1: Servo ON, shaft stationary",servo-app/lab-0.1
1781155824.0647883,71.83815431594849,A1_HOLDING_SERVO_ON,A1_HOLDING_SERVO_ON_R01_20260611_122911,delta-asda-b3-e,1616,VE|SOD|TR,1,0,7464,0,0,0.0,0,0.0,300,47,4270,2391,6000,,0,,,,holding,normal,0,no_load,none,"A1: Servo ON, shaft stationary",servo-app/lab-0.1
1781155824.1656003,71.93896627426147,A1_HOLDING_SERVO_ON,A1_HOLDING_SERVO_ON_R01_20260611_122911,delta-asda-b3-e,1616,VE|SOD|TR,1,0,7474,0,0,0.0,0,0.0,300,47,4270,2391,6000,,0,,,,holding,normal,0,no_load,none,"A1: Servo ON, shaft stationary",servo-app/lab-0.1
1781155824.2656715,72.0390374660492,A1_HOLDING_SERVO_ON,A1_HOLDING_SERVO_ON_R01_20260611_122911,delta-asda-b3-e,1616,VE|SOD|TR,1,0,7474,0,0,0.0,0,0.0,300,47,4270,2391,6000,,0,,,,holding,normal,0,no_load,none,"A1: Servo ON, shaft stationary",servo-app/lab-0.1
1781155824.3659909,72.13935685157776,A1_HOLDING_SERVO_ON,A1_HOLDING_SERVO_ON_R01_20260611_122911,delta-asda-b3-e,1616,VE|SOD|TR,1,0,7470,0,0,0.0,0,0.0,300,47,4270,2391,6000,,0,,,,holding,normal,0,no_load,none,"A1: Servo ON, shaft stationary",servo-app/lab-0.1
1781155824.4664538,72.23981976509094,A1_HOLDING_SERVO_ON,A1_HOLDING_SERVO_ON_R01_20260611_122911,delta-asda-b3-e,1616,VE|SOD|TR,1,0,7480,0,0,0.0,0,0.0,300,47,4270,2391,6000,,0,,,,holding,normal,0,no_load,none,"A1: Servo ON, shaft stationary",servo-app/lab-0.1
1781155824.56696,72.34032607078552,A1_HOLDING_SERVO_ON,A1_HOLDING_SERVO_ON_R01_20260611_122911,delta-asda-b3-e,1616,VE|SOD|TR,1,0,7480,0,0,0.0,0,0.0,300,47,4270,2391,6000,,0,,,,holding,normal,0,no_load,none,"A1: Servo ON, shaft stationary",servo-app/lab-0.1
1781155824.6675158,72.44088172912598,A1_HOLDING_SERVO_ON,A1_HOLDING_SERVO_ON_R01_20260611_122911,delta-asda-b3-e,1616,VE|SOD|TR,1,0,7480,0,0,0.0,0,0.0,300,47,4270,2391,6000,,0,,,,holding,normal,0,no_load,none,"A1: Servo ON, shaft stationary",servo-app/lab-0.1
1781155824.7678678,72.54123377799988,A1_HOLDING_SERVO_ON,A1_HOLDING_SERVO_ON_R01_20260611_122911,delta-asda-b3-e,1616,VE|SOD|TR,1,0,7474,0,0,0.0,0,0.0,300,47,4270,2391,6000,,0,,,,holding,normal,0,no_load,none,"A1: Servo ON, shaft stationary",servo-app/lab-0.1
1781155824.8683364,72.64170241355896,A1_HOLDING_SERVO_ON,A1_HOLDING_SERVO_ON_R01_20260611_122911,delta-asda-b3-e,1616,VE|SOD|TR,1,0,7470,0,0,0.0,0,0.0,300,47,4270,2391,6000,,0,,,,holding,normal,0,no_load,none,"A1: Servo ON, shaft stationary",servo-app/lab-0.1
1781155824.969104,72.74247002601624,A1_HOLDING_SERVO_ON,A1_HOLDING_SERVO_ON_R01_20260611_122911,delta-asda-b3-e,1616,VE|SOD|TR,1,0,7474,0,0,0.0,0,0.0,300,47,4270,2391,6000,,0,,,,holding,normal,0,no_load,none,"A1: Servo ON, shaft stationary",servo-app/lab-0.1
1781155825.0694437,72.84280967712402,A1_HOLDING_SERVO_ON,A1_HOLDING_SERVO_ON_R01_20260611_122911,delta-asda-b3-e,1616,VE|SOD|TR,1,0,7478,0,0,0.0,0,0.0,300,47,4270,2391,6000,,0,,,,holding,normal,0,no_load,none,"A1: Servo ON, shaft stationary",servo-app/lab-0.1
1781155825.1696136,72.94297957420349,A1_HOLDING_SERVO_ON,A1_HOLDING_SERVO_ON_R01_20260611_122911,delta-asda-b3-e,1616,VE|SOD|TR,1,0,7474,0,0,0.0,0,0.0,300,47,4270,2391,6000,,0,,,,holding,normal,0,no_load,none,"A1: Servo ON, shaft stationary",servo-app/lab-0.1
1781155825.2701273,73.04349327087402,A1_HOLDING_SERVO_ON,A1_HOLDING_SERVO_ON_R01_20260611_122911,delta-asda-b3-e,1616,VE|SOD|TR,1,0,7480,0,0,0.0,0,0.0,300,47,4270,2391,6000,,0,,,,holding,normal,0,no_load,none,"A1: Servo ON, shaft stationary",servo-app/lab-0.1
1781155825.3704069,73.14377284049988,A1_HOLDING_SERVO_ON,A1_HOLDING_SERVO_ON_R01_20260611_122911,delta-asda-b3-e,1616,VE|SOD|TR,1,0,7480,0,0,0.0,0,0.0,300,47,4270,2391,6000,,0,,,,holding,normal,0,no_load,none,"A1: Servo ON, shaft stationary",servo-app/lab-0.1
1781155825.4704583,73.24382424354553,A1_HOLDING_SERVO_ON,A1_HOLDING_SERVO_ON_R01_20260611_122911,delta-asda-b3-e,1616,VE|SOD|TR,1,0,7474,0,0,0.0,0,0.0,300,47,4270,2391,6000,,0,,,,holding,normal,0,no_load,none,"A1: Servo ON, shaft stationary",servo-app/lab-0.1
1781155825.570803,73.34416890144348,A1_HOLDING_SERVO_ON,A1_HOLDING_SERVO_ON_R01_20260611_122911,delta-asda-b3-e,1616,VE|SOD|TR,1,0,7478,0,0,0.0,0,0.0,300,47,4270,2391,6000,,0,,,,holding,normal,0,no_load,none,"A1: Servo ON, shaft stationary",servo-app/lab-0.1
1781155825.67153,73.44489598274231,A1_HOLDING_SERVO_ON,A1_HOLDING_SERVO_ON_R01_20260611_122911,delta-asda-b3-e,1616,VE|SOD|TR,1,0,7474,0,0,0.0,0,0.0,300,47,4270,2391,6000,,0,,,,holding,normal,0,no_load,none,"A1: Servo ON, shaft stationary",servo-app/lab-0.1
1781155825.7719722,73.54533815383911,A1_HOLDING_SERVO_ON,A1_HOLDING_SERVO_ON_R01_20260611_122911,delta-asda-b3-e,1616,VE|SOD|TR,1,0,7470,0,0,0.0,0,0.0,300,47,4270,2391,6000,,0,,,,holding,normal,0,no_load,none,"A1: Servo ON, shaft stationary",servo-app/lab-0.1
1781155825.8723426,73.6457085609436,A1_HOLDING_SERVO_ON,A1_HOLDING_SERVO_ON_R01_20260611_122911,delta-asda-b3-e,1616,VE|SOD|TR,1,0,7474,0,0,0.0,0,0.0,300,47,4270,2391,6000,,0,,,,holding,normal,0,no_load,none,"A1: Servo ON, shaft stationary",servo-app/lab-0.1
1781155825.9726443,73.74601030349731,A1_HOLDING_SERVO_ON,A1_HOLDING_SERVO_ON_R01_20260611_122911,delta-asda-b3-e,1616,VE|SOD|TR,1,0,7470,0,0,0.0,0,0.0,300,47,4270,2391,6000,,0,,,,holding,normal,0,no_load,none,"A1: Servo ON, shaft stationary",servo-app/lab-0.1
1781155826.0727975,73.84616351127625,A1_HOLDING_SERVO_ON,A1_HOLDING_SERVO_ON_R01_20260611_122911,delta-asda-b3-e,1616,VE|SOD|TR,1,0,7470,0,0,0.0,0,0.0,300,47,4270,2391,6000,,0,,,,holding,normal,0,no_load,none,"A1: Servo ON, shaft stationary",servo-app/lab-0.1
1781155826.172991,73.94635701179504,A1_HOLDING_SERVO_ON,A1_HOLDING_SERVO_ON_R01_20260611_122911,delta-asda-b3-e,1616,VE|SOD|TR,1,0,7478,0,0,0.0,0,0.0,301,47,4270,2391,6000,,0,,,,holding,normal,0,no_load,none,"A1: Servo ON, shaft stationary",servo-app/lab-0.1
1781155826.2730303,74.04639625549316,A1_HOLDING_SERVO_ON,A1_HOLDING_SERVO_ON_R01_20260611_122911,delta-asda-b3-e,1616,VE|SOD|TR,1,0,7480,0,0,0.0,0,0.0,300,47,4270,2391,6000,,0,,,,holding,normal,0,no_load,none,"A1: Servo ON, shaft stationary",servo-app/lab-0.1
1781155826.3740537,74.14741969108582,A1_HOLDING_SERVO_ON,A1_HOLDING_SERVO_ON_R01_20260611_122911,delta-asda-b3-e,1616,VE|SOD|TR,1,0,7468,0,0,0.0,0,0.0,300,47,4270,2391,6000,,0,,,,holding,normal,0,no_load,none,"A1: Servo ON, shaft stationary",servo-app/lab-0.1
1781155826.4742482,74.24761414527893,A1_HOLDING_SERVO_ON,A1_HOLDING_SERVO_ON_R01_20260611_122911,delta-asda-b3-e,1616,VE|SOD|TR,1,0,7470,0,0,0.0,0,0.0,300,47,4270,2391,6000,,0,,,,holding,normal,0,no_load,none,"A1: Servo ON, shaft stationary",servo-app/lab-0.1
1781155826.574502,74.34786796569824,A1_HOLDING_SERVO_ON,A1_HOLDING_SERVO_ON_R01_20260611_122911,delta-asda-b3-e,1616,VE|SOD|TR,1,0,7470,0,0,0.0,0,0.0,300,47,4270,2391,6000,,0,,,,holding,normal,0,no_load,none,"A1: Servo ON, shaft stationary",servo-app/lab-0.1
1781155826.6749468,74.44831275939941,A1_HOLDING_SERVO_ON,A1_HOLDING_SERVO_ON_R01_20260611_122911,delta-asda-b3-e,1616,VE|SOD|TR,1,0,7478,0,0,0.0,0,0.0,300,47,4270,2391,6000,,0,,,,holding,normal,0,no_load,none,"A1: Servo ON, shaft stationary",servo-app/lab-0.1
1781155826.7751312,74.5484972000122,A1_HOLDING_SERVO_ON,A1_HOLDING_SERVO_ON_R01_20260611_122911,delta-asda-b3-e,1616,VE|SOD|TR,1,0,7474,0,0,0.0,0,0.0,300,47,4270,2391,6000,,0,,,,holding,normal,0,no_load,none,"A1: Servo ON, shaft stationary",servo-app/lab-0.1
1781155826.875575,74.64894104003906,A1_HOLDING_SERVO_ON,A1_HOLDING_SERVO_ON_R01_20260611_122911,delta-asda-b3-e,1616,VE|SOD|TR,1,0,7480,0,0,0.0,0,0.0,300,47,4270,2391,6000,,0,,,,holding,normal,0,no_load,none,"A1: Servo ON, shaft stationary",servo-app/lab-0.1
1781155826.9783018,74.75166773796082,A1_HOLDING_SERVO_ON,A1_HOLDING_SERVO_ON_R01_20260611_122911,delta-asda-b3-e,1616,VE|SOD|TR,1,0,7474,0,0,0.0,0,0.0,300,47,4270,2391,6000,,0,,,,holding,normal,0,no_load,none,"A1: Servo ON, shaft stationary",servo-app/lab-0.1
1781155827.0787048,74.85207080841064,A1_HOLDING_SERVO_ON,A1_HOLDING_SERVO_ON_R01_20260611_122911,delta-asda-b3-e,1616,VE|SOD|TR,1,0,7474,0,0,0.0,0,0.0,300,47,4270,2391,6000,,0,,,,holding,normal,0,no_load,none,"A1: Servo ON, shaft stationary",servo-app/lab-0.1
1781155827.1789522,74.95231819152832,A1_HOLDING_SERVO_ON,A1_HOLDING_SERVO_ON_R01_20260611_122911,delta-asda-b3-e,1616,VE|SOD|TR,1,0,7474,0,0,0.0,0,0.0,300,47,4270,2391,6000,,0,,,,holding,normal,0,no_load,none,"A1: Servo ON, shaft stationary",servo-app/lab-0.1
1781155827.2792804,75.05264639854431,A1_HOLDING_SERVO_ON,A1_HOLDING_SERVO_ON_R01_20260611_122911,delta-asda-b3-e,1616,VE|SOD|TR,1,0,7474,0,0,0.0,0,0.0,300,47,4270,2391,6000,,0,,,,holding,normal,0,no_load,none,"A1: Servo ON, shaft stationary",servo-app/lab-0.1
1781155827.3798,75.15316605567932,A1_HOLDING_SERVO_ON,A1_HOLDING_SERVO_ON_R01_20260611_122911,delta-asda-b3-e,1616,VE|SOD|TR,1,0,7474,0,0,0.0,0,0.0,300,47,4270,2391,6000,,0,,,,holding,normal,0,no_load,none,"A1: Servo ON, shaft stationary",servo-app/lab-0.1
1781155827.4799955,75.25336146354675,A1_HOLDING_SERVO_ON,A1_HOLDING_SERVO_ON_R01_20260611_122911,delta-asda-b3-e,1616,VE|SOD|TR,1,0,7474,0,0,0.0,0,0.0,300,47,4270,2391,6000,,0,,,,holding,normal,0,no_load,none,"A1: Servo ON, shaft stationary",servo-app/lab-0.1
1781155827.5801976,75.3535635471344,A1_HOLDING_SERVO_ON,A1_HOLDING_SERVO_ON_R01_20260611_122911,delta-asda-b3-e,1616,VE|SOD|TR,1,0,7470,0,0,0.0,0,0.0,301,47,4270,2391,6000,,0,,,,holding,normal,0,no_load,none,"A1: Servo ON, shaft stationary",servo-app/lab-0.1
1781155827.680415,75.45378088951111,A1_HOLDING_SERVO_ON,A1_HOLDING_SERVO_ON_R01_20260611_122911,delta-asda-b3-e,1616,VE|SOD|TR,1,0,7478,0,0,0.0,0,0.0,300,47,4270,2391,6000,,0,,,,holding,normal,0,no_load,none,"A1: Servo ON, shaft stationary",servo-app/lab-0.1
1781155827.7809412,75.55430722236633,A1_HOLDING_SERVO_ON,A1_HOLDING_SERVO_ON_R01_20260611_122911,delta-asda-b3-e,1616,VE|SOD|TR,1,0,7478,0,0,0.0,0,0.0,301,47,4270,2391,6000,,0,,,,holding,normal,0,no_load,none,"A1: Servo ON, shaft stationary",servo-app/lab-0.1
1781155827.881023,75.65438890457153,A1_HOLDING_SERVO_ON,A1_HOLDING_SERVO_ON_R01_20260611_122911,delta-asda-b3-e,1616,VE|SOD|TR,1,0,7470,0,0,0.0,0,0.0,300,47,4270,2391,6000,,0,,,,holding,normal,0,no_load,none,"A1: Servo ON, shaft stationary",servo-app/lab-0.1
1781155827.9811356,75.75450158119202,A1_HOLDING_SERVO_ON,A1_HOLDING_SERVO_ON_R01_20260611_122911,delta-asda-b3-e,1616,VE|SOD|TR,1,0,7474,0,0,0.0,0,0.0,300,47,4270,2391,6000,,0,,,,holding,normal,0,no_load,none,"A1: Servo ON, shaft stationary",servo-app/lab-0.1
1781155828.0817413,75.85510730743408,A1_HOLDING_SERVO_ON,A1_HOLDING_SERVO_ON_R01_20260611_122911,delta-asda-b3-e,1616,VE|SOD|TR,1,0,7470,0,0,0.0,0,0.0,300,47,4270,2391,6000,,0,,,,holding,normal,0,no_load,none,"A1: Servo ON, shaft stationary",servo-app/lab-0.1
1781155828.1820202,75.9553861618042,A1_HOLDING_SERVO_ON,A1_HOLDING_SERVO_ON_R01_20260611_122911,delta-asda-b3-e,1616,VE|SOD|TR,1,0,7474,0,0,0.0,0,0.0,300,47,4270,2391,6000,,0,,,,holding,normal,0,no_load,none,"A1: Servo ON, shaft stationary",servo-app/lab-0.1
1781155828.2821968,76.05556273460388,A1_HOLDING_SERVO_ON,A1_HOLDING_SERVO_ON_R01_20260611_122911,delta-asda-b3-e,1616,VE|SOD|TR,1,0,7480,0,0,0.0,0,0.0,301,47,4270,2391,6000,,0,,,,holding,normal,0,no_load,none,"A1: Servo ON, shaft stationary",servo-app/lab-0.1
1781155828.382601,76.1559669971466,A1_HOLDING_SERVO_ON,A1_HOLDING_SERVO_ON_R01_20260611_122911,delta-asda-b3-e,1616,VE|SOD|TR,1,0,7478,0,0,0.0,0,0.0,300,47,4270,2391,6000,,0,,,,holding,normal,0,no_load,none,"A1: Servo ON, shaft stationary",servo-app/lab-0.1
1781155828.4834976,76.25686359405518,A1_HOLDING_SERVO_ON,A1_HOLDING_SERVO_ON_R01_20260611_122911,delta-asda-b3-e,1616,VE|SOD|TR,1,0,7470,0,0,0.0,0,0.0,300,47,4270,2391,6000,,0,,,,holding,normal,0,no_load,none,"A1: Servo ON, shaft stationary",servo-app/lab-0.1
1781155828.5839174,76.35728335380554,A1_HOLDING_SERVO_ON,A1_HOLDING_SERVO_ON_R01_20260611_122911,delta-asda-b3-e,1616,VE|SOD|TR,1,0,7474,0,0,0.0,0,0.0,300,47,4270,2391,6000,,0,,,,holding,normal,0,no_load,none,"A1: Servo ON, shaft stationary",servo-app/lab-0.1
1781155828.683965,76.45733094215393,A1_HOLDING_SERVO_ON,A1_HOLDING_SERVO_ON_R01_20260611_122911,delta-asda-b3-e,1616,VE|SOD|TR,1,0,7474,0,0,0.0,0,0.0,300,47,4270,2391,6000,,0,,,,holding,normal,0,no_load,none,"A1: Servo ON, shaft stationary",servo-app/lab-0.1
1781155828.7843642,76.5577301979065,A1_HOLDING_SERVO_ON,A1_HOLDING_SERVO_ON_R01_20260611_122911,delta-asda-b3-e,1616,VE|SOD|TR,1,0,7474,0,0,0.0,0,0.0,300,47,4270,2391,6000,,0,,,,holding,normal,0,no_load,none,"A1: Servo ON, shaft stationary",servo-app/lab-0.1
1781155828.8846314,76.65799736976624,A1_HOLDING_SERVO_ON,A1_HOLDING_SERVO_ON_R01_20260611_122911,delta-asda-b3-e,1616,VE|SOD|TR,1,0,7484,0,0,0.0,0,0.0,300,47,4270,2391,6000,,0,,,,holding,normal,0,no_load,none,"A1: Servo ON, shaft stationary",servo-app/lab-0.1
1781155828.984693,76.75805902481079,A1_HOLDING_SERVO_ON,A1_HOLDING_SERVO_ON_R01_20260611_122911,delta-asda-b3-e,1616,VE|SOD|TR,1,0,7480,0,0,0.0,0,0.0,300,47,4270,2391,6000,,0,,,,holding,normal,0,no_load,none,"A1: Servo ON, shaft stationary",servo-app/lab-0.1
1781155829.084793,76.85815906524658,A1_HOLDING_SERVO_ON,A1_HOLDING_SERVO_ON_R01_20260611_122911,delta-asda-b3-e,1616,VE|SOD|TR,1,0,7468,0,0,0.0,0,0.0,300,47,4270,2391,6000,,0,,,,holding,normal,0,no_load,none,"A1: Servo ON, shaft stationary",servo-app/lab-0.1
1781155829.1848524,76.95821833610535,A1_HOLDING_SERVO_ON,A1_HOLDING_SERVO_ON_R01_20260611_122911,delta-asda-b3-e,1616,VE|SOD|TR,1,0,7480,0,0,0.0,0,0.0,300,47,4270,2391,6000,,0,,,,holding,normal,0,no_load,none,"A1: Servo ON, shaft stationary",servo-app/lab-0.1
1781155829.2851188,77.05848479270935,A1_HOLDING_SERVO_ON,A1_HOLDING_SERVO_ON_R01_20260611_122911,delta-asda-b3-e,1616,VE|SOD|TR,1,0,7484,0,0,0.0,0,0.0,300,47,4270,2391,6000,,0,,,,holding,normal,0,no_load,none,"A1: Servo ON, shaft stationary",servo-app/lab-0.1
1781155829.3856266,77.1589925289154,A1_HOLDING_SERVO_ON,A1_HOLDING_SERVO_ON_R01_20260611_122911,delta-asda-b3-e,1616,VE|SOD|TR,1,0,7478,0,0,0.0,0,0.0,300,47,4270,2391,6000,,0,,,,holding,normal,0,no_load,none,"A1: Servo ON, shaft stationary",servo-app/lab-0.1
1781155829.4858534,77.25921940803528,A1_HOLDING_SERVO_ON,A1_HOLDING_SERVO_ON_R01_20260611_122911,delta-asda-b3-e,1616,VE|SOD|TR,1,0,7474,0,0,0.0,0,0.0,300,47,4270,2391,6000,,0,,,,holding,normal,0,no_load,none,"A1: Servo ON, shaft stationary",servo-app/lab-0.1
1781155829.5861604,77.35952639579773,A1_HOLDING_SERVO_ON,A1_HOLDING_SERVO_ON_R01_20260611_122911,delta-asda-b3-e,1616,VE|SOD|TR,1,0,7484,0,0,0.0,0,0.0,300,47,4270,2391,6000,,0,,,,holding,normal,0,no_load,none,"A1: Servo ON, shaft stationary",servo-app/lab-0.1
1781155829.686283,77.45964908599854,A1_HOLDING_SERVO_ON,A1_HOLDING_SERVO_ON_R01_20260611_122911,delta-asda-b3-e,1616,VE|SOD|TR,1,0,7470,0,0,0.0,0,0.0,301,47,4270,2391,6000,,0,,,,holding,normal,0,no_load,none,"A1: Servo ON, shaft stationary",servo-app/lab-0.1
1781155829.786502,77.55986785888672,A1_HOLDING_SERVO_ON,A1_HOLDING_SERVO_ON_R01_20260611_122911,delta-asda-b3-e,1616,VE|SOD|TR,1,0,7478,0,0,0.0,0,0.0,300,47,4270,2391,6000,,0,,,,holding,normal,0,no_load,none,"A1: Servo ON, shaft stationary",servo-app/lab-0.1
1781155829.886777,77.66014289855957,A1_HOLDING_SERVO_ON,A1_HOLDING_SERVO_ON_R01_20260611_122911,delta-asda-b3-e,1616,VE|SOD|TR,1,0,7478,0,0,0.0,0,0.0,300,47,4270,2391,6000,,0,,,,holding,normal,0,no_load,none,"A1: Servo ON, shaft stationary",servo-app/lab-0.1
1781155829.9873621,77.76072812080383,A1_HOLDING_SERVO_ON,A1_HOLDING_SERVO_ON_R01_20260611_122911,delta-asda-b3-e,1616,VE|SOD|TR,1,0,7474,0,0,0.0,0,0.0,300,47,4270,2391,6000,,0,,,,holding,normal,0,no_load,none,"A1: Servo ON, shaft stationary",servo-app/lab-0.1
1781155830.087431,77.86079692840576,A1_HOLDING_SERVO_ON,A1_HOLDING_SERVO_ON_R01_20260611_122911,delta-asda-b3-e,1616,VE|SOD|TR,1,0,7484,0,0,0.0,0,0.0,300,47,4270,2391,6000,,0,,,,holding,normal,0,no_load,none,"A1: Servo ON, shaft stationary",servo-app/lab-0.1
1781155830.1879215,77.96128749847412,A1_HOLDING_SERVO_ON,A1_HOLDING_SERVO_ON_R01_20260611_122911,delta-asda-b3-e,1616,VE|SOD|TR,1,0,7480,0,0,0.0,0,0.0,301,47,4270,2391,6000,,0,,,,holding,normal,0,no_load,none,"A1: Servo ON, shaft stationary",servo-app/lab-0.1
1781155830.2882907,78.06165671348572,A1_HOLDING_SERVO_ON,A1_HOLDING_SERVO_ON_R01_20260611_122911,delta-asda-b3-e,1616,VE|SOD|TR,1,0,7464,0,0,0.0,0,0.0,301,47,4270,2391,6000,,0,,,,holding,normal,0,no_load,none,"A1: Servo ON, shaft stationary",servo-app/lab-0.1
1781155830.3888297,78.16219568252563,A1_HOLDING_SERVO_ON,A1_HOLDING_SERVO_ON_R01_20260611_122911,delta-asda-b3-e,1616,VE|SOD|TR,1,0,7474,0,0,0.0,0,0.0,300,47,4270,2391,6000,,0,,,,holding,normal,0,no_load,none,"A1: Servo ON, shaft stationary",servo-app/lab-0.1
1781155830.4895172,78.26288318634033,A1_HOLDING_SERVO_ON,A1_HOLDING_SERVO_ON_R01_20260611_122911,delta-asda-b3-e,1616,VE|SOD|TR,1,0,7462,0,0,0.0,0,0.0,300,47,4270,2391,6000,,0,,,,holding,normal,0,no_load,none,"A1: Servo ON, shaft stationary",servo-app/lab-0.1
1781155830.5896592,78.36302518844604,A1_HOLDING_SERVO_ON,A1_HOLDING_SERVO_ON_R01_20260611_122911,delta-asda-b3-e,1616,VE|SOD|TR,1,0,7484,0,0,0.0,0,0.0,300,47,4270,2391,6000,,0,,,,holding,normal,0,no_load,none,"A1: Servo ON, shaft stationary",servo-app/lab-0.1
1781155830.689949,78.4633150100708,A1_HOLDING_SERVO_ON,A1_HOLDING_SERVO_ON_R01_20260611_122911,delta-asda-b3-e,1616,VE|SOD|TR,1,0,7484,0,0,0.0,0,0.0,300,47,4270,2391,6000,,0,,,,holding,normal,0,no_load,none,"A1: Servo ON, shaft stationary",servo-app/lab-0.1
1781155830.7903924,78.5637583732605,A1_HOLDING_SERVO_ON,A1_HOLDING_SERVO_ON_R01_20260611_122911,delta-asda-b3-e,1616,VE|SOD|TR,1,0,7480,0,0,0.0,0,0.0,300,47,4270,2391,6000,,0,,,,holding,normal,0,no_load,none,"A1: Servo ON, shaft stationary",servo-app/lab-0.1
1781155830.8907182,78.6640841960907,A1_HOLDING_SERVO_ON,A1_HOLDING_SERVO_ON_R01_20260611_122911,delta-asda-b3-e,1616,VE|SOD|TR,1,0,7474,0,0,0.0,0,0.0,300,47,4270,2391,6000,,0,,,,holding,normal,0,no_load,none,"A1: Servo ON, shaft stationary",servo-app/lab-0.1
1781155830.9911475,78.76451349258423,A1_HOLDING_SERVO_ON,A1_HOLDING_SERVO_ON_R01_20260611_122911,delta-asda-b3-e,1616,VE|SOD|TR,1,0,7480,0,0,0.0,0,0.0,300,47,4270,2391,6000,,0,,,,holding,normal,0,no_load,none,"A1: Servo ON, shaft stationary",servo-app/lab-0.1
1781155831.0915833,78.8649492263794,A1_HOLDING_SERVO_ON,A1_HOLDING_SERVO_ON_R01_20260611_122911,delta-asda-b3-e,1616,VE|SOD|TR,1,0,7474,0,0,0.0,0,0.0,300,47,4270,2391,6000,,0,,,,holding,normal,0,no_load,none,"A1: Servo ON, shaft stationary",servo-app/lab-0.1
1781155831.1917908,78.96515679359436,A1_HOLDING_SERVO_ON,A1_HOLDING_SERVO_ON_R01_20260611_122911,delta-asda-b3-e,1616,VE|SOD|TR,1,0,7474,0,0,0.0,0,0.0,300,47,4270,2391,6000,,0,,,,holding,normal,0,no_load,none,"A1: Servo ON, shaft stationary",servo-app/lab-0.1
1781155831.3491955,79.12256145477295,A1_HOLDING_SERVO_ON,A1_HOLDING_SERVO_ON_R01_20260611_122911,delta-asda-b3-e,1616,VE|SOD|TR,1,0,7480,0,0,0.0,0,0.0,300,47,4270,2391,6000,,0,,,,holding,normal,0,no_load,none,"A1: Servo ON, shaft stationary",servo-app/lab-0.1
1781155831.4494069,79.22277283668518,A1_HOLDING_SERVO_ON,A1_HOLDING_SERVO_ON_R01_20260611_122911,delta-asda-b3-e,1616,VE|SOD|TR,1,0,7474,0,0,0.0,0,0.0,300,47,4270,2391,6000,,0,,,,holding,normal,0,no_load,none,"A1: Servo ON, shaft stationary",servo-app/lab-0.1
1781155831.549465,79.32283091545105,A1_HOLDING_SERVO_ON,A1_HOLDING_SERVO_ON_R01_20260611_122911,delta-asda-b3-e,1616,VE|SOD|TR,1,0,7480,0,0,0.0,0,0.0,300,47,4270,2391,6000,,0,,,,holding,normal,0,no_load,none,"A1: Servo ON, shaft stationary",servo-app/lab-0.1
1781155831.6499844,79.42335033416748,A1_HOLDING_SERVO_ON,A1_HOLDING_SERVO_ON_R01_20260611_122911,delta-asda-b3-e,1616,VE|SOD|TR,1,0,7484,0,0,0.0,0,0.0,300,47,4270,2391,6000,,0,,,,holding,normal,0,no_load,none,"A1: Servo ON, shaft stationary",servo-app/lab-0.1
1781155831.7500489,79.52341485023499,A1_HOLDING_SERVO_ON,A1_HOLDING_SERVO_ON_R01_20260611_122911,delta-asda-b3-e,1616,VE|SOD|TR,1,0,7478,0,0,0.0,0,0.0,300,47,4270,2391,6000,,0,,,,holding,normal,0,no_load,none,"A1: Servo ON, shaft stationary",servo-app/lab-0.1
1781155831.85035,79.62371587753296,A1_HOLDING_SERVO_ON,A1_HOLDING_SERVO_ON_R01_20260611_122911,delta-asda-b3-e,1616,VE|SOD|TR,1,0,7480,0,0,0.0,0,0.0,300,47,4270,2391,6000,,0,,,,holding,normal,0,no_load,none,"A1: Servo ON, shaft stationary",servo-app/lab-0.1
1781155831.9506319,79.7239978313446,A1_HOLDING_SERVO_ON,A1_HOLDING_SERVO_ON_R01_20260611_122911,delta-asda-b3-e,1616,VE|SOD|TR,1,0,7478,0,0,0.0,0,0.0,300,47,4270,2391,6000,,0,,,,holding,normal,0,no_load,none,"A1: Servo ON, shaft stationary",servo-app/lab-0.1
1781155832.050826,79.82419204711914,A1_HOLDING_SERVO_ON,A1_HOLDING_SERVO_ON_R01_20260611_122911,delta-asda-b3-e,1616,VE|SOD|TR,1,0,7470,0,0,0.0,0,0.0,300,47,4270,2391,6000,,0,,,,holding,normal,0,no_load,none,"A1: Servo ON, shaft stationary",servo-app/lab-0.1
1781155832.1509843,79.92435026168823,A1_HOLDING_SERVO_ON,A1_HOLDING_SERVO_ON_R01_20260611_122911,delta-asda-b3-e,1616,VE|SOD|TR,1,0,7474,0,0,0.0,0,0.0,300,47,4270,2391,6000,,0,,,,holding,normal,0,no_load,none,"A1: Servo ON, shaft stationary",servo-app/lab-0.1
1781155832.2511814,80.02454733848572,A1_HOLDING_SERVO_ON,A1_HOLDING_SERVO_ON_R01_20260611_122911,delta-asda-b3-e,1616,VE|SOD|TR,1,0,7474,0,0,0.0,0,0.0,300,47,4270,2391,6000,,0,,,,holding,normal,0,no_load,none,"A1: Servo ON, shaft stationary",servo-app/lab-0.1
1781155832.3513014,80.12466740608215,A1_HOLDING_SERVO_ON,A1_HOLDING_SERVO_ON_R01_20260611_122911,delta-asda-b3-e,1616,VE|SOD|TR,1,0,7484,0,0,0.0,0,0.0,300,47,4270,2391,6000,,0,,,,holding,normal,0,no_load,none,"A1: Servo ON, shaft stationary",servo-app/lab-0.1
1781155832.4517436,80.22510957717896,A1_HOLDING_SERVO_ON,A1_HOLDING_SERVO_ON_R01_20260611_122911,delta-asda-b3-e,1616,VE|SOD|TR,1,0,7484,0,0,0.0,0,0.0,300,47,4270,2391,6000,,0,,,,holding,normal,0,no_load,none,"A1: Servo ON, shaft stationary",servo-app/lab-0.1
1781155832.5522873,80.32565331459045,A1_HOLDING_SERVO_ON,A1_HOLDING_SERVO_ON_R01_20260611_122911,delta-asda-b3-e,1616,VE|SOD|TR,1,0,7480,0,0,0.0,0,0.0,300,47,4270,2391,6000,,0,,,,holding,normal,0,no_load,none,"A1: Servo ON, shaft stationary",servo-app/lab-0.1
1781155832.6524367,80.42580270767212,A1_HOLDING_SERVO_ON,A1_HOLDING_SERVO_ON_R01_20260611_122911,delta-asda-b3-e,1616,VE|SOD|TR,1,0,7474,0,0,0.0,0,0.0,300,47,4270,2391,6000,,0,,,,holding,normal,0,no_load,none,"A1: Servo ON, shaft stationary",servo-app/lab-0.1
1781155832.7530656,80.52643156051636,A1_HOLDING_SERVO_ON,A1_HOLDING_SERVO_ON_R01_20260611_122911,delta-asda-b3-e,1616,VE|SOD|TR,1,0,7470,0,0,0.0,0,0.0,301,47,4270,2391,6000,,0,,,,holding,normal,0,no_load,none,"A1: Servo ON, shaft stationary",servo-app/lab-0.1
1781155832.853133,80.62649893760681,A1_HOLDING_SERVO_ON,A1_HOLDING_SERVO_ON_R01_20260611_122911,delta-asda-b3-e,1616,VE|SOD|TR,1,0,7478,0,0,0.0,0,0.0,300,47,4270,2391,6000,,0,,,,holding,normal,0,no_load,none,"A1: Servo ON, shaft stationary",servo-app/lab-0.1
1781155832.953345,80.72671103477478,A1_HOLDING_SERVO_ON,A1_HOLDING_SERVO_ON_R01_20260611_122911,delta-asda-b3-e,1616,VE|SOD|TR,1,0,7480,0,0,0.0,0,0.0,300,47,4270,2391,6000,,0,,,,holding,normal,0,no_load,none,"A1: Servo ON, shaft stationary",servo-app/lab-0.1
1781155833.053861,80.82722687721252,A1_HOLDING_SERVO_ON,A1_HOLDING_SERVO_ON_R01_20260611_122911,delta-asda-b3-e,1616,VE|SOD|TR,1,0,7484,0,0,0.0,0,0.0,300,47,4270,2391,6000,,0,,,,holding,normal,0,no_load,none,"A1: Servo ON, shaft stationary",servo-app/lab-0.1
1781155833.1541328,80.92749881744385,A1_HOLDING_SERVO_ON,A1_HOLDING_SERVO_ON_R01_20260611_122911,delta-asda-b3-e,1616,VE|SOD|TR,1,0,7480,0,0,0.0,0,0.0,301,47,4270,2391,6000,,0,,,,holding,normal,0,no_load,none,"A1: Servo ON, shaft stationary",servo-app/lab-0.1
1781155833.2545364,81.02790236473083,A1_HOLDING_SERVO_ON,A1_HOLDING_SERVO_ON_R01_20260611_122911,delta-asda-b3-e,1616,VE|SOD|TR,1,0,7474,0,0,0.0,0,0.0,300,47,4270,2391,6000,,0,,,,holding,normal,0,no_load,none,"A1: Servo ON, shaft stationary",servo-app/lab-0.1
1781155833.3549569,81.12832283973694,A1_HOLDING_SERVO_ON,A1_HOLDING_SERVO_ON_R01_20260611_122911,delta-asda-b3-e,1616,VE|SOD|TR,1,0,7480,0,0,0.0,0,0.0,300,47,4270,2391,6000,,0,,,,holding,normal,0,no_load,none,"A1: Servo ON, shaft stationary",servo-app/lab-0.1
1781155833.455119,81.2284848690033,A1_HOLDING_SERVO_ON,A1_HOLDING_SERVO_ON_R01_20260611_122911,delta-asda-b3-e,1616,VE|SOD|TR,1,0,7480,0,0,0.0,0,0.0,301,47,4270,2391,6000,,0,,,,holding,normal,0,no_load,none,"A1: Servo ON, shaft stationary",servo-app/lab-0.1
1781155833.5553179,81.32868385314941,A1_HOLDING_SERVO_ON,A1_HOLDING_SERVO_ON_R01_20260611_122911,delta-asda-b3-e,1616,VE|SOD|TR,1,0,7474,0,0,0.0,0,0.0,301,47,4270,2391,6000,,0,,,,holding,normal,0,no_load,none,"A1: Servo ON, shaft stationary",servo-app/lab-0.1
1781155833.6557963,81.42916226387024,A1_HOLDING_SERVO_ON,A1_HOLDING_SERVO_ON_R01_20260611_122911,delta-asda-b3-e,1616,VE|SOD|TR,1,0,7474,0,0,0.0,0,0.0,300,47,4270,2391,6000,,0,,,,holding,normal,0,no_load,none,"A1: Servo ON, shaft stationary",servo-app/lab-0.1
1781155833.7558413,81.52920722961426,A1_HOLDING_SERVO_ON,A1_HOLDING_SERVO_ON_R01_20260611_122911,delta-asda-b3-e,1616,VE|SOD|TR,1,0,7478,0,0,0.0,0,0.0,300,47,4270,2391,6000,,0,,,,holding,normal,0,no_load,none,"A1: Servo ON, shaft stationary",servo-app/lab-0.1
1781155833.85626,81.62962603569031,A1_HOLDING_SERVO_ON,A1_HOLDING_SERVO_ON_R01_20260611_122911,delta-asda-b3-e,1616,VE|SOD|TR,1,0,7484,0,0,0.0,0,0.0,300,47,4270,2391,6000,,0,,,,holding,normal,0,no_load,none,"A1: Servo ON, shaft stationary",servo-app/lab-0.1
1781155833.9567585,81.73012447357178,A1_HOLDING_SERVO_ON,A1_HOLDING_SERVO_ON_R01_20260611_122911,delta-asda-b3-e,1616,VE|SOD|TR,1,0,7480,0,0,0.0,0,0.0,300,47,4270,2391,6000,,0,,,,holding,normal,0,no_load,none,"A1: Servo ON, shaft stationary",servo-app/lab-0.1
1781155834.0572357,81.8306016921997,A1_HOLDING_SERVO_ON,A1_HOLDING_SERVO_ON_R01_20260611_122911,delta-asda-b3-e,1616,VE|SOD|TR,1,0,7474,0,0,0.0,0,0.0,300,47,4270,2391,6000,,0,,,,holding,normal,0,no_load,none,"A1: Servo ON, shaft stationary",servo-app/lab-0.1
1781155834.1576533,81.93101930618286,A1_HOLDING_SERVO_ON,A1_HOLDING_SERVO_ON_R01_20260611_122911,delta-asda-b3-e,1616,VE|SOD|TR,1,0,7478,0,0,0.0,0,0.0,300,47,4270,2391,6000,,0,,,,holding,normal,0,no_load,none,"A1: Servo ON, shaft stationary",servo-app/lab-0.1
1781155834.2578328,82.0311987400055,A1_HOLDING_SERVO_ON,A1_HOLDING_SERVO_ON_R01_20260611_122911,delta-asda-b3-e,1616,VE|SOD|TR,1,0,7484,0,0,0.0,0,0.0,300,47,4270,2391,6000,,0,,,,holding,normal,0,no_load,none,"A1: Servo ON, shaft stationary",servo-app/lab-0.1
1781155834.3581567,82.13152265548706,A1_HOLDING_SERVO_ON,A1_HOLDING_SERVO_ON_R01_20260611_122911,delta-asda-b3-e,1616,VE|SOD|TR,1,0,7484,0,0,0.0,0,0.0,301,47,4270,2391,6000,,0,,,,holding,normal,0,no_load,none,"A1: Servo ON, shaft stationary",servo-app/lab-0.1
1781155834.4582863,82.23165225982666,A1_HOLDING_SERVO_ON,A1_HOLDING_SERVO_ON_R01_20260611_122911,delta-asda-b3-e,1616,VE|SOD|TR,1,0,7484,0,0,0.0,0,0.0,301,47,4270,2391,6000,,0,,,,holding,normal,0,no_load,none,"A1: Servo ON, shaft stationary",servo-app/lab-0.1
1781155834.558858,82.33222389221191,A1_HOLDING_SERVO_ON,A1_HOLDING_SERVO_ON_R01_20260611_122911,delta-asda-b3-e,1616,VE|SOD|TR,1,0,7480,0,0,0.0,0,0.0,301,47,4270,2391,6000,,0,,,,holding,normal,0,no_load,none,"A1: Servo ON, shaft stationary",servo-app/lab-0.1
1781155834.6590493,82.4324152469635,A1_HOLDING_SERVO_ON,A1_HOLDING_SERVO_ON_R01_20260611_122911,delta-asda-b3-e,1616,VE|SOD|TR,1,0,7480,0,0,0.0,0,0.0,300,47,4270,2391,6000,,0,,,,holding,normal,0,no_load,none,"A1: Servo ON, shaft stationary",servo-app/lab-0.1
1781155834.759311,82.53267693519592,A1_HOLDING_SERVO_ON,A1_HOLDING_SERVO_ON_R01_20260611_122911,delta-asda-b3-e,1616,VE|SOD|TR,1,0,7470,0,0,0.0,0,0.0,300,47,4270,2391,6000,,0,,,,holding,normal,0,no_load,none,"A1: Servo ON, shaft stationary",servo-app/lab-0.1
1781155834.8594959,82.63286185264587,A1_HOLDING_SERVO_ON,A1_HOLDING_SERVO_ON_R01_20260611_122911,delta-asda-b3-e,1616,VE|SOD|TR,1,0,7484,0,0,0.0,0,0.0,300,47,4270,2391,6000,,0,,,,holding,normal,0,no_load,none,"A1: Servo ON, shaft stationary",servo-app/lab-0.1
1781155834.9597719,82.73313784599304,A1_HOLDING_SERVO_ON,A1_HOLDING_SERVO_ON_R01_20260611_122911,delta-asda-b3-e,1616,VE|SOD|TR,1,0,7474,0,0,0.0,0,0.0,300,47,4270,2391,6000,,0,,,,holding,normal,0,no_load,none,"A1: Servo ON, shaft stationary",servo-app/lab-0.1
1781155835.0603561,82.83372211456299,A1_HOLDING_SERVO_ON,A1_HOLDING_SERVO_ON_R01_20260611_122911,delta-asda-b3-e,1616,VE|SOD|TR,1,0,7480,0,0,0.0,0,0.0,300,47,4270,2391,6000,,0,,,,holding,normal,0,no_load,none,"A1: Servo ON, shaft stationary",servo-app/lab-0.1
1781155835.160697,82.93406295776367,A1_HOLDING_SERVO_ON,A1_HOLDING_SERVO_ON_R01_20260611_122911,delta-asda-b3-e,1616,VE|SOD|TR,1,0,7484,0,0,0.0,0,0.0,300,47,4270,2391,6000,,0,,,,holding,normal,0,no_load,none,"A1: Servo ON, shaft stationary",servo-app/lab-0.1
1781155835.261126,83.03449201583862,A1_HOLDING_SERVO_ON,A1_HOLDING_SERVO_ON_R01_20260611_122911,delta-asda-b3-e,1616,VE|SOD|TR,1,0,7468,0,0,0.0,0,0.0,300,47,4270,2391,6000,,0,,,,holding,normal,0,no_load,none,"A1: Servo ON, shaft stationary",servo-app/lab-0.1
1781155835.3614798,83.13484573364258,A1_HOLDING_SERVO_ON,A1_HOLDING_SERVO_ON_R01_20260611_122911,delta-asda-b3-e,1616,VE|SOD|TR,1,0,7478,0,0,0.0,0,0.0,300,47,4270,2391,6000,,0,,,,holding,normal,0,no_load,none,"A1: Servo ON, shaft stationary",servo-app/lab-0.1
1781155835.4625497,83.23591566085815,A1_HOLDING_SERVO_ON,A1_HOLDING_SERVO_ON_R01_20260611_122911,delta-asda-b3-e,1616,VE|SOD|TR,1,0,7474,0,0,0.0,0,0.0,301,47,4270,2391,6000,,0,,,,holding,normal,0,no_load,none,"A1: Servo ON, shaft stationary",servo-app/lab-0.1
1781155835.5630674,83.33643341064453,A1_HOLDING_SERVO_ON,A1_HOLDING_SERVO_ON_R01_20260611_122911,delta-asda-b3-e,1616,VE|SOD|TR,1,0,7474,0,0,0.0,0,0.0,300,47,4270,2391,6000,,0,,,,holding,normal,0,no_load,none,"A1: Servo ON, shaft stationary",servo-app/lab-0.1
1781155835.6633382,83.43670415878296,A1_HOLDING_SERVO_ON,A1_HOLDING_SERVO_ON_R01_20260611_122911,delta-asda-b3-e,1616,VE|SOD|TR,1,0,7474,0,0,0.0,0,0.0,301,47,4270,2391,6000,,0,,,,holding,normal,0,no_load,none,"A1: Servo ON, shaft stationary",servo-app/lab-0.1
1781155835.7637916,83.53715753555298,A1_HOLDING_SERVO_ON,A1_HOLDING_SERVO_ON_R01_20260611_122911,delta-asda-b3-e,1616,VE|SOD|TR,1,0,7474,0,0,0.0,0,0.0,300,47,4270,2391,6000,,0,,,,holding,normal,0,no_load,none,"A1: Servo ON, shaft stationary",servo-app/lab-0.1
1781155835.8640468,83.63741278648376,A1_HOLDING_SERVO_ON,A1_HOLDING_SERVO_ON_R01_20260611_122911,delta-asda-b3-e,1616,VE|SOD|TR,1,0,7478,0,0,0.0,0,0.0,301,47,4270,2391,6000,,0,,,,holding,normal,0,no_load,none,"A1: Servo ON, shaft stationary",servo-app/lab-0.1
1781155835.9645038,83.73786973953247,A1_HOLDING_SERVO_ON,A1_HOLDING_SERVO_ON_R01_20260611_122911,delta-asda-b3-e,1616,VE|SOD|TR,1,0,7484,0,0,0.0,0,0.0,301,47,4270,2391,6000,,0,,,,holding,normal,0,no_load,none,"A1: Servo ON, shaft stationary",servo-app/lab-0.1
1781155836.0650682,83.83843421936035,A1_HOLDING_SERVO_ON,A1_HOLDING_SERVO_ON_R01_20260611_122911,delta-asda-b3-e,1616,VE|SOD|TR,1,0,7480,0,0,0.0,0,0.0,301,47,4270,2391,6000,,0,,,,holding,normal,0,no_load,none,"A1: Servo ON, shaft stationary",servo-app/lab-0.1
1781155836.1653626,83.93872857093811,A1_HOLDING_SERVO_ON,A1_HOLDING_SERVO_ON_R01_20260611_122911,delta-asda-b3-e,1616,VE|SOD|TR,1,0,7484,0,0,0.0,0,0.0,301,47,4270,2391,6000,,0,,,,holding,normal,0,no_load,none,"A1: Servo ON, shaft stationary",servo-app/lab-0.1
1781155836.2655063,84.03887224197388,A1_HOLDING_SERVO_ON,A1_HOLDING_SERVO_ON_R01_20260611_122911,delta-asda-b3-e,1616,VE|SOD|TR,1,0,7474,0,0,0.0,0,0.0,300,47,4270,2391,6000,,0,,,,holding,normal,0,no_load,none,"A1: Servo ON, shaft stationary",servo-app/lab-0.1
1781155836.3659446,84.13931059837341,A1_HOLDING_SERVO_ON,A1_HOLDING_SERVO_ON_R01_20260611_122911,delta-asda-b3-e,1616,VE|SOD|TR,1,0,7480,0,0,0.0,0,0.0,300,47,4270,2391,6000,,0,,,,holding,normal,0,no_load,none,"A1: Servo ON, shaft stationary",servo-app/lab-0.1
1781155836.4663634,84.23972940444946,A1_HOLDING_SERVO_ON,A1_HOLDING_SERVO_ON_R01_20260611_122911,delta-asda-b3-e,1616,VE|SOD|TR,1,0,7484,0,0,0.0,0,0.0,301,47,4270,2391,6000,,0,,,,holding,normal,0,no_load,none,"A1: Servo ON, shaft stationary",servo-app/lab-0.1
1781155836.566859,84.34022498130798,A1_HOLDING_SERVO_ON,A1_HOLDING_SERVO_ON_R01_20260611_122911,delta-asda-b3-e,1616,VE|SOD|TR,1,0,7478,0,0,0.0,0,0.0,301,47,4270,2391,6000,,0,,,,holding,normal,0,no_load,none,"A1: Servo ON, shaft stationary",servo-app/lab-0.1
1781155836.667137,84.44050288200378,A1_HOLDING_SERVO_ON,A1_HOLDING_SERVO_ON_R01_20260611_122911,delta-asda-b3-e,1616,VE|SOD|TR,1,0,7484,0,0,0.0,0,0.0,300,47,4270,2391,6000,,0,,,,holding,normal,0,no_load,none,"A1: Servo ON, shaft stationary",servo-app/lab-0.1
1781155836.7672644,84.54063034057617,A1_HOLDING_SERVO_ON,A1_HOLDING_SERVO_ON_R01_20260611_122911,delta-asda-b3-e,1616,VE|SOD|TR,1,0,7484,0,0,0.0,0,0.0,301,47,4270,2391,6000,,0,,,,holding,normal,0,no_load,none,"A1: Servo ON, shaft stationary",servo-app/lab-0.1
1781155836.867341,84.64070701599121,A1_HOLDING_SERVO_ON,A1_HOLDING_SERVO_ON_R01_20260611_122911,delta-asda-b3-e,1616,VE|SOD|TR,1,0,7480,0,0,0.0,0,0.0,300,47,4270,2391,6000,,0,,,,holding,normal,0,no_load,none,"A1: Servo ON, shaft stationary",servo-app/lab-0.1
1781155836.9675407,84.74090671539307,A1_HOLDING_SERVO_ON,A1_HOLDING_SERVO_ON_R01_20260611_122911,delta-asda-b3-e,1616,VE|SOD|TR,1,0,7478,0,0,0.0,0,0.0,301,47,4270,2391,6000,,0,,,,holding,normal,0,no_load,none,"A1: Servo ON, shaft stationary",servo-app/lab-0.1
1781155837.0680928,84.84145879745483,A1_HOLDING_SERVO_ON,A1_HOLDING_SERVO_ON_R01_20260611_122911,delta-asda-b3-e,1616,VE|SOD|TR,1,0,7474,0,0,0.0,0,0.0,300,47,4270,2391,6000,,0,,,,holding,normal,0,no_load,none,"A1: Servo ON, shaft stationary",servo-app/lab-0.1
1781155837.1692138,84.94257974624634,A1_HOLDING_SERVO_ON,A1_HOLDING_SERVO_ON_R01_20260611_122911,delta-asda-b3-e,1616,VE|SOD|TR,1,0,7480,0,0,0.0,0,0.0,300,47,4270,2391,6000,,0,,,,holding,normal,0,no_load,none,"A1: Servo ON, shaft stationary",servo-app/lab-0.1
1781155837.2697408,85.0431067943573,A1_HOLDING_SERVO_ON,A1_HOLDING_SERVO_ON_R01_20260611_122911,delta-asda-b3-e,1616,VE|SOD|TR,1,0,7478,0,0,0.0,0,0.0,301,47,4270,2391,6000,,0,,,,holding,normal,0,no_load,none,"A1: Servo ON, shaft stationary",servo-app/lab-0.1
1781155837.369886,85.14325189590454,A1_HOLDING_SERVO_ON,A1_HOLDING_SERVO_ON_R01_20260611_122911,delta-asda-b3-e,1616,VE|SOD|TR,1,0,7478,0,0,0.0,0,0.0,301,47,4270,2391,6000,,0,,,,holding,normal,0,no_load,none,"A1: Servo ON, shaft stationary",servo-app/lab-0.1
1781155837.4699516,85.24331760406494,A1_HOLDING_SERVO_ON,A1_HOLDING_SERVO_ON_R01_20260611_122911,delta-asda-b3-e,1616,VE|SOD|TR,1,0,7478,0,0,0.0,0,0.0,301,47,4270,2391,6000,,0,,,,holding,normal,0,no_load,none,"A1: Servo ON, shaft stationary",servo-app/lab-0.1
1781155837.5700161,85.34338212013245,A1_HOLDING_SERVO_ON,A1_HOLDING_SERVO_ON_R01_20260611_122911,delta-asda-b3-e,1616,VE|SOD|TR,1,0,7480,0,0,0.0,0,0.0,301,47,4270,2391,6000,,0,,,,holding,normal,0,no_load,none,"A1: Servo ON, shaft stationary",servo-app/lab-0.1
1781155837.6702793,85.44364523887634,A1_HOLDING_SERVO_ON,A1_HOLDING_SERVO_ON_R01_20260611_122911,delta-asda-b3-e,1616,VE|SOD|TR,1,0,7474,0,0,0.0,0,0.0,301,47,4270,2391,6000,,0,,,,holding,normal,0,no_load,none,"A1: Servo ON, shaft stationary",servo-app/lab-0.1
1781155837.7705576,85.5439236164093,A1_HOLDING_SERVO_ON,A1_HOLDING_SERVO_ON_R01_20260611_122911,delta-asda-b3-e,1616,VE|SOD|TR,1,0,7478,0,0,0.0,0,0.0,300,47,4270,2391,6000,,0,,,,holding,normal,0,no_load,none,"A1: Servo ON, shaft stationary",servo-app/lab-0.1
1781155837.8709803,85.64434623718262,A1_HOLDING_SERVO_ON,A1_HOLDING_SERVO_ON_R01_20260611_122911,delta-asda-b3-e,1616,VE|SOD|TR,1,0,7474,0,0,0.0,0,0.0,300,47,4270,2391,6000,,0,,,,holding,normal,0,no_load,none,"A1: Servo ON, shaft stationary",servo-app/lab-0.1
1781155837.9711034,85.74446940422058,A1_HOLDING_SERVO_ON,A1_HOLDING_SERVO_ON_R01_20260611_122911,delta-asda-b3-e,1616,VE|SOD|TR,1,0,7484,0,0,0.0,0,0.0,300,47,4270,2391,6000,,0,,,,holding,normal,0,no_load,none,"A1: Servo ON, shaft stationary",servo-app/lab-0.1
1781155838.0715797,85.8449456691742,A1_HOLDING_SERVO_ON,A1_HOLDING_SERVO_ON_R01_20260611_122911,delta-asda-b3-e,1616,VE|SOD|TR,1,0,7484,0,0,0.0,0,0.0,301,47,4270,2391,6000,,0,,,,holding,normal,0,no_load,none,"A1: Servo ON, shaft stationary",servo-app/lab-0.1
1781155838.1722891,85.94565510749817,A1_HOLDING_SERVO_ON,A1_HOLDING_SERVO_ON_R01_20260611_122911,delta-asda-b3-e,1616,VE|SOD|TR,1,0,7474,0,0,0.0,0,0.0,300,47,4270,2391,6000,,0,,,,holding,normal,0,no_load,none,"A1: Servo ON, shaft stationary",servo-app/lab-0.1
1781155838.2728605,86.04622650146484,A1_HOLDING_SERVO_ON,A1_HOLDING_SERVO_ON_R01_20260611_122911,delta-asda-b3-e,1616,VE|SOD|TR,1,0,7474,0,0,0.0,0,0.0,300,47,4270,2391,6000,,0,,,,holding,normal,0,no_load,none,"A1: Servo ON, shaft stationary",servo-app/lab-0.1
1781155838.3733516,86.14671754837036,A1_HOLDING_SERVO_ON,A1_HOLDING_SERVO_ON_R01_20260611_122911,delta-asda-b3-e,1616,VE|SOD|TR,1,0,7468,0,0,0.0,0,0.0,300,47,4270,2391,6000,,0,,,,holding,normal,0,no_load,none,"A1: Servo ON, shaft stationary",servo-app/lab-0.1
1781155838.4735987,86.24696469306946,A1_HOLDING_SERVO_ON,A1_HOLDING_SERVO_ON_R01_20260611_122911,delta-asda-b3-e,1616,VE|SOD|TR,1,0,7470,0,0,0.0,0,0.0,300,47,4270,2391,6000,,0,,,,holding,normal,0,no_load,none,"A1: Servo ON, shaft stationary",servo-app/lab-0.1
1781155838.574014,86.34737992286682,A1_HOLDING_SERVO_ON,A1_HOLDING_SERVO_ON_R01_20260611_122911,delta-asda-b3-e,1616,VE|SOD|TR,1,0,7478,0,0,0.0,0,0.0,301,47,4270,2391,6000,,0,,,,holding,normal,0,no_load,none,"A1: Servo ON, shaft stationary",servo-app/lab-0.1
1781155838.6742055,86.44757151603699,A1_HOLDING_SERVO_ON,A1_HOLDING_SERVO_ON_R01_20260611_122911,delta-asda-b3-e,1616,VE|SOD|TR,1,0,7474,0,0,0.0,0,0.0,301,47,4270,2391,6000,,0,,,,holding,normal,0,no_load,none,"A1: Servo ON, shaft stationary",servo-app/lab-0.1
1781155838.7745323,86.5478982925415,A1_HOLDING_SERVO_ON,A1_HOLDING_SERVO_ON_R01_20260611_122911,delta-asda-b3-e,1616,VE|SOD|TR,1,0,7484,0,0,0.0,0,0.0,300,47,4270,2391,6000,,0,,,,holding,normal,0,no_load,none,"A1: Servo ON, shaft stationary",servo-app/lab-0.1
1781155838.875551,86.64891695976257,A1_HOLDING_SERVO_ON,A1_HOLDING_SERVO_ON_R01_20260611_122911,delta-asda-b3-e,1616,VE|SOD|TR,1,0,7484,0,0,0.0,0,0.0,300,47,4270,2391,6000,,0,,,,holding,normal,0,no_load,none,"A1: Servo ON, shaft stationary",servo-app/lab-0.1
1781155838.9759376,86.74930357933044,A1_HOLDING_SERVO_ON,A1_HOLDING_SERVO_ON_R01_20260611_122911,delta-asda-b3-e,1616,VE|SOD|TR,1,0,7484,0,0,0.0,0,0.0,300,47,4270,2391,6000,,0,,,,holding,normal,0,no_load,none,"A1: Servo ON, shaft stationary",servo-app/lab-0.1
1781155839.0766256,86.8499915599823,A1_HOLDING_SERVO_ON,A1_HOLDING_SERVO_ON_R01_20260611_122911,delta-asda-b3-e,1616,VE|SOD|TR,1,0,7474,0,0,0.0,0,0.0,300,47,4270,2391,6000,,0,,,,holding,normal,0,no_load,none,"A1: Servo ON, shaft stationary",servo-app/lab-0.1
1781155839.177008,86.95037388801575,A1_HOLDING_SERVO_ON,A1_HOLDING_SERVO_ON_R01_20260611_122911,delta-asda-b3-e,1616,VE|SOD|TR,1,0,7470,0,0,0.0,0,0.0,300,47,4270,2391,6000,,0,,,,holding,normal,0,no_load,none,"A1: Servo ON, shaft stationary",servo-app/lab-0.1
1781155839.2774997,87.050865650177,A1_HOLDING_SERVO_ON,A1_HOLDING_SERVO_ON_R01_20260611_122911,delta-asda-b3-e,1616,VE|SOD|TR,1,0,7468,0,0,0.0,0,0.0,301,47,4270,2391,6000,,0,,,,holding,normal,0,no_load,none,"A1: Servo ON, shaft stationary",servo-app/lab-0.1
1781155839.3779948,87.15136075019836,A1_HOLDING_SERVO_ON,A1_HOLDING_SERVO_ON_R01_20260611_122911,delta-asda-b3-e,1616,VE|SOD|TR,1,0,7478,0,0,0.0,0,0.0,301,47,4270,2391,6000,,0,,,,holding,normal,0,no_load,none,"A1: Servo ON, shaft stationary",servo-app/lab-0.1
1781155839.4780734,87.25143933296204,A1_HOLDING_SERVO_ON,A1_HOLDING_SERVO_ON_R01_20260611_122911,delta-asda-b3-e,1616,VE|SOD|TR,1,0,7478,0,0,0.0,0,0.0,301,47,4270,2391,6000,,0,,,,holding,normal,0,no_load,none,"A1: Servo ON, shaft stationary",servo-app/lab-0.1
1781155839.5781164,87.35148239135742,A1_HOLDING_SERVO_ON,A1_HOLDING_SERVO_ON_R01_20260611_122911,delta-asda-b3-e,1616,VE|SOD|TR,1,0,7484,0,0,0.0,0,0.0,300,47,4270,2391,6000,,0,,,,holding,normal,0,no_load,none,"A1: Servo ON, shaft stationary",servo-app/lab-0.1
1781155839.678202,87.45156788825989,A1_HOLDING_SERVO_ON,A1_HOLDING_SERVO_ON_R01_20260611_122911,delta-asda-b3-e,1616,VE|SOD|TR,1,0,7474,0,0,0.0,0,0.0,300,47,4270,2391,6000,,0,,,,holding,normal,0,no_load,none,"A1: Servo ON, shaft stationary",servo-app/lab-0.1
1781155839.7788434,87.55220937728882,A1_HOLDING_SERVO_ON,A1_HOLDING_SERVO_ON_R01_20260611_122911,delta-asda-b3-e,1616,VE|SOD|TR,1,0,7484,0,0,0.0,0,0.0,300,47,4270,2391,6000,,0,,,,holding,normal,0,no_load,none,"A1: Servo ON, shaft stationary",servo-app/lab-0.1
1781155839.8794136,87.6527795791626,A1_HOLDING_SERVO_ON,A1_HOLDING_SERVO_ON_R01_20260611_122911,delta-asda-b3-e,1616,VE|SOD|TR,1,0,7474,0,0,0.0,0,0.0,300,47,4270,2391,6000,,0,,,,holding,normal,0,no_load,none,"A1: Servo ON, shaft stationary",servo-app/lab-0.1
1781155839.9797306,87.75309658050537,A1_HOLDING_SERVO_ON,A1_HOLDING_SERVO_ON_R01_20260611_122911,delta-asda-b3-e,1616,VE|SOD|TR,1,0,7474,0,0,0.0,0,0.0,300,47,4270,2391,6000,,0,,,,holding,normal,0,no_load,none,"A1: Servo ON, shaft stationary",servo-app/lab-0.1
1781155840.0800428,87.85340881347656,A1_HOLDING_SERVO_ON,A1_HOLDING_SERVO_ON_R01_20260611_122911,delta-asda-b3-e,1616,VE|SOD|TR,1,0,7478,0,0,0.0,0,0.0,300,47,4270,2391,6000,,0,,,,holding,normal,0,no_load,none,"A1: Servo ON, shaft stationary",servo-app/lab-0.1
1781155840.180546,87.95391201972961,A1_HOLDING_SERVO_ON,A1_HOLDING_SERVO_ON_R01_20260611_122911,delta-asda-b3-e,1616,VE|SOD|TR,1,0,7478,0,0,0.0,0,0.0,300,47,4270,2391,6000,,0,,,,holding,normal,0,no_load,none,"A1: Servo ON, shaft stationary",servo-app/lab-0.1
1781155840.2813904,88.05475640296936,A1_HOLDING_SERVO_ON,A1_HOLDING_SERVO_ON_R01_20260611_122911,delta-asda-b3-e,1616,VE|SOD|TR,1,0,7478,0,0,0.0,0,0.0,300,47,4270,2391,6000,,0,,,,holding,normal,0,no_load,none,"A1: Servo ON, shaft stationary",servo-app/lab-0.1
1781155840.3814404,88.15480637550354,A1_HOLDING_SERVO_ON,A1_HOLDING_SERVO_ON_R01_20260611_122911,delta-asda-b3-e,1616,VE|SOD|TR,1,0,7474,0,0,0.0,0,0.0,300,47,4270,2391,6000,,0,,,,holding,normal,0,no_load,none,"A1: Servo ON, shaft stationary",servo-app/lab-0.1
1781155840.4827433,88.2561092376709,A1_HOLDING_SERVO_ON,A1_HOLDING_SERVO_ON_R01_20260611_122911,delta-asda-b3-e,1616,VE|SOD|TR,1,0,7480,0,0,0.0,0,0.0,300,47,4270,2391,6000,,0,,,,holding,normal,0,no_load,none,"A1: Servo ON, shaft stationary",servo-app/lab-0.1
1781155840.5829682,88.35633420944214,A1_HOLDING_SERVO_ON,A1_HOLDING_SERVO_ON_R01_20260611_122911,delta-asda-b3-e,1616,VE|SOD|TR,1,0,7478,0,0,0.0,0,0.0,300,47,4270,2391,6000,,0,,,,holding,normal,0,no_load,none,"A1: Servo ON, shaft stationary",servo-app/lab-0.1
1781155840.6835425,88.45690846443176,A1_HOLDING_SERVO_ON,A1_HOLDING_SERVO_ON_R01_20260611_122911,delta-asda-b3-e,1616,VE|SOD|TR,1,0,7474,0,0,0.0,0,0.0,300,47,4270,2391,6000,,0,,,,holding,normal,0,no_load,none,"A1: Servo ON, shaft stationary",servo-app/lab-0.1
1781155840.783658,88.5570240020752,A1_HOLDING_SERVO_ON,A1_HOLDING_SERVO_ON_R01_20260611_122911,delta-asda-b3-e,1616,VE|SOD|TR,1,0,7480,0,0,0.0,0,0.0,300,47,4270,2391,6000,,0,,,,holding,normal,0,no_load,none,"A1: Servo ON, shaft stationary",servo-app/lab-0.1
1781155840.8838696,88.657235622406,A1_HOLDING_SERVO_ON,A1_HOLDING_SERVO_ON_R01_20260611_122911,delta-asda-b3-e,1616,VE|SOD|TR,1,0,7474,0,0,0.0,0,0.0,300,47,4270,2391,6000,,0,,,,holding,normal,0,no_load,none,"A1: Servo ON, shaft stationary",servo-app/lab-0.1
1781155840.9839811,88.7573471069336,A1_HOLDING_SERVO_ON,A1_HOLDING_SERVO_ON_R01_20260611_122911,delta-asda-b3-e,1616,VE|SOD|TR,1,0,7480,0,0,0.0,0,0.0,300,47,4270,2391,6000,,0,,,,holding,normal,0,no_load,none,"A1: Servo ON, shaft stationary",servo-app/lab-0.1
1781155841.0844467,88.85781264305115,A1_HOLDING_SERVO_ON,A1_HOLDING_SERVO_ON_R01_20260611_122911,delta-asda-b3-e,1616,VE|SOD|TR,1,0,7474,0,0,0.0,0,0.0,300,47,4270,2391,6000,,0,,,,holding,normal,0,no_load,none,"A1: Servo ON, shaft stationary",servo-app/lab-0.1
1781155841.184636,88.9580020904541,A1_HOLDING_SERVO_ON,A1_HOLDING_SERVO_ON_R01_20260611_122911,delta-asda-b3-e,1616,VE|SOD|TR,1,0,7480,0,0,0.0,0,0.0,300,47,4270,2391,6000,,0,,,,holding,normal,0,no_load,none,"A1: Servo ON, shaft stationary",servo-app/lab-0.1
1781155841.2848463,89.05821228027344,A1_HOLDING_SERVO_ON,A1_HOLDING_SERVO_ON_R01_20260611_122911,delta-asda-b3-e,1616,VE|SOD|TR,1,0,7480,0,0,0.0,0,0.0,300,47,4270,2391,6000,,0,,,,holding,normal,0,no_load,none,"A1: Servo ON, shaft stationary",servo-app/lab-0.1
1781155841.3853965,89.15876245498657,A1_HOLDING_SERVO_ON,A1_HOLDING_SERVO_ON_R01_20260611_122911,delta-asda-b3-e,1616,VE|SOD|TR,1,0,7478,0,0,0.0,0,0.0,300,47,4270,2391,6000,,0,,,,holding,normal,0,no_load,none,"A1: Servo ON, shaft stationary",servo-app/lab-0.1
1781155841.4855423,89.25890827178955,A1_HOLDING_SERVO_ON,A1_HOLDING_SERVO_ON_R01_20260611_122911,delta-asda-b3-e,1616,VE|SOD|TR,1,0,7484,0,0,0.0,0,0.0,300,47,4270,2391,6000,,0,,,,holding,normal,0,no_load,none,"A1: Servo ON, shaft stationary",servo-app/lab-0.1
1781155841.5860574,89.35942339897156,A1_HOLDING_SERVO_ON,A1_HOLDING_SERVO_ON_R01_20260611_122911,delta-asda-b3-e,1616,VE|SOD|TR,1,0,7470,0,0,0.0,0,0.0,300,47,4270,2391,6000,,0,,,,holding,normal,0,no_load,none,"A1: Servo ON, shaft stationary",servo-app/lab-0.1
1781155841.6861887,89.45955467224121,A1_HOLDING_SERVO_ON,A1_HOLDING_SERVO_ON_R01_20260611_122911,delta-asda-b3-e,1616,VE|SOD|TR,1,0,7478,0,0,0.0,0,0.0,300,47,4270,2391,6000,,0,,,,holding,normal,0,no_load,none,"A1: Servo ON, shaft stationary",servo-app/lab-0.1
1781155841.7863727,89.55973863601685,A1_HOLDING_SERVO_ON,A1_HOLDING_SERVO_ON_R01_20260611_122911,delta-asda-b3-e,1616,VE|SOD|TR,1,0,7484,0,0,0.0,0,0.0,300,47,4270,2391,6000,,0,,,,holding,normal,0,no_load,none,"A1: Servo ON, shaft stationary",servo-app/lab-0.1
1781155841.8867736,89.66013956069946,A1_HOLDING_SERVO_ON,A1_HOLDING_SERVO_ON_R01_20260611_122911,delta-asda-b3-e,1616,VE|SOD|TR,1,0,7484,0,0,0.0,0,0.0,300,47,4270,2391,6000,,0,,,,holding,normal,0,no_load,none,"A1: Servo ON, shaft stationary",servo-app/lab-0.1
1781155841.987116,89.7604820728302,A1_HOLDING_SERVO_ON,A1_HOLDING_SERVO_ON_R01_20260611_122911,delta-asda-b3-e,1616,VE|SOD|TR,1,0,7474,0,0,0.0,0,0.0,300,47,4270,2391,6000,,0,,,,holding,normal,0,no_load,none,"A1: Servo ON, shaft stationary",servo-app/lab-0.1
1781155842.0874996,89.86086559295654,A1_HOLDING_SERVO_ON,A1_HOLDING_SERVO_ON_R01_20260611_122911,delta-asda-b3-e,1616,VE|SOD|TR,1,0,7484,0,0,0.0,0,0.0,300,47,4270,2391,6000,,0,,,,holding,normal,0,no_load,none,"A1: Servo ON, shaft stationary",servo-app/lab-0.1
1781155842.1878579,89.9612238407135,A1_HOLDING_SERVO_ON,A1_HOLDING_SERVO_ON_R01_20260611_122911,delta-asda-b3-e,1616,VE|SOD|TR,1,0,7478,0,0,0.0,0,0.0,300,47,4270,2391,6000,,0,,,,holding,normal,0,no_load,none,"A1: Servo ON, shaft stationary",servo-app/lab-0.1
1781155842.2889738,90.06233978271484,A1_HOLDING_SERVO_ON,A1_HOLDING_SERVO_ON_R01_20260611_122911,delta-asda-b3-e,1616,VE|SOD|TR,1,0,7470,0,0,0.0,0,0.0,300,47,4270,2391,6000,,0,,,,holding,normal,0,no_load,none,"A1: Servo ON, shaft stationary",servo-app/lab-0.1
1781155842.3894002,90.16276621818542,A1_HOLDING_SERVO_ON,A1_HOLDING_SERVO_ON_R01_20260611_122911,delta-asda-b3-e,1616,VE|SOD|TR,1,0,7474,0,0,0.0,0,0.0,300,47,4270,2391,6000,,0,,,,holding,normal,0,no_load,none,"A1: Servo ON, shaft stationary",servo-app/lab-0.1
1781155842.490201,90.2635669708252,A1_HOLDING_SERVO_ON,A1_HOLDING_SERVO_ON_R01_20260611_122911,delta-asda-b3-e,1616,VE|SOD|TR,1,0,7480,0,0,0.0,0,0.0,300,47,4270,2391,6000,,0,,,,holding,normal,0,no_load,none,"A1: Servo ON, shaft stationary",servo-app/lab-0.1
1781155842.5904772,90.36384320259094,A1_HOLDING_SERVO_ON,A1_HOLDING_SERVO_ON_R01_20260611_122911,delta-asda-b3-e,1616,VE|SOD|TR,1,0,7484,0,0,0.0,0,0.0,300,47,4270,2391,6000,,0,,,,holding,normal,0,no_load,none,"A1: Servo ON, shaft stationary",servo-app/lab-0.1
1781155842.690801,90.46416687965393,A1_HOLDING_SERVO_ON,A1_HOLDING_SERVO_ON_R01_20260611_122911,delta-asda-b3-e,1616,VE|SOD|TR,1,0,7478,0,0,0.0,0,0.0,300,47,4270,2391,6000,,0,,,,holding,normal,0,no_load,none,"A1: Servo ON, shaft stationary",servo-app/lab-0.1
1781155842.7910745,90.56444048881531,A1_HOLDING_SERVO_ON,A1_HOLDING_SERVO_ON_R01_20260611_122911,delta-asda-b3-e,1616,VE|SOD|TR,1,0,7480,0,0,0.0,0,0.0,300,47,4270,2391,6000,,0,,,,holding,normal,0,no_load,none,"A1: Servo ON, shaft stationary",servo-app/lab-0.1
1781155842.8917658,90.66513180732727,A1_HOLDING_SERVO_ON,A1_HOLDING_SERVO_ON_R01_20260611_122911,delta-asda-b3-e,1616,VE|SOD|TR,1,0,7478,0,0,0.0,0,0.0,300,47,4270,2391,6000,,0,,,,holding,normal,0,no_load,none,"A1: Servo ON, shaft stationary",servo-app/lab-0.1
1781155842.991919,90.7652850151062,A1_HOLDING_SERVO_ON,A1_HOLDING_SERVO_ON_R01_20260611_122911,delta-asda-b3-e,1616,VE|SOD|TR,1,0,7478,0,0,0.0,0,0.0,301,47,4270,2391,6000,,0,,,,holding,normal,0,no_load,none,"A1: Servo ON, shaft stationary",servo-app/lab-0.1
1781155843.0921085,90.86547446250916,A1_HOLDING_SERVO_ON,A1_HOLDING_SERVO_ON_R01_20260611_122911,delta-asda-b3-e,1616,VE|SOD|TR,1,0,7474,0,0,0.0,0,0.0,301,47,4270,2391,6000,,0,,,,holding,normal,0,no_load,none,"A1: Servo ON, shaft stationary",servo-app/lab-0.1
1781155843.1925323,90.96589827537537,A1_HOLDING_SERVO_ON,A1_HOLDING_SERVO_ON_R01_20260611_122911,delta-asda-b3-e,1616,VE|SOD|TR,1,0,7484,0,0,0.0,0,0.0,300,47,4270,2391,6000,,0,,,,holding,normal,0,no_load,none,"A1: Servo ON, shaft stationary",servo-app/lab-0.1
1781155843.292597,91.06596302986145,A1_HOLDING_SERVO_ON,A1_HOLDING_SERVO_ON_R01_20260611_122911,delta-asda-b3-e,1616,VE|SOD|TR,1,0,7484,0,0,0.0,0,0.0,300,47,4270,2391,6000,,0,,,,holding,normal,0,no_load,none,"A1: Servo ON, shaft stationary",servo-app/lab-0.1
1781155843.3931446,91.16651058197021,A1_HOLDING_SERVO_ON,A1_HOLDING_SERVO_ON_R01_20260611_122911,delta-asda-b3-e,1616,VE|SOD|TR,1,0,7480,0,0,0.0,0,0.0,300,47,4270,2391,6000,,0,,,,holding,normal,0,no_load,none,"A1: Servo ON, shaft stationary",servo-app/lab-0.1
1781155843.493361,91.26672697067261,A1_HOLDING_SERVO_ON,A1_HOLDING_SERVO_ON_R01_20260611_122911,delta-asda-b3-e,1616,VE|SOD|TR,1,0,7478,0,0,0.0,0,0.0,300,47,4270,2391,6000,,0,,,,holding,normal,0,no_load,none,"A1: Servo ON, shaft stationary",servo-app/lab-0.1
1781155843.5935519,91.36691784858704,A1_HOLDING_SERVO_ON,A1_HOLDING_SERVO_ON_R01_20260611_122911,delta-asda-b3-e,1616,VE|SOD|TR,1,0,7478,0,0,0.0,0,0.0,300,47,4270,2391,6000,,0,,,,holding,normal,0,no_load,none,"A1: Servo ON, shaft stationary",servo-app/lab-0.1
1781155843.6939988,91.46736478805542,A1_HOLDING_SERVO_ON,A1_HOLDING_SERVO_ON_R01_20260611_122911,delta-asda-b3-e,1616,VE|SOD|TR,1,0,7484,0,0,0.0,0,0.0,301,47,4270,2391,6000,,0,,,,holding,normal,0,no_load,none,"A1: Servo ON, shaft stationary",servo-app/lab-0.1
1781155843.79413,91.56749606132507,A1_HOLDING_SERVO_ON,A1_HOLDING_SERVO_ON_R01_20260611_122911,delta-asda-b3-e,1616,VE|SOD|TR,1,0,7484,0,0,0.0,0,0.0,300,47,4270,2391,6000,,0,,,,holding,normal,0,no_load,none,"A1: Servo ON, shaft stationary",servo-app/lab-0.1
1781155843.894428,91.66779398918152,A1_HOLDING_SERVO_ON,A1_HOLDING_SERVO_ON_R01_20260611_122911,delta-asda-b3-e,1616,VE|SOD|TR,1,0,7474,0,0,0.0,0,0.0,300,47,4270,2391,6000,,0,,,,holding,normal,0,no_load,none,"A1: Servo ON, shaft stationary",servo-app/lab-0.1
1781155843.9945724,91.76793837547302,A1_HOLDING_SERVO_ON,A1_HOLDING_SERVO_ON_R01_20260611_122911,delta-asda-b3-e,1616,VE|SOD|TR,1,0,7484,0,0,0.0,0,0.0,300,47,4270,2391,6000,,0,,,,holding,normal,0,no_load,none,"A1: Servo ON, shaft stationary",servo-app/lab-0.1
1781155844.0950408,91.86840677261353,A1_HOLDING_SERVO_ON,A1_HOLDING_SERVO_ON_R01_20260611_122911,delta-asda-b3-e,1616,VE|SOD|TR,1,0,7478,0,0,0.0,0,0.0,300,47,4270,2391,6000,,0,,,,holding,normal,0,no_load,none,"A1: Servo ON, shaft stationary",servo-app/lab-0.1
1781155844.1956747,91.96904063224792,A1_HOLDING_SERVO_ON,A1_HOLDING_SERVO_ON_R01_20260611_122911,delta-asda-b3-e,1616,VE|SOD|TR,1,0,7484,0,0,0.0,0,0.0,301,47,4270,2391,6000,,0,,,,holding,normal,0,no_load,none,"A1: Servo ON, shaft stationary",servo-app/lab-0.1
1781155844.2960763,92.06944227218628,A1_HOLDING_SERVO_ON,A1_HOLDING_SERVO_ON_R01_20260611_122911,delta-asda-b3-e,1616,VE|SOD|TR,1,0,7480,0,0,0.0,0,0.0,300,47,4270,2391,6000,,0,,,,holding,normal,0,no_load,none,"A1: Servo ON, shaft stationary",servo-app/lab-0.1
1781155844.3963563,92.16972231864929,A1_HOLDING_SERVO_ON,A1_HOLDING_SERVO_ON_R01_20260611_122911,delta-asda-b3-e,1616,VE|SOD|TR,1,0,7484,0,0,0.0,0,0.0,300,47,4270,2391,6000,,0,,,,holding,normal,0,no_load,none,"A1: Servo ON, shaft stationary",servo-app/lab-0.1
1781155844.4963963,92.26976227760315,A1_HOLDING_SERVO_ON,A1_HOLDING_SERVO_ON_R01_20260611_122911,delta-asda-b3-e,1616,VE|SOD|TR,1,0,7480,0,0,0.0,0,0.0,300,47,4270,2391,6000,,0,,,,holding,normal,0,no_load,none,"A1: Servo ON, shaft stationary",servo-app/lab-0.1
1781155844.5968668,92.37023282051086,A1_HOLDING_SERVO_ON,A1_HOLDING_SERVO_ON_R01_20260611_122911,delta-asda-b3-e,1616,VE|SOD|TR,1,0,7478,0,0,0.0,0,0.0,301,47,4270,2391,6000,,0,,,,holding,normal,0,no_load,none,"A1: Servo ON, shaft stationary",servo-app/lab-0.1
1781155844.697158,92.4705240726471,A1_HOLDING_SERVO_ON,A1_HOLDING_SERVO_ON_R01_20260611_122911,delta-asda-b3-e,1616,VE|SOD|TR,1,0,7480,0,0,0.0,0,0.0,301,47,4270,2391,6000,,0,,,,holding,normal,0,no_load,none,"A1: Servo ON, shaft stationary",servo-app/lab-0.1
1781155844.7973952,92.57076120376587,A1_HOLDING_SERVO_ON,A1_HOLDING_SERVO_ON_R01_20260611_122911,delta-asda-b3-e,1616,VE|SOD|TR,1,0,7484,0,0,0.0,0,0.0,301,47,4270,2391,6000,,0,,,,holding,normal,0,no_load,none,"A1: Servo ON, shaft stationary",servo-app/lab-0.1
1781155844.8976502,92.67101621627808,A1_HOLDING_SERVO_ON,A1_HOLDING_SERVO_ON_R01_20260611_122911,delta-asda-b3-e,1616,VE|SOD|TR,1,0,7480,0,0,0.0,0,0.0,300,47,4270,2391,6000,,0,,,,holding,normal,0,no_load,none,"A1: Servo ON, shaft stationary",servo-app/lab-0.1
1781155844.997772,92.77113795280457,A1_HOLDING_SERVO_ON,A1_HOLDING_SERVO_ON_R01_20260611_122911,delta-asda-b3-e,1616,VE|SOD|TR,1,0,7484,0,0,0.0,0,0.0,301,47,4270,2391,6000,,0,,,,holding,normal,0,no_load,none,"A1: Servo ON, shaft stationary",servo-app/lab-0.1
1781155845.0981321,92.87149810791016,A1_HOLDING_SERVO_ON,A1_HOLDING_SERVO_ON_R01_20260611_122911,delta-asda-b3-e,1616,VE|SOD|TR,1,0,7474,0,0,0.0,0,0.0,301,47,4270,2391,6000,,0,,,,holding,normal,0,no_load,none,"A1: Servo ON, shaft stationary",servo-app/lab-0.1
1781155845.1984637,92.97182965278625,A1_HOLDING_SERVO_ON,A1_HOLDING_SERVO_ON_R01_20260611_122911,delta-asda-b3-e,1616,VE|SOD|TR,1,0,7480,0,0,0.0,0,0.0,300,47,4270,2391,6000,,0,,,,holding,normal,0,no_load,none,"A1: Servo ON, shaft stationary",servo-app/lab-0.1
1781155845.2991617,93.07252764701843,A1_HOLDING_SERVO_ON,A1_HOLDING_SERVO_ON_R01_20260611_122911,delta-asda-b3-e,1616,VE|SOD|TR,1,0,7484,0,0,0.0,0,0.0,300,47,4270,2391,6000,,0,,,,holding,normal,0,no_load,none,"A1: Servo ON, shaft stationary",servo-app/lab-0.1
1781155845.3995304,93.17289638519287,A1_HOLDING_SERVO_ON,A1_HOLDING_SERVO_ON_R01_20260611_122911,delta-asda-b3-e,1616,VE|SOD|TR,1,0,7474,0,0,0.0,0,0.0,300,47,4270,2391,6000,,0,,,,holding,normal,0,no_load,none,"A1: Servo ON, shaft stationary",servo-app/lab-0.1
1781155845.499732,93.27309799194336,A1_HOLDING_SERVO_ON,A1_HOLDING_SERVO_ON_R01_20260611_122911,delta-asda-b3-e,1616,VE|SOD|TR,1,0,7484,0,0,0.0,0,0.0,300,47,4270,2391,6000,,0,,,,holding,normal,0,no_load,none,"A1: Servo ON, shaft stationary",servo-app/lab-0.1
1781155845.600312,93.37367796897888,A1_HOLDING_SERVO_ON,A1_HOLDING_SERVO_ON_R01_20260611_122911,delta-asda-b3-e,1616,VE|SOD|TR,1,0,7470,0,0,0.0,0,0.0,300,47,4270,2391,6000,,0,,,,holding,normal,0,no_load,none,"A1: Servo ON, shaft stationary",servo-app/lab-0.1
1781155845.7007535,93.47411942481995,A1_HOLDING_SERVO_ON,A1_HOLDING_SERVO_ON_R01_20260611_122911,delta-asda-b3-e,1616,VE|SOD|TR,1,0,7474,0,0,0.0,0,0.0,300,47,4270,2391,6000,,0,,,,holding,normal,0,no_load,none,"A1: Servo ON, shaft stationary",servo-app/lab-0.1
1781155845.8011305,93.57449650764465,A1_HOLDING_SERVO_ON,A1_HOLDING_SERVO_ON_R01_20260611_122911,delta-asda-b3-e,1616,VE|SOD|TR,1,0,7474,0,0,0.0,0,0.0,301,47,4270,2391,6000,,0,,,,holding,normal,0,no_load,none,"A1: Servo ON, shaft stationary",servo-app/lab-0.1
1781155845.9016652,93.67503118515015,A1_HOLDING_SERVO_ON,A1_HOLDING_SERVO_ON_R01_20260611_122911,delta-asda-b3-e,1616,VE|SOD|TR,1,0,7474,0,0,0.0,0,0.0,300,47,4270,2391,6000,,0,,,,holding,normal,0,no_load,none,"A1: Servo ON, shaft stationary",servo-app/lab-0.1
1781155846.00199,93.77535605430603,A1_HOLDING_SERVO_ON,A1_HOLDING_SERVO_ON_R01_20260611_122911,delta-asda-b3-e,1616,VE|SOD|TR,1,0,7480,0,0,0.0,0,0.0,300,47,4270,2391,6000,,0,,,,holding,normal,0,no_load,none,"A1: Servo ON, shaft stationary",servo-app/lab-0.1
1781155846.1023118,93.87567782402039,A1_HOLDING_SERVO_ON,A1_HOLDING_SERVO_ON_R01_20260611_122911,delta-asda-b3-e,1616,VE|SOD|TR,1,0,7478,0,0,0.0,0,0.0,301,47,4270,2391,6000,,0,,,,holding,normal,0,no_load,none,"A1: Servo ON, shaft stationary",servo-app/lab-0.1
1781155846.202383,93.9757490158081,A1_HOLDING_SERVO_ON,A1_HOLDING_SERVO_ON_R01_20260611_122911,delta-asda-b3-e,1616,VE|SOD|TR,1,0,7484,0,0,0.0,0,0.0,300,47,4270,2391,6000,,0,,,,holding,normal,0,no_load,none,"A1: Servo ON, shaft stationary",servo-app/lab-0.1
1781155846.3028502,94.07621622085571,A1_HOLDING_SERVO_ON,A1_HOLDING_SERVO_ON_R01_20260611_122911,delta-asda-b3-e,1616,VE|SOD|TR,1,0,7478,0,0,0.0,0,0.0,301,47,4270,2391,6000,,0,,,,holding,normal,0,no_load,none,"A1: Servo ON, shaft stationary",servo-app/lab-0.1
1781155846.4033794,94.17674541473389,A1_HOLDING_SERVO_ON,A1_HOLDING_SERVO_ON_R01_20260611_122911,delta-asda-b3-e,1616,VE|SOD|TR,1,0,7478,0,0,0.0,0,0.0,301,47,4270,2391,6000,,0,,,,holding,normal,0,no_load,none,"A1: Servo ON, shaft stationary",servo-app/lab-0.1
1781155846.5037324,94.2770984172821,A1_HOLDING_SERVO_ON,A1_HOLDING_SERVO_ON_R01_20260611_122911,delta-asda-b3-e,1616,VE|SOD|TR,1,0,7474,0,0,0.0,0,0.0,301,47,4270,2391,6000,,0,,,,holding,normal,0,no_load,none,"A1: Servo ON, shaft stationary",servo-app/lab-0.1
1781155846.6037674,94.3771333694458,A1_HOLDING_SERVO_ON,A1_HOLDING_SERVO_ON_R01_20260611_122911,delta-asda-b3-e,1616,VE|SOD|TR,1,0,7474,0,0,0.0,0,0.0,301,47,4270,2391,6000,,0,,,,holding,normal,0,no_load,none,"A1: Servo ON, shaft stationary",servo-app/lab-0.1
1781155846.7044983,94.4778642654419,A1_HOLDING_SERVO_ON,A1_HOLDING_SERVO_ON_R01_20260611_122911,delta-asda-b3-e,1616,VE|SOD|TR,1,0,7480,0,0,0.0,0,0.0,300,47,4270,2391,6000,,0,,,,holding,normal,0,no_load,none,"A1: Servo ON, shaft stationary",servo-app/lab-0.1
1781155846.8050096,94.57837557792664,A1_HOLDING_SERVO_ON,A1_HOLDING_SERVO_ON_R01_20260611_122911,delta-asda-b3-e,1616,VE|SOD|TR,1,0,7480,0,0,0.0,0,0.0,300,47,4270,2391,6000,,0,,,,holding,normal,0,no_load,none,"A1: Servo ON, shaft stationary",servo-app/lab-0.1
1781155846.9055238,94.67888975143433,A1_HOLDING_SERVO_ON,A1_HOLDING_SERVO_ON_R01_20260611_122911,delta-asda-b3-e,1616,VE|SOD|TR,1,0,7480,0,0,0.0,0,0.0,300,47,4270,2391,6000,,0,,,,holding,normal,0,no_load,none,"A1: Servo ON, shaft stationary",servo-app/lab-0.1
1781155847.0064752,94.77984118461609,A1_HOLDING_SERVO_ON,A1_HOLDING_SERVO_ON_R01_20260611_122911,delta-asda-b3-e,1616,VE|SOD|TR,1,0,7484,0,0,0.0,0,0.0,300,47,4270,2391,6000,,0,,,,holding,normal,0,no_load,none,"A1: Servo ON, shaft stationary",servo-app/lab-0.1
1781155847.106613,94.87997889518738,A1_HOLDING_SERVO_ON,A1_HOLDING_SERVO_ON_R01_20260611_122911,delta-asda-b3-e,1616,VE|SOD|TR,1,0,7484,0,0,0.0,0,0.0,301,47,4270,2391,6000,,0,,,,holding,normal,0,no_load,none,"A1: Servo ON, shaft stationary",servo-app/lab-0.1
1781155847.2067492,94.98011517524719,A1_HOLDING_SERVO_ON,A1_HOLDING_SERVO_ON_R01_20260611_122911,delta-asda-b3-e,1616,VE|SOD|TR,1,0,7474,0,0,0.0,0,0.0,300,47,4270,2391,6000,,0,,,,holding,normal,0,no_load,none,"A1: Servo ON, shaft stationary",servo-app/lab-0.1
1781155847.3070643,95.08043026924133,A1_HOLDING_SERVO_ON,A1_HOLDING_SERVO_ON_R01_20260611_122911,delta-asda-b3-e,1616,VE|SOD|TR,1,0,7474,0,0,0.0,0,0.0,300,47,4270,2391,6000,,0,,,,holding,normal,0,no_load,none,"A1: Servo ON, shaft stationary",servo-app/lab-0.1
1781155847.4071474,95.18051338195801,A1_HOLDING_SERVO_ON,A1_HOLDING_SERVO_ON_R01_20260611_122911,delta-asda-b3-e,1616,VE|SOD|TR,1,0,7474,0,0,0.0,0,0.0,300,47,4270,2391,6000,,0,,,,holding,normal,0,no_load,none,"A1: Servo ON, shaft stationary",servo-app/lab-0.1
1781155847.507289,95.28065490722656,A1_HOLDING_SERVO_ON,A1_HOLDING_SERVO_ON_R01_20260611_122911,delta-asda-b3-e,1616,VE|SOD|TR,1,0,7474,0,0,0.0,0,0.0,300,47,4270,2391,6000,,0,,,,holding,normal,0,no_load,none,"A1: Servo ON, shaft stationary",servo-app/lab-0.1
1781155847.6073751,95.38074111938477,A1_HOLDING_SERVO_ON,A1_HOLDING_SERVO_ON_R01_20260611_122911,delta-asda-b3-e,1616,VE|SOD|TR,1,0,7478,0,0,0.0,0,0.0,301,47,4270,2391,6000,,0,,,,holding,normal,0,no_load,none,"A1: Servo ON, shaft stationary",servo-app/lab-0.1
1781155847.7075653,95.48093128204346,A1_HOLDING_SERVO_ON,A1_HOLDING_SERVO_ON_R01_20260611_122911,delta-asda-b3-e,1616,VE|SOD|TR,1,0,7484,0,0,0.0,0,0.0,301,47,4270,2391,6000,,0,,,,holding,normal,0,no_load,none,"A1: Servo ON, shaft stationary",servo-app/lab-0.1
1781155848.0223808,95.79574680328369,A1_HOLDING_SERVO_ON,A1_HOLDING_SERVO_ON_R01_20260611_122911,delta-asda-b3-e,1616,VE|SOD|TR,1,0,7484,0,0,0.0,0,0.0,300,47,4270,2391,6000,,0,,,,holding,normal,0,no_load,none,"A1: Servo ON, shaft stationary",servo-app/lab-0.1
1781155848.1236212,95.89698719978333,A1_HOLDING_SERVO_ON,A1_HOLDING_SERVO_ON_R01_20260611_122911,delta-asda-b3-e,1616,VE|SOD|TR,1,0,7484,0,0,0.0,0,0.0,301,47,4270,2391,6000,,0,,,,holding,normal,0,no_load,none,"A1: Servo ON, shaft stationary",servo-app/lab-0.1
1781155848.2237046,95.99707055091858,A1_HOLDING_SERVO_ON,A1_HOLDING_SERVO_ON_R01_20260611_122911,delta-asda-b3-e,1616,VE|SOD|TR,1,0,7474,0,0,0.0,0,0.0,301,47,4270,2391,6000,,0,,,,holding,normal,0,no_load,none,"A1: Servo ON, shaft stationary",servo-app/lab-0.1
1781155848.3241937,96.09755969047546,A1_HOLDING_SERVO_ON,A1_HOLDING_SERVO_ON_R01_20260611_122911,delta-asda-b3-e,1616,VE|SOD|TR,1,0,7484,0,0,0.0,0,0.0,300,47,4270,2391,6000,,0,,,,holding,normal,0,no_load,none,"A1: Servo ON, shaft stationary",servo-app/lab-0.1
1781155848.4244459,96.19781184196472,A1_HOLDING_SERVO_ON,A1_HOLDING_SERVO_ON_R01_20260611_122911,delta-asda-b3-e,1616,VE|SOD|TR,1,0,7480,0,0,0.0,0,0.0,300,47,4270,2391,6000,,0,,,,holding,normal,0,no_load,none,"A1: Servo ON, shaft stationary",servo-app/lab-0.1
1781155848.5247307,96.29809665679932,A1_HOLDING_SERVO_ON,A1_HOLDING_SERVO_ON_R01_20260611_122911,delta-asda-b3-e,1616,VE|SOD|TR,1,0,7474,0,0,0.0,0,0.0,300,47,4270,2391,6000,,0,,,,holding,normal,0,no_load,none,"A1: Servo ON, shaft stationary",servo-app/lab-0.1
1781155848.6250267,96.39839267730713,A1_HOLDING_SERVO_ON,A1_HOLDING_SERVO_ON_R01_20260611_122911,delta-asda-b3-e,1616,VE|SOD|TR,1,0,7480,0,0,0.0,0,0.0,300,47,4270,2391,6000,,0,,,,holding,normal,0,no_load,none,"A1: Servo ON, shaft stationary",servo-app/lab-0.1
1781155848.725202,96.49856805801392,A1_HOLDING_SERVO_ON,A1_HOLDING_SERVO_ON_R01_20260611_122911,delta-asda-b3-e,1616,VE|SOD|TR,1,0,7484,0,0,0.0,0,0.0,300,47,4270,2391,6000,,0,,,,holding,normal,0,no_load,none,"A1: Servo ON, shaft stationary",servo-app/lab-0.1
1781155848.8257413,96.59910726547241,A1_HOLDING_SERVO_ON,A1_HOLDING_SERVO_ON_R01_20260611_122911,delta-asda-b3-e,1616,VE|SOD|TR,1,0,7478,0,0,0.0,0,0.0,300,47,4270,2391,6000,,0,,,,holding,normal,0,no_load,none,"A1: Servo ON, shaft stationary",servo-app/lab-0.1
1781155848.9261467,96.69951272010803,A1_HOLDING_SERVO_ON,A1_HOLDING_SERVO_ON_R01_20260611_122911,delta-asda-b3-e,1616,VE|SOD|TR,1,0,7474,0,0,0.0,0,0.0,300,47,4270,2391,6000,,0,,,,holding,normal,0,no_load,none,"A1: Servo ON, shaft stationary",servo-app/lab-0.1
1781155849.0264246,96.79979062080383,A1_HOLDING_SERVO_ON,A1_HOLDING_SERVO_ON_R01_20260611_122911,delta-asda-b3-e,1616,VE|SOD|TR,1,0,7480,0,0,0.0,0,0.0,300,47,4270,2391,6000,,0,,,,holding,normal,0,no_load,none,"A1: Servo ON, shaft stationary",servo-app/lab-0.1
1781155849.1267385,96.90010452270508,A1_HOLDING_SERVO_ON,A1_HOLDING_SERVO_ON_R01_20260611_122911,delta-asda-b3-e,1616,VE|SOD|TR,1,0,7484,0,0,0.0,0,0.0,300,47,4270,2391,6000,,0,,,,holding,normal,0,no_load,none,"A1: Servo ON, shaft stationary",servo-app/lab-0.1
1781155849.2280326,97.00139856338501,A1_HOLDING_SERVO_ON,A1_HOLDING_SERVO_ON_R01_20260611_122911,delta-asda-b3-e,1616,VE|SOD|TR,1,0,7474,0,0,0.0,0,0.0,300,47,4270,2391,6000,,0,,,,holding,normal,0,no_load,none,"A1: Servo ON, shaft stationary",servo-app/lab-0.1
1781155849.32811,97.10147595405579,A1_HOLDING_SERVO_ON,A1_HOLDING_SERVO_ON_R01_20260611_122911,delta-asda-b3-e,1616,VE|SOD|TR,1,0,7484,0,0,0.0,0,0.0,300,47,4270,2391,6000,,0,,,,holding,normal,0,no_load,none,"A1: Servo ON, shaft stationary",servo-app/lab-0.1
1781155849.4288745,97.20224046707153,A1_HOLDING_SERVO_ON,A1_HOLDING_SERVO_ON_R01_20260611_122911,delta-asda-b3-e,1616,VE|SOD|TR,1,0,7484,0,0,0.0,0,0.0,300,47,4270,2391,6000,,0,,,,holding,normal,0,no_load,none,"A1: Servo ON, shaft stationary",servo-app/lab-0.1
1781155849.5293796,97.30274558067322,A1_HOLDING_SERVO_ON,A1_HOLDING_SERVO_ON_R01_20260611_122911,delta-asda-b3-e,1616,VE|SOD|TR,1,0,7474,0,0,0.0,0,0.0,300,47,4270,2391,6000,,0,,,,holding,normal,0,no_load,none,"A1: Servo ON, shaft stationary",servo-app/lab-0.1
1781155849.6294541,97.40282011032104,A1_HOLDING_SERVO_ON,A1_HOLDING_SERVO_ON_R01_20260611_122911,delta-asda-b3-e,1616,VE|SOD|TR,1,0,7478,0,0,0.0,0,0.0,300,47,4270,2391,6000,,0,,,,holding,normal,0,no_load,none,"A1: Servo ON, shaft stationary",servo-app/lab-0.1
1781155849.729899,97.50326490402222,A1_HOLDING_SERVO_ON,A1_HOLDING_SERVO_ON_R01_20260611_122911,delta-asda-b3-e,1616,VE|SOD|TR,1,0,7480,0,0,0.0,0,0.0,300,47,4270,2391,6000,,0,,,,holding,normal,0,no_load,none,"A1: Servo ON, shaft stationary",servo-app/lab-0.1
1781155849.829963,97.60332894325256,A1_HOLDING_SERVO_ON,A1_HOLDING_SERVO_ON_R01_20260611_122911,delta-asda-b3-e,1616,VE|SOD|TR,1,0,7484,0,0,0.0,0,0.0,300,47,4270,2391,6000,,0,,,,holding,normal,0,no_load,none,"A1: Servo ON, shaft stationary",servo-app/lab-0.1
1781155849.9304185,97.7037844657898,A1_HOLDING_SERVO_ON,A1_HOLDING_SERVO_ON_R01_20260611_122911,delta-asda-b3-e,1616,VE|SOD|TR,1,0,7474,0,0,0.0,0,0.0,300,47,4270,2391,6000,,0,,,,holding,normal,0,no_load,none,"A1: Servo ON, shaft stationary",servo-app/lab-0.1
1781155850.0306995,97.80406546592712,A1_HOLDING_SERVO_ON,A1_HOLDING_SERVO_ON_R01_20260611_122911,delta-asda-b3-e,1616,VE|SOD|TR,1,0,7478,0,0,0.0,0,0.0,300,47,4270,2391,6000,,0,,,,holding,normal,0,no_load,none,"A1: Servo ON, shaft stationary",servo-app/lab-0.1
1781155850.1309984,97.90436434745789,A1_HOLDING_SERVO_ON,A1_HOLDING_SERVO_ON_R01_20260611_122911,delta-asda-b3-e,1616,VE|SOD|TR,1,0,7484,0,0,0.0,0,0.0,300,47,4270,2391,6000,,0,,,,holding,normal,0,no_load,none,"A1: Servo ON, shaft stationary",servo-app/lab-0.1
1781155850.2312024,98.00456833839417,A1_HOLDING_SERVO_ON,A1_HOLDING_SERVO_ON_R01_20260611_122911,delta-asda-b3-e,1616,VE|SOD|TR,1,0,7474,0,0,0.0,0,0.0,300,47,4270,2391,6000,,0,,,,holding,normal,0,no_load,none,"A1: Servo ON, shaft stationary",servo-app/lab-0.1
1781155850.3315625,98.10492849349976,A1_HOLDING_SERVO_ON,A1_HOLDING_SERVO_ON_R01_20260611_122911,delta-asda-b3-e,1616,VE|SOD|TR,1,0,7480,0,0,0.0,0,0.0,300,47,4270,2391,6000,,0,,,,holding,normal,0,no_load,none,"A1: Servo ON, shaft stationary",servo-app/lab-0.1
1781155850.4316425,98.2050085067749,A1_HOLDING_SERVO_ON,A1_HOLDING_SERVO_ON_R01_20260611_122911,delta-asda-b3-e,1616,VE|SOD|TR,1,0,7474,0,0,0.0,0,0.0,300,47,4270,2391,6000,,0,,,,holding,normal,0,no_load,none,"A1: Servo ON, shaft stationary",servo-app/lab-0.1
1781155850.5317323,98.30509829521179,A1_HOLDING_SERVO_ON,A1_HOLDING_SERVO_ON_R01_20260611_122911,delta-asda-b3-e,1616,VE|SOD|TR,1,0,7478,0,0,0.0,0,0.0,300,47,4270,2391,6000,,0,,,,holding,normal,0,no_load,none,"A1: Servo ON, shaft stationary",servo-app/lab-0.1
1781155850.6321745,98.4055404663086,A1_HOLDING_SERVO_ON,A1_HOLDING_SERVO_ON_R01_20260611_122911,delta-asda-b3-e,1616,VE|SOD|TR,1,0,7474,0,0,0.0,0,0.0,300,47,4270,2391,6000,,0,,,,holding,normal,0,no_load,none,"A1: Servo ON, shaft stationary",servo-app/lab-0.1
1781155850.7324286,98.50579452514648,A1_HOLDING_SERVO_ON,A1_HOLDING_SERVO_ON_R01_20260611_122911,delta-asda-b3-e,1616,VE|SOD|TR,1,0,7484,0,0,0.0,0,0.0,300,47,4270,2391,6000,,0,,,,holding,normal,0,no_load,none,"A1: Servo ON, shaft stationary",servo-app/lab-0.1
1781155850.841879,98.61524486541748,A1_HOLDING_SERVO_ON,A1_HOLDING_SERVO_ON_R01_20260611_122911,delta-asda-b3-e,1616,VE|SOD|TR,1,0,7480,0,0,0.0,0,0.0,300,47,4270,2391,6000,,0,,,,holding,normal,0,no_load,none,"A1: Servo ON, shaft stationary",servo-app/lab-0.1
1781155850.942165,98.71553087234497,A1_HOLDING_SERVO_ON,A1_HOLDING_SERVO_ON_R01_20260611_122911,delta-asda-b3-e,1616,VE|SOD|TR,1,0,7484,0,0,0.0,0,0.0,300,47,4270,2391,6000,,0,,,,holding,normal,0,no_load,none,"A1: Servo ON, shaft stationary",servo-app/lab-0.1
1781155851.0424466,98.81581258773804,A1_HOLDING_SERVO_ON,A1_HOLDING_SERVO_ON_R01_20260611_122911,delta-asda-b3-e,1616,VE|SOD|TR,1,0,7478,0,0,0.0,0,0.0,300,47,4270,2391,6000,,0,,,,holding,normal,0,no_load,none,"A1: Servo ON, shaft stationary",servo-app/lab-0.1
1781155851.1431875,98.91655349731445,A1_HOLDING_SERVO_ON,A1_HOLDING_SERVO_ON_R01_20260611_122911,delta-asda-b3-e,1616,VE|SOD|TR,1,0,7484,0,0,0.0,0,0.0,300,47,4270,2391,6000,,0,,,,holding,normal,0,no_load,none,"A1: Servo ON, shaft stationary",servo-app/lab-0.1
1781155851.2435358,99.01690173149109,A1_HOLDING_SERVO_ON,A1_HOLDING_SERVO_ON_R01_20260611_122911,delta-asda-b3-e,1616,VE|SOD|TR,1,0,7484,0,0,0.0,0,0.0,300,47,4270,2391,6000,,0,,,,holding,normal,0,no_load,none,"A1: Servo ON, shaft stationary",servo-app/lab-0.1
1781155851.3437812,99.11714720726013,A1_HOLDING_SERVO_ON,A1_HOLDING_SERVO_ON_R01_20260611_122911,delta-asda-b3-e,1616,VE|SOD|TR,1,0,7484,0,0,0.0,0,0.0,300,47,4270,2391,6000,,0,,,,holding,normal,0,no_load,none,"A1: Servo ON, shaft stationary",servo-app/lab-0.1
1781155851.444106,99.21747207641602,A1_HOLDING_SERVO_ON,A1_HOLDING_SERVO_ON_R01_20260611_122911,delta-asda-b3-e,1616,VE|SOD|TR,1,0,7484,0,0,0.0,0,0.0,300,47,4270,2391,6000,,0,,,,holding,normal,0,no_load,none,"A1: Servo ON, shaft stationary",servo-app/lab-0.1
1781155851.544337,99.31770300865173,A1_HOLDING_SERVO_ON,A1_HOLDING_SERVO_ON_R01_20260611_122911,delta-asda-b3-e,1616,VE|SOD|TR,1,0,7478,0,0,0.0,0,0.0,300,47,4270,2391,6000,,0,,,,holding,normal,0,no_load,none,"A1: Servo ON, shaft stationary",servo-app/lab-0.1
1781155851.6450107,99.41837668418884,A1_HOLDING_SERVO_ON,A1_HOLDING_SERVO_ON_R01_20260611_122911,delta-asda-b3-e,1616,VE|SOD|TR,1,0,7484,0,0,0.0,0,0.0,300,47,4270,2391,6000,,0,,,,holding,normal,0,no_load,none,"A1: Servo ON, shaft stationary",servo-app/lab-0.1
1781155851.7456555,99.51902151107788,A1_HOLDING_SERVO_ON,A1_HOLDING_SERVO_ON_R01_20260611_122911,delta-asda-b3-e,1616,VE|SOD|TR,1,0,7474,0,0,0.0,0,0.0,300,47,4270,2391,6000,,0,,,,holding,normal,0,no_load,none,"A1: Servo ON, shaft stationary",servo-app/lab-0.1
1781155851.8465495,99.61991548538208,A1_HOLDING_SERVO_ON,A1_HOLDING_SERVO_ON_R01_20260611_122911,delta-asda-b3-e,1616,VE|SOD|TR,1,0,7478,0,0,0.0,0,0.0,300,47,4270,2391,6000,,0,,,,holding,normal,0,no_load,none,"A1: Servo ON, shaft stationary",servo-app/lab-0.1
1781155851.9474473,99.72081327438354,A1_HOLDING_SERVO_ON,A1_HOLDING_SERVO_ON_R01_20260611_122911,delta-asda-b3-e,1616,VE|SOD|TR,1,0,7478,0,0,0.0,0,0.0,300,47,4270,2391,6000,,0,,,,holding,normal,0,no_load,none,"A1: Servo ON, shaft stationary",servo-app/lab-0.1
1781155852.0475776,99.82094359397888,A1_HOLDING_SERVO_ON,A1_HOLDING_SERVO_ON_R01_20260611_122911,delta-asda-b3-e,1616,VE|SOD|TR,1,0,7478,0,0,0.0,0,0.0,300,47,4270,2391,6000,,0,,,,holding,normal,0,no_load,none,"A1: Servo ON, shaft stationary",servo-app/lab-0.1
1781155852.1478653,99.92123126983643,A1_HOLDING_SERVO_ON,A1_HOLDING_SERVO_ON_R01_20260611_122911,delta-asda-b3-e,1616,VE|SOD|TR,1,0,7484,0,0,0.0,0,0.0,300,47,4270,2391,6000,,0,,,,holding,normal,0,no_load,none,"A1: Servo ON, shaft stationary",servo-app/lab-0.1
1781155852.2484019,100.02176785469055,A1_HOLDING_SERVO_ON,A1_HOLDING_SERVO_ON_R01_20260611_122911,delta-asda-b3-e,1616,VE|SOD|TR,1,0,7474,0,0,0.0,0,0.0,300,47,4270,2391,6000,,0,,,,holding,normal,0,no_load,none,"A1: Servo ON, shaft stationary",servo-app/lab-0.1
1781155852.3485386,100.12190461158752,A1_HOLDING_SERVO_ON,A1_HOLDING_SERVO_ON_R01_20260611_122911,delta-asda-b3-e,1616,VE|SOD|TR,1,0,7478,0,0,0.0,0,0.0,300,47,4270,2391,6000,,0,,,,holding,normal,0,no_load,none,"A1: Servo ON, shaft stationary",servo-app/lab-0.1
1781155852.448945,100.22231101989746,A1_HOLDING_SERVO_ON,A1_HOLDING_SERVO_ON_R01_20260611_122911,delta-asda-b3-e,1616,VE|SOD|TR,1,0,7480,0,0,0.0,0,0.0,300,47,4270,2391,6000,,0,,,,holding,normal,0,no_load,none,"A1: Servo ON, shaft stationary",servo-app/lab-0.1
1781155852.549291,100.3226568698883,A1_HOLDING_SERVO_ON,A1_HOLDING_SERVO_ON_R01_20260611_122911,delta-asda-b3-e,1616,VE|SOD|TR,1,0,7474,0,0,0.0,0,0.0,300,47,4270,2391,6000,,0,,,,holding,normal,0,no_load,none,"A1: Servo ON, shaft stationary",servo-app/lab-0.1
1781155852.6496608,100.42302680015564,A1_HOLDING_SERVO_ON,A1_HOLDING_SERVO_ON_R01_20260611_122911,delta-asda-b3-e,1616,VE|SOD|TR,1,0,7478,0,0,0.0,0,0.0,300,47,4270,2391,6000,,0,,,,holding,normal,0,no_load,none,"A1: Servo ON, shaft stationary",servo-app/lab-0.1
1781155852.7501936,100.5235595703125,A1_HOLDING_SERVO_ON,A1_HOLDING_SERVO_ON_R01_20260611_122911,delta-asda-b3-e,1616,VE|SOD|TR,1,0,7478,0,0,0.0,0,0.0,300,47,4270,2391,6000,,0,,,,holding,normal,0,no_load,none,"A1: Servo ON, shaft stationary",servo-app/lab-0.1
1781155852.850242,100.62360787391663,A1_HOLDING_SERVO_ON,A1_HOLDING_SERVO_ON_R01_20260611_122911,delta-asda-b3-e,1616,VE|SOD|TR,1,0,7474,0,0,0.0,0,0.0,300,47,4270,2391,6000,,0,,,,holding,normal,0,no_load,none,"A1: Servo ON, shaft stationary",servo-app/lab-0.1
1781155852.9505732,100.72393918037415,A1_HOLDING_SERVO_ON,A1_HOLDING_SERVO_ON_R01_20260611_122911,delta-asda-b3-e,1616,VE|SOD|TR,1,0,7478,0,0,0.0,0,0.0,300,47,4270,2391,6000,,0,,,,holding,normal,0,no_load,none,"A1: Servo ON, shaft stationary",servo-app/lab-0.1
1781155853.051359,100.82472491264343,A1_HOLDING_SERVO_ON,A1_HOLDING_SERVO_ON_R01_20260611_122911,delta-asda-b3-e,1616,VE|SOD|TR,1,0,7484,0,0,0.0,0,0.0,300,47,4270,2391,6000,,0,,,,holding,normal,0,no_load,none,"A1: Servo ON, shaft stationary",servo-app/lab-0.1
1781155853.1518645,100.92523050308228,A1_HOLDING_SERVO_ON,A1_HOLDING_SERVO_ON_R01_20260611_122911,delta-asda-b3-e,1616,VE|SOD|TR,1,0,7478,0,0,0.0,0,0.0,300,47,4270,2391,6000,,0,,,,holding,normal,0,no_load,none,"A1: Servo ON, shaft stationary",servo-app/lab-0.1
1781155853.252005,101.02537107467651,A1_HOLDING_SERVO_ON,A1_HOLDING_SERVO_ON_R01_20260611_122911,delta-asda-b3-e,1616,VE|SOD|TR,1,0,7480,0,0,0.0,0,0.0,300,47,4270,2391,6000,,0,,,,holding,normal,0,no_load,none,"A1: Servo ON, shaft stationary",servo-app/lab-0.1
1781155853.3520403,101.12540626525879,A1_HOLDING_SERVO_ON,A1_HOLDING_SERVO_ON_R01_20260611_122911,delta-asda-b3-e,1616,VE|SOD|TR,1,0,7478,0,0,0.0,0,0.0,300,47,4270,2391,6000,,0,,,,holding,normal,0,no_load,none,"A1: Servo ON, shaft stationary",servo-app/lab-0.1
1781155853.452128,101.22549390792847,A1_HOLDING_SERVO_ON,A1_HOLDING_SERVO_ON_R01_20260611_122911,delta-asda-b3-e,1616,VE|SOD|TR,1,0,7480,0,0,0.0,0,0.0,300,47,4270,2391,6000,,0,,,,holding,normal,0,no_load,none,"A1: Servo ON, shaft stationary",servo-app/lab-0.1
1781155853.552602,101.32596802711487,A1_HOLDING_SERVO_ON,A1_HOLDING_SERVO_ON_R01_20260611_122911,delta-asda-b3-e,1616,VE|SOD|TR,1,0,7484,0,0,0.0,0,0.0,300,47,4270,2391,6000,,0,,,,holding,normal,0,no_load,none,"A1: Servo ON, shaft stationary",servo-app/lab-0.1
1781155853.6526856,101.4260516166687,A1_HOLDING_SERVO_ON,A1_HOLDING_SERVO_ON_R01_20260611_122911,delta-asda-b3-e,1616,VE|SOD|TR,1,0,7484,0,0,0.0,0,0.0,300,47,4270,2391,6000,,0,,,,holding,normal,0,no_load,none,"A1: Servo ON, shaft stationary",servo-app/lab-0.1
1781155853.7531164,101.5264823436737,A1_HOLDING_SERVO_ON,A1_HOLDING_SERVO_ON_R01_20260611_122911,delta-asda-b3-e,1616,VE|SOD|TR,1,0,7480,0,0,0.0,0,0.0,300,47,4270,2391,6000,,0,,,,holding,normal,0,no_load,none,"A1: Servo ON, shaft stationary",servo-app/lab-0.1
1781155853.8537533,101.62711930274963,A1_HOLDING_SERVO_ON,A1_HOLDING_SERVO_ON_R01_20260611_122911,delta-asda-b3-e,1616,VE|SOD|TR,1,0,7478,0,0,0.0,0,0.0,301,47,4270,2391,6000,,0,,,,holding,normal,0,no_load,none,"A1: Servo ON, shaft stationary",servo-app/lab-0.1
1781155853.9541047,101.7274706363678,A1_HOLDING_SERVO_ON,A1_HOLDING_SERVO_ON_R01_20260611_122911,delta-asda-b3-e,1616,VE|SOD|TR,1,0,7474,0,0,0.0,0,0.0,300,47,4270,2391,6000,,0,,,,holding,normal,0,no_load,none,"A1: Servo ON, shaft stationary",servo-app/lab-0.1
1781155854.0543637,101.82772970199585,A1_HOLDING_SERVO_ON,A1_HOLDING_SERVO_ON_R01_20260611_122911,delta-asda-b3-e,1616,VE|SOD|TR,1,0,7474,0,0,0.0,0,0.0,300,47,4270,2391,6000,,0,,,,holding,normal,0,no_load,none,"A1: Servo ON, shaft stationary",servo-app/lab-0.1
1781155854.1549084,101.92827439308167,A1_HOLDING_SERVO_ON,A1_HOLDING_SERVO_ON_R01_20260611_122911,delta-asda-b3-e,1616,VE|SOD|TR,1,0,7484,0,0,0.0,0,0.0,301,47,4270,2391,6000,,0,,,,holding,normal,0,no_load,none,"A1: Servo ON, shaft stationary",servo-app/lab-0.1
1781155854.2556245,102.02899050712585,A1_HOLDING_SERVO_ON,A1_HOLDING_SERVO_ON_R01_20260611_122911,delta-asda-b3-e,1616,VE|SOD|TR,1,0,7484,0,0,0.0,0,0.0,301,47,4270,2391,6000,,0,,,,holding,normal,0,no_load,none,"A1: Servo ON, shaft stationary",servo-app/lab-0.1
1781155854.3558729,102.12923884391785,A1_HOLDING_SERVO_ON,A1_HOLDING_SERVO_ON_R01_20260611_122911,delta-asda-b3-e,1616,VE|SOD|TR,1,0,7484,0,0,0.0,0,0.0,300,47,4270,2391,6000,,0,,,,holding,normal,0,no_load,none,"A1: Servo ON, shaft stationary",servo-app/lab-0.1
1781155854.45639,102.22975587844849,A1_HOLDING_SERVO_ON,A1_HOLDING_SERVO_ON_R01_20260611_122911,delta-asda-b3-e,1616,VE|SOD|TR,1,0,7484,0,0,0.0,0,0.0,301,47,4270,2391,6000,,0,,,,holding,normal,0,no_load,none,"A1: Servo ON, shaft stationary",servo-app/lab-0.1
1781155854.5566227,102.32998871803284,A1_HOLDING_SERVO_ON,A1_HOLDING_SERVO_ON_R01_20260611_122911,delta-asda-b3-e,1616,VE|SOD|TR,1,0,7474,0,0,0.0,0,0.0,301,47,4270,2391,6000,,0,,,,holding,normal,0,no_load,none,"A1: Servo ON, shaft stationary",servo-app/lab-0.1
1781155854.656749,102.43011498451233,A1_HOLDING_SERVO_ON,A1_HOLDING_SERVO_ON_R01_20260611_122911,delta-asda-b3-e,1616,VE|SOD|TR,1,0,7478,0,0,0.0,0,0.0,301,47,4270,2391,6000,,0,,,,holding,normal,0,no_load,none,"A1: Servo ON, shaft stationary",servo-app/lab-0.1
1781155854.756926,102.53029203414917,A1_HOLDING_SERVO_ON,A1_HOLDING_SERVO_ON_R01_20260611_122911,delta-asda-b3-e,1616,VE|SOD|TR,1,0,7478,0,0,0.0,0,0.0,301,47,4270,2391,6000,,0,,,,holding,normal,0,no_load,none,"A1: Servo ON, shaft stationary",servo-app/lab-0.1
1781155854.8577406,102.63110661506653,A1_HOLDING_SERVO_ON,A1_HOLDING_SERVO_ON_R01_20260611_122911,delta-asda-b3-e,1616,VE|SOD|TR,1,0,7480,0,0,0.0,0,0.0,301,47,4270,2391,6000,,0,,,,holding,normal,0,no_load,none,"A1: Servo ON, shaft stationary",servo-app/lab-0.1
1781155854.9582217,102.73158764839172,A1_HOLDING_SERVO_ON,A1_HOLDING_SERVO_ON_R01_20260611_122911,delta-asda-b3-e,1616,VE|SOD|TR,1,0,7474,0,0,0.0,0,0.0,301,47,4270,2391,6000,,0,,,,holding,normal,0,no_load,none,"A1: Servo ON, shaft stationary",servo-app/lab-0.1
1781155855.059189,102.83255505561829,A1_HOLDING_SERVO_ON,A1_HOLDING_SERVO_ON_R01_20260611_122911,delta-asda-b3-e,1616,VE|SOD|TR,1,0,7474,0,0,0.0,0,0.0,301,47,4270,2391,6000,,0,,,,holding,normal,0,no_load,none,"A1: Servo ON, shaft stationary",servo-app/lab-0.1
1781155855.1594894,102.93285536766052,A1_HOLDING_SERVO_ON,A1_HOLDING_SERVO_ON_R01_20260611_122911,delta-asda-b3-e,1616,VE|SOD|TR,1,0,7478,0,0,0.0,0,0.0,301,47,4270,2391,6000,,0,,,,holding,normal,0,no_load,none,"A1: Servo ON, shaft stationary",servo-app/lab-0.1
1781155855.2635515,103.03691744804382,A1_HOLDING_SERVO_ON,A1_HOLDING_SERVO_ON_R01_20260611_122911,delta-asda-b3-e,1616,VE|SOD|TR,1,0,7474,0,0,0.0,0,0.0,300,47,4270,2391,6000,,0,,,,holding,normal,0,no_load,none,"A1: Servo ON, shaft stationary",servo-app/lab-0.1
1781155855.3638284,103.13719439506531,A1_HOLDING_SERVO_ON,A1_HOLDING_SERVO_ON_R01_20260611_122911,delta-asda-b3-e,1616,VE|SOD|TR,1,0,7478,0,0,0.0,0,0.0,301,47,4270,2391,6000,,0,,,,holding,normal,0,no_load,none,"A1: Servo ON, shaft stationary",servo-app/lab-0.1
1781155855.4641764,103.23754239082336,A1_HOLDING_SERVO_ON,A1_HOLDING_SERVO_ON_R01_20260611_122911,delta-asda-b3-e,1616,VE|SOD|TR,1,0,7474,0,0,0.0,0,0.0,301,47,4270,2391,6000,,0,,,,holding,normal,0,no_load,none,"A1: Servo ON, shaft stationary",servo-app/lab-0.1
1781155855.5645144,103.3378803730011,A1_HOLDING_SERVO_ON,A1_HOLDING_SERVO_ON_R01_20260611_122911,delta-asda-b3-e,1616,VE|SOD|TR,1,0,7474,0,0,0.0,0,0.0,301,47,4270,2391,6000,,0,,,,holding,normal,0,no_load,none,"A1: Servo ON, shaft stationary",servo-app/lab-0.1
1781155855.664774,103.43813991546631,A1_HOLDING_SERVO_ON,A1_HOLDING_SERVO_ON_R01_20260611_122911,delta-asda-b3-e,1616,VE|SOD|TR,1,0,7484,0,0,0.0,0,0.0,300,47,4270,2391,6000,,0,,,,holding,normal,0,no_load,none,"A1: Servo ON, shaft stationary",servo-app/lab-0.1
1781155855.7653763,103.53874230384827,A1_HOLDING_SERVO_ON,A1_HOLDING_SERVO_ON_R01_20260611_122911,delta-asda-b3-e,1616,VE|SOD|TR,1,0,7484,0,0,0.0,0,0.0,300,47,4270,2391,6000,,0,,,,holding,normal,0,no_load,none,"A1: Servo ON, shaft stationary",servo-app/lab-0.1
1781155855.8655908,103.63895678520203,A1_HOLDING_SERVO_ON,A1_HOLDING_SERVO_ON_R01_20260611_122911,delta-asda-b3-e,1616,VE|SOD|TR,1,0,7484,0,0,0.0,0,0.0,300,47,4270,2391,6000,,0,,,,holding,normal,0,no_load,none,"A1: Servo ON, shaft stationary",servo-app/lab-0.1
1781155855.965851,103.73921704292297,A1_HOLDING_SERVO_ON,A1_HOLDING_SERVO_ON_R01_20260611_122911,delta-asda-b3-e,1616,VE|SOD|TR,1,0,7478,0,0,0.0,0,0.0,300,47,4270,2391,6000,,0,,,,holding,normal,0,no_load,none,"A1: Servo ON, shaft stationary",servo-app/lab-0.1
1781155856.0660706,103.8394365310669,A1_HOLDING_SERVO_ON,A1_HOLDING_SERVO_ON_R01_20260611_122911,delta-asda-b3-e,1616,VE|SOD|TR,1,0,7484,0,0,0.0,0,0.0,300,47,4270,2391,6000,,0,,,,holding,normal,0,no_load,none,"A1: Servo ON, shaft stationary",servo-app/lab-0.1
1781155856.1664402,103.93980622291565,A1_HOLDING_SERVO_ON,A1_HOLDING_SERVO_ON_R01_20260611_122911,delta-asda-b3-e,1616,VE|SOD|TR,1,0,7484,0,0,0.0,0,0.0,300,47,4270,2391,6000,,0,,,,holding,normal,0,no_load,none,"A1: Servo ON, shaft stationary",servo-app/lab-0.1
1781155856.2668731,104.04023909568787,A1_HOLDING_SERVO_ON,A1_HOLDING_SERVO_ON_R01_20260611_122911,delta-asda-b3-e,1616,VE|SOD|TR,1,0,7484,0,0,0.0,0,0.0,300,47,4270,2391,6000,,0,,,,holding,normal,0,no_load,none,"A1: Servo ON, shaft stationary",servo-app/lab-0.1
1781155856.3674579,104.14082384109497,A1_HOLDING_SERVO_ON,A1_HOLDING_SERVO_ON_R01_20260611_122911,delta-asda-b3-e,1616,VE|SOD|TR,1,0,7474,0,0,0.0,0,0.0,300,47,4270,2391,6000,,0,,,,holding,normal,0,no_load,none,"A1: Servo ON, shaft stationary",servo-app/lab-0.1
1781155856.4678626,104.24122858047485,A1_HOLDING_SERVO_ON,A1_HOLDING_SERVO_ON_R01_20260611_122911,delta-asda-b3-e,1616,VE|SOD|TR,1,0,7484,0,0,0.0,0,0.0,300,47,4270,2391,6000,,0,,,,holding,normal,0,no_load,none,"A1: Servo ON, shaft stationary",servo-app/lab-0.1
1781155856.5679145,104.34128046035767,A1_HOLDING_SERVO_ON,A1_HOLDING_SERVO_ON_R01_20260611_122911,delta-asda-b3-e,1616,VE|SOD|TR,1,0,7480,0,0,0.0,0,0.0,300,47,4270,2391,6000,,0,,,,holding,normal,0,no_load,none,"A1: Servo ON, shaft stationary",servo-app/lab-0.1
1781155856.6683207,104.44168663024902,A1_HOLDING_SERVO_ON,A1_HOLDING_SERVO_ON_R01_20260611_122911,delta-asda-b3-e,1616,VE|SOD|TR,1,0,7480,0,0,0.0,0,0.0,300,47,4270,2391,6000,,0,,,,holding,normal,0,no_load,none,"A1: Servo ON, shaft stationary",servo-app/lab-0.1
1781155856.768459,104.54182505607605,A1_HOLDING_SERVO_ON,A1_HOLDING_SERVO_ON_R01_20260611_122911,delta-asda-b3-e,1616,VE|SOD|TR,1,0,7478,0,0,0.0,0,0.0,300,47,4270,2391,6000,,0,,,,holding,normal,0,no_load,none,"A1: Servo ON, shaft stationary",servo-app/lab-0.1
1781155856.8693223,104.64268827438354,A1_HOLDING_SERVO_ON,A1_HOLDING_SERVO_ON_R01_20260611_122911,delta-asda-b3-e,1616,VE|SOD|TR,1,0,7478,0,0,0.0,0,0.0,300,47,4270,2391,6000,,0,,,,holding,normal,0,no_load,none,"A1: Servo ON, shaft stationary",servo-app/lab-0.1
1781155856.9695675,104.74293351173401,A1_HOLDING_SERVO_ON,A1_HOLDING_SERVO_ON_R01_20260611_122911,delta-asda-b3-e,1616,VE|SOD|TR,1,0,7484,0,0,0.0,0,0.0,300,47,4270,2391,6000,,0,,,,holding,normal,0,no_load,none,"A1: Servo ON, shaft stationary",servo-app/lab-0.1
1781155857.0700405,104.84340643882751,A1_HOLDING_SERVO_ON,A1_HOLDING_SERVO_ON_R01_20260611_122911,delta-asda-b3-e,1616,VE|SOD|TR,1,0,7484,0,0,0.0,0,0.0,300,47,4270,2391,6000,,0,,,,holding,normal,0,no_load,none,"A1: Servo ON, shaft stationary",servo-app/lab-0.1
1781155857.1702626,104.9436285495758,A1_HOLDING_SERVO_ON,A1_HOLDING_SERVO_ON_R01_20260611_122911,delta-asda-b3-e,1616,VE|SOD|TR,1,0,7478,0,0,0.0,0,0.0,300,47,4270,2391,6000,,0,,,,holding,normal,0,no_load,none,"A1: Servo ON, shaft stationary",servo-app/lab-0.1
1781155857.270322,105.04368805885315,A1_HOLDING_SERVO_ON,A1_HOLDING_SERVO_ON_R01_20260611_122911,delta-asda-b3-e,1616,VE|SOD|TR,1,0,7480,0,0,0.0,0,0.0,300,47,4270,2391,6000,,0,,,,holding,normal,0,no_load,none,"A1: Servo ON, shaft stationary",servo-app/lab-0.1
1781155857.3707473,105.14411330223083,A1_HOLDING_SERVO_ON,A1_HOLDING_SERVO_ON_R01_20260611_122911,delta-asda-b3-e,1616,VE|SOD|TR,1,0,7480,0,0,0.0,0,0.0,300,47,4270,2391,6000,,0,,,,holding,normal,0,no_load,none,"A1: Servo ON, shaft stationary",servo-app/lab-0.1
1781155857.4712105,105.2445764541626,A1_HOLDING_SERVO_ON,A1_HOLDING_SERVO_ON_R01_20260611_122911,delta-asda-b3-e,1616,VE|SOD|TR,1,0,7478,0,0,0.0,0,0.0,300,47,4270,2391,6000,,0,,,,holding,normal,0,no_load,none,"A1: Servo ON, shaft stationary",servo-app/lab-0.1
1781155857.5712798,105.34464573860168,A1_HOLDING_SERVO_ON,A1_HOLDING_SERVO_ON_R01_20260611_122911,delta-asda-b3-e,1616,VE|SOD|TR,1,0,7484,0,0,0.0,0,0.0,300,47,4270,2391,6000,,0,,,,holding,normal,0,no_load,none,"A1: Servo ON, shaft stationary",servo-app/lab-0.1
1781155857.6713812,105.44474720954895,A1_HOLDING_SERVO_ON,A1_HOLDING_SERVO_ON_R01_20260611_122911,delta-asda-b3-e,1616,VE|SOD|TR,1,0,7478,0,0,0.0,0,0.0,300,47,4270,2391,6000,,0,,,,holding,normal,0,no_load,none,"A1: Servo ON, shaft stationary",servo-app/lab-0.1
1781155857.7718494,105.54521536827087,A1_HOLDING_SERVO_ON,A1_HOLDING_SERVO_ON_R01_20260611_122911,delta-asda-b3-e,1616,VE|SOD|TR,1,0,7480,0,0,0.0,0,0.0,300,47,4270,2391,6000,,0,,,,holding,normal,0,no_load,none,"A1: Servo ON, shaft stationary",servo-app/lab-0.1
1781155857.8720238,105.64538979530334,A1_HOLDING_SERVO_ON,A1_HOLDING_SERVO_ON_R01_20260611_122911,delta-asda-b3-e,1616,VE|SOD|TR,1,0,7474,0,0,0.0,0,0.0,300,47,4270,2391,6000,,0,,,,holding,normal,0,no_load,none,"A1: Servo ON, shaft stationary",servo-app/lab-0.1
1781155857.972117,105.74548292160034,A1_HOLDING_SERVO_ON,A1_HOLDING_SERVO_ON_R01_20260611_122911,delta-asda-b3-e,1616,VE|SOD|TR,1,0,7484,0,0,0.0,0,0.0,300,47,4270,2391,6000,,0,,,,holding,normal,0,no_load,none,"A1: Servo ON, shaft stationary",servo-app/lab-0.1
1781155858.0723534,105.84571933746338,A1_HOLDING_SERVO_ON,A1_HOLDING_SERVO_ON_R01_20260611_122911,delta-asda-b3-e,1616,VE|SOD|TR,1,0,7470,0,0,0.0,0,0.0,300,47,4270,2391,6000,,0,,,,holding,normal,0,no_load,none,"A1: Servo ON, shaft stationary",servo-app/lab-0.1
1781155858.172489,105.94585490226746,A1_HOLDING_SERVO_ON,A1_HOLDING_SERVO_ON_R01_20260611_122911,delta-asda-b3-e,1616,VE|SOD|TR,1,0,7480,0,0,0.0,0,0.0,300,47,4270,2391,6000,,0,,,,holding,normal,0,no_load,none,"A1: Servo ON, shaft stationary",servo-app/lab-0.1
1781155858.2728453,106.04621124267578,A1_HOLDING_SERVO_ON,A1_HOLDING_SERVO_ON_R01_20260611_122911,delta-asda-b3-e,1616,VE|SOD|TR,1,0,7484,0,0,0.0,0,0.0,300,47,4270,2391,6000,,0,,,,holding,normal,0,no_load,none,"A1: Servo ON, shaft stationary",servo-app/lab-0.1
1781155858.373205,106.14657092094421,A1_HOLDING_SERVO_ON,A1_HOLDING_SERVO_ON_R01_20260611_122911,delta-asda-b3-e,1616,VE|SOD|TR,1,0,7484,0,0,0.0,0,0.0,300,47,4270,2391,6000,,0,,,,holding,normal,0,no_load,none,"A1: Servo ON, shaft stationary",servo-app/lab-0.1
1781155858.4733894,106.246755361557,A1_HOLDING_SERVO_ON,A1_HOLDING_SERVO_ON_R01_20260611_122911,delta-asda-b3-e,1616,VE|SOD|TR,1,0,7480,0,0,0.0,0,0.0,300,47,4270,2391,6000,,0,,,,holding,normal,0,no_load,none,"A1: Servo ON, shaft stationary",servo-app/lab-0.1
1781155858.5746,106.34796595573425,A1_HOLDING_SERVO_ON,A1_HOLDING_SERVO_ON_R01_20260611_122911,delta-asda-b3-e,1616,VE|SOD|TR,1,0,7484,0,0,0.0,0,0.0,300,47,4270,2391,6000,,0,,,,holding,normal,0,no_load,none,"A1: Servo ON, shaft stationary",servo-app/lab-0.1
1781155858.6748073,106.44817328453064,A1_HOLDING_SERVO_ON,A1_HOLDING_SERVO_ON_R01_20260611_122911,delta-asda-b3-e,1616,VE|SOD|TR,1,0,7484,0,0,0.0,0,0.0,300,47,4270,2391,6000,,0,,,,holding,normal,0,no_load,none,"A1: Servo ON, shaft stationary",servo-app/lab-0.1
1781155858.7752855,106.54865145683289,A1_HOLDING_SERVO_ON,A1_HOLDING_SERVO_ON_R01_20260611_122911,delta-asda-b3-e,1616,VE|SOD|TR,1,0,7484,0,0,0.0,0,0.0,300,47,4270,2391,6000,,0,,,,holding,normal,0,no_load,none,"A1: Servo ON, shaft stationary",servo-app/lab-0.1
1781155858.8753476,106.6487135887146,A1_HOLDING_SERVO_ON,A1_HOLDING_SERVO_ON_R01_20260611_122911,delta-asda-b3-e,1616,VE|SOD|TR,1,0,7478,0,0,0.0,0,0.0,300,47,4270,2391,6000,,0,,,,holding,normal,0,no_load,none,"A1: Servo ON, shaft stationary",servo-app/lab-0.1
1781155858.9763913,106.74975728988647,A1_HOLDING_SERVO_ON,A1_HOLDING_SERVO_ON_R01_20260611_122911,delta-asda-b3-e,1616,VE|SOD|TR,1,0,7484,0,0,0.0,0,0.0,300,47,4270,2391,6000,,0,,,,holding,normal,0,no_load,none,"A1: Servo ON, shaft stationary",servo-app/lab-0.1
1781155859.0766113,106.84997725486755,A1_HOLDING_SERVO_ON,A1_HOLDING_SERVO_ON_R01_20260611_122911,delta-asda-b3-e,1616,VE|SOD|TR,1,0,7474,0,0,0.0,0,0.0,301,47,4270,2391,6000,,0,,,,holding,normal,0,no_load,none,"A1: Servo ON, shaft stationary",servo-app/lab-0.1
1781155859.1770904,106.95045638084412,A1_HOLDING_SERVO_ON,A1_HOLDING_SERVO_ON_R01_20260611_122911,delta-asda-b3-e,1616,VE|SOD|TR,1,0,7474,0,0,0.0,0,0.0,300,47,4270,2391,6000,,0,,,,holding,normal,0,no_load,none,"A1: Servo ON, shaft stationary",servo-app/lab-0.1
1781155859.2777405,107.0511064529419,A1_HOLDING_SERVO_ON,A1_HOLDING_SERVO_ON_R01_20260611_122911,delta-asda-b3-e,1616,VE|SOD|TR,1,0,7484,0,0,0.0,0,0.0,300,47,4270,2391,6000,,0,,,,holding,normal,0,no_load,none,"A1: Servo ON, shaft stationary",servo-app/lab-0.1
1781155859.378964,107.15232992172241,A1_HOLDING_SERVO_ON,A1_HOLDING_SERVO_ON_R01_20260611_122911,delta-asda-b3-e,1616,VE|SOD|TR,1,0,7478,0,0,0.0,0,0.0,300,47,4270,2391,6000,,0,,,,holding,normal,0,no_load,none,"A1: Servo ON, shaft stationary",servo-app/lab-0.1
1781155859.4793913,107.25275731086731,A1_HOLDING_SERVO_ON,A1_HOLDING_SERVO_ON_R01_20260611_122911,delta-asda-b3-e,1616,VE|SOD|TR,1,0,7484,0,0,0.0,0,0.0,300,47,4270,2391,6000,,0,,,,holding,normal,0,no_load,none,"A1: Servo ON, shaft stationary",servo-app/lab-0.1
1781155859.5796962,107.35306215286255,A1_HOLDING_SERVO_ON,A1_HOLDING_SERVO_ON_R01_20260611_122911,delta-asda-b3-e,1616,VE|SOD|TR,1,0,7480,0,0,0.0,0,0.0,300,47,4270,2391,6000,,0,,,,holding,normal,0,no_load,none,"A1: Servo ON, shaft stationary",servo-app/lab-0.1
1781155859.6803687,107.45373463630676,A1_HOLDING_SERVO_ON,A1_HOLDING_SERVO_ON_R01_20260611_122911,delta-asda-b3-e,1616,VE|SOD|TR,1,0,7480,0,0,0.0,0,0.0,300,47,4270,2391,6000,,0,,,,holding,normal,0,no_load,none,"A1: Servo ON, shaft stationary",servo-app/lab-0.1
1781155859.78054,107.5539059638977,A1_HOLDING_SERVO_ON,A1_HOLDING_SERVO_ON_R01_20260611_122911,delta-asda-b3-e,1616,VE|SOD|TR,1,0,7484,0,0,0.0,0,0.0,300,47,4270,2391,6000,,0,,,,holding,normal,0,no_load,none,"A1: Servo ON, shaft stationary",servo-app/lab-0.1
1781155859.8807774,107.65414333343506,A1_HOLDING_SERVO_ON,A1_HOLDING_SERVO_ON_R01_20260611_122911,delta-asda-b3-e,1616,VE|SOD|TR,1,0,7480,0,0,0.0,0,0.0,301,47,4270,2391,6000,,0,,,,holding,normal,0,no_load,none,"A1: Servo ON, shaft stationary",servo-app/lab-0.1
1781155859.9812443,107.75461030006409,A1_HOLDING_SERVO_ON,A1_HOLDING_SERVO_ON_R01_20260611_122911,delta-asda-b3-e,1616,VE|SOD|TR,1,0,7484,0,0,0.0,0,0.0,300,47,4270,2391,6000,,0,,,,holding,normal,0,no_load,none,"A1: Servo ON, shaft stationary",servo-app/lab-0.1
1781155860.0816493,107.85501527786255,A1_HOLDING_SERVO_ON,A1_HOLDING_SERVO_ON_R01_20260611_122911,delta-asda-b3-e,1616,VE|SOD|TR,1,0,7484,0,0,0.0,0,0.0,301,47,4270,2391,6000,,0,,,,holding,normal,0,no_load,none,"A1: Servo ON, shaft stationary",servo-app/lab-0.1
1781155860.181821,107.95518708229065,A1_HOLDING_SERVO_ON,A1_HOLDING_SERVO_ON_R01_20260611_122911,delta-asda-b3-e,1616,VE|SOD|TR,1,0,7484,0,0,0.0,0,0.0,301,47,4270,2391,6000,,0,,,,holding,normal,0,no_load,none,"A1: Servo ON, shaft stationary",servo-app/lab-0.1
1781155860.2820833,108.05544924736023,A1_HOLDING_SERVO_ON,A1_HOLDING_SERVO_ON_R01_20260611_122911,delta-asda-b3-e,1616,VE|SOD|TR,1,0,7484,0,0,0.0,0,0.0,301,47,4270,2391,6000,,0,,,,holding,normal,0,no_load,none,"A1: Servo ON, shaft stationary",servo-app/lab-0.1
1781155860.3830268,108.15639281272888,A1_HOLDING_SERVO_ON,A1_HOLDING_SERVO_ON_R01_20260611_122911,delta-asda-b3-e,1616,VE|SOD|TR,1,0,7474,0,0,0.0,0,0.0,300,47,4270,2391,6000,,0,,,,holding,normal,0,no_load,none,"A1: Servo ON, shaft stationary",servo-app/lab-0.1
1781155860.4835613,108.2569272518158,A1_HOLDING_SERVO_ON,A1_HOLDING_SERVO_ON_R01_20260611_122911,delta-asda-b3-e,1616,VE|SOD|TR,1,0,7480,0,0,0.0,0,0.0,301,47,4270,2391,6000,,0,,,,holding,normal,0,no_load,none,"A1: Servo ON, shaft stationary",servo-app/lab-0.1
1781155860.5839555,108.3573215007782,A1_HOLDING_SERVO_ON,A1_HOLDING_SERVO_ON_R01_20260611_122911,delta-asda-b3-e,1616,VE|SOD|TR,1,0,7484,0,0,0.0,0,0.0,301,47,4270,2391,6000,,0,,,,holding,normal,0,no_load,none,"A1: Servo ON, shaft stationary",servo-app/lab-0.1
1781155860.6853814,108.45874738693237,A1_HOLDING_SERVO_ON,A1_HOLDING_SERVO_ON_R01_20260611_122911,delta-asda-b3-e,1616,VE|SOD|TR,1,0,7480,0,0,0.0,0,0.0,301,47,4270,2391,6000,,0,,,,holding,normal,0,no_load,none,"A1: Servo ON, shaft stationary",servo-app/lab-0.1
1781155860.7858598,108.5592257976532,A1_HOLDING_SERVO_ON,A1_HOLDING_SERVO_ON_R01_20260611_122911,delta-asda-b3-e,1616,VE|SOD|TR,1,0,7484,0,0,0.0,0,0.0,301,47,4270,2391,6000,,0,,,,holding,normal,0,no_load,none,"A1: Servo ON, shaft stationary",servo-app/lab-0.1
1781155860.886672,108.66003799438477,A1_HOLDING_SERVO_ON,A1_HOLDING_SERVO_ON_R01_20260611_122911,delta-asda-b3-e,1616,VE|SOD|TR,1,0,7484,0,0,0.0,0,0.0,300,47,4270,2391,6000,,0,,,,holding,normal,0,no_load,none,"A1: Servo ON, shaft stationary",servo-app/lab-0.1
1781155860.9870548,108.76042079925537,A1_HOLDING_SERVO_ON,A1_HOLDING_SERVO_ON_R01_20260611_122911,delta-asda-b3-e,1616,VE|SOD|TR,1,0,7484,0,0,0.0,0,0.0,301,47,4270,2391,6000,,0,,,,holding,normal,0,no_load,none,"A1: Servo ON, shaft stationary",servo-app/lab-0.1
1781155861.0876408,108.86100673675537,A1_HOLDING_SERVO_ON,A1_HOLDING_SERVO_ON_R01_20260611_122911,delta-asda-b3-e,1616,VE|SOD|TR,1,0,7478,0,0,0.0,0,0.0,301,47,4270,2391,6000,,0,,,,holding,normal,0,no_load,none,"A1: Servo ON, shaft stationary",servo-app/lab-0.1
1781155861.1882892,108.9616551399231,A1_HOLDING_SERVO_ON,A1_HOLDING_SERVO_ON_R01_20260611_122911,delta-asda-b3-e,1616,VE|SOD|TR,1,0,7484,0,0,0.0,0,0.0,301,47,4270,2391,6000,,0,,,,holding,normal,0,no_load,none,"A1: Servo ON, shaft stationary",servo-app/lab-0.1
1781155861.2892365,109.06260251998901,A1_HOLDING_SERVO_ON,A1_HOLDING_SERVO_ON_R01_20260611_122911,delta-asda-b3-e,1616,VE|SOD|TR,1,0,7478,0,0,0.0,0,0.0,301,47,4270,2391,6000,,0,,,,holding,normal,0,no_load,none,"A1: Servo ON, shaft stationary",servo-app/lab-0.1
1781155861.3896573,109.1630232334137,A1_HOLDING_SERVO_ON,A1_HOLDING_SERVO_ON_R01_20260611_122911,delta-asda-b3-e,1616,VE|SOD|TR,1,0,7484,0,0,0.0,0,0.0,301,47,4270,2391,6000,,0,,,,holding,normal,0,no_load,none,"A1: Servo ON, shaft stationary",servo-app/lab-0.1
1781155861.489923,109.26328897476196,A1_HOLDING_SERVO_ON,A1_HOLDING_SERVO_ON_R01_20260611_122911,delta-asda-b3-e,1616,VE|SOD|TR,1,0,7484,0,0,0.0,0,0.0,301,47,4270,2391,6000,,0,,,,holding,normal,0,no_load,none,"A1: Servo ON, shaft stationary",servo-app/lab-0.1
1781155861.5902593,109.36362528800964,A1_HOLDING_SERVO_ON,A1_HOLDING_SERVO_ON_R01_20260611_122911,delta-asda-b3-e,1616,VE|SOD|TR,1,0,7480,0,0,0.0,0,0.0,301,47,4270,2391,6000,,0,,,,holding,normal,0,no_load,none,"A1: Servo ON, shaft stationary",servo-app/lab-0.1
1781155861.6907768,109.46414279937744,A1_HOLDING_SERVO_ON,A1_HOLDING_SERVO_ON_R01_20260611_122911,delta-asda-b3-e,1616,VE|SOD|TR,1,0,7484,0,0,0.0,0,0.0,301,47,4270,2391,6000,,0,,,,holding,normal,0,no_load,none,"A1: Servo ON, shaft stationary",servo-app/lab-0.1
1781155861.7911022,109.56446814537048,A1_HOLDING_SERVO_ON,A1_HOLDING_SERVO_ON_R01_20260611_122911,delta-asda-b3-e,1616,VE|SOD|TR,1,0,7484,0,0,0.0,0,0.0,300,47,4270,2391,6000,,0,,,,holding,normal,0,no_load,none,"A1: Servo ON, shaft stationary",servo-app/lab-0.1
1781155861.891327,109.66469287872314,A1_HOLDING_SERVO_ON,A1_HOLDING_SERVO_ON_R01_20260611_122911,delta-asda-b3-e,1616,VE|SOD|TR,1,0,7470,0,0,0.0,0,0.0,301,47,4270,2391,6000,,0,,,,holding,normal,0,no_load,none,"A1: Servo ON, shaft stationary",servo-app/lab-0.1
1781155861.9916515,109.76501750946045,A1_HOLDING_SERVO_ON,A1_HOLDING_SERVO_ON_R01_20260611_122911,delta-asda-b3-e,1616,VE|SOD|TR,1,0,7474,0,0,0.0,0,0.0,301,47,4270,2391,6000,,0,,,,holding,normal,0,no_load,none,"A1: Servo ON, shaft stationary",servo-app/lab-0.1
1781155862.0925124,109.86587834358215,A1_HOLDING_SERVO_ON,A1_HOLDING_SERVO_ON_R01_20260611_122911,delta-asda-b3-e,1616,VE|SOD|TR,1,0,7478,0,0,0.0,0,0.0,300,47,4270,2391,6000,,0,,,,holding,normal,0,no_load,none,"A1: Servo ON, shaft stationary",servo-app/lab-0.1
1781155862.1930115,109.96637749671936,A1_HOLDING_SERVO_ON,A1_HOLDING_SERVO_ON_R01_20260611_122911,delta-asda-b3-e,1616,VE|SOD|TR,1,0,7484,0,0,0.0,0,0.0,301,47,4270,2391,6000,,0,,,,holding,normal,0,no_load,none,"A1: Servo ON, shaft stationary",servo-app/lab-0.1
1781155862.2936563,110.0670223236084,A1_HOLDING_SERVO_ON,A1_HOLDING_SERVO_ON_R01_20260611_122911,delta-asda-b3-e,1616,VE|SOD|TR,1,0,7478,0,0,0.0,0,0.0,301,47,4270,2391,6000,,0,,,,holding,normal,0,no_load,none,"A1: Servo ON, shaft stationary",servo-app/lab-0.1
1781155862.3938482,110.16721415519714,A1_HOLDING_SERVO_ON,A1_HOLDING_SERVO_ON_R01_20260611_122911,delta-asda-b3-e,1616,VE|SOD|TR,1,0,7484,0,0,0.0,0,0.0,301,47,4270,2391,6000,,0,,,,holding,normal,0,no_load,none,"A1: Servo ON, shaft stationary",servo-app/lab-0.1
1781155862.494553,110.26791906356812,A1_HOLDING_SERVO_ON,A1_HOLDING_SERVO_ON_R01_20260611_122911,delta-asda-b3-e,1616,VE|SOD|TR,1,0,7484,0,0,0.0,0,0.0,300,47,4270,2391,6000,,0,,,,holding,normal,0,no_load,none,"A1: Servo ON, shaft stationary",servo-app/lab-0.1
1781155862.5946882,110.36805415153503,A1_HOLDING_SERVO_ON,A1_HOLDING_SERVO_ON_R01_20260611_122911,delta-asda-b3-e,1616,VE|SOD|TR,1,0,7484,0,0,0.0,0,0.0,301,47,4270,2391,6000,,0,,,,holding,normal,0,no_load,none,"A1: Servo ON, shaft stationary",servo-app/lab-0.1
1781155862.6952274,110.46859335899353,A1_HOLDING_SERVO_ON,A1_HOLDING_SERVO_ON_R01_20260611_122911,delta-asda-b3-e,1616,VE|SOD|TR,1,0,7484,0,0,0.0,0,0.0,301,47,4270,2391,6000,,0,,,,holding,normal,0,no_load,none,"A1: Servo ON, shaft stationary",servo-app/lab-0.1
1781155862.7953691,110.56873512268066,A1_HOLDING_SERVO_ON,A1_HOLDING_SERVO_ON_R01_20260611_122911,delta-asda-b3-e,1616,VE|SOD|TR,1,0,7484,0,0,0.0,0,0.0,300,47,4270,2391,6000,,0,,,,holding,normal,0,no_load,none,"A1: Servo ON, shaft stationary",servo-app/lab-0.1
1781155862.8961353,110.66950130462646,A1_HOLDING_SERVO_ON,A1_HOLDING_SERVO_ON_R01_20260611_122911,delta-asda-b3-e,1616,VE|SOD|TR,1,0,7484,0,0,0.0,0,0.0,300,47,4270,2391,6000,,0,,,,holding,normal,0,no_load,none,"A1: Servo ON, shaft stationary",servo-app/lab-0.1
1781155862.9969244,110.77029037475586,A1_HOLDING_SERVO_ON,A1_HOLDING_SERVO_ON_R01_20260611_122911,delta-asda-b3-e,1616,VE|SOD|TR,1,0,7480,0,0,0.0,0,0.0,300,47,4270,2391,6000,,0,,,,holding,normal,0,no_load,none,"A1: Servo ON, shaft stationary",servo-app/lab-0.1
1781155863.0972562,110.87062215805054,A1_HOLDING_SERVO_ON,A1_HOLDING_SERVO_ON_R01_20260611_122911,delta-asda-b3-e,1616,VE|SOD|TR,1,0,7480,0,0,0.0,0,0.0,300,47,4270,2391,6000,,0,,,,holding,normal,0,no_load,none,"A1: Servo ON, shaft stationary",servo-app/lab-0.1
1781155863.1977017,110.97106766700745,A1_HOLDING_SERVO_ON,A1_HOLDING_SERVO_ON_R01_20260611_122911,delta-asda-b3-e,1616,VE|SOD|TR,1,0,7484,0,0,0.0,0,0.0,300,47,4270,2391,6000,,0,,,,holding,normal,0,no_load,none,"A1: Servo ON, shaft stationary",servo-app/lab-0.1
1781155863.2981963,111.07156229019165,A1_HOLDING_SERVO_ON,A1_HOLDING_SERVO_ON_R01_20260611_122911,delta-asda-b3-e,1616,VE|SOD|TR,1,0,7478,0,0,0.0,0,0.0,300,47,4270,2391,6000,,0,,,,holding,normal,0,no_load,none,"A1: Servo ON, shaft stationary",servo-app/lab-0.1
1781155863.3984377,111.17180371284485,A1_HOLDING_SERVO_ON,A1_HOLDING_SERVO_ON_R01_20260611_122911,delta-asda-b3-e,1616,VE|SOD|TR,1,0,7478,0,0,0.0,0,0.0,300,47,4270,2391,6000,,0,,,,holding,normal,0,no_load,none,"A1: Servo ON, shaft stationary",servo-app/lab-0.1
1781155863.4985573,111.27192330360413,A1_HOLDING_SERVO_ON,A1_HOLDING_SERVO_ON_R01_20260611_122911,delta-asda-b3-e,1616,VE|SOD|TR,1,0,7484,0,0,0.0,0,0.0,300,47,4270,2391,6000,,0,,,,holding,normal,0,no_load,none,"A1: Servo ON, shaft stationary",servo-app/lab-0.1
1781155863.599427,111.37279295921326,A1_HOLDING_SERVO_ON,A1_HOLDING_SERVO_ON_R01_20260611_122911,delta-asda-b3-e,1616,VE|SOD|TR,1,0,7484,0,0,0.0,0,0.0,300,47,4270,2391,6000,,0,,,,holding,normal,0,no_load,none,"A1: Servo ON, shaft stationary",servo-app/lab-0.1
1781155863.6995988,111.47296476364136,A1_HOLDING_SERVO_ON,A1_HOLDING_SERVO_ON_R01_20260611_122911,delta-asda-b3-e,1616,VE|SOD|TR,1,0,7484,0,0,0.0,0,0.0,300,47,4270,2391,6000,,0,,,,holding,normal,0,no_load,none,"A1: Servo ON, shaft stationary",servo-app/lab-0.1
1781155863.7999365,111.57330250740051,A1_HOLDING_SERVO_ON,A1_HOLDING_SERVO_ON_R01_20260611_122911,delta-asda-b3-e,1616,VE|SOD|TR,1,0,7484,0,0,0.0,0,0.0,300,47,4270,2391,6000,,0,,,,holding,normal,0,no_load,none,"A1: Servo ON, shaft stationary",servo-app/lab-0.1
1781155863.9003828,111.67374873161316,A1_HOLDING_SERVO_ON,A1_HOLDING_SERVO_ON_R01_20260611_122911,delta-asda-b3-e,1616,VE|SOD|TR,1,0,7484,0,0,0.0,0,0.0,300,47,4270,2391,6000,,0,,,,holding,normal,0,no_load,none,"A1: Servo ON, shaft stationary",servo-app/lab-0.1
1781155864.0008097,111.7741756439209,A1_HOLDING_SERVO_ON,A1_HOLDING_SERVO_ON_R01_20260611_122911,delta-asda-b3-e,1616,VE|SOD|TR,1,0,7484,0,0,0.0,0,0.0,300,47,4270,2391,6000,,0,,,,holding,normal,0,no_load,none,"A1: Servo ON, shaft stationary",servo-app/lab-0.1
1781155864.100925,111.87429094314575,A1_HOLDING_SERVO_ON,A1_HOLDING_SERVO_ON_R01_20260611_122911,delta-asda-b3-e,1616,VE|SOD|TR,1,0,7474,0,0,0.0,0,0.0,300,47,4270,2391,6000,,0,,,,holding,normal,0,no_load,none,"A1: Servo ON, shaft stationary",servo-app/lab-0.1
1781155864.20163,111.9749960899353,A1_HOLDING_SERVO_ON,A1_HOLDING_SERVO_ON_R01_20260611_122911,delta-asda-b3-e,1616,VE|SOD|TR,1,0,7480,0,0,0.0,0,0.0,301,47,4270,2391,6000,,0,,,,holding,normal,0,no_load,none,"A1: Servo ON, shaft stationary",servo-app/lab-0.1
1781155864.3016808,112.07504677772522,A1_HOLDING_SERVO_ON,A1_HOLDING_SERVO_ON_R01_20260611_122911,delta-asda-b3-e,1616,VE|SOD|TR,1,0,7474,0,0,0.0,0,0.0,300,47,4270,2391,6000,,0,,,,holding,normal,0,no_load,none,"A1: Servo ON, shaft stationary",servo-app/lab-0.1
1781155864.4018471,112.175213098526,A1_HOLDING_SERVO_ON,A1_HOLDING_SERVO_ON_R01_20260611_122911,delta-asda-b3-e,1616,VE|SOD|TR,1,0,7484,0,0,0.0,0,0.0,300,47,4270,2391,6000,,0,,,,holding,normal,0,no_load,none,"A1: Servo ON, shaft stationary",servo-app/lab-0.1
1781155864.502432,112.27579808235168,A1_HOLDING_SERVO_ON,A1_HOLDING_SERVO_ON_R01_20260611_122911,delta-asda-b3-e,1616,VE|SOD|TR,1,0,7484,0,0,0.0,0,0.0,301,47,4270,2391,6000,,0,,,,holding,normal,0,no_load,none,"A1: Servo ON, shaft stationary",servo-app/lab-0.1
1781155864.6027353,112.37610125541687,A1_HOLDING_SERVO_ON,A1_HOLDING_SERVO_ON_R01_20260611_122911,delta-asda-b3-e,1616,VE|SOD|TR,1,0,7484,0,0,0.0,0,0.0,301,47,4270,2391,6000,,0,,,,holding,normal,0,no_load,none,"A1: Servo ON, shaft stationary",servo-app/lab-0.1
1781155864.7028973,112.47626328468323,A1_HOLDING_SERVO_ON,A1_HOLDING_SERVO_ON_R01_20260611_122911,delta-asda-b3-e,1616,VE|SOD|TR,1,0,7480,0,0,0.0,0,0.0,301,47,4270,2391,6000,,0,,,,holding,normal,0,no_load,none,"A1: Servo ON, shaft stationary",servo-app/lab-0.1
1781155864.8031144,112.57648038864136,A1_HOLDING_SERVO_ON,A1_HOLDING_SERVO_ON_R01_20260611_122911,delta-asda-b3-e,1616,VE|SOD|TR,1,0,7484,0,0,0.0,0,0.0,301,47,4270,2391,6000,,0,,,,holding,normal,0,no_load,none,"A1: Servo ON, shaft stationary",servo-app/lab-0.1
1781155864.9036787,112.67704463005066,A1_HOLDING_SERVO_ON,A1_HOLDING_SERVO_ON_R01_20260611_122911,delta-asda-b3-e,1616,VE|SOD|TR,1,0,7484,0,0,0.0,0,0.0,301,47,4270,2391,6000,,0,,,,holding,normal,0,no_load,none,"A1: Servo ON, shaft stationary",servo-app/lab-0.1
1781155865.0042012,112.77756714820862,A1_HOLDING_SERVO_ON,A1_HOLDING_SERVO_ON_R01_20260611_122911,delta-asda-b3-e,1616,VE|SOD|TR,1,0,7480,0,0,0.0,0,0.0,301,47,4270,2391,6000,,0,,,,holding,normal,0,no_load,none,"A1: Servo ON, shaft stationary",servo-app/lab-0.1
1781155865.1045556,112.87792158126831,A1_HOLDING_SERVO_ON,A1_HOLDING_SERVO_ON_R01_20260611_122911,delta-asda-b3-e,1616,VE|SOD|TR,1,0,7480,0,0,0.0,0,0.0,301,47,4270,2391,6000,,0,,,,holding,normal,0,no_load,none,"A1: Servo ON, shaft stationary",servo-app/lab-0.1
1781155865.2049954,112.97836136817932,A1_HOLDING_SERVO_ON,A1_HOLDING_SERVO_ON_R01_20260611_122911,delta-asda-b3-e,1616,VE|SOD|TR,1,0,7484,0,0,0.0,0,0.0,301,47,4270,2391,6000,,0,,,,holding,normal,0,no_load,none,"A1: Servo ON, shaft stationary",servo-app/lab-0.1
1781155865.3053658,113.07873177528381,A1_HOLDING_SERVO_ON,A1_HOLDING_SERVO_ON_R01_20260611_122911,delta-asda-b3-e,1616,VE|SOD|TR,1,0,7484,0,0,0.0,0,0.0,301,47,4270,2391,6000,,0,,,,holding,normal,0,no_load,none,"A1: Servo ON, shaft stationary",servo-app/lab-0.1
1781155865.4054308,113.17879676818848,A1_HOLDING_SERVO_ON,A1_HOLDING_SERVO_ON_R01_20260611_122911,delta-asda-b3-e,1616,VE|SOD|TR,1,0,7484,0,0,0.0,0,0.0,301,47,4270,2391,6000,,0,,,,holding,normal,0,no_load,none,"A1: Servo ON, shaft stationary",servo-app/lab-0.1
1781155865.5056374,113.27900338172913,A1_HOLDING_SERVO_ON,A1_HOLDING_SERVO_ON_R01_20260611_122911,delta-asda-b3-e,1616,VE|SOD|TR,1,0,7478,0,0,0.0,0,0.0,301,47,4270,2391,6000,,0,,,,holding,normal,0,no_load,none,"A1: Servo ON, shaft stationary",servo-app/lab-0.1
1781155865.606179,113.37954497337341,A1_HOLDING_SERVO_ON,A1_HOLDING_SERVO_ON_R01_20260611_122911,delta-asda-b3-e,1616,VE|SOD|TR,1,0,7484,0,0,0.0,0,0.0,300,47,4270,2391,6000,,0,,,,holding,normal,0,no_load,none,"A1: Servo ON, shaft stationary",servo-app/lab-0.1
1781155865.7068114,113.48017740249634,A1_HOLDING_SERVO_ON,A1_HOLDING_SERVO_ON_R01_20260611_122911,delta-asda-b3-e,1616,VE|SOD|TR,1,0,7484,0,0,0.0,0,0.0,301,47,4270,2391,6000,,0,,,,holding,normal,0,no_load,none,"A1: Servo ON, shaft stationary",servo-app/lab-0.1
1781155865.8070526,113.58041858673096,A1_HOLDING_SERVO_ON,A1_HOLDING_SERVO_ON_R01_20260611_122911,delta-asda-b3-e,1616,VE|SOD|TR,1,0,7478,0,0,0.0,0,0.0,301,47,4270,2391,6000,,0,,,,holding,normal,0,no_load,none,"A1: Servo ON, shaft stationary",servo-app/lab-0.1
1781155865.9071097,113.68047571182251,A1_HOLDING_SERVO_ON,A1_HOLDING_SERVO_ON_R01_20260611_122911,delta-asda-b3-e,1616,VE|SOD|TR,1,0,7478,0,0,0.0,0,0.0,300,47,4270,2391,6000,,0,,,,holding,normal,0,no_load,none,"A1: Servo ON, shaft stationary",servo-app/lab-0.1
1781155866.0073488,113.78071475028992,A1_HOLDING_SERVO_ON,A1_HOLDING_SERVO_ON_R01_20260611_122911,delta-asda-b3-e,1616,VE|SOD|TR,1,0,7484,0,0,0.0,0,0.0,301,47,4270,2391,6000,,0,,,,holding,normal,0,no_load,none,"A1: Servo ON, shaft stationary",servo-app/lab-0.1
1781155866.107619,113.88098502159119,A1_HOLDING_SERVO_ON,A1_HOLDING_SERVO_ON_R01_20260611_122911,delta-asda-b3-e,1616,VE|SOD|TR,1,0,7478,0,0,0.0,0,0.0,301,47,4270,2391,6000,,0,,,,holding,normal,0,no_load,none,"A1: Servo ON, shaft stationary",servo-app/lab-0.1
1781155866.2079096,113.98127555847168,A1_HOLDING_SERVO_ON,A1_HOLDING_SERVO_ON_R01_20260611_122911,delta-asda-b3-e,1616,VE|SOD|TR,1,0,7484,0,0,0.0,0,0.0,301,47,4270,2391,6000,,0,,,,holding,normal,0,no_load,none,"A1: Servo ON, shaft stationary",servo-app/lab-0.1
1781155866.3089614,114.08232736587524,A1_HOLDING_SERVO_ON,A1_HOLDING_SERVO_ON_R01_20260611_122911,delta-asda-b3-e,1616,VE|SOD|TR,1,0,7484,0,0,0.0,0,0.0,301,47,4270,2391,6000,,0,,,,holding,normal,0,no_load,none,"A1: Servo ON, shaft stationary",servo-app/lab-0.1
1781155866.409453,114.18281888961792,A1_HOLDING_SERVO_ON,A1_HOLDING_SERVO_ON_R01_20260611_122911,delta-asda-b3-e,1616,VE|SOD|TR,1,0,7484,0,0,0.0,0,0.0,301,47,4270,2391,6000,,0,,,,holding,normal,0,no_load,none,"A1: Servo ON, shaft stationary",servo-app/lab-0.1
1781155866.5101237,114.28348970413208,A1_HOLDING_SERVO_ON,A1_HOLDING_SERVO_ON_R01_20260611_122911,delta-asda-b3-e,1616,VE|SOD|TR,1,0,7484,0,0,0.0,0,0.0,301,47,4270,2391,6000,,0,,,,holding,normal,0,no_load,none,"A1: Servo ON, shaft stationary",servo-app/lab-0.1
1781155866.6105857,114.38395166397095,A1_HOLDING_SERVO_ON,A1_HOLDING_SERVO_ON_R01_20260611_122911,delta-asda-b3-e,1616,VE|SOD|TR,1,0,7474,0,0,0.0,0,0.0,301,47,4270,2391,6000,,0,,,,holding,normal,0,no_load,none,"A1: Servo ON, shaft stationary",servo-app/lab-0.1
1781155866.7107556,114.48412156105042,A1_HOLDING_SERVO_ON,A1_HOLDING_SERVO_ON_R01_20260611_122911,delta-asda-b3-e,1616,VE|SOD|TR,1,0,7484,0,0,0.0,0,0.0,301,47,4270,2391,6000,,0,,,,holding,normal,0,no_load,none,"A1: Servo ON, shaft stationary",servo-app/lab-0.1
1781155866.811303,114.5846688747406,A1_HOLDING_SERVO_ON,A1_HOLDING_SERVO_ON_R01_20260611_122911,delta-asda-b3-e,1616,VE|SOD|TR,1,0,7484,0,0,0.0,0,0.0,301,47,4270,2391,6000,,0,,,,holding,normal,0,no_load,none,"A1: Servo ON, shaft stationary",servo-app/lab-0.1
1781155866.9118056,114.6851716041565,A1_HOLDING_SERVO_ON,A1_HOLDING_SERVO_ON_R01_20260611_122911,delta-asda-b3-e,1616,VE|SOD|TR,1,0,7484,0,0,0.0,0,0.0,300,47,4270,2391,6000,,0,,,,holding,normal,0,no_load,none,"A1: Servo ON, shaft stationary",servo-app/lab-0.1
1781155867.0123708,114.78573679924011,A1_HOLDING_SERVO_ON,A1_HOLDING_SERVO_ON_R01_20260611_122911,delta-asda-b3-e,1616,VE|SOD|TR,1,0,7484,0,0,0.0,0,0.0,301,47,4270,2391,6000,,0,,,,holding,normal,0,no_load,none,"A1: Servo ON, shaft stationary",servo-app/lab-0.1
1781155867.1125748,114.88594079017639,A1_HOLDING_SERVO_ON,A1_HOLDING_SERVO_ON_R01_20260611_122911,delta-asda-b3-e,1616,VE|SOD|TR,1,0,7484,0,0,0.0,0,0.0,300,47,4270,2391,6000,,0,,,,holding,normal,0,no_load,none,"A1: Servo ON, shaft stationary",servo-app/lab-0.1
1781155867.212878,114.98624396324158,A1_HOLDING_SERVO_ON,A1_HOLDING_SERVO_ON_R01_20260611_122911,delta-asda-b3-e,1616,VE|SOD|TR,1,0,7484,0,0,0.0,0,0.0,300,47,4270,2391,6000,,0,,,,holding,normal,0,no_load,none,"A1: Servo ON, shaft stationary",servo-app/lab-0.1
1781155867.3133228,115.08668875694275,A1_HOLDING_SERVO_ON,A1_HOLDING_SERVO_ON_R01_20260611_122911,delta-asda-b3-e,1616,VE|SOD|TR,1,0,7474,0,0,0.0,0,0.0,300,47,4270,2391,6000,,0,,,,holding,normal,0,no_load,none,"A1: Servo ON, shaft stationary",servo-app/lab-0.1
1781155867.4134383,115.18680429458618,A1_HOLDING_SERVO_ON,A1_HOLDING_SERVO_ON_R01_20260611_122911,delta-asda-b3-e,1616,VE|SOD|TR,1,0,7480,0,0,0.0,0,0.0,300,47,4270,2391,6000,,0,,,,holding,normal,0,no_load,none,"A1: Servo ON, shaft stationary",servo-app/lab-0.1
1781155867.5135055,115.28687143325806,A1_HOLDING_SERVO_ON,A1_HOLDING_SERVO_ON_R01_20260611_122911,delta-asda-b3-e,1616,VE|SOD|TR,1,0,7484,0,0,0.0,0,0.0,300,47,4270,2391,6000,,0,,,,holding,normal,0,no_load,none,"A1: Servo ON, shaft stationary",servo-app/lab-0.1
1781155867.613967,115.38733291625977,A1_HOLDING_SERVO_ON,A1_HOLDING_SERVO_ON_R01_20260611_122911,delta-asda-b3-e,1616,VE|SOD|TR,1,0,7484,0,0,0.0,0,0.0,300,47,4270,2391,6000,,0,,,,holding,normal,0,no_load,none,"A1: Servo ON, shaft stationary",servo-app/lab-0.1
1781155867.7141805,115.48754644393921,A1_HOLDING_SERVO_ON,A1_HOLDING_SERVO_ON_R01_20260611_122911,delta-asda-b3-e,1616,VE|SOD|TR,1,0,7484,0,0,0.0,0,0.0,300,47,4270,2391,6000,,0,,,,holding,normal,0,no_load,none,"A1: Servo ON, shaft stationary",servo-app/lab-0.1
1781155867.817489,115.59085488319397,A1_HOLDING_SERVO_ON,A1_HOLDING_SERVO_ON_R01_20260611_122911,delta-asda-b3-e,1616,VE|SOD|TR,1,0,7484,0,0,0.0,0,0.0,300,47,4270,2391,6000,,0,,,,holding,normal,0,no_load,none,"A1: Servo ON, shaft stationary",servo-app/lab-0.1
1781155867.917621,115.69098687171936,A1_HOLDING_SERVO_ON,A1_HOLDING_SERVO_ON_R01_20260611_122911,delta-asda-b3-e,1616,VE|SOD|TR,1,0,7480,0,0,0.0,0,0.0,300,47,4270,2391,6000,,0,,,,holding,normal,0,no_load,none,"A1: Servo ON, shaft stationary",servo-app/lab-0.1
1781155868.0179043,115.79127025604248,A1_HOLDING_SERVO_ON,A1_HOLDING_SERVO_ON_R01_20260611_122911,delta-asda-b3-e,1616,VE|SOD|TR,1,0,7484,0,0,0.0,0,0.0,300,47,4270,2391,6000,,0,,,,holding,normal,0,no_load,none,"A1: Servo ON, shaft stationary",servo-app/lab-0.1
1781155868.1182952,115.89166116714478,A1_HOLDING_SERVO_ON,A1_HOLDING_SERVO_ON_R01_20260611_122911,delta-asda-b3-e,1616,VE|SOD|TR,1,0,7480,0,0,0.0,0,0.0,301,47,4270,2391,6000,,0,,,,holding,normal,0,no_load,none,"A1: Servo ON, shaft stationary",servo-app/lab-0.1
1781155868.219339,115.99270486831665,A1_HOLDING_SERVO_ON,A1_HOLDING_SERVO_ON_R01_20260611_122911,delta-asda-b3-e,1616,VE|SOD|TR,1,0,7478,0,0,0.0,0,0.0,300,47,4270,2391,6000,,0,,,,holding,normal,0,no_load,none,"A1: Servo ON, shaft stationary",servo-app/lab-0.1
1781155868.3194928,116.09285879135132,A1_HOLDING_SERVO_ON,A1_HOLDING_SERVO_ON_R01_20260611_122911,delta-asda-b3-e,1616,VE|SOD|TR,1,0,7474,0,0,0.0,0,0.0,300,47,4270,2391,6000,,0,,,,holding,normal,0,no_load,none,"A1: Servo ON, shaft stationary",servo-app/lab-0.1
1781155868.420072,116.1934380531311,A1_HOLDING_SERVO_ON,A1_HOLDING_SERVO_ON_R01_20260611_122911,delta-asda-b3-e,1616,VE|SOD|TR,1,0,7484,0,0,0.0,0,0.0,301,47,4270,2391,6000,,0,,,,holding,normal,0,no_load,none,"A1: Servo ON, shaft stationary",servo-app/lab-0.1
1781155868.5225165,116.2958824634552,A1_HOLDING_SERVO_ON,A1_HOLDING_SERVO_ON_R01_20260611_122911,delta-asda-b3-e,1616,VE|SOD|TR,1,0,7484,0,0,0.0,0,0.0,300,47,4270,2391,6000,,0,,,,holding,normal,0,no_load,none,"A1: Servo ON, shaft stationary",servo-app/lab-0.1
1781155868.6232398,116.39660573005676,A1_HOLDING_SERVO_ON,A1_HOLDING_SERVO_ON_R01_20260611_122911,delta-asda-b3-e,1616,VE|SOD|TR,1,0,7480,0,0,0.0,0,0.0,300,47,4270,2391,6000,,0,,,,holding,normal,0,no_load,none,"A1: Servo ON, shaft stationary",servo-app/lab-0.1
1781155868.723438,116.49680399894714,A1_HOLDING_SERVO_ON,A1_HOLDING_SERVO_ON_R01_20260611_122911,delta-asda-b3-e,1616,VE|SOD|TR,1,0,7484,0,0,0.0,0,0.0,300,47,4270,2391,6000,,0,,,,holding,normal,0,no_load,none,"A1: Servo ON, shaft stationary",servo-app/lab-0.1
1781155868.8238692,116.5972352027893,A1_HOLDING_SERVO_ON,A1_HOLDING_SERVO_ON_R01_20260611_122911,delta-asda-b3-e,1616,VE|SOD|TR,1,0,7484,0,0,0.0,0,0.0,300,47,4270,2391,6000,,0,,,,holding,normal,0,no_load,none,"A1: Servo ON, shaft stationary",servo-app/lab-0.1
1781155868.9241412,116.69750714302063,A1_HOLDING_SERVO_ON,A1_HOLDING_SERVO_ON_R01_20260611_122911,delta-asda-b3-e,1616,VE|SOD|TR,1,0,7480,0,0,0.0,0,0.0,301,47,4270,2391,6000,,0,,,,holding,normal,0,no_load,none,"A1: Servo ON, shaft stationary",servo-app/lab-0.1
1781155869.0246358,116.79800176620483,A1_HOLDING_SERVO_ON,A1_HOLDING_SERVO_ON_R01_20260611_122911,delta-asda-b3-e,1616,VE|SOD|TR,1,0,7484,0,0,0.0,0,0.0,300,47,4270,2391,6000,,0,,,,holding,normal,0,no_load,none,"A1: Servo ON, shaft stationary",servo-app/lab-0.1
1781155869.1246793,116.89804530143738,A1_HOLDING_SERVO_ON,A1_HOLDING_SERVO_ON_R01_20260611_122911,delta-asda-b3-e,1616,VE|SOD|TR,1,0,7484,0,0,0.0,0,0.0,300,47,4270,2391,6000,,0,,,,holding,normal,0,no_load,none,"A1: Servo ON, shaft stationary",servo-app/lab-0.1
1781155869.225275,116.99864101409912,A1_HOLDING_SERVO_ON,A1_HOLDING_SERVO_ON_R01_20260611_122911,delta-asda-b3-e,1616,VE|SOD|TR,1,0,7470,0,0,0.0,0,0.0,300,47,4270,2391,6000,,0,,,,holding,normal,0,no_load,none,"A1: Servo ON, shaft stationary",servo-app/lab-0.1
1781155869.325612,117.09897804260254,A1_HOLDING_SERVO_ON,A1_HOLDING_SERVO_ON_R01_20260611_122911,delta-asda-b3-e,1616,VE|SOD|TR,1,0,7480,0,0,0.0,0,0.0,301,47,4270,2391,6000,,0,,,,holding,normal,0,no_load,none,"A1: Servo ON, shaft stationary",servo-app/lab-0.1
1781155869.4265392,117.19990515708923,A1_HOLDING_SERVO_ON,A1_HOLDING_SERVO_ON_R01_20260611_122911,delta-asda-b3-e,1616,VE|SOD|TR,1,0,7478,0,0,0.0,0,0.0,300,47,4270,2391,6000,,0,,,,holding,normal,0,no_load,none,"A1: Servo ON, shaft stationary",servo-app/lab-0.1
1781155869.5267863,117.30015230178833,A1_HOLDING_SERVO_ON,A1_HOLDING_SERVO_ON_R01_20260611_122911,delta-asda-b3-e,1616,VE|SOD|TR,1,0,7484,0,0,0.0,0,0.0,300,47,4270,2391,6000,,0,,,,holding,normal,0,no_load,none,"A1: Servo ON, shaft stationary",servo-app/lab-0.1
1781155869.6270459,117.40041184425354,A1_HOLDING_SERVO_ON,A1_HOLDING_SERVO_ON_R01_20260611_122911,delta-asda-b3-e,1616,VE|SOD|TR,1,0,7478,0,0,0.0,0,0.0,301,47,4270,2391,6000,,0,,,,holding,normal,0,no_load,none,"A1: Servo ON, shaft stationary",servo-app/lab-0.1
1781155869.72735,117.50071597099304,A1_HOLDING_SERVO_ON,A1_HOLDING_SERVO_ON_R01_20260611_122911,delta-asda-b3-e,1616,VE|SOD|TR,1,0,7484,0,0,0.0,0,0.0,300,47,4270,2391,6000,,0,,,,holding,normal,0,no_load,none,"A1: Servo ON, shaft stationary",servo-app/lab-0.1
1781155869.8276188,117.60098481178284,A1_HOLDING_SERVO_ON,A1_HOLDING_SERVO_ON_R01_20260611_122911,delta-asda-b3-e,1616,VE|SOD|TR,1,0,7484,0,0,0.0,0,0.0,301,47,4270,2391,6000,,0,,,,holding,normal,0,no_load,none,"A1: Servo ON, shaft stationary",servo-app/lab-0.1
1781155869.927803,117.70116901397705,A1_HOLDING_SERVO_ON,A1_HOLDING_SERVO_ON_R01_20260611_122911,delta-asda-b3-e,1616,VE|SOD|TR,1,0,7484,0,0,0.0,0,0.0,301,47,4270,2391,6000,,0,,,,holding,normal,0,no_load,none,"A1: Servo ON, shaft stationary",servo-app/lab-0.1
1781155870.0280418,117.80140781402588,A1_HOLDING_SERVO_ON,A1_HOLDING_SERVO_ON_R01_20260611_122911,delta-asda-b3-e,1616,VE|SOD|TR,1,0,7484,0,0,0.0,0,0.0,300,47,4270,2391,6000,,0,,,,holding,normal,0,no_load,none,"A1: Servo ON, shaft stationary",servo-app/lab-0.1
1781155870.1282876,117.9016535282135,A1_HOLDING_SERVO_ON,A1_HOLDING_SERVO_ON_R01_20260611_122911,delta-asda-b3-e,1616,VE|SOD|TR,1,0,7484,0,0,0.0,0,0.0,301,47,4270,2391,6000,,0,,,,holding,normal,0,no_load,none,"A1: Servo ON, shaft stationary",servo-app/lab-0.1
1781155870.228916,118.00228190422058,A1_HOLDING_SERVO_ON,A1_HOLDING_SERVO_ON_R01_20260611_122911,delta-asda-b3-e,1616,VE|SOD|TR,1,0,7478,0,0,0.0,0,0.0,301,47,4270,2391,6000,,0,,,,holding,normal,0,no_load,none,"A1: Servo ON, shaft stationary",servo-app/lab-0.1
1781155870.3292265,118.10259246826172,A1_HOLDING_SERVO_ON,A1_HOLDING_SERVO_ON_R01_20260611_122911,delta-asda-b3-e,1616,VE|SOD|TR,1,0,7478,0,0,0.0,0,0.0,301,47,4270,2391,6000,,0,,,,holding,normal,0,no_load,none,"A1: Servo ON, shaft stationary",servo-app/lab-0.1
1781155870.4296556,118.20302152633667,A1_HOLDING_SERVO_ON,A1_HOLDING_SERVO_ON_R01_20260611_122911,delta-asda-b3-e,1616,VE|SOD|TR,1,0,7484,0,0,0.0,0,0.0,301,47,4270,2391,6000,,0,,,,holding,normal,0,no_load,none,"A1: Servo ON, shaft stationary",servo-app/lab-0.1
1781155870.5302517,118.30361771583557,A1_HOLDING_SERVO_ON,A1_HOLDING_SERVO_ON_R01_20260611_122911,delta-asda-b3-e,1616,VE|SOD|TR,1,0,7484,0,0,0.0,0,0.0,300,47,4270,2391,6000,,0,,,,holding,normal,0,no_load,none,"A1: Servo ON, shaft stationary",servo-app/lab-0.1
1781155870.6383834,118.41174936294556,A1_HOLDING_SERVO_ON,A1_HOLDING_SERVO_ON_R01_20260611_122911,delta-asda-b3-e,1616,VE|SOD|TR,1,0,7484,0,0,0.0,0,0.0,300,47,4270,2391,6000,,0,,,,holding,normal,0,no_load,none,"A1: Servo ON, shaft stationary",servo-app/lab-0.1
1781155870.7389197,118.5122857093811,A1_HOLDING_SERVO_ON,A1_HOLDING_SERVO_ON_R01_20260611_122911,delta-asda-b3-e,1616,VE|SOD|TR,1,0,7474,0,0,0.0,0,0.0,300,47,4270,2391,6000,,0,,,,holding,normal,0,no_load,none,"A1: Servo ON, shaft stationary",servo-app/lab-0.1
1781155870.839173,118.61253905296326,A1_HOLDING_SERVO_ON,A1_HOLDING_SERVO_ON_R01_20260611_122911,delta-asda-b3-e,1616,VE|SOD|TR,1,0,7478,0,0,0.0,0,0.0,300,47,4270,2391,6000,,0,,,,holding,normal,0,no_load,none,"A1: Servo ON, shaft stationary",servo-app/lab-0.1
1781155870.9396126,118.71297860145569,A1_HOLDING_SERVO_ON,A1_HOLDING_SERVO_ON_R01_20260611_122911,delta-asda-b3-e,1616,VE|SOD|TR,1,0,7484,0,0,0.0,0,0.0,300,47,4270,2391,6000,,0,,,,holding,normal,0,no_load,none,"A1: Servo ON, shaft stationary",servo-app/lab-0.1
1781155871.0396664,118.81303238868713,A1_HOLDING_SERVO_ON,A1_HOLDING_SERVO_ON_R01_20260611_122911,delta-asda-b3-e,1616,VE|SOD|TR,1,0,7474,0,0,0.0,0,0.0,300,47,4270,2391,6000,,0,,,,holding,normal,0,no_load,none,"A1: Servo ON, shaft stationary",servo-app/lab-0.1
1781155871.1400602,118.91342616081238,A1_HOLDING_SERVO_ON,A1_HOLDING_SERVO_ON_R01_20260611_122911,delta-asda-b3-e,1616,VE|SOD|TR,1,0,7484,0,0,0.0,0,0.0,300,47,4270,2391,6000,,0,,,,holding,normal,0,no_load,none,"A1: Servo ON, shaft stationary",servo-app/lab-0.1
1781155871.240327,119.01369285583496,A1_HOLDING_SERVO_ON,A1_HOLDING_SERVO_ON_R01_20260611_122911,delta-asda-b3-e,1616,VE|SOD|TR,1,0,7480,0,0,0.0,0,0.0,301,47,4270,2391,6000,,0,,,,holding,normal,0,no_load,none,"A1: Servo ON, shaft stationary",servo-app/lab-0.1
1781155871.3407826,119.11414861679077,A1_HOLDING_SERVO_ON,A1_HOLDING_SERVO_ON_R01_20260611_122911,delta-asda-b3-e,1616,VE|SOD|TR,1,0,7484,0,0,0.0,0,0.0,300,47,4270,2391,6000,,0,,,,holding,normal,0,no_load,none,"A1: Servo ON, shaft stationary",servo-app/lab-0.1
1781155871.4408624,119.21422839164734,A1_HOLDING_SERVO_ON,A1_HOLDING_SERVO_ON_R01_20260611_122911,delta-asda-b3-e,1616,VE|SOD|TR,1,0,7484,0,0,0.0,0,0.0,300,47,4270,2391,6000,,0,,,,holding,normal,0,no_load,none,"A1: Servo ON, shaft stationary",servo-app/lab-0.1
1781155871.541158,119.314523935318,A1_HOLDING_SERVO_ON,A1_HOLDING_SERVO_ON_R01_20260611_122911,delta-asda-b3-e,1616,VE|SOD|TR,1,0,7484,0,0,0.0,0,0.0,300,47,4270,2391,6000,,0,,,,holding,normal,0,no_load,none,"A1: Servo ON, shaft stationary",servo-app/lab-0.1
1781155871.6412706,119.41463661193848,A1_HOLDING_SERVO_ON,A1_HOLDING_SERVO_ON_R01_20260611_122911,delta-asda-b3-e,1616,VE|SOD|TR,1,0,7474,0,0,0.0,0,0.0,300,47,4270,2391,6000,,0,,,,holding,normal,0,no_load,none,"A1: Servo ON, shaft stationary",servo-app/lab-0.1
1781155871.741709,119.51507496833801,A1_HOLDING_SERVO_ON,A1_HOLDING_SERVO_ON_R01_20260611_122911,delta-asda-b3-e,1616,VE|SOD|TR,1,0,7480,0,0,0.0,0,0.0,300,47,4270,2391,6000,,0,,,,holding,normal,0,no_load,none,"A1: Servo ON, shaft stationary",servo-app/lab-0.1
1781155871.8417695,119.61513543128967,A1_HOLDING_SERVO_ON,A1_HOLDING_SERVO_ON_R01_20260611_122911,delta-asda-b3-e,1616,VE|SOD|TR,1,0,7474,0,0,0.0,0,0.0,300,47,4270,2391,6000,,0,,,,holding,normal,0,no_load,none,"A1: Servo ON, shaft stationary",servo-app/lab-0.1
1781155871.9419844,119.71535038948059,A1_HOLDING_SERVO_ON,A1_HOLDING_SERVO_ON_R01_20260611_122911,delta-asda-b3-e,1616,VE|SOD|TR,1,0,7484,0,0,0.0,0,0.0,300,47,4270,2391,6000,,0,,,,holding,normal,0,no_load,none,"A1: Servo ON, shaft stationary",servo-app/lab-0.1
1781155872.0423927,119.81575870513916,A1_HOLDING_SERVO_ON,A1_HOLDING_SERVO_ON_R01_20260611_122911,delta-asda-b3-e,1616,VE|SOD|TR,1,0,7484,0,0,0.0,0,0.0,300,47,4270,2391,6000,,0,,,,holding,normal,0,no_load,none,"A1: Servo ON, shaft stationary",servo-app/lab-0.1
1781155872.142582,119.91594791412354,A1_HOLDING_SERVO_ON,A1_HOLDING_SERVO_ON_R01_20260611_122911,delta-asda-b3-e,1616,VE|SOD|TR,1,0,7480,0,0,0.0,0,0.0,300,47,4270,2391,6000,,0,,,,holding,normal,0,no_load,none,"A1: Servo ON, shaft stationary",servo-app/lab-0.1
